timestamp_ms,open,high,low,close,volume
1782549000000,1582.88,1583.1,1582.62,1583.04,34.76
1782549060000,1583.04,1583.04,1582.52,1582.53,25.15
1782549120000,1582.53,1582.56,1582.46,1582.53,123.16
1782549180000,1582.53,1582.68,1582.4,1582.4,20.49
1782549240000,1582.4,1582.54,1582.33,1582.5,70.24
1782549300000,1582.49,1583.0,1582.49,1582.91,81.0
1782549360000,1582.91,1583.18,1581.53,1581.55,146.57
1782549420000,1581.55,1582.18,1581.34,1582.17,55.59
1782549480000,1582.18,1582.18,1581.57,1581.58,79.61
1782549540000,1581.58,1581.59,1581.29,1581.52,31.01
1782549600000,1581.51,1581.52,1581.24,1581.25,35.49
1782549660000,1581.24,1581.94,1580.91,1581.86,85.66
1782549720000,1581.85,1582.13,1581.84,1582.1,754.85
1782549780000,1582.1,1582.11,1580.97,1581.02,26.07
1782549840000,1581.02,1581.05,1580.97,1581.03,25.15
1782549900000,1581.04,1581.66,1581.03,1581.42,78.41
1782549960000,1581.42,1581.79,1581.4,1581.73,48.45
1782550020000,1581.75,1582.1,1581.69,1581.69,48.89
1782550080000,1581.69,1581.98,1581.6,1581.98,28.73
1782550140000,1581.98,1582.0,1581.6,1581.65,35.45
1782550200000,1581.64,1582.04,1581.59,1582.02,45.44
1782550260000,1582.01,1582.58,1582.01,1582.42,49.01
1782550320000,1582.4,1584.28,1582.36,1584.27,85.98
1782550380000,1584.28,1584.42,1583.75,1583.78,69.64
1782550440000,1583.84,1584.75,1583.81,1583.82,41.27
1782550500000,1583.82,1583.83,1582.86,1583.19,72.58
1782550560000,1583.19,1583.64,1583.05,1583.63,68.18
1782550620000,1583.63,1583.64,1583.34,1583.35,22.41
1782550680000,1583.35,1583.51,1583.17,1583.5,28.48
1782550740000,1583.5,1583.51,1583.3,1583.31,60.9
1782550800000,1583.31,1583.32,1583.09,1583.14,53.17
1782550860000,1583.13,1583.14,1582.18,1582.19,61.48
1782550920000,1582.18,1582.38,1582.14,1582.2,26.04
1782550980000,1582.2,1582.93,1582.12,1582.6,29.01
1782551040000,1582.6,1583.05,1582.6,1582.99,28.53
1782551100000,1582.99,1583.31,1582.94,1583.27,39.66
1782551160000,1583.28,1583.83,1583.24,1583.58,63.55
1782551220000,1583.58,1584.0,1583.29,1583.52,40.57
1782551280000,1583.51,1583.78,1583.12,1583.13,30.34
1782551340000,1583.14,1583.14,1582.8,1582.81,40.74
1782551400000,1582.81,1582.81,1581.06,1581.36,81.93
1782551460000,1581.36,1581.58,1580.01,1580.13,267.46
1782551520000,1580.12,1580.39,1580.05,1580.33,539.87
1782551580000,1580.32,1580.33,1579.38,1579.63,239.88
1782551640000,1579.64,1580.07,1579.34,1579.88,76.9
1782551700000,1579.87,1579.87,1578.56,1578.85,121.25
1782551760000,1578.78,1579.74,1578.78,1579.32,33.19
1782551820000,1579.32,1579.32,1578.59,1578.94,37.59
1782551880000,1578.94,1579.67,1578.84,1579.67,56.12
1782551940000,1579.62,1579.64,1579.29,1579.57,72.88
1782552000000,1579.57,1580.34,1579.56,1580.02,66.35
1782552060000,1580.02,1580.07,1579.92,1579.94,32.43
1782552120000,1579.93,1579.93,1579.01,1579.07,59.66
1782552180000,1579.07,1579.11,1578.85,1579.05,62.8
1782552240000,1579.05,1579.48,1579.0,1579.01,116.47
1782552300000,1579.0,1579.77,1578.98,1579.71,24.91
1782552360000,1579.7,1580.13,1579.69,1580.0,723.46
1782552420000,1580.0,1580.47,1579.95,1580.28,143.13
1782552480000,1580.27,1580.29,1579.83,1579.84,228.83
1782552540000,1579.84,1579.95,1579.8,1579.93,19.71
1782552600000,1579.94,1580.15,1579.93,1580.15,93.1
1782552660000,1580.14,1581.31,1580.14,1581.31,202.53
1782552720000,1581.3,1581.9,1581.1,1581.79,88.38
1782552780000,1581.79,1582.3,1581.7,1581.71,26.56
1782552840000,1581.71,1581.71,1581.16,1581.36,53.67
1782552900000,1581.37,1581.66,1581.23,1581.23,58.2
1782552960000,1581.23,1581.42,1581.17,1581.17,27.01
1782553020000,1581.17,1581.17,1580.69,1581.06,45.01
1782553080000,1581.05,1581.23,1580.95,1581.11,28.38
1782553140000,1581.11,1581.13,1580.92,1581.02,26.51
1782553200000,1581.02,1581.25,1580.93,1581.24,62.78
1782553260000,1581.25,1581.89,1581.24,1581.4,71.3
1782553320000,1581.39,1581.4,1581.18,1581.18,27.5
1782553380000,1581.17,1581.19,1581.0,1581.03,21.68
1782553440000,1581.04,1581.22,1580.94,1580.94,33.22
1782553500000,1580.94,1581.85,1580.94,1581.48,91.68
1782553560000,1581.48,1581.7,1581.15,1581.45,21.86
1782553620000,1581.45,1581.46,1580.64,1581.13,83.41
1782553680000,1581.14,1581.38,1581.13,1581.33,32.67
1782553740000,1581.34,1581.34,1581.0,1581.04,27.16
1782553800000,1581.04,1581.25,1580.99,1581.24,23.39
1782553860000,1581.25,1581.5,1581.24,1581.28,32.67
1782553920000,1581.28,1581.28,1580.82,1580.85,31.59
1782553980000,1580.86,1580.86,1580.59,1580.59,55.85
1782554040000,1580.59,1581.04,1580.59,1581.03,44.48
1782554100000,1581.05,1581.27,1581.04,1581.13,23.07
1782554160000,1581.12,1581.33,1581.12,1581.32,39.59
1782554220000,1581.33,1581.6,1581.32,1581.6,79.7
1782554280000,1581.6,1581.74,1581.59,1581.74,31.48
1782554340000,1581.74,1582.19,1581.73,1581.98,40.13
1782554400000,1581.99,1582.22,1581.73,1582.21,30.61
1782554460000,1582.22,1582.91,1581.84,1581.84,71.01
1782554520000,1581.84,1581.84,1581.41,1581.73,65.61
1782554580000,1581.68,1581.68,1581.18,1581.55,65.97
1782554640000,1581.54,1582.07,1581.53,1582.06,24.46
1782554700000,1582.06,1582.23,1582.06,1582.23,58.21
1782554760000,1582.22,1582.37,1581.97,1581.97,43.13
1782554820000,1581.97,1582.12,1581.92,1582.11,33.78
1782554880000,1582.11,1582.48,1582.08,1582.09,50.61
1782554940000,1582.09,1582.09,1581.8,1581.81,33.99
1782555000000,1581.81,1582.45,1581.8,1582.43,32.61
1782555060000,1582.44,1582.82,1582.44,1582.74,62.18
1782555120000,1582.74,1583.23,1582.66,1583.15,39.56
1782555180000,1583.16,1583.16,1582.74,1582.75,23.22
1782555240000,1582.75,1583.05,1582.74,1583.04,42.41
1782555300000,1583.05,1583.05,1582.49,1582.5,31.21
1782555360000,1582.5,1582.56,1582.37,1582.55,78.09
1782555420000,1582.55,1582.98,1582.53,1582.98,24.6
1782555480000,1582.97,1582.99,1582.44,1582.84,93.6
1782555540000,1582.84,1583.39,1582.83,1583.1,54.76
1782555600000,1583.09,1583.67,1583.09,1583.28,91.68
1782555660000,1583.29,1583.5,1582.78,1582.99,98.34
1782555720000,1582.99,1583.42,1582.91,1583.18,12.55
1782555780000,1583.2,1583.74,1583.2,1583.67,68.12
1782555840000,1583.66,1583.78,1583.62,1583.77,36.33
1782555900000,1583.76,1583.85,1583.19,1583.36,52.55
1782555960000,1583.37,1583.58,1583.34,1583.34,24.45
1782556020000,1583.35,1583.44,1581.89,1581.89,32.17
1782556080000,1581.9,1582.22,1581.86,1582.21,24.45
1782556140000,1582.21,1582.35,1582.21,1582.27,84.11
1782556200000,1582.27,1582.27,1581.68,1581.91,72.72
1782556260000,1581.91,1581.93,1581.32,1581.58,54.29
1782556320000,1581.58,1581.73,1581.41,1581.71,37.44
1782556380000,1581.71,1582.05,1581.68,1582.05,65.74
1782556440000,1582.04,1582.31,1581.82,1582.28,66.13
1782556500000,1582.28,1582.45,1582.28,1582.43,20.36
1782556560000,1582.44,1582.64,1582.25,1582.34,22.03
1782556620000,1582.35,1582.71,1582.34,1582.7,37.12
1782556680000,1582.7,1582.71,1582.47,1582.55,29.76
1782556740000,1582.55,1583.04,1582.54,1583.03,31.59
1782556800000,1583.04,1583.22,1583.03,1583.22,23.38
1782556860000,1583.22,1583.22,1582.67,1583.03,37.99
1782556920000,1583.03,1583.17,1583.03,1583.04,33.02
1782556980000,1583.03,1583.09,1582.96,1583.07,63.18
1782557040000,1583.07,1583.62,1582.71,1583.53,23.99
1782557100000,1583.54,1583.68,1583.54,1583.67,80.36
1782557160000,1583.68,1583.68,1583.42,1583.52,30.5
1782557220000,1583.51,1583.52,1583.3,1583.36,73.99
1782557280000,1583.36,1583.6,1583.35,1583.6,37.08
1782557340000,1583.6,1584.13,1583.59,1583.68,78.11
1782557400000,1583.67,1584.37,1582.41,1582.52,73.03
1782557460000,1582.52,1582.52,1582.34,1582.34,78.25
1782557520000,1582.34,1582.38,1582.12,1582.36,28.81
1782557580000,1582.35,1582.49,1582.3,1582.49,29.78
1782557640000,1582.48,1582.51,1582.33,1582.39,30.93
1782557700000,1582.38,1582.73,1582.38,1582.71,23.59
1782557760000,1582.72,1582.91,1582.58,1582.9,70.03
1782557820000,1582.91,1582.99,1582.87,1582.99,25.85
1782557880000,1582.99,1583.42,1582.98,1583.39,29.84
1782557940000,1583.4,1583.42,1583.37,1583.37,70.01
1782558000000,1583.38,1583.38,1583.37,1583.37,31.54
1782558060000,1583.38,1583.38,1582.91,1583.31,58.1
1782558120000,1583.3,1583.72,1583.3,1583.72,15.37
1782558180000,1583.71,1584.41,1583.71,1584.4,333.45
1782558240000,1584.4,1584.4,1583.71,1583.82,26.08
1782558300000,1583.81,1583.82,1581.23,1581.61,42.7
1782558360000,1581.6,1581.83,1581.6,1581.82,52.84
1782558420000,1581.83,1581.86,1581.65,1581.66,31.77
1782558480000,1581.66,1581.91,1581.65,1581.89,28.65
1782558540000,1581.9,1582.7,1581.89,1582.7,36.99
1782558600000,1582.77,1582.77,1582.15,1582.35,30.09
1782558660000,1582.36,1582.74,1582.19,1582.53,114.3
1782558720000,1582.55,1582.98,1582.55,1582.97,32.41
1782558780000,1582.96,1583.44,1582.92,1583.05,28.75
1782558840000,1583.06,1583.21,1582.98,1583.16,24.99
1782558900000,1583.15,1583.16,1581.98,1581.99,72.3
1782558960000,1581.99,1582.16,1580.59,1580.89,63.81
1782559020000,1580.89,1581.39,1580.82,1581.0,28.65
1782559080000,1581.01,1581.01,1580.14,1580.38,366.68
1782559140000,1580.38,1580.69,1580.19,1580.58,51.69
1782559200000,1580.58,1580.91,1580.45,1580.9,54.71
1782559260000,1580.9,1581.31,1580.85,1580.93,305.32
1782559320000,1580.94,1581.3,1580.88,1581.2,44.4
1782559380000,1581.2,1581.6,1581.05,1581.05,31.51
1782559440000,1581.06,1581.39,1580.88,1581.39,29.09
1782559500000,1581.37,1581.38,1580.96,1581.02,26.53
1782559560000,1581.03,1581.03,1580.28,1580.6,34.29
1782559620000,1580.61,1580.61,1579.26,1579.44,535.48
1782559680000,1579.44,1579.68,1578.6,1579.35,175.51
1782559740000,1579.35,1579.8,1579.23,1579.6,60.83
1782559800000,1579.6,1579.92,1579.29,1579.87,34.07
1782559860000,1579.93,1579.93,1579.58,1579.79,31.33
1782559920000,1579.79,1579.97,1579.75,1579.97,33.91
1782559980000,1579.97,1580.26,1579.96,1580.05,72.05
1782560040000,1580.1,1580.75,1579.97,1580.74,963.8
1782560100000,1580.74,1580.77,1579.52,1579.99,64.58
1782560160000,1579.99,1580.47,1579.05,1579.62,30.94
1782560220000,1579.62,1579.63,1577.99,1578.05,1006.14
1782560280000,1578.01,1579.11,1578.0,1578.5,348.28
1782560340000,1578.51,1579.66,1578.51,1579.61,44.13
1782560400000,1579.6,1579.62,1578.64,1579.29,71.44
1782560460000,1579.29,1579.61,1579.1,1579.54,92.76
1782560520000,1579.48,1579.83,1579.29,1579.83,461.01
1782560580000,1579.83,1580.41,1579.81,1580.35,41.1
1782560640000,1580.36,1580.41,1580.18,1580.39,39.31
1782560700000,1580.36,1583.91,1580.36,1583.32,375.7
1782560760000,1583.44,1583.89,1582.82,1583.15,76.29
1782560820000,1583.14,1583.54,1583.06,1583.51,136.72
1782560880000,1583.52,1584.04,1583.27,1583.42,106.29
1782560940000,1583.42,1583.67,1583.11,1583.29,67.77
1782561000000,1583.28,1583.28,1582.26,1582.36,74.21
1782561060000,1582.36,1582.64,1582.24,1582.51,19.59
1782561120000,1582.51,1582.52,1582.39,1582.4,24.25
1782561180000,1582.4,1582.72,1582.19,1582.66,30.4
1782561240000,1582.67,1582.8,1582.47,1582.79,21.19
1782561300000,1582.79,1583.1,1582.76,1582.77,105.04
1782561360000,1582.78,1583.05,1582.75,1582.76,26.36
1782561420000,1582.75,1583.02,1582.72,1582.96,29.64
1782561480000,1582.95,1583.34,1582.95,1582.97,26.07
1782561540000,1582.98,1583.16,1582.93,1583.09,29.34
1782561600000,1583.1,1583.16,1582.7,1582.89,31.18
1782561660000,1582.9,1583.25,1582.79,1582.92,23.77
1782561720000,1582.93,1582.93,1582.39,1582.41,619.45
1782561780000,1582.42,1582.49,1582.21,1582.49,26.37
1782561840000,1582.49,1583.06,1582.47,1583.03,28.25
1782561900000,1583.04,1583.05,1582.83,1582.97,22.34
1782561960000,1582.96,1583.03,1582.37,1582.47,22.85
1782562020000,1582.48,1582.5,1582.05,1582.35,29.34
1782562080000,1582.35,1582.53,1582.34,1582.44,23.71
1782562140000,1582.44,1582.57,1582.09,1582.16,24.58
1782562200000,1582.17,1582.3,1581.79,1581.94,24.6
1782562260000,1581.94,1581.95,1580.65,1581.22,74.55
1782562320000,1581.21,1581.59,1581.18,1581.31,27.23
1782562380000,1581.3,1581.79,1581.3,1581.6,32.23
1782562440000,1581.6,1581.82,1581.6,1581.82,22.28
1782562500000,1581.81,1582.01,1581.81,1581.99,25.99
1782562560000,1581.99,1582.21,1581.99,1582.08,33.06
1782562620000,1582.08,1582.4,1582.07,1582.4,64.4
1782562680000,1582.39,1583.03,1582.22,1582.22,232.93
1782562740000,1582.22,1582.25,1582.13,1582.2,24.34
1782562800000,1582.2,1583.3,1582.1,1582.66,42.45
1782562860000,1582.67,1583.64,1582.67,1583.4,245.68
1782562920000,1583.4,1583.41,1582.41,1582.67,54.56
1782562980000,1582.67,1582.71,1582.24,1582.41,34.21
1782563040000,1582.41,1583.3,1582.41,1582.69,24.81
1782563100000,1582.7,1582.89,1582.69,1582.87,204.59
1782563160000,1582.86,1582.87,1582.59,1582.66,87.81
1782563220000,1582.66,1582.7,1582.48,1582.48,22.84
1782563280000,1582.48,1582.53,1582.42,1582.53,24.84
1782563340000,1582.53,1583.23,1582.52,1583.23,26.26
1782563400000,1583.23,1583.81,1583.22,1583.8,41.33
1782563460000,1583.81,1584.83,1583.8,1584.38,473.67
1782563520000,1584.39,1584.39,1584.0,1584.09,335.08
1782563580000,1584.09,1584.1,1583.38,1583.38,45.45
1782563640000,1583.38,1583.39,1582.61,1582.86,38.36
1782563700000,1582.85,1583.97,1582.24,1583.33,34.31
1782563760000,1583.34,1583.69,1583.1,1583.4,32.19
1782563820000,1583.4,1583.58,1582.26,1582.26,620.62
1782563880000,1582.27,1582.53,1582.13,1582.14,55.04
1782563940000,1582.14,1582.14,1580.89,1581.13,41.91
1782564000000,1581.18,1581.18,1580.79,1580.97,29.48
1782564060000,1580.97,1581.18,1580.81,1580.82,58.99
1782564120000,1580.83,1581.47,1580.51,1581.46,170.74
1782564180000,1581.46,1581.87,1581.37,1581.68,165.83
1782564240000,1581.69,1582.07,1581.68,1582.0,71.46
1782564300000,1582.0,1582.53,1581.99,1582.52,107.38
1782564360000,1582.53,1583.01,1582.52,1582.96,48.54
1782564420000,1582.96,1583.03,1582.94,1583.02,41.81
1782564480000,1583.03,1583.03,1582.82,1583.01,26.03
1782564540000,1583.01,1583.68,1583.01,1583.68,45.91
1782564600000,1583.67,1584.22,1583.67,1584.14,57.05
1782564660000,1584.14,1584.47,1583.82,1584.1,75.25
1782564720000,1584.1,1584.46,1583.84,1583.94,45.94
1782564780000,1583.95,1584.85,1583.87,1584.72,35.58
1782564840000,1584.71,1584.92,1584.52,1584.91,185.84
1782564900000,1584.91,1585.14,1584.43,1584.44,230.75
1782564960000,1584.33,1584.4,1584.1,1584.4,34.94
1782565020000,1584.4,1585.0,1584.35,1584.99,46.35
1782565080000,1585.0,1585.68,1584.95,1584.95,93.02
1782565140000,1584.96,1585.55,1584.81,1585.13,46.69
1782565200000,1585.1,1585.22,1584.53,1584.62,57.9
1782565260000,1584.62,1584.67,1584.54,1584.55,44.22
1782565320000,1584.55,1584.83,1584.17,1584.41,146.52
1782565380000,1584.41,1587.29,1584.29,1585.63,668.73
1782565440000,1585.62,1587.77,1585.62,1586.72,256.98
1782565500000,1586.72,1587.01,1585.95,1586.45,285.73
1782565560000,1586.45,1587.49,1585.04,1585.04,154.36
1782565620000,1585.0,1585.52,1584.48,1584.55,221.05
1782565680000,1584.55,1584.55,1584.0,1584.33,121.63
1782565740000,1584.33,1585.86,1584.33,1585.86,44.19
1782565800000,1585.86,1586.4,1585.72,1586.21,76.77
1782565860000,1586.21,1586.49,1585.97,1586.07,121.34
1782565920000,1586.07,1586.07,1585.83,1585.88,106.03
1782565980000,1585.87,1586.28,1585.87,1586.27,96.5
1782566040000,1586.26,1586.27,1585.42,1585.88,103.3
1782566100000,1585.89,1585.89,1585.16,1585.16,25.82
1782566160000,1585.16,1585.68,1585.08,1585.08,76.68
1782566220000,1585.09,1585.28,1584.74,1585.22,189.84
1782566280000,1585.22,1586.7,1585.22,1585.91,179.7
1782566340000,1585.91,1587.01,1585.52,1585.54,291.17
1782566400000,1585.53,1586.58,1585.51,1586.36,57.13
1782566460000,1586.35,1587.6,1586.18,1587.08,187.17
1782566520000,1587.08,1587.09,1586.24,1586.28,74.7
1782566580000,1586.29,1586.32,1585.73,1585.74,117.16
1782566640000,1585.73,1586.13,1585.73,1586.12,151.76
1782566700000,1586.13,1586.77,1586.12,1586.67,363.09
1782566760000,1586.71,1586.88,1586.43,1586.44,71.08
1782566820000,1586.44,1586.44,1585.99,1586.07,33.14
1782566880000,1586.08,1586.67,1586.06,1586.07,176.78
1782566940000,1586.08,1586.35,1585.94,1586.0,64.62
1782567000000,1586.01,1586.01,1585.0,1585.47,31.29
1782567060000,1585.48,1585.5,1584.95,1585.32,148.58
1782567120000,1585.32,1585.34,1585.31,1585.32,35.6
1782567180000,1585.32,1585.73,1585.08,1585.71,43.57
1782567240000,1585.71,1585.97,1585.54,1585.92,22.34
1782567300000,1585.92,1585.92,1584.99,1585.49,50.9
1782567360000,1585.49,1586.81,1585.48,1586.78,101.89
1782567420000,1586.78,1587.47,1586.78,1587.18,139.51
1782567480000,1587.19,1590.48,1586.74,1588.52,817.11
1782567540000,1588.6,1591.27,1588.59,1589.22,355.94
1782567600000,1589.35,1589.97,1588.59,1589.97,86.82
1782567660000,1589.96,1589.97,1588.56,1588.96,159.23
1782567720000,1588.96,1588.99,1588.53,1588.83,44.89
1782567780000,1588.85,1589.26,1588.62,1589.04,199.76
1782567840000,1589.04,1589.83,1589.04,1589.83,144.55
1782567900000,1589.82,1591.27,1589.57,1590.65,333.46
1782567960000,1590.64,1591.47,1589.61,1590.03,265.0
1782568020000,1590.04,1591.28,1590.03,1591.24,91.48
1782568080000,1591.24,1591.24,1589.04,1589.61,139.5
1782568140000,1589.57,1590.21,1589.48,1590.08,103.94
1782568200000,1590.07,1590.2,1589.53,1590.2,36.08
1782568260000,1590.19,1590.47,1589.75,1590.03,330.14
1782568320000,1590.02,1591.1,1590.02,1590.53,43.62
1782568380000,1590.53,1591.36,1590.52,1591.08,88.97
1782568440000,1591.09,1591.09,1589.86,1590.24,276.41
1782568500000,1590.2,1590.58,1589.84,1589.84,120.25
1782568560000,1589.85,1590.56,1589.78,1590.04,117.28
1782568620000,1590.03,1590.09,1589.7,1589.7,214.26
1782568680000,1589.7,1590.4,1589.36,1590.4,278.35
1782568740000,1590.39,1592.13,1590.39,1591.32,232.42
1782568800000,1591.41,1591.92,1589.31,1589.33,131.57
1782568860000,1589.32,1590.01,1589.16,1589.6,67.5
1782568920000,1589.56,1589.63,1588.66,1589.13,85.63
1782568980000,1589.13,1589.52,1589.06,1589.22,141.93
1782569040000,1589.23,1589.48,1588.84,1588.85,28.46
1782569100000,1588.84,1588.87,1588.53,1588.7,38.68
1782569160000,1588.71,1590.1,1588.71,1589.69,123.58
1782569220000,1589.7,1590.62,1589.69,1589.87,153.02
1782569280000,1589.87,1590.24,1589.76,1590.09,44.92
1782569340000,1590.09,1591.53,1590.09,1590.98,58.88
1782569400000,1590.98,1592.29,1590.97,1591.6,438.89
1782569460000,1591.61,1591.71,1590.84,1591.31,259.09
1782569520000,1591.36,1591.87,1591.11,1591.71,125.4
1782569580000,1591.7,1597.32,1591.7,1595.46,2535.77
1782569640000,1595.42,1597.79,1595.0,1595.75,782.33
1782569700000,1595.67,1595.67,1592.75,1592.86,252.85
1782569760000,1592.84,1594.07,1592.84,1593.36,422.43
1782569820000,1593.37,1595.0,1593.0,1593.22,191.7
1782569880000,1593.15,1594.06,1593.12,1593.17,317.98
1782569940000,1593.28,1593.7,1593.1,1593.22,94.49
1782570000000,1593.23,1593.26,1591.63,1592.91,37.88
1782570060000,1592.9,1593.03,1592.01,1592.5,43.25
1782570120000,1592.49,1593.19,1592.41,1592.42,54.86
1782570180000,1592.41,1594.02,1592.36,1593.96,56.68
1782570240000,1593.96,1594.05,1593.33,1593.46,42.36
1782570300000,1593.47,1594.41,1593.37,1593.37,86.15
1782570360000,1593.37,1594.2,1592.51,1593.65,88.07
1782570420000,1593.73,1594.42,1592.84,1592.92,34.12
1782570480000,1592.92,1594.42,1592.82,1593.84,48.78
1782570540000,1593.85,1593.85,1593.33,1593.33,62.72
1782570600000,1593.33,1593.64,1592.04,1593.56,62.33
1782570660000,1593.56,1593.94,1592.8,1592.95,69.09
1782570720000,1592.94,1594.22,1592.11,1593.98,51.58
1782570780000,1593.93,1594.0,1593.22,1593.24,47.35
1782570840000,1593.25,1593.84,1593.24,1593.74,76.63
1782570900000,1593.75,1593.75,1592.55,1592.55,105.46
1782570960000,1592.56,1592.58,1591.13,1591.78,209.21
1782571020000,1591.75,1592.45,1591.05,1591.7,156.62
1782571080000,1591.69,1592.32,1591.46,1592.23,35.41
1782571140000,1592.22,1594.15,1592.22,1593.47,53.05
1782571200000,1593.48,1593.89,1593.25,1593.74,75.67
1782571260000,1593.74,1594.35,1593.66,1594.28,60.31
1782571320000,1594.28,1594.29,1592.4,1593.94,60.17
1782571380000,1593.95,1594.28,1593.71,1593.75,66.81
1782571440000,1593.68,1595.0,1593.66,1594.29,87.99
1782571500000,1594.26,1594.58,1593.85,1594.02,36.32
1782571560000,1594.02,1594.9,1594.01,1594.73,37.34
1782571620000,1594.8,1595.44,1594.61,1595.11,479.75
1782571680000,1595.16,1595.74,1595.16,1595.74,112.47
1782571740000,1595.73,1595.78,1594.84,1595.0,60.87
1782571800000,1594.99,1595.0,1593.62,1593.63,136.01
1782571860000,1593.63,1593.63,1592.92,1592.93,159.64
1782571920000,1592.92,1593.33,1592.7,1592.93,81.55
1782571980000,1592.93,1593.06,1592.79,1593.06,29.32
1782572040000,1593.06,1593.28,1592.63,1592.66,135.79
1782572100000,1592.66,1593.18,1592.59,1593.02,50.21
1782572160000,1592.99,1593.32,1592.88,1593.18,36.18
1782572220000,1593.17,1593.63,1593.04,1593.21,76.43
1782572280000,1593.21,1593.49,1593.07,1593.48,29.69
1782572340000,1593.48,1593.76,1593.47,1593.75,85.23
1782572400000,1593.76,1594.07,1592.4,1593.61,165.37
1782572460000,1593.61,1594.09,1593.36,1593.96,48.19
1782572520000,1593.98,1594.7,1593.98,1594.55,74.87
1782572580000,1594.54,1594.55,1593.65,1593.68,99.13
1782572640000,1593.67,1594.68,1593.06,1594.3,128.88
1782572700000,1594.29,1595.48,1594.27,1595.19,101.85
1782572760000,1595.18,1597.4,1595.18,1596.66,446.32
1782572820000,1596.67,1598.5,1596.66,1598.17,516.29
1782572880000,1598.2,1598.47,1597.37,1597.57,99.82
1782572940000,1597.56,1599.2,1597.51,1598.37,649.22
1782573000000,1598.38,1604.11,1597.89,1603.4,1423.69
1782573060000,1603.7,1605.67,1602.42,1605.03,1075.94
1782573120000,1605.03,1606.48,1604.31,1605.8,2044.29
1782573180000,1605.72,1606.24,1604.64,1606.2,1394.72
1782573240000,1606.21,1607.87,1605.99,1606.12,410.79
1782573300000,1606.12,1606.13,1605.2,1605.34,376.64
1782573360000,1605.31,1605.31,1604.0,1604.09,756.5
1782573420000,1604.12,1604.96,1602.25,1602.67,1362.65
1782573480000,1602.67,1603.39,1601.97,1602.66,255.61
1782573540000,1602.66,1602.73,1601.47,1602.03,308.38
1782573600000,1602.04,1602.05,1601.26,1601.26,162.63
1782573660000,1601.27,1601.45,1599.67,1599.68,328.24
1782573720000,1599.62,1600.56,1599.35,1599.92,145.4
1782573780000,1599.91,1600.85,1599.9,1600.67,68.69
1782573840000,1600.67,1602.26,1600.67,1602.25,131.75
1782573900000,1602.21,1602.46,1601.47,1602.21,89.04
1782573960000,1602.21,1602.41,1600.68,1600.69,41.98
1782574020000,1600.68,1600.69,1599.9,1600.25,243.02
1782574080000,1600.25,1602.07,1600.25,1601.93,458.5
1782574140000,1601.92,1601.93,1601.5,1601.5,30.95
1782574200000,1601.56,1602.42,1601.06,1601.26,326.77
1782574260000,1601.25,1601.96,1601.25,1601.68,33.92
1782574320000,1601.69,1602.76,1601.68,1602.55,162.88
1782574380000,1602.52,1605.15,1602.46,1604.21,617.87
1782574440000,1604.21,1604.8,1602.98,1603.91,103.98
1782574500000,1603.91,1603.92,1602.73,1602.74,51.6
1782574560000,1602.74,1604.16,1602.73,1603.33,34.33
1782574620000,1603.34,1607.35,1603.32,1607.35,151.3
1782574680000,1607.5,1610.38,1607.5,1608.54,1064.25
1782574740000,1608.55,1608.8,1605.72,1606.92,174.51
1782574800000,1606.92,1607.56,1605.59,1606.89,217.12
1782574860000,1606.89,1606.9,1605.78,1605.79,54.36
1782574920000,1605.79,1605.9,1605.39,1605.4,64.67
1782574980000,1605.39,1605.71,1605.0,1605.0,109.88
1782575040000,1605.0,1605.0,1604.77,1604.8,559.19
1782575100000,1604.8,1604.81,1603.32,1603.96,171.77
1782575160000,1603.96,1604.55,1603.65,1604.55,133.36
1782575220000,1604.55,1604.55,1603.94,1604.22,43.06
1782575280000,1604.18,1605.49,1604.18,1605.11,54.6
1782575340000,1605.12,1605.46,1604.93,1605.07,64.18
1782575400000,1605.06,1605.07,1603.97,1604.35,45.97
1782575460000,1604.36,1604.38,1604.05,1604.06,300.81
1782575520000,1604.06,1604.3,1603.53,1604.2,59.62
1782575580000,1604.21,1604.24,1603.52,1603.53,48.43
1782575640000,1603.5,1603.94,1603.28,1603.78,57.16
1782575700000,1603.77,1603.95,1603.18,1603.25,73.9
1782575760000,1603.24,1603.92,1603.18,1603.91,159.35
1782575820000,1603.91,1605.0,1603.58,1604.85,72.59
1782575880000,1605.0,1605.16,1604.22,1604.57,63.89
1782575940000,1604.57,1604.85,1604.38,1604.84,42.58
1782576000000,1604.84,1605.23,1603.79,1603.8,125.15
1782576060000,1603.8,1603.8,1603.12,1603.15,139.74
1782576120000,1603.14,1603.59,1602.19,1603.07,99.06
1782576180000,1603.08,1603.51,1602.85,1603.47,104.48
1782576240000,1603.48,1604.35,1603.47,1603.82,127.27
1782576300000,1603.83,1603.87,1602.98,1602.99,45.66
1782576360000,1602.98,1603.78,1602.88,1603.68,132.2
1782576420000,1603.69,1605.09,1603.66,1604.88,109.35
1782576480000,1604.88,1605.2,1604.11,1604.11,92.31
1782576540000,1604.12,1604.16,1603.8,1603.86,206.46
1782576600000,1603.87,1603.87,1603.29,1603.29,85.68
1782576660000,1603.1,1603.2,1602.26,1603.14,83.48
1782576720000,1603.14,1603.28,1602.92,1602.98,43.51
1782576780000,1602.99,1603.36,1602.95,1603.1,34.13
1782576840000,1603.1,1603.42,1603.02,1603.07,112.59
1782576900000,1603.07,1603.07,1601.23,1601.71,123.24
1782576960000,1601.69,1601.69,1601.41,1601.41,69.15
1782577020000,1601.42,1601.7,1601.22,1601.63,66.95
1782577080000,1601.63,1601.64,1600.63,1600.97,129.2
1782577140000,1601.05,1601.6,1601.04,1601.04,144.59
1782577200000,1601.04,1601.77,1600.84,1601.76,116.58
1782577260000,1601.75,1602.4,1601.75,1601.98,80.69
1782577320000,1601.97,1602.53,1601.86,1602.08,97.35
1782577380000,1602.09,1602.09,1601.13,1601.14,28.75
1782577440000,1601.13,1601.7,1601.03,1601.62,42.7
1782577500000,1601.61,1602.07,1601.61,1602.05,111.58
1782577560000,1602.06,1602.66,1601.63,1601.64,122.76
1782577620000,1601.64,1601.85,1601.59,1601.76,41.29
1782577680000,1601.76,1601.91,1601.7,1601.9,65.59
1782577740000,1601.91,1602.46,1601.9,1602.37,132.06
1782577800000,1602.37,1602.59,1602.12,1602.58,44.97
1782577860000,1602.59,1603.36,1601.88,1602.41,110.22
1782577920000,1602.4,1602.44,1601.24,1601.99,201.55
1782577980000,1601.99,1602.06,1601.79,1601.87,108.4
1782578040000,1601.86,1602.7,1601.86,1602.45,93.34
1782578100000,1602.45,1602.6,1601.85,1601.85,35.5
1782578160000,1601.86,1602.26,1601.85,1601.9,167.68
1782578220000,1601.92,1603.26,1601.92,1603.08,112.11
1782578280000,1603.08,1603.51,1603.03,1603.4,77.63
1782578340000,1603.41,1604.72,1603.4,1604.65,272.02
1782578400000,1604.65,1605.67,1604.58,1604.6,187.16
1782578460000,1604.6,1605.17,1603.91,1604.81,99.03
1782578520000,1604.82,1604.82,1604.23,1604.32,150.01
1782578580000,1604.33,1604.82,1604.23,1604.66,27.64
1782578640000,1604.67,1604.9,1604.47,1604.76,76.69
1782578700000,1604.77,1604.8,1603.43,1604.12,164.64
1782578760000,1604.16,1604.57,1604.15,1604.15,94.18
1782578820000,1604.16,1604.69,1604.16,1604.49,25.48
1782578880000,1604.48,1606.43,1604.48,1606.29,200.35
1782578940000,1606.28,1607.18,1605.74,1606.05,242.5
1782579000000,1606.05,1606.09,1605.6,1605.6,95.42
1782579060000,1605.6,1606.56,1605.6,1606.38,33.45
1782579120000,1606.37,1606.46,1605.78,1606.03,255.09
1782579180000,1606.02,1606.44,1606.02,1606.16,26.22
1782579240000,1606.16,1606.2,1605.62,1605.62,103.06
1782579300000,1605.63,1605.95,1605.48,1605.7,53.21
1782579360000,1605.71,1605.71,1604.74,1605.16,104.96
1782579420000,1605.16,1605.96,1605.16,1605.52,35.08
1782579480000,1605.52,1606.0,1605.51,1605.74,195.78
1782579540000,1605.73,1606.27,1605.64,1606.25,48.23
1782579600000,1606.25,1606.28,1605.6,1606.14,36.66
1782579660000,1606.14,1606.14,1598.51,1598.57,506.13
1782579720000,1598.58,1598.89,1592.46,1592.55,1985.28
1782579780000,1592.5,1594.83,1590.38,1593.11,787.72
1782579840000,1593.13,1593.66,1587.99,1588.64,1038.12
1782579900000,1588.65,1592.7,1588.61,1592.59,535.81
1782579960000,1592.56,1593.15,1591.68,1592.45,567.29
1782580020000,1592.44,1592.72,1591.76,1592.49,80.41
1782580080000,1592.4,1593.62,1591.92,1593.43,206.1
1782580140000,1593.48,1593.66,1592.08,1593.35,213.4
1782580200000,1593.34,1594.5,1592.0,1594.4,594.32
1782580260000,1594.39,1594.83,1594.22,1594.71,267.15
1782580320000,1594.71,1595.76,1594.21,1594.28,183.4
1782580380000,1594.29,1595.38,1594.27,1595.15,128.58
1782580440000,1595.15,1595.37,1595.08,1595.16,78.08
1782580500000,1595.15,1596.0,1592.49,1593.24,129.53
1782580560000,1593.24,1594.99,1591.55,1594.93,363.85
1782580620000,1594.93,1596.87,1594.22,1594.23,1024.23
1782580680000,1594.23,1596.2,1594.21,1595.76,90.37
1782580740000,1595.77,1596.03,1595.31,1596.03,41.18
1782580800000,1596.02,1596.22,1595.41,1595.82,102.66
1782580860000,1595.83,1596.76,1595.6,1596.53,83.17
1782580920000,1596.52,1596.54,1594.6,1594.75,449.75
1782580980000,1594.79,1595.77,1594.78,1595.4,47.64
1782581040000,1595.4,1595.99,1595.4,1595.7,113.95
1782581100000,1595.71,1595.84,1594.68,1594.77,127.65
1782581160000,1594.77,1594.89,1592.47,1592.83,159.99
1782581220000,1592.83,1593.53,1592.83,1593.52,40.48
1782581280000,1593.52,1594.31,1593.49,1593.86,29.48
1782581340000,1593.85,1594.24,1593.85,1594.07,26.06
1782581400000,1594.07,1594.68,1591.89,1592.12,180.19
1782581460000,1592.08,1592.31,1590.1,1590.17,390.88
1782581520000,1590.1,1592.58,1590.09,1591.79,86.33
1782581580000,1591.78,1592.36,1591.3,1592.1,58.52
1782581640000,1592.11,1592.75,1591.79,1592.64,79.38
1782581700000,1592.64,1593.98,1592.63,1593.96,137.5
1782581760000,1593.96,1594.58,1593.1,1594.57,44.41
1782581820000,1594.57,1594.83,1594.07,1594.5,26.37
1782581880000,1594.5,1596.0,1594.49,1595.2,756.73
1782581940000,1595.23,1595.98,1593.79,1594.07,153.49
1782582000000,1594.13,1594.53,1593.79,1594.27,83.97
1782582060000,1594.27,1594.49,1593.72,1593.73,39.68
1782582120000,1593.72,1594.6,1593.72,1594.11,35.01
1782582180000,1594.12,1594.12,1591.83,1593.36,262.96
1782582240000,1593.28,1593.77,1593.01,1593.15,36.22
1782582300000,1593.14,1593.14,1591.74,1591.74,40.88
1782582360000,1591.74,1592.79,1591.48,1592.75,41.24
1782582420000,1592.75,1592.75,1591.49,1592.0,85.76
1782582480000,1592.0,1592.55,1591.43,1591.92,42.32
1782582540000,1591.91,1592.5,1591.91,1592.25,60.6
1782582600000,1592.25,1593.3,1592.22,1592.66,47.94
1782582660000,1592.66,1593.3,1592.66,1593.02,26.77
1782582720000,1593.01,1593.77,1592.87,1593.64,55.71
1782582780000,1593.65,1593.65,1592.94,1593.1,51.62
1782582840000,1593.1,1593.46,1592.97,1593.16,49.83
1782582900000,1593.15,1593.48,1593.08,1593.47,63.71
1782582960000,1593.47,1594.23,1592.86,1592.86,25.29
1782583020000,1592.8,1592.8,1592.05,1592.31,25.25
1782583080000,1592.31,1592.82,1592.19,1592.7,40.17
1782583140000,1592.7,1592.7,1590.47,1590.47,140.28
1782583200000,1590.48,1590.9,1590.04,1590.12,105.47
1782583260000,1590.12,1590.43,1588.63,1590.15,218.41
1782583320000,1590.16,1590.57,1588.31,1588.68,197.63
1782583380000,1588.68,1590.07,1588.61,1588.78,165.42
1782583440000,1588.78,1590.22,1588.6,1590.21,79.77
1782583500000,1590.22,1590.87,1589.9,1590.11,171.51
1782583560000,1590.11,1590.12,1589.05,1590.12,119.88
1782583620000,1590.11,1591.04,1590.11,1591.04,56.0
1782583680000,1591.04,1591.86,1591.02,1591.71,289.8
1782583740000,1591.7,1592.73,1591.48,1592.7,35.46
1782583800000,1592.71,1592.71,1592.05,1592.19,42.49
1782583860000,1592.2,1592.26,1591.62,1591.76,87.28
1782583920000,1591.76,1591.81,1591.05,1591.37,64.01
1782583980000,1591.38,1591.61,1591.37,1591.47,24.23
1782584040000,1591.47,1591.52,1591.12,1591.32,53.31
1782584100000,1591.31,1592.54,1591.31,1592.53,140.37
1782584160000,1592.53,1592.87,1592.0,1592.87,90.53
1782584220000,1592.86,1592.86,1592.1,1592.22,136.59
1782584280000,1592.22,1592.56,1592.02,1592.02,32.03
1782584340000,1592.01,1592.42,1591.22,1591.22,97.17
1782584400000,1591.23,1592.35,1591.23,1591.72,85.33
1782584460000,1591.73,1591.73,1590.94,1591.1,51.52
1782584520000,1591.1,1591.1,1589.83,1590.44,143.67
1782584580000,1590.43,1591.28,1590.15,1591.26,119.01
1782584640000,1591.26,1591.58,1591.26,1591.58,41.61
1782584700000,1591.58,1591.59,1590.96,1591.21,34.05
1782584760000,1591.2,1591.41,1591.07,1591.07,31.07
1782584820000,1591.08,1591.25,1590.56,1591.24,21.44
1782584880000,1591.25,1591.37,1590.93,1591.37,30.09
1782584940000,1591.36,1592.2,1591.35,1591.93,105.72
1782585000000,1591.93,1591.93,1591.67,1591.72,32.88
1782585060000,1591.73,1592.5,1591.72,1592.18,166.08
1782585120000,1592.18,1593.08,1592.17,1593.01,137.05
1782585180000,1593.0,1593.25,1592.64,1592.74,36.07
1782585240000,1592.74,1592.75,1592.43,1592.46,151.7
1782585300000,1592.46,1593.59,1592.46,1593.59,362.36
1782585360000,1593.58,1593.65,1593.01,1593.64,95.96
1782585420000,1593.65,1593.74,1593.09,1593.41,64.57
1782585480000,1593.42,1593.66,1593.38,1593.6,27.16
1782585540000,1593.61,1593.61,1593.45,1593.56,37.84
1782585600000,1593.58,1593.68,1593.35,1593.39,25.01
1782585660000,1593.4,1593.41,1593.35,1593.37,22.42
1782585720000,1593.37,1593.37,1592.98,1592.98,48.79
1782585780000,1592.99,1593.44,1592.95,1593.14,74.81
1782585840000,1593.0,1593.23,1592.81,1593.23,62.31
1782585900000,1593.22,1593.23,1592.81,1592.82,129.92
1782585960000,1592.81,1592.82,1592.16,1592.16,26.16
1782586020000,1592.16,1592.95,1592.16,1592.5,28.34
1782586080000,1592.51,1592.51,1592.21,1592.42,25.85
1782586140000,1592.43,1592.6,1592.13,1592.52,37.02
1782586200000,1592.51,1592.52,1591.97,1592.26,20.09
1782586260000,1592.26,1592.27,1592.08,1592.17,22.39
1782586320000,1592.16,1592.23,1592.02,1592.23,25.96
1782586380000,1592.23,1592.46,1592.23,1592.43,21.11
1782586440000,1592.41,1593.49,1592.38,1593.49,268.24
1782586500000,1593.49,1593.94,1593.49,1593.94,220.86
1782586560000,1593.93,1593.95,1593.51,1593.52,39.28
1782586620000,1593.51,1593.83,1593.51,1593.83,32.85
1782586680000,1593.83,1593.83,1593.1,1593.12,22.5
1782586740000,1593.13,1593.19,1592.62,1593.14,46.4
1782586800000,1593.15,1593.38,1592.77,1593.37,23.44
1782586860000,1593.38,1593.96,1593.3,1593.86,20.6
1782586920000,1593.88,1594.34,1593.82,1594.34,62.07
1782586980000,1594.34,1594.38,1594.19,1594.21,98.32
1782587040000,1594.22,1594.22,1594.19,1594.2,67.97
1782587100000,1594.2,1594.2,1593.92,1594.06,29.34
1782587160000,1594.06,1594.3,1594.06,1594.1,93.14
1782587220000,1594.12,1594.16,1593.28,1593.45,20.43
1782587280000,1593.46,1594.27,1593.41,1594.26,25.44
1782587340000,1594.27,1594.39,1594.19,1594.19,25.94
1782587400000,1594.2,1594.2,1593.66,1594.11,46.11
1782587460000,1594.11,1594.48,1593.98,1593.99,24.34
1782587520000,1593.99,1593.99,1593.61,1593.61,31.63
1782587580000,1593.62,1594.06,1593.45,1594.06,39.91
1782587640000,1594.05,1594.06,1593.39,1593.54,24.36
1782587700000,1593.54,1593.55,1592.85,1593.09,31.08
1782587760000,1593.09,1593.33,1593.0,1593.01,26.5
1782587820000,1593.01,1593.01,1592.12,1592.13,124.9
1782587880000,1592.12,1592.62,1589.87,1589.87,283.38
1782587940000,1589.87,1591.18,1589.44,1589.44,100.92
1782588000000,1589.44,1590.33,1589.31,1589.6,70.8
1782588060000,1589.6,1589.6,1588.81,1589.09,36.67
1782588120000,1589.08,1589.48,1588.89,1589.26,40.51
1782588180000,1589.26,1589.33,1588.82,1589.12,37.07
1782588240000,1589.12,1589.57,1586.37,1586.37,263.99
1782588300000,1586.38,1586.41,1577.6,1580.81,5357.22
1782588360000,1580.97,1581.43,1577.33,1577.65,473.37
1782588420000,1577.64,1578.48,1576.57,1577.49,320.31
1782588480000,1577.43,1580.88,1577.43,1580.4,108.71
1782588540000,1580.38,1581.05,1579.69,1580.79,113.12
1782588600000,1580.81,1580.84,1574.55,1575.68,516.5
1782588660000,1575.72,1576.34,1574.03,1575.37,202.41
1782588720000,1575.4,1576.09,1574.56,1576.0,123.59
1782588780000,1576.01,1577.46,1575.91,1576.94,232.63
1782588840000,1576.93,1577.92,1576.42,1576.85,56.26
1782588900000,1576.84,1578.13,1576.84,1578.13,72.21
1782588960000,1578.13,1578.51,1574.52,1574.53,200.82
1782589020000,1574.53,1575.8,1572.24,1574.28,487.93
1782589080000,1574.28,1575.85,1574.27,1574.93,144.32
1782589140000,1574.92,1576.29,1574.92,1576.01,228.81
1782589200000,1576.0,1577.64,1576.0,1577.5,1223.11
1782589260000,1577.5,1577.51,1576.54,1576.84,400.58
1782589320000,1576.8,1577.42,1576.56,1576.83,91.22
1782589380000,1576.84,1577.85,1576.83,1577.69,111.36
1782589440000,1577.68,1577.72,1577.34,1577.4,286.81
1782589500000,1577.4,1577.41,1576.37,1577.23,30.75
1782589560000,1577.27,1579.02,1577.16,1578.03,109.6
1782589620000,1578.03,1578.04,1576.89,1577.18,50.03
1782589680000,1577.19,1577.49,1576.01,1577.48,27.06
1782589740000,1577.49,1578.94,1577.2,1578.64,42.88
1782589800000,1578.64,1578.93,1577.88,1578.08,264.14
1782589860000,1578.09,1578.62,1577.86,1578.58,72.35
1782589920000,1578.58,1578.6,1578.03,1578.34,23.82
1782589980000,1578.34,1578.81,1578.33,1578.49,33.77
1782590040000,1578.48,1578.84,1577.35,1577.36,28.35
1782590100000,1577.36,1579.0,1576.72,1577.48,1290.6
1782590160000,1577.51,1578.43,1577.0,1577.06,75.63
1782590220000,1577.06,1578.51,1577.06,1578.49,20.86
1782590280000,1578.5,1578.53,1577.47,1577.48,64.46
1782590340000,1577.47,1577.91,1577.47,1577.51,31.66
1782590400000,1577.5,1578.72,1577.5,1578.72,31.64
1782590460000,1578.75,1579.42,1578.32,1578.38,87.9
1782590520000,1578.38,1579.14,1578.37,1578.86,48.07
1782590580000,1578.95,1579.02,1578.72,1578.76,30.09
1782590640000,1578.75,1579.45,1578.67,1579.44,50.25
1782590700000,1579.45,1580.1,1579.14,1579.47,85.43
1782590760000,1579.62,1580.12,1579.41,1579.72,165.76
1782590820000,1579.72,1580.55,1579.72,1579.96,84.09
1782590880000,1579.96,1580.24,1579.87,1580.23,26.47
1782590940000,1580.23,1581.0,1580.22,1580.24,278.85
1782591000000,1580.24,1581.65,1580.04,1581.64,87.86
1782591060000,1581.64,1581.87,1581.19,1581.31,552.52
1782591120000,1581.31,1581.33,1581.23,1581.28,38.3
1782591180000,1581.29,1581.32,1580.99,1580.99,84.36
1782591240000,1581.0,1581.54,1580.66,1580.94,79.15
1782591300000,1580.93,1581.55,1580.78,1581.54,68.03
1782591360000,1581.55,1582.24,1580.34,1581.41,654.93
1782591420000,1581.41,1581.42,1580.79,1581.37,281.58
1782591480000,1581.37,1581.37,1580.37,1580.75,237.53
1782591540000,1580.74,1580.86,1580.41,1580.79,54.5
1782591600000,1580.8,1581.68,1580.54,1581.68,54.73
1782591660000,1581.68,1581.68,1580.85,1581.38,30.15
1782591720000,1581.38,1581.6,1581.29,1581.3,30.25
1782591780000,1581.29,1581.3,1580.19,1580.4,30.3
1782591840000,1580.41,1580.52,1580.11,1580.38,55.32
1782591900000,1580.37,1580.38,1579.51,1580.26,54.22
1782591960000,1580.26,1580.26,1579.93,1580.09,35.38
1782592020000,1580.08,1580.45,1580.01,1580.44,130.46
1782592080000,1580.45,1580.48,1579.99,1580.26,82.34
1782592140000,1580.27,1580.72,1580.22,1580.52,30.64
1782592200000,1580.51,1580.8,1580.08,1580.79,51.27
1782592260000,1580.8,1580.81,1580.21,1580.65,21.59
1782592320000,1580.66,1580.92,1580.15,1580.3,22.55
1782592380000,1580.3,1580.47,1580.25,1580.47,30.33
1782592440000,1580.46,1581.03,1580.46,1580.89,291.75
1782592500000,1580.89,1581.09,1580.88,1581.04,63.01
1782592560000,1581.04,1581.05,1580.76,1580.89,49.79
1782592620000,1580.89,1581.31,1580.54,1580.56,107.2
1782592680000,1580.56,1580.9,1580.33,1580.48,68.42
1782592740000,1580.49,1580.95,1580.25,1580.95,51.18
1782592800000,1580.95,1581.08,1580.77,1580.93,56.38
1782592860000,1580.94,1581.13,1580.75,1581.0,20.72
1782592920000,1581.0,1581.11,1580.74,1580.74,21.67
1782592980000,1580.72,1580.72,1579.88,1579.92,584.95
1782593040000,1579.92,1580.08,1579.91,1580.03,51.75
1782593100000,1580.03,1580.09,1580.03,1580.09,130.5
1782593160000,1580.08,1581.16,1580.08,1581.16,80.92
1782593220000,1581.19,1581.79,1581.19,1581.78,133.37
1782593280000,1581.79,1581.79,1580.7,1581.1,202.82
1782593340000,1581.09,1581.1,1580.62,1580.66,29.16
1782593400000,1580.66,1581.06,1580.64,1580.71,116.52
1782593460000,1580.73,1581.2,1580.73,1580.96,67.45
1782593520000,1580.97,1580.97,1580.54,1580.84,95.65
1782593580000,1580.85,1580.85,1579.98,1580.06,260.0
1782593640000,1580.05,1580.12,1579.9,1579.95,56.97
1782593700000,1579.94,1580.15,1579.92,1580.14,28.13
1782593760000,1580.15,1580.15,1579.54,1579.6,218.46
1782593820000,1579.6,1579.6,1579.52,1579.53,33.9
1782593880000,1579.53,1579.72,1579.41,1579.68,62.31
1782593940000,1579.68,1580.7,1579.68,1580.7,131.54
1782594000000,1580.72,1582.53,1580.72,1582.28,381.82
1782594060000,1582.28,1582.49,1581.94,1582.39,144.99
1782594120000,1582.39,1582.48,1581.88,1581.98,147.64
1782594180000,1581.98,1581.98,1581.69,1581.79,435.31
1782594240000,1581.8,1581.8,1581.02,1581.71,74.57
1782594300000,1581.74,1582.64,1581.7,1582.63,209.18
1782594360000,1582.63,1584.0,1582.63,1583.16,178.58
1782594420000,1583.15,1583.7,1583.15,1583.66,134.8
1782594480000,1583.66,1583.66,1582.51,1582.52,45.22
1782594540000,1582.52,1582.6,1582.43,1582.45,26.61
1782594600000,1582.45,1582.47,1582.45,1582.47,47.55
1782594660000,1582.46,1582.59,1582.31,1582.38,58.81
1782594720000,1582.38,1582.38,1582.24,1582.25,22.16
1782594780000,1582.23,1583.2,1581.71,1582.95,98.5
1782594840000,1582.95,1583.69,1582.94,1583.51,34.73
1782594900000,1583.41,1583.55,1583.01,1583.21,68.19
1782594960000,1583.22,1583.75,1583.01,1583.08,110.75
1782595020000,1583.08,1583.21,1582.34,1582.71,91.34
1782595080000,1582.7,1582.71,1581.95,1581.96,27.14
1782595140000,1581.96,1582.29,1581.81,1582.25,73.78
1782595200000,1582.26,1582.53,1581.88,1581.89,21.5
1782595260000,1581.89,1582.78,1581.53,1582.03,27.64
1782595320000,1582.03,1582.08,1581.4,1581.93,36.15
1782595380000,1581.94,1582.97,1581.12,1581.13,45.72
1782595440000,1581.12,1581.19,1580.39,1580.39,48.91
1782595500000,1580.4,1581.26,1580.39,1581.12,58.75
1782595560000,1581.13,1581.47,1581.08,1581.45,40.55
1782595620000,1581.45,1581.98,1581.44,1581.91,27.12
1782595680000,1581.92,1582.04,1581.79,1582.0,31.16
1782595740000,1582.0,1583.9,1581.9,1583.82,98.87
1782595800000,1583.82,1584.21,1583.64,1583.9,70.45
1782595860000,1583.91,1583.91,1582.97,1583.32,108.76
1782595920000,1583.31,1583.61,1583.3,1583.34,43.16
1782595980000,1583.33,1583.76,1583.33,1583.41,25.91
1782596040000,1583.42,1583.42,1582.7,1582.7,22.16
1782596100000,1582.7,1582.71,1581.12,1581.12,60.56
1782596160000,1581.13,1581.44,1581.11,1581.16,59.13
1782596220000,1581.16,1581.16,1580.13,1580.49,67.09
1782596280000,1580.7,1581.14,1580.61,1580.96,26.28
1782596340000,1580.97,1580.97,1579.5,1579.5,267.62
1782596400000,1579.5,1579.51,1577.75,1578.73,113.28
1782596460000,1578.73,1579.03,1578.4,1578.4,52.03
1782596520000,1578.41,1578.79,1577.69,1578.62,259.21
1782596580000,1578.62,1578.62,1577.75,1578.12,31.0
1782596640000,1578.18,1578.65,1577.14,1577.85,82.55
1782596700000,1577.85,1580.0,1577.0,1579.11,111.81
1782596760000,1578.9,1579.23,1578.26,1579.04,77.55
1782596820000,1579.04,1579.11,1578.79,1579.0,48.26
1782596880000,1578.99,1579.55,1578.0,1578.73,60.62
1782596940000,1578.73,1579.17,1578.37,1578.37,46.05
1782597000000,1578.33,1578.35,1575.62,1575.64,825.0
1782597060000,1575.53,1576.7,1574.4,1575.0,278.23
1782597120000,1575.09,1576.36,1574.0,1576.23,81.34
1782597180000,1576.23,1576.72,1575.4,1575.78,50.39
1782597240000,1575.79,1576.12,1575.2,1575.24,100.92
1782597300000,1575.17,1576.13,1574.97,1576.12,35.7
1782597360000,1576.13,1576.13,1573.51,1574.46,68.36
1782597420000,1574.39,1575.06,1574.22,1575.06,77.09
1782597480000,1575.05,1575.14,1574.48,1575.0,48.92
1782597540000,1574.99,1574.99,1574.4,1574.47,25.25
1782597600000,1574.47,1574.47,1571.65,1573.24,393.28
1782597660000,1573.32,1575.59,1573.32,1575.05,147.9
1782597720000,1575.06,1575.09,1572.17,1572.24,85.89
1782597780000,1572.26,1574.86,1572.25,1573.23,40.49
1782597840000,1573.27,1573.65,1572.8,1572.98,85.71
1782597900000,1572.98,1573.67,1572.36,1572.72,118.46
1782597960000,1572.78,1575.01,1572.63,1574.95,145.28
1782598020000,1574.94,1574.95,1574.36,1574.42,39.67
1782598080000,1574.42,1575.46,1574.06,1575.22,151.14
1782598140000,1575.22,1575.68,1574.23,1574.58,67.05
1782598200000,1574.59,1575.04,1574.26,1575.04,21.97
1782598260000,1575.04,1575.12,1574.29,1574.59,398.2
1782598320000,1574.6,1574.83,1574.56,1574.8,42.33
1782598380000,1574.79,1574.79,1574.11,1574.22,37.48
1782598440000,1574.22,1574.54,1573.74,1573.74,21.33
1782598500000,1573.75,1573.75,1568.76,1568.76,582.52
1782598560000,1568.91,1570.0,1562.04,1564.26,915.08
1782598620000,1564.47,1566.75,1563.89,1566.75,405.11
1782598680000,1566.76,1569.47,1566.75,1567.64,242.89
1782598740000,1567.63,1569.53,1567.07,1568.93,238.23
1782598800000,1568.93,1570.39,1568.18,1570.13,257.27
1782598860000,1570.17,1570.85,1569.9,1570.38,46.32
1782598920000,1570.38,1573.04,1570.13,1571.85,427.83
1782598980000,1571.85,1572.61,1571.04,1572.04,107.08
1782599040000,1572.05,1572.58,1571.87,1572.2,69.4
1782599100000,1572.2,1572.21,1571.52,1571.89,37.14
1782599160000,1571.89,1572.57,1571.89,1572.57,67.26
1782599220000,1572.58,1573.51,1572.21,1573.51,145.16
1782599280000,1573.47,1575.0,1573.29,1573.91,71.68
1782599340000,1573.9,1575.0,1573.9,1574.65,128.15
1782599400000,1574.63,1576.99,1574.33,1576.88,256.33
1782599460000,1576.85,1577.84,1575.9,1576.09,170.31
1782599520000,1576.09,1576.93,1575.74,1576.14,113.68
1782599580000,1576.13,1576.34,1575.17,1575.78,60.64
1782599640000,1575.78,1576.24,1575.17,1576.17,136.14
1782599700000,1576.18,1576.2,1575.42,1576.15,98.57
1782599760000,1576.14,1576.52,1575.79,1576.51,71.63
1782599820000,1576.52,1578.3,1576.39,1576.74,519.55
1782599880000,1576.74,1578.3,1576.5,1578.27,107.21
1782599940000,1578.26,1578.26,1576.94,1576.95,50.43
1782600000000,1576.94,1577.2,1576.89,1576.96,53.62
1782600060000,1576.97,1576.97,1576.12,1576.84,32.83
1782600120000,1576.84,1576.96,1575.53,1575.75,136.62
1782600180000,1575.77,1576.03,1575.5,1575.7,55.26
1782600240000,1575.7,1575.78,1575.12,1575.46,32.52
1782600300000,1575.46,1575.84,1575.16,1575.72,57.24
1782600360000,1575.71,1575.85,1575.51,1575.76,26.03
1782600420000,1575.77,1575.95,1575.5,1575.7,24.12
1782600480000,1575.7,1576.7,1575.69,1576.38,30.28
1782600540000,1576.38,1577.99,1576.16,1577.53,35.81
1782600600000,1577.53,1578.26,1577.25,1578.18,53.32
1782600660000,1578.18,1578.18,1577.52,1577.87,21.62
1782600720000,1577.86,1578.04,1577.5,1578.04,20.8
1782600780000,1578.04,1578.04,1577.3,1577.3,26.33
1782600840000,1577.3,1578.18,1577.3,1577.35,38.95
1782600900000,1577.35,1578.02,1577.35,1577.9,46.61
1782600960000,1577.89,1578.78,1577.86,1578.43,216.42
1782601020000,1578.44,1578.82,1578.09,1578.49,30.89
1782601080000,1578.5,1578.51,1578.08,1578.08,21.52
1782601140000,1578.09,1578.43,1578.05,1578.2,19.34
1782601200000,1578.19,1578.47,1576.89,1578.45,102.45
1782601260000,1578.45,1578.69,1578.45,1578.53,39.71
1782601320000,1578.52,1579.8,1578.45,1579.21,217.54
1782601380000,1579.17,1579.17,1578.44,1578.75,29.98
1782601440000,1578.76,1579.35,1578.74,1578.93,26.46
1782601500000,1578.93,1579.4,1578.9,1579.37,100.71
1782601560000,1579.36,1580.31,1579.18,1579.63,154.91
1782601620000,1579.62,1580.76,1579.06,1579.06,63.6
1782601680000,1579.06,1579.14,1578.93,1578.93,148.49
1782601740000,1578.94,1579.15,1578.32,1578.33,56.75
1782601800000,1578.34,1578.69,1578.18,1578.62,69.75
1782601860000,1578.61,1579.08,1578.61,1578.99,24.49
1782601920000,1578.99,1579.12,1578.78,1578.86,75.46
1782601980000,1578.86,1578.87,1574.78,1575.46,199.35
1782602040000,1575.46,1575.65,1571.97,1572.29,332.31
1782602100000,1572.22,1574.49,1571.92,1574.48,143.77
1782602160000,1574.48,1574.51,1571.22,1572.28,193.68
1782602220000,1572.29,1573.0,1571.14,1572.77,199.08
1782602280000,1572.76,1573.59,1572.66,1573.19,74.84
1782602340000,1573.22,1574.0,1572.75,1572.83,45.48
1782602400000,1572.84,1573.04,1571.92,1572.44,118.83
1782602460000,1572.45,1572.45,1570.46,1571.47,652.48
1782602520000,1571.46,1571.68,1569.74,1571.28,121.28
1782602580000,1571.27,1571.88,1571.13,1571.43,59.49
1782602640000,1571.43,1572.29,1571.43,1572.28,120.97
1782602700000,1572.28,1572.62,1571.94,1571.95,183.35
1782602760000,1571.95,1572.47,1571.89,1571.91,184.68
1782602820000,1571.91,1572.9,1571.8,1572.89,64.3
1782602880000,1572.88,1572.89,1571.03,1571.11,120.44
1782602940000,1571.12,1571.83,1571.0,1571.62,111.38
1782603000000,1571.62,1572.0,1570.5,1571.28,63.2
1782603060000,1571.27,1572.54,1571.05,1571.73,489.4
1782603120000,1571.73,1572.55,1571.27,1571.59,53.9
1782603180000,1571.58,1572.28,1571.58,1571.97,33.1
1782603240000,1572.01,1572.78,1572.0,1572.78,35.83
1782603300000,1572.79,1572.79,1571.85,1572.08,26.31
1782603360000,1572.09,1572.11,1571.53,1571.54,60.73
1782603420000,1571.54,1572.26,1571.5,1571.82,41.47
1782603480000,1571.85,1572.83,1571.85,1572.56,34.26
1782603540000,1572.57,1573.99,1572.55,1573.95,23.23
1782603600000,1573.97,1573.97,1572.91,1572.93,37.63
1782603660000,1572.93,1574.45,1572.91,1574.31,39.02
1782603720000,1574.3,1574.36,1573.96,1574.17,38.74
1782603780000,1574.16,1574.23,1573.86,1573.87,23.3
1782603840000,1573.87,1574.41,1573.86,1574.26,52.7
1782603900000,1574.27,1574.42,1573.84,1574.18,30.9
1782603960000,1574.18,1574.19,1573.29,1573.3,26.05
1782604020000,1573.4,1573.54,1572.8,1573.02,32.35
1782604080000,1573.0,1573.63,1572.87,1573.6,30.15
1782604140000,1573.6,1573.93,1573.43,1573.7,20.22
1782604200000,1573.7,1574.41,1573.06,1574.3,121.86
1782604260000,1574.27,1574.27,1573.39,1573.56,52.53
1782604320000,1573.57,1574.15,1573.34,1574.01,35.12
1782604380000,1574.01,1574.1,1573.89,1573.95,24.71
1782604440000,1573.89,1573.89,1573.1,1573.73,27.83
1782604500000,1573.74,1574.01,1573.08,1573.99,48.63
1782604560000,1573.99,1574.0,1572.42,1572.42,52.61
1782604620000,1572.42,1572.99,1572.4,1572.99,34.73
1782604680000,1572.98,1573.06,1572.8,1573.05,28.48
1782604740000,1573.06,1573.14,1572.93,1573.11,22.64
1782604800000,1573.1,1573.82,1572.1,1572.6,22.75
1782604860000,1572.6,1574.02,1572.38,1574.02,76.64
1782604920000,1574.01,1574.02,1571.82,1571.89,107.71
1782604980000,1571.88,1573.18,1571.88,1573.13,33.61
1782605040000,1573.12,1573.13,1572.5,1572.76,24.57
1782605100000,1572.75,1573.7,1572.52,1573.14,217.18
1782605160000,1573.13,1573.56,1573.01,1573.16,58.27
1782605220000,1573.16,1575.0,1573.16,1574.98,51.52
1782605280000,1575.2,1575.41,1574.13,1575.41,44.32
1782605340000,1575.41,1575.76,1575.0,1575.3,51.89
1782605400000,1575.31,1575.31,1574.84,1574.95,77.24
1782605460000,1574.95,1575.57,1574.91,1575.31,32.64
1782605520000,1575.32,1575.43,1574.51,1574.57,40.01
1782605580000,1574.59,1574.99,1574.59,1574.79,34.42
1782605640000,1574.79,1575.35,1574.55,1575.17,33.41
1782605700000,1575.17,1575.78,1575.11,1575.68,52.72
1782605760000,1575.68,1575.68,1575.0,1575.02,22.75
1782605820000,1575.01,1576.08,1575.01,1576.07,80.93
1782605880000,1576.06,1576.95,1576.06,1576.6,43.98
1782605940000,1576.6,1576.75,1576.0,1576.33,52.35
1782606000000,1576.33,1576.33,1575.8,1575.81,26.46
1782606060000,1575.81,1576.41,1575.76,1576.07,45.41
1782606120000,1576.07,1576.7,1576.03,1576.7,23.73
1782606180000,1576.7,1576.7,1575.93,1575.93,22.84
1782606240000,1575.91,1576.03,1575.13,1575.93,37.99
1782606300000,1575.9,1575.92,1575.52,1575.9,100.52
1782606360000,1575.9,1576.21,1575.75,1575.81,19.29
1782606420000,1575.81,1577.16,1575.81,1576.97,31.73
1782606480000,1576.97,1577.23,1576.92,1577.23,68.26
1782606540000,1577.22,1577.3,1576.74,1576.95,27.24
1782606600000,1576.95,1577.13,1576.19,1576.46,30.57
1782606660000,1576.46,1576.46,1576.01,1576.01,33.26
1782606720000,1576.01,1576.02,1575.77,1576.0,23.12
1782606780000,1576.01,1576.13,1575.63,1575.98,87.0
1782606840000,1575.98,1576.32,1575.87,1576.06,21.45
1782606900000,1576.05,1576.06,1575.41,1575.41,33.41
1782606960000,1575.4,1575.4,1574.74,1575.03,35.92
1782607020000,1575.03,1575.42,1573.83,1575.41,456.13
1782607080000,1575.41,1576.26,1575.33,1575.95,51.69
1782607140000,1575.94,1575.95,1575.44,1575.75,21.66
1782607200000,1575.74,1575.75,1575.14,1575.21,24.18
1782607260000,1575.21,1575.26,1574.89,1575.06,27.37
1782607320000,1575.06,1575.71,1574.91,1575.14,32.3
1782607380000,1575.15,1575.44,1574.75,1574.76,52.44
1782607440000,1574.76,1575.62,1574.71,1575.56,18.28
1782607500000,1575.57,1576.24,1574.76,1574.79,22.8
1782607560000,1574.78,1574.79,1574.32,1574.41,80.38
1782607620000,1574.4,1574.41,1573.7,1573.7,22.79
1782607680000,1573.72,1574.22,1573.59,1574.21,27.19
1782607740000,1574.21,1574.88,1574.21,1574.83,32.0
1782607800000,1574.81,1574.81,1573.52,1574.06,32.02
1782607860000,1574.06,1574.07,1573.0,1573.37,38.96
1782607920000,1573.41,1573.59,1573.11,1573.11,35.31
1782607980000,1573.11,1573.32,1572.87,1572.97,43.13
1782608040000,1572.96,1573.29,1572.93,1573.11,26.2
1782608100000,1573.11,1573.52,1572.97,1573.4,44.6
1782608160000,1573.39,1573.45,1572.97,1573.44,47.22
1782608220000,1573.44,1574.34,1573.44,1574.33,27.43
1782608280000,1574.34,1574.71,1574.33,1574.7,27.01
1782608340000,1574.71,1574.85,1573.84,1574.05,171.92
1782608400000,1574.05,1574.16,1573.94,1574.09,22.67
1782608460000,1574.09,1574.49,1573.98,1574.47,34.77
1782608520000,1574.48,1574.48,1573.79,1574.0,28.71
1782608580000,1574.0,1574.01,1572.03,1572.18,63.91
1782608640000,1572.17,1572.27,1570.03,1570.5,193.74
1782608700000,1570.61,1570.64,1569.19,1570.2,268.39
1782608760000,1570.31,1570.52,1569.42,1569.42,48.21
1782608820000,1569.45,1571.28,1568.91,1571.28,102.3
1782608880000,1571.29,1571.7,1571.29,1571.69,133.58
1782608940000,1571.69,1571.7,1570.93,1570.97,31.58
1782609000000,1570.96,1571.07,1570.59,1570.85,99.56
1782609060000,1570.85,1571.16,1570.17,1571.02,32.24
1782609120000,1571.01,1571.12,1570.4,1570.73,26.66
1782609180000,1570.74,1571.36,1570.73,1571.29,34.76
1782609240000,1571.3,1571.65,1571.24,1571.64,109.83
1782609300000,1571.65,1571.7,1570.81,1571.29,26.43
1782609360000,1571.29,1571.81,1571.29,1571.46,413.67
1782609420000,1571.47,1572.75,1571.34,1572.6,26.02
1782609480000,1572.59,1573.14,1571.94,1572.19,146.46
1782609540000,1572.18,1572.19,1571.18,1571.88,92.76
1782609600000,1571.88,1573.49,1571.88,1572.63,40.54
1782609660000,1572.63,1573.1,1572.62,1573.01,40.46
1782609720000,1573.01,1573.86,1573.01,1573.78,131.58
1782609780000,1573.79,1573.9,1573.56,1573.8,36.77
1782609840000,1573.8,1574.24,1573.68,1574.13,32.45
1782609900000,1574.14,1575.09,1573.76,1575.08,77.06
1782609960000,1575.12,1575.16,1574.66,1574.95,75.81
1782610020000,1574.95,1575.47,1574.88,1574.89,36.63
1782610080000,1574.88,1574.89,1574.01,1574.28,33.08
1782610140000,1574.29,1574.86,1574.2,1574.78,22.52
1782610200000,1574.79,1574.88,1574.12,1574.32,56.49
1782610260000,1574.31,1574.76,1574.21,1574.7,45.98
1782610320000,1574.69,1574.74,1573.8,1574.28,41.65
1782610380000,1574.28,1574.82,1574.18,1574.69,39.82
1782610440000,1574.68,1575.0,1574.64,1574.98,106.02
1782610500000,1575.0,1576.17,1574.99,1576.0,71.4
1782610560000,1576.01,1576.08,1575.04,1575.04,138.24
1782610620000,1575.05,1575.59,1575.04,1575.43,33.72
1782610680000,1575.43,1576.11,1575.31,1575.31,17.83
1782610740000,1575.32,1575.75,1574.77,1575.08,88.47
1782610800000,1575.07,1575.33,1574.93,1575.12,26.68
1782610860000,1575.13,1575.95,1575.08,1575.84,22.79
1782610920000,1575.83,1576.05,1575.61,1575.93,60.63
1782610980000,1575.93,1575.93,1575.23,1575.79,26.99
1782611040000,1575.79,1575.89,1575.61,1575.62,28.56
1782611100000,1575.62,1575.63,1575.07,1575.53,23.4
1782611160000,1575.54,1575.72,1575.08,1575.09,21.05
1782611220000,1575.09,1575.09,1574.81,1575.05,101.84
1782611280000,1575.06,1575.35,1574.97,1574.98,34.45
1782611340000,1574.98,1575.26,1574.97,1575.22,38.49
1782611400000,1575.22,1575.68,1575.06,1575.67,34.93
1782611460000,1575.68,1575.68,1575.02,1575.56,53.99
1782611520000,1575.56,1575.73,1575.37,1575.37,27.9
1782611580000,1575.38,1575.64,1575.37,1575.52,20.55
1782611640000,1575.53,1575.53,1574.43,1574.44,107.58
1782611700000,1574.44,1574.77,1574.13,1574.76,83.63
1782611760000,1574.76,1574.89,1574.68,1574.78,106.83
1782611820000,1574.78,1574.84,1574.76,1574.84,21.39
1782611880000,1574.83,1574.84,1574.13,1574.35,32.87
1782611940000,1574.36,1574.38,1574.22,1574.37,108.41
1782612000000,1574.37,1575.31,1574.37,1575.3,40.16
1782612060000,1575.3,1575.84,1575.3,1575.84,26.54
1782612120000,1575.83,1576.53,1575.83,1576.36,53.58
1782612180000,1576.36,1576.58,1576.13,1576.54,131.99
1782612240000,1576.54,1577.22,1576.53,1576.86,135.84
1782612300000,1576.86,1576.87,1576.71,1576.75,36.24
1782612360000,1576.74,1576.99,1576.44,1576.47,65.45
1782612420000,1576.46,1576.92,1576.29,1576.8,26.96
1782612480000,1576.79,1576.84,1576.66,1576.66,191.19
1782612540000,1576.66,1576.67,1576.43,1576.65,41.27
1782612600000,1576.66,1576.89,1576.65,1576.89,62.11
1782612660000,1576.88,1577.21,1576.86,1577.21,33.1
1782612720000,1577.21,1578.28,1577.21,1577.58,412.27
1782612780000,1577.57,1578.32,1577.57,1578.31,95.99
1782612840000,1578.3,1578.6,1577.89,1577.9,122.18
1782612900000,1577.89,1579.03,1577.89,1578.33,88.51
1782612960000,1578.34,1578.81,1577.92,1577.92,39.57
1782613020000,1577.92,1578.36,1577.23,1578.03,61.16
1782613080000,1578.04,1578.04,1576.98,1576.99,40.08
1782613140000,1576.98,1577.11,1576.91,1576.98,130.06
1782613200000,1576.98,1576.99,1573.8,1575.04,178.88
1782613260000,1575.03,1575.51,1572.38,1572.38,887.8
1782613320000,1572.38,1572.39,1570.06,1570.97,320.99
1782613380000,1570.97,1571.37,1568.62,1568.88,267.37
1782613440000,1568.87,1569.58,1568.17,1569.21,217.44
1782613500000,1569.2,1569.8,1568.82,1569.39,415.13
1782613560000,1569.2,1570.13,1569.2,1569.96,63.95
1782613620000,1569.98,1571.69,1569.87,1571.24,110.88
1782613680000,1571.24,1571.27,1570.43,1570.48,113.92
1782613740000,1570.48,1571.12,1570.48,1571.08,176.48
1782613800000,1571.18,1571.58,1571.1,1571.11,67.27
1782613860000,1571.14,1571.14,1570.37,1570.4,70.77
1782613920000,1570.4,1571.34,1570.39,1571.33,23.41
1782613980000,1571.34,1571.39,1570.55,1571.34,52.47
1782614040000,1571.34,1571.67,1570.93,1571.42,49.85
1782614100000,1571.41,1571.82,1571.12,1571.7,32.56
1782614160000,1571.7,1571.82,1571.58,1571.75,45.15
1782614220000,1571.75,1572.3,1571.7,1571.85,811.11
1782614280000,1571.83,1571.84,1571.71,1571.75,19.47
1782614340000,1571.74,1571.75,1571.27,1571.28,27.72
1782614400000,1571.65,1571.85,1571.49,1571.55,33.4
1782614460000,1571.55,1571.55,1570.1,1570.32,395.0
1782614520000,1570.32,1570.57,1570.11,1570.29,28.47
1782614580000,1570.3,1570.65,1570.29,1570.63,61.26
1782614640000,1570.62,1571.25,1570.26,1571.13,227.19
1782614700000,1571.12,1571.3,1570.85,1571.0,28.85
1782614760000,1571.01,1571.44,1570.88,1571.43,22.57
1782614820000,1571.43,1571.74,1571.4,1571.43,20.84
1782614880000,1571.44,1571.44,1570.07,1570.77,113.15
1782614940000,1570.78,1570.98,1570.51,1570.97,20.55
1782615000000,1570.97,1571.71,1570.97,1571.71,30.7
1782615060000,1571.71,1571.89,1571.42,1571.82,85.15
1782615120000,1571.82,1572.06,1571.78,1572.06,22.86
1782615180000,1572.05,1572.26,1572.05,1572.11,20.93
1782615240000,1572.11,1572.19,1571.8,1571.81,55.76
1782615300000,1571.81,1572.11,1571.81,1571.94,26.91
1782615360000,1571.95,1572.08,1571.94,1572.05,21.28
1782615420000,1572.05,1572.06,1571.86,1571.92,34.2
1782615480000,1571.9,1571.9,1571.32,1571.46,77.4
1782615540000,1571.46,1571.86,1571.16,1571.16,67.55
1782615600000,1571.16,1572.53,1571.16,1572.53,29.82
1782615660000,1572.52,1572.57,1572.03,1572.54,191.74
1782615720000,1572.53,1573.57,1572.37,1573.35,77.15
1782615780000,1573.35,1573.58,1573.04,1573.56,21.25
1782615840000,1573.54,1573.55,1572.8,1572.97,39.42
1782615900000,1572.98,1573.0,1572.77,1572.87,56.83
1782615960000,1572.87,1573.09,1572.47,1573.09,25.74
1782616020000,1573.08,1573.09,1572.52,1572.59,48.75
1782616080000,1572.58,1573.31,1572.41,1572.42,26.02
1782616140000,1572.27,1573.21,1572.21,1572.96,27.14
1782616200000,1572.96,1573.02,1572.96,1573.02,19.26
1782616260000,1573.01,1574.61,1573.01,1574.48,96.61
1782616320000,1574.48,1574.98,1574.48,1574.98,141.76
1782616380000,1574.98,1574.98,1574.65,1574.66,85.96
1782616440000,1574.66,1575.55,1574.66,1574.8,118.09
1782616500000,1574.81,1574.81,1573.26,1573.69,139.44
1782616560000,1573.69,1573.84,1573.19,1573.19,24.59
1782616620000,1573.2,1573.53,1573.0,1573.52,22.74
1782616680000,1573.52,1573.63,1573.3,1573.63,38.1
1782616740000,1573.63,1574.13,1573.58,1574.12,22.36
1782616800000,1574.14,1574.59,1573.78,1573.79,28.18
1782616860000,1573.78,1574.23,1573.78,1573.96,140.46
1782616920000,1573.97,1574.25,1573.96,1574.09,94.46
1782616980000,1574.08,1574.24,1573.59,1573.62,213.64
1782617040000,1573.62,1573.63,1573.36,1573.57,19.01
1782617100000,1573.56,1574.06,1573.56,1573.97,57.74
1782617160000,1573.97,1573.97,1573.81,1573.83,27.24
1782617220000,1573.83,1573.87,1573.72,1573.86,44.93
1782617280000,1573.86,1574.17,1573.63,1574.17,39.82
1782617340000,1574.16,1574.17,1573.88,1573.89,35.5
1782617400000,1573.89,1574.33,1573.6,1573.61,89.81
1782617460000,1573.61,1573.65,1573.32,1573.46,27.88
1782617520000,1573.45,1574.0,1573.18,1573.25,22.39
1782617580000,1573.25,1573.82,1573.07,1573.8,22.74
1782617640000,1573.8,1573.81,1572.99,1573.01,21.85
1782617700000,1573.01,1573.04,1572.38,1572.62,37.8
1782617760000,1572.62,1573.06,1572.46,1573.0,27.11
1782617820000,1573.0,1573.1,1572.92,1572.92,50.37
1782617880000,1572.93,1572.94,1572.43,1572.43,20.35
1782617940000,1572.44,1572.87,1572.43,1572.87,147.05
1782618000000,1572.86,1572.87,1572.63,1572.78,20.49
1782618060000,1572.78,1572.98,1572.7,1572.74,20.62
1782618120000,1572.74,1572.98,1572.72,1572.74,20.33
1782618180000,1572.73,1572.88,1572.46,1572.47,35.07
1782618240000,1572.47,1572.82,1572.47,1572.82,24.71
1782618300000,1572.86,1573.44,1572.66,1572.93,25.0
1782618360000,1572.94,1573.12,1572.68,1573.11,21.54
1782618420000,1573.12,1573.12,1572.74,1573.02,32.75
1782618480000,1573.02,1573.62,1573.02,1573.57,26.5
1782618540000,1573.57,1573.78,1573.4,1573.65,49.61
1782618600000,1573.66,1573.9,1573.52,1573.53,20.08
1782618660000,1573.53,1573.81,1573.52,1573.52,62.31
1782618720000,1573.52,1573.53,1572.85,1572.85,49.48
1782618780000,1572.85,1573.04,1572.15,1572.16,55.65
1782618840000,1572.15,1572.95,1572.14,1572.89,105.12
1782618900000,1572.89,1572.9,1572.69,1572.7,42.36
1782618960000,1572.7,1573.43,1572.7,1573.21,38.71
1782619020000,1573.21,1574.21,1573.2,1573.89,54.83
1782619080000,1573.9,1574.73,1573.76,1574.51,91.38
1782619140000,1574.52,1574.52,1574.19,1574.19,22.42
1782619200000,1574.19,1574.25,1574.11,1574.2,22.6
1782619260000,1574.2,1574.26,1574.09,1574.09,28.71
1782619320000,1574.07,1574.07,1571.71,1571.82,90.4
1782619380000,1571.83,1572.68,1571.82,1572.68,113.72
1782619440000,1572.68,1573.26,1572.67,1573.25,43.03
1782619500000,1573.25,1573.25,1572.72,1572.87,41.52
1782619560000,1572.87,1573.69,1572.87,1573.55,69.75
1782619620000,1573.56,1573.64,1573.55,1573.58,36.83
1782619680000,1573.59,1574.19,1573.59,1574.17,24.96
1782619740000,1574.18,1574.25,1573.15,1573.37,35.69
1782619800000,1573.37,1573.46,1573.28,1573.31,59.69
1782619860000,1573.3,1573.31,1572.79,1572.84,32.38
1782619920000,1572.84,1573.27,1572.81,1573.11,23.22
1782619980000,1573.12,1573.29,1572.67,1572.91,28.72
1782620040000,1572.93,1573.18,1572.84,1573.18,24.34
1782620100000,1573.17,1573.76,1573.17,1573.75,22.16
1782620160000,1573.76,1573.77,1573.53,1573.54,33.1
1782620220000,1573.54,1573.54,1573.17,1573.18,21.75
1782620280000,1573.19,1573.46,1573.15,1573.15,163.2
1782620340000,1573.15,1573.34,1573.05,1573.06,19.88
1782620400000,1573.05,1573.27,1573.0,1573.2,21.54
1782620460000,1573.19,1574.09,1573.19,1574.03,27.13
1782620520000,1574.02,1574.52,1574.02,1574.51,8357.92
1782620580000,1574.52,1574.94,1574.48,1574.52,35.44
1782620640000,1574.53,1574.94,1574.5,1574.54,132.69
1782620700000,1574.54,1574.75,1574.53,1574.74,25.52
1782620760000,1574.74,1574.81,1574.47,1574.8,32.11
1782620820000,1574.8,1574.82,1574.53,1574.53,34.58
1782620880000,1574.53,1574.54,1573.4,1573.42,38.78
1782620940000,1573.42,1573.64,1573.4,1573.64,27.25
1782621000000,1573.63,1573.64,1572.35,1572.35,54.99
1782621060000,1572.27,1572.53,1572.11,1572.52,37.58
1782621120000,1572.53,1572.53,1570.1,1570.14,135.35
1782621180000,1570.1,1571.09,1569.82,1571.04,69.24
1782621240000,1571.05,1571.32,1570.99,1571.05,37.08
1782621300000,1571.07,1571.12,1570.63,1571.0,105.93
1782621360000,1570.99,1572.07,1570.99,1571.9,90.76
1782621420000,1571.86,1571.87,1571.23,1571.68,23.12
1782621480000,1571.68,1572.37,1571.68,1572.04,198.34
1782621540000,1572.04,1572.09,1571.98,1572.0,35.29
1782621600000,1571.99,1573.09,1571.99,1573.08,40.9
1782621660000,1573.08,1573.35,1572.58,1572.6,42.66
1782621720000,1572.59,1574.46,1572.55,1574.46,29.19
1782621780000,1574.48,1574.68,1574.35,1574.68,27.18
1782621840000,1574.69,1574.9,1574.67,1574.73,42.42
1782621900000,1574.73,1575.42,1574.72,1574.79,25.84
1782621960000,1574.8,1575.3,1574.78,1574.81,22.08
1782622020000,1574.8,1576.36,1574.8,1576.28,130.98
1782622080000,1576.28,1576.61,1575.1,1575.11,35.97
1782622140000,1575.1,1575.11,1574.9,1574.94,54.11
1782622200000,1574.94,1574.94,1574.45,1574.85,22.08
1782622260000,1574.86,1574.9,1574.58,1574.89,39.88
1782622320000,1574.89,1574.9,1574.57,1574.74,32.74
1782622380000,1574.75,1574.76,1574.59,1574.6,27.8
1782622440000,1574.59,1574.6,1574.07,1574.23,39.93
1782622500000,1574.23,1574.24,1573.37,1573.81,24.73
1782622560000,1573.81,1573.82,1573.52,1573.56,70.21
1782622620000,1573.55,1573.56,1573.22,1573.23,17.42
1782622680000,1573.23,1573.26,1573.2,1573.21,21.18
1782622740000,1573.21,1573.47,1573.21,1573.43,49.86
1782622800000,1573.44,1573.65,1573.39,1573.65,27.82
1782622860000,1573.64,1573.66,1573.45,1573.45,21.02
1782622920000,1573.46,1573.46,1571.58,1572.27,89.44
1782622980000,1572.27,1572.3,1570.4,1570.54,474.51
1782623040000,1570.52,1570.63,1568.73,1569.08,343.67
1782623100000,1569.09,1569.62,1568.73,1568.76,241.07
1782623160000,1568.76,1570.52,1568.76,1570.51,192.1
1782623220000,1570.51,1570.77,1570.22,1570.76,211.9
1782623280000,1570.77,1570.77,1570.08,1570.63,47.0
1782623340000,1570.62,1570.96,1570.36,1570.75,124.34
1782623400000,1570.74,1571.25,1570.72,1571.23,33.17
1782623460000,1571.24,1571.88,1571.24,1571.47,65.66
1782623520000,1571.47,1571.48,1570.89,1570.9,167.59
1782623580000,1570.89,1571.52,1570.82,1571.23,28.99
1782623640000,1571.22,1571.26,1570.94,1571.26,27.76
1782623700000,1571.26,1571.35,1569.52,1571.03,30.91
1782623760000,1571.04,1571.18,1569.04,1570.87,28.01
1782623820000,1570.88,1571.57,1570.88,1571.0,59.52
1782623880000,1571.0,1571.9,1570.94,1571.49,20.75
1782623940000,1571.49,1571.96,1571.45,1571.75,41.27
1782624000000,1571.74,1571.74,1571.22,1571.58,21.9
1782624060000,1571.58,1571.58,1571.28,1571.48,26.5
1782624120000,1571.49,1571.5,1570.18,1570.53,66.46
1782624180000,1570.54,1570.92,1570.36,1570.45,60.77
1782624240000,1570.46,1570.58,1568.29,1568.72,133.72
1782624300000,1568.72,1568.8,1565.21,1565.65,565.28
1782624360000,1565.65,1567.75,1565.6,1566.22,649.56
1782624420000,1566.23,1567.5,1566.23,1566.58,73.01
1782624480000,1566.59,1566.99,1563.55,1566.8,757.94
1782624540000,1566.8,1567.41,1564.97,1564.99,105.27
1782624600000,1565.05,1565.6,1563.58,1565.08,95.72
1782624660000,1565.2,1566.25,1565.02,1565.96,282.47
1782624720000,1565.95,1566.0,1565.05,1565.91,72.42
1782624780000,1565.92,1567.53,1565.82,1567.44,67.2
1782624840000,1567.44,1568.08,1567.22,1567.94,71.68
1782624900000,1568.15,1568.66,1567.84,1568.1,45.92
1782624960000,1568.1,1568.45,1567.29,1567.92,31.06
1782625020000,1567.91,1568.27,1567.82,1568.14,35.57
1782625080000,1568.23,1568.92,1567.93,1568.65,388.15
1782625140000,1568.66,1568.66,1568.06,1568.12,38.46
1782625200000,1568.12,1568.46,1568.09,1568.22,287.94
1782625260000,1568.23,1568.24,1567.75,1567.91,214.41
1782625320000,1567.91,1568.24,1567.74,1568.23,53.94
1782625380000,1568.24,1568.54,1568.06,1568.12,34.45
1782625440000,1568.12,1568.35,1567.74,1568.03,71.05
1782625500000,1568.02,1568.34,1567.97,1568.29,23.49
1782625560000,1568.29,1568.44,1567.72,1567.74,23.2
1782625620000,1567.73,1568.07,1567.59,1568.05,66.75
1782625680000,1568.05,1568.62,1568.02,1568.54,32.93
1782625740000,1568.54,1568.63,1568.07,1568.1,35.61
1782625800000,1568.09,1568.88,1568.07,1568.48,27.83
1782625860000,1568.49,1568.84,1568.48,1568.75,43.64
1782625920000,1568.74,1568.75,1567.73,1568.06,23.99
1782625980000,1568.05,1568.46,1567.68,1567.93,31.2
1782626040000,1567.93,1568.31,1567.85,1568.31,29.58
1782626100000,1568.3,1569.97,1567.99,1569.96,109.08
1782626160000,1569.93,1569.93,1568.37,1568.72,28.94
1782626220000,1568.71,1568.91,1568.32,1568.37,64.44
1782626280000,1568.36,1568.45,1567.93,1567.96,38.53
1782626340000,1567.97,1568.48,1567.96,1568.28,35.29
1782626400000,1568.29,1569.21,1568.28,1569.11,24.82
1782626460000,1569.11,1569.29,1568.98,1569.0,38.26
1782626520000,1569.0,1569.79,1568.91,1569.75,32.27
1782626580000,1569.75,1569.76,1568.16,1568.33,31.65
1782626640000,1568.33,1568.36,1567.52,1567.89,44.35
1782626700000,1567.88,1568.18,1567.8,1567.85,35.65
1782626760000,1567.84,1567.84,1567.0,1567.45,87.64
1782626820000,1567.45,1567.75,1567.12,1567.63,33.4
1782626880000,1567.62,1568.58,1567.55,1568.57,143.79
1782626940000,1568.57,1569.06,1568.25,1568.25,31.41
1782627000000,1568.11,1568.12,1566.8,1566.8,31.85
1782627060000,1566.8,1566.84,1566.0,1566.34,67.11
1782627120000,1566.34,1566.81,1563.19,1563.64,376.23
1782627180000,1563.64,1565.22,1563.31,1564.76,286.49
1782627240000,1564.76,1564.76,1562.67,1562.74,474.98
1782627300000,1562.75,1563.65,1562.11,1563.18,147.16
1782627360000,1563.27,1564.16,1562.0,1562.62,564.44
1782627420000,1562.63,1562.97,1561.72,1562.96,291.84
1782627480000,1563.02,1566.08,1562.43,1564.52,364.2
1782627540000,1564.52,1564.96,1564.07,1564.85,450.11
1782627600000,1564.84,1565.99,1564.53,1565.83,26.57
1782627660000,1565.77,1565.93,1565.43,1565.61,32.53
1782627720000,1565.61,1565.71,1564.64,1564.95,102.05
1782627780000,1564.96,1565.09,1564.21,1564.25,243.76
1782627840000,1564.24,1565.34,1564.24,1564.74,66.5
1782627900000,1564.57,1564.86,1563.75,1564.34,88.27
1782627960000,1564.34,1564.46,1563.72,1564.12,28.88
1782628020000,1564.12,1564.42,1564.12,1564.37,21.37
1782628080000,1564.35,1564.77,1564.27,1564.57,29.66
1782628140000,1564.57,1564.93,1564.54,1564.73,183.76
1782628200000,1564.74,1566.2,1564.52,1566.07,37.07
1782628260000,1566.07,1566.18,1565.5,1566.17,171.1
1782628320000,1566.18,1566.74,1566.16,1566.63,43.52
1782628380000,1566.64,1566.64,1565.6,1566.2,78.87
1782628440000,1566.2,1566.3,1566.03,1566.09,54.64
1782628500000,1566.09,1566.37,1565.77,1566.23,58.07
1782628560000,1566.23,1566.24,1565.88,1565.92,34.91
1782628620000,1565.91,1566.08,1565.68,1566.05,36.46
1782628680000,1566.05,1566.22,1565.98,1566.09,30.66
1782628740000,1566.1,1566.45,1566.05,1566.45,45.83
1782628800000,1566.44,1567.28,1566.3,1567.28,30.01
1782628860000,1567.28,1567.5,1566.66,1567.14,37.89
1782628920000,1567.15,1567.4,1567.06,1567.09,22.73
1782628980000,1567.08,1567.13,1567.08,1567.13,116.18
1782629040000,1567.13,1567.15,1566.47,1566.47,46.74
1782629100000,1566.48,1566.48,1565.81,1565.83,44.48
1782629160000,1565.91,1566.66,1565.91,1566.44,24.48
1782629220000,1566.44,1566.8,1566.31,1566.7,41.54
1782629280000,1566.7,1567.23,1566.7,1567.05,46.24
1782629340000,1567.04,1567.14,1566.63,1566.87,62.14
1782629400000,1566.95,1567.96,1566.83,1567.96,99.86
1782629460000,1567.95,1568.15,1567.76,1567.89,35.62
1782629520000,1567.89,1568.2,1567.88,1568.05,43.68
1782629580000,1568.06,1568.38,1567.95,1568.14,48.23
1782629640000,1568.13,1568.4,1567.9,1568.12,45.84
1782629700000,1568.11,1568.12,1567.31,1567.49,34.02
1782629760000,1567.49,1567.65,1567.36,1567.63,20.04
1782629820000,1567.63,1567.63,1566.94,1567.09,38.67
1782629880000,1567.1,1567.1,1566.94,1566.95,24.29
1782629940000,1566.96,1567.84,1566.9,1566.9,31.98
1782630000000,1566.9,1568.09,1566.9,1567.94,51.69
1782630060000,1567.98,1571.48,1567.9,1571.03,348.03
1782630120000,1571.03,1572.95,1571.03,1571.79,262.34
1782630180000,1571.88,1572.16,1571.36,1571.37,159.42
1782630240000,1571.38,1571.38,1570.52,1570.6,104.98
1782630300000,1570.6,1570.6,1570.02,1570.03,122.55
1782630360000,1570.02,1570.29,1570.02,1570.29,59.0
1782630420000,1570.28,1570.96,1570.28,1570.67,62.06
1782630480000,1570.67,1570.95,1570.34,1570.34,44.69
1782630540000,1570.35,1571.11,1570.33,1570.41,75.76
1782630600000,1570.4,1572.24,1570.4,1572.12,84.4
1782630660000,1572.13,1572.13,1571.53,1571.79,104.87
1782630720000,1571.8,1572.18,1571.8,1572.16,75.31
1782630780000,1572.16,1572.32,1572.03,1572.1,26.31
1782630840000,1572.09,1572.09,1571.87,1571.98,30.91
1782630900000,1571.97,1572.04,1571.56,1571.56,72.09
1782630960000,1571.56,1571.57,1571.23,1571.49,44.85
1782631020000,1571.49,1571.8,1571.46,1571.48,36.69
1782631080000,1571.48,1571.66,1571.26,1571.28,144.06
1782631140000,1571.29,1571.66,1571.28,1571.38,147.27
1782631200000,1571.39,1571.69,1571.21,1571.21,24.85
1782631260000,1571.22,1571.39,1571.15,1571.15,24.44
1782631320000,1571.16,1571.46,1571.04,1571.46,24.42
1782631380000,1571.46,1571.97,1571.45,1571.85,119.74
1782631440000,1571.84,1571.85,1571.3,1571.34,20.44
1782631500000,1571.34,1571.34,1570.36,1570.42,106.54
1782631560000,1570.43,1570.83,1570.4,1570.57,62.26
1782631620000,1570.56,1570.6,1570.33,1570.33,25.0
1782631680000,1570.34,1570.63,1570.33,1570.51,23.25
1782631740000,1570.5,1570.63,1570.42,1570.43,22.21
1782631800000,1570.42,1570.63,1570.41,1570.62,11.93
1782631860000,1570.63,1571.14,1570.63,1570.8,37.17
1782631920000,1570.76,1570.76,1570.17,1570.17,62.21
1782631980000,1570.18,1572.0,1570.17,1571.03,30.56
1782632040000,1571.02,1571.31,1570.81,1571.08,30.86
1782632100000,1571.08,1572.0,1571.0,1571.04,32.97
1782632160000,1571.05,1571.22,1570.92,1571.17,24.65
1782632220000,1571.18,1574.6,1571.18,1573.35,262.01
1782632280000,1573.34,1574.45,1573.27,1573.44,76.38
1782632340000,1573.42,1574.48,1573.42,1574.04,87.97
1782632400000,1574.03,1575.23,1573.82,1575.17,138.11
1782632460000,1575.19,1575.24,1573.35,1574.53,107.01
1782632520000,1574.52,1574.64,1574.03,1574.62,242.06
1782632580000,1574.62,1574.63,1573.89,1574.24,84.66
1782632640000,1574.23,1574.38,1573.87,1574.35,55.42
1782632700000,1574.35,1574.57,1573.9,1574.55,41.36
1782632760000,1574.56,1575.17,1574.18,1575.14,185.32
1782632820000,1575.07,1575.6,1575.07,1575.53,464.1
1782632880000,1575.63,1575.92,1575.18,1575.48,162.95
1782632940000,1575.47,1575.51,1574.86,1575.48,537.91
1782633000000,1575.46,1576.14,1574.92,1575.06,169.89
1782633060000,1575.06,1575.15,1574.0,1574.37,40.76
1782633120000,1574.36,1574.8,1574.23,1574.39,50.0
1782633180000,1574.38,1574.44,1574.0,1574.04,19.52
1782633240000,1574.03,1574.8,1574.02,1574.6,27.74
1782633300000,1574.6,1574.74,1574.41,1574.54,48.08
1782633360000,1574.53,1574.89,1574.48,1574.81,69.41
1782633420000,1574.81,1574.98,1574.52,1574.7,123.22
1782633480000,1574.71,1575.01,1574.7,1574.83,21.1
1782633540000,1574.84,1575.23,1574.69,1575.06,25.47
1782633600000,1575.06,1576.0,1574.51,1574.9,75.07
1782633660000,1574.9,1577.44,1574.89,1577.43,262.14
1782633720000,1577.23,1577.87,1576.14,1576.22,135.7
1782633780000,1576.19,1576.19,1575.04,1575.05,94.99
1782633840000,1575.04,1575.05,1574.8,1574.85,55.95
1782633900000,1574.86,1574.86,1573.66,1573.67,58.27
1782633960000,1573.66,1573.82,1573.42,1573.62,89.37
1782634020000,1573.62,1573.66,1573.09,1573.09,68.67
1782634080000,1573.09,1573.78,1573.09,1573.59,42.61
1782634140000,1573.58,1573.59,1572.7,1572.78,69.77
1782634200000,1572.73,1573.23,1572.71,1573.14,57.04
1782634260000,1573.15,1573.4,1573.15,1573.3,149.16
1782634320000,1573.29,1573.33,1573.29,1573.32,33.41
1782634380000,1573.31,1573.33,1573.3,1573.32,60.26
1782634440000,1573.33,1573.86,1573.29,1573.84,228.04
1782634500000,1573.84,1573.84,1573.44,1573.49,90.67
1782634560000,1573.49,1573.95,1573.23,1573.39,114.8
1782634620000,1573.4,1575.41,1573.38,1574.55,36.1
1782634680000,1574.54,1574.65,1574.44,1574.65,58.96
1782634740000,1574.64,1575.22,1573.62,1573.63,302.44
1782634800000,1573.62,1575.18,1573.62,1575.17,183.26
1782634860000,1575.18,1575.48,1574.96,1575.32,49.75
1782634920000,1575.31,1575.4,1574.72,1574.91,1481.72
1782634980000,1574.91,1574.91,1574.19,1574.25,36.09
1782635040000,1574.25,1574.75,1574.24,1574.42,40.91
1782635100000,1574.42,1574.43,1574.14,1574.35,61.13
1782635160000,1574.35,1574.74,1574.35,1574.74,20.39
1782635220000,1574.74,1574.76,1574.09,1574.12,25.47
1782635280000,1574.13,1574.42,1574.12,1574.37,25.08
1782635340000,1574.37,1574.37,1574.16,1574.25,28.9
1782635400000,1574.26,1574.74,1574.22,1574.56,24.41
1782635460000,1574.55,1574.62,1573.0,1574.43,45.85
1782635520000,1574.43,1574.76,1574.43,1574.64,42.95
1782635580000,1574.63,1575.1,1574.62,1574.79,34.54
1782635640000,1574.79,1575.76,1574.74,1575.74,146.29
1782635700000,1575.89,1575.95,1575.04,1575.9,34.62
1782635760000,1575.89,1577.16,1575.89,1576.67,101.77
1782635820000,1576.67,1578.0,1576.38,1577.82,367.69
1782635880000,1577.81,1584.38,1577.54,1583.98,3059.13
1782635940000,1583.77,1583.77,1581.04,1582.58,2195.29
1782636000000,1582.59,1584.44,1581.22,1582.14,209.84
1782636060000,1582.14,1582.93,1580.15,1580.58,211.31
1782636120000,1580.74,1581.77,1580.35,1581.77,186.86
1782636180000,1581.78,1582.13,1581.27,1581.97,132.0
1782636240000,1581.96,1581.97,1580.95,1581.2,51.93
1782636300000,1581.2,1583.2,1581.2,1582.19,62.92
1782636360000,1582.19,1582.23,1581.25,1581.48,251.45
1782636420000,1581.5,1582.13,1581.26,1581.27,48.54
1782636480000,1581.27,1581.28,1580.44,1581.02,73.51
1782636540000,1581.02,1582.17,1580.97,1581.7,199.22
1782636600000,1581.69,1582.07,1581.2,1582.05,103.25
1782636660000,1582.06,1582.06,1581.68,1581.94,20.88
1782636720000,1581.94,1582.19,1581.53,1581.59,99.72
1782636780000,1581.58,1582.52,1581.58,1582.49,97.51
1782636840000,1582.48,1582.48,1581.81,1581.81,36.79
1782636900000,1581.81,1582.72,1581.74,1582.08,69.29
1782636960000,1582.06,1582.3,1581.41,1581.75,60.81
1782637020000,1581.75,1581.9,1581.12,1581.12,36.31
1782637080000,1581.13,1581.21,1580.52,1580.53,176.3
1782637140000,1580.53,1580.81,1580.43,1580.43,81.15
1782637200000,1580.43,1581.03,1580.43,1581.03,187.4
1782637260000,1581.03,1581.36,1580.02,1580.26,162.5
1782637320000,1580.25,1581.3,1580.15,1581.2,48.75
1782637380000,1581.2,1581.3,1579.83,1579.87,80.83
1782637440000,1579.88,1579.88,1579.16,1579.68,143.75
1782637500000,1579.69,1581.12,1579.68,1580.88,128.78
1782637560000,1580.89,1581.37,1580.78,1581.37,85.33
1782637620000,1581.4,1582.6,1581.24,1581.65,100.5
1782637680000,1581.65,1582.21,1581.64,1582.18,52.85
1782637740000,1582.19,1582.58,1581.86,1582.56,34.63
1782637800000,1582.55,1583.2,1582.51,1582.54,47.39
1782637860000,1582.53,1585.43,1582.01,1583.45,489.2
1782637920000,1583.47,1583.76,1582.96,1582.96,75.65
1782637980000,1582.97,1582.97,1581.86,1581.89,33.24
1782638040000,1581.89,1582.09,1581.82,1581.92,151.73
1782638100000,1581.91,1582.3,1581.78,1581.78,101.76
1782638160000,1581.75,1582.45,1581.67,1582.34,242.39
1782638220000,1582.35,1582.35,1581.8,1581.8,58.37
1782638280000,1581.81,1581.83,1581.63,1581.63,204.78
1782638340000,1581.63,1581.7,1581.22,1581.23,106.71
1782638400000,1581.24,1581.5,1580.92,1580.92,229.01
1782638460000,1580.92,1580.92,1580.42,1580.74,61.74
1782638520000,1580.73,1581.41,1580.73,1581.28,65.29
1782638580000,1581.27,1581.28,1581.06,1581.12,37.31
1782638640000,1581.14,1581.53,1581.05,1581.5,35.84
1782638700000,1581.49,1581.5,1580.62,1580.62,43.66
1782638760000,1580.62,1581.72,1580.58,1581.33,25.68
1782638820000,1581.33,1581.43,1580.66,1580.73,50.69
1782638880000,1580.74,1581.44,1580.73,1581.34,69.39
1782638940000,1581.33,1581.34,1581.25,1581.3,47.92
1782639000000,1581.29,1581.3,1581.02,1581.02,51.67
1782639060000,1581.02,1581.03,1580.75,1580.88,31.87
1782639120000,1580.8,1581.03,1580.63,1580.78,30.74
1782639180000,1580.78,1581.25,1580.75,1581.2,102.78
1782639240000,1581.19,1582.08,1581.02,1582.07,110.11
1782639300000,1582.07,1582.36,1582.07,1582.35,70.91
1782639360000,1582.36,1582.36,1580.97,1581.16,21.64
1782639420000,1581.15,1581.18,1581.15,1581.17,37.21
1782639480000,1581.17,1581.49,1581.17,1581.2,60.39
1782639540000,1581.23,1581.51,1581.22,1581.38,29.12
1782639600000,1581.37,1581.39,1581.33,1581.35,69.96
1782639660000,1581.34,1581.96,1581.34,1581.87,22.32
1782639720000,1581.87,1583.42,1581.86,1582.94,67.88
1782639780000,1582.94,1583.41,1582.61,1583.3,47.31
1782639840000,1583.29,1583.66,1582.82,1582.82,32.58
1782639900000,1582.82,1583.56,1582.57,1582.57,42.89
1782639960000,1582.58,1582.68,1582.53,1582.61,156.45
1782640020000,1582.61,1582.66,1581.87,1581.89,34.99
1782640080000,1581.86,1581.86,1580.56,1580.57,120.5
1782640140000,1580.56,1580.57,1579.89,1579.96,195.98
1782640200000,1579.96,1579.97,1579.3,1579.36,312.19
1782640260000,1579.35,1579.45,1578.96,1579.14,859.98
1782640320000,1579.13,1579.67,1578.52,1579.08,136.89
1782640380000,1579.09,1579.09,1577.52,1578.5,456.35
1782640440000,1578.49,1579.82,1578.49,1579.65,38.68
1782640500000,1579.66,1579.69,1577.8,1577.9,338.86
1782640560000,1577.9,1578.22,1577.8,1578.01,92.84
1782640620000,1578.01,1578.1,1577.83,1578.09,61.72
1782640680000,1578.09,1578.64,1578.08,1578.64,74.33
1782640740000,1578.63,1578.94,1578.17,1578.18,27.65
1782640800000,1578.18,1578.89,1578.17,1578.68,39.84
1782640860000,1578.69,1578.72,1577.0,1578.57,311.58
1782640920000,1578.57,1579.34,1578.08,1578.89,37.81
1782640980000,1578.89,1579.29,1577.81,1578.22,91.59
1782641040000,1578.22,1578.22,1576.94,1577.56,199.09
1782641100000,1577.55,1577.81,1576.11,1577.07,191.55
1782641160000,1577.06,1577.59,1577.06,1577.33,40.96
1782641220000,1577.32,1577.59,1577.26,1577.54,119.48
1782641280000,1577.5,1577.66,1576.9,1576.97,24.06
1782641340000,1576.97,1577.06,1576.62,1576.94,126.16
1782641400000,1576.94,1577.51,1576.87,1577.49,51.78
1782641460000,1577.48,1578.04,1577.48,1578.04,200.0
1782641520000,1578.03,1580.75,1578.03,1580.66,239.84
1782641580000,1580.66,1580.77,1580.32,1580.43,290.85
1782641640000,1580.43,1580.5,1579.96,1579.96,137.67
1782641700000,1579.96,1579.96,1579.37,1579.7,69.92
1782641760000,1579.69,1580.35,1579.09,1580.02,125.32
1782641820000,1580.01,1580.1,1579.43,1579.94,38.22
1782641880000,1579.94,1580.06,1579.37,1579.38,33.28
1782641940000,1579.32,1579.32,1577.37,1577.6,106.85
1782642000000,1577.6,1577.73,1576.97,1577.04,185.82
1782642060000,1577.04,1577.22,1576.92,1577.22,44.45
1782642120000,1577.22,1577.38,1577.21,1577.37,25.68
1782642180000,1577.38,1577.38,1576.29,1576.62,92.11
1782642240000,1576.61,1576.65,1575.56,1575.59,300.61
1782642300000,1575.6,1575.6,1571.13,1572.06,2415.31
1782642360000,1572.08,1573.17,1572.05,1573.02,744.36
1782642420000,1573.03,1573.17,1572.38,1572.9,163.32
1782642480000,1572.91,1573.48,1572.66,1573.0,97.79
1782642540000,1573.01,1573.44,1572.53,1572.98,193.78
1782642600000,1572.97,1574.54,1572.97,1574.13,41.5
1782642660000,1574.13,1574.16,1573.08,1574.08,35.15
1782642720000,1574.03,1574.29,1573.38,1574.29,137.28
1782642780000,1574.29,1574.29,1573.41,1573.58,38.95
1782642840000,1573.58,1574.22,1573.57,1574.22,62.15
1782642900000,1574.22,1574.35,1573.86,1573.9,59.82
1782642960000,1573.91,1574.0,1573.56,1573.78,43.02
1782643020000,1573.77,1574.5,1573.52,1574.5,129.88
1782643080000,1574.49,1574.5,1573.18,1573.18,30.56
1782643140000,1573.19,1574.1,1573.18,1574.09,43.63
1782643200000,1574.1,1574.81,1574.09,1574.45,151.27
1782643260000,1574.45,1575.12,1574.44,1574.57,126.06
1782643320000,1574.55,1575.23,1574.52,1574.78,47.48
1782643380000,1574.78,1574.85,1574.54,1574.8,32.45
1782643440000,1574.8,1574.95,1574.77,1574.79,61.63
1782643500000,1574.84,1575.5,1574.84,1575.5,33.03
1782643560000,1575.49,1575.59,1575.45,1575.55,33.94
1782643620000,1575.55,1575.56,1574.79,1575.52,129.32
1782643680000,1575.52,1575.76,1574.93,1575.21,42.54
1782643740000,1575.19,1575.59,1574.99,1575.5,27.18
1782643800000,1575.5,1576.14,1575.26,1576.1,43.16
1782643860000,1576.03,1576.49,1575.27,1575.99,199.08
1782643920000,1575.98,1576.29,1575.85,1575.87,47.86
1782643980000,1575.88,1576.62,1575.87,1576.15,93.14
1782644040000,1576.15,1576.69,1576.14,1576.68,39.21
1782644100000,1576.68,1576.75,1576.49,1576.64,38.98
1782644160000,1576.65,1576.67,1576.42,1576.54,36.33
1782644220000,1576.55,1576.55,1576.36,1576.42,29.62
1782644280000,1576.42,1576.52,1576.25,1576.48,53.97
1782644340000,1576.45,1576.56,1576.33,1576.54,37.91
1782644400000,1576.54,1577.23,1576.53,1576.67,67.31
1782644460000,1576.68,1577.64,1576.53,1576.97,171.33
1782644520000,1576.97,1580.39,1576.97,1580.12,450.16
1782644580000,1580.09,1580.09,1579.1,1579.32,134.27
1782644640000,1579.29,1579.54,1578.83,1578.92,68.13
1782644700000,1578.93,1578.93,1577.9,1578.12,118.75
1782644760000,1577.93,1578.06,1577.13,1577.55,44.04
1782644820000,1577.55,1577.98,1577.12,1577.26,56.63
1782644880000,1577.25,1577.26,1576.0,1576.57,77.88
1782644940000,1576.58,1576.62,1575.25,1575.31,1127.56
1782645000000,1575.31,1575.76,1575.09,1575.27,37.31
1782645060000,1575.27,1575.96,1575.25,1575.95,33.48
1782645120000,1575.94,1576.19,1575.92,1575.93,47.44
1782645180000,1575.93,1576.04,1575.77,1576.03,93.15
1782645240000,1576.04,1576.04,1575.64,1575.79,30.1
1782645300000,1575.79,1576.29,1575.7,1576.28,125.16
1782645360000,1576.34,1576.53,1575.88,1575.89,35.57
1782645420000,1575.88,1576.29,1575.2,1576.28,32.24
1782645480000,1576.29,1576.67,1576.28,1576.43,47.07
1782645540000,1576.43,1577.71,1576.42,1577.63,549.33
1782645600000,1577.63,1578.8,1577.56,1578.15,160.99
1782645660000,1578.15,1579.51,1578.15,1579.5,32.72
1782645720000,1579.51,1582.14,1579.5,1581.42,267.23
1782645780000,1581.11,1581.88,1580.71,1580.98,142.87
1782645840000,1580.97,1580.98,1580.05,1580.06,32.16
1782645900000,1580.06,1580.87,1580.01,1580.46,52.19
1782645960000,1580.44,1582.75,1580.34,1582.36,229.2
1782646020000,1582.35,1582.48,1581.55,1581.85,34.55
1782646080000,1581.85,1582.05,1581.34,1581.48,42.67
1782646140000,1581.47,1581.51,1581.21,1581.22,65.23
1782646200000,1581.22,1581.76,1581.02,1581.02,56.01
1782646260000,1581.0,1581.41,1580.48,1580.96,71.54
1782646320000,1580.97,1581.48,1580.96,1581.13,70.54
1782646380000,1581.13,1581.13,1580.24,1581.0,41.75
1782646440000,1581.0,1581.01,1580.68,1580.73,36.92
1782646500000,1580.73,1581.06,1580.65,1580.68,65.45
1782646560000,1580.67,1580.71,1579.92,1579.95,36.05
1782646620000,1579.95,1579.95,1578.38,1579.56,84.86
1782646680000,1579.56,1579.69,1579.26,1579.56,25.92
1782646740000,1579.55,1580.93,1579.55,1580.9,61.12
1782646800000,1580.89,1580.98,1580.71,1580.81,46.38
1782646860000,1580.81,1580.87,1580.19,1580.34,44.76
1782646920000,1580.35,1580.82,1580.26,1580.74,35.53
1782646980000,1580.74,1580.74,1580.22,1580.23,54.23
1782647040000,1580.23,1580.76,1579.92,1580.71,51.89
1782647100000,1580.71,1581.65,1580.71,1581.16,43.66
1782647160000,1581.15,1581.16,1579.72,1579.89,38.17
1782647220000,1579.89,1580.36,1579.72,1580.28,51.32
1782647280000,1580.27,1580.74,1579.74,1580.31,41.08
1782647340000,1580.32,1580.6,1579.86,1580.24,65.41
1782647400000,1580.25,1580.25,1579.7,1579.94,46.47
1782647460000,1579.94,1580.22,1579.9,1580.1,21.79
1782647520000,1580.1,1580.65,1579.81,1580.65,238.96
1782647580000,1580.65,1582.33,1580.39,1581.9,35.74
1782647640000,1581.93,1583.1,1581.85,1582.83,206.65
1782647700000,1582.83,1583.19,1582.29,1582.33,111.36
1782647760000,1582.32,1582.81,1581.82,1581.83,60.13
1782647820000,1581.83,1582.08,1581.76,1581.77,50.29
1782647880000,1581.71,1582.31,1581.7,1582.01,26.63
1782647940000,1582.02,1582.16,1581.7,1582.13,29.83
1782648000000,1582.14,1582.3,1581.26,1581.26,33.98
1782648060000,1581.2,1582.5,1581.0,1581.44,62.07
1782648120000,1581.43,1581.47,1581.03,1581.12,117.89
1782648180000,1581.11,1581.28,1580.72,1581.28,146.97
1782648240000,1581.27,1581.66,1581.2,1581.51,48.68
1782648300000,1581.51,1581.86,1581.51,1581.78,60.9
1782648360000,1581.78,1582.6,1581.27,1582.34,145.46
1782648420000,1582.34,1582.91,1581.66,1582.91,128.65
1782648480000,1582.91,1583.2,1581.14,1581.14,43.91
1782648540000,1581.14,1581.28,1580.86,1580.87,57.46
1782648600000,1580.86,1581.13,1580.66,1580.74,24.34
1782648660000,1580.74,1581.28,1580.74,1581.12,67.89
1782648720000,1581.12,1581.12,1580.23,1580.34,130.08
1782648780000,1580.34,1580.89,1580.29,1580.88,115.82
1782648840000,1580.88,1580.92,1580.37,1580.92,48.92
1782648900000,1580.91,1582.46,1580.16,1580.58,85.12
1782648960000,1580.59,1580.7,1578.86,1578.86,70.43
1782649020000,1578.86,1578.86,1576.24,1577.61,705.34
1782649080000,1577.62,1578.89,1577.5,1578.85,85.74
1782649140000,1578.85,1578.99,1577.9,1577.91,136.29
1782649200000,1577.9,1578.4,1577.7,1578.11,434.02
1782649260000,1578.12,1579.42,1578.11,1579.42,191.53
1782649320000,1579.41,1579.55,1578.76,1579.54,131.77
1782649380000,1579.54,1579.64,1579.24,1579.53,63.98
1782649440000,1579.53,1579.99,1579.47,1579.86,557.85
1782649500000,1579.87,1579.99,1579.53,1579.97,81.15
1782649560000,1579.98,1580.0,1579.67,1579.98,53.14
1782649620000,1579.98,1581.28,1579.73,1579.84,46.63
1782649680000,1579.84,1582.6,1579.83,1582.31,443.46
1782649740000,1582.31,1584.31,1582.31,1583.86,292.77
1782649800000,1583.76,1587.54,1582.88,1586.53,1007.11
1782649860000,1586.57,1586.63,1584.4,1584.4,134.2
1782649920000,1584.4,1584.41,1583.27,1583.29,78.5
1782649980000,1583.28,1584.22,1582.53,1583.85,97.33
1782650040000,1583.84,1584.54,1583.18,1583.18,162.14
1782650100000,1583.07,1583.16,1581.85,1582.29,488.72
1782650160000,1582.28,1582.29,1581.53,1582.23,121.51
1782650220000,1582.18,1582.18,1580.55,1581.14,55.01
1782650280000,1581.13,1581.2,1580.27,1580.35,69.57
1782650340000,1580.34,1580.79,1579.65,1580.45,237.34
1782650400000,1580.44,1581.04,1579.82,1580.43,88.83
1782650460000,1580.43,1580.69,1578.42,1578.42,64.93
1782650520000,1578.44,1579.12,1578.32,1578.99,346.76
1782650580000,1578.99,1579.62,1578.99,1579.51,205.22
1782650640000,1579.55,1579.99,1579.55,1579.58,28.44
1782650700000,1579.59,1580.2,1579.58,1579.95,71.83
1782650760000,1579.95,1580.6,1579.95,1580.15,173.72
1782650820000,1580.16,1581.8,1580.15,1580.99,98.59
1782650880000,1581.0,1581.65,1580.99,1581.38,35.97
1782650940000,1581.37,1582.12,1581.28,1581.73,62.56
1782651000000,1581.73,1582.4,1581.57,1582.1,226.16
1782651060000,1582.1,1582.17,1581.58,1581.97,59.55
1782651120000,1581.98,1582.5,1581.83,1582.25,177.51
1782651180000,1582.24,1583.16,1582.24,1582.75,56.01
1782651240000,1582.74,1582.86,1582.47,1582.49,72.32
1782651300000,1582.48,1582.75,1582.48,1582.66,40.04
1782651360000,1582.67,1583.36,1582.65,1583.1,130.79
1782651420000,1583.1,1583.13,1582.4,1582.5,849.79
1782651480000,1582.48,1582.98,1582.42,1582.96,251.96
1782651540000,1582.95,1582.98,1582.62,1582.78,29.24
1782651600000,1582.78,1582.91,1582.03,1582.04,52.54
1782651660000,1582.04,1582.04,1577.64,1577.7,377.83
1782651720000,1577.69,1577.95,1576.21,1576.39,457.26
1782651780000,1576.49,1576.49,1574.08,1574.57,573.68
1782651840000,1574.58,1575.95,1574.38,1574.87,109.76
1782651900000,1574.87,1575.71,1574.24,1575.71,201.12
1782651960000,1575.71,1576.75,1575.55,1576.74,110.97
1782652020000,1576.77,1577.65,1575.8,1575.8,162.41
1782652080000,1575.8,1576.23,1574.61,1576.23,125.06
1782652140000,1576.22,1576.3,1575.46,1575.88,98.89
1782652200000,1575.88,1576.44,1575.82,1576.13,149.16
1782652260000,1576.12,1577.41,1576.12,1577.41,45.71
1782652320000,1577.46,1578.15,1577.46,1578.06,250.46
1782652380000,1578.05,1579.25,1578.05,1578.94,60.16
1782652440000,1578.95,1580.06,1578.93,1579.49,59.35
1782652500000,1579.5,1579.99,1578.43,1578.44,86.18
1782652560000,1578.43,1578.45,1577.89,1578.04,32.17
1782652620000,1578.04,1578.26,1577.4,1578.26,23.97
1782652680000,1578.26,1578.73,1577.69,1577.86,35.95
1782652740000,1577.86,1578.67,1577.85,1578.15,25.71
1782652800000,1578.16,1579.32,1578.15,1579.31,285.17
1782652860000,1579.31,1579.93,1579.31,1579.49,63.28
1782652920000,1579.49,1579.73,1579.19,1579.19,29.62
1782652980000,1579.2,1580.73,1579.2,1580.52,50.76
1782653040000,1580.52,1580.58,1580.22,1580.38,73.32
1782653100000,1580.4,1581.41,1579.93,1579.94,272.98
1782653160000,1579.91,1579.91,1578.9,1579.17,166.01
1782653220000,1579.15,1579.33,1578.79,1579.11,71.03
1782653280000,1579.11,1579.49,1579.11,1579.49,21.66
1782653340000,1579.49,1579.92,1579.48,1579.72,34.69
1782653400000,1579.73,1580.4,1579.3,1580.22,1177.97
1782653460000,1580.25,1582.28,1580.25,1581.38,1402.9
1782653520000,1581.38,1582.28,1581.22,1582.19,94.49
1782653580000,1582.18,1582.4,1581.72,1582.07,147.67
1782653640000,1582.08,1582.1,1581.21,1581.28,76.13
1782653700000,1581.28,1581.86,1580.83,1580.96,85.23
1782653760000,1580.96,1581.28,1580.67,1580.74,52.16
1782653820000,1580.75,1581.26,1580.73,1581.19,96.07
1782653880000,1581.19,1581.62,1581.18,1581.38,15.79
1782653940000,1581.39,1581.48,1580.47,1580.59,187.21
1782654000000,1580.59,1580.74,1577.54,1578.24,374.14
1782654060000,1578.25,1579.71,1578.23,1579.54,972.87
1782654120000,1579.54,1580.64,1579.54,1580.63,134.45
1782654180000,1580.64,1581.65,1580.63,1581.62,91.61
1782654240000,1581.63,1582.23,1581.62,1581.84,133.33
1782654300000,1581.83,1582.14,1581.08,1581.42,41.87
1782654360000,1581.42,1581.42,1580.94,1581.34,31.87
1782654420000,1581.33,1581.4,1580.87,1581.1,93.71
1782654480000,1581.1,1581.31,1580.54,1580.73,117.11
1782654540000,1580.74,1581.08,1580.47,1580.88,139.75
1782654600000,1580.88,1581.0,1580.74,1580.97,34.98
1782654660000,1580.98,1581.91,1580.79,1581.9,266.16
1782654720000,1581.9,1581.92,1580.63,1581.09,35.5
1782654780000,1581.1,1581.25,1580.45,1580.98,32.8
1782654840000,1580.97,1580.99,1580.72,1580.97,21.04
1782654900000,1580.98,1580.98,1579.53,1579.89,171.51
1782654960000,1579.88,1579.89,1578.28,1579.75,102.6
1782655020000,1579.74,1579.75,1578.59,1578.73,50.46
1782655080000,1578.73,1579.67,1578.72,1579.28,145.49
1782655140000,1579.27,1579.33,1578.75,1578.81,93.7
1782655200000,1578.81,1579.31,1578.8,1579.15,69.02
1782655260000,1579.16,1579.57,1578.85,1578.9,123.68
1782655320000,1578.92,1579.24,1578.35,1578.85,84.03
1782655380000,1578.84,1580.39,1578.81,1579.23,111.05
1782655440000,1579.25,1579.49,1579.16,1579.24,134.06
1782655500000,1579.25,1579.25,1577.22,1578.34,92.53
1782655560000,1578.35,1580.14,1578.19,1580.14,46.68
1782655620000,1580.13,1580.79,1578.26,1578.45,37.18
1782655680000,1578.45,1579.55,1578.29,1579.54,26.51
1782655740000,1579.55,1580.92,1579.54,1580.63,32.69
1782655800000,1580.63,1581.04,1580.05,1580.6,138.14
1782655860000,1580.51,1581.46,1580.17,1581.46,57.4
1782655920000,1581.45,1581.92,1581.05,1581.3,132.66
1782655980000,1581.37,1581.55,1580.9,1581.48,22.96
1782656040000,1581.47,1581.58,1581.09,1581.34,22.26
1782656100000,1581.34,1581.46,1580.79,1581.01,43.99
1782656160000,1580.99,1581.04,1580.46,1580.72,100.81
1782656220000,1580.71,1580.71,1579.36,1579.36,140.46
1782656280000,1579.37,1579.96,1579.15,1579.84,24.99
1782656340000,1579.84,1585.42,1579.84,1584.16,641.99
1782656400000,1584.04,1584.99,1582.37,1583.04,230.95
1782656460000,1583.04,1583.9,1582.89,1583.04,55.61
1782656520000,1583.03,1583.71,1580.74,1580.79,65.36
1782656580000,1580.8,1582.19,1580.66,1581.96,29.85
1782656640000,1581.95,1581.98,1581.14,1581.23,118.76
1782656700000,1581.23,1581.25,1579.79,1579.99,170.18
1782656760000,1580.0,1580.14,1579.78,1580.08,29.88
1782656820000,1580.1,1581.84,1580.05,1581.72,37.71
1782656880000,1581.73,1581.83,1580.72,1581.83,35.69
1782656940000,1581.82,1582.0,1581.41,1581.7,23.02
1782657000000,1581.71,1581.78,1580.77,1581.58,22.91
1782657060000,1581.59,1582.0,1581.3,1581.59,37.73
1782657120000,1581.6,1581.67,1580.24,1581.2,40.14
1782657180000,1581.21,1583.74,1581.2,1582.59,134.6
1782657240000,1582.59,1583.49,1582.24,1582.4,27.79
1782657300000,1582.41,1582.83,1582.28,1582.78,31.41
1782657360000,1582.78,1583.43,1582.59,1583.3,45.98
1782657420000,1583.35,1583.35,1581.82,1581.97,40.96
1782657480000,1581.98,1581.98,1581.05,1581.61,63.85
1782657540000,1581.55,1582.48,1581.55,1582.47,50.54
1782657600000,1582.47,1582.81,1582.07,1582.21,44.34
1782657660000,1582.2,1582.55,1581.98,1582.51,33.19
1782657720000,1582.51,1582.52,1581.42,1581.74,47.12
1782657780000,1581.74,1582.03,1581.49,1582.0,49.56
1782657840000,1582.0,1582.47,1581.93,1582.46,25.42
1782657900000,1582.47,1582.75,1581.74,1581.91,42.82
1782657960000,1581.92,1582.3,1581.75,1581.85,21.21
1782658020000,1581.85,1583.35,1581.83,1583.3,26.01
1782658080000,1583.22,1585.5,1583.2,1583.67,260.0
1782658140000,1583.68,1583.92,1582.62,1583.2,69.62
1782658200000,1583.08,1583.16,1582.4,1582.93,63.67
1782658260000,1582.93,1583.81,1582.92,1583.6,40.5
1782658320000,1583.59,1583.78,1582.27,1582.29,178.92
1782658380000,1582.3,1582.7,1581.81,1581.82,43.51
1782658440000,1581.81,1581.82,1580.08,1580.38,35.25
1782658500000,1580.39,1581.39,1580.34,1581.37,104.85
1782658560000,1581.38,1581.41,1581.03,1581.03,33.86
1782658620000,1581.03,1581.25,1581.03,1581.23,33.27
1782658680000,1581.23,1581.25,1581.05,1581.25,21.57
1782658740000,1581.24,1581.26,1580.64,1580.64,36.48
1782658800000,1580.65,1580.97,1580.64,1580.96,1144.39
1782658860000,1580.97,1580.97,1578.86,1580.56,66.69
1782658920000,1580.56,1581.59,1580.54,1581.59,52.22
1782658980000,1581.6,1583.51,1581.6,1582.99,62.29
1782659040000,1582.99,1583.46,1582.97,1583.34,26.78
1782659100000,1583.34,1584.0,1582.37,1582.37,39.74
1782659160000,1582.35,1583.05,1582.11,1582.78,30.36
1782659220000,1582.86,1583.55,1582.75,1583.01,37.42
1782659280000,1583.1,1583.16,1579.42,1579.42,40.6
1782659340000,1579.33,1579.46,1577.83,1578.3,438.33
1782659400000,1578.2,1579.22,1576.44,1578.67,321.37
1782659460000,1578.69,1579.14,1578.19,1578.44,267.72
1782659520000,1578.45,1579.36,1578.44,1579.09,253.11
1782659580000,1579.08,1581.53,1579.08,1581.48,209.57
1782659640000,1581.49,1583.13,1581.11,1582.78,253.75
1782659700000,1582.78,1583.7,1580.03,1580.67,532.62
1782659760000,1580.69,1581.69,1580.65,1581.64,83.95
1782659820000,1581.65,1581.98,1581.26,1581.81,31.3
1782659880000,1581.8,1584.59,1581.8,1582.89,396.99
1782659940000,1582.88,1582.89,1581.56,1581.56,45.04
1782660000000,1581.57,1581.85,1581.16,1581.55,59.11
1782660060000,1581.55,1581.87,1580.7,1580.87,125.97
1782660120000,1580.87,1581.93,1580.79,1581.56,26.01
1782660180000,1581.57,1581.57,1581.14,1581.21,35.52
1782660240000,1581.21,1582.23,1581.21,1582.13,43.99
1782660300000,1582.13,1582.94,1581.86,1582.93,23.51
1782660360000,1582.93,1583.17,1581.95,1582.34,113.79
1782660420000,1582.33,1582.4,1581.68,1581.79,23.22
1782660480000,1581.79,1581.87,1581.56,1581.59,21.84
1782660540000,1581.58,1581.82,1581.33,1581.71,95.41
1782660600000,1581.64,1581.65,1580.93,1581.31,93.13
1782660660000,1581.31,1582.66,1581.03,1581.03,109.64
1782660720000,1581.02,1581.76,1580.67,1581.69,53.36
1782660780000,1581.71,1583.29,1581.5,1582.25,78.48
1782660840000,1582.24,1583.47,1582.12,1583.46,49.6
1782660900000,1583.48,1583.94,1581.76,1581.77,312.52
1782660960000,1581.76,1582.01,1578.84,1579.47,202.88
1782661020000,1579.47,1579.93,1578.92,1579.41,251.22
1782661080000,1579.4,1579.89,1579.4,1579.56,65.77
1782661140000,1579.55,1580.27,1579.55,1579.82,25.86
1782661200000,1579.83,1579.89,1579.59,1579.7,46.37
1782661260000,1579.7,1580.0,1579.1,1579.11,147.44
1782661320000,1579.11,1580.37,1579.11,1580.24,21.99
1782661380000,1580.22,1580.89,1580.11,1580.73,63.86
1782661440000,1580.73,1581.37,1580.7,1580.98,58.58
1782661500000,1580.87,1580.87,1580.23,1580.33,24.02
1782661560000,1580.24,1580.34,1579.43,1579.67,31.19
1782661620000,1579.6,1580.36,1579.1,1579.12,74.63
1782661680000,1579.1,1579.56,1578.85,1579.4,167.0
1782661740000,1579.39,1579.39,1578.36,1578.74,56.53
1782661800000,1578.82,1580.02,1578.42,1580.02,36.74
1782661860000,1580.15,1581.36,1580.15,1580.94,41.84
1782661920000,1580.95,1582.55,1580.93,1581.42,183.08
1782661980000,1581.43,1581.43,1577.1,1577.13,212.22
1782662040000,1577.13,1578.06,1576.44,1578.01,328.47
1782662100000,1578.01,1578.38,1577.69,1578.13,71.15
1782662160000,1578.13,1579.26,1578.12,1578.7,164.12
1782662220000,1578.71,1579.58,1578.71,1579.19,111.22
1782662280000,1579.2,1580.05,1579.06,1579.49,54.85
1782662340000,1579.49,1580.09,1579.14,1580.09,75.03
1782662400000,1580.08,1580.41,1579.35,1579.77,99.51
1782662460000,1579.69,1580.45,1577.95,1580.43,25.92
1782662520000,1580.44,1581.15,1579.55,1580.39,44.19
1782662580000,1580.43,1580.51,1578.92,1578.93,126.79
1782662640000,1578.92,1580.01,1578.57,1579.54,57.85
1782662700000,1579.55,1580.24,1579.52,1580.03,28.27
1782662760000,1580.02,1580.03,1578.78,1579.53,152.11
1782662820000,1579.53,1579.81,1578.97,1579.57,62.19
1782662880000,1579.61,1579.84,1579.41,1579.58,53.83
1782662940000,1579.58,1579.59,1576.61,1577.44,283.48
1782663000000,1577.61,1578.19,1576.94,1578.19,34.02
1782663060000,1578.21,1578.89,1577.97,1578.4,297.55
1782663120000,1578.41,1578.72,1577.99,1578.71,35.89
1782663180000,1578.7,1578.9,1578.0,1578.0,82.25
1782663240000,1577.95,1577.98,1577.7,1577.73,29.04
1782663300000,1577.72,1577.73,1576.3,1577.06,94.87
1782663360000,1577.06,1578.95,1577.05,1578.94,197.41
1782663420000,1578.95,1579.02,1578.0,1578.92,90.38
1782663480000,1578.92,1579.23,1578.7,1578.84,69.07
1782663540000,1578.84,1579.14,1578.41,1578.64,65.45
1782663600000,1578.64,1578.91,1577.91,1577.99,49.63
1782663660000,1578.02,1579.01,1578.02,1578.94,100.21
1782663720000,1578.95,1578.95,1576.66,1576.66,57.88
1782663780000,1576.59,1577.21,1576.41,1576.83,226.12
1782663840000,1576.84,1577.05,1576.2,1576.22,50.24
1782663900000,1576.21,1576.39,1572.64,1572.94,670.87
1782663960000,1572.93,1574.75,1572.82,1573.4,277.06
1782664020000,1573.41,1574.38,1572.66,1573.22,179.01
1782664080000,1573.18,1574.3,1572.5,1574.22,251.22
1782664140000,1574.24,1575.63,1574.06,1575.61,292.47
1782664200000,1575.61,1576.18,1573.58,1574.33,107.09
1782664260000,1574.33,1574.76,1572.6,1573.19,324.49
1782664320000,1573.19,1573.22,1571.76,1572.74,231.48
1782664380000,1572.74,1572.99,1569.86,1570.84,618.91
1782664440000,1570.83,1570.84,1566.83,1569.23,1076.4
1782664500000,1569.23,1571.44,1568.3,1569.78,473.51
1782664560000,1569.78,1570.44,1568.03,1568.96,181.42
1782664620000,1569.1,1569.8,1567.8,1569.39,94.72
1782664680000,1569.4,1570.39,1568.39,1569.04,87.58
1782664740000,1569.18,1570.84,1568.98,1569.05,164.63
1782664800000,1569.04,1569.64,1568.18,1569.08,192.43
1782664860000,1569.08,1570.95,1569.04,1570.38,95.56
1782664920000,1570.38,1570.81,1568.77,1568.97,96.7
1782664980000,1568.98,1569.54,1566.3,1567.03,385.64
1782665040000,1567.03,1567.87,1566.59,1567.07,207.5
1782665100000,1567.07,1567.2,1565.71,1566.47,312.5
1782665160000,1566.55,1567.7,1566.14,1567.51,458.11
1782665220000,1567.52,1568.84,1567.45,1568.76,119.64
1782665280000,1568.76,1570.99,1568.74,1570.96,921.59
1782665340000,1570.99,1571.41,1570.24,1570.29,215.53
1782665400000,1570.3,1570.3,1569.22,1569.64,74.13
1782665460000,1569.68,1570.3,1569.63,1570.02,63.12
1782665520000,1570.02,1570.78,1568.95,1569.62,124.3
1782665580000,1569.61,1570.09,1569.05,1570.02,48.4
1782665640000,1570.02,1570.78,1569.5,1570.67,95.37
1782665700000,1570.67,1570.78,1570.17,1570.63,1221.8
1782665760000,1570.78,1570.9,1570.16,1570.83,46.29
1782665820000,1570.83,1572.17,1570.83,1571.93,132.14
1782665880000,1571.95,1572.06,1571.22,1571.89,180.67
1782665940000,1571.91,1572.53,1571.91,1572.01,45.72
1782666000000,1572.01,1572.86,1571.71,1572.79,137.84
1782666060000,1572.78,1573.42,1572.33,1572.33,88.49
1782666120000,1572.29,1572.99,1571.45,1572.02,55.74
1782666180000,1572.0,1573.46,1572.0,1573.46,62.09
1782666240000,1573.46,1573.59,1572.57,1572.57,157.78
1782666300000,1572.58,1572.58,1571.96,1572.3,70.18
1782666360000,1572.31,1575.78,1572.3,1575.51,729.16
1782666420000,1575.46,1576.62,1574.44,1574.93,467.29
1782666480000,1574.85,1574.85,1573.58,1573.58,568.0
1782666540000,1573.59,1573.95,1572.73,1572.83,209.57
1782666600000,1572.84,1572.87,1571.39,1571.39,64.81
1782666660000,1571.35,1571.35,1568.72,1569.59,618.54
1782666720000,1569.58,1570.22,1567.41,1568.99,375.69
1782666780000,1569.0,1570.1,1568.99,1569.9,117.13
1782666840000,1569.9,1570.23,1569.66,1569.88,87.96
1782666900000,1569.88,1570.66,1569.49,1570.29,588.44
1782666960000,1570.14,1570.75,1569.98,1570.44,267.39
1782667020000,1570.42,1570.46,1569.61,1569.71,32.79
1782667080000,1569.71,1569.73,1568.29,1568.85,208.65
1782667140000,1568.81,1569.26,1568.34,1568.93,175.34
1782667200000,1568.85,1570.24,1568.85,1569.84,124.85
1782667260000,1569.83,1569.83,1568.35,1568.94,39.12
1782667320000,1568.93,1569.34,1568.42,1569.12,121.0
1782667380000,1569.12,1569.54,1568.91,1569.28,529.88
1782667440000,1569.28,1569.63,1569.09,1569.27,23.17
1782667500000,1569.26,1569.27,1567.41,1567.41,318.99
1782667560000,1567.42,1567.65,1566.06,1567.31,422.33
1782667620000,1567.36,1567.95,1567.36,1567.75,264.72
1782667680000,1567.75,1567.9,1567.37,1567.8,26.3
1782667740000,1567.8,1567.81,1566.8,1566.87,47.48
1782667800000,1566.87,1566.88,1565.36,1566.88,1441.92
1782667860000,1566.88,1568.09,1566.87,1567.76,1278.26
1782667920000,1567.77,1569.99,1567.59,1569.74,297.94
1782667980000,1569.72,1570.0,1568.56,1568.99,64.04
1782668040000,1568.95,1569.22,1567.8,1568.25,248.9
1782668100000,1568.24,1568.35,1563.89,1564.53,627.88
1782668160000,1564.53,1565.11,1563.0,1563.0,690.06
1782668220000,1563.0,1564.37,1562.5,1562.73,303.4
1782668280000,1562.62,1564.82,1562.62,1564.08,202.43
1782668340000,1564.08,1565.06,1563.37,1564.98,153.87
1782668400000,1564.98,1568.34,1564.9,1567.87,843.79
1782668460000,1567.84,1568.88,1566.98,1567.93,66.3
1782668520000,1567.94,1568.13,1566.0,1567.96,42.63
1782668580000,1567.96,1568.82,1567.88,1568.6,29.25
1782668640000,1568.59,1569.11,1568.34,1568.38,69.73
1782668700000,1568.37,1568.39,1567.68,1567.88,57.66
1782668760000,1567.88,1569.84,1567.88,1569.57,155.62
1782668820000,1569.49,1570.19,1568.94,1568.94,36.74
1782668880000,1568.95,1569.21,1568.29,1568.37,42.59
1782668940000,1568.37,1568.99,1568.36,1568.79,25.15
1782669000000,1568.79,1569.95,1568.75,1569.05,44.22
1782669060000,1569.05,1569.85,1569.04,1569.6,50.81
1782669120000,1569.59,1571.51,1569.59,1571.27,192.3
1782669180000,1571.27,1572.67,1570.85,1570.86,396.62
1782669240000,1570.81,1571.04,1570.34,1570.74,115.8
1782669300000,1570.74,1572.26,1570.73,1572.01,87.08
1782669360000,1571.89,1571.97,1571.67,1571.97,75.69
1782669420000,1572.04,1572.45,1571.79,1572.37,65.51
1782669480000,1572.37,1572.46,1571.26,1571.42,42.65
1782669540000,1571.52,1571.76,1571.44,1571.46,32.56
1782669600000,1571.46,1572.09,1570.88,1571.77,61.62
1782669660000,1571.78,1573.78,1571.36,1573.72,214.12
1782669720000,1573.54,1574.13,1572.52,1573.56,408.88
1782669780000,1573.56,1574.46,1572.52,1572.52,390.4
1782669840000,1572.52,1573.18,1571.96,1573.08,232.75
1782669900000,1573.09,1573.75,1572.56,1572.56,49.28
1782669960000,1572.57,1573.13,1571.53,1572.98,46.93
1782670020000,1572.98,1573.28,1572.78,1573.23,33.57
1782670080000,1573.26,1574.32,1572.65,1574.18,82.14
1782670140000,1574.17,1574.18,1573.32,1573.5,75.26
1782670200000,1573.5,1573.63,1573.26,1573.27,39.05
1782670260000,1573.27,1573.28,1572.89,1572.92,38.51
1782670320000,1572.93,1573.4,1572.86,1572.97,24.64
1782670380000,1572.97,1573.02,1572.49,1572.67,96.43
1782670440000,1572.68,1572.68,1572.36,1572.6,50.84
1782670500000,1572.61,1572.61,1570.51,1572.46,132.04
1782670560000,1572.47,1572.71,1571.46,1571.64,26.41
1782670620000,1571.65,1572.03,1570.56,1571.07,50.12
1782670680000,1571.07,1572.08,1570.99,1571.78,60.63
1782670740000,1571.78,1572.15,1571.09,1571.42,29.44
1782670800000,1571.41,1571.41,1570.64,1570.75,88.23
1782670860000,1570.75,1571.58,1570.47,1571.58,81.25
1782670920000,1571.58,1571.83,1571.28,1571.63,80.04
1782670980000,1571.63,1571.64,1571.32,1571.5,24.46
1782671040000,1571.5,1572.13,1571.28,1571.38,95.33
1782671100000,1571.38,1572.77,1571.38,1572.29,1082.39
1782671160000,1572.24,1572.24,1570.82,1570.83,37.23
1782671220000,1570.82,1570.83,1569.03,1570.25,228.43
1782671280000,1570.25,1570.64,1569.85,1569.9,33.96
1782671340000,1569.91,1569.91,1568.74,1569.17,44.47
1782671400000,1569.17,1569.76,1569.08,1569.66,36.05
1782671460000,1569.66,1569.97,1569.6,1569.75,50.91
1782671520000,1569.75,1570.45,1569.75,1570.18,30.73
1782671580000,1570.17,1570.18,1568.97,1569.39,29.33
1782671640000,1569.38,1569.6,1569.02,1569.08,31.88
1782671700000,1569.07,1569.08,1568.66,1568.78,31.52
1782671760000,1568.78,1569.16,1568.32,1568.95,188.92
1782671820000,1568.96,1569.95,1568.85,1569.87,75.96
1782671880000,1569.86,1570.49,1569.47,1569.48,405.0
1782671940000,1569.59,1569.98,1569.58,1569.73,29.04
1782672000000,1569.73,1570.73,1569.73,1570.72,39.03
1782672060000,1570.74,1572.03,1570.74,1571.78,175.2
1782672120000,1571.9,1572.06,1571.05,1571.13,21.31
1782672180000,1571.15,1571.32,1570.71,1570.72,37.24
1782672240000,1570.71,1570.72,1570.32,1570.34,22.61
1782672300000,1570.34,1570.34,1569.59,1570.25,279.64
1782672360000,1570.24,1570.68,1570.24,1570.58,40.28
1782672420000,1570.57,1571.64,1570.51,1570.62,88.66
1782672480000,1570.63,1570.63,1569.8,1570.02,27.94
1782672540000,1569.92,1569.92,1567.98,1569.03,479.21
1782672600000,1569.03,1569.94,1569.03,1569.82,96.71
1782672660000,1569.81,1570.2,1569.67,1569.79,27.38
1782672720000,1569.75,1570.88,1569.52,1570.88,55.97
1782672780000,1570.88,1571.14,1570.35,1570.58,50.95
1782672840000,1570.59,1570.88,1569.96,1569.96,28.94
1782672900000,1569.93,1570.41,1569.55,1570.35,34.7
1782672960000,1570.34,1571.35,1570.31,1570.79,283.44
1782673020000,1570.83,1572.19,1570.74,1571.98,208.91
1782673080000,1572.0,1572.01,1571.02,1571.41,33.27
1782673140000,1571.41,1571.54,1570.91,1570.91,24.24
1782673200000,1570.92,1571.05,1570.5,1570.5,41.45
1782673260000,1570.51,1570.67,1569.91,1570.23,226.72
1782673320000,1570.23,1570.54,1568.15,1568.15,98.53
1782673380000,1568.2,1568.36,1566.39,1567.22,533.4
1782673440000,1567.17,1567.92,1566.21,1567.91,69.2
1782673500000,1567.91,1568.26,1567.23,1568.06,41.78
1782673560000,1568.06,1568.53,1568.06,1568.53,55.02
1782673620000,1568.52,1568.96,1568.52,1568.84,21.82
1782673680000,1568.84,1569.22,1568.61,1568.87,24.84
1782673740000,1568.87,1569.66,1568.76,1569.56,90.72
1782673800000,1569.56,1569.63,1568.83,1569.11,351.72
1782673860000,1569.12,1569.24,1568.98,1569.13,31.9
1782673920000,1569.14,1569.15,1568.54,1568.55,36.1
1782673980000,1568.55,1569.01,1568.5,1568.69,23.78
1782674040000,1568.66,1568.84,1568.55,1568.84,27.73
1782674100000,1568.83,1569.13,1568.7,1568.86,24.83
1782674160000,1568.86,1569.32,1568.4,1569.32,47.21
1782674220000,1569.31,1569.32,1567.87,1568.03,177.77
1782674280000,1568.03,1568.25,1567.45,1568.04,26.46
1782674340000,1568.05,1568.43,1567.85,1567.85,22.1
1782674400000,1567.82,1567.82,1566.8,1567.0,127.22
1782674460000,1567.0,1569.47,1566.84,1569.26,339.43
1782674520000,1569.26,1569.26,1567.76,1568.32,35.55
1782674580000,1568.32,1569.05,1568.32,1569.04,221.66
1782674640000,1569.04,1569.04,1568.53,1568.81,24.13
1782674700000,1568.81,1569.06,1568.71,1568.71,31.36
1782674760000,1568.72,1569.63,1568.7,1568.99,30.49
1782674820000,1568.99,1569.42,1568.92,1569.42,49.15
1782674880000,1569.42,1569.6,1568.84,1568.84,34.47
1782674940000,1568.84,1569.63,1568.83,1569.62,60.24
1782675000000,1569.62,1570.15,1569.42,1569.78,456.05
1782675060000,1569.85,1572.76,1569.84,1572.66,548.63
1782675120000,1572.75,1573.77,1572.3,1572.44,193.0
1782675180000,1572.44,1572.86,1571.93,1572.35,59.08
1782675240000,1572.35,1572.35,1571.58,1571.73,28.98
1782675300000,1571.73,1571.73,1568.59,1568.63,508.45
1782675360000,1568.62,1569.54,1568.4,1569.03,309.57
1782675420000,1569.02,1569.03,1567.21,1568.15,554.32
1782675480000,1568.14,1568.14,1567.17,1567.34,47.54
1782675540000,1567.36,1568.29,1567.19,1567.86,48.67
1782675600000,1567.93,1567.93,1567.21,1567.81,161.63
1782675660000,1567.82,1568.15,1567.52,1567.61,50.98
1782675720000,1567.62,1567.62,1566.82,1567.01,248.55
1782675780000,1567.03,1567.31,1566.95,1567.29,126.06
1782675840000,1567.36,1567.47,1567.11,1567.28,64.43
1782675900000,1567.29,1567.36,1565.4,1565.4,112.56
1782675960000,1565.29,1565.82,1563.0,1563.34,471.8
1782676020000,1563.34,1563.91,1556.67,1557.5,2748.51
1782676080000,1557.49,1559.14,1555.74,1558.09,519.01
1782676140000,1557.88,1560.0,1557.86,1558.71,407.4
1782676200000,1558.71,1560.05,1558.32,1559.25,234.32
1782676260000,1559.3,1559.79,1558.23,1559.44,155.27
1782676320000,1559.46,1559.76,1558.39,1558.49,88.14
1782676380000,1558.48,1560.97,1557.52,1560.93,441.27
1782676440000,1560.94,1564.56,1560.94,1564.08,1058.37
1782676500000,1563.89,1563.95,1562.38,1562.8,124.99
1782676560000,1562.81,1563.63,1562.03,1563.04,118.93
1782676620000,1563.03,1564.0,1562.69,1563.34,361.4
1782676680000,1563.34,1564.57,1563.21,1564.57,76.51
1782676740000,1564.56,1564.61,1563.76,1563.77,229.31
1782676800000,1563.76,1565.0,1562.31,1565.0,168.12
1782676860000,1565.0,1565.2,1564.36,1565.2,344.47
1782676920000,1565.25,1566.71,1565.0,1566.04,166.47
1782676980000,1566.04,1566.59,1565.87,1565.88,42.13
1782677040000,1565.88,1565.94,1565.37,1565.66,39.2
1782677100000,1565.66,1566.77,1565.02,1566.45,130.1
1782677160000,1566.43,1566.43,1565.79,1565.99,274.72
1782677220000,1565.99,1566.62,1565.55,1566.32,52.69
1782677280000,1566.31,1566.32,1565.56,1565.56,50.84
1782677340000,1565.55,1566.09,1565.55,1565.67,227.34
1782677400000,1565.67,1567.47,1565.66,1567.23,77.33
1782677460000,1567.1,1567.45,1566.46,1566.48,193.93
1782677520000,1566.5,1567.57,1566.5,1567.32,28.85
1782677580000,1567.33,1570.02,1567.32,1569.84,523.97
1782677640000,1569.81,1572.69,1569.76,1572.01,418.65
1782677700000,1572.02,1575.38,1571.24,1572.34,597.42
1782677760000,1572.31,1572.94,1571.42,1572.01,380.11
1782677820000,1572.02,1572.39,1571.21,1572.19,240.56
1782677880000,1572.2,1572.66,1571.78,1571.81,544.64
1782677940000,1571.82,1572.67,1571.72,1572.67,71.19
1782678000000,1572.75,1573.44,1571.23,1572.09,75.29
1782678060000,1572.08,1572.27,1571.78,1571.8,26.68
1782678120000,1571.8,1572.96,1571.46,1572.67,273.27
1782678180000,1572.71,1573.8,1572.23,1573.79,287.84
1782678240000,1573.88,1575.09,1573.69,1573.99,621.52
1782678300000,1573.99,1575.76,1573.37,1573.38,358.49
1782678360000,1573.37,1573.77,1573.19,1573.22,42.84
1782678420000,1573.21,1573.78,1573.06,1573.6,213.09
1782678480000,1573.62,1574.27,1573.62,1573.98,796.47
1782678540000,1573.97,1574.06,1572.78,1573.32,105.51
1782678600000,1573.32,1573.83,1572.72,1573.35,89.95
1782678660000,1573.36,1573.39,1572.53,1573.14,163.25
1782678720000,1573.13,1573.78,1573.05,1573.77,46.32
1782678780000,1573.77,1574.2,1572.93,1573.5,134.65
1782678840000,1573.49,1573.5,1572.6,1572.81,46.34
1782678900000,1572.77,1573.33,1571.95,1571.99,287.14
1782678960000,1571.97,1573.5,1571.2,1573.29,49.65
1782679020000,1573.28,1573.33,1572.2,1572.3,51.35
1782679080000,1572.29,1573.01,1572.29,1572.8,38.56
1782679140000,1572.8,1572.81,1572.49,1572.79,158.35
1782679200000,1572.79,1573.18,1572.38,1572.99,105.59
1782679260000,1572.99,1572.99,1572.13,1572.18,26.91
1782679320000,1572.17,1572.51,1572.09,1572.4,22.43
1782679380000,1572.39,1572.4,1571.62,1571.81,29.85
1782679440000,1571.81,1572.02,1571.62,1571.8,159.66
1782679500000,1571.79,1572.1,1570.9,1571.19,779.63
1782679560000,1571.18,1572.29,1571.03,1572.28,92.22
1782679620000,1572.33,1572.74,1572.13,1572.68,298.44
1782679680000,1572.68,1573.89,1572.48,1573.26,219.12
1782679740000,1573.26,1573.36,1572.84,1573.08,30.21
1782679800000,1573.07,1573.07,1572.27,1572.29,195.61
1782679860000,1572.28,1572.29,1571.25,1571.26,100.42
1782679920000,1571.26,1571.99,1571.25,1571.98,22.31
1782679980000,1571.99,1572.64,1571.73,1572.37,37.33
1782680040000,1572.36,1572.45,1572.01,1572.03,22.52
1782680100000,1572.03,1572.45,1572.02,1572.45,41.78
1782680160000,1572.44,1572.96,1572.44,1572.91,40.44
1782680220000,1572.93,1573.33,1572.9,1572.9,44.95
1782680280000,1572.9,1572.9,1572.49,1572.5,28.21
1782680340000,1572.5,1572.56,1572.22,1572.4,23.51
1782680400000,1572.49,1572.5,1571.5,1571.57,709.43
1782680460000,1571.57,1571.58,1570.82,1570.82,74.84
1782680520000,1570.81,1570.81,1570.31,1570.47,254.01
1782680580000,1570.47,1570.82,1570.36,1570.53,25.31
1782680640000,1570.53,1571.12,1570.34,1570.35,26.2
1782680700000,1570.34,1571.87,1569.34,1571.87,316.6
1782680760000,1571.86,1571.87,1571.05,1571.57,37.7
1782680820000,1571.61,1571.62,1571.08,1571.55,85.03
1782680880000,1571.55,1571.6,1570.97,1570.99,23.44
1782680940000,1570.98,1571.4,1570.92,1571.02,36.83
1782681000000,1571.02,1571.15,1570.66,1570.66,25.34
1782681060000,1570.66,1570.67,1570.06,1570.08,38.75
1782681120000,1570.08,1570.12,1569.85,1569.87,85.81
1782681180000,1569.87,1569.93,1567.75,1569.41,203.81
1782681240000,1569.41,1569.99,1569.16,1569.89,222.43
1782681300000,1569.88,1569.91,1568.98,1569.0,29.83
1782681360000,1568.99,1569.83,1568.98,1569.82,41.3
1782681420000,1569.83,1569.85,1569.17,1569.47,27.73
1782681480000,1569.47,1569.5,1568.56,1569.5,294.49
1782681540000,1569.49,1570.43,1569.49,1570.43,207.41
1782681600000,1570.42,1571.23,1570.42,1571.15,441.56
1782681660000,1571.15,1571.39,1570.68,1570.77,160.95
1782681720000,1570.78,1570.79,1568.72,1568.97,124.36
1782681780000,1568.97,1569.67,1568.96,1569.37,28.03
1782681840000,1569.36,1569.65,1568.99,1569.64,30.07
1782681900000,1569.62,1569.63,1568.86,1569.34,29.97
1782681960000,1569.34,1570.1,1569.34,1570.06,36.07
1782682020000,1570.07,1570.75,1569.83,1569.89,92.38
1782682080000,1569.88,1570.5,1569.74,1570.28,48.86
1782682140000,1570.29,1570.3,1569.62,1569.63,183.4
1782682200000,1569.63,1570.07,1569.53,1570.07,33.52
1782682260000,1570.07,1571.6,1570.05,1571.28,155.18
1782682320000,1571.28,1571.28,1570.1,1570.11,26.92
1782682380000,1570.08,1571.02,1570.07,1570.5,1060.55
1782682440000,1570.5,1570.96,1570.32,1570.95,32.24
1782682500000,1570.94,1571.58,1570.86,1571.57,98.85
1782682560000,1571.56,1572.62,1571.56,1572.62,157.64
1782682620000,1572.61,1573.06,1571.58,1571.91,106.5
1782682680000,1571.91,1571.91,1569.61,1570.19,232.15
1782682740000,1570.18,1570.47,1569.61,1569.62,22.26
1782682800000,1569.54,1570.25,1569.0,1569.99,84.9
1782682860000,1569.98,1569.99,1569.63,1569.81,72.36
1782682920000,1569.82,1570.55,1569.81,1570.4,135.04
1782682980000,1570.4,1570.41,1569.14,1569.15,34.98
1782683040000,1569.14,1569.99,1568.8,1569.08,135.86
1782683100000,1569.09,1569.94,1569.06,1569.76,83.74
1782683160000,1569.76,1569.76,1565.07,1565.07,479.95
1782683220000,1565.0,1566.15,1563.66,1565.65,285.83
1782683280000,1565.69,1565.69,1564.24,1564.76,244.69
1782683340000,1564.66,1564.98,1559.67,1559.96,314.22
1782683400000,1559.91,1561.91,1559.71,1561.41,192.72
1782683460000,1561.58,1562.15,1559.88,1560.15,134.81
1782683520000,1560.09,1562.29,1559.87,1561.52,269.25
1782683580000,1561.39,1561.52,1558.17,1559.83,331.66
1782683640000,1559.9,1561.69,1559.21,1561.27,82.07
1782683700000,1561.27,1562.07,1560.14,1560.34,119.7
1782683760000,1560.4,1561.9,1560.32,1560.33,166.3
1782683820000,1560.32,1561.33,1559.58,1561.31,69.79
1782683880000,1561.3,1561.94,1561.2,1561.94,52.59
1782683940000,1561.94,1562.84,1561.79,1562.84,121.12
1782684000000,1562.88,1569.26,1562.72,1569.26,974.31
1782684060000,1569.34,1570.98,1567.64,1570.64,507.97
1782684120000,1570.7,1576.74,1570.18,1575.17,754.66
1782684180000,1575.32,1581.09,1575.32,1575.96,911.85
1782684240000,1576.06,1578.4,1575.49,1576.36,405.35
1782684300000,1576.22,1578.8,1575.9,1576.89,359.05
1782684360000,1576.9,1578.12,1575.73,1577.32,1072.23
1782684420000,1577.26,1580.81,1576.68,1579.84,211.99
1782684480000,1579.83,1579.92,1574.24,1574.32,177.59
1782684540000,1574.32,1575.39,1573.56,1573.66,144.98
1782684600000,1573.68,1574.03,1572.41,1572.57,374.74
1782684660000,1572.59,1572.9,1569.95,1570.35,505.7
1782684720000,1570.49,1571.89,1570.0,1570.01,294.68
1782684780000,1570.01,1570.92,1569.7,1570.05,159.42
1782684840000,1570.06,1571.55,1570.06,1570.76,81.68
1782684900000,1570.75,1571.37,1569.78,1569.81,87.27
1782684960000,1569.82,1570.28,1569.33,1570.23,33.0
1782685020000,1570.23,1571.32,1570.21,1571.25,919.09
1782685080000,1571.19,1571.19,1563.65,1563.8,1440.43
1782685140000,1563.81,1564.27,1559.48,1562.77,532.02
1782685200000,1562.77,1563.52,1559.81,1559.93,682.39
1782685260000,1560.02,1564.74,1559.98,1563.09,492.12
1782685320000,1563.07,1567.66,1562.5,1567.62,258.57
1782685380000,1567.66,1571.45,1567.3,1568.07,379.72
1782685440000,1568.08,1569.85,1567.0,1568.48,169.43
1782685500000,1568.49,1568.57,1566.5,1566.55,158.96
1782685560000,1566.58,1568.04,1565.46,1565.81,205.41
1782685620000,1565.81,1566.15,1563.78,1565.68,188.18
1782685680000,1565.68,1567.87,1565.62,1566.45,114.76
1782685740000,1566.46,1567.16,1566.1,1566.91,68.52
1782685800000,1566.81,1569.38,1566.79,1567.31,84.42
1782685860000,1567.43,1569.27,1567.01,1567.98,30.34
1782685920000,1567.97,1568.63,1566.66,1566.72,549.19
1782685980000,1566.64,1567.21,1565.07,1565.1,45.34
1782686040000,1565.06,1565.07,1562.72,1563.86,103.68
1782686100000,1563.84,1564.83,1562.97,1564.71,193.73
1782686160000,1564.71,1566.87,1564.71,1566.21,172.75
1782686220000,1566.13,1566.6,1564.65,1564.85,47.72
1782686280000,1564.86,1566.09,1564.86,1565.73,81.71
1782686340000,1565.78,1566.55,1565.43,1566.36,49.58
1782686400000,1566.36,1566.38,1564.12,1565.46,37.81
1782686460000,1565.62,1565.63,1561.24,1561.43,552.91
1782686520000,1561.43,1562.96,1561.43,1562.42,53.79
1782686580000,1562.43,1562.94,1560.4,1561.31,335.16
1782686640000,1561.3,1561.94,1559.74,1560.31,169.12
1782686700000,1560.3,1561.55,1559.6,1559.91,92.83
1782686760000,1559.91,1562.48,1559.9,1561.6,96.53
1782686820000,1561.6,1563.5,1560.29,1560.47,44.85
1782686880000,1560.48,1561.71,1559.82,1560.39,95.51
1782686940000,1560.46,1562.53,1560.46,1562.24,26.11
1782687000000,1562.24,1562.24,1558.67,1560.04,536.43
1782687060000,1560.08,1560.22,1557.57,1557.66,741.66
1782687120000,1557.65,1557.93,1554.38,1557.11,910.83
1782687180000,1557.13,1557.35,1547.42,1551.99,1801.49
1782687240000,1551.99,1553.0,1549.81,1552.03,372.49
1782687300000,1551.94,1554.89,1551.85,1553.97,114.29
1782687360000,1554.0,1555.07,1553.07,1554.97,622.87
1782687420000,1554.97,1556.17,1554.63,1554.92,1090.8
1782687480000,1554.93,1555.9,1554.07,1555.34,85.99
1782687540000,1555.31,1556.85,1555.12,1556.17,169.01
1782687600000,1556.1,1558.0,1554.39,1558.0,400.84
1782687660000,1558.03,1563.87,1558.03,1563.44,622.09
1782687720000,1563.6,1563.74,1560.82,1560.85,309.11
1782687780000,1560.98,1561.06,1559.54,1560.59,208.72
1782687840000,1560.73,1560.8,1558.7,1558.96,117.29
1782687900000,1559.02,1560.32,1557.46,1558.32,455.06
1782687960000,1558.35,1560.11,1558.35,1560.11,118.06
1782688020000,1560.06,1562.49,1560.02,1562.07,190.78
1782688080000,1562.07,1562.97,1561.73,1562.37,66.24
1782688140000,1562.38,1563.19,1561.8,1562.18,38.4
1782688200000,1562.23,1563.12,1561.22,1561.69,44.94
1782688260000,1561.68,1563.13,1561.68,1563.06,37.95
1782688320000,1563.04,1564.65,1562.9,1563.9,210.64
1782688380000,1563.89,1564.38,1561.77,1562.29,142.2
1782688440000,1562.28,1562.65,1560.83,1560.83,619.31
1782688500000,1560.8,1561.84,1560.77,1560.82,796.43
1782688560000,1560.68,1560.95,1559.87,1560.37,102.59
1782688620000,1560.38,1561.82,1559.95,1561.8,102.43
1782688680000,1561.81,1565.29,1561.52,1564.8,159.88
1782688740000,1564.79,1564.93,1563.9,1564.58,218.24
1782688800000,1564.5,1565.42,1563.94,1564.14,43.85
1782688860000,1564.18,1564.97,1562.53,1563.0,77.05
1782688920000,1563.0,1564.93,1562.88,1564.93,31.09
1782688980000,1564.94,1566.14,1564.93,1564.99,153.28
1782689040000,1564.99,1565.59,1564.73,1565.54,241.43
1782689100000,1565.54,1566.37,1564.93,1566.05,319.68
1782689160000,1566.05,1566.23,1565.26,1566.21,24.23
1782689220000,1566.22,1566.5,1565.73,1565.81,38.58
1782689280000,1565.82,1568.9,1565.73,1568.88,195.71
1782689340000,1568.89,1570.62,1568.89,1569.23,344.59
1782689400000,1569.14,1570.98,1568.77,1570.44,119.83
1782689460000,1570.58,1573.23,1570.49,1572.15,334.2
1782689520000,1572.14,1575.76,1571.87,1573.32,151.3
1782689580000,1573.32,1574.0,1572.72,1573.12,52.99
1782689640000,1573.17,1573.92,1572.09,1573.73,2127.24
1782689700000,1573.69,1574.99,1573.4,1574.99,89.05
1782689760000,1574.96,1576.63,1574.73,1576.48,193.91
1782689820000,1576.48,1576.51,1575.3,1575.95,158.47
1782689880000,1576.01,1579.54,1575.65,1578.82,286.03
1782689940000,1578.81,1578.81,1574.39,1575.98,340.04
1782690000000,1575.98,1577.05,1574.62,1575.84,292.13
1782690060000,1575.84,1577.44,1575.73,1576.23,86.5
1782690120000,1576.22,1577.04,1575.66,1575.86,54.33
1782690180000,1575.86,1576.05,1574.91,1575.46,60.34
1782690240000,1575.47,1575.47,1574.79,1574.97,110.93
1782690300000,1574.97,1575.38,1573.17,1573.39,104.42
1782690360000,1573.39,1576.58,1573.38,1576.34,66.26
1782690420000,1576.25,1576.26,1574.29,1574.38,54.68
1782690480000,1574.34,1575.1,1574.26,1574.5,1173.45
1782690540000,1574.51,1574.82,1573.06,1574.45,153.87
1782690600000,1574.49,1574.91,1573.75,1574.21,45.45
1782690660000,1574.21,1575.05,1573.3,1573.3,35.38
1782690720000,1573.3,1573.3,1572.09,1572.73,172.67
1782690780000,1572.8,1573.88,1572.8,1573.87,34.45
1782690840000,1573.86,1573.86,1571.74,1572.04,312.96
1782690900000,1572.04,1572.46,1571.89,1572.12,58.46
1782690960000,1572.09,1572.26,1571.98,1572.15,39.63
1782691020000,1572.15,1572.37,1571.82,1571.97,33.39
1782691080000,1571.97,1572.48,1571.37,1571.61,83.08
1782691140000,1571.63,1571.64,1570.79,1571.2,180.98
1782691200000,1571.23,1571.29,1566.76,1568.49,417.33
1782691260000,1568.5,1569.11,1566.65,1566.74,145.22
1782691320000,1566.69,1567.23,1564.84,1566.19,146.92
1782691380000,1566.16,1568.37,1565.73,1568.02,273.22
1782691440000,1568.03,1568.83,1566.42,1566.42,64.22
1782691500000,1566.42,1566.42,1564.2,1565.18,254.7
1782691560000,1565.27,1565.8,1562.34,1563.39,255.92
1782691620000,1563.35,1563.98,1562.06,1563.56,47.16
1782691680000,1563.56,1566.44,1563.53,1565.07,163.02
1782691740000,1565.08,1566.86,1565.08,1566.85,54.65
1782691800000,1566.87,1567.86,1565.7,1566.79,299.99
1782691860000,1566.84,1569.53,1566.8,1568.9,307.14
1782691920000,1569.0,1572.69,1567.79,1572.57,87.92
1782691980000,1572.51,1573.48,1569.12,1569.74,136.16
1782692040000,1569.74,1570.46,1569.01,1569.28,42.45
1782692100000,1569.27,1569.82,1566.14,1566.79,115.03
1782692160000,1566.85,1567.46,1563.11,1564.31,133.49
1782692220000,1564.3,1566.92,1564.26,1565.54,150.98
1782692280000,1565.55,1566.5,1564.8,1566.38,88.22
1782692340000,1566.45,1566.65,1564.02,1565.43,166.44
1782692400000,1565.47,1565.47,1562.92,1562.92,27.26
1782692460000,1562.92,1562.98,1558.69,1558.96,1320.71
1782692520000,1558.97,1561.69,1558.96,1560.49,568.13
1782692580000,1560.39,1561.78,1559.24,1561.78,195.37
1782692640000,1561.9,1563.6,1561.9,1562.75,254.77
1782692700000,1562.82,1563.8,1561.6,1562.57,125.66
1782692760000,1562.54,1563.0,1561.11,1562.95,83.04
1782692820000,1562.95,1562.95,1561.68,1562.51,140.25
1782692880000,1562.65,1562.95,1560.77,1560.77,35.49
1782692940000,1560.78,1561.58,1559.27,1559.28,52.22
1782693000000,1559.33,1560.82,1558.37,1558.64,116.7
1782693060000,1558.67,1559.12,1553.11,1553.23,679.86
1782693120000,1553.64,1554.61,1551.0,1552.91,303.57
1782693180000,1552.91,1557.23,1552.91,1556.15,388.68
1782693240000,1556.14,1559.49,1554.91,1559.27,265.86
1782693300000,1559.4,1559.4,1555.41,1555.78,259.87
1782693360000,1555.77,1557.46,1555.56,1557.19,90.58
1782693420000,1557.02,1557.02,1552.57,1554.24,188.32
1782693480000,1554.24,1555.47,1553.16,1555.42,56.5
1782693540000,1555.42,1556.94,1554.98,1555.28,123.43
1782693600000,1555.27,1559.08,1554.95,1558.77,174.2
1782693660000,1558.78,1562.12,1558.75,1562.09,498.54
1782693720000,1562.26,1563.82,1562.15,1562.58,73.51
1782693780000,1562.59,1562.82,1560.41,1560.42,239.08
1782693840000,1560.4,1563.15,1560.34,1562.89,103.96
1782693900000,1562.9,1562.9,1560.95,1561.53,58.24
1782693960000,1561.53,1561.95,1560.14,1560.33,143.27
1782694020000,1560.33,1560.63,1557.72,1557.93,345.72
1782694080000,1557.96,1560.22,1556.42,1560.11,116.82
1782694140000,1560.19,1560.98,1559.0,1560.91,79.37
1782694200000,1560.93,1564.69,1560.48,1561.61,140.43
1782694260000,1561.61,1564.84,1561.18,1564.28,91.55
1782694320000,1564.2,1564.99,1563.41,1564.34,144.49
1782694380000,1564.34,1564.99,1563.62,1564.37,40.48
1782694440000,1564.37,1566.0,1564.36,1565.94,1377.53
1782694500000,1566.0,1571.74,1566.0,1570.5,211.48
1782694560000,1570.81,1571.9,1569.67,1569.67,684.98
1782694620000,1569.66,1571.46,1569.55,1569.65,37.17
1782694680000,1569.54,1572.59,1569.11,1572.47,979.19
1782694740000,1572.53,1574.13,1572.12,1572.58,115.54
1782694800000,1572.53,1573.33,1570.93,1571.08,329.65
1782694860000,1571.08,1571.64,1569.22,1569.22,172.6
1782694920000,1569.26,1569.51,1566.06,1567.33,1031.53
1782694980000,1567.33,1567.88,1566.29,1567.06,141.45
1782695040000,1567.04,1567.25,1565.35,1565.47,77.99
1782695100000,1565.46,1566.6,1565.46,1566.59,37.55
1782695160000,1566.68,1570.15,1566.67,1569.54,70.12
1782695220000,1569.54,1570.79,1568.06,1568.15,87.69
1782695280000,1568.09,1568.91,1567.55,1567.88,74.14
1782695340000,1567.88,1568.78,1567.67,1568.1,32.58
1782695400000,1568.09,1568.5,1567.47,1568.34,52.99
1782695460000,1568.34,1568.41,1566.61,1567.28,325.39
1782695520000,1567.29,1567.95,1566.83,1567.21,53.94
1782695580000,1567.21,1567.24,1565.28,1566.09,887.5
1782695640000,1566.09,1566.65,1565.58,1566.44,56.5
1782695700000,1566.44,1567.44,1565.88,1567.34,44.78
1782695760000,1567.31,1567.97,1565.15,1565.16,95.12
1782695820000,1565.16,1565.61,1561.23,1561.45,1271.71
1782695880000,1561.43,1561.7,1559.43,1560.96,926.16
1782695940000,1561.03,1562.23,1560.04,1562.09,58.76
1782696000000,1562.17,1563.39,1560.46,1562.58,157.6
1782696060000,1562.63,1564.86,1562.08,1562.27,304.35
1782696120000,1562.27,1564.01,1562.24,1563.6,57.58
1782696180000,1563.6,1563.8,1562.07,1562.96,492.95
1782696240000,1562.96,1564.95,1562.67,1564.11,220.0
1782696300000,1564.11,1566.09,1564.11,1564.48,60.87
1782696360000,1564.48,1566.96,1564.41,1565.93,234.21
1782696420000,1565.9,1566.43,1562.4,1562.49,182.43
1782696480000,1562.49,1564.39,1562.48,1563.02,31.16
1782696540000,1563.01,1563.01,1561.83,1562.1,201.35
1782696600000,1562.09,1563.87,1559.07,1562.57,380.28
1782696660000,1562.55,1563.69,1561.52,1562.46,179.83
1782696720000,1562.46,1565.55,1562.46,1565.54,81.61
1782696780000,1565.52,1565.6,1563.43,1564.14,43.54
1782696840000,1564.08,1564.73,1561.37,1561.4,73.57
1782696900000,1561.51,1565.28,1560.86,1564.99,159.37
1782696960000,1565.07,1566.46,1563.9,1565.92,32.33
1782697020000,1565.96,1568.57,1565.92,1566.89,255.09
1782697080000,1566.66,1567.9,1565.48,1567.84,412.24
1782697140000,1567.85,1569.49,1567.52,1569.49,33.13
1782697200000,1569.48,1572.24,1569.48,1571.71,355.79
1782697260000,1571.71,1572.95,1571.06,1572.87,70.59
1782697320000,1572.86,1573.27,1571.58,1571.73,158.86
1782697380000,1571.73,1571.73,1570.81,1571.52,222.6
1782697440000,1571.58,1571.79,1570.69,1571.5,44.36
1782697500000,1571.51,1572.2,1569.58,1570.25,428.96
1782697560000,1570.27,1571.17,1569.64,1569.64,175.03
1782697620000,1569.62,1570.52,1568.51,1569.4,136.82
1782697680000,1569.41,1570.21,1568.46,1569.53,161.1
1782697740000,1569.54,1571.9,1568.54,1571.81,104.18
1782697800000,1571.79,1572.39,1569.36,1569.66,323.9
1782697860000,1569.64,1570.24,1568.01,1569.17,180.01
1782697920000,1569.18,1570.97,1568.49,1570.43,172.11
1782697980000,1570.43,1570.51,1568.7,1568.77,18.42
1782698040000,1568.76,1569.81,1568.76,1569.62,21.39
1782698100000,1569.63,1569.8,1568.52,1568.83,19.85
1782698160000,1568.82,1570.31,1568.32,1568.32,20.11
1782698220000,1568.32,1568.86,1567.72,1568.31,54.94
1782698280000,1568.31,1569.54,1568.13,1569.37,30.6
1782698340000,1569.37,1569.37,1567.73,1567.74,49.58
1782698400000,1567.74,1567.9,1565.85,1567.14,199.34
1782698460000,1567.17,1568.58,1566.68,1568.52,131.42
1782698520000,1568.51,1569.75,1567.88,1569.31,26.84
1782698580000,1569.31,1569.9,1567.31,1567.32,19.78
1782698640000,1567.32,1567.32,1565.32,1566.21,139.29
1782698700000,1566.21,1567.47,1565.75,1567.17,23.46
1782698760000,1567.17,1567.23,1563.35,1563.42,165.6
1782698820000,1563.41,1564.28,1563.0,1563.98,132.0
1782698880000,1563.98,1563.98,1562.08,1562.78,142.98
1782698940000,1562.78,1563.25,1561.53,1561.83,188.05
1782699000000,1561.89,1563.16,1561.52,1562.01,69.2
1782699060000,1561.95,1562.18,1561.14,1561.75,243.52
1782699120000,1561.75,1561.79,1558.02,1558.05,337.16
1782699180000,1558.11,1558.15,1549.55,1551.28,1236.5
1782699240000,1551.32,1555.0,1551.32,1554.56,696.92
1782699300000,1554.73,1557.79,1554.34,1557.79,478.3
1782699360000,1557.79,1560.68,1557.4,1557.77,276.55
1782699420000,1557.73,1559.64,1557.26,1558.16,147.29
1782699480000,1558.15,1559.54,1557.43,1558.6,83.14
1782699540000,1558.64,1559.33,1557.7,1558.35,69.41
1782699600000,1558.35,1561.34,1558.35,1561.34,112.75
1782699660000,1561.36,1563.09,1560.92,1562.53,393.55
1782699720000,1562.52,1565.56,1561.76,1565.56,828.17
1782699780000,1565.29,1567.2,1565.0,1565.64,177.81
1782699840000,1565.64,1566.17,1565.16,1566.06,136.4
1782699900000,1566.05,1567.34,1565.38,1567.25,515.77
1782699960000,1567.25,1568.69,1566.57,1568.65,257.79
1782700020000,1568.65,1574.58,1568.3,1572.21,523.26
1782700080000,1572.49,1574.19,1572.27,1573.32,169.75
1782700140000,1573.27,1573.63,1572.11,1572.12,157.88
1782700200000,1572.18,1572.52,1569.44,1570.29,394.54
1782700260000,1570.27,1570.36,1569.46,1569.81,191.24
1782700320000,1569.82,1570.74,1568.76,1570.67,180.67
1782700380000,1570.66,1570.81,1569.18,1569.5,265.2
1782700440000,1569.44,1570.33,1568.74,1570.33,95.55
1782700500000,1570.33,1571.35,1569.92,1570.04,37.4
1782700560000,1570.03,1571.01,1569.61,1570.49,70.84
1782700620000,1570.5,1570.5,1568.74,1570.14,67.84
1782700680000,1570.15,1572.0,1569.67,1572.0,80.76
1782700740000,1572.0,1574.51,1572.0,1572.61,258.5
1782700800000,1572.49,1572.69,1571.48,1572.48,58.34
1782700860000,1572.49,1574.45,1572.44,1573.97,40.67
1782700920000,1573.99,1577.42,1573.76,1577.41,707.98
1782700980000,1577.4,1577.85,1574.82,1575.4,1221.94
1782701040000,1575.32,1575.82,1574.53,1575.79,150.11
1782701100000,1575.82,1576.47,1574.98,1576.25,169.64
1782701160000,1576.24,1577.07,1575.69,1575.87,167.4
1782701220000,1575.87,1577.56,1575.38,1575.58,141.26
1782701280000,1575.58,1576.62,1575.27,1576.45,57.88
1782701340000,1576.36,1578.3,1576.04,1578.24,74.49
1782701400000,1578.23,1578.27,1576.0,1577.3,37.29
1782701460000,1577.27,1577.47,1575.53,1575.8,90.48
1782701520000,1575.88,1576.01,1575.57,1575.74,66.15
1782701580000,1575.71,1575.96,1575.23,1575.82,29.53
1782701640000,1575.82,1576.45,1575.47,1575.53,52.34
1782701700000,1575.52,1576.81,1575.52,1576.45,40.12
1782701760000,1576.45,1577.27,1575.53,1576.66,67.85
1782701820000,1576.64,1577.51,1575.47,1575.47,70.26
1782701880000,1575.47,1576.33,1575.43,1576.05,38.51
1782701940000,1576.04,1576.07,1575.24,1575.79,31.11
1782702000000,1575.83,1577.57,1575.83,1577.46,258.85
1782702060000,1577.46,1577.92,1576.37,1576.77,63.32
1782702120000,1576.78,1581.07,1576.57,1578.77,476.47
1782702180000,1578.77,1579.25,1576.8,1577.27,317.52
1782702240000,1577.28,1580.05,1577.28,1579.95,136.25
1782702300000,1579.99,1587.38,1579.99,1584.46,2251.41
1782702360000,1584.47,1584.77,1581.64,1581.87,458.61
1782702420000,1581.86,1583.88,1581.52,1582.36,228.46
1782702480000,1582.33,1585.37,1582.22,1584.31,410.76
1782702540000,1584.31,1586.49,1584.23,1584.43,173.9
1782702600000,1584.43,1587.0,1583.91,1585.75,577.65
1782702660000,1585.74,1585.75,1584.0,1584.87,154.87
1782702720000,1584.83,1584.83,1582.14,1583.16,520.45
1782702780000,1583.19,1583.73,1582.53,1582.95,383.2
1782702840000,1582.94,1584.49,1582.75,1583.15,59.62
1782702900000,1583.15,1583.62,1582.56,1583.04,155.31
1782702960000,1583.04,1583.12,1582.44,1582.99,185.69
1782703020000,1583.0,1583.68,1582.5,1583.68,103.49
1782703080000,1583.67,1583.88,1582.71,1583.12,47.01
1782703140000,1583.12,1583.51,1582.3,1583.51,42.33
1782703200000,1583.5,1584.19,1582.35,1584.05,76.08
1782703260000,1584.02,1584.77,1583.27,1584.54,40.21
1782703320000,1584.54,1584.92,1584.08,1584.27,480.01
1782703380000,1584.27,1584.27,1582.91,1583.23,60.17
1782703440000,1583.23,1585.87,1582.45,1585.29,93.72
1782703500000,1585.29,1585.3,1584.1,1584.73,56.75
1782703560000,1584.73,1586.92,1584.0,1586.92,225.19
1782703620000,1587.0,1588.22,1586.53,1587.14,414.44
1782703680000,1587.1,1587.27,1585.36,1586.51,71.8
1782703740000,1586.54,1586.56,1585.73,1586.47,55.16
1782703800000,1586.47,1587.17,1584.94,1585.1,278.83
1782703860000,1585.1,1585.31,1584.45,1585.09,61.1
1782703920000,1585.08,1585.08,1582.65,1583.26,102.2
1782703980000,1583.25,1583.51,1582.33,1583.51,70.6
1782704040000,1583.46,1583.75,1583.01,1583.3,96.96
1782704100000,1583.3,1583.56,1581.0,1581.05,137.11
1782704160000,1581.06,1581.53,1579.51,1580.0,894.59
1782704220000,1579.98,1580.28,1578.22,1578.23,1570.27
1782704280000,1578.23,1579.07,1577.1,1577.43,362.89
1782704340000,1577.49,1578.76,1577.49,1578.6,71.76
1782704400000,1578.44,1578.75,1577.49,1577.75,130.58
1782704460000,1577.74,1579.11,1576.62,1577.44,212.9
1782704520000,1577.48,1577.97,1577.01,1577.44,245.99
1782704580000,1577.41,1577.82,1576.79,1577.38,90.52
1782704640000,1577.38,1577.73,1577.24,1577.53,40.63
1782704700000,1577.52,1578.3,1576.86,1578.3,413.66
1782704760000,1578.3,1579.46,1578.3,1579.39,311.5
1782704820000,1579.39,1581.2,1578.69,1580.89,1655.77
1782704880000,1580.9,1581.48,1579.89,1580.07,100.91
1782704940000,1580.08,1581.04,1580.07,1580.53,1600.65
1782705000000,1580.54,1581.24,1580.29,1581.07,140.51
1782705060000,1581.06,1582.07,1580.46,1582.07,32.55
1782705120000,1582.06,1582.98,1581.97,1582.77,128.32
1782705180000,1582.69,1584.48,1582.51,1583.36,176.44
1782705240000,1583.36,1583.7,1582.22,1583.12,41.04
1782705300000,1583.12,1583.14,1582.55,1582.83,25.2
1782705360000,1582.83,1583.03,1581.68,1582.01,144.65
1782705420000,1582.0,1582.71,1581.8,1582.48,60.26
1782705480000,1582.48,1583.19,1582.43,1582.97,27.05
1782705540000,1582.97,1584.14,1582.96,1583.99,68.53
1782705600000,1583.99,1584.34,1582.22,1583.23,100.5
1782705660000,1583.22,1583.76,1582.22,1582.24,63.99
1782705720000,1582.24,1582.94,1582.02,1582.62,51.68
1782705780000,1582.63,1583.37,1582.15,1582.15,95.61
1782705840000,1582.08,1583.29,1582.02,1582.19,52.76
1782705900000,1582.2,1582.37,1581.46,1581.53,76.24
1782705960000,1581.51,1581.58,1580.01,1580.08,196.64
1782706020000,1580.08,1581.92,1580.08,1581.78,50.07
1782706080000,1581.78,1581.78,1581.19,1581.44,131.64
1782706140000,1581.44,1581.68,1580.29,1580.64,73.68
1782706200000,1580.64,1581.21,1579.93,1580.21,113.83
1782706260000,1580.22,1580.27,1579.26,1579.73,34.13
1782706320000,1579.72,1580.05,1579.54,1579.94,76.65
1782706380000,1579.94,1580.14,1579.13,1579.37,33.34
1782706440000,1579.38,1579.84,1579.06,1579.7,753.45
1782706500000,1579.71,1579.92,1579.18,1579.4,126.72
1782706560000,1579.4,1580.43,1579.39,1580.21,168.93
1782706620000,1580.21,1581.68,1580.2,1581.22,37.32
1782706680000,1581.23,1581.27,1580.15,1580.16,28.13
1782706740000,1580.16,1580.59,1579.56,1579.58,45.83
1782706800000,1579.58,1579.97,1578.94,1579.64,109.45
1782706860000,1579.64,1579.64,1578.78,1579.01,54.81
1782706920000,1579.01,1579.22,1578.08,1578.66,45.58
1782706980000,1578.65,1579.55,1578.27,1579.54,25.55
1782707040000,1579.54,1581.09,1579.5,1580.94,186.61
1782707100000,1580.95,1582.49,1580.91,1581.93,96.94
1782707160000,1581.94,1582.78,1581.83,1581.97,65.08
1782707220000,1581.98,1581.98,1581.05,1581.76,132.77
1782707280000,1581.76,1581.77,1580.73,1581.17,82.53
1782707340000,1581.21,1581.82,1581.2,1581.75,51.72
1782707400000,1581.75,1582.05,1580.46,1581.33,213.68
1782707460000,1581.33,1582.1,1580.93,1581.06,74.29
1782707520000,1581.07,1581.07,1580.43,1580.92,58.12
1782707580000,1580.91,1580.97,1580.0,1580.21,52.96
1782707640000,1580.21,1580.22,1579.64,1579.77,101.07
1782707700000,1579.77,1579.79,1579.12,1579.41,51.37
1782707760000,1579.41,1579.68,1577.64,1578.35,134.94
1782707820000,1578.33,1579.46,1577.66,1579.45,191.05
1782707880000,1579.46,1580.06,1579.26,1579.61,966.55
1782707940000,1579.59,1579.59,1577.35,1577.47,35.91
1782708000000,1577.43,1577.43,1575.39,1575.4,272.28
1782708060000,1575.27,1575.7,1574.23,1575.56,1672.56
1782708120000,1575.55,1576.05,1575.03,1575.28,48.61
1782708180000,1575.28,1575.91,1575.18,1575.62,81.91
1782708240000,1575.62,1576.45,1575.57,1576.44,86.03
1782708300000,1576.5,1576.65,1575.7,1576.18,202.58
1782708360000,1576.18,1576.48,1575.29,1575.55,45.78
1782708420000,1575.54,1576.18,1575.54,1575.54,60.02
1782708480000,1575.54,1575.57,1574.39,1574.66,183.11
1782708540000,1574.66,1576.12,1574.64,1576.07,254.74
1782708600000,1576.07,1576.1,1575.48,1575.68,109.06
1782708660000,1575.7,1576.49,1575.14,1576.48,237.32
1782708720000,1576.5,1577.51,1576.13,1576.82,156.66
1782708780000,1576.81,1577.08,1576.54,1576.57,59.61
1782708840000,1576.58,1576.76,1576.02,1576.4,31.11
1782708900000,1576.4,1576.41,1574.28,1574.32,225.5
1782708960000,1574.29,1574.71,1573.8,1574.45,408.46
1782709020000,1574.43,1574.99,1574.39,1574.71,51.22
1782709080000,1574.72,1575.05,1574.42,1574.62,63.82
1782709140000,1574.62,1574.8,1574.57,1574.72,223.42
1782709200000,1574.72,1575.74,1572.65,1572.65,524.87
1782709260000,1572.65,1573.13,1572.22,1572.27,626.61
1782709320000,1572.26,1572.86,1570.91,1571.14,399.75
1782709380000,1571.15,1571.15,1570.16,1570.67,122.33
1782709440000,1570.66,1570.66,1568.56,1568.95,477.05
1782709500000,1568.95,1569.0,1562.07,1563.31,689.06
1782709560000,1563.34,1564.98,1563.02,1564.47,447.01
1782709620000,1564.21,1566.81,1563.94,1565.36,345.61
1782709680000,1565.37,1567.58,1565.37,1567.57,216.2
1782709740000,1567.57,1567.78,1566.5,1566.78,184.44
1782709800000,1566.7,1567.83,1566.01,1566.42,74.07
1782709860000,1566.37,1566.86,1564.44,1565.6,210.04
1782709920000,1565.61,1565.97,1561.25,1562.06,576.72
1782709980000,1562.14,1565.44,1562.14,1565.04,690.23
1782710040000,1565.05,1566.61,1564.93,1566.13,134.74
1782710100000,1566.13,1568.81,1566.0,1568.8,357.6
1782710160000,1568.8,1569.73,1568.43,1569.01,210.75
1782710220000,1569.01,1571.26,1568.13,1568.36,243.4
1782710280000,1568.4,1568.44,1567.12,1567.14,59.73
1782710340000,1567.14,1567.93,1566.93,1567.8,351.2
1782710400000,1567.8,1569.5,1567.64,1568.53,273.99
1782710460000,1568.53,1569.02,1567.66,1568.69,123.84
1782710520000,1568.69,1569.41,1568.55,1568.79,29.99
1782710580000,1568.79,1569.83,1567.94,1569.78,84.0
1782710640000,1569.77,1569.78,1569.08,1569.46,61.17
1782710700000,1569.45,1570.76,1569.19,1570.76,57.71
1782710760000,1570.75,1570.96,1569.73,1569.73,359.8
1782710820000,1569.74,1570.67,1569.64,1570.39,45.2
1782710880000,1570.38,1570.82,1569.7,1569.73,35.22
1782710940000,1569.73,1569.82,1569.3,1569.66,108.28
1782711000000,1569.66,1570.32,1568.22,1568.26,56.75
1782711060000,1568.26,1569.88,1568.04,1569.88,108.11
1782711120000,1569.93,1570.73,1569.35,1569.36,62.45
1782711180000,1569.35,1570.93,1569.35,1570.83,150.06
1782711240000,1570.82,1572.98,1570.67,1572.96,642.9
1782711300000,1573.0,1574.23,1571.63,1571.63,121.81
1782711360000,1571.64,1571.69,1570.82,1570.83,64.91
1782711420000,1570.82,1571.4,1570.7,1570.97,42.25
1782711480000,1570.98,1571.87,1570.67,1571.55,176.23
1782711540000,1571.55,1572.03,1571.54,1571.97,97.73
1782711600000,1571.96,1572.18,1571.54,1572.15,32.16
1782711660000,1572.14,1572.42,1571.79,1572.01,154.2
1782711720000,1572.02,1572.99,1571.99,1572.97,34.61
1782711780000,1572.97,1575.17,1572.97,1575.05,247.99
1782711840000,1575.06,1578.57,1574.93,1577.26,500.04
1782711900000,1577.23,1578.31,1576.81,1577.48,399.15
1782711960000,1577.72,1578.6,1577.44,1578.44,571.69
1782712020000,1578.44,1580.62,1577.91,1578.91,252.52
1782712080000,1578.96,1578.96,1577.5,1577.69,71.79
1782712140000,1577.68,1577.69,1577.16,1577.39,133.41
1782712200000,1577.39,1577.98,1577.16,1577.92,49.64
1782712260000,1577.93,1579.35,1577.92,1578.23,86.64
1782712320000,1578.26,1578.98,1578.07,1578.61,60.16
1782712380000,1578.52,1579.14,1578.2,1578.67,63.81
1782712440000,1578.67,1579.82,1578.55,1579.6,228.71
1782712500000,1579.6,1580.02,1579.24,1580.02,206.94
1782712560000,1580.01,1581.01,1579.82,1580.16,957.75
1782712620000,1580.17,1580.87,1580.02,1580.35,68.36
1782712680000,1580.2,1582.0,1580.0,1581.92,126.72
1782712740000,1581.91,1582.52,1581.45,1582.49,50.92
1782712800000,1582.49,1584.3,1582.49,1584.12,165.96
1782712860000,1584.3,1586.58,1584.3,1585.43,242.28
1782712920000,1585.4,1585.41,1582.84,1582.88,279.26
1782712980000,1582.88,1584.12,1582.6,1583.53,63.38
1782713040000,1583.54,1585.37,1582.93,1585.33,95.34
1782713100000,1585.25,1585.25,1582.59,1583.09,37.53
1782713160000,1583.13,1583.37,1582.3,1583.35,155.18
1782713220000,1583.32,1584.99,1583.26,1584.69,248.02
1782713280000,1584.43,1585.84,1583.33,1583.38,126.33
1782713340000,1583.35,1584.98,1583.21,1584.97,69.14
1782713400000,1584.98,1585.0,1581.88,1583.34,125.48
1782713460000,1583.47,1584.17,1583.34,1583.67,1108.57
1782713520000,1583.67,1584.59,1583.66,1584.48,94.6
1782713580000,1584.48,1584.56,1583.49,1583.71,164.54
1782713640000,1583.71,1584.93,1583.68,1584.66,38.57
1782713700000,1584.67,1584.89,1583.85,1583.97,156.8
1782713760000,1583.97,1585.48,1583.96,1585.32,100.59
1782713820000,1585.31,1587.67,1585.18,1587.17,582.71
1782713880000,1587.18,1588.24,1586.28,1588.08,328.45
1782713940000,1588.14,1588.24,1585.9,1586.61,249.85
1782714000000,1586.62,1586.98,1584.84,1586.48,248.33
1782714060000,1586.48,1586.49,1584.21,1584.64,73.8
1782714120000,1584.63,1586.0,1584.63,1585.31,62.96
1782714180000,1585.2,1586.22,1585.0,1586.07,89.29
1782714240000,1586.07,1586.08,1584.68,1584.92,117.3
1782714300000,1584.93,1585.51,1584.43,1584.48,210.12
1782714360000,1584.46,1585.2,1584.2,1584.24,50.32
1782714420000,1584.25,1584.46,1583.62,1583.85,53.9
1782714480000,1583.85,1583.93,1582.55,1583.02,133.38
1782714540000,1583.02,1583.14,1582.24,1582.38,138.29
1782714600000,1582.4,1583.04,1582.38,1583.03,218.46
1782714660000,1583.03,1583.85,1583.03,1583.85,181.91
1782714720000,1583.84,1583.88,1582.69,1583.59,29.59
1782714780000,1583.59,1583.82,1582.01,1582.24,63.56
1782714840000,1582.23,1582.23,1581.26,1581.64,94.09
1782714900000,1581.64,1581.78,1580.92,1581.07,185.6
1782714960000,1581.08,1581.09,1579.44,1579.55,326.54
1782715020000,1579.54,1580.23,1579.54,1579.67,148.35
1782715080000,1579.66,1579.66,1579.02,1579.04,56.57
1782715140000,1579.04,1579.26,1579.03,1579.11,57.91
1782715200000,1579.13,1579.94,1579.12,1579.94,57.89
1782715260000,1579.94,1582.03,1579.93,1580.76,101.88
1782715320000,1580.77,1581.55,1580.64,1581.27,42.42
1782715380000,1581.27,1581.27,1580.13,1580.32,47.34
1782715440000,1580.33,1580.83,1580.33,1580.56,73.92
1782715500000,1580.57,1581.61,1580.4,1581.24,88.17
1782715560000,1581.23,1581.35,1580.62,1581.2,60.9
1782715620000,1581.19,1581.65,1581.05,1581.35,84.55
1782715680000,1581.35,1582.42,1580.87,1581.28,74.33
1782715740000,1581.27,1581.28,1580.0,1580.0,34.58
1782715800000,1580.03,1580.67,1579.02,1580.56,148.93
1782715860000,1580.56,1582.24,1580.56,1582.06,71.52
1782715920000,1582.06,1582.79,1581.78,1582.33,142.45
1782715980000,1582.38,1582.88,1581.96,1582.87,121.02
1782716040000,1582.87,1582.9,1582.01,1582.27,94.97
1782716100000,1582.02,1582.21,1581.5,1581.52,35.61
1782716160000,1581.49,1581.84,1581.0,1581.53,28.07
1782716220000,1581.52,1581.86,1581.27,1581.78,29.28
1782716280000,1581.77,1582.47,1581.77,1582.27,58.44
1782716340000,1582.27,1582.33,1582.1,1582.29,31.08
1782716400000,1582.32,1582.4,1580.57,1580.69,253.94
1782716460000,1580.69,1580.7,1577.64,1578.08,457.07
1782716520000,1578.08,1578.75,1577.04,1578.28,296.42
1782716580000,1578.33,1578.93,1577.4,1578.44,69.73
1782716640000,1578.44,1580.26,1578.29,1579.9,94.82
1782716700000,1579.92,1579.93,1578.76,1579.15,122.45
1782716760000,1579.14,1579.56,1578.64,1579.0,61.07
1782716820000,1579.09,1580.0,1579.09,1579.96,49.29
1782716880000,1579.96,1580.0,1578.54,1578.77,91.03
1782716940000,1578.76,1579.37,1578.74,1578.84,73.29
1782717000000,1578.84,1579.08,1578.51,1578.53,73.46
1782717060000,1578.55,1578.89,1577.8,1577.94,57.32
1782717120000,1577.94,1578.73,1577.94,1578.73,33.99
1782717180000,1578.72,1578.85,1578.35,1578.35,39.74
1782717240000,1578.37,1580.72,1578.36,1580.65,47.53
1782717300000,1580.65,1583.97,1580.65,1581.21,116.38
1782717360000,1581.18,1582.15,1580.56,1582.05,46.02
1782717420000,1582.06,1582.11,1580.0,1580.78,26.5
1782717480000,1580.77,1581.23,1580.52,1580.62,22.97
1782717540000,1580.61,1580.61,1578.84,1579.36,33.45
1782717600000,1579.36,1580.04,1578.99,1580.0,52.09
1782717660000,1580.0,1580.18,1578.9,1579.16,55.21
1782717720000,1579.12,1580.04,1578.49,1578.58,41.71
1782717780000,1578.57,1579.4,1578.57,1579.09,27.6
1782717840000,1579.1,1579.74,1578.84,1579.73,22.75
1782717900000,1579.73,1580.0,1579.51,1579.51,45.67
1782717960000,1579.51,1579.77,1578.56,1579.39,26.08
1782718020000,1579.38,1579.41,1579.1,1579.41,22.98
1782718080000,1579.41,1581.99,1579.4,1581.98,29.43
1782718140000,1582.0,1582.01,1580.43,1580.43,57.25
1782718200000,1580.43,1580.69,1579.8,1579.8,23.96
1782718260000,1579.74,1580.32,1579.59,1579.83,25.06
1782718320000,1579.83,1580.0,1579.6,1579.73,34.85
1782718380000,1579.74,1580.26,1579.5,1579.5,36.0
1782718440000,1579.51,1579.7,1579.05,1579.7,43.92
1782718500000,1579.64,1580.46,1579.45,1580.08,122.69
1782718560000,1580.09,1581.17,1579.98,1581.05,43.48
1782718620000,1581.05,1581.63,1580.09,1580.72,143.8
1782718680000,1580.73,1581.64,1580.18,1580.39,62.63
1782718740000,1580.4,1581.29,1580.39,1581.19,53.84
1782718800000,1581.2,1581.21,1580.41,1580.99,112.68
1782718860000,1580.99,1580.99,1579.95,1579.95,102.86
1782718920000,1579.95,1580.43,1579.12,1580.41,173.34
1782718980000,1580.41,1580.41,1579.31,1579.39,40.24
1782719040000,1579.37,1579.65,1579.32,1579.6,79.72
1782719100000,1579.6,1579.85,1579.13,1579.63,55.67
1782719160000,1579.66,1580.59,1579.49,1580.0,56.85
1782719220000,1580.01,1580.91,1579.99,1580.12,51.19
1782719280000,1580.11,1580.74,1579.84,1580.6,33.2
1782719340000,1580.59,1580.66,1579.73,1580.62,31.13
1782719400000,1580.63,1582.09,1580.63,1581.34,57.01
1782719460000,1581.34,1582.21,1580.93,1582.21,47.2
1782719520000,1582.22,1582.22,1581.24,1581.56,36.59
1782719580000,1581.53,1581.78,1581.36,1581.5,19.87
1782719640000,1581.5,1581.5,1580.5,1580.8,24.48
1782719700000,1580.81,1581.36,1580.34,1580.34,24.99
1782719760000,1580.35,1581.16,1580.34,1580.69,59.52
1782719820000,1580.7,1580.76,1579.74,1580.13,40.95
1782719880000,1580.13,1580.13,1579.59,1579.71,47.13
1782719940000,1579.7,1579.9,1579.34,1579.39,50.33
1782720000000,1579.39,1580.39,1579.04,1580.07,32.4
1782720060000,1580.07,1580.47,1579.5,1580.46,24.04
1782720120000,1580.52,1581.51,1580.0,1580.16,48.67
1782720180000,1580.17,1580.46,1578.02,1578.15,121.25
1782720240000,1578.17,1580.97,1578.15,1580.5,59.66
1782720300000,1580.48,1580.54,1578.95,1579.5,90.53
1782720360000,1579.5,1579.55,1578.04,1578.16,71.94
1782720420000,1578.33,1578.67,1576.19,1576.59,267.65
1782720480000,1576.58,1578.74,1576.58,1578.32,51.4
1782720540000,1578.2,1579.86,1578.2,1578.83,51.58
1782720600000,1578.76,1579.59,1578.53,1579.5,70.1
1782720660000,1579.5,1579.51,1578.32,1578.54,119.01
1782720720000,1578.54,1579.06,1578.21,1579.05,82.17
1782720780000,1579.06,1579.12,1577.82,1578.01,30.86
1782720840000,1578.01,1579.2,1577.91,1578.96,37.02
1782720900000,1578.94,1579.66,1578.51,1578.55,72.73
1782720960000,1578.56,1579.82,1578.55,1579.63,27.84
1782721020000,1579.58,1580.07,1578.97,1579.93,43.62
1782721080000,1579.81,1581.5,1579.62,1581.45,95.54
1782721140000,1581.5,1581.5,1578.46,1578.57,272.31
1782721200000,1578.56,1578.56,1576.59,1577.21,64.65
1782721260000,1577.2,1578.8,1577.2,1577.63,210.81
1782721320000,1577.63,1577.8,1576.2,1576.47,161.71
1782721380000,1576.48,1576.9,1575.0,1575.09,174.17
1782721440000,1575.09,1576.21,1575.08,1576.11,163.22
1782721500000,1576.1,1576.26,1574.82,1574.93,265.18
1782721560000,1574.85,1574.85,1572.35,1573.19,442.95
1782721620000,1573.13,1573.61,1572.42,1573.6,489.35
1782721680000,1573.6,1573.69,1572.16,1573.62,181.49
1782721740000,1573.48,1573.48,1572.29,1572.82,96.85
1782721800000,1572.81,1573.01,1571.4,1572.66,564.28
1782721860000,1572.66,1573.32,1571.32,1571.88,110.9
1782721920000,1571.88,1572.09,1570.03,1570.47,729.11
1782721980000,1570.46,1570.96,1569.37,1570.92,112.5
1782722040000,1570.91,1573.59,1570.91,1573.35,246.52
1782722100000,1573.35,1573.66,1572.35,1572.4,93.27
1782722160000,1572.42,1574.97,1572.42,1574.97,446.87
1782722220000,1574.94,1575.98,1574.87,1575.03,172.75
1782722280000,1575.02,1575.03,1573.11,1573.71,94.41
1782722340000,1573.72,1574.94,1573.71,1574.52,50.06
1782722400000,1574.52,1574.72,1573.24,1573.24,27.89
1782722460000,1573.23,1574.05,1573.0,1573.01,40.0
1782722520000,1573.01,1573.34,1570.94,1573.05,450.7
1782722580000,1573.05,1573.42,1572.66,1573.31,58.15
1782722640000,1573.31,1573.41,1572.83,1573.29,53.31
1782722700000,1573.29,1574.45,1572.16,1573.53,103.19
1782722760000,1573.53,1574.58,1573.3,1574.37,86.1
1782722820000,1574.36,1575.77,1574.16,1575.77,57.83
1782722880000,1575.77,1575.89,1574.89,1575.2,95.31
1782722940000,1575.2,1575.37,1574.08,1574.93,149.33
1782723000000,1574.92,1575.23,1574.52,1574.63,50.14
1782723060000,1574.63,1574.83,1573.85,1574.82,144.84
1782723120000,1574.79,1575.29,1574.76,1575.07,53.18
1782723180000,1575.07,1575.12,1574.05,1574.32,29.52
1782723240000,1574.32,1574.92,1572.08,1573.64,306.6
1782723300000,1573.63,1573.73,1572.34,1572.72,27.97
1782723360000,1572.76,1573.3,1571.67,1571.71,193.67
1782723420000,1571.72,1572.48,1571.41,1572.12,160.72
1782723480000,1572.12,1572.57,1571.99,1572.46,93.56
1782723540000,1572.46,1572.64,1572.17,1572.31,39.95
1782723600000,1572.31,1573.25,1572.15,1573.24,145.85
1782723660000,1573.25,1573.92,1573.03,1573.2,44.49
1782723720000,1573.2,1573.21,1571.61,1572.76,51.23
1782723780000,1572.77,1573.7,1572.77,1573.34,209.86
1782723840000,1573.31,1573.96,1573.01,1573.45,99.3
1782723900000,1573.46,1573.46,1572.46,1572.77,41.35
1782723960000,1572.84,1573.57,1572.54,1573.07,34.76
1782724020000,1573.15,1573.51,1572.33,1572.62,33.81
1782724080000,1572.61,1573.47,1572.56,1573.14,92.52
1782724140000,1573.14,1573.46,1572.73,1573.13,37.75
1782724200000,1573.14,1573.14,1572.0,1572.97,36.93
1782724260000,1572.96,1573.41,1572.35,1572.58,98.83
1782724320000,1572.57,1572.7,1572.07,1572.4,175.39
1782724380000,1572.4,1573.17,1572.34,1573.16,49.21
1782724440000,1573.16,1574.25,1573.16,1574.08,65.74
1782724500000,1574.08,1577.69,1573.86,1576.17,198.73
1782724560000,1576.16,1577.54,1575.94,1577.44,112.33
1782724620000,1577.44,1578.1,1577.04,1577.61,213.27
1782724680000,1577.62,1579.85,1577.6,1577.71,176.83
1782724740000,1577.71,1577.71,1575.94,1576.35,95.23
1782724800000,1576.38,1576.8,1576.15,1576.58,105.9
1782724860000,1576.58,1577.53,1575.71,1575.71,44.36
1782724920000,1575.72,1576.35,1575.39,1575.83,230.66
1782724980000,1575.84,1575.85,1575.4,1575.4,38.5
1782725040000,1575.41,1575.41,1572.99,1573.58,155.04
1782725100000,1573.54,1573.54,1571.38,1571.43,192.21
1782725160000,1571.43,1571.81,1569.77,1571.79,462.79
1782725220000,1571.79,1577.18,1571.79,1576.26,277.82
1782725280000,1576.26,1576.38,1574.77,1575.7,102.11
1782725340000,1575.71,1576.48,1575.24,1575.99,67.81
1782725400000,1576.03,1577.47,1575.79,1576.71,43.94
1782725460000,1576.71,1576.9,1575.6,1576.18,78.94
1782725520000,1576.19,1576.35,1575.53,1576.22,92.82
1782725580000,1576.22,1576.25,1575.2,1575.72,39.7
1782725640000,1575.72,1576.24,1575.48,1576.05,26.32
1782725700000,1576.05,1576.05,1573.14,1573.5,135.01
1782725760000,1573.5,1574.32,1572.95,1574.25,41.66
1782725820000,1574.24,1574.51,1572.6,1572.78,73.48
1782725880000,1572.77,1573.8,1572.55,1573.6,97.08
1782725940000,1573.59,1574.43,1573.38,1573.69,30.89
1782726000000,1573.71,1573.73,1573.01,1573.16,69.14
1782726060000,1573.17,1573.36,1573.02,1573.03,40.8
1782726120000,1573.03,1574.89,1572.97,1574.36,102.09
1782726180000,1574.36,1574.83,1574.36,1574.65,79.81
1782726240000,1574.49,1574.49,1573.11,1573.91,84.19
1782726300000,1573.88,1574.98,1573.64,1574.55,74.71
1782726360000,1574.51,1574.95,1574.25,1574.82,65.19
1782726420000,1574.81,1576.37,1574.76,1576.36,92.96
1782726480000,1576.37,1576.44,1575.01,1575.02,87.88
1782726540000,1575.02,1575.31,1574.92,1575.02,75.4
1782726600000,1575.03,1575.89,1574.69,1575.15,81.97
1782726660000,1575.16,1575.75,1572.75,1573.03,144.63
1782726720000,1573.03,1574.36,1572.57,1573.49,161.65
1782726780000,1573.48,1574.51,1573.48,1573.67,52.81
1782726840000,1573.67,1574.62,1573.42,1574.22,258.43
1782726900000,1574.24,1575.63,1574.24,1575.25,91.67
1782726960000,1575.24,1576.23,1574.81,1575.05,83.64
1782727020000,1575.05,1576.24,1575.05,1575.65,47.94
1782727080000,1575.64,1575.65,1574.91,1575.13,34.56
1782727140000,1575.12,1575.53,1574.97,1575.47,23.78
1782727200000,1575.56,1576.99,1575.53,1576.92,141.11
1782727260000,1576.92,1578.85,1576.73,1578.34,163.45
1782727320000,1578.35,1579.57,1578.33,1579.16,284.09
1782727380000,1579.15,1579.34,1578.27,1578.44,49.26
1782727440000,1578.44,1578.96,1577.7,1578.56,205.32
1782727500000,1578.57,1579.0,1578.06,1578.99,55.4
1782727560000,1579.0,1579.48,1578.05,1578.83,229.36
1782727620000,1578.82,1580.47,1578.82,1580.33,323.24
1782727680000,1580.33,1580.52,1579.47,1579.65,126.74
1782727740000,1579.68,1584.77,1579.68,1584.65,361.33
1782727800000,1584.63,1586.37,1582.62,1583.16,427.82
1782727860000,1583.17,1583.49,1581.57,1582.43,175.63
1782727920000,1582.31,1583.78,1582.29,1583.39,200.42
1782727980000,1583.09,1583.7,1583.04,1583.43,139.03
1782728040000,1583.43,1583.57,1582.96,1583.14,211.41
1782728100000,1583.14,1583.4,1581.57,1581.69,93.9
1782728160000,1581.59,1582.81,1581.04,1582.77,259.89
1782728220000,1582.76,1582.79,1581.78,1582.06,76.96
1782728280000,1582.05,1582.92,1582.05,1582.85,105.42
1782728340000,1582.86,1583.51,1582.48,1583.09,66.32
1782728400000,1583.09,1583.43,1582.13,1582.34,171.38
1782728460000,1582.33,1582.88,1582.05,1582.05,22.72
1782728520000,1582.05,1582.35,1580.99,1581.32,34.74
1782728580000,1581.24,1581.42,1580.52,1580.62,166.57
1782728640000,1580.61,1580.93,1580.54,1580.82,35.35
1782728700000,1580.81,1581.38,1580.12,1581.21,149.87
1782728760000,1581.21,1581.21,1580.48,1580.98,57.41
1782728820000,1580.98,1581.05,1580.83,1580.84,36.7
1782728880000,1580.83,1580.96,1580.02,1580.94,83.7
1782728940000,1580.93,1581.13,1580.69,1580.96,64.22
1782729000000,1580.92,1581.1,1579.08,1580.02,186.98
1782729060000,1580.02,1580.91,1578.42,1579.19,200.81
1782729120000,1579.24,1579.89,1578.84,1579.22,82.76
1782729180000,1579.23,1579.54,1578.73,1579.51,371.54
1782729240000,1579.52,1579.91,1579.43,1579.53,102.14
1782729300000,1579.54,1579.65,1577.83,1578.28,299.53
1782729360000,1578.27,1578.59,1577.84,1578.22,40.22
1782729420000,1578.22,1579.93,1577.71,1579.16,494.7
1782729480000,1579.17,1579.34,1578.54,1579.12,129.41
1782729540000,1579.12,1579.45,1578.7,1578.89,22.56
1782729600000,1578.91,1579.64,1578.69,1578.76,177.84
1782729660000,1578.75,1579.22,1578.45,1578.48,180.5
1782729720000,1578.49,1578.65,1578.22,1578.62,128.09
1782729780000,1578.61,1578.63,1578.13,1578.14,69.57
1782729840000,1578.14,1578.52,1578.13,1578.46,112.87
1782729900000,1578.46,1578.9,1578.29,1578.58,141.85
1782729960000,1578.57,1578.93,1578.31,1578.31,29.99
1782730020000,1578.28,1578.88,1576.91,1577.53,647.15
1782730080000,1577.53,1577.73,1576.9,1577.53,105.94
1782730140000,1577.53,1577.53,1576.97,1577.21,105.8
1782730200000,1577.2,1577.46,1576.88,1577.45,134.34
1782730260000,1577.45,1578.09,1577.32,1577.97,215.47
1782730320000,1577.99,1578.19,1576.65,1577.47,136.78
1782730380000,1577.48,1578.11,1577.23,1577.97,170.24
1782730440000,1577.86,1578.14,1577.28,1577.61,183.92
1782730500000,1577.61,1578.26,1577.56,1577.83,154.59
1782730560000,1577.84,1578.25,1577.73,1577.97,30.57
1782730620000,1577.98,1578.4,1577.7,1577.79,34.0
1782730680000,1577.79,1578.08,1577.33,1578.04,51.84
1782730740000,1578.04,1578.04,1577.59,1577.74,50.84
1782730800000,1577.75,1578.27,1577.56,1577.74,23.31
1782730860000,1577.75,1577.92,1576.83,1577.22,65.73
1782730920000,1577.19,1577.2,1575.37,1575.93,412.32
1782730980000,1575.93,1576.21,1575.37,1575.69,198.59
1782731040000,1575.69,1576.5,1575.32,1576.0,179.15
1782731100000,1575.99,1576.2,1574.82,1575.13,228.39
1782731160000,1575.14,1575.67,1574.48,1575.58,132.63
1782731220000,1575.58,1575.88,1575.18,1575.36,84.57
1782731280000,1575.36,1576.23,1575.35,1575.87,119.92
1782731340000,1575.86,1576.02,1575.55,1575.77,191.76
1782731400000,1575.77,1575.77,1573.38,1574.23,264.99
1782731460000,1574.23,1574.46,1573.11,1573.37,149.63
1782731520000,1573.35,1573.36,1572.56,1573.04,249.45
1782731580000,1573.13,1573.69,1572.77,1572.81,158.66
1782731640000,1572.8,1572.89,1572.29,1572.3,326.29
1782731700000,1572.3,1573.25,1572.01,1572.03,234.03
1782731760000,1572.02,1572.55,1571.7,1571.7,426.75
1782731820000,1571.7,1571.92,1569.94,1570.09,319.12
1782731880000,1570.16,1571.28,1570.07,1571.07,223.97
1782731940000,1571.05,1571.28,1570.46,1570.46,74.77
1782732000000,1570.46,1570.88,1569.44,1570.41,654.27
1782732060000,1570.41,1570.79,1569.99,1570.52,116.53
1782732120000,1570.52,1571.23,1570.01,1570.96,42.95
1782732180000,1570.97,1571.25,1570.08,1570.63,264.45
1782732240000,1570.64,1571.4,1570.58,1571.4,93.61
1782732300000,1571.49,1572.29,1571.45,1571.79,59.45
1782732360000,1571.79,1573.33,1571.79,1572.99,119.64
1782732420000,1572.98,1573.28,1572.46,1572.62,98.11
1782732480000,1572.69,1572.7,1572.08,1572.22,126.65
1782732540000,1572.22,1573.87,1572.2,1573.12,233.78
1782732600000,1573.13,1573.63,1572.76,1572.76,80.22
1782732660000,1572.77,1581.0,1572.23,1577.77,859.41
1782732720000,1577.86,1578.46,1576.18,1576.4,318.03
1782732780000,1576.28,1576.28,1574.42,1574.47,129.32
1782732840000,1574.5,1574.74,1573.62,1574.71,57.83
1782732900000,1574.73,1574.84,1574.17,1574.17,64.74
1782732960000,1573.85,1574.26,1572.37,1573.97,360.68
1782733020000,1573.98,1574.36,1572.92,1573.14,107.37
1782733080000,1573.13,1573.43,1572.13,1572.14,210.13
1782733140000,1572.13,1572.13,1569.76,1570.63,404.62
1782733200000,1570.56,1571.7,1570.17,1571.0,116.07
1782733260000,1570.99,1571.76,1570.58,1571.55,102.6
1782733320000,1571.54,1572.68,1571.54,1572.59,59.17
1782733380000,1572.61,1573.34,1572.59,1572.78,133.72
1782733440000,1572.79,1572.79,1570.86,1571.38,199.16
1782733500000,1571.37,1572.53,1570.87,1571.09,77.41
1782733560000,1571.04,1572.23,1570.43,1572.23,77.98
1782733620000,1572.22,1572.27,1571.58,1571.86,87.2
1782733680000,1571.85,1573.0,1571.58,1572.93,70.51
1782733740000,1572.94,1572.94,1570.4,1570.42,63.48
1782733800000,1570.39,1572.08,1570.22,1571.81,65.01
1782733860000,1571.8,1571.95,1570.63,1570.85,42.37
1782733920000,1570.84,1570.85,1569.86,1569.87,324.76
1782733980000,1569.77,1570.27,1569.65,1569.72,288.05
1782734040000,1569.73,1570.6,1569.72,1570.16,76.11
1782734100000,1570.17,1571.78,1570.14,1571.78,104.63
1782734160000,1571.85,1572.43,1571.53,1572.23,252.13
1782734220000,1572.2,1572.21,1571.55,1571.75,149.88
1782734280000,1571.74,1573.19,1571.69,1573.18,83.44
1782734340000,1573.18,1574.45,1573.14,1574.2,115.41
1782734400000,1574.19,1576.72,1570.63,1570.93,344.1
1782734460000,1571.0,1571.15,1565.67,1570.59,764.56
1782734520000,1570.76,1578.09,1570.52,1577.67,375.25
1782734580000,1577.59,1579.93,1575.45,1579.58,451.09
1782734640000,1579.3,1580.96,1577.51,1579.86,363.66
1782734700000,1579.87,1583.13,1579.65,1582.13,606.69
1782734760000,1582.24,1583.99,1581.46,1583.79,296.27
1782734820000,1583.79,1589.27,1583.3,1588.08,1624.95
1782734880000,1588.07,1591.5,1585.74,1585.74,2128.55
1782734940000,1585.66,1587.01,1584.0,1584.44,805.83
1782735000000,1584.42,1586.37,1583.04,1586.13,632.38
1782735060000,1586.13,1587.79,1585.21,1586.28,204.64
1782735120000,1586.31,1595.61,1586.31,1593.71,1863.84
1782735180000,1593.71,1595.23,1592.73,1594.3,664.9
1782735240000,1594.31,1595.66,1593.01,1593.8,598.69
1782735300000,1593.91,1596.0,1592.89,1592.9,672.99
1782735360000,1592.86,1594.99,1592.17,1592.17,933.02
1782735420000,1592.06,1593.18,1591.2,1592.55,731.18
1782735480000,1592.54,1595.0,1592.17,1594.76,211.25
1782735540000,1594.75,1594.76,1591.88,1593.29,597.33
1782735600000,1593.28,1594.76,1593.0,1593.07,701.56
1782735660000,1593.07,1593.16,1592.04,1592.8,126.56
1782735720000,1592.79,1592.79,1590.69,1591.49,918.39
1782735780000,1591.5,1592.39,1588.06,1588.15,576.62
1782735840000,1588.14,1588.46,1586.89,1587.12,944.0
1782735900000,1587.12,1589.42,1587.11,1588.89,623.61
1782735960000,1588.88,1589.51,1587.85,1589.08,80.38
1782736020000,1589.08,1589.52,1588.4,1589.21,88.51
1782736080000,1589.31,1589.76,1589.07,1589.52,59.22
1782736140000,1589.52,1590.27,1589.15,1589.73,206.88
1782736200000,1589.83,1590.3,1588.72,1589.39,276.76
1782736260000,1589.43,1589.48,1587.26,1587.76,221.88
1782736320000,1587.77,1588.21,1586.59,1586.85,176.68
1782736380000,1586.88,1587.85,1586.66,1587.84,139.62
1782736440000,1587.89,1588.85,1587.42,1588.61,96.04
1782736500000,1588.63,1589.43,1585.84,1585.92,194.03
1782736560000,1585.92,1586.27,1584.28,1584.3,159.95
1782736620000,1584.34,1584.69,1580.45,1580.46,341.27
1782736680000,1580.47,1580.5,1572.82,1573.47,2341.64
1782736740000,1573.51,1574.76,1572.11,1573.45,1041.7
1782736800000,1573.93,1573.98,1571.18,1571.35,337.68
1782736860000,1571.34,1575.2,1571.11,1574.01,692.11
1782736920000,1574.0,1574.78,1572.11,1573.62,332.81
1782736980000,1573.59,1574.9,1573.46,1574.84,258.33
1782737040000,1574.85,1575.27,1574.16,1574.93,140.58
1782737100000,1575.02,1577.74,1574.22,1577.35,344.13
1782737160000,1577.32,1577.84,1576.0,1577.22,131.9
1782737220000,1577.22,1578.89,1577.22,1577.84,694.79
1782737280000,1577.85,1577.94,1574.64,1575.73,177.36
1782737340000,1575.73,1576.9,1574.57,1574.61,295.79
1782737400000,1574.61,1576.5,1574.16,1576.35,78.47
1782737460000,1576.34,1576.58,1570.16,1570.42,330.69
1782737520000,1570.32,1573.69,1569.89,1572.98,234.75
1782737580000,1572.96,1574.7,1572.4,1574.63,318.68
1782737640000,1574.55,1575.51,1574.52,1574.92,144.28
1782737700000,1574.85,1575.79,1574.06,1575.32,195.91
1782737760000,1575.32,1575.32,1574.68,1575.29,115.27
1782737820000,1575.3,1575.84,1574.99,1575.56,185.08
1782737880000,1575.53,1575.68,1575.13,1575.13,32.51
1782737940000,1575.14,1575.32,1574.91,1575.31,319.33
1782738000000,1575.33,1577.55,1575.33,1577.3,357.92
1782738060000,1577.31,1578.43,1576.83,1577.93,505.92
1782738120000,1577.93,1580.13,1577.77,1579.07,628.17
1782738180000,1578.94,1581.04,1578.82,1579.84,128.88
1782738240000,1579.84,1581.21,1579.47,1581.04,68.43
1782738300000,1581.11,1584.1,1580.44,1583.92,145.21
1782738360000,1583.92,1584.95,1581.98,1581.99,161.5
1782738420000,1581.98,1583.44,1580.69,1582.81,119.08
1782738480000,1582.85,1582.94,1580.01,1580.78,278.33
1782738540000,1580.84,1580.89,1579.21,1579.83,93.18
1782738600000,1579.83,1580.97,1579.52,1580.83,83.15
1782738660000,1580.82,1583.0,1580.58,1583.0,79.56
1782738720000,1583.0,1587.87,1582.79,1586.69,730.22
1782738780000,1586.65,1587.03,1585.0,1585.96,806.36
1782738840000,1585.95,1585.98,1584.18,1584.36,340.74
1782738900000,1584.35,1585.08,1584.16,1584.86,110.42
1782738960000,1584.65,1585.11,1583.98,1584.8,57.21
1782739020000,1584.79,1585.32,1584.59,1584.69,65.52
1782739080000,1584.62,1585.85,1584.62,1584.81,92.05
1782739140000,1584.77,1584.78,1584.07,1584.74,103.0
1782739200000,1584.75,1584.89,1583.12,1583.52,200.69
1782739260000,1583.52,1583.52,1581.08,1582.19,664.86
1782739320000,1582.2,1582.93,1580.17,1580.17,399.52
1782739380000,1580.17,1580.5,1578.87,1579.99,531.76
1782739440000,1579.99,1580.11,1579.14,1579.41,127.23
1782739500000,1579.4,1579.4,1577.28,1578.52,184.9
1782739560000,1578.53,1579.19,1578.02,1578.03,377.7
1782739620000,1578.03,1578.04,1575.63,1576.14,326.48
1782739680000,1576.13,1577.92,1575.78,1576.28,273.7
1782739740000,1576.32,1576.73,1575.0,1575.02,237.07
1782739800000,1575.0,1578.94,1569.19,1578.94,1164.35
1782739860000,1578.86,1583.74,1578.13,1581.73,1122.36
1782739920000,1581.59,1582.98,1580.78,1581.21,137.34
1782739980000,1581.16,1583.96,1579.67,1579.75,421.48
1782740040000,1579.76,1582.15,1578.83,1582.07,116.33
1782740100000,1581.45,1581.49,1575.5,1575.69,441.68
1782740160000,1575.78,1577.55,1574.64,1576.57,254.64
1782740220000,1576.56,1576.84,1573.49,1574.64,352.02
1782740280000,1574.6,1574.73,1570.95,1572.88,432.21
1782740340000,1572.9,1574.62,1571.61,1572.1,242.66
1782740400000,1572.14,1574.0,1568.4,1573.97,782.9
1782740460000,1574.0,1574.62,1568.61,1568.94,478.51
1782740520000,1568.92,1570.95,1568.12,1569.04,267.51
1782740580000,1569.0,1569.37,1566.01,1566.42,642.85
1782740640000,1566.44,1568.64,1565.63,1567.06,837.03
1782740700000,1567.04,1570.07,1566.01,1569.28,744.66
1782740760000,1569.35,1569.35,1563.78,1566.92,1104.42
1782740820000,1566.99,1570.08,1566.85,1567.59,628.48
1782740880000,1567.53,1569.29,1566.11,1567.73,173.01
1782740940000,1567.9,1569.15,1564.7,1566.4,183.23
1782741000000,1566.41,1569.35,1564.96,1569.35,260.32
1782741060000,1569.38,1570.71,1568.03,1568.07,978.36
1782741120000,1568.2,1574.39,1568.2,1572.66,298.36
1782741180000,1572.43,1572.56,1570.06,1570.53,135.56
1782741240000,1570.51,1571.21,1568.07,1569.17,977.37
1782741300000,1569.17,1569.96,1566.41,1566.41,286.59
1782741360000,1566.41,1568.51,1565.15,1568.18,296.39
1782741420000,1568.02,1568.62,1566.37,1566.86,56.36
1782741480000,1566.86,1570.5,1566.86,1568.47,214.2
1782741540000,1568.56,1572.21,1568.56,1572.06,197.27
1782741600000,1572.44,1572.59,1567.9,1569.98,300.55
1782741660000,1570.0,1570.71,1568.1,1568.56,65.03
1782741720000,1568.79,1570.62,1568.27,1568.94,275.71
1782741780000,1569.08,1569.53,1567.31,1568.43,129.6
1782741840000,1568.49,1571.67,1567.53,1570.48,259.99
1782741900000,1570.48,1570.48,1564.08,1564.63,355.94
1782741960000,1564.54,1567.93,1564.54,1565.31,153.23
1782742020000,1565.34,1565.51,1562.12,1562.12,882.8
1782742080000,1562.08,1565.62,1560.24,1565.61,831.77
1782742140000,1565.82,1566.34,1564.03,1564.3,472.68
1782742200000,1564.35,1566.94,1563.42,1563.72,201.28
1782742260000,1563.73,1564.02,1561.31,1562.09,810.96
1782742320000,1562.1,1562.72,1560.67,1560.72,960.17
1782742380000,1560.87,1561.87,1560.18,1560.54,305.72
1782742440000,1560.54,1561.11,1559.05,1559.5,1138.12
1782742500000,1559.5,1563.01,1556.81,1562.47,1178.17
1782742560000,1562.56,1564.75,1558.97,1559.0,457.13
1782742620000,1558.98,1561.96,1557.34,1560.42,682.78
1782742680000,1560.5,1561.8,1558.02,1561.07,270.83
1782742740000,1561.15,1563.57,1561.15,1562.44,160.74
1782742800000,1562.18,1562.18,1559.15,1562.04,207.76
1782742860000,1562.08,1563.53,1561.46,1562.05,191.98
1782742920000,1562.14,1565.17,1562.13,1563.11,365.24
1782742980000,1563.0,1563.0,1560.11,1561.46,425.86
1782743040000,1561.54,1564.47,1560.24,1564.47,76.15
1782743100000,1564.36,1567.07,1563.97,1566.33,413.45
1782743160000,1566.39,1567.75,1564.82,1567.65,203.94
1782743220000,1567.65,1570.05,1567.6,1569.65,521.28
1782743280000,1569.65,1572.33,1569.65,1572.28,396.18
1782743340000,1572.17,1572.95,1570.37,1570.8,750.16
1782743400000,1570.78,1572.39,1570.23,1571.88,224.18
1782743460000,1571.86,1571.86,1569.59,1570.25,518.19
1782743520000,1570.25,1571.36,1567.65,1567.98,431.23
1782743580000,1567.98,1577.6,1567.98,1577.27,2676.53
1782743640000,1577.11,1578.39,1574.38,1574.48,956.97
1782743700000,1574.48,1574.89,1572.78,1574.4,351.62
1782743760000,1574.38,1574.98,1573.35,1574.54,306.4
1782743820000,1574.56,1574.71,1572.56,1573.86,249.85
1782743880000,1573.78,1575.45,1571.99,1572.21,164.82
1782743940000,1572.26,1573.98,1571.73,1573.26,138.44
1782744000000,1573.27,1573.37,1569.29,1569.93,636.86
1782744060000,1570.15,1573.08,1570.15,1572.76,45.15
1782744120000,1572.67,1573.18,1571.0,1571.0,95.89
1782744180000,1571.0,1571.23,1568.32,1569.57,316.52
1782744240000,1569.66,1569.93,1566.45,1566.87,501.51
1782744300000,1566.88,1568.23,1566.4,1568.18,206.93
1782744360000,1568.18,1568.88,1567.14,1568.55,87.56
1782744420000,1568.51,1568.77,1565.7,1565.7,75.5
1782744480000,1565.69,1566.95,1564.87,1564.94,218.65
1782744540000,1564.95,1567.47,1563.72,1567.27,182.88
1782744600000,1567.24,1570.97,1567.23,1569.08,440.93
1782744660000,1568.86,1568.94,1567.24,1568.79,104.63
1782744720000,1568.82,1569.88,1567.96,1569.66,53.84
1782744780000,1569.69,1572.0,1568.7,1571.96,178.67
1782744840000,1571.97,1574.98,1571.91,1573.44,2111.02
1782744900000,1573.39,1573.39,1571.85,1572.44,384.03
1782744960000,1572.44,1573.77,1571.5,1572.1,188.68
1782745020000,1572.13,1572.49,1570.03,1570.15,301.01
1782745080000,1570.09,1570.88,1569.11,1569.52,40.08
1782745140000,1569.52,1572.19,1569.4,1572.17,52.2
1782745200000,1572.33,1572.41,1570.03,1570.03,57.12
1782745260000,1570.01,1570.43,1568.52,1569.04,90.1
1782745320000,1569.03,1569.55,1568.0,1568.0,46.61
1782745380000,1568.0,1568.13,1565.03,1566.88,193.13
1782745440000,1566.88,1566.94,1565.18,1565.39,107.22
1782745500000,1565.47,1565.5,1562.6,1565.37,220.39
1782745560000,1565.28,1565.28,1562.69,1563.92,157.27
1782745620000,1563.95,1564.54,1561.86,1563.52,367.88
1782745680000,1563.58,1565.92,1563.57,1565.29,289.3
1782745740000,1565.18,1566.63,1564.83,1566.24,100.31
1782745800000,1566.27,1567.77,1565.12,1565.53,40.97
1782745860000,1565.53,1565.53,1562.46,1562.76,313.51
1782745920000,1562.77,1563.03,1560.78,1561.68,110.17
1782745980000,1561.58,1563.8,1561.35,1563.8,201.87
1782746040000,1563.95,1565.61,1563.24,1565.1,568.77
1782746100000,1565.21,1566.93,1564.86,1565.45,76.89
1782746160000,1565.44,1566.98,1564.51,1566.45,320.36
1782746220000,1566.46,1567.48,1565.55,1565.55,53.53
1782746280000,1565.52,1569.0,1565.52,1569.0,91.42
1782746340000,1568.99,1569.66,1567.5,1568.61,62.78
1782746400000,1568.58,1568.58,1566.47,1566.9,93.76
1782746460000,1566.89,1567.71,1566.25,1566.26,52.14
1782746520000,1566.29,1567.98,1564.41,1565.45,73.43
1782746580000,1565.49,1565.52,1562.64,1562.88,189.41
1782746640000,1562.74,1565.12,1562.52,1565.0,64.26
1782746700000,1564.96,1566.07,1564.16,1565.85,44.44
1782746760000,1565.85,1567.39,1565.52,1567.35,58.77
1782746820000,1567.42,1568.48,1566.81,1568.08,46.95
1782746880000,1568.07,1568.74,1567.79,1568.7,147.0
1782746940000,1568.69,1573.49,1568.69,1573.45,381.84
1782747000000,1573.5,1576.0,1573.46,1575.4,824.74
1782747060000,1575.46,1575.6,1573.43,1574.76,634.31
1782747120000,1574.9,1577.59,1573.84,1574.5,407.78
1782747180000,1574.76,1575.4,1573.55,1574.0,286.37
1782747240000,1573.89,1575.37,1573.61,1573.69,161.75
1782747300000,1573.71,1575.88,1572.76,1575.86,445.59
1782747360000,1575.86,1580.0,1575.46,1578.8,775.89
1782747420000,1578.82,1579.9,1578.82,1579.9,126.35
1782747480000,1579.9,1581.83,1579.28,1580.95,1405.59
1782747540000,1580.95,1581.12,1579.79,1580.42,323.88
1782747600000,1580.14,1581.11,1578.35,1578.45,171.47
1782747660000,1578.41,1578.44,1575.51,1577.57,389.57
1782747720000,1577.62,1578.4,1576.34,1577.09,77.96
1782747780000,1577.01,1578.24,1576.68,1576.9,125.33
1782747840000,1576.98,1578.43,1576.98,1578.41,173.19
1782747900000,1578.29,1578.29,1576.39,1576.39,68.19
1782747960000,1576.4,1576.99,1575.83,1576.01,207.32
1782748020000,1576.05,1578.63,1576.04,1577.51,294.37
1782748080000,1577.51,1578.0,1576.53,1577.02,126.35
1782748140000,1576.97,1577.71,1576.65,1577.64,74.23
1782748200000,1577.71,1579.01,1576.92,1578.61,156.94
1782748260000,1578.61,1578.62,1576.88,1577.72,239.97
1782748320000,1577.64,1578.17,1575.88,1576.61,191.73
1782748380000,1576.61,1584.09,1576.61,1582.79,724.05
1782748440000,1582.79,1582.99,1581.81,1582.76,119.39
1782748500000,1582.75,1582.75,1580.85,1580.85,233.68
1782748560000,1580.82,1581.3,1579.71,1579.93,62.76
1782748620000,1579.93,1580.19,1578.91,1579.8,367.88
1782748680000,1579.81,1580.58,1579.55,1579.69,109.59
1782748740000,1579.68,1579.92,1579.09,1579.44,49.87
1782748800000,1579.43,1580.15,1577.64,1579.57,355.99
1782748860000,1579.55,1579.85,1579.18,1579.76,352.76
1782748920000,1579.79,1580.15,1578.49,1578.75,233.23
1782748980000,1578.76,1580.16,1578.75,1579.63,335.82
1782749040000,1579.63,1580.27,1579.35,1579.4,28.25
1782749100000,1579.42,1583.14,1579.42,1582.08,210.94
1782749160000,1582.07,1582.07,1579.17,1580.8,100.89
1782749220000,1580.79,1580.99,1579.47,1580.46,51.61
1782749280000,1580.42,1580.92,1579.3,1579.74,34.88
1782749340000,1579.75,1579.75,1577.9,1577.91,40.5
1782749400000,1577.9,1579.85,1577.61,1577.63,108.26
1782749460000,1577.62,1578.74,1577.22,1578.7,215.12
1782749520000,1578.69,1579.58,1578.35,1578.35,34.41
1782749580000,1578.38,1579.25,1576.78,1577.31,52.89
1782749640000,1577.25,1577.28,1576.41,1577.08,545.29
1782749700000,1577.08,1578.37,1577.08,1578.24,58.8
1782749760000,1578.24,1578.25,1576.92,1578.1,197.89
1782749820000,1578.1,1578.61,1577.64,1578.61,82.74
1782749880000,1578.57,1578.72,1577.95,1577.99,42.36
1782749940000,1577.99,1579.52,1577.78,1579.14,33.43
1782750000000,1579.15,1579.15,1576.53,1577.14,108.51
1782750060000,1577.14,1577.32,1575.89,1576.11,54.49
1782750120000,1576.11,1577.05,1575.57,1576.54,169.97
1782750180000,1576.54,1577.11,1576.28,1577.06,173.22
1782750240000,1577.05,1577.41,1576.0,1576.56,63.62
1782750300000,1576.56,1576.95,1573.36,1573.9,373.16
1782750360000,1573.91,1574.26,1573.21,1573.34,49.8
1782750420000,1573.31,1573.91,1573.31,1573.83,690.15
1782750480000,1573.84,1574.09,1573.31,1573.32,42.6
1782750540000,1573.31,1574.19,1573.23,1573.97,146.69
1782750600000,1573.95,1577.39,1573.95,1576.96,72.36
1782750660000,1576.96,1576.96,1575.29,1575.43,27.64
1782750720000,1575.42,1576.72,1575.42,1576.28,43.2
1782750780000,1576.29,1576.45,1575.53,1575.54,26.35
1782750840000,1575.54,1576.45,1575.43,1576.44,73.7
1782750900000,1576.46,1577.26,1576.03,1576.82,59.87
1782750960000,1576.82,1576.97,1576.01,1576.78,27.69
1782751020000,1576.79,1579.15,1576.78,1578.85,113.8
1782751080000,1578.8,1578.8,1577.52,1578.06,316.0
1782751140000,1578.06,1580.61,1578.06,1580.43,184.87
1782751200000,1580.24,1580.84,1579.62,1580.83,106.55
1782751260000,1580.83,1581.12,1580.24,1581.03,101.52
1782751320000,1581.03,1582.61,1581.03,1582.23,114.42
1782751380000,1582.23,1583.21,1582.05,1582.95,94.19
1782751440000,1582.95,1586.1,1582.12,1584.59,858.29
1782751500000,1584.58,1584.58,1582.43,1582.97,139.07
1782751560000,1582.98,1583.38,1582.37,1583.13,113.76
1782751620000,1583.3,1584.92,1583.28,1584.69,723.09
1782751680000,1584.9,1586.1,1584.15,1585.42,206.73
1782751740000,1585.38,1586.2,1585.23,1586.03,254.14
1782751800000,1586.04,1586.66,1584.42,1584.83,265.27
1782751860000,1584.88,1585.06,1583.94,1583.94,163.41
1782751920000,1583.92,1584.34,1583.09,1583.63,521.5
1782751980000,1583.62,1583.64,1581.77,1582.37,533.38
1782752040000,1582.37,1583.07,1582.11,1582.85,89.57
1782752100000,1582.85,1583.04,1581.68,1582.22,1129.15
1782752160000,1582.24,1583.84,1582.2,1583.79,209.85
1782752220000,1583.78,1584.96,1583.61,1584.96,239.5
1782752280000,1585.0,1585.46,1583.92,1584.12,125.49
1782752340000,1584.12,1584.64,1584.11,1584.5,146.79
1782752400000,1584.5,1585.8,1584.5,1585.67,27.85
1782752460000,1585.68,1585.88,1585.22,1585.52,41.43
1782752520000,1585.52,1587.23,1585.52,1587.17,163.72
1782752580000,1587.16,1588.6,1586.76,1588.13,324.98
1782752640000,1588.14,1589.59,1587.97,1589.28,300.28
1782752700000,1589.28,1595.43,1589.27,1593.52,3260.85
1782752760000,1593.51,1594.31,1592.4,1592.51,323.4
1782752820000,1592.5,1593.19,1591.47,1592.43,499.26
1782752880000,1592.42,1593.48,1590.44,1591.5,282.73
1782752940000,1591.51,1592.36,1590.83,1591.74,464.61
1782753000000,1591.73,1594.83,1591.73,1594.83,167.59
1782753060000,1594.85,1596.89,1594.65,1596.69,857.1
1782753120000,1596.67,1605.59,1596.0,1605.52,2989.97
1782753180000,1605.3,1617.83,1604.04,1613.05,4964.11
1782753240000,1613.06,1617.33,1611.54,1615.81,714.77
1782753300000,1615.81,1627.5,1615.79,1623.79,2927.1
1782753360000,1623.68,1628.41,1621.48,1625.27,1624.74
1782753420000,1625.28,1628.25,1622.32,1628.02,913.78
1782753480000,1627.93,1631.38,1625.52,1628.92,2090.7
1782753540000,1628.82,1629.66,1626.62,1627.67,1089.45
1782753600000,1627.76,1629.13,1626.36,1626.36,353.82
1782753660000,1626.34,1626.34,1620.11,1620.11,1544.34
1782753720000,1620.1,1623.27,1620.05,1622.14,789.75
1782753780000,1622.16,1622.86,1620.17,1620.18,474.82
1782753840000,1620.28,1621.92,1619.88,1621.41,228.17
1782753900000,1621.13,1626.14,1620.67,1625.54,1220.25
1782753960000,1625.56,1626.19,1621.72,1623.36,858.49
1782754020000,1623.35,1624.39,1622.54,1624.09,460.86
1782754080000,1624.08,1626.81,1623.01,1626.2,334.08
1782754140000,1626.21,1626.81,1624.5,1626.1,206.36
1782754200000,1625.98,1631.72,1625.92,1631.7,891.37
1782754260000,1631.72,1633.54,1627.9,1628.07,1297.71
1782754320000,1628.09,1628.53,1624.93,1625.12,664.29
1782754380000,1625.13,1626.0,1623.54,1624.88,1999.0
1782754440000,1624.87,1624.99,1623.54,1624.02,1444.33
1782754500000,1624.02,1625.1,1623.0,1624.88,236.62
1782754560000,1624.88,1625.2,1624.06,1625.2,236.48
1782754620000,1625.2,1625.94,1623.54,1623.54,484.29
1782754680000,1623.54,1623.98,1622.49,1622.56,451.83
1782754740000,1622.56,1624.18,1621.5,1623.01,314.27
1782754800000,1622.97,1624.37,1622.97,1623.8,145.07
1782754860000,1623.81,1625.75,1623.81,1625.69,182.31
1782754920000,1625.64,1627.26,1625.23,1626.11,132.45
1782754980000,1626.14,1626.65,1625.6,1626.1,89.29
1782755040000,1626.1,1630.89,1625.81,1630.28,486.87
1782755100000,1630.16,1632.46,1627.64,1631.86,1921.93
1782755160000,1632.4,1637.0,1632.4,1634.0,1670.28
1782755220000,1634.02,1634.02,1630.95,1631.36,281.03
1782755280000,1631.35,1632.33,1630.55,1632.1,135.61
1782755340000,1632.1,1632.88,1631.17,1632.23,250.15
1782755400000,1632.23,1632.49,1629.38,1629.76,1435.76
1782755460000,1629.74,1630.42,1629.3,1629.84,161.98
1782755520000,1629.75,1631.99,1629.66,1631.55,198.68
1782755580000,1631.56,1631.81,1630.27,1631.11,97.39
1782755640000,1631.11,1631.93,1630.22,1630.3,550.1
1782755700000,1630.31,1631.31,1629.79,1631.01,94.65
1782755760000,1631.0,1631.41,1630.82,1631.02,70.97
1782755820000,1631.03,1631.38,1629.17,1629.51,390.03
1782755880000,1629.51,1629.51,1626.76,1627.71,302.18
1782755940000,1627.65,1627.65,1626.78,1627.26,132.29
1782756000000,1627.26,1627.55,1623.32,1624.27,591.62
1782756060000,1624.3,1627.98,1624.26,1627.92,140.16
1782756120000,1627.91,1627.91,1624.62,1625.0,125.32
1782756180000,1625.0,1626.0,1624.84,1625.88,54.85
1782756240000,1625.89,1625.89,1624.62,1625.68,52.11
1782756300000,1625.67,1626.75,1625.15,1625.15,51.55
1782756360000,1625.15,1625.53,1624.68,1624.88,567.59
1782756420000,1624.88,1625.56,1624.69,1625.52,172.3
1782756480000,1625.52,1627.36,1625.52,1626.31,93.43
1782756540000,1626.27,1626.55,1624.93,1625.73,470.67
1782756600000,1625.73,1626.48,1625.28,1625.88,183.62
1782756660000,1625.87,1626.4,1625.79,1626.1,195.75
1782756720000,1626.09,1626.86,1625.95,1626.86,838.67
1782756780000,1626.85,1627.72,1626.82,1627.26,363.77
1782756840000,1627.24,1627.62,1627.21,1627.62,243.11
1782756900000,1627.62,1627.74,1625.82,1626.21,244.59
1782756960000,1626.2,1626.21,1624.35,1624.42,276.2
1782757020000,1624.43,1624.53,1623.44,1623.96,619.7
1782757080000,1623.96,1624.59,1623.41,1624.55,107.09
1782757140000,1624.53,1626.76,1624.53,1626.61,97.96
1782757200000,1626.53,1626.7,1625.19,1625.98,161.38
1782757260000,1625.97,1627.13,1625.7,1627.07,52.99
1782757320000,1627.06,1627.9,1626.83,1627.59,377.86
1782757380000,1627.59,1627.67,1625.91,1625.92,93.76
1782757440000,1625.91,1626.9,1625.87,1625.88,191.8
1782757500000,1625.88,1625.88,1624.24,1624.31,58.29
1782757560000,1624.31,1624.93,1624.3,1624.56,110.41
1782757620000,1624.56,1624.74,1622.39,1622.89,323.54
1782757680000,1622.77,1622.77,1619.29,1619.29,349.87
1782757740000,1619.29,1619.99,1617.88,1618.28,619.37
1782757800000,1618.28,1619.29,1617.81,1619.17,127.73
1782757860000,1619.16,1620.0,1618.35,1620.0,350.2
1782757920000,1620.0,1621.32,1620.0,1621.19,106.24
1782757980000,1621.2,1621.2,1618.43,1619.67,194.12
1782758040000,1619.67,1621.09,1619.55,1620.42,132.51
1782758100000,1620.42,1622.22,1620.42,1620.95,151.23
1782758160000,1620.95,1621.63,1619.9,1621.2,69.85
1782758220000,1621.2,1622.32,1620.0,1621.1,60.47
1782758280000,1621.09,1623.23,1620.71,1622.8,272.93
1782758340000,1622.75,1623.06,1621.59,1622.38,93.36
1782758400000,1622.37,1623.25,1622.24,1623.04,166.71
1782758460000,1623.03,1623.39,1621.29,1621.86,198.91
1782758520000,1621.86,1622.28,1621.64,1622.05,193.71
1782758580000,1622.04,1622.44,1621.5,1621.91,32.61
1782758640000,1621.9,1623.0,1621.9,1623.0,54.99
1782758700000,1623.0,1623.23,1622.22,1622.77,43.32
1782758760000,1622.77,1622.77,1621.7,1621.7,105.09
1782758820000,1621.71,1622.16,1621.57,1622.01,87.8
1782758880000,1622.01,1622.4,1621.72,1622.16,74.06
1782758940000,1622.16,1622.16,1621.34,1621.34,103.17
1782759000000,1621.35,1621.35,1619.58,1620.2,47.65
1782759060000,1620.21,1620.21,1619.29,1619.3,102.96
1782759120000,1619.3,1619.97,1619.28,1619.86,44.79
1782759180000,1619.85,1620.27,1619.75,1620.02,29.05
1782759240000,1620.02,1620.22,1619.74,1619.79,102.49
1782759300000,1619.78,1620.27,1619.35,1619.82,242.64
1782759360000,1619.82,1620.3,1619.7,1620.14,98.4
1782759420000,1620.14,1620.14,1619.49,1619.57,45.08
1782759480000,1619.57,1619.86,1619.56,1619.7,29.55
1782759540000,1619.69,1620.38,1619.65,1620.38,33.06
1782759600000,1620.38,1620.8,1618.68,1618.82,46.61
1782759660000,1618.83,1620.07,1618.02,1618.06,68.05
1782759720000,1618.05,1618.5,1617.08,1617.68,173.96
1782759780000,1617.69,1617.73,1615.73,1616.34,771.31
1782759840000,1616.34,1617.62,1616.34,1616.83,138.59
1782759900000,1616.83,1617.48,1616.51,1616.96,79.14
1782759960000,1616.88,1617.49,1616.54,1617.22,53.84
1782760020000,1617.2,1618.47,1617.14,1618.44,61.74
1782760080000,1618.46,1618.49,1617.06,1617.86,33.38
1782760140000,1617.87,1618.31,1617.45,1617.89,46.08
1782760200000,1617.87,1618.16,1617.15,1617.81,82.36
1782760260000,1617.81,1619.72,1617.7,1619.58,211.82
1782760320000,1619.57,1619.72,1617.51,1617.62,89.83
1782760380000,1617.83,1618.46,1617.51,1617.53,227.19
1782760440000,1617.52,1618.09,1617.36,1617.7,45.46
1782760500000,1617.71,1617.71,1616.79,1617.29,61.53
1782760560000,1617.28,1618.63,1617.21,1618.6,49.25
1782760620000,1618.59,1619.31,1618.16,1618.66,294.03
1782760680000,1618.65,1619.0,1618.0,1618.38,55.68
1782760740000,1618.38,1619.96,1618.32,1619.65,171.41
1782760800000,1619.52,1622.33,1619.16,1621.82,161.94
1782760860000,1621.97,1622.27,1621.67,1622.03,450.7
1782760920000,1622.02,1623.18,1621.64,1623.08,197.41
1782760980000,1623.08,1623.96,1622.58,1623.61,87.02
1782761040000,1623.62,1625.27,1622.84,1623.62,286.62
1782761100000,1623.63,1624.17,1622.16,1622.66,34.41
1782761160000,1622.66,1623.94,1622.66,1623.92,46.02
1782761220000,1623.93,1624.78,1623.85,1624.53,172.59
1782761280000,1624.53,1626.37,1624.43,1626.12,305.72
1782761340000,1626.15,1626.17,1625.1,1625.1,29.46
1782761400000,1625.11,1625.32,1624.35,1625.0,173.74
1782761460000,1624.99,1625.33,1624.16,1624.49,1235.8
1782761520000,1624.48,1624.71,1623.55,1623.69,376.24
1782761580000,1623.7,1623.71,1622.09,1622.27,55.39
1782761640000,1622.27,1622.27,1621.04,1621.18,326.73
1782761700000,1621.19,1621.7,1621.06,1621.24,41.77
1782761760000,1621.16,1621.9,1620.81,1621.88,69.08
1782761820000,1621.89,1622.93,1621.88,1622.26,56.11
1782761880000,1622.26,1623.09,1622.26,1622.38,50.13
1782761940000,1622.39,1622.92,1622.3,1622.45,39.01
1782762000000,1622.46,1623.13,1622.46,1622.74,1913.21
1782762060000,1622.74,1623.41,1622.74,1623.03,75.53
1782762120000,1623.02,1623.03,1621.51,1622.3,75.01
1782762180000,1622.29,1622.34,1621.77,1622.24,86.13
1782762240000,1622.49,1623.91,1622.49,1623.65,162.42
1782762300000,1623.66,1624.41,1623.22,1624.2,1533.67
1782762360000,1624.2,1625.29,1624.19,1625.1,46.51
1782762420000,1625.09,1625.56,1624.03,1624.22,130.76
1782762480000,1624.18,1624.32,1623.44,1624.04,388.77
1782762540000,1624.01,1625.51,1623.99,1625.49,196.25
1782762600000,1625.55,1625.6,1623.15,1624.19,46.24
1782762660000,1624.2,1626.52,1623.89,1625.5,450.61
1782762720000,1625.46,1625.5,1624.64,1624.64,161.53
1782762780000,1624.64,1626.0,1624.36,1625.44,588.19
1782762840000,1625.4,1625.81,1623.62,1625.32,315.37
1782762900000,1625.32,1626.75,1625.08,1625.08,104.39
1782762960000,1625.04,1625.79,1624.12,1624.28,154.69
1782763020000,1624.27,1625.03,1624.27,1624.82,30.45
1782763080000,1624.82,1625.07,1624.52,1624.88,98.74
1782763140000,1624.88,1625.94,1624.69,1624.91,42.2
1782763200000,1624.94,1625.52,1623.28,1623.93,45.7
1782763260000,1623.98,1626.0,1623.96,1625.27,28.13
1782763320000,1625.28,1625.89,1624.74,1625.75,27.03
1782763380000,1625.76,1625.95,1623.46,1623.67,101.21
1782763440000,1623.61,1623.63,1623.02,1623.26,121.99
1782763500000,1623.26,1623.61,1622.52,1623.45,49.73
1782763560000,1623.45,1623.86,1623.03,1623.77,20.05
1782763620000,1623.76,1623.77,1621.63,1621.8,61.27
1782763680000,1621.8,1622.95,1621.8,1622.7,37.62
1782763740000,1622.7,1623.27,1622.66,1622.67,64.44
1782763800000,1622.67,1623.3,1622.21,1622.42,38.78
1782763860000,1622.43,1622.73,1621.4,1621.8,44.27
1782763920000,1621.81,1623.0,1621.8,1622.95,32.0
1782763980000,1622.93,1622.96,1622.13,1622.14,314.0
1782764040000,1622.14,1622.29,1621.68,1621.93,60.69
1782764100000,1621.92,1621.93,1621.06,1621.08,34.48
1782764160000,1621.08,1621.09,1620.84,1621.02,1636.82
1782764220000,1621.02,1621.81,1621.02,1621.71,784.69
1782764280000,1621.7,1621.7,1620.57,1620.81,32.13
1782764340000,1620.8,1621.0,1620.57,1620.74,26.38
1782764400000,1620.74,1621.32,1620.69,1620.97,46.86
1782764460000,1620.96,1621.16,1620.56,1621.16,30.25
1782764520000,1621.15,1623.28,1621.02,1623.25,57.83
1782764580000,1623.23,1623.65,1623.2,1623.6,175.78
1782764640000,1623.59,1623.96,1623.2,1623.79,33.81
1782764700000,1623.64,1624.34,1623.64,1624.06,58.97
1782764760000,1624.06,1624.6,1622.52,1623.02,25.84
1782764820000,1623.03,1623.03,1622.33,1622.52,22.87
1782764880000,1622.52,1622.91,1622.18,1622.19,46.36
1782764940000,1622.19,1622.19,1621.82,1621.9,34.77
1782765000000,1621.92,1622.08,1620.96,1621.5,24.11
1782765060000,1621.49,1621.5,1621.02,1621.19,32.65
1782765120000,1621.19,1621.94,1621.19,1621.93,13.04
1782765180000,1621.93,1622.74,1621.93,1622.74,12.9
1782765240000,1622.74,1624.54,1622.73,1624.48,36.43
1782765300000,1624.48,1624.77,1624.19,1624.2,21.4
1782765360000,1624.19,1624.85,1624.16,1624.23,30.32
1782765420000,1624.2,1624.21,1622.17,1622.88,23.61
1782765480000,1622.87,1623.79,1622.87,1623.35,54.29
1782765540000,1623.36,1623.69,1622.89,1623.36,25.3
1782765600000,1623.36,1623.37,1622.1,1622.29,59.87
1782765660000,1622.28,1622.61,1621.59,1622.08,30.9
1782765720000,1622.07,1622.15,1621.89,1621.98,34.07
1782765780000,1622.03,1622.57,1621.61,1621.61,26.77
1782765840000,1621.61,1621.61,1621.17,1621.55,24.87
1782765900000,1621.55,1621.55,1619.08,1619.26,110.79
1782765960000,1619.26,1620.47,1619.25,1619.96,33.95
1782766020000,1619.95,1620.09,1619.64,1619.64,56.04
1782766080000,1619.65,1620.36,1619.19,1620.25,51.49
1782766140000,1620.25,1621.04,1620.24,1621.01,252.59
1782766200000,1621.01,1621.09,1620.02,1620.45,48.8
1782766260000,1620.59,1620.94,1619.36,1619.37,30.93
1782766320000,1619.53,1620.17,1619.33,1619.57,38.42
1782766380000,1619.56,1619.57,1619.21,1619.42,101.44
1782766440000,1619.42,1619.54,1618.91,1618.96,158.15
1782766500000,1618.96,1618.97,1617.83,1618.19,109.26
1782766560000,1618.18,1618.58,1617.12,1617.47,56.56
1782766620000,1617.48,1617.87,1616.98,1617.25,155.35
1782766680000,1617.27,1617.54,1616.4,1617.21,93.09
1782766740000,1617.2,1617.2,1616.62,1616.94,63.42
1782766800000,1616.93,1617.53,1615.68,1617.11,177.29
1782766860000,1617.11,1617.74,1617.11,1617.21,363.07
1782766920000,1617.2,1617.35,1617.14,1617.26,27.81
1782766980000,1617.25,1618.36,1616.4,1616.42,28.9
1782767040000,1616.41,1616.42,1611.66,1613.72,802.89
1782767100000,1613.73,1614.0,1611.28,1612.81,152.74
1782767160000,1612.8,1613.57,1612.8,1613.56,45.98
1782767220000,1613.55,1614.87,1613.13,1614.83,1230.87
1782767280000,1614.83,1614.88,1614.08,1614.72,305.08
1782767340000,1614.52,1614.61,1614.19,1614.29,29.16
1782767400000,1614.29,1614.92,1614.29,1614.91,30.67
1782767460000,1614.92,1615.88,1614.91,1615.67,60.81
1782767520000,1615.67,1616.55,1615.65,1616.49,22.79
1782767580000,1616.84,1620.49,1616.84,1618.23,144.15
1782767640000,1618.23,1618.83,1618.09,1618.69,247.44
1782767700000,1618.7,1618.98,1618.21,1618.52,683.77
1782767760000,1618.44,1618.88,1617.36,1617.88,65.8
1782767820000,1617.89,1617.89,1617.01,1617.14,35.54
1782767880000,1617.13,1617.28,1616.87,1616.88,41.31
1782767940000,1616.88,1617.28,1616.28,1616.63,29.88
1782768000000,1616.67,1616.97,1616.48,1616.97,75.12
1782768060000,1616.96,1616.97,1615.78,1616.22,31.62
1782768120000,1616.22,1616.72,1616.21,1616.72,28.35
1782768180000,1616.71,1616.89,1616.25,1616.25,22.39
1782768240000,1616.26,1616.27,1615.16,1615.39,41.52
1782768300000,1615.39,1615.39,1615.02,1615.32,33.7
1782768360000,1615.32,1615.75,1614.51,1614.54,69.48
1782768420000,1614.53,1614.96,1614.53,1614.96,25.93
1782768480000,1614.96,1614.98,1614.82,1614.87,25.76
1782768540000,1614.88,1615.46,1614.88,1615.45,576.34
1782768600000,1615.45,1617.09,1615.45,1616.93,87.94
1782768660000,1616.92,1617.3,1616.61,1617.3,19.28
1782768720000,1617.3,1618.15,1616.73,1617.53,153.36
1782768780000,1617.53,1618.63,1617.53,1618.63,71.03
1782768840000,1618.7,1618.72,1618.33,1618.33,713.34
1782768900000,1618.33,1618.53,1618.17,1618.17,52.75
1782768960000,1618.17,1618.76,1618.17,1618.76,29.0
1782769020000,1618.75,1618.76,1617.73,1618.32,36.41
1782769080000,1618.32,1618.88,1618.32,1618.83,43.93
1782769140000,1618.83,1620.19,1618.83,1620.03,77.22
1782769200000,1620.03,1620.22,1619.5,1619.9,35.14
1782769260000,1619.91,1621.15,1619.9,1620.97,99.5
1782769320000,1620.96,1620.97,1618.74,1619.3,587.22
1782769380000,1619.3,1620.83,1619.29,1620.11,33.33
1782769440000,1620.0,1621.11,1619.96,1620.18,24.53
1782769500000,1620.17,1620.88,1620.17,1620.82,33.09
1782769560000,1620.83,1620.95,1620.54,1620.57,28.32
1782769620000,1620.57,1621.42,1620.52,1621.4,131.12
1782769680000,1621.41,1621.66,1621.12,1621.12,47.17
1782769740000,1621.12,1621.22,1620.17,1620.17,26.34
1782769800000,1620.18,1620.61,1619.34,1620.37,146.93
1782769860000,1620.37,1621.19,1620.37,1620.79,36.66
1782769920000,1620.79,1620.79,1620.2,1620.64,25.52
1782769980000,1620.64,1620.65,1619.85,1620.6,27.3
1782770040000,1620.62,1622.49,1620.61,1621.54,82.03
1782770100000,1621.53,1621.54,1620.6,1621.04,73.66
1782770160000,1621.04,1621.05,1620.28,1620.29,46.53
1782770220000,1620.28,1620.29,1618.92,1619.37,30.15
1782770280000,1619.38,1619.88,1618.67,1619.43,110.05
1782770340000,1619.43,1619.44,1618.79,1619.43,44.47
1782770400000,1619.43,1619.8,1618.59,1619.39,130.33
1782770460000,1619.4,1619.4,1618.59,1618.72,45.57
1782770520000,1618.73,1619.19,1618.56,1619.0,20.5
1782770580000,1619.0,1619.71,1618.07,1618.12,48.66
1782770640000,1618.12,1619.78,1618.11,1618.92,52.16
1782770700000,1618.97,1619.97,1618.39,1619.93,21.53
1782770760000,1619.93,1619.93,1617.85,1618.26,40.61
1782770820000,1618.27,1619.09,1618.14,1618.14,22.66
1782770880000,1618.15,1618.68,1617.86,1618.64,26.8
1782770940000,1618.71,1619.71,1618.71,1619.55,67.75
1782771000000,1619.56,1619.58,1618.76,1618.76,37.36
1782771060000,1618.76,1618.93,1617.82,1617.82,164.44
1782771120000,1617.7,1618.16,1616.68,1618.1,80.24
1782771180000,1618.11,1618.57,1618.06,1618.57,24.89
1782771240000,1618.56,1618.63,1618.11,1618.58,20.72
1782771300000,1618.57,1619.52,1618.57,1619.52,33.82
1782771360000,1619.52,1619.52,1618.66,1618.66,28.34
1782771420000,1618.67,1618.77,1618.14,1618.69,21.97
1782771480000,1618.68,1618.85,1617.42,1618.19,28.4
1782771540000,1618.19,1619.51,1618.14,1619.46,94.99
1782771600000,1619.47,1621.25,1619.38,1621.03,197.02
1782771660000,1621.01,1621.05,1619.45,1620.32,148.8
1782771720000,1620.32,1620.67,1619.17,1619.18,131.13
1782771780000,1619.17,1619.18,1618.16,1618.46,52.58
1782771840000,1618.47,1618.51,1617.85,1617.86,30.97
1782771900000,1617.86,1617.93,1616.83,1616.83,29.74
1782771960000,1616.82,1617.76,1616.58,1617.6,123.59
1782772020000,1617.61,1617.84,1617.6,1617.71,36.09
1782772080000,1617.7,1617.85,1617.42,1617.43,21.25
1782772140000,1617.44,1617.44,1616.96,1617.17,61.07
1782772200000,1617.17,1617.59,1616.72,1617.26,113.86
1782772260000,1617.26,1617.27,1615.89,1615.9,25.03
1782772320000,1615.9,1616.58,1615.42,1616.09,40.24
1782772380000,1616.09,1616.1,1615.04,1615.05,37.55
1782772440000,1615.04,1615.63,1614.8,1614.84,51.9
1782772500000,1614.8,1614.91,1613.17,1613.73,357.42
1782772560000,1613.73,1614.16,1612.96,1613.49,145.73
1782772620000,1613.48,1613.94,1613.47,1613.92,41.41
1782772680000,1613.92,1614.43,1613.72,1614.43,41.26
1782772740000,1614.42,1614.42,1613.47,1613.58,73.39
1782772800000,1613.68,1613.82,1613.22,1613.59,132.43
1782772860000,1613.5,1613.63,1612.9,1612.9,43.18
1782772920000,1612.9,1614.56,1612.88,1614.08,79.79
1782772980000,1614.09,1614.98,1614.08,1614.94,40.66
1782773040000,1614.95,1614.95,1614.5,1614.72,986.31
1782773100000,1614.73,1615.12,1614.57,1614.58,29.76
1782773160000,1614.58,1614.7,1614.41,1614.7,24.58
1782773220000,1614.7,1614.9,1614.54,1614.88,25.27
1782773280000,1614.87,1614.88,1614.44,1614.76,23.51
1782773340000,1614.97,1615.06,1614.54,1614.54,22.03
1782773400000,1614.54,1614.54,1613.52,1613.82,44.9
1782773460000,1613.81,1613.95,1613.04,1613.14,62.49
1782773520000,1613.13,1613.71,1612.86,1613.67,41.94
1782773580000,1613.66,1613.77,1613.64,1613.75,25.26
1782773640000,1613.75,1615.78,1613.75,1615.63,79.91
1782773700000,1615.63,1615.64,1614.01,1614.01,37.69
1782773760000,1614.01,1614.36,1613.66,1614.36,19.39
1782773820000,1614.36,1614.36,1612.04,1612.13,33.97
1782773880000,1612.12,1612.63,1612.12,1612.63,22.92
1782773940000,1612.63,1612.63,1612.22,1612.27,20.84
1782774000000,1612.27,1612.79,1612.07,1612.2,143.41
1782774060000,1612.21,1612.89,1612.04,1612.89,26.86
1782774120000,1612.88,1613.16,1612.28,1612.84,29.56
1782774180000,1612.85,1613.32,1612.02,1613.31,65.14
1782774240000,1613.3,1613.3,1612.68,1612.68,87.87
1782774300000,1612.67,1612.67,1612.04,1612.25,50.33
1782774360000,1612.25,1612.25,1611.81,1612.07,29.88
1782774420000,1612.06,1612.58,1612.06,1612.41,25.4
1782774480000,1612.42,1612.93,1612.34,1612.78,19.96
1782774540000,1612.79,1612.98,1612.69,1612.97,96.35
1782774600000,1612.98,1612.99,1611.43,1611.46,66.32
1782774660000,1611.45,1611.77,1611.44,1611.65,30.48
1782774720000,1611.65,1611.99,1611.06,1611.98,171.98
1782774780000,1611.98,1612.36,1611.35,1611.56,66.95
1782774840000,1611.56,1611.85,1611.34,1611.36,41.16
1782774900000,1611.36,1611.93,1611.13,1611.18,131.49
1782774960000,1611.25,1611.8,1611.12,1611.3,24.2
1782775020000,1611.3,1611.3,1610.38,1610.52,236.53
1782775080000,1610.54,1611.26,1610.28,1611.22,24.63
1782775140000,1611.21,1611.22,1610.8,1610.81,33.29
1782775200000,1610.8,1610.81,1609.09,1610.07,546.79
1782775260000,1610.07,1610.13,1609.18,1609.19,35.68
1782775320000,1609.19,1609.96,1609.01,1609.01,27.67
1782775380000,1609.0,1609.0,1607.26,1607.81,889.4
1782775440000,1607.8,1608.7,1607.43,1608.63,207.59
1782775500000,1608.63,1608.71,1608.22,1608.64,78.16
1782775560000,1608.42,1608.77,1607.83,1607.83,141.89
1782775620000,1607.83,1608.67,1607.83,1608.49,18.95
1782775680000,1608.49,1608.69,1607.96,1608.38,67.97
1782775740000,1608.38,1608.38,1607.83,1607.83,40.58
1782775800000,1607.78,1608.07,1607.0,1608.07,91.01
1782775860000,1608.2,1609.18,1608.03,1609.18,30.18
1782775920000,1609.16,1609.89,1608.85,1609.33,179.62
1782775980000,1609.33,1610.48,1609.3,1610.48,45.0
1782776040000,1610.53,1610.95,1609.92,1609.93,647.07
1782776100000,1609.8,1609.8,1609.37,1609.38,48.91
1782776160000,1609.27,1610.17,1609.08,1610.06,335.85
1782776220000,1610.07,1611.22,1610.06,1611.22,308.86
1782776280000,1611.25,1611.57,1610.75,1611.06,491.86
1782776340000,1611.06,1611.22,1610.61,1610.62,25.86
1782776400000,1610.57,1610.57,1609.95,1610.4,40.32
1782776460000,1610.41,1610.57,1610.1,1610.56,60.53
1782776520000,1610.55,1610.68,1610.44,1610.59,115.69
1782776580000,1610.59,1611.29,1610.59,1611.29,26.62
1782776640000,1611.27,1611.27,1610.46,1610.48,78.22
1782776700000,1610.45,1611.83,1610.16,1611.39,61.78
1782776760000,1611.39,1612.15,1611.36,1611.48,146.97
1782776820000,1611.48,1611.49,1610.91,1611.28,120.23
1782776880000,1611.29,1611.99,1611.17,1611.8,29.54
1782776940000,1611.79,1611.81,1610.33,1611.47,27.96
1782777000000,1611.48,1612.7,1611.48,1611.88,69.71
1782777060000,1611.88,1611.89,1611.0,1611.22,32.99
1782777120000,1611.24,1612.15,1610.62,1612.1,44.42
1782777180000,1612.08,1612.08,1610.95,1610.96,26.76
1782777240000,1610.96,1611.63,1610.9,1611.59,22.03
1782777300000,1611.58,1612.7,1611.19,1611.9,23.62
1782777360000,1611.9,1611.9,1611.42,1611.73,29.22
1782777420000,1611.73,1612.63,1611.72,1611.76,119.95
1782777480000,1611.75,1611.76,1611.39,1611.4,22.57
1782777540000,1611.4,1612.4,1611.34,1612.18,19.29
1782777600000,1612.19,1612.44,1610.76,1611.3,132.78
1782777660000,1611.3,1611.96,1610.5,1611.71,28.05
1782777720000,1611.71,1612.04,1611.26,1611.32,25.63
1782777780000,1611.32,1612.14,1611.31,1611.98,50.27
1782777840000,1611.98,1613.24,1611.21,1612.8,94.12
1782777900000,1612.79,1613.52,1611.97,1613.37,347.06
1782777960000,1613.37,1613.52,1612.12,1612.13,116.71
1782778020000,1612.12,1612.18,1610.98,1611.35,56.22
1782778080000,1611.35,1611.48,1610.72,1611.14,117.04
1782778140000,1611.15,1611.51,1610.26,1610.26,38.79
1782778200000,1610.26,1610.61,1609.26,1610.58,311.96
1782778260000,1610.59,1613.31,1609.49,1612.21,177.04
1782778320000,1612.21,1612.39,1611.63,1611.83,33.02
1782778380000,1611.82,1611.89,1610.81,1611.26,75.5
1782778440000,1611.27,1611.48,1610.93,1611.47,103.92
1782778500000,1611.6,1612.43,1610.53,1611.72,24.12
1782778560000,1611.72,1611.87,1611.1,1611.86,77.32
1782778620000,1611.86,1611.86,1610.92,1610.96,30.63
1782778680000,1610.97,1611.38,1610.49,1610.5,50.27
1782778740000,1610.49,1610.53,1608.71,1609.21,57.14
1782778800000,1609.2,1609.52,1608.18,1608.8,1760.92
1782778860000,1608.8,1609.01,1608.19,1608.47,373.67
1782778920000,1608.48,1608.93,1607.87,1608.16,60.73
1782778980000,1608.09,1608.16,1607.06,1607.21,60.9
1782779040000,1607.21,1608.0,1607.1,1608.0,62.85
1782779100000,1607.99,1608.35,1607.24,1608.22,102.17
1782779160000,1608.22,1608.46,1607.77,1608.3,143.9
1782779220000,1608.3,1608.3,1605.89,1605.94,341.18
1782779280000,1605.89,1606.08,1602.59,1602.59,892.68
1782779340000,1602.59,1604.77,1601.95,1602.54,382.18
1782779400000,1602.53,1602.63,1598.88,1599.36,1273.59
1782779460000,1599.32,1599.32,1594.53,1594.53,953.13
1782779520000,1594.53,1598.3,1592.25,1596.47,969.77
1782779580000,1596.79,1598.37,1596.11,1596.88,239.61
1782779640000,1596.84,1597.97,1595.78,1597.5,266.88
1782779700000,1597.51,1598.31,1596.69,1597.63,88.77
1782779760000,1597.8,1598.19,1594.58,1594.67,255.09
1782779820000,1594.68,1594.68,1592.83,1594.47,466.41
1782779880000,1594.49,1594.89,1592.98,1594.81,366.43
1782779940000,1594.69,1594.69,1592.3,1592.44,472.92
1782780000000,1592.45,1594.29,1591.83,1592.43,814.0
1782780060000,1592.4,1593.95,1591.9,1593.7,227.72
1782780120000,1593.71,1593.71,1592.07,1592.4,95.14
1782780180000,1592.4,1593.62,1592.27,1592.68,50.12
1782780240000,1592.79,1594.12,1592.61,1593.75,62.45
1782780300000,1593.78,1594.49,1592.73,1594.2,445.74
1782780360000,1594.19,1596.68,1593.9,1596.0,567.02
1782780420000,1596.0,1596.0,1593.94,1594.98,182.85
1782780480000,1595.0,1596.96,1595.0,1595.29,47.58
1782780540000,1595.29,1596.47,1595.1,1596.42,192.37
1782780600000,1596.42,1597.07,1592.91,1593.38,93.58
1782780660000,1593.39,1595.1,1593.39,1595.1,281.34
1782780720000,1595.1,1596.8,1595.1,1596.72,106.48
1782780780000,1596.72,1597.25,1595.99,1596.78,93.64
1782780840000,1596.77,1596.78,1595.51,1596.24,81.55
1782780900000,1596.24,1596.52,1595.3,1595.45,71.37
1782780960000,1595.45,1596.35,1593.92,1593.93,105.05
1782781020000,1593.83,1594.69,1593.51,1593.9,304.27
1782781080000,1593.9,1594.22,1593.6,1594.19,113.11
1782781140000,1594.18,1594.19,1593.53,1593.73,50.99
1782781200000,1593.73,1594.34,1592.72,1592.85,32.06
1782781260000,1592.86,1593.66,1592.74,1593.66,34.51
1782781320000,1593.66,1593.66,1591.51,1591.64,177.64
1782781380000,1591.64,1592.85,1590.38,1592.59,414.69
1782781440000,1592.23,1595.0,1591.8,1594.79,164.2
1782781500000,1594.8,1594.8,1592.95,1593.97,126.96
1782781560000,1593.98,1594.07,1592.67,1592.89,152.81
1782781620000,1592.89,1593.46,1591.07,1592.22,31.35
1782781680000,1592.22,1593.12,1589.83,1592.05,816.68
1782781740000,1592.05,1592.77,1590.3,1591.06,201.0
1782781800000,1591.06,1591.58,1590.32,1591.53,50.78
1782781860000,1591.53,1591.66,1590.49,1590.75,65.24
1782781920000,1590.87,1592.7,1590.87,1592.04,190.78
1782781980000,1592.05,1592.05,1590.11,1590.41,104.51
1782782040000,1590.42,1591.94,1590.35,1591.6,61.24
1782782100000,1591.61,1592.37,1590.87,1592.24,38.68
1782782160000,1592.25,1592.33,1591.36,1592.31,66.81
1782782220000,1592.4,1593.55,1591.93,1592.98,134.39
1782782280000,1592.97,1594.92,1591.94,1594.56,167.02
1782782340000,1594.49,1595.36,1594.23,1594.71,180.01
1782782400000,1594.85,1595.66,1594.68,1595.05,157.34
1782782460000,1594.99,1594.99,1593.46,1594.34,191.06
1782782520000,1594.36,1595.24,1594.0,1595.23,50.4
1782782580000,1595.23,1595.58,1594.94,1595.29,133.57
1782782640000,1595.29,1596.1,1595.04,1595.16,237.95
1782782700000,1595.13,1596.12,1594.81,1596.01,65.23
1782782760000,1596.0,1599.05,1595.86,1598.97,411.37
1782782820000,1599.15,1599.2,1597.92,1598.01,99.51
1782782880000,1598.01,1598.94,1597.37,1598.26,224.72
1782782940000,1598.27,1598.73,1598.16,1598.66,42.85
1782783000000,1598.67,1598.68,1597.7,1598.34,41.83
1782783060000,1598.34,1598.69,1597.79,1597.99,60.03
1782783120000,1598.01,1598.47,1597.92,1597.97,131.53
1782783180000,1597.98,1597.98,1597.13,1597.38,79.81
1782783240000,1597.37,1597.39,1596.64,1596.81,25.04
1782783300000,1596.82,1596.91,1596.35,1596.73,31.93
1782783360000,1596.72,1596.92,1596.4,1596.66,22.2
1782783420000,1596.65,1596.66,1595.09,1595.13,177.62
1782783480000,1595.12,1595.35,1593.27,1593.33,170.09
1782783540000,1593.33,1594.43,1593.12,1594.36,494.21
1782783600000,1594.36,1594.75,1589.01,1589.01,474.07
1782783660000,1589.0,1590.44,1588.09,1590.21,418.41
1782783720000,1590.22,1591.23,1589.77,1591.17,903.65
1782783780000,1591.16,1591.23,1590.89,1591.13,141.83
1782783840000,1591.13,1591.14,1590.41,1590.41,344.26
1782783900000,1590.42,1591.58,1590.41,1591.52,168.23
1782783960000,1591.52,1591.93,1591.51,1591.87,38.75
1782784020000,1591.87,1591.87,1591.27,1591.61,36.26
1782784080000,1591.6,1592.56,1591.6,1592.39,123.56
1782784140000,1592.39,1593.54,1592.38,1593.54,302.94
1782784200000,1593.53,1593.54,1592.43,1592.58,49.91
1782784260000,1592.58,1592.63,1591.83,1591.93,110.58
1782784320000,1591.94,1592.32,1591.92,1592.31,22.39
1782784380000,1592.32,1592.79,1592.31,1592.61,122.84
1782784440000,1592.6,1592.61,1592.01,1592.01,23.4
1782784500000,1592.02,1592.26,1591.98,1592.26,159.35
1782784560000,1592.27,1593.17,1592.25,1592.99,140.75
1782784620000,1593.0,1593.63,1593.0,1593.63,125.71
1782784680000,1593.62,1593.63,1593.03,1593.03,165.45
1782784740000,1593.04,1593.23,1593.03,1593.16,51.29
1782784800000,1593.16,1593.25,1592.07,1592.07,487.09
1782784860000,1592.08,1592.08,1590.92,1590.92,24.65
1782784920000,1590.92,1591.75,1590.77,1591.18,32.27
1782784980000,1591.17,1591.18,1590.14,1590.26,116.7
1782785040000,1590.26,1590.65,1590.06,1590.54,37.58
1782785100000,1590.58,1591.49,1590.58,1591.07,459.29
1782785160000,1591.07,1591.21,1591.02,1591.2,112.02
1782785220000,1591.2,1591.99,1591.2,1591.44,189.64
1782785280000,1591.43,1591.44,1590.53,1590.64,58.57
1782785340000,1590.64,1591.49,1590.63,1591.37,39.09
1782785400000,1591.37,1591.45,1590.96,1591.15,145.5
1782785460000,1591.14,1591.15,1587.02,1588.13,646.76
1782785520000,1588.13,1588.52,1587.33,1587.8,126.85
1782785580000,1587.79,1587.86,1586.86,1587.02,158.05
1782785640000,1587.02,1587.66,1586.45,1587.54,254.52
1782785700000,1587.55,1587.69,1585.7,1586.02,653.38
1782785760000,1586.03,1586.29,1585.72,1585.97,341.35
1782785820000,1585.98,1586.67,1585.75,1586.67,205.64
1782785880000,1586.66,1587.67,1586.66,1587.51,132.35
1782785940000,1587.51,1588.21,1587.5,1588.18,601.51
1782786000000,1588.14,1588.71,1587.99,1588.54,48.47
1782786060000,1588.53,1588.73,1588.14,1588.73,51.52
1782786120000,1588.73,1590.28,1588.21,1590.12,196.13
1782786180000,1590.12,1590.62,1589.94,1590.61,150.11
1782786240000,1590.61,1590.62,1590.13,1590.42,127.57
1782786300000,1590.43,1591.11,1590.31,1590.79,83.93
1782786360000,1590.8,1591.46,1590.79,1591.05,43.3
1782786420000,1591.05,1591.06,1590.56,1591.01,27.51
1782786480000,1591.0,1591.59,1590.84,1591.06,175.0
1782786540000,1591.05,1591.18,1590.89,1590.89,132.76
1782786600000,1590.89,1590.89,1589.94,1589.96,223.48
1782786660000,1589.96,1590.43,1589.54,1590.21,56.87
1782786720000,1590.22,1590.22,1589.14,1589.45,38.84
1782786780000,1589.46,1589.54,1589.14,1589.34,29.47
1782786840000,1589.34,1589.64,1588.91,1589.54,28.94
1782786900000,1589.54,1590.48,1589.45,1589.99,107.71
1782786960000,1590.0,1590.74,1589.99,1590.34,213.97
1782787020000,1590.34,1590.79,1590.16,1590.79,94.44
1782787080000,1590.79,1591.67,1590.78,1591.63,34.16
1782787140000,1591.63,1591.89,1591.49,1591.82,39.02
1782787200000,1591.85,1592.27,1591.34,1591.35,175.33
1782787260000,1591.34,1591.66,1591.27,1591.33,34.21
1782787320000,1591.33,1591.38,1591.12,1591.13,36.76
1782787380000,1591.12,1591.14,1590.94,1591.01,99.09
1782787440000,1590.98,1591.37,1590.95,1591.37,53.9
1782787500000,1591.36,1591.95,1591.36,1591.95,71.17
1782787560000,1591.95,1592.54,1591.94,1592.54,119.63
1782787620000,1592.54,1592.93,1592.46,1592.5,69.51
1782787680000,1592.49,1593.12,1592.49,1592.93,69.03
1782787740000,1592.94,1593.11,1592.76,1592.94,85.89
1782787800000,1592.95,1593.14,1592.74,1592.74,262.14
1782787860000,1592.75,1592.75,1592.5,1592.7,53.64
1782787920000,1592.7,1592.74,1592.25,1592.26,27.97
1782787980000,1592.26,1592.38,1592.05,1592.38,42.63
1782788040000,1592.38,1592.38,1591.77,1592.18,29.49
1782788100000,1592.19,1592.23,1592.0,1592.0,26.92
1782788160000,1592.01,1592.01,1590.81,1590.95,91.66
1782788220000,1590.95,1591.05,1590.53,1590.54,81.59
1782788280000,1590.54,1590.81,1590.15,1590.26,27.86
1782788340000,1590.17,1590.2,1589.61,1589.97,202.82
1782788400000,1589.97,1590.07,1589.77,1589.87,24.06
1782788460000,1589.87,1590.95,1589.87,1590.8,24.92
1782788520000,1590.79,1591.52,1590.56,1591.33,153.05
1782788580000,1591.32,1591.94,1591.32,1591.47,110.54
1782788640000,1591.47,1591.91,1591.36,1591.36,42.44
1782788700000,1591.35,1591.61,1591.34,1591.43,27.64
1782788760000,1591.43,1592.87,1591.43,1592.86,41.34
1782788820000,1592.86,1592.97,1592.42,1592.49,66.36
1782788880000,1592.49,1592.49,1590.42,1590.5,35.53
1782788940000,1590.5,1592.11,1590.5,1592.07,64.7
1782789000000,1592.06,1592.21,1591.41,1592.12,34.89
1782789060000,1592.07,1592.07,1591.74,1591.87,42.09
1782789120000,1591.87,1591.87,1591.5,1591.5,80.67
1782789180000,1591.51,1591.72,1591.04,1591.57,42.17
1782789240000,1591.57,1592.02,1591.23,1591.38,61.75
1782789300000,1591.39,1591.95,1591.38,1591.93,39.03
1782789360000,1591.93,1593.26,1591.93,1593.26,178.02
1782789420000,1593.25,1593.61,1593.25,1593.51,56.45
1782789480000,1593.51,1594.45,1593.5,1594.31,275.94
1782789540000,1594.3,1595.29,1594.3,1595.29,211.31
1782789600000,1595.29,1595.44,1594.7,1594.7,176.98
1782789660000,1594.71,1594.71,1593.77,1594.27,87.21
1782789720000,1594.27,1594.89,1593.79,1593.84,31.76
1782789780000,1593.84,1593.85,1592.59,1592.59,207.05
1782789840000,1592.6,1592.6,1590.03,1590.03,237.0
1782789900000,1590.04,1591.02,1590.03,1590.91,63.94
1782789960000,1590.92,1591.17,1590.78,1590.95,36.45
1782790020000,1590.95,1590.96,1590.42,1590.86,85.94
1782790080000,1590.85,1591.1,1590.73,1591.1,49.4
1782790140000,1591.1,1591.64,1591.03,1591.33,159.53
1782790200000,1591.32,1591.49,1590.5,1590.5,90.21
1782790260000,1590.5,1590.5,1589.6,1589.61,71.35
1782790320000,1589.61,1590.09,1589.6,1589.61,128.65
1782790380000,1589.55,1589.91,1588.56,1588.56,93.35
1782790440000,1588.57,1588.57,1587.81,1588.52,570.0
1782790500000,1588.51,1589.36,1588.51,1589.35,194.08
1782790560000,1589.36,1590.41,1589.24,1590.28,35.69
1782790620000,1590.3,1590.75,1590.05,1590.49,96.11
1782790680000,1590.5,1591.02,1590.41,1590.82,107.94
1782790740000,1590.81,1590.84,1589.81,1590.18,107.14
1782790800000,1590.17,1590.47,1590.15,1590.47,40.06
1782790860000,1590.46,1590.59,1589.41,1589.41,48.17
1782790920000,1589.41,1590.07,1589.41,1589.51,64.33
1782790980000,1589.5,1589.53,1589.12,1589.22,62.04
1782791040000,1589.22,1589.87,1589.22,1589.82,23.57
1782791100000,1589.81,1589.91,1589.4,1589.53,44.83
1782791160000,1589.52,1589.72,1587.97,1587.98,272.03
1782791220000,1587.98,1588.34,1587.53,1587.76,928.4
1782791280000,1587.81,1588.47,1587.64,1587.75,126.35
1782791340000,1587.75,1588.47,1587.7,1588.11,62.72
1782791400000,1588.11,1588.61,1588.1,1588.23,70.94
1782791460000,1588.22,1588.68,1588.16,1588.56,78.06
1782791520000,1588.56,1588.57,1588.21,1588.53,120.46
1782791580000,1588.53,1588.53,1586.51,1587.0,321.64
1782791640000,1587.0,1587.0,1585.77,1586.66,162.33
1782791700000,1586.7,1586.91,1586.22,1586.91,159.56
1782791760000,1586.91,1587.91,1586.9,1587.01,160.32
1782791820000,1587.02,1587.02,1586.09,1586.66,60.12
1782791880000,1586.69,1587.01,1586.69,1586.94,38.36
1782791940000,1586.93,1587.04,1586.3,1586.34,43.05
1782792000000,1586.34,1586.62,1585.28,1585.29,243.88
1782792060000,1585.28,1585.44,1584.31,1585.17,485.29
1782792120000,1585.14,1585.15,1584.13,1584.18,75.08
1782792180000,1584.19,1585.21,1583.58,1584.11,407.41
1782792240000,1584.12,1585.14,1584.11,1584.36,45.6
1782792300000,1584.35,1585.22,1583.54,1585.22,118.07
1782792360000,1585.23,1585.39,1583.57,1583.72,281.87
1782792420000,1583.72,1583.73,1581.94,1581.94,650.22
1782792480000,1581.93,1582.07,1580.69,1581.78,416.02
1782792540000,1581.78,1581.81,1580.88,1581.01,116.57
1782792600000,1581.0,1581.17,1578.94,1579.7,1017.51
1782792660000,1579.78,1582.32,1579.65,1582.06,360.1
1782792720000,1582.13,1587.06,1581.27,1586.99,880.98
1782792780000,1587.09,1587.9,1586.59,1586.71,251.4
1782792840000,1586.72,1587.46,1586.7,1587.33,103.57
1782792900000,1587.2,1587.51,1586.59,1586.59,64.5
1782792960000,1586.57,1586.58,1584.39,1584.39,1061.61
1782793020000,1584.39,1585.2,1584.12,1584.35,108.7
1782793080000,1584.35,1585.42,1584.35,1584.76,203.92
1782793140000,1584.76,1584.76,1584.04,1584.05,59.84
1782793200000,1584.05,1584.05,1582.57,1583.77,253.94
1782793260000,1583.76,1584.9,1583.76,1584.76,236.0
1782793320000,1584.74,1585.15,1584.36,1584.76,203.81
1782793380000,1584.76,1585.44,1584.36,1585.16,55.73
1782793440000,1585.08,1585.08,1583.65,1584.01,325.2
1782793500000,1584.01,1585.58,1584.0,1585.56,240.43
1782793560000,1585.57,1586.4,1585.51,1586.29,320.54
1782793620000,1586.25,1586.61,1586.13,1586.24,95.51
1782793680000,1586.23,1586.92,1586.19,1586.62,116.56
1782793740000,1586.62,1587.4,1586.62,1586.85,110.24
1782793800000,1586.88,1588.75,1586.88,1588.43,541.34
1782793860000,1588.42,1589.13,1587.92,1588.96,218.06
1782793920000,1588.96,1589.47,1588.85,1589.33,60.73
1782793980000,1589.33,1590.03,1589.27,1589.76,143.67
1782794040000,1589.75,1589.87,1589.31,1589.85,186.36
1782794100000,1589.86,1590.22,1589.33,1589.98,218.71
1782794160000,1589.98,1590.22,1589.4,1589.56,138.17
1782794220000,1589.57,1589.58,1589.01,1589.11,57.75
1782794280000,1589.12,1589.5,1589.08,1589.08,184.72
1782794340000,1589.08,1589.14,1588.79,1588.79,66.78
1782794400000,1588.79,1588.79,1587.91,1588.29,266.49
1782794460000,1588.3,1590.02,1587.94,1587.94,74.03
1782794520000,1587.94,1588.27,1587.94,1587.98,175.68
1782794580000,1587.98,1587.99,1587.06,1587.31,404.1
1782794640000,1587.3,1588.47,1587.28,1588.34,151.73
1782794700000,1588.35,1588.47,1587.99,1588.39,43.1
1782794760000,1588.38,1588.96,1588.29,1588.56,125.38
1782794820000,1588.56,1588.56,1587.81,1587.81,30.16
1782794880000,1587.81,1588.02,1587.56,1587.78,116.6
1782794940000,1587.79,1588.33,1587.78,1588.33,35.11
1782795000000,1588.33,1588.33,1587.64,1587.97,33.84
1782795060000,1587.97,1588.17,1587.76,1587.76,107.35
1782795120000,1587.78,1587.78,1587.58,1587.72,53.71
1782795180000,1587.73,1588.45,1587.72,1588.0,40.27
1782795240000,1588.0,1588.03,1586.66,1586.85,61.83
1782795300000,1586.86,1586.86,1586.16,1586.33,51.56
1782795360000,1586.33,1586.82,1586.33,1586.82,43.54
1782795420000,1586.82,1587.7,1586.81,1587.16,504.84
1782795480000,1587.13,1587.16,1586.98,1587.12,101.81
1782795540000,1587.12,1587.27,1587.08,1587.09,23.82
1782795600000,1587.08,1588.42,1587.05,1588.42,272.71
1782795660000,1588.42,1588.92,1588.41,1588.58,182.27
1782795720000,1588.54,1589.04,1588.54,1589.03,179.38
1782795780000,1589.02,1589.3,1588.61,1589.2,122.2
1782795840000,1589.19,1589.24,1588.37,1589.09,32.28
1782795900000,1589.08,1589.11,1588.43,1589.07,166.63
1782795960000,1589.07,1589.19,1588.88,1588.89,53.34
1782796020000,1588.89,1588.97,1588.23,1588.24,32.61
1782796080000,1588.24,1589.01,1587.81,1589.01,147.88
1782796140000,1589.02,1589.67,1589.01,1589.67,53.27
1782796200000,1589.66,1589.67,1589.03,1589.04,38.37
1782796260000,1589.03,1589.21,1587.78,1587.79,145.06
1782796320000,1587.79,1588.18,1586.92,1587.06,40.4
1782796380000,1587.07,1588.29,1587.06,1588.27,142.0
1782796440000,1588.27,1588.71,1588.23,1588.69,321.48
1782796500000,1588.7,1588.7,1587.41,1587.41,110.05
1782796560000,1587.41,1587.43,1587.16,1587.21,32.47
1782796620000,1587.2,1587.21,1586.51,1586.76,53.99
1782796680000,1586.75,1587.37,1586.74,1587.19,38.46
1782796740000,1587.2,1587.24,1586.25,1586.26,32.55
1782796800000,1586.25,1587.48,1585.62,1586.95,382.6
1782796860000,1586.95,1587.73,1586.94,1587.5,36.4
1782796920000,1587.51,1587.51,1586.97,1587.5,293.16
1782796980000,1587.49,1587.8,1587.27,1587.27,29.53
1782797040000,1587.28,1588.21,1587.21,1588.18,43.91
1782797100000,1588.17,1588.4,1586.93,1586.93,196.97
1782797160000,1586.92,1586.93,1585.91,1585.91,107.52
1782797220000,1585.92,1585.92,1584.93,1585.19,198.45
1782797280000,1585.18,1585.19,1584.53,1584.93,129.42
1782797340000,1584.94,1585.37,1584.93,1584.97,63.88
1782797400000,1584.97,1585.62,1584.27,1585.61,202.82
1782797460000,1585.6,1586.14,1585.03,1585.45,121.51
1782797520000,1585.45,1585.64,1584.84,1584.99,30.39
1782797580000,1585.0,1585.6,1584.72,1585.48,161.66
1782797640000,1585.5,1585.5,1584.95,1585.25,64.29
1782797700000,1585.25,1585.37,1584.73,1584.74,23.05
1782797760000,1584.74,1586.14,1584.71,1585.93,37.54
1782797820000,1585.93,1586.86,1585.89,1586.26,96.23
1782797880000,1586.26,1588.44,1586.26,1588.43,116.68
1782797940000,1588.44,1588.44,1587.44,1587.7,29.27
1782798000000,1587.69,1589.53,1587.25,1589.53,123.24
1782798060000,1589.54,1590.22,1589.11,1589.28,96.97
1782798120000,1589.29,1589.33,1588.8,1588.94,310.35
1782798180000,1589.13,1589.19,1588.54,1588.55,100.26
1782798240000,1588.63,1589.14,1588.5,1588.6,32.33
1782798300000,1588.58,1589.12,1588.28,1588.45,77.91
1782798360000,1588.45,1589.15,1588.44,1589.13,62.05
1782798420000,1589.14,1589.14,1588.4,1588.68,27.89
1782798480000,1588.68,1589.3,1588.67,1589.3,75.79
1782798540000,1589.3,1590.11,1589.05,1590.11,109.41
1782798600000,1590.1,1590.11,1588.79,1588.79,83.59
1782798660000,1588.8,1589.15,1588.78,1588.86,38.91
1782798720000,1588.86,1589.22,1588.84,1589.22,42.83
1782798780000,1589.21,1589.22,1588.96,1589.14,69.33
1782798840000,1589.13,1589.94,1588.87,1589.93,76.32
1782798900000,1589.94,1590.96,1589.67,1590.22,251.17
1782798960000,1590.22,1590.8,1590.21,1590.6,153.59
1782799020000,1590.59,1590.84,1590.39,1590.72,123.34
1782799080000,1590.71,1591.21,1590.71,1591.18,132.32
1782799140000,1591.18,1591.95,1590.72,1590.73,204.99
1782799200000,1590.74,1591.23,1590.09,1590.18,473.45
1782799260000,1590.18,1590.18,1589.79,1589.79,121.12
1782799320000,1589.8,1589.8,1589.15,1589.56,152.47
1782799380000,1589.56,1589.86,1589.54,1589.54,27.69
1782799440000,1589.54,1589.76,1589.14,1589.75,41.11
1782799500000,1589.76,1589.76,1589.2,1589.44,21.72
1782799560000,1589.45,1589.45,1589.33,1589.35,38.94
1782799620000,1589.35,1589.36,1588.99,1589.0,45.85
1782799680000,1589.0,1589.32,1588.86,1589.29,44.74
1782799740000,1589.29,1589.33,1589.15,1589.16,23.27
1782799800000,1589.16,1589.33,1589.02,1589.12,71.22
1782799860000,1589.12,1589.19,1588.97,1588.98,88.46
1782799920000,1588.98,1589.12,1588.9,1589.03,32.29
1782799980000,1589.02,1590.04,1589.02,1589.76,244.26
1782800040000,1589.76,1589.95,1589.76,1589.8,57.91
1782800100000,1589.79,1590.18,1589.52,1589.52,29.32
1782800160000,1589.52,1589.52,1588.72,1588.76,243.37
1782800220000,1588.76,1588.96,1588.59,1588.91,51.54
1782800280000,1588.92,1588.96,1588.16,1588.18,23.55
1782800340000,1588.18,1588.72,1588.13,1588.71,155.36
1782800400000,1588.71,1588.71,1588.1,1588.38,61.34
1782800460000,1588.39,1588.68,1588.01,1588.49,56.33
1782800520000,1588.5,1589.21,1588.48,1588.77,122.26
1782800580000,1588.77,1590.0,1588.44,1590.0,238.67
1782800640000,1589.99,1590.0,1589.05,1589.48,37.84
1782800700000,1589.49,1589.49,1588.5,1588.51,36.56
1782800760000,1588.51,1589.0,1588.47,1589.0,232.9
1782800820000,1589.0,1591.47,1589.0,1591.42,196.0
1782800880000,1591.42,1591.67,1590.98,1591.4,265.94
1782800940000,1591.4,1593.42,1591.4,1593.37,136.98
1782801000000,1593.33,1593.53,1592.08,1592.08,115.43
1782801060000,1592.08,1592.14,1591.61,1592.01,103.2
1782801120000,1592.01,1592.86,1591.57,1592.32,65.72
1782801180000,1592.32,1592.33,1591.26,1591.28,103.44
1782801240000,1591.28,1591.4,1590.96,1591.36,91.51
1782801300000,1591.36,1591.44,1591.04,1591.33,141.33
1782801360000,1591.34,1593.11,1591.33,1593.11,53.39
1782801420000,1593.11,1593.11,1591.91,1591.93,71.01
1782801480000,1591.92,1591.98,1591.64,1591.65,234.4
1782801540000,1591.65,1592.42,1591.65,1591.73,37.64
1782801600000,1591.73,1591.94,1591.54,1591.62,196.56
1782801660000,1591.61,1591.63,1591.2,1591.63,44.27
1782801720000,1591.62,1591.63,1591.36,1591.45,51.19
1782801780000,1591.44,1592.36,1591.41,1592.36,176.01
1782801840000,1592.36,1592.47,1591.84,1592.05,89.18
1782801900000,1592.05,1592.38,1591.65,1591.89,67.84
1782801960000,1591.89,1591.9,1591.58,1591.59,23.06
1782802020000,1591.6,1592.83,1591.59,1592.7,265.24
1782802080000,1592.7,1593.16,1592.69,1593.14,77.87
1782802140000,1593.15,1593.87,1593.14,1593.41,155.28
1782802200000,1593.41,1593.44,1593.15,1593.15,171.57
1782802260000,1593.15,1593.61,1593.04,1593.6,133.85
1782802320000,1593.61,1593.72,1592.78,1592.79,64.49
1782802380000,1592.79,1592.83,1592.52,1592.52,31.8
1782802440000,1592.52,1592.57,1592.44,1592.51,54.01
1782802500000,1592.5,1592.69,1592.4,1592.41,38.21
1782802560000,1592.41,1592.62,1592.1,1592.43,36.81
1782802620000,1592.43,1592.86,1592.18,1592.85,26.46
1782802680000,1592.85,1593.01,1592.59,1592.59,277.33
1782802740000,1592.59,1593.01,1592.58,1592.91,23.43
1782802800000,1592.9,1592.95,1592.24,1592.38,24.14
1782802860000,1592.37,1593.94,1592.36,1593.93,88.35
1782802920000,1593.93,1594.49,1593.93,1594.0,110.55
1782802980000,1594.01,1595.04,1593.84,1594.83,108.18
1782803040000,1594.83,1594.84,1593.34,1593.35,82.58
1782803100000,1593.34,1593.39,1592.68,1592.77,113.88
1782803160000,1592.69,1593.12,1592.62,1592.92,158.67
1782803220000,1592.92,1592.93,1592.65,1592.92,43.61
1782803280000,1592.92,1592.98,1591.36,1591.36,93.5
1782803340000,1591.3,1591.3,1590.11,1590.79,263.45
1782803400000,1590.79,1590.8,1589.78,1589.79,181.68
1782803460000,1589.79,1590.12,1589.25,1589.64,144.17
1782803520000,1589.65,1590.07,1589.33,1589.73,571.82
1782803580000,1589.75,1590.85,1589.73,1590.85,47.13
1782803640000,1590.84,1591.21,1590.59,1591.21,74.31
1782803700000,1591.2,1592.0,1591.2,1591.73,73.82
1782803760000,1591.73,1591.96,1591.44,1591.91,42.59
1782803820000,1591.91,1592.29,1591.22,1591.27,38.19
1782803880000,1591.28,1591.48,1590.21,1590.29,47.29
1782803940000,1590.28,1590.59,1590.04,1590.51,35.4
1782804000000,1590.4,1590.41,1589.58,1589.97,43.71
1782804060000,1589.97,1590.64,1589.97,1590.6,39.14
1782804120000,1590.6,1590.65,1590.24,1590.44,69.05
1782804180000,1590.45,1590.71,1590.39,1590.6,29.66
1782804240000,1590.6,1591.0,1590.6,1590.96,45.16
1782804300000,1590.96,1591.52,1590.93,1591.23,24.44
1782804360000,1591.22,1591.61,1591.12,1591.31,63.69
1782804420000,1591.3,1591.65,1589.87,1590.3,31.65
1782804480000,1590.31,1591.14,1590.3,1590.88,21.28
1782804540000,1590.89,1590.89,1590.41,1590.6,42.79
1782804600000,1590.59,1592.28,1590.59,1592.06,38.58
1782804660000,1592.04,1593.11,1591.95,1592.51,25.17
1782804720000,1592.5,1592.5,1592.06,1592.49,24.53
1782804780000,1592.49,1592.5,1592.3,1592.33,22.69
1782804840000,1592.32,1592.33,1591.93,1592.07,82.4
1782804900000,1592.08,1593.53,1592.07,1593.42,77.47
1782804960000,1593.42,1593.47,1592.25,1592.25,41.04
1782805020000,1592.25,1592.26,1591.96,1592.16,35.65
1782805080000,1592.17,1592.71,1592.08,1592.08,40.45
1782805140000,1592.07,1592.38,1591.43,1591.49,44.37
1782805200000,1591.48,1592.01,1591.4,1591.44,22.16
1782805260000,1591.44,1591.73,1591.2,1591.7,32.89
1782805320000,1591.7,1592.37,1591.68,1592.29,158.5
1782805380000,1592.3,1592.31,1591.34,1591.35,45.39
1782805440000,1591.35,1591.35,1590.87,1590.96,131.88
1782805500000,1590.97,1591.01,1590.53,1590.91,192.92
1782805560000,1590.91,1591.57,1590.9,1591.56,179.27
1782805620000,1591.57,1592.52,1591.56,1592.25,35.49
1782805680000,1592.26,1592.32,1592.05,1592.27,25.09
1782805740000,1592.27,1593.09,1592.23,1592.77,43.26
1782805800000,1592.76,1592.76,1591.15,1591.18,31.08
1782805860000,1591.19,1591.68,1591.17,1591.36,841.55
1782805920000,1591.37,1591.66,1590.63,1591.61,37.65
1782805980000,1591.61,1591.86,1591.48,1591.6,39.02
1782806040000,1591.61,1592.79,1591.41,1592.61,38.98
1782806100000,1592.6,1592.6,1591.61,1592.22,26.84
1782806160000,1592.22,1592.3,1591.88,1591.88,102.59
1782806220000,1591.88,1592.1,1591.59,1591.77,576.89
1782806280000,1591.77,1591.8,1591.5,1591.72,41.51
1782806340000,1591.71,1591.72,1591.3,1591.54,44.93
1782806400000,1591.54,1592.33,1591.33,1591.62,31.92
1782806460000,1591.61,1591.83,1591.6,1591.78,27.43
1782806520000,1591.77,1592.21,1591.54,1591.55,34.98
1782806580000,1591.54,1591.78,1591.36,1591.75,22.0
1782806640000,1591.74,1593.05,1591.49,1592.83,32.22
1782806700000,1592.83,1593.55,1592.83,1593.07,50.2
1782806760000,1593.07,1593.11,1591.73,1591.76,23.34
1782806820000,1591.76,1592.57,1591.54,1592.26,34.22
1782806880000,1592.31,1592.55,1591.78,1591.79,51.33
1782806940000,1591.78,1591.79,1590.08,1590.23,38.79
1782807000000,1590.24,1591.72,1590.22,1591.59,58.55
1782807060000,1591.59,1591.59,1590.54,1591.37,35.86
1782807120000,1591.37,1591.47,1590.36,1590.45,114.34
1782807180000,1590.44,1590.99,1590.0,1590.01,56.7
1782807240000,1590.0,1590.32,1588.44,1588.67,241.99
1782807300000,1588.67,1588.67,1586.55,1586.63,305.85
1782807360000,1586.63,1588.33,1586.09,1588.14,97.64
1782807420000,1588.16,1588.22,1587.18,1587.47,93.83
1782807480000,1587.46,1587.81,1587.38,1587.41,52.11
1782807540000,1587.42,1588.27,1587.41,1588.27,158.45
1782807600000,1588.26,1588.97,1588.26,1588.7,38.11
1782807660000,1588.7,1588.98,1588.51,1588.89,79.4
1782807720000,1588.89,1589.08,1588.38,1588.38,96.97
1782807780000,1588.39,1589.34,1588.38,1589.31,90.56
1782807840000,1589.32,1589.46,1589.0,1589.2,80.76
1782807900000,1589.21,1589.84,1589.2,1589.33,118.75
1782807960000,1589.33,1589.56,1589.0,1589.15,134.95
1782808020000,1589.16,1589.16,1588.63,1588.85,38.17
1782808080000,1588.85,1589.03,1588.84,1588.9,35.57
1782808140000,1588.91,1588.92,1588.34,1588.54,69.25
1782808200000,1588.59,1588.97,1588.55,1588.96,55.2
1782808260000,1588.96,1588.97,1587.06,1587.15,64.49
1782808320000,1587.15,1587.32,1586.36,1586.39,72.75
1782808380000,1586.39,1586.51,1585.52,1586.51,429.82
1782808440000,1586.5,1586.71,1585.53,1585.54,717.36
1782808500000,1585.54,1585.72,1583.0,1583.34,600.87
1782808560000,1583.36,1584.22,1578.9,1579.65,838.91
1782808620000,1579.65,1582.37,1579.32,1580.94,434.54
1782808680000,1580.95,1582.19,1580.17,1582.11,442.3
1782808740000,1582.18,1582.22,1579.85,1580.54,192.67
1782808800000,1580.53,1581.91,1580.53,1581.57,138.26
1782808860000,1581.58,1582.35,1581.58,1582.0,167.93
1782808920000,1581.97,1582.73,1581.7,1581.98,205.2
1782808980000,1581.99,1582.59,1581.27,1581.47,65.27
1782809040000,1581.43,1582.85,1581.4,1582.34,67.72
1782809100000,1582.33,1582.58,1579.04,1579.79,194.12
1782809160000,1579.79,1580.97,1579.41,1580.32,49.34
1782809220000,1580.33,1581.35,1579.52,1580.4,101.81
1782809280000,1580.39,1580.57,1579.53,1579.53,163.37
1782809340000,1579.54,1580.97,1579.0,1580.97,687.57
1782809400000,1581.0,1581.52,1579.7,1580.43,110.35
1782809460000,1580.37,1580.44,1579.06,1580.18,99.0
1782809520000,1580.18,1581.49,1580.18,1581.31,70.57
1782809580000,1581.31,1581.49,1581.02,1581.19,44.25
1782809640000,1581.19,1583.78,1581.02,1583.68,366.35
1782809700000,1583.98,1583.98,1581.93,1582.26,304.01
1782809760000,1582.25,1582.73,1581.53,1582.46,85.41
1782809820000,1582.48,1583.09,1582.29,1582.74,173.35
1782809880000,1582.74,1583.98,1582.73,1583.25,64.71
1782809940000,1583.24,1583.57,1583.24,1583.31,29.19
1782810000000,1583.31,1584.01,1582.82,1583.85,40.39
1782810060000,1583.86,1583.91,1582.36,1582.68,31.59
1782810120000,1582.69,1584.77,1582.69,1584.61,91.52
1782810180000,1584.6,1585.6,1584.59,1585.49,499.2
1782810240000,1585.43,1586.47,1585.41,1586.18,394.09
1782810300000,1586.17,1586.18,1585.43,1585.45,48.75
1782810360000,1585.44,1585.45,1584.45,1584.45,72.21
1782810420000,1584.45,1584.46,1583.54,1583.79,36.22
1782810480000,1583.79,1583.79,1581.87,1582.39,342.41
1782810540000,1582.39,1582.41,1581.85,1582.29,448.93
1782810600000,1582.3,1582.3,1581.76,1582.3,80.06
1782810660000,1582.3,1583.77,1582.29,1583.62,46.38
1782810720000,1583.62,1584.35,1583.26,1584.35,351.36
1782810780000,1584.35,1584.35,1583.4,1583.41,82.48
1782810840000,1583.42,1584.23,1583.41,1584.07,183.26
1782810900000,1584.07,1585.0,1584.0,1584.33,33.41
1782810960000,1584.33,1585.92,1582.34,1582.35,342.17
1782811020000,1582.34,1582.36,1581.9,1581.9,81.54
1782811080000,1581.9,1582.72,1581.9,1582.66,41.14
1782811140000,1582.66,1583.58,1582.64,1583.54,141.03
1782811200000,1583.6,1583.68,1582.24,1582.24,121.4
1782811260000,1582.11,1583.86,1582.11,1583.85,83.02
1782811320000,1583.85,1583.98,1583.06,1583.07,23.9
1782811380000,1583.07,1583.59,1583.06,1583.3,29.62
1782811440000,1583.27,1583.89,1583.26,1583.87,26.56
1782811500000,1583.87,1584.77,1583.84,1584.62,29.92
1782811560000,1584.62,1584.65,1583.81,1584.22,28.59
1782811620000,1584.21,1584.43,1583.33,1583.81,20.52
1782811680000,1583.8,1583.8,1583.0,1583.38,62.12
1782811740000,1583.39,1583.61,1582.94,1582.94,20.89
1782811800000,1582.94,1583.37,1581.9,1581.96,142.99
1782811860000,1581.94,1582.16,1580.68,1582.08,115.37
1782811920000,1582.1,1582.21,1580.7,1581.32,34.13
1782811980000,1581.32,1581.49,1581.0,1581.34,75.65
1782812040000,1581.35,1581.59,1581.15,1581.59,33.67
1782812100000,1581.61,1583.42,1581.43,1583.38,52.49
1782812160000,1583.39,1583.98,1582.57,1582.92,91.83
1782812220000,1582.91,1583.8,1582.84,1583.4,30.1
1782812280000,1583.4,1583.93,1583.05,1583.57,37.52
1782812340000,1583.58,1583.95,1583.07,1583.79,51.61
1782812400000,1583.8,1584.32,1583.64,1584.28,29.41
1782812460000,1584.29,1584.44,1583.97,1583.97,36.72
1782812520000,1583.97,1584.93,1583.78,1584.93,109.44
1782812580000,1584.94,1584.97,1583.98,1584.16,41.59
1782812640000,1584.17,1584.25,1583.81,1583.96,20.58
1782812700000,1583.95,1584.06,1583.86,1584.04,111.67
1782812760000,1584.05,1584.18,1583.57,1583.89,32.98
1782812820000,1583.97,1584.67,1583.97,1584.55,50.79
1782812880000,1584.54,1584.77,1584.23,1584.55,58.76
1782812940000,1584.55,1585.23,1584.35,1585.14,635.36
1782813000000,1585.13,1586.05,1585.02,1585.77,102.95
1782813060000,1585.78,1586.29,1585.6,1586.27,76.71
1782813120000,1586.27,1586.27,1585.29,1585.5,68.41
1782813180000,1585.5,1585.68,1585.45,1585.49,37.07
1782813240000,1585.48,1585.48,1584.93,1584.93,69.1
1782813300000,1584.94,1585.05,1584.48,1584.66,56.17
1782813360000,1584.75,1584.79,1584.5,1584.78,50.96
1782813420000,1584.78,1584.99,1584.68,1584.97,47.69
1782813480000,1584.97,1585.29,1584.86,1585.09,29.61
1782813540000,1585.08,1585.13,1584.54,1584.75,22.07
1782813600000,1584.75,1585.44,1584.4,1585.44,32.25
1782813660000,1585.43,1585.61,1585.0,1585.07,20.16
1782813720000,1585.02,1585.38,1584.77,1585.08,41.86
1782813780000,1585.08,1585.15,1584.7,1584.7,52.44
1782813840000,1584.71,1584.71,1584.34,1584.45,72.27
1782813900000,1584.44,1584.45,1583.61,1584.21,89.99
1782813960000,1584.19,1584.82,1583.96,1584.77,76.07
1782814020000,1584.78,1586.21,1584.74,1585.89,94.05
1782814080000,1585.89,1586.1,1585.27,1585.29,27.26
1782814140000,1585.33,1585.41,1583.41,1583.42,492.48
1782814200000,1583.42,1583.42,1582.24,1582.33,37.53
1782814260000,1582.33,1583.43,1582.33,1583.33,30.27
1782814320000,1583.35,1584.16,1583.35,1583.77,88.71
1782814380000,1583.78,1584.57,1583.75,1584.57,20.26
1782814440000,1584.57,1584.77,1584.19,1584.52,37.32
1782814500000,1584.53,1585.5,1584.52,1584.73,26.36
1782814560000,1584.73,1585.1,1584.4,1584.8,26.17
1782814620000,1584.81,1585.35,1584.75,1584.77,1270.47
1782814680000,1584.78,1584.78,1583.52,1583.55,24.32
1782814740000,1583.55,1584.28,1583.52,1583.68,21.86
1782814800000,1583.69,1584.13,1582.56,1582.56,99.43
1782814860000,1582.56,1583.51,1582.5,1582.5,25.71
1782814920000,1582.5,1583.07,1582.5,1583.02,67.7
1782814980000,1583.02,1583.02,1582.14,1582.45,30.25
1782815040000,1582.45,1583.04,1582.45,1582.82,499.4
1782815100000,1582.81,1583.89,1582.81,1583.64,37.99
1782815160000,1583.64,1583.65,1582.66,1583.12,111.93
1782815220000,1583.11,1583.16,1582.88,1582.92,38.54
1782815280000,1582.91,1582.98,1582.82,1582.87,32.15
1782815340000,1582.86,1583.21,1582.53,1583.07,227.74
1782815400000,1583.07,1583.18,1582.71,1582.87,52.1
1782815460000,1582.87,1582.99,1582.44,1582.92,53.25
1782815520000,1582.91,1583.34,1582.56,1583.33,35.45
1782815580000,1583.34,1583.36,1582.42,1582.95,31.89
1782815640000,1582.95,1583.81,1582.94,1583.54,19.19
1782815700000,1583.54,1583.54,1583.02,1583.03,24.36
1782815760000,1583.01,1583.01,1581.59,1581.64,93.88
1782815820000,1581.64,1582.33,1581.6,1581.89,96.71
1782815880000,1581.89,1582.61,1581.39,1582.6,48.98
1782815940000,1582.61,1582.99,1582.33,1582.58,20.69
1782816000000,1582.57,1583.27,1582.57,1583.2,20.02
1782816060000,1583.19,1583.43,1583.07,1583.23,68.56
1782816120000,1583.23,1583.81,1583.14,1583.74,38.43
1782816180000,1583.74,1583.94,1582.97,1583.21,31.01
1782816240000,1583.21,1583.99,1583.21,1583.79,28.79
1782816300000,1583.79,1583.8,1583.04,1583.48,24.23
1782816360000,1583.48,1583.81,1583.48,1583.8,68.37
1782816420000,1583.8,1585.76,1583.8,1585.25,54.01
1782816480000,1585.24,1585.88,1585.02,1585.84,141.88
1782816540000,1585.83,1585.98,1584.27,1584.28,32.06
1782816600000,1584.26,1584.26,1582.28,1583.92,181.36
1782816660000,1583.89,1584.12,1583.5,1583.85,22.89
1782816720000,1583.8,1584.08,1583.2,1583.21,127.19
1782816780000,1583.2,1584.56,1583.19,1584.54,110.22
1782816840000,1584.53,1584.85,1584.08,1584.62,53.56
1782816900000,1584.62,1585.17,1583.75,1585.05,54.87
1782816960000,1584.99,1585.66,1584.99,1585.55,214.93
1782817020000,1585.5,1585.92,1585.34,1585.47,1743.91
1782817080000,1585.48,1585.63,1584.69,1584.69,43.63
1782817140000,1584.63,1584.99,1583.79,1583.79,49.32
1782817200000,1583.76,1584.2,1583.25,1583.87,403.17
1782817260000,1583.87,1584.07,1583.39,1583.86,30.63
1782817320000,1583.86,1585.12,1583.82,1584.78,37.84
1782817380000,1584.78,1584.78,1584.05,1584.11,586.43
1782817440000,1584.12,1585.17,1584.11,1584.94,38.38
1782817500000,1584.93,1585.2,1584.43,1585.13,24.75
1782817560000,1585.13,1585.49,1584.73,1584.76,784.61
1782817620000,1584.8,1584.9,1584.06,1584.54,160.96
1782817680000,1584.54,1584.8,1583.77,1583.84,532.63
1782817740000,1583.84,1584.46,1583.83,1584.44,41.91
1782817800000,1584.42,1584.76,1584.09,1584.54,266.34
1782817860000,1584.53,1584.54,1584.03,1584.03,78.61
1782817920000,1584.01,1584.01,1583.75,1583.81,33.96
1782817980000,1583.8,1584.08,1583.76,1583.8,38.68
1782818040000,1583.81,1584.06,1583.75,1584.06,19.03
1782818100000,1584.34,1584.49,1583.77,1583.77,38.02
1782818160000,1583.77,1583.88,1582.8,1583.09,44.84
1782818220000,1583.08,1583.09,1582.33,1582.36,1206.19
1782818280000,1582.37,1582.55,1580.87,1581.07,918.71
1782818340000,1581.1,1581.63,1580.81,1580.92,256.75
1782818400000,1580.91,1581.51,1580.54,1581.03,92.81
1782818460000,1581.03,1581.45,1580.86,1580.86,345.19
1782818520000,1580.87,1581.41,1579.57,1580.74,331.07
1782818580000,1580.75,1580.77,1579.44,1579.87,378.98
1782818640000,1579.87,1580.0,1579.15,1579.48,1133.14
1782818700000,1579.49,1579.81,1578.2,1579.36,590.08
1782818760000,1579.36,1579.49,1578.22,1578.76,312.5
1782818820000,1578.82,1580.22,1577.61,1578.7,417.37
1782818880000,1578.71,1579.91,1577.84,1578.32,83.73
1782818940000,1578.33,1578.75,1577.09,1578.15,217.84
1782819000000,1578.16,1579.0,1577.86,1578.34,122.88
1782819060000,1578.33,1579.73,1577.51,1578.18,81.6
1782819120000,1578.17,1578.55,1576.45,1576.49,915.91
1782819180000,1576.51,1576.82,1575.62,1575.91,406.77
1782819240000,1575.93,1577.18,1575.28,1576.69,308.26
1782819300000,1576.72,1579.17,1576.72,1578.94,152.29
1782819360000,1578.97,1580.11,1578.66,1578.86,112.84
1782819420000,1578.89,1579.84,1578.52,1578.97,69.77
1782819480000,1578.97,1579.98,1578.86,1578.88,69.53
1782819540000,1578.89,1578.89,1578.33,1578.78,25.97
1782819600000,1578.77,1578.89,1578.36,1578.87,67.52
1782819660000,1578.88,1579.9,1578.87,1579.8,96.82
1782819720000,1579.78,1580.28,1579.52,1579.7,85.68
1782819780000,1579.7,1581.1,1579.6,1579.88,70.98
1782819840000,1579.8,1580.43,1579.72,1580.13,54.05
1782819900000,1580.18,1581.64,1580.18,1580.63,72.43
1782819960000,1580.64,1581.33,1579.5,1580.67,86.15
1782820020000,1580.66,1580.69,1580.52,1580.59,129.69
1782820080000,1580.59,1581.55,1580.4,1580.93,128.15
1782820140000,1580.93,1581.63,1580.85,1580.93,66.14
1782820200000,1580.94,1581.92,1580.87,1581.91,105.25
1782820260000,1581.92,1582.49,1581.88,1582.12,150.38
1782820320000,1582.11,1582.76,1581.95,1582.47,123.81
1782820380000,1582.46,1582.46,1579.25,1579.26,81.57
1782820440000,1579.28,1579.28,1577.23,1577.77,266.01
1782820500000,1577.78,1578.0,1576.48,1577.32,90.19
1782820560000,1577.3,1577.44,1576.45,1576.85,252.13
1782820620000,1576.86,1577.12,1576.74,1576.92,28.15
1782820680000,1576.92,1577.48,1576.54,1577.45,77.21
1782820740000,1577.45,1578.16,1577.33,1577.83,43.17
1782820800000,1577.85,1577.85,1576.16,1576.62,154.95
1782820860000,1576.61,1577.6,1576.16,1576.75,99.85
1782820920000,1576.75,1577.08,1575.69,1575.92,235.55
1782820980000,1575.92,1575.95,1574.31,1574.46,1034.28
1782821040000,1574.46,1575.05,1574.02,1574.5,153.37
1782821100000,1574.51,1575.07,1573.81,1574.62,346.03
1782821160000,1574.61,1575.35,1572.16,1572.56,704.1
1782821220000,1572.59,1574.19,1572.56,1573.21,248.02
1782821280000,1573.2,1574.24,1573.07,1574.07,619.32
1782821340000,1574.06,1574.39,1573.09,1573.19,198.43
1782821400000,1573.2,1574.59,1572.44,1574.39,238.13
1782821460000,1574.39,1574.93,1573.33,1574.0,143.99
1782821520000,1574.03,1574.44,1573.35,1574.38,97.38
1782821580000,1574.38,1574.39,1572.6,1573.45,100.91
1782821640000,1573.45,1573.45,1572.05,1572.28,689.56
1782821700000,1572.29,1573.36,1571.06,1571.67,454.79
1782821760000,1571.33,1572.56,1571.03,1571.7,899.71
1782821820000,1571.69,1572.86,1571.54,1571.72,61.63
1782821880000,1571.72,1573.35,1571.71,1572.8,193.4
1782821940000,1572.77,1572.87,1571.17,1571.81,67.44
1782822000000,1571.96,1572.58,1569.8,1570.07,1862.81
1782822060000,1569.94,1569.99,1569.0,1569.22,481.67
1782822120000,1569.22,1569.7,1567.25,1567.79,1983.92
1782822180000,1567.83,1568.25,1565.01,1565.01,1403.75
1782822240000,1565.01,1565.67,1564.01,1565.0,2486.66
1782822300000,1565.0,1565.69,1564.0,1564.28,511.56
1782822360000,1564.21,1565.36,1563.02,1563.97,541.79
1782822420000,1563.87,1567.9,1563.63,1566.25,378.96
1782822480000,1566.23,1566.23,1565.01,1565.63,361.76
1782822540000,1565.63,1565.83,1563.55,1564.51,278.16
1782822600000,1564.49,1565.34,1563.12,1563.12,159.22
1782822660000,1563.16,1564.78,1563.16,1563.82,657.2
1782822720000,1563.83,1564.78,1563.39,1563.85,160.05
1782822780000,1563.82,1564.46,1561.5,1561.63,657.65
1782822840000,1561.59,1562.99,1561.03,1561.41,301.18
1782822900000,1561.41,1563.53,1560.96,1562.25,438.84
1782822960000,1562.25,1564.37,1561.64,1563.24,312.35
1782823020000,1563.24,1564.0,1562.04,1562.93,344.98
1782823080000,1562.93,1563.08,1562.12,1562.53,287.34
1782823140000,1562.54,1564.76,1562.54,1564.54,54.76
1782823200000,1564.55,1564.66,1563.2,1563.43,382.57
1782823260000,1563.44,1563.44,1562.64,1563.34,198.54
1782823320000,1563.38,1563.63,1562.69,1563.04,45.79
1782823380000,1563.03,1564.3,1562.99,1563.81,56.88
1782823440000,1563.81,1564.06,1563.26,1563.46,34.78
1782823500000,1563.47,1564.32,1562.23,1562.23,261.83
1782823560000,1562.23,1562.68,1561.51,1561.59,698.24
1782823620000,1561.59,1562.23,1559.26,1559.6,1792.27
1782823680000,1559.6,1560.85,1559.59,1559.79,859.96
1782823740000,1559.8,1560.66,1559.62,1560.51,469.78
1782823800000,1560.51,1560.66,1559.08,1559.6,728.83
1782823860000,1559.59,1560.74,1558.96,1560.06,882.77
1782823920000,1560.02,1561.36,1559.55,1560.51,377.5
1782823980000,1560.51,1560.51,1559.16,1560.43,128.71
1782824040000,1560.42,1560.46,1560.07,1560.23,108.74
1782824100000,1560.26,1561.39,1560.09,1560.27,486.56
1782824160000,1560.28,1560.37,1557.27,1557.67,920.15
1782824220000,1557.67,1560.42,1557.67,1559.51,428.42
1782824280000,1559.4,1559.4,1556.43,1556.86,1524.69
1782824340000,1556.86,1557.84,1551.35,1551.82,3736.68
1782824400000,1551.83,1556.37,1550.28,1554.45,1509.57
1782824460000,1554.62,1558.0,1553.61,1558.0,1796.43
1782824520000,1557.99,1557.99,1552.3,1553.59,985.57
1782824580000,1553.61,1554.95,1552.59,1554.3,382.46
1782824640000,1554.38,1556.35,1554.33,1556.0,781.11
1782824700000,1555.99,1557.28,1555.92,1556.21,487.46
1782824760000,1556.2,1559.53,1556.08,1559.2,1556.52
1782824820000,1559.21,1559.64,1558.68,1559.63,212.46
1782824880000,1559.63,1561.26,1558.44,1559.47,4131.56
1782824940000,1559.48,1561.54,1559.35,1560.4,291.88
1782825000000,1560.49,1560.95,1560.05,1560.47,977.93
1782825060000,1560.48,1561.02,1560.12,1560.12,610.77
1782825120000,1560.11,1561.09,1558.11,1558.61,497.51
1782825180000,1558.62,1559.84,1558.49,1559.83,786.69
1782825240000,1559.84,1559.84,1557.53,1558.22,211.96
1782825300000,1558.22,1559.63,1558.08,1559.59,63.59
1782825360000,1559.59,1559.95,1558.84,1558.84,53.58
1782825420000,1558.92,1559.54,1558.82,1559.3,148.43
1782825480000,1559.31,1560.35,1559.04,1560.28,130.57
1782825540000,1560.28,1560.38,1559.43,1559.62,90.99
1782825600000,1559.61,1561.55,1559.61,1561.55,279.07
1782825660000,1561.56,1561.79,1560.91,1560.92,651.42
1782825720000,1560.92,1560.92,1560.0,1560.3,129.76
1782825780000,1560.3,1560.31,1558.82,1559.85,135.86
1782825840000,1559.86,1560.24,1558.59,1558.83,186.73
1782825900000,1559.36,1560.6,1559.36,1559.89,106.78
1782825960000,1559.88,1560.77,1559.88,1560.29,55.22
1782826020000,1560.29,1560.66,1560.28,1560.3,42.93
1782826080000,1560.3,1560.3,1558.75,1559.48,301.59
1782826140000,1559.49,1560.17,1558.65,1559.82,72.12
1782826200000,1560.08,1565.71,1560.08,1563.53,4024.28
1782826260000,1563.4,1566.67,1561.63,1561.81,827.22
1782826320000,1561.81,1561.81,1554.75,1556.38,756.35
1782826380000,1556.32,1557.85,1555.13,1555.5,475.62
1782826440000,1555.54,1556.14,1551.01,1553.99,1218.57
1782826500000,1553.99,1555.94,1551.39,1551.92,276.44
1782826560000,1551.93,1553.98,1551.77,1552.44,329.17
1782826620000,1552.48,1553.47,1551.35,1552.24,406.23
1782826680000,1552.11,1553.02,1549.74,1552.83,1085.46
1782826740000,1552.91,1554.74,1551.85,1552.26,593.8
1782826800000,1552.13,1560.29,1552.09,1558.8,515.12
1782826860000,1558.82,1559.6,1556.29,1557.78,404.67
1782826920000,1558.12,1558.7,1556.24,1557.93,300.6
1782826980000,1558.02,1558.89,1557.45,1557.45,327.39
1782827040000,1557.63,1559.63,1556.87,1559.21,169.27
1782827100000,1558.97,1560.82,1557.7,1560.22,251.26
1782827160000,1560.18,1560.43,1556.14,1559.46,105.11
1782827220000,1559.22,1560.17,1556.52,1556.91,119.09
1782827280000,1556.96,1558.4,1556.43,1557.93,268.85
1782827340000,1557.93,1558.19,1555.47,1556.91,174.62
1782827400000,1556.89,1558.99,1556.76,1558.66,94.92
1782827460000,1558.79,1566.5,1558.1,1564.5,1960.02
1782827520000,1564.4,1565.64,1563.19,1565.0,433.9
1782827580000,1564.99,1565.63,1563.19,1563.34,263.39
1782827640000,1563.31,1563.99,1561.7,1562.26,124.77
1782827700000,1562.28,1564.35,1561.12,1563.6,99.94
1782827760000,1563.61,1564.13,1562.22,1563.26,73.43
1782827820000,1563.34,1564.15,1562.66,1563.32,84.84
1782827880000,1563.32,1566.11,1563.21,1565.8,238.38
1782827940000,1565.76,1567.0,1565.17,1566.62,1197.39
1782828000000,1566.61,1567.44,1564.44,1565.27,130.91
1782828060000,1565.28,1575.33,1564.07,1575.33,3047.05
1782828120000,1575.37,1577.33,1572.78,1576.74,2995.75
1782828180000,1576.5,1576.99,1571.13,1572.53,895.91
1782828240000,1572.45,1572.98,1570.23,1571.15,534.9
1782828300000,1571.14,1571.5,1569.47,1570.58,971.61
1782828360000,1570.51,1573.7,1570.51,1572.43,528.06
1782828420000,1572.43,1574.29,1571.89,1572.71,496.34
1782828480000,1572.72,1572.94,1571.06,1571.53,128.66
1782828540000,1571.53,1571.57,1570.22,1570.73,55.39
1782828600000,1570.69,1571.17,1567.78,1568.32,689.6
1782828660000,1568.33,1571.98,1567.64,1570.61,182.63
1782828720000,1570.55,1570.76,1568.46,1569.52,564.23
1782828780000,1569.52,1572.41,1569.52,1571.86,582.22
1782828840000,1571.82,1572.89,1571.18,1571.37,331.33
1782828900000,1571.37,1572.69,1570.13,1570.94,322.93
1782828960000,1570.93,1571.26,1569.81,1570.4,132.95
1782829020000,1570.42,1572.07,1569.13,1569.88,249.5
1782829080000,1569.87,1572.03,1569.68,1570.59,67.45
1782829140000,1570.58,1571.44,1569.93,1570.11,104.59
1782829200000,1570.05,1570.19,1568.88,1569.87,412.07
1782829260000,1569.95,1571.46,1569.51,1571.19,102.97
1782829320000,1571.21,1573.16,1570.68,1572.83,150.31
1782829380000,1572.81,1574.51,1572.14,1573.6,439.38
1782829440000,1573.59,1574.21,1571.5,1572.61,144.83
1782829500000,1572.6,1572.84,1571.42,1572.27,70.83
1782829560000,1572.12,1572.64,1571.62,1572.13,132.99
1782829620000,1572.12,1574.61,1572.09,1574.3,102.08
1782829680000,1574.3,1574.37,1572.23,1572.87,69.2
1782829740000,1572.86,1573.58,1572.44,1573.33,76.46
1782829800000,1573.3,1575.06,1573.2,1573.79,134.37
1782829860000,1573.81,1573.81,1571.39,1571.58,243.05
1782829920000,1571.57,1573.2,1570.53,1572.57,203.5
1782829980000,1572.72,1574.09,1571.84,1572.19,147.65
1782830040000,1572.18,1574.85,1572.18,1574.81,162.21
1782830100000,1574.8,1574.88,1572.07,1572.14,256.43
1782830160000,1572.14,1572.37,1569.59,1570.1,255.43
1782830220000,1570.09,1570.22,1566.65,1566.8,511.32
1782830280000,1566.8,1567.48,1563.33,1563.42,2900.84
1782830340000,1563.41,1565.86,1562.48,1565.65,445.6
1782830400000,1565.64,1567.1,1563.03,1566.87,237.3
1782830460000,1566.86,1568.49,1566.46,1566.53,529.22
1782830520000,1566.52,1567.67,1566.46,1567.12,415.76
1782830580000,1567.13,1568.73,1566.73,1568.59,125.22
1782830640000,1568.62,1572.44,1568.58,1571.87,491.01
1782830700000,1571.79,1571.8,1567.73,1567.74,1548.28
1782830760000,1567.79,1568.09,1566.16,1566.35,499.99
1782830820000,1566.9,1567.27,1565.27,1565.29,233.47
1782830880000,1565.24,1566.72,1563.63,1563.74,483.61
1782830940000,1563.74,1564.95,1563.74,1564.22,263.05
1782831000000,1564.22,1565.48,1562.83,1562.97,821.11
1782831060000,1562.96,1564.38,1562.92,1564.14,248.23
1782831120000,1564.15,1564.75,1563.82,1564.02,58.87
1782831180000,1564.01,1564.48,1563.54,1563.91,54.99
1782831240000,1563.92,1564.19,1561.2,1561.6,1010.18
1782831300000,1561.57,1562.15,1561.1,1561.54,520.9
1782831360000,1561.64,1562.33,1560.26,1561.31,214.5
1782831420000,1561.18,1561.65,1560.98,1561.28,64.29
1782831480000,1561.27,1563.3,1561.13,1562.91,117.9
1782831540000,1562.91,1564.64,1562.6,1562.76,117.02
1782831600000,1562.76,1564.82,1562.0,1564.71,355.22
1782831660000,1564.63,1566.07,1564.22,1565.57,862.21
1782831720000,1565.6,1566.64,1565.13,1566.23,206.45
1782831780000,1566.23,1566.31,1563.14,1563.19,81.98
1782831840000,1563.15,1563.15,1560.17,1560.47,287.4
1782831900000,1560.49,1560.88,1558.17,1558.46,692.02
1782831960000,1558.51,1559.64,1556.57,1558.81,514.98
1782832020000,1558.94,1562.52,1558.04,1562.38,353.47
1782832080000,1562.42,1563.09,1561.03,1561.24,248.88
1782832140000,1561.18,1561.91,1559.38,1561.48,142.65
1782832200000,1561.55,1562.49,1561.07,1561.85,163.74
1782832260000,1561.71,1562.28,1560.81,1561.43,136.62
1782832320000,1561.43,1563.26,1561.37,1562.87,101.6
1782832380000,1562.87,1565.4,1562.87,1565.34,295.45
1782832440000,1565.34,1565.65,1564.31,1564.88,138.31
1782832500000,1564.88,1565.1,1560.96,1561.17,327.81
1782832560000,1561.18,1562.11,1560.18,1561.52,246.31
1782832620000,1561.55,1561.55,1559.75,1559.81,126.23
1782832680000,1559.84,1562.35,1559.84,1561.63,128.4
1782832740000,1561.64,1562.69,1560.47,1562.66,226.6
1782832800000,1562.66,1566.99,1562.66,1566.99,250.64
1782832860000,1566.98,1567.59,1564.74,1565.08,224.78
1782832920000,1565.09,1565.67,1563.41,1564.65,119.31
1782832980000,1564.71,1564.99,1563.77,1564.99,572.76
1782833040000,1564.95,1567.77,1564.35,1565.94,85.8
1782833100000,1565.82,1567.16,1565.47,1566.17,53.04
1782833160000,1566.17,1566.72,1565.08,1565.99,88.49
1782833220000,1565.98,1565.98,1565.32,1565.69,59.56
1782833280000,1565.7,1565.96,1565.21,1565.77,49.5
1782833340000,1565.77,1565.78,1564.51,1565.17,44.17
1782833400000,1565.22,1566.1,1564.7,1565.45,41.48
1782833460000,1565.44,1565.57,1564.84,1565.01,72.11
1782833520000,1565.01,1566.32,1565.01,1565.76,60.87
1782833580000,1565.73,1566.05,1565.0,1565.51,53.95
1782833640000,1565.49,1566.64,1565.2,1565.77,56.38
1782833700000,1565.73,1565.73,1564.32,1564.44,54.12
1782833760000,1564.43,1565.52,1563.75,1564.77,153.22
1782833820000,1564.7,1565.52,1564.7,1565.31,131.8
1782833880000,1565.19,1565.19,1561.91,1562.48,110.54
1782833940000,1562.51,1564.02,1562.46,1563.57,148.65
1782834000000,1563.5,1564.14,1562.77,1562.82,152.05
1782834060000,1562.91,1564.57,1562.36,1564.5,81.47
1782834120000,1564.51,1564.94,1563.97,1564.94,61.54
1782834180000,1565.0,1566.06,1564.41,1566.05,146.44
1782834240000,1566.06,1566.49,1565.12,1565.16,128.13
1782834300000,1565.16,1572.69,1565.16,1572.69,663.63
1782834360000,1572.86,1576.19,1572.15,1572.7,2013.98
1782834420000,1572.58,1573.87,1571.4,1571.65,204.78
1782834480000,1571.65,1572.51,1571.41,1572.01,129.49
1782834540000,1572.02,1572.63,1570.86,1571.54,67.89
1782834600000,1571.54,1571.63,1570.34,1571.14,111.59
1782834660000,1571.15,1572.0,1569.2,1569.48,507.83
1782834720000,1569.48,1570.01,1568.24,1569.38,130.08
1782834780000,1569.38,1569.64,1568.75,1569.22,40.88
1782834840000,1569.3,1569.3,1567.54,1567.55,802.95
1782834900000,1567.53,1569.28,1567.52,1569.22,124.46
1782834960000,1569.23,1569.72,1567.71,1567.95,41.39
1782835020000,1567.99,1568.09,1566.97,1567.17,96.17
1782835080000,1567.16,1567.17,1564.5,1565.03,208.43
1782835140000,1565.03,1565.13,1563.74,1564.56,97.52
1782835200000,1564.62,1566.38,1563.95,1566.15,397.95
1782835260000,1566.17,1566.8,1565.26,1565.64,70.18
1782835320000,1565.63,1566.53,1564.74,1566.53,89.59
1782835380000,1566.59,1567.29,1566.46,1566.58,30.67
1782835440000,1566.59,1567.18,1566.31,1567.12,116.47
1782835500000,1566.97,1567.96,1566.53,1567.74,108.8
1782835560000,1567.8,1570.31,1567.8,1570.26,282.53
1782835620000,1570.26,1571.1,1568.89,1569.35,114.87
1782835680000,1569.45,1569.87,1569.25,1569.37,118.26
1782835740000,1569.37,1570.0,1568.47,1569.99,42.68
1782835800000,1570.0,1571.6,1569.58,1571.01,300.47
1782835860000,1571.02,1571.29,1569.25,1569.41,210.0
1782835920000,1569.41,1570.44,1568.3,1568.92,142.36
1782835980000,1568.89,1568.94,1565.94,1566.06,313.41
1782836040000,1566.06,1567.28,1565.7,1565.87,170.27
1782836100000,1565.8,1565.92,1563.1,1565.16,470.84
1782836160000,1565.17,1566.19,1564.66,1566.1,1221.77
1782836220000,1566.11,1566.94,1565.94,1566.58,477.22
1782836280000,1566.53,1566.64,1566.02,1566.19,61.67
1782836340000,1566.19,1566.61,1565.32,1566.61,31.65
1782836400000,1566.64,1566.67,1565.47,1566.27,29.25
1782836460000,1566.18,1566.42,1564.79,1564.8,91.85
1782836520000,1564.82,1565.8,1564.67,1565.18,51.28
1782836580000,1565.19,1565.65,1564.0,1564.21,195.2
1782836640000,1564.26,1565.07,1563.44,1563.44,133.69
1782836700000,1563.44,1563.45,1561.46,1561.61,523.72
1782836760000,1561.61,1562.43,1561.36,1562.12,245.71
1782836820000,1562.12,1563.3,1562.11,1563.15,349.42
1782836880000,1563.16,1563.36,1562.94,1563.06,247.53
1782836940000,1563.05,1563.06,1562.47,1562.78,59.88
1782837000000,1562.88,1563.38,1562.14,1562.39,53.58
1782837060000,1562.39,1562.95,1561.91,1562.89,144.38
1782837120000,1562.87,1563.41,1562.6,1562.72,67.95
1782837180000,1562.72,1562.96,1561.59,1562.21,208.56
1782837240000,1562.19,1565.94,1561.28,1565.32,263.83
1782837300000,1565.17,1565.17,1562.27,1562.66,36.32
1782837360000,1562.66,1565.33,1562.66,1565.33,49.01
1782837420000,1565.29,1565.75,1564.16,1564.22,46.13
1782837480000,1564.23,1567.3,1564.12,1566.88,327.22
1782837540000,1566.91,1569.61,1566.91,1569.6,353.35
1782837600000,1569.6,1569.62,1567.64,1567.72,350.83
1782837660000,1567.73,1568.85,1567.31,1567.31,233.94
1782837720000,1567.31,1567.59,1567.07,1567.43,34.13
1782837780000,1567.43,1567.64,1565.57,1565.58,103.92
1782837840000,1565.58,1566.04,1565.5,1565.8,24.49
1782837900000,1565.86,1567.02,1565.72,1566.94,71.82
1782837960000,1566.93,1567.42,1566.73,1567.13,84.86
1782838020000,1567.13,1568.08,1566.93,1567.98,48.3
1782838080000,1567.99,1569.22,1567.81,1568.3,113.23
1782838140000,1568.31,1570.42,1568.3,1569.7,110.05
1782838200000,1569.57,1569.89,1569.04,1569.27,37.63
1782838260000,1569.26,1569.51,1568.39,1569.5,30.55
1782838320000,1569.5,1571.14,1569.5,1570.8,88.34
1782838380000,1570.79,1571.22,1570.02,1571.18,43.98
1782838440000,1571.19,1572.87,1571.15,1571.96,103.26
1782838500000,1571.96,1573.0,1571.82,1572.83,67.9
1782838560000,1572.82,1574.31,1572.6,1574.08,95.23
1782838620000,1574.08,1574.11,1572.65,1572.76,141.18
1782838680000,1572.65,1572.65,1570.66,1571.02,124.31
1782838740000,1571.02,1571.97,1570.74,1571.76,117.39
1782838800000,1571.76,1572.18,1571.4,1571.82,42.48
1782838860000,1571.81,1571.81,1570.23,1571.12,103.76
1782838920000,1571.12,1572.32,1571.11,1571.98,61.82
1782838980000,1571.99,1573.69,1571.99,1573.33,69.57
1782839040000,1573.33,1573.82,1572.81,1572.84,31.31
1782839100000,1572.84,1572.94,1571.93,1571.93,25.73
1782839160000,1571.93,1573.11,1571.93,1572.95,49.5
1782839220000,1572.96,1576.21,1572.95,1575.54,385.99
1782839280000,1575.55,1576.49,1574.64,1575.63,109.66
1782839340000,1575.51,1576.14,1574.11,1574.11,243.96
1782839400000,1574.11,1574.12,1572.84,1573.04,233.68
1782839460000,1573.05,1573.06,1571.68,1572.9,99.25
1782839520000,1572.89,1572.93,1571.0,1571.56,31.95
1782839580000,1571.54,1571.66,1569.51,1569.51,184.23
1782839640000,1569.53,1570.03,1569.52,1569.79,69.17
1782839700000,1569.78,1570.37,1569.6,1569.8,38.52
1782839760000,1569.94,1571.59,1569.93,1571.05,41.63
1782839820000,1571.05,1571.98,1570.98,1570.99,25.56
1782839880000,1570.99,1572.23,1570.99,1572.14,23.85
1782839940000,1572.13,1572.72,1571.51,1571.67,50.02
1782840000000,1571.67,1572.56,1571.1,1572.46,30.15
1782840060000,1572.46,1572.83,1571.52,1571.7,25.74
1782840120000,1571.71,1572.46,1571.12,1571.29,41.06
1782840180000,1571.28,1571.56,1570.95,1571.36,37.03
1782840240000,1571.35,1571.43,1570.22,1570.92,605.73
1782840300000,1570.92,1571.72,1570.9,1570.93,20.9
1782840360000,1570.93,1571.94,1570.19,1570.19,29.38
1782840420000,1570.12,1570.93,1569.9,1570.71,23.98
1782840480000,1570.71,1570.98,1570.25,1570.69,36.05
1782840540000,1570.69,1571.0,1570.22,1570.41,37.47
1782840600000,1570.42,1571.14,1570.08,1571.14,30.07
1782840660000,1570.87,1571.08,1568.93,1568.93,38.84
1782840720000,1568.91,1569.86,1568.75,1569.5,265.37
1782840780000,1569.51,1572.29,1569.47,1572.0,56.33
1782840840000,1571.96,1572.33,1570.43,1570.66,53.8
1782840900000,1570.66,1571.77,1570.65,1571.56,174.85
1782840960000,1571.56,1571.56,1570.44,1570.57,24.8
1782841020000,1570.56,1570.98,1569.71,1570.98,25.66
1782841080000,1570.98,1571.34,1570.83,1571.18,23.9
1782841140000,1571.19,1571.69,1569.54,1569.54,98.63
1782841200000,1569.54,1570.32,1569.48,1569.78,240.51
1782841260000,1569.78,1570.81,1569.52,1570.65,18.97
1782841320000,1570.66,1570.87,1570.34,1570.53,26.44
1782841380000,1570.54,1570.57,1569.63,1569.67,28.29
1782841440000,1569.66,1570.14,1569.58,1569.78,33.58
1782841500000,1569.78,1569.78,1569.01,1569.45,20.78
1782841560000,1569.49,1569.51,1568.83,1569.09,65.09
1782841620000,1569.08,1569.1,1568.15,1568.16,134.33
1782841680000,1568.15,1569.05,1567.75,1569.05,655.64
1782841740000,1569.11,1569.54,1567.6,1568.36,64.1
1782841800000,1568.35,1569.03,1568.17,1568.45,230.47
1782841860000,1568.46,1569.78,1568.39,1569.48,28.7
1782841920000,1569.48,1570.47,1569.48,1570.29,456.52
1782841980000,1570.28,1570.57,1570.08,1570.28,29.72
1782842040000,1570.2,1570.46,1569.96,1570.42,35.05
1782842100000,1570.41,1570.43,1569.9,1570.43,26.48
1782842160000,1570.42,1571.54,1570.26,1570.44,41.14
1782842220000,1570.43,1571.23,1570.43,1570.77,24.18
1782842280000,1570.77,1570.83,1569.69,1570.19,33.4
1782842340000,1570.19,1570.47,1570.11,1570.28,26.32
1782842400000,1570.27,1571.57,1570.11,1571.21,25.59
1782842460000,1571.22,1571.25,1569.57,1570.39,25.88
1782842520000,1570.41,1571.74,1570.4,1571.22,24.23
1782842580000,1571.23,1571.23,1569.73,1569.77,72.93
1782842640000,1569.76,1570.27,1569.24,1569.75,34.98
1782842700000,1569.82,1569.92,1568.92,1569.29,71.3
1782842760000,1569.29,1569.74,1568.87,1569.45,303.82
1782842820000,1569.52,1571.84,1569.51,1571.84,34.82
1782842880000,1571.86,1572.35,1571.63,1572.09,89.4
1782842940000,1572.09,1572.89,1572.09,1572.46,90.29
1782843000000,1572.47,1572.48,1571.69,1571.7,45.68
1782843060000,1571.7,1571.86,1570.98,1571.61,29.55
1782843120000,1571.61,1571.65,1570.83,1571.65,32.64
1782843180000,1571.67,1573.19,1571.66,1572.2,128.24
1782843240000,1572.21,1572.56,1572.15,1572.42,31.32
1782843300000,1572.43,1572.51,1571.04,1572.19,23.92
1782843360000,1572.19,1572.93,1572.19,1572.31,45.99
1782843420000,1572.31,1575.33,1572.16,1574.42,359.73
1782843480000,1574.41,1576.82,1574.4,1576.36,480.93
1782843540000,1576.37,1581.26,1575.56,1579.31,1274.92
1782843600000,1579.22,1579.49,1577.34,1578.11,508.44
1782843660000,1578.11,1578.55,1577.53,1577.58,261.65
1782843720000,1577.57,1577.59,1576.19,1576.47,191.61
1782843780000,1576.46,1576.77,1576.09,1576.13,70.08
1782843840000,1576.11,1576.73,1573.36,1573.44,222.11
1782843900000,1573.44,1574.87,1573.02,1574.62,198.72
1782843960000,1574.63,1575.3,1574.43,1574.87,37.32
1782844020000,1574.91,1575.56,1574.82,1575.56,41.83
1782844080000,1575.55,1576.44,1575.48,1575.99,35.9
1782844140000,1575.98,1576.41,1575.57,1576.21,90.73
1782844200000,1576.2,1576.84,1574.0,1574.9,129.62
1782844260000,1574.9,1574.95,1574.12,1574.55,31.13
1782844320000,1574.55,1576.02,1574.54,1575.32,121.59
1782844380000,1575.32,1575.32,1573.78,1574.13,34.25
1782844440000,1574.13,1574.13,1573.42,1574.0,155.93
1782844500000,1574.0,1574.83,1573.79,1574.78,47.09
1782844560000,1574.77,1575.08,1573.17,1573.28,69.31
1782844620000,1573.35,1573.75,1573.03,1573.36,70.88
1782844680000,1573.36,1573.37,1571.79,1572.68,84.29
1782844740000,1572.67,1573.18,1572.63,1573.03,29.26
1782844800000,1573.02,1573.44,1572.6,1573.13,23.25
1782844860000,1573.14,1573.14,1572.56,1572.93,58.65
1782844920000,1572.92,1574.23,1572.92,1574.14,112.57
1782844980000,1574.14,1574.15,1573.63,1573.65,62.11
1782845040000,1573.66,1573.91,1573.47,1573.91,87.19
1782845100000,1573.91,1575.08,1573.89,1574.15,25.33
1782845160000,1574.15,1574.62,1573.98,1574.54,21.73
1782845220000,1574.53,1576.66,1574.53,1576.39,37.59
1782845280000,1576.38,1577.85,1576.36,1577.81,813.6
1782845340000,1577.78,1578.43,1577.59,1578.41,557.06
1782845400000,1578.43,1578.75,1577.58,1577.78,318.91
1782845460000,1577.78,1578.45,1577.77,1578.33,38.5
1782845520000,1578.33,1579.38,1578.29,1578.75,90.77
1782845580000,1578.75,1579.68,1578.72,1579.22,95.41
1782845640000,1579.23,1579.23,1577.83,1578.17,192.66
1782845700000,1578.3,1578.83,1577.8,1577.91,38.19
1782845760000,1577.9,1577.91,1577.41,1577.67,288.48
1782845820000,1577.67,1577.94,1577.3,1577.59,105.29
1782845880000,1577.66,1578.42,1577.66,1578.36,51.49
1782845940000,1578.41,1578.9,1578.37,1578.37,71.33
1782846000000,1578.38,1578.38,1577.6,1577.93,134.26
1782846060000,1577.92,1579.15,1577.55,1578.72,80.96
1782846120000,1578.72,1580.56,1578.44,1578.92,476.24
1782846180000,1578.92,1579.67,1578.06,1579.01,258.51
1782846240000,1578.95,1579.4,1578.3,1579.03,237.99
1782846300000,1579.02,1579.03,1577.34,1577.76,53.96
1782846360000,1577.76,1577.81,1577.33,1577.68,94.69
1782846420000,1577.68,1579.97,1577.67,1579.25,68.4
1782846480000,1579.25,1579.88,1579.14,1579.29,42.23
1782846540000,1579.26,1580.29,1578.93,1580.28,40.72
1782846600000,1580.34,1580.34,1578.1,1578.13,153.77
1782846660000,1578.14,1578.14,1577.08,1577.16,141.51
1782846720000,1577.16,1577.87,1576.88,1577.15,128.89
1782846780000,1577.15,1577.94,1576.81,1576.85,49.69
1782846840000,1576.86,1578.2,1576.84,1577.79,36.23
1782846900000,1577.8,1577.8,1576.82,1577.06,119.52
1782846960000,1577.06,1577.48,1576.51,1576.85,58.73
1782847020000,1576.87,1578.17,1576.86,1577.32,150.66
1782847080000,1577.33,1577.54,1576.73,1576.84,31.56
1782847140000,1576.85,1577.01,1576.11,1576.52,37.77
1782847200000,1576.52,1576.71,1576.1,1576.62,261.84
1782847260000,1576.61,1576.97,1575.01,1575.01,38.06
1782847320000,1575.02,1576.44,1575.0,1576.4,30.51
1782847380000,1576.39,1576.4,1575.86,1576.11,26.02
1782847440000,1576.11,1576.18,1575.21,1575.43,54.25
1782847500000,1575.41,1576.11,1575.11,1575.49,38.63
1782847560000,1575.48,1575.74,1574.94,1575.32,38.71
1782847620000,1575.32,1576.5,1575.31,1576.3,79.8
1782847680000,1576.3,1576.72,1576.05,1576.66,31.16
1782847740000,1576.66,1577.25,1576.62,1577.25,156.63
1782847800000,1577.25,1578.08,1576.55,1577.85,114.88
1782847860000,1577.85,1579.44,1577.65,1579.08,111.41
1782847920000,1579.08,1579.93,1578.63,1579.24,54.26
1782847980000,1579.25,1580.4,1579.21,1580.08,422.76
1782848040000,1580.07,1580.63,1579.72,1580.24,164.64
1782848100000,1580.23,1581.29,1579.94,1580.3,1368.3
1782848160000,1580.13,1580.13,1579.09,1579.72,1275.46
1782848220000,1579.73,1579.77,1579.0,1579.02,452.56
1782848280000,1579.01,1579.72,1578.96,1578.96,91.2
1782848340000,1578.96,1578.96,1578.06,1578.51,120.22
1782848400000,1578.58,1579.07,1578.25,1578.29,40.26
1782848460000,1578.29,1578.39,1576.58,1577.47,319.79
1782848520000,1577.38,1578.34,1577.38,1578.13,27.63
1782848580000,1578.2,1578.5,1578.02,1578.44,30.97
1782848640000,1578.44,1579.19,1578.44,1579.15,101.63
1782848700000,1579.16,1579.6,1578.0,1578.13,115.99
1782848760000,1578.12,1578.98,1577.69,1578.98,23.91
1782848820000,1578.98,1578.98,1578.58,1578.59,26.24
1782848880000,1578.58,1578.59,1577.66,1578.01,61.58
1782848940000,1578.01,1579.79,1578.01,1578.91,78.57
1782849000000,1578.77,1578.77,1577.18,1577.5,39.33
1782849060000,1577.57,1578.26,1576.78,1576.85,238.37
1782849120000,1576.84,1578.59,1576.65,1578.55,124.77
1782849180000,1578.54,1579.7,1578.28,1578.91,137.69
1782849240000,1578.84,1578.98,1578.17,1578.2,53.46
1782849300000,1578.13,1578.89,1578.13,1578.39,50.27
1782849360000,1578.37,1578.79,1578.28,1578.75,44.0
1782849420000,1578.75,1579.76,1578.75,1579.37,109.27
1782849480000,1579.37,1580.36,1579.28,1579.59,55.6
1782849540000,1579.52,1580.17,1579.1,1579.91,48.81
1782849600000,1579.81,1579.81,1577.5,1577.52,82.84
1782849660000,1577.5,1578.16,1576.01,1578.16,31.46
1782849720000,1578.16,1580.92,1578.09,1580.54,56.02
1782849780000,1580.54,1580.96,1578.91,1579.06,327.0
1782849840000,1579.07,1580.17,1578.8,1580.17,65.33
1782849900000,1580.17,1580.78,1579.08,1580.44,39.4
1782849960000,1580.45,1580.45,1579.46,1579.74,25.21
1782850020000,1579.75,1580.76,1579.74,1580.56,305.1
1782850080000,1580.63,1580.63,1579.54,1580.03,32.98
1782850140000,1580.03,1580.94,1580.02,1580.8,27.12
1782850200000,1580.8,1582.38,1580.44,1581.47,1616.37
1782850260000,1581.47,1581.47,1579.47,1580.14,94.15
1782850320000,1580.05,1581.32,1580.0,1580.81,192.86
1782850380000,1580.8,1581.35,1580.15,1580.65,34.39
1782850440000,1580.67,1580.9,1580.39,1580.9,240.49
1782850500000,1580.89,1580.92,1580.16,1580.35,46.61
1782850560000,1580.35,1580.4,1579.46,1579.74,30.31
1782850620000,1579.74,1580.1,1578.94,1578.94,78.83
1782850680000,1578.95,1579.55,1578.59,1579.14,26.44
1782850740000,1579.14,1579.27,1577.96,1577.97,109.03
1782850800000,1577.97,1578.29,1577.31,1577.46,63.61
1782850860000,1577.46,1577.48,1576.17,1576.86,293.13
1782850920000,1576.86,1577.26,1576.16,1576.55,220.19
1782850980000,1576.55,1576.87,1576.32,1576.53,569.12
1782851040000,1576.55,1576.71,1576.06,1576.06,51.46
1782851100000,1576.06,1576.06,1575.0,1575.35,196.38
1782851160000,1575.37,1575.88,1575.37,1575.78,175.35
1782851220000,1575.79,1576.34,1575.77,1576.01,150.68
1782851280000,1576.01,1576.36,1576.0,1576.25,72.21
1782851340000,1576.26,1576.66,1576.25,1576.64,52.05
1782851400000,1576.64,1576.65,1575.07,1575.23,40.87
1782851460000,1575.23,1575.32,1573.54,1573.84,265.13
1782851520000,1573.83,1574.17,1573.43,1573.88,67.57
1782851580000,1573.87,1574.52,1573.87,1574.47,82.01
1782851640000,1574.47,1574.95,1574.17,1574.95,30.58
1782851700000,1574.95,1574.95,1574.32,1574.4,220.1
1782851760000,1574.39,1574.86,1574.3,1574.49,27.3
1782851820000,1574.48,1574.78,1574.3,1574.37,126.22
1782851880000,1574.4,1575.65,1574.4,1575.27,35.15
1782851940000,1575.27,1575.3,1575.04,1575.22,22.37
1782852000000,1575.23,1575.74,1574.47,1574.56,34.0
1782852060000,1574.59,1574.95,1574.57,1574.84,19.38
1782852120000,1574.85,1574.85,1573.83,1574.4,31.74
1782852180000,1574.39,1574.67,1574.35,1574.62,26.54
1782852240000,1574.62,1574.62,1573.44,1573.44,31.21
1782852300000,1573.44,1574.41,1572.17,1574.39,176.91
1782852360000,1574.4,1574.66,1574.11,1574.63,62.3
1782852420000,1574.67,1577.89,1574.67,1577.83,816.24
1782852480000,1577.82,1577.84,1575.59,1575.88,516.87
1782852540000,1575.88,1577.64,1575.88,1575.95,69.95
1782852600000,1575.95,1576.09,1575.82,1575.97,20.44
1782852660000,1575.95,1575.95,1574.13,1574.58,343.02
1782852720000,1574.57,1574.93,1573.77,1574.64,23.53
1782852780000,1574.63,1575.05,1574.41,1574.91,213.14
1782852840000,1574.9,1575.31,1574.85,1575.31,46.2
1782852900000,1575.31,1575.4,1574.83,1575.4,29.43
1782852960000,1575.4,1576.05,1575.39,1576.01,333.68
1782853020000,1576.01,1576.02,1575.58,1575.65,115.26
1782853080000,1575.64,1575.68,1575.31,1575.39,175.2
1782853140000,1575.39,1575.81,1575.34,1575.41,142.74
1782853200000,1575.41,1576.07,1575.27,1575.89,74.92
1782853260000,1575.88,1576.0,1575.71,1575.77,29.98
1782853320000,1575.78,1576.61,1575.77,1576.2,33.5
1782853380000,1576.19,1576.33,1575.1,1575.12,26.44
1782853440000,1575.11,1575.32,1574.85,1574.85,45.69
1782853500000,1574.85,1575.55,1574.03,1575.51,233.45
1782853560000,1575.5,1575.55,1574.77,1574.89,24.81
1782853620000,1574.87,1575.75,1574.83,1575.73,247.74
1782853680000,1575.72,1575.79,1575.04,1575.04,132.21
1782853740000,1575.05,1575.05,1573.26,1573.28,394.33
1782853800000,1573.29,1573.45,1571.42,1571.48,306.15
1782853860000,1571.48,1573.18,1570.88,1572.26,775.84
1782853920000,1572.25,1572.75,1572.12,1572.64,59.47
1782853980000,1572.65,1572.71,1571.47,1572.64,65.1
1782854040000,1572.64,1572.99,1572.07,1572.18,73.75
1782854100000,1572.17,1573.55,1572.17,1573.55,45.19
1782854160000,1573.55,1573.55,1572.46,1572.6,36.46
1782854220000,1572.6,1572.83,1572.36,1572.6,852.44
1782854280000,1572.61,1573.01,1572.6,1572.83,28.56
1782854340000,1572.83,1572.84,1572.04,1572.27,58.36
1782854400000,1572.26,1572.27,1572.0,1572.23,38.03
1782854460000,1572.22,1572.24,1571.65,1571.95,33.14
1782854520000,1571.95,1571.96,1570.24,1570.61,973.95
1782854580000,1570.62,1570.72,1569.41,1569.71,273.97
1782854640000,1569.7,1571.09,1569.6,1569.61,85.13
1782854700000,1569.61,1571.97,1569.34,1571.96,166.74
1782854760000,1571.97,1571.97,1570.72,1571.16,36.59
1782854820000,1571.2,1571.55,1570.94,1570.96,41.48
1782854880000,1570.95,1571.19,1570.62,1571.19,24.18
1782854940000,1571.19,1571.76,1570.88,1570.89,23.45
1782855000000,1570.88,1571.5,1570.69,1571.5,24.41
1782855060000,1571.58,1572.54,1571.58,1571.89,43.65
1782855120000,1571.88,1572.08,1570.63,1570.73,30.09
1782855180000,1570.74,1570.82,1570.47,1570.81,222.77
1782855240000,1570.82,1571.71,1570.61,1571.71,22.59
1782855300000,1571.71,1571.71,1571.24,1571.55,28.03
1782855360000,1571.55,1572.17,1571.41,1571.68,26.51
1782855420000,1571.68,1572.07,1571.33,1571.41,34.22
1782855480000,1571.45,1571.45,1570.87,1571.33,22.43
1782855540000,1571.33,1571.93,1571.33,1571.72,24.62
1782855600000,1571.7,1571.99,1570.72,1571.13,217.2
1782855660000,1571.13,1571.16,1571.07,1571.12,19.36
1782855720000,1571.13,1571.17,1570.83,1571.1,124.86
1782855780000,1571.09,1571.12,1570.41,1570.65,26.18
1782855840000,1570.58,1570.58,1569.49,1570.04,184.54
1782855900000,1570.07,1570.66,1569.69,1569.95,24.83
1782855960000,1569.94,1570.15,1569.6,1569.77,29.74
1782856020000,1569.76,1570.5,1569.72,1570.24,27.8
1782856080000,1570.35,1570.44,1569.34,1569.72,28.92
1782856140000,1569.72,1570.26,1569.18,1569.97,57.37
1782856200000,1569.97,1570.34,1569.43,1570.25,199.82
1782856260000,1570.25,1570.28,1569.51,1570.0,112.54
1782856320000,1570.0,1570.38,1569.41,1570.38,48.67
1782856380000,1570.41,1571.25,1570.11,1570.87,24.79
1782856440000,1570.76,1570.76,1570.05,1570.15,201.29
1782856500000,1570.14,1571.04,1570.14,1571.04,23.88
1782856560000,1571.04,1571.24,1570.38,1570.53,20.53
1782856620000,1570.57,1570.57,1570.43,1570.43,73.83
1782856680000,1570.43,1571.01,1570.42,1570.81,30.93
1782856740000,1570.8,1571.08,1570.8,1571.08,23.7
1782856800000,1571.07,1573.08,1571.07,1572.03,224.63
1782856860000,1572.02,1573.18,1572.02,1572.85,265.65
1782856920000,1572.85,1573.35,1572.56,1573.31,27.7
1782856980000,1573.35,1574.16,1572.82,1572.82,67.41
1782857040000,1572.83,1573.28,1572.75,1573.07,30.79
1782857100000,1573.06,1573.61,1573.01,1573.21,74.26
1782857160000,1573.21,1573.51,1573.14,1573.19,21.53
1782857220000,1573.19,1573.43,1573.0,1573.22,66.35
1782857280000,1573.22,1573.32,1572.77,1572.97,1089.96
1782857340000,1572.97,1572.98,1572.0,1572.34,58.74
1782857400000,1572.33,1572.34,1570.75,1570.81,73.48
1782857460000,1570.82,1571.27,1570.72,1571.26,59.15
1782857520000,1571.27,1571.27,1570.22,1570.23,61.32
1782857580000,1570.23,1571.16,1569.97,1571.16,40.82
1782857640000,1571.19,1572.72,1571.19,1571.97,550.73
1782857700000,1571.97,1572.8,1571.79,1572.61,31.29
1782857760000,1572.55,1572.75,1571.67,1572.12,35.88
1782857820000,1572.13,1572.77,1572.12,1572.19,23.15
1782857880000,1572.19,1572.47,1571.32,1571.97,142.39
1782857940000,1571.98,1574.39,1571.97,1573.91,44.77
1782858000000,1573.88,1573.88,1572.51,1572.51,24.26
1782858060000,1572.55,1572.71,1571.25,1571.26,29.32
1782858120000,1571.26,1571.68,1571.01,1571.68,66.25
1782858180000,1571.67,1571.89,1571.34,1571.6,84.98
1782858240000,1571.6,1571.9,1571.6,1571.82,25.83
1782858300000,1571.82,1571.82,1571.03,1571.28,21.15
1782858360000,1571.28,1571.29,1570.51,1570.59,97.77
1782858420000,1570.59,1570.59,1570.28,1570.57,56.81
1782858480000,1570.56,1571.21,1570.25,1571.19,24.57
1782858540000,1571.2,1571.47,1569.97,1570.34,17.07
1782858600000,1570.33,1570.34,1567.96,1569.84,252.91
1782858660000,1569.84,1569.86,1566.89,1566.91,219.15
1782858720000,1566.91,1567.89,1566.21,1567.42,560.27
1782858780000,1567.48,1567.66,1566.83,1566.94,32.83
1782858840000,1566.94,1567.3,1566.69,1566.71,48.95
1782858900000,1566.72,1566.72,1566.09,1566.37,113.07
1782858960000,1566.37,1567.49,1566.34,1567.32,23.87
1782859020000,1567.32,1567.33,1566.66,1566.9,26.72
1782859080000,1566.9,1567.77,1566.7,1567.61,78.65
1782859140000,1567.61,1568.63,1567.6,1568.35,45.72
1782859200000,1568.36,1568.71,1567.81,1568.32,27.09
1782859260000,1568.34,1568.81,1567.62,1567.66,51.89
1782859320000,1567.67,1567.91,1567.05,1567.45,29.36
1782859380000,1567.45,1567.69,1567.45,1567.57,28.28
1782859440000,1567.56,1567.74,1567.54,1567.71,23.63
1782859500000,1567.72,1567.72,1567.15,1567.16,40.64
1782859560000,1567.16,1567.73,1567.16,1567.73,55.97
1782859620000,1567.72,1568.55,1567.33,1568.49,426.32
1782859680000,1568.48,1568.71,1567.71,1567.72,1024.55
1782859740000,1567.72,1568.47,1567.68,1568.13,54.94
1782859800000,1568.12,1568.23,1567.99,1568.18,20.94
1782859860000,1568.18,1568.19,1566.4,1566.74,42.21
1782859920000,1566.74,1566.74,1566.06,1566.32,39.73
1782859980000,1566.35,1567.17,1566.33,1567.06,49.68
1782860040000,1567.06,1567.33,1566.64,1566.72,30.96
1782860100000,1566.71,1567.21,1566.71,1567.21,25.95
1782860160000,1567.21,1567.28,1566.93,1567.28,66.27
1782860220000,1567.28,1567.96,1567.27,1567.76,25.03
1782860280000,1567.76,1567.8,1567.02,1567.24,20.26
1782860340000,1567.24,1567.32,1566.8,1566.81,73.46
1782860400000,1566.81,1567.53,1565.6,1565.75,216.91
1782860460000,1565.75,1568.19,1565.75,1567.34,145.33
1782860520000,1567.34,1567.35,1566.0,1567.27,364.72
1782860580000,1567.28,1567.48,1566.0,1566.12,51.4
1782860640000,1566.12,1567.1,1565.29,1565.65,64.92
1782860700000,1565.64,1567.08,1565.25,1566.62,161.99
1782860760000,1566.61,1567.13,1566.43,1567.06,26.67
1782860820000,1567.06,1568.03,1566.95,1568.02,25.31
1782860880000,1568.04,1568.8,1567.56,1568.14,42.19
1782860940000,1568.15,1568.71,1568.06,1568.63,56.29
1782861000000,1568.62,1568.73,1567.83,1568.3,29.66
1782861060000,1568.27,1568.27,1567.76,1567.77,33.79
1782861120000,1567.75,1568.37,1567.68,1567.95,110.43
1782861180000,1567.96,1568.12,1567.44,1567.56,101.86
1782861240000,1567.56,1568.48,1567.56,1568.28,20.56
1782861300000,1568.28,1568.9,1568.24,1568.67,26.57
1782861360000,1568.68,1569.54,1568.42,1569.53,427.63
1782861420000,1569.53,1570.38,1568.41,1568.41,152.7
1782861480000,1568.42,1568.42,1567.75,1568.42,34.82
1782861540000,1568.42,1568.68,1568.27,1568.53,99.28
1782861600000,1568.53,1569.24,1568.0,1568.0,21.94
1782861660000,1568.01,1568.92,1567.95,1567.95,21.51
1782861720000,1567.95,1569.71,1567.54,1569.69,47.02
1782861780000,1569.65,1569.73,1568.25,1568.58,22.1
1782861840000,1568.59,1569.45,1568.58,1569.45,25.02
1782861900000,1569.45,1570.22,1569.44,1570.21,73.09
1782861960000,1570.22,1570.3,1569.63,1569.73,77.96
1782862020000,1569.73,1570.12,1569.68,1569.68,25.12
1782862080000,1569.69,1569.71,1569.0,1569.22,118.83
1782862140000,1569.22,1569.49,1568.91,1569.36,265.96
1782862200000,1569.35,1569.35,1569.06,1569.11,27.14
1782862260000,1569.11,1569.41,1568.01,1569.41,139.72
1782862320000,1569.43,1570.12,1569.4,1570.12,31.78
1782862380000,1570.14,1570.14,1569.54,1569.8,25.58
1782862440000,1569.81,1570.81,1568.87,1570.81,24.92
1782862500000,1570.85,1570.88,1569.17,1570.18,45.69
1782862560000,1569.91,1569.92,1569.27,1569.59,59.98
1782862620000,1569.59,1569.93,1569.53,1569.92,30.26
1782862680000,1569.93,1570.15,1569.29,1569.33,35.01
1782862740000,1569.33,1569.45,1569.2,1569.26,81.9
1782862800000,1569.34,1569.6,1569.17,1569.24,27.61
1782862860000,1569.23,1569.24,1568.55,1568.7,21.57
1782862920000,1568.71,1569.84,1568.65,1569.35,33.21
1782862980000,1569.35,1569.89,1568.97,1569.38,20.23
1782863040000,1569.37,1570.29,1569.37,1570.11,21.55
1782863100000,1570.11,1570.44,1569.54,1569.78,22.2
1782863160000,1569.78,1570.81,1569.6,1570.81,22.25
1782863220000,1570.88,1571.75,1570.71,1571.3,145.07
1782863280000,1571.29,1571.63,1570.92,1571.24,25.75
1782863340000,1571.24,1571.26,1570.39,1570.39,22.45
1782863400000,1570.39,1570.97,1569.91,1570.61,60.38
1782863460000,1570.61,1570.89,1570.1,1570.12,22.26
1782863520000,1570.12,1570.36,1569.67,1569.81,54.25
1782863580000,1569.81,1570.86,1569.78,1570.72,21.34
1782863640000,1570.72,1570.94,1570.12,1570.87,20.48
1782863700000,1570.91,1571.11,1570.64,1570.85,51.75
1782863760000,1570.84,1571.29,1570.84,1571.11,22.71
1782863820000,1571.11,1571.34,1571.11,1571.11,19.61
1782863880000,1571.11,1571.92,1571.11,1571.85,68.41
1782863940000,1571.85,1571.94,1571.2,1571.35,43.87
1782864000000,1571.37,1573.41,1571.37,1572.69,1193.33
1782864060000,1572.81,1573.5,1571.96,1572.38,204.57
1782864120000,1572.41,1573.4,1572.02,1572.03,951.73
1782864180000,1572.0,1573.74,1571.61,1573.52,136.86
1782864240000,1573.49,1574.07,1573.04,1574.06,105.38
1782864300000,1574.06,1574.75,1574.05,1574.2,129.21
1782864360000,1574.2,1574.42,1572.6,1572.61,134.81
1782864420000,1572.61,1573.68,1572.6,1573.55,41.89
1782864480000,1573.63,1573.84,1573.21,1573.38,45.37
1782864540000,1573.37,1573.38,1571.56,1572.06,570.9
1782864600000,1572.06,1573.74,1571.99,1573.73,28.73
1782864660000,1573.75,1573.81,1572.81,1572.85,33.85
1782864720000,1572.87,1573.04,1571.92,1571.92,102.32
1782864780000,1571.92,1573.95,1571.92,1573.95,26.29
1782864840000,1573.94,1573.95,1573.16,1573.43,24.63
1782864900000,1573.44,1574.62,1572.65,1572.65,52.28
1782864960000,1572.65,1572.8,1572.34,1572.68,95.03
1782865020000,1572.69,1572.95,1572.0,1572.02,302.53
1782865080000,1572.0,1572.29,1571.73,1571.75,23.54
1782865140000,1571.75,1571.75,1569.71,1569.71,175.18
1782865200000,1569.72,1570.92,1569.72,1570.43,134.95
1782865260000,1570.43,1570.64,1568.1,1568.45,651.92
1782865320000,1568.44,1568.45,1567.7,1568.45,195.03
1782865380000,1568.54,1568.77,1567.41,1568.57,53.82
1782865440000,1568.56,1568.68,1567.69,1567.95,38.47
1782865500000,1567.96,1567.98,1566.58,1566.79,154.37
1782865560000,1566.8,1567.01,1565.51,1565.56,127.24
1782865620000,1565.55,1567.47,1565.55,1567.23,33.26
1782865680000,1567.22,1568.42,1567.04,1568.35,673.67
1782865740000,1568.35,1568.44,1567.85,1567.85,22.98
1782865800000,1567.86,1569.98,1567.85,1569.98,111.36
1782865860000,1570.0,1573.7,1570.0,1570.47,391.94
1782865920000,1570.52,1571.64,1569.64,1571.22,40.7
1782865980000,1571.23,1571.85,1570.45,1571.68,65.92
1782866040000,1571.59,1571.6,1570.95,1571.54,24.93
1782866100000,1571.54,1571.65,1570.1,1570.1,156.72
1782866160000,1570.1,1570.89,1570.1,1570.72,31.57
1782866220000,1570.73,1571.51,1570.0,1571.37,23.58
1782866280000,1571.37,1572.48,1570.67,1570.68,44.3
1782866340000,1570.67,1570.92,1570.11,1570.18,20.79
1782866400000,1570.17,1570.96,1570.12,1570.56,35.61
1782866460000,1570.56,1570.61,1570.01,1570.59,21.7
1782866520000,1570.58,1570.96,1570.39,1570.52,28.8
1782866580000,1570.51,1571.08,1570.5,1571.08,26.1
1782866640000,1571.07,1571.34,1570.81,1571.27,25.06
1782866700000,1571.23,1571.73,1570.94,1571.66,95.58
1782866760000,1571.66,1572.57,1571.31,1571.68,31.09
1782866820000,1571.69,1572.27,1571.69,1571.83,209.01
1782866880000,1571.82,1572.47,1571.34,1572.26,64.97
1782866940000,1572.23,1572.72,1570.78,1571.95,570.46
1782867000000,1571.96,1572.48,1571.95,1572.3,28.99
1782867060000,1572.31,1573.58,1572.22,1573.58,38.56
1782867120000,1573.6,1576.06,1573.59,1575.92,179.53
1782867180000,1575.92,1575.93,1574.45,1575.51,51.41
1782867240000,1575.51,1575.53,1573.75,1573.76,21.61
1782867300000,1573.75,1575.0,1573.66,1574.66,37.83
1782867360000,1574.67,1574.93,1574.36,1574.41,23.19
1782867420000,1574.41,1574.72,1574.27,1574.58,39.15
1782867480000,1574.57,1574.61,1573.89,1573.9,38.9
1782867540000,1573.91,1574.39,1573.81,1574.3,53.3
1782867600000,1574.3,1574.65,1574.15,1574.16,36.2
1782867660000,1574.16,1574.2,1573.08,1573.5,53.12
1782867720000,1573.53,1573.91,1572.0,1572.2,536.6
1782867780000,1572.23,1572.24,1571.69,1572.09,41.11
1782867840000,1572.08,1572.08,1569.55,1569.85,116.43
1782867900000,1569.85,1569.87,1566.78,1567.83,103.62
1782867960000,1568.06,1568.8,1567.09,1567.14,39.97
1782868020000,1567.09,1568.51,1566.73,1567.9,52.72
1782868080000,1567.92,1568.46,1566.01,1566.65,153.39
1782868140000,1566.64,1567.36,1566.59,1567.22,133.24
1782868200000,1567.22,1567.35,1562.13,1562.14,2103.7
1782868260000,1562.14,1564.12,1561.21,1562.68,1037.52
1782868320000,1562.77,1563.71,1554.01,1554.21,1640.77
1782868380000,1554.26,1560.93,1552.0,1560.89,2624.41
1782868440000,1560.67,1563.87,1560.36,1562.96,763.63
1782868500000,1563.0,1568.27,1563.0,1564.89,677.61
1782868560000,1565.03,1565.03,1559.0,1559.27,292.45
1782868620000,1559.33,1562.82,1558.9,1561.39,362.63
1782868680000,1561.38,1565.0,1560.67,1564.25,267.88
1782868740000,1564.21,1567.48,1563.5,1567.05,188.86
1782868800000,1566.87,1567.5,1565.12,1566.96,135.22
1782868860000,1566.97,1567.25,1565.58,1566.15,65.63
1782868920000,1566.07,1571.73,1565.65,1570.01,315.4
1782868980000,1570.0,1570.02,1567.61,1568.64,567.27
1782869040000,1568.64,1569.17,1566.28,1567.22,100.79
1782869100000,1567.23,1568.83,1566.78,1566.78,95.73
1782869160000,1566.78,1569.0,1566.28,1568.92,182.65
1782869220000,1568.87,1569.42,1567.89,1569.32,99.57
1782869280000,1569.22,1570.79,1568.52,1569.69,57.45
1782869340000,1569.7,1570.8,1569.02,1569.04,78.27
1782869400000,1569.06,1572.68,1568.36,1571.62,104.84
1782869460000,1571.56,1572.86,1570.55,1570.9,286.47
1782869520000,1570.9,1573.19,1570.9,1572.97,106.27
1782869580000,1572.98,1573.17,1570.66,1570.93,136.44
1782869640000,1570.94,1571.99,1570.1,1571.47,183.02
1782869700000,1571.46,1573.43,1571.02,1572.49,52.49
1782869760000,1572.48,1572.69,1571.72,1572.16,61.57
1782869820000,1572.16,1573.31,1571.77,1573.3,74.85
1782869880000,1573.32,1579.38,1572.99,1578.61,1704.27
1782869940000,1578.6,1584.78,1577.92,1580.67,1529.5
1782870000000,1580.6,1582.1,1578.89,1581.97,1303.45
1782870060000,1581.99,1585.85,1580.4,1580.78,1278.44
1782870120000,1580.71,1580.83,1579.11,1580.34,165.9
1782870180000,1580.17,1582.16,1579.91,1581.47,188.8
1782870240000,1581.49,1581.98,1580.09,1580.6,670.37
1782870300000,1580.6,1582.9,1579.33,1579.61,82.6
1782870360000,1579.59,1580.87,1578.0,1578.08,239.53
1782870420000,1578.08,1578.49,1577.25,1577.65,186.87
1782870480000,1577.61,1577.98,1576.2,1576.83,194.36
1782870540000,1576.82,1578.06,1576.45,1578.06,206.62
1782870600000,1578.09,1578.14,1576.48,1576.51,203.33
1782870660000,1576.5,1577.1,1576.25,1576.99,35.47
1782870720000,1576.99,1578.34,1576.56,1578.33,161.38
1782870780000,1578.33,1578.75,1577.79,1578.49,85.56
1782870840000,1578.5,1578.8,1578.05,1578.8,25.43
1782870900000,1578.8,1580.5,1578.8,1579.74,60.02
1782870960000,1579.93,1580.5,1578.61,1579.0,428.72
1782871020000,1578.99,1579.0,1577.01,1577.02,163.19
1782871080000,1577.02,1577.31,1576.71,1576.97,175.7
1782871140000,1577.02,1577.94,1577.02,1577.21,35.07
1782871200000,1577.17,1577.83,1577.17,1577.65,31.7
1782871260000,1577.65,1578.16,1576.52,1576.73,46.21
1782871320000,1576.82,1578.7,1576.45,1578.56,188.76
1782871380000,1578.55,1579.19,1577.58,1578.64,46.1
1782871440000,1578.65,1579.27,1577.13,1577.13,69.67
1782871500000,1577.13,1577.14,1575.36,1575.37,232.65
1782871560000,1575.29,1575.33,1573.64,1574.31,220.7
1782871620000,1574.32,1574.83,1573.99,1574.64,130.73
1782871680000,1574.65,1574.86,1574.11,1574.42,128.38
1782871740000,1574.43,1574.95,1574.13,1574.92,225.16
1782871800000,1574.94,1576.48,1574.88,1576.06,208.41
1782871860000,1576.05,1576.78,1575.73,1576.78,272.83
1782871920000,1576.78,1578.58,1576.78,1578.56,34.11
1782871980000,1578.56,1580.0,1578.02,1579.09,117.42
1782872040000,1579.09,1579.29,1577.55,1578.22,191.32
1782872100000,1578.21,1579.42,1577.5,1579.42,50.19
1782872160000,1579.27,1580.2,1579.04,1579.96,64.1
1782872220000,1579.95,1579.98,1578.86,1579.07,100.02
1782872280000,1579.01,1579.5,1578.89,1579.31,47.13
1782872340000,1579.39,1579.76,1579.0,1579.75,38.76
1782872400000,1579.75,1580.0,1579.29,1579.78,119.58
1782872460000,1579.79,1582.24,1579.58,1581.45,162.0
1782872520000,1581.44,1583.5,1581.39,1583.09,175.57
1782872580000,1583.1,1584.32,1581.78,1583.65,185.49
1782872640000,1583.64,1583.65,1581.76,1581.9,124.5
1782872700000,1581.91,1582.17,1581.18,1581.38,63.36
1782872760000,1581.39,1582.92,1580.89,1582.57,72.32
1782872820000,1582.57,1582.68,1581.18,1581.85,78.07
1782872880000,1581.85,1583.28,1581.84,1582.47,442.84
1782872940000,1582.47,1582.47,1581.25,1582.11,34.59
1782873000000,1582.13,1583.0,1581.66,1582.57,43.97
1782873060000,1582.59,1585.79,1581.6,1581.71,912.3
1782873120000,1581.72,1583.6,1580.91,1582.36,191.6
1782873180000,1582.35,1582.76,1581.44,1582.75,52.33
1782873240000,1582.76,1583.76,1582.42,1583.62,34.96
1782873300000,1583.55,1585.07,1583.2,1584.93,300.23
1782873360000,1584.92,1584.93,1583.94,1584.26,60.79
1782873420000,1584.26,1584.46,1583.0,1584.01,82.94
1782873480000,1584.01,1587.67,1583.81,1587.02,402.56
1782873540000,1587.16,1587.57,1586.25,1586.35,182.05
1782873600000,1586.35,1586.51,1585.01,1585.01,51.59
1782873660000,1585.03,1586.51,1585.02,1586.33,89.38
1782873720000,1586.33,1587.61,1586.33,1587.61,101.08
1782873780000,1587.61,1588.75,1587.4,1588.04,364.82
1782873840000,1588.02,1588.62,1587.96,1588.14,51.63
1782873900000,1588.14,1588.87,1587.75,1588.62,102.86
1782873960000,1588.65,1588.72,1585.01,1585.01,158.72
1782874020000,1585.01,1585.34,1583.32,1583.94,220.43
1782874080000,1583.94,1585.93,1583.42,1584.84,53.33
1782874140000,1584.84,1584.98,1584.09,1584.72,66.06
1782874200000,1584.71,1585.16,1584.47,1585.16,57.52
1782874260000,1585.15,1585.78,1584.65,1584.66,42.26
1782874320000,1584.65,1584.66,1583.46,1584.11,103.25
1782874380000,1584.11,1585.13,1584.11,1584.77,37.82
1782874440000,1584.76,1586.86,1584.5,1586.85,55.4
1782874500000,1586.85,1587.04,1585.85,1586.88,50.77
1782874560000,1586.87,1586.98,1585.93,1586.63,29.57
1782874620000,1586.64,1586.9,1586.18,1586.19,40.37
1782874680000,1586.19,1586.19,1585.68,1585.89,38.22
1782874740000,1585.89,1585.98,1585.4,1585.65,76.65
1782874800000,1585.64,1585.9,1585.05,1585.51,457.89
1782874860000,1585.5,1585.89,1583.76,1584.0,129.25
1782874920000,1584.0,1584.87,1583.91,1584.0,71.06
1782874980000,1584.0,1584.63,1583.89,1583.97,215.08
1782875040000,1583.99,1584.22,1583.63,1584.05,27.48
1782875100000,1584.05,1586.0,1584.01,1585.99,65.6
1782875160000,1585.99,1587.81,1585.99,1587.79,51.38
1782875220000,1587.79,1589.53,1587.79,1589.22,196.15
1782875280000,1589.23,1589.23,1586.08,1586.28,50.58
1782875340000,1586.29,1586.56,1585.59,1586.09,59.49
1782875400000,1586.09,1586.23,1585.21,1586.23,39.27
1782875460000,1586.26,1586.45,1585.25,1585.37,110.69
1782875520000,1585.37,1586.0,1585.21,1585.68,145.0
1782875580000,1585.69,1585.69,1585.09,1585.35,161.1
1782875640000,1585.35,1585.43,1584.64,1584.76,52.41
1782875700000,1584.74,1584.93,1584.0,1584.71,158.18
1782875760000,1584.71,1584.72,1582.82,1584.12,266.3
1782875820000,1584.11,1584.45,1582.96,1582.96,71.18
1782875880000,1582.95,1584.13,1582.81,1583.17,192.12
1782875940000,1583.16,1583.47,1582.66,1582.68,92.54
1782876000000,1582.65,1582.69,1582.09,1582.19,399.46
1782876060000,1582.19,1582.51,1582.12,1582.38,52.0
1782876120000,1582.36,1582.78,1582.18,1582.53,73.58
1782876180000,1582.52,1583.29,1582.19,1582.78,37.92
1782876240000,1582.78,1582.79,1581.68,1582.28,216.03
1782876300000,1582.29,1582.86,1581.35,1582.45,264.01
1782876360000,1582.45,1582.62,1581.86,1582.05,20.92
1782876420000,1582.05,1583.32,1581.87,1583.2,35.6
1782876480000,1583.03,1584.2,1583.02,1584.01,31.08
1782876540000,1584.03,1584.08,1583.07,1583.81,49.5
1782876600000,1583.81,1584.31,1583.24,1584.18,62.37
1782876660000,1584.19,1584.19,1582.59,1582.77,31.76
1782876720000,1582.77,1582.79,1581.76,1582.37,30.04
1782876780000,1582.36,1583.8,1582.36,1583.68,79.37
1782876840000,1583.67,1583.68,1582.5,1583.07,50.7
1782876900000,1583.07,1584.9,1583.07,1584.06,98.36
1782876960000,1584.07,1592.15,1584.0,1591.27,1158.85
1782877020000,1591.22,1596.54,1591.17,1591.93,1417.79
1782877080000,1591.94,1591.94,1589.9,1590.49,339.92
1782877140000,1590.48,1592.36,1590.04,1590.78,140.14
1782877200000,1590.8,1591.31,1590.14,1590.15,72.72
1782877260000,1590.15,1591.47,1589.67,1589.91,77.01
1782877320000,1589.89,1589.89,1587.93,1588.24,322.36
1782877380000,1588.23,1588.29,1587.47,1588.14,178.74
1782877440000,1588.14,1588.99,1588.14,1588.52,23.36
1782877500000,1588.52,1589.5,1588.2,1588.78,149.57
1782877560000,1588.8,1590.57,1588.36,1590.57,70.92
1782877620000,1590.64,1591.77,1589.67,1589.71,31.13
1782877680000,1589.76,1590.45,1589.64,1590.23,37.31
1782877740000,1590.22,1590.48,1590.11,1590.11,39.89
1782877800000,1590.11,1591.94,1589.89,1591.75,100.34
1782877860000,1591.75,1591.75,1591.01,1591.47,253.84
1782877920000,1591.48,1594.87,1591.44,1594.31,124.67
1782877980000,1594.44,1595.14,1593.6,1595.12,291.98
1782878040000,1595.15,1598.54,1594.6,1596.94,385.27
1782878100000,1596.91,1597.7,1595.44,1595.71,171.22
1782878160000,1595.72,1595.73,1595.0,1595.33,87.62
1782878220000,1595.33,1595.34,1594.07,1594.09,43.72
1782878280000,1594.08,1594.11,1593.11,1593.67,45.84
1782878340000,1593.66,1594.11,1593.64,1594.05,48.99
1782878400000,1594.04,1595.35,1591.28,1591.3,363.43
1782878460000,1591.29,1592.24,1590.0,1590.91,446.09
1782878520000,1590.91,1591.65,1590.27,1590.28,79.02
1782878580000,1590.28,1591.2,1590.14,1590.7,67.31
1782878640000,1590.74,1592.12,1590.74,1591.95,122.53
1782878700000,1591.92,1593.71,1591.8,1591.91,173.22
1782878760000,1591.91,1592.67,1591.6,1592.33,413.81
1782878820000,1592.34,1592.79,1591.24,1592.07,80.26
1782878880000,1592.06,1592.18,1591.49,1591.5,75.33
1782878940000,1591.45,1592.39,1591.18,1592.32,127.33
1782879000000,1592.32,1593.84,1592.18,1592.19,57.93
1782879060000,1592.2,1592.43,1591.74,1591.89,84.45
1782879120000,1591.89,1592.79,1591.88,1592.26,251.96
1782879180000,1592.26,1592.29,1591.34,1591.54,47.53
1782879240000,1591.53,1591.83,1591.15,1591.3,42.35
1782879300000,1591.31,1592.19,1591.09,1592.13,79.86
1782879360000,1592.13,1592.67,1591.77,1592.67,59.21
1782879420000,1592.68,1592.92,1591.09,1591.78,69.13
1782879480000,1591.82,1592.13,1591.37,1592.12,220.04
1782879540000,1592.12,1592.88,1591.98,1592.5,32.71
1782879600000,1592.5,1592.86,1591.41,1592.86,35.93
1782879660000,1592.87,1592.87,1592.32,1592.78,26.36
1782879720000,1592.79,1594.17,1592.33,1593.43,200.56
1782879780000,1593.4,1593.68,1592.94,1593.09,52.75
1782879840000,1593.09,1593.4,1592.11,1592.18,50.37
1782879900000,1592.22,1592.82,1592.01,1592.31,43.75
1782879960000,1592.31,1593.11,1592.19,1593.1,211.61
1782880020000,1593.1,1593.55,1592.69,1593.19,114.86
1782880080000,1593.19,1593.64,1593.08,1593.24,88.99
1782880140000,1593.23,1593.55,1593.22,1593.44,69.96
1782880200000,1593.44,1593.58,1593.0,1593.57,47.83
1782880260000,1593.56,1595.23,1593.08,1593.92,53.86
1782880320000,1593.93,1594.55,1593.86,1594.11,28.37
1782880380000,1594.11,1594.3,1593.36,1593.53,43.67
1782880440000,1593.56,1594.06,1593.24,1593.56,63.85
1782880500000,1593.57,1593.57,1592.38,1592.47,85.76
1782880560000,1592.46,1592.68,1591.74,1592.61,65.62
1782880620000,1592.61,1593.15,1592.04,1592.84,326.87
1782880680000,1592.84,1595.26,1592.83,1593.83,37.56
1782880740000,1593.75,1593.94,1593.02,1593.83,28.85
1782880800000,1593.79,1594.51,1593.48,1594.51,138.28
1782880860000,1594.51,1595.38,1594.51,1594.85,56.0
1782880920000,1594.86,1596.6,1594.68,1596.32,837.81
1782880980000,1596.36,1596.76,1595.5,1596.54,87.65
1782881040000,1596.53,1596.94,1595.86,1596.58,69.34
1782881100000,1596.59,1603.25,1596.25,1600.94,1244.96
1782881160000,1600.94,1602.84,1599.21,1600.05,1073.32
1782881220000,1600.05,1600.05,1598.62,1598.92,280.95
1782881280000,1598.92,1600.89,1598.92,1600.71,370.77
1782881340000,1600.71,1600.71,1599.94,1600.37,120.53
1782881400000,1600.36,1600.92,1599.62,1599.83,549.21
1782881460000,1599.84,1600.1,1598.37,1600.1,508.28
1782881520000,1600.1,1600.13,1599.27,1599.62,50.51
1782881580000,1599.63,1599.66,1598.04,1598.28,279.37
1782881640000,1598.27,1599.56,1598.17,1599.54,86.97
1782881700000,1599.55,1599.63,1598.93,1599.49,139.83
1782881760000,1599.49,1599.8,1598.74,1599.74,190.79
1782881820000,1599.73,1600.0,1599.02,1599.46,78.61
1782881880000,1599.45,1599.46,1598.6,1598.6,223.82
1782881940000,1598.6,1598.93,1598.31,1598.57,121.51
1782882000000,1598.56,1598.61,1597.73,1598.03,46.34
1782882060000,1598.04,1598.66,1597.6,1598.35,62.23
1782882120000,1598.52,1598.79,1597.38,1597.52,81.88
1782882180000,1597.51,1597.64,1597.02,1597.58,121.66
1782882240000,1597.58,1598.2,1597.38,1597.76,1388.97
1782882300000,1597.76,1600.13,1597.68,1599.25,65.77
1782882360000,1599.27,1599.55,1597.72,1597.72,45.9
1782882420000,1597.73,1597.92,1597.21,1597.74,43.01
1782882480000,1597.75,1598.76,1597.23,1597.56,110.32
1782882540000,1597.55,1597.55,1595.21,1595.26,503.35
1782882600000,1595.3,1595.9,1595.12,1595.89,343.0
1782882660000,1595.91,1595.93,1594.96,1595.2,114.95
1782882720000,1595.21,1595.88,1594.82,1595.87,96.04
1782882780000,1595.87,1595.93,1594.56,1594.57,84.06
1782882840000,1594.57,1595.46,1594.54,1595.09,138.65
1782882900000,1595.1,1596.56,1595.09,1596.08,604.19
1782882960000,1596.07,1597.25,1595.9,1596.95,44.88
1782883020000,1596.95,1597.46,1596.5,1597.46,72.53
1782883080000,1597.46,1597.54,1596.61,1596.64,53.54
1782883140000,1596.65,1597.09,1596.65,1597.09,203.28
1782883200000,1597.08,1597.08,1596.09,1596.13,59.27
1782883260000,1596.12,1596.12,1593.65,1594.14,290.94
1782883320000,1594.15,1594.41,1593.6,1593.92,186.63
1782883380000,1593.92,1595.32,1593.91,1595.2,171.79
1782883440000,1595.2,1595.23,1595.0,1595.15,271.27
1782883500000,1595.15,1595.67,1593.92,1594.34,203.48
1782883560000,1594.42,1594.46,1593.15,1593.25,104.27
1782883620000,1593.25,1593.8,1593.25,1593.75,295.13
1782883680000,1593.75,1593.94,1592.89,1593.38,113.74
1782883740000,1593.38,1594.63,1592.5,1593.02,568.35
1782883800000,1593.03,1593.38,1592.65,1593.37,64.95
1782883860000,1593.38,1593.75,1592.58,1592.59,28.03
1782883920000,1592.59,1593.48,1592.44,1592.8,166.23
1782883980000,1592.77,1593.19,1591.06,1591.13,395.63
1782884040000,1591.13,1592.59,1590.6,1592.44,553.47
1782884100000,1592.44,1592.77,1591.75,1591.76,85.87
1782884160000,1591.76,1592.1,1591.17,1591.75,77.24
1782884220000,1591.75,1591.79,1590.93,1590.94,52.2
1782884280000,1590.95,1591.66,1590.65,1591.65,92.18
1782884340000,1591.65,1592.2,1591.51,1592.18,40.32
1782884400000,1592.18,1592.88,1592.13,1592.83,27.83
1782884460000,1592.66,1592.8,1591.98,1592.08,49.57
1782884520000,1592.11,1592.26,1591.11,1591.39,32.16
1782884580000,1591.38,1591.89,1591.37,1591.86,65.47
1782884640000,1591.85,1592.4,1591.72,1592.36,103.67
1782884700000,1592.4,1592.87,1592.31,1592.45,51.97
1782884760000,1592.44,1592.52,1591.89,1592.24,100.97
1782884820000,1592.23,1592.42,1591.29,1591.34,57.67
1782884880000,1591.33,1592.18,1591.31,1592.18,29.81
1782884940000,1592.19,1592.55,1591.02,1591.19,22.54
1782885000000,1591.19,1592.59,1590.98,1592.58,37.14
1782885060000,1592.58,1592.59,1591.95,1591.97,57.56
1782885120000,1591.96,1592.05,1591.08,1591.14,34.37
1782885180000,1591.15,1591.17,1590.56,1590.56,64.73
1782885240000,1590.56,1591.02,1590.51,1590.92,95.15
1782885300000,1590.93,1591.14,1590.84,1591.14,39.03
1782885360000,1591.14,1591.47,1590.97,1591.1,25.73
1782885420000,1591.1,1591.28,1591.03,1591.24,23.5
1782885480000,1591.25,1591.39,1591.23,1591.35,30.68
1782885540000,1591.35,1592.05,1591.33,1591.95,34.02
1782885600000,1591.95,1592.4,1591.87,1592.17,38.76
1782885660000,1592.16,1592.16,1589.56,1589.6,659.98
1782885720000,1589.57,1589.98,1589.0,1589.79,778.35
1782885780000,1589.78,1589.81,1588.28,1588.53,95.35
1782885840000,1588.52,1588.91,1587.72,1587.85,931.26
1782885900000,1587.86,1588.84,1587.85,1588.02,59.02
1782885960000,1588.01,1588.56,1587.84,1588.39,204.4
1782886020000,1588.38,1588.39,1586.71,1587.11,798.53
1782886080000,1587.12,1587.12,1586.26,1586.43,143.93
1782886140000,1586.42,1586.43,1584.33,1584.74,389.37
1782886200000,1584.74,1586.25,1584.64,1585.76,277.07
1782886260000,1585.77,1586.38,1585.69,1586.3,72.48
1782886320000,1586.29,1586.44,1585.56,1586.43,479.07
1782886380000,1586.43,1586.44,1585.61,1585.68,47.13
1782886440000,1585.68,1586.6,1585.68,1586.54,140.83
1782886500000,1586.55,1586.93,1585.31,1585.75,127.76
1782886560000,1585.75,1587.19,1585.75,1586.73,133.71
1782886620000,1586.73,1586.74,1585.79,1585.94,145.11
1782886680000,1585.95,1586.34,1585.02,1585.14,348.24
1782886740000,1585.13,1585.54,1584.81,1584.92,47.7
1782886800000,1584.92,1584.95,1582.78,1583.09,681.35
1782886860000,1583.09,1583.87,1579.65,1579.65,664.25
1782886920000,1579.65,1580.36,1578.31,1578.4,366.87
1782886980000,1578.36,1579.1,1577.31,1578.61,312.76
1782887040000,1578.62,1579.77,1577.85,1579.71,160.56
1782887100000,1579.74,1579.81,1577.92,1579.5,205.4
1782887160000,1579.49,1580.88,1578.75,1580.79,164.16
1782887220000,1580.78,1580.92,1578.94,1578.96,236.96
1782887280000,1578.94,1580.45,1578.85,1580.18,260.58
1782887340000,1580.17,1580.2,1579.83,1580.15,65.0
1782887400000,1580.14,1580.18,1579.21,1580.09,141.51
1782887460000,1580.08,1580.9,1579.59,1580.04,112.35
1782887520000,1580.07,1581.16,1580.07,1580.75,81.05
1782887580000,1580.75,1580.77,1578.23,1578.36,186.22
1782887640000,1578.38,1579.71,1575.57,1575.7,613.36
1782887700000,1575.86,1576.2,1574.13,1575.86,538.03
1782887760000,1575.85,1576.02,1574.11,1574.11,249.14
1782887820000,1574.12,1574.13,1572.27,1572.81,895.62
1782887880000,1573.02,1573.33,1570.56,1572.33,399.93
1782887940000,1572.4,1573.76,1572.23,1572.75,242.51
1782888000000,1572.75,1573.84,1572.75,1573.53,86.99
1782888060000,1573.52,1573.67,1572.64,1573.27,139.7
1782888120000,1573.25,1575.05,1573.24,1575.05,454.39
1782888180000,1575.05,1575.7,1574.68,1575.2,451.07
1782888240000,1575.21,1576.97,1575.0,1576.56,299.95
1782888300000,1576.56,1576.66,1575.0,1575.83,115.9
1782888360000,1575.83,1575.83,1573.01,1573.93,258.25
1782888420000,1573.93,1574.37,1572.58,1573.75,91.8
1782888480000,1573.75,1574.18,1573.72,1574.17,685.95
1782888540000,1574.17,1575.17,1573.81,1574.92,59.36
1782888600000,1574.92,1576.26,1574.91,1575.89,258.37
1782888660000,1575.9,1576.77,1575.89,1576.63,108.68
1782888720000,1576.63,1577.13,1576.42,1576.86,113.25
1782888780000,1576.87,1577.01,1575.57,1575.77,367.85
1782888840000,1575.77,1575.77,1575.31,1575.32,92.06
1782888900000,1575.32,1575.85,1575.28,1575.59,61.11
1782888960000,1575.58,1576.03,1574.57,1576.03,589.01
1782889020000,1576.03,1576.04,1575.2,1575.36,191.76
1782889080000,1575.35,1575.39,1574.85,1575.01,35.26
1782889140000,1575.02,1575.49,1574.39,1575.49,73.2
1782889200000,1575.49,1576.42,1575.03,1575.1,185.28
1782889260000,1575.09,1575.82,1574.23,1574.26,128.4
1782889320000,1574.27,1576.0,1574.14,1575.93,68.77
1782889380000,1575.92,1575.92,1572.89,1573.72,89.99
1782889440000,1573.77,1574.12,1573.56,1573.9,67.28
1782889500000,1573.9,1574.13,1572.91,1574.04,301.05
1782889560000,1574.03,1574.11,1572.81,1572.83,315.93
1782889620000,1572.84,1573.65,1572.21,1572.22,58.64
1782889680000,1572.2,1573.72,1571.55,1573.6,301.37
1782889740000,1573.6,1574.07,1573.51,1574.07,219.32
1782889800000,1574.06,1574.06,1572.52,1573.68,136.93
1782889860000,1573.69,1573.92,1573.49,1573.91,70.81
1782889920000,1573.91,1575.86,1573.9,1575.27,112.5
1782889980000,1575.27,1575.28,1573.88,1574.22,24.81
1782890040000,1574.22,1575.09,1573.82,1574.84,51.29
1782890100000,1574.85,1575.12,1574.14,1574.29,38.68
1782890160000,1574.29,1575.61,1573.94,1575.61,20.77
1782890220000,1575.73,1576.21,1574.3,1574.34,87.9
1782890280000,1574.32,1574.54,1572.85,1574.3,1680.66
1782890340000,1574.3,1574.59,1573.92,1574.3,165.21
1782890400000,1574.3,1574.64,1573.14,1573.2,100.1
1782890460000,1573.21,1575.82,1573.1,1575.81,111.74
1782890520000,1575.81,1577.06,1575.81,1577.01,163.59
1782890580000,1576.92,1578.65,1576.39,1578.49,889.46
1782890640000,1578.48,1578.86,1577.66,1578.68,230.3
1782890700000,1578.68,1579.0,1578.17,1578.78,132.87
1782890760000,1578.75,1578.79,1577.88,1578.38,207.52
1782890820000,1578.37,1578.61,1578.0,1578.09,213.76
1782890880000,1578.09,1578.24,1576.79,1577.06,91.21
1782890940000,1577.06,1577.18,1576.6,1576.6,99.55
1782891000000,1576.6,1576.61,1574.15,1574.5,139.88
1782891060000,1574.5,1576.45,1574.5,1575.7,88.4
1782891120000,1575.7,1575.98,1574.79,1574.99,181.59
1782891180000,1574.98,1575.99,1574.87,1575.99,34.9
1782891240000,1575.99,1577.5,1575.99,1577.45,100.83
1782891300000,1577.44,1577.5,1576.01,1576.04,179.96
1782891360000,1576.04,1577.5,1576.04,1577.49,26.18
1782891420000,1577.49,1578.15,1577.49,1577.81,98.8
1782891480000,1577.82,1578.49,1577.48,1577.5,118.99
1782891540000,1577.5,1577.58,1577.17,1577.18,84.92
1782891600000,1577.17,1577.47,1576.71,1576.91,23.2
1782891660000,1576.9,1578.3,1576.9,1578.0,168.03
1782891720000,1578.0,1578.59,1577.21,1577.29,69.87
1782891780000,1577.29,1577.59,1576.9,1576.97,65.33
1782891840000,1576.97,1577.42,1576.63,1576.91,39.98
1782891900000,1576.91,1576.99,1575.76,1576.98,89.94
1782891960000,1576.99,1577.3,1576.12,1577.21,38.73
1782892020000,1577.22,1577.5,1576.96,1577.5,77.41
1782892080000,1577.5,1578.59,1577.49,1578.42,73.21
1782892140000,1578.42,1579.34,1578.28,1579.2,167.68
1782892200000,1579.26,1580.48,1578.06,1578.4,158.59
1782892260000,1578.38,1578.48,1577.69,1577.69,181.21
1782892320000,1577.69,1578.62,1577.66,1577.97,57.35
1782892380000,1577.97,1578.33,1577.95,1578.15,37.31
1782892440000,1578.14,1578.27,1577.94,1577.95,23.67
1782892500000,1577.95,1577.95,1577.47,1577.63,799.74
1782892560000,1577.63,1578.23,1577.6,1578.19,24.26
1782892620000,1578.18,1578.58,1577.78,1578.31,196.92
1782892680000,1578.31,1578.4,1577.19,1577.29,44.06
1782892740000,1577.29,1577.69,1577.29,1577.69,56.48
1782892800000,1577.68,1577.68,1576.5,1576.71,29.95
1782892860000,1576.71,1576.71,1574.65,1574.65,265.56
1782892920000,1574.65,1575.37,1573.38,1575.3,142.72
1782892980000,1575.29,1576.97,1575.13,1575.3,59.58
1782893040000,1575.23,1577.3,1575.22,1575.84,46.68
1782893100000,1575.84,1577.15,1575.39,1577.0,31.98
1782893160000,1577.03,1577.62,1576.72,1577.48,126.85
1782893220000,1577.48,1578.14,1576.72,1576.98,141.26
1782893280000,1577.0,1577.65,1576.82,1576.82,78.34
1782893340000,1576.82,1576.83,1575.54,1575.54,94.7
1782893400000,1575.53,1576.26,1575.2,1575.63,74.74
1782893460000,1575.66,1576.02,1574.63,1574.63,25.43
1782893520000,1574.63,1575.87,1574.5,1575.86,29.11
1782893580000,1575.88,1575.89,1575.57,1575.59,25.27
1782893640000,1575.6,1575.61,1574.51,1574.52,84.19
1782893700000,1574.51,1575.1,1574.14,1574.81,61.8
1782893760000,1574.81,1574.82,1574.41,1574.41,31.48
1782893820000,1574.38,1574.43,1573.62,1574.1,376.29
1782893880000,1574.1,1574.55,1573.78,1574.36,205.96
1782893940000,1574.36,1574.74,1573.83,1573.97,75.32
1782894000000,1573.98,1573.98,1572.9,1573.89,400.0
1782894060000,1573.89,1574.24,1572.5,1572.5,271.42
1782894120000,1572.4,1572.87,1571.17,1571.23,350.64
1782894180000,1571.24,1572.13,1570.26,1571.35,455.54
1782894240000,1571.51,1571.51,1570.58,1570.75,369.35
1782894300000,1570.76,1572.5,1570.75,1571.94,89.23
1782894360000,1571.94,1573.37,1571.66,1573.33,654.22
1782894420000,1573.33,1573.62,1572.68,1572.98,97.23
1782894480000,1572.98,1573.02,1571.58,1571.94,24.46
1782894540000,1571.94,1571.96,1571.19,1571.2,167.97
1782894600000,1571.31,1573.24,1571.1,1571.31,163.19
1782894660000,1571.3,1572.34,1571.3,1572.07,46.59
1782894720000,1572.08,1572.08,1571.42,1571.58,35.99
1782894780000,1571.56,1571.61,1567.79,1568.08,1333.83
1782894840000,1568.01,1571.44,1567.77,1570.68,344.69
1782894900000,1570.68,1570.82,1569.9,1570.62,138.08
1782894960000,1570.63,1571.43,1569.47,1570.91,90.69
1782895020000,1570.92,1571.17,1570.38,1570.5,128.49
1782895080000,1570.46,1572.38,1570.21,1572.31,80.62
1782895140000,1572.3,1572.33,1571.3,1571.38,128.78
1782895200000,1571.36,1572.12,1571.08,1571.86,51.54
1782895260000,1571.86,1572.27,1571.86,1571.94,89.58
1782895320000,1571.91,1574.1,1571.77,1573.95,214.02
1782895380000,1573.88,1574.85,1573.21,1574.39,85.88
1782895440000,1574.49,1575.81,1574.33,1575.06,224.34
1782895500000,1575.07,1575.34,1574.55,1574.97,133.18
1782895560000,1574.97,1575.49,1574.52,1575.16,173.32
1782895620000,1575.17,1575.22,1574.29,1574.35,103.03
1782895680000,1574.35,1574.45,1573.76,1573.77,54.76
1782895740000,1573.76,1573.99,1573.36,1573.65,48.95
1782895800000,1573.66,1573.92,1573.23,1573.82,127.04
1782895860000,1573.82,1575.31,1573.76,1575.31,151.14
1782895920000,1575.33,1575.89,1575.33,1575.61,172.95
1782895980000,1575.62,1575.67,1575.28,1575.43,72.06
1782896040000,1575.43,1576.74,1575.42,1576.52,87.35
1782896100000,1576.56,1577.12,1576.07,1576.74,129.13
1782896160000,1576.74,1576.82,1576.42,1576.82,187.14
1782896220000,1576.84,1579.04,1576.83,1578.9,617.01
1782896280000,1578.99,1580.85,1578.99,1580.06,841.28
1782896340000,1580.04,1581.8,1579.93,1581.76,395.35
1782896400000,1581.77,1582.34,1578.55,1579.06,329.29
1782896460000,1579.06,1579.8,1578.79,1579.4,59.16
1782896520000,1579.5,1581.77,1579.38,1579.53,367.91
1782896580000,1579.53,1579.9,1579.31,1579.88,129.71
1782896640000,1579.88,1581.23,1579.79,1580.27,142.75
1782896700000,1580.27,1581.55,1580.11,1581.37,222.63
1782896760000,1581.33,1583.4,1580.77,1582.95,159.21
1782896820000,1582.96,1584.51,1581.79,1583.22,346.15
1782896880000,1583.35,1583.47,1582.25,1582.26,211.68
1782896940000,1582.1,1582.45,1581.45,1582.04,52.2
1782897000000,1582.01,1582.4,1581.35,1581.35,189.23
1782897060000,1581.35,1581.59,1581.1,1581.22,129.32
1782897120000,1581.22,1581.65,1581.17,1581.37,166.52
1782897180000,1581.38,1581.41,1580.38,1580.46,109.4
1782897240000,1580.46,1580.54,1579.72,1579.88,424.55
1782897300000,1579.89,1581.39,1579.5,1580.96,139.37
1782897360000,1580.97,1581.08,1580.39,1581.08,205.96
1782897420000,1581.07,1581.61,1581.06,1581.53,51.15
1782897480000,1581.53,1581.54,1579.8,1580.81,56.39
1782897540000,1580.76,1580.77,1579.88,1580.25,30.43
1782897600000,1580.24,1580.35,1579.07,1579.75,208.77
1782897660000,1579.74,1580.36,1578.91,1579.75,114.29
1782897720000,1579.76,1579.97,1579.71,1579.79,43.39
1782897780000,1579.78,1580.82,1579.73,1580.81,115.78
1782897840000,1580.29,1580.32,1579.43,1579.44,50.92
1782897900000,1579.43,1579.63,1578.99,1579.41,45.88
1782897960000,1579.41,1579.65,1579.08,1579.26,69.33
1782898020000,1579.25,1579.64,1578.82,1578.82,29.76
1782898080000,1578.83,1579.19,1578.82,1578.95,89.91
1782898140000,1578.94,1579.55,1578.88,1579.54,102.47
1782898200000,1579.54,1579.88,1578.66,1579.03,149.87
1782898260000,1579.03,1580.0,1579.03,1579.93,36.98
1782898320000,1579.94,1580.66,1579.93,1579.94,91.81
1782898380000,1579.94,1580.94,1579.93,1580.73,48.52
1782898440000,1580.73,1581.08,1580.41,1580.51,48.5
1782898500000,1580.51,1580.54,1579.97,1580.39,24.58
1782898560000,1580.38,1580.65,1580.01,1580.04,56.07
1782898620000,1580.05,1580.68,1579.62,1580.68,37.48
1782898680000,1580.66,1580.67,1579.48,1579.79,94.44
1782898740000,1579.79,1579.8,1579.36,1579.79,133.73
1782898800000,1579.8,1580.31,1579.6,1579.86,42.31
1782898860000,1579.87,1580.97,1579.47,1580.34,92.4
1782898920000,1580.35,1580.89,1580.35,1580.52,117.57
1782898980000,1580.57,1580.91,1580.2,1580.71,95.04
1782899040000,1580.71,1580.78,1580.48,1580.78,30.14
1782899100000,1580.76,1582.51,1580.76,1581.78,150.51
1782899160000,1581.78,1582.3,1579.4,1579.43,56.43
1782899220000,1579.42,1580.34,1579.42,1579.73,65.4
1782899280000,1579.72,1580.21,1579.32,1579.62,32.03
1782899340000,1579.62,1579.84,1578.56,1578.64,151.11
1782899400000,1578.64,1578.66,1578.04,1578.35,199.92
1782899460000,1578.37,1579.51,1578.37,1579.08,112.48
1782899520000,1579.07,1580.0,1578.88,1579.99,53.75
1782899580000,1579.99,1580.3,1579.66,1579.84,121.47
1782899640000,1579.84,1580.65,1579.73,1580.44,219.88
1782899700000,1580.44,1581.67,1580.34,1581.23,57.59
1782899760000,1581.22,1581.24,1580.34,1580.45,30.01
1782899820000,1580.45,1581.05,1580.45,1580.89,53.48
1782899880000,1580.89,1580.9,1580.37,1580.44,42.72
1782899940000,1580.45,1581.02,1580.31,1580.45,45.86
1782900000000,1580.45,1580.55,1578.28,1578.43,53.84
1782900060000,1578.41,1579.07,1578.29,1579.07,56.57
1782900120000,1579.08,1579.3,1578.68,1578.85,23.99
1782900180000,1578.85,1580.08,1578.74,1580.08,53.96
1782900240000,1580.08,1580.97,1579.95,1580.17,73.79
1782900300000,1580.17,1580.29,1579.65,1580.1,47.73
1782900360000,1580.1,1580.1,1579.27,1579.46,55.39
1782900420000,1579.46,1579.55,1578.9,1579.45,29.98
1782900480000,1579.45,1580.3,1579.36,1579.6,175.49
1782900540000,1579.61,1579.64,1579.17,1579.29,56.71
1782900600000,1579.28,1579.29,1576.55,1577.03,307.44
1782900660000,1577.03,1577.52,1575.27,1575.87,308.72
1782900720000,1575.87,1576.18,1575.44,1575.44,48.91
1782900780000,1575.44,1575.52,1574.72,1575.48,234.4
1782900840000,1575.47,1575.47,1573.76,1574.18,412.43
1782900900000,1574.46,1575.02,1573.14,1574.87,305.15
1782900960000,1574.81,1575.24,1573.96,1575.23,172.78
1782901020000,1575.23,1575.88,1574.97,1575.73,199.96
1782901080000,1575.73,1575.78,1573.97,1575.11,372.91
1782901140000,1575.11,1575.5,1575.02,1575.49,38.26
1782901200000,1575.5,1575.94,1575.49,1575.77,116.59
1782901260000,1575.77,1576.11,1575.74,1576.1,48.44
1782901320000,1576.1,1576.4,1576.1,1576.4,93.38
1782901380000,1576.4,1576.4,1575.26,1575.27,41.53
1782901440000,1575.26,1575.86,1575.1,1575.1,21.23
1782901500000,1575.11,1575.12,1572.18,1573.09,291.96
1782901560000,1573.04,1573.63,1572.71,1573.39,180.43
1782901620000,1573.34,1574.5,1573.03,1574.3,80.69
1782901680000,1574.29,1574.69,1574.22,1574.58,30.6
1782901740000,1574.58,1574.92,1574.49,1574.9,35.08
1782901800000,1574.89,1575.17,1574.61,1574.61,47.75
1782901860000,1574.58,1574.91,1574.1,1574.22,34.21
1782901920000,1574.21,1574.97,1574.12,1574.7,23.87
1782901980000,1574.7,1575.2,1574.7,1575.2,30.7
1782902040000,1575.2,1575.23,1573.42,1573.95,21.28
1782902100000,1573.95,1574.3,1572.88,1573.33,59.83
1782902160000,1573.33,1573.46,1572.88,1573.39,25.06
1782902220000,1573.36,1574.69,1573.3,1574.44,56.55
1782902280000,1574.44,1574.67,1573.86,1573.89,122.89
1782902340000,1573.9,1574.17,1573.5,1573.5,33.92
1782902400000,1573.49,1574.07,1573.05,1574.05,44.83
1782902460000,1574.06,1574.22,1573.33,1573.62,28.03
1782902520000,1573.61,1573.62,1572.83,1573.02,100.65
1782902580000,1573.01,1573.06,1571.38,1572.11,113.3
1782902640000,1572.1,1572.36,1571.32,1571.66,119.93
1782902700000,1571.65,1573.15,1571.51,1573.13,216.96
1782902760000,1573.11,1573.15,1572.5,1572.96,80.61
1782902820000,1572.96,1573.61,1572.9,1573.61,53.72
1782902880000,1573.47,1573.86,1573.0,1573.59,77.49
1782902940000,1573.59,1573.98,1573.59,1573.72,99.91
1782903000000,1573.73,1573.84,1573.64,1573.74,24.47
1782903060000,1573.75,1573.83,1573.0,1573.6,155.92
1782903120000,1573.59,1574.07,1573.11,1573.81,49.21
1782903180000,1573.76,1574.02,1573.17,1573.63,38.63
1782903240000,1573.62,1573.72,1573.17,1573.39,33.33
1782903300000,1573.37,1573.42,1572.5,1573.18,69.91
1782903360000,1573.24,1573.87,1573.24,1573.87,33.32
1782903420000,1573.87,1574.05,1573.56,1573.89,21.87
1782903480000,1573.92,1573.92,1573.23,1573.41,64.3
1782903540000,1573.42,1573.42,1572.58,1572.67,28.27
1782903600000,1572.72,1573.02,1570.85,1572.03,189.26
1782903660000,1572.17,1572.61,1569.89,1570.96,307.99
1782903720000,1570.97,1572.13,1570.3,1571.96,244.15
1782903780000,1571.96,1573.81,1571.89,1572.0,95.95
1782903840000,1572.0,1572.6,1571.29,1572.5,115.39
1782903900000,1572.5,1573.45,1572.21,1572.36,74.12
1782903960000,1572.36,1573.09,1572.23,1572.46,80.18
1782904020000,1572.46,1573.47,1572.46,1573.47,35.5
1782904080000,1573.46,1574.33,1572.22,1572.57,224.02
1782904140000,1572.58,1572.76,1572.21,1572.45,48.66
1782904200000,1572.46,1573.41,1572.16,1573.3,60.48
1782904260000,1573.31,1575.0,1573.3,1573.82,103.3
1782904320000,1573.81,1574.79,1573.55,1573.96,77.18
1782904380000,1573.95,1574.33,1573.69,1574.05,27.76
1782904440000,1574.05,1574.47,1573.84,1573.92,103.49
1782904500000,1573.89,1574.19,1573.63,1573.69,80.18
1782904560000,1573.7,1573.73,1572.68,1572.95,72.21
1782904620000,1572.97,1573.54,1572.41,1573.2,47.21
1782904680000,1573.11,1575.19,1572.72,1574.85,69.18
1782904740000,1574.85,1575.25,1573.39,1573.45,184.84
1782904800000,1573.45,1573.7,1573.15,1573.15,32.85
1782904860000,1573.15,1573.62,1572.99,1573.43,27.48
1782904920000,1573.42,1573.7,1573.02,1573.03,31.38
1782904980000,1573.02,1573.36,1572.06,1572.09,37.96
1782905040000,1572.09,1573.24,1572.04,1573.02,22.29
1782905100000,1572.98,1573.64,1572.39,1573.56,20.12
1782905160000,1573.55,1573.76,1572.59,1572.6,55.2
1782905220000,1572.59,1572.98,1572.48,1572.5,46.07
1782905280000,1572.5,1572.54,1572.02,1572.02,68.33
1782905340000,1572.01,1572.7,1571.96,1572.05,35.7
1782905400000,1572.06,1572.74,1571.6,1572.6,169.22
1782905460000,1572.59,1572.97,1572.04,1572.49,74.02
1782905520000,1572.5,1572.71,1571.31,1571.58,42.28
1782905580000,1571.58,1572.09,1570.73,1570.73,46.83
1782905640000,1570.71,1570.88,1570.0,1570.52,136.45
1782905700000,1570.53,1572.06,1570.52,1572.04,99.88
1782905760000,1572.02,1572.72,1571.7,1572.67,48.07
1782905820000,1572.68,1572.71,1572.12,1572.45,105.12
1782905880000,1572.47,1573.13,1572.02,1572.58,48.7
1782905940000,1572.5,1572.5,1571.1,1571.83,56.69
1782906000000,1571.84,1571.95,1571.18,1571.79,52.13
1782906060000,1571.79,1572.16,1570.62,1570.62,59.46
1782906120000,1570.62,1572.28,1570.26,1571.85,322.64
1782906180000,1571.82,1572.26,1571.07,1572.16,62.41
1782906240000,1572.16,1572.6,1571.96,1572.48,65.6
1782906300000,1572.47,1572.99,1572.43,1572.79,95.69
1782906360000,1572.79,1573.22,1572.47,1573.22,212.36
1782906420000,1573.21,1573.32,1572.06,1572.06,93.06
1782906480000,1572.06,1572.54,1571.02,1571.25,97.55
1782906540000,1571.24,1571.56,1570.98,1571.35,63.6
1782906600000,1571.11,1571.21,1570.94,1571.13,94.04
1782906660000,1571.12,1571.44,1570.59,1570.68,58.11
1782906720000,1570.66,1571.42,1570.51,1571.06,56.43
1782906780000,1571.05,1571.26,1570.25,1570.51,43.98
1782906840000,1570.51,1570.68,1569.54,1569.55,274.49
1782906900000,1569.55,1569.9,1568.96,1568.96,119.03
1782906960000,1568.96,1569.01,1566.28,1567.97,1663.63
1782907020000,1567.89,1568.87,1567.29,1568.74,244.31
1782907080000,1568.76,1569.6,1568.75,1569.22,142.26
1782907140000,1569.21,1569.51,1569.09,1569.1,38.59
1782907200000,1569.09,1572.08,1569.09,1569.96,459.09
1782907260000,1569.97,1570.25,1568.03,1569.27,81.39
1782907320000,1569.28,1569.81,1567.98,1568.09,132.04
1782907380000,1568.04,1568.34,1567.45,1567.77,124.35
1782907440000,1567.81,1567.81,1566.89,1567.15,252.14
1782907500000,1567.15,1568.14,1567.01,1568.13,102.12
1782907560000,1568.13,1568.14,1567.71,1567.82,35.13
1782907620000,1567.75,1567.92,1565.6,1566.15,196.91
1782907680000,1566.08,1567.15,1565.93,1567.01,250.76
1782907740000,1567.01,1569.03,1567.0,1568.39,123.05
1782907800000,1568.39,1570.35,1568.35,1569.14,127.81
1782907860000,1569.17,1569.36,1566.05,1566.05,304.29
1782907920000,1566.1,1567.49,1566.05,1566.83,88.63
1782907980000,1566.84,1567.35,1566.57,1567.35,70.72
1782908040000,1567.35,1567.55,1566.3,1567.44,39.01
1782908100000,1567.44,1570.49,1567.43,1570.04,406.45
1782908160000,1570.04,1570.35,1569.62,1570.2,113.67
1782908220000,1570.19,1570.2,1568.19,1569.05,79.92
1782908280000,1569.06,1569.27,1568.25,1569.18,51.55
1782908340000,1569.2,1569.77,1568.98,1569.57,44.18
1782908400000,1569.56,1569.6,1568.71,1569.15,44.62
1782908460000,1569.14,1569.33,1568.94,1569.05,38.43
1782908520000,1569.06,1569.15,1568.48,1568.94,47.18
1782908580000,1568.93,1569.62,1568.9,1569.31,67.96
1782908640000,1569.31,1570.5,1568.82,1570.49,69.51
1782908700000,1570.47,1570.47,1569.5,1569.51,53.96
1782908760000,1569.52,1570.3,1569.2,1569.96,45.83
1782908820000,1569.97,1570.94,1569.97,1570.93,66.88
1782908880000,1570.93,1571.32,1570.43,1570.52,57.03
1782908940000,1570.53,1570.53,1569.56,1569.56,36.16
1782909000000,1569.55,1569.55,1567.33,1567.57,112.2
1782909060000,1567.58,1569.47,1567.57,1569.3,120.68
1782909120000,1569.3,1569.31,1567.61,1568.51,174.7
1782909180000,1568.53,1570.8,1568.12,1570.7,162.48
1782909240000,1570.68,1570.68,1565.93,1566.6,63.3
1782909300000,1566.49,1567.88,1565.5,1567.23,70.92
1782909360000,1567.22,1567.65,1566.37,1566.41,32.05
1782909420000,1566.33,1567.21,1566.1,1566.18,35.16
1782909480000,1566.18,1567.58,1566.18,1567.11,35.04
1782909540000,1567.1,1567.11,1566.29,1566.67,169.43
1782909600000,1566.67,1566.81,1565.75,1566.39,59.91
1782909660000,1566.59,1567.98,1566.5,1567.95,72.16
1782909720000,1567.96,1567.96,1565.61,1565.84,197.71
1782909780000,1565.84,1566.58,1565.53,1566.39,69.18
1782909840000,1566.39,1567.01,1566.1,1566.78,97.68
1782909900000,1566.79,1567.12,1566.42,1566.77,38.32
1782909960000,1566.77,1567.16,1566.55,1567.02,22.4
1782910020000,1567.01,1567.11,1566.44,1566.63,27.81
1782910080000,1566.63,1566.68,1564.69,1565.61,403.79
1782910140000,1565.62,1566.6,1565.0,1566.42,97.6
1782910200000,1566.56,1568.15,1566.3,1567.73,103.02
1782910260000,1567.77,1567.92,1565.79,1567.44,157.34
1782910320000,1567.43,1567.44,1565.76,1566.4,46.03
1782910380000,1566.42,1566.97,1564.87,1564.91,93.03
1782910440000,1564.92,1567.04,1564.92,1566.99,214.53
1782910500000,1566.99,1568.61,1566.99,1568.35,224.24
1782910560000,1568.32,1568.71,1567.75,1568.27,239.95
1782910620000,1568.27,1568.9,1567.88,1568.76,331.49
1782910680000,1568.65,1568.67,1567.63,1568.27,329.14
1782910740000,1568.33,1569.58,1568.33,1569.45,96.19
1782910800000,1569.46,1571.63,1568.27,1571.02,364.27
1782910860000,1571.01,1573.82,1570.33,1573.6,971.81
1782910920000,1573.54,1574.81,1572.68,1574.22,247.57
1782910980000,1574.21,1574.61,1571.6,1572.07,321.73
1782911040000,1572.07,1573.03,1571.3,1571.59,860.4
1782911100000,1571.56,1572.04,1571.5,1571.83,81.47
1782911160000,1571.83,1572.12,1571.14,1571.19,154.03
1782911220000,1571.19,1571.19,1569.9,1570.28,110.33
1782911280000,1570.29,1570.75,1569.91,1570.1,40.44
1782911340000,1570.09,1570.9,1570.02,1570.68,43.34
1782911400000,1570.68,1571.71,1570.6,1571.71,81.87
1782911460000,1571.71,1572.83,1571.38,1572.83,208.76
1782911520000,1572.84,1573.2,1572.37,1572.68,73.76
1782911580000,1572.71,1573.26,1572.23,1572.8,72.73
1782911640000,1572.81,1572.87,1572.29,1572.64,122.31
1782911700000,1572.64,1573.88,1572.64,1572.89,99.87
1782911760000,1572.89,1573.37,1572.54,1572.98,82.73
1782911820000,1572.97,1575.45,1572.84,1574.75,328.95
1782911880000,1574.75,1575.21,1574.01,1574.02,124.39
1782911940000,1574.01,1574.02,1571.66,1572.0,122.33
1782912000000,1571.99,1573.26,1571.84,1573.23,124.23
1782912060000,1573.23,1576.65,1573.13,1576.17,672.78
1782912120000,1576.18,1577.48,1575.56,1577.34,760.53
1782912180000,1577.34,1578.39,1576.86,1576.9,586.79
1782912240000,1576.83,1576.99,1576.36,1576.36,274.52
1782912300000,1576.36,1576.36,1574.17,1574.31,1163.62
1782912360000,1574.3,1575.67,1574.24,1575.66,231.62
1782912420000,1575.64,1576.61,1575.55,1576.53,88.1
1782912480000,1576.53,1577.01,1576.12,1576.64,48.67
1782912540000,1576.64,1578.77,1575.78,1577.61,77.23
1782912600000,1577.5,1577.5,1569.18,1574.22,1274.73
1782912660000,1574.7,1574.83,1571.68,1574.47,266.81
1782912720000,1574.51,1577.87,1574.5,1575.71,272.15
1782912780000,1575.37,1575.38,1572.51,1573.5,102.26
1782912840000,1573.53,1576.11,1573.24,1575.84,199.25
1782912900000,1575.87,1577.2,1574.34,1575.09,212.24
1782912960000,1575.11,1576.77,1574.63,1575.59,125.76
1782913020000,1575.6,1580.8,1575.6,1577.75,619.59
1782913080000,1577.68,1579.0,1576.26,1579.0,495.33
1782913140000,1579.17,1579.36,1577.01,1577.39,108.35
1782913200000,1577.45,1581.03,1576.58,1580.93,488.3
1782913260000,1580.95,1582.14,1579.58,1580.1,743.97
1782913320000,1580.1,1580.75,1579.27,1580.04,170.34
1782913380000,1580.03,1580.96,1579.12,1580.1,152.43
1782913440000,1580.11,1581.7,1580.07,1581.24,261.55
1782913500000,1581.01,1583.99,1579.39,1583.69,600.26
1782913560000,1583.71,1587.57,1583.55,1587.19,1352.23
1782913620000,1587.19,1589.6,1586.73,1588.01,896.94
1782913680000,1588.0,1594.32,1587.67,1590.55,1490.14
1782913740000,1590.43,1594.33,1588.78,1592.15,822.08
1782913800000,1592.13,1593.15,1590.22,1591.74,586.44
1782913860000,1591.55,1595.55,1591.33,1593.94,788.11
1782913920000,1593.93,1595.43,1593.06,1595.33,387.27
1782913980000,1595.33,1596.58,1592.61,1592.61,726.81
1782914040000,1592.61,1593.39,1591.02,1592.96,643.77
1782914100000,1592.94,1597.39,1592.34,1596.02,567.02
1782914160000,1596.01,1596.36,1593.34,1594.52,329.28
1782914220000,1594.49,1595.62,1593.18,1594.71,363.49
1782914280000,1594.71,1595.65,1593.86,1594.8,128.79
1782914340000,1594.8,1596.96,1593.89,1596.54,524.56
1782914400000,1596.37,1596.99,1593.8,1594.41,642.55
1782914460000,1594.38,1594.6,1590.62,1592.05,1856.48
1782914520000,1592.0,1592.78,1590.51,1591.07,814.05
1782914580000,1591.08,1593.8,1591.07,1593.8,427.86
1782914640000,1593.79,1594.45,1592.62,1593.11,98.82
1782914700000,1593.08,1593.71,1590.83,1592.83,461.73
1782914760000,1592.76,1593.17,1591.0,1593.03,271.84
1782914820000,1593.01,1593.72,1591.75,1593.66,122.23
1782914880000,1593.56,1595.32,1593.54,1594.29,164.75
1782914940000,1594.3,1597.71,1594.3,1595.81,503.2
1782915000000,1595.67,1604.88,1595.4,1602.76,2703.91
1782915060000,1602.7,1605.83,1602.23,1605.56,1454.18
1782915120000,1605.32,1606.82,1603.89,1606.48,1052.26
1782915180000,1606.44,1609.79,1605.62,1609.74,657.66
1782915240000,1609.75,1612.59,1609.71,1612.37,1130.97
1782915300000,1612.42,1615.37,1610.59,1610.59,1385.47
1782915360000,1610.57,1612.75,1608.98,1612.15,1216.26
1782915420000,1611.97,1614.99,1611.68,1614.99,516.42
1782915480000,1614.99,1617.0,1613.4,1613.94,1302.64
1782915540000,1613.99,1613.99,1611.54,1612.68,1117.92
1782915600000,1612.68,1615.49,1611.86,1612.53,464.51
1782915660000,1612.5,1614.21,1611.21,1613.43,634.77
1782915720000,1613.38,1613.69,1611.39,1611.48,201.53
1782915780000,1611.57,1612.57,1611.44,1611.75,1089.66
1782915840000,1611.61,1611.71,1610.15,1611.05,542.04
1782915900000,1610.97,1611.98,1609.26,1609.3,554.02
1782915960000,1609.29,1609.63,1607.73,1607.74,411.4
1782916020000,1607.69,1607.89,1604.63,1605.25,2335.09
1782916080000,1605.16,1605.16,1603.66,1604.37,1282.93
1782916140000,1604.37,1605.94,1604.37,1604.94,342.53
1782916200000,1604.94,1606.43,1601.82,1602.0,811.39
1782916260000,1601.96,1603.96,1601.96,1603.56,419.07
1782916320000,1603.56,1603.88,1602.3,1602.73,227.56
1782916380000,1602.81,1602.82,1597.52,1597.52,610.82
1782916440000,1597.53,1599.92,1594.52,1599.4,1081.89
1782916500000,1599.46,1602.45,1597.29,1597.29,1104.3
1782916560000,1597.61,1598.62,1596.13,1598.6,756.43
1782916620000,1598.61,1600.6,1597.93,1598.48,275.52
1782916680000,1598.49,1600.86,1597.92,1599.92,474.83
1782916740000,1599.91,1602.12,1599.55,1601.89,406.97
1782916800000,1601.93,1602.38,1599.69,1600.78,952.5
1782916860000,1600.72,1600.79,1599.16,1599.69,209.32
1782916920000,1599.69,1600.78,1599.29,1599.89,203.25
1782916980000,1599.94,1600.97,1599.91,1600.52,94.55
1782917040000,1600.49,1601.18,1597.37,1598.06,343.0
1782917100000,1597.97,1597.97,1595.01,1595.06,417.58
1782917160000,1595.15,1595.5,1590.52,1593.05,1302.05
1782917220000,1593.08,1596.73,1593.02,1595.83,257.31
1782917280000,1595.84,1599.11,1595.55,1598.78,304.86
1782917340000,1598.78,1600.61,1598.11,1598.63,239.84
1782917400000,1598.82,1599.76,1598.51,1599.48,149.19
1782917460000,1599.6,1601.83,1599.47,1600.82,303.74
1782917520000,1600.81,1600.81,1599.14,1600.13,511.57
1782917580000,1600.13,1601.76,1600.12,1601.36,237.88
1782917640000,1601.36,1601.44,1599.33,1599.83,55.81
1782917700000,1599.82,1599.95,1596.98,1597.1,236.42
1782917760000,1597.11,1599.6,1596.71,1599.6,210.13
1782917820000,1600.0,1600.2,1599.0,1599.03,39.98
1782917880000,1599.03,1599.19,1598.42,1598.51,179.66
1782917940000,1598.51,1600.45,1598.51,1600.44,177.18
1782918000000,1600.44,1601.65,1600.16,1601.05,271.94
1782918060000,1601.05,1602.67,1600.55,1602.53,204.77
1782918120000,1602.54,1606.93,1602.47,1606.77,1175.72
1782918180000,1606.7,1608.51,1606.36,1607.33,386.19
1782918240000,1607.41,1608.5,1606.4,1608.34,155.21
1782918300000,1608.27,1609.86,1607.03,1608.63,370.11
1782918360000,1608.69,1614.68,1608.35,1614.68,1350.26
1782918420000,1614.43,1615.75,1613.17,1613.47,456.33
1782918480000,1613.26,1613.26,1608.16,1609.19,1424.69
1782918540000,1609.19,1609.73,1608.01,1608.73,452.45
1782918600000,1608.74,1610.13,1608.13,1610.07,247.02
1782918660000,1610.06,1610.66,1609.07,1609.98,148.04
1782918720000,1609.99,1611.21,1608.67,1610.72,474.59
1782918780000,1610.73,1611.31,1610.33,1611.08,296.02
1782918840000,1611.08,1612.15,1610.12,1610.77,300.37
1782918900000,1610.75,1611.55,1609.78,1610.25,278.55
1782918960000,1610.25,1610.75,1608.54,1608.6,303.03
1782919020000,1608.59,1609.03,1607.9,1608.6,200.15
1782919080000,1608.58,1608.69,1607.57,1608.51,274.15
1782919140000,1608.51,1609.29,1608.16,1608.88,88.66
1782919200000,1608.91,1612.07,1608.91,1611.23,169.46
1782919260000,1611.22,1614.44,1611.21,1613.16,404.78
1782919320000,1613.08,1615.25,1612.0,1614.74,973.77
1782919380000,1614.75,1628.99,1614.2,1628.87,3562.56
1782919440000,1628.92,1630.51,1626.76,1627.41,1214.31
1782919500000,1627.39,1629.26,1623.29,1625.4,964.4
1782919560000,1625.37,1625.37,1622.81,1624.52,657.15
1782919620000,1624.5,1626.94,1623.91,1623.91,332.24
1782919680000,1623.92,1624.48,1622.82,1622.94,484.91
1782919740000,1622.95,1623.57,1622.5,1623.09,414.97
1782919800000,1623.09,1625.17,1623.09,1625.13,445.42
1782919860000,1625.12,1626.41,1623.75,1626.27,448.88
1782919920000,1626.26,1626.27,1621.84,1622.24,551.0
1782919980000,1622.23,1623.11,1621.51,1622.9,744.13
1782920040000,1622.91,1623.0,1621.53,1621.97,111.07
1782920100000,1621.97,1623.0,1621.1,1621.4,280.15
1782920160000,1621.39,1622.79,1620.77,1622.77,493.38
1782920220000,1622.77,1622.96,1620.24,1620.3,306.09
1782920280000,1620.32,1621.11,1619.46,1619.96,626.89
1782920340000,1619.95,1621.29,1619.95,1620.54,112.14
1782920400000,1620.55,1621.14,1620.22,1621.13,274.47
1782920460000,1621.13,1622.45,1620.55,1622.05,177.15
1782920520000,1622.1,1622.5,1621.64,1622.36,136.17
1782920580000,1622.36,1622.74,1621.87,1621.98,337.79
1782920640000,1621.98,1622.13,1621.46,1621.85,327.98
1782920700000,1621.84,1622.23,1620.92,1621.14,346.08
1782920760000,1621.15,1621.38,1620.15,1620.36,154.63
1782920820000,1620.35,1621.98,1620.35,1621.97,425.73
1782920880000,1621.97,1621.98,1620.03,1620.41,67.06
1782920940000,1620.4,1620.4,1618.41,1618.67,413.77
1782921000000,1618.83,1619.54,1616.88,1617.55,488.45
1782921060000,1617.54,1618.19,1616.63,1616.89,208.97
1782921120000,1616.9,1617.77,1616.67,1617.51,271.34
1782921180000,1617.51,1619.3,1617.16,1618.52,264.66
1782921240000,1618.52,1618.61,1616.75,1617.3,211.0
1782921300000,1617.29,1618.3,1617.21,1618.08,85.79
1782921360000,1618.09,1618.49,1618.08,1618.49,206.13
1782921420000,1618.49,1619.18,1618.49,1619.18,145.02
1782921480000,1619.17,1619.51,1619.02,1619.33,61.01
1782921540000,1619.33,1620.46,1619.05,1619.29,124.93
1782921600000,1619.26,1619.83,1617.67,1617.86,106.48
1782921660000,1617.87,1617.93,1615.23,1615.99,921.72
1782921720000,1616.0,1617.9,1615.99,1617.9,606.24
1782921780000,1617.9,1618.9,1617.89,1618.61,236.38
1782921840000,1618.61,1618.61,1615.77,1616.52,115.64
1782921900000,1616.52,1617.2,1615.0,1616.58,56.19
1782921960000,1616.59,1618.0,1616.5,1617.88,62.21
1782922020000,1617.88,1619.44,1617.87,1619.4,53.36
1782922080000,1619.4,1620.25,1618.81,1618.81,673.14
1782922140000,1618.82,1619.24,1617.01,1617.01,28.07
1782922200000,1617.01,1617.41,1616.23,1617.38,701.78
1782922260000,1617.38,1618.59,1617.37,1618.19,76.23
1782922320000,1618.18,1619.26,1618.18,1619.05,102.18
1782922380000,1619.06,1619.25,1618.41,1618.74,694.59
1782922440000,1618.73,1619.11,1618.04,1618.3,45.06
1782922500000,1618.3,1618.69,1618.01,1618.57,97.99
1782922560000,1618.57,1618.73,1617.65,1618.72,64.49
1782922620000,1618.73,1622.53,1618.72,1621.35,858.56
1782922680000,1621.25,1621.25,1619.14,1620.18,243.17
1782922740000,1620.18,1622.18,1620.18,1621.68,217.21
1782922800000,1621.68,1621.68,1619.81,1620.16,185.24
1782922860000,1620.15,1620.43,1617.5,1617.57,348.85
1782922920000,1617.56,1617.57,1614.25,1614.83,907.75
1782922980000,1614.83,1616.57,1614.83,1616.36,373.11
1782923040000,1616.35,1616.49,1615.46,1615.61,55.18
1782923100000,1615.61,1620.7,1615.32,1619.78,637.46
1782923160000,1619.74,1621.73,1619.61,1621.58,301.73
1782923220000,1621.59,1625.47,1620.47,1624.04,465.42
1782923280000,1624.04,1628.44,1623.41,1623.71,1032.89
1782923340000,1623.69,1624.02,1622.52,1622.54,377.81
1782923400000,1622.54,1622.97,1621.88,1622.4,302.76
1782923460000,1622.39,1623.0,1622.08,1622.72,50.11
1782923520000,1622.72,1623.36,1621.28,1622.05,481.89
1782923580000,1622.04,1622.04,1620.91,1620.96,203.74
1782923640000,1620.98,1621.48,1620.84,1621.38,154.16
1782923700000,1621.38,1621.38,1620.24,1620.41,100.06
1782923760000,1620.41,1620.5,1619.57,1619.69,156.59
1782923820000,1619.66,1620.38,1619.49,1620.08,121.37
1782923880000,1620.09,1620.13,1618.93,1619.44,246.21
1782923940000,1619.44,1619.6,1617.78,1617.94,296.07
1782924000000,1617.93,1618.27,1617.76,1617.85,129.56
1782924060000,1617.85,1617.94,1617.04,1617.44,66.07
1782924120000,1617.44,1618.0,1617.44,1617.85,59.25
1782924180000,1617.79,1618.1,1617.79,1617.9,48.33
1782924240000,1617.91,1618.62,1617.67,1618.61,60.24
1782924300000,1618.61,1618.62,1617.1,1617.16,72.52
1782924360000,1617.15,1618.12,1616.79,1618.12,63.84
1782924420000,1618.12,1618.66,1617.96,1617.96,82.74
1782924480000,1617.97,1617.97,1616.93,1616.96,150.72
1782924540000,1616.97,1617.43,1615.13,1615.71,120.37
1782924600000,1615.7,1616.81,1615.64,1616.8,123.19
1782924660000,1616.8,1616.9,1615.12,1615.49,185.32
1782924720000,1615.49,1615.49,1614.44,1614.45,117.42
1782924780000,1614.46,1614.62,1613.78,1613.98,308.62
1782924840000,1613.99,1614.3,1613.1,1614.08,198.06
1782924900000,1614.09,1614.29,1612.41,1612.57,386.21
1782924960000,1612.56,1612.98,1611.84,1612.89,445.08
1782925020000,1612.9,1613.25,1612.61,1613.07,43.59
1782925080000,1613.08,1614.23,1613.0,1613.81,88.24
1782925140000,1613.67,1614.02,1612.9,1613.89,201.92
1782925200000,1613.88,1614.14,1612.35,1612.49,143.05
1782925260000,1612.49,1613.22,1612.47,1612.55,92.33
1782925320000,1612.55,1612.68,1610.28,1610.37,391.16
1782925380000,1610.26,1611.37,1607.22,1607.78,604.13
1782925440000,1607.72,1609.56,1607.11,1608.85,555.13
1782925500000,1608.9,1608.91,1607.67,1607.95,471.52
1782925560000,1607.94,1608.11,1606.44,1607.97,559.72
1782925620000,1607.99,1609.39,1607.99,1609.18,556.89
1782925680000,1609.17,1610.08,1608.38,1609.63,520.98
1782925740000,1609.63,1611.07,1609.62,1610.96,143.9
1782925800000,1610.96,1611.69,1610.37,1610.5,176.56
1782925860000,1610.22,1611.12,1609.33,1610.97,149.32
1782925920000,1610.9,1612.43,1610.52,1612.43,316.36
1782925980000,1612.45,1613.44,1611.74,1612.06,416.36
1782926040000,1612.06,1612.7,1612.01,1612.58,223.4
1782926100000,1612.57,1613.42,1612.56,1613.1,302.74
1782926160000,1613.2,1614.97,1613.17,1613.41,311.94
1782926220000,1613.41,1613.46,1613.0,1613.04,334.24
1782926280000,1613.03,1614.84,1613.03,1614.72,162.27
1782926340000,1614.81,1618.63,1614.5,1618.1,1646.26
1782926400000,1618.11,1621.3,1617.21,1619.98,1210.12
1782926460000,1619.99,1619.99,1617.93,1618.47,1277.73
1782926520000,1618.47,1619.92,1618.43,1619.9,218.96
1782926580000,1619.92,1621.01,1619.53,1620.81,298.13
1782926640000,1620.81,1621.48,1620.05,1621.01,176.07
1782926700000,1621.0,1621.55,1620.94,1621.41,395.96
1782926760000,1621.41,1624.38,1621.36,1621.68,647.85
1782926820000,1621.68,1621.7,1620.83,1621.16,752.58
1782926880000,1621.15,1621.25,1620.73,1620.92,119.12
1782926940000,1620.92,1622.03,1620.52,1621.9,217.56
1782927000000,1621.9,1622.58,1620.86,1622.14,317.66
1782927060000,1622.08,1622.33,1621.13,1621.87,315.48
1782927120000,1621.88,1622.08,1618.29,1618.36,421.76
1782927180000,1618.37,1619.51,1618.26,1619.16,224.05
1782927240000,1619.16,1620.97,1619.15,1620.97,66.14
1782927300000,1620.97,1621.62,1619.72,1621.44,73.0
1782927360000,1621.42,1622.0,1621.06,1622.0,54.36
1782927420000,1622.17,1624.12,1622.06,1623.01,332.23
1782927480000,1623.03,1623.36,1622.08,1622.55,57.02
1782927540000,1622.54,1623.17,1621.56,1622.18,230.21
1782927600000,1622.23,1623.12,1621.89,1622.32,245.88
1782927660000,1622.26,1622.26,1620.52,1621.1,76.09
1782927720000,1621.11,1621.53,1621.0,1621.07,40.14
1782927780000,1621.07,1621.74,1620.83,1621.53,58.81
1782927840000,1621.54,1621.66,1620.53,1620.62,108.15
1782927900000,1620.57,1622.05,1620.56,1622.04,51.93
1782927960000,1622.04,1622.07,1621.02,1621.48,37.68
1782928020000,1621.48,1622.1,1621.23,1621.6,36.12
1782928080000,1621.6,1622.22,1621.27,1622.03,31.68
1782928140000,1622.02,1622.39,1619.62,1621.37,179.93
1782928200000,1621.37,1621.77,1620.93,1621.19,28.99
1782928260000,1621.21,1623.47,1621.2,1622.16,210.94
1782928320000,1622.16,1623.27,1622.12,1623.27,90.61
1782928380000,1623.29,1624.13,1623.03,1624.02,119.78
1782928440000,1624.02,1624.02,1622.29,1623.01,65.01
1782928500000,1623.01,1623.33,1622.21,1623.2,66.62
1782928560000,1623.21,1623.6,1622.9,1623.58,141.38
1782928620000,1623.58,1623.6,1622.43,1622.91,292.36
1782928680000,1622.91,1623.58,1622.59,1622.65,43.92
1782928740000,1622.65,1622.66,1621.65,1622.2,40.82
1782928800000,1622.2,1622.6,1621.25,1621.84,47.81
1782928860000,1621.84,1622.56,1621.56,1622.03,48.16
1782928920000,1621.9,1622.59,1621.71,1621.72,63.18
1782928980000,1621.73,1622.64,1621.69,1622.59,379.8
1782929040000,1622.58,1623.9,1622.34,1623.82,648.22
1782929100000,1623.81,1623.82,1622.38,1623.01,36.85
1782929160000,1623.0,1623.33,1619.34,1619.67,522.1
1782929220000,1619.76,1620.52,1618.82,1618.89,323.32
1782929280000,1618.88,1619.11,1618.0,1618.98,263.42
1782929340000,1618.98,1620.32,1618.84,1620.3,313.77
1782929400000,1620.31,1620.76,1617.13,1617.51,445.71
1782929460000,1617.58,1618.06,1616.46,1616.52,184.17
1782929520000,1616.53,1617.69,1616.53,1617.62,274.02
1782929580000,1617.62,1618.34,1617.61,1618.27,80.8
1782929640000,1618.3,1619.13,1618.15,1619.02,92.42
1782929700000,1618.94,1618.94,1617.65,1618.66,38.42
1782929760000,1618.67,1619.13,1618.35,1619.13,40.62
1782929820000,1619.13,1622.22,1619.12,1620.8,885.38
1782929880000,1620.61,1621.13,1619.45,1620.17,71.09
1782929940000,1620.17,1622.01,1620.17,1621.92,107.68
1782930000000,1621.87,1621.87,1619.59,1619.65,91.82
1782930060000,1619.65,1619.65,1618.57,1619.45,413.25
1782930120000,1619.45,1620.0,1619.34,1619.95,67.53
1782930180000,1619.95,1620.09,1618.11,1618.62,223.74
1782930240000,1618.61,1619.24,1618.56,1619.04,28.33
1782930300000,1619.04,1619.42,1618.56,1619.33,26.58
1782930360000,1619.34,1619.34,1618.08,1618.68,36.69
1782930420000,1618.68,1619.18,1618.43,1618.59,38.12
1782930480000,1618.6,1618.7,1618.43,1618.45,20.9
1782930540000,1618.45,1618.76,1616.6,1617.21,278.1
1782930600000,1617.2,1617.7,1614.76,1615.13,319.74
1782930660000,1615.12,1617.4,1613.16,1617.36,241.67
1782930720000,1617.36,1617.48,1615.0,1615.6,439.47
1782930780000,1615.59,1616.79,1615.58,1616.24,51.43
1782930840000,1616.24,1616.99,1616.24,1616.93,37.93
1782930900000,1616.92,1619.65,1616.69,1619.43,454.7
1782930960000,1619.36,1619.47,1618.22,1618.91,60.67
1782931020000,1618.91,1619.61,1617.93,1618.47,69.5
1782931080000,1618.52,1618.73,1617.52,1618.44,85.7
1782931140000,1618.45,1619.32,1618.05,1618.88,57.73
1782931200000,1618.87,1618.93,1618.31,1618.48,29.69
1782931260000,1618.48,1618.53,1618.06,1618.4,33.28
1782931320000,1618.39,1618.51,1617.23,1617.62,31.55
1782931380000,1617.58,1618.35,1617.51,1617.87,34.0
1782931440000,1617.87,1619.03,1617.43,1619.02,243.12
1782931500000,1619.02,1619.22,1617.29,1617.73,29.76
1782931560000,1617.71,1617.82,1616.76,1616.83,48.43
1782931620000,1616.82,1616.82,1614.76,1615.7,411.94
1782931680000,1615.7,1616.5,1614.34,1616.42,116.02
1782931740000,1616.45,1617.26,1616.32,1616.78,60.9
1782931800000,1616.78,1618.76,1616.74,1617.83,174.9
1782931860000,1617.83,1618.03,1616.61,1616.88,44.24
1782931920000,1616.77,1616.79,1614.01,1614.23,96.72
1782931980000,1614.23,1614.28,1613.16,1613.46,90.91
1782932040000,1613.44,1613.69,1611.15,1612.58,493.32
1782932100000,1612.6,1614.17,1612.6,1613.83,353.77
1782932160000,1613.83,1615.47,1613.83,1614.98,187.78
1782932220000,1614.99,1614.99,1614.2,1614.78,106.08
1782932280000,1614.78,1615.63,1614.76,1615.24,182.01
1782932340000,1615.24,1615.99,1615.23,1615.83,93.05
1782932400000,1615.82,1617.26,1615.69,1616.66,43.02
1782932460000,1616.64,1617.36,1616.26,1617.28,78.88
1782932520000,1617.3,1620.78,1617.3,1620.43,476.75
1782932580000,1620.43,1621.07,1619.62,1620.22,281.97
1782932640000,1620.21,1620.68,1619.69,1620.27,555.2
1782932700000,1620.34,1621.58,1620.34,1620.56,115.09
1782932760000,1620.6,1620.65,1620.07,1620.3,58.72
1782932820000,1620.3,1620.41,1619.2,1619.79,38.69
1782932880000,1619.78,1620.36,1619.5,1620.36,189.56
1782932940000,1620.37,1621.59,1620.22,1621.56,149.89
1782933000000,1621.57,1621.75,1620.72,1621.04,54.96
1782933060000,1621.04,1621.05,1619.92,1620.18,21.76
1782933120000,1620.19,1620.95,1620.1,1620.95,110.89
1782933180000,1620.96,1621.88,1620.96,1621.61,231.77
1782933240000,1621.61,1622.02,1621.48,1621.83,80.54
1782933300000,1621.83,1622.22,1620.96,1621.67,234.23
1782933360000,1621.67,1623.27,1621.66,1622.88,84.76
1782933420000,1622.89,1622.89,1621.56,1621.73,128.53
1782933480000,1621.73,1622.56,1621.61,1621.97,127.72
1782933540000,1621.98,1622.4,1621.26,1621.97,69.73
1782933600000,1621.94,1621.94,1620.39,1620.61,33.06
1782933660000,1620.61,1620.78,1620.2,1620.64,43.4
1782933720000,1620.64,1621.46,1620.5,1621.33,150.9
1782933780000,1621.33,1621.58,1620.64,1620.69,51.53
1782933840000,1620.69,1620.89,1620.25,1620.44,168.52
1782933900000,1620.43,1620.45,1616.28,1616.47,545.89
1782933960000,1616.61,1617.46,1616.46,1617.39,341.73
1782934020000,1617.4,1617.73,1617.37,1617.39,74.09
1782934080000,1617.38,1618.31,1617.38,1617.68,30.34
1782934140000,1617.67,1618.1,1617.67,1617.96,19.85
1782934200000,1617.97,1619.91,1617.92,1619.61,189.92
1782934260000,1619.66,1620.05,1619.19,1620.04,164.83
1782934320000,1620.05,1620.51,1619.13,1620.51,47.77
1782934380000,1620.5,1620.56,1619.58,1620.46,29.28
1782934440000,1620.46,1621.37,1620.13,1621.05,55.99
1782934500000,1621.05,1621.05,1619.3,1619.41,90.73
1782934560000,1619.42,1619.64,1618.93,1619.47,200.72
1782934620000,1619.47,1620.22,1619.46,1620.01,30.54
1782934680000,1620.02,1620.74,1619.97,1620.08,131.42
1782934740000,1620.08,1620.08,1619.48,1619.55,36.22
1782934800000,1619.55,1619.92,1618.5,1618.51,51.02
1782934860000,1618.51,1619.41,1616.69,1616.7,31.44
1782934920000,1616.7,1617.64,1615.59,1617.48,78.8
1782934980000,1617.48,1617.99,1616.28,1617.93,36.8
1782935040000,1617.94,1618.86,1617.73,1618.74,124.99
1782935100000,1618.74,1618.74,1617.05,1617.17,46.55
1782935160000,1617.17,1617.32,1616.16,1616.71,77.77
1782935220000,1616.73,1617.12,1616.11,1617.12,42.44
1782935280000,1617.11,1618.03,1617.0,1617.26,104.95
1782935340000,1617.28,1617.58,1616.34,1617.17,50.28
1782935400000,1617.28,1618.83,1617.0,1617.73,189.71
1782935460000,1617.73,1617.8,1616.11,1616.18,48.59
1782935520000,1616.18,1616.83,1615.85,1616.69,51.41
1782935580000,1616.71,1617.95,1616.46,1617.77,31.01
1782935640000,1617.78,1617.94,1616.95,1617.3,37.59
1782935700000,1616.97,1616.97,1615.91,1616.11,52.07
1782935760000,1615.88,1616.08,1615.01,1615.01,58.59
1782935820000,1615.0,1615.0,1614.28,1614.8,59.49
1782935880000,1614.8,1614.87,1613.75,1614.51,67.65
1782935940000,1614.55,1617.43,1614.54,1617.26,229.2
1782936000000,1617.24,1617.24,1614.94,1615.57,29.74
1782936060000,1615.51,1615.77,1613.35,1613.53,73.46
1782936120000,1613.44,1613.83,1612.73,1613.42,295.35
1782936180000,1613.42,1614.31,1613.07,1613.58,190.5
1782936240000,1613.58,1613.7,1612.73,1613.05,39.21
1782936300000,1613.09,1613.48,1611.74,1611.76,62.44
1782936360000,1611.75,1613.5,1611.75,1613.04,68.26
1782936420000,1613.03,1614.65,1612.86,1614.65,53.36
1782936480000,1614.68,1614.68,1613.63,1613.72,27.51
1782936540000,1613.73,1613.73,1612.08,1612.17,179.02
1782936600000,1612.09,1612.13,1611.6,1612.05,45.96
1782936660000,1612.06,1612.06,1611.39,1611.72,80.69
1782936720000,1611.6,1612.16,1611.39,1611.87,87.38
1782936780000,1611.87,1616.19,1611.86,1616.18,164.09
1782936840000,1616.2,1617.5,1615.81,1615.82,259.48
1782936900000,1615.83,1617.55,1611.33,1611.34,1968.38
1782936960000,1611.34,1611.73,1610.94,1611.02,51.49
1782937020000,1611.01,1611.22,1610.65,1610.77,130.84
1782937080000,1610.76,1610.87,1609.54,1609.91,197.91
1782937140000,1609.91,1611.47,1609.53,1611.16,71.03
1782937200000,1611.17,1611.47,1611.07,1611.43,92.13
1782937260000,1611.61,1613.58,1611.61,1613.42,392.7
1782937320000,1613.43,1614.94,1613.34,1614.6,29.89
1782937380000,1614.6,1614.63,1614.0,1614.06,154.31
1782937440000,1614.03,1614.66,1614.0,1614.2,30.02
1782937500000,1614.2,1615.4,1614.2,1614.93,39.1
1782937560000,1614.87,1615.24,1614.57,1614.69,70.71
1782937620000,1614.65,1615.52,1614.54,1615.51,38.59
1782937680000,1615.39,1615.67,1614.76,1614.81,33.36
1782937740000,1614.82,1615.47,1614.26,1615.05,64.63
1782937800000,1615.04,1615.41,1614.58,1615.4,792.01
1782937860000,1615.39,1617.18,1615.1,1617.18,106.65
1782937920000,1617.19,1618.17,1616.43,1617.12,86.3
1782937980000,1617.13,1617.44,1616.07,1616.3,73.28
1782938040000,1616.3,1616.41,1616.13,1616.39,31.52
1782938100000,1616.39,1616.45,1615.22,1615.25,55.3
1782938160000,1615.26,1615.26,1613.9,1614.14,47.87
1782938220000,1614.15,1615.1,1614.14,1615.03,30.26
1782938280000,1615.03,1615.08,1614.83,1615.01,134.63
1782938340000,1615.0,1615.69,1615.0,1615.68,23.49
1782938400000,1615.68,1618.24,1615.68,1616.85,35.77
1782938460000,1616.86,1616.86,1615.81,1615.96,27.61
1782938520000,1615.96,1615.97,1615.13,1615.27,41.86
1782938580000,1615.27,1615.28,1614.7,1614.81,26.91
1782938640000,1614.81,1615.53,1614.8,1615.51,37.02
1782938700000,1615.52,1616.12,1615.52,1615.74,27.52
1782938760000,1615.73,1616.01,1615.66,1615.67,40.86
1782938820000,1615.67,1616.49,1615.49,1616.49,33.32
1782938880000,1616.49,1617.34,1616.18,1617.01,101.51
1782938940000,1617.01,1619.88,1616.99,1618.68,203.04
1782939000000,1618.54,1618.54,1616.71,1616.85,122.58
1782939060000,1616.86,1617.51,1616.62,1617.33,20.21
1782939120000,1617.34,1617.44,1617.09,1617.12,20.93
1782939180000,1617.12,1617.19,1616.26,1616.67,26.21
1782939240000,1616.68,1616.88,1616.59,1616.79,137.84
1782939300000,1616.79,1617.28,1616.61,1617.27,44.56
1782939360000,1617.28,1617.28,1616.89,1616.92,25.66
1782939420000,1616.93,1616.97,1616.5,1616.55,102.2
1782939480000,1616.56,1616.61,1616.42,1616.5,31.43
1782939540000,1616.51,1617.14,1616.51,1617.13,24.17
1782939600000,1617.14,1617.76,1617.13,1617.48,62.89
1782939660000,1617.48,1617.49,1616.8,1617.15,34.65
1782939720000,1617.14,1618.17,1617.14,1618.16,27.02
1782939780000,1618.17,1618.83,1618.16,1618.37,48.66
1782939840000,1618.37,1619.73,1618.36,1619.67,49.9
1782939900000,1619.69,1621.87,1619.48,1620.14,310.57
1782939960000,1620.15,1621.24,1619.17,1619.18,54.96
1782940020000,1619.17,1620.05,1618.77,1620.01,35.15
1782940080000,1620.02,1620.11,1619.38,1619.96,33.04
1782940140000,1619.96,1620.58,1619.42,1619.42,32.65
1782940200000,1619.42,1619.43,1618.25,1618.96,42.47
1782940260000,1618.93,1621.9,1618.82,1621.9,37.05
1782940320000,1621.79,1622.8,1621.25,1621.78,236.83
1782940380000,1621.78,1623.87,1620.52,1620.85,410.46
1782940440000,1620.86,1622.94,1620.49,1622.8,34.03
1782940500000,1622.75,1622.81,1621.1,1621.3,302.68
1782940560000,1621.31,1621.32,1620.5,1620.96,38.29
1782940620000,1620.96,1623.85,1620.96,1623.67,613.84
1782940680000,1623.62,1624.52,1621.77,1621.77,187.18
1782940740000,1621.77,1623.26,1621.3,1623.26,82.13
1782940800000,1623.26,1623.92,1622.37,1622.47,86.98
1782940860000,1622.44,1623.63,1622.3,1623.6,31.54
1782940920000,1623.61,1623.96,1622.89,1623.95,33.5
1782940980000,1623.96,1623.96,1621.5,1622.78,85.81
1782941040000,1622.86,1624.25,1622.86,1623.75,194.89
1782941100000,1623.73,1623.83,1622.13,1623.83,55.97
1782941160000,1623.82,1626.71,1622.74,1623.33,922.54
1782941220000,1623.33,1623.88,1622.82,1623.84,74.38
1782941280000,1623.83,1625.43,1623.72,1624.92,570.06
1782941340000,1624.91,1625.04,1623.4,1623.58,218.45
1782941400000,1623.59,1624.88,1623.58,1624.64,258.83
1782941460000,1624.64,1626.08,1624.54,1626.08,541.89
1782941520000,1626.16,1627.67,1625.53,1627.2,505.44
1782941580000,1627.21,1628.38,1625.63,1628.08,779.54
1782941640000,1628.08,1629.73,1627.1,1629.45,581.66
1782941700000,1629.43,1629.43,1627.4,1627.89,250.04
1782941760000,1627.89,1627.9,1626.84,1627.67,110.2
1782941820000,1627.66,1627.85,1626.4,1626.52,74.62
1782941880000,1626.52,1629.79,1626.38,1628.31,866.45
1782941940000,1628.32,1628.41,1625.73,1626.87,579.53
1782942000000,1626.85,1627.83,1625.01,1627.07,481.39
1782942060000,1627.06,1627.45,1626.27,1626.53,337.09
1782942120000,1626.52,1626.53,1625.28,1626.21,97.0
1782942180000,1626.21,1627.42,1625.96,1627.03,553.26
1782942240000,1627.02,1627.5,1626.32,1627.12,52.04
1782942300000,1627.11,1627.62,1626.28,1627.12,79.81
1782942360000,1627.19,1627.44,1626.18,1626.84,105.7
1782942420000,1626.84,1627.57,1626.36,1627.46,58.65
1782942480000,1627.46,1627.66,1626.39,1626.78,26.31
1782942540000,1626.77,1627.88,1626.77,1627.87,65.15
1782942600000,1627.87,1628.0,1626.66,1626.93,64.37
1782942660000,1626.93,1627.16,1626.87,1626.97,32.14
1782942720000,1626.96,1637.97,1626.86,1637.69,3117.25
1782942780000,1637.66,1637.67,1633.0,1634.51,1602.42
1782942840000,1634.47,1634.47,1632.13,1632.13,383.23
1782942900000,1632.13,1633.56,1632.02,1632.38,183.09
1782942960000,1632.38,1632.39,1631.46,1631.68,642.31
1782943020000,1631.69,1631.79,1630.3,1630.91,382.81
1782943080000,1630.91,1632.87,1630.5,1632.7,97.75
1782943140000,1632.69,1632.69,1630.89,1631.25,193.36
1782943200000,1631.25,1631.44,1630.34,1630.35,56.1
1782943260000,1630.36,1630.85,1630.36,1630.6,46.1
1782943320000,1630.59,1631.36,1629.54,1629.55,41.01
1782943380000,1629.55,1630.64,1628.21,1629.37,91.19
1782943440000,1629.37,1629.55,1628.79,1629.09,60.05
1782943500000,1629.09,1629.92,1628.17,1628.42,61.73
1782943560000,1628.41,1629.11,1628.04,1628.4,297.33
1782943620000,1628.41,1629.19,1628.4,1628.82,34.27
1782943680000,1628.82,1630.36,1628.75,1629.95,55.46
1782943740000,1629.94,1630.38,1629.17,1629.32,25.11
1782943800000,1629.32,1629.99,1629.25,1629.4,64.58
1782943860000,1629.4,1629.82,1628.85,1629.21,143.48
1782943920000,1629.19,1629.32,1628.91,1629.03,33.53
1782943980000,1628.99,1628.99,1628.11,1628.59,67.0
1782944040000,1628.6,1629.39,1628.57,1628.7,34.71
1782944100000,1628.63,1629.01,1628.29,1628.93,60.87
1782944160000,1628.94,1629.05,1628.57,1628.83,32.45
1782944220000,1628.83,1629.24,1628.78,1628.8,61.89
1782944280000,1628.7,1628.7,1627.83,1628.37,593.92
1782944340000,1628.22,1629.39,1627.88,1628.95,117.12
1782944400000,1628.96,1629.75,1628.95,1629.7,85.01
1782944460000,1629.7,1645.8,1629.69,1637.34,2915.0
1782944520000,1637.04,1641.23,1635.7,1641.1,609.43
1782944580000,1641.09,1641.79,1638.29,1638.67,355.36
1782944640000,1638.64,1638.71,1635.09,1636.27,150.65
1782944700000,1636.18,1638.42,1634.54,1634.54,250.85
1782944760000,1634.52,1635.17,1633.18,1634.62,163.01
1782944820000,1634.62,1634.62,1630.46,1630.61,257.09
1782944880000,1630.85,1631.06,1629.57,1630.22,587.26
1782944940000,1630.23,1630.43,1626.26,1626.82,301.51
1782945000000,1626.81,1629.92,1626.54,1628.06,233.3
1782945060000,1628.05,1628.3,1626.29,1626.4,160.42
1782945120000,1626.33,1627.58,1625.55,1626.83,151.75
1782945180000,1626.94,1627.1,1623.28,1627.1,404.52
1782945240000,1627.31,1627.47,1625.19,1625.81,192.99
1782945300000,1625.81,1626.22,1624.67,1624.67,78.69
1782945360000,1624.68,1625.79,1623.18,1623.81,279.24
1782945420000,1623.68,1624.19,1622.7,1623.71,167.44
1782945480000,1623.72,1623.93,1622.77,1623.74,332.98
1782945540000,1623.74,1624.95,1623.74,1624.88,178.54
1782945600000,1624.88,1626.19,1622.98,1623.52,555.97
1782945660000,1623.48,1626.42,1623.46,1626.41,237.99
1782945720000,1626.42,1627.09,1625.98,1626.75,220.67
1782945780000,1626.75,1627.07,1624.8,1625.28,223.7
1782945840000,1625.28,1625.29,1623.99,1624.07,60.24
1782945900000,1624.07,1625.0,1622.73,1623.16,60.59
1782945960000,1623.15,1623.88,1622.16,1622.44,69.4
1782946020000,1622.31,1624.2,1622.3,1624.17,69.65
1782946080000,1624.17,1625.32,1623.68,1624.53,135.04
1782946140000,1624.52,1624.53,1622.65,1622.77,121.6
1782946200000,1622.78,1622.96,1620.33,1620.76,204.28
1782946260000,1620.85,1621.98,1619.69,1621.37,198.69
1782946320000,1621.39,1621.97,1620.46,1620.79,126.9
1782946380000,1620.79,1621.9,1620.78,1621.08,56.38
1782946440000,1621.09,1621.37,1620.7,1621.34,26.7
1782946500000,1621.33,1621.47,1620.05,1621.12,55.04
1782946560000,1621.12,1621.67,1620.19,1620.61,48.95
1782946620000,1620.6,1620.62,1619.75,1620.33,131.25
1782946680000,1620.33,1622.58,1620.25,1622.22,62.42
1782946740000,1622.22,1622.22,1621.01,1621.01,27.19
1782946800000,1621.01,1621.02,1616.2,1616.38,339.12
1782946860000,1616.45,1617.49,1615.96,1617.39,89.18
1782946920000,1617.38,1617.39,1615.39,1615.78,130.14
1782946980000,1615.77,1618.35,1615.74,1618.35,388.26
1782947040000,1618.35,1618.35,1615.58,1615.98,97.95
1782947100000,1616.29,1616.46,1615.92,1616.19,103.0
1782947160000,1616.19,1616.96,1615.11,1616.93,174.77
1782947220000,1616.92,1616.93,1616.14,1616.6,40.02
1782947280000,1616.6,1617.49,1616.55,1617.49,165.24
1782947340000,1617.5,1619.31,1617.49,1618.87,239.23
1782947400000,1618.87,1619.18,1617.57,1617.71,90.75
1782947460000,1617.72,1617.72,1616.02,1616.05,106.78
1782947520000,1616.04,1616.25,1614.22,1615.07,124.19
1782947580000,1615.1,1615.75,1614.38,1614.83,114.46
1782947640000,1614.82,1615.13,1614.22,1614.88,257.29
1782947700000,1614.87,1616.03,1614.36,1616.01,107.19
1782947760000,1616.0,1616.6,1615.36,1616.16,127.26
1782947820000,1616.16,1616.94,1615.33,1616.87,159.51
1782947880000,1616.86,1617.95,1615.28,1615.36,212.07
1782947940000,1615.35,1617.98,1615.34,1617.59,353.45
1782948000000,1617.67,1617.93,1616.16,1616.4,46.9
1782948060000,1616.4,1616.63,1615.99,1616.54,37.02
1782948120000,1616.52,1616.88,1616.16,1616.38,80.02
1782948180000,1616.38,1616.77,1614.29,1614.48,26.5
1782948240000,1614.48,1614.97,1614.26,1614.31,106.38
1782948300000,1614.32,1615.35,1614.22,1614.89,79.7
1782948360000,1614.89,1615.64,1614.84,1614.85,26.5
1782948420000,1614.84,1614.84,1613.42,1613.83,41.16
1782948480000,1613.83,1614.31,1613.36,1613.8,78.25
1782948540000,1613.8,1614.06,1613.65,1613.85,142.1
1782948600000,1613.85,1614.27,1613.58,1613.74,79.58
1782948660000,1613.75,1615.57,1613.38,1613.52,247.56
1782948720000,1613.52,1613.53,1612.15,1612.15,423.43
1782948780000,1612.16,1613.75,1612.05,1613.37,288.47
1782948840000,1613.39,1613.42,1612.18,1612.19,221.93
1782948900000,1612.19,1612.62,1608.23,1609.03,1240.71
1782948960000,1609.03,1609.44,1607.78,1609.04,257.01
1782949020000,1609.07,1610.58,1608.72,1610.37,367.39
1782949080000,1610.39,1611.84,1610.39,1611.71,73.12
1782949140000,1611.75,1612.38,1610.75,1610.99,89.63
1782949200000,1611.04,1611.18,1610.34,1610.44,57.79
1782949260000,1610.43,1612.06,1610.42,1611.66,141.83
1782949320000,1611.67,1613.72,1611.65,1613.72,80.73
1782949380000,1613.75,1613.89,1612.2,1613.12,60.31
1782949440000,1613.13,1613.87,1613.12,1613.36,128.68
1782949500000,1613.35,1613.62,1612.01,1612.35,37.35
1782949560000,1612.34,1612.44,1610.65,1611.02,38.33
1782949620000,1611.03,1611.23,1610.54,1611.23,43.97
1782949680000,1611.22,1612.09,1609.94,1609.99,74.03
1782949740000,1609.98,1609.99,1608.46,1609.08,93.06
1782949800000,1609.09,1609.6,1608.44,1608.9,362.79
1782949860000,1608.9,1609.99,1608.67,1608.7,377.66
1782949920000,1608.7,1608.94,1607.43,1608.79,244.03
1782949980000,1608.8,1610.61,1608.79,1610.38,75.93
1782950040000,1610.37,1610.48,1609.65,1610.32,93.45
1782950100000,1610.32,1610.86,1609.44,1610.01,96.19
1782950160000,1609.99,1610.01,1609.6,1609.6,41.62
1782950220000,1609.6,1610.0,1609.12,1609.29,27.35
1782950280000,1609.3,1609.64,1609.1,1609.15,27.06
1782950340000,1609.15,1609.42,1608.47,1608.8,70.53
1782950400000,1608.89,1609.27,1606.03,1606.58,596.02
1782950460000,1606.66,1607.78,1604.81,1605.85,792.75
1782950520000,1605.88,1605.88,1602.89,1604.34,1101.28
1782950580000,1604.34,1605.31,1603.0,1604.74,333.08
1782950640000,1604.75,1605.47,1602.9,1602.91,70.67
1782950700000,1602.92,1606.45,1602.64,1606.45,349.39
1782950760000,1606.5,1606.62,1604.11,1604.16,345.18
1782950820000,1604.17,1605.18,1603.75,1604.96,66.24
1782950880000,1604.97,1606.23,1604.76,1606.14,125.03
1782950940000,1606.14,1606.15,1605.07,1605.48,101.39
1782951000000,1605.47,1605.95,1605.0,1605.55,83.59
1782951060000,1605.54,1606.11,1604.95,1604.96,49.74
1782951120000,1604.97,1606.44,1604.83,1606.17,59.12
1782951180000,1606.36,1606.86,1606.02,1606.47,352.8
1782951240000,1606.48,1606.76,1605.54,1605.78,65.69
1782951300000,1605.8,1606.3,1605.12,1605.19,20.18
1782951360000,1605.19,1605.33,1604.34,1604.65,40.04
1782951420000,1604.65,1604.9,1602.0,1602.65,218.76
1782951480000,1602.71,1603.17,1601.98,1602.52,252.76
1782951540000,1602.51,1603.04,1601.57,1602.05,279.26
1782951600000,1602.05,1602.82,1601.63,1602.61,215.24
1782951660000,1602.6,1603.99,1602.6,1603.98,170.56
1782951720000,1603.98,1605.18,1603.95,1604.15,135.28
1782951780000,1604.15,1604.85,1603.3,1603.3,181.52
1782951840000,1603.31,1605.42,1603.28,1604.81,98.45
1782951900000,1604.82,1604.98,1603.57,1604.16,86.16
1782951960000,1604.12,1604.6,1603.43,1603.72,53.82
1782952020000,1603.73,1603.73,1601.67,1601.7,134.2
1782952080000,1601.71,1602.01,1601.06,1601.94,329.07
1782952140000,1601.94,1602.41,1601.77,1602.04,34.21
1782952200000,1602.04,1602.4,1600.75,1600.92,230.08
1782952260000,1600.92,1601.87,1600.71,1601.16,135.37
1782952320000,1601.15,1601.9,1601.05,1601.36,83.77
1782952380000,1601.36,1601.9,1601.22,1601.88,44.82
1782952440000,1601.87,1602.08,1601.31,1601.53,57.04
1782952500000,1601.53,1603.16,1601.26,1603.16,83.61
1782952560000,1603.18,1603.96,1602.82,1603.39,264.72
1782952620000,1603.4,1603.8,1601.71,1601.82,121.06
1782952680000,1601.78,1601.78,1600.58,1600.77,45.06
1782952740000,1600.77,1601.9,1600.62,1600.79,226.04
1782952800000,1600.79,1601.04,1600.63,1600.68,52.91
1782952860000,1600.67,1601.06,1598.74,1599.57,341.1
1782952920000,1599.56,1599.67,1597.28,1597.45,534.72
1782952980000,1597.46,1597.54,1596.32,1596.8,484.43
1782953040000,1596.8,1597.58,1596.35,1597.42,587.47
1782953100000,1597.43,1598.37,1597.06,1598.09,111.45
1782953160000,1598.07,1599.39,1597.64,1599.22,169.8
1782953220000,1599.21,1599.25,1598.8,1599.02,344.27
1782953280000,1599.03,1600.6,1598.85,1599.86,343.52
1782953340000,1599.83,1602.61,1599.66,1602.42,607.69
1782953400000,1602.33,1604.67,1602.31,1604.41,371.17
1782953460000,1604.41,1604.55,1603.79,1604.31,168.3
1782953520000,1604.32,1604.35,1603.44,1604.02,404.35
1782953580000,1603.94,1604.14,1603.18,1603.61,63.73
1782953640000,1603.61,1603.61,1602.67,1603.01,191.48
1782953700000,1603.02,1603.73,1602.02,1602.02,36.28
1782953760000,1602.03,1602.09,1601.15,1601.47,69.46
1782953820000,1601.47,1602.36,1601.14,1602.1,108.28
1782953880000,1602.09,1602.15,1601.45,1601.99,36.5
1782953940000,1602.0,1602.75,1601.77,1602.75,63.36
1782954000000,1602.75,1603.07,1601.8,1602.5,255.16
1782954060000,1602.59,1603.13,1602.21,1602.53,41.65
1782954120000,1602.53,1604.23,1602.25,1603.82,109.42
1782954180000,1603.84,1605.0,1603.84,1604.36,178.12
1782954240000,1604.36,1604.9,1602.53,1603.78,136.98
1782954300000,1603.83,1604.25,1603.38,1603.46,150.22
1782954360000,1603.46,1603.95,1602.42,1603.38,109.37
1782954420000,1603.35,1604.32,1602.52,1604.15,132.34
1782954480000,1604.14,1604.98,1604.02,1604.98,74.43
1782954540000,1604.98,1606.9,1604.98,1606.24,272.94
1782954600000,1606.23,1606.84,1605.8,1605.82,262.07
1782954660000,1605.82,1606.47,1605.05,1605.1,245.07
1782954720000,1605.1,1608.42,1605.1,1607.81,196.74
1782954780000,1607.81,1608.94,1607.75,1608.67,928.68
1782954840000,1608.67,1608.99,1608.06,1608.39,266.88
1782954900000,1608.58,1609.45,1608.28,1608.74,313.79
1782954960000,1608.75,1609.77,1608.74,1609.17,132.51
1782955020000,1609.15,1609.29,1607.37,1607.4,33.83
1782955080000,1607.41,1609.79,1607.2,1609.78,137.76
1782955140000,1609.78,1612.02,1609.78,1611.39,659.69
1782955200000,1611.37,1612.31,1610.71,1610.72,247.71
1782955260000,1610.72,1610.72,1609.19,1609.19,101.28
1782955320000,1609.19,1609.46,1608.08,1608.08,118.15
1782955380000,1608.07,1609.59,1608.01,1609.45,152.52
1782955440000,1609.46,1609.98,1608.92,1609.92,115.68
1782955500000,1609.92,1611.41,1609.81,1611.07,134.2
1782955560000,1611.14,1612.0,1609.83,1610.86,85.4
1782955620000,1610.86,1610.87,1609.08,1609.67,78.0
1782955680000,1609.68,1610.43,1609.04,1610.42,28.92
1782955740000,1610.43,1611.06,1610.39,1610.94,43.23
1782955800000,1610.94,1615.8,1610.94,1614.9,720.97
1782955860000,1615.03,1615.83,1614.46,1614.61,164.77
1782955920000,1614.62,1615.77,1614.38,1615.77,88.47
1782955980000,1615.68,1615.94,1614.53,1614.53,73.72
1782956040000,1614.51,1615.17,1613.86,1614.7,160.16
1782956100000,1614.79,1615.96,1614.41,1615.95,218.48
1782956160000,1615.96,1616.75,1615.76,1616.39,345.01
1782956220000,1616.42,1617.98,1616.33,1616.94,103.06
1782956280000,1616.94,1616.98,1615.55,1616.15,296.11
1782956340000,1616.19,1618.84,1615.78,1618.68,306.19
1782956400000,1618.65,1624.0,1618.65,1623.22,1004.01
1782956460000,1623.18,1623.18,1621.02,1621.19,290.66
1782956520000,1621.18,1621.57,1620.47,1620.55,341.43
1782956580000,1620.52,1621.82,1620.26,1621.52,82.05
1782956640000,1621.47,1621.47,1620.84,1620.97,66.46
1782956700000,1620.97,1620.97,1619.79,1620.31,359.18
1782956760000,1620.3,1622.2,1620.18,1622.2,364.79
1782956820000,1622.32,1623.19,1621.93,1622.16,115.55
1782956880000,1622.17,1623.03,1621.54,1622.53,136.6
1782956940000,1622.52,1622.59,1620.87,1620.98,187.16
1782957000000,1620.92,1620.93,1617.0,1617.29,901.55
1782957060000,1617.32,1618.0,1617.24,1617.51,127.08
1782957120000,1617.53,1618.37,1617.49,1618.31,212.2
1782957180000,1618.32,1618.87,1618.12,1618.82,68.67
1782957240000,1618.82,1619.63,1618.67,1618.67,147.38
1782957300000,1618.66,1620.3,1618.01,1618.89,860.19
1782957360000,1618.88,1619.2,1617.54,1617.74,91.74
1782957420000,1617.74,1617.79,1617.51,1617.52,53.67
1782957480000,1617.52,1619.18,1617.52,1618.99,29.82
1782957540000,1618.99,1619.87,1618.71,1619.86,370.4
1782957600000,1619.87,1619.87,1618.06,1618.06,43.48
1782957660000,1618.01,1618.16,1617.8,1617.92,71.38
1782957720000,1617.92,1618.39,1617.16,1617.19,105.24
1782957780000,1617.16,1618.29,1617.15,1617.91,49.45
1782957840000,1617.91,1619.91,1617.83,1619.63,872.79
1782957900000,1619.63,1619.66,1618.88,1619.0,127.38
1782957960000,1619.04,1619.55,1618.05,1618.06,129.27
1782958020000,1618.0,1618.01,1616.23,1617.22,51.6
1782958080000,1617.22,1617.81,1616.26,1616.59,45.75
1782958140000,1616.6,1616.97,1616.58,1616.81,32.17
1782958200000,1616.78,1616.79,1614.08,1614.21,421.3
1782958260000,1614.27,1615.46,1614.16,1615.45,135.09
1782958320000,1615.45,1616.64,1615.37,1616.63,51.15
1782958380000,1616.64,1617.93,1616.63,1616.76,415.51
1782958440000,1616.76,1617.07,1616.45,1616.94,29.26
1782958500000,1616.95,1619.84,1616.94,1619.83,557.65
1782958560000,1619.83,1620.72,1617.53,1617.92,455.7
1782958620000,1617.91,1618.73,1617.51,1617.98,186.83
1782958680000,1617.98,1617.99,1617.0,1617.59,56.09
1782958740000,1617.57,1617.96,1616.26,1617.94,51.56
1782958800000,1617.94,1618.93,1617.5,1617.67,94.85
1782958860000,1617.63,1618.62,1617.0,1617.77,29.23
1782958920000,1617.78,1618.26,1616.01,1616.93,176.82
1782958980000,1616.93,1617.91,1616.59,1617.87,30.26
1782959040000,1617.87,1617.91,1617.01,1617.88,42.41
1782959100000,1617.87,1618.58,1617.35,1617.75,27.59
1782959160000,1617.66,1618.08,1617.31,1618.04,24.8
1782959220000,1618.04,1618.66,1617.68,1617.81,35.7
1782959280000,1617.84,1618.39,1617.51,1618.29,21.14
1782959340000,1618.28,1618.3,1617.37,1618.19,24.86
1782959400000,1618.19,1618.48,1617.18,1618.18,24.19
1782959460000,1618.33,1619.55,1617.5,1617.87,30.22
1782959520000,1617.86,1621.08,1617.86,1620.8,194.84
1782959580000,1620.79,1620.91,1619.49,1619.5,97.65
1782959640000,1619.5,1620.32,1618.91,1620.31,25.55
1782959700000,1620.31,1621.02,1619.83,1621.02,81.73
1782959760000,1621.01,1621.55,1620.29,1620.3,99.83
1782959820000,1620.3,1623.4,1620.3,1622.86,414.22
1782959880000,1622.86,1623.37,1621.13,1622.11,54.61
1782959940000,1622.09,1622.39,1620.75,1621.01,45.52
1782960000000,1621.02,1621.41,1620.5,1620.95,198.66
1782960060000,1620.94,1622.29,1620.89,1622.29,180.73
1782960120000,1622.28,1623.07,1622.28,1622.81,31.16
1782960180000,1622.8,1623.16,1621.25,1621.26,73.02
1782960240000,1621.25,1622.22,1621.25,1622.03,17.73
1782960300000,1622.03,1622.99,1621.55,1622.99,71.02
1782960360000,1623.0,1623.09,1622.3,1622.38,92.22
1782960420000,1622.38,1623.83,1622.23,1623.47,74.72
1782960480000,1623.48,1623.83,1622.51,1622.76,174.01
1782960540000,1622.76,1622.76,1620.63,1620.65,34.51
1782960600000,1620.65,1620.85,1620.34,1620.55,79.06
1782960660000,1620.56,1620.89,1619.08,1620.89,27.7
1782960720000,1620.85,1621.46,1620.4,1620.71,44.32
1782960780000,1620.74,1620.87,1619.54,1619.7,32.79
1782960840000,1619.7,1620.94,1619.69,1620.46,44.01
1782960900000,1620.46,1621.31,1620.4,1620.97,52.34
1782960960000,1620.96,1621.85,1620.96,1621.4,33.18
1782961020000,1621.4,1621.81,1620.76,1621.03,26.91
1782961080000,1621.03,1621.42,1620.61,1620.61,28.65
1782961140000,1620.61,1620.64,1619.94,1620.11,114.84
1782961200000,1620.11,1620.81,1620.11,1620.66,40.49
1782961260000,1620.67,1621.9,1620.66,1621.41,45.05
1782961320000,1621.41,1621.54,1620.64,1621.24,40.98
1782961380000,1621.24,1621.54,1620.01,1620.86,42.58
1782961440000,1620.86,1621.39,1620.81,1621.09,225.05
1782961500000,1621.08,1622.17,1621.08,1621.74,30.63
1782961560000,1621.73,1621.97,1619.7,1620.05,46.16
1782961620000,1620.06,1621.48,1620.05,1621.39,22.73
1782961680000,1621.39,1622.02,1621.09,1621.1,42.7
1782961740000,1621.1,1621.61,1620.16,1620.34,64.35
1782961800000,1620.33,1620.9,1620.33,1620.48,29.81
1782961860000,1620.48,1621.36,1620.19,1621.36,111.49
1782961920000,1621.36,1621.77,1621.08,1621.24,35.19
1782961980000,1621.16,1623.67,1621.06,1623.66,135.19
1782962040000,1623.58,1623.67,1623.14,1623.35,227.75
1782962100000,1623.35,1623.5,1622.17,1622.17,54.5
1782962160000,1622.09,1622.92,1620.99,1621.96,44.41
1782962220000,1621.95,1621.97,1621.17,1621.19,28.0
1782962280000,1621.18,1621.25,1620.13,1620.17,30.13
1782962340000,1620.17,1620.74,1619.67,1619.87,35.77
1782962400000,1619.87,1619.89,1619.14,1619.45,89.37
1782962460000,1619.29,1619.3,1617.55,1618.6,637.6
1782962520000,1618.6,1621.73,1618.15,1621.73,112.35
1782962580000,1621.91,1622.09,1620.43,1620.56,40.14
1782962640000,1620.56,1620.97,1620.29,1620.96,23.18
1782962700000,1620.87,1620.99,1620.53,1620.53,16.38
1782962760000,1620.52,1620.99,1620.45,1620.53,65.53
1782962820000,1620.52,1634.23,1620.5,1633.81,2477.87
1782962880000,1633.38,1635.64,1628.85,1629.18,1182.89
1782962940000,1629.17,1629.46,1628.34,1628.55,90.39
1782963000000,1628.55,1628.55,1626.55,1626.91,206.43
1782963060000,1626.91,1627.96,1626.9,1627.56,183.71
1782963120000,1627.58,1628.48,1627.04,1627.37,312.67
1782963180000,1627.41,1630.0,1627.41,1628.97,63.24
1782963240000,1628.97,1629.91,1628.56,1629.05,89.4
1782963300000,1629.05,1629.96,1627.94,1628.35,299.54
1782963360000,1628.35,1629.01,1628.05,1628.1,37.56
1782963420000,1628.09,1628.7,1626.57,1626.63,315.73
1782963480000,1626.62,1632.41,1626.62,1632.1,368.77
1782963540000,1632.11,1633.49,1631.61,1633.33,456.31
1782963600000,1633.32,1633.35,1631.65,1632.18,327.93
1782963660000,1632.17,1632.23,1631.33,1632.23,264.75
1782963720000,1632.32,1633.38,1632.12,1633.23,79.15
1782963780000,1633.21,1634.37,1632.82,1632.82,292.43
1782963840000,1632.83,1634.14,1632.29,1634.14,102.87
1782963900000,1633.97,1633.97,1632.2,1632.42,232.33
1782963960000,1632.42,1632.59,1631.2,1631.46,186.4
1782964020000,1631.46,1631.81,1630.93,1631.81,71.36
1782964080000,1631.72,1631.72,1630.1,1631.07,71.04
1782964140000,1631.08,1633.48,1630.81,1633.45,233.33
1782964200000,1633.46,1637.53,1633.45,1634.29,391.3
1782964260000,1634.25,1634.69,1633.37,1633.71,96.98
1782964320000,1634.01,1641.41,1633.69,1639.13,419.34
1782964380000,1639.13,1639.26,1637.48,1637.89,457.83
1782964440000,1637.89,1638.85,1637.66,1638.21,145.29
1782964500000,1638.17,1639.56,1637.92,1639.56,109.24
1782964560000,1639.56,1640.25,1638.34,1638.52,108.97
1782964620000,1638.51,1641.54,1638.51,1639.59,313.97
1782964680000,1639.6,1639.72,1638.04,1638.34,131.38
1782964740000,1638.34,1639.47,1638.07,1638.73,285.35
1782964800000,1638.75,1639.36,1635.76,1635.79,198.54
1782964860000,1635.7,1635.99,1634.33,1635.82,145.27
1782964920000,1635.83,1638.32,1635.79,1637.18,139.06
1782964980000,1637.18,1637.83,1636.16,1636.8,72.68
1782965040000,1636.8,1637.5,1636.29,1637.43,73.66
1782965100000,1637.43,1637.44,1635.9,1636.1,38.56
1782965160000,1635.98,1635.98,1635.23,1635.39,235.23
1782965220000,1635.39,1635.94,1634.46,1634.92,80.97
1782965280000,1634.91,1635.25,1633.72,1633.88,123.97
1782965340000,1633.99,1635.18,1633.98,1634.45,172.93
1782965400000,1634.46,1635.21,1633.57,1635.01,35.35
1782965460000,1635.0,1635.52,1634.6,1634.8,36.65
1782965520000,1634.79,1635.34,1634.67,1635.25,45.14
1782965580000,1635.27,1636.09,1635.25,1636.06,354.81
1782965640000,1636.05,1636.06,1634.88,1635.29,925.2
1782965700000,1635.29,1635.57,1634.06,1634.61,115.61
1782965760000,1634.61,1635.34,1634.38,1635.14,122.96
1782965820000,1635.15,1636.41,1635.13,1635.57,145.79
1782965880000,1635.55,1635.59,1634.57,1634.85,110.12
1782965940000,1634.86,1634.86,1634.49,1634.75,204.07
1782966000000,1634.75,1635.07,1634.51,1634.93,69.98
1782966060000,1634.93,1634.93,1634.11,1634.23,54.76
1782966120000,1634.24,1634.41,1632.48,1633.02,427.45
1782966180000,1633.02,1633.19,1632.39,1632.7,71.92
1782966240000,1632.7,1632.91,1631.55,1631.88,72.47
1782966300000,1631.88,1633.2,1631.83,1632.75,278.88
1782966360000,1632.76,1633.22,1632.12,1632.12,85.57
1782966420000,1632.14,1632.2,1631.85,1631.9,146.28
1782966480000,1631.91,1632.91,1631.73,1632.34,106.24
1782966540000,1632.32,1633.66,1632.31,1633.57,50.65
1782966600000,1633.58,1633.58,1631.5,1632.37,171.9
1782966660000,1632.37,1632.38,1630.89,1630.91,136.27
1782966720000,1630.91,1631.57,1630.39,1631.27,67.05
1782966780000,1631.26,1631.51,1630.88,1631.23,46.63
1782966840000,1631.26,1631.29,1630.85,1631.09,83.3
1782966900000,1631.1,1631.12,1630.98,1631.1,173.28
1782966960000,1631.11,1631.39,1630.66,1630.67,52.85
1782967020000,1630.66,1631.27,1630.46,1631.07,212.01
1782967080000,1631.06,1631.62,1631.06,1631.47,49.8
1782967140000,1631.43,1632.2,1631.43,1632.1,59.16
1782967200000,1632.1,1632.1,1630.95,1631.2,68.89
1782967260000,1631.2,1631.44,1630.3,1630.56,1013.48
1782967320000,1630.6,1632.01,1629.89,1630.49,32.23
1782967380000,1630.49,1631.15,1630.15,1630.91,26.69
1782967440000,1631.02,1631.4,1630.76,1631.4,36.54
1782967500000,1631.4,1631.63,1630.39,1631.46,25.93
1782967560000,1631.26,1631.85,1630.97,1631.74,64.53
1782967620000,1631.74,1632.18,1630.93,1630.93,180.0
1782967680000,1630.93,1631.17,1630.93,1631.03,24.68
1782967740000,1631.03,1631.56,1630.96,1631.56,55.0
1782967800000,1631.56,1631.74,1630.95,1631.74,166.53
1782967860000,1631.73,1633.09,1631.54,1633.02,106.35
1782967920000,1633.02,1633.39,1632.26,1632.42,243.27
1782967980000,1632.43,1633.41,1632.4,1633.32,67.53
1782968040000,1633.29,1633.7,1632.39,1632.4,127.54
1782968100000,1632.4,1632.75,1632.31,1632.31,33.27
1782968160000,1632.28,1632.92,1632.27,1632.83,155.85
1782968220000,1632.83,1632.84,1632.01,1632.02,52.95
1782968280000,1632.0,1632.72,1631.99,1632.71,44.57
1782968340000,1632.7,1632.71,1631.77,1632.0,34.98
1782968400000,1631.99,1632.08,1629.77,1629.77,166.43
1782968460000,1629.77,1630.16,1629.0,1629.04,93.82
1782968520000,1629.03,1629.44,1628.54,1628.71,1144.92
1782968580000,1628.71,1629.15,1628.07,1629.15,109.82
1782968640000,1629.14,1629.85,1629.14,1629.19,184.37
1782968700000,1629.19,1630.59,1629.18,1630.58,124.89
1782968760000,1630.58,1630.58,1630.01,1630.42,127.45
1782968820000,1630.41,1631.48,1630.41,1631.27,53.19
1782968880000,1631.26,1631.29,1630.55,1630.92,37.47
1782968940000,1630.92,1634.11,1630.92,1634.11,595.9
1782969000000,1634.13,1634.14,1632.39,1633.01,300.22
1782969060000,1633.0,1633.45,1632.68,1632.68,50.68
1782969120000,1632.68,1633.26,1632.49,1633.24,31.19
1782969180000,1633.25,1633.25,1632.58,1633.04,32.0
1782969240000,1633.04,1633.21,1632.7,1633.21,40.0
1782969300000,1633.1,1633.1,1632.0,1633.0,54.45
1782969360000,1633.0,1633.07,1632.0,1632.08,41.92
1782969420000,1632.02,1633.0,1632.02,1632.99,24.21
1782969480000,1632.99,1633.4,1632.84,1633.32,113.94
1782969540000,1633.35,1634.11,1633.13,1634.11,71.04
1782969600000,1633.87,1633.87,1633.41,1633.5,26.4
1782969660000,1633.5,1633.79,1632.95,1633.14,41.45
1782969720000,1633.14,1633.44,1632.15,1632.95,27.69
1782969780000,1632.94,1632.95,1631.75,1632.23,27.61
1782969840000,1632.24,1632.67,1632.23,1632.55,31.47
1782969900000,1632.55,1632.55,1631.92,1631.96,22.02
1782969960000,1631.95,1632.43,1631.95,1632.37,30.18
1782970020000,1632.36,1632.36,1631.67,1631.84,65.61
1782970080000,1631.85,1632.07,1631.53,1631.76,57.9
1782970140000,1631.75,1631.76,1631.42,1631.57,27.52
1782970200000,1631.57,1631.62,1630.63,1631.41,32.41
1782970260000,1631.41,1631.41,1630.29,1630.48,28.04
1782970320000,1630.47,1630.95,1630.47,1630.61,24.85
1782970380000,1630.68,1630.79,1628.95,1628.95,180.14
1782970440000,1628.99,1630.29,1628.99,1629.97,326.27
1782970500000,1629.97,1631.12,1629.76,1630.79,59.8
1782970560000,1630.8,1631.11,1630.3,1631.1,89.4
1782970620000,1631.09,1631.13,1628.95,1629.5,485.51
1782970680000,1629.5,1629.77,1627.28,1627.3,259.04
1782970740000,1627.33,1627.48,1626.41,1626.83,425.79
1782970800000,1626.83,1628.0,1626.02,1627.57,663.21
1782970860000,1627.58,1628.37,1627.02,1627.35,166.34
1782970920000,1627.35,1627.53,1626.14,1626.36,55.31
1782970980000,1626.36,1627.24,1626.32,1627.2,45.48
1782971040000,1627.2,1627.28,1626.3,1626.48,31.79
1782971100000,1626.48,1627.2,1626.48,1627.17,63.21
1782971160000,1627.17,1627.5,1626.46,1626.68,36.14
1782971220000,1626.67,1626.72,1625.59,1625.85,161.7
1782971280000,1625.86,1625.86,1625.09,1625.27,255.44
1782971340000,1625.26,1625.28,1624.3,1625.05,370.93
1782971400000,1625.05,1625.83,1624.93,1624.93,112.88
1782971460000,1624.94,1626.05,1624.83,1626.04,161.77
1782971520000,1626.04,1626.5,1625.98,1626.13,49.05
1782971580000,1626.13,1626.8,1626.03,1626.28,188.59
1782971640000,1626.29,1627.05,1626.27,1626.51,945.75
1782971700000,1626.5,1626.51,1626.01,1626.03,45.5
1782971760000,1626.03,1626.32,1625.55,1626.17,24.24
1782971820000,1626.17,1626.32,1626.03,1626.07,27.35
1782971880000,1626.08,1626.47,1625.97,1626.16,70.97
1782971940000,1626.15,1626.28,1625.8,1625.92,20.59
1782972000000,1625.94,1626.28,1625.66,1625.72,24.19
1782972060000,1625.74,1625.96,1625.01,1625.42,28.09
1782972120000,1625.43,1626.02,1625.27,1625.27,42.8
1782972180000,1625.27,1625.55,1623.9,1623.97,232.98
1782972240000,1623.96,1624.65,1623.69,1623.71,51.79
1782972300000,1623.71,1624.92,1623.49,1624.44,56.49
1782972360000,1624.44,1624.44,1623.7,1624.31,178.09
1782972420000,1624.41,1624.59,1623.19,1623.27,240.24
1782972480000,1623.28,1623.28,1621.87,1622.71,553.24
1782972540000,1622.71,1622.72,1621.79,1622.06,49.6
1782972600000,1622.05,1622.93,1622.03,1622.93,53.03
1782972660000,1622.92,1623.36,1622.68,1623.29,98.0
1782972720000,1623.29,1623.42,1622.56,1622.57,34.89
1782972780000,1622.56,1622.76,1622.28,1622.62,51.47
1782972840000,1622.62,1622.75,1622.23,1622.23,51.52
1782972900000,1622.22,1622.76,1621.79,1622.19,301.57
1782972960000,1622.26,1623.29,1622.24,1623.13,153.58
1782973020000,1623.13,1624.18,1623.0,1623.83,130.53
1782973080000,1623.81,1623.92,1623.21,1623.5,77.26
1782973140000,1623.49,1624.78,1623.44,1624.63,202.84
1782973200000,1624.57,1626.84,1624.57,1626.69,174.19
1782973260000,1626.7,1628.15,1626.68,1627.76,206.27
1782973320000,1627.75,1628.64,1627.02,1627.02,169.71
1782973380000,1627.03,1627.07,1626.55,1626.66,36.65
1782973440000,1626.54,1626.54,1625.16,1625.38,193.65
1782973500000,1625.37,1626.97,1625.36,1626.36,81.02
1782973560000,1626.37,1626.37,1625.68,1626.22,179.0
1782973620000,1626.21,1626.23,1625.0,1625.35,97.44
1782973680000,1625.36,1625.36,1624.63,1624.63,46.18
1782973740000,1624.63,1624.64,1623.6,1623.81,189.33
1782973800000,1623.82,1624.39,1623.61,1624.33,53.9
1782973860000,1624.41,1625.89,1624.41,1625.88,244.38
1782973920000,1625.89,1627.06,1625.81,1626.9,49.49
1782973980000,1626.91,1628.46,1626.91,1628.36,138.68
1782974040000,1628.36,1629.1,1627.66,1627.94,183.33
1782974100000,1627.97,1628.03,1627.57,1628.02,108.95
1782974160000,1628.02,1628.03,1626.56,1626.89,531.76
1782974220000,1626.89,1627.11,1626.17,1626.19,63.39
1782974280000,1626.19,1627.57,1626.18,1627.21,43.54
1782974340000,1627.22,1627.22,1626.63,1626.73,107.93
1782974400000,1626.73,1627.23,1626.62,1627.22,151.84
1782974460000,1627.22,1627.46,1626.62,1626.63,54.36
1782974520000,1626.62,1626.63,1625.53,1625.53,37.82
1782974580000,1625.54,1625.54,1625.18,1625.54,33.59
1782974640000,1625.54,1625.92,1625.52,1625.69,30.33
1782974700000,1625.68,1625.78,1623.89,1623.9,84.33
1782974760000,1623.88,1624.41,1622.17,1622.18,124.57
1782974820000,1622.18,1622.18,1619.69,1619.89,580.86
1782974880000,1619.89,1620.25,1618.93,1618.95,251.34
1782974940000,1618.96,1618.99,1618.0,1618.68,580.69
1782975000000,1618.67,1618.68,1616.83,1617.42,216.02
1782975060000,1617.43,1618.26,1616.68,1616.7,98.07
1782975120000,1616.69,1617.83,1616.55,1617.83,366.2
1782975180000,1617.82,1618.74,1617.82,1618.62,126.47
1782975240000,1618.62,1618.89,1617.92,1618.82,353.88
1782975300000,1618.82,1618.83,1618.24,1618.69,339.1
1782975360000,1618.71,1618.86,1618.04,1618.57,113.34
1782975420000,1618.58,1619.67,1618.09,1619.67,184.83
1782975480000,1619.66,1619.95,1619.11,1619.12,261.75
1782975540000,1619.11,1619.19,1618.26,1618.26,77.18
1782975600000,1618.24,1618.24,1617.58,1617.91,166.68
1782975660000,1617.92,1618.97,1617.91,1618.6,307.97
1782975720000,1618.6,1619.15,1618.52,1618.59,27.95
1782975780000,1618.59,1618.65,1617.23,1617.66,38.37
1782975840000,1617.65,1617.67,1617.24,1617.64,73.43
1782975900000,1617.63,1617.63,1616.52,1617.28,207.78
1782975960000,1617.28,1618.13,1616.36,1617.92,87.18
1782976020000,1617.91,1618.59,1617.73,1618.42,134.1
1782976080000,1618.43,1618.44,1617.71,1618.13,34.69
1782976140000,1618.13,1618.76,1618.08,1618.62,40.69
1782976200000,1618.64,1619.14,1618.59,1618.88,131.11
1782976260000,1618.9,1619.06,1618.28,1618.41,128.97
1782976320000,1618.4,1618.4,1617.13,1617.14,182.54
1782976380000,1617.14,1617.14,1616.5,1616.51,28.57
1782976440000,1616.48,1617.49,1616.27,1617.08,100.82
1782976500000,1617.08,1617.48,1616.76,1616.99,113.33
1782976560000,1616.99,1618.28,1616.99,1617.19,26.27
1782976620000,1617.2,1617.41,1615.2,1615.54,268.03
1782976680000,1615.54,1616.1,1615.46,1615.83,101.28
1782976740000,1615.83,1615.95,1614.53,1614.93,118.59
1782976800000,1614.94,1615.89,1614.92,1615.68,78.55
1782976860000,1615.68,1615.68,1614.51,1614.51,30.52
1782976920000,1614.52,1615.56,1614.52,1615.56,87.2
1782976980000,1615.56,1616.23,1615.41,1615.94,22.33
1782977040000,1615.94,1616.94,1615.94,1616.87,303.43
1782977100000,1616.86,1616.86,1615.93,1615.97,50.94
1782977160000,1615.97,1616.0,1615.32,1615.33,175.06
1782977220000,1615.28,1615.4,1614.95,1615.26,50.93
1782977280000,1615.27,1616.68,1615.14,1616.62,63.96
1782977340000,1616.63,1616.63,1615.94,1616.0,43.8
1782977400000,1616.01,1616.06,1614.64,1615.07,70.97
1782977460000,1615.07,1615.89,1615.07,1615.7,98.78
1782977520000,1615.71,1616.14,1615.45,1616.14,116.17
1782977580000,1616.14,1616.87,1615.59,1616.73,101.31
1782977640000,1616.65,1617.14,1616.34,1616.46,55.65
1782977700000,1616.47,1617.32,1616.47,1616.65,228.03
1782977760000,1616.66,1616.66,1616.19,1616.49,23.87
1782977820000,1616.49,1616.49,1614.78,1615.35,54.21
1782977880000,1615.36,1616.33,1615.03,1616.17,42.61
1782977940000,1616.18,1616.73,1615.79,1616.08,84.17
1782978000000,1616.17,1616.74,1615.88,1616.35,24.17
1782978060000,1616.35,1616.88,1615.9,1616.56,86.34
1782978120000,1616.56,1616.7,1616.1,1616.59,97.79
1782978180000,1616.59,1617.44,1616.58,1616.69,195.65
1782978240000,1616.68,1617.31,1616.25,1616.87,92.13
1782978300000,1616.87,1617.36,1616.47,1616.47,189.94
1782978360000,1616.48,1616.51,1616.06,1616.13,50.76
1782978420000,1616.02,1616.88,1614.71,1615.18,43.86
1782978480000,1615.18,1615.18,1614.07,1614.09,140.82
1782978540000,1614.05,1616.67,1614.04,1616.47,298.97
1782978600000,1616.48,1617.39,1616.29,1616.36,218.62
1782978660000,1616.23,1616.39,1615.74,1616.27,31.7
1782978720000,1616.28,1617.04,1616.23,1616.89,24.56
1782978780000,1616.89,1617.07,1615.66,1615.66,82.71
1782978840000,1615.66,1615.67,1615.14,1615.27,25.24
1782978900000,1615.28,1615.38,1614.32,1614.77,70.31
1782978960000,1614.74,1615.43,1614.71,1615.39,98.39
1782979020000,1615.39,1615.75,1614.32,1614.34,48.29
1782979080000,1614.35,1615.02,1613.95,1614.85,224.04
1782979140000,1614.85,1615.61,1614.85,1615.46,28.44
1782979200000,1615.45,1615.82,1614.51,1614.52,41.16
1782979260000,1614.49,1615.95,1614.48,1615.61,97.08
1782979320000,1615.61,1616.86,1615.46,1616.64,58.94
1782979380000,1616.65,1618.29,1616.64,1617.02,184.38
1782979440000,1616.92,1617.03,1616.02,1616.64,93.03
1782979500000,1616.64,1618.69,1616.64,1618.69,74.52
1782979560000,1618.7,1618.74,1617.7,1618.38,117.53
1782979620000,1618.36,1620.23,1617.9,1619.93,260.44
1782979680000,1619.94,1620.39,1619.25,1620.13,318.99
1782979740000,1620.05,1620.52,1619.37,1619.71,123.09
1782979800000,1619.7,1619.76,1618.54,1619.01,73.69
1782979860000,1619.01,1619.01,1617.25,1617.25,186.2
1782979920000,1617.25,1617.61,1616.82,1617.52,272.3
1782979980000,1617.53,1618.22,1617.51,1617.71,56.9
1782980040000,1617.7,1618.1,1617.06,1617.68,36.64
1782980100000,1617.67,1618.72,1617.67,1618.7,58.74
1782980160000,1618.69,1618.75,1618.19,1618.56,28.41
1782980220000,1618.56,1619.23,1618.01,1618.11,103.62
1782980280000,1618.11,1618.37,1617.81,1618.02,117.74
1782980340000,1618.02,1619.08,1617.91,1619.07,257.31
1782980400000,1619.07,1619.1,1618.02,1618.08,89.2
1782980460000,1618.09,1618.87,1618.08,1618.64,22.37
1782980520000,1618.7,1619.64,1618.69,1619.39,58.25
1782980580000,1619.38,1619.39,1618.64,1619.1,92.82
1782980640000,1619.06,1619.67,1618.76,1619.67,58.54
1782980700000,1619.68,1620.49,1619.61,1619.66,59.88
1782980760000,1619.66,1619.96,1619.1,1619.83,27.63
1782980820000,1619.83,1620.3,1619.59,1619.62,71.39
1782980880000,1619.62,1620.02,1619.59,1619.76,32.8
1782980940000,1619.73,1619.74,1618.88,1618.91,30.57
1782981000000,1618.9,1618.9,1617.8,1618.54,60.05
1782981060000,1618.53,1619.71,1618.53,1619.46,216.12
1782981120000,1619.46,1620.34,1619.33,1619.91,28.65
1782981180000,1619.9,1621.04,1619.01,1619.12,97.87
1782981240000,1619.11,1622.15,1619.11,1622.15,47.41
1782981300000,1622.15,1624.5,1621.89,1624.15,470.25
1782981360000,1624.15,1624.7,1623.25,1623.9,151.54
1782981420000,1623.9,1624.02,1622.16,1622.68,46.5
1782981480000,1622.74,1623.21,1622.67,1623.15,37.57
1782981540000,1623.15,1623.89,1623.08,1623.66,130.61
1782981600000,1623.66,1623.66,1622.94,1623.02,57.19
1782981660000,1623.02,1623.09,1622.58,1622.59,108.67
1782981720000,1622.58,1622.8,1622.56,1622.72,66.52
1782981780000,1622.73,1622.73,1622.11,1622.52,46.97
1782981840000,1622.52,1622.67,1622.07,1622.61,35.09
1782981900000,1622.6,1622.95,1622.09,1622.18,152.47
1782981960000,1622.17,1624.57,1621.95,1624.57,146.36
1782982020000,1624.57,1625.53,1624.05,1624.46,157.11
1782982080000,1624.46,1624.47,1623.9,1624.0,118.91
1782982140000,1624.01,1624.05,1623.34,1623.56,152.79
1782982200000,1623.57,1624.67,1623.56,1624.38,207.8
1782982260000,1624.39,1624.49,1623.79,1623.98,61.77
1782982320000,1623.99,1624.72,1623.99,1624.6,103.59
1782982380000,1624.59,1625.0,1624.57,1624.91,87.17
1782982440000,1624.91,1624.91,1624.15,1624.37,44.48
1782982500000,1624.33,1624.58,1624.07,1624.45,58.41
1782982560000,1624.45,1624.59,1624.23,1624.23,40.0
1782982620000,1624.23,1624.27,1624.01,1624.26,57.37
1782982680000,1624.27,1624.69,1624.27,1624.38,51.61
1782982740000,1624.38,1624.39,1624.05,1624.25,34.04
1782982800000,1624.22,1624.22,1622.47,1622.97,136.12
1782982860000,1622.96,1623.44,1622.96,1623.36,78.55
1782982920000,1623.43,1624.48,1623.43,1623.91,71.53
1782982980000,1623.9,1624.0,1623.18,1623.34,60.13
1782983040000,1623.35,1623.44,1622.64,1622.64,40.81
1782983100000,1622.64,1622.82,1622.1,1622.17,42.94
1782983160000,1622.18,1622.18,1620.53,1621.08,126.85
1782983220000,1621.08,1621.08,1619.61,1620.74,160.86
1782983280000,1620.75,1621.73,1620.5,1620.73,124.55
1782983340000,1620.73,1620.81,1620.04,1620.54,64.17
1782983400000,1620.53,1621.29,1620.53,1621.09,75.87
1782983460000,1621.08,1621.98,1621.07,1621.82,40.54
1782983520000,1621.82,1622.69,1621.82,1622.68,203.8
1782983580000,1622.68,1623.84,1622.63,1622.92,161.0
1782983640000,1622.93,1623.22,1622.39,1622.62,88.5
1782983700000,1622.61,1622.86,1621.81,1622.24,33.6
1782983760000,1622.25,1622.29,1621.54,1621.85,59.65
1782983820000,1621.85,1623.3,1621.84,1622.52,61.48
1782983880000,1622.52,1622.84,1622.5,1622.84,37.35
1782983940000,1622.84,1622.86,1622.4,1622.4,106.51
1782984000000,1622.41,1623.96,1622.4,1623.85,33.05
1782984060000,1623.85,1625.55,1623.85,1625.49,314.72
1782984120000,1625.49,1625.84,1625.17,1625.83,306.23
1782984180000,1625.84,1627.74,1625.62,1625.66,1031.73
1782984240000,1625.67,1626.9,1625.59,1626.26,249.88
1782984300000,1626.26,1627.35,1625.0,1626.12,1311.01
1782984360000,1626.11,1627.49,1625.56,1626.82,918.62
1782984420000,1626.85,1627.68,1626.75,1627.61,68.53
1782984480000,1627.6,1628.76,1627.29,1628.57,264.34
1782984540000,1628.58,1628.92,1628.51,1628.83,500.72
1782984600000,1628.83,1631.7,1628.82,1631.52,412.3
1782984660000,1631.51,1635.88,1631.09,1632.14,1710.07
1782984720000,1632.13,1633.83,1631.33,1631.33,340.55
1782984780000,1631.25,1632.94,1631.19,1632.41,132.87
1782984840000,1632.42,1634.85,1632.38,1632.38,528.26
1782984900000,1632.38,1634.96,1631.77,1634.95,243.63
1782984960000,1634.97,1644.16,1634.95,1642.48,2081.34
1782985020000,1642.44,1646.0,1639.65,1641.45,1467.41
1782985080000,1641.43,1650.43,1641.15,1650.29,2215.64
1782985140000,1650.15,1650.16,1646.28,1649.36,1125.52
1782985200000,1649.36,1649.36,1646.02,1647.19,765.86
1782985260000,1647.08,1647.17,1645.27,1645.6,461.09
1782985320000,1645.6,1647.72,1644.38,1646.29,1311.24
1782985380000,1646.25,1647.28,1642.04,1642.89,1146.07
1782985440000,1642.88,1643.5,1642.09,1642.39,147.15
1782985500000,1642.31,1642.31,1638.32,1639.57,2310.45
1782985560000,1639.58,1639.67,1637.49,1637.87,682.44
1782985620000,1637.99,1640.19,1637.99,1639.27,221.83
1782985680000,1639.27,1640.36,1638.97,1639.42,580.55
1782985740000,1639.43,1639.81,1638.75,1639.72,53.22
1782985800000,1639.76,1639.83,1638.06,1638.07,361.72
1782985860000,1638.06,1640.57,1638.06,1639.35,317.65
1782985920000,1639.29,1641.44,1638.99,1641.0,192.79
1782985980000,1641.01,1642.94,1641.01,1642.44,172.13
1782986040000,1642.34,1642.34,1638.87,1640.86,142.96
1782986100000,1640.87,1643.01,1639.89,1641.52,216.92
1782986160000,1641.52,1641.9,1639.1,1639.23,313.35
1782986220000,1639.34,1646.0,1639.34,1646.0,429.02
1782986280000,1646.25,1646.5,1642.48,1644.3,572.04
1782986340000,1644.31,1644.52,1642.49,1642.49,314.97
1782986400000,1642.46,1642.46,1640.52,1641.05,200.91
1782986460000,1641.06,1642.62,1641.04,1642.05,127.65
1782986520000,1642.05,1642.06,1641.18,1641.56,325.41
1782986580000,1641.56,1642.53,1641.27,1641.65,341.14
1782986640000,1641.64,1644.02,1641.64,1642.18,266.33
1782986700000,1642.18,1643.53,1641.47,1642.31,167.07
1782986760000,1642.31,1644.72,1642.3,1643.39,72.84
1782986820000,1643.38,1644.91,1643.35,1644.64,115.85
1782986880000,1644.67,1644.84,1643.72,1643.73,171.44
1782986940000,1643.72,1643.73,1641.95,1642.21,74.03
1782987000000,1642.22,1643.73,1641.92,1643.67,183.86
1782987060000,1643.54,1646.04,1642.95,1645.56,199.89
1782987120000,1645.55,1645.61,1644.55,1644.91,73.86
1782987180000,1644.92,1646.4,1644.92,1645.68,338.51
1782987240000,1645.68,1646.2,1645.49,1646.06,73.23
1782987300000,1646.06,1646.3,1645.04,1645.93,168.96
1782987360000,1645.93,1647.2,1643.22,1643.72,180.83
1782987420000,1643.61,1644.25,1642.95,1644.11,141.19
1782987480000,1644.15,1644.59,1643.16,1643.48,48.3
1782987540000,1643.47,1645.7,1643.47,1645.69,128.3
1782987600000,1645.72,1646.32,1644.43,1644.6,192.59
1782987660000,1644.6,1645.3,1644.39,1644.87,156.85
1782987720000,1644.88,1645.02,1643.91,1643.95,191.46
1782987780000,1643.95,1643.96,1643.06,1643.61,234.62
1782987840000,1643.74,1645.01,1643.48,1644.75,47.38
1782987900000,1644.78,1645.49,1644.61,1645.11,176.43
1782987960000,1645.14,1645.9,1644.07,1644.59,327.89
1782988020000,1644.54,1644.98,1643.09,1643.24,65.95
1782988080000,1643.2,1644.66,1643.11,1643.91,66.36
1782988140000,1643.91,1645.14,1643.91,1645.07,43.31
1782988200000,1645.1,1646.79,1645.1,1646.79,340.74
1782988260000,1646.74,1647.34,1646.57,1647.01,63.75
1782988320000,1646.95,1646.95,1645.33,1645.46,151.81
1782988380000,1645.38,1647.02,1645.3,1646.76,91.67
1782988440000,1646.75,1648.14,1646.67,1647.93,199.84
1782988500000,1648.0,1648.16,1646.57,1646.9,74.67
1782988560000,1646.89,1646.89,1645.76,1645.81,58.99
1782988620000,1645.82,1646.59,1645.57,1646.01,60.87
1782988680000,1646.01,1646.04,1644.73,1644.89,46.66
1782988740000,1644.89,1646.63,1644.89,1646.56,37.83
1782988800000,1646.56,1646.86,1645.74,1645.88,42.49
1782988860000,1645.89,1647.72,1645.89,1647.69,74.37
1782988920000,1647.73,1648.89,1647.01,1647.38,251.02
1782988980000,1647.39,1647.39,1645.66,1645.69,208.08
1782989040000,1645.7,1646.04,1643.73,1643.93,54.28
1782989100000,1643.93,1644.43,1642.28,1643.78,945.34
1782989160000,1643.8,1645.0,1643.05,1644.99,177.65
1782989220000,1644.99,1645.52,1644.74,1644.74,59.76
1782989280000,1644.7,1645.84,1644.0,1645.6,273.92
1782989340000,1645.59,1645.64,1644.94,1645.11,53.14
1782989400000,1645.11,1645.35,1643.6,1645.28,35.76
1782989460000,1645.28,1645.5,1644.95,1645.29,136.52
1782989520000,1645.29,1647.02,1645.28,1646.05,58.82
1782989580000,1646.17,1646.19,1645.38,1646.14,26.01
1782989640000,1646.14,1647.52,1646.09,1646.37,73.52
1782989700000,1646.31,1646.34,1645.01,1645.35,54.03
1782989760000,1645.36,1646.52,1645.27,1645.38,107.52
1782989820000,1645.37,1646.16,1645.01,1645.75,45.13
1782989880000,1645.74,1645.94,1645.12,1645.56,95.5
1782989940000,1645.46,1645.89,1645.13,1645.54,31.07
1782990000000,1645.63,1645.83,1644.84,1645.33,58.57
1782990060000,1645.34,1646.0,1645.32,1645.59,119.13
1782990120000,1645.64,1646.1,1644.49,1645.47,96.83
1782990180000,1645.48,1645.58,1644.87,1644.98,38.9
1782990240000,1644.99,1645.73,1644.78,1645.66,37.52
1782990300000,1645.66,1645.8,1645.4,1645.69,41.79
1782990360000,1645.69,1645.97,1645.44,1645.86,25.55
1782990420000,1645.86,1647.74,1645.86,1647.74,312.33
1782990480000,1647.86,1647.98,1646.29,1647.0,140.74
1782990540000,1646.99,1648.01,1646.85,1647.65,1237.62
1782990600000,1647.59,1650.31,1647.59,1649.83,618.45
1782990660000,1649.9,1654.0,1649.61,1651.68,4348.89
1782990720000,1651.8,1653.17,1650.63,1650.64,877.62
1782990780000,1650.43,1651.61,1650.0,1650.58,2081.49
1782990840000,1650.58,1650.59,1649.36,1649.65,650.93
1782990900000,1649.54,1649.91,1648.93,1649.59,1399.82
1782990960000,1649.58,1649.82,1649.05,1649.13,51.46
1782991020000,1649.16,1649.74,1648.4,1648.58,140.5
1782991080000,1648.58,1649.25,1647.51,1647.76,71.35
1782991140000,1647.76,1648.27,1647.31,1648.08,1549.89
1782991200000,1648.28,1648.47,1647.17,1647.54,126.34
1782991260000,1647.46,1648.19,1646.66,1647.86,293.92
1782991320000,1647.85,1648.4,1647.5,1647.87,157.37
1782991380000,1647.86,1649.34,1647.86,1648.24,610.17
1782991440000,1648.24,1649.18,1648.2,1648.44,53.01
1782991500000,1648.44,1648.67,1646.84,1647.16,64.2
1782991560000,1647.16,1647.66,1646.83,1647.27,374.17
1782991620000,1647.28,1647.63,1647.05,1647.61,42.62
1782991680000,1647.62,1648.25,1646.96,1647.0,1199.38
1782991740000,1647.0,1647.26,1646.64,1647.25,85.16
1782991800000,1647.22,1648.88,1646.54,1646.7,91.31
1782991860000,1646.71,1647.32,1646.54,1647.32,72.11
1782991920000,1647.32,1648.13,1645.7,1645.79,139.32
1782991980000,1645.82,1645.96,1644.55,1645.25,168.96
1782992040000,1645.24,1645.71,1644.87,1645.1,35.07
1782992100000,1645.1,1645.31,1644.43,1645.2,50.35
1782992160000,1645.21,1645.46,1644.81,1644.81,43.59
1782992220000,1644.81,1645.4,1644.79,1645.19,79.73
1782992280000,1645.23,1645.98,1645.01,1645.03,575.57
1782992340000,1645.03,1645.11,1644.68,1645.1,96.07
1782992400000,1645.1,1645.48,1644.86,1644.91,75.4
1782992460000,1644.71,1645.53,1644.37,1645.34,38.75
1782992520000,1645.31,1645.59,1644.99,1645.07,54.62
1782992580000,1645.06,1645.69,1644.96,1645.05,58.44
1782992640000,1645.05,1645.26,1644.97,1645.02,41.06
1782992700000,1645.02,1645.7,1645.02,1645.51,101.73
1782992760000,1645.52,1645.89,1645.48,1645.88,114.69
1782992820000,1645.9,1648.1,1645.9,1647.51,1013.09
1782992880000,1647.51,1648.5,1647.27,1648.38,53.29
1782992940000,1648.43,1648.66,1647.94,1648.01,639.94
1782993000000,1648.0,1648.16,1647.82,1647.98,49.32
1782993060000,1647.97,1649.3,1647.66,1649.3,42.1
1782993120000,1649.3,1649.64,1648.87,1648.97,1093.39
1782993180000,1648.96,1650.87,1648.96,1650.64,654.57
1782993240000,1650.64,1651.97,1648.95,1649.81,211.72
1782993300000,1649.8,1650.03,1645.07,1645.14,249.32
1782993360000,1645.03,1647.09,1643.72,1647.09,214.17
1782993420000,1647.08,1648.0,1645.84,1646.74,58.11
1782993480000,1646.76,1648.41,1646.62,1648.08,102.88
1782993540000,1648.04,1650.25,1648.0,1649.48,105.25
1782993600000,1649.49,1650.17,1647.55,1648.17,111.35
1782993660000,1648.18,1648.81,1647.63,1647.63,108.06
1782993720000,1647.64,1648.53,1647.3,1648.04,37.59
1782993780000,1648.04,1648.59,1647.01,1647.24,54.59
1782993840000,1647.24,1647.72,1647.08,1647.26,62.53
1782993900000,1647.3,1649.21,1647.3,1648.87,160.65
1782993960000,1648.87,1651.1,1648.59,1650.89,279.14
1782994020000,1650.89,1651.02,1648.54,1648.91,153.35
1782994080000,1648.95,1649.75,1648.11,1649.0,66.13
1782994140000,1649.0,1650.71,1649.0,1650.28,73.39
1782994200000,1650.42,1651.1,1649.91,1650.22,74.35
1782994260000,1650.21,1650.22,1648.98,1650.07,167.5
1782994320000,1650.06,1651.17,1649.98,1651.07,267.26
1782994380000,1651.08,1652.72,1651.05,1652.72,104.02
1782994440000,1652.8,1655.88,1652.39,1654.75,1626.48
1782994500000,1654.75,1657.88,1654.75,1655.21,1146.2
1782994560000,1655.0,1655.84,1653.97,1654.85,939.55
1782994620000,1654.84,1655.05,1653.11,1653.12,292.79
1782994680000,1653.1,1654.58,1652.93,1653.41,103.91
1782994740000,1653.4,1653.4,1648.0,1648.77,1130.29
1782994800000,1648.74,1651.05,1648.54,1651.05,771.95
1782994860000,1651.01,1651.72,1649.73,1650.8,543.08
1782994920000,1650.77,1653.87,1650.73,1653.39,72.17
1782994980000,1653.27,1653.62,1651.61,1652.42,517.82
1782995040000,1652.43,1652.91,1651.86,1652.67,97.51
1782995100000,1652.63,1654.24,1652.63,1654.04,95.35
1782995160000,1654.03,1654.4,1653.38,1653.79,79.5
1782995220000,1653.79,1653.89,1653.07,1653.07,99.62
1782995280000,1653.07,1655.43,1652.8,1655.42,944.22
1782995340000,1655.45,1664.13,1655.45,1663.36,2204.1
1782995400000,1663.3,1668.72,1662.0,1664.0,2436.01
1782995460000,1663.99,1665.77,1656.42,1658.58,823.33
1782995520000,1658.59,1659.95,1657.47,1657.85,275.04
1782995580000,1658.05,1658.47,1650.78,1650.86,844.46
1782995640000,1650.8,1656.16,1649.95,1656.16,892.93
1782995700000,1656.23,1656.41,1654.38,1655.29,565.58
1782995760000,1655.3,1660.52,1655.15,1660.24,376.86
1782995820000,1660.09,1661.39,1658.52,1661.06,289.53
1782995880000,1661.06,1661.06,1657.53,1659.21,586.5
1782995940000,1659.21,1660.71,1659.21,1659.73,184.5
1782996000000,1659.63,1659.63,1657.5,1658.53,115.89
1782996060000,1658.53,1658.72,1657.12,1657.49,128.28
1782996120000,1657.51,1659.78,1657.28,1659.7,114.75
1782996180000,1659.69,1660.59,1658.98,1660.34,74.31
1782996240000,1660.34,1660.46,1659.01,1659.03,88.94
1782996300000,1659.02,1661.18,1659.02,1660.6,140.1
1782996360000,1660.6,1661.58,1659.99,1661.3,212.65
1782996420000,1661.31,1662.09,1659.74,1660.39,352.65
1782996480000,1660.15,1661.61,1659.83,1660.7,142.04
1782996540000,1660.71,1661.55,1660.07,1661.05,112.49
1782996600000,1660.98,1664.18,1660.98,1663.68,155.59
1782996660000,1663.67,1663.79,1661.78,1661.79,178.79
1782996720000,1661.8,1663.79,1661.8,1662.4,209.97
1782996780000,1662.4,1663.81,1661.65,1663.66,89.16
1782996840000,1663.66,1666.41,1662.84,1666.38,1717.19
1782996900000,1666.4,1666.69,1663.8,1664.42,694.96
1782996960000,1664.36,1664.66,1662.0,1664.53,687.23
1782997020000,1664.47,1664.5,1662.82,1663.54,412.3
1782997080000,1663.54,1664.34,1660.0,1660.72,127.56
1782997140000,1660.75,1662.2,1660.75,1661.85,472.79
1782997200000,1661.86,1664.0,1661.56,1661.74,91.71
1782997260000,1661.74,1661.77,1660.02,1661.23,374.91
1782997320000,1661.29,1662.44,1661.29,1662.04,117.92
1782997380000,1662.04,1662.23,1661.69,1661.99,178.86
1782997440000,1661.99,1662.42,1661.51,1662.26,149.84
1782997500000,1662.2,1664.77,1661.72,1664.68,92.84
1782997560000,1664.67,1666.57,1664.67,1665.86,731.07
1782997620000,1665.85,1666.98,1664.52,1665.86,123.08
1782997680000,1665.85,1665.98,1663.12,1663.5,176.73
1782997740000,1663.55,1665.49,1663.55,1664.81,153.42
1782997800000,1664.82,1665.54,1663.75,1665.08,72.81
1782997860000,1665.08,1666.55,1664.83,1665.83,71.66
1782997920000,1665.84,1668.56,1665.56,1668.49,690.22
1782997980000,1668.48,1671.57,1668.42,1669.06,1912.04
1782998040000,1669.05,1669.06,1667.79,1668.06,154.19
1782998100000,1668.07,1670.52,1668.03,1670.27,226.02
1782998160000,1670.29,1671.85,1670.29,1671.85,706.57
1782998220000,1671.85,1672.28,1669.69,1670.64,258.8
1782998280000,1670.64,1673.64,1670.64,1673.04,1773.81
1782998340000,1673.02,1676.0,1672.86,1675.92,934.38
1782998400000,1675.89,1677.34,1672.68,1673.56,993.0
1782998460000,1673.6,1679.65,1672.74,1679.37,1214.32
1782998520000,1679.35,1681.76,1676.84,1681.7,1503.04
1782998580000,1681.63,1684.31,1680.69,1683.03,5158.43
1782998640000,1683.04,1686.27,1682.94,1684.24,1183.84
1782998700000,1684.2,1689.65,1683.53,1689.24,1795.23
1782998760000,1689.14,1689.65,1683.2,1686.78,1035.69
1782998820000,1686.76,1687.48,1685.21,1685.21,325.47
1782998880000,1685.18,1685.84,1680.53,1680.53,606.32
1782998940000,1680.5,1681.84,1678.13,1681.68,933.14
1782999000000,1681.91,1683.29,1677.85,1681.87,644.16
1782999060000,1681.85,1694.38,1681.48,1694.38,1432.6
1782999120000,1694.5,1697.47,1689.46,1690.54,2607.84
1782999180000,1690.7,1695.58,1690.27,1693.19,1242.82
1782999240000,1693.25,1710.0,1693.25,1706.64,5305.37
1782999300000,1706.64,1708.51,1701.66,1701.85,1624.65
1782999360000,1701.91,1707.46,1700.1,1707.46,1362.03
1782999420000,1707.48,1707.75,1702.25,1705.29,803.03
1782999480000,1705.3,1705.54,1700.13,1701.84,483.68
1782999540000,1701.68,1708.06,1701.41,1707.1,527.66
1782999600000,1707.09,1711.73,1704.48,1704.51,1972.84
1782999660000,1704.51,1706.65,1704.39,1705.07,716.73
1782999720000,1705.03,1707.42,1703.78,1706.74,484.19
1782999780000,1706.7,1712.74,1706.14,1710.59,3610.71
1782999840000,1710.59,1710.59,1708.69,1710.25,530.2
1782999900000,1710.22,1710.22,1705.02,1706.07,648.57
1782999960000,1706.1,1711.0,1706.1,1707.87,329.43
1783000020000,1707.62,1713.57,1707.24,1711.94,1203.12
1783000080000,1711.88,1713.1,1707.65,1707.82,437.4
1783000140000,1707.8,1712.5,1707.8,1710.31,479.96
1783000200000,1710.17,1711.1,1708.34,1708.81,414.16
1783000260000,1708.94,1712.75,1708.94,1712.74,188.69
1783000320000,1712.74,1713.05,1710.32,1711.55,284.72
1783000380000,1711.56,1711.56,1706.71,1707.07,1269.69
1783000440000,1707.09,1710.65,1705.0,1709.1,471.26
1783000500000,1709.05,1709.58,1707.52,1708.97,240.34
1783000560000,1708.97,1709.38,1707.02,1707.43,221.79
1783000620000,1707.44,1709.51,1707.07,1708.44,291.91
1783000680000,1708.41,1710.65,1708.35,1709.12,1233.5
1783000740000,1709.15,1712.92,1709.15,1710.1,409.79
1783000800000,1710.21,1711.5,1708.24,1709.16,429.93
1783000860000,1709.19,1719.22,1709.17,1717.57,2316.39
1783000920000,1717.66,1718.26,1715.63,1717.38,862.85
1783000980000,1717.32,1717.32,1708.52,1708.61,1633.13
1783001040000,1708.53,1709.71,1706.47,1708.53,604.06
1783001100000,1708.54,1709.35,1705.64,1708.43,342.96
1783001160000,1708.43,1709.5,1707.12,1708.15,352.43
1783001220000,1708.16,1713.57,1708.16,1713.35,167.71
1783001280000,1713.32,1714.0,1710.33,1710.5,216.68
1783001340000,1710.5,1711.39,1708.62,1709.32,302.0
1783001400000,1709.37,1710.4,1708.05,1709.47,371.88
1783001460000,1709.52,1714.16,1709.52,1713.42,406.47
1783001520000,1713.47,1724.0,1712.96,1721.89,2673.55
1783001580000,1721.79,1721.82,1718.43,1720.1,698.6
1783001640000,1720.2,1720.63,1715.72,1715.86,709.99
1783001700000,1715.86,1716.92,1714.8,1716.12,573.61
1783001760000,1716.13,1720.18,1711.63,1711.63,400.86
1783001820000,1711.85,1714.64,1711.58,1712.84,1046.61
1783001880000,1712.91,1713.95,1710.71,1711.23,306.19
1783001940000,1711.15,1711.65,1708.68,1709.29,479.36
1783002000000,1709.3,1709.38,1703.62,1704.9,1142.67
1783002060000,1704.0,1707.62,1702.86,1707.34,406.0
1783002120000,1707.22,1707.43,1704.12,1707.43,250.65
1783002180000,1707.49,1709.83,1704.82,1705.51,574.71
1783002240000,1705.52,1708.36,1704.82,1704.86,153.6
1783002300000,1704.79,1704.8,1701.65,1704.19,462.26
1783002360000,1704.17,1705.79,1703.63,1704.83,193.56
1783002420000,1704.83,1704.83,1696.86,1697.56,924.74
1783002480000,1697.39,1700.97,1696.59,1700.44,355.36
1783002540000,1700.49,1702.21,1700.06,1700.79,182.93
1783002600000,1700.73,1702.53,1698.23,1701.67,505.6
1783002660000,1701.76,1705.09,1701.53,1704.93,302.22
1783002720000,1704.94,1706.81,1700.39,1700.68,419.44
1783002780000,1700.62,1702.27,1698.95,1701.47,375.84
1783002840000,1701.59,1703.44,1699.66,1700.01,322.17
1783002900000,1700.0,1700.25,1696.05,1697.03,527.85
1783002960000,1697.01,1703.14,1697.0,1701.45,258.61
1783003020000,1701.43,1705.22,1701.21,1703.56,228.23
1783003080000,1703.55,1703.59,1699.22,1699.6,297.01
1783003140000,1699.48,1700.6,1697.16,1697.83,189.82
1783003200000,1697.78,1698.15,1696.5,1696.56,310.01
1783003260000,1696.56,1697.14,1693.75,1694.38,571.39
1783003320000,1694.47,1696.73,1692.57,1695.66,572.57
1783003380000,1695.69,1696.99,1695.01,1696.67,307.0
1783003440000,1696.61,1696.76,1694.54,1694.64,164.01
1783003500000,1694.64,1698.16,1694.63,1697.65,331.85
1783003560000,1697.82,1699.12,1697.51,1698.14,238.6
1783003620000,1698.19,1699.84,1697.17,1697.43,176.6
1783003680000,1697.43,1697.85,1695.0,1695.12,89.56
1783003740000,1695.13,1701.09,1695.11,1699.51,539.65
1783003800000,1699.52,1700.36,1697.53,1698.19,154.61
1783003860000,1698.12,1701.56,1697.66,1701.36,211.28
1783003920000,1701.1,1701.17,1695.38,1695.79,161.9
1783003980000,1695.72,1697.42,1695.01,1696.29,136.93
1783004040000,1696.28,1696.46,1695.03,1695.75,650.7
1783004100000,1695.75,1697.31,1695.31,1696.62,68.47
1783004160000,1696.56,1698.88,1696.42,1698.39,121.77
1783004220000,1698.41,1698.41,1696.36,1697.5,46.47
1783004280000,1697.49,1697.93,1696.08,1697.92,99.5
1783004340000,1697.92,1700.83,1697.9,1700.83,116.8
1783004400000,1700.82,1701.89,1699.97,1701.85,188.85
1783004460000,1701.84,1702.91,1700.03,1700.69,460.49
1783004520000,1700.55,1701.93,1700.09,1700.5,59.44
1783004580000,1700.52,1701.68,1698.4,1698.43,239.64
1783004640000,1698.43,1698.84,1695.4,1695.93,149.01
1783004700000,1696.04,1697.28,1693.6,1694.35,156.35
1783004760000,1694.4,1694.5,1691.72,1691.85,528.47
1783004820000,1691.85,1691.98,1687.59,1689.55,765.91
1783004880000,1689.53,1693.59,1689.53,1692.54,314.75
1783004940000,1692.53,1694.44,1691.03,1693.48,236.78
1783005000000,1693.48,1693.66,1691.74,1692.29,371.96
1783005060000,1692.29,1695.72,1692.15,1694.72,398.73
1783005120000,1694.64,1695.61,1694.07,1694.11,581.47
1783005180000,1694.11,1694.98,1693.8,1694.14,101.61
1783005240000,1694.15,1694.56,1693.12,1693.65,94.33
1783005300000,1693.62,1695.5,1693.51,1694.55,101.45
1783005360000,1694.56,1694.73,1691.26,1691.77,172.97
1783005420000,1691.77,1692.74,1691.12,1691.46,1435.82
1783005480000,1691.47,1696.23,1691.47,1694.5,1546.39
1783005540000,1694.5,1694.5,1693.1,1693.68,1335.84
1783005600000,1693.67,1697.63,1693.67,1697.42,204.51
1783005660000,1697.41,1698.67,1696.67,1697.62,689.55
1783005720000,1697.56,1698.51,1697.13,1697.73,88.16
1783005780000,1697.7,1698.0,1696.28,1697.64,88.21
1783005840000,1697.62,1700.41,1697.57,1700.4,269.19
1783005900000,1700.33,1701.0,1699.08,1699.7,1568.04
1783005960000,1699.79,1702.62,1699.79,1700.76,440.76
1783006020000,1700.72,1701.8,1699.74,1700.78,171.31
1783006080000,1700.77,1701.91,1700.02,1701.86,62.13
1783006140000,1701.88,1702.77,1699.06,1699.08,232.6
1783006200000,1699.1,1700.54,1698.82,1699.2,256.42
1783006260000,1699.21,1699.86,1698.06,1699.65,1786.1
1783006320000,1699.66,1700.64,1699.09,1699.98,99.4
1783006380000,1700.0,1700.54,1698.77,1698.92,104.02
1783006440000,1698.92,1700.58,1698.92,1700.02,106.56
1783006500000,1700.02,1702.69,1699.86,1702.25,146.95
1783006560000,1702.16,1702.37,1697.71,1698.06,181.43
1783006620000,1698.06,1699.99,1696.79,1699.76,94.49
1783006680000,1699.74,1699.99,1699.16,1699.69,37.85
1783006740000,1699.69,1699.99,1699.15,1699.37,41.32
1783006800000,1699.38,1701.95,1699.1,1701.68,79.66
1783006860000,1701.68,1701.68,1700.66,1700.75,88.54
1783006920000,1700.75,1700.75,1699.55,1700.3,49.33
1783006980000,1700.3,1701.12,1699.93,1701.1,134.0
1783007040000,1701.11,1702.0,1700.23,1701.39,144.41
1783007100000,1701.21,1702.65,1701.13,1702.61,101.19
1783007160000,1702.62,1702.62,1700.67,1700.94,139.94
1783007220000,1700.89,1701.59,1700.89,1701.39,83.3
1783007280000,1701.36,1701.58,1700.16,1700.16,164.51
1783007340000,1700.33,1700.78,1698.1,1698.42,49.36
1783007400000,1698.43,1698.43,1696.02,1696.28,163.72
1783007460000,1696.28,1697.4,1695.62,1696.35,2089.34
1783007520000,1696.35,1696.85,1694.3,1694.89,188.54
1783007580000,1694.88,1695.02,1694.13,1694.79,186.93
1783007640000,1694.81,1697.05,1694.43,1697.02,98.98
1783007700000,1697.04,1697.09,1695.73,1695.79,68.45
1783007760000,1695.76,1696.2,1695.51,1695.63,63.13
1783007820000,1695.62,1697.13,1695.62,1696.93,47.29
1783007880000,1696.97,1697.52,1696.33,1697.18,389.67
1783007940000,1697.18,1697.64,1696.07,1696.22,35.04
1783008000000,1696.32,1698.22,1696.32,1696.9,238.41
1783008060000,1696.91,1697.26,1694.8,1695.09,1143.9
1783008120000,1695.08,1695.08,1691.58,1691.68,173.44
1783008180000,1691.71,1692.83,1690.68,1692.68,796.72
1783008240000,1692.67,1695.75,1691.8,1695.51,1130.12
1783008300000,1695.52,1697.92,1695.51,1697.32,344.4
1783008360000,1697.33,1697.33,1695.44,1696.76,171.37
1783008420000,1696.76,1697.47,1695.21,1695.44,767.26
1783008480000,1695.44,1696.05,1695.31,1696.03,301.97
1783008540000,1696.03,1696.45,1695.06,1695.41,222.44
1783008600000,1695.41,1697.23,1695.03,1697.23,78.89
1783008660000,1697.23,1699.23,1697.23,1698.12,263.75
1783008720000,1698.18,1699.29,1696.44,1699.13,56.54
1783008780000,1699.13,1700.22,1698.69,1699.44,141.94
1783008840000,1699.43,1700.91,1698.77,1699.0,184.0
1783008900000,1699.0,1699.13,1694.0,1694.02,181.3
1783008960000,1694.08,1697.3,1694.07,1696.23,99.4
1783009020000,1696.21,1696.21,1692.99,1693.14,135.54
1783009080000,1693.14,1694.32,1693.03,1694.08,420.84
1783009140000,1694.08,1695.5,1692.89,1692.9,473.14
1783009200000,1692.9,1693.52,1692.12,1692.42,54.2
1783009260000,1692.41,1693.0,1691.26,1692.38,219.79
1783009320000,1692.39,1694.14,1692.08,1694.14,447.32
1783009380000,1694.16,1694.34,1693.02,1693.02,222.22
1783009440000,1693.05,1693.71,1692.62,1693.51,75.05
1783009500000,1693.53,1694.69,1693.5,1693.67,55.85
1783009560000,1693.61,1693.69,1692.5,1693.29,302.23
1783009620000,1693.31,1693.4,1686.5,1686.67,2292.19
1783009680000,1686.56,1688.95,1686.0,1688.32,875.9
1783009740000,1688.11,1689.0,1686.68,1688.88,742.83
1783009800000,1688.97,1689.97,1688.1,1689.2,1075.23
1783009860000,1689.22,1691.11,1688.71,1690.52,181.88
1783009920000,1690.51,1691.69,1689.61,1690.69,216.05
1783009980000,1690.69,1691.03,1689.57,1689.88,94.21
1783010040000,1689.88,1689.92,1688.37,1689.38,53.95
1783010100000,1689.38,1690.36,1689.21,1690.36,137.74
1783010160000,1690.35,1690.48,1689.12,1689.61,40.0
1783010220000,1689.61,1689.7,1688.22,1688.46,197.59
1783010280000,1688.45,1689.34,1688.45,1689.3,454.08
1783010340000,1689.3,1692.34,1688.36,1691.81,459.47
1783010400000,1691.82,1695.49,1691.55,1695.49,526.58
1783010460000,1695.37,1696.94,1694.37,1695.2,1007.15
1783010520000,1695.2,1697.04,1694.8,1695.34,349.11
1783010580000,1695.16,1696.94,1695.03,1696.51,213.94
1783010640000,1696.56,1696.98,1695.72,1696.46,140.52
1783010700000,1696.45,1696.86,1695.4,1695.9,102.56
1783010760000,1695.9,1697.36,1695.84,1696.97,68.13
1783010820000,1696.97,1698.47,1696.79,1698.47,119.98
1783010880000,1698.46,1700.54,1697.04,1699.28,309.92
1783010940000,1699.29,1703.77,1699.28,1702.91,273.63
1783011000000,1702.91,1702.91,1698.8,1699.24,242.82
1783011060000,1699.24,1700.8,1698.76,1700.43,149.59
1783011120000,1700.43,1701.79,1699.59,1701.52,102.56
1783011180000,1701.52,1701.78,1699.59,1699.91,69.21
1783011240000,1699.92,1701.19,1699.92,1701.07,390.89
1783011300000,1701.06,1701.07,1699.76,1699.93,37.04
1783011360000,1699.93,1699.93,1698.18,1698.21,117.72
1783011420000,1698.21,1698.38,1697.96,1697.96,974.02
1783011480000,1697.96,1698.6,1697.51,1698.02,38.1
1783011540000,1698.02,1699.2,1698.01,1698.89,76.71
1783011600000,1698.89,1698.89,1697.78,1697.8,49.98
1783011660000,1697.79,1697.9,1696.27,1697.09,205.27
1783011720000,1697.1,1698.49,1696.94,1697.22,60.42
1783011780000,1697.14,1697.71,1696.64,1697.05,65.49
1783011840000,1697.07,1697.97,1695.32,1697.96,147.45
1783011900000,1698.0,1699.99,1695.66,1699.99,151.41
1783011960000,1700.0,1701.03,1699.87,1700.43,224.58
1783012020000,1700.45,1701.56,1699.84,1699.88,194.26
1783012080000,1699.76,1699.76,1697.51,1698.98,243.05
1783012140000,1698.97,1699.52,1697.85,1698.44,37.61
1783012200000,1698.43,1698.81,1696.18,1696.83,295.81
1783012260000,1696.87,1697.33,1696.32,1697.22,147.08
1783012320000,1697.23,1697.5,1697.05,1697.17,253.6
1783012380000,1697.17,1698.01,1696.64,1697.92,261.95
1783012440000,1697.92,1698.73,1697.92,1698.32,292.69
1783012500000,1698.32,1698.75,1697.44,1698.6,114.67
1783012560000,1698.56,1700.0,1698.35,1699.8,58.66
1783012620000,1699.8,1700.99,1699.67,1699.74,506.41
1783012680000,1699.74,1701.09,1699.25,1700.0,33.61
1783012740000,1700.0,1701.03,1699.34,1700.97,116.27
1783012800000,1701.0,1702.95,1701.0,1702.65,211.17
1783012860000,1702.65,1703.67,1701.29,1702.72,70.84
1783012920000,1702.76,1703.62,1702.35,1702.43,805.73
1783012980000,1702.43,1704.53,1701.77,1703.24,343.97
1783013040000,1703.21,1703.32,1701.93,1702.37,55.6
1783013100000,1702.36,1702.44,1701.93,1702.2,28.74
1783013160000,1702.2,1702.77,1701.65,1701.94,73.62
1783013220000,1701.94,1704.09,1701.93,1703.7,62.08
1783013280000,1703.7,1704.41,1703.16,1703.51,205.63
1783013340000,1703.5,1704.05,1702.92,1703.7,78.83
1783013400000,1703.7,1703.71,1702.09,1702.25,63.07
1783013460000,1702.26,1702.95,1701.44,1702.13,55.32
1783013520000,1702.14,1702.8,1701.8,1702.67,27.76
1783013580000,1702.68,1702.68,1701.2,1701.35,239.34
1783013640000,1701.34,1701.88,1700.06,1700.08,238.13
1783013700000,1700.08,1700.08,1696.36,1697.36,210.99
1783013760000,1697.47,1697.62,1695.33,1695.92,214.07
1783013820000,1695.92,1696.09,1693.83,1695.15,109.81
1783013880000,1695.15,1696.41,1694.65,1695.49,99.24
1783013940000,1695.5,1696.16,1695.38,1696.09,86.92
1783014000000,1696.12,1698.25,1696.12,1697.34,440.77
1783014060000,1697.38,1699.13,1697.38,1698.75,47.5
1783014120000,1698.65,1699.92,1698.46,1698.95,281.0
1783014180000,1698.87,1699.44,1698.46,1699.31,54.31
1783014240000,1699.31,1699.96,1699.3,1699.83,65.02
1783014300000,1699.84,1700.32,1698.17,1698.25,185.33
1783014360000,1698.24,1698.31,1696.38,1696.39,70.05
1783014420000,1696.38,1696.38,1694.87,1695.02,109.86
1783014480000,1695.02,1695.42,1693.6,1695.41,104.92
1783014540000,1695.35,1695.64,1694.38,1695.17,154.72
1783014600000,1695.17,1696.03,1694.34,1695.55,71.18
1783014660000,1695.55,1695.71,1694.65,1695.56,34.99
1783014720000,1695.55,1695.77,1694.77,1695.49,155.62
1783014780000,1695.48,1695.76,1694.76,1695.52,72.34
1783014840000,1695.51,1697.81,1695.51,1696.98,98.76
1783014900000,1696.98,1696.99,1695.92,1695.92,50.67
1783014960000,1695.86,1696.11,1695.38,1695.8,143.77
1783015020000,1695.8,1696.14,1695.54,1696.13,30.75
1783015080000,1696.14,1696.22,1694.85,1694.88,144.54
1783015140000,1694.88,1695.15,1694.86,1694.94,57.0
1783015200000,1694.94,1696.19,1694.47,1696.12,194.27
1783015260000,1696.12,1697.33,1695.73,1696.85,63.14
1783015320000,1696.86,1697.35,1695.9,1696.5,53.57
1783015380000,1696.57,1697.47,1696.56,1697.3,22.62
1783015440000,1697.3,1698.57,1697.3,1698.32,145.92
1783015500000,1698.36,1699.4,1698.19,1698.77,67.25
1783015560000,1698.78,1700.86,1698.66,1700.06,324.19
1783015620000,1700.07,1700.38,1699.38,1699.58,82.57
1783015680000,1699.58,1701.09,1699.51,1700.94,247.64
1783015740000,1700.94,1701.43,1700.47,1701.38,133.9
1783015800000,1701.38,1701.66,1699.91,1700.67,45.52
1783015860000,1700.72,1701.35,1699.76,1700.59,46.45
1783015920000,1700.59,1701.3,1700.37,1701.27,40.22
1783015980000,1701.28,1701.87,1700.6,1701.33,164.13
1783016040000,1701.34,1702.28,1701.27,1701.71,91.18
1783016100000,1701.71,1701.71,1700.49,1700.81,87.34
1783016160000,1700.81,1700.85,1699.95,1700.85,111.44
1783016220000,1700.84,1700.87,1698.76,1698.92,52.08
1783016280000,1698.81,1700.22,1698.28,1699.17,37.57
1783016340000,1699.17,1701.09,1699.07,1701.09,38.45
1783016400000,1701.14,1701.6,1700.49,1701.45,126.72
1783016460000,1701.44,1701.75,1700.67,1701.06,28.57
1783016520000,1701.06,1702.67,1701.01,1702.18,102.92
1783016580000,1702.17,1702.18,1700.89,1701.24,97.95
1783016640000,1701.23,1701.75,1701.11,1701.6,29.61
1783016700000,1701.61,1702.46,1701.36,1701.37,24.95
1783016760000,1701.36,1701.36,1700.64,1701.25,39.76
1783016820000,1701.25,1701.84,1701.25,1701.73,58.49
1783016880000,1701.72,1702.64,1701.7,1702.62,163.99
1783016940000,1702.58,1703.24,1702.07,1703.24,156.01
1783017000000,1703.24,1703.24,1701.5,1702.39,83.01
1783017060000,1702.43,1703.17,1701.64,1702.5,47.04
1783017120000,1702.54,1702.6,1701.93,1702.43,31.55
1783017180000,1702.44,1703.01,1702.15,1702.23,45.65
1783017240000,1702.23,1702.23,1700.9,1701.88,143.98
1783017300000,1701.89,1702.34,1701.24,1701.55,66.4
1783017360000,1701.53,1702.34,1701.53,1702.24,80.97
1783017420000,1702.22,1702.25,1701.78,1702.23,31.26
1783017480000,1702.24,1703.52,1702.24,1703.27,98.22
1783017540000,1703.22,1703.63,1702.99,1703.35,174.66
1783017600000,1703.36,1703.36,1702.72,1702.9,45.63
1783017660000,1702.9,1702.98,1702.17,1702.51,29.57
1783017720000,1702.51,1703.37,1702.51,1703.37,23.91
1783017780000,1703.37,1704.14,1703.32,1703.99,292.57
1783017840000,1703.99,1704.01,1703.25,1703.69,321.04
1783017900000,1703.69,1703.91,1703.19,1703.54,515.0
1783017960000,1703.54,1703.55,1702.26,1702.41,180.86
1783018020000,1702.4,1704.01,1702.4,1704.0,118.62
1783018080000,1704.01,1706.33,1703.77,1706.21,578.39
1783018140000,1706.27,1706.42,1705.37,1705.77,388.71
1783018200000,1705.77,1705.77,1704.57,1704.81,269.65
1783018260000,1704.81,1704.87,1703.44,1703.62,90.29
1783018320000,1703.62,1704.6,1703.46,1703.78,29.11
1783018380000,1703.65,1703.65,1702.87,1703.0,42.72
1783018440000,1702.99,1703.1,1701.15,1701.19,208.81
1783018500000,1701.2,1701.27,1699.53,1700.65,414.38
1783018560000,1700.65,1701.06,1699.58,1699.88,148.44
1783018620000,1699.87,1700.48,1699.59,1700.28,59.47
1783018680000,1700.27,1700.42,1699.59,1700.23,46.77
1783018740000,1700.22,1701.3,1700.04,1701.28,56.75
1783018800000,1701.28,1702.16,1700.24,1700.25,319.23
1783018860000,1700.25,1701.07,1699.78,1701.06,35.09
1783018920000,1701.05,1701.7,1700.74,1701.33,82.99
1783018980000,1701.32,1701.69,1701.23,1701.36,30.47
1783019040000,1701.37,1702.04,1700.01,1700.42,31.64
1783019100000,1700.42,1700.95,1698.77,1699.15,476.66
1783019160000,1699.14,1701.01,1698.59,1700.69,381.69
1783019220000,1700.68,1700.84,1699.43,1700.36,48.52
1783019280000,1700.37,1700.92,1700.21,1700.45,54.08
1783019340000,1700.46,1700.77,1699.7,1699.74,75.44
1783019400000,1699.74,1699.74,1698.38,1698.83,149.29
1783019460000,1698.83,1699.15,1698.54,1698.71,102.41
1783019520000,1698.7,1699.67,1697.91,1699.31,109.5
1783019580000,1699.3,1702.5,1699.2,1701.21,107.8
1783019640000,1701.2,1701.84,1700.93,1701.83,53.14
1783019700000,1701.84,1701.84,1699.67,1699.71,40.13
1783019760000,1699.72,1699.74,1698.81,1698.81,38.82
1783019820000,1698.8,1698.81,1697.51,1697.51,109.35
1783019880000,1697.51,1697.58,1696.77,1697.0,161.45
1783019940000,1697.0,1697.54,1696.72,1697.07,31.09
1783020000000,1697.04,1697.29,1696.06,1696.16,44.64
1783020060000,1696.17,1696.17,1694.14,1694.15,298.82
1783020120000,1694.15,1694.88,1693.81,1694.19,132.22
1783020180000,1694.2,1695.2,1694.17,1695.18,65.01
1783020240000,1695.17,1695.82,1694.48,1695.56,62.5
1783020300000,1695.55,1696.07,1695.5,1695.51,1003.23
1783020360000,1695.51,1696.65,1695.29,1696.59,45.8
1783020420000,1696.6,1697.13,1696.47,1697.04,81.23
1783020480000,1697.03,1698.5,1697.03,1698.07,352.3
1783020540000,1698.08,1698.77,1697.84,1698.67,42.41
1783020600000,1698.66,1699.5,1698.26,1698.43,327.21
1783020660000,1698.42,1698.92,1697.33,1697.68,22.79
1783020720000,1697.68,1699.76,1697.41,1698.73,118.9
1783020780000,1698.73,1698.73,1698.42,1698.63,88.28
1783020840000,1698.62,1698.63,1698.06,1698.07,43.2
1783020900000,1698.07,1699.69,1697.9,1699.12,1569.52
1783020960000,1699.12,1699.13,1697.56,1697.57,1493.37
1783021020000,1697.57,1697.76,1696.64,1697.75,51.28
1783021080000,1697.8,1697.81,1696.9,1696.9,29.1
1783021140000,1696.9,1697.8,1696.9,1697.65,1492.23
1783021200000,1697.65,1698.9,1697.65,1698.9,31.77
1783021260000,1698.9,1700.95,1698.78,1700.18,142.41
1783021320000,1700.17,1700.6,1699.57,1700.5,83.85
1783021380000,1700.5,1700.53,1699.8,1700.47,25.9
1783021440000,1700.47,1701.14,1700.34,1700.74,49.53
1783021500000,1700.74,1701.77,1700.74,1701.32,65.71
1783021560000,1701.33,1701.37,1700.54,1700.87,30.78
1783021620000,1700.86,1700.87,1699.76,1699.83,272.63
1783021680000,1699.83,1700.79,1699.8,1700.11,23.78
1783021740000,1700.11,1700.53,1699.77,1700.19,29.38
1783021800000,1701.23,1704.45,1701.23,1703.45,98.94
1783021860000,1703.44,1704.69,1702.8,1703.47,319.24
1783021920000,1703.47,1704.06,1702.65,1702.96,232.17
1783021980000,1703.08,1703.09,1702.0,1702.33,32.11
1783022040000,1702.57,1703.99,1702.57,1703.81,25.85
1783022100000,1703.84,1703.84,1700.4,1700.93,89.1
1783022160000,1700.92,1702.53,1700.86,1702.52,1658.06
1783022220000,1702.52,1703.52,1702.52,1703.26,42.31
1783022280000,1703.26,1703.3,1701.43,1701.45,37.75
1783022340000,1701.32,1701.32,1699.08,1699.3,129.75
1783022400000,1699.34,1700.55,1698.04,1698.35,1602.12
1783022460000,1698.34,1698.39,1696.51,1696.51,1099.11
1783022520000,1696.5,1697.59,1696.49,1696.53,94.71
1783022580000,1696.53,1698.2,1696.53,1697.88,1070.02
1783022640000,1698.06,1698.6,1697.81,1698.33,53.51
1783022700000,1698.38,1698.39,1697.0,1697.52,164.03
1783022760000,1697.51,1697.78,1697.31,1697.78,61.36
1783022820000,1697.77,1699.08,1697.77,1698.77,36.6
1783022880000,1698.78,1699.85,1698.77,1699.42,86.32
1783022940000,1699.42,1699.65,1699.06,1699.16,118.37
1783023000000,1699.15,1699.2,1698.64,1698.64,29.26
1783023060000,1698.55,1698.9,1698.49,1698.64,30.68
1783023120000,1698.64,1698.74,1698.18,1698.19,876.69
1783023180000,1698.19,1698.91,1698.18,1698.9,40.81
1783023240000,1698.91,1699.68,1698.9,1699.68,570.61
1783023300000,1699.67,1701.09,1699.67,1700.85,48.67
1783023360000,1700.85,1701.83,1700.76,1700.77,146.84
1783023420000,1700.77,1700.93,1699.5,1699.51,78.51
1783023480000,1699.51,1700.32,1699.35,1700.27,27.87
1783023540000,1700.27,1700.27,1699.12,1699.12,23.71
1783023600000,1699.12,1699.13,1698.15,1698.15,38.6
1783023660000,1698.06,1698.18,1697.53,1698.17,35.67
1783023720000,1698.17,1698.23,1698.12,1698.12,613.3
1783023780000,1698.12,1698.76,1698.12,1698.36,45.6
1783023840000,1698.37,1698.49,1697.56,1697.69,85.59
1783023900000,1697.67,1697.68,1696.77,1697.09,83.66
1783023960000,1697.09,1697.81,1696.84,1696.84,149.48
1783024020000,1696.84,1696.86,1696.83,1696.85,67.17
1783024080000,1696.85,1696.91,1696.49,1696.5,35.61
1783024140000,1696.5,1696.5,1695.82,1695.89,66.37
1783024200000,1695.88,1695.89,1695.61,1695.63,68.59
1783024260000,1695.62,1696.53,1695.59,1696.48,28.91
1783024320000,1696.49,1696.84,1696.41,1696.69,30.82
1783024380000,1696.69,1696.7,1695.29,1696.12,84.07
1783024440000,1696.12,1696.42,1696.09,1696.38,21.78
1783024500000,1696.38,1697.84,1696.37,1696.41,65.55
1783024560000,1696.71,1697.01,1696.52,1696.81,34.13
1783024620000,1696.81,1696.89,1696.43,1696.45,214.82
1783024680000,1696.44,1696.57,1695.74,1696.08,145.2
1783024740000,1696.09,1697.0,1696.01,1696.79,32.34
1783024800000,1696.8,1697.29,1696.54,1696.99,21.43
1783024860000,1696.98,1697.5,1696.91,1697.49,34.79
1783024920000,1697.5,1697.98,1697.42,1697.82,46.76
1783024980000,1697.83,1697.9,1696.99,1697.06,28.77
1783025040000,1697.06,1697.32,1697.01,1697.11,21.26
1783025100000,1697.12,1697.94,1697.11,1697.73,244.63
1783025160000,1697.72,1698.1,1697.57,1698.09,29.08
1783025220000,1698.09,1698.5,1697.98,1698.45,31.77
1783025280000,1698.45,1698.52,1697.95,1698.29,21.25
1783025340000,1698.28,1699.96,1698.28,1699.85,29.57
1783025400000,1699.86,1700.83,1699.78,1700.5,216.92
1783025460000,1700.5,1700.52,1699.74,1700.38,31.02
1783025520000,1700.37,1700.38,1699.67,1699.76,42.63
1783025580000,1699.76,1699.76,1698.67,1698.72,28.05
1783025640000,1698.84,1699.12,1698.49,1698.68,32.34
1783025700000,1698.69,1698.71,1698.29,1698.69,24.46
1783025760000,1698.68,1698.68,1698.45,1698.6,49.7
1783025820000,1698.59,1706.07,1698.59,1705.92,1325.32
1783025880000,1705.91,1705.91,1704.9,1705.86,44.68
1783025940000,1705.7,1705.7,1704.83,1704.88,254.16
1783026000000,1704.87,1705.16,1703.6,1703.6,69.85
1783026060000,1703.6,1705.1,1703.6,1705.02,75.76
1783026120000,1705.01,1705.3,1703.53,1703.77,106.96
1783026180000,1703.77,1703.78,1703.26,1703.49,41.63
1783026240000,1703.49,1704.07,1703.42,1703.75,62.68
1783026300000,1703.74,1703.9,1703.73,1703.81,127.3
1783026360000,1703.8,1703.93,1703.68,1703.73,25.46
1783026420000,1703.73,1703.73,1703.35,1703.35,32.1
1783026480000,1703.35,1703.82,1703.1,1703.35,28.72
1783026540000,1703.35,1703.44,1703.24,1703.31,32.51
1783026600000,1703.31,1703.31,1703.07,1703.07,58.8
1783026660000,1703.08,1703.13,1702.93,1703.07,30.08
1783026720000,1703.06,1703.31,1703.04,1703.26,21.56
1783026780000,1703.24,1703.35,1702.81,1702.82,25.71
1783026840000,1702.8,1702.82,1702.7,1702.71,27.04
1783026900000,1702.7,1703.8,1702.68,1703.74,69.37
1783026960000,1703.74,1703.74,1702.91,1703.02,37.74
1783027020000,1703.03,1703.16,1702.77,1702.78,19.58
1783027080000,1702.77,1703.1,1702.77,1703.09,28.55
1783027140000,1703.08,1703.09,1702.97,1703.0,22.87
1783027200000,1702.99,1703.0,1702.93,1702.94,21.19
1783027260000,1702.94,1702.94,1702.93,1702.94,20.95
1783027320000,1702.94,1703.16,1702.93,1703.14,46.52
1783027380000,1703.14,1703.15,1702.8,1702.81,27.77
1783027440000,1702.81,1702.84,1702.78,1702.84,23.03
1783027500000,1702.83,1702.98,1702.82,1702.86,29.65
1783027560000,1702.86,1703.04,1702.86,1703.02,99.85
1783027620000,1703.01,1703.25,1703.01,1703.24,35.51
1783027680000,1703.24,1703.25,1702.7,1702.88,21.24
1783027740000,1702.87,1703.21,1702.87,1703.13,45.9
1783027800000,1703.14,1703.14,1702.8,1702.8,22.84
1783027860000,1702.8,1702.87,1699.44,1699.79,150.46
1783027920000,1699.8,1700.2,1698.75,1698.75,46.85
1783027980000,1698.46,1699.3,1698.46,1699.3,66.18
1783028040000,1699.3,1699.3,1698.84,1699.06,54.22
1783028100000,1699.03,1700.07,1698.65,1699.82,658.87
1783028160000,1699.81,1700.71,1699.81,1700.44,46.07
1783028220000,1700.43,1700.43,1699.32,1699.82,81.04
1783028280000,1699.82,1700.05,1699.28,1699.48,21.64
1783028340000,1699.47,1699.48,1699.32,1699.33,220.01
1783028400000,1699.27,1699.6,1698.91,1699.59,30.93
1783028460000,1699.59,1699.59,1698.31,1698.33,35.43
1783028520000,1698.25,1698.5,1697.5,1698.49,80.49
1783028580000,1698.49,1698.93,1697.57,1698.55,41.38
1783028640000,1698.55,1698.56,1697.68,1697.83,78.64
1783028700000,1697.82,1697.83,1697.35,1697.44,55.27
1783028760000,1697.44,1698.04,1697.14,1697.14,48.93
1783028820000,1697.15,1697.52,1697.02,1697.52,28.12
1783028880000,1697.51,1697.98,1697.07,1697.07,26.55
1783028940000,1697.07,1697.09,1696.6,1696.61,65.96
1783029000000,1696.6,1696.93,1696.28,1696.93,222.82
1783029060000,1696.92,1699.32,1696.92,1698.79,123.85
1783029120000,1698.69,1699.58,1698.04,1698.36,21.93
1783029180000,1698.39,1699.16,1697.96,1698.26,29.26
1783029240000,1698.26,1698.41,1697.57,1697.57,61.16
1783029300000,1697.57,1697.58,1696.95,1697.17,86.48
1783029360000,1697.17,1697.76,1697.17,1697.75,46.36
1783029420000,1697.76,1698.23,1697.75,1698.2,23.01
1783029480000,1698.2,1698.6,1698.19,1698.58,36.29
1783029540000,1698.58,1699.77,1698.32,1699.47,21.12
1783029600000,1699.18,1699.18,1697.45,1697.64,912.19
1783029660000,1697.64,1698.64,1697.57,1698.6,22.18
1783029720000,1698.63,1699.93,1698.48,1699.35,18.77
1783029780000,1699.34,1699.34,1698.33,1698.62,41.18
1783029840000,1698.61,1698.61,1696.63,1696.63,180.1
1783029900000,1696.63,1696.69,1696.01,1696.01,37.01
1783029960000,1696.02,1696.78,1696.0,1696.15,29.07
1783030020000,1696.15,1697.26,1696.09,1697.25,47.49
1783030080000,1697.25,1697.38,1696.61,1696.65,46.53
1783030140000,1696.65,1697.48,1696.08,1696.16,25.12
1783030200000,1696.16,1697.03,1695.97,1696.67,765.15
1783030260000,1696.68,1696.68,1695.99,1696.0,24.65
1783030320000,1696.03,1696.06,1695.53,1696.0,25.23
1783030380000,1696.0,1696.29,1695.58,1695.92,22.74
1783030440000,1695.92,1696.8,1695.89,1696.37,882.4
1783030500000,1696.36,1696.89,1696.1,1696.59,37.51
1783030560000,1696.6,1696.6,1696.31,1696.34,242.07
1783030620000,1696.34,1697.18,1696.31,1697.18,38.45
1783030680000,1697.18,1697.49,1696.86,1697.44,64.06
1783030740000,1697.44,1697.99,1697.06,1697.64,21.73
1783030800000,1697.64,1697.65,1695.69,1695.73,20.83
1783030860000,1695.73,1696.1,1695.52,1695.53,18.87
1783030920000,1695.52,1696.61,1695.34,1696.26,24.36
1783030980000,1696.25,1696.91,1696.12,1696.87,19.02
1783031040000,1696.85,1697.5,1696.84,1697.49,34.69
1783031100000,1697.49,1697.53,1696.86,1696.94,21.29
1783031160000,1696.95,1696.96,1696.83,1696.89,28.36
1783031220000,1696.89,1696.89,1696.44,1696.47,22.25
1783031280000,1696.47,1696.48,1696.28,1696.28,20.79
1783031340000,1696.29,1696.29,1695.55,1695.58,18.97
1783031400000,1695.58,1695.59,1694.94,1695.11,124.69
1783031460000,1695.1,1695.11,1694.85,1694.9,37.4
1783031520000,1694.9,1696.04,1694.87,1696.03,39.03
1783031580000,1696.04,1696.05,1695.21,1695.22,26.45
1783031640000,1695.21,1696.17,1695.21,1696.16,19.24
1783031700000,1696.16,1696.2,1695.85,1696.19,124.19
1783031760000,1696.2,1696.2,1695.75,1696.16,23.06
1783031820000,1696.16,1696.47,1696.14,1696.46,10.62
1783031880000,1696.47,1696.96,1696.46,1696.79,77.11
1783031940000,1696.79,1696.79,1695.98,1696.02,20.13
1783032000000,1696.02,1696.04,1695.84,1696.04,31.57
1783032060000,1696.04,1696.04,1695.42,1695.42,25.1
1783032120000,1695.43,1695.43,1694.91,1695.15,51.05
1783032180000,1695.15,1695.37,1695.06,1695.13,172.23
1783032240000,1695.09,1695.19,1694.94,1695.19,26.16
1783032300000,1695.18,1695.34,1695.01,1695.07,19.21
1783032360000,1695.06,1695.07,1694.76,1694.77,59.02
1783032420000,1694.76,1694.8,1694.33,1694.36,32.73
1783032480000,1694.35,1694.89,1694.31,1694.86,282.17
1783032540000,1694.86,1695.11,1694.86,1694.92,24.35
1783032600000,1694.93,1695.07,1694.91,1695.03,65.38
1783032660000,1695.0,1695.06,1694.05,1694.05,20.13
1783032720000,1694.0,1696.7,1693.22,1696.03,305.05
1783032780000,1696.17,1697.93,1696.17,1697.9,33.67
1783032840000,1697.93,1698.62,1697.9,1698.54,183.22
1783032900000,1698.55,1700.24,1698.54,1699.52,97.8
1783032960000,1699.52,1699.53,1698.25,1698.67,159.9
1783033020000,1698.67,1698.68,1697.99,1698.12,63.37
1783033080000,1698.13,1698.13,1697.35,1697.39,42.51
1783033140000,1697.39,1697.4,1695.93,1695.93,62.14
1783033200000,1695.93,1695.94,1693.41,1693.42,81.8
1783033260000,1693.42,1693.86,1693.14,1693.4,66.39
1783033320000,1693.4,1693.4,1692.13,1692.37,226.18
1783033380000,1692.36,1692.95,1691.98,1692.49,108.4
1783033440000,1692.49,1692.52,1691.19,1691.29,36.83
1783033500000,1691.28,1691.74,1691.22,1691.49,43.59
1783033560000,1691.49,1692.27,1691.49,1692.19,38.36
1783033620000,1692.18,1692.32,1691.33,1692.32,253.72
1783033680000,1692.32,1692.78,1691.62,1692.2,356.81
1783033740000,1692.2,1693.58,1692.04,1693.41,1052.99
1783033800000,1693.42,1694.26,1693.05,1693.06,81.92
1783033860000,1692.99,1693.0,1692.74,1692.82,34.05
1783033920000,1692.81,1693.16,1692.02,1692.02,24.67
1783033980000,1692.02,1692.05,1692.01,1692.02,29.37
1783034040000,1692.02,1692.12,1691.82,1692.04,28.45
1783034100000,1692.04,1693.02,1692.03,1693.01,69.25
1783034160000,1693.01,1694.52,1692.71,1694.28,29.93
1783034220000,1694.29,1694.41,1693.87,1693.99,20.92
1783034280000,1694.0,1695.24,1693.86,1695.24,30.9
1783034340000,1695.24,1695.44,1694.86,1694.92,397.52
1783034400000,1694.92,1695.9,1694.92,1695.75,27.52
1783034460000,1695.76,1698.13,1695.7,1697.87,107.54
1783034520000,1697.87,1697.88,1695.78,1696.56,52.0
1783034580000,1696.56,1697.05,1695.64,1695.88,219.32
1783034640000,1695.87,1696.69,1695.86,1696.18,317.33
1783034700000,1696.18,1697.52,1695.99,1697.51,45.61
1783034760000,1697.51,1699.15,1697.16,1698.71,266.82
1783034820000,1698.72,1698.72,1697.5,1697.56,23.38
1783034880000,1697.53,1697.68,1697.53,1697.56,21.36
1783034940000,1697.56,1697.71,1697.56,1697.59,22.8
1783035000000,1697.59,1697.67,1697.13,1697.56,27.58
1783035060000,1697.6,1698.41,1696.0,1697.82,24.6
1783035120000,1697.82,1699.2,1697.81,1698.64,39.79
1783035180000,1698.63,1698.89,1698.18,1698.41,40.49
1783035240000,1698.45,1700.77,1698.45,1700.21,81.51
1783035300000,1700.17,1701.01,1698.65,1698.65,65.76
1783035360000,1698.66,1698.66,1696.81,1697.05,29.94
1783035420000,1697.05,1697.06,1696.29,1696.99,17.6
1783035480000,1696.99,1697.43,1696.99,1697.1,20.39
1783035540000,1697.11,1697.11,1695.75,1696.25,69.52
1783035600000,1696.25,1696.25,1695.46,1696.12,44.21
1783035660000,1696.13,1696.44,1695.23,1695.23,56.26
1783035720000,1695.24,1695.7,1695.18,1695.66,23.87
1783035780000,1695.65,1696.34,1695.55,1696.14,129.34
1783035840000,1696.14,1696.23,1695.69,1695.71,26.56
1783035900000,1695.7,1697.11,1695.65,1697.11,40.55
1783035960000,1697.11,1698.72,1697.11,1698.45,68.54
1783036020000,1698.44,1698.95,1697.67,1697.72,30.15
1783036080000,1697.72,1698.16,1697.5,1698.15,28.88
1783036140000,1698.31,1699.14,1698.3,1698.72,72.83
1783036200000,1698.72,1698.89,1698.27,1698.57,37.36
1783036260000,1698.57,1698.9,1697.82,1698.73,36.17
1783036320000,1698.73,1699.87,1698.72,1699.83,19.53
1783036380000,1699.79,1699.79,1698.61,1698.7,28.44
1783036440000,1698.69,1699.79,1698.69,1699.56,35.16
1783036500000,1699.57,1699.58,1698.97,1699.19,41.09
1783036560000,1699.27,1699.85,1699.25,1699.85,23.19
1783036620000,1699.83,1699.94,1699.32,1699.33,22.85
1783036680000,1699.32,1699.91,1699.32,1699.86,28.6
1783036740000,1699.85,1699.98,1699.63,1699.9,26.19
1783036800000,1699.85,1700.94,1699.52,1700.54,45.83
1783036860000,1700.54,1700.82,1698.38,1699.06,230.18
1783036920000,1699.06,1699.49,1697.76,1697.97,163.1
1783036980000,1698.02,1699.97,1697.9,1699.97,23.53
1783037040000,1700.0,1700.84,1700.0,1700.3,22.66
1783037100000,1700.27,1700.27,1698.12,1698.79,30.01
1783037160000,1698.8,1699.98,1698.61,1698.94,86.74
1783037220000,1698.93,1699.41,1698.33,1699.02,20.89
1783037280000,1699.03,1699.73,1698.87,1699.73,42.91
1783037340000,1699.77,1699.77,1697.76,1697.76,106.08
1783037400000,1697.54,1699.35,1697.07,1698.92,54.3
1783037460000,1698.92,1699.21,1698.52,1699.2,56.92
1783037520000,1699.19,1699.65,1698.66,1698.92,25.39
1783037580000,1698.92,1701.37,1698.92,1700.72,48.35
1783037640000,1700.74,1701.56,1699.69,1699.87,27.5
1783037700000,1699.86,1700.68,1698.65,1698.83,73.21
1783037760000,1698.83,1699.56,1698.78,1699.51,120.57
1783037820000,1699.51,1700.58,1699.47,1700.16,74.13
1783037880000,1700.16,1700.34,1699.0,1699.49,28.94
1783037940000,1699.49,1700.76,1698.84,1700.75,47.74
1783038000000,1700.75,1702.22,1699.89,1701.92,105.02
1783038060000,1702.0,1702.46,1699.73,1699.82,27.03
1783038120000,1699.82,1700.86,1699.32,1699.33,42.8
1783038180000,1699.32,1699.99,1699.11,1699.71,28.98
1783038240000,1699.72,1699.73,1698.53,1698.7,227.92
1783038300000,1698.73,1699.49,1698.49,1699.49,287.29
1783038360000,1699.49,1699.67,1699.27,1699.38,25.52
1783038420000,1699.38,1699.82,1698.59,1698.69,43.58
1783038480000,1698.68,1698.7,1697.44,1697.91,30.57
1783038540000,1697.89,1697.89,1696.52,1696.57,179.99
1783038600000,1696.57,1696.75,1695.01,1695.08,64.5
1783038660000,1695.07,1696.14,1694.9,1695.61,509.11
1783038720000,1695.61,1697.37,1695.51,1697.01,44.78
1783038780000,1697.0,1697.01,1694.91,1695.11,1461.61
1783038840000,1695.1,1695.25,1694.74,1694.75,74.94
1783038900000,1694.74,1695.97,1693.87,1695.92,124.16
1783038960000,1696.0,1697.86,1695.49,1697.86,49.99
1783039020000,1697.85,1697.86,1696.34,1697.05,34.43
1783039080000,1697.05,1699.85,1696.97,1698.92,128.97
1783039140000,1698.91,1698.92,1697.05,1698.25,44.57
1783039200000,1698.26,1699.84,1698.26,1699.27,61.01
1783039260000,1699.29,1699.37,1698.42,1698.75,32.84
1783039320000,1698.75,1699.07,1698.01,1698.53,27.0
1783039380000,1698.54,1698.54,1697.65,1698.07,29.99
1783039440000,1698.07,1698.53,1697.12,1698.16,115.21
1783039500000,1698.16,1698.34,1696.41,1696.93,39.52
1783039560000,1696.92,1698.23,1696.59,1698.21,29.59
1783039620000,1698.21,1698.91,1698.21,1698.48,44.56
1783039680000,1698.47,1698.58,1697.38,1697.38,23.26
1783039740000,1697.38,1697.8,1697.12,1697.77,39.97
1783039800000,1697.76,1698.08,1697.51,1698.06,22.46
1783039860000,1698.06,1698.17,1696.78,1697.0,22.99
1783039920000,1696.99,1697.88,1696.59,1696.91,25.4
1783039980000,1696.91,1697.04,1695.11,1695.27,40.67
1783040040000,1695.27,1696.29,1695.27,1696.29,39.32
1783040100000,1696.28,1696.84,1696.11,1696.39,40.92
1783040160000,1696.39,1696.87,1695.21,1696.87,21.14
1783040220000,1696.72,1696.88,1695.82,1695.98,30.43
1783040280000,1695.98,1696.15,1695.63,1695.82,50.48
1783040340000,1695.82,1696.35,1695.58,1695.97,35.73
1783040400000,1695.97,1696.38,1695.64,1696.32,937.59
1783040460000,1696.32,1696.32,1694.57,1695.05,201.78
1783040520000,1695.05,1696.51,1695.04,1696.51,86.33
1783040580000,1696.58,1698.63,1696.57,1698.63,382.53
1783040640000,1698.62,1701.44,1698.33,1701.06,113.82
1783040700000,1701.06,1704.47,1700.59,1704.18,531.39
1783040760000,1704.2,1704.26,1702.73,1702.94,978.19
1783040820000,1702.94,1703.69,1702.62,1703.69,951.46
1783040880000,1703.65,1707.01,1703.33,1706.28,3047.31
1783040940000,1706.29,1708.6,1704.68,1707.93,772.56
1783041000000,1707.93,1707.93,1705.91,1706.46,735.31
1783041060000,1706.46,1706.74,1705.3,1706.62,88.96
1783041120000,1706.67,1709.45,1706.63,1709.25,345.89
1783041180000,1709.26,1715.76,1709.0,1715.76,1851.17
1783041240000,1715.79,1718.31,1713.55,1713.55,1017.84
1783041300000,1713.56,1714.3,1709.38,1709.45,201.01
1783041360000,1709.45,1709.45,1704.46,1704.86,1016.44
1783041420000,1704.98,1706.95,1704.84,1706.72,428.85
1783041480000,1706.71,1708.54,1706.55,1707.66,92.94
1783041540000,1707.65,1708.46,1706.62,1706.87,164.47
1783041600000,1706.87,1709.2,1706.87,1708.84,43.59
1783041660000,1708.83,1709.88,1708.36,1709.88,65.69
1783041720000,1709.8,1710.03,1708.01,1708.02,147.9
1783041780000,1708.0,1710.59,1707.33,1709.12,33.9
1783041840000,1709.23,1710.56,1709.03,1710.53,184.97
1783041900000,1710.56,1712.0,1709.25,1709.26,98.05
1783041960000,1709.26,1709.29,1707.85,1708.0,83.58
1783042020000,1708.0,1708.58,1707.32,1707.51,173.53
1783042080000,1707.5,1708.46,1707.5,1708.46,44.98
1783042140000,1708.45,1708.88,1707.89,1707.97,58.7
1783042200000,1707.98,1709.59,1706.74,1709.59,130.11
1783042260000,1709.63,1710.54,1708.35,1708.92,102.49
1783042320000,1708.92,1709.94,1708.26,1709.93,42.07
1783042380000,1709.94,1711.41,1709.62,1710.52,52.73
1783042440000,1710.43,1711.96,1710.24,1711.95,40.47
1783042500000,1711.95,1714.47,1711.28,1714.47,353.19
1783042560000,1714.48,1717.68,1714.48,1716.92,385.42
1783042620000,1716.92,1716.92,1714.07,1714.56,129.05
1783042680000,1714.7,1715.45,1714.23,1714.85,63.11
1783042740000,1714.85,1716.54,1714.17,1716.53,205.38
1783042800000,1716.53,1716.62,1715.28,1715.33,123.62
1783042860000,1715.34,1715.89,1714.71,1715.57,54.08
1783042920000,1715.58,1717.47,1715.06,1717.01,61.58
1783042980000,1716.95,1716.97,1715.59,1716.05,82.07
1783043040000,1716.06,1716.37,1715.31,1715.78,35.86
1783043100000,1715.79,1715.98,1713.81,1714.83,138.74
1783043160000,1714.83,1715.81,1714.51,1715.73,43.67
1783043220000,1715.73,1715.73,1714.26,1714.3,43.86
1783043280000,1714.3,1715.71,1714.3,1715.35,39.53
1783043340000,1715.36,1716.86,1715.26,1716.62,274.94
1783043400000,1716.62,1717.53,1714.65,1716.33,120.31
1783043460000,1716.37,1717.1,1714.72,1715.11,71.74
1783043520000,1715.15,1716.36,1714.73,1715.0,157.72
1783043580000,1715.04,1715.14,1714.01,1714.61,129.22
1783043640000,1714.61,1714.7,1713.55,1714.09,164.5
1783043700000,1714.1,1714.87,1714.1,1714.5,180.96
1783043760000,1714.42,1714.42,1713.54,1714.02,92.27
1783043820000,1714.01,1714.02,1713.06,1713.14,39.53
1783043880000,1713.15,1713.38,1712.99,1713.18,51.2
1783043940000,1713.19,1713.19,1711.28,1711.62,178.08
1783044000000,1711.61,1712.68,1711.61,1712.06,49.93
1783044060000,1712.07,1712.22,1711.48,1711.64,48.34
1783044120000,1711.64,1711.85,1710.56,1711.14,60.74
1783044180000,1711.16,1711.38,1709.08,1709.9,346.91
1783044240000,1709.89,1709.94,1707.84,1709.24,281.01
1783044300000,1709.25,1709.81,1708.2,1708.2,111.33
1783044360000,1708.0,1708.13,1707.66,1708.08,337.69
1783044420000,1708.09,1709.32,1708.09,1709.28,88.19
1783044480000,1709.32,1711.76,1709.32,1711.51,66.4
1783044540000,1711.51,1714.71,1711.51,1714.19,392.73
1783044600000,1713.83,1713.83,1710.26,1710.26,59.54
1783044660000,1710.25,1711.5,1709.81,1710.18,32.59
1783044720000,1710.17,1710.43,1708.32,1709.0,72.89
1783044780000,1708.99,1709.08,1708.04,1708.07,34.28
1783044840000,1708.08,1708.08,1707.37,1707.48,43.46
1783044900000,1707.47,1707.9,1707.29,1707.66,55.16
1783044960000,1707.66,1708.04,1707.36,1707.36,27.34
1783045020000,1707.36,1709.18,1707.36,1708.65,86.06
1783045080000,1708.64,1709.92,1708.53,1709.91,69.9
1783045140000,1709.91,1710.26,1709.04,1709.75,48.78
1783045200000,1709.75,1710.48,1709.58,1710.14,164.17
1783045260000,1710.14,1710.97,1710.09,1710.97,86.82
1783045320000,1710.98,1711.15,1710.3,1710.83,30.26
1783045380000,1710.82,1711.54,1710.6,1711.07,28.84
1783045440000,1711.06,1711.42,1710.0,1710.86,55.75
1783045500000,1710.86,1711.39,1708.75,1709.74,134.83
1783045560000,1709.67,1710.35,1707.89,1708.21,84.22
1783045620000,1708.2,1708.68,1707.76,1708.51,50.12
1783045680000,1708.56,1708.96,1705.13,1705.13,114.68
1783045740000,1705.13,1705.14,1701.24,1701.25,311.99
1783045800000,1701.15,1701.7,1695.37,1697.71,1483.7
1783045860000,1697.34,1698.82,1696.76,1698.82,379.49
1783045920000,1698.97,1699.29,1697.52,1698.24,157.32
1783045980000,1698.22,1699.57,1698.06,1698.99,499.56
1783046040000,1698.99,1700.28,1698.86,1700.01,66.33
1783046100000,1699.94,1701.24,1698.6,1701.19,178.65
1783046160000,1701.19,1703.22,1700.62,1702.61,180.61
1783046220000,1702.65,1702.75,1699.34,1700.03,133.93
1783046280000,1700.1,1701.25,1700.1,1700.27,148.94
1783046340000,1700.27,1701.91,1700.26,1700.97,76.04
1783046400000,1701.02,1702.58,1701.02,1701.37,46.57
1783046460000,1701.38,1702.6,1701.37,1702.08,339.42
1783046520000,1702.1,1702.49,1699.89,1699.89,71.95
1783046580000,1699.83,1699.98,1698.4,1699.23,244.09
1783046640000,1699.22,1700.72,1699.22,1700.72,484.63
1783046700000,1700.72,1700.76,1698.89,1699.91,30.29
1783046760000,1699.91,1699.91,1698.86,1699.21,74.94
1783046820000,1699.19,1699.58,1698.2,1699.11,51.4
1783046880000,1699.11,1699.98,1698.81,1699.91,34.39
1783046940000,1699.91,1701.73,1699.91,1701.71,120.79
1783047000000,1701.71,1702.74,1700.9,1701.22,39.85
1783047060000,1701.22,1702.8,1701.22,1702.27,48.78
1783047120000,1702.26,1703.39,1702.26,1702.68,30.72
1783047180000,1702.68,1703.97,1702.4,1703.11,29.03
1783047240000,1703.1,1703.58,1702.89,1703.19,82.71
1783047300000,1703.19,1703.51,1702.69,1702.72,38.67
1783047360000,1702.72,1702.74,1702.11,1702.66,64.49
1783047420000,1702.62,1703.91,1702.56,1703.91,26.79
1783047480000,1703.91,1704.98,1703.91,1704.63,228.53
1783047540000,1704.64,1704.82,1704.05,1704.06,436.26
1783047600000,1704.05,1704.05,1701.66,1701.88,78.97
1783047660000,1701.96,1702.4,1701.49,1702.13,92.14
1783047720000,1702.13,1702.8,1701.9,1702.46,98.75
1783047780000,1702.47,1704.6,1702.46,1704.23,154.15
1783047840000,1704.24,1704.7,1703.58,1703.68,41.84
1783047900000,1703.61,1703.61,1702.6,1703.15,341.91
1783047960000,1703.16,1703.41,1702.5,1702.51,26.74
1783048020000,1702.5,1702.5,1701.52,1702.39,25.4
1783048080000,1702.39,1702.39,1700.24,1700.25,41.33
1783048140000,1700.25,1701.4,1700.22,1701.23,47.9
1783048200000,1701.21,1701.22,1700.0,1700.02,38.46
1783048260000,1700.02,1700.02,1698.94,1699.58,34.57
1783048320000,1699.59,1699.98,1698.85,1698.85,70.28
1783048380000,1698.84,1700.39,1698.84,1700.17,69.96
1783048440000,1700.18,1700.27,1699.69,1699.84,28.72
1783048500000,1699.83,1700.78,1699.83,1700.77,219.27
1783048560000,1700.78,1703.59,1700.77,1703.59,34.04
1783048620000,1703.75,1704.61,1702.95,1704.37,70.8
1783048680000,1704.25,1704.97,1703.67,1704.7,51.67
1783048740000,1704.72,1705.66,1704.61,1705.66,68.63
1783048800000,1705.39,1711.53,1705.19,1711.52,627.84
1783048860000,1711.21,1711.31,1709.23,1710.62,362.76
1783048920000,1710.63,1711.01,1709.89,1710.29,285.07
1783048980000,1710.28,1710.66,1710.16,1710.22,66.53
1783049040000,1710.23,1710.64,1709.79,1710.07,53.52
1783049100000,1710.07,1710.96,1710.06,1710.64,39.15
1783049160000,1710.53,1710.53,1709.08,1709.51,125.16
1783049220000,1709.52,1710.0,1709.08,1709.99,40.43
1783049280000,1710.0,1710.24,1709.75,1709.84,86.49
1783049340000,1709.84,1710.4,1709.84,1710.39,61.08
1783049400000,1710.39,1710.4,1709.9,1710.14,40.95
1783049460000,1710.14,1710.34,1709.92,1710.2,35.97
1783049520000,1710.21,1710.58,1709.94,1710.0,261.28
1783049580000,1710.0,1710.0,1709.12,1709.36,31.63
1783049640000,1709.37,1709.63,1708.35,1708.44,96.7
1783049700000,1708.48,1709.38,1708.48,1708.64,33.83
1783049760000,1708.64,1708.65,1707.36,1707.6,291.39
1783049820000,1707.6,1708.04,1707.26,1707.43,97.52
1783049880000,1707.44,1707.71,1707.29,1707.69,126.51
1783049940000,1707.7,1707.7,1706.62,1707.01,102.08
1783050000000,1707.01,1707.19,1706.31,1706.32,21.58
1783050060000,1706.31,1706.32,1704.25,1704.25,135.13
1783050120000,1704.25,1704.72,1703.5,1704.34,136.83
1783050180000,1704.35,1704.42,1703.16,1703.16,122.04
1783050240000,1703.17,1703.95,1703.17,1703.26,35.75
1783050300000,1703.27,1703.68,1703.01,1703.23,134.52
1783050360000,1703.4,1704.57,1703.4,1704.56,87.0
1783050420000,1704.58,1705.26,1704.47,1704.94,207.68
1783050480000,1704.94,1705.14,1703.85,1704.87,28.7
1783050540000,1704.88,1705.47,1704.53,1705.08,26.6
1783050600000,1705.08,1705.29,1704.33,1704.33,29.77
1783050660000,1704.33,1705.09,1704.33,1705.08,41.18
1783050720000,1705.08,1705.89,1705.08,1705.65,84.37
1783050780000,1705.65,1705.83,1704.73,1704.98,63.69
1783050840000,1704.99,1705.12,1704.58,1704.76,21.69
1783050900000,1704.76,1705.12,1704.53,1704.76,66.31
1783050960000,1704.77,1705.35,1704.77,1705.21,27.52
1783051020000,1705.22,1706.13,1705.22,1706.12,31.24
1783051080000,1706.12,1706.61,1705.92,1706.61,62.0
1783051140000,1706.61,1706.62,1705.69,1705.74,42.77
1783051200000,1705.75,1706.83,1705.29,1706.44,37.11
1783051260000,1706.44,1706.93,1706.44,1706.81,52.0
1783051320000,1706.82,1707.06,1706.15,1707.06,32.99
1783051380000,1707.08,1707.83,1707.08,1707.35,60.64
1783051440000,1707.35,1707.36,1706.59,1706.59,26.63
1783051500000,1706.59,1706.78,1705.49,1705.5,32.3
1783051560000,1705.48,1705.49,1704.96,1705.1,135.38
1783051620000,1705.1,1705.24,1704.51,1704.51,96.12
1783051680000,1704.51,1704.58,1704.34,1704.55,102.44
1783051740000,1704.56,1704.9,1703.05,1703.53,117.18
1783051800000,1703.54,1703.54,1702.11,1703.06,201.09
1783051860000,1703.06,1704.49,1703.06,1704.49,39.37
1783051920000,1704.48,1705.37,1704.48,1705.37,91.49
1783051980000,1705.37,1705.37,1704.98,1705.24,209.75
1783052040000,1705.24,1705.87,1705.24,1705.8,90.9
1783052100000,1705.81,1705.9,1704.1,1704.3,47.57
1783052160000,1704.3,1704.34,1702.67,1703.23,205.74
1783052220000,1703.22,1703.48,1703.04,1703.4,26.1
1783052280000,1703.39,1703.82,1702.91,1703.46,34.71
1783052340000,1703.45,1704.29,1703.45,1704.28,40.92
1783052400000,1704.28,1704.81,1704.01,1704.08,24.39
1783052460000,1704.09,1704.88,1703.68,1703.96,41.43
1783052520000,1703.95,1704.32,1703.66,1704.27,35.46
1783052580000,1704.27,1704.94,1704.27,1704.53,51.81
1783052640000,1704.53,1705.06,1704.06,1704.33,39.36
1783052700000,1704.23,1704.23,1703.33,1703.66,61.36
1783052760000,1703.66,1703.92,1703.58,1703.88,83.33
1783052820000,1703.89,1704.19,1702.74,1703.48,129.85
1783052880000,1703.48,1703.95,1703.43,1703.51,38.39
1783052940000,1703.5,1704.39,1703.41,1704.39,28.63
1783053000000,1704.39,1704.39,1703.07,1703.13,35.86
1783053060000,1703.07,1704.14,1703.05,1703.92,40.35
1783053120000,1703.92,1704.89,1703.92,1704.8,161.36
1783053180000,1704.79,1704.8,1702.99,1703.0,35.0
1783053240000,1702.99,1703.39,1702.85,1703.0,37.48
1783053300000,1703.0,1703.01,1702.32,1702.83,29.88
1783053360000,1702.84,1704.88,1702.83,1704.88,91.24
1783053420000,1704.88,1706.6,1704.87,1706.43,92.75
1783053480000,1706.43,1706.68,1705.83,1705.97,53.32
1783053540000,1705.97,1706.41,1705.92,1706.22,39.23
1783053600000,1706.22,1706.64,1705.91,1706.64,158.43
1783053660000,1706.63,1706.79,1706.28,1706.43,33.82
1783053720000,1706.43,1706.82,1706.42,1706.77,35.87
1783053780000,1706.76,1706.76,1705.86,1705.86,23.2
1783053840000,1705.87,1706.21,1705.33,1706.21,34.67
1783053900000,1706.23,1706.73,1705.89,1705.9,295.04
1783053960000,1705.89,1705.9,1704.95,1705.52,20.91
1783054020000,1705.52,1705.53,1704.66,1704.83,23.34
1783054080000,1704.83,1704.84,1702.72,1702.81,105.43
1783054140000,1702.82,1703.82,1702.82,1702.84,360.4
1783054200000,1702.84,1702.84,1701.6,1702.44,184.52
1783054260000,1702.45,1703.23,1702.43,1702.92,166.2
1783054320000,1702.92,1704.55,1702.92,1703.89,51.92
1783054380000,1703.9,1704.72,1703.67,1703.9,101.75
1783054440000,1703.89,1703.9,1703.04,1703.18,20.62
1783054500000,1703.17,1703.23,1702.89,1703.1,44.82
1783054560000,1703.09,1703.42,1702.95,1703.1,448.22
1783054620000,1703.09,1703.16,1702.55,1702.99,21.64
1783054680000,1703.03,1704.24,1702.96,1703.79,193.29
1783054740000,1703.8,1703.8,1702.47,1702.49,24.75
1783054800000,1702.48,1703.13,1701.78,1703.13,39.1
1783054860000,1703.12,1703.49,1702.49,1702.6,25.04
1783054920000,1702.61,1703.88,1702.61,1703.17,38.85
1783054980000,1703.05,1705.94,1701.57,1705.51,37.98
1783055040000,1705.5,1705.58,1704.15,1705.28,33.99
1783055100000,1705.29,1705.75,1704.63,1705.72,51.63
1783055160000,1705.72,1706.35,1705.64,1705.77,39.72
1783055220000,1705.77,1705.85,1704.34,1705.0,28.42
1783055280000,1705.04,1705.62,1705.04,1705.57,24.05
1783055340000,1705.57,1705.87,1704.94,1705.69,26.33
1783055400000,1705.69,1706.37,1705.28,1705.52,29.82
1783055460000,1705.52,1705.52,1705.17,1705.3,26.68
1783055520000,1705.3,1706.04,1705.26,1705.77,23.61
1783055580000,1705.78,1706.04,1705.55,1705.65,21.93
1783055640000,1705.65,1706.16,1705.63,1706.1,36.58
1783055700000,1706.11,1706.29,1704.61,1705.97,27.49
1783055760000,1705.96,1706.0,1704.32,1704.9,60.22
1783055820000,1704.9,1705.31,1704.36,1705.31,25.29
1783055880000,1705.31,1707.12,1704.89,1707.12,33.1
1783055940000,1707.08,1708.74,1707.08,1708.72,119.6
1783056000000,1708.75,1708.78,1707.37,1707.5,88.9
1783056060000,1707.49,1708.07,1706.83,1706.83,52.11
1783056120000,1706.81,1707.53,1706.71,1707.22,22.92
1783056180000,1707.21,1707.33,1706.6,1706.91,178.69
1783056240000,1706.91,1707.84,1706.68,1707.84,36.04
1783056300000,1707.83,1707.88,1707.01,1707.13,30.53
1783056360000,1707.13,1710.38,1707.12,1709.67,190.64
1783056420000,1709.72,1710.74,1709.72,1710.13,75.57
1783056480000,1710.07,1710.07,1708.93,1709.58,124.87
1783056540000,1709.53,1709.92,1709.01,1709.26,118.78
1783056600000,1709.26,1710.3,1708.92,1710.09,148.43
1783056660000,1710.13,1711.91,1710.13,1711.9,109.49
1783056720000,1711.91,1714.47,1710.07,1713.78,802.3
1783056780000,1713.78,1714.82,1713.55,1714.31,155.65
1783056840000,1714.31,1717.97,1714.31,1715.69,413.2
1783056900000,1715.7,1721.0,1714.35,1717.57,1488.47
1783056960000,1717.58,1717.77,1715.82,1715.88,329.38
1783057020000,1715.87,1717.12,1715.3,1717.01,174.42
1783057080000,1717.04,1717.81,1715.3,1715.39,258.61
1783057140000,1715.4,1715.4,1714.69,1715.08,181.07
1783057200000,1715.09,1715.16,1714.14,1714.66,336.33
1783057260000,1714.75,1714.97,1713.45,1713.68,86.21
1783057320000,1713.68,1714.3,1713.23,1713.93,1873.81
1783057380000,1713.95,1714.59,1713.53,1714.49,151.76
1783057440000,1714.5,1715.09,1714.31,1714.87,370.72
1783057500000,1714.87,1715.49,1714.45,1714.82,41.87
1783057560000,1714.81,1714.81,1713.66,1714.11,67.29
1783057620000,1714.11,1714.97,1713.5,1714.9,77.93
1783057680000,1714.92,1715.13,1714.6,1715.03,59.54
1783057740000,1715.04,1716.78,1714.62,1716.78,192.15
1783057800000,1717.04,1717.37,1714.84,1714.84,43.58
1783057860000,1714.85,1714.85,1713.91,1714.3,231.75
1783057920000,1714.3,1714.96,1714.3,1714.6,127.39
1783057980000,1714.57,1715.91,1714.18,1715.9,62.27
1783058040000,1715.9,1716.47,1715.38,1716.39,51.04
1783058100000,1716.39,1716.47,1715.67,1716.39,126.78
1783058160000,1716.39,1717.07,1715.31,1715.64,108.96
1783058220000,1715.64,1715.69,1714.9,1714.97,82.06
1783058280000,1714.96,1715.35,1714.14,1714.14,143.52
1783058340000,1714.14,1714.28,1714.07,1714.19,48.25
1783058400000,1714.19,1714.2,1713.12,1713.22,62.08
1783058460000,1713.22,1714.21,1713.19,1713.74,194.95
1783058520000,1713.74,1715.5,1713.64,1715.1,181.11
1783058580000,1715.1,1716.04,1715.09,1716.0,115.97
1783058640000,1716.0,1718.26,1716.0,1717.52,106.32
1783058700000,1717.53,1719.42,1717.46,1719.41,407.01
1783058760000,1719.41,1721.21,1718.79,1720.79,338.06
1783058820000,1720.72,1720.72,1718.83,1718.84,196.97
1783058880000,1718.85,1719.98,1718.25,1719.83,122.31
1783058940000,1719.83,1720.25,1719.12,1719.17,173.4
1783059000000,1719.18,1719.64,1718.93,1719.08,118.52
1783059060000,1719.07,1719.53,1719.0,1719.36,62.38
1783059120000,1719.36,1719.54,1718.99,1719.26,242.38
1783059180000,1719.26,1719.26,1716.02,1716.54,105.29
1783059240000,1716.53,1717.5,1716.14,1716.66,512.46
1783059300000,1716.69,1716.75,1716.11,1716.58,53.73
1783059360000,1716.58,1717.58,1716.5,1716.57,20.62
1783059420000,1716.56,1719.8,1716.5,1719.11,57.06
1783059480000,1719.11,1719.49,1717.87,1717.92,34.01
1783059540000,1717.91,1717.92,1716.8,1716.89,265.0
1783059600000,1717.03,1717.14,1715.61,1715.61,346.37
1783059660000,1715.61,1716.12,1714.97,1715.36,262.6
1783059720000,1715.37,1715.49,1715.02,1715.11,49.21
1783059780000,1715.14,1715.14,1714.1,1714.58,107.09
1783059840000,1714.58,1715.35,1714.1,1715.15,157.65
1783059900000,1715.11,1715.8,1714.71,1715.8,142.51
1783059960000,1715.8,1715.81,1715.4,1715.4,50.49
1783060020000,1715.4,1715.8,1715.24,1715.54,85.0
1783060080000,1715.54,1716.0,1715.52,1715.88,44.53
1783060140000,1715.87,1716.0,1715.46,1715.99,31.57
1783060200000,1715.92,1717.16,1715.67,1717.06,202.92
1783060260000,1717.08,1718.68,1717.07,1718.66,92.37
1783060320000,1718.66,1719.06,1717.74,1717.77,67.08
1783060380000,1717.77,1718.67,1717.51,1718.21,53.52
1783060440000,1718.22,1718.22,1717.5,1717.51,29.82
1783060500000,1717.51,1717.52,1717.16,1717.37,32.34
1783060560000,1717.37,1717.52,1716.88,1717.01,23.74
1783060620000,1716.97,1716.97,1713.0,1713.0,318.5
1783060680000,1712.92,1713.44,1712.3,1713.16,296.69
1783060740000,1713.16,1713.16,1712.12,1712.69,103.51
1783060800000,1712.69,1713.42,1712.63,1713.27,92.39
1783060860000,1713.27,1713.42,1712.45,1713.27,234.37
1783060920000,1713.27,1717.26,1713.23,1715.4,72.12
1783060980000,1715.4,1715.4,1713.2,1713.39,45.54
1783061040000,1713.39,1714.25,1713.37,1714.04,43.46
1783061100000,1714.06,1715.15,1713.96,1715.14,160.38
1783061160000,1715.26,1715.51,1714.58,1715.43,95.18
1783061220000,1715.43,1715.63,1714.59,1714.92,88.36
1783061280000,1714.9,1714.9,1714.04,1714.13,61.23
1783061340000,1714.13,1715.11,1714.13,1714.92,46.23
1783061400000,1714.93,1715.1,1714.62,1715.02,32.87
1783061460000,1714.99,1715.06,1714.14,1714.34,97.58
1783061520000,1714.34,1715.01,1714.24,1715.0,27.46
1783061580000,1715.0,1716.49,1715.0,1716.0,39.72
1783061640000,1715.99,1717.08,1715.94,1716.72,56.73
1783061700000,1716.7,1716.7,1715.72,1715.73,48.11
1783061760000,1715.72,1716.0,1715.72,1715.81,30.72
1783061820000,1715.81,1716.04,1715.43,1715.44,60.8
1783061880000,1715.44,1715.68,1715.4,1715.67,20.37
1783061940000,1715.68,1715.96,1715.22,1715.23,23.18
1783062000000,1715.23,1715.35,1714.55,1715.14,40.52
1783062060000,1715.11,1715.34,1714.64,1715.13,74.03
1783062120000,1715.12,1715.38,1714.88,1715.3,28.23
1783062180000,1715.31,1715.75,1715.11,1715.4,31.45
1783062240000,1715.41,1715.56,1713.2,1713.25,119.76
1783062300000,1713.24,1713.98,1713.11,1713.82,110.42
1783062360000,1713.82,1714.75,1713.81,1714.75,22.5
1783062420000,1714.75,1717.0,1714.75,1717.0,97.1
1783062480000,1717.01,1718.14,1717.0,1717.3,82.28
1783062540000,1717.31,1717.73,1716.02,1716.02,673.06
1783062600000,1716.02,1716.26,1715.0,1715.22,29.12
1783062660000,1715.23,1715.26,1714.61,1714.79,28.38
1783062720000,1714.8,1715.57,1714.8,1714.83,46.38
1783062780000,1714.83,1714.93,1714.16,1714.89,86.38
1783062840000,1714.9,1715.35,1714.9,1715.2,65.75
1783062900000,1715.2,1716.2,1715.14,1716.18,55.37
1783062960000,1716.18,1716.24,1715.75,1716.12,40.8
1783063020000,1716.11,1716.16,1715.56,1715.95,79.61
1783063080000,1715.95,1716.99,1715.86,1716.99,100.14
1783063140000,1716.99,1717.33,1716.17,1716.55,46.51
1783063200000,1716.53,1717.47,1716.53,1716.95,39.0
1783063260000,1716.95,1717.13,1716.94,1717.12,151.08
1783063320000,1717.11,1717.16,1716.35,1716.36,94.19
1783063380000,1716.36,1717.18,1716.34,1717.18,20.28
1783063440000,1717.21,1717.72,1717.21,1717.4,59.17
1783063500000,1717.41,1717.41,1716.42,1716.48,64.18
1783063560000,1716.48,1716.48,1716.11,1716.13,23.03
1783063620000,1716.13,1716.3,1716.0,1716.01,23.02
1783063680000,1716.0,1716.27,1715.68,1715.74,56.68
1783063740000,1715.74,1716.95,1715.64,1716.94,25.97
1783063800000,1716.95,1718.39,1716.91,1717.95,106.35
1783063860000,1717.95,1717.96,1715.85,1715.86,165.03
1783063920000,1715.86,1716.26,1715.43,1716.19,29.7
1783063980000,1716.19,1716.99,1715.92,1716.96,59.81
1783064040000,1716.97,1717.68,1716.78,1717.1,42.17
1783064100000,1717.1,1720.7,1716.95,1720.66,352.43
1783064160000,1720.3,1720.3,1716.32,1716.4,116.08
1783064220000,1716.51,1716.84,1716.0,1716.75,139.78
1783064280000,1716.75,1717.11,1716.27,1716.3,42.82
1783064340000,1716.3,1716.31,1715.75,1715.75,46.59
1783064400000,1715.68,1716.09,1715.38,1716.04,104.98
1783064460000,1716.04,1717.27,1715.97,1717.21,76.85
1783064520000,1717.18,1718.41,1717.18,1717.79,65.58
1783064580000,1717.76,1717.76,1716.97,1717.53,131.62
1783064640000,1717.54,1717.72,1717.18,1717.62,32.04
1783064700000,1717.63,1717.98,1717.22,1717.41,23.63
1783064760000,1717.41,1718.36,1717.4,1718.29,40.97
1783064820000,1718.3,1719.63,1718.29,1718.84,233.2
1783064880000,1718.85,1719.1,1718.39,1718.82,54.75
1783064940000,1718.81,1719.27,1718.36,1719.05,79.43
1783065000000,1719.06,1720.21,1718.45,1720.21,44.13
1783065060000,1720.25,1721.53,1719.99,1720.11,242.51
1783065120000,1720.11,1720.11,1719.24,1719.43,162.53
1783065180000,1719.44,1720.54,1719.44,1720.06,126.05
1783065240000,1720.06,1720.24,1719.55,1719.6,236.75
1783065300000,1719.6,1719.89,1719.29,1719.45,142.94
1783065360000,1719.44,1719.75,1718.97,1719.03,43.57
1783065420000,1719.03,1719.03,1718.14,1718.7,123.82
1783065480000,1718.7,1718.71,1718.28,1718.29,87.87
1783065540000,1718.28,1718.29,1716.71,1717.13,320.47
1783065600000,1717.12,1717.66,1716.69,1716.82,126.58
1783065660000,1716.82,1718.09,1716.63,1718.06,82.31
1783065720000,1718.06,1719.84,1717.78,1717.79,97.91
1783065780000,1717.79,1717.79,1715.98,1716.46,81.05
1783065840000,1716.47,1717.47,1716.46,1717.45,29.78
1783065900000,1717.44,1717.88,1717.35,1717.7,222.77
1783065960000,1717.7,1718.84,1717.69,1718.37,161.77
1783066020000,1718.28,1718.28,1716.93,1717.03,227.9
1783066080000,1717.04,1717.13,1716.55,1717.03,36.07
1783066140000,1717.03,1717.28,1716.86,1717.27,52.1
1783066200000,1717.76,1718.0,1717.1,1717.1,48.12
1783066260000,1717.1,1717.57,1717.1,1717.18,33.41
1783066320000,1717.18,1717.98,1717.17,1717.97,45.13
1783066380000,1717.97,1718.27,1717.04,1717.07,38.84
1783066440000,1717.08,1717.38,1717.07,1717.17,86.13
1783066500000,1717.17,1717.52,1717.07,1717.07,168.06
1783066560000,1717.08,1718.26,1717.08,1717.91,34.52
1783066620000,1717.89,1718.54,1717.33,1717.34,105.92
1783066680000,1717.35,1717.44,1716.76,1716.76,66.01
1783066740000,1716.77,1717.03,1716.32,1716.33,111.06
1783066800000,1716.25,1716.25,1715.08,1715.08,132.31
1783066860000,1715.09,1716.49,1715.0,1716.49,78.66
1783066920000,1716.49,1717.1,1716.47,1716.48,76.06
1783066980000,1716.51,1716.7,1715.97,1716.56,25.17
1783067040000,1716.56,1717.34,1716.54,1717.19,164.02
1783067100000,1717.19,1718.4,1717.19,1718.31,36.76
1783067160000,1718.3,1721.32,1718.03,1721.26,189.24
1783067220000,1721.27,1722.78,1718.33,1718.7,853.07
1783067280000,1718.69,1719.68,1718.41,1718.93,66.03
1783067340000,1718.92,1719.77,1718.92,1719.26,33.24
1783067400000,1719.26,1719.26,1717.04,1717.04,78.48
1783067460000,1717.05,1719.77,1717.03,1719.67,43.17
1783067520000,1719.46,1719.67,1718.93,1719.2,58.68
1783067580000,1719.19,1720.61,1719.19,1720.61,225.46
1783067640000,1720.61,1721.43,1719.55,1719.93,72.96
1783067700000,1719.93,1720.82,1719.7,1720.48,95.74
1783067760000,1720.47,1722.21,1720.42,1721.67,84.78
1783067820000,1721.67,1721.67,1720.15,1720.16,101.7
1783067880000,1720.16,1721.05,1720.16,1720.47,132.46
1783067940000,1720.48,1720.87,1720.2,1720.72,59.1
1783068000000,1720.73,1720.74,1719.66,1719.91,87.51
1783068060000,1719.9,1721.4,1719.9,1720.92,31.61
1783068120000,1720.99,1723.81,1720.98,1723.68,168.62
1783068180000,1723.7,1733.72,1723.64,1730.63,3470.66
1783068240000,1730.54,1731.51,1727.81,1730.69,639.57
1783068300000,1730.72,1730.85,1727.21,1728.3,426.7
1783068360000,1728.31,1728.92,1726.82,1727.19,443.2
1783068420000,1727.19,1728.15,1725.68,1728.14,223.08
1783068480000,1728.11,1729.24,1727.31,1728.56,750.14
1783068540000,1728.56,1729.0,1725.85,1725.85,353.61
1783068600000,1725.84,1726.04,1724.9,1724.91,261.52
1783068660000,1724.93,1724.96,1723.53,1723.74,483.79
1783068720000,1723.73,1723.76,1718.49,1720.2,1019.16
1783068780000,1720.22,1720.74,1718.41,1719.45,247.81
1783068840000,1719.44,1719.86,1718.23,1718.45,342.98
1783068900000,1718.46,1719.99,1717.98,1719.88,548.06
1783068960000,1719.85,1720.0,1718.88,1719.22,152.72
1783069020000,1719.22,1719.57,1718.3,1719.56,189.06
1783069080000,1719.6,1719.6,1717.73,1718.11,263.83
1783069140000,1718.11,1719.4,1718.11,1719.09,145.76
1783069200000,1719.1,1719.17,1716.43,1716.76,229.85
1783069260000,1716.76,1720.46,1716.29,1719.76,476.6
1783069320000,1719.76,1721.13,1719.75,1720.25,229.41
1783069380000,1720.24,1722.2,1719.94,1720.84,189.77
1783069440000,1720.83,1722.67,1720.83,1722.63,753.6
1783069500000,1722.64,1727.23,1722.63,1726.8,1094.75
1783069560000,1726.7,1728.07,1725.05,1726.92,629.88
1783069620000,1726.92,1728.89,1725.2,1728.08,345.15
1783069680000,1728.08,1728.26,1726.47,1727.31,123.58
1783069740000,1727.31,1727.9,1726.5,1726.5,221.94
1783069800000,1726.33,1727.75,1725.5,1725.7,121.23
1783069860000,1725.7,1726.95,1725.6,1726.95,123.87
1783069920000,1726.95,1727.27,1726.29,1726.41,145.25
1783069980000,1726.42,1727.44,1726.33,1727.21,52.64
1783070040000,1727.21,1728.89,1727.13,1728.0,168.21
1783070100000,1727.93,1729.39,1727.36,1727.95,222.19
1783070160000,1727.95,1728.34,1726.34,1726.68,333.96
1783070220000,1726.66,1726.68,1725.95,1726.23,421.72
1783070280000,1726.12,1726.73,1725.6,1726.26,150.51
1783070340000,1726.26,1726.63,1725.79,1726.63,28.43
1783070400000,1726.63,1728.04,1726.62,1727.72,74.24
1783070460000,1727.72,1729.04,1727.08,1727.74,171.33
1783070520000,1727.74,1727.79,1726.51,1726.86,44.88
1783070580000,1726.86,1727.15,1726.43,1727.13,92.74
1783070640000,1727.14,1727.37,1726.91,1727.36,64.52
1783070700000,1727.24,1727.24,1726.2,1727.18,108.55
1783070760000,1727.22,1727.32,1725.06,1725.23,128.21
1783070820000,1725.24,1725.5,1724.61,1725.49,40.49
1783070880000,1725.49,1725.82,1724.84,1725.61,51.58
1783070940000,1725.6,1725.7,1725.39,1725.42,39.97
1783071000000,1725.42,1725.64,1724.03,1724.34,109.04
1783071060000,1724.35,1725.0,1724.29,1724.69,40.18
1783071120000,1724.68,1725.25,1724.68,1725.08,109.49
1783071180000,1725.08,1725.26,1724.87,1725.09,29.92
1783071240000,1725.08,1725.09,1722.37,1722.66,92.49
1783071300000,1722.68,1723.36,1722.68,1722.82,157.19
1783071360000,1722.83,1722.83,1720.23,1720.5,191.6
1783071420000,1720.51,1721.68,1720.5,1721.33,47.61
1783071480000,1721.18,1721.19,1720.42,1721.02,406.42
1783071540000,1721.01,1721.05,1720.62,1720.8,89.07
1783071600000,1720.81,1721.02,1720.25,1721.01,76.39
1783071660000,1721.03,1721.92,1721.03,1721.78,79.43
1783071720000,1721.79,1722.01,1721.73,1721.76,157.44
1783071780000,1721.75,1722.43,1721.54,1722.31,449.16
1783071840000,1722.31,1723.0,1722.31,1722.53,1411.41
1783071900000,1722.53,1723.59,1722.52,1723.48,237.04
1783071960000,1723.49,1727.54,1723.48,1727.23,447.89
1783072020000,1727.23,1730.23,1727.16,1728.29,2026.14
1783072080000,1728.29,1730.0,1727.32,1728.31,80.16
1783072140000,1728.3,1728.3,1727.07,1727.33,159.78
1783072200000,1727.34,1727.4,1726.86,1726.93,98.19
1783072260000,1726.92,1726.99,1725.83,1726.08,323.81
1783072320000,1726.06,1726.45,1725.76,1726.28,39.81
1783072380000,1726.25,1726.68,1726.03,1726.66,112.49
1783072440000,1726.65,1726.98,1726.5,1726.93,79.65
1783072500000,1726.94,1727.52,1726.78,1727.11,86.33
1783072560000,1727.1,1727.69,1726.72,1726.74,182.76
1783072620000,1726.74,1726.95,1726.61,1726.62,47.04
1783072680000,1726.62,1726.62,1725.71,1725.9,122.25
1783072740000,1725.91,1726.43,1725.61,1725.63,59.02
1783072800000,1725.63,1730.75,1725.55,1730.43,249.3
1783072860000,1730.62,1733.3,1729.55,1730.4,356.24
1783072920000,1730.44,1731.58,1726.8,1728.06,729.79
1783072980000,1728.18,1729.19,1728.18,1728.98,102.2
1783073040000,1728.98,1730.49,1728.97,1729.67,338.9
1783073100000,1729.66,1731.52,1729.59,1731.36,260.11
1783073160000,1731.36,1731.81,1730.24,1730.35,92.6
1783073220000,1730.35,1730.53,1729.34,1729.6,122.61
1783073280000,1729.61,1731.49,1729.33,1730.96,109.86
1783073340000,1730.95,1731.2,1729.33,1729.33,359.25
1783073400000,1729.38,1730.8,1729.36,1730.75,429.97
1783073460000,1730.75,1730.76,1729.44,1729.73,447.43
1783073520000,1729.76,1738.07,1729.62,1736.03,3725.83
1783073580000,1735.8,1736.05,1734.34,1734.9,690.96
1783073640000,1734.76,1734.77,1732.4,1733.46,295.43
1783073700000,1733.46,1734.31,1733.22,1733.41,646.31
1783073760000,1733.41,1733.42,1731.26,1731.29,862.82
1783073820000,1731.28,1732.48,1731.06,1732.47,237.89
1783073880000,1732.5,1733.43,1731.74,1731.79,109.47
1783073940000,1731.75,1732.38,1731.46,1732.13,193.12
1783074000000,1732.12,1733.43,1731.6,1733.29,1865.14
1783074060000,1733.29,1735.48,1733.07,1735.44,471.52
1783074120000,1735.44,1736.6,1735.29,1736.52,380.32
1783074180000,1736.51,1738.27,1735.91,1736.15,817.46
1783074240000,1736.05,1736.11,1733.88,1734.44,2047.18
1783074300000,1734.51,1736.25,1734.44,1734.61,271.4
1783074360000,1734.61,1736.47,1734.5,1736.47,1737.1
1783074420000,1736.47,1736.48,1735.61,1736.34,274.24
1783074480000,1736.34,1736.34,1735.04,1735.62,36.85
1783074540000,1735.63,1736.48,1735.63,1735.92,67.13
1783074600000,1735.9,1735.97,1734.84,1734.84,203.01
1783074660000,1734.84,1735.53,1734.24,1734.69,281.75
1783074720000,1734.67,1735.0,1734.32,1734.32,77.89
1783074780000,1734.33,1736.3,1734.15,1736.06,89.17
1783074840000,1736.0,1736.0,1734.22,1734.9,291.37
1783074900000,1734.97,1737.06,1734.96,1737.06,134.97
1783074960000,1737.48,1737.69,1736.05,1736.36,492.11
1783075020000,1736.35,1738.88,1736.35,1738.31,903.22
1783075080000,1738.31,1741.39,1738.08,1741.07,2088.86
1783075140000,1741.26,1741.38,1738.34,1738.63,1050.31
1783075200000,1738.57,1738.78,1737.75,1738.33,226.82
1783075260000,1738.34,1738.51,1737.5,1738.13,95.57
1783075320000,1738.13,1739.31,1738.1,1739.22,118.88
1783075380000,1739.32,1746.0,1739.32,1742.47,3956.42
1783075440000,1742.43,1748.31,1742.43,1746.69,2191.61
1783075500000,1746.69,1746.99,1741.85,1742.18,1472.15
1783075560000,1742.19,1744.87,1741.86,1742.89,2561.31
1783075620000,1742.93,1745.16,1742.93,1744.77,1339.14
1783075680000,1744.78,1745.14,1744.34,1744.37,370.87
1783075740000,1744.37,1746.53,1743.99,1746.43,864.78
1783075800000,1746.43,1746.43,1744.45,1744.46,1069.77
1783075860000,1744.45,1746.46,1743.63,1746.46,306.18
1783075920000,1746.47,1747.75,1745.85,1747.47,1697.49
1783075980000,1747.47,1748.45,1746.75,1746.85,1492.18
1783076040000,1746.85,1747.27,1745.91,1745.99,678.24
1783076100000,1746.01,1746.15,1744.0,1744.14,268.42
1783076160000,1744.14,1745.4,1744.14,1745.17,437.54
1783076220000,1745.02,1745.03,1743.45,1743.69,285.52
1783076280000,1743.63,1744.49,1743.45,1743.63,2060.61
1783076340000,1743.64,1743.92,1741.19,1741.48,201.45
1783076400000,1741.48,1741.63,1736.84,1739.23,927.46
1783076460000,1739.22,1739.93,1738.48,1739.2,417.63
1783076520000,1739.21,1740.91,1739.19,1740.63,252.77
1783076580000,1740.64,1741.25,1739.9,1740.71,629.77
1783076640000,1740.69,1742.52,1740.55,1742.06,459.2
1783076700000,1742.06,1744.47,1742.05,1743.05,1713.19
1783076760000,1743.04,1744.44,1743.04,1743.52,606.4
1783076820000,1743.55,1744.27,1742.49,1743.29,446.71
1783076880000,1743.37,1743.62,1742.08,1742.56,37.52
1783076940000,1742.57,1743.36,1742.57,1743.22,88.36
1783077000000,1743.23,1744.29,1741.42,1741.49,604.69
1783077060000,1741.49,1742.44,1740.33,1740.63,227.09
1783077120000,1740.63,1741.9,1740.18,1741.9,113.91
1783077180000,1741.89,1742.82,1741.16,1742.79,79.19
1783077240000,1742.79,1742.87,1741.67,1742.21,158.82
1783077300000,1742.21,1745.13,1742.2,1743.5,803.53
1783077360000,1743.39,1743.89,1743.18,1743.44,268.97
1783077420000,1743.45,1744.89,1740.31,1742.22,173.95
1783077480000,1742.21,1742.43,1741.76,1742.15,47.13
1783077540000,1742.15,1742.92,1741.76,1742.18,95.17
1783077600000,1742.29,1744.33,1742.29,1744.17,73.72
1783077660000,1744.17,1745.27,1744.0,1744.42,108.69
1783077720000,1744.46,1745.34,1744.03,1745.15,97.08
1783077780000,1745.15,1746.03,1744.58,1744.95,222.13
1783077840000,1744.95,1747.46,1744.95,1747.28,508.21
1783077900000,1747.21,1747.21,1743.96,1744.87,364.14
1783077960000,1744.87,1744.87,1741.71,1741.71,179.11
1783078020000,1741.52,1743.42,1741.51,1743.09,147.43
1783078080000,1743.09,1743.9,1742.77,1743.02,68.76
1783078140000,1743.03,1743.56,1741.63,1741.78,90.13
1783078200000,1741.79,1742.78,1741.13,1741.13,99.47
1783078260000,1741.13,1741.97,1741.1,1741.63,121.69
1783078320000,1741.63,1743.89,1741.55,1743.86,463.66
1783078380000,1743.95,1744.62,1743.18,1743.6,183.34
1783078440000,1743.61,1743.61,1742.48,1742.5,105.32
1783078500000,1742.5,1742.76,1741.82,1742.27,515.14
1783078560000,1742.26,1742.87,1741.16,1742.38,477.53
1783078620000,1742.37,1742.38,1740.34,1740.34,43.91
1783078680000,1740.35,1741.64,1740.34,1741.49,58.32
1783078740000,1741.49,1741.52,1741.0,1741.01,86.71
1783078800000,1741.01,1741.01,1738.42,1738.76,430.83
1783078860000,1738.75,1740.39,1738.75,1739.87,187.82
1783078920000,1739.87,1739.87,1738.88,1738.88,123.7
1783078980000,1738.9,1739.59,1738.81,1739.59,109.37
1783079040000,1739.59,1739.59,1738.9,1739.37,58.6
1783079100000,1739.41,1740.47,1739.41,1740.01,156.8
1783079160000,1740.0,1740.59,1739.29,1739.91,1261.15
1783079220000,1739.91,1740.94,1739.91,1740.5,56.77
1783079280000,1740.5,1741.69,1740.47,1741.02,106.04
1783079340000,1741.01,1742.21,1740.55,1742.2,1523.79
1783079400000,1742.2,1742.94,1741.99,1742.84,84.08
1783079460000,1742.83,1743.9,1741.87,1741.89,126.7
1783079520000,1741.88,1742.13,1741.45,1741.59,104.36
1783079580000,1741.59,1741.61,1741.07,1741.5,327.57
1783079640000,1741.51,1742.38,1741.5,1742.35,21.36
1783079700000,1742.36,1742.71,1741.7,1741.7,61.4
1783079760000,1741.71,1742.77,1741.71,1741.93,43.45
1783079820000,1741.94,1742.0,1741.79,1741.8,136.58
1783079880000,1741.79,1741.87,1741.29,1741.5,43.77
1783079940000,1741.51,1742.47,1741.5,1741.67,96.51
1783080000000,1741.68,1743.72,1741.0,1742.02,158.55
1783080060000,1742.05,1744.25,1742.05,1744.22,57.85
1783080120000,1744.15,1744.15,1742.97,1743.61,73.48
1783080180000,1743.62,1743.82,1743.18,1743.81,38.53
1783080240000,1743.82,1744.0,1743.32,1743.55,37.21
1783080300000,1743.55,1744.0,1741.4,1742.18,138.42
1783080360000,1742.17,1742.78,1741.66,1741.91,160.74
1783080420000,1741.92,1742.88,1741.31,1741.32,39.22
1783080480000,1741.28,1741.59,1740.08,1740.64,291.08
1783080540000,1740.64,1741.94,1740.64,1741.41,54.57
1783080600000,1741.41,1742.34,1741.4,1742.14,143.69
1783080660000,1742.14,1742.21,1741.22,1741.39,73.03
1783080720000,1741.39,1741.5,1739.84,1739.85,74.36
1783080780000,1739.84,1740.65,1738.53,1738.53,124.46
1783080840000,1738.52,1739.94,1738.52,1739.84,1785.07
1783080900000,1739.85,1739.85,1736.93,1738.36,211.65
1783080960000,1738.23,1738.32,1735.38,1735.41,400.83
1783081020000,1735.52,1736.99,1735.4,1735.52,710.7
1783081080000,1735.51,1735.51,1731.79,1732.67,936.69
1783081140000,1732.72,1733.6,1730.2,1731.81,617.2
1783081200000,1731.82,1733.67,1731.81,1733.33,457.52
1783081260000,1733.33,1734.6,1732.16,1733.86,248.89
1783081320000,1733.86,1734.67,1732.93,1733.65,133.48
1783081380000,1733.66,1734.63,1733.17,1734.13,1150.13
1783081440000,1734.02,1735.13,1733.58,1734.63,79.85
1783081500000,1734.63,1735.13,1733.29,1733.52,516.99
1783081560000,1733.53,1733.64,1732.72,1733.07,84.72
1783081620000,1733.08,1734.0,1733.01,1733.92,433.73
1783081680000,1733.92,1733.95,1731.98,1732.07,114.1
1783081740000,1732.06,1733.49,1732.06,1733.44,201.5
1783081800000,1733.49,1733.94,1732.33,1733.38,94.29
1783081860000,1733.38,1734.0,1733.35,1733.8,23.1
1783081920000,1733.81,1734.5,1733.81,1733.83,226.76
1783081980000,1733.76,1734.11,1732.84,1734.02,73.85
1783082040000,1734.03,1734.9,1733.87,1734.66,109.79
1783082100000,1734.66,1734.67,1732.42,1733.07,156.71
1783082160000,1733.08,1733.24,1732.07,1732.07,63.89
1783082220000,1732.06,1732.2,1731.18,1732.01,516.84
1783082280000,1732.02,1733.02,1732.01,1732.96,66.82
1783082340000,1732.96,1732.96,1731.43,1731.76,144.8
1783082400000,1731.8,1733.12,1731.8,1732.95,50.12
1783082460000,1732.96,1733.03,1732.36,1732.87,104.93
1783082520000,1732.87,1734.27,1732.86,1733.45,403.8
1783082580000,1733.45,1733.92,1732.12,1732.29,39.24
1783082640000,1732.28,1732.97,1732.28,1732.88,44.08
1783082700000,1732.89,1733.62,1732.89,1733.59,43.1
1783082760000,1733.59,1734.22,1733.59,1733.94,668.59
1783082820000,1733.94,1734.01,1733.52,1734.01,77.91
1783082880000,1734.0,1734.11,1733.53,1733.63,52.21
1783082940000,1733.63,1734.15,1733.63,1734.15,57.05
1783083000000,1734.15,1735.7,1733.96,1735.57,635.88
1783083060000,1735.59,1735.86,1734.0,1734.01,40.85
1783083120000,1734.01,1734.52,1733.67,1734.14,247.69
1783083180000,1734.14,1735.48,1734.13,1735.42,55.74
1783083240000,1735.43,1735.65,1734.78,1734.85,48.1
1783083300000,1734.86,1735.35,1734.86,1734.92,54.88
1783083360000,1734.92,1734.99,1734.24,1734.25,96.31
1783083420000,1734.25,1735.44,1734.17,1735.15,62.91
1783083480000,1735.14,1735.55,1734.53,1735.54,121.28
1783083540000,1735.54,1736.0,1735.54,1735.76,198.59
1783083600000,1735.75,1736.86,1735.32,1736.04,164.51
1783083660000,1736.04,1737.66,1736.03,1736.72,1088.88
1783083720000,1736.72,1737.08,1736.03,1736.33,350.97
1783083780000,1736.34,1736.93,1736.2,1736.71,124.31
1783083840000,1736.71,1737.3,1736.61,1736.74,69.78
1783083900000,1736.74,1737.0,1735.41,1736.21,160.84
1783083960000,1736.21,1737.99,1735.86,1737.99,118.74
1783084020000,1737.94,1738.22,1737.34,1737.74,67.66
1783084080000,1737.73,1738.11,1735.92,1737.13,66.24
1783084140000,1737.13,1737.13,1735.39,1736.48,111.08
1783084200000,1736.49,1737.77,1736.49,1737.08,127.44
1783084260000,1737.07,1737.21,1735.77,1735.91,110.5
1783084320000,1735.9,1736.98,1735.82,1736.59,37.19
1783084380000,1736.58,1737.54,1736.58,1737.09,101.48
1783084440000,1737.09,1737.92,1737.08,1737.48,41.78
1783084500000,1737.49,1738.4,1737.49,1737.83,50.97
1783084560000,1737.84,1739.5,1737.84,1739.32,100.25
1783084620000,1739.32,1741.21,1738.82,1739.34,343.4
1783084680000,1739.35,1739.7,1739.28,1739.43,121.14
1783084740000,1739.42,1739.64,1738.46,1738.59,762.97
1783084800000,1738.59,1740.83,1738.59,1740.12,198.08
1783084860000,1740.13,1742.82,1739.93,1742.0,999.12
1783084920000,1742.0,1742.15,1740.0,1740.25,273.88
1783084980000,1740.25,1740.82,1739.8,1740.53,221.54
1783085040000,1740.53,1740.76,1740.33,1740.76,50.14
1783085100000,1740.75,1740.76,1739.49,1740.33,79.97
1783085160000,1740.33,1741.77,1740.33,1741.74,81.68
1783085220000,1741.74,1742.9,1741.7,1742.8,387.25
1783085280000,1742.79,1746.9,1742.79,1745.93,814.05
1783085340000,1745.79,1745.79,1742.32,1744.16,491.49
1783085400000,1744.15,1744.9,1742.64,1743.43,639.02
1783085460000,1743.44,1744.16,1742.74,1743.4,534.26
1783085520000,1743.39,1744.81,1742.85,1744.8,80.32
1783085580000,1744.81,1745.91,1744.54,1744.92,371.31
1783085640000,1745.0,1745.08,1744.37,1744.63,41.18
1783085700000,1744.64,1746.0,1744.63,1745.03,380.33
1783085760000,1745.03,1745.31,1744.04,1744.42,202.66
1783085820000,1744.43,1744.43,1743.0,1743.59,96.13
1783085880000,1743.59,1743.85,1742.76,1742.76,218.94
1783085940000,1742.77,1744.24,1742.66,1743.93,223.17
1783086000000,1743.93,1744.55,1743.88,1744.43,1126.76
1783086060000,1744.43,1752.09,1744.37,1750.25,4669.02
1783086120000,1750.24,1750.25,1747.16,1748.0,3062.09
1783086180000,1748.06,1750.53,1747.77,1748.17,589.7
1783086240000,1748.16,1748.63,1747.35,1748.14,268.05
1783086300000,1748.15,1749.75,1747.54,1747.63,241.8
1783086360000,1747.63,1748.16,1747.02,1747.05,371.85
1783086420000,1747.05,1748.9,1746.37,1747.94,649.36
1783086480000,1747.94,1749.76,1745.97,1745.98,371.11
1783086540000,1745.97,1746.14,1744.35,1745.24,225.34
1783086600000,1745.25,1745.85,1744.3,1744.88,184.48
1783086660000,1744.87,1746.75,1744.87,1746.7,212.26
1783086720000,1746.7,1747.47,1746.7,1747.23,89.15
1783086780000,1747.5,1752.75,1747.5,1749.15,881.15
1783086840000,1749.13,1749.14,1745.44,1746.62,231.11
1783086900000,1746.67,1746.67,1745.59,1746.46,152.68
1783086960000,1746.39,1746.98,1746.09,1746.41,99.93
1783087020000,1746.42,1747.78,1746.42,1747.77,220.76
1783087080000,1747.81,1748.21,1746.45,1746.72,111.15
1783087140000,1746.66,1748.05,1746.66,1747.46,162.09
1783087200000,1747.46,1747.46,1741.5,1741.5,2083.17
1783087260000,1741.41,1742.43,1740.41,1741.61,1423.15
1783087320000,1741.6,1742.9,1741.51,1742.35,834.43
1783087380000,1742.35,1742.73,1741.6,1742.05,149.81
1783087440000,1741.97,1744.3,1741.97,1743.71,373.58
1783087500000,1743.71,1744.11,1742.35,1742.64,116.68
1783087560000,1742.65,1743.34,1741.5,1742.66,129.2
1783087620000,1742.66,1743.15,1742.38,1742.78,143.52
1783087680000,1742.77,1743.72,1742.17,1742.18,51.87
1783087740000,1742.09,1743.53,1741.48,1743.09,99.0
1783087800000,1743.12,1743.31,1740.64,1740.69,183.87
1783087860000,1740.69,1741.42,1740.67,1740.99,1685.02
1783087920000,1741.0,1741.03,1739.06,1739.08,255.49
1783087980000,1739.14,1739.4,1733.0,1734.04,1205.43
1783088040000,1734.02,1734.16,1731.48,1733.58,2929.52
1783088100000,1733.57,1735.72,1731.86,1734.85,911.25
1783088160000,1734.85,1736.62,1734.26,1735.35,418.35
1783088220000,1735.32,1737.15,1735.28,1736.36,757.76
1783088280000,1736.35,1736.41,1734.03,1734.03,696.22
1783088340000,1734.0,1734.28,1732.35,1733.51,370.53
1783088400000,1733.5,1734.08,1732.02,1734.05,183.47
1783088460000,1734.04,1734.22,1727.58,1730.56,3246.66
1783088520000,1730.55,1731.59,1729.52,1730.94,442.11
1783088580000,1730.94,1733.74,1730.63,1733.16,612.21
1783088640000,1733.22,1733.31,1731.68,1731.7,853.76
1783088700000,1731.7,1733.11,1731.7,1732.78,77.76
1783088760000,1732.79,1733.09,1732.07,1732.07,94.73
1783088820000,1732.08,1732.9,1731.09,1731.23,294.64
1783088880000,1731.24,1732.98,1730.82,1732.67,300.63
1783088940000,1732.68,1733.73,1732.38,1733.12,165.3
1783089000000,1733.12,1734.4,1731.8,1732.17,423.03
1783089060000,1732.16,1734.75,1732.16,1734.44,275.13
1783089120000,1734.43,1734.71,1733.2,1733.72,343.21
1783089180000,1733.72,1734.17,1732.42,1732.42,411.7
1783089240000,1732.41,1732.41,1729.52,1730.23,393.22
1783089300000,1730.21,1730.9,1729.77,1730.15,805.38
1783089360000,1730.16,1731.59,1730.15,1731.39,524.58
1783089420000,1731.35,1732.62,1730.74,1732.54,146.21
1783089480000,1732.5,1732.62,1730.68,1730.91,297.8
1783089540000,1730.91,1731.19,1730.33,1731.06,126.58
1783089600000,1731.16,1735.25,1731.1,1735.25,273.58
1783089660000,1735.35,1736.61,1734.98,1736.08,593.83
1783089720000,1736.08,1736.57,1735.34,1736.11,199.58
1783089780000,1736.11,1736.12,1734.88,1735.24,134.69
1783089840000,1735.24,1736.39,1735.2,1736.33,468.24
1783089900000,1736.34,1737.46,1735.74,1737.01,613.61
1783089960000,1737.02,1737.02,1735.69,1735.69,529.67
1783090020000,1735.7,1736.03,1734.06,1736.02,199.89
1783090080000,1736.03,1736.66,1735.41,1735.46,191.07
1783090140000,1735.47,1735.68,1734.86,1735.26,89.89
1783090200000,1735.27,1735.33,1734.63,1735.2,35.67
1783090260000,1735.19,1735.8,1735.0,1735.11,147.3
1783090320000,1735.11,1735.78,1735.09,1735.72,55.81
1783090380000,1735.74,1736.97,1735.29,1735.45,104.32
1783090440000,1735.44,1739.63,1735.22,1739.63,494.87
1783090500000,1739.61,1739.61,1737.17,1737.64,339.68
1783090560000,1737.6,1737.91,1736.91,1737.59,288.72
1783090620000,1737.58,1737.89,1736.97,1737.39,76.79
1783090680000,1737.4,1737.97,1736.81,1736.81,151.49
1783090740000,1736.81,1737.03,1736.12,1736.44,221.89
1783090800000,1736.45,1737.34,1736.0,1736.86,114.69
1783090860000,1736.87,1738.99,1736.87,1738.36,117.07
1783090920000,1738.36,1739.44,1738.18,1738.18,119.74
1783090980000,1738.14,1738.14,1736.0,1736.71,143.04
1783091040000,1736.7,1737.2,1735.77,1735.78,76.22
1783091100000,1735.84,1736.19,1735.21,1736.16,52.55
1783091160000,1736.16,1742.37,1735.58,1741.91,1130.17
1783091220000,1741.91,1743.63,1740.33,1742.64,718.78
1783091280000,1742.65,1746.28,1741.56,1741.56,403.42
1783091340000,1741.55,1743.74,1741.15,1743.18,1747.81
1783091400000,1743.18,1744.3,1742.75,1744.29,1606.86
1783091460000,1744.3,1744.52,1742.66,1743.88,539.58
1783091520000,1743.89,1743.89,1741.85,1741.96,131.72
1783091580000,1741.95,1742.16,1740.2,1740.44,161.42
1783091640000,1740.4,1741.33,1739.83,1739.83,114.37
1783091700000,1739.78,1741.28,1737.72,1738.52,281.73
1783091760000,1738.52,1739.0,1737.19,1738.4,268.94
1783091820000,1738.4,1740.42,1738.37,1739.38,486.37
1783091880000,1739.39,1740.68,1739.33,1740.35,197.05
1783091940000,1740.36,1741.96,1740.35,1741.88,392.64
1783092000000,1741.78,1742.13,1740.35,1740.48,460.7
1783092060000,1740.49,1740.49,1736.61,1737.06,307.51
1783092120000,1737.06,1738.05,1735.99,1737.37,179.54
1783092180000,1737.37,1737.74,1733.24,1733.24,390.19
1783092240000,1733.25,1734.3,1732.26,1732.96,397.57
1783092300000,1733.08,1734.49,1732.41,1733.59,188.27
1783092360000,1733.61,1734.89,1732.95,1733.73,748.4
1783092420000,1733.72,1733.83,1732.95,1733.03,85.73
1783092480000,1733.03,1733.04,1731.93,1731.94,106.24
1783092540000,1731.93,1732.83,1731.55,1732.67,165.96
1783092600000,1732.67,1733.66,1732.18,1732.47,347.09
1783092660000,1732.57,1736.32,1732.57,1736.31,477.22
1783092720000,1736.1,1736.49,1734.8,1734.93,164.17
1783092780000,1734.86,1736.28,1733.24,1733.33,90.07
1783092840000,1733.34,1733.77,1732.82,1732.99,156.56
1783092900000,1733.0,1733.79,1732.89,1733.04,31.97
1783092960000,1733.03,1734.99,1733.03,1733.93,173.96
1783093020000,1733.94,1734.24,1733.28,1733.39,80.85
1783093080000,1733.4,1733.42,1732.16,1732.78,59.16
1783093140000,1732.87,1733.69,1732.84,1733.05,98.87
1783093200000,1733.0,1733.21,1731.95,1732.26,233.66
1783093260000,1732.29,1733.01,1731.6,1731.74,54.47
1783093320000,1731.66,1731.9,1730.46,1731.44,1339.87
1783093380000,1731.44,1733.06,1731.44,1731.99,129.28
1783093440000,1731.99,1733.11,1731.94,1732.43,122.98
1783093500000,1732.51,1733.57,1732.33,1733.14,151.01
1783093560000,1733.15,1733.7,1732.71,1732.77,207.14
1783093620000,1732.78,1733.21,1731.6,1731.96,232.38
1783093680000,1732.03,1732.36,1731.51,1731.91,57.32
1783093740000,1731.91,1732.0,1731.77,1731.87,65.26
1783093800000,1731.86,1732.49,1731.02,1732.23,58.21
1783093860000,1732.23,1732.43,1731.62,1731.83,167.43
1783093920000,1731.82,1732.79,1731.77,1732.51,137.94
1783093980000,1732.51,1733.44,1732.02,1732.48,35.78
1783094040000,1732.48,1733.09,1731.82,1733.02,29.91
1783094100000,1733.02,1733.04,1731.01,1731.34,184.04
1783094160000,1731.34,1731.64,1730.02,1730.64,210.34
1783094220000,1730.63,1730.85,1728.97,1729.92,171.33
1783094280000,1729.93,1729.95,1728.88,1729.86,705.02
1783094340000,1729.86,1730.88,1729.63,1730.39,47.3
1783094400000,1730.38,1731.64,1728.75,1730.19,99.78
1783094460000,1730.19,1730.77,1728.99,1729.68,201.95
1783094520000,1729.68,1729.75,1729.18,1729.33,43.32
1783094580000,1729.32,1731.06,1729.3,1730.87,65.62
1783094640000,1730.87,1732.5,1730.37,1730.61,117.56
1783094700000,1730.61,1731.91,1730.53,1730.82,65.27
1783094760000,1730.82,1731.42,1730.69,1731.07,35.63
1783094820000,1731.07,1731.29,1730.75,1730.89,40.49
1783094880000,1730.88,1731.8,1730.76,1731.45,56.15
1783094940000,1731.5,1731.89,1731.12,1731.57,117.7
1783095000000,1731.6,1731.66,1731.45,1731.6,19.06
1783095060000,1731.6,1731.61,1730.62,1730.88,151.36
1783095120000,1730.88,1730.88,1729.15,1729.16,70.21
1783095180000,1729.16,1729.16,1727.0,1728.49,481.65
1783095240000,1728.49,1728.75,1727.1,1727.49,108.41
1783095300000,1727.49,1729.2,1727.48,1729.2,168.62
1783095360000,1729.23,1729.99,1729.14,1729.98,74.9
1783095420000,1729.99,1730.0,1728.96,1729.52,58.85
1783095480000,1729.52,1730.43,1729.52,1729.79,82.07
1783095540000,1729.79,1730.15,1729.66,1730.03,21.21
1783095600000,1730.02,1730.72,1730.02,1730.52,123.35
1783095660000,1730.51,1730.83,1730.25,1730.54,71.99
1783095720000,1730.55,1733.92,1730.5,1732.91,794.65
1783095780000,1732.91,1734.69,1732.88,1733.8,621.24
1783095840000,1733.77,1734.37,1733.44,1733.48,330.84
1783095900000,1733.47,1734.57,1733.47,1733.54,277.43
1783095960000,1733.55,1733.55,1732.07,1732.08,56.3
1783096020000,1732.09,1733.29,1732.08,1733.2,119.98
1783096080000,1733.19,1733.8,1733.19,1733.71,31.31
1783096140000,1733.71,1733.82,1733.26,1733.31,409.93
1783096200000,1733.32,1734.59,1733.18,1733.18,115.58
1783096260000,1733.19,1733.19,1730.62,1730.62,107.92
1783096320000,1730.45,1731.04,1729.71,1731.03,264.93
1783096380000,1731.09,1731.31,1729.84,1730.06,33.95
1783096440000,1730.07,1731.54,1730.06,1731.54,99.06
1783096500000,1731.63,1733.24,1731.63,1732.2,74.22
1783096560000,1732.21,1732.3,1731.8,1732.01,27.87
1783096620000,1732.02,1732.02,1731.15,1731.23,179.27
1783096680000,1731.23,1731.8,1731.22,1731.73,35.51
1783096740000,1731.73,1732.29,1731.67,1731.67,57.85
1783096800000,1731.68,1732.12,1731.35,1731.99,625.27
1783096860000,1732.0,1732.46,1731.88,1732.46,31.49
1783096920000,1732.46,1732.67,1732.4,1732.5,41.98
1783096980000,1732.5,1733.41,1731.84,1731.94,32.54
1783097040000,1731.93,1732.7,1731.93,1732.02,21.32
1783097100000,1732.02,1732.41,1731.07,1731.6,166.46
1783097160000,1731.6,1732.41,1731.5,1732.19,328.66
1783097220000,1732.2,1732.34,1731.2,1731.56,28.63
1783097280000,1731.57,1732.28,1730.9,1730.9,36.42
1783097340000,1730.9,1730.93,1729.86,1730.93,48.06
1783097400000,1730.92,1731.08,1730.13,1731.07,49.5
1783097460000,1731.07,1732.08,1731.07,1731.99,70.89
1783097520000,1731.94,1733.26,1731.93,1733.0,68.83
1783097580000,1733.0,1733.4,1732.56,1732.88,71.66
1783097640000,1732.87,1732.93,1732.1,1732.15,43.88
1783097700000,1732.15,1733.25,1731.8,1733.15,85.73
1783097760000,1733.15,1733.93,1733.14,1733.73,1290.22
1783097820000,1733.73,1733.79,1733.63,1733.77,48.21
1783097880000,1733.78,1733.8,1732.73,1733.06,100.47
1783097940000,1733.06,1733.23,1732.87,1732.9,55.73
1783098000000,1732.9,1732.9,1731.68,1732.84,45.33
1783098060000,1732.84,1734.05,1732.83,1733.56,31.39
1783098120000,1733.54,1733.54,1732.2,1732.44,28.94
1783098180000,1732.44,1732.48,1732.08,1732.34,37.53
1783098240000,1732.33,1733.24,1732.33,1732.96,40.93
1783098300000,1732.97,1735.0,1732.0,1734.49,425.15
1783098360000,1734.49,1736.44,1734.29,1736.44,825.6
1783098420000,1736.46,1736.6,1735.26,1735.83,337.6
1783098480000,1735.82,1735.82,1735.4,1735.41,128.74
1783098540000,1735.41,1736.05,1735.03,1735.41,76.15
1783098600000,1735.42,1735.83,1734.59,1734.98,81.69
1783098660000,1734.97,1734.98,1734.19,1734.53,37.56
1783098720000,1734.53,1735.52,1734.36,1735.37,172.59
1783098780000,1735.37,1735.96,1735.14,1735.92,45.96
1783098840000,1735.92,1736.18,1734.82,1734.82,47.72
1783098900000,1734.83,1735.5,1734.63,1735.03,171.61
1783098960000,1735.03,1735.03,1734.44,1734.62,1384.47
1783099020000,1734.63,1735.23,1734.19,1734.82,30.46
1783099080000,1734.82,1735.44,1734.81,1735.26,32.11
1783099140000,1735.22,1735.79,1735.12,1735.75,40.71
1783099200000,1735.74,1737.54,1735.74,1736.75,478.66
1783099260000,1736.75,1737.63,1735.5,1735.96,253.14
1783099320000,1735.97,1736.77,1735.66,1736.61,84.25
1783099380000,1736.6,1736.9,1736.08,1736.1,85.03
1783099440000,1736.09,1736.23,1734.68,1734.68,54.67
1783099500000,1734.66,1734.66,1732.7,1733.43,275.36
1783099560000,1733.44,1735.1,1733.43,1735.1,181.68
1783099620000,1735.09,1735.78,1735.09,1735.55,20.37
1783099680000,1735.55,1736.06,1735.55,1735.83,24.64
1783099740000,1735.84,1735.94,1735.62,1735.63,122.7
1783099800000,1735.64,1735.64,1735.13,1735.3,24.16
1783099860000,1735.3,1735.52,1735.04,1735.27,35.63
1783099920000,1735.27,1735.3,1734.56,1734.62,27.84
1783099980000,1734.62,1735.02,1734.62,1734.97,39.59
1783100040000,1734.98,1735.71,1734.95,1735.71,32.04
1783100100000,1735.71,1737.06,1735.7,1736.6,77.62
1783100160000,1736.6,1738.7,1736.49,1737.77,306.86
1783100220000,1737.78,1738.45,1737.74,1737.95,59.31
1783100280000,1737.94,1737.95,1737.41,1737.51,45.49
1783100340000,1737.52,1737.57,1737.0,1737.01,39.73
1783100400000,1737.0,1738.31,1736.18,1738.31,83.7
1783100460000,1738.3,1738.51,1737.71,1738.48,76.76
1783100520000,1738.48,1740.3,1738.48,1739.58,196.81
1783100580000,1739.57,1740.2,1738.23,1739.86,326.15
1783100640000,1739.86,1740.04,1739.49,1739.98,53.63
1783100700000,1739.99,1741.03,1738.21,1740.22,266.2
1783100760000,1740.22,1740.32,1739.57,1739.84,76.16
1783100820000,1739.84,1739.95,1738.55,1739.79,70.93
1783100880000,1739.78,1739.79,1738.39,1738.43,102.88
1783100940000,1738.43,1738.43,1737.85,1737.85,126.11
1783101000000,1737.84,1737.87,1736.66,1736.88,114.33
1783101060000,1736.89,1737.82,1736.88,1737.59,32.89
1783101120000,1737.6,1737.67,1737.34,1737.58,126.24
1783101180000,1737.58,1738.26,1737.56,1737.95,35.47
1783101240000,1737.96,1738.44,1737.68,1738.14,40.64
1783101300000,1738.13,1738.14,1737.6,1737.67,29.21
1783101360000,1737.68,1738.49,1737.12,1738.41,35.09
1783101420000,1738.4,1738.86,1737.99,1737.99,39.5
1783101480000,1737.99,1737.99,1737.02,1737.06,37.99
1783101540000,1737.0,1737.5,1736.55,1737.5,95.54
1783101600000,1737.6,1738.17,1736.35,1736.65,154.72
1783101660000,1736.64,1737.14,1736.61,1737.01,40.07
1783101720000,1737.01,1737.03,1736.25,1736.74,31.51
1783101780000,1736.75,1737.06,1736.26,1737.05,39.91
1783101840000,1737.05,1737.11,1736.55,1736.92,27.89
1783101900000,1736.92,1737.53,1736.63,1736.84,48.53
1783101960000,1736.84,1736.92,1736.48,1736.9,58.93
1783102020000,1736.9,1737.54,1736.9,1737.08,43.87
1783102080000,1737.01,1737.12,1736.6,1737.02,36.33
1783102140000,1737.01,1737.02,1735.91,1736.35,33.42
1783102200000,1736.35,1736.71,1735.68,1736.7,27.79
1783102260000,1736.7,1736.71,1736.12,1736.29,39.15
1783102320000,1736.3,1736.48,1735.99,1736.0,50.32
1783102380000,1736.01,1736.07,1735.87,1736.07,22.47
1783102440000,1736.07,1736.16,1736.03,1736.14,30.07
1783102500000,1736.15,1737.05,1736.14,1736.57,43.69
1783102560000,1736.56,1737.42,1735.37,1735.98,75.3
1783102620000,1735.97,1736.89,1735.97,1736.65,59.01
1783102680000,1736.65,1736.76,1735.86,1736.76,106.01
1783102740000,1736.76,1737.04,1736.47,1736.85,202.1
1783102800000,1736.84,1737.52,1736.55,1736.55,36.24
1783102860000,1736.55,1737.03,1736.39,1736.55,23.85
1783102920000,1736.64,1737.11,1736.43,1736.9,30.0
1783102980000,1736.86,1736.96,1736.54,1736.96,26.97
1783103040000,1736.96,1736.97,1736.32,1736.76,41.14
1783103100000,1736.75,1736.83,1736.42,1736.76,49.96
1783103160000,1736.75,1736.79,1735.79,1736.12,22.0
1783103220000,1736.12,1737.0,1736.12,1736.99,53.11
1783103280000,1736.98,1737.38,1736.98,1737.25,39.69
1783103340000,1737.26,1737.53,1737.25,1737.53,30.98
1783103400000,1737.53,1738.19,1737.36,1737.56,102.34
1783103460000,1737.56,1737.61,1737.32,1737.55,25.06
1783103520000,1737.56,1738.71,1737.55,1738.67,149.69
1783103580000,1738.68,1738.68,1737.74,1737.82,36.86
1783103640000,1737.81,1738.83,1737.81,1738.24,23.96
1783103700000,1738.24,1738.56,1737.51,1737.87,26.73
1783103760000,1737.88,1738.59,1737.78,1738.47,46.59
1783103820000,1738.46,1738.48,1737.66,1737.71,33.58
1783103880000,1737.72,1738.42,1737.28,1738.32,58.69
1783103940000,1738.32,1738.33,1737.35,1737.36,29.97
1783104000000,1737.35,1737.99,1737.14,1737.99,42.01
1783104060000,1738.0,1738.65,1737.86,1738.51,47.85
1783104120000,1738.51,1738.51,1737.82,1737.91,32.08
1783104180000,1737.92,1738.5,1737.92,1738.5,123.36
1783104240000,1738.49,1738.86,1738.49,1738.62,57.51
1783104300000,1738.62,1739.47,1738.0,1738.41,39.03
1783104360000,1738.42,1739.32,1738.41,1739.17,37.6
1783104420000,1739.17,1739.33,1737.71,1738.04,26.53
1783104480000,1738.03,1738.41,1737.5,1737.53,30.89
1783104540000,1737.5,1737.97,1737.45,1737.48,30.85
1783104600000,1737.48,1738.03,1737.25,1738.02,156.16
1783104660000,1738.0,1738.22,1737.91,1738.03,49.95
1783104720000,1738.04,1738.62,1737.82,1738.57,33.17
1783104780000,1738.56,1738.69,1737.93,1738.2,21.32
1783104840000,1738.23,1738.28,1738.02,1738.06,25.64
1783104900000,1738.06,1738.64,1737.92,1738.33,29.07
1783104960000,1738.33,1740.16,1738.07,1739.09,56.0
1783105020000,1739.09,1739.1,1738.44,1738.63,530.38
1783105080000,1738.64,1739.73,1738.51,1738.68,24.2
1783105140000,1738.69,1738.69,1737.94,1737.98,47.15
1783105200000,1737.99,1738.21,1737.82,1738.21,29.98
1783105260000,1738.21,1738.55,1738.07,1738.44,35.63
1783105320000,1738.44,1738.95,1738.43,1738.88,40.38
1783105380000,1738.88,1739.97,1738.87,1739.49,642.67
1783105440000,1739.49,1740.18,1738.55,1738.72,111.89
1783105500000,1738.72,1738.72,1737.24,1737.42,292.51
1783105560000,1737.41,1738.37,1737.41,1738.36,58.9
1783105620000,1738.35,1738.36,1737.2,1737.88,129.23
1783105680000,1737.88,1738.07,1736.71,1736.96,60.74
1783105740000,1736.97,1738.06,1736.96,1737.94,70.12
1783105800000,1738.14,1738.16,1736.73,1736.95,46.48
1783105860000,1736.96,1737.16,1736.71,1736.99,29.69
1783105920000,1737.0,1737.05,1736.45,1736.98,72.68
1783105980000,1736.98,1737.82,1736.89,1737.33,23.31
1783106040000,1737.33,1737.33,1736.58,1736.61,36.32
1783106100000,1736.61,1743.11,1736.6,1743.1,1037.87
1783106160000,1743.07,1745.71,1742.5,1743.52,651.85
1783106220000,1743.52,1745.0,1742.79,1744.5,231.34
1783106280000,1744.5,1745.33,1743.25,1744.78,353.04
1783106340000,1744.78,1744.89,1743.98,1743.98,89.75
1783106400000,1743.98,1745.61,1743.27,1745.56,162.62
1783106460000,1745.62,1745.94,1744.81,1744.96,192.44
1783106520000,1744.96,1745.76,1744.84,1745.35,155.63
1783106580000,1745.36,1745.38,1744.88,1745.14,61.18
1783106640000,1745.14,1745.57,1744.13,1744.79,83.18
1783106700000,1744.8,1744.8,1743.06,1743.49,150.62
1783106760000,1743.5,1745.5,1742.88,1745.5,116.49
1783106820000,1745.5,1746.78,1745.5,1746.14,471.43
1783106880000,1746.02,1746.29,1745.7,1745.78,99.12
1783106940000,1745.77,1746.02,1745.7,1746.02,51.24
1783107000000,1746.0,1747.0,1745.84,1746.25,100.04
1783107060000,1746.08,1746.32,1745.44,1745.52,60.75
1783107120000,1745.53,1745.55,1745.06,1745.32,152.17
1783107180000,1745.33,1750.35,1745.06,1750.32,1056.54
1783107240000,1750.31,1750.31,1747.61,1747.93,249.66
1783107300000,1747.94,1747.94,1745.7,1746.02,158.43
1783107360000,1746.02,1746.03,1744.65,1744.71,160.05
1783107420000,1744.7,1746.16,1744.27,1746.15,72.24
1783107480000,1746.14,1752.08,1746.14,1748.95,726.15
1783107540000,1748.94,1750.77,1748.36,1749.6,199.71
1783107600000,1749.61,1750.27,1748.96,1750.04,81.25
1783107660000,1750.04,1750.05,1748.66,1749.57,93.88
1783107720000,1749.61,1749.61,1748.01,1748.42,155.43
1783107780000,1748.43,1749.28,1748.07,1748.07,46.32
1783107840000,1748.07,1748.08,1747.24,1747.31,125.94
1783107900000,1747.24,1747.24,1745.36,1746.56,95.11
1783107960000,1746.56,1746.56,1745.65,1745.94,137.12
1783108020000,1745.94,1746.34,1745.74,1745.95,187.28
1783108080000,1745.95,1746.7,1745.35,1746.69,56.8
1783108140000,1746.7,1746.88,1746.23,1746.63,51.65
1783108200000,1746.64,1747.07,1746.17,1746.18,58.88
1783108260000,1746.16,1746.16,1745.32,1745.72,48.23
1783108320000,1745.7,1745.82,1745.25,1745.68,47.42
1783108380000,1745.69,1745.83,1745.18,1745.27,38.93
1783108440000,1745.27,1745.36,1745.04,1745.18,22.37
1783108500000,1745.18,1745.29,1744.93,1745.02,88.48
1783108560000,1745.03,1745.12,1744.26,1744.93,41.75
1783108620000,1744.94,1745.71,1744.85,1745.32,35.15
1783108680000,1745.31,1745.74,1745.22,1745.48,42.93
1783108740000,1745.49,1746.07,1744.69,1744.7,63.45
1783108800000,1744.71,1745.1,1744.32,1744.75,64.41
1783108860000,1744.74,1744.76,1743.56,1743.57,92.96
1783108920000,1743.5,1743.95,1743.4,1743.89,69.75
1783108980000,1743.9,1743.9,1743.41,1743.41,65.46
1783109040000,1743.41,1744.4,1742.98,1744.3,168.94
1783109100000,1744.3,1744.3,1742.78,1743.69,52.92
1783109160000,1743.76,1750.15,1743.76,1749.61,232.53
1783109220000,1749.6,1750.68,1748.69,1749.82,113.1
1783109280000,1749.71,1749.71,1747.67,1748.73,76.85
1783109340000,1748.73,1748.74,1747.43,1748.48,47.1
1783109400000,1748.53,1748.64,1747.94,1748.64,279.69
1783109460000,1748.64,1748.64,1746.26,1747.07,92.57
1783109520000,1747.08,1747.11,1746.28,1746.39,216.86
1783109580000,1746.38,1746.6,1746.03,1746.06,53.86
1783109640000,1746.06,1747.53,1746.05,1747.38,101.81
1783109700000,1747.38,1748.06,1746.44,1746.78,42.22
1783109760000,1746.78,1747.05,1746.11,1747.04,138.4
1783109820000,1747.05,1747.06,1745.8,1745.8,77.25
1783109880000,1745.8,1747.09,1744.83,1746.7,71.07
1783109940000,1746.7,1751.38,1746.67,1750.63,379.37
1783110000000,1750.43,1752.0,1749.77,1750.36,254.54
1783110060000,1750.35,1750.35,1748.0,1749.27,306.15
1783110120000,1749.26,1750.14,1749.22,1750.07,62.66
1783110180000,1750.07,1750.07,1747.57,1747.58,231.78
1783110240000,1747.58,1749.71,1747.57,1749.47,395.32
1783110300000,1749.45,1751.5,1749.44,1750.85,1240.74
1783110360000,1750.84,1756.96,1750.09,1755.07,1945.41
1783110420000,1755.08,1756.22,1753.2,1753.7,811.22
1783110480000,1753.7,1754.26,1752.91,1752.91,625.82
1783110540000,1752.92,1753.34,1752.37,1753.2,83.34
1783110600000,1753.18,1754.11,1752.88,1753.4,81.79
1783110660000,1753.32,1753.48,1751.95,1752.24,665.41
1783110720000,1752.25,1753.87,1752.0,1753.34,865.24
1783110780000,1753.41,1754.05,1751.69,1751.89,169.36
1783110840000,1751.89,1755.87,1751.66,1755.78,113.47
1783110900000,1755.75,1762.68,1755.51,1760.62,4322.43
1783110960000,1760.61,1772.59,1760.59,1768.18,3990.83
1783111020000,1768.35,1768.68,1763.24,1763.37,986.36
1783111080000,1763.36,1764.03,1762.35,1763.32,314.59
1783111140000,1763.35,1763.57,1760.91,1760.99,194.7
1783111200000,1760.9,1760.98,1758.9,1759.7,289.51
1783111260000,1759.7,1761.38,1759.69,1761.35,198.87
1783111320000,1761.34,1763.68,1760.83,1763.57,246.16
1783111380000,1763.58,1765.24,1763.01,1763.93,253.16
1783111440000,1763.94,1765.75,1763.83,1765.66,254.6
1783111500000,1765.6,1771.49,1762.97,1770.88,611.72
1783111560000,1770.89,1772.0,1766.68,1767.9,470.9
1783111620000,1767.9,1769.63,1766.8,1769.63,172.46
1783111680000,1769.75,1771.31,1769.09,1769.09,260.44
1783111740000,1769.01,1770.29,1767.78,1768.0,225.73
1783111800000,1768.0,1768.01,1766.33,1766.77,165.98
1783111860000,1766.77,1766.86,1766.23,1766.62,172.57
1783111920000,1766.89,1768.24,1766.89,1768.23,90.92
1783111980000,1768.23,1768.4,1767.1,1767.96,91.49
1783112040000,1767.84,1767.84,1766.43,1766.44,72.93
1783112100000,1766.44,1766.44,1764.64,1765.1,241.19
1783112160000,1765.11,1765.32,1763.09,1763.22,175.12
1783112220000,1763.21,1763.97,1762.4,1762.67,499.96
1783112280000,1762.67,1763.76,1762.64,1763.76,73.54
1783112340000,1763.75,1766.77,1763.75,1765.44,536.2
1783112400000,1765.44,1766.54,1764.27,1765.05,83.94
1783112460000,1764.98,1768.58,1764.78,1768.38,80.21
1783112520000,1768.38,1769.43,1764.54,1765.1,173.56
1783112580000,1764.97,1768.21,1764.81,1767.63,186.34
1783112640000,1767.64,1767.64,1765.83,1766.26,33.16
1783112700000,1766.26,1766.66,1763.78,1763.79,41.91
1783112760000,1763.78,1766.24,1763.78,1766.01,198.23
1783112820000,1766.01,1766.01,1765.03,1765.13,157.16
1783112880000,1765.14,1768.0,1765.13,1766.74,211.27
1783112940000,1766.7,1767.6,1765.64,1767.56,36.24
1783113000000,1767.56,1768.07,1766.95,1766.96,31.01
1783113060000,1766.95,1770.34,1766.83,1769.92,216.88
1783113120000,1769.92,1771.3,1768.81,1771.24,65.55
1783113180000,1771.3,1775.15,1768.78,1768.97,1531.09
1783113240000,1768.96,1769.78,1765.06,1766.18,483.16
1783113300000,1766.17,1767.45,1766.17,1766.89,94.9
1783113360000,1766.79,1766.79,1763.6,1764.34,316.05
1783113420000,1764.26,1766.23,1763.56,1765.76,94.26
1783113480000,1765.82,1766.13,1764.1,1765.62,205.87
1783113540000,1765.62,1766.27,1763.83,1764.21,83.31
1783113600000,1764.22,1764.85,1764.13,1764.53,117.2
1783113660000,1764.53,1766.08,1764.53,1765.86,68.17
1783113720000,1765.86,1766.4,1764.76,1764.76,122.7
1783113780000,1764.8,1765.14,1764.16,1764.71,91.79
1783113840000,1764.72,1765.27,1764.22,1764.27,31.74
1783113900000,1764.28,1765.05,1763.36,1763.81,175.73
1783113960000,1763.83,1764.55,1763.7,1764.19,60.27
1783114020000,1764.18,1764.19,1763.2,1763.51,60.04
1783114080000,1763.51,1763.72,1763.38,1763.4,191.07
1783114140000,1763.39,1763.5,1763.03,1763.03,102.49
1783114200000,1763.03,1763.03,1760.41,1762.5,260.6
1783114260000,1762.48,1762.77,1760.58,1760.7,74.96
1783114320000,1760.7,1760.95,1759.46,1759.58,197.93
1783114380000,1759.59,1759.83,1759.1,1759.11,219.98
1783114440000,1759.13,1759.73,1759.13,1759.64,36.12
1783114500000,1759.64,1760.76,1759.2,1760.07,130.85
1783114560000,1760.08,1761.2,1760.07,1760.3,91.41
1783114620000,1760.29,1761.54,1760.29,1760.62,102.46
1783114680000,1760.62,1760.62,1758.49,1758.7,166.54
1783114740000,1758.7,1759.26,1757.97,1757.97,158.19
1783114800000,1757.96,1758.13,1756.28,1757.59,254.22
1783114860000,1757.59,1758.32,1757.0,1757.75,197.56
1783114920000,1757.75,1757.79,1756.96,1757.38,206.33
1783114980000,1757.39,1758.73,1757.21,1758.19,45.78
1783115040000,1758.2,1759.88,1757.91,1759.52,1238.35
1783115100000,1759.53,1760.84,1759.14,1760.81,118.81
1783115160000,1760.81,1761.81,1760.56,1761.31,170.09
1783115220000,1761.28,1762.58,1760.66,1762.21,46.97
1783115280000,1762.39,1762.84,1761.95,1761.96,93.97
1783115340000,1761.95,1761.96,1761.03,1761.05,26.14
1783115400000,1761.04,1761.71,1761.03,1761.71,118.64
1783115460000,1761.73,1761.83,1760.16,1760.46,377.15
1783115520000,1760.45,1761.8,1760.45,1761.42,113.49
1783115580000,1761.43,1763.5,1761.25,1763.5,39.59
1783115640000,1763.52,1766.53,1763.34,1765.44,258.5
1783115700000,1765.44,1766.9,1764.53,1764.65,202.71
1783115760000,1764.65,1764.71,1763.47,1764.12,40.2
1783115820000,1764.12,1764.15,1763.13,1763.75,45.72
1783115880000,1763.74,1763.76,1763.26,1763.26,44.63
1783115940000,1763.21,1763.55,1762.59,1762.77,45.56
1783116000000,1762.77,1763.39,1762.0,1762.0,285.66
1783116060000,1762.01,1762.01,1760.42,1761.52,95.22
1783116120000,1761.51,1761.85,1760.67,1760.83,122.82
1783116180000,1760.64,1760.64,1759.05,1760.09,131.83
1783116240000,1759.93,1759.93,1758.87,1758.88,210.43
1783116300000,1758.88,1759.04,1756.96,1756.97,500.71
1783116360000,1756.96,1757.76,1756.87,1756.87,60.78
1783116420000,1756.78,1758.49,1756.5,1758.27,194.81
1783116480000,1758.26,1758.92,1757.93,1758.13,77.48
1783116540000,1758.13,1758.26,1757.53,1757.55,27.72
1783116600000,1757.55,1758.34,1757.12,1757.66,64.9
1783116660000,1757.66,1757.8,1756.5,1756.5,193.69
1783116720000,1756.5,1757.0,1755.88,1756.61,60.48
1783116780000,1756.61,1757.73,1756.51,1757.49,28.15
1783116840000,1757.48,1757.9,1757.01,1757.9,100.44
1783116900000,1757.89,1758.42,1757.64,1758.01,79.44
1783116960000,1758.01,1758.01,1757.42,1757.92,147.24
1783117020000,1757.91,1758.36,1757.57,1758.02,26.28
1783117080000,1758.02,1758.18,1757.8,1758.03,65.63
1783117140000,1758.03,1759.13,1758.01,1758.51,179.27
1783117200000,1758.51,1758.9,1758.32,1758.82,22.98
1783117260000,1758.82,1759.48,1758.53,1759.18,54.32
1783117320000,1759.19,1759.31,1758.36,1758.51,23.67
1783117380000,1758.53,1758.89,1758.38,1758.48,41.21
1783117440000,1758.49,1759.58,1757.77,1759.12,30.67
1783117500000,1759.13,1760.99,1759.02,1759.51,61.94
1783117560000,1759.51,1760.7,1759.51,1760.27,57.03
1783117620000,1760.27,1760.43,1759.9,1760.37,23.53
1783117680000,1760.36,1760.37,1759.6,1759.6,38.85
1783117740000,1759.61,1760.04,1759.44,1759.44,29.58
1783117800000,1759.44,1760.69,1759.44,1760.34,65.15
1783117860000,1760.34,1760.39,1757.38,1758.54,41.16
1783117920000,1758.55,1758.61,1757.09,1758.12,32.32
1783117980000,1758.12,1758.12,1757.19,1757.5,20.69
1783118040000,1757.5,1757.92,1757.25,1757.25,24.71
1783118100000,1757.26,1757.41,1757.12,1757.31,55.06
1783118160000,1757.31,1757.32,1756.5,1757.1,30.06
1783118220000,1757.09,1757.71,1756.82,1757.59,97.78
1783118280000,1757.58,1757.69,1757.41,1757.65,24.68
1783118340000,1757.65,1757.65,1756.13,1756.14,30.56
1783118400000,1756.13,1756.71,1755.45,1756.66,125.58
1783118460000,1756.4,1756.4,1755.2,1755.63,319.07
1783118520000,1755.63,1756.78,1755.62,1756.78,36.47
1783118580000,1756.77,1757.38,1756.28,1757.07,25.77
1783118640000,1757.07,1758.21,1757.07,1758.04,41.12
1783118700000,1758.05,1758.2,1757.76,1758.13,35.47
1783118760000,1758.13,1759.31,1756.64,1758.5,46.15
1783118820000,1758.5,1758.5,1756.8,1756.8,63.14
1783118880000,1756.8,1756.8,1756.09,1756.27,64.39
1783118940000,1756.26,1757.05,1756.26,1756.72,40.97
1783119000000,1756.72,1756.95,1756.38,1756.54,45.92
1783119060000,1756.53,1756.98,1756.48,1756.76,42.45
1783119120000,1756.73,1756.73,1756.19,1756.47,45.24
1783119180000,1756.47,1756.51,1756.25,1756.51,21.88
1783119240000,1756.5,1756.6,1756.24,1756.43,48.9
1783119300000,1756.43,1756.51,1755.92,1756.42,24.57
1783119360000,1756.41,1756.75,1756.18,1756.74,39.94
1783119420000,1756.74,1757.14,1756.46,1756.76,22.36
1783119480000,1756.76,1757.17,1756.74,1757.08,31.3
1783119540000,1757.08,1757.08,1756.77,1756.77,24.91
1783119600000,1756.77,1757.13,1756.56,1757.05,39.76
1783119660000,1757.05,1757.82,1757.04,1757.45,67.57
1783119720000,1757.44,1758.47,1757.44,1757.9,116.87
1783119780000,1757.91,1758.1,1757.86,1757.86,39.69
1783119840000,1757.86,1757.88,1757.15,1757.17,26.79
1783119900000,1757.16,1757.43,1756.0,1756.0,26.67
1783119960000,1756.01,1757.78,1756.01,1757.56,32.33
1783120020000,1757.57,1757.57,1755.99,1756.07,31.48
1783120080000,1756.03,1756.04,1755.28,1755.59,45.73
1783120140000,1755.58,1756.01,1754.51,1756.0,60.0
1783120200000,1756.28,1756.68,1755.64,1755.96,543.57
1783120260000,1755.96,1756.02,1755.85,1755.98,74.01
1783120320000,1755.97,1756.68,1755.37,1756.68,101.53
1783120380000,1756.68,1757.03,1756.68,1756.8,20.78
1783120440000,1756.79,1757.79,1756.79,1757.17,31.42
1783120500000,1757.17,1757.23,1756.51,1757.23,35.59
1783120560000,1757.23,1759.81,1757.23,1759.68,98.67
1783120620000,1759.69,1759.83,1758.84,1759.09,484.8
1783120680000,1759.02,1759.08,1757.46,1757.5,40.97
1783120740000,1757.54,1758.82,1757.54,1758.82,44.22
1783120800000,1758.82,1761.25,1758.81,1760.88,43.49
1783120860000,1760.88,1760.97,1760.42,1760.43,181.12
1783120920000,1760.42,1760.68,1759.76,1759.76,61.45
1783120980000,1759.76,1759.99,1759.09,1759.1,62.99
1783121040000,1759.1,1759.67,1758.61,1758.66,28.53
1783121100000,1758.65,1758.71,1757.69,1757.9,54.25
1783121160000,1757.91,1757.91,1756.18,1756.18,32.56
1783121220000,1756.18,1756.72,1756.17,1756.67,33.79
1783121280000,1756.67,1757.41,1756.66,1757.4,81.63
1783121340000,1757.4,1757.67,1757.28,1757.66,40.84
1783121400000,1757.65,1758.46,1757.65,1758.46,41.19
1783121460000,1758.46,1759.36,1758.45,1759.12,53.61
1783121520000,1759.13,1759.13,1758.74,1758.83,56.13
1783121580000,1758.83,1758.96,1758.56,1758.81,32.94
1783121640000,1758.81,1758.81,1757.87,1758.34,22.34
1783121700000,1758.59,1759.02,1758.52,1758.52,110.6
1783121760000,1758.52,1759.48,1758.52,1759.18,42.66
1783121820000,1759.18,1759.54,1758.78,1759.43,23.37
1783121880000,1759.43,1759.71,1759.05,1759.06,26.45
1783121940000,1759.05,1759.32,1758.81,1759.32,168.59
1783122000000,1759.41,1760.38,1759.4,1759.87,42.76
1783122060000,1759.87,1759.88,1759.25,1759.3,24.67
1783122120000,1759.3,1759.51,1759.08,1759.09,18.93
1783122180000,1759.09,1760.1,1758.9,1760.1,22.28
1783122240000,1760.09,1760.1,1759.17,1759.46,42.56
1783122300000,1759.58,1760.15,1759.48,1760.04,25.44
1783122360000,1760.04,1760.14,1759.42,1759.42,36.4
1783122420000,1759.43,1759.43,1758.71,1759.16,90.55
1783122480000,1759.16,1759.78,1759.11,1759.11,37.45
1783122540000,1759.11,1759.31,1757.37,1757.38,26.24
1783122600000,1757.38,1757.68,1756.42,1757.08,78.26
1783122660000,1757.08,1757.08,1756.16,1756.99,31.86
1783122720000,1756.99,1757.72,1756.99,1757.23,24.51
1783122780000,1757.25,1757.31,1756.39,1756.7,16.76
1783122840000,1756.7,1757.16,1756.62,1757.15,55.47
1783122900000,1757.16,1757.16,1756.59,1757.09,34.98
1783122960000,1757.09,1757.19,1756.88,1757.02,53.13
1783123020000,1757.0,1757.46,1757.0,1757.42,30.31
1783123080000,1757.39,1757.67,1757.12,1757.67,26.04
1783123140000,1757.67,1758.25,1757.3,1757.3,30.11
1783123200000,1757.3,1757.93,1757.19,1757.93,47.94
1783123260000,1757.93,1757.97,1757.52,1757.52,23.16
1783123320000,1757.53,1757.53,1756.57,1757.42,32.79
1783123380000,1757.47,1758.55,1757.08,1757.18,100.52
1783123440000,1757.18,1757.67,1756.52,1757.65,52.65
1783123500000,1757.65,1759.55,1757.65,1757.95,59.09
1783123560000,1757.95,1760.97,1757.95,1760.94,48.88
1783123620000,1760.95,1761.81,1760.64,1761.07,242.95
1783123680000,1761.08,1762.68,1760.91,1762.52,83.36
1783123740000,1762.4,1763.33,1762.15,1762.94,101.63
1783123800000,1763.04,1763.31,1759.52,1760.13,38.24
1783123860000,1760.14,1761.82,1760.13,1761.33,40.62
1783123920000,1761.33,1761.33,1760.5,1760.5,47.98
1783123980000,1760.49,1763.17,1759.96,1763.13,167.69
1783124040000,1763.07,1763.09,1760.59,1760.61,38.28
1783124100000,1760.61,1761.53,1760.55,1761.12,37.63
1783124160000,1761.12,1762.29,1761.12,1762.22,45.96
1783124220000,1762.23,1762.82,1762.0,1762.01,41.99
1783124280000,1762.01,1762.12,1761.35,1761.79,149.04
1783124340000,1761.79,1761.8,1760.75,1761.28,54.69
1783124400000,1761.28,1761.28,1760.22,1760.7,21.51
1783124460000,1760.7,1760.71,1758.52,1758.52,83.88
1783124520000,1758.53,1758.54,1758.06,1758.07,79.23
1783124580000,1758.07,1758.12,1756.67,1756.98,54.41
1783124640000,1757.03,1757.98,1756.97,1757.05,53.95
1783124700000,1757.11,1758.31,1756.93,1758.05,39.95
1783124760000,1758.04,1758.05,1756.66,1756.66,22.49
1783124820000,1756.67,1757.22,1756.62,1757.22,188.87
1783124880000,1757.22,1757.85,1757.21,1757.84,18.85
1783124940000,1757.85,1758.43,1757.84,1758.06,310.33
1783125000000,1758.05,1759.54,1758.05,1758.94,38.97
1783125060000,1758.9,1758.9,1757.52,1758.55,31.05
1783125120000,1758.55,1758.59,1758.16,1758.58,23.28
1783125180000,1758.58,1759.63,1758.58,1758.93,35.34
1783125240000,1758.93,1758.99,1758.26,1758.67,23.44
1783125300000,1758.67,1758.67,1756.8,1756.8,33.53
1783125360000,1756.77,1757.08,1756.17,1756.93,69.58
1783125420000,1756.93,1757.41,1756.8,1757.05,46.51
1783125480000,1757.05,1757.07,1756.47,1756.97,70.07
1783125540000,1756.96,1757.5,1756.64,1756.97,69.01
1783125600000,1756.97,1757.24,1755.61,1756.99,35.08
1783125660000,1757.0,1758.04,1756.81,1758.04,84.08
1783125720000,1758.15,1758.57,1758.15,1758.44,99.77
1783125780000,1758.45,1758.45,1757.34,1757.34,21.81
1783125840000,1757.35,1757.55,1757.15,1757.32,25.9
1783125900000,1757.32,1757.82,1757.08,1757.72,20.63
1783125960000,1757.72,1757.73,1757.13,1757.72,53.7
1783126020000,1757.73,1759.06,1757.72,1758.67,78.64
1783126080000,1758.68,1759.75,1758.67,1759.11,38.41
1783126140000,1759.11,1759.12,1758.11,1758.12,59.69
1783126200000,1758.11,1758.15,1757.78,1758.07,22.32
1783126260000,1758.07,1758.07,1756.49,1756.81,62.67
1783126320000,1756.81,1757.02,1756.22,1756.99,32.5
1783126380000,1756.99,1757.26,1756.61,1757.06,47.47
1783126440000,1757.06,1757.32,1756.99,1757.17,28.9
1783126500000,1757.18,1757.92,1756.98,1757.91,33.22
1783126560000,1757.92,1758.03,1757.61,1757.71,27.19
1783126620000,1757.71,1757.72,1757.32,1757.53,25.6
1783126680000,1757.52,1758.12,1757.49,1758.04,29.74
1783126740000,1758.05,1758.09,1757.84,1757.85,35.96
1783126800000,1757.85,1757.85,1756.55,1756.55,32.43
1783126860000,1756.54,1756.62,1755.71,1755.71,48.18
1783126920000,1755.71,1755.71,1751.27,1751.46,575.25
1783126980000,1751.45,1752.76,1751.45,1752.1,255.56
1783127040000,1752.1,1753.55,1752.1,1753.07,182.65
1783127100000,1753.07,1753.16,1752.37,1752.37,74.42
1783127160000,1752.38,1753.36,1752.29,1752.38,29.25
1783127220000,1752.35,1752.35,1750.52,1750.92,293.49
1783127280000,1750.9,1752.5,1750.0,1752.49,636.94
1783127340000,1752.49,1752.49,1748.59,1748.9,684.69
1783127400000,1748.91,1748.91,1746.62,1747.96,330.04
1783127460000,1748.01,1748.85,1747.23,1748.62,246.81
1783127520000,1748.62,1748.62,1746.12,1746.77,405.65
1783127580000,1746.77,1747.39,1745.89,1746.64,137.4
1783127640000,1746.65,1747.48,1746.64,1747.48,103.92
1783127700000,1747.5,1748.7,1744.0,1745.2,330.96
1783127760000,1745.19,1748.78,1745.19,1748.78,280.15
1783127820000,1748.77,1749.87,1748.77,1749.75,138.43
1783127880000,1749.74,1749.81,1749.28,1749.57,91.51
1783127940000,1749.58,1750.53,1749.55,1750.01,123.86
1783128000000,1750.02,1750.92,1749.72,1749.72,79.14
1783128060000,1749.62,1750.17,1749.29,1749.3,63.0
1783128120000,1749.34,1750.03,1749.34,1750.02,41.28
1783128180000,1750.03,1750.18,1748.34,1749.13,391.14
1783128240000,1749.13,1749.13,1747.57,1747.63,30.62
1783128300000,1747.64,1747.69,1745.59,1746.6,410.26
1783128360000,1746.61,1748.49,1746.6,1748.17,64.37
1783128420000,1748.05,1748.11,1746.59,1747.95,41.92
1783128480000,1747.95,1748.44,1747.7,1748.06,57.55
1783128540000,1748.05,1748.61,1748.05,1748.61,51.54
1783128600000,1748.75,1748.95,1746.76,1748.89,53.34
1783128660000,1748.89,1749.72,1748.86,1749.72,112.0
1783128720000,1749.71,1749.71,1748.7,1749.35,53.87
1783128780000,1749.33,1750.0,1748.52,1748.75,50.69
1783128840000,1748.76,1749.55,1748.71,1748.78,56.47
1783128900000,1748.66,1749.33,1748.03,1748.49,38.58
1783128960000,1748.49,1748.61,1748.44,1748.57,31.15
1783129020000,1748.58,1748.67,1747.61,1747.77,88.73
1783129080000,1747.77,1747.77,1747.16,1747.77,217.41
1783129140000,1747.77,1748.23,1747.09,1748.21,387.4
1783129200000,1748.2,1748.21,1746.53,1746.53,60.92
1783129260000,1746.54,1746.88,1745.79,1746.88,61.05
1783129320000,1746.88,1747.34,1746.52,1747.06,238.31
1783129380000,1747.06,1747.06,1746.04,1746.28,51.32
1783129440000,1746.28,1746.61,1746.15,1746.55,60.29
1783129500000,1746.56,1747.14,1746.54,1746.62,94.39
1783129560000,1746.63,1746.63,1745.41,1745.68,99.92
1783129620000,1745.68,1745.72,1745.66,1745.7,87.9
1783129680000,1745.69,1747.08,1745.69,1746.68,144.52
1783129740000,1746.67,1746.68,1745.15,1745.49,77.92
1783129800000,1745.49,1746.15,1745.14,1746.09,41.95
1783129860000,1746.1,1746.58,1746.01,1746.58,42.8
1783129920000,1746.57,1747.49,1746.57,1747.49,114.53
1783129980000,1747.49,1747.57,1746.7,1746.91,319.96
1783130040000,1746.91,1746.91,1746.65,1746.9,35.69
1783130100000,1746.9,1747.52,1746.89,1747.11,22.29
1783130160000,1747.11,1747.19,1747.04,1747.1,35.8
1783130220000,1747.09,1747.58,1746.99,1747.25,226.75
1783130280000,1747.26,1747.8,1747.26,1747.77,154.87
1783130340000,1747.77,1748.22,1747.18,1747.18,112.32
1783130400000,1747.19,1748.27,1746.82,1747.16,46.34
1783130460000,1747.16,1747.9,1746.62,1746.64,115.22
1783130520000,1746.64,1747.67,1746.23,1747.57,266.4
1783130580000,1747.57,1747.6,1746.64,1746.64,23.77
1783130640000,1746.64,1747.23,1746.64,1746.87,20.54
1783130700000,1746.87,1748.04,1746.86,1747.89,123.0
1783130760000,1747.89,1748.15,1747.81,1747.91,51.54
1783130820000,1747.9,1748.55,1747.9,1748.45,124.54
1783130880000,1748.46,1748.8,1748.08,1748.13,117.25
1783130940000,1748.13,1748.16,1747.88,1748.16,49.84
1783131000000,1748.16,1748.71,1748.09,1748.68,204.51
1783131060000,1748.76,1749.21,1748.76,1748.87,47.73
1783131120000,1748.88,1749.26,1748.87,1749.02,71.02
1783131180000,1749.03,1749.03,1748.39,1748.48,61.56
1783131240000,1748.48,1748.48,1748.08,1748.1,55.26
1783131300000,1748.1,1748.2,1747.98,1748.03,27.26
1783131360000,1748.03,1748.04,1746.81,1746.96,140.95
1783131420000,1747.08,1748.07,1747.08,1747.59,174.66
1783131480000,1747.6,1747.69,1746.51,1747.09,44.83
1783131540000,1747.08,1747.27,1746.31,1746.8,49.78
1783131600000,1746.79,1747.21,1746.79,1747.12,35.95
1783131660000,1747.13,1747.44,1746.68,1746.71,26.38
1783131720000,1746.72,1746.84,1746.31,1746.31,111.93
1783131780000,1746.31,1746.43,1746.24,1746.26,22.16
1783131840000,1746.26,1747.18,1746.26,1747.18,24.6
1783131900000,1747.17,1747.46,1746.66,1746.97,42.09
1783131960000,1746.97,1747.17,1746.86,1746.86,22.16
1783132020000,1746.77,1746.78,1746.63,1746.66,36.8
1783132080000,1746.67,1747.11,1746.47,1746.76,64.64
1783132140000,1746.76,1747.16,1746.71,1747.16,38.73
1783132200000,1747.16,1747.2,1746.38,1746.4,30.45
1783132260000,1746.39,1747.99,1746.39,1747.59,64.94
1783132320000,1747.58,1747.59,1746.44,1746.44,95.48
1783132380000,1746.45,1746.47,1746.29,1746.32,30.11
1783132440000,1746.32,1746.44,1743.29,1744.04,303.24
1783132500000,1744.05,1745.31,1744.04,1745.31,303.02
1783132560000,1745.32,1745.7,1745.01,1745.37,114.05
1783132620000,1745.46,1746.46,1745.46,1746.38,38.54
1783132680000,1746.38,1747.0,1745.86,1747.0,26.38
1783132740000,1747.0,1747.18,1745.04,1745.25,39.98
1783132800000,1745.24,1746.42,1745.22,1746.41,32.73
1783132860000,1746.41,1747.01,1746.41,1746.59,23.24
1783132920000,1746.59,1746.75,1746.57,1746.7,187.41
1783132980000,1746.71,1747.21,1746.7,1747.2,20.7
1783133040000,1747.21,1747.6,1747.2,1747.59,49.26
1783133100000,1747.59,1748.06,1747.59,1748.03,129.51
1783133160000,1748.03,1748.39,1746.9,1746.9,114.51
1783133220000,1746.9,1747.23,1746.43,1747.02,120.66
1783133280000,1747.03,1747.14,1746.55,1746.58,20.34
1783133340000,1746.59,1746.64,1746.15,1746.56,39.91
1783133400000,1746.55,1747.69,1746.5,1747.69,118.8
1783133460000,1747.69,1749.74,1747.69,1749.38,255.25
1783133520000,1749.37,1750.24,1749.37,1749.78,77.14
1783133580000,1749.79,1749.99,1749.33,1749.34,375.54
1783133640000,1749.33,1749.59,1748.89,1748.89,187.76
1783133700000,1748.89,1748.9,1748.55,1748.67,22.68
1783133760000,1748.67,1748.93,1748.39,1748.41,28.23
1783133820000,1748.4,1748.66,1747.86,1747.95,65.32
1783133880000,1747.96,1748.49,1747.87,1748.44,107.19
1783133940000,1748.45,1748.67,1748.2,1748.61,84.86
1783134000000,1748.62,1749.35,1748.55,1749.07,257.76
1783134060000,1749.08,1749.68,1749.07,1749.59,33.69
1783134120000,1749.59,1749.67,1748.74,1749.33,101.53
1783134180000,1749.34,1749.34,1748.06,1748.64,36.98
1783134240000,1748.7,1748.7,1747.93,1747.94,53.85
1783134300000,1747.94,1747.94,1746.43,1747.57,71.66
1783134360000,1747.57,1747.58,1747.15,1747.17,53.9
1783134420000,1747.17,1747.3,1747.02,1747.24,34.57
1783134480000,1747.25,1747.38,1746.8,1747.02,28.36
1783134540000,1747.01,1747.37,1746.46,1747.28,51.64
1783134600000,1747.28,1747.61,1747.02,1747.6,31.26
1783134660000,1747.6,1748.1,1747.56,1747.91,241.65
1783134720000,1747.91,1748.44,1747.91,1748.26,37.62
1783134780000,1748.25,1749.51,1748.25,1749.51,21.17
1783134840000,1749.5,1749.57,1749.06,1749.26,235.36
1783134900000,1749.26,1749.27,1748.82,1748.83,79.62
1783134960000,1748.82,1749.44,1748.77,1749.3,26.38
1783135020000,1749.29,1749.3,1748.53,1748.66,36.47
1783135080000,1748.66,1748.95,1748.58,1748.73,37.7
1783135140000,1748.72,1748.73,1747.73,1747.82,19.37
1783135200000,1747.77,1748.41,1747.52,1747.97,102.18
1783135260000,1747.98,1748.47,1747.97,1748.39,64.08
1783135320000,1748.5,1748.57,1748.31,1748.47,24.63
1783135380000,1748.48,1749.37,1748.47,1748.75,22.71
1783135440000,1748.75,1748.76,1748.55,1748.76,33.59
1783135500000,1748.76,1749.09,1748.37,1749.09,33.59
1783135560000,1749.08,1749.09,1748.82,1748.82,58.08
1783135620000,1748.82,1748.83,1748.35,1748.35,35.73
1783135680000,1748.35,1748.35,1747.95,1748.04,28.04
1783135740000,1748.04,1748.49,1747.78,1748.32,37.6
1783135800000,1748.31,1748.32,1747.8,1748.24,35.08
1783135860000,1748.25,1748.25,1747.1,1747.23,75.65
1783135920000,1747.24,1749.5,1747.24,1749.45,29.91
1783135980000,1749.46,1751.58,1749.45,1751.03,359.77
1783136040000,1751.03,1751.79,1750.7,1750.92,154.19
1783136100000,1750.92,1752.85,1750.15,1752.85,311.1
1783136160000,1752.86,1753.21,1751.7,1752.11,194.12
1783136220000,1752.11,1752.89,1751.52,1752.4,200.36
1783136280000,1752.41,1754.14,1752.39,1754.14,102.17
1783136340000,1754.16,1754.16,1752.98,1753.69,137.6
1783136400000,1753.69,1754.11,1752.92,1753.45,89.2
1783136460000,1753.81,1754.58,1753.45,1754.25,83.93
1783136520000,1754.26,1755.69,1754.25,1755.07,88.37
1783136580000,1755.08,1755.09,1753.63,1753.79,185.7
1783136640000,1753.79,1753.94,1753.67,1753.94,32.07
1783136700000,1753.93,1754.44,1753.93,1754.11,98.64
1783136760000,1754.11,1754.12,1753.47,1753.93,39.59
1783136820000,1753.93,1754.06,1753.41,1753.75,33.21
1783136880000,1753.74,1753.95,1753.48,1753.49,60.65
1783136940000,1753.49,1754.32,1753.48,1754.29,20.89
1783137000000,1754.29,1754.52,1753.55,1753.57,32.42
1783137060000,1753.58,1754.13,1753.54,1753.92,25.4
1783137120000,1753.91,1753.91,1752.49,1752.54,80.83
1783137180000,1752.54,1752.56,1752.28,1752.43,48.41
1783137240000,1752.43,1752.59,1752.27,1752.55,133.76
1783137300000,1752.55,1753.06,1752.53,1752.92,27.16
1783137360000,1752.91,1752.99,1752.41,1752.54,51.93
1783137420000,1752.54,1753.23,1752.51,1752.7,244.75
1783137480000,1752.7,1752.99,1752.64,1752.91,30.33
1783137540000,1752.92,1753.29,1752.91,1753.01,31.66
1783137600000,1753.01,1753.26,1752.78,1753.06,62.57
1783137660000,1753.06,1753.54,1753.05,1753.15,26.45
1783137720000,1753.14,1753.15,1751.8,1752.02,29.22
1783137780000,1752.02,1752.73,1751.79,1752.67,67.64
1783137840000,1752.68,1753.71,1752.67,1752.73,32.68
1783137900000,1752.68,1753.02,1752.4,1752.41,35.05
1783137960000,1752.41,1752.89,1752.19,1752.88,25.61
1783138020000,1752.89,1755.87,1752.54,1754.1,130.78
1783138080000,1754.1,1754.53,1753.82,1754.18,33.09
1783138140000,1754.18,1754.44,1754.07,1754.26,80.39
1783138200000,1754.26,1755.43,1754.21,1755.2,62.21
1783138260000,1755.2,1756.27,1755.06,1755.97,126.88
1783138320000,1755.97,1756.18,1754.66,1755.0,172.13
1783138380000,1754.99,1754.99,1753.67,1753.89,49.39
1783138440000,1753.9,1753.9,1753.55,1753.56,75.21
1783138500000,1753.55,1753.56,1752.33,1752.71,91.37
1783138560000,1752.71,1753.2,1752.44,1752.95,106.19
1783138620000,1752.95,1752.97,1752.42,1752.42,72.65
1783138680000,1752.43,1752.45,1751.85,1752.34,30.37
1783138740000,1752.35,1752.35,1751.5,1751.51,52.26
1783138800000,1751.49,1751.52,1751.21,1751.36,48.62
1783138860000,1751.37,1752.1,1751.21,1752.03,70.53
1783138920000,1752.04,1753.48,1751.92,1753.32,512.9
1783138980000,1753.3,1755.41,1753.24,1755.07,664.82
1783139040000,1755.07,1755.08,1753.99,1754.43,25.16
1783139100000,1754.43,1755.46,1754.43,1754.97,81.63
1783139160000,1754.97,1754.98,1753.89,1754.51,938.12
1783139220000,1754.51,1754.61,1754.11,1754.3,24.76
1783139280000,1754.3,1754.3,1754.0,1754.0,25.35
1783139340000,1754.01,1754.01,1753.11,1753.12,24.92
1783139400000,1753.11,1753.12,1752.87,1752.93,68.99
1783139460000,1752.94,1753.43,1752.93,1753.41,43.78
1783139520000,1753.42,1754.97,1753.41,1754.9,45.16
1783139580000,1754.9,1757.61,1754.9,1756.69,249.85
1783139640000,1756.69,1757.1,1755.35,1755.35,50.61
1783139700000,1755.33,1755.89,1754.63,1755.89,27.93
1783139760000,1755.94,1755.94,1754.89,1755.3,52.44
1783139820000,1755.33,1758.51,1755.25,1758.4,188.24
1783139880000,1758.46,1758.46,1756.97,1757.46,225.29
1783139940000,1757.47,1757.65,1756.83,1756.9,266.2
1783140000000,1756.89,1757.32,1756.51,1756.68,31.88
1783140060000,1756.69,1758.35,1756.69,1758.35,121.42
1783140120000,1758.34,1758.36,1757.04,1757.2,134.4
1783140180000,1757.2,1758.0,1757.2,1757.25,34.67
1783140240000,1757.24,1757.25,1756.83,1757.16,93.38
1783140300000,1757.23,1759.18,1756.97,1759.18,280.93
1783140360000,1759.25,1759.51,1758.58,1758.64,146.8
1783140420000,1758.64,1758.64,1757.49,1757.6,49.25
1783140480000,1757.6,1757.78,1756.8,1757.78,23.4
1783140540000,1757.78,1759.51,1757.77,1759.34,43.53
1783140600000,1759.33,1762.0,1759.33,1761.66,271.29
1783140660000,1761.65,1763.84,1761.2,1762.73,271.53
1783140720000,1762.73,1762.73,1760.43,1760.58,569.13
1783140780000,1760.58,1760.83,1759.99,1760.1,72.93
1783140840000,1760.1,1760.61,1759.9,1760.61,184.99
1783140900000,1760.61,1760.61,1759.31,1759.33,179.51
1783140960000,1759.34,1760.03,1758.82,1759.66,276.56
1783141020000,1759.67,1759.78,1758.83,1759.77,148.23
1783141080000,1759.87,1760.87,1759.85,1760.67,169.3
1783141140000,1760.66,1761.32,1759.98,1760.94,161.11
1783141200000,1761.02,1761.03,1758.14,1758.38,755.91
1783141260000,1758.39,1759.36,1758.02,1758.04,344.43
1783141320000,1758.05,1759.13,1757.96,1758.55,224.25
1783141380000,1758.55,1759.05,1758.37,1758.67,134.03
1783141440000,1758.7,1758.7,1758.08,1758.35,552.12
1783141500000,1758.34,1758.35,1756.76,1757.2,200.57
1783141560000,1757.2,1757.4,1756.83,1756.83,50.99
1783141620000,1756.82,1756.97,1756.53,1756.73,30.97
1783141680000,1756.72,1756.78,1756.35,1756.62,395.1
1783141740000,1756.61,1756.7,1755.55,1755.56,151.16
1783141800000,1755.56,1756.43,1755.34,1756.17,106.61
1783141860000,1756.16,1756.33,1755.44,1755.93,63.29
1783141920000,1755.93,1756.11,1755.53,1756.1,823.53
1783141980000,1756.1,1756.39,1755.69,1755.93,68.21
1783142040000,1755.93,1755.98,1755.51,1755.83,42.76
1783142100000,1755.83,1756.05,1755.78,1756.04,29.37
1783142160000,1756.04,1756.04,1755.7,1755.96,108.26
1783142220000,1755.94,1755.95,1755.01,1755.16,71.2
1783142280000,1755.17,1755.22,1754.72,1755.13,127.58
1783142340000,1755.12,1755.16,1753.82,1754.5,1003.78
1783142400000,1754.49,1754.5,1752.96,1753.15,143.63
1783142460000,1753.15,1754.03,1753.1,1753.79,218.89
1783142520000,1753.79,1753.99,1753.03,1753.99,35.04
1783142580000,1754.13,1754.21,1753.7,1753.74,35.6
1783142640000,1753.71,1753.83,1752.38,1752.43,34.36
1783142700000,1752.43,1753.92,1752.43,1753.92,41.32
1783142760000,1753.92,1753.92,1753.56,1753.74,56.78
1783142820000,1753.74,1754.76,1753.74,1753.98,182.54
1783142880000,1753.97,1754.02,1753.31,1754.01,222.05
1783142940000,1754.01,1754.31,1753.95,1754.29,501.99
1783143000000,1754.28,1755.54,1754.23,1754.47,29.97
1783143060000,1754.46,1754.84,1754.04,1754.83,103.01
1783143120000,1754.83,1754.95,1754.63,1754.92,77.27
1783143180000,1754.91,1755.72,1754.91,1755.72,46.6
1783143240000,1755.72,1756.78,1755.01,1755.01,151.66
1783143300000,1755.01,1756.02,1754.99,1755.93,38.49
1783143360000,1755.94,1756.4,1755.59,1756.18,139.96
1783143420000,1756.17,1756.49,1756.14,1756.16,427.35
1783143480000,1756.15,1756.16,1755.91,1755.94,40.32
1783143540000,1755.93,1755.94,1755.59,1755.68,35.85
1783143600000,1755.68,1756.52,1755.29,1756.41,25.8
1783143660000,1756.41,1756.61,1755.94,1756.43,31.03
1783143720000,1756.43,1757.22,1756.3,1756.43,82.38
1783143780000,1756.44,1757.03,1756.43,1757.02,195.87
1783143840000,1757.03,1757.54,1757.02,1757.54,98.38
1783143900000,1757.53,1759.29,1757.53,1757.89,72.99
1783143960000,1757.9,1758.22,1757.89,1758.0,54.22
1783144020000,1758.0,1758.11,1757.68,1757.68,24.06
1783144080000,1757.65,1757.93,1757.4,1757.72,113.54
1783144140000,1757.71,1758.75,1757.65,1758.27,23.78
1783144200000,1758.26,1758.68,1756.18,1756.37,1359.73
1783144260000,1756.39,1757.34,1755.76,1757.29,38.86
1783144320000,1757.29,1757.32,1756.82,1756.82,26.84
1783144380000,1756.83,1756.83,1755.04,1755.24,24.87
1783144440000,1755.24,1755.92,1754.77,1755.25,661.72
1783144500000,1755.27,1755.33,1754.21,1754.23,113.63
1783144560000,1754.22,1755.01,1753.8,1754.99,187.31
1783144620000,1754.99,1755.0,1754.51,1754.51,257.39
1783144680000,1754.51,1755.02,1754.51,1754.82,38.72
1783144740000,1754.83,1755.36,1754.79,1755.34,27.17
1783144800000,1755.34,1755.73,1754.87,1755.28,86.87
1783144860000,1755.27,1755.73,1755.0,1755.72,36.32
1783144920000,1755.72,1756.34,1755.65,1755.65,22.94
1783144980000,1755.65,1756.55,1755.65,1756.23,410.63
1783145040000,1756.23,1756.96,1756.22,1756.78,293.4
1783145100000,1756.69,1757.89,1756.46,1757.13,116.49
1783145160000,1757.13,1757.8,1757.13,1757.56,49.07
1783145220000,1757.56,1760.75,1757.48,1758.95,824.54
1783145280000,1758.95,1759.55,1757.93,1758.09,80.48
1783145340000,1758.1,1758.36,1757.27,1757.73,50.67
1783145400000,1757.72,1757.97,1757.38,1757.47,27.72
1783145460000,1757.47,1757.79,1757.47,1757.58,81.52
1783145520000,1757.59,1757.59,1756.66,1756.75,148.39
1783145580000,1756.75,1756.76,1754.88,1754.88,185.34
1783145640000,1754.89,1755.17,1754.78,1754.97,609.97
1783145700000,1754.98,1755.8,1754.9,1755.37,303.73
1783145760000,1755.37,1755.38,1755.05,1755.21,149.79
1783145820000,1755.22,1755.84,1755.01,1755.83,24.55
1783145880000,1755.83,1756.09,1755.63,1756.01,50.53
1783145940000,1756.01,1756.81,1756.01,1756.51,67.45
1783146000000,1756.52,1756.55,1754.91,1756.3,750.43
1783146060000,1756.29,1756.29,1754.76,1755.54,69.9
1783146120000,1755.52,1755.53,1751.34,1751.77,560.34
1783146180000,1751.77,1752.49,1751.64,1752.36,215.8
1783146240000,1752.4,1752.83,1751.14,1751.96,146.67
1783146300000,1751.97,1752.3,1751.0,1752.3,447.5
1783146360000,1752.29,1752.88,1750.93,1752.65,144.34
1783146420000,1752.61,1752.62,1750.68,1752.31,145.62
1783146480000,1752.3,1753.13,1751.68,1752.87,212.87
1783146540000,1752.86,1753.58,1752.49,1753.53,882.2
1783146600000,1753.52,1754.71,1753.52,1754.71,62.69
1783146660000,1754.71,1756.5,1754.54,1754.93,887.14
1783146720000,1754.92,1755.65,1754.57,1755.19,168.05
1783146780000,1755.2,1755.37,1754.88,1755.36,508.38
1783146840000,1755.37,1755.37,1754.41,1754.5,677.18
1783146900000,1754.5,1754.56,1754.02,1754.47,38.49
1783146960000,1754.5,1754.59,1754.22,1754.56,58.99
1783147020000,1754.57,1755.12,1754.56,1754.87,30.78
1783147080000,1754.87,1755.35,1754.85,1755.0,176.86
1783147140000,1755.01,1755.64,1754.63,1755.62,50.34
1783147200000,1755.62,1755.63,1754.27,1754.27,23.68
1783147260000,1754.18,1754.8,1753.99,1754.71,21.95
1783147320000,1754.72,1754.72,1754.49,1754.69,75.99
1783147380000,1754.68,1754.7,1753.26,1753.56,302.33
1783147440000,1753.56,1753.57,1753.42,1753.5,37.05
1783147500000,1753.5,1753.88,1753.48,1753.68,946.9
1783147560000,1753.68,1753.77,1752.63,1753.12,988.39
1783147620000,1753.12,1754.38,1753.0,1754.37,1028.56
1783147680000,1754.36,1754.66,1754.33,1754.51,25.48
1783147740000,1754.51,1754.55,1753.75,1754.16,781.08
1783147800000,1754.15,1754.17,1753.54,1753.54,24.51
1783147860000,1753.54,1753.76,1752.96,1752.96,138.25
1783147920000,1752.96,1753.65,1752.6,1753.41,138.24
1783147980000,1753.41,1754.52,1753.36,1753.87,129.08
1783148040000,1753.87,1754.91,1753.86,1754.9,402.53
1783148100000,1754.91,1754.91,1753.78,1753.79,22.48
1783148160000,1753.8,1754.23,1753.63,1753.9,72.7
1783148220000,1753.9,1754.04,1753.89,1754.03,50.01
1783148280000,1754.04,1754.13,1753.78,1754.1,26.05
1783148340000,1754.1,1754.65,1753.98,1754.02,21.09
1783148400000,1754.03,1754.07,1753.55,1753.73,32.57
1783148460000,1753.72,1754.37,1753.66,1753.66,23.21
1783148520000,1753.66,1753.66,1752.55,1753.04,145.03
1783148580000,1753.04,1753.18,1752.76,1753.0,51.86
1783148640000,1752.99,1754.31,1752.99,1753.3,30.82
1783148700000,1753.31,1753.31,1752.38,1752.91,22.94
1783148760000,1752.86,1752.91,1752.52,1752.8,48.3
1783148820000,1752.79,1753.13,1752.3,1752.49,55.35
1783148880000,1752.45,1752.46,1752.09,1752.4,39.75
1783148940000,1752.4,1753.85,1752.38,1753.85,841.83
1783149000000,1753.85,1755.96,1753.26,1755.34,120.13
1783149060000,1755.34,1755.96,1754.99,1755.19,916.18
1783149120000,1755.19,1755.2,1754.01,1754.01,28.67
1783149180000,1754.01,1754.02,1752.95,1753.57,806.69
1783149240000,1753.57,1754.2,1753.31,1753.95,29.57
1783149300000,1753.96,1753.96,1753.45,1753.54,40.95
1783149360000,1753.55,1753.68,1753.26,1753.3,20.64
1783149420000,1753.3,1754.05,1753.05,1753.81,28.17
1783149480000,1753.81,1753.87,1753.3,1753.83,825.16
1783149540000,1753.84,1755.11,1753.83,1755.11,35.4
1783149600000,1755.12,1755.12,1754.79,1754.85,21.59
1783149660000,1754.85,1755.4,1754.83,1755.4,57.32
1783149720000,1755.36,1755.95,1754.59,1755.9,835.28
1783149780000,1755.9,1755.91,1754.71,1754.93,114.76
1783149840000,1754.94,1757.48,1754.93,1756.62,166.31
1783149900000,1756.61,1756.62,1755.66,1756.05,25.03
1783149960000,1756.04,1756.05,1753.76,1753.88,31.83
1783150020000,1753.88,1754.84,1753.88,1754.76,27.4
1783150080000,1754.76,1754.95,1754.49,1754.95,24.56
1783150140000,1754.94,1754.98,1754.77,1754.83,862.39
1783150200000,1754.83,1755.66,1754.81,1755.57,31.56
1783150260000,1755.58,1756.12,1755.37,1755.41,26.74
1783150320000,1755.43,1755.95,1755.37,1755.94,29.44
1783150380000,1755.94,1756.33,1755.7,1755.8,157.32
1783150440000,1755.76,1755.77,1753.95,1754.14,56.71
1783150500000,1754.14,1754.73,1753.58,1754.29,80.27
1783150560000,1754.3,1754.3,1753.58,1754.03,23.42
1783150620000,1754.02,1754.26,1753.67,1754.26,23.77
1783150680000,1754.26,1755.11,1754.25,1755.1,218.0
1783150740000,1755.1,1755.53,1754.85,1755.26,25.06
1783150800000,1755.26,1755.65,1754.58,1754.78,19.9
1783150860000,1754.78,1755.42,1754.78,1755.37,20.31
1783150920000,1755.38,1755.41,1754.79,1754.96,22.9
1783150980000,1754.96,1755.61,1754.96,1755.6,127.82
1783151040000,1755.61,1755.61,1755.19,1755.36,44.04
1783151100000,1755.37,1755.56,1754.35,1755.56,249.27
1783151160000,1755.59,1756.02,1755.37,1755.43,58.91
1783151220000,1755.44,1757.07,1755.43,1757.05,102.57
1783151280000,1757.07,1757.48,1756.87,1757.04,1007.38
1783151340000,1757.04,1758.77,1757.02,1757.97,160.88
1783151400000,1758.0,1758.58,1757.26,1757.31,52.55
1783151460000,1757.3,1758.85,1757.3,1758.4,188.75
1783151520000,1758.41,1758.41,1757.9,1758.11,28.43
1783151580000,1758.12,1758.12,1757.66,1757.66,25.29
1783151640000,1757.67,1757.67,1757.21,1757.32,37.06
1783151700000,1757.32,1757.44,1757.27,1757.43,32.96
1783151760000,1757.44,1757.44,1756.75,1756.95,162.46
1783151820000,1756.95,1757.92,1756.6,1757.53,111.15
1783151880000,1757.49,1757.5,1757.07,1757.24,144.0
1783151940000,1757.24,1757.78,1757.16,1757.44,30.51
1783152000000,1757.44,1758.47,1755.79,1757.83,41.57
1783152060000,1757.82,1757.82,1755.53,1757.63,56.65
1783152120000,1757.64,1758.6,1756.7,1757.41,98.34
1783152180000,1757.4,1758.21,1757.38,1758.03,43.06
1783152240000,1758.03,1758.25,1757.58,1757.61,22.69
1783152300000,1757.6,1758.09,1757.59,1757.88,198.0
1783152360000,1757.88,1758.55,1757.84,1758.19,67.29
1783152420000,1758.2,1758.82,1758.13,1758.15,68.76
1783152480000,1758.14,1758.18,1757.64,1758.17,43.43
1783152540000,1758.17,1758.27,1758.08,1758.27,25.86
1783152600000,1758.27,1758.29,1757.34,1757.38,28.24
1783152660000,1757.37,1757.69,1757.16,1757.68,33.16
1783152720000,1757.68,1757.9,1757.58,1757.89,27.67
1783152780000,1757.9,1758.11,1757.61,1758.11,31.15
1783152840000,1758.11,1759.28,1758.08,1759.07,151.37
1783152900000,1759.07,1759.32,1757.94,1758.33,33.15
1783152960000,1758.33,1758.33,1757.81,1758.03,64.02
1783153020000,1758.04,1758.04,1757.32,1757.7,28.81
1783153080000,1757.71,1757.77,1757.29,1757.77,50.84
1783153140000,1757.9,1759.13,1757.9,1758.84,35.93
1783153200000,1758.83,1759.79,1758.83,1759.78,133.68
1783153260000,1759.79,1759.96,1759.64,1759.94,246.77
1783153320000,1759.94,1760.53,1758.6,1758.78,197.97
1783153380000,1758.77,1759.43,1758.76,1759.43,64.96
1783153440000,1759.44,1759.63,1757.34,1758.18,79.55
1783153500000,1758.17,1758.34,1758.0,1758.19,28.24
1783153560000,1758.18,1758.19,1757.3,1757.69,46.71
1783153620000,1757.64,1758.04,1757.41,1758.01,25.18
1783153680000,1758.01,1758.63,1757.76,1757.79,99.72
1783153740000,1757.77,1757.86,1756.65,1756.65,104.43
1783153800000,1756.66,1757.27,1756.48,1757.26,107.26
1783153860000,1757.26,1758.07,1757.26,1758.06,29.73
1783153920000,1758.07,1758.37,1758.06,1758.36,40.06
1783153980000,1758.38,1759.33,1758.38,1759.33,154.76
1783154040000,1759.32,1760.32,1758.8,1759.98,155.37
1783154100000,1760.04,1760.66,1759.62,1760.59,212.02
1783154160000,1760.81,1761.9,1760.15,1760.58,428.71
1783154220000,1760.65,1761.81,1760.6,1761.79,68.26
1783154280000,1761.8,1762.97,1761.64,1762.97,451.34
1783154340000,1762.99,1764.65,1760.96,1762.88,586.6
1783154400000,1762.89,1762.89,1760.73,1760.93,60.52
1783154460000,1760.93,1761.01,1759.74,1759.74,159.96
1783154520000,1759.93,1759.99,1758.83,1759.89,378.31
1783154580000,1759.88,1760.18,1759.73,1759.99,292.23
1783154640000,1759.99,1760.25,1759.74,1760.04,42.63
1783154700000,1760.03,1761.04,1760.03,1761.0,118.23
1783154760000,1761.0,1761.65,1760.99,1761.64,54.97
1783154820000,1761.65,1762.0,1761.34,1761.88,183.04
1783154880000,1761.89,1764.5,1761.65,1764.01,136.77
1783154940000,1764.0,1764.0,1762.77,1762.93,51.23
1783155000000,1762.93,1763.09,1762.66,1763.07,62.11
1783155060000,1763.1,1763.48,1762.49,1762.49,59.55
1783155120000,1762.47,1762.94,1762.4,1762.65,78.23
1783155180000,1762.65,1763.44,1762.64,1763.26,62.39
1783155240000,1763.26,1763.64,1762.52,1762.82,39.88
1783155300000,1762.82,1763.1,1761.93,1762.6,99.2
1783155360000,1762.59,1762.69,1761.06,1761.06,106.66
1783155420000,1761.06,1761.36,1760.58,1760.65,135.61
1783155480000,1760.66,1761.17,1760.66,1761.12,56.12
1783155540000,1761.12,1761.59,1761.04,1761.5,46.96
1783155600000,1761.49,1762.17,1759.52,1759.81,147.88
1783155660000,1759.8,1760.62,1759.61,1760.56,49.41
1783155720000,1760.56,1760.78,1760.18,1760.41,39.65
1783155780000,1760.4,1760.41,1759.77,1759.84,47.25
1783155840000,1759.62,1759.71,1758.37,1758.73,130.78
1783155900000,1758.73,1760.11,1758.12,1760.05,94.18
1783155960000,1760.06,1761.37,1759.95,1760.88,143.61
1783156020000,1760.78,1761.54,1759.94,1760.05,74.22
1783156080000,1760.04,1760.4,1759.7,1759.91,69.82
1783156140000,1759.91,1760.26,1759.42,1759.47,96.23
1783156200000,1759.49,1760.25,1759.47,1759.7,46.34
1783156260000,1759.69,1761.34,1759.65,1761.17,40.77
1783156320000,1761.16,1761.23,1760.19,1760.32,58.85
1783156380000,1760.31,1760.51,1759.91,1760.22,111.15
1783156440000,1760.21,1760.4,1760.04,1760.05,26.38
1783156500000,1760.04,1760.05,1758.76,1759.4,74.88
1783156560000,1759.4,1759.76,1759.3,1759.63,50.79
1783156620000,1759.64,1759.96,1759.29,1759.29,110.93
1783156680000,1759.3,1760.12,1759.21,1760.09,43.7
1783156740000,1760.09,1760.45,1760.06,1760.29,41.6
1783156800000,1760.29,1760.54,1760.21,1760.22,28.02
1783156860000,1760.22,1760.23,1758.92,1759.39,49.53
1783156920000,1759.39,1759.75,1759.24,1759.72,45.38
1783156980000,1759.72,1759.72,1758.72,1759.13,42.22
1783157040000,1759.13,1759.5,1758.64,1758.64,71.44
1783157100000,1758.6,1758.68,1758.03,1758.23,228.47
1783157160000,1758.22,1759.72,1758.22,1759.03,173.72
1783157220000,1759.04,1759.04,1758.58,1759.01,36.4
1783157280000,1759.01,1759.02,1758.42,1758.42,31.2
1783157340000,1758.42,1759.0,1758.4,1758.99,161.16
1783157400000,1759.0,1759.02,1758.25,1758.39,97.34
1783157460000,1758.38,1758.56,1756.86,1756.89,292.21
1783157520000,1756.89,1757.76,1756.88,1757.57,107.13
1783157580000,1757.53,1757.53,1757.01,1757.11,77.1
1783157640000,1757.1,1757.16,1756.63,1756.91,151.68
1783157700000,1756.92,1757.57,1756.77,1757.52,39.35
1783157760000,1757.52,1757.54,1756.67,1756.75,160.41
1783157820000,1756.73,1756.73,1754.33,1754.45,345.2
1783157880000,1754.45,1755.1,1754.07,1754.76,154.34
1783157940000,1754.75,1755.29,1754.57,1754.57,134.17
1783158000000,1754.58,1755.31,1754.45,1755.28,221.29
1783158060000,1755.29,1755.29,1754.92,1755.25,35.4
1783158120000,1755.25,1755.8,1754.76,1754.77,61.23
1783158180000,1754.77,1755.47,1754.66,1754.97,51.62
1783158240000,1754.97,1755.45,1754.73,1755.44,946.03
1783158300000,1755.43,1756.12,1755.36,1756.1,107.66
1783158360000,1756.09,1756.84,1755.99,1756.84,47.99
1783158420000,1756.84,1757.14,1756.37,1756.41,141.79
1783158480000,1756.41,1756.6,1755.45,1755.67,58.14
1783158540000,1755.68,1756.21,1755.42,1756.2,56.63
1783158600000,1756.21,1756.67,1756.2,1756.61,176.44
1783158660000,1756.61,1756.64,1756.6,1756.64,28.52
1783158720000,1756.63,1757.39,1756.63,1757.16,38.63
1783158780000,1757.17,1757.17,1756.48,1756.76,90.64
1783158840000,1756.77,1757.49,1756.77,1757.47,47.02
1783158900000,1757.47,1757.49,1757.22,1757.49,25.48
1783158960000,1757.48,1757.63,1757.43,1757.59,85.76
1783159020000,1757.59,1757.6,1757.16,1757.33,43.27
1783159080000,1757.33,1757.58,1757.33,1757.55,26.04
1783159140000,1757.55,1757.56,1757.33,1757.34,42.39
1783159200000,1757.33,1757.43,1756.8,1757.41,87.18
1783159260000,1757.41,1757.71,1757.39,1757.4,30.31
1783159320000,1757.41,1757.41,1756.17,1756.54,948.86
1783159380000,1756.55,1757.71,1756.54,1757.24,24.95
1783159440000,1757.24,1757.31,1756.44,1757.26,31.82
1783159500000,1757.26,1759.42,1757.26,1759.11,344.98
1783159560000,1759.11,1759.15,1758.41,1758.44,28.37
1783159620000,1758.45,1759.17,1758.44,1758.91,48.05
1783159680000,1758.92,1759.12,1758.75,1759.09,46.26
1783159740000,1759.09,1759.12,1758.34,1758.35,27.61
1783159800000,1758.35,1758.51,1758.22,1758.23,50.38
1783159860000,1758.22,1758.23,1757.54,1758.2,20.9
1783159920000,1758.19,1759.17,1758.19,1759.15,82.22
1783159980000,1759.16,1759.68,1758.94,1759.53,82.35
1783160040000,1759.53,1759.65,1759.26,1759.31,144.02
1783160100000,1759.3,1759.44,1758.49,1758.7,29.16
1783160160000,1758.7,1759.21,1758.62,1759.1,46.11
1783160220000,1759.1,1760.13,1759.1,1760.11,93.27
1783160280000,1760.11,1760.12,1759.71,1759.72,46.55
1783160340000,1759.71,1759.73,1759.39,1759.57,42.4
1783160400000,1759.57,1759.57,1758.25,1758.36,81.18
1783160460000,1758.36,1759.06,1758.36,1758.93,34.85
1783160520000,1758.93,1759.58,1758.92,1759.58,32.14
1783160580000,1759.57,1759.67,1758.87,1758.88,48.42
1783160640000,1758.81,1758.81,1758.22,1758.71,104.57
1783160700000,1758.71,1759.36,1758.52,1759.35,56.81
1783160760000,1759.36,1759.94,1759.34,1759.86,83.84
1783160820000,1759.86,1760.38,1759.39,1759.39,41.18
1783160880000,1759.39,1759.48,1758.21,1758.29,45.22
1783160940000,1758.3,1758.61,1757.89,1758.4,39.2
1783161000000,1758.39,1758.57,1757.76,1758.57,47.99
1783161060000,1758.57,1758.57,1757.74,1758.23,74.24
1783161120000,1758.24,1758.58,1757.94,1758.4,36.5
1783161180000,1758.4,1758.56,1758.38,1758.47,28.42
1783161240000,1758.47,1758.56,1758.45,1758.55,20.5
1783161300000,1758.56,1758.56,1758.04,1758.38,62.94
1783161360000,1758.38,1758.39,1758.37,1758.37,47.72
1783161420000,1758.38,1758.55,1758.09,1758.46,45.62
1783161480000,1758.47,1758.47,1756.67,1757.03,243.38
1783161540000,1757.04,1757.13,1756.82,1757.04,31.43
1783161600000,1757.04,1757.44,1757.03,1757.35,1013.53
1783161660000,1757.34,1757.51,1756.98,1757.46,34.25
1783161720000,1757.46,1757.63,1757.42,1757.43,23.83
1783161780000,1757.42,1757.46,1756.89,1757.37,42.28
1783161840000,1757.37,1757.99,1757.36,1757.99,26.37
1783161900000,1758.0,1758.43,1757.7,1758.18,44.56
1783161960000,1758.19,1758.19,1757.75,1757.81,25.87
1783162020000,1757.81,1758.02,1757.75,1757.82,66.74
1783162080000,1757.83,1758.45,1757.82,1758.45,23.12
1783162140000,1758.53,1758.59,1758.11,1758.52,34.53
1783162200000,1758.52,1758.64,1758.02,1758.02,46.53
1783162260000,1758.02,1758.88,1757.67,1758.84,29.11
1783162320000,1758.84,1758.88,1758.8,1758.84,38.16
1783162380000,1758.84,1759.04,1758.84,1758.98,79.64
1783162440000,1758.97,1759.55,1758.97,1759.55,33.47
1783162500000,1759.55,1759.6,1759.16,1759.28,59.43
1783162560000,1759.28,1759.52,1759.22,1759.23,20.78
1783162620000,1759.23,1759.46,1759.1,1759.45,26.1
1783162680000,1759.46,1759.85,1759.28,1759.28,39.26
1783162740000,1759.29,1759.29,1758.31,1758.32,43.48
1783162800000,1758.31,1758.31,1757.23,1757.74,1025.0
1783162860000,1757.75,1757.78,1756.01,1756.03,109.54
1783162920000,1756.03,1756.71,1755.69,1755.94,131.32
1783162980000,1755.95,1757.17,1755.39,1757.16,32.82
1783163040000,1757.16,1757.17,1756.12,1756.55,48.15
1783163100000,1756.54,1756.98,1756.54,1756.86,34.47
1783163160000,1756.86,1756.96,1756.58,1756.93,28.82
1783163220000,1756.93,1756.93,1755.73,1756.65,37.22
1783163280000,1756.64,1757.27,1756.64,1757.26,38.07
1783163340000,1757.26,1758.22,1757.26,1758.03,31.15
1783163400000,1758.04,1758.04,1757.38,1757.74,36.21
1783163460000,1757.74,1757.76,1757.26,1757.32,22.86
1783163520000,1757.32,1757.36,1756.78,1757.31,20.8
1783163580000,1757.32,1757.32,1757.1,1757.12,38.13
1783163640000,1757.13,1757.38,1757.02,1757.37,23.53
1783163700000,1757.37,1757.71,1757.02,1757.62,223.88
1783163760000,1757.62,1758.16,1757.41,1758.15,51.19
1783163820000,1758.16,1758.16,1756.99,1757.19,106.27
1783163880000,1757.2,1757.2,1756.64,1756.68,38.98
1783163940000,1756.68,1756.72,1756.27,1756.59,22.14
1783164000000,1756.58,1757.06,1756.57,1757.0,33.43
1783164060000,1756.96,1758.24,1756.76,1757.9,33.06
1783164120000,1757.91,1757.91,1756.53,1756.69,39.21
1783164180000,1756.69,1756.8,1756.46,1756.8,106.33
1783164240000,1756.79,1757.1,1756.74,1756.75,57.58
1783164300000,1756.75,1757.28,1756.72,1757.25,80.83
1783164360000,1757.26,1757.26,1756.92,1756.92,115.32
1783164420000,1756.92,1756.94,1756.89,1756.91,77.57
1783164480000,1756.9,1756.94,1756.57,1756.68,120.36
1783164540000,1756.69,1757.23,1756.49,1757.13,25.63
1783164600000,1757.13,1757.14,1757.07,1757.07,19.75
1783164660000,1757.07,1757.59,1756.93,1757.57,29.83
1783164720000,1757.57,1758.14,1757.56,1758.13,102.92
1783164780000,1758.14,1758.97,1758.13,1758.74,65.95
1783164840000,1758.75,1759.39,1758.56,1759.36,119.8
1783164900000,1759.35,1759.52,1758.9,1758.96,27.12
1783164960000,1758.95,1759.27,1758.89,1758.91,45.0
1783165020000,1758.91,1758.96,1758.89,1758.94,20.42
1783165080000,1758.95,1758.95,1758.11,1758.36,24.9
1783165140000,1758.35,1758.63,1758.21,1758.49,19.42
1783165200000,1758.5,1758.82,1758.2,1758.82,26.21
1783165260000,1758.81,1758.82,1756.8,1757.0,38.47
1783165320000,1757.0,1757.36,1756.81,1756.97,22.21
1783165380000,1756.97,1757.57,1756.96,1757.57,21.67
1783165440000,1757.57,1757.57,1756.82,1757.31,22.0
1783165500000,1757.31,1757.64,1757.01,1757.14,24.09
1783165560000,1757.15,1757.57,1757.12,1757.57,72.6
1783165620000,1757.57,1757.57,1757.06,1757.27,25.93
1783165680000,1757.26,1757.4,1756.91,1757.07,81.24
1783165740000,1757.07,1757.27,1757.03,1757.06,20.44
1783165800000,1757.05,1757.38,1757.05,1757.21,25.76
1783165860000,1757.21,1757.21,1756.68,1756.98,144.54
1783165920000,1756.98,1756.99,1756.92,1756.95,47.94
1783165980000,1756.96,1757.2,1756.92,1757.15,33.55
1783166040000,1757.14,1757.38,1757.1,1757.17,27.29
1783166100000,1757.17,1757.79,1757.17,1757.66,942.52
1783166160000,1757.65,1757.9,1757.47,1757.79,21.52
1783166220000,1757.78,1758.0,1757.76,1757.76,26.11
1783166280000,1757.77,1757.91,1757.76,1757.82,24.3
1783166340000,1757.82,1757.82,1757.22,1757.22,19.79
1783166400000,1757.23,1758.48,1757.22,1758.41,55.68
1783166460000,1758.41,1759.15,1758.41,1758.76,958.13
1783166520000,1758.76,1759.39,1758.7,1758.73,33.94
1783166580000,1758.74,1761.1,1758.74,1761.08,249.38
1783166640000,1761.08,1761.56,1759.68,1760.4,1135.28
1783166700000,1760.4,1761.26,1760.39,1760.54,108.31
1783166760000,1760.54,1761.21,1760.15,1760.65,27.46
1783166820000,1760.65,1760.66,1760.15,1760.51,68.99
1783166880000,1760.52,1760.52,1759.77,1760.14,178.23
1783166940000,1760.13,1760.47,1759.99,1760.09,45.97
1783167000000,1760.09,1760.72,1760.09,1760.7,63.7
1783167060000,1760.71,1760.71,1760.27,1760.45,111.35
1783167120000,1760.45,1761.47,1760.43,1760.65,27.28
1783167180000,1760.64,1760.66,1760.38,1760.5,96.65
1783167240000,1760.5,1760.59,1760.48,1760.48,52.74
1783167300000,1760.48,1760.95,1760.46,1760.76,26.17
1783167360000,1760.77,1760.97,1760.68,1760.68,53.31
1783167420000,1760.65,1760.66,1759.85,1759.91,26.0
1783167480000,1759.91,1760.16,1759.29,1759.79,22.87
1783167540000,1759.79,1761.04,1759.78,1759.83,23.68
1783167600000,1759.83,1759.84,1758.3,1759.33,108.57
1783167660000,1759.33,1759.6,1759.29,1759.32,36.99
1783167720000,1759.32,1760.13,1759.32,1760.13,115.24
1783167780000,1760.13,1760.13,1759.92,1759.97,41.0
1783167840000,1759.97,1760.31,1759.96,1760.26,88.6
1783167900000,1760.26,1760.3,1760.03,1760.24,26.23
1783167960000,1760.24,1760.7,1760.23,1760.69,26.45
1783168020000,1760.69,1761.84,1760.69,1761.84,63.4
1783168080000,1761.84,1762.97,1761.83,1762.33,1179.39
1783168140000,1762.33,1762.33,1761.77,1762.32,76.1
1783168200000,1762.31,1763.59,1762.29,1762.95,301.06
1783168260000,1762.96,1764.26,1762.95,1763.91,70.73
1783168320000,1763.91,1764.33,1762.65,1762.88,70.71
1783168380000,1762.89,1765.72,1762.88,1764.83,1204.14
1783168440000,1764.82,1764.83,1763.12,1763.56,72.61
1783168500000,1763.57,1763.61,1762.87,1762.87,104.19
1783168560000,1762.71,1762.72,1761.74,1762.1,826.99
1783168620000,1762.09,1762.75,1761.74,1762.74,57.06
1783168680000,1762.75,1763.28,1762.68,1762.78,49.74
1783168740000,1762.78,1764.57,1762.74,1764.11,138.53
1783168800000,1764.01,1764.01,1763.3,1763.88,82.6
1783168860000,1763.89,1764.13,1763.43,1763.8,857.54
1783168920000,1763.79,1763.9,1763.08,1763.24,70.38
1783168980000,1763.23,1763.43,1762.96,1763.43,37.13
1783169040000,1763.43,1763.43,1762.93,1763.29,59.43
1783169100000,1763.29,1763.48,1763.07,1763.48,36.16
1783169160000,1763.47,1763.52,1761.53,1761.53,72.22
1783169220000,1761.52,1762.06,1761.52,1762.03,77.39
1783169280000,1762.03,1762.03,1761.22,1761.85,87.34
1783169340000,1761.85,1762.07,1761.84,1761.93,193.33
1783169400000,1761.93,1762.28,1761.92,1762.13,1237.35
1783169460000,1762.13,1762.13,1761.87,1762.12,53.06
1783169520000,1762.12,1762.12,1761.76,1761.89,68.12
1783169580000,1761.9,1762.62,1761.89,1762.61,31.58
1783169640000,1762.62,1763.07,1762.61,1763.07,85.85
1783169700000,1763.06,1763.06,1762.76,1762.78,117.81
1783169760000,1762.78,1762.78,1762.41,1762.41,26.93
1783169820000,1762.41,1763.16,1762.32,1763.15,237.31
1783169880000,1763.15,1764.12,1763.15,1763.98,86.86
1783169940000,1763.98,1764.31,1763.34,1763.5,52.32
1783170000000,1763.5,1763.59,1762.88,1762.89,45.49
1783170060000,1762.89,1762.89,1762.38,1762.58,32.01
1783170120000,1762.59,1762.76,1762.1,1762.11,159.67
1783170180000,1762.12,1762.79,1762.12,1762.78,27.63
1783170240000,1762.79,1762.95,1761.6,1761.6,138.61
1783170300000,1761.6,1761.78,1760.89,1761.65,888.36
1783170360000,1761.65,1762.16,1761.57,1761.66,93.04
1783170420000,1761.67,1761.67,1760.85,1761.24,160.93
1783170480000,1761.25,1761.65,1761.05,1761.65,34.71
1783170540000,1761.67,1761.68,1761.58,1761.68,26.6
1783170600000,1761.68,1762.18,1761.67,1762.09,53.28
1783170660000,1762.09,1762.1,1761.14,1761.4,23.34
1783170720000,1761.39,1761.42,1760.87,1761.26,29.1
1783170780000,1761.26,1761.3,1761.22,1761.3,25.92
1783170840000,1761.29,1761.83,1761.29,1761.64,112.51
1783170900000,1761.64,1761.93,1761.49,1761.93,85.13
1783170960000,1761.93,1762.77,1761.92,1762.76,166.82
1783171020000,1762.79,1763.46,1762.58,1762.59,146.93
1783171080000,1762.58,1763.08,1762.56,1762.85,55.56
1783171140000,1762.84,1763.89,1762.84,1763.89,259.35
1783171200000,1763.89,1777.89,1763.12,1777.18,3793.75
1783171260000,1777.51,1777.89,1768.82,1769.52,1331.3
1783171320000,1769.52,1771.77,1768.46,1770.14,311.93
1783171380000,1770.16,1770.19,1767.5,1768.71,399.27
1783171440000,1768.7,1768.96,1767.87,1768.33,342.96
1783171500000,1768.34,1770.97,1768.33,1769.14,487.53
1783171560000,1769.13,1769.62,1768.67,1768.67,163.41
1783171620000,1768.67,1768.68,1766.55,1766.81,175.38
1783171680000,1766.82,1767.42,1766.46,1766.91,173.67
1783171740000,1766.91,1768.07,1766.56,1767.92,154.7
1783171800000,1767.91,1770.08,1764.52,1764.8,1523.53
1783171860000,1764.8,1765.47,1764.31,1764.79,69.81
1783171920000,1764.79,1765.48,1764.3,1765.48,1073.7
1783171980000,1765.47,1765.68,1764.98,1765.27,274.95
1783172040000,1765.26,1765.37,1764.67,1764.7,172.96
1783172100000,1764.66,1764.67,1764.09,1764.1,300.39
1783172160000,1764.13,1764.87,1764.13,1764.56,203.27
1783172220000,1764.55,1764.56,1762.4,1763.04,319.95
1783172280000,1763.03,1763.96,1763.01,1763.86,132.21
1783172340000,1763.86,1764.52,1763.2,1763.86,148.61
1783172400000,1763.83,1764.2,1763.74,1764.14,160.0
1783172460000,1764.15,1764.15,1762.77,1762.97,101.58
1783172520000,1762.97,1763.43,1762.41,1763.22,203.1
1783172580000,1763.23,1763.74,1762.15,1763.61,313.25
1783172640000,1763.61,1764.25,1762.95,1762.96,60.87
1783172700000,1762.92,1762.92,1761.46,1761.47,114.23
1783172760000,1761.47,1762.47,1761.47,1761.98,98.11
1783172820000,1761.99,1762.41,1761.46,1761.65,51.7
1783172880000,1761.64,1761.85,1761.27,1761.69,124.46
1783172940000,1761.69,1762.8,1761.48,1762.6,276.91
1783173000000,1762.59,1762.96,1762.52,1762.8,282.3
1783173060000,1762.8,1762.87,1762.5,1762.51,55.88
1783173120000,1762.51,1762.9,1762.01,1762.45,43.8
1783173180000,1762.46,1762.7,1761.57,1761.88,154.11
1783173240000,1761.87,1762.45,1761.78,1761.78,203.67
1783173300000,1761.79,1761.79,1761.14,1761.14,54.55
1783173360000,1761.14,1762.34,1761.06,1761.92,128.83
1783173420000,1761.92,1762.39,1761.71,1762.38,75.91
1783173480000,1762.38,1763.08,1762.38,1762.91,88.53
1783173540000,1762.91,1763.65,1762.9,1763.15,111.51
1783173600000,1763.16,1764.92,1763.04,1764.88,67.51
1783173660000,1764.91,1767.48,1764.91,1766.52,268.92
1783173720000,1766.45,1766.97,1766.1,1766.9,177.18
1783173780000,1766.87,1766.87,1766.0,1766.13,171.85
1783173840000,1766.09,1766.41,1765.8,1766.0,67.94
1783173900000,1766.0,1766.48,1765.91,1766.11,51.87
1783173960000,1766.11,1766.59,1766.11,1766.48,51.12
1783174020000,1766.48,1767.83,1766.47,1767.5,302.04
1783174080000,1767.5,1769.24,1765.87,1766.22,542.94
1783174140000,1766.21,1767.89,1766.21,1767.89,54.21
1783174200000,1767.88,1768.15,1767.19,1767.52,220.81
1783174260000,1767.52,1770.65,1767.52,1770.65,236.12
1783174320000,1770.65,1771.88,1770.44,1770.93,529.37
1783174380000,1770.93,1770.94,1769.24,1770.59,290.09
1783174440000,1770.59,1771.19,1769.97,1770.35,208.53
1783174500000,1770.35,1771.77,1770.32,1771.76,132.88
1783174560000,1771.77,1774.1,1771.76,1773.07,768.13
1783174620000,1773.19,1773.47,1770.75,1772.24,287.3
1783174680000,1772.26,1773.0,1771.26,1771.81,118.03
1783174740000,1771.81,1772.01,1770.88,1771.4,65.25
1783174800000,1771.39,1772.43,1770.05,1770.05,184.09
1783174860000,1770.06,1770.29,1768.26,1769.27,379.04
1783174920000,1769.27,1769.72,1768.96,1769.66,132.78
1783174980000,1769.74,1772.1,1769.73,1771.84,232.09
1783175040000,1771.84,1772.14,1770.22,1771.31,69.03
1783175100000,1771.41,1771.93,1770.64,1770.97,82.91
1783175160000,1770.96,1771.06,1770.52,1770.54,151.85
1783175220000,1770.53,1771.48,1770.52,1770.68,132.81
1783175280000,1770.68,1770.81,1769.93,1770.21,59.63
1783175340000,1770.2,1770.21,1769.63,1770.17,77.62
1783175400000,1770.17,1770.41,1769.11,1769.62,154.12
1783175460000,1769.59,1769.8,1768.56,1768.63,77.16
1783175520000,1768.63,1769.35,1767.87,1768.79,156.01
1783175580000,1768.78,1769.18,1768.52,1768.85,38.39
1783175640000,1768.86,1769.8,1768.74,1768.81,120.05
1783175700000,1768.8,1769.86,1768.59,1769.82,220.33
1783175760000,1769.77,1769.78,1768.57,1768.57,94.54
1783175820000,1768.57,1768.67,1767.79,1767.97,68.62
1783175880000,1767.97,1768.14,1767.73,1767.95,51.54
1783175940000,1767.95,1768.26,1767.36,1768.16,137.15
1783176000000,1768.16,1769.25,1768.15,1768.82,232.64
1783176060000,1768.82,1770.0,1768.82,1769.69,91.24
1783176120000,1769.51,1769.86,1768.98,1769.1,125.29
1783176180000,1769.09,1770.49,1769.07,1770.44,45.31
1783176240000,1770.44,1770.44,1769.33,1769.42,51.21
1783176300000,1769.41,1769.75,1769.29,1769.5,54.08
1783176360000,1769.5,1770.32,1769.03,1770.31,88.82
1783176420000,1770.31,1771.31,1770.23,1771.1,197.26
1783176480000,1771.09,1771.1,1769.09,1769.09,33.96
1783176540000,1769.1,1769.63,1768.09,1768.86,33.05
1783176600000,1768.8,1769.55,1768.8,1769.1,37.0
1783176660000,1769.1,1769.65,1769.05,1769.35,52.82
1783176720000,1769.34,1769.45,1769.01,1769.4,80.99
1783176780000,1769.4,1770.15,1769.29,1769.42,77.29
1783176840000,1769.41,1769.42,1768.91,1768.99,42.24
1783176900000,1769.0,1769.81,1769.0,1769.69,33.75
1783176960000,1769.69,1769.8,1769.56,1769.75,71.88
1783177020000,1769.75,1769.93,1769.44,1769.76,28.11
1783177080000,1769.75,1771.41,1769.75,1770.95,71.16
1783177140000,1770.96,1772.2,1770.82,1771.48,149.75
1783177200000,1771.49,1773.07,1771.48,1772.31,285.11
1783177260000,1772.28,1773.22,1772.0,1772.36,348.74
1783177320000,1772.16,1772.98,1771.85,1771.85,81.1
1783177380000,1771.85,1772.47,1771.51,1772.38,25.19
1783177440000,1772.39,1774.58,1772.34,1773.96,493.18
1783177500000,1773.97,1775.67,1773.34,1773.34,445.36
1783177560000,1773.28,1774.54,1772.92,1773.88,586.48
1783177620000,1773.88,1775.56,1773.14,1774.2,144.31
1783177680000,1774.19,1775.02,1774.03,1774.58,416.05
1783177740000,1774.57,1798.11,1774.57,1788.46,6808.17
1783177800000,1788.86,1795.16,1786.21,1788.46,7095.51
1783177860000,1788.46,1788.47,1784.4,1785.49,551.23
1783177920000,1785.52,1787.33,1784.2,1787.33,490.1
1783177980000,1786.95,1786.95,1784.71,1785.16,178.71
1783178040000,1785.17,1785.92,1783.86,1784.29,341.51
1783178100000,1784.29,1785.4,1782.08,1782.71,667.73
1783178160000,1782.71,1786.97,1782.71,1786.34,334.6
1783178220000,1785.74,1786.84,1784.73,1784.73,211.96
1783178280000,1784.85,1785.88,1784.16,1785.01,204.49
1783178340000,1785.01,1786.68,1784.91,1785.79,451.25
1783178400000,1785.8,1786.89,1785.06,1786.89,57.35
1783178460000,1786.89,1791.94,1786.76,1789.49,1141.74
1783178520000,1789.48,1792.83,1788.15,1792.73,959.19
1783178580000,1792.51,1792.51,1789.3,1790.97,681.22
1783178640000,1790.97,1796.45,1790.71,1795.49,1481.57
1783178700000,1795.49,1797.86,1792.53,1793.56,841.11
1783178760000,1793.76,1793.78,1791.39,1792.11,476.77
1783178820000,1792.11,1792.36,1790.88,1791.25,361.19
1783178880000,1791.21,1793.54,1790.76,1792.68,411.88
1783178940000,1792.67,1794.26,1792.55,1792.95,458.27
1783179000000,1792.9,1792.91,1789.57,1789.78,566.73
1783179060000,1789.84,1790.91,1789.53,1790.29,229.81
1783179120000,1790.29,1791.35,1789.17,1791.09,828.84
1783179180000,1791.06,1791.59,1790.06,1791.41,211.9
1783179240000,1791.41,1794.77,1791.31,1793.84,732.12
1783179300000,1793.83,1795.48,1793.0,1793.0,522.54
1783179360000,1793.03,1793.03,1791.14,1792.0,296.8
1783179420000,1792.0,1792.0,1788.75,1789.32,117.77
1783179480000,1789.32,1789.57,1788.04,1788.72,232.01
1783179540000,1788.71,1790.6,1788.6,1790.19,167.96
1783179600000,1790.18,1791.26,1789.41,1790.02,121.55
1783179660000,1790.02,1790.69,1789.41,1789.41,98.68
1783179720000,1789.3,1790.07,1789.2,1790.02,134.65
1783179780000,1790.03,1790.27,1789.36,1789.46,95.72
1783179840000,1789.45,1790.51,1789.2,1790.33,57.34
1783179900000,1790.31,1792.73,1790.12,1792.4,200.24
1783179960000,1792.53,1793.6,1792.3,1792.66,148.11
1783180020000,1792.67,1794.33,1791.66,1793.67,256.69
1783180080000,1793.49,1794.9,1792.56,1793.96,145.52
1783180140000,1793.97,1794.81,1793.03,1793.03,137.49
1783180200000,1793.0,1793.0,1791.61,1791.78,385.6
1783180260000,1791.79,1791.93,1790.34,1790.51,81.76
1783180320000,1790.5,1790.62,1789.0,1790.58,213.08
1783180380000,1790.57,1791.95,1790.55,1791.77,107.28
1783180440000,1791.77,1792.53,1791.63,1792.34,136.32
1783180500000,1792.39,1792.54,1791.04,1791.08,33.93
1783180560000,1791.08,1791.81,1791.01,1791.05,125.32
1783180620000,1791.05,1791.56,1790.42,1790.5,64.74
1783180680000,1790.5,1791.07,1789.88,1789.96,51.21
1783180740000,1789.97,1790.61,1789.96,1790.42,67.36
1783180800000,1790.43,1790.79,1787.24,1787.96,495.11
1783180860000,1787.86,1787.99,1786.13,1786.59,141.73
1783180920000,1786.54,1789.8,1786.4,1789.68,123.71
1783180980000,1789.67,1790.14,1787.73,1787.74,92.71
1783181040000,1787.73,1790.0,1787.73,1789.99,46.04
1783181100000,1789.99,1791.48,1789.99,1790.34,460.16
1783181160000,1790.15,1790.15,1787.88,1789.12,115.05
1783181220000,1789.12,1790.01,1787.74,1787.75,303.27
1783181280000,1787.75,1789.18,1787.01,1787.79,44.2
1783181340000,1787.79,1789.15,1786.98,1787.63,134.35
1783181400000,1787.52,1787.6,1785.52,1786.14,145.05
1783181460000,1786.21,1787.25,1786.09,1787.24,152.81
1783181520000,1787.02,1787.02,1784.84,1784.85,421.28
1783181580000,1784.78,1785.67,1783.81,1784.45,224.59
1783181640000,1784.42,1785.17,1784.18,1784.24,57.51
1783181700000,1784.23,1784.24,1782.63,1783.6,424.6
1783181760000,1783.6,1785.8,1783.6,1784.89,310.5
1783181820000,1784.89,1785.99,1784.62,1785.99,104.35
1783181880000,1786.0,1786.69,1785.25,1785.97,70.02
1783181940000,1785.88,1785.94,1785.34,1785.94,90.46
1783182000000,1785.93,1786.15,1784.95,1784.96,108.73
1783182060000,1784.96,1785.58,1784.76,1785.2,76.94
1783182120000,1785.2,1787.43,1784.99,1786.64,106.42
1783182180000,1786.64,1788.35,1786.52,1787.68,105.95
1783182240000,1787.69,1788.03,1786.03,1787.84,139.04
1783182300000,1787.84,1788.01,1785.24,1785.51,366.82
1783182360000,1785.4,1788.41,1785.4,1788.13,136.49
1783182420000,1788.14,1789.16,1787.89,1788.29,116.72
1783182480000,1788.28,1788.4,1787.62,1787.65,98.77
1783182540000,1787.64,1787.9,1786.53,1786.53,297.19
1783182600000,1786.53,1788.97,1786.53,1788.6,123.91
1783182660000,1788.54,1789.5,1788.5,1789.5,119.87
1783182720000,1789.49,1790.5,1787.65,1790.43,145.6
1783182780000,1790.29,1790.79,1789.14,1789.14,128.1
1783182840000,1789.15,1789.27,1788.31,1788.71,167.52
1783182900000,1788.71,1789.91,1788.58,1789.26,22.36
1783182960000,1789.25,1789.98,1789.11,1789.98,76.87
1783183020000,1789.98,1790.33,1789.33,1789.67,90.22
1783183080000,1789.55,1789.55,1787.79,1788.2,93.83
1783183140000,1788.21,1789.81,1788.0,1789.73,43.63
1783183200000,1789.76,1789.76,1788.97,1789.13,148.62
1783183260000,1789.13,1789.68,1787.63,1787.64,57.54
1783183320000,1787.63,1788.19,1787.53,1787.54,34.5
1783183380000,1787.53,1787.62,1787.02,1787.11,68.16
1783183440000,1787.12,1787.64,1787.11,1787.13,84.69
1783183500000,1787.12,1787.72,1786.28,1786.48,62.83
1783183560000,1786.48,1786.85,1786.2,1786.26,55.35
1783183620000,1786.26,1786.9,1785.72,1786.01,88.48
1783183680000,1786.02,1786.89,1785.77,1785.99,77.07
1783183740000,1785.98,1787.08,1785.98,1786.6,49.72
1783183800000,1786.59,1787.6,1786.59,1787.6,61.81
1783183860000,1787.61,1788.2,1787.46,1788.16,112.92
1783183920000,1788.15,1788.61,1787.27,1788.24,153.01
1783183980000,1788.25,1788.91,1788.07,1788.07,59.3
1783184040000,1788.07,1788.17,1786.95,1786.96,200.49
1783184100000,1786.96,1787.0,1786.21,1786.21,125.89
1783184160000,1786.22,1786.88,1785.92,1786.24,62.89
1783184220000,1786.21,1786.66,1785.75,1786.2,51.38
1783184280000,1786.19,1787.01,1786.19,1786.81,22.7
1783184340000,1786.81,1786.84,1786.3,1786.3,27.29
1783184400000,1786.31,1786.31,1782.58,1782.58,268.02
1783184460000,1782.58,1782.58,1778.17,1779.62,1099.98
1783184520000,1779.27,1779.64,1778.4,1779.39,186.64
1783184580000,1779.4,1779.7,1778.0,1779.57,212.42
1783184640000,1779.57,1781.96,1779.57,1781.96,241.45
1783184700000,1781.95,1782.52,1780.64,1780.64,288.29
1783184760000,1780.59,1781.27,1780.26,1781.27,131.59
1783184820000,1781.26,1781.95,1780.6,1781.51,99.28
1783184880000,1781.51,1781.7,1781.31,1781.33,140.12
1783184940000,1781.33,1783.12,1781.27,1782.38,415.34
1783185000000,1782.37,1782.38,1781.24,1781.3,81.51
1783185060000,1781.26,1782.14,1781.26,1781.32,97.87
1783185120000,1781.32,1781.53,1780.37,1780.37,56.51
1783185180000,1780.36,1780.36,1778.78,1778.85,90.91
1783185240000,1778.84,1779.82,1778.83,1779.82,75.55
1783185300000,1779.82,1781.72,1778.4,1781.2,88.79
1783185360000,1781.21,1782.45,1780.76,1781.88,88.43
1783185420000,1781.88,1782.2,1780.63,1781.04,39.23
1783185480000,1781.01,1781.22,1780.68,1780.8,28.68
1783185540000,1780.8,1783.51,1780.8,1782.9,123.22
1783185600000,1782.9,1783.77,1782.88,1783.7,84.14
1783185660000,1783.69,1784.28,1783.03,1784.24,35.5
1783185720000,1784.21,1785.0,1783.99,1784.29,65.78
1783185780000,1784.3,1784.8,1783.84,1784.2,97.42
1783185840000,1784.21,1784.61,1783.62,1783.93,450.48
1783185900000,1783.98,1784.76,1783.97,1784.75,51.9
1783185960000,1784.88,1786.37,1784.78,1786.36,244.92
1783186020000,1786.36,1786.85,1786.08,1786.38,207.2
1783186080000,1786.38,1786.89,1783.83,1786.24,167.89
1783186140000,1786.24,1786.89,1786.23,1786.55,146.93
1783186200000,1786.56,1789.49,1786.55,1787.49,326.33
1783186260000,1787.48,1789.86,1787.27,1789.32,147.0
1783186320000,1789.27,1789.6,1788.61,1789.59,233.76
1783186380000,1789.58,1793.69,1788.69,1788.75,827.21
1783186440000,1788.98,1790.2,1788.45,1788.91,267.11
1783186500000,1788.93,1790.21,1788.46,1788.73,1463.62
1783186560000,1788.73,1788.94,1788.18,1788.18,86.38
1783186620000,1788.14,1788.27,1787.41,1788.22,237.87
1783186680000,1788.22,1791.4,1787.66,1790.91,284.02
1783186740000,1790.95,1791.27,1790.05,1790.14,134.82
1783186800000,1790.15,1790.15,1788.47,1788.93,79.28
1783186860000,1788.93,1789.65,1788.89,1788.95,34.09
1783186920000,1788.96,1789.24,1788.43,1789.23,156.42
1783186980000,1789.23,1789.71,1788.89,1789.62,41.71
1783187040000,1789.61,1791.31,1789.44,1790.89,104.47
1783187100000,1790.87,1791.47,1790.81,1791.47,87.68
1783187160000,1791.48,1791.7,1790.74,1791.13,52.07
1783187220000,1791.13,1791.18,1789.8,1789.8,76.06
1783187280000,1789.81,1793.58,1789.8,1793.58,95.12
1783187340000,1793.68,1794.39,1792.71,1793.58,201.62
1783187400000,1793.58,1797.61,1793.57,1797.56,815.44
1783187460000,1797.61,1806.71,1797.61,1799.99,4717.2
1783187520000,1800.0,1806.45,1799.99,1805.2,2408.1
1783187580000,1805.2,1805.2,1801.49,1801.81,628.62
1783187640000,1801.53,1801.89,1800.57,1801.3,412.41
1783187700000,1801.42,1801.47,1799.26,1799.57,616.76
1783187760000,1799.57,1801.14,1799.35,1800.89,637.49
1783187820000,1800.89,1802.43,1800.27,1800.27,325.49
1783187880000,1800.25,1800.43,1799.06,1799.06,153.7
1783187940000,1799.04,1799.46,1798.06,1798.81,119.52
1783188000000,1798.81,1799.87,1797.39,1797.87,556.69
1783188060000,1797.84,1799.57,1797.47,1799.42,366.07
1783188120000,1799.43,1799.55,1798.02,1798.11,133.32
1783188180000,1798.05,1798.85,1797.16,1797.64,502.09
1783188240000,1797.38,1798.54,1797.38,1798.48,48.85
1783188300000,1798.45,1800.36,1798.45,1800.36,117.09
1783188360000,1800.35,1804.68,1800.35,1801.53,221.27
1783188420000,1801.51,1801.51,1798.5,1798.99,117.6
1783188480000,1798.99,1801.2,1798.99,1799.63,94.4
1783188540000,1799.95,1799.95,1798.14,1798.22,782.82
1783188600000,1798.21,1799.35,1798.09,1799.13,155.31
1783188660000,1799.27,1801.8,1799.27,1801.5,504.8
1783188720000,1801.5,1803.11,1801.33,1803.07,339.85
1783188780000,1803.08,1803.08,1802.23,1802.85,125.03
1783188840000,1802.85,1804.64,1802.59,1803.95,119.99
1783188900000,1803.95,1805.33,1803.42,1803.5,388.66
1783188960000,1803.51,1803.51,1801.0,1801.02,110.02
1783189020000,1801.0,1803.16,1800.73,1802.55,112.19
1783189080000,1802.55,1802.55,1800.25,1800.47,221.88
1783189140000,1800.47,1801.18,1799.57,1800.63,149.14
1783189200000,1800.63,1800.92,1800.01,1800.02,82.78
1783189260000,1800.03,1800.61,1798.13,1798.14,402.65
1783189320000,1798.15,1798.61,1796.66,1796.66,121.31
1783189380000,1796.66,1798.23,1796.66,1797.25,119.9
1783189440000,1797.24,1797.36,1795.28,1796.35,282.01
1783189500000,1796.35,1797.09,1795.78,1796.57,258.89
1783189560000,1796.58,1796.67,1795.42,1795.63,104.56
1783189620000,1795.64,1796.1,1795.53,1795.54,202.15
1783189680000,1795.53,1797.12,1795.03,1796.17,168.66
1783189740000,1796.17,1796.18,1794.76,1795.9,100.34
1783189800000,1795.82,1796.41,1794.82,1795.09,325.94
1783189860000,1795.09,1795.3,1793.99,1794.44,71.38
1783189920000,1794.44,1794.79,1794.14,1794.26,104.77
1783189980000,1794.26,1795.53,1793.75,1795.53,149.46
1783190040000,1795.58,1795.58,1793.45,1793.45,140.89
1783190100000,1793.44,1793.96,1793.31,1793.95,112.68
1783190160000,1793.94,1794.14,1792.96,1793.69,186.94
1783190220000,1793.69,1793.86,1792.88,1793.79,41.77
1783190280000,1793.79,1793.79,1793.13,1793.13,136.8
1783190340000,1793.14,1793.32,1792.48,1793.02,268.53
1783190400000,1793.03,1793.14,1792.52,1792.97,138.81
1783190460000,1792.97,1794.23,1792.6,1793.93,133.58
1783190520000,1793.93,1794.66,1793.9,1794.26,72.29
1783190580000,1794.26,1794.76,1794.01,1794.76,111.77
1783190640000,1794.75,1794.76,1793.08,1793.08,25.78
1783190700000,1793.09,1794.6,1793.08,1794.6,165.73
1783190760000,1794.59,1794.66,1794.27,1794.38,48.72
1783190820000,1794.38,1795.06,1794.37,1794.59,160.42
1783190880000,1794.59,1794.6,1792.39,1792.4,89.24
1783190940000,1792.34,1793.51,1791.6,1792.35,199.98
1783191000000,1792.34,1793.1,1790.87,1791.23,241.68
1783191060000,1791.23,1793.29,1791.22,1793.14,142.9
1783191120000,1793.23,1794.33,1793.23,1794.2,127.96
1783191180000,1794.19,1794.77,1794.13,1794.63,95.02
1783191240000,1794.49,1794.91,1793.5,1793.79,73.11
1783191300000,1793.78,1794.66,1793.74,1794.25,194.11
1783191360000,1794.25,1794.26,1793.46,1793.47,36.81
1783191420000,1793.47,1793.47,1792.68,1792.68,41.17
1783191480000,1792.68,1792.82,1792.44,1792.45,61.14
1783191540000,1792.44,1793.16,1792.43,1793.02,53.49
1783191600000,1793.03,1793.88,1792.4,1793.87,81.24
1783191660000,1793.87,1794.5,1793.33,1794.49,101.75
1783191720000,1794.49,1794.59,1793.32,1793.38,102.89
1783191780000,1793.38,1794.24,1793.24,1794.03,94.68
1783191840000,1794.03,1794.04,1793.54,1793.64,97.4
1783191900000,1793.66,1793.7,1792.55,1792.85,64.71
1783191960000,1792.85,1793.55,1792.84,1792.99,55.34
1783192020000,1792.99,1793.0,1792.23,1792.25,56.44
1783192080000,1792.27,1792.89,1791.82,1792.72,68.18
1783192140000,1792.52,1792.61,1791.5,1792.43,100.37
1783192200000,1792.42,1792.43,1791.06,1791.07,211.46
1783192260000,1791.07,1791.07,1790.22,1790.67,352.89
1783192320000,1790.66,1790.8,1790.04,1790.11,187.45
1783192380000,1790.12,1790.12,1787.65,1789.22,560.97
1783192440000,1789.23,1789.62,1788.98,1789.62,83.7
1783192500000,1789.61,1790.23,1789.26,1789.42,776.62
1783192560000,1789.35,1790.43,1789.3,1789.72,24.7
1783192620000,1789.71,1790.99,1789.66,1789.83,153.67
1783192680000,1789.83,1791.01,1789.8,1790.52,43.97
1783192740000,1790.51,1791.25,1790.47,1790.89,89.47
1783192800000,1790.9,1791.84,1790.69,1791.45,208.47
1783192860000,1791.42,1793.23,1791.42,1793.18,125.76
1783192920000,1793.19,1794.34,1793.18,1794.22,179.03
1783192980000,1794.22,1794.86,1794.15,1794.85,160.47
1783193040000,1794.85,1794.86,1794.19,1794.56,93.74
1783193100000,1794.56,1794.59,1794.12,1794.13,62.44
1783193160000,1794.13,1794.13,1793.54,1793.61,37.64
1783193220000,1793.6,1794.61,1792.99,1794.61,81.51
1783193280000,1794.61,1795.7,1794.29,1794.83,138.96
1783193340000,1794.82,1794.82,1794.14,1794.34,32.62
1783193400000,1794.34,1794.35,1790.69,1792.03,220.35
1783193460000,1792.03,1792.94,1792.03,1792.92,55.53
1783193520000,1792.91,1793.57,1792.81,1793.32,33.85
1783193580000,1793.32,1795.19,1793.32,1795.08,141.37
1783193640000,1795.02,1796.86,1795.02,1795.6,168.29
1783193700000,1795.6,1796.66,1794.16,1794.16,115.41
1783193760000,1793.96,1794.49,1793.54,1793.54,55.45
1783193820000,1793.55,1793.72,1792.81,1793.72,35.45
1783193880000,1793.94,1794.11,1793.4,1793.98,25.34
1783193940000,1793.99,1794.02,1793.53,1793.76,26.68
1783194000000,1793.75,1793.82,1793.48,1793.53,55.54
1783194060000,1793.54,1794.87,1793.43,1794.42,188.01
1783194120000,1794.42,1796.32,1794.41,1796.31,118.43
1783194180000,1796.31,1796.32,1795.64,1796.2,244.79
1783194240000,1796.21,1796.27,1795.72,1795.72,67.97
1783194300000,1795.72,1795.73,1794.93,1795.04,35.27
1783194360000,1794.78,1794.78,1794.18,1794.25,23.2
1783194420000,1794.24,1795.06,1794.09,1795.0,35.31
1783194480000,1795.0,1795.01,1794.24,1794.52,47.39
1783194540000,1794.52,1795.52,1793.65,1793.79,226.49
1783194600000,1793.8,1794.19,1792.84,1793.95,111.53
1783194660000,1793.94,1793.95,1792.89,1793.19,28.65
1783194720000,1793.31,1793.76,1792.84,1792.99,27.07
1783194780000,1792.98,1795.04,1792.76,1793.06,74.09
1783194840000,1793.06,1793.21,1790.0,1790.04,174.86
1783194900000,1789.99,1791.3,1789.99,1791.23,98.02
1783194960000,1791.23,1792.16,1791.23,1792.15,28.4
1783195020000,1792.16,1792.78,1791.88,1792.54,194.78
1783195080000,1792.68,1793.05,1792.36,1792.37,23.45
1783195140000,1792.38,1792.38,1791.9,1791.9,25.78
1783195200000,1791.89,1792.04,1790.55,1791.22,59.6
1783195260000,1791.23,1793.64,1791.22,1793.64,94.61
1783195320000,1793.63,1795.09,1793.55,1794.22,243.23
1783195380000,1794.22,1794.23,1793.23,1793.52,28.01
1783195440000,1793.52,1794.44,1792.99,1794.44,25.1
1783195500000,1794.43,1794.43,1793.14,1793.59,43.81
1783195560000,1793.59,1794.4,1792.62,1792.63,56.14
1783195620000,1792.62,1793.95,1792.62,1793.88,54.42
1783195680000,1793.88,1794.97,1793.88,1794.27,39.61
1783195740000,1794.26,1794.48,1793.75,1793.76,25.27
1783195800000,1793.75,1794.02,1793.36,1793.7,29.36
1783195860000,1793.69,1794.34,1793.69,1793.88,21.83
1783195920000,1793.89,1793.9,1793.87,1793.88,55.79
1783195980000,1793.88,1794.76,1793.87,1794.51,20.21
1783196040000,1794.46,1794.58,1793.79,1793.81,25.96
1783196100000,1793.8,1793.8,1793.12,1793.12,34.96
1783196160000,1793.12,1793.58,1792.81,1792.83,195.56
1783196220000,1792.81,1793.3,1792.55,1792.77,35.21
1783196280000,1792.78,1792.78,1785.72,1785.99,557.23
1783196340000,1786.0,1787.43,1785.0,1786.0,193.17
1783196400000,1786.0,1786.36,1783.97,1784.5,553.48
1783196460000,1784.48,1784.72,1783.87,1784.46,650.38
1783196520000,1784.46,1784.93,1783.14,1783.26,278.27
1783196580000,1783.24,1785.09,1783.24,1784.65,121.6
1783196640000,1784.64,1784.65,1783.15,1784.26,59.96
1783196700000,1784.27,1784.74,1783.37,1783.46,139.96
1783196760000,1783.35,1784.05,1783.05,1784.02,39.72
1783196820000,1784.01,1784.18,1783.66,1783.8,24.74
1783196880000,1783.8,1783.84,1783.0,1783.58,68.69
1783196940000,1783.58,1783.98,1783.53,1783.98,69.15
1783197000000,1783.97,1784.86,1783.0,1784.64,66.03
1783197060000,1784.56,1786.17,1784.51,1785.44,310.99
1783197120000,1785.43,1785.79,1784.75,1785.63,174.16
1783197180000,1785.64,1786.15,1785.23,1785.8,621.75
1783197240000,1785.81,1786.17,1785.67,1786.16,29.89
1783197300000,1786.17,1787.04,1786.16,1786.85,91.85
1783197360000,1786.85,1787.65,1786.64,1787.65,560.46
1783197420000,1787.64,1787.75,1786.92,1786.94,205.66
1783197480000,1786.94,1787.96,1786.94,1787.96,32.02
1783197540000,1787.96,1787.96,1786.77,1786.85,204.55
1783197600000,1786.9,1788.06,1786.83,1788.06,44.75
1783197660000,1788.21,1789.34,1787.8,1788.43,117.92
1783197720000,1788.42,1788.43,1787.82,1787.82,33.88
1783197780000,1787.83,1788.91,1787.63,1788.58,50.7
1783197840000,1788.58,1788.99,1788.51,1788.98,114.41
1783197900000,1788.98,1789.58,1788.34,1788.34,63.72
1783197960000,1788.35,1789.07,1788.24,1788.63,31.75
1783198020000,1788.63,1788.74,1787.86,1788.1,21.94
1783198080000,1788.11,1788.39,1787.82,1787.97,31.84
1783198140000,1787.96,1788.12,1787.9,1788.03,36.69
1783198200000,1788.03,1788.22,1787.9,1788.14,40.98
1783198260000,1788.15,1788.15,1787.36,1787.37,534.5
1783198320000,1787.36,1787.82,1787.17,1787.43,46.26
1783198380000,1787.44,1787.68,1786.87,1787.28,254.14
1783198440000,1787.29,1788.61,1787.28,1788.61,46.14
1783198500000,1788.68,1788.89,1787.7,1788.27,246.44
1783198560000,1788.26,1788.27,1787.24,1787.53,101.01
1783198620000,1787.55,1787.91,1787.55,1787.87,43.16
1783198680000,1787.89,1787.94,1786.73,1786.99,49.43
1783198740000,1786.99,1787.0,1786.24,1786.24,225.7
1783198800000,1786.25,1786.4,1785.61,1786.02,64.33
1783198860000,1786.0,1786.15,1785.38,1786.08,54.65
1783198920000,1786.08,1787.43,1785.67,1786.87,52.66
1783198980000,1786.88,1786.94,1786.27,1786.44,42.24
1783199040000,1786.44,1787.1,1786.07,1786.37,43.56
1783199100000,1786.37,1787.12,1786.37,1787.0,49.13
1783199160000,1787.0,1787.38,1786.29,1786.46,41.04
1783199220000,1786.45,1787.17,1786.45,1787.16,26.67
1783199280000,1787.16,1787.17,1786.84,1786.95,20.34
1783199340000,1786.96,1786.96,1785.63,1785.87,34.21
1783199400000,1785.86,1786.25,1785.86,1786.06,44.97
1783199460000,1786.05,1787.2,1785.8,1787.19,43.79
1783199520000,1787.18,1788.4,1787.18,1788.39,175.29
1783199580000,1788.52,1790.58,1788.52,1790.07,132.59
1783199640000,1790.07,1790.08,1789.07,1789.39,141.75
1783199700000,1789.39,1790.52,1789.38,1789.8,173.12
1783199760000,1789.79,1789.95,1789.45,1789.45,212.62
1783199820000,1789.44,1789.57,1789.21,1789.28,25.63
1783199880000,1789.28,1789.62,1789.02,1789.36,65.8
1783199940000,1789.36,1790.26,1789.28,1790.12,34.87
1783200000000,1790.12,1791.49,1790.11,1791.44,109.76
1783200060000,1791.45,1791.45,1790.62,1791.05,38.94
1783200120000,1791.06,1792.26,1791.05,1791.92,103.56
1783200180000,1791.91,1792.36,1791.38,1792.02,62.53
1783200240000,1792.03,1792.03,1791.34,1791.92,30.38
1783200300000,1791.93,1791.93,1790.6,1790.62,68.65
1783200360000,1790.61,1791.03,1790.11,1791.03,192.24
1783200420000,1791.02,1791.88,1791.02,1791.71,27.67
1783200480000,1791.74,1792.38,1791.74,1792.29,74.92
1783200540000,1792.3,1792.3,1791.78,1791.83,50.06
1783200600000,1791.83,1791.83,1791.48,1791.48,29.62
1783200660000,1791.47,1793.13,1791.44,1792.85,165.65
1783200720000,1792.85,1793.57,1792.66,1792.93,28.05
1783200780000,1792.93,1793.02,1792.14,1792.38,31.28
1783200840000,1792.38,1792.39,1791.36,1791.38,22.58
1783200900000,1791.32,1792.5,1791.31,1791.47,208.51
1783200960000,1791.47,1792.2,1789.93,1791.64,47.99
1783201020000,1791.65,1791.68,1791.29,1791.29,27.05
1783201080000,1791.23,1792.6,1790.99,1792.6,31.37
1783201140000,1792.6,1793.0,1792.1,1792.1,29.29
1783201200000,1791.99,1792.19,1791.72,1792.19,27.86
1783201260000,1792.18,1792.19,1790.87,1790.87,44.57
1783201320000,1790.87,1791.55,1790.87,1791.55,34.51
1783201380000,1791.54,1791.61,1790.29,1790.29,29.83
1783201440000,1790.3,1790.3,1788.65,1788.76,375.63
1783201500000,1788.75,1789.95,1788.75,1789.08,25.39
1783201560000,1789.08,1789.61,1788.99,1789.6,39.88
1783201620000,1789.65,1789.98,1789.3,1789.67,31.34
1783201680000,1789.6,1789.76,1789.42,1789.73,21.18
1783201740000,1789.73,1789.74,1788.38,1788.38,51.18
1783201800000,1788.39,1789.54,1788.08,1788.45,80.15
1783201860000,1788.56,1788.59,1787.84,1788.01,111.77
1783201920000,1788.0,1789.18,1787.59,1788.97,44.51
1783201980000,1788.97,1789.36,1788.33,1788.88,25.92
1783202040000,1788.89,1789.22,1788.09,1788.1,20.98
1783202100000,1788.09,1789.66,1788.09,1789.46,26.06
1783202160000,1789.46,1789.47,1788.75,1789.06,104.94
1783202220000,1789.06,1789.73,1789.05,1789.62,46.83
1783202280000,1789.61,1789.63,1788.78,1788.78,52.08
1783202340000,1788.72,1788.72,1787.94,1788.47,56.81
1783202400000,1788.47,1788.7,1787.41,1788.02,71.61
1783202460000,1788.02,1788.02,1786.81,1787.03,69.0
1783202520000,1787.04,1787.04,1785.52,1786.21,52.47
1783202580000,1786.2,1786.93,1786.2,1786.63,24.64
1783202640000,1786.64,1786.64,1785.47,1785.77,47.97
1783202700000,1785.78,1785.99,1785.18,1785.96,326.94
1783202760000,1785.96,1786.0,1784.81,1784.96,68.57
1783202820000,1784.96,1785.82,1784.95,1785.67,49.88
1783202880000,1785.67,1786.08,1785.21,1786.07,31.07
1783202940000,1786.08,1787.16,1786.06,1787.15,149.84
1783203000000,1787.16,1787.16,1784.47,1784.6,69.55
1783203060000,1784.46,1785.21,1783.88,1785.21,344.47
1783203120000,1785.21,1785.43,1784.58,1785.29,41.53
1783203180000,1785.29,1786.52,1785.29,1786.52,27.38
1783203240000,1786.51,1786.52,1785.48,1786.07,34.51
1783203300000,1786.07,1786.26,1785.56,1785.57,76.39
1783203360000,1785.56,1785.66,1785.25,1785.66,26.83
1783203420000,1785.65,1787.74,1785.65,1787.74,77.52
1783203480000,1787.74,1788.03,1786.76,1787.33,345.33
1783203540000,1787.33,1787.41,1786.88,1787.16,21.96
1783203600000,1787.16,1787.17,1785.92,1785.92,25.27
1783203660000,1785.91,1785.92,1785.17,1785.52,33.34
1783203720000,1785.51,1785.52,1784.0,1784.01,59.28
1783203780000,1784.01,1784.2,1783.69,1783.77,211.09
1783203840000,1783.78,1784.11,1783.27,1783.52,33.63
1783203900000,1783.52,1783.91,1783.52,1783.75,87.95
1783203960000,1783.75,1783.77,1783.05,1783.76,51.53
1783204020000,1783.75,1783.79,1783.51,1783.74,60.09
1783204080000,1783.75,1784.23,1783.74,1783.75,31.04
1783204140000,1783.74,1784.77,1783.74,1784.77,58.75
1783204200000,1784.76,1784.87,1784.46,1784.87,44.23
1783204260000,1784.84,1784.94,1784.28,1784.89,70.86
1783204320000,1784.89,1784.9,1784.47,1784.66,57.63
1783204380000,1784.66,1785.36,1784.65,1785.34,85.11
1783204440000,1785.34,1785.43,1784.55,1784.56,43.65
1783204500000,1784.56,1785.48,1784.46,1785.26,171.03
1783204560000,1785.27,1785.41,1785.13,1785.14,26.17
1783204620000,1785.14,1785.41,1785.13,1785.41,64.1
1783204680000,1785.4,1785.46,1784.79,1784.96,20.96
1783204740000,1784.96,1785.03,1784.57,1784.61,119.61
1783204800000,1784.61,1785.07,1784.6,1784.69,74.61
1783204860000,1784.69,1784.77,1784.05,1784.75,32.04
1783204920000,1784.76,1785.39,1784.71,1784.71,34.0
1783204980000,1784.71,1784.72,1784.52,1784.54,51.82
1783205040000,1784.54,1784.66,1784.19,1784.46,24.93
1783205100000,1784.46,1784.66,1784.07,1784.16,51.72
1783205160000,1783.9,1783.9,1781.31,1782.04,480.41
1783205220000,1782.03,1782.38,1781.6,1782.35,138.15
1783205280000,1782.35,1783.37,1782.35,1783.03,25.8
1783205340000,1783.03,1783.03,1781.27,1782.54,39.69
1783205400000,1782.73,1782.97,1782.32,1782.43,49.9
1783205460000,1782.43,1782.98,1782.43,1782.98,30.65
1783205520000,1782.98,1783.43,1782.77,1783.18,59.3
1783205580000,1783.18,1783.25,1782.68,1783.24,58.93
1783205640000,1783.25,1783.49,1782.96,1782.96,56.36
1783205700000,1782.96,1783.93,1782.77,1782.92,47.13
1783205760000,1782.92,1783.52,1782.92,1783.36,20.91
1783205820000,1783.36,1783.5,1783.04,1783.08,23.84
1783205880000,1783.08,1783.31,1782.74,1783.3,43.11
1783205940000,1783.31,1783.95,1783.3,1783.95,27.89
1783206000000,1783.95,1785.05,1783.18,1783.5,68.47
1783206060000,1783.51,1783.62,1782.36,1782.4,97.29
1783206120000,1782.36,1782.36,1780.8,1781.76,560.06
1783206180000,1781.75,1782.83,1781.63,1782.83,28.76
1783206240000,1782.83,1783.58,1782.33,1783.58,56.37
1783206300000,1783.58,1783.6,1781.96,1781.98,197.09
1783206360000,1781.98,1783.1,1781.98,1783.06,62.16
1783206420000,1783.06,1784.55,1783.05,1784.09,29.79
1783206480000,1784.08,1784.51,1783.8,1784.24,34.25
1783206540000,1784.2,1784.96,1783.84,1783.93,113.22
1783206600000,1783.93,1784.28,1783.71,1783.72,35.69
1783206660000,1783.72,1783.92,1783.11,1783.73,23.56
1783206720000,1783.7,1783.82,1782.32,1782.33,25.27
1783206780000,1782.26,1782.26,1780.56,1781.09,327.19
1783206840000,1781.08,1781.15,1772.38,1774.38,1175.88
1783206900000,1774.42,1774.68,1771.0,1772.55,442.65
1783206960000,1772.56,1774.88,1771.6,1774.7,101.46
1783207020000,1774.62,1776.1,1774.24,1776.1,274.09
1783207080000,1776.1,1776.35,1775.52,1775.52,98.5
1783207140000,1775.53,1776.1,1774.49,1775.43,70.02
1783207200000,1775.44,1776.97,1775.43,1776.93,63.47
1783207260000,1776.93,1776.95,1775.94,1776.88,39.89
1783207320000,1776.87,1777.35,1776.67,1777.35,107.37
1783207380000,1777.35,1777.85,1776.95,1777.11,57.02
1783207440000,1777.1,1777.66,1777.09,1777.64,76.63
1783207500000,1777.63,1777.68,1777.4,1777.55,50.91
1783207560000,1777.55,1777.89,1777.42,1777.44,258.5
1783207620000,1777.44,1777.73,1776.82,1777.17,24.03
1783207680000,1777.16,1777.68,1777.04,1777.67,25.6
1783207740000,1777.67,1778.29,1777.24,1778.28,168.78
1783207800000,1778.28,1779.98,1778.1,1778.83,72.58
1783207860000,1778.83,1779.61,1778.83,1779.61,40.01
1783207920000,1779.61,1780.25,1778.9,1779.53,131.36
1783207980000,1779.54,1779.66,1778.87,1779.13,37.88
1783208040000,1779.17,1779.96,1779.07,1779.84,61.34
1783208100000,1779.93,1780.19,1779.37,1779.38,42.33
1783208160000,1779.37,1779.92,1779.17,1779.18,84.29
1783208220000,1779.18,1779.91,1779.18,1779.91,45.04
1783208280000,1779.97,1780.21,1779.53,1779.63,121.21
1783208340000,1779.64,1779.65,1779.28,1779.44,28.98
1783208400000,1779.46,1779.95,1779.45,1779.94,20.19
1783208460000,1779.94,1781.12,1779.94,1780.86,50.27
1783208520000,1780.86,1780.86,1780.13,1780.41,35.22
1783208580000,1780.4,1781.6,1780.02,1781.43,74.53
1783208640000,1781.43,1782.21,1781.3,1781.66,76.37
1783208700000,1781.61,1782.21,1781.1,1781.26,276.22
1783208760000,1781.22,1781.95,1781.0,1781.95,69.06
1783208820000,1781.95,1781.95,1780.31,1780.31,27.48
1783208880000,1780.33,1780.46,1779.71,1779.78,87.74
1783208940000,1779.77,1780.64,1779.77,1780.55,34.54
1783209000000,1780.55,1780.56,1779.99,1780.19,52.91
1783209060000,1780.19,1780.24,1779.45,1779.52,22.9
1783209120000,1779.51,1779.63,1778.52,1778.84,66.15
1783209180000,1778.85,1779.07,1778.7,1778.88,31.27
1783209240000,1778.88,1780.38,1778.88,1780.27,41.74
1783209300000,1780.26,1780.27,1779.45,1779.58,79.41
1783209360000,1779.58,1779.93,1779.16,1779.92,28.16
1783209420000,1779.92,1780.0,1779.74,1779.78,22.46
1783209480000,1779.79,1779.98,1779.75,1779.98,19.76
1783209540000,1779.97,1779.98,1779.7,1779.84,30.62
1783209600000,1779.91,1781.71,1778.01,1778.18,59.17
1783209660000,1778.24,1778.55,1775.72,1775.73,180.11
1783209720000,1775.72,1777.45,1775.72,1776.67,51.5
1783209780000,1776.72,1777.03,1776.38,1777.02,33.42
1783209840000,1777.03,1777.3,1776.18,1776.19,35.4
1783209900000,1776.19,1777.0,1776.06,1776.49,118.35
1783209960000,1776.51,1776.96,1775.94,1775.95,47.58
1783210020000,1775.94,1776.99,1775.94,1776.14,36.49
1783210080000,1776.15,1776.15,1774.85,1775.35,76.34
1783210140000,1775.35,1775.93,1775.35,1775.41,27.53
1783210200000,1775.29,1776.05,1775.05,1776.05,50.07
1783210260000,1776.05,1776.26,1775.2,1775.24,28.15
1783210320000,1775.24,1775.46,1774.77,1774.87,26.33
1783210380000,1774.87,1775.85,1774.86,1775.59,59.85
1783210440000,1775.58,1775.8,1775.47,1775.47,23.21
1783210500000,1775.48,1775.98,1774.75,1775.89,45.14
1783210560000,1775.89,1776.0,1775.69,1775.77,26.56
1783210620000,1775.77,1775.79,1774.8,1775.56,43.98
1783210680000,1775.56,1775.56,1774.25,1774.69,28.51
1783210740000,1774.68,1775.71,1774.67,1775.49,29.8
1783210800000,1775.49,1775.78,1775.15,1775.15,21.03
1783210860000,1775.16,1775.5,1773.57,1773.66,197.41
1783210920000,1773.67,1774.65,1772.58,1774.09,76.02
1783210980000,1774.1,1775.16,1774.1,1774.35,40.14
1783211040000,1774.35,1774.35,1771.83,1774.08,119.53
1783211100000,1774.08,1774.3,1772.25,1773.96,1061.7
1783211160000,1773.95,1775.21,1773.95,1775.12,69.41
1783211220000,1775.13,1775.13,1772.87,1773.03,228.41
1783211280000,1773.12,1774.0,1771.56,1773.2,28.79
1783211340000,1773.2,1774.78,1773.2,1774.54,33.95
1783211400000,1774.53,1774.94,1773.33,1773.34,29.17
1783211460000,1773.34,1773.4,1772.55,1773.01,23.16
1783211520000,1773.01,1773.32,1771.9,1772.64,35.47
1783211580000,1772.64,1772.86,1772.03,1772.18,51.23
1783211640000,1772.15,1772.53,1772.15,1772.49,93.23
1783211700000,1772.48,1772.66,1771.4,1771.77,1073.72
1783211760000,1771.77,1772.84,1771.74,1772.17,435.61
1783211820000,1772.17,1772.53,1771.98,1772.08,42.16
1783211880000,1772.08,1774.06,1772.07,1773.69,100.87
1783211940000,1773.69,1775.5,1773.42,1775.49,551.27
1783212000000,1775.49,1776.04,1775.0,1775.86,112.89
1783212060000,1775.86,1775.97,1775.31,1775.7,408.51
1783212120000,1775.7,1775.91,1775.43,1775.62,106.28
1783212180000,1775.63,1776.02,1775.63,1775.83,64.22
1783212240000,1775.82,1775.83,1774.92,1775.17,91.9
1783212300000,1775.18,1775.69,1775.17,1775.41,49.37
1783212360000,1775.4,1775.69,1775.25,1775.55,112.84
1783212420000,1775.47,1775.47,1773.58,1773.93,455.46
1783212480000,1773.92,1774.09,1773.16,1773.82,171.27
1783212540000,1773.82,1773.97,1773.73,1773.97,130.87
1783212600000,1773.98,1774.25,1773.24,1773.32,28.52
1783212660000,1773.32,1773.36,1773.08,1773.09,42.73
1783212720000,1773.08,1773.16,1772.86,1773.14,1611.49
1783212780000,1773.14,1773.71,1773.14,1773.5,46.1
1783212840000,1773.51,1773.53,1772.77,1772.87,25.8
1783212900000,1772.87,1772.88,1770.88,1770.88,157.71
1783212960000,1770.87,1771.42,1768.95,1769.63,459.72
1783213020000,1769.53,1770.52,1769.4,1769.71,41.34
1783213080000,1769.72,1771.17,1769.71,1771.14,313.69
1783213140000,1771.14,1772.06,1771.14,1771.96,35.77
1783213200000,1771.96,1772.8,1771.88,1772.58,389.43
1783213260000,1772.58,1772.74,1772.1,1772.73,42.59
1783213320000,1772.76,1773.93,1772.76,1773.65,122.56
1783213380000,1773.65,1773.96,1772.67,1773.26,55.56
1783213440000,1773.25,1773.26,1772.33,1772.34,147.13
1783213500000,1772.22,1772.43,1770.0,1770.0,27.88
1783213560000,1770.02,1773.61,1770.02,1772.9,1504.93
1783213620000,1772.9,1773.13,1772.34,1772.34,47.39
1783213680000,1772.35,1772.39,1771.37,1772.35,54.46
1783213740000,1772.34,1772.34,1771.41,1771.48,342.19
1783213800000,1771.47,1772.24,1771.0,1772.23,259.29
1783213860000,1772.24,1772.24,1771.24,1771.31,22.65
1783213920000,1771.3,1771.39,1770.88,1771.13,114.27
1783213980000,1771.13,1771.55,1771.13,1771.55,21.38
1783214040000,1771.55,1771.55,1770.81,1771.16,20.77
1783214100000,1771.16,1771.17,1770.68,1770.87,23.32
1783214160000,1770.87,1770.87,1767.01,1767.01,1025.46
1783214220000,1767.02,1767.32,1765.4,1765.5,731.54
1783214280000,1765.5,1766.64,1764.46,1765.95,947.96
1783214340000,1765.95,1765.98,1763.19,1763.51,241.58
1783214400000,1763.56,1765.91,1763.56,1765.84,231.57
1783214460000,1765.85,1765.85,1764.5,1765.45,167.62
1783214520000,1765.45,1765.45,1764.67,1765.06,84.38
1783214580000,1765.06,1765.08,1763.61,1764.71,585.1
1783214640000,1764.74,1765.15,1764.47,1764.49,38.83
1783214700000,1764.49,1765.56,1763.8,1765.56,40.5
1783214760000,1765.58,1766.47,1765.36,1766.47,69.43
1783214820000,1766.48,1767.56,1766.48,1767.53,90.02
1783214880000,1767.68,1769.19,1767.68,1767.93,313.44
1783214940000,1768.02,1768.77,1767.72,1767.96,36.38
1783215000000,1767.97,1767.97,1765.06,1765.09,341.35
1783215060000,1765.09,1765.1,1763.28,1763.48,76.52
1783215120000,1763.48,1765.2,1763.2,1763.2,129.38
1783215180000,1763.2,1763.2,1760.33,1761.64,400.66
1783215240000,1761.66,1762.7,1760.83,1761.79,1002.95
1783215300000,1761.67,1763.74,1761.54,1763.33,434.61
1783215360000,1763.34,1763.53,1762.43,1763.0,643.3
1783215420000,1762.99,1763.06,1761.99,1762.44,41.08
1783215480000,1762.45,1763.0,1762.38,1762.48,36.62
1783215540000,1762.42,1764.6,1762.38,1764.58,46.43
1783215600000,1764.58,1764.59,1763.53,1764.18,509.33
1783215660000,1764.18,1764.7,1764.16,1764.24,43.2
1783215720000,1764.24,1764.58,1764.24,1764.56,41.89
1783215780000,1764.57,1765.15,1764.3,1765.13,60.79
1783215840000,1765.18,1765.23,1764.24,1764.85,28.41
1783215900000,1764.84,1765.64,1764.66,1765.64,393.4
1783215960000,1765.64,1766.62,1765.0,1765.62,265.8
1783216020000,1765.62,1765.62,1763.71,1764.03,53.02
1783216080000,1764.04,1764.75,1764.03,1764.75,24.57
1783216140000,1764.75,1764.85,1763.53,1764.1,23.12
1783216200000,1764.11,1764.78,1763.81,1764.78,24.26
1783216260000,1764.78,1766.25,1764.68,1765.49,1489.32
1783216320000,1765.5,1766.35,1764.65,1765.68,45.5
1783216380000,1765.68,1765.71,1765.38,1765.4,21.48
1783216440000,1765.39,1766.6,1764.71,1765.5,34.72
1783216500000,1765.51,1765.84,1765.43,1765.69,25.13
1783216560000,1765.68,1766.4,1765.46,1765.95,29.64
1783216620000,1765.94,1766.32,1765.13,1766.07,23.47
1783216680000,1766.06,1766.61,1765.77,1766.0,56.3
1783216740000,1765.99,1766.02,1765.69,1765.79,39.34
1783216800000,1765.8,1767.1,1765.45,1766.32,54.57
1783216860000,1766.32,1766.86,1765.0,1765.22,277.46
1783216920000,1765.22,1765.3,1764.29,1764.93,85.34
1783216980000,1764.93,1765.0,1764.14,1764.47,31.37
1783217040000,1764.46,1764.54,1764.04,1764.04,1094.21
1783217100000,1764.04,1764.05,1763.37,1763.38,40.18
1783217160000,1763.38,1763.76,1763.05,1763.22,48.82
1783217220000,1763.23,1763.35,1762.36,1762.69,692.74
1783217280000,1762.69,1763.45,1762.6,1762.6,1396.02
1783217340000,1762.6,1763.09,1761.56,1761.56,85.63
1783217400000,1761.57,1762.72,1761.57,1762.48,932.57
1783217460000,1762.48,1762.48,1761.21,1761.22,569.59
1783217520000,1761.21,1761.56,1760.25,1760.25,74.75
1783217580000,1760.18,1760.37,1758.23,1758.7,566.81
1783217640000,1758.7,1759.89,1758.69,1759.12,582.53
1783217700000,1759.12,1759.88,1756.97,1757.48,1531.9
1783217760000,1757.5,1757.7,1756.72,1757.62,293.41
1783217820000,1757.61,1757.61,1756.17,1757.05,184.06
1783217880000,1757.05,1760.35,1756.28,1760.35,517.9
1783217940000,1760.35,1761.53,1760.35,1761.52,470.66
1783218000000,1761.53,1762.94,1761.52,1762.47,291.2
1783218060000,1762.46,1762.47,1761.13,1761.51,412.08
1783218120000,1761.52,1762.55,1761.5,1762.05,67.29
1783218180000,1762.05,1762.59,1761.17,1761.34,65.92
1783218240000,1761.33,1761.44,1760.67,1760.99,1442.97
1783218300000,1760.99,1762.39,1759.21,1762.39,1018.63
1783218360000,1762.48,1762.57,1761.15,1761.16,289.4
1783218420000,1761.07,1761.43,1759.56,1761.43,36.99
1783218480000,1761.43,1762.0,1761.08,1761.58,77.35
1783218540000,1761.58,1763.95,1761.57,1763.49,1617.44
1783218600000,1763.5,1763.5,1761.69,1761.94,318.73
1783218660000,1761.93,1762.97,1761.71,1762.83,33.82
1783218720000,1762.83,1763.78,1762.44,1763.78,87.28
1783218780000,1763.79,1764.77,1763.76,1764.43,94.17
1783218840000,1764.42,1764.8,1764.32,1764.52,315.6
1783218900000,1764.53,1765.17,1764.14,1764.14,334.14
1783218960000,1764.15,1764.15,1763.64,1763.98,156.26
1783219020000,1763.98,1764.37,1763.55,1763.8,91.6
1783219080000,1763.8,1763.8,1762.91,1763.03,79.01
1783219140000,1763.03,1763.38,1762.64,1763.37,26.69
1783219200000,1763.37,1763.38,1762.81,1763.02,197.0
1783219260000,1763.02,1763.99,1763.02,1763.14,64.59
1783219320000,1763.13,1763.72,1761.0,1761.31,74.92
1783219380000,1761.31,1761.6,1758.85,1759.35,957.9
1783219440000,1759.34,1759.9,1757.29,1757.33,263.84
1783219500000,1757.33,1759.19,1756.42,1759.19,998.06
1783219560000,1759.19,1759.32,1757.81,1759.19,408.87
1783219620000,1759.17,1759.18,1757.8,1757.8,52.11
1783219680000,1757.93,1758.79,1756.92,1757.47,104.27
1783219740000,1757.46,1758.24,1756.26,1758.13,1499.27
1783219800000,1758.13,1758.77,1757.39,1758.68,776.45
1783219860000,1758.69,1760.5,1758.62,1760.13,405.56
1783219920000,1760.13,1760.13,1758.34,1758.91,165.07
1783219980000,1758.9,1758.91,1757.95,1758.69,82.74
1783220040000,1758.7,1758.89,1758.3,1758.61,125.43
1783220100000,1758.61,1759.39,1758.61,1759.39,21.05
1783220160000,1759.38,1759.94,1759.14,1759.93,39.26
1783220220000,1759.92,1759.92,1759.22,1759.29,44.91
1783220280000,1759.29,1760.14,1759.29,1760.13,99.4
1783220340000,1760.14,1760.26,1759.91,1760.06,25.9
1783220400000,1760.04,1760.5,1760.01,1760.4,62.48
1783220460000,1760.42,1760.91,1759.92,1759.99,1183.19
1783220520000,1760.05,1760.15,1759.33,1759.47,572.59
1783220580000,1759.45,1759.51,1759.39,1759.5,27.13
1783220640000,1759.51,1761.0,1759.5,1760.93,60.9
1783220700000,1760.91,1761.78,1760.68,1761.17,245.8
1783220760000,1761.17,1761.94,1761.12,1761.71,65.35
1783220820000,1761.71,1762.4,1761.71,1762.4,102.57
1783220880000,1762.41,1762.41,1762.18,1762.23,58.02
1783220940000,1762.22,1762.78,1762.08,1762.08,290.28
1783221000000,1762.08,1762.14,1761.41,1761.41,111.36
1783221060000,1761.39,1762.34,1761.29,1761.85,72.58
1783221120000,1761.85,1761.86,1761.69,1761.85,94.58
1783221180000,1761.85,1762.83,1761.84,1762.82,40.4
1783221240000,1762.82,1762.83,1762.38,1762.38,407.91
1783221300000,1762.38,1763.18,1762.07,1762.38,53.92
1783221360000,1762.38,1762.38,1761.62,1761.91,56.08
1783221420000,1761.9,1761.91,1761.65,1761.86,28.95
1783221480000,1761.86,1761.97,1761.55,1761.76,37.95
1783221540000,1761.77,1761.77,1761.01,1761.05,70.93
1783221600000,1761.05,1761.06,1759.37,1759.75,518.97
1783221660000,1759.7,1760.17,1757.61,1758.74,517.79
1783221720000,1758.73,1758.74,1757.03,1757.91,534.68
1783221780000,1757.9,1758.63,1757.08,1758.11,134.05
1783221840000,1758.12,1759.5,1758.08,1759.38,661.97
1783221900000,1759.37,1759.38,1758.57,1758.59,31.35
1783221960000,1758.58,1758.58,1757.27,1757.93,136.43
1783222020000,1757.92,1758.48,1757.86,1758.01,141.15
1783222080000,1758.01,1758.06,1757.86,1757.99,19.26
1783222140000,1757.91,1757.91,1757.3,1757.74,191.4
1783222200000,1757.74,1758.87,1757.57,1758.74,48.13
1783222260000,1758.75,1758.96,1758.74,1758.78,50.9
1783222320000,1758.79,1759.86,1757.92,1757.92,79.68
1783222380000,1757.93,1759.17,1757.9,1758.84,67.91
1783222440000,1758.83,1759.27,1758.17,1758.95,28.44
1783222500000,1758.95,1760.18,1758.82,1760.13,765.71
1783222560000,1760.12,1760.16,1759.97,1760.03,28.8
1783222620000,1760.04,1760.87,1760.03,1760.71,714.95
1783222680000,1760.72,1761.6,1760.72,1761.18,1584.52
1783222740000,1761.17,1761.76,1761.16,1761.72,40.26
1783222800000,1761.72,1761.72,1760.92,1761.38,79.23
1783222860000,1761.38,1761.38,1761.2,1761.2,56.12
1783222920000,1761.21,1761.41,1761.13,1761.36,26.09
1783222980000,1761.37,1761.66,1759.94,1760.35,85.29
1783223040000,1760.35,1760.35,1759.88,1760.12,21.0
1783223100000,1760.13,1760.59,1759.69,1760.59,28.22
1783223160000,1760.58,1761.7,1760.58,1761.2,50.89
1783223220000,1761.2,1761.69,1760.95,1761.59,20.17
1783223280000,1761.59,1761.74,1761.39,1761.41,30.36
1783223340000,1761.41,1761.61,1761.4,1761.43,35.1
1783223400000,1761.44,1761.56,1761.23,1761.48,143.26
1783223460000,1761.48,1761.96,1761.39,1761.89,40.83
1783223520000,1761.92,1762.31,1761.0,1761.01,1758.02
1783223580000,1761.01,1761.42,1760.31,1760.6,52.4
1783223640000,1760.59,1761.42,1760.33,1761.21,26.54
1783223700000,1761.29,1761.91,1761.18,1761.8,654.01
1783223760000,1761.79,1761.95,1761.36,1761.72,20.7
1783223820000,1761.73,1761.73,1761.12,1761.34,21.05
1783223880000,1761.34,1761.62,1761.14,1761.23,47.62
1783223940000,1761.23,1761.34,1760.67,1760.72,29.38
1783224000000,1760.73,1760.79,1759.37,1759.48,216.28
1783224060000,1759.48,1760.0,1759.47,1760.0,484.85
1783224120000,1760.03,1760.09,1759.47,1759.48,354.15
1783224180000,1759.48,1760.76,1759.47,1760.55,87.21
1783224240000,1760.54,1760.88,1760.3,1760.88,47.1
1783224300000,1760.87,1762.15,1760.87,1761.07,95.7
1783224360000,1761.06,1761.35,1760.54,1760.92,22.16
1783224420000,1761.0,1762.73,1761.0,1762.12,156.29
1783224480000,1762.12,1763.17,1761.85,1763.16,1321.28
1783224540000,1763.16,1763.42,1762.81,1763.34,92.24
1783224600000,1763.33,1763.62,1763.06,1763.1,390.46
1783224660000,1763.1,1764.29,1763.1,1764.26,295.16
1783224720000,1764.26,1765.1,1764.04,1764.57,251.3
1783224780000,1764.57,1765.03,1763.92,1764.35,123.56
1783224840000,1764.36,1764.36,1763.75,1763.91,51.21
1783224900000,1763.92,1764.72,1763.87,1764.6,43.26
1783224960000,1764.61,1764.67,1763.85,1763.88,30.0
1783225020000,1763.89,1764.77,1763.89,1764.72,27.56
1783225080000,1764.73,1765.35,1764.66,1764.98,157.85
1783225140000,1764.98,1765.78,1764.98,1765.3,38.91
1783225200000,1765.31,1766.79,1765.3,1766.45,177.84
1783225260000,1766.46,1767.62,1766.43,1767.4,400.57
1783225320000,1767.41,1767.41,1765.75,1766.61,153.63
1783225380000,1766.62,1766.99,1766.37,1766.5,35.0
1783225440000,1766.51,1767.5,1766.44,1767.49,297.23
1783225500000,1767.49,1767.5,1766.85,1767.02,43.65
1783225560000,1767.03,1767.72,1766.05,1766.11,76.21
1783225620000,1766.1,1766.69,1765.45,1766.19,217.69
1783225680000,1766.2,1766.81,1766.19,1766.73,25.86
1783225740000,1766.72,1766.73,1766.46,1766.46,65.18
1783225800000,1766.47,1767.02,1766.08,1766.48,139.09
1783225860000,1766.57,1767.91,1766.41,1767.78,106.67
1783225920000,1767.77,1771.74,1767.75,1771.72,745.62
1783225980000,1771.76,1771.9,1769.5,1769.86,527.81
1783226040000,1769.87,1769.97,1769.16,1769.29,201.17
1783226100000,1769.29,1769.88,1768.76,1769.47,90.07
1783226160000,1769.47,1769.69,1768.74,1768.99,278.1
1783226220000,1768.98,1769.08,1768.21,1768.98,77.62
1783226280000,1768.98,1769.16,1768.34,1769.12,56.86
1783226340000,1769.12,1769.64,1769.03,1769.04,299.92
1783226400000,1769.03,1769.05,1768.48,1768.49,122.81
1783226460000,1768.49,1769.4,1768.29,1769.4,49.48
1783226520000,1769.49,1770.72,1769.17,1770.61,50.61
1783226580000,1770.62,1771.42,1770.21,1770.22,148.13
1783226640000,1770.22,1770.52,1769.9,1769.92,54.64
1783226700000,1769.92,1770.28,1769.89,1770.2,89.03
1783226760000,1770.2,1770.21,1768.2,1768.2,75.22
1783226820000,1768.17,1768.38,1767.92,1767.98,82.2
1783226880000,1767.98,1768.82,1767.69,1768.2,156.59
1783226940000,1768.2,1768.82,1768.19,1768.43,43.94
1783227000000,1768.43,1768.56,1768.05,1768.06,86.41
1783227060000,1768.05,1768.5,1767.75,1767.78,48.47
1783227120000,1767.76,1767.77,1766.6,1767.4,209.57
1783227180000,1767.4,1767.57,1767.12,1767.33,28.56
1783227240000,1767.33,1767.33,1766.87,1766.88,23.39
1783227300000,1766.88,1767.22,1766.8,1767.04,33.29
1783227360000,1767.04,1767.06,1766.92,1766.97,33.04
1783227420000,1766.97,1767.5,1766.67,1766.98,61.42
1783227480000,1766.99,1767.0,1766.57,1766.59,384.74
1783227540000,1766.59,1766.86,1766.5,1766.65,36.27
1783227600000,1766.54,1766.6,1766.22,1766.24,124.81
1783227660000,1766.24,1766.24,1765.61,1765.8,276.98
1783227720000,1765.79,1766.45,1765.26,1765.27,96.42
1783227780000,1765.26,1765.83,1765.03,1765.25,131.5
1783227840000,1765.26,1765.66,1765.24,1765.66,55.19
1783227900000,1765.66,1766.98,1765.51,1766.48,61.52
1783227960000,1766.49,1766.49,1764.6,1764.69,66.56
1783228020000,1764.68,1764.91,1764.26,1764.5,271.78
1783228080000,1764.5,1764.67,1764.36,1764.66,44.82
1783228140000,1764.67,1764.75,1764.36,1764.67,47.72
1783228200000,1764.68,1764.91,1764.18,1764.91,28.71
1783228260000,1764.9,1765.66,1764.9,1765.14,57.59
1783228320000,1765.14,1765.34,1764.92,1765.31,26.79
1783228380000,1765.31,1765.64,1765.2,1765.31,29.13
1783228440000,1765.32,1765.32,1764.48,1764.52,97.32
1783228500000,1764.52,1764.92,1764.25,1764.91,79.33
1783228560000,1764.92,1765.22,1764.91,1765.05,234.83
1783228620000,1765.06,1765.43,1764.59,1764.8,49.03
1783228680000,1764.8,1764.8,1764.41,1764.57,146.91
1783228740000,1764.56,1765.97,1764.47,1765.37,37.49
1783228800000,1765.38,1765.64,1765.15,1765.22,41.34
1783228860000,1765.22,1765.22,1764.06,1764.06,89.54
1783228920000,1764.07,1764.07,1762.63,1762.75,255.37
1783228980000,1762.72,1763.23,1762.72,1762.97,120.12
1783229040000,1762.97,1763.17,1762.48,1762.49,171.67
1783229100000,1762.55,1763.38,1762.54,1763.32,59.2
1783229160000,1763.32,1763.7,1763.28,1763.7,31.47
1783229220000,1763.7,1764.33,1763.69,1763.88,33.29
1783229280000,1763.9,1764.21,1763.44,1764.12,50.49
1783229340000,1764.12,1765.02,1763.96,1764.01,526.52
1783229400000,1764.02,1764.95,1764.01,1764.95,56.94
1783229460000,1764.94,1766.39,1764.94,1766.02,99.86
1783229520000,1766.02,1766.23,1765.34,1765.35,23.38
1783229580000,1765.36,1765.36,1763.37,1763.93,43.46
1783229640000,1763.93,1765.09,1762.97,1764.9,240.87
1783229700000,1764.89,1765.26,1764.89,1765.03,26.66
1783229760000,1765.03,1765.03,1764.38,1764.48,115.48
1783229820000,1764.49,1764.95,1764.29,1764.3,110.75
1783229880000,1764.3,1764.53,1762.95,1763.48,68.85
1783229940000,1763.47,1763.9,1763.22,1763.29,83.69
1783230000000,1763.29,1763.29,1762.5,1762.73,47.62
1783230060000,1762.73,1762.78,1760.24,1761.35,1018.4
1783230120000,1761.34,1761.55,1759.54,1760.69,373.35
1783230180000,1760.71,1761.47,1760.71,1761.17,139.82
1783230240000,1761.18,1761.41,1760.23,1761.4,125.93
1783230300000,1761.4,1761.4,1760.99,1761.2,442.73
1783230360000,1761.21,1761.24,1761.01,1761.15,233.14
1783230420000,1761.16,1761.91,1761.06,1761.78,144.26
1783230480000,1761.77,1762.47,1761.77,1762.3,116.25
1783230540000,1762.31,1762.77,1761.47,1762.76,37.34
1783230600000,1762.75,1763.61,1762.64,1762.64,56.26
1783230660000,1762.64,1763.92,1762.64,1763.92,26.18
1783230720000,1763.92,1765.33,1763.92,1764.53,83.91
1783230780000,1764.53,1765.05,1764.4,1764.64,63.3
1783230840000,1764.65,1765.0,1764.35,1764.85,54.99
1783230900000,1764.84,1765.47,1764.69,1765.47,48.15
1783230960000,1765.46,1765.46,1764.97,1765.19,336.01
1783231020000,1765.19,1765.2,1764.35,1764.59,28.13
1783231080000,1764.59,1764.68,1764.28,1764.28,35.94
1783231140000,1764.29,1765.42,1764.03,1765.14,85.26
1783231200000,1765.24,1765.36,1764.35,1764.87,90.19
1783231260000,1764.88,1764.91,1763.08,1763.96,36.73
1783231320000,1763.97,1764.21,1763.5,1763.9,33.09
1783231380000,1763.91,1763.91,1761.81,1762.45,132.27
1783231440000,1762.45,1763.07,1762.24,1763.07,23.79
1783231500000,1763.07,1764.13,1763.06,1764.12,27.73
1783231560000,1764.13,1764.39,1763.91,1763.98,66.26
1783231620000,1763.99,1763.99,1763.03,1763.77,41.96
1783231680000,1763.78,1763.78,1762.94,1762.98,23.81
1783231740000,1762.99,1763.69,1761.93,1761.93,41.5
1783231800000,1761.84,1762.81,1761.12,1762.37,164.68
1783231860000,1762.36,1762.78,1762.3,1762.73,25.48
1783231920000,1762.72,1762.99,1762.29,1762.71,27.79
1783231980000,1762.71,1763.24,1762.33,1763.23,50.3
1783232040000,1763.22,1763.46,1763.02,1763.45,27.74
1783232100000,1763.45,1764.0,1763.12,1763.99,142.74
1783232160000,1763.91,1764.42,1762.58,1762.79,41.08
1783232220000,1762.79,1762.79,1761.93,1761.96,37.84
1783232280000,1761.96,1763.02,1761.65,1762.98,430.09
1783232340000,1762.97,1764.36,1762.97,1763.61,41.78
1783232400000,1763.62,1763.93,1763.25,1763.64,25.68
1783232460000,1763.64,1763.98,1763.48,1763.85,30.72
1783232520000,1763.84,1763.96,1762.59,1762.82,62.08
1783232580000,1762.82,1763.02,1762.39,1762.93,29.72
1783232640000,1762.93,1763.07,1762.88,1762.91,22.46
1783232700000,1762.91,1762.98,1762.45,1762.94,41.59
1783232760000,1762.93,1763.31,1762.85,1763.1,44.45
1783232820000,1763.1,1763.35,1763.01,1763.34,127.87
1783232880000,1763.34,1763.72,1763.28,1763.71,33.47
1783232940000,1763.7,1764.31,1763.67,1764.28,1157.83
1783233000000,1764.29,1764.29,1763.95,1763.97,79.83
1783233060000,1763.97,1764.31,1763.7,1764.27,33.53
1783233120000,1764.26,1765.65,1764.23,1765.64,84.38
1783233180000,1765.65,1766.8,1765.52,1766.25,42.51
1783233240000,1766.26,1767.55,1765.98,1767.32,932.66
1783233300000,1767.31,1767.31,1765.66,1765.66,95.72
1783233360000,1765.66,1766.09,1765.6,1765.78,41.27
1783233420000,1765.77,1765.78,1764.65,1764.71,27.16
1783233480000,1764.67,1764.68,1764.07,1764.54,42.21
1783233540000,1764.53,1765.38,1764.53,1764.96,25.07
1783233600000,1764.95,1764.96,1764.47,1764.53,24.03
1783233660000,1764.52,1764.89,1764.52,1764.82,84.25
1783233720000,1764.84,1765.27,1764.69,1765.27,114.68
1783233780000,1765.26,1765.34,1765.19,1765.26,114.48
1783233840000,1765.27,1765.4,1764.65,1764.65,37.06
1783233900000,1764.65,1764.66,1763.83,1764.42,24.48
1783233960000,1764.44,1764.88,1764.42,1764.77,98.43
1783234020000,1764.77,1765.16,1764.75,1765.15,22.87
1783234080000,1765.15,1765.42,1764.98,1765.06,21.09
1783234140000,1765.05,1765.06,1764.02,1764.46,20.19
1783234200000,1764.43,1764.44,1763.26,1763.26,27.36
1783234260000,1763.25,1763.85,1762.57,1762.9,27.12
1783234320000,1762.9,1763.49,1762.89,1763.11,42.23
1783234380000,1763.11,1763.94,1763.1,1763.93,23.74
1783234440000,1763.93,1763.94,1763.87,1763.87,22.24
1783234500000,1763.87,1764.82,1763.87,1764.39,22.91
1783234560000,1764.3,1764.56,1764.1,1764.29,93.44
1783234620000,1764.28,1764.28,1764.01,1764.01,22.05
1783234680000,1764.01,1764.02,1763.59,1763.72,23.47
1783234740000,1763.76,1764.04,1763.73,1763.91,38.79
1783234800000,1763.91,1764.36,1763.9,1764.27,34.07
1783234860000,1764.26,1764.37,1763.87,1764.36,54.62
1783234920000,1764.35,1764.83,1764.32,1764.32,37.49
1783234980000,1764.33,1764.6,1764.0,1764.0,31.03
1783235040000,1764.0,1764.13,1763.6,1763.78,35.45
1783235100000,1763.78,1764.62,1763.78,1764.36,24.64
1783235160000,1764.31,1764.31,1763.77,1763.82,28.02
1783235220000,1763.82,1764.06,1763.45,1764.04,43.81
1783235280000,1764.03,1764.04,1763.55,1763.82,23.62
1783235340000,1763.81,1763.92,1763.6,1763.6,18.34
1783235400000,1763.6,1763.6,1762.61,1762.94,30.04
1783235460000,1762.94,1763.44,1762.93,1763.13,100.11
1783235520000,1763.13,1763.29,1762.94,1763.28,81.17
1783235580000,1763.28,1763.54,1762.81,1762.88,25.53
1783235640000,1762.89,1762.95,1762.41,1762.42,153.75
1783235700000,1762.4,1762.41,1761.13,1761.61,171.02
1783235760000,1761.61,1762.37,1761.6,1762.18,49.77
1783235820000,1762.17,1762.88,1762.17,1762.74,62.23
1783235880000,1762.74,1763.16,1762.74,1762.89,610.66
1783235940000,1762.89,1763.34,1762.2,1762.75,105.45
1783236000000,1762.74,1762.74,1761.32,1761.32,110.32
1783236060000,1761.33,1761.53,1761.02,1761.07,41.15
1783236120000,1761.07,1764.5,1761.07,1763.29,3303.45
1783236180000,1763.29,1764.32,1763.29,1763.92,53.08
1783236240000,1763.93,1764.22,1763.62,1764.21,249.87
1783236300000,1764.21,1764.56,1763.87,1763.98,250.18
1783236360000,1763.98,1763.98,1762.16,1762.22,635.73
1783236420000,1762.23,1762.23,1761.71,1761.94,80.15
1783236480000,1761.93,1762.59,1761.72,1762.52,24.46
1783236540000,1762.53,1762.53,1762.15,1762.32,237.29
1783236600000,1762.32,1763.35,1762.32,1763.2,257.84
1783236660000,1763.19,1764.5,1763.19,1764.31,37.69
1783236720000,1764.38,1764.39,1763.82,1763.98,462.25
1783236780000,1763.99,1765.31,1763.99,1765.15,261.06
1783236840000,1765.15,1765.17,1764.82,1765.12,37.5
1783236900000,1765.15,1766.33,1765.15,1766.02,489.68
1783236960000,1766.03,1766.03,1765.22,1765.6,40.32
1783237020000,1765.68,1766.82,1765.6,1766.3,58.07
1783237080000,1766.29,1766.59,1765.99,1766.23,48.35
1783237140000,1766.24,1766.39,1765.91,1766.39,122.1
1783237200000,1766.39,1766.9,1766.21,1766.89,27.07
1783237260000,1766.89,1767.1,1765.93,1765.93,64.17
1783237320000,1765.93,1766.68,1765.93,1766.58,45.77
1783237380000,1766.57,1767.91,1766.32,1767.24,107.7
1783237440000,1767.24,1767.24,1766.81,1766.82,122.89
1783237500000,1766.82,1766.82,1765.92,1766.78,117.58
1783237560000,1766.79,1767.08,1766.51,1766.69,81.62
1783237620000,1766.69,1766.69,1765.72,1765.72,70.77
1783237680000,1765.64,1765.99,1765.3,1765.9,21.9
1783237740000,1765.9,1766.47,1765.89,1766.4,58.77
1783237800000,1766.41,1767.4,1766.37,1767.04,71.38
1783237860000,1767.04,1768.39,1766.8,1768.05,145.58
1783237920000,1768.04,1768.39,1767.83,1767.92,135.01
1783237980000,1767.93,1768.95,1767.71,1768.81,152.04
1783238040000,1768.81,1769.36,1768.73,1768.88,101.08
1783238100000,1768.87,1768.88,1768.27,1768.83,78.5
1783238160000,1768.82,1769.11,1768.82,1769.08,27.35
1783238220000,1769.08,1769.56,1769.08,1769.49,130.2
1783238280000,1769.46,1771.49,1769.45,1771.4,371.13
1783238340000,1771.41,1771.41,1769.13,1769.18,169.06
1783238400000,1769.18,1770.11,1768.53,1770.1,200.69
1783238460000,1770.1,1772.22,1769.59,1770.48,399.74
1783238520000,1770.48,1770.98,1769.93,1770.91,81.03
1783238580000,1770.91,1770.92,1769.79,1770.1,144.69
1783238640000,1770.01,1770.09,1768.66,1768.92,157.55
1783238700000,1768.92,1768.92,1767.53,1767.7,95.19
1783238760000,1767.7,1768.42,1767.47,1768.04,65.03
1783238820000,1768.04,1768.04,1767.62,1767.7,42.45
1783238880000,1767.69,1768.24,1767.69,1767.95,23.19
1783238940000,1767.96,1768.03,1767.27,1768.03,35.97
1783239000000,1768.03,1768.36,1767.53,1767.53,75.85
1783239060000,1767.54,1767.54,1766.02,1766.9,340.88
1783239120000,1766.86,1767.86,1766.86,1767.85,56.49
1783239180000,1767.85,1768.82,1767.83,1768.57,102.2
1783239240000,1768.56,1768.69,1767.96,1768.28,41.98
1783239300000,1768.28,1768.63,1768.28,1768.58,105.04
1783239360000,1768.59,1769.47,1768.55,1768.6,73.8
1783239420000,1768.56,1768.57,1766.76,1766.88,95.6
1783239480000,1766.96,1767.49,1766.86,1767.08,52.14
1783239540000,1767.09,1767.47,1767.08,1767.3,33.2
1783239600000,1767.34,1767.78,1767.33,1767.71,26.63
1783239660000,1767.71,1768.03,1767.7,1767.87,54.7
1783239720000,1767.87,1767.9,1767.21,1767.57,31.7
1783239780000,1767.57,1767.72,1767.15,1767.43,28.33
1783239840000,1767.43,1767.44,1767.01,1767.02,38.89
1783239900000,1767.01,1767.09,1766.94,1766.95,39.99
1783239960000,1766.96,1767.13,1766.77,1767.01,31.01
1783240020000,1767.02,1767.02,1765.83,1766.0,110.36
1783240080000,1766.01,1766.29,1765.84,1766.23,58.19
1783240140000,1766.23,1766.66,1766.23,1766.49,37.18
1783240200000,1766.49,1767.66,1766.48,1767.6,172.36
1783240260000,1767.59,1768.5,1767.59,1768.4,37.11
1783240320000,1768.41,1768.89,1768.37,1768.64,37.03
1783240380000,1768.77,1768.77,1767.36,1767.48,53.52
1783240440000,1767.49,1767.93,1767.27,1767.44,32.59
1783240500000,1767.43,1767.65,1767.41,1767.64,26.36
1783240560000,1767.65,1767.65,1765.69,1766.67,152.22
1783240620000,1766.67,1767.25,1765.86,1766.45,59.62
1783240680000,1766.45,1767.24,1766.23,1767.05,55.2
1783240740000,1767.04,1767.59,1766.6,1766.61,22.84
1783240800000,1766.61,1766.61,1766.39,1766.47,22.62
1783240860000,1766.47,1767.31,1766.47,1767.22,72.8
1783240920000,1767.17,1767.36,1766.86,1767.11,24.36
1783240980000,1767.11,1767.17,1766.87,1766.94,21.27
1783241040000,1766.94,1767.23,1766.88,1766.95,24.52
1783241100000,1766.95,1768.08,1766.94,1768.03,56.86
1783241160000,1768.03,1768.43,1767.92,1768.2,27.27
1783241220000,1768.21,1768.25,1767.83,1768.24,32.86
1783241280000,1768.24,1768.62,1767.92,1768.59,53.64
1783241340000,1768.59,1769.34,1768.59,1768.68,63.68
1783241400000,1768.68,1768.68,1766.97,1766.97,22.48
1783241460000,1766.95,1766.95,1766.08,1766.2,256.38
1783241520000,1766.2,1767.02,1766.2,1767.0,37.43
1783241580000,1767.0,1767.19,1766.79,1766.79,82.94
1783241640000,1766.79,1767.54,1766.79,1767.25,20.37
1783241700000,1767.25,1767.5,1767.01,1767.01,336.43
1783241760000,1767.01,1767.01,1766.37,1766.96,27.59
1783241820000,1766.96,1767.14,1766.89,1767.04,42.27
1783241880000,1767.04,1767.21,1767.01,1767.09,48.12
1783241940000,1767.09,1767.48,1766.74,1766.75,37.87
1783242000000,1766.74,1766.93,1766.25,1766.25,74.63
1783242060000,1766.25,1766.26,1765.64,1765.69,81.51
1783242120000,1765.69,1766.3,1765.69,1766.03,49.64
1783242180000,1766.03,1766.03,1765.43,1765.65,40.59
1783242240000,1765.64,1765.65,1765.44,1765.53,29.81
1783242300000,1765.52,1766.71,1765.33,1766.52,49.94
1783242360000,1766.52,1766.52,1765.89,1766.09,38.7
1783242420000,1766.09,1766.57,1766.05,1766.11,22.83
1783242480000,1766.11,1766.42,1766.1,1766.41,53.92
1783242540000,1766.42,1766.86,1766.25,1766.86,61.32
1783242600000,1766.85,1766.96,1765.58,1765.59,59.98
1783242660000,1765.58,1765.85,1765.28,1765.84,70.3
1783242720000,1765.85,1765.95,1765.83,1765.94,62.73
1783242780000,1765.94,1765.97,1765.94,1765.97,28.57
1783242840000,1765.96,1765.97,1765.1,1765.51,29.4
1783242900000,1765.5,1765.8,1765.5,1765.54,42.36
1783242960000,1765.53,1765.98,1765.53,1765.88,22.61
1783243020000,1765.87,1766.44,1765.87,1766.44,28.03
1783243080000,1766.44,1766.44,1765.29,1765.39,73.87
1783243140000,1765.39,1766.08,1765.36,1765.99,67.49
1783243200000,1766.0,1766.3,1765.26,1765.3,34.16
1783243260000,1765.3,1765.31,1763.85,1764.53,369.43
1783243320000,1764.53,1764.6,1763.11,1763.11,104.05
1783243380000,1763.1,1763.5,1762.47,1762.79,110.59
1783243440000,1762.72,1762.72,1761.82,1762.27,101.37
1783243500000,1762.28,1762.73,1761.95,1762.27,158.53
1783243560000,1762.27,1762.8,1762.27,1762.63,89.92
1783243620000,1762.63,1762.63,1760.84,1761.04,408.01
1783243680000,1761.04,1761.08,1760.23,1760.33,404.39
1783243740000,1760.33,1760.77,1760.32,1760.41,72.98
1783243800000,1760.41,1760.68,1760.4,1760.64,145.48
1783243860000,1760.67,1761.87,1760.18,1760.26,347.41
1783243920000,1760.27,1761.04,1760.02,1760.11,109.31
1783243980000,1760.01,1760.95,1759.97,1760.93,1857.33
1783244040000,1760.93,1760.93,1759.79,1759.84,55.74
1783244100000,1759.85,1760.8,1759.84,1760.8,65.83
1783244160000,1760.79,1761.46,1760.7,1760.8,251.28
1783244220000,1760.79,1760.89,1760.49,1760.75,79.62
1783244280000,1760.76,1760.76,1758.11,1758.4,702.42
1783244340000,1758.41,1759.49,1752.5,1753.71,3807.53
1783244400000,1753.72,1756.14,1752.46,1753.21,502.71
1783244460000,1753.32,1754.63,1752.28,1753.28,502.88
1783244520000,1753.28,1754.61,1751.41,1752.33,714.31
1783244580000,1752.24,1752.35,1748.53,1749.36,1498.69
1783244640000,1749.36,1752.35,1749.01,1751.54,802.84
1783244700000,1751.66,1753.48,1749.78,1753.48,461.79
1783244760000,1753.53,1753.56,1752.28,1752.78,747.16
1783244820000,1752.79,1754.09,1752.78,1753.36,346.84
1783244880000,1753.36,1753.69,1753.02,1753.69,54.41
1783244940000,1753.68,1753.88,1753.03,1753.42,146.84
1783245000000,1753.24,1754.6,1753.12,1754.6,150.37
1783245060000,1754.72,1755.48,1754.17,1754.17,197.67
1783245120000,1754.13,1754.74,1754.13,1754.27,85.32
1783245180000,1754.3,1755.0,1754.3,1755.0,54.59
1783245240000,1754.99,1755.93,1754.0,1755.38,77.88
1783245300000,1755.38,1756.83,1755.38,1756.34,817.33
1783245360000,1756.34,1757.3,1756.22,1757.22,421.75
1783245420000,1757.22,1757.52,1756.61,1757.5,574.47
1783245480000,1757.51,1757.6,1756.8,1757.6,37.63
1783245540000,1757.6,1757.99,1756.91,1757.26,1325.95
1783245600000,1757.26,1757.26,1755.0,1755.8,702.04
1783245660000,1755.8,1756.75,1755.59,1755.81,636.75
1783245720000,1755.82,1755.82,1754.18,1755.03,869.81
1783245780000,1755.03,1756.65,1754.74,1756.64,249.53
1783245840000,1756.64,1757.99,1756.64,1757.78,137.57
1783245900000,1757.79,1757.79,1756.68,1756.71,130.59
1783245960000,1756.71,1758.0,1756.26,1758.0,256.15
1783246020000,1758.0,1758.39,1756.72,1758.03,78.24
1783246080000,1758.03,1758.3,1757.02,1757.02,34.23
1783246140000,1757.02,1757.98,1756.97,1757.91,152.7
1783246200000,1757.94,1758.93,1757.81,1758.92,138.19
1783246260000,1758.92,1760.0,1758.78,1759.79,509.67
1783246320000,1759.8,1759.8,1759.17,1759.23,277.0
1783246380000,1759.23,1759.52,1759.23,1759.33,37.74
1783246440000,1759.26,1759.27,1758.33,1758.37,217.72
1783246500000,1758.37,1758.37,1758.16,1758.33,59.14
1783246560000,1758.34,1758.34,1756.83,1757.77,50.45
1783246620000,1757.77,1758.25,1757.75,1757.88,44.68
1783246680000,1757.88,1758.74,1757.88,1758.74,42.35
1783246740000,1758.74,1759.41,1758.73,1759.41,81.58
1783246800000,1759.4,1761.28,1759.4,1760.97,337.78
1783246860000,1760.97,1760.99,1760.29,1760.56,156.97
1783246920000,1760.57,1760.9,1760.53,1760.74,1212.69
1783246980000,1760.73,1760.74,1759.25,1759.49,69.68
1783247040000,1759.48,1759.52,1759.42,1759.42,106.12
1783247100000,1759.42,1759.43,1758.36,1758.58,107.48
1783247160000,1758.57,1758.87,1758.57,1758.67,41.57
1783247220000,1758.67,1758.86,1757.76,1757.98,51.32
1783247280000,1757.98,1758.47,1757.86,1758.05,40.83
1783247340000,1758.05,1758.11,1758.04,1758.1,28.91
1783247400000,1758.1,1759.61,1758.09,1759.61,29.94
1783247460000,1759.67,1759.87,1757.91,1757.92,32.25
1783247520000,1757.93,1758.09,1757.65,1758.04,35.48
1783247580000,1758.04,1758.04,1757.66,1757.81,51.21
1783247640000,1757.81,1758.28,1757.81,1758.13,42.01
1783247700000,1758.13,1758.8,1758.12,1758.61,21.76
1783247760000,1758.62,1758.79,1758.28,1758.78,23.9
1783247820000,1758.79,1758.99,1758.78,1758.99,22.56
1783247880000,1758.99,1759.68,1758.94,1758.95,25.15
1783247940000,1758.95,1758.95,1758.57,1758.57,429.66
1783248000000,1758.57,1758.66,1758.0,1758.66,35.8
1783248060000,1758.65,1758.92,1758.57,1758.59,12.65
1783248120000,1758.59,1758.64,1758.26,1758.55,29.18
1783248180000,1758.56,1758.68,1758.55,1758.67,27.0
1783248240000,1758.67,1758.84,1758.5,1758.61,63.3
1783248300000,1758.64,1759.0,1758.39,1758.39,83.85
1783248360000,1758.4,1759.0,1758.39,1759.0,20.1
1783248420000,1758.99,1759.91,1758.99,1759.39,163.0
1783248480000,1759.39,1759.72,1759.13,1759.25,38.74
1783248540000,1759.25,1760.27,1759.24,1759.91,171.2
1783248600000,1759.9,1760.41,1759.9,1760.41,109.51
1783248660000,1760.41,1760.48,1759.49,1759.62,51.26
1783248720000,1759.63,1759.63,1759.13,1759.59,39.97
1783248780000,1759.59,1760.04,1759.57,1760.03,35.31
1783248840000,1760.03,1760.56,1760.03,1760.28,1083.71
1783248900000,1760.28,1760.73,1760.28,1760.45,62.44
1783248960000,1760.46,1760.6,1759.82,1760.27,32.46
1783249020000,1760.29,1761.0,1760.28,1760.49,42.2
1783249080000,1760.49,1761.08,1760.48,1760.94,52.92
1783249140000,1760.95,1760.95,1760.4,1760.74,37.85
1783249200000,1760.75,1763.7,1760.74,1763.62,974.93
1783249260000,1763.66,1764.43,1761.8,1761.91,307.82
1783249320000,1761.91,1761.92,1760.7,1761.88,1165.06
1783249380000,1761.87,1763.75,1761.87,1762.92,158.84
1783249440000,1762.93,1762.93,1760.78,1760.78,105.94
1783249500000,1760.78,1762.02,1760.78,1761.59,85.84
1783249560000,1761.59,1762.37,1761.52,1762.25,67.39
1783249620000,1762.26,1762.46,1762.04,1762.07,39.25
1783249680000,1762.07,1762.57,1761.95,1762.51,100.25
1783249740000,1762.51,1762.68,1762.39,1762.68,43.5
1783249800000,1762.67,1762.69,1762.06,1762.58,46.78
1783249860000,1762.58,1762.78,1762.24,1762.77,33.0
1783249920000,1762.73,1763.66,1762.52,1763.37,56.54
1783249980000,1763.36,1763.4,1762.42,1762.94,123.75
1783250040000,1762.94,1763.4,1762.94,1763.07,51.47
1783250100000,1763.07,1763.07,1761.98,1762.11,38.89
1783250160000,1762.12,1762.43,1761.08,1761.13,79.74
1783250220000,1761.13,1761.71,1761.13,1761.47,42.92
1783250280000,1761.48,1761.48,1760.96,1761.37,45.28
1783250340000,1761.36,1762.01,1761.36,1761.73,43.06
1783250400000,1761.74,1761.99,1761.71,1761.92,38.49
1783250460000,1761.91,1762.35,1761.72,1761.92,38.74
1783250520000,1761.78,1761.78,1759.75,1759.78,195.37
1783250580000,1759.77,1759.88,1758.88,1759.1,223.18
1783250640000,1759.1,1759.3,1758.29,1758.78,910.82
1783250700000,1758.78,1759.19,1758.67,1759.18,24.41
1783250760000,1759.19,1759.19,1758.53,1758.53,133.14
1783250820000,1758.53,1759.03,1758.28,1759.03,318.29
1783250880000,1759.03,1759.17,1758.76,1759.09,39.05
1783250940000,1759.1,1759.31,1758.44,1758.45,93.28
1783251000000,1758.21,1758.34,1757.9,1758.09,703.32
1783251060000,1758.09,1759.77,1758.01,1759.41,886.51
1783251120000,1759.41,1759.99,1758.85,1759.99,29.57
1783251180000,1759.99,1761.0,1759.99,1760.99,48.05
1783251240000,1760.99,1761.41,1760.61,1760.88,559.22
1783251300000,1760.87,1761.35,1760.87,1761.35,46.27
1783251360000,1761.35,1761.57,1761.33,1761.33,61.63
1783251420000,1761.33,1761.34,1760.74,1761.01,32.8
1783251480000,1761.02,1761.59,1760.79,1760.85,24.41
1783251540000,1760.86,1761.45,1760.85,1761.16,28.82
1783251600000,1761.16,1761.16,1760.27,1760.58,37.37
1783251660000,1760.57,1760.83,1760.57,1760.83,109.17
1783251720000,1760.82,1760.88,1760.69,1760.7,20.19
1783251780000,1760.69,1760.7,1760.38,1760.48,30.43
1783251840000,1760.47,1761.04,1760.47,1760.78,29.52
1783251900000,1760.69,1760.97,1760.24,1760.24,34.43
1783251960000,1760.25,1761.3,1760.02,1761.3,30.09
1783252020000,1761.29,1762.13,1761.29,1761.31,225.65
1783252080000,1761.3,1761.76,1761.08,1761.11,54.54
1783252140000,1761.12,1761.12,1759.69,1759.81,57.49
1783252200000,1759.8,1760.56,1759.8,1760.39,23.02
1783252260000,1760.39,1760.73,1760.25,1760.44,33.97
1783252320000,1760.45,1760.45,1759.58,1759.75,30.68
1783252380000,1759.75,1760.08,1759.44,1759.44,26.58
1783252440000,1759.45,1759.45,1759.0,1759.14,48.12
1783252500000,1759.14,1759.33,1758.71,1759.32,42.71
1783252560000,1759.32,1759.84,1759.24,1759.68,28.22
1783252620000,1759.67,1759.68,1758.31,1759.63,27.14
1783252680000,1759.63,1759.96,1759.63,1759.93,49.9
1783252740000,1759.94,1759.95,1759.0,1759.34,40.17
1783252800000,1759.33,1759.35,1757.89,1758.63,68.57
1783252860000,1758.63,1758.63,1757.18,1757.35,75.69
1783252920000,1757.34,1757.78,1757.3,1757.78,171.51
1783252980000,1757.78,1757.8,1755.7,1755.7,845.01
1783253040000,1755.7,1756.96,1755.26,1756.44,113.29
1783253100000,1756.44,1757.57,1756.19,1757.32,164.26
1783253160000,1757.32,1757.94,1757.29,1757.94,127.35
1783253220000,1757.93,1758.51,1757.86,1758.45,78.49
1783253280000,1758.44,1758.45,1758.15,1758.24,24.21
1783253340000,1758.25,1758.25,1757.08,1757.4,130.99
1783253400000,1757.39,1758.27,1757.39,1758.25,57.96
1783253460000,1758.26,1758.62,1757.92,1758.61,36.79
1783253520000,1758.61,1759.42,1758.61,1759.12,48.02
1783253580000,1759.12,1759.44,1759.12,1759.42,190.26
1783253640000,1759.42,1759.9,1759.05,1759.24,476.0
1783253700000,1759.24,1761.24,1759.24,1761.15,210.74
1783253760000,1761.14,1762.0,1760.64,1760.77,109.86
1783253820000,1760.77,1761.4,1760.29,1760.29,40.95
1783253880000,1760.28,1760.81,1759.87,1760.36,44.65
1783253940000,1760.37,1760.82,1760.13,1760.74,38.16
1783254000000,1760.74,1761.37,1760.39,1761.3,42.32
1783254060000,1761.3,1761.94,1760.83,1761.93,91.91
1783254120000,1761.94,1763.56,1761.93,1763.56,554.75
1783254180000,1763.55,1763.57,1762.32,1762.81,35.46
1783254240000,1762.81,1764.33,1762.67,1764.02,390.81
1783254300000,1764.02,1766.11,1764.01,1764.97,890.07
1783254360000,1764.98,1765.98,1764.9,1765.14,81.53
1783254420000,1765.15,1765.15,1763.34,1763.66,145.68
1783254480000,1763.66,1764.33,1763.65,1764.12,89.37
1783254540000,1764.13,1765.42,1764.11,1765.32,70.18
1783254600000,1765.32,1766.58,1764.78,1765.62,522.28
1783254660000,1765.51,1768.76,1765.3,1768.04,1811.62
1783254720000,1768.04,1768.04,1765.24,1765.68,153.06
1783254780000,1765.68,1765.88,1764.03,1764.04,111.87
1783254840000,1764.0,1764.48,1763.37,1763.74,316.67
1783254900000,1763.75,1764.79,1763.61,1764.78,137.94
1783254960000,1764.79,1765.43,1763.76,1765.02,67.66
1783255020000,1765.02,1765.83,1764.79,1765.22,131.46
1783255080000,1765.22,1765.94,1765.03,1765.7,47.72
1783255140000,1765.69,1765.7,1764.39,1764.4,53.2
1783255200000,1764.39,1764.48,1763.08,1763.45,191.3
1783255260000,1763.44,1764.0,1763.21,1763.51,79.56
1783255320000,1763.52,1763.77,1763.4,1763.7,32.43
1783255380000,1763.7,1763.71,1763.41,1763.56,96.88
1783255440000,1763.56,1763.81,1763.51,1763.79,41.39
1783255500000,1763.79,1764.39,1763.68,1764.21,86.83
1783255560000,1764.2,1764.98,1764.14,1764.7,29.32
1783255620000,1764.7,1765.06,1764.5,1765.06,67.77
1783255680000,1765.05,1765.06,1764.81,1764.86,47.67
1783255740000,1764.86,1765.14,1764.35,1764.83,59.14
1783255800000,1764.83,1764.84,1763.31,1763.67,31.25
1783255860000,1763.68,1764.05,1763.28,1764.0,23.69
1783255920000,1764.0,1764.5,1763.99,1764.09,25.66
1783255980000,1764.08,1764.46,1764.08,1764.22,31.37
1783256040000,1764.23,1764.64,1764.22,1764.57,20.43
1783256100000,1764.58,1764.58,1764.23,1764.31,52.56
1783256160000,1764.3,1764.34,1763.67,1763.69,61.54
1783256220000,1763.69,1764.18,1763.69,1764.13,27.46
1783256280000,1764.13,1764.13,1763.86,1764.08,41.5
1783256340000,1764.09,1764.4,1764.07,1764.17,188.43
1783256400000,1764.17,1764.18,1763.29,1763.32,42.75
1783256460000,1763.31,1763.4,1762.34,1762.67,151.61
1783256520000,1762.57,1764.86,1762.48,1764.52,67.15
1783256580000,1764.51,1764.52,1763.44,1763.67,53.28
1783256640000,1763.67,1764.29,1763.67,1764.16,26.13
1783256700000,1764.15,1765.35,1763.8,1765.26,136.25
1783256760000,1765.26,1765.37,1765.02,1765.3,309.13
1783256820000,1765.29,1765.71,1764.83,1765.26,144.7
1783256880000,1765.26,1766.11,1764.71,1766.04,92.74
1783256940000,1766.04,1766.87,1764.82,1765.12,151.22
1783257000000,1765.13,1765.71,1764.9,1765.23,47.14
1783257060000,1765.23,1765.23,1765.04,1765.05,47.16
1783257120000,1765.05,1765.26,1764.7,1765.25,41.24
1783257180000,1765.26,1765.68,1764.7,1764.79,106.6
1783257240000,1764.79,1765.23,1764.44,1764.44,26.91
1783257300000,1764.43,1764.44,1763.35,1763.36,231.96
1783257360000,1763.35,1764.44,1763.03,1764.2,53.44
1783257420000,1764.2,1764.21,1763.59,1763.94,50.9
1783257480000,1763.94,1764.92,1763.93,1764.78,34.17
1783257540000,1764.79,1764.86,1764.26,1764.85,41.02
1783257600000,1764.86,1765.0,1764.86,1764.89,98.73
1783257660000,1764.9,1765.16,1764.82,1765.05,31.25
1783257720000,1765.05,1765.05,1763.7,1763.86,28.73
1783257780000,1763.86,1764.43,1763.86,1764.08,155.63
1783257840000,1764.09,1765.07,1763.94,1763.95,33.58
1783257900000,1763.96,1764.53,1763.96,1764.21,68.42
1783257960000,1764.21,1764.21,1763.17,1763.46,59.43
1783258020000,1763.43,1763.44,1760.71,1761.37,295.04
1783258080000,1761.37,1762.99,1761.37,1762.84,57.99
1783258140000,1762.85,1762.87,1762.68,1762.73,116.16
1783258200000,1762.71,1762.87,1761.91,1762.87,134.88
1783258260000,1762.86,1763.41,1762.81,1762.88,251.21
1783258320000,1762.88,1763.05,1762.54,1763.04,65.63
1783258380000,1763.05,1763.05,1762.17,1762.22,48.81
1783258440000,1762.23,1762.89,1762.21,1762.38,64.08
1783258500000,1762.38,1762.66,1762.18,1762.4,44.43
1783258560000,1762.41,1762.41,1761.77,1761.92,28.3
1783258620000,1761.91,1762.69,1761.91,1762.59,30.18
1783258680000,1762.6,1763.11,1762.59,1763.07,27.25
1783258740000,1763.07,1763.08,1762.59,1762.81,56.76
1783258800000,1762.81,1763.4,1762.7,1763.34,50.51
1783258860000,1763.33,1763.66,1763.33,1763.46,36.47
1783258920000,1763.46,1764.07,1763.44,1764.02,32.37
1783258980000,1764.03,1764.32,1764.02,1764.17,32.4
1783259040000,1764.17,1764.39,1764.12,1764.39,26.41
1783259100000,1764.39,1766.24,1764.39,1766.24,384.28
1783259160000,1766.24,1766.24,1765.18,1765.34,52.62
1783259220000,1765.34,1765.87,1765.12,1765.18,87.67
1783259280000,1765.18,1765.42,1764.38,1764.62,32.48
1783259340000,1764.62,1765.64,1764.62,1765.44,37.72
1783259400000,1765.36,1765.37,1764.48,1765.13,84.63
1783259460000,1765.14,1765.65,1764.74,1764.78,169.98
1783259520000,1764.78,1765.6,1764.5,1765.04,105.06
1783259580000,1765.05,1765.67,1765.04,1765.57,24.24
1783259640000,1765.57,1765.58,1765.44,1765.48,98.27
1783259700000,1765.49,1765.52,1765.16,1765.38,30.02
1783259760000,1765.38,1765.39,1765.05,1765.12,52.15
1783259820000,1765.12,1765.16,1765.01,1765.02,23.41
1783259880000,1765.02,1765.14,1764.59,1765.14,33.38
1783259940000,1765.13,1765.57,1765.13,1765.56,64.75
1783260000000,1765.56,1765.62,1765.36,1765.62,41.81
1783260060000,1765.61,1767.03,1765.41,1766.48,146.53
1783260120000,1766.42,1767.0,1765.71,1765.91,147.02
1783260180000,1765.91,1765.91,1764.05,1764.56,41.13
1783260240000,1764.51,1765.2,1764.24,1764.97,33.51
1783260300000,1764.97,1766.05,1764.96,1766.05,146.69
1783260360000,1766.05,1766.86,1766.04,1766.65,31.42
1783260420000,1766.7,1766.7,1765.47,1765.58,43.78
1783260480000,1765.58,1766.86,1765.43,1766.85,32.04
1783260540000,1766.85,1766.85,1766.15,1766.38,26.49
1783260600000,1766.49,1767.94,1765.96,1767.57,56.58
1783260660000,1767.39,1767.39,1766.45,1767.01,112.27
1783260720000,1767.01,1767.04,1765.86,1765.86,39.45
1783260780000,1765.83,1767.1,1765.83,1766.92,28.36
1783260840000,1766.91,1766.94,1766.64,1766.73,26.12
1783260900000,1766.69,1766.72,1766.22,1766.54,21.19
1783260960000,1766.54,1767.17,1765.75,1765.93,52.24
1783261020000,1765.92,1766.58,1765.85,1766.1,72.55
1783261080000,1766.1,1766.18,1765.7,1766.1,20.53
1783261140000,1766.09,1766.1,1764.44,1764.67,88.54
1783261200000,1764.67,1765.09,1764.4,1765.08,78.38
1783261260000,1765.09,1765.79,1764.95,1765.61,222.57
1783261320000,1765.61,1766.07,1765.55,1765.56,22.03
1783261380000,1765.56,1765.66,1764.98,1765.66,26.58
1783261440000,1765.65,1766.41,1765.65,1766.03,23.09
1783261500000,1766.11,1766.55,1766.02,1766.4,39.62
1783261560000,1766.4,1766.49,1766.19,1766.27,38.29
1783261620000,1766.28,1766.64,1766.04,1766.6,26.85
1783261680000,1766.58,1766.58,1765.93,1766.08,24.3
1783261740000,1766.07,1766.7,1766.07,1766.46,21.53
1783261800000,1766.49,1766.65,1766.48,1766.62,41.06
1783261860000,1766.62,1766.99,1766.07,1766.13,34.36
1783261920000,1766.13,1766.13,1764.62,1764.73,49.56
1783261980000,1764.73,1765.69,1764.73,1764.92,71.41
1783262040000,1764.93,1764.93,1764.19,1764.2,98.41
1783262100000,1764.19,1764.94,1764.1,1764.93,49.81
1783262160000,1764.94,1765.76,1764.78,1765.64,23.45
1783262220000,1765.63,1765.97,1765.11,1765.82,64.13
1783262280000,1765.82,1768.34,1765.81,1768.1,129.55
1783262340000,1768.1,1768.31,1767.23,1768.16,46.18
1783262400000,1768.15,1768.44,1767.05,1767.26,210.75
1783262460000,1767.25,1767.43,1766.92,1767.24,26.52
1783262520000,1767.24,1768.48,1767.24,1768.44,28.45
1783262580000,1768.43,1770.63,1767.73,1767.93,1381.19
1783262640000,1767.93,1768.37,1767.47,1768.0,85.2
1783262700000,1767.99,1768.42,1766.37,1766.4,74.57
1783262760000,1766.41,1766.96,1766.39,1766.69,48.86
1783262820000,1766.68,1767.16,1766.67,1767.16,35.2
1783262880000,1767.15,1767.68,1766.93,1767.66,28.89
1783262940000,1767.66,1767.74,1766.92,1766.93,561.5
1783263000000,1766.93,1767.41,1766.8,1766.98,52.09
1783263060000,1766.98,1767.25,1766.72,1767.25,24.74
1783263120000,1767.25,1767.38,1767.21,1767.3,21.33
1783263180000,1767.29,1767.76,1766.99,1767.58,61.2
1783263240000,1767.59,1767.75,1767.55,1767.55,51.1
1783263300000,1767.55,1769.13,1767.55,1769.13,66.12
1783263360000,1769.13,1770.74,1769.12,1770.47,200.08
1783263420000,1770.47,1770.48,1768.65,1770.21,86.71
1783263480000,1770.33,1771.99,1770.33,1771.44,1661.87
1783263540000,1771.41,1771.81,1770.76,1771.62,47.12
1783263600000,1771.65,1771.72,1770.61,1770.81,76.87
1783263660000,1770.79,1771.46,1770.31,1771.12,224.62
1783263720000,1771.12,1771.18,1770.83,1771.1,84.91
1783263780000,1771.11,1780.15,1771.11,1777.99,3366.85
1783263840000,1778.42,1778.91,1775.33,1776.26,918.62
1783263900000,1776.2,1776.22,1774.5,1775.37,250.6
1783263960000,1775.37,1777.57,1775.17,1777.36,314.66
1783264020000,1777.5,1778.83,1777.46,1777.84,182.57
1783264080000,1777.84,1777.97,1776.49,1776.62,294.3
1783264140000,1776.63,1776.67,1775.16,1775.57,352.89
1783264200000,1775.57,1775.57,1774.73,1775.1,1243.61
1783264260000,1775.1,1775.46,1773.99,1774.89,70.37
1783264320000,1774.89,1774.89,1773.39,1774.43,258.23
1783264380000,1774.42,1774.58,1773.92,1773.94,181.79
1783264440000,1773.94,1774.0,1773.43,1773.69,45.95
1783264500000,1773.7,1773.7,1772.37,1773.49,176.59
1783264560000,1773.5,1774.88,1772.83,1773.79,217.64
1783264620000,1773.78,1774.21,1773.54,1773.55,39.33
1783264680000,1773.54,1774.06,1773.3,1774.01,100.92
1783264740000,1774.01,1774.01,1773.29,1773.93,46.73
1783264800000,1773.94,1775.22,1773.93,1774.37,70.02
1783264860000,1774.37,1774.65,1772.59,1773.16,168.98
1783264920000,1773.16,1773.76,1773.11,1773.11,60.38
1783264980000,1773.12,1773.27,1772.4,1773.19,79.43
1783265040000,1773.2,1773.29,1771.81,1772.36,37.56
1783265100000,1772.36,1773.58,1772.36,1773.33,34.55
1783265160000,1773.34,1773.38,1772.89,1773.32,157.31
1783265220000,1773.32,1774.27,1772.89,1774.26,134.01
1783265280000,1774.27,1774.8,1774.04,1774.12,49.13
1783265340000,1774.11,1774.14,1773.84,1773.91,39.25
1783265400000,1773.9,1775.2,1773.9,1774.98,34.46
1783265460000,1774.98,1776.17,1774.91,1776.17,53.95
1783265520000,1776.26,1776.99,1775.8,1775.85,365.83
1783265580000,1775.83,1775.83,1775.03,1775.04,81.37
1783265640000,1775.02,1775.89,1775.02,1775.47,73.83
1783265700000,1775.38,1776.42,1775.27,1776.4,28.22
1783265760000,1776.4,1777.29,1776.39,1777.24,175.33
1783265820000,1777.24,1778.02,1775.06,1775.06,1602.54
1783265880000,1775.07,1775.54,1773.34,1773.35,123.44
1783265940000,1773.35,1774.1,1773.03,1774.08,171.2
1783266000000,1774.08,1774.49,1773.71,1773.84,60.43
1783266060000,1773.84,1773.9,1772.1,1772.33,95.99
1783266120000,1772.32,1772.33,1769.94,1770.34,388.43
1783266180000,1770.34,1771.38,1770.33,1770.79,116.41
1783266240000,1770.8,1771.48,1770.56,1770.62,134.93
1783266300000,1770.62,1770.65,1769.61,1770.16,247.1
1783266360000,1770.22,1771.4,1770.22,1771.33,98.39
1783266420000,1771.32,1772.42,1771.32,1771.65,297.07
1783266480000,1771.64,1772.3,1771.21,1771.66,72.81
1783266540000,1771.66,1772.29,1771.65,1772.03,70.24
1783266600000,1772.03,1773.28,1771.98,1773.06,38.36
1783266660000,1773.07,1773.91,1772.65,1773.82,59.78
1783266720000,1773.81,1774.35,1773.11,1773.48,43.18
1783266780000,1773.49,1773.66,1772.96,1773.47,48.1
1783266840000,1773.47,1773.47,1772.9,1773.22,38.13
1783266900000,1773.23,1775.03,1773.22,1775.03,46.26
1783266960000,1775.03,1775.03,1774.26,1774.27,50.32
1783267020000,1774.27,1774.28,1773.83,1773.83,25.91
1783267080000,1773.83,1773.84,1773.14,1773.36,31.79
1783267140000,1773.36,1774.04,1773.34,1773.9,35.78
1783267200000,1773.89,1774.1,1773.3,1773.45,51.06
1783267260000,1773.46,1774.48,1773.45,1774.47,59.85
1783267320000,1774.51,1775.53,1774.51,1774.69,95.31
1783267380000,1774.69,1776.12,1774.68,1776.12,79.65
1783267440000,1776.11,1776.88,1774.43,1774.43,221.45
1783267500000,1774.3,1775.58,1774.15,1775.38,62.62
1783267560000,1775.35,1775.73,1772.99,1773.23,88.66
1783267620000,1773.24,1774.68,1773.04,1773.16,28.17
1783267680000,1773.15,1773.3,1772.66,1772.88,111.91
1783267740000,1772.85,1773.01,1772.28,1772.48,853.65
1783267800000,1772.48,1773.95,1772.48,1773.91,45.87
1783267860000,1773.91,1774.44,1773.86,1774.22,292.43
1783267920000,1774.21,1774.92,1774.21,1774.29,78.3
1783267980000,1774.29,1774.85,1773.8,1774.18,119.11
1783268040000,1774.17,1774.65,1773.21,1773.21,213.75
1783268100000,1773.18,1773.75,1773.06,1773.33,102.9
1783268160000,1773.31,1773.82,1773.06,1773.22,41.84
1783268220000,1773.22,1773.64,1772.96,1773.0,57.46
1783268280000,1773.0,1773.02,1772.13,1772.35,74.34
1783268340000,1772.34,1773.26,1772.33,1773.26,200.21
1783268400000,1773.26,1773.26,1772.48,1772.49,38.09
1783268460000,1772.49,1772.55,1771.14,1771.67,118.58
1783268520000,1771.67,1772.83,1771.65,1772.62,46.62
1783268580000,1772.59,1772.7,1772.41,1772.67,47.2
1783268640000,1772.67,1773.12,1772.67,1773.12,62.08
1783268700000,1773.18,1773.25,1772.36,1772.6,36.41
1783268760000,1772.61,1773.25,1771.86,1771.87,77.8
1783268820000,1771.86,1772.34,1771.5,1772.04,31.41
1783268880000,1772.04,1772.15,1771.91,1772.13,27.48
1783268940000,1772.14,1772.24,1770.34,1770.6,55.66
1783269000000,1770.61,1771.63,1769.67,1770.22,484.27
1783269060000,1770.21,1770.73,1770.01,1770.21,118.93
1783269120000,1770.22,1771.57,1770.01,1771.57,99.44
1783269180000,1771.57,1772.41,1771.56,1772.0,155.75
1783269240000,1772.0,1772.77,1772.0,1772.53,41.91
1783269300000,1772.53,1772.65,1771.43,1772.35,306.97
1783269360000,1772.36,1772.53,1772.03,1772.53,30.77
1783269420000,1772.52,1772.79,1771.75,1771.86,36.5
1783269480000,1771.72,1771.72,1770.69,1771.12,55.23
1783269540000,1771.13,1771.31,1770.37,1770.44,33.74
1783269600000,1770.45,1771.1,1770.44,1771.1,94.7
1783269660000,1771.09,1771.1,1770.83,1771.1,38.15
1783269720000,1771.1,1771.1,1770.15,1770.16,32.21
1783269780000,1770.15,1770.15,1769.49,1769.72,158.16
1783269840000,1769.76,1770.19,1769.76,1770.12,83.31
1783269900000,1770.12,1770.77,1770.11,1770.3,57.23
1783269960000,1770.3,1770.82,1770.13,1770.57,64.64
1783270020000,1770.58,1770.59,1770.0,1770.15,22.98
1783270080000,1770.15,1770.63,1770.1,1770.39,94.44
1783270140000,1770.39,1771.1,1770.38,1770.64,81.72
1783270200000,1770.65,1771.81,1770.46,1770.81,65.03
1783270260000,1770.81,1770.9,1770.48,1770.49,60.68
1783270320000,1770.48,1770.87,1769.66,1770.68,41.46
1783270380000,1770.67,1771.52,1770.39,1771.15,42.88
1783270440000,1771.15,1771.46,1770.98,1771.45,20.68
1783270500000,1771.45,1772.12,1771.45,1771.69,1413.91
1783270560000,1771.69,1771.9,1771.19,1771.67,43.5
1783270620000,1771.66,1772.76,1771.66,1771.92,1048.84
1783270680000,1771.93,1772.15,1771.62,1772.09,256.81
1783270740000,1772.09,1772.78,1772.04,1772.04,74.32
1783270800000,1772.04,1773.79,1772.04,1773.45,1273.9
1783270860000,1773.45,1774.0,1773.13,1773.47,85.6
1783270920000,1773.46,1774.15,1773.25,1773.33,238.95
1783270980000,1773.33,1774.37,1773.33,1773.97,67.34
1783271040000,1773.98,1775.86,1773.98,1775.85,119.85
1783271100000,1775.87,1776.31,1774.86,1775.48,433.18
1783271160000,1775.47,1775.79,1774.9,1775.4,148.9
1783271220000,1775.4,1776.31,1775.4,1775.82,279.74
1783271280000,1775.82,1776.21,1775.51,1775.97,106.87
1783271340000,1775.98,1776.31,1775.46,1775.82,41.21
1783271400000,1775.81,1776.5,1775.81,1776.02,261.33
1783271460000,1776.02,1776.12,1775.74,1775.75,29.6
1783271520000,1775.76,1775.76,1774.87,1774.87,105.93
1783271580000,1774.87,1775.78,1774.87,1775.68,40.15
1783271640000,1775.68,1775.91,1774.62,1775.86,61.64
1783271700000,1775.91,1776.12,1775.9,1776.02,59.58
1783271760000,1776.01,1776.31,1775.34,1775.35,48.82
1783271820000,1775.35,1777.44,1775.29,1777.07,217.44
1783271880000,1777.06,1777.13,1775.77,1776.02,61.61
1783271940000,1776.01,1776.13,1775.7,1775.71,45.39
1783272000000,1775.71,1776.68,1775.71,1776.36,71.99
1783272060000,1776.37,1776.4,1775.66,1775.67,62.03
1783272120000,1775.68,1784.79,1775.15,1784.65,1685.45
1783272180000,1784.61,1784.62,1781.31,1781.9,347.22
1783272240000,1781.9,1784.18,1781.75,1783.84,439.39
1783272300000,1783.85,1783.85,1779.02,1779.77,389.2
1783272360000,1779.54,1780.0,1779.27,1779.99,247.29
1783272420000,1779.99,1780.47,1779.34,1779.91,98.29
1783272480000,1779.91,1780.07,1778.15,1778.47,111.12
1783272540000,1778.47,1778.48,1777.87,1777.98,100.53
1783272600000,1777.98,1779.16,1777.75,1779.15,192.68
1783272660000,1779.14,1779.48,1778.84,1779.28,82.36
1783272720000,1779.27,1779.86,1776.96,1778.37,106.48
1783272780000,1778.4,1780.21,1778.34,1779.32,89.28
1783272840000,1779.33,1779.49,1778.96,1779.42,51.95
1783272900000,1779.42,1779.43,1778.37,1779.08,1148.53
1783272960000,1779.09,1779.95,1779.09,1779.77,62.07
1783273020000,1779.77,1781.59,1779.48,1781.37,111.14
1783273080000,1781.36,1781.51,1780.9,1781.21,30.72
1783273140000,1781.22,1781.85,1780.95,1780.95,116.62
1783273200000,1780.95,1781.26,1780.45,1780.84,49.75
1783273260000,1780.84,1781.12,1780.37,1780.64,65.13
1783273320000,1780.64,1780.64,1780.2,1780.38,37.14
1783273380000,1780.37,1780.38,1777.18,1777.4,1113.41
1783273440000,1777.4,1777.4,1775.51,1775.88,230.55
1783273500000,1775.82,1777.43,1775.6,1777.39,133.83
1783273560000,1777.39,1777.76,1776.87,1777.53,51.38
1783273620000,1777.52,1779.22,1777.52,1779.17,73.68
1783273680000,1779.18,1780.09,1779.11,1779.96,205.5
1783273740000,1779.95,1779.96,1779.12,1779.29,32.77
1783273800000,1779.3,1779.3,1778.91,1779.21,63.7
1783273860000,1779.2,1779.21,1778.05,1778.06,24.68
1783273920000,1778.06,1778.06,1776.76,1777.12,185.02
1783273980000,1777.17,1777.45,1777.17,1777.45,66.05
1783274040000,1777.44,1777.62,1776.76,1777.42,105.07
1783274100000,1777.42,1778.11,1777.35,1778.08,46.26
1783274160000,1778.07,1778.08,1777.31,1777.85,23.69
1783274220000,1777.84,1778.87,1777.82,1778.87,38.0
1783274280000,1778.86,1779.29,1778.85,1779.11,40.83
1783274340000,1779.11,1779.11,1778.55,1778.55,32.86
1783274400000,1778.55,1780.28,1778.39,1778.91,112.04
1783274460000,1778.91,1779.05,1778.07,1778.37,22.93
1783274520000,1778.37,1779.1,1778.17,1779.09,33.84
1783274580000,1779.1,1779.75,1778.78,1779.28,38.14
1783274640000,1779.27,1779.32,1778.46,1779.32,87.13
1783274700000,1779.32,1780.05,1779.29,1779.83,129.77
1783274760000,1779.83,1780.14,1779.76,1780.14,39.89
1783274820000,1780.13,1780.64,1779.29,1779.77,49.8
1783274880000,1779.76,1780.11,1778.0,1778.2,50.04
1783274940000,1778.19,1778.96,1778.19,1778.91,66.67
1783275000000,1778.92,1779.55,1778.92,1779.21,17.46
1783275060000,1779.2,1779.29,1778.8,1778.9,73.85
1783275120000,1778.89,1778.9,1777.92,1777.92,71.49
1783275180000,1777.93,1777.97,1777.86,1777.94,27.17
1783275240000,1777.94,1777.94,1776.95,1777.9,35.4
1783275300000,1777.89,1778.03,1777.86,1778.02,32.35
1783275360000,1778.02,1779.75,1778.02,1779.6,33.27
1783275420000,1779.59,1779.6,1778.0,1778.11,79.33
1783275480000,1778.11,1778.75,1778.1,1778.73,36.27
1783275540000,1778.74,1779.32,1778.51,1778.82,40.68
1783275600000,1778.82,1778.95,1778.77,1778.92,22.87
1783275660000,1778.91,1778.91,1777.99,1778.72,31.74
1783275720000,1778.72,1778.96,1778.65,1778.65,23.35
1783275780000,1778.66,1778.94,1778.16,1778.47,32.83
1783275840000,1778.47,1779.24,1778.19,1778.8,19.59
1783275900000,1778.79,1779.67,1778.78,1779.64,63.84
1783275960000,1779.65,1780.33,1779.49,1780.22,94.34
1783276020000,1780.22,1780.45,1780.05,1780.05,49.65
1783276080000,1780.04,1780.05,1779.43,1779.45,31.26
1783276140000,1779.45,1779.45,1778.7,1778.93,20.66
1783276200000,1778.92,1779.43,1778.92,1779.29,31.49
1783276260000,1779.29,1779.84,1779.29,1779.43,29.04
1783276320000,1779.43,1779.43,1778.39,1778.65,34.36
1783276380000,1778.75,1779.3,1778.38,1778.66,48.19
1783276440000,1778.65,1779.08,1778.65,1778.93,100.93
1783276500000,1778.92,1778.93,1778.0,1778.21,151.16
1783276560000,1778.21,1778.26,1778.0,1778.13,156.9
1783276620000,1778.14,1778.35,1778.13,1778.17,29.64
1783276680000,1778.17,1778.97,1778.17,1778.96,23.54
1783276740000,1778.97,1780.74,1778.97,1780.55,100.84
1783276800000,1780.54,1780.55,1779.84,1780.09,137.18
1783276860000,1780.08,1781.48,1780.08,1780.62,142.7
1783276920000,1780.63,1780.94,1780.08,1780.12,51.14
1783276980000,1780.12,1780.72,1779.87,1780.09,61.65
1783277040000,1780.1,1780.16,1779.79,1780.13,39.55
1783277100000,1780.13,1780.21,1778.95,1779.29,873.27
1783277160000,1779.28,1779.76,1779.23,1779.33,23.03
1783277220000,1779.33,1779.67,1779.19,1779.63,56.84
1783277280000,1779.62,1780.38,1779.62,1780.38,40.18
1783277340000,1780.38,1781.31,1780.37,1781.29,313.32
1783277400000,1781.28,1781.56,1780.54,1781.19,472.11
1783277460000,1781.2,1785.26,1781.19,1784.49,678.61
1783277520000,1784.59,1785.18,1783.46,1783.65,159.76
1783277580000,1783.65,1784.19,1782.04,1784.01,503.57
1783277640000,1784.02,1784.36,1783.4,1783.57,237.48
1783277700000,1783.57,1783.67,1779.83,1780.06,128.44
1783277760000,1780.05,1782.04,1780.05,1780.85,33.36
1783277820000,1780.86,1781.02,1780.3,1781.01,44.63
1783277880000,1781.02,1781.02,1780.36,1780.53,154.36
1783277940000,1780.55,1780.63,1780.2,1780.39,30.29
1783278000000,1780.4,1780.68,1779.93,1780.67,50.84
1783278060000,1780.66,1780.67,1779.63,1780.65,71.52
1783278120000,1780.64,1781.7,1780.3,1781.61,1724.96
1783278180000,1781.6,1783.49,1781.6,1783.03,131.14
1783278240000,1783.03,1783.17,1782.53,1782.66,30.67
1783278300000,1782.66,1783.18,1781.75,1782.23,134.15
1783278360000,1782.22,1782.22,1781.15,1781.93,254.17
1783278420000,1781.93,1782.17,1781.59,1782.13,61.75
1783278480000,1782.12,1782.43,1782.02,1782.1,26.14
1783278540000,1782.09,1782.1,1781.1,1781.84,66.77
1783278600000,1781.84,1781.84,1781.37,1781.43,34.38
1783278660000,1781.42,1782.31,1781.42,1782.31,33.02
1783278720000,1782.31,1783.28,1782.31,1783.27,51.87
1783278780000,1783.27,1783.49,1783.14,1783.27,69.52
1783278840000,1783.28,1783.38,1782.66,1782.75,75.63
1783278900000,1782.74,1783.91,1782.61,1783.03,1801.38
1783278960000,1783.0,1783.47,1782.59,1783.42,39.49
1783279020000,1783.43,1783.43,1781.88,1781.9,38.43
1783279080000,1781.9,1782.32,1781.75,1781.77,26.64
1783279140000,1781.77,1782.55,1781.77,1782.42,29.41
1783279200000,1782.43,1782.58,1781.82,1782.04,45.33
1783279260000,1782.04,1782.24,1781.18,1781.41,86.08
1783279320000,1781.41,1782.26,1781.05,1781.06,74.43
1783279380000,1781.06,1781.42,1780.9,1781.2,69.8
1783279440000,1781.2,1781.2,1780.1,1780.51,244.52
1783279500000,1780.51,1780.71,1776.87,1777.04,392.98
1783279560000,1777.04,1778.28,1776.86,1778.23,279.4
1783279620000,1778.23,1778.23,1777.51,1777.88,76.67
1783279680000,1777.88,1778.7,1777.8,1778.7,147.02
1783279740000,1778.69,1779.61,1778.52,1779.44,110.02
1783279800000,1779.43,1779.72,1778.54,1779.72,62.52
1783279860000,1779.7,1780.68,1779.54,1780.37,2092.85
1783279920000,1780.37,1781.79,1780.33,1780.62,250.96
1783279980000,1780.59,1781.14,1780.48,1781.07,61.09
1783280040000,1781.06,1781.29,1780.85,1780.86,43.04
1783280100000,1780.85,1780.98,1779.95,1780.08,281.92
1783280160000,1780.09,1780.73,1780.08,1780.71,44.05
1783280220000,1780.72,1781.21,1780.68,1781.2,464.93
1783280280000,1781.2,1781.25,1780.63,1780.63,180.04
1783280340000,1780.64,1780.98,1780.58,1780.88,61.73
1783280400000,1780.87,1781.42,1780.44,1781.25,28.05
1783280460000,1781.29,1781.33,1780.5,1780.5,24.28
1783280520000,1780.5,1780.88,1780.45,1780.66,24.22
1783280580000,1780.66,1780.66,1779.99,1780.05,42.19
1783280640000,1780.04,1781.47,1780.04,1781.47,27.2
1783280700000,1781.47,1781.5,1780.51,1780.69,22.34
1783280760000,1780.69,1781.01,1780.69,1781.01,50.28
1783280820000,1781.01,1781.97,1781.0,1781.97,20.58
1783280880000,1781.97,1782.27,1781.18,1781.57,97.84
1783280940000,1781.57,1781.8,1780.74,1780.74,49.3
1783281000000,1780.74,1780.98,1779.98,1779.98,341.84
1783281060000,1779.97,1780.71,1779.97,1780.08,179.44
1783281120000,1780.27,1780.68,1779.98,1780.1,24.11
1783281180000,1780.11,1780.29,1779.69,1779.71,54.44
1783281240000,1779.7,1780.05,1779.7,1779.86,21.11
1783281300000,1779.89,1779.98,1779.35,1779.73,352.73
1783281360000,1779.8,1779.86,1779.53,1779.85,276.95
1783281420000,1779.86,1780.36,1779.85,1780.18,32.08
1783281480000,1780.17,1780.53,1780.17,1780.52,79.22
1783281540000,1780.6,1780.73,1780.6,1780.72,20.84
1783281600000,1780.73,1781.79,1780.18,1780.97,42.46
1783281660000,1780.98,1781.15,1780.45,1780.61,35.51
1783281720000,1780.6,1781.21,1780.3,1780.56,53.49
1783281780000,1780.55,1780.65,1779.89,1779.98,96.08
1783281840000,1779.97,1780.09,1779.52,1779.69,23.63
1783281900000,1779.7,1779.78,1779.31,1779.78,104.1
1783281960000,1779.77,1780.55,1779.77,1780.24,35.2
1783282020000,1780.24,1781.12,1780.2,1780.96,31.15
1783282080000,1780.96,1781.07,1780.62,1780.88,27.72
1783282140000,1780.88,1782.88,1780.83,1781.78,119.31
1783282200000,1781.78,1782.48,1780.81,1781.11,69.71
1783282260000,1781.11,1781.29,1780.87,1781.13,36.84
1783282320000,1781.13,1781.38,1780.89,1780.89,27.56
1783282380000,1780.74,1780.97,1780.56,1780.57,51.33
1783282440000,1780.56,1780.67,1780.07,1780.31,43.31
1783282500000,1780.31,1780.67,1780.3,1780.66,19.3
1783282560000,1780.67,1780.79,1779.87,1779.87,22.36
1783282620000,1779.76,1780.11,1779.37,1779.37,31.48
1783282680000,1779.38,1779.5,1778.67,1778.9,48.46
1783282740000,1778.91,1778.91,1776.93,1777.19,568.44
1783282800000,1777.18,1778.05,1777.11,1777.95,163.07
1783282860000,1777.94,1779.09,1777.94,1779.06,31.37
1783282920000,1779.06,1779.07,1778.19,1778.91,97.58
1783282980000,1778.91,1778.93,1778.5,1778.93,25.04
1783283040000,1778.92,1778.93,1778.17,1778.17,22.88
1783283100000,1778.18,1778.53,1778.17,1778.23,22.81
1783283160000,1778.22,1778.23,1776.13,1776.24,350.46
1783283220000,1776.23,1776.55,1776.23,1776.54,281.93
1783283280000,1776.54,1776.55,1775.58,1776.36,528.72
1783283340000,1776.34,1776.83,1775.89,1776.75,121.59
1783283400000,1776.75,1776.85,1776.41,1776.7,79.81
1783283460000,1776.7,1776.93,1775.89,1775.9,26.32
1783283520000,1775.89,1776.93,1775.89,1776.36,36.52
1783283580000,1776.36,1776.38,1775.69,1776.32,53.73
1783283640000,1776.33,1777.26,1776.19,1777.25,32.26
1783283700000,1777.25,1777.26,1776.52,1776.93,53.23
1783283760000,1776.93,1776.93,1776.18,1776.58,31.1
1783283820000,1776.59,1776.65,1775.49,1775.6,35.97
1783283880000,1775.6,1776.3,1775.59,1776.29,27.71
1783283940000,1776.3,1776.95,1775.93,1775.98,17.21
1783284000000,1775.98,1776.42,1775.9,1776.42,23.44
1783284060000,1776.39,1776.4,1776.01,1776.29,28.06
1783284120000,1776.29,1776.31,1775.85,1776.13,23.79
1783284180000,1776.13,1776.37,1776.12,1776.36,22.24
1783284240000,1776.36,1777.04,1776.36,1777.04,30.97
1783284300000,1777.04,1777.07,1776.82,1776.82,28.41
1783284360000,1776.83,1777.29,1776.82,1777.28,43.38
1783284420000,1777.29,1777.29,1776.89,1777.25,38.54
1783284480000,1777.25,1777.61,1777.25,1777.32,46.42
1783284540000,1777.32,1777.51,1776.97,1776.98,28.72
1783284600000,1776.97,1777.34,1776.97,1777.17,31.92
1783284660000,1777.25,1777.45,1777.25,1777.45,22.27
1783284720000,1777.45,1777.45,1776.99,1777.14,22.31
1783284780000,1777.14,1777.21,1777.13,1777.18,27.33
1783284840000,1777.18,1777.2,1776.36,1776.55,43.47
1783284900000,1776.55,1777.18,1776.48,1776.97,32.39
1783284960000,1776.98,1777.14,1776.86,1777.06,31.31
1783285020000,1777.05,1777.05,1776.7,1776.87,34.32
1783285080000,1776.86,1776.86,1776.81,1776.84,25.53
1783285140000,1776.85,1776.85,1776.45,1776.5,21.61
1783285200000,1776.51,1776.59,1774.17,1774.34,448.82
1783285260000,1774.37,1774.37,1772.54,1774.22,1859.42
1783285320000,1774.28,1774.28,1772.96,1773.55,156.17
1783285380000,1773.54,1774.04,1773.21,1773.41,31.65
1783285440000,1773.42,1773.93,1772.77,1772.78,101.31
1783285500000,1772.77,1773.2,1772.3,1772.3,421.59
1783285560000,1772.3,1772.33,1771.36,1771.45,473.15
1783285620000,1771.45,1771.54,1769.05,1770.09,539.86
1783285680000,1769.95,1770.51,1769.19,1770.36,380.18
1783285740000,1770.36,1771.1,1768.61,1769.67,256.83
1783285800000,1769.66,1771.92,1769.66,1771.52,169.33
1783285860000,1771.52,1771.55,1771.3,1771.31,29.08
1783285920000,1771.31,1772.78,1771.3,1772.77,72.18
1783285980000,1772.88,1773.52,1772.37,1772.74,42.84
1783286040000,1772.73,1772.89,1772.34,1772.6,30.21
1783286100000,1772.6,1772.6,1771.86,1772.43,35.78
1783286160000,1772.44,1773.07,1772.43,1773.07,37.17
1783286220000,1773.08,1774.21,1773.07,1774.21,69.62
1783286280000,1774.16,1775.42,1774.12,1775.42,117.65
1783286340000,1775.43,1779.44,1775.43,1779.12,520.67
1783286400000,1779.07,1779.07,1777.76,1778.79,169.77
1783286460000,1778.8,1778.8,1777.46,1777.93,236.55
1783286520000,1777.93,1779.26,1777.92,1778.63,50.6
1783286580000,1778.64,1782.03,1778.55,1779.75,369.22
1783286640000,1779.75,1779.76,1778.02,1778.06,61.43
1783286700000,1778.06,1779.46,1777.72,1778.68,56.17
1783286760000,1778.68,1780.0,1778.66,1779.14,47.27
1783286820000,1779.14,1780.0,1778.76,1778.84,41.26
1783286880000,1778.84,1780.12,1778.84,1779.55,42.61
1783286940000,1779.56,1780.2,1779.37,1780.08,53.91
1783287000000,1780.09,1785.57,1780.08,1783.2,621.11
1783287060000,1783.27,1783.69,1780.43,1780.54,231.61
1783287120000,1780.54,1782.69,1780.1,1781.34,68.04
1783287180000,1781.33,1781.59,1780.6,1781.11,84.32
1783287240000,1781.11,1781.12,1780.03,1780.04,75.77
1783287300000,1780.03,1780.3,1777.71,1778.65,166.24
1783287360000,1778.61,1780.16,1778.61,1780.08,40.26
1783287420000,1779.96,1780.55,1779.25,1779.26,42.32
1783287480000,1779.26,1780.01,1779.26,1779.89,28.77
1783287540000,1779.89,1779.92,1779.39,1779.88,191.51
1783287600000,1779.89,1780.21,1779.26,1780.2,39.86
1783287660000,1780.2,1780.95,1779.89,1780.14,40.22
1783287720000,1780.14,1780.59,1779.57,1779.8,51.19
1783287780000,1779.81,1782.09,1779.8,1781.46,743.02
1783287840000,1781.44,1782.63,1781.12,1782.26,145.06
1783287900000,1782.1,1783.28,1781.79,1782.43,61.36
1783287960000,1782.42,1782.57,1781.27,1781.4,110.12
1783288020000,1781.41,1782.48,1781.4,1781.92,67.11
1783288080000,1781.92,1781.93,1781.26,1781.85,81.7
1783288140000,1781.85,1781.85,1780.55,1781.11,102.32
1783288200000,1781.11,1781.28,1780.24,1780.6,35.52
1783288260000,1780.59,1781.15,1780.47,1780.85,87.23
1783288320000,1780.85,1781.13,1780.26,1780.27,29.98
1783288380000,1780.27,1781.62,1780.26,1781.23,22.26
1783288440000,1781.23,1782.99,1781.07,1782.41,33.87
1783288500000,1782.45,1787.31,1782.36,1786.32,1273.65
1783288560000,1786.38,1792.34,1785.38,1789.98,3675.13
1783288620000,1789.97,1789.97,1787.87,1789.04,955.24
1783288680000,1789.04,1789.28,1787.38,1787.39,100.12
1783288740000,1787.37,1787.69,1785.71,1786.02,723.37
1783288800000,1786.02,1786.62,1783.29,1784.8,96.88
1783288860000,1784.8,1785.19,1784.13,1784.51,179.59
1783288920000,1784.51,1786.66,1783.9,1786.66,46.42
1783288980000,1786.65,1790.1,1786.65,1787.49,374.76
1783289040000,1787.5,1787.5,1783.7,1786.39,173.11
1783289100000,1786.71,1788.29,1784.49,1788.29,69.17
1783289160000,1788.32,1788.87,1786.65,1787.17,60.85
1783289220000,1787.17,1787.94,1786.6,1786.66,59.83
1783289280000,1786.66,1786.66,1785.51,1786.3,224.4
1783289340000,1786.46,1787.9,1786.36,1787.21,39.19
1783289400000,1787.22,1788.0,1786.88,1787.99,29.29
1783289460000,1788.0,1789.92,1787.46,1789.13,143.77
1783289520000,1789.13,1792.25,1788.82,1790.97,363.46
1783289580000,1790.91,1792.37,1790.06,1790.9,329.51
1783289640000,1790.6,1792.51,1790.38,1791.91,99.58
1783289700000,1791.91,1791.91,1790.27,1791.21,116.79
1783289760000,1791.21,1796.53,1791.06,1795.92,1668.01
1783289820000,1795.92,1797.63,1793.72,1794.62,1186.13
1783289880000,1794.31,1795.84,1794.24,1794.97,95.46
1783289940000,1794.97,1795.86,1793.75,1793.84,67.95
1783290000000,1793.85,1799.2,1792.7,1797.32,483.46
1783290060000,1797.28,1801.38,1797.01,1798.97,1848.64
1783290120000,1798.95,1799.35,1797.24,1798.32,235.26
1783290180000,1798.3,1798.3,1796.93,1797.24,146.24
1783290240000,1797.3,1799.82,1796.9,1798.34,162.94
1783290300000,1798.33,1798.94,1795.9,1798.94,302.32
1783290360000,1798.92,1800.45,1798.14,1799.04,156.97
1783290420000,1799.03,1799.22,1797.95,1798.83,269.71
1783290480000,1798.84,1803.74,1798.78,1802.8,675.84
1783290540000,1802.8,1802.8,1799.92,1801.15,281.95
1783290600000,1801.15,1807.73,1800.98,1804.44,2010.82
1783290660000,1804.66,1807.67,1803.66,1804.3,484.91
1783290720000,1804.1,1804.22,1800.53,1800.54,308.6
1783290780000,1800.51,1800.51,1796.41,1796.41,1103.15
1783290840000,1796.32,1798.2,1795.65,1796.35,193.47
1783290900000,1796.34,1796.53,1792.74,1794.65,266.92
1783290960000,1794.65,1796.41,1794.15,1794.79,290.78
1783291020000,1794.8,1796.05,1794.16,1795.22,85.15
1783291080000,1795.23,1795.23,1793.18,1794.08,105.84
1783291140000,1794.08,1794.82,1793.53,1794.44,94.15
1783291200000,1794.43,1794.43,1792.01,1793.71,112.65
1783291260000,1793.71,1794.61,1791.63,1791.65,1335.71
1783291320000,1791.65,1791.99,1788.75,1788.77,358.95
1783291380000,1788.72,1789.66,1788.35,1789.29,94.89
1783291440000,1789.29,1789.42,1787.48,1788.97,691.49
1783291500000,1789.0,1789.84,1788.76,1789.79,278.82
1783291560000,1789.78,1790.8,1788.48,1789.52,173.64
1783291620000,1789.52,1791.66,1789.42,1790.9,108.54
1783291680000,1790.9,1790.9,1786.53,1787.06,2046.64
1783291740000,1787.06,1788.21,1785.75,1785.94,377.23
1783291800000,1785.94,1786.93,1785.49,1786.46,388.43
1783291860000,1786.45,1787.99,1786.24,1787.47,86.91
1783291920000,1787.46,1787.71,1786.9,1787.38,98.0
1783291980000,1787.38,1788.32,1787.29,1787.56,208.6
1783292040000,1787.57,1787.83,1787.08,1787.83,60.88
1783292100000,1787.83,1788.69,1786.18,1787.49,75.84
1783292160000,1787.47,1788.09,1787.11,1787.11,96.06
1783292220000,1787.1,1787.2,1785.4,1786.93,78.9
1783292280000,1786.98,1789.04,1786.98,1788.89,48.03
1783292340000,1788.9,1789.57,1788.23,1789.24,133.5
1783292400000,1789.21,1790.93,1788.04,1788.67,67.56
1783292460000,1788.66,1790.3,1788.51,1789.56,77.97
1783292520000,1789.56,1791.4,1788.99,1789.24,147.93
1783292580000,1789.26,1790.98,1789.25,1790.9,110.53
1783292640000,1790.94,1792.57,1790.69,1792.27,119.75
1783292700000,1792.29,1795.46,1792.28,1795.3,1716.47
1783292760000,1795.3,1795.73,1794.68,1795.35,103.23
1783292820000,1795.35,1795.72,1793.27,1795.42,875.31
1783292880000,1795.41,1795.71,1794.07,1795.03,45.32
1783292940000,1795.03,1795.59,1792.59,1794.11,200.78
1783293000000,1794.11,1795.46,1794.1,1795.46,67.94
1783293060000,1795.46,1797.09,1795.35,1796.08,1192.92
1783293120000,1796.08,1798.44,1795.53,1798.07,339.62
1783293180000,1798.05,1799.35,1797.65,1798.93,157.01
1783293240000,1798.93,1800.79,1797.98,1800.41,364.88
1783293300000,1800.41,1802.04,1798.05,1799.71,895.66
1783293360000,1799.64,1799.64,1798.04,1798.05,83.55
1783293420000,1798.0,1798.0,1796.34,1796.96,428.74
1783293480000,1797.0,1798.88,1796.87,1798.23,450.04
1783293540000,1798.18,1799.87,1797.34,1798.97,43.19
1783293600000,1799.0,1799.2,1796.08,1796.69,106.04
1783293660000,1796.7,1798.94,1796.18,1798.56,58.41
1783293720000,1798.56,1798.6,1795.68,1796.01,82.55
1783293780000,1796.01,1796.01,1794.33,1794.33,75.26
1783293840000,1794.32,1794.32,1790.37,1790.53,728.49
1783293900000,1790.53,1791.59,1790.0,1790.84,138.68
1783293960000,1790.84,1792.44,1790.77,1791.95,112.43
1783294020000,1791.8,1792.23,1790.9,1792.22,107.03
1783294080000,1792.22,1793.87,1792.22,1793.04,139.06
1783294140000,1793.05,1793.05,1791.04,1791.16,30.31
1783294200000,1791.15,1791.74,1790.6,1791.62,172.09
1783294260000,1791.62,1792.51,1791.34,1791.34,37.53
1783294320000,1791.34,1791.35,1790.0,1790.61,239.74
1783294380000,1790.78,1791.79,1790.78,1790.99,41.86
1783294440000,1790.99,1791.02,1789.3,1789.45,85.82
1783294500000,1789.43,1789.54,1788.64,1788.99,261.36
1783294560000,1789.0,1789.38,1788.14,1788.98,91.05
1783294620000,1788.98,1790.0,1788.34,1789.02,282.48
1783294680000,1789.04,1789.06,1788.01,1788.22,259.08
1783294740000,1788.21,1788.57,1787.25,1787.29,138.56
1783294800000,1787.34,1787.93,1787.24,1787.85,145.74
1783294860000,1787.82,1789.19,1787.46,1788.99,122.78
1783294920000,1788.98,1790.24,1788.47,1789.11,115.17
1783294980000,1789.12,1789.78,1788.46,1789.61,118.7
1783295040000,1789.61,1789.89,1788.71,1788.81,84.53
1783295100000,1788.77,1788.77,1786.92,1787.26,195.29
1783295160000,1787.07,1788.34,1786.35,1786.41,126.08
1783295220000,1786.41,1787.09,1785.33,1785.33,88.81
1783295280000,1785.33,1785.33,1782.83,1784.54,1015.55
1783295340000,1784.54,1785.35,1783.76,1784.96,85.1
1783295400000,1784.96,1785.08,1783.62,1784.83,150.56
1783295460000,1784.85,1785.01,1784.22,1784.36,67.68
1783295520000,1784.35,1784.35,1782.02,1782.21,181.52
1783295580000,1782.21,1782.68,1781.56,1782.67,258.04
1783295640000,1782.5,1783.33,1782.27,1783.13,543.26
1783295700000,1783.01,1783.42,1782.7,1783.19,77.53
1783295760000,1783.19,1783.65,1782.7,1782.93,108.3
1783295820000,1782.93,1783.56,1782.78,1783.56,168.14
1783295880000,1783.59,1784.64,1783.45,1784.63,69.81
1783295940000,1784.62,1785.39,1784.37,1784.97,33.32
1783296000000,1785.05,1785.69,1782.33,1782.49,109.64
1783296060000,1782.53,1782.97,1780.36,1781.77,296.61
1783296120000,1781.68,1784.12,1780.77,1784.11,81.0
1783296180000,1784.12,1784.51,1783.0,1783.97,70.01
1783296240000,1783.97,1787.13,1783.85,1786.67,300.51
1783296300000,1786.66,1787.03,1784.73,1784.73,117.58
1783296360000,1784.73,1785.59,1783.88,1783.94,48.49
1783296420000,1783.94,1784.14,1781.36,1781.97,200.21
1783296480000,1781.97,1784.13,1781.9,1782.14,64.5
1783296540000,1782.15,1782.96,1780.97,1782.95,73.81
1783296600000,1782.95,1782.95,1779.21,1780.76,384.91
1783296660000,1780.73,1783.37,1780.55,1782.8,57.36
1783296720000,1782.8,1783.58,1782.39,1783.54,76.87
1783296780000,1783.55,1784.48,1782.86,1784.47,100.63
1783296840000,1784.44,1785.96,1783.41,1785.9,360.64
1783296900000,1785.9,1789.18,1785.82,1788.61,493.03
1783296960000,1788.63,1789.47,1786.01,1786.02,205.07
1783297020000,1786.02,1786.07,1784.82,1785.0,75.83
1783297080000,1784.98,1786.04,1784.42,1785.03,303.01
1783297140000,1785.03,1785.14,1781.81,1782.36,716.88
1783297200000,1782.36,1784.72,1782.28,1784.0,164.16
1783297260000,1783.99,1784.91,1783.52,1784.61,122.94
1783297320000,1784.61,1784.65,1781.99,1781.99,270.36
1783297380000,1782.03,1783.91,1781.23,1783.9,254.92
1783297440000,1783.79,1783.79,1780.68,1780.84,321.53
1783297500000,1780.85,1781.89,1778.66,1778.99,224.43
1783297560000,1778.93,1780.76,1778.37,1780.21,844.59
1783297620000,1780.2,1781.0,1779.53,1780.6,162.75
1783297680000,1780.6,1780.9,1777.83,1780.19,1689.05
1783297740000,1780.25,1780.29,1776.67,1777.03,699.95
1783297800000,1777.03,1777.43,1774.01,1777.04,1206.65
1783297860000,1777.11,1779.04,1777.11,1778.24,376.02
1783297920000,1778.24,1780.33,1777.56,1778.58,144.28
1783297980000,1778.42,1779.52,1777.79,1777.91,214.38
1783298040000,1777.91,1779.67,1777.0,1779.67,43.14
1783298100000,1779.75,1781.55,1778.47,1780.26,102.49
1783298160000,1780.26,1781.7,1779.07,1780.87,480.4
1783298220000,1780.89,1782.0,1780.8,1782.0,571.54
1783298280000,1782.0,1783.4,1782.0,1782.59,576.81
1783298340000,1782.59,1783.64,1782.23,1782.87,33.31
1783298400000,1782.87,1786.11,1782.63,1785.58,228.36
1783298460000,1785.26,1786.47,1784.88,1786.46,84.18
1783298520000,1786.58,1787.59,1785.63,1786.01,116.28
1783298580000,1786.03,1787.47,1786.02,1787.43,81.05
1783298640000,1787.44,1788.13,1786.59,1787.35,279.66
1783298700000,1787.35,1792.32,1787.34,1790.05,529.75
1783298760000,1790.07,1790.65,1788.97,1789.0,236.55
1783298820000,1788.97,1788.99,1785.99,1785.99,84.49
1783298880000,1785.99,1790.78,1785.96,1789.02,136.0
1783298940000,1788.99,1789.41,1787.15,1788.19,44.53
1783299000000,1788.2,1789.61,1787.48,1789.49,93.47
1783299060000,1789.48,1791.09,1789.26,1790.67,240.85
1783299120000,1790.63,1790.88,1788.92,1789.17,33.36
1783299180000,1789.18,1789.98,1789.17,1789.84,23.77
1783299240000,1789.84,1789.84,1788.89,1788.89,45.12
1783299300000,1788.88,1789.48,1788.1,1788.74,78.3
1783299360000,1788.75,1790.25,1788.72,1790.05,44.98
1783299420000,1790.06,1790.99,1790.06,1790.78,63.86
1783299480000,1790.79,1791.75,1790.31,1791.68,98.48
1783299540000,1791.69,1793.37,1791.69,1792.6,169.21
1783299600000,1792.54,1792.92,1790.98,1792.14,188.74
1783299660000,1792.13,1793.35,1790.29,1793.12,67.53
1783299720000,1793.16,1794.32,1791.88,1793.11,76.62
1783299780000,1792.99,1793.28,1791.76,1792.81,76.23
1783299840000,1792.81,1793.58,1790.68,1791.5,155.58
1783299900000,1791.45,1791.99,1790.91,1791.56,119.94
1783299960000,1791.55,1791.72,1790.29,1791.51,53.53
1783300020000,1791.51,1791.99,1790.41,1791.98,124.94
1783300080000,1791.98,1794.64,1791.44,1793.66,135.21
1783300140000,1793.68,1794.0,1791.65,1793.81,43.03
1783300200000,1793.71,1793.71,1791.13,1791.13,103.63
1783300260000,1791.13,1791.48,1790.29,1790.53,145.98
1783300320000,1790.53,1791.55,1790.52,1791.5,118.92
1783300380000,1791.5,1793.46,1790.82,1793.46,40.85
1783300440000,1793.46,1793.99,1791.27,1792.15,35.45
1783300500000,1792.15,1792.32,1790.04,1791.53,291.9
1783300560000,1791.52,1792.46,1791.0,1792.14,266.51
1783300620000,1792.14,1793.01,1791.04,1791.24,167.51
1783300680000,1791.19,1791.79,1790.6,1790.78,61.59
1783300740000,1790.76,1791.17,1790.35,1791.16,37.03
1783300800000,1791.17,1792.69,1791.16,1791.77,24.59
1783300860000,1791.76,1792.48,1791.32,1791.96,25.2
1783300920000,1791.96,1791.97,1790.6,1790.66,46.8
1783300980000,1790.64,1790.9,1789.6,1790.21,88.5
1783301040000,1790.16,1790.16,1788.34,1788.52,226.69
1783301100000,1788.48,1788.48,1786.64,1787.64,414.13
1783301160000,1787.68,1788.23,1785.71,1785.97,380.16
1783301220000,1786.0,1787.27,1785.26,1786.96,426.22
1783301280000,1786.9,1788.05,1786.71,1787.93,93.36
1783301340000,1787.94,1789.21,1787.93,1789.02,110.89
1783301400000,1789.02,1789.67,1788.01,1789.51,31.61
1783301460000,1789.54,1793.5,1789.54,1793.49,223.28
1783301520000,1793.5,1797.33,1792.58,1794.95,1484.69
1783301580000,1794.97,1794.97,1792.61,1793.05,83.38
1783301640000,1793.05,1796.99,1793.01,1796.42,205.15
1783301700000,1796.42,1796.91,1793.86,1795.47,88.11
1783301760000,1795.48,1796.81,1795.13,1796.81,163.45
1783301820000,1796.84,1798.44,1796.52,1797.54,185.34
1783301880000,1797.55,1797.82,1793.78,1793.78,69.7
1783301940000,1793.75,1793.75,1792.77,1793.67,262.95
1783302000000,1793.63,1793.64,1792.38,1793.48,63.55
1783302060000,1793.49,1794.51,1793.13,1794.07,27.14
1783302120000,1794.07,1794.07,1791.97,1792.76,545.5
1783302180000,1792.76,1793.47,1792.69,1793.01,29.04
1783302240000,1792.83,1792.83,1791.47,1791.49,158.07
1783302300000,1791.49,1791.49,1787.5,1789.32,399.33
1783302360000,1789.34,1789.73,1788.2,1788.38,84.33
1783302420000,1788.39,1789.58,1787.8,1788.04,184.27
1783302480000,1787.93,1788.01,1785.49,1785.49,461.16
1783302540000,1785.49,1787.47,1784.37,1786.19,243.3
1783302600000,1786.27,1786.78,1784.73,1785.03,86.04
1783302660000,1785.03,1786.27,1784.77,1786.0,144.61
1783302720000,1785.98,1786.15,1784.39,1784.85,67.1
1783302780000,1784.85,1786.66,1784.85,1785.73,62.01
1783302840000,1785.74,1786.46,1785.5,1786.18,96.13
1783302900000,1786.18,1786.26,1784.63,1786.13,29.88
1783302960000,1786.12,1786.55,1785.52,1785.98,74.62
1783303020000,1785.99,1786.09,1784.48,1785.38,34.74
1783303080000,1785.37,1785.38,1784.37,1784.66,60.91
1783303140000,1784.81,1785.57,1784.81,1785.42,65.23
1783303200000,1785.42,1786.87,1785.42,1786.08,42.15
1783303260000,1786.26,1787.56,1786.06,1786.57,124.35
1783303320000,1786.54,1787.78,1785.2,1787.78,78.39
1783303380000,1787.77,1788.0,1785.92,1787.46,246.23
1783303440000,1787.47,1788.04,1785.48,1786.32,121.39
1783303500000,1786.31,1786.31,1784.02,1784.82,81.93
1783303560000,1784.83,1784.83,1783.52,1784.71,237.27
1783303620000,1784.72,1784.93,1781.5,1781.5,250.22
1783303680000,1781.26,1782.26,1780.58,1781.99,151.21
1783303740000,1781.98,1782.55,1781.78,1781.86,52.79
1783303800000,1781.85,1782.02,1780.69,1781.94,65.28
1783303860000,1781.92,1782.09,1780.2,1781.73,112.62
1783303920000,1781.74,1781.91,1779.85,1780.57,414.46
1783303980000,1780.6,1781.63,1780.46,1781.62,386.19
1783304040000,1781.63,1781.82,1780.54,1781.06,58.69
1783304100000,1781.06,1782.55,1780.92,1782.47,126.76
1783304160000,1782.48,1783.25,1781.25,1783.06,123.03
1783304220000,1783.07,1783.11,1781.52,1782.3,44.63
1783304280000,1782.33,1783.83,1782.33,1783.38,69.89
1783304340000,1783.37,1783.77,1781.61,1783.05,146.68
1783304400000,1783.04,1785.7,1782.78,1785.29,185.03
1783304460000,1785.3,1785.72,1784.67,1785.64,82.24
1783304520000,1785.65,1789.71,1785.65,1788.49,389.92
1783304580000,1788.5,1789.51,1787.55,1787.84,106.02
1783304640000,1787.84,1788.12,1787.12,1787.13,59.26
1783304700000,1787.12,1787.82,1786.6,1786.96,60.58
1783304760000,1786.97,1787.56,1786.35,1787.51,86.19
1783304820000,1787.5,1787.71,1785.68,1785.89,25.92
1783304880000,1785.9,1786.97,1785.68,1786.34,56.42
1783304940000,1786.35,1786.35,1784.11,1784.37,93.96
1783305000000,1784.36,1785.08,1783.02,1784.92,33.69
1783305060000,1784.93,1786.94,1784.04,1786.12,31.57
1783305120000,1786.18,1787.42,1785.7,1785.7,113.65
1783305180000,1785.71,1785.71,1782.72,1782.72,47.56
1783305240000,1782.66,1784.11,1782.66,1784.06,86.29
1783305300000,1784.06,1784.19,1783.44,1783.54,169.06
1783305360000,1783.52,1784.0,1782.32,1783.86,26.61
1783305420000,1783.86,1784.68,1782.8,1784.18,98.86
1783305480000,1784.19,1785.07,1784.15,1785.06,74.37
1783305540000,1785.07,1785.68,1783.23,1783.23,30.71
1783305600000,1783.23,1783.23,1780.61,1780.95,152.15
1783305660000,1780.96,1781.27,1779.06,1781.06,200.12
1783305720000,1781.06,1782.07,1781.05,1781.16,38.86
1783305780000,1781.16,1782.48,1780.49,1781.68,30.61
1783305840000,1781.69,1782.01,1780.02,1780.3,27.05
1783305900000,1780.47,1782.37,1780.41,1782.37,39.72
1783305960000,1782.63,1783.2,1782.42,1782.54,174.69
1783306020000,1782.56,1783.42,1781.27,1781.31,64.92
1783306080000,1781.29,1781.29,1780.72,1781.07,29.0
1783306140000,1781.06,1781.44,1780.91,1780.91,25.34
1783306200000,1780.84,1780.84,1779.88,1780.19,37.98
1783306260000,1780.18,1781.49,1778.83,1781.47,194.14
1783306320000,1781.47,1781.82,1780.73,1781.06,162.37
1783306380000,1781.07,1781.88,1781.06,1781.79,43.3
1783306440000,1781.79,1784.12,1781.79,1782.82,99.38
1783306500000,1782.82,1783.38,1782.64,1783.3,32.42
1783306560000,1783.3,1783.5,1780.58,1780.72,93.16
1783306620000,1780.79,1782.55,1780.78,1781.96,27.64
1783306680000,1782.04,1782.43,1781.77,1782.3,28.66
1783306740000,1782.31,1783.93,1782.3,1782.86,42.04
1783306800000,1782.87,1783.43,1782.19,1783.36,24.35
1783306860000,1783.19,1783.38,1782.38,1783.07,44.67
1783306920000,1783.07,1783.42,1782.6,1782.71,43.44
1783306980000,1782.86,1784.41,1782.86,1783.77,72.59
1783307040000,1783.75,1784.25,1783.38,1783.75,25.72
1783307100000,1783.75,1784.17,1782.87,1783.14,20.8
1783307160000,1783.19,1783.36,1781.8,1782.9,28.6
1783307220000,1782.91,1783.44,1782.15,1783.3,71.26
1783307280000,1783.29,1783.29,1781.51,1782.35,53.33
1783307340000,1782.34,1782.94,1782.16,1782.41,21.36
1783307400000,1782.42,1783.73,1782.41,1783.42,21.18
1783307460000,1783.38,1784.1,1783.38,1783.62,26.0
1783307520000,1783.63,1783.84,1782.17,1782.25,53.53
1783307580000,1782.25,1782.25,1781.32,1781.32,31.08
1783307640000,1781.32,1781.88,1780.72,1781.74,34.65
1783307700000,1781.74,1781.84,1780.21,1781.31,28.57
1783307760000,1781.3,1782.39,1781.27,1781.74,34.36
1783307820000,1781.74,1782.57,1781.5,1781.69,23.35
1783307880000,1781.69,1781.79,1781.04,1781.04,22.87
1783307940000,1781.05,1781.49,1780.65,1780.71,42.4
1783308000000,1780.71,1781.19,1780.24,1780.76,27.87
1783308060000,1780.76,1781.36,1780.25,1780.87,41.24
1783308120000,1780.86,1780.89,1775.38,1776.58,411.17
1783308180000,1776.58,1778.46,1776.0,1776.16,348.0
1783308240000,1776.01,1777.29,1773.94,1775.95,387.22
1783308300000,1775.96,1777.33,1775.47,1776.8,120.1
1783308360000,1776.79,1777.31,1775.19,1777.14,139.27
1783308420000,1777.14,1778.25,1776.63,1776.63,46.36
1783308480000,1776.62,1777.2,1776.29,1776.89,295.13
1783308540000,1776.89,1777.01,1775.72,1776.95,201.55
1783308600000,1776.83,1777.31,1774.33,1774.93,333.45
1783308660000,1774.93,1776.51,1772.74,1773.42,1762.69
1783308720000,1773.41,1774.49,1771.65,1774.4,499.52
1783308780000,1774.4,1774.95,1773.81,1774.41,296.68
1783308840000,1774.41,1775.09,1773.76,1775.09,116.97
1783308900000,1775.11,1777.3,1774.82,1776.75,470.11
1783308960000,1776.75,1779.12,1776.31,1778.16,122.01
1783309020000,1778.15,1779.38,1777.62,1778.91,320.23
1783309080000,1778.98,1779.61,1778.36,1778.48,243.02
1783309140000,1778.48,1778.94,1777.59,1777.72,36.94
1783309200000,1777.73,1778.0,1777.23,1777.51,30.28
1783309260000,1777.52,1777.86,1776.5,1776.51,33.24
1783309320000,1776.5,1777.08,1776.07,1777.0,31.5
1783309380000,1776.99,1777.0,1775.07,1775.07,111.1
1783309440000,1775.07,1775.81,1774.96,1775.57,115.35
1783309500000,1775.38,1777.21,1775.25,1777.0,180.29
1783309560000,1776.95,1777.02,1776.24,1776.24,33.61
1783309620000,1776.25,1776.99,1775.81,1776.91,38.6
1783309680000,1776.91,1777.82,1776.61,1777.49,97.33
1783309740000,1777.46,1778.0,1776.87,1777.06,65.15
1783309800000,1777.06,1777.45,1775.83,1777.24,87.74
1783309860000,1777.24,1777.47,1776.06,1776.06,36.99
1783309920000,1776.07,1776.71,1775.64,1776.38,40.55
1783309980000,1776.38,1777.37,1775.98,1777.36,50.05
1783310040000,1777.37,1777.47,1776.47,1776.69,32.31
1783310100000,1776.68,1776.69,1775.84,1776.0,74.66
1783310160000,1775.99,1776.87,1775.99,1776.36,64.11
1783310220000,1776.37,1776.79,1776.12,1776.79,30.62
1783310280000,1776.78,1778.09,1776.78,1778.01,44.82
1783310340000,1778.02,1779.1,1777.48,1778.98,48.1
1783310400000,1778.97,1779.59,1777.89,1779.02,84.36
1783310460000,1779.01,1779.78,1778.94,1779.43,61.46
1783310520000,1779.44,1779.59,1776.41,1778.36,68.28
1783310580000,1778.37,1780.18,1778.01,1779.75,232.84
1783310640000,1779.75,1781.25,1779.74,1780.94,149.21
1783310700000,1780.93,1781.69,1779.77,1779.98,166.6
1783310760000,1779.98,1779.99,1779.05,1779.25,164.95
1783310820000,1779.24,1779.26,1778.34,1778.35,121.12
1783310880000,1778.35,1778.69,1778.06,1778.39,41.83
1783310940000,1778.39,1778.39,1776.49,1776.7,33.79
1783311000000,1776.53,1778.56,1776.53,1778.51,103.92
1783311060000,1778.51,1779.54,1778.51,1779.41,29.49
1783311120000,1779.42,1779.46,1779.15,1779.21,66.31
1783311180000,1779.21,1780.3,1779.19,1779.23,43.55
1783311240000,1779.23,1780.58,1779.23,1780.24,32.64
1783311300000,1780.27,1780.27,1779.36,1779.52,46.92
1783311360000,1779.52,1780.33,1779.05,1780.29,23.17
1783311420000,1780.29,1780.47,1779.45,1779.45,34.61
1783311480000,1779.45,1780.44,1779.45,1780.44,31.29
1783311540000,1780.5,1780.97,1780.5,1780.65,32.5
1783311600000,1780.65,1781.77,1780.65,1781.64,247.57
1783311660000,1781.51,1781.51,1780.77,1780.84,88.77
1783311720000,1780.84,1780.93,1780.32,1780.38,21.72
1783311780000,1780.39,1780.39,1779.63,1779.63,30.44
1783311840000,1779.61,1780.04,1778.33,1778.33,47.24
1783311900000,1778.32,1778.32,1776.49,1776.5,71.83
1783311960000,1776.54,1777.21,1776.5,1776.53,106.36
1783312020000,1776.53,1776.92,1776.12,1776.37,34.17
1783312080000,1776.36,1776.36,1775.53,1776.21,33.53
1783312140000,1776.22,1777.42,1776.05,1777.19,182.91
1783312200000,1777.2,1777.99,1776.34,1777.4,214.49
1783312260000,1777.41,1778.56,1776.38,1776.64,28.46
1783312320000,1776.64,1777.43,1775.36,1777.36,51.54
1783312380000,1777.35,1778.95,1777.34,1778.94,41.62
1783312440000,1778.95,1779.31,1777.64,1777.65,26.46
1783312500000,1777.65,1778.56,1777.03,1778.56,50.73
1783312560000,1778.55,1778.6,1778.07,1778.24,96.06
1783312620000,1778.23,1779.45,1778.23,1779.45,25.2
1783312680000,1779.48,1779.95,1779.24,1779.84,76.17
1783312740000,1779.84,1780.91,1779.83,1780.52,127.63
1783312800000,1780.29,1780.89,1780.29,1780.82,144.01
1783312860000,1780.81,1783.29,1780.81,1782.66,252.93
1783312920000,1782.66,1783.85,1782.11,1783.6,273.76
1783312980000,1783.47,1783.85,1782.14,1782.32,174.53
1783313040000,1782.36,1782.48,1781.51,1781.65,148.22
1783313100000,1781.64,1781.75,1781.39,1781.49,41.22
1783313160000,1781.48,1781.76,1781.04,1781.06,165.4
1783313220000,1781.06,1781.52,1780.49,1780.91,50.22
1783313280000,1781.0,1781.11,1780.59,1781.04,19.76
1783313340000,1781.04,1782.14,1780.97,1780.97,41.15
1783313400000,1780.9,1781.6,1780.1,1781.27,43.6
1783313460000,1781.27,1781.9,1781.02,1781.05,28.77
1783313520000,1781.06,1781.58,1780.8,1780.98,28.94
1783313580000,1780.99,1780.99,1780.06,1780.35,21.37
1783313640000,1780.29,1780.5,1779.83,1780.0,60.12
1783313700000,1779.99,1780.23,1779.74,1779.74,32.77
1783313760000,1779.75,1780.05,1779.63,1779.98,138.18
1783313820000,1779.97,1779.98,1779.11,1779.19,116.66
1783313880000,1779.18,1779.18,1777.0,1777.18,63.64
1783313940000,1777.19,1777.66,1776.33,1777.14,312.91
1783314000000,1777.01,1777.44,1775.88,1777.26,139.13
1783314060000,1777.27,1777.27,1776.35,1776.69,40.4
1783314120000,1776.69,1777.57,1776.66,1776.91,107.1
1783314180000,1776.9,1776.99,1775.29,1776.54,99.27
1783314240000,1776.53,1776.55,1774.92,1774.93,63.7
1783314300000,1774.92,1776.01,1774.69,1775.39,71.06
1783314360000,1775.39,1776.05,1774.85,1775.82,100.23
1783314420000,1775.72,1775.91,1774.85,1775.24,242.94
1783314480000,1775.25,1775.48,1773.41,1773.46,113.87
1783314540000,1773.46,1774.06,1772.63,1774.06,261.76
1783314600000,1774.14,1775.49,1774.03,1775.49,146.11
1783314660000,1775.64,1776.48,1775.47,1776.37,80.45
1783314720000,1776.37,1776.38,1775.74,1775.76,76.31
1783314780000,1775.75,1775.75,1774.85,1774.96,50.83
1783314840000,1774.96,1775.68,1774.77,1774.78,27.82
1783314900000,1774.78,1775.04,1772.65,1774.32,87.45
1783314960000,1774.33,1775.51,1774.11,1775.48,28.75
1783315020000,1775.49,1775.94,1775.44,1775.53,61.06
1783315080000,1775.52,1775.6,1774.64,1775.54,139.77
1783315140000,1775.54,1775.6,1774.59,1775.26,38.16
1783315200000,1775.26,1775.66,1774.8,1774.9,23.66
1783315260000,1774.84,1774.95,1773.21,1773.36,84.01
1783315320000,1773.36,1773.59,1772.83,1773.5,183.67
1783315380000,1773.5,1774.04,1772.94,1773.45,37.57
1783315440000,1773.45,1773.85,1772.45,1773.76,83.82
1783315500000,1773.76,1773.76,1772.16,1773.02,63.97
1783315560000,1773.02,1773.46,1772.43,1773.33,27.73
1783315620000,1773.32,1773.51,1772.48,1772.97,35.42
1783315680000,1773.03,1773.16,1767.13,1769.01,1261.11
1783315740000,1769.01,1769.01,1765.83,1766.81,673.35
1783315800000,1766.89,1767.57,1765.76,1766.41,258.08
1783315860000,1766.42,1766.54,1764.83,1765.26,884.27
1783315920000,1765.25,1768.95,1764.17,1768.33,620.38
1783315980000,1768.3,1768.76,1767.19,1767.96,151.24
1783316040000,1767.97,1768.77,1767.54,1767.75,162.79
1783316100000,1767.74,1769.91,1767.74,1769.91,334.33
1783316160000,1769.97,1772.06,1769.47,1771.64,488.32
1783316220000,1771.64,1773.64,1771.42,1773.4,174.74
1783316280000,1773.4,1773.41,1772.35,1772.38,128.78
1783316340000,1772.39,1772.49,1771.85,1772.04,103.54
1783316400000,1772.03,1773.53,1771.98,1773.26,81.52
1783316460000,1773.26,1773.26,1772.08,1772.31,117.83
1783316520000,1772.31,1773.0,1771.83,1771.94,77.42
1783316580000,1771.96,1773.33,1771.96,1772.37,105.15
1783316640000,1772.37,1773.56,1771.59,1771.78,517.0
1783316700000,1771.78,1772.33,1771.21,1771.85,54.66
1783316760000,1771.92,1771.92,1771.0,1771.34,104.27
1783316820000,1771.35,1771.67,1770.94,1771.67,89.6
1783316880000,1771.69,1772.0,1771.2,1771.79,610.74
1783316940000,1771.84,1772.64,1771.53,1772.6,955.69
1783317000000,1772.6,1772.66,1771.56,1772.66,41.42
1783317060000,1772.65,1772.66,1772.11,1772.22,31.16
1783317120000,1772.21,1773.15,1772.21,1773.15,97.92
1783317180000,1773.14,1773.97,1773.14,1773.97,72.5
1783317240000,1773.97,1775.09,1773.92,1774.86,138.53
1783317300000,1774.85,1775.41,1774.64,1775.05,97.42
1783317360000,1775.04,1775.11,1774.57,1774.58,95.16
1783317420000,1774.58,1774.62,1773.82,1773.84,40.31
1783317480000,1773.84,1774.08,1773.44,1773.45,58.85
1783317540000,1773.44,1773.84,1773.24,1773.32,44.21
1783317600000,1773.31,1774.24,1773.31,1773.84,274.67
1783317660000,1773.84,1774.53,1772.0,1772.11,256.59
1783317720000,1772.12,1772.56,1771.97,1772.56,243.27
1783317780000,1772.55,1774.63,1772.29,1774.51,42.1
1783317840000,1774.51,1774.54,1773.23,1773.5,140.61
1783317900000,1773.49,1773.51,1772.42,1772.82,106.58
1783317960000,1772.82,1772.83,1770.48,1771.71,309.54
1783318020000,1771.77,1772.32,1771.55,1772.14,160.51
1783318080000,1772.15,1772.61,1771.62,1771.66,31.33
1783318140000,1771.54,1772.63,1771.31,1772.62,55.84
1783318200000,1772.62,1772.82,1771.84,1771.85,35.71
1783318260000,1771.85,1771.98,1771.72,1771.9,25.7
1783318320000,1771.9,1772.53,1771.42,1772.47,59.36
1783318380000,1772.49,1772.55,1771.86,1772.0,57.56
1783318440000,1771.99,1772.99,1771.89,1772.72,40.7
1783318500000,1772.63,1773.69,1772.11,1772.38,43.63
1783318560000,1772.51,1772.93,1771.49,1771.49,38.8
1783318620000,1771.5,1771.99,1771.11,1771.31,79.03
1783318680000,1771.3,1771.31,1770.43,1770.94,53.72
1783318740000,1770.94,1771.45,1770.3,1770.96,30.92
1783318800000,1770.96,1771.03,1769.68,1769.83,251.51
1783318860000,1769.84,1770.11,1769.2,1770.05,38.67
1783318920000,1770.07,1771.05,1769.7,1770.75,206.33
1783318980000,1770.74,1771.25,1770.69,1771.25,32.17
1783319040000,1771.24,1771.52,1770.6,1771.37,55.34
1783319100000,1771.36,1771.64,1770.75,1771.54,24.86
1783319160000,1771.53,1771.55,1770.51,1770.9,26.76
1783319220000,1770.82,1771.48,1770.41,1771.4,32.18
1783319280000,1771.41,1771.66,1770.73,1771.65,34.37
1783319340000,1771.66,1772.11,1771.5,1771.82,29.17
1783319400000,1771.83,1771.97,1771.04,1771.12,49.58
1783319460000,1771.13,1771.69,1771.07,1771.17,25.03
1783319520000,1771.17,1771.75,1771.09,1771.35,92.52
1783319580000,1771.35,1772.12,1770.09,1770.62,28.24
1783319640000,1770.63,1771.11,1769.06,1769.47,227.14
1783319700000,1769.69,1771.01,1769.68,1770.6,28.16
1783319760000,1770.5,1770.56,1769.97,1770.33,61.13
1783319820000,1770.33,1772.72,1770.3,1772.07,66.93
1783319880000,1772.08,1772.59,1771.86,1772.41,38.33
1783319940000,1772.4,1772.46,1772.0,1772.26,72.66
1783320000000,1772.27,1773.61,1772.25,1773.61,40.47
1783320060000,1773.63,1773.63,1772.75,1773.14,39.76
1783320120000,1773.14,1773.14,1772.21,1772.95,35.57
1783320180000,1772.98,1773.74,1772.93,1773.46,27.2
1783320240000,1773.47,1773.72,1773.35,1773.72,52.74
1783320300000,1773.74,1774.12,1772.37,1772.79,98.85
1783320360000,1772.73,1772.73,1772.0,1772.12,58.54
1783320420000,1772.13,1772.13,1771.04,1771.16,49.49
1783320480000,1771.16,1771.86,1771.16,1771.8,106.24
1783320540000,1771.81,1771.81,1771.3,1771.71,36.21
1783320600000,1771.71,1771.99,1771.42,1771.49,155.11
1783320660000,1771.5,1771.91,1771.39,1771.41,20.3
1783320720000,1771.41,1771.52,1770.07,1770.78,34.47
1783320780000,1770.78,1771.12,1769.41,1769.41,319.69
1783320840000,1769.4,1769.58,1768.53,1768.64,292.37
1783320900000,1768.65,1769.16,1768.65,1768.85,67.2
1783320960000,1768.84,1769.1,1768.48,1768.75,34.53
1783321020000,1768.74,1769.15,1768.74,1769.14,53.56
1783321080000,1769.15,1769.58,1769.13,1769.58,25.7
1783321140000,1769.57,1769.64,1768.76,1768.76,31.43
1783321200000,1768.77,1768.77,1767.72,1768.14,253.81
1783321260000,1768.15,1768.26,1766.11,1766.39,489.4
1783321320000,1766.41,1768.5,1766.09,1767.54,306.9
1783321380000,1767.53,1767.67,1766.49,1766.68,84.43
1783321440000,1766.68,1767.83,1766.49,1767.33,117.3
1783321500000,1767.34,1770.43,1767.33,1770.05,105.69
1783321560000,1770.02,1770.57,1768.89,1769.16,140.3
1783321620000,1769.17,1769.51,1768.27,1769.48,161.57
1783321680000,1769.5,1770.82,1769.49,1770.1,160.13
1783321740000,1770.09,1770.92,1769.76,1769.76,284.42
1783321800000,1769.76,1770.07,1768.96,1769.87,29.31
1783321860000,1769.88,1769.88,1768.19,1768.19,50.9
1783321920000,1768.2,1769.92,1768.19,1769.52,268.43
1783321980000,1769.52,1769.52,1768.47,1768.6,28.26
1783322040000,1768.59,1769.96,1768.56,1769.96,23.66
1783322100000,1769.96,1770.01,1769.29,1769.76,33.16
1783322160000,1769.76,1770.23,1769.66,1769.74,37.1
1783322220000,1769.73,1770.33,1769.69,1770.17,23.71
1783322280000,1770.17,1770.19,1769.39,1769.39,74.07
1783322340000,1769.39,1770.12,1768.9,1770.12,38.6
1783322400000,1770.12,1771.16,1770.12,1770.51,60.78
1783322460000,1770.51,1772.63,1770.0,1772.15,327.2
1783322520000,1772.15,1772.8,1771.69,1771.86,74.05
1783322580000,1771.83,1772.19,1771.22,1771.53,35.88
1783322640000,1771.53,1771.95,1771.03,1771.34,28.53
1783322700000,1771.33,1772.14,1771.33,1772.01,70.95
1783322760000,1772.02,1772.52,1771.93,1772.23,55.28
1783322820000,1772.23,1772.46,1771.93,1771.95,119.52
1783322880000,1771.95,1771.96,1770.55,1770.79,88.29
1783322940000,1770.79,1770.83,1770.01,1770.07,127.48
1783323000000,1770.07,1770.31,1768.26,1768.26,139.15
1783323060000,1768.26,1768.51,1767.78,1768.51,327.28
1783323120000,1768.46,1769.01,1768.46,1769.0,43.07
1783323180000,1769.01,1769.78,1769.0,1769.61,45.99
1783323240000,1769.65,1770.66,1769.64,1770.47,36.95
1783323300000,1770.47,1770.67,1770.22,1770.28,187.1
1783323360000,1770.28,1771.6,1770.27,1771.52,82.3
1783323420000,1771.53,1773.55,1771.52,1773.55,98.68
1783323480000,1773.54,1773.55,1770.98,1772.2,38.77
1783323540000,1772.19,1772.55,1771.81,1772.53,36.76
1783323600000,1772.53,1773.15,1772.22,1772.29,98.13
1783323660000,1772.39,1773.37,1772.24,1772.99,154.56
1783323720000,1773.0,1773.7,1772.91,1773.12,258.94
1783323780000,1773.13,1773.9,1773.06,1773.78,330.31
1783323840000,1773.79,1774.56,1773.74,1774.26,160.89
1783323900000,1774.26,1774.85,1773.52,1773.53,203.61
1783323960000,1773.53,1773.55,1773.06,1773.06,153.61
1783324020000,1773.0,1773.16,1772.88,1773.04,83.31
1783324080000,1773.04,1773.4,1773.03,1773.23,26.59
1783324140000,1773.23,1773.78,1773.22,1773.59,90.96
1783324200000,1773.52,1773.53,1772.95,1772.97,49.55
1783324260000,1772.98,1772.99,1772.87,1772.9,47.99
1783324320000,1772.9,1772.99,1771.93,1771.94,27.66
1783324380000,1771.93,1772.03,1771.49,1772.01,90.41
1783324440000,1772.02,1772.06,1771.8,1771.84,19.06
1783324500000,1771.85,1771.85,1771.44,1771.49,162.01
1783324560000,1771.49,1772.04,1771.45,1771.93,38.5
1783324620000,1771.93,1771.98,1771.76,1771.91,51.9
1783324680000,1771.9,1772.52,1771.9,1772.26,42.72
1783324740000,1772.27,1772.28,1771.46,1771.51,66.67
1783324800000,1771.51,1773.41,1771.51,1773.4,278.12
1783324860000,1773.48,1774.49,1773.48,1773.97,211.15
1783324920000,1773.97,1774.53,1772.9,1773.65,246.32
1783324980000,1773.66,1774.88,1771.84,1774.74,198.75
1783325040000,1774.74,1774.87,1774.22,1774.87,170.82
1783325100000,1774.86,1777.2,1774.73,1776.6,506.35
1783325160000,1776.57,1777.66,1775.78,1775.96,156.87
1783325220000,1775.96,1776.33,1774.75,1774.75,324.74
1783325280000,1774.75,1775.52,1774.55,1774.55,63.06
1783325340000,1774.54,1775.14,1774.12,1774.12,154.07
1783325400000,1774.1,1774.1,1772.81,1772.88,526.45
1783325460000,1772.88,1773.2,1772.01,1772.44,423.63
1783325520000,1772.39,1772.52,1771.55,1771.93,79.38
1783325580000,1771.94,1771.94,1771.0,1771.74,106.66
1783325640000,1771.76,1772.57,1771.76,1772.44,53.57
1783325700000,1772.43,1772.81,1771.88,1771.98,88.25
1783325760000,1771.98,1771.98,1769.9,1770.9,358.58
1783325820000,1770.91,1772.45,1770.91,1771.67,99.25
1783325880000,1771.68,1771.68,1770.66,1770.84,52.45
1783325940000,1770.85,1771.88,1770.78,1771.76,124.58
1783326000000,1771.77,1772.41,1771.76,1772.27,107.73
1783326060000,1772.26,1772.84,1771.99,1772.23,49.75
1783326120000,1772.23,1772.41,1770.81,1770.88,270.24
1783326180000,1770.88,1771.14,1770.19,1770.2,58.11
1783326240000,1770.19,1771.09,1770.19,1770.77,97.89
1783326300000,1770.77,1770.89,1770.58,1770.63,45.96
1783326360000,1770.64,1770.71,1770.14,1770.58,68.66
1783326420000,1770.59,1770.59,1770.06,1770.24,47.04
1783326480000,1770.24,1770.98,1769.8,1770.98,70.43
1783326540000,1771.0,1771.32,1770.78,1771.23,269.74
1783326600000,1771.23,1771.24,1770.03,1770.05,45.35
1783326660000,1770.06,1770.31,1769.16,1769.16,163.03
1783326720000,1769.01,1769.01,1767.94,1767.94,446.45
1783326780000,1767.95,1768.64,1767.83,1768.49,62.65
1783326840000,1768.49,1768.5,1766.05,1766.1,905.12
1783326900000,1766.06,1766.7,1765.49,1766.48,838.51
1783326960000,1766.45,1766.67,1761.15,1761.75,2684.89
1783327020000,1762.96,1764.06,1760.9,1762.81,564.56
1783327080000,1762.81,1763.91,1762.8,1763.38,365.45
1783327140000,1763.39,1764.25,1763.39,1764.04,172.62
1783327200000,1764.06,1765.79,1763.7,1765.55,304.23
1783327260000,1765.55,1766.55,1765.55,1766.32,203.17
1783327320000,1766.31,1766.59,1765.58,1765.89,56.84
1783327380000,1765.88,1766.26,1765.86,1765.94,48.31
1783327440000,1765.94,1766.2,1765.56,1765.56,84.88
1783327500000,1765.57,1765.76,1764.54,1764.79,118.63
1783327560000,1764.68,1766.01,1764.35,1766.01,118.4
1783327620000,1766.0,1766.66,1765.94,1766.18,36.52
1783327680000,1766.18,1766.81,1766.17,1766.65,132.58
1783327740000,1766.65,1766.66,1765.23,1765.67,75.92
1783327800000,1765.72,1766.05,1765.05,1765.06,85.24
1783327860000,1765.02,1765.4,1764.54,1764.91,154.79
1783327920000,1764.9,1765.66,1764.89,1765.35,102.32
1783327980000,1765.35,1765.46,1764.62,1765.18,37.9
1783328040000,1765.19,1765.28,1764.68,1764.75,296.37
1783328100000,1764.76,1765.4,1764.75,1765.39,55.02
1783328160000,1765.4,1765.48,1764.82,1764.83,65.49
1783328220000,1764.83,1765.11,1764.0,1764.36,33.22
1783328280000,1764.36,1765.06,1764.36,1764.99,89.93
1783328340000,1765.04,1765.38,1764.84,1765.02,80.69
1783328400000,1765.02,1765.02,1764.5,1764.84,34.25
1783328460000,1764.85,1765.24,1764.19,1765.04,48.37
1783328520000,1765.03,1765.39,1764.78,1765.19,76.45
1783328580000,1765.2,1765.2,1764.52,1765.17,83.67
1783328640000,1765.16,1765.25,1764.1,1764.14,46.11
1783328700000,1764.14,1764.73,1763.69,1764.61,114.16
1783328760000,1764.61,1764.62,1764.04,1764.1,57.84
1783328820000,1764.05,1764.1,1763.6,1763.71,66.68
1783328880000,1763.7,1763.88,1763.41,1763.57,176.41
1783328940000,1763.56,1763.63,1763.37,1763.47,103.65
1783329000000,1763.46,1763.65,1762.73,1762.75,455.39
1783329060000,1762.75,1762.97,1762.34,1762.77,118.12
1783329120000,1762.77,1763.0,1762.75,1762.92,113.16
1783329180000,1762.92,1763.46,1762.92,1763.4,86.67
1783329240000,1763.46,1763.57,1762.62,1762.62,96.47
1783329300000,1762.63,1763.0,1762.45,1762.96,47.39
1783329360000,1762.95,1763.32,1762.95,1763.31,141.75
1783329420000,1763.42,1764.29,1763.42,1764.29,74.73
1783329480000,1764.28,1764.64,1763.99,1764.63,330.04
1783329540000,1764.62,1764.91,1763.63,1763.64,43.62
1783329600000,1763.64,1763.64,1762.44,1762.44,52.76
1783329660000,1762.38,1763.88,1760.97,1760.98,145.97
1783329720000,1760.97,1761.8,1760.25,1760.65,1529.83
1783329780000,1760.65,1762.59,1760.52,1762.55,227.06
1783329840000,1762.55,1762.86,1762.26,1762.43,113.44
1783329900000,1762.42,1762.43,1761.2,1761.91,44.57
1783329960000,1761.9,1761.91,1761.1,1761.37,74.3
1783330020000,1761.45,1761.59,1760.23,1761.59,200.15
1783330080000,1761.58,1762.22,1761.55,1761.63,121.65
1783330140000,1761.58,1762.0,1760.98,1761.92,29.88
1783330200000,1761.92,1762.03,1760.56,1760.98,89.18
1783330260000,1760.99,1761.11,1757.92,1760.04,3721.95
1783330320000,1760.04,1760.31,1758.15,1758.96,194.72
1783330380000,1759.05,1760.0,1758.08,1758.31,361.42
1783330440000,1758.37,1758.5,1757.26,1757.37,368.3
1783330500000,1757.4,1758.14,1757.0,1757.31,232.29
1783330560000,1757.3,1757.74,1757.08,1757.74,165.42
1783330620000,1757.74,1758.14,1756.22,1756.37,291.53
1783330680000,1756.37,1757.04,1756.06,1756.46,215.31
1783330740000,1756.46,1756.61,1755.41,1755.95,197.81
1783330800000,1755.95,1758.24,1755.29,1756.63,220.72
1783330860000,1756.64,1757.87,1756.57,1757.75,289.37
1783330920000,1757.74,1758.0,1757.01,1757.01,321.85
1783330980000,1757.01,1757.56,1757.0,1757.14,149.94
1783331040000,1757.14,1757.19,1756.57,1756.57,121.96
1783331100000,1756.58,1757.0,1755.31,1755.31,89.0
1783331160000,1755.32,1755.78,1755.18,1755.19,234.05
1783331220000,1755.19,1756.7,1755.18,1756.52,241.39
1783331280000,1756.47,1756.53,1755.4,1755.7,106.26
1783331340000,1755.69,1756.13,1755.21,1755.49,163.15
1783331400000,1755.5,1757.29,1755.5,1756.61,168.14
1783331460000,1756.61,1758.04,1756.55,1757.87,171.27
1783331520000,1757.87,1758.07,1757.47,1757.86,113.5
1783331580000,1757.87,1758.46,1757.69,1758.12,74.82
1783331640000,1758.13,1758.53,1758.13,1758.36,210.72
1783331700000,1758.41,1758.57,1757.9,1758.02,48.76
1783331760000,1758.02,1758.88,1758.01,1758.06,171.66
1783331820000,1758.06,1758.45,1757.52,1758.44,211.43
1783331880000,1758.45,1759.26,1758.4,1758.41,96.66
1783331940000,1758.4,1758.41,1758.14,1758.15,24.31
1783332000000,1758.14,1759.45,1757.5,1759.44,170.45
1783332060000,1759.41,1760.49,1759.29,1759.83,217.0
1783332120000,1759.84,1760.49,1759.78,1760.16,42.0
1783332180000,1760.15,1761.15,1760.15,1760.5,137.86
1783332240000,1760.49,1762.52,1760.49,1762.19,454.32
1783332300000,1762.16,1763.19,1761.64,1762.92,257.48
1783332360000,1762.92,1764.0,1762.76,1763.92,321.77
1783332420000,1763.93,1766.0,1763.76,1764.12,147.7
1783332480000,1764.29,1764.74,1763.74,1763.76,232.44
1783332540000,1763.76,1765.66,1763.76,1764.85,361.74
1783332600000,1764.86,1765.15,1764.67,1765.0,608.21
1783332660000,1765.0,1765.6,1764.51,1764.76,167.12
1783332720000,1764.76,1765.5,1764.52,1765.37,285.19
1783332780000,1765.36,1765.69,1765.17,1765.68,128.23
1783332840000,1765.69,1765.9,1765.08,1765.43,161.83
1783332900000,1765.44,1765.58,1765.31,1765.44,64.43
1783332960000,1765.43,1765.99,1764.9,1765.95,575.74
1783333020000,1765.95,1766.57,1765.6,1765.81,109.48
1783333080000,1765.82,1766.46,1765.57,1766.14,46.24
1783333140000,1766.13,1766.84,1765.53,1765.53,137.8
1783333200000,1765.53,1765.92,1765.26,1765.77,101.16
1783333260000,1765.77,1766.02,1765.39,1765.39,49.95
1783333320000,1765.39,1767.23,1765.39,1766.98,60.26
1783333380000,1766.98,1766.99,1766.16,1766.3,42.79
1783333440000,1766.29,1766.47,1766.21,1766.29,249.29
1783333500000,1766.28,1766.51,1766.12,1766.46,75.05
1783333560000,1766.45,1767.11,1766.43,1767.0,304.22
1783333620000,1767.0,1767.2,1766.31,1766.51,71.68
1783333680000,1766.51,1766.64,1766.03,1766.48,39.6
1783333740000,1766.48,1766.49,1766.29,1766.32,25.45
1783333800000,1766.33,1766.33,1765.72,1765.89,83.75
1783333860000,1765.89,1766.28,1765.66,1766.13,44.76
1783333920000,1766.12,1767.56,1766.12,1767.36,452.65
1783333980000,1767.37,1770.09,1767.36,1769.98,483.06
1783334040000,1770.1,1770.52,1768.47,1768.99,340.95
1783334100000,1768.99,1768.99,1768.42,1768.42,175.0
1783334160000,1768.43,1769.95,1768.43,1769.81,177.83
1783334220000,1769.88,1770.55,1769.8,1770.14,96.94
1783334280000,1770.13,1770.99,1770.12,1770.67,240.93
1783334340000,1770.68,1773.52,1770.63,1773.23,425.63
1783334400000,1773.28,1773.56,1770.82,1771.23,314.68
1783334460000,1771.22,1771.71,1770.21,1770.64,364.33
1783334520000,1770.64,1771.23,1770.38,1770.88,102.86
1783334580000,1770.81,1771.06,1770.57,1771.03,213.22
1783334640000,1771.02,1772.42,1771.02,1771.92,217.85
1783334700000,1771.93,1772.23,1771.31,1771.83,108.87
1783334760000,1771.76,1771.78,1770.67,1770.77,332.46
1783334820000,1770.77,1771.12,1770.02,1770.28,217.5
1783334880000,1770.28,1770.92,1769.98,1769.98,38.44
1783334940000,1769.96,1770.81,1769.66,1769.8,490.65
1783335000000,1769.8,1770.32,1769.01,1770.02,168.92
1783335060000,1769.98,1770.62,1769.43,1770.38,60.2
1783335120000,1770.39,1771.06,1770.21,1770.94,189.62
1783335180000,1770.93,1770.94,1768.78,1768.82,263.17
1783335240000,1768.81,1769.0,1768.56,1768.91,335.99
1783335300000,1768.88,1769.3,1768.73,1769.19,135.9
1783335360000,1769.2,1769.4,1768.95,1769.37,212.8
1783335420000,1769.37,1769.37,1768.69,1769.05,78.93
1783335480000,1769.06,1769.72,1769.05,1769.47,63.62
1783335540000,1769.49,1770.28,1769.49,1770.27,28.43
1783335600000,1770.28,1772.87,1770.28,1772.76,275.97
1783335660000,1772.75,1772.76,1770.36,1771.05,51.15
1783335720000,1771.03,1771.42,1770.11,1770.13,50.83
1783335780000,1770.08,1771.01,1770.0,1771.01,63.98
1783335840000,1771.01,1771.01,1770.1,1770.1,73.0
1783335900000,1770.11,1770.11,1769.54,1769.55,86.86
1783335960000,1769.56,1769.82,1768.38,1768.63,167.83
1783336020000,1768.64,1768.83,1767.95,1768.03,240.7
1783336080000,1768.02,1768.19,1767.71,1768.19,273.44
1783336140000,1768.19,1768.55,1767.0,1767.36,318.25
1783336200000,1767.37,1767.74,1767.16,1767.42,123.42
1783336260000,1767.42,1768.08,1767.36,1767.87,75.2
1783336320000,1767.87,1767.98,1767.08,1767.71,164.55
1783336380000,1767.72,1767.83,1767.04,1767.75,40.12
1783336440000,1767.74,1767.75,1767.36,1767.71,45.14
1783336500000,1767.72,1767.94,1767.48,1767.48,26.64
1783336560000,1767.48,1767.49,1766.75,1767.03,166.83
1783336620000,1767.04,1767.6,1766.75,1767.6,682.92
1783336680000,1767.59,1768.11,1767.58,1768.05,481.92
1783336740000,1768.05,1769.31,1768.04,1769.31,308.84
1783336800000,1769.31,1769.32,1768.58,1768.93,59.25
1783336860000,1768.92,1769.93,1768.92,1769.57,104.54
1783336920000,1769.58,1769.58,1768.37,1769.09,32.08
1783336980000,1769.23,1770.69,1769.23,1770.28,75.86
1783337040000,1770.28,1771.27,1768.65,1768.66,105.75
1783337100000,1768.67,1769.26,1768.34,1769.1,38.54
1783337160000,1769.1,1769.64,1769.08,1769.53,42.8
1783337220000,1769.53,1769.53,1768.43,1768.55,40.25
1783337280000,1768.54,1768.58,1768.42,1768.57,21.02
1783337340000,1768.56,1769.08,1768.5,1768.5,121.99
1783337400000,1768.49,1769.35,1768.1,1769.34,34.95
1783337460000,1769.35,1770.19,1769.18,1770.19,229.81
1783337520000,1770.19,1771.76,1769.97,1771.69,122.54
1783337580000,1771.73,1774.3,1771.73,1773.46,486.92
1783337640000,1773.47,1773.96,1773.0,1773.44,295.55
1783337700000,1773.44,1773.57,1772.81,1773.35,70.89
1783337760000,1773.35,1773.9,1772.94,1773.9,208.05
1783337820000,1773.9,1774.89,1773.0,1773.0,279.28
1783337880000,1773.0,1773.0,1770.19,1770.2,412.53
1783337940000,1770.19,1771.41,1770.18,1770.85,353.22
1783338000000,1770.84,1771.67,1770.82,1771.64,144.97
1783338060000,1771.65,1771.85,1770.63,1770.83,35.49
1783338120000,1770.83,1771.19,1770.43,1771.18,23.67
1783338180000,1771.18,1771.59,1771.03,1771.49,26.08
1783338240000,1771.49,1772.49,1771.35,1772.11,34.44
1783338300000,1772.1,1772.74,1772.07,1772.74,28.56
1783338360000,1772.77,1773.36,1772.67,1773.04,274.48
1783338420000,1773.05,1773.05,1772.01,1772.09,43.72
1783338480000,1772.1,1772.1,1771.11,1771.57,119.67
1783338540000,1771.57,1772.05,1771.5,1771.79,40.38
1783338600000,1771.78,1771.82,1771.1,1771.17,22.35
1783338660000,1771.18,1771.99,1771.17,1771.95,23.58
1783338720000,1771.94,1771.99,1771.42,1771.75,107.95
1783338780000,1771.75,1772.3,1771.68,1772.01,22.6
1783338840000,1772.02,1772.02,1771.33,1771.57,324.17
1783338900000,1771.57,1772.99,1771.56,1772.88,184.24
1783338960000,1772.88,1772.89,1772.35,1772.41,29.24
1783339020000,1772.42,1772.42,1764.31,1764.31,1491.49
1783339080000,1764.35,1765.94,1763.52,1764.71,959.38
1783339140000,1764.7,1764.71,1758.57,1758.57,1090.42
1783339200000,1758.55,1759.69,1753.44,1755.85,2754.24
1783339260000,1755.84,1758.54,1754.61,1755.04,484.02
1783339320000,1755.0,1755.58,1749.46,1752.81,1142.45
1783339380000,1752.76,1753.91,1741.75,1745.47,2584.74
1783339440000,1745.47,1747.35,1737.68,1738.99,1352.24
1783339500000,1738.98,1740.72,1735.66,1739.07,1343.67
1783339560000,1739.02,1743.57,1738.12,1741.3,1239.86
1783339620000,1741.32,1741.32,1734.67,1737.29,1148.11
1783339680000,1737.32,1742.09,1736.73,1741.27,981.18
1783339740000,1741.3,1743.54,1740.46,1741.88,717.77
1783339800000,1741.89,1743.57,1741.46,1742.04,391.93
1783339860000,1742.03,1745.73,1741.54,1745.33,623.25
1783339920000,1745.34,1749.03,1745.34,1748.82,716.73
1783339980000,1748.81,1751.24,1747.75,1748.01,1052.68
1783340040000,1747.98,1748.04,1745.77,1746.84,475.77
1783340100000,1746.88,1749.09,1746.57,1749.05,361.32
1783340160000,1749.26,1750.25,1745.38,1747.82,525.81
1783340220000,1747.89,1749.67,1747.3,1749.67,311.63
1783340280000,1750.0,1750.83,1748.94,1750.58,702.2
1783340340000,1750.59,1751.87,1749.62,1749.82,828.55
1783340400000,1749.88,1751.06,1748.89,1749.19,218.6
1783340460000,1749.18,1749.98,1748.02,1749.2,328.38
1783340520000,1749.2,1749.27,1746.88,1746.95,90.64
1783340580000,1746.94,1747.72,1745.7,1747.06,377.19
1783340640000,1747.03,1749.08,1746.41,1748.7,571.49
1783340700000,1748.67,1750.38,1747.77,1748.26,177.47
1783340760000,1748.18,1748.65,1746.26,1747.38,228.59
1783340820000,1747.33,1748.17,1746.81,1748.08,83.15
1783340880000,1748.07,1749.87,1747.57,1749.69,170.25
1783340940000,1749.62,1749.62,1748.21,1749.05,153.66
1783341000000,1749.05,1749.36,1746.61,1749.32,71.92
1783341060000,1749.31,1751.07,1749.27,1749.28,144.11
1783341120000,1749.15,1751.46,1748.83,1751.45,941.18
1783341180000,1751.46,1751.47,1749.4,1749.86,206.6
1783341240000,1749.86,1751.71,1749.86,1751.54,78.98
1783341300000,1751.53,1751.61,1750.57,1750.75,96.71
1783341360000,1750.69,1751.28,1750.07,1751.1,135.6
1783341420000,1751.09,1751.1,1748.29,1748.41,147.21
1783341480000,1748.42,1750.0,1747.93,1748.63,451.39
1783341540000,1748.63,1749.19,1748.02,1748.04,688.81
1783341600000,1748.01,1748.28,1747.11,1747.69,283.45
1783341660000,1747.68,1748.12,1746.25,1746.57,213.67
1783341720000,1746.55,1747.28,1745.26,1745.39,415.19
1783341780000,1745.4,1745.55,1738.78,1740.66,1602.06
1783341840000,1740.3,1740.31,1738.5,1739.62,362.34
1783341900000,1739.61,1739.85,1736.05,1736.47,1488.19
1783341960000,1736.71,1736.8,1735.21,1735.98,1305.3
1783342020000,1735.94,1739.85,1735.94,1739.67,757.18
1783342080000,1739.69,1739.72,1737.55,1738.21,255.19
1783342140000,1738.23,1739.3,1736.98,1738.8,189.67
1783342200000,1738.81,1741.95,1738.49,1741.56,472.0
1783342260000,1741.55,1741.56,1740.31,1741.25,175.02
1783342320000,1741.32,1744.12,1741.32,1743.97,875.12
1783342380000,1744.04,1745.33,1742.91,1743.35,555.02
1783342440000,1743.34,1744.63,1743.31,1744.55,195.76
1783342500000,1744.55,1745.26,1743.78,1743.79,193.84
1783342560000,1743.79,1744.7,1743.65,1743.65,98.64
1783342620000,1743.66,1744.04,1742.57,1742.67,75.63
1783342680000,1742.66,1742.67,1741.62,1741.71,184.13
1783342740000,1741.71,1742.26,1739.25,1739.98,127.16
1783342800000,1739.98,1740.64,1738.7,1740.42,133.54
1783342860000,1740.42,1741.07,1738.42,1739.68,75.78
1783342920000,1739.69,1739.86,1733.27,1733.51,2385.79
1783342980000,1733.51,1734.43,1732.66,1732.79,706.15
1783343040000,1732.78,1733.84,1731.0,1732.59,1419.8
1783343100000,1732.55,1734.24,1732.32,1734.0,504.6
1783343160000,1733.99,1736.5,1733.96,1736.08,434.77
1783343220000,1736.18,1737.8,1735.18,1736.57,268.46
1783343280000,1736.57,1736.82,1735.0,1736.21,210.01
1783343340000,1736.2,1737.0,1736.07,1737.0,400.79
1783343400000,1737.0,1738.7,1737.0,1737.73,367.14
1783343460000,1737.74,1738.1,1736.37,1737.57,145.25
1783343520000,1737.57,1738.52,1737.07,1737.07,323.74
1783343580000,1737.08,1737.67,1736.26,1736.36,576.37
1783343640000,1736.36,1737.06,1734.34,1734.34,118.91
1783343700000,1734.34,1737.78,1734.34,1736.58,132.3
1783343760000,1736.58,1738.0,1732.51,1732.7,348.51
1783343820000,1732.71,1734.36,1732.08,1733.27,127.49
1783343880000,1733.31,1734.38,1732.12,1733.77,148.44
1783343940000,1733.77,1735.0,1733.65,1734.89,87.68
1783344000000,1734.9,1736.13,1732.87,1732.88,447.8
1783344060000,1732.93,1736.7,1732.93,1735.82,344.59
1783344120000,1735.81,1735.83,1734.56,1735.83,128.14
1783344180000,1735.87,1738.0,1735.87,1737.78,173.93
1783344240000,1737.77,1737.87,1736.53,1736.62,404.96
1783344300000,1736.75,1736.75,1732.93,1734.04,119.78
1783344360000,1734.05,1735.15,1733.6,1735.03,123.2
1783344420000,1735.03,1735.03,1732.79,1732.88,145.1
1783344480000,1732.82,1735.16,1731.31,1735.15,157.72
1783344540000,1735.16,1735.93,1733.88,1734.43,91.48
1783344600000,1734.42,1741.48,1732.88,1741.02,437.39
1783344660000,1740.94,1742.24,1733.82,1734.54,513.31
1783344720000,1734.57,1739.72,1734.11,1739.5,215.96
1783344780000,1739.5,1739.89,1737.38,1739.72,234.61
1783344840000,1739.59,1740.67,1738.9,1739.81,448.63
1783344900000,1739.8,1741.56,1737.68,1741.44,210.84
1783344960000,1741.49,1741.49,1735.1,1735.5,368.06
1783345020000,1735.56,1738.12,1735.05,1736.64,171.97
1783345080000,1736.78,1737.36,1729.38,1731.41,1690.27
1783345140000,1731.7,1737.4,1730.82,1737.4,494.69
1783345200000,1737.41,1739.73,1735.61,1739.69,348.67
1783345260000,1739.74,1741.49,1739.58,1739.95,182.29
1783345320000,1740.19,1740.42,1737.7,1738.14,120.07
1783345380000,1738.15,1740.74,1738.02,1740.38,81.0
1783345440000,1740.4,1744.28,1740.4,1743.92,458.76
1783345500000,1743.92,1746.9,1743.71,1745.27,921.46
1783345560000,1745.34,1746.0,1741.31,1741.31,453.3
1783345620000,1741.32,1747.72,1741.3,1746.88,247.52
1783345680000,1746.88,1748.32,1746.0,1746.22,267.33
1783345740000,1746.22,1748.86,1745.83,1748.74,380.63
1783345800000,1748.87,1751.99,1747.54,1749.99,924.58
1783345860000,1749.98,1752.84,1749.88,1752.65,1089.65
1783345920000,1752.58,1752.58,1749.06,1749.09,940.96
1783345980000,1749.11,1751.56,1748.81,1749.88,375.05
1783346040000,1749.84,1751.0,1748.93,1749.1,192.29
1783346100000,1748.96,1749.68,1747.84,1748.6,330.71
1783346160000,1748.62,1749.16,1747.53,1747.68,192.65
1783346220000,1747.59,1748.91,1747.07,1748.42,128.96
1783346280000,1748.34,1748.34,1744.68,1745.41,412.18
1783346340000,1745.45,1745.9,1743.92,1743.92,318.57
1783346400000,1744.08,1745.82,1743.04,1745.14,636.21
1783346460000,1745.15,1748.6,1744.47,1748.09,509.14
1783346520000,1748.2,1748.33,1744.25,1744.78,160.19
1783346580000,1744.65,1746.08,1743.54,1743.54,73.48
1783346640000,1743.54,1744.96,1742.22,1744.82,119.78
1783346700000,1744.82,1744.83,1742.41,1742.98,139.65
1783346760000,1742.97,1744.97,1742.7,1744.04,320.87
1783346820000,1744.27,1744.68,1742.82,1744.26,103.33
1783346880000,1744.25,1745.0,1743.07,1743.65,69.13
1783346940000,1743.59,1746.96,1743.42,1745.81,160.94
1783347000000,1745.81,1746.7,1744.78,1746.4,144.15
1783347060000,1746.41,1746.67,1743.24,1743.42,38.69
1783347120000,1743.51,1746.3,1743.19,1745.84,103.51
1783347180000,1745.83,1749.69,1745.72,1749.6,156.27
1783347240000,1749.6,1749.73,1746.27,1747.08,153.98
1783347300000,1747.08,1747.87,1746.67,1747.4,167.41
1783347360000,1747.4,1748.4,1746.08,1748.28,51.37
1783347420000,1748.28,1748.58,1745.25,1746.8,45.35
1783347480000,1746.76,1746.94,1742.5,1743.7,166.65
1783347540000,1743.59,1744.49,1742.93,1743.82,78.74
1783347600000,1743.88,1744.9,1742.8,1743.22,59.0
1783347660000,1743.22,1743.32,1741.57,1741.57,94.51
1783347720000,1741.57,1744.52,1741.18,1744.52,281.18
1783347780000,1744.63,1752.79,1744.63,1752.79,374.96
1783347840000,1752.89,1753.28,1746.65,1747.62,696.49
1783347900000,1747.75,1762.09,1747.74,1759.95,2906.97
1783347960000,1759.93,1760.69,1754.69,1757.32,844.37
1783348020000,1757.31,1757.5,1753.84,1755.03,462.78
1783348080000,1755.05,1755.5,1751.87,1752.69,662.68
1783348140000,1752.71,1752.89,1750.66,1751.0,685.36
1783348200000,1750.92,1754.08,1750.41,1752.56,551.15
1783348260000,1752.53,1755.2,1752.45,1754.43,271.3
1783348320000,1754.47,1755.42,1752.95,1753.02,564.83
1783348380000,1753.01,1754.93,1752.03,1752.59,45.8
1783348440000,1752.59,1753.28,1750.77,1751.57,191.53
1783348500000,1751.54,1752.97,1750.6,1752.88,223.83
1783348560000,1752.88,1753.48,1752.17,1752.31,32.87
1783348620000,1752.15,1752.43,1748.69,1749.19,278.3
1783348680000,1749.2,1752.44,1748.96,1752.12,218.8
1783348740000,1752.1,1753.52,1751.14,1753.52,151.18
1783348800000,1753.51,1754.92,1752.16,1753.64,93.8
1783348860000,1753.65,1755.1,1752.15,1752.65,264.87
1783348920000,1752.69,1753.7,1751.17,1752.04,152.73
1783348980000,1752.03,1753.57,1751.96,1752.67,48.93
1783349040000,1752.67,1753.2,1751.54,1751.55,140.02
1783349100000,1751.56,1752.55,1750.08,1750.43,155.57
1783349160000,1750.43,1750.95,1749.83,1750.24,80.27
1783349220000,1750.24,1752.05,1750.24,1751.34,90.85
1783349280000,1751.33,1751.34,1750.16,1750.29,60.73
1783349340000,1750.3,1750.69,1747.3,1747.83,235.48
1783349400000,1747.84,1749.55,1747.34,1749.3,150.75
1783349460000,1749.36,1749.44,1747.48,1747.49,110.4
1783349520000,1747.45,1748.35,1744.59,1747.48,680.06
1783349580000,1747.5,1749.48,1747.38,1749.48,45.76
1783349640000,1749.49,1749.82,1749.0,1749.16,220.9
1783349700000,1749.15,1749.33,1748.5,1748.95,49.88
1783349760000,1748.95,1749.41,1748.59,1748.93,64.47
1783349820000,1748.93,1750.82,1748.93,1750.74,50.85
1783349880000,1750.74,1750.91,1749.1,1749.41,34.61
1783349940000,1749.41,1750.98,1749.37,1750.98,98.96
1783350000000,1751.0,1751.8,1750.71,1751.39,59.83
1783350060000,1751.4,1753.05,1750.83,1752.27,160.01
1783350120000,1752.28,1753.99,1752.27,1753.99,149.05
1783350180000,1754.0,1756.59,1754.0,1756.08,406.17
1783350240000,1756.04,1757.5,1755.51,1756.35,447.55
1783350300000,1756.33,1757.5,1755.46,1757.5,191.2
1783350360000,1757.55,1758.67,1756.72,1758.52,423.11
1783350420000,1758.53,1759.52,1757.12,1757.21,130.69
1783350480000,1757.21,1759.08,1757.21,1758.8,333.03
1783350540000,1758.81,1765.99,1758.8,1761.14,1777.55
1783350600000,1761.14,1762.7,1760.11,1761.75,385.38
1783350660000,1761.74,1762.5,1760.32,1760.33,193.96
1783350720000,1760.32,1761.55,1759.08,1761.16,245.09
1783350780000,1761.28,1762.66,1760.7,1761.11,131.02
1783350840000,1761.22,1763.08,1761.05,1762.59,111.68
1783350900000,1762.48,1765.0,1761.71,1764.44,652.2
1783350960000,1764.44,1764.45,1761.29,1761.29,528.92
1783351020000,1761.2,1761.88,1760.4,1761.48,175.39
1783351080000,1761.47,1761.48,1759.3,1760.62,517.7
1783351140000,1760.63,1761.77,1759.38,1761.24,404.79
1783351200000,1761.24,1761.36,1759.29,1759.57,281.27
1783351260000,1759.55,1760.78,1759.5,1760.16,326.91
1783351320000,1760.18,1761.37,1759.03,1761.13,295.2
1783351380000,1761.13,1762.35,1759.86,1759.86,157.87
1783351440000,1759.86,1760.31,1759.28,1759.53,80.2
1783351500000,1759.53,1759.92,1758.02,1759.44,92.19
1783351560000,1759.44,1761.05,1759.44,1760.6,135.51
1783351620000,1760.59,1762.17,1759.94,1761.86,68.05
1783351680000,1761.98,1762.87,1760.91,1762.33,191.39
1783351740000,1762.39,1765.89,1762.39,1764.9,651.69
1783351800000,1764.83,1765.28,1762.96,1763.25,324.63
1783351860000,1763.32,1764.99,1763.04,1764.99,87.96
1783351920000,1764.99,1765.73,1762.93,1763.8,147.28
1783351980000,1763.81,1763.81,1761.09,1761.76,830.64
1783352040000,1761.83,1763.0,1761.29,1761.35,47.93
1783352100000,1761.34,1761.46,1758.91,1759.58,148.76
1783352160000,1759.6,1762.53,1759.48,1761.94,294.14
1783352220000,1761.93,1761.93,1760.57,1761.72,40.16
1783352280000,1761.73,1762.61,1761.49,1761.66,161.93
1783352340000,1761.75,1762.86,1761.62,1762.63,104.81
1783352400000,1762.5,1763.87,1762.1,1762.79,87.9
1783352460000,1762.79,1772.47,1762.36,1771.14,2160.19
1783352520000,1771.06,1773.71,1768.96,1770.86,900.92
1783352580000,1770.86,1775.67,1770.52,1774.65,1326.86
1783352640000,1774.72,1780.84,1774.72,1776.87,2546.66
1783352700000,1776.88,1776.88,1774.63,1774.71,379.32
1783352760000,1774.68,1775.02,1772.75,1773.68,659.08
1783352820000,1773.68,1774.52,1772.17,1774.3,279.75
1783352880000,1774.31,1774.33,1771.91,1771.91,197.25
1783352940000,1771.92,1774.7,1770.51,1773.95,248.64
1783353000000,1773.94,1782.83,1773.43,1782.83,844.2
1783353060000,1782.81,1787.21,1781.74,1783.24,2169.92
1783353120000,1783.16,1783.16,1779.44,1781.49,611.96
1783353180000,1781.43,1785.16,1780.53,1784.06,180.23
1783353240000,1784.02,1786.31,1782.82,1785.27,885.09
1783353300000,1785.3,1787.83,1783.67,1784.69,1132.39
1783353360000,1784.83,1785.73,1784.04,1784.49,121.16
1783353420000,1784.49,1786.64,1783.77,1785.43,192.13
1783353480000,1785.44,1787.35,1784.17,1786.8,337.22
1783353540000,1786.81,1788.31,1786.46,1787.85,321.56
1783353600000,1787.81,1788.71,1781.82,1782.1,571.68
1783353660000,1782.04,1785.76,1781.64,1785.62,245.43
1783353720000,1785.69,1787.73,1785.65,1787.11,319.71
1783353780000,1787.1,1787.54,1783.97,1784.29,136.3
1783353840000,1784.28,1786.51,1784.28,1785.43,115.31
1783353900000,1785.43,1785.91,1784.75,1785.21,80.28
1783353960000,1785.21,1786.26,1784.0,1784.0,200.86
1783354020000,1784.0,1790.67,1784.0,1790.61,788.23
1783354080000,1790.71,1795.6,1790.0,1793.53,1494.19
1783354140000,1793.5,1795.25,1792.26,1793.23,634.49
1783354200000,1793.18,1799.44,1793.17,1798.68,688.86
1783354260000,1798.69,1802.6,1798.14,1802.42,1902.07
1783354320000,1802.68,1803.51,1798.15,1800.23,1656.73
1783354380000,1800.41,1803.64,1800.11,1801.97,1364.9
1783354440000,1801.94,1802.88,1799.66,1799.66,1001.53
1783354500000,1799.75,1803.83,1799.35,1801.27,531.27
1783354560000,1801.4,1802.15,1798.9,1800.57,171.4
1783354620000,1800.6,1801.41,1796.13,1797.64,503.58
1783354680000,1797.64,1800.95,1797.03,1799.3,998.95
1783354740000,1799.29,1804.29,1799.29,1804.24,1023.41
1783354800000,1804.11,1804.7,1801.62,1801.62,1150.98
1783354860000,1801.48,1801.48,1798.54,1798.54,511.49
1783354920000,1798.5,1798.95,1796.63,1797.13,859.2
1783354980000,1797.12,1797.45,1795.65,1796.12,235.88
1783355040000,1796.11,1796.16,1790.8,1792.38,1732.04
1783355100000,1792.06,1792.09,1789.95,1790.05,1325.91
1783355160000,1790.02,1790.02,1787.54,1788.14,519.75
1783355220000,1787.96,1789.49,1785.02,1785.51,588.75
1783355280000,1785.51,1787.94,1785.51,1786.84,230.01
1783355340000,1786.85,1788.5,1786.85,1787.2,394.19
1783355400000,1787.2,1789.51,1786.71,1788.86,327.79
1783355460000,1788.83,1792.0,1788.34,1791.29,267.86
1783355520000,1791.05,1791.49,1788.77,1790.15,273.89
1783355580000,1790.16,1796.71,1790.16,1792.87,521.81
1783355640000,1792.68,1794.76,1790.81,1791.4,252.88
1783355700000,1791.41,1792.19,1791.04,1791.04,319.2
1783355760000,1791.0,1792.98,1790.49,1792.67,173.36
1783355820000,1792.65,1795.92,1792.54,1792.73,364.27
1783355880000,1792.59,1792.84,1790.46,1791.54,116.3
1783355940000,1791.53,1793.89,1791.53,1792.17,133.95
1783356000000,1792.17,1792.98,1791.29,1792.39,51.45
1783356060000,1792.33,1794.18,1791.67,1792.0,146.01
1783356120000,1791.97,1792.77,1791.65,1792.52,180.6
1783356180000,1792.52,1793.14,1792.29,1792.51,40.3
1783356240000,1792.49,1794.56,1792.46,1794.31,79.14
1783356300000,1794.27,1794.82,1792.3,1793.36,117.11
1783356360000,1793.36,1795.25,1793.36,1795.03,92.81
1783356420000,1795.04,1795.88,1793.37,1793.55,91.14
1783356480000,1793.54,1793.96,1792.03,1793.73,188.56
1783356540000,1793.73,1793.85,1792.09,1792.68,277.11
1783356600000,1792.68,1793.22,1791.64,1792.67,82.67
1783356660000,1792.67,1793.0,1791.51,1792.24,97.79
1783356720000,1792.23,1793.76,1792.05,1792.88,145.11
1783356780000,1792.89,1793.12,1791.86,1792.87,165.96
1783356840000,1792.86,1792.86,1791.36,1791.6,53.52
1783356900000,1791.59,1791.93,1790.75,1790.77,66.75
1783356960000,1790.77,1790.83,1789.8,1790.32,132.61
1783357020000,1790.28,1791.04,1790.25,1790.66,65.78
1783357080000,1790.66,1791.02,1790.23,1790.27,33.51
1783357140000,1790.26,1791.95,1790.26,1791.85,63.33
1783357200000,1791.86,1791.89,1790.55,1791.52,82.24
1783357260000,1791.5,1791.51,1788.45,1789.52,107.34
1783357320000,1789.49,1790.66,1788.47,1788.92,158.87
1783357380000,1788.91,1791.76,1788.84,1791.26,72.55
1783357440000,1791.44,1791.87,1790.2,1790.3,122.91
1783357500000,1790.29,1792.23,1789.96,1792.07,46.97
1783357560000,1792.1,1794.43,1792.1,1794.28,249.83
1783357620000,1794.21,1794.21,1791.88,1793.06,104.17
1783357680000,1792.97,1794.8,1792.25,1794.78,74.42
1783357740000,1794.78,1796.05,1794.38,1794.38,498.4
1783357800000,1794.37,1794.75,1792.13,1792.39,94.23
1783357860000,1792.4,1792.51,1790.01,1790.3,392.27
1783357920000,1790.25,1792.07,1789.74,1791.99,78.49
1783357980000,1791.99,1792.6,1791.77,1792.33,172.47
1783358040000,1792.29,1793.1,1791.66,1792.64,109.26
1783358100000,1792.65,1794.09,1792.64,1793.58,46.21
1783358160000,1793.6,1794.16,1793.38,1793.89,42.18
1783358220000,1793.88,1794.23,1793.26,1793.99,132.4
1783358280000,1793.99,1795.1,1793.35,1793.73,136.87
1783358340000,1793.73,1795.3,1792.94,1795.2,86.53
1783358400000,1795.2,1795.35,1793.59,1794.03,86.27
1783358460000,1794.02,1794.36,1793.65,1793.8,97.52
1783358520000,1793.8,1794.5,1792.7,1794.34,324.0
1783358580000,1794.45,1797.15,1794.45,1795.76,772.76
1783358640000,1795.64,1796.85,1794.97,1795.6,102.82
1783358700000,1795.59,1797.55,1795.55,1796.82,298.98
1783358760000,1796.82,1799.62,1796.81,1797.62,568.69
1783358820000,1797.63,1798.63,1797.15,1797.71,344.91
1783358880000,1797.71,1798.12,1797.06,1798.04,93.95
1783358940000,1797.98,1798.26,1795.05,1795.37,311.82
1783359000000,1795.37,1796.35,1793.43,1794.02,532.67
1783359060000,1794.0,1795.91,1794.0,1795.3,52.55
1783359120000,1795.39,1795.9,1795.02,1795.17,54.18
1783359180000,1795.15,1796.54,1795.15,1796.29,104.27
1783359240000,1796.29,1796.49,1792.54,1792.67,402.83
1783359300000,1792.63,1792.66,1790.68,1790.92,507.57
1783359360000,1790.94,1790.95,1787.86,1787.86,539.64
1783359420000,1787.87,1790.13,1787.87,1789.66,1020.55
1783359480000,1789.66,1791.75,1789.5,1790.33,159.3
1783359540000,1790.34,1790.62,1789.31,1790.44,113.11
1783359600000,1790.43,1790.68,1789.81,1790.5,37.47
1783359660000,1790.5,1790.51,1789.42,1789.45,43.84
1783359720000,1789.45,1789.91,1787.22,1788.02,333.59
1783359780000,1788.03,1789.4,1788.03,1788.99,26.22
1783359840000,1788.82,1789.3,1788.39,1788.55,265.13
1783359900000,1788.56,1788.78,1786.38,1788.69,172.74
1783359960000,1788.69,1790.13,1788.68,1789.89,137.11
1783360020000,1789.98,1790.48,1789.06,1789.59,56.16
1783360080000,1789.59,1790.2,1789.1,1789.1,228.38
1783360140000,1789.1,1789.94,1788.54,1789.1,100.18
1783360200000,1789.1,1792.51,1789.1,1792.16,70.11
1783360260000,1792.15,1792.42,1791.18,1791.34,72.69
1783360320000,1791.35,1791.91,1788.14,1788.14,46.79
1783360380000,1788.14,1788.68,1786.93,1787.52,276.68
1783360440000,1787.44,1787.78,1786.99,1787.21,39.36
1783360500000,1787.2,1787.51,1786.8,1786.97,814.86
1783360560000,1786.98,1787.7,1786.59,1786.76,192.53
1783360620000,1786.75,1787.37,1786.74,1786.97,286.08
1783360680000,1786.96,1787.21,1786.38,1787.01,48.94
1783360740000,1787.0,1787.65,1787.0,1787.46,30.66
1783360800000,1787.46,1787.95,1786.0,1786.52,455.64
1783360860000,1786.52,1787.18,1786.48,1787.07,155.69
1783360920000,1787.08,1788.59,1787.07,1787.69,594.4
1783360980000,1787.71,1789.57,1787.53,1789.42,283.8
1783361040000,1789.31,1789.74,1788.51,1789.55,134.3
1783361100000,1789.59,1789.72,1788.48,1789.06,24.55
1783361160000,1789.05,1789.89,1788.42,1788.53,328.46
1783361220000,1788.53,1789.41,1788.24,1789.22,25.34
1783361280000,1789.19,1789.67,1788.46,1789.45,28.27
1783361340000,1789.45,1789.45,1788.46,1788.93,153.0
1783361400000,1788.92,1789.66,1788.74,1789.51,50.59
1783361460000,1789.5,1790.19,1789.05,1789.06,152.82
1783361520000,1789.07,1789.57,1788.82,1789.42,51.21
1783361580000,1789.41,1789.52,1787.43,1787.82,67.0
1783361640000,1787.82,1788.74,1787.79,1788.39,21.33
1783361700000,1788.39,1790.0,1788.39,1789.93,41.02
1783361760000,1789.93,1791.33,1789.87,1790.23,117.5
1783361820000,1790.22,1790.23,1789.09,1789.56,37.45
1783361880000,1789.56,1789.66,1786.54,1787.72,733.93
1783361940000,1787.72,1788.82,1787.1,1788.42,185.61
1783362000000,1788.43,1791.41,1788.42,1791.41,56.39
1783362060000,1791.41,1791.81,1790.84,1791.3,74.39
1783362120000,1791.3,1793.16,1790.92,1793.14,132.28
1783362180000,1793.11,1793.11,1791.98,1792.56,172.76
1783362240000,1792.55,1792.97,1792.11,1792.82,25.44
1783362300000,1792.82,1792.86,1791.73,1792.31,75.82
1783362360000,1792.31,1795.6,1792.31,1794.81,173.17
1783362420000,1794.76,1794.76,1793.17,1793.17,109.65
1783362480000,1793.17,1793.3,1790.6,1791.11,172.71
1783362540000,1791.08,1791.88,1791.08,1791.78,23.98
1783362600000,1791.84,1791.95,1790.58,1791.62,373.25
1783362660000,1791.55,1792.0,1790.94,1791.96,66.08
1783362720000,1791.96,1792.12,1790.32,1790.98,83.96
1783362780000,1790.79,1792.01,1790.77,1791.99,70.17
1783362840000,1791.96,1791.96,1790.52,1790.52,64.53
1783362900000,1790.51,1791.72,1789.76,1791.63,61.98
1783362960000,1791.63,1793.78,1791.63,1793.27,85.0
1783363020000,1793.28,1794.77,1793.18,1794.46,62.69
1783363080000,1794.42,1795.37,1793.08,1793.08,36.69
1783363140000,1793.01,1793.32,1792.21,1792.84,106.94
1783363200000,1792.83,1793.86,1792.04,1793.3,38.1
1783363260000,1793.31,1793.42,1792.6,1793.28,25.66
1783363320000,1793.27,1793.83,1792.95,1793.82,49.2
1783363380000,1793.81,1794.26,1793.23,1794.14,44.61
1783363440000,1794.14,1794.17,1792.97,1793.19,54.62
1783363500000,1793.19,1793.48,1792.52,1793.48,31.14
1783363560000,1793.47,1793.84,1792.16,1793.84,33.24
1783363620000,1793.83,1794.37,1792.5,1793.19,51.56
1783363680000,1793.19,1793.34,1792.36,1792.45,42.32
1783363740000,1792.45,1793.25,1792.22,1793.22,41.6
1783363800000,1793.21,1794.1,1793.09,1793.91,47.97
1783363860000,1793.92,1794.94,1793.91,1794.13,101.49
1783363920000,1794.13,1794.77,1793.87,1794.35,31.38
1783363980000,1794.35,1794.51,1793.65,1794.15,78.66
1783364040000,1794.15,1794.33,1793.7,1793.73,55.74
1783364100000,1793.72,1794.11,1791.88,1792.09,168.05
1783364160000,1792.1,1793.0,1791.38,1792.98,162.48
1783364220000,1792.98,1793.06,1792.66,1792.77,27.6
1783364280000,1792.76,1792.97,1791.62,1791.81,48.34
1783364340000,1791.82,1791.91,1791.27,1791.91,24.14
1783364400000,1791.91,1792.28,1791.61,1792.28,51.57
1783364460000,1792.28,1793.07,1791.8,1792.83,60.94
1783364520000,1792.83,1793.01,1791.28,1791.28,24.85
1783364580000,1791.28,1792.48,1791.16,1791.53,27.26
1783364640000,1791.53,1791.53,1790.38,1790.81,287.23
1783364700000,1790.81,1791.85,1790.76,1791.58,55.65
1783364760000,1791.58,1793.37,1791.51,1793.37,64.4
1783364820000,1793.36,1793.36,1791.85,1792.09,35.36
1783364880000,1792.08,1792.35,1791.31,1792.06,103.6
1783364940000,1792.06,1793.66,1792.02,1793.08,32.72
1783365000000,1793.07,1794.08,1793.07,1793.83,51.11
1783365060000,1793.83,1793.84,1792.52,1792.96,36.22
1783365120000,1792.97,1793.25,1792.48,1793.25,52.87
1783365180000,1793.33,1793.33,1792.45,1793.23,116.37
1783365240000,1793.23,1794.94,1793.22,1794.53,155.6
1783365300000,1794.53,1795.35,1793.97,1794.82,479.45
1783365360000,1794.81,1795.03,1793.24,1793.68,32.99
1783365420000,1793.69,1794.51,1793.62,1793.91,41.07
1783365480000,1793.91,1795.53,1793.9,1795.03,183.99
1783365540000,1795.06,1795.5,1794.55,1795.08,132.83
1783365600000,1795.08,1795.92,1794.22,1794.88,190.97
1783365660000,1795.04,1796.42,1794.86,1795.25,204.9
1783365720000,1795.24,1795.46,1794.21,1795.41,30.59
1783365780000,1795.41,1797.45,1795.4,1797.42,108.07
1783365840000,1797.47,1797.83,1797.07,1797.64,150.11
1783365900000,1797.63,1797.99,1797.39,1797.74,350.82
1783365960000,1797.74,1797.76,1796.71,1797.06,137.38
1783366020000,1797.03,1797.03,1795.58,1795.58,64.13
1783366080000,1795.54,1796.5,1795.5,1796.23,52.14
1783366140000,1796.22,1796.36,1796.05,1796.27,52.46
1783366200000,1796.26,1796.75,1794.82,1794.83,234.98
1783366260000,1794.75,1794.75,1793.4,1793.72,455.59
1783366320000,1793.72,1794.21,1793.35,1794.17,279.91
1783366380000,1794.17,1794.36,1792.39,1792.96,120.87
1783366440000,1792.97,1793.98,1792.96,1793.98,334.71
1783366500000,1793.97,1794.44,1793.26,1793.26,87.11
1783366560000,1793.34,1793.86,1793.12,1793.57,21.96
1783366620000,1793.58,1794.38,1793.55,1794.0,245.65
1783366680000,1794.0,1794.39,1794.0,1794.34,10.79
1783366740000,1794.34,1794.34,1793.68,1793.85,310.77
1783366800000,1793.85,1793.89,1792.77,1793.04,126.38
1783366860000,1793.05,1794.61,1793.04,1794.61,47.22
1783366920000,1794.61,1795.89,1794.6,1795.23,35.76
1783366980000,1795.24,1795.44,1794.97,1794.98,57.68
1783367040000,1794.96,1795.32,1794.96,1795.31,35.57
1783367100000,1795.31,1796.27,1794.85,1795.76,36.34
1783367160000,1795.76,1795.96,1794.31,1794.97,36.11
1783367220000,1794.97,1795.57,1794.63,1795.57,26.31
1783367280000,1795.57,1796.64,1795.51,1796.63,58.67
1783367340000,1796.63,1796.7,1794.89,1795.18,29.13
1783367400000,1795.03,1795.03,1792.32,1793.95,76.99
1783367460000,1793.95,1794.12,1793.25,1793.32,59.21
1783367520000,1793.37,1794.49,1793.37,1793.77,109.39
1783367580000,1793.76,1794.71,1793.44,1794.71,61.24
1783367640000,1794.83,1795.06,1794.3,1794.73,29.25
1783367700000,1794.71,1794.82,1793.84,1794.66,163.28
1783367760000,1794.67,1795.16,1794.33,1794.46,29.27
1783367820000,1794.45,1794.57,1794.09,1794.23,24.79
1783367880000,1794.23,1794.37,1793.28,1793.28,201.58
1783367940000,1793.26,1793.26,1791.19,1791.79,507.36
1783368000000,1791.85,1792.48,1791.61,1791.93,147.67
1783368060000,1791.93,1792.01,1788.73,1788.74,119.91
1783368120000,1788.73,1789.73,1787.29,1788.94,76.62
1783368180000,1788.92,1788.92,1787.73,1787.74,258.45
1783368240000,1787.68,1788.2,1787.22,1787.49,91.74
1783368300000,1787.5,1788.42,1787.42,1788.27,49.31
1783368360000,1788.22,1788.5,1787.82,1788.08,84.36
1783368420000,1788.08,1789.24,1788.08,1788.34,189.68
1783368480000,1788.44,1789.22,1788.44,1788.9,67.32
1783368540000,1788.9,1788.9,1787.86,1787.86,121.37
1783368600000,1787.86,1787.92,1786.7,1786.75,99.23
1783368660000,1786.75,1787.75,1786.51,1787.31,38.37
1783368720000,1787.3,1787.34,1787.2,1787.31,43.77
1783368780000,1787.31,1788.2,1787.3,1787.61,22.43
1783368840000,1787.61,1787.69,1787.53,1787.66,84.02
1783368900000,1787.67,1788.74,1787.67,1788.74,55.37
1783368960000,1788.73,1788.74,1788.01,1788.3,34.11
1783369020000,1788.04,1788.08,1787.07,1787.07,31.31
1783369080000,1787.08,1787.81,1786.69,1786.89,170.72
1783369140000,1786.9,1787.36,1786.87,1787.12,26.05
1783369200000,1787.11,1787.8,1786.94,1787.04,34.14
1783369260000,1787.04,1788.8,1787.04,1788.48,38.81
1783369320000,1788.48,1789.46,1787.88,1788.18,137.9
1783369380000,1788.17,1789.06,1788.07,1788.08,25.13
1783369440000,1788.08,1788.49,1787.97,1787.98,23.95
1783369500000,1787.98,1789.96,1787.45,1789.18,140.77
1783369560000,1789.19,1789.2,1788.39,1788.44,23.53
1783369620000,1788.43,1789.41,1788.43,1789.17,79.7
1783369680000,1789.17,1790.04,1789.14,1790.01,40.74
1783369740000,1790.0,1790.77,1790.0,1790.7,22.8
1783369800000,1790.73,1791.61,1790.1,1791.17,46.02
1783369860000,1791.16,1794.87,1791.16,1793.94,620.06
1783369920000,1793.93,1795.0,1793.67,1793.93,308.65
1783369980000,1793.94,1794.27,1793.28,1794.13,82.4
1783370040000,1794.13,1795.62,1794.12,1795.3,423.19
1783370100000,1795.3,1795.31,1794.6,1794.87,35.56
1783370160000,1794.87,1794.88,1793.48,1793.49,60.46
1783370220000,1793.48,1794.18,1793.25,1793.71,22.63
1783370280000,1793.71,1794.07,1793.33,1793.34,91.88
1783370340000,1793.34,1793.48,1793.02,1793.48,86.03
1783370400000,1793.48,1794.22,1793.13,1794.22,35.02
1783370460000,1794.22,1794.22,1793.51,1794.21,21.18
1783370520000,1794.21,1794.22,1792.94,1792.94,36.94
1783370580000,1792.94,1792.95,1792.36,1792.71,24.9
1783370640000,1792.72,1792.8,1792.38,1792.47,24.35
1783370700000,1792.46,1792.47,1791.65,1791.99,44.82
1783370760000,1791.99,1792.47,1790.99,1792.43,26.37
1783370820000,1792.43,1792.57,1792.0,1792.52,28.78
1783370880000,1792.51,1792.8,1791.86,1792.09,61.08
1783370940000,1792.09,1792.95,1791.72,1792.94,20.13
1783371000000,1792.94,1792.99,1792.38,1792.86,64.18
1783371060000,1792.86,1793.3,1792.63,1792.83,20.29
1783371120000,1792.84,1794.36,1792.83,1794.36,72.2
1783371180000,1794.35,1795.63,1794.2,1795.62,41.69
1783371240000,1795.62,1795.78,1794.62,1795.56,83.05
1783371300000,1795.55,1795.68,1793.13,1793.38,223.82
1783371360000,1793.38,1793.97,1793.01,1793.13,21.49
1783371420000,1793.14,1793.61,1793.13,1793.58,21.6
1783371480000,1793.58,1793.94,1793.22,1793.34,25.05
1783371540000,1793.17,1793.42,1792.12,1792.36,67.11
1783371600000,1792.37,1793.25,1792.36,1793.25,42.63
1783371660000,1793.25,1793.66,1792.15,1792.62,24.19
1783371720000,1792.62,1792.77,1791.88,1791.93,69.36
1783371780000,1791.93,1792.62,1791.89,1792.61,28.56
1783371840000,1792.61,1793.39,1792.61,1792.67,27.4
1783371900000,1792.68,1793.49,1792.66,1793.45,30.2
1783371960000,1793.45,1794.1,1793.4,1794.1,21.62
1783372020000,1794.15,1795.21,1794.15,1794.69,143.02
1783372080000,1794.68,1796.09,1794.68,1796.08,84.79
1783372140000,1796.1,1824.55,1795.97,1823.16,8846.71
1783372200000,1823.47,1832.88,1822.7,1825.58,2348.45
1783372260000,1825.6,1827.49,1822.51,1823.2,444.66
1783372320000,1823.14,1823.89,1821.41,1821.98,379.68
1783372380000,1821.83,1822.08,1818.88,1819.17,941.52
1783372440000,1819.21,1820.6,1818.11,1818.87,224.05
1783372500000,1818.81,1820.0,1817.02,1819.84,252.81
1783372560000,1819.89,1819.89,1816.92,1816.98,179.46
1783372620000,1816.91,1816.91,1815.29,1816.49,365.76
1783372680000,1816.36,1818.0,1816.06,1817.6,104.16
1783372740000,1817.61,1819.22,1815.79,1816.99,127.5
1783372800000,1816.99,1817.05,1815.84,1815.95,367.57
1783372860000,1815.94,1816.68,1815.28,1816.68,166.19
1783372920000,1816.68,1817.36,1815.53,1817.23,94.41
1783372980000,1817.24,1817.25,1816.11,1816.84,295.07
1783373040000,1816.69,1817.92,1815.75,1815.75,95.9
1783373100000,1815.76,1815.94,1812.32,1813.13,352.45
1783373160000,1813.13,1815.35,1813.13,1814.93,353.23
1783373220000,1814.92,1814.98,1813.47,1814.48,50.6
1783373280000,1814.48,1814.8,1813.35,1814.35,81.0
1783373340000,1814.36,1814.37,1812.53,1812.53,123.04
1783373400000,1812.54,1813.27,1806.59,1807.54,433.14
1783373460000,1807.54,1810.53,1807.54,1810.52,541.89
1783373520000,1810.53,1814.51,1810.43,1814.03,523.19
1783373580000,1814.05,1815.09,1813.23,1813.24,283.66
1783373640000,1813.22,1814.1,1812.69,1812.7,105.73
1783373700000,1812.7,1813.12,1811.78,1811.79,178.84
1783373760000,1811.79,1812.32,1809.87,1809.98,54.12
1783373820000,1809.98,1810.91,1809.64,1809.68,162.51
1783373880000,1809.67,1811.14,1809.63,1809.64,49.35
1783373940000,1809.63,1811.12,1809.62,1810.96,37.04
1783374000000,1810.96,1814.85,1810.8,1813.11,152.78
1783374060000,1813.11,1813.12,1811.63,1812.32,52.43
1783374120000,1812.32,1812.78,1811.75,1812.49,75.88
1783374180000,1812.48,1812.64,1811.46,1812.6,36.12
1783374240000,1812.59,1813.72,1811.7,1813.72,27.76
1783374300000,1813.64,1814.55,1812.56,1812.7,444.2
1783374360000,1812.7,1813.4,1811.64,1811.72,112.28
1783374420000,1811.71,1812.6,1811.15,1812.17,70.22
1783374480000,1812.18,1812.52,1811.41,1811.97,28.2
1783374540000,1811.97,1812.91,1811.75,1812.91,39.11
1783374600000,1812.91,1816.34,1812.83,1815.92,502.38
1783374660000,1816.05,1818.0,1815.51,1818.0,225.51
1783374720000,1818.3,1818.97,1816.38,1816.94,345.47
1783374780000,1816.88,1817.86,1816.11,1817.19,296.11
1783374840000,1817.19,1817.19,1814.36,1815.44,63.63
1783374900000,1815.47,1817.49,1815.28,1817.05,166.69
1783374960000,1816.98,1817.27,1813.64,1813.82,105.49
1783375020000,1813.81,1814.9,1813.69,1813.89,155.35
1783375080000,1813.88,1814.51,1813.83,1814.05,110.6
1783375140000,1814.06,1814.35,1812.53,1814.35,324.15
1783375200000,1814.36,1815.97,1813.35,1813.61,261.29
1783375260000,1813.6,1813.81,1813.1,1813.68,106.92
1783375320000,1813.67,1814.61,1812.82,1813.8,55.32
1783375380000,1813.79,1814.83,1812.19,1814.75,99.65
1783375440000,1814.75,1816.12,1812.79,1813.47,75.24
1783375500000,1813.46,1813.46,1812.22,1812.67,42.15
1783375560000,1812.68,1812.73,1811.03,1811.18,66.14
1783375620000,1811.18,1812.45,1811.18,1812.32,229.52
1783375680000,1812.33,1812.99,1811.44,1811.49,35.76
1783375740000,1811.49,1812.56,1811.49,1812.26,23.05
1783375800000,1812.27,1812.95,1812.16,1812.64,61.79
1783375860000,1812.66,1812.75,1811.25,1812.07,59.62
1783375920000,1812.06,1813.43,1812.06,1813.4,61.4
1783375980000,1813.4,1814.08,1813.04,1813.21,36.69
1783376040000,1813.21,1813.66,1813.0,1813.29,26.05
1783376100000,1813.3,1813.3,1811.78,1812.41,328.51
1783376160000,1812.41,1813.59,1811.96,1813.22,54.1
1783376220000,1813.16,1813.51,1812.5,1813.45,34.37
1783376280000,1813.44,1815.7,1813.44,1814.65,97.27
1783376340000,1814.66,1814.66,1812.31,1812.31,55.43
1783376400000,1812.29,1812.37,1811.65,1812.08,72.24
1783376460000,1812.07,1813.0,1811.31,1812.68,90.41
1783376520000,1812.69,1812.79,1812.14,1812.15,28.08
1783376580000,1812.15,1813.0,1812.15,1812.32,28.9
1783376640000,1812.31,1812.37,1811.15,1811.17,29.57
1783376700000,1811.17,1811.17,1810.0,1810.91,46.68
1783376760000,1810.9,1811.33,1810.61,1810.62,30.29
1783376820000,1810.61,1810.62,1808.25,1809.0,298.39
1783376880000,1808.99,1809.65,1808.58,1808.59,161.65
1783376940000,1808.59,1808.99,1808.5,1808.53,144.01
1783377000000,1808.53,1809.12,1808.02,1809.08,329.81
1783377060000,1809.09,1809.09,1807.32,1807.33,53.9
1783377120000,1807.32,1807.94,1807.32,1807.71,76.53
1783377180000,1807.7,1808.2,1807.7,1807.82,31.24
1783377240000,1807.81,1807.82,1806.52,1806.56,116.27
1783377300000,1806.66,1809.09,1806.66,1806.92,142.39
1783377360000,1806.81,1808.02,1806.81,1808.0,30.98
1783377420000,1808.0,1808.48,1807.9,1808.41,25.13
1783377480000,1808.4,1808.49,1807.46,1807.49,28.75
1783377540000,1807.49,1808.97,1807.49,1808.34,66.01
1783377600000,1808.33,1808.51,1807.87,1808.0,35.58
1783377660000,1807.99,1808.09,1807.31,1807.48,31.28
1783377720000,1807.47,1807.93,1806.93,1807.27,34.81
1783377780000,1807.29,1807.29,1805.64,1806.22,61.11
1783377840000,1806.23,1807.5,1806.13,1807.31,25.25
1783377900000,1807.31,1807.5,1805.77,1805.79,33.57
1783377960000,1805.78,1806.12,1804.13,1804.51,234.4
1783378020000,1804.5,1806.13,1804.44,1805.01,82.2
1783378080000,1805.02,1807.18,1804.01,1806.71,114.05
1783378140000,1806.71,1807.96,1806.43,1807.95,81.08
1783378200000,1807.95,1807.95,1807.01,1807.61,43.24
1783378260000,1807.61,1807.61,1806.95,1806.95,56.49
1783378320000,1806.9,1806.9,1805.58,1806.06,30.78
1783378380000,1806.0,1806.0,1804.6,1804.77,63.04
1783378440000,1804.77,1805.09,1804.08,1805.08,63.31
1783378500000,1805.08,1805.1,1804.34,1804.92,106.51
1783378560000,1804.84,1804.91,1804.15,1804.51,27.16
1783378620000,1804.5,1805.27,1804.48,1805.05,47.31
1783378680000,1805.04,1805.11,1804.61,1805.11,26.32
1783378740000,1805.11,1805.78,1804.97,1805.59,98.48
1783378800000,1805.58,1806.34,1805.09,1805.1,173.14
1783378860000,1805.1,1806.05,1804.63,1805.75,92.77
1783378920000,1805.86,1808.0,1805.86,1807.72,50.61
1783378980000,1807.73,1808.95,1807.32,1808.23,128.91
1783379040000,1808.23,1808.68,1807.7,1807.97,25.2
1783379100000,1807.96,1809.57,1807.96,1809.09,136.14
1783379160000,1809.08,1809.24,1808.69,1809.01,28.34
1783379220000,1809.0,1809.04,1808.23,1808.5,102.32
1783379280000,1808.51,1808.97,1808.38,1808.38,58.65
1783379340000,1808.32,1808.33,1805.61,1805.62,119.24
1783379400000,1805.63,1806.44,1805.59,1806.16,26.18
1783379460000,1806.16,1806.88,1805.9,1805.99,37.89
1783379520000,1805.98,1807.41,1805.98,1807.35,22.72
1783379580000,1807.36,1807.88,1807.17,1807.86,224.17
1783379640000,1807.86,1807.87,1807.05,1807.72,42.17
1783379700000,1807.72,1807.96,1807.24,1807.96,51.78
1783379760000,1807.94,1807.94,1806.1,1806.36,126.45
1783379820000,1806.36,1806.57,1804.46,1805.17,32.24
1783379880000,1805.17,1806.38,1804.79,1804.85,57.33
1783379940000,1804.85,1805.42,1804.79,1805.3,170.6
1783380000000,1805.3,1805.3,1802.86,1803.69,220.44
1783380060000,1803.5,1803.62,1802.52,1803.62,169.47
1783380120000,1803.63,1803.88,1802.91,1802.92,97.18
1783380180000,1802.92,1803.04,1802.24,1802.26,81.13
1783380240000,1802.25,1802.94,1802.0,1802.01,67.92
1783380300000,1802.04,1802.53,1801.56,1801.72,142.33
1783380360000,1801.72,1802.35,1801.72,1802.29,45.54
1783380420000,1802.29,1803.2,1802.28,1802.96,59.43
1783380480000,1802.95,1803.16,1802.71,1803.15,77.93
1783380540000,1803.14,1803.34,1802.78,1802.79,45.27
1783380600000,1802.78,1803.66,1802.68,1803.61,28.54
1783380660000,1803.62,1803.87,1803.24,1803.62,109.98
1783380720000,1803.62,1803.97,1803.11,1803.12,23.97
1783380780000,1803.12,1803.17,1801.6,1801.61,43.6
1783380840000,1801.6,1802.59,1801.6,1802.53,86.35
1783380900000,1802.46,1803.64,1802.21,1803.63,68.98
1783380960000,1803.63,1803.64,1802.36,1802.48,67.6
1783381020000,1802.69,1803.88,1802.69,1803.87,55.39
1783381080000,1803.87,1803.87,1802.02,1802.02,48.86
1783381140000,1802.01,1802.18,1801.16,1801.45,52.53
1783381200000,1801.4,1802.48,1801.18,1802.07,223.53
1783381260000,1802.07,1802.08,1800.3,1800.91,131.35
1783381320000,1800.91,1800.92,1799.49,1799.84,490.16
1783381380000,1799.84,1800.07,1799.48,1799.81,190.99
1783381440000,1799.8,1799.95,1799.56,1799.74,24.74
1783381500000,1799.72,1799.98,1799.21,1799.59,34.03
1783381560000,1799.59,1799.59,1796.77,1798.91,364.01
1783381620000,1798.93,1798.95,1797.59,1798.63,68.76
1783381680000,1798.63,1799.66,1798.58,1799.65,28.21
1783381740000,1799.66,1800.15,1799.1,1799.98,145.95
1783381800000,1799.97,1800.07,1799.05,1799.67,101.71
1783381860000,1799.66,1799.7,1798.54,1799.1,26.71
1783381920000,1799.1,1800.26,1799.02,1800.26,32.92
1783381980000,1800.26,1800.82,1800.26,1800.49,87.96
1783382040000,1800.29,1800.36,1799.93,1800.02,34.1
1783382100000,1800.03,1800.23,1798.93,1799.06,25.82
1783382160000,1798.97,1799.19,1797.86,1797.93,63.48
1783382220000,1797.94,1797.94,1797.03,1797.1,65.0
1783382280000,1797.1,1798.18,1797.09,1797.97,226.71
1783382340000,1797.92,1798.95,1797.7,1798.94,30.69
1783382400000,1798.95,1800.22,1798.7,1798.99,191.58
1783382460000,1798.77,1800.83,1798.14,1798.61,69.66
1783382520000,1798.61,1798.66,1797.18,1798.58,46.68
1783382580000,1798.59,1798.59,1797.71,1798.08,22.72
1783382640000,1798.08,1798.8,1797.57,1798.8,62.39
1783382700000,1798.8,1799.61,1798.15,1799.16,58.22
1783382760000,1799.16,1800.42,1799.06,1800.15,40.62
1783382820000,1800.15,1800.48,1799.2,1800.22,242.07
1783382880000,1800.22,1800.22,1797.79,1798.06,33.23
1783382940000,1798.05,1799.2,1798.01,1799.09,29.81
1783383000000,1799.01,1799.94,1798.89,1799.62,117.01
1783383060000,1799.62,1799.66,1797.94,1798.26,32.12
1783383120000,1798.26,1798.96,1797.66,1798.96,169.0
1783383180000,1798.96,1799.3,1798.18,1798.5,27.46
1783383240000,1798.49,1798.58,1796.85,1797.12,130.4
1783383300000,1797.12,1797.26,1794.23,1797.01,1052.55
1783383360000,1797.0,1798.93,1797.0,1798.76,26.12
1783383420000,1798.76,1799.43,1798.21,1798.95,23.6
1783383480000,1798.95,1799.01,1798.02,1798.56,329.08
1783383540000,1798.57,1799.94,1798.56,1799.51,105.51
1783383600000,1799.51,1802.51,1799.51,1801.46,259.95
1783383660000,1801.46,1803.68,1801.26,1802.58,116.82
1783383720000,1802.66,1802.71,1801.69,1802.52,44.13
1783383780000,1802.47,1803.95,1801.4,1803.86,229.73
1783383840000,1803.86,1805.39,1803.8,1805.06,94.78
1783383900000,1805.05,1809.57,1804.36,1809.16,658.68
1783383960000,1809.16,1809.16,1807.26,1807.78,484.72
1783384020000,1807.79,1808.9,1807.56,1808.9,61.15
1783384080000,1808.9,1809.47,1807.74,1807.75,129.91
1783384140000,1807.74,1807.74,1805.14,1805.15,133.54
1783384200000,1805.14,1805.92,1803.35,1805.44,88.43
1783384260000,1805.45,1806.14,1805.06,1805.06,37.48
1783384320000,1805.08,1807.14,1805.03,1806.25,87.74
1783384380000,1806.25,1806.8,1805.65,1806.1,59.41
1783384440000,1806.09,1806.26,1804.78,1805.81,159.02
1783384500000,1805.82,1806.06,1804.87,1805.15,107.33
1783384560000,1805.15,1805.15,1803.18,1803.75,94.63
1783384620000,1803.75,1803.87,1800.44,1800.45,145.44
1783384680000,1800.44,1800.58,1798.92,1799.13,202.81
1783384740000,1799.13,1799.47,1797.43,1798.99,525.51
1783384800000,1799.08,1799.51,1798.5,1798.93,103.75
1783384860000,1798.93,1799.64,1798.4,1799.64,47.07
1783384920000,1799.63,1799.91,1799.23,1799.64,80.77
1783384980000,1799.63,1800.32,1799.41,1800.21,114.66
1783385040000,1800.2,1800.94,1800.19,1800.86,36.57
1783385100000,1800.87,1803.23,1800.33,1801.98,49.75
1783385160000,1801.93,1801.93,1799.92,1800.51,34.38
1783385220000,1800.51,1801.18,1800.08,1800.44,32.75
1783385280000,1800.54,1802.52,1800.36,1802.49,65.81
1783385340000,1802.51,1803.06,1802.21,1802.55,32.6
1783385400000,1802.56,1802.73,1801.33,1801.58,21.98
1783385460000,1801.58,1802.46,1801.2,1802.14,108.85
1783385520000,1802.14,1803.68,1802.04,1803.51,35.69
1783385580000,1803.51,1804.7,1803.5,1803.9,66.37
1783385640000,1803.82,1805.88,1803.55,1805.45,256.68
1783385700000,1805.46,1805.69,1803.88,1804.76,45.21
1783385760000,1804.76,1804.91,1803.64,1803.66,43.4
1783385820000,1803.66,1803.67,1801.9,1803.28,47.06
1783385880000,1803.23,1803.5,1802.97,1803.16,32.86
1783385940000,1803.16,1803.64,1802.78,1802.85,21.04
1783386000000,1802.85,1802.85,1800.58,1800.97,198.49
1783386060000,1800.99,1801.25,1797.53,1797.74,128.41
1783386120000,1797.75,1798.02,1795.8,1795.98,156.59
1783386180000,1795.97,1796.25,1793.14,1794.05,740.57
1783386240000,1793.65,1793.83,1789.14,1789.85,655.61
1783386300000,1789.88,1791.5,1787.22,1791.4,163.66
1783386360000,1791.35,1793.04,1790.96,1793.04,482.98
1783386420000,1793.04,1793.69,1792.02,1792.4,118.13
1783386480000,1792.41,1794.11,1792.09,1793.13,57.38
1783386540000,1793.14,1793.91,1792.97,1793.6,36.4
1783386600000,1793.6,1797.47,1793.6,1796.18,159.04
1783386660000,1796.13,1796.39,1794.91,1795.29,159.51
1783386720000,1795.3,1795.75,1794.62,1795.69,95.56
1783386780000,1795.69,1795.7,1793.88,1794.5,55.51
1783386840000,1794.5,1795.25,1794.49,1794.57,200.47
1783386900000,1794.57,1796.14,1793.63,1793.63,103.74
1783386960000,1793.64,1794.56,1793.13,1794.54,52.28
1783387020000,1794.54,1794.59,1792.93,1793.55,98.04
1783387080000,1793.56,1794.95,1793.29,1794.85,24.46
1783387140000,1794.86,1794.86,1793.93,1794.64,44.18
1783387200000,1794.63,1794.67,1792.25,1792.25,68.83
1783387260000,1792.14,1793.82,1791.84,1792.51,195.85
1783387320000,1792.58,1792.75,1791.43,1792.36,72.99
1783387380000,1792.37,1794.63,1792.36,1794.56,67.31
1783387440000,1794.56,1794.59,1792.21,1792.32,33.31
1783387500000,1792.32,1792.38,1791.06,1792.14,61.62
1783387560000,1792.08,1792.88,1792.08,1792.65,50.52
1783387620000,1792.65,1792.7,1791.38,1791.81,49.52
1783387680000,1791.81,1792.26,1791.34,1792.18,99.83
1783387740000,1792.16,1792.47,1789.66,1791.01,101.71
1783387800000,1791.0,1791.49,1789.88,1790.74,25.03
1783387860000,1790.74,1791.19,1789.26,1789.47,79.52
1783387920000,1789.47,1790.67,1787.23,1790.51,292.64
1783387980000,1790.5,1791.67,1790.32,1791.56,203.59
1783388040000,1791.56,1792.53,1790.92,1790.94,84.51
1783388100000,1790.96,1791.89,1790.8,1791.65,78.38
1783388160000,1791.65,1792.06,1788.6,1789.11,308.84
1783388220000,1789.1,1790.21,1788.14,1790.21,39.37
1783388280000,1790.31,1791.07,1790.24,1790.51,68.65
1783388340000,1790.51,1791.43,1790.13,1791.37,193.37
1783388400000,1791.48,1791.93,1789.86,1791.91,39.24
1783388460000,1791.91,1792.55,1791.9,1792.14,102.66
1783388520000,1792.14,1792.16,1790.91,1791.0,27.22
1783388580000,1791.13,1793.72,1791.13,1793.52,172.91
1783388640000,1793.52,1794.51,1793.52,1794.31,92.65
1783388700000,1794.31,1795.76,1794.31,1795.27,351.85
1783388760000,1795.27,1795.88,1794.92,1795.61,31.4
1783388820000,1795.61,1797.0,1795.6,1796.1,857.1
1783388880000,1796.1,1796.88,1795.97,1796.02,83.68
1783388940000,1796.03,1796.36,1795.87,1796.08,73.66
1783389000000,1796.1,1796.16,1795.3,1795.3,62.14
1783389060000,1795.3,1795.97,1795.12,1795.8,29.04
1783389120000,1795.81,1795.81,1794.58,1795.07,104.57
1783389180000,1795.07,1795.21,1793.62,1794.19,27.58
1783389240000,1794.17,1794.86,1794.1,1794.41,40.35
1783389300000,1794.41,1794.91,1793.04,1793.48,144.11
1783389360000,1793.48,1794.25,1793.18,1794.14,25.32
1783389420000,1794.12,1794.13,1793.0,1793.51,27.68
1783389480000,1793.59,1793.98,1792.39,1792.39,28.66
1783389540000,1792.36,1792.36,1791.4,1791.89,64.19
1783389600000,1791.89,1792.5,1791.29,1792.48,72.72
1783389660000,1792.48,1793.69,1792.07,1792.6,32.59
1783389720000,1792.59,1792.89,1791.34,1791.68,70.1
1783389780000,1791.67,1792.27,1791.17,1792.07,32.8
1783389840000,1792.06,1793.36,1791.93,1793.14,103.38
1783389900000,1793.14,1793.14,1792.25,1792.76,20.84
1783389960000,1792.75,1792.75,1789.67,1789.93,380.79
1783390020000,1789.93,1790.83,1789.92,1790.42,120.37
1783390080000,1790.48,1791.75,1790.47,1791.73,59.13
1783390140000,1791.75,1791.75,1789.37,1789.42,67.44
1783390200000,1789.42,1790.29,1789.42,1790.2,29.65
1783390260000,1790.21,1791.63,1790.21,1791.63,87.84
1783390320000,1791.63,1791.85,1790.71,1790.71,70.77
1783390380000,1790.71,1791.27,1790.71,1791.15,23.79
1783390440000,1791.15,1791.47,1790.53,1790.86,95.83
1783390500000,1790.86,1791.38,1790.24,1790.78,90.77
1783390560000,1790.78,1792.34,1790.77,1791.92,64.23
1783390620000,1791.92,1792.12,1788.64,1789.5,36.49
1783390680000,1789.49,1790.41,1789.49,1789.65,47.94
1783390740000,1789.65,1789.95,1788.87,1789.55,49.53
1783390800000,1789.54,1790.32,1788.83,1788.85,148.98
1783390860000,1788.85,1789.14,1788.68,1788.93,54.48
1783390920000,1788.93,1789.44,1784.99,1785.03,438.8
1783390980000,1785.02,1785.53,1784.0,1784.56,297.22
1783391040000,1784.58,1785.58,1782.32,1783.18,521.64
1783391100000,1783.17,1784.26,1782.92,1783.18,72.83
1783391160000,1783.19,1783.54,1782.08,1782.67,208.11
1783391220000,1782.68,1783.51,1782.06,1782.09,89.02
1783391280000,1782.1,1782.71,1781.68,1782.06,170.73
1783391340000,1782.06,1782.72,1778.86,1779.03,1104.32
1783391400000,1779.02,1780.46,1776.18,1777.84,336.28
1783391460000,1777.83,1779.0,1776.16,1778.8,583.11
1783391520000,1778.92,1780.33,1778.89,1780.23,361.05
1783391580000,1780.24,1781.1,1779.57,1779.57,55.81
1783391640000,1779.58,1779.85,1778.33,1779.32,337.61
1783391700000,1779.3,1780.41,1778.68,1780.22,89.86
1783391760000,1780.23,1780.31,1779.08,1779.94,211.97
1783391820000,1780.05,1782.34,1780.05,1780.75,272.58
1783391880000,1780.76,1780.76,1778.49,1779.38,126.42
1783391940000,1779.33,1781.92,1779.33,1781.49,77.22
1783392000000,1781.49,1782.36,1781.13,1782.26,206.0
1783392060000,1782.28,1782.7,1781.69,1781.89,35.27
1783392120000,1781.89,1782.96,1781.46,1782.38,46.25
1783392180000,1782.39,1783.64,1782.38,1783.45,311.22
1783392240000,1783.45,1783.45,1782.96,1783.18,102.98
1783392300000,1783.17,1784.0,1783.17,1783.93,248.66
1783392360000,1783.93,1783.93,1782.9,1782.98,176.51
1783392420000,1782.99,1782.99,1781.47,1781.48,338.72
1783392480000,1781.47,1782.0,1781.07,1781.23,51.19
1783392540000,1781.23,1781.23,1778.94,1779.25,199.56
1783392600000,1779.27,1780.06,1779.27,1779.63,59.47
1783392660000,1779.62,1779.72,1776.31,1776.45,399.74
1783392720000,1776.45,1777.54,1776.03,1777.03,158.56
1783392780000,1777.04,1778.73,1776.73,1778.59,151.96
1783392840000,1778.6,1778.72,1777.59,1777.8,324.11
1783392900000,1777.8,1777.8,1776.78,1777.01,50.46
1783392960000,1777.07,1778.05,1776.98,1777.77,52.7
1783393020000,1777.77,1778.12,1777.32,1778.02,243.91
1783393080000,1778.01,1778.44,1777.77,1777.77,47.88
1783393140000,1777.77,1777.8,1777.37,1777.51,41.08
1783393200000,1777.5,1778.59,1777.05,1778.17,163.79
1783393260000,1778.17,1779.31,1776.4,1776.49,320.3
1783393320000,1776.48,1778.65,1776.4,1778.63,120.18
1783393380000,1778.69,1779.88,1778.43,1779.47,152.09
1783393440000,1779.46,1779.79,1778.53,1778.58,109.6
1783393500000,1778.58,1779.44,1778.33,1778.68,123.21
1783393560000,1778.68,1779.47,1777.93,1778.78,135.11
1783393620000,1778.79,1780.56,1778.5,1780.43,110.61
1783393680000,1780.42,1780.52,1779.22,1780.34,101.04
1783393740000,1780.34,1780.56,1779.66,1779.66,27.41
1783393800000,1779.66,1780.01,1779.0,1779.2,37.36
1783393860000,1779.17,1779.49,1778.78,1779.03,44.51
1783393920000,1779.03,1779.78,1778.76,1779.21,42.1
1783393980000,1779.21,1779.59,1778.64,1778.75,50.28
1783394040000,1778.76,1778.76,1777.5,1777.67,47.37
1783394100000,1777.67,1778.91,1777.58,1777.72,40.64
1783394160000,1777.71,1777.72,1774.9,1776.86,329.05
1783394220000,1776.95,1777.48,1776.33,1777.16,304.19
1783394280000,1777.06,1777.1,1775.92,1775.93,43.44
1783394340000,1776.31,1776.77,1774.48,1774.61,75.34
1783394400000,1774.61,1776.0,1773.6,1775.78,251.39
1783394460000,1775.78,1776.26,1775.2,1776.25,79.86
1783394520000,1776.26,1776.4,1775.41,1775.9,143.89
1783394580000,1775.86,1776.45,1773.59,1773.7,70.52
1783394640000,1773.69,1775.35,1773.69,1775.34,112.94
1783394700000,1775.34,1775.91,1774.82,1775.44,48.99
1783394760000,1775.4,1775.79,1773.6,1773.6,117.24
1783394820000,1773.59,1773.99,1772.63,1773.91,314.87
1783394880000,1773.94,1773.99,1772.62,1772.89,111.43
1783394940000,1772.9,1774.02,1772.37,1773.11,83.44
1783395000000,1773.11,1774.11,1773.01,1773.86,49.95
1783395060000,1773.84,1774.1,1773.02,1773.48,127.75
1783395120000,1773.5,1774.15,1773.17,1774.15,76.4
1783395180000,1774.15,1775.0,1773.9,1773.96,82.05
1783395240000,1773.97,1774.49,1773.41,1774.0,34.53
1783395300000,1774.0,1774.71,1774.0,1774.03,105.58
1783395360000,1774.04,1774.46,1773.86,1774.43,35.11
1783395420000,1774.42,1774.58,1773.08,1773.1,28.46
1783395480000,1773.1,1773.99,1773.09,1773.6,65.73
1783395540000,1773.59,1773.99,1773.26,1773.41,71.57
1783395600000,1773.37,1773.4,1771.82,1772.59,244.77
1783395660000,1772.59,1772.59,1771.53,1771.84,149.36
1783395720000,1771.84,1771.84,1770.56,1770.59,194.52
1783395780000,1770.59,1770.75,1769.0,1769.91,1145.29
1783395840000,1769.81,1771.03,1769.58,1771.03,144.59
1783395900000,1771.03,1771.03,1769.45,1769.61,362.94
1783395960000,1769.62,1769.62,1768.34,1769.38,217.44
1783396020000,1769.41,1770.59,1769.26,1770.56,88.21
1783396080000,1770.57,1770.79,1769.4,1769.41,107.96
1783396140000,1769.41,1769.41,1768.01,1769.26,61.86
1783396200000,1769.22,1770.46,1769.22,1769.95,88.69
1783396260000,1769.96,1770.29,1769.79,1769.99,76.29
1783396320000,1769.99,1771.0,1769.99,1770.37,50.61
1783396380000,1770.36,1771.2,1770.33,1770.6,111.53
1783396440000,1770.59,1770.7,1770.12,1770.13,34.84
1783396500000,1770.12,1770.23,1769.09,1769.64,71.92
1783396560000,1769.63,1769.8,1769.23,1769.52,112.77
1783396620000,1769.53,1770.24,1769.48,1770.23,233.12
1783396680000,1770.23,1770.32,1769.92,1770.05,25.96
1783396740000,1770.04,1771.32,1769.96,1770.68,82.53
1783396800000,1770.67,1772.17,1770.27,1771.88,128.11
1783396860000,1771.88,1772.08,1770.98,1771.29,86.63
1783396920000,1771.3,1771.45,1767.86,1768.32,155.0
1783396980000,1768.23,1770.38,1768.22,1770.27,225.7
1783397040000,1770.27,1770.41,1769.28,1769.67,58.15
1783397100000,1769.68,1771.23,1769.67,1771.21,40.95
1783397160000,1771.2,1771.55,1770.88,1771.13,194.89
1783397220000,1771.13,1771.47,1770.99,1771.09,51.9
1783397280000,1771.08,1771.59,1770.79,1771.51,58.68
1783397340000,1771.52,1772.66,1771.51,1772.07,337.22
1783397400000,1772.06,1772.07,1771.04,1771.64,44.94
1783397460000,1771.65,1771.68,1770.71,1770.89,256.8
1783397520000,1770.89,1772.89,1770.88,1772.89,176.16
1783397580000,1772.86,1772.86,1770.55,1770.67,43.36
1783397640000,1770.68,1771.06,1770.07,1770.36,37.96
1783397700000,1770.37,1770.78,1770.08,1770.78,48.96
1783397760000,1770.77,1770.78,1770.53,1770.62,27.0
1783397820000,1770.62,1770.62,1768.22,1769.68,30.4
1783397880000,1769.76,1770.41,1769.76,1769.87,353.57
1783397940000,1769.88,1769.88,1768.88,1768.89,131.22
1783398000000,1768.88,1771.12,1768.85,1770.17,68.98
1783398060000,1770.17,1771.34,1769.64,1771.14,102.15
1783398120000,1771.14,1771.15,1770.05,1770.13,44.03
1783398180000,1770.13,1770.13,1768.27,1768.33,150.62
1783398240000,1768.36,1769.08,1768.35,1769.0,42.06
1783398300000,1768.99,1769.0,1768.51,1768.52,129.0
1783398360000,1768.52,1769.52,1768.5,1769.52,68.46
1783398420000,1769.51,1770.12,1769.32,1770.12,118.55
1783398480000,1770.13,1771.51,1770.12,1771.16,91.03
1783398540000,1771.15,1771.75,1770.94,1770.94,74.37
1783398600000,1770.94,1770.94,1769.54,1770.37,142.89
1783398660000,1770.37,1771.29,1770.21,1770.37,269.1
1783398720000,1770.37,1770.85,1770.22,1770.22,47.87
1783398780000,1770.23,1770.27,1769.66,1770.01,79.61
1783398840000,1770.0,1770.27,1769.39,1769.89,43.31
1783398900000,1769.88,1770.21,1768.81,1768.81,442.39
1783398960000,1768.82,1769.1,1768.24,1768.27,42.5
1783399020000,1768.27,1768.27,1765.19,1766.08,816.26
1783399080000,1766.02,1768.85,1766.01,1767.64,166.39
1783399140000,1767.73,1768.05,1766.99,1767.54,110.76
1783399200000,1767.53,1767.68,1766.57,1767.68,302.53
1783399260000,1767.77,1767.79,1766.79,1766.79,32.02
1783399320000,1766.79,1766.8,1765.6,1766.08,103.11
1783399380000,1766.08,1766.63,1765.72,1765.99,115.82
1783399440000,1765.98,1765.99,1764.29,1764.56,238.96
1783399500000,1764.56,1765.63,1764.56,1764.76,327.39
1783399560000,1764.77,1765.08,1764.68,1765.08,175.16
1783399620000,1765.08,1765.08,1763.83,1764.39,375.31
1783399680000,1764.39,1764.65,1762.51,1763.07,403.6
1783399740000,1763.08,1763.44,1761.84,1762.47,720.65
1783399800000,1762.46,1763.26,1761.92,1762.59,479.87
1783399860000,1762.58,1763.94,1762.54,1763.94,109.16
1783399920000,1763.99,1764.01,1763.53,1764.01,166.67
1783399980000,1764.0,1765.44,1764.0,1765.43,319.26
1783400040000,1765.43,1765.56,1764.9,1765.16,35.74
1783400100000,1765.16,1765.17,1764.44,1764.69,34.81
1783400160000,1764.69,1765.1,1764.13,1764.13,92.19
1783400220000,1764.14,1765.6,1764.14,1765.58,160.85
1783400280000,1765.58,1766.71,1765.58,1766.46,253.94
1783400340000,1766.46,1766.57,1765.64,1765.68,97.99
1783400400000,1765.69,1766.58,1765.68,1766.3,105.03
1783400460000,1766.31,1766.31,1764.5,1764.91,503.86
1783400520000,1764.83,1765.73,1764.49,1765.54,141.15
1783400580000,1765.54,1766.41,1765.5,1766.02,326.88
1783400640000,1766.03,1766.19,1765.32,1765.34,138.55
1783400700000,1765.35,1765.38,1764.73,1764.75,24.4
1783400760000,1764.76,1764.79,1764.39,1764.42,65.98
1783400820000,1764.43,1764.45,1762.23,1762.76,41.16
1783400880000,1762.76,1763.99,1762.75,1762.87,229.49
1783400940000,1762.87,1762.88,1761.57,1762.07,647.88
1783401000000,1762.11,1762.7,1761.71,1762.49,1968.64
1783401060000,1762.49,1762.49,1761.11,1761.14,284.81
1783401120000,1761.14,1761.43,1760.26,1760.41,219.84
1783401180000,1760.4,1761.09,1758.85,1759.02,421.52
1783401240000,1759.01,1759.01,1756.7,1757.41,494.3
1783401300000,1757.42,1757.9,1756.71,1757.53,211.7
1783401360000,1757.52,1758.57,1757.18,1758.25,252.77
1783401420000,1758.25,1760.17,1758.25,1759.9,217.44
1783401480000,1759.9,1761.09,1759.9,1760.54,226.03
1783401540000,1760.54,1760.54,1758.08,1758.4,53.28
1783401600000,1758.35,1759.64,1758.35,1759.03,131.77
1783401660000,1759.07,1759.43,1758.32,1759.43,218.12
1783401720000,1759.42,1760.61,1759.38,1760.6,167.69
1783401780000,1760.61,1761.92,1760.45,1761.65,241.48
1783401840000,1761.65,1762.86,1761.33,1762.08,265.69
1783401900000,1762.08,1762.08,1760.0,1760.6,198.21
1783401960000,1760.61,1760.74,1760.07,1760.07,47.78
1783402020000,1760.08,1760.18,1758.96,1758.97,33.78
1783402080000,1758.97,1759.92,1758.35,1759.91,99.09
1783402140000,1759.91,1760.84,1759.91,1760.66,409.5
1783402200000,1760.66,1763.91,1760.66,1763.91,359.9
1783402260000,1763.91,1765.97,1763.52,1765.87,785.39
1783402320000,1765.86,1766.49,1765.28,1766.49,589.16
1783402380000,1766.34,1767.21,1765.75,1766.36,1206.97
1783402440000,1766.35,1767.2,1766.07,1767.15,156.88
1783402500000,1767.19,1767.43,1766.17,1766.58,215.83
1783402560000,1766.57,1766.58,1766.09,1766.3,96.11
1783402620000,1766.3,1768.88,1766.3,1768.19,579.25
1783402680000,1768.2,1769.01,1768.18,1768.79,149.25
1783402740000,1768.79,1769.27,1768.59,1769.27,287.97
1783402800000,1769.26,1769.26,1768.42,1768.52,126.07
1783402860000,1768.52,1768.88,1768.46,1768.64,41.89
1783402920000,1768.64,1768.94,1767.77,1767.77,115.46
1783402980000,1767.77,1768.49,1767.65,1768.3,39.76
1783403040000,1768.3,1768.54,1767.99,1768.28,170.72
1783403100000,1768.28,1768.95,1767.73,1767.73,100.33
1783403160000,1767.78,1769.07,1767.78,1768.9,229.26
1783403220000,1768.89,1769.32,1768.56,1768.64,47.05
1783403280000,1768.65,1769.53,1768.1,1768.22,72.04
1783403340000,1768.21,1768.89,1768.0,1768.85,121.72
1783403400000,1768.86,1769.65,1768.85,1769.23,45.74
1783403460000,1769.23,1770.79,1769.23,1770.65,764.54
1783403520000,1770.65,1770.84,1770.29,1770.68,172.8
1783403580000,1770.68,1771.77,1770.44,1770.44,281.89
1783403640000,1770.45,1771.98,1770.45,1771.85,203.39
1783403700000,1771.85,1772.89,1771.71,1772.68,755.06
1783403760000,1772.68,1772.68,1770.99,1771.48,215.79
1783403820000,1771.49,1771.49,1769.81,1769.81,146.02
1783403880000,1769.81,1770.18,1769.44,1769.93,130.47
1783403940000,1769.92,1769.92,1769.59,1769.69,44.97
1783404000000,1769.69,1770.08,1769.61,1769.96,203.08
1783404060000,1769.97,1771.28,1769.96,1771.07,78.08
1783404120000,1771.07,1773.44,1771.05,1772.43,148.82
1783404180000,1772.44,1772.44,1770.71,1770.71,190.69
1783404240000,1770.69,1771.16,1769.84,1771.03,51.13
1783404300000,1771.03,1771.03,1768.87,1768.87,232.55
1783404360000,1768.84,1769.35,1768.6,1768.65,67.18
1783404420000,1768.84,1768.95,1768.08,1768.35,73.92
1783404480000,1768.39,1768.92,1768.23,1768.43,35.5
1783404540000,1768.43,1768.96,1768.29,1768.96,116.42
1783404600000,1768.95,1769.3,1767.78,1767.78,61.27
1783404660000,1767.79,1767.79,1767.01,1767.01,263.53
1783404720000,1767.01,1767.04,1766.07,1766.08,855.84
1783404780000,1766.0,1766.0,1763.95,1765.41,1244.31
1783404840000,1765.41,1765.84,1765.31,1765.84,48.0
1783404900000,1765.88,1769.2,1765.88,1768.47,644.34
1783404960000,1768.48,1768.67,1767.24,1767.51,295.44
1783405020000,1767.5,1767.93,1767.05,1767.74,90.73
1783405080000,1767.73,1767.9,1766.87,1766.89,43.09
1783405140000,1766.77,1767.99,1766.68,1767.99,80.38
1783405200000,1767.99,1768.32,1767.8,1768.09,35.8
1783405260000,1768.1,1768.8,1768.09,1768.29,227.79
1783405320000,1768.3,1768.38,1767.41,1767.51,28.99
1783405380000,1767.56,1768.02,1767.15,1767.38,26.57
1783405440000,1767.38,1768.36,1767.38,1767.67,33.77
1783405500000,1767.66,1768.83,1766.72,1768.07,206.28
1783405560000,1768.06,1769.31,1767.62,1768.7,78.88
1783405620000,1768.82,1769.31,1768.57,1769.3,204.5
1783405680000,1769.3,1769.51,1769.18,1769.38,123.15
1783405740000,1769.38,1770.67,1769.33,1770.16,116.0
1783405800000,1770.11,1770.19,1769.04,1769.64,244.45
1783405860000,1769.64,1770.38,1769.28,1770.2,71.78
1783405920000,1770.27,1771.77,1770.09,1771.32,549.86
1783405980000,1771.3,1772.61,1771.07,1772.22,2136.73
1783406040000,1772.21,1772.75,1771.75,1772.66,109.54
1783406100000,1772.77,1773.59,1772.33,1773.59,267.05
1783406160000,1773.58,1773.58,1772.43,1772.44,65.73
1783406220000,1772.43,1775.36,1772.4,1775.1,521.34
1783406280000,1775.1,1775.1,1773.73,1774.58,278.79
1783406340000,1774.57,1775.01,1774.02,1774.2,177.4
1783406400000,1774.21,1774.83,1773.68,1774.39,155.88
1783406460000,1774.38,1774.52,1773.71,1773.85,175.26
1783406520000,1773.86,1773.95,1773.24,1773.53,101.75
1783406580000,1773.52,1774.44,1773.44,1774.12,49.45
1783406640000,1774.11,1774.73,1773.95,1774.73,134.69
1783406700000,1774.73,1774.73,1773.81,1774.51,148.73
1783406760000,1774.51,1774.79,1773.88,1774.72,85.2
1783406820000,1774.82,1774.93,1773.95,1773.97,26.29
1783406880000,1773.97,1774.81,1773.97,1774.76,68.51
1783406940000,1774.76,1778.23,1774.7,1777.9,777.72
1783407000000,1777.9,1779.04,1776.91,1776.94,510.32
1783407060000,1776.94,1778.8,1776.66,1778.1,161.7
1783407120000,1778.09,1778.32,1777.73,1778.18,1028.36
1783407180000,1778.22,1781.85,1778.22,1781.85,939.32
1783407240000,1781.83,1781.83,1778.9,1779.5,250.75
1783407300000,1779.49,1779.65,1778.98,1779.08,114.77
1783407360000,1779.08,1780.14,1778.99,1779.5,50.66
1783407420000,1779.51,1779.53,1778.37,1778.46,38.05
1783407480000,1778.45,1778.48,1777.78,1777.79,107.56
1783407540000,1777.78,1778.51,1777.78,1778.38,39.76
1783407600000,1778.39,1779.16,1777.38,1779.16,151.38
1783407660000,1779.16,1780.5,1778.58,1780.41,87.82
1783407720000,1780.41,1781.11,1779.08,1780.15,242.1
1783407780000,1780.14,1780.14,1778.62,1779.08,320.71
1783407840000,1779.07,1779.75,1778.86,1779.06,166.21
1783407900000,1779.06,1779.34,1778.45,1778.45,78.58
1783407960000,1778.44,1779.19,1778.05,1779.14,154.97
1783408020000,1779.14,1779.28,1778.62,1779.16,131.95
1783408080000,1779.16,1779.39,1778.17,1778.98,227.9
1783408140000,1779.01,1779.44,1778.12,1778.34,36.15
1783408200000,1778.35,1779.88,1778.35,1779.88,122.67
1783408260000,1779.87,1780.61,1779.45,1779.75,110.18
1783408320000,1779.74,1780.49,1779.47,1780.06,97.77
1783408380000,1780.06,1781.95,1779.96,1781.64,142.77
1783408440000,1781.58,1781.63,1781.0,1781.09,69.63
1783408500000,1780.99,1780.99,1780.03,1780.06,68.94
1783408560000,1780.05,1781.26,1779.98,1780.83,88.42
1783408620000,1780.82,1780.83,1779.51,1779.69,43.58
1783408680000,1779.5,1779.5,1778.15,1778.16,66.73
1783408740000,1778.16,1779.12,1778.09,1779.1,66.74
1783408800000,1779.1,1779.1,1778.03,1778.89,79.14
1783408860000,1778.88,1779.68,1778.52,1778.7,113.21
1783408920000,1778.69,1779.83,1778.69,1779.51,151.84
1783408980000,1779.52,1779.61,1778.37,1778.75,38.08
1783409040000,1778.75,1778.75,1777.6,1777.98,414.03
1783409100000,1777.92,1778.19,1776.65,1777.4,154.35
1783409160000,1777.41,1777.45,1776.58,1777.05,236.99
1783409220000,1777.04,1778.32,1776.57,1777.68,275.28
1783409280000,1777.67,1778.18,1777.66,1777.71,28.04
1783409340000,1777.67,1777.9,1777.03,1777.3,36.69
1783409400000,1777.3,1778.16,1777.2,1777.29,47.03
1783409460000,1777.29,1777.44,1776.45,1776.45,60.52
1783409520000,1776.45,1776.66,1776.0,1776.03,272.04
1783409580000,1775.92,1776.42,1774.71,1775.54,212.0
1783409640000,1775.55,1775.59,1774.28,1774.44,116.95
1783409700000,1774.45,1774.48,1771.3,1771.35,948.72
1783409760000,1771.36,1772.66,1771.19,1772.59,252.47
1783409820000,1772.59,1772.82,1771.05,1771.3,106.95
1783409880000,1771.33,1772.11,1771.33,1772.07,181.84
1783409940000,1772.07,1772.15,1770.24,1770.66,240.32
1783410000000,1770.65,1771.03,1770.39,1770.6,126.2
1783410060000,1770.59,1770.99,1770.25,1770.75,139.09
1783410120000,1770.74,1771.66,1770.74,1771.2,164.43
1783410180000,1771.2,1771.65,1771.18,1771.51,419.14
1783410240000,1771.52,1773.33,1771.52,1772.23,244.28
1783410300000,1772.22,1773.2,1772.1,1773.04,184.61
1783410360000,1773.04,1773.63,1772.97,1773.59,87.25
1783410420000,1773.58,1774.77,1773.33,1773.94,190.79
1783410480000,1773.94,1773.95,1773.48,1773.61,182.71
1783410540000,1773.61,1773.98,1773.14,1773.52,26.33
1783410600000,1773.52,1774.16,1773.0,1774.16,32.41
1783410660000,1774.15,1774.31,1773.85,1773.96,330.59
1783410720000,1773.97,1773.97,1771.02,1771.46,104.5
1783410780000,1771.45,1772.43,1771.44,1771.82,109.5
1783410840000,1771.82,1771.82,1771.2,1771.66,193.86
1783410900000,1771.67,1771.89,1771.2,1771.34,187.43
1783410960000,1771.28,1771.75,1771.28,1771.41,38.81
1783411020000,1771.42,1771.65,1770.68,1770.69,336.49
1783411080000,1770.68,1770.81,1770.37,1770.38,43.17
1783411140000,1770.38,1770.46,1770.13,1770.45,60.68
1783411200000,1770.45,1771.6,1770.0,1771.26,399.95
1783411260000,1771.26,1771.82,1771.25,1771.53,86.72
1783411320000,1771.54,1772.08,1770.54,1771.33,45.46
1783411380000,1771.32,1772.02,1771.32,1771.65,99.08
1783411440000,1771.66,1771.66,1770.02,1770.34,64.5
1783411500000,1770.34,1770.76,1769.13,1769.36,174.03
1783411560000,1769.36,1769.36,1768.0,1768.76,779.42
1783411620000,1768.77,1768.88,1768.0,1768.73,189.41
1783411680000,1768.73,1769.39,1767.81,1769.37,4101.92
1783411740000,1769.38,1769.84,1769.2,1769.46,113.71
1783411800000,1769.45,1770.55,1769.41,1770.55,100.87
1783411860000,1770.54,1773.24,1770.52,1772.83,130.93
1783411920000,1772.84,1774.74,1772.58,1774.56,438.46
1783411980000,1774.55,1774.93,1771.12,1771.6,175.63
1783412040000,1771.6,1772.77,1771.6,1772.01,41.65
1783412100000,1772.0,1772.67,1771.67,1772.15,33.89
1783412160000,1772.15,1772.17,1771.13,1771.25,114.51
1783412220000,1771.26,1772.46,1771.06,1772.12,91.64
1783412280000,1772.11,1773.23,1772.11,1772.57,33.94
1783412340000,1772.57,1773.59,1772.49,1773.56,115.7
1783412400000,1773.56,1773.56,1772.22,1772.39,80.36
1783412460000,1772.39,1773.15,1771.76,1772.92,135.45
1783412520000,1772.91,1774.11,1772.66,1773.5,167.17
1783412580000,1773.5,1773.69,1773.17,1773.52,37.96
1783412640000,1773.53,1774.19,1772.78,1772.85,79.7
1783412700000,1772.83,1773.35,1772.59,1772.86,46.26
1783412760000,1772.87,1772.88,1770.91,1771.16,162.37
1783412820000,1771.27,1771.32,1771.05,1771.27,30.54
1783412880000,1771.26,1771.57,1768.9,1771.56,115.75
1783412940000,1771.57,1771.81,1770.61,1771.31,51.64
