timestamp_ms,open,high,low,close,volume
1782549000000,72.159,72.161,72.135,72.153,1149.66
1782549060000,72.153,72.16,72.136,72.137,946.71
1782549120000,72.136,72.144,72.119,72.136,1105.73
1782549180000,72.136,72.144,72.135,72.143,947.82
1782549240000,72.136,72.144,72.135,72.143,1061.12
1782549300000,72.143,72.144,72.135,72.136,986.7
1782549360000,72.136,72.144,72.0,72.0,1013.7
1782549420000,72.0,72.032,71.995,72.025,1165.51
1782549480000,72.026,72.033,72.005,72.006,1239.67
1782549540000,72.006,72.013,71.971,71.978,1021.73
1782549600000,71.978,71.979,71.971,71.972,924.76
1782549660000,71.972,71.978,71.935,71.977,2033.38
1782549720000,71.977,71.977,71.968,71.976,1123.59
1782549780000,71.969,71.976,71.841,71.844,1573.19
1782549840000,71.841,71.88,71.835,71.872,1328.79
1782549900000,71.879,71.88,71.871,71.88,1085.6
1782549960000,71.88,71.886,71.871,71.886,1095.97
1782550020000,71.879,71.916,71.878,71.886,1184.84
1782550080000,71.879,71.907,71.879,71.899,1503.51
1782550140000,71.899,71.937,71.882,71.889,1114.5
1782550200000,71.889,71.917,71.882,71.916,1009.58
1782550260000,71.909,71.967,71.909,71.966,2999.0
1782550320000,71.966,72.07,71.959,72.069,1367.71
1782550380000,72.062,72.1,72.031,72.031,1043.75
1782550440000,72.039,72.11,72.031,72.039,2832.51
1782550500000,72.032,72.04,71.962,71.963,1755.92
1782550560000,71.963,71.993,71.962,71.985,983.22
1782550620000,71.985,72.012,71.985,72.012,1165.72
1782550680000,72.005,72.011,71.995,71.996,2138.49
1782550740000,72.003,72.004,71.995,72.004,1043.99
1782550800000,72.003,72.021,71.972,71.989,1242.42
1782550860000,71.982,71.99,71.889,71.889,1139.39
1782550920000,71.889,71.914,71.885,71.913,1110.72
1782550980000,71.913,71.973,71.906,71.964,1349.05
1782551040000,71.964,72.0,71.964,71.979,1783.25
1782551100000,71.98,72.026,71.972,72.019,1117.94
1782551160000,72.026,72.05,72.018,72.042,1258.91
1782551220000,72.042,72.062,72.022,72.028,1018.75
1782551280000,72.035,72.069,72.014,72.014,1202.31
1782551340000,72.022,72.023,71.977,71.985,1155.75
1782551400000,71.978,71.985,71.884,71.892,1152.75
1782551460000,71.885,71.91,71.763,71.763,1575.41
1782551520000,71.77,71.803,71.761,71.802,1124.54
1782551580000,71.802,71.803,71.761,71.769,1172.06
1782551640000,71.769,71.77,71.761,71.763,1555.83
1782551700000,71.762,71.763,71.675,71.682,2700.2
1782551760000,71.675,71.76,71.675,71.759,2729.61
1782551820000,71.752,71.759,71.691,71.712,1492.17
1782551880000,71.712,71.74,71.711,71.736,2054.05
1782551940000,71.736,71.736,71.694,71.713,1045.29
1782552000000,71.713,71.759,71.712,71.758,1131.34
1782552060000,71.758,71.759,71.742,71.742,1921.88
1782552120000,71.742,71.75,71.708,71.718,1250.36
1782552180000,71.718,71.719,71.711,71.712,1100.78
1782552240000,71.718,71.743,71.711,71.722,3072.87
1782552300000,71.715,71.75,71.714,71.742,1283.79
1782552360000,71.749,71.766,71.741,71.755,1182.75
1782552420000,71.755,71.792,71.754,71.785,2277.26
1782552480000,71.792,71.793,71.754,71.755,1016.53
1782552540000,71.762,71.763,71.754,71.762,1244.0
1782552600000,71.763,71.831,71.751,71.752,2474.83
1782552660000,71.752,71.825,71.752,71.818,1107.68
1782552720000,71.818,71.868,71.797,71.861,2399.65
1782552780000,71.861,71.869,71.826,71.833,1180.63
1782552840000,71.826,71.834,71.794,71.802,987.99
1782552900000,71.802,71.825,71.764,71.764,1224.14
1782552960000,71.772,71.785,71.764,71.778,996.18
1782553020000,71.751,71.768,71.731,71.758,1443.0
1782553080000,71.765,71.785,71.758,71.785,995.33
1782553140000,71.785,71.786,71.757,71.765,1962.98
1782553200000,71.765,71.765,71.731,71.748,1624.59
1782553260000,71.755,71.789,71.747,71.765,1051.75
1782553320000,71.765,71.766,71.738,71.738,1488.4
1782553380000,71.745,71.745,71.721,71.722,2294.47
1782553440000,71.722,71.729,71.701,71.709,968.84
1782553500000,71.709,71.765,71.701,71.708,5446.41
1782553560000,71.708,71.75,71.708,71.742,1636.1
1782553620000,71.75,71.75,71.704,71.719,1259.06
1782553680000,71.72,71.749,71.712,71.741,1170.04
1782553740000,71.741,71.749,71.722,71.729,991.53
1782553800000,71.722,71.73,71.721,71.722,1091.9
1782553860000,71.729,71.76,71.722,71.752,951.15
1782553920000,71.759,71.759,71.731,71.732,1194.37
1782553980000,71.732,71.74,71.732,71.739,997.06
1782554040000,71.732,71.755,71.731,71.755,938.01
1782554100000,71.755,71.756,71.747,71.755,1055.73
1782554160000,71.748,71.779,71.748,71.778,985.46
1782554220000,71.771,71.817,71.771,71.816,1056.44
1782554280000,71.816,71.836,71.809,71.828,1058.93
1782554340000,71.835,71.853,71.824,71.824,1008.9
1782554400000,71.831,71.85,71.823,71.842,2554.78
1782554460000,71.842,71.88,71.821,71.822,1087.29
1782554520000,71.822,71.83,71.801,71.802,939.24
1782554580000,71.809,71.81,71.801,71.802,979.05
1782554640000,71.81,71.848,71.801,71.842,966.33
1782554700000,71.848,71.849,71.841,71.848,1000.3
1782554760000,71.848,71.849,71.842,71.849,1108.77
1782554820000,71.849,71.849,71.848,71.848,1062.79
1782554880000,71.849,71.866,71.848,71.859,1016.52
1782554940000,71.859,71.866,71.857,71.858,1105.54
1782555000000,71.863,71.883,71.857,71.875,1094.2
1782555060000,71.882,71.883,71.874,71.882,1363.41
1782555120000,71.875,71.9,71.875,71.899,1660.69
1782555180000,71.9,71.915,71.861,71.862,989.19
1782555240000,71.87,71.873,71.861,71.872,1300.46
1782555300000,71.865,71.872,71.848,71.849,1021.13
1782555360000,71.856,71.857,71.828,71.837,1047.84
1782555420000,71.836,71.853,71.828,71.845,1203.41
1782555480000,71.852,71.872,71.844,71.872,1260.66
1782555540000,71.865,71.892,71.864,71.889,1079.47
1782555600000,71.889,71.926,71.884,71.925,1145.89
1782555660000,71.925,71.949,71.901,71.949,1306.2
1782555720000,71.946,71.973,71.945,71.972,1165.87
1782555780000,71.965,72.007,71.964,72.006,2388.05
1782555840000,71.999,72.007,71.998,71.998,1097.13
1782555900000,72.0,72.0,71.968,71.97,1131.6
1782555960000,71.97,71.997,71.969,71.996,1013.18
1782556020000,71.997,71.997,71.915,71.916,1300.76
1782556080000,71.923,71.924,71.902,71.903,1522.35
1782556140000,71.909,71.909,71.902,71.909,1088.3
1782556200000,71.904,71.91,71.888,71.901,1706.9
1782556260000,71.889,71.901,71.835,71.835,1501.13
1782556320000,71.84,71.841,71.832,71.839,1059.59
1782556380000,71.839,71.883,71.833,71.883,1062.12
1782556440000,71.883,71.899,71.875,71.898,1010.7
1782556500000,71.888,71.898,71.872,71.896,982.84
1782556560000,71.896,71.937,71.889,71.937,1504.96
1782556620000,71.93,71.995,71.93,71.989,1132.65
1782556680000,71.995,71.995,71.948,71.968,1015.51
1782556740000,71.968,71.993,71.968,71.986,992.95
1782556800000,71.991,71.999,71.985,71.999,1039.44
1782556860000,71.998,71.999,71.941,71.983,1099.31
1782556920000,71.983,71.984,71.975,71.983,968.6
1782556980000,71.976,71.991,71.958,71.99,894.64
1782557040000,71.99,71.99,71.867,71.892,984.54
1782557100000,71.885,71.91,71.885,71.892,1297.15
1782557160000,71.899,71.9,71.891,71.899,1027.41
1782557220000,71.899,71.933,71.891,71.926,1035.79
1782557280000,71.932,71.933,71.926,71.926,947.57
1782557340000,71.932,71.97,71.926,71.953,1747.87
1782557400000,71.946,71.971,71.904,71.923,1101.83
1782557460000,71.913,71.93,71.906,71.923,958.24
1782557520000,71.929,71.929,71.902,71.926,3384.73
1782557580000,71.927,71.934,71.919,71.926,1739.58
1782557640000,71.925,71.933,71.925,71.926,935.05
1782557700000,71.926,71.987,71.926,71.986,2358.22
1782557760000,71.986,71.987,71.963,71.979,1117.47
1782557820000,71.986,71.997,71.979,71.989,2300.02
1782557880000,71.996,71.997,71.978,71.993,4380.17
1782557940000,71.994,71.994,71.985,71.993,1051.71
1782558000000,71.993,71.999,71.985,71.999,1102.79
1782558060000,71.999,71.999,71.968,71.992,1082.69
1782558120000,71.986,71.993,71.985,71.986,1012.48
1782558180000,71.986,72.034,71.985,72.033,1485.16
1782558240000,72.026,72.034,72.005,72.012,1079.8
1782558300000,72.013,72.014,71.85,71.85,1747.58
1782558360000,71.851,71.87,71.85,71.862,903.4
1782558420000,71.869,71.886,71.861,71.869,1168.52
1782558480000,71.862,71.869,71.834,71.834,1270.93
1782558540000,71.837,71.873,71.828,71.865,1123.3
1782558600000,71.865,71.872,71.849,71.85,954.22
1782558660000,71.856,71.856,71.827,71.855,1073.93
1782558720000,71.849,71.857,71.848,71.848,1320.9
1782558780000,71.856,71.887,71.849,71.85,1326.91
1782558840000,71.85,71.856,71.838,71.839,1201.82
1782558900000,71.839,71.847,71.752,71.759,1250.79
1782558960000,71.759,71.759,71.674,71.674,2265.02
1782559020000,71.674,71.687,71.65,71.68,1151.95
1782559080000,71.686,71.687,71.575,71.606,3300.4
1782559140000,71.6,71.64,71.6,71.632,1570.55
1782559200000,71.64,71.671,71.631,71.662,2307.75
1782559260000,71.662,71.7,71.662,71.698,1274.4
1782559320000,71.698,71.71,71.698,71.699,1451.43
1782559380000,71.699,71.747,71.699,71.726,1235.73
1782559440000,71.726,71.727,71.722,71.726,989.85
1782559500000,71.726,71.756,71.723,71.748,1054.47
1782559560000,71.755,71.755,71.685,71.696,2146.17
1782559620000,71.689,71.696,71.53,71.539,2829.1
1782559680000,71.54,71.557,71.495,71.549,2008.42
1782559740000,71.549,71.58,71.548,71.579,1492.75
1782559800000,71.58,71.62,71.579,71.619,1733.4
1782559860000,71.619,71.62,71.611,71.619,1084.96
1782559920000,71.619,71.64,71.612,71.632,1160.15
1782559980000,71.639,71.656,71.631,71.656,1248.0
1782560040000,71.649,71.659,71.615,71.658,952.4
1782560100000,71.652,71.659,71.572,71.599,1160.88
1782560160000,71.599,71.625,71.542,71.569,1100.13
1782560220000,71.569,71.576,71.502,71.503,1417.55
1782560280000,71.503,71.57,71.503,71.549,2077.83
1782560340000,71.549,71.604,71.542,71.603,1064.31
1782560400000,71.604,71.604,71.557,71.565,1509.58
1782560460000,71.565,71.603,71.565,71.595,1076.39
1782560520000,71.595,71.62,71.595,71.619,1076.39
1782560580000,71.619,71.67,71.612,71.669,1411.52
1782560640000,71.67,71.67,71.646,71.647,1302.47
1782560700000,71.654,71.86,71.646,71.839,2330.54
1782560760000,71.84,71.84,71.801,71.802,1452.59
1782560820000,71.809,71.81,71.801,71.809,1058.0
1782560880000,71.802,71.87,71.802,71.832,1044.26
1782560940000,71.825,71.833,71.792,71.809,1251.9
1782561000000,71.809,71.809,71.768,71.769,1177.54
1782561060000,71.778,71.778,71.754,71.759,1565.79
1782561120000,71.755,71.763,71.735,71.735,1121.98
1782561180000,71.735,71.759,71.734,71.751,1097.79
1782561240000,71.758,71.759,71.75,71.759,1094.81
1782561300000,71.758,71.793,71.751,71.772,1325.08
1782561360000,71.779,71.78,71.742,71.742,1260.12
1782561420000,71.742,71.77,71.725,71.769,1158.65
1782561480000,71.769,71.8,71.761,71.772,1285.33
1782561540000,71.779,71.78,71.771,71.772,1025.66
1782561600000,71.772,71.796,71.731,71.759,1015.98
1782561660000,71.76,71.833,71.753,71.825,1303.8
1782561720000,71.832,71.832,71.762,71.768,1226.09
1782561780000,71.768,71.768,71.741,71.742,1025.34
1782561840000,71.742,71.767,71.742,71.766,1144.0
1782561900000,71.759,71.767,71.732,71.732,1073.09
1782561960000,71.739,71.74,71.677,71.678,1167.22
1782562020000,71.685,71.686,71.662,71.662,1237.08
1782562080000,71.663,71.673,71.662,71.663,1078.06
1782562140000,71.672,71.715,71.662,71.699,1101.78
1782562200000,71.699,71.72,71.682,71.682,1062.34
1782562260000,71.682,71.689,71.614,71.639,2149.01
1782562320000,71.632,71.676,71.631,71.659,1167.52
1782562380000,71.659,71.679,71.651,71.672,1046.5
1782562440000,71.678,71.679,71.671,71.678,942.88
1782562500000,71.672,71.7,71.671,71.692,996.72
1782562560000,71.691,71.717,71.691,71.709,1155.6
1782562620000,71.716,71.75,71.709,71.743,1107.85
1782562680000,71.743,71.8,71.741,71.762,1654.57
1782562740000,71.769,71.77,71.761,71.769,1034.15
1782562800000,71.769,71.816,71.761,71.815,1094.43
1782562860000,71.815,71.866,71.808,71.858,1280.08
1782562920000,71.857,71.865,71.804,71.805,1141.96
1782562980000,71.805,71.828,71.791,71.806,1991.34
1782563040000,71.807,71.82,71.752,71.752,1368.27
1782563100000,71.779,71.796,71.767,71.775,1027.38
1782563160000,71.768,71.776,71.683,71.751,1060.74
1782563220000,71.758,71.759,71.751,71.752,1365.04
1782563280000,71.759,71.759,71.732,71.755,1035.4
1782563340000,71.755,71.797,71.747,71.796,1130.59
1782563400000,71.796,71.85,71.789,71.842,1329.85
1782563460000,71.842,71.88,71.822,71.829,1953.46
1782563520000,71.822,71.83,71.811,71.819,5460.0
1782563580000,71.811,71.82,71.778,71.779,1148.39
1782563640000,71.786,71.787,71.731,71.772,1134.15
1782563700000,71.771,71.856,71.771,71.832,1503.77
1782563760000,71.832,71.856,71.828,71.848,1138.84
1782563820000,71.855,71.876,71.79,71.799,2035.2
1782563880000,71.792,71.815,71.792,71.806,1274.76
1782563940000,71.812,71.813,71.726,71.726,1177.41
1782564000000,71.727,71.749,71.717,71.742,1292.35
1782564060000,71.742,71.75,71.724,71.732,1535.14
1782564120000,71.725,71.78,71.725,71.779,1013.05
1782564180000,71.78,71.79,71.779,71.789,1008.53
1782564240000,71.789,71.806,71.779,71.805,1141.47
1782564300000,71.798,71.842,71.757,71.834,1109.45
1782564360000,71.842,71.873,71.833,71.852,1311.49
1782564420000,71.844,71.866,71.844,71.859,1381.58
1782564480000,71.859,71.865,71.844,71.845,1499.63
1782564540000,71.845,71.873,71.844,71.844,1535.23
1782564600000,71.852,71.934,71.844,71.932,3575.11
1782564660000,71.932,71.956,71.912,71.938,1641.23
1782564720000,71.922,71.956,71.921,71.955,1717.96
1782564780000,71.949,72.016,71.948,72.008,1537.16
1782564840000,72.008,72.042,72.007,72.035,1615.61
1782564900000,72.05,72.139,72.05,72.069,3920.3
1782564960000,72.075,72.083,72.051,72.075,2305.83
1782565020000,72.083,72.113,72.074,72.105,2121.54
1782565080000,72.113,72.13,72.08,72.089,3996.13
1782565140000,72.082,72.127,72.082,72.126,1267.31
1782565200000,72.126,72.13,72.105,72.105,2138.78
1782565260000,72.112,72.113,72.104,72.112,999.67
1782565320000,72.105,72.129,72.084,72.116,2427.89
1782565380000,72.116,72.26,72.079,72.175,3902.69
1782565440000,72.175,72.286,72.168,72.212,2031.94
1782565500000,72.22,72.238,72.191,72.193,4060.96
1782565560000,72.193,72.193,72.146,72.146,1467.62
1782565620000,72.146,72.161,72.145,72.161,2370.37
1782565680000,72.161,72.162,72.154,72.156,1357.37
1782565740000,72.16,72.213,72.151,72.212,2395.95
1782565800000,72.205,72.23,72.204,72.229,1226.0
1782565860000,72.229,72.23,72.191,72.223,1208.4
1782565920000,72.223,72.224,72.178,72.199,4185.62
1782565980000,72.199,72.219,72.182,72.212,1757.09
1782566040000,72.212,72.22,72.199,72.206,1227.78
1782566100000,72.206,72.206,72.151,72.159,1842.31
1782566160000,72.159,72.186,72.151,72.159,3813.1
1782566220000,72.159,72.16,72.131,72.16,1140.83
1782566280000,72.152,72.292,72.152,72.213,1632.35
1782566340000,72.213,72.213,72.175,72.198,1145.25
1782566400000,72.192,72.302,72.171,72.282,3938.81
1782566460000,72.29,72.37,72.258,72.288,3486.98
1782566520000,72.282,72.289,72.229,72.229,1674.58
1782566580000,72.236,72.237,72.228,72.232,1148.83
1782566640000,72.229,72.235,72.228,72.228,1038.88
1782566700000,72.228,72.34,72.228,72.328,2027.93
1782566760000,72.328,72.33,72.297,72.298,1935.59
1782566820000,72.306,72.306,72.297,72.305,1135.96
1782566880000,72.305,72.43,72.298,72.392,2118.27
1782566940000,72.391,72.399,72.351,72.362,1530.12
1782567000000,72.362,72.368,72.329,72.352,1523.52
1782567060000,72.359,72.359,72.311,72.317,1412.38
1782567120000,72.312,72.32,72.311,72.319,1114.1
1782567180000,72.312,72.329,72.285,72.322,2584.16
1782567240000,72.328,72.329,72.302,72.313,1362.61
1782567300000,72.313,72.313,72.275,72.276,2719.08
1782567360000,72.276,72.377,72.275,72.362,1751.0
1782567420000,72.369,72.407,72.361,72.406,1133.22
1782567480000,72.399,72.57,72.398,72.482,6467.0
1782567540000,72.482,72.54,72.481,72.489,7966.06
1782567600000,72.481,72.489,72.431,72.457,2633.07
1782567660000,72.47,72.47,72.405,72.405,2258.65
1782567720000,72.412,72.432,72.395,72.402,1896.2
1782567780000,72.401,72.409,72.388,72.396,1911.58
1782567840000,72.396,72.43,72.389,72.429,1079.27
1782567900000,72.429,72.487,72.379,72.463,1918.35
1782567960000,72.463,72.47,72.382,72.399,2911.4
1782568020000,72.399,72.429,72.389,72.402,1053.78
1782568080000,72.409,72.409,72.291,72.292,1027.09
1782568140000,72.292,72.301,72.291,72.3,1184.9
1782568200000,72.3,72.301,72.271,72.285,1849.27
1782568260000,72.279,72.349,72.274,72.316,1095.25
1782568320000,72.316,72.42,72.316,72.395,1464.59
1782568380000,72.402,72.402,72.332,72.378,1253.95
1782568440000,72.371,72.379,72.331,72.339,1476.65
1782568500000,72.331,72.359,72.32,72.32,1086.57
1782568560000,72.32,72.343,72.315,72.318,1188.84
1782568620000,72.317,72.324,72.3,72.303,1395.41
1782568680000,72.303,72.303,72.277,72.278,1714.91
1782568740000,72.285,72.334,72.277,72.312,1575.97
1782568800000,72.313,72.33,72.187,72.227,2099.25
1782568860000,72.202,72.242,72.2,72.233,2776.01
1782568920000,72.218,72.225,72.195,72.224,1083.04
1782568980000,72.225,72.256,72.217,72.255,1120.43
1782569040000,72.248,72.256,72.208,72.208,1142.02
1782569100000,72.207,72.216,72.207,72.208,1066.71
1782569160000,72.215,72.331,72.208,72.305,2873.3
1782569220000,72.305,72.349,72.305,72.318,1123.12
1782569280000,72.325,72.326,72.301,72.323,1081.07
1782569340000,72.324,72.363,72.315,72.332,2094.44
1782569400000,72.338,72.403,72.332,72.341,3304.35
1782569460000,72.342,72.39,72.341,72.365,1137.84
1782569520000,72.365,72.389,72.341,72.357,1121.4
1782569580000,72.365,72.553,72.357,72.539,5168.42
1782569640000,72.54,72.68,72.532,72.593,4485.15
1782569700000,72.593,72.593,72.478,72.483,1958.95
1782569760000,72.49,72.547,72.49,72.527,1949.21
1782569820000,72.519,72.605,72.511,72.535,1324.33
1782569880000,72.535,72.559,72.519,72.519,2964.2
1782569940000,72.52,72.56,72.519,72.547,1296.97
1782570000000,72.548,72.576,72.529,72.544,1158.95
1782570060000,72.537,72.559,72.526,72.533,1243.76
1782570120000,72.527,72.535,72.526,72.534,985.43
1782570180000,72.527,72.637,72.527,72.63,1948.44
1782570240000,72.63,72.637,72.599,72.6,1460.49
1782570300000,72.607,72.7,72.6,72.644,3774.4
1782570360000,72.645,72.772,72.599,72.771,6594.6
1782570420000,72.766,72.774,72.62,72.622,1669.1
1782570480000,72.63,72.726,72.622,72.689,1598.53
1782570540000,72.689,72.771,72.667,72.673,5483.26
1782570600000,72.68,72.73,72.672,72.722,3182.51
1782570660000,72.73,72.763,72.698,72.703,1299.71
1782570720000,72.702,72.776,72.702,72.769,1550.39
1782570780000,72.763,72.769,72.681,72.682,2157.9
1782570840000,72.69,72.752,72.681,72.73,1476.38
1782570900000,72.737,72.737,72.655,72.655,1287.52
1782570960000,72.664,72.664,72.571,72.633,1413.0
1782571020000,72.616,72.623,72.572,72.579,1130.67
1782571080000,72.58,72.643,72.555,72.643,1041.93
1782571140000,72.643,72.741,72.638,72.74,3774.61
1782571200000,72.74,72.769,72.725,72.763,1912.06
1782571260000,72.77,72.813,72.745,72.806,1888.15
1782571320000,72.8,72.814,72.763,72.786,3791.0
1782571380000,72.786,72.816,72.761,72.769,1346.23
1782571440000,72.762,72.84,72.752,72.803,1434.47
1782571500000,72.803,72.825,72.761,72.803,1302.79
1782571560000,72.809,72.837,72.802,72.81,1267.56
1782571620000,72.833,72.857,72.777,72.792,1362.27
1782571680000,72.799,72.816,72.792,72.793,1037.61
1782571740000,72.8,72.801,72.753,72.759,1974.12
1782571800000,72.759,72.759,72.705,72.722,1287.19
1782571860000,72.722,72.729,72.676,72.696,1565.03
1782571920000,72.704,72.73,72.695,72.707,2580.48
1782571980000,72.7,72.707,72.699,72.706,1153.83
1782572040000,72.707,72.707,72.578,72.646,1728.15
1782572100000,72.646,72.664,72.619,72.646,2017.62
1782572160000,72.646,72.674,72.646,72.673,1093.0
1782572220000,72.673,72.676,72.651,72.659,1282.92
1782572280000,72.66,72.66,72.651,72.659,1031.93
1782572340000,72.659,72.677,72.651,72.676,1200.11
1782572400000,72.677,72.677,72.656,72.659,1579.66
1782572460000,72.659,72.677,72.608,72.616,3139.29
1782572520000,72.609,72.704,72.608,72.676,1728.04
1782572580000,72.676,72.676,72.635,72.635,1193.8
1782572640000,72.636,72.654,72.573,72.643,2165.41
1782572700000,72.646,72.686,72.639,72.679,1307.88
1782572760000,72.679,72.777,72.679,72.776,5649.09
1782572820000,72.776,72.834,72.769,72.826,1606.97
1782572880000,72.826,72.834,72.786,72.819,1089.45
1782572940000,72.826,72.865,72.816,72.846,4384.73
1782573000000,72.846,73.123,72.813,73.086,10836.47
1782573060000,73.085,73.131,73.027,73.091,5693.56
1782573120000,73.091,73.163,73.041,73.07,3022.98
1782573180000,73.063,73.078,73.021,73.052,4133.98
1782573240000,73.059,73.059,72.975,73.005,3726.16
1782573300000,72.995,72.996,72.9,72.925,1609.85
1782573360000,72.933,72.935,72.894,72.905,3177.56
1782573420000,72.913,72.934,72.857,72.857,1979.49
1782573480000,72.865,72.893,72.857,72.893,2259.35
1782573540000,72.893,72.893,72.833,72.879,3003.24
1782573600000,72.879,72.88,72.871,72.873,1689.2
1782573660000,72.879,72.88,72.81,72.817,5048.93
1782573720000,72.817,72.825,72.794,72.817,1830.57
1782573780000,72.818,72.883,72.817,72.882,2191.76
1782573840000,72.877,72.883,72.847,72.883,1433.73
1782573900000,72.899,72.936,72.894,72.935,1446.36
1782573960000,72.928,72.955,72.874,72.881,2619.89
1782574020000,72.875,72.881,72.84,72.848,1685.94
1782574080000,72.841,72.938,72.841,72.895,1455.43
1782574140000,72.902,72.903,72.86,72.86,1110.5
1782574200000,72.86,72.893,72.8,72.812,1586.33
1782574260000,72.792,72.839,72.788,72.789,1194.64
1782574320000,72.797,72.819,72.778,72.779,986.26
1782574380000,72.779,72.883,72.754,72.859,1651.75
1782574440000,72.859,72.882,72.8,72.844,1321.74
1782574500000,72.852,72.852,72.768,72.776,1224.52
1782574560000,72.776,72.83,72.769,72.792,1217.15
1782574620000,72.792,72.939,72.784,72.938,1397.03
1782574680000,72.931,73.025,72.931,73.008,2817.09
1782574740000,73.007,73.039,72.964,73.001,2115.55
1782574800000,72.956,73.002,72.956,72.995,1761.78
1782574860000,72.995,73.021,72.994,73.009,1042.59
1782574920000,73.002,73.009,72.981,72.985,1422.76
1782574980000,72.992,73.018,72.974,72.983,1106.17
1782575040000,72.975,72.983,72.974,72.982,1087.2
1782575100000,72.975,72.983,72.828,72.836,1663.98
1782575160000,72.836,72.903,72.828,72.903,3533.74
1782575220000,72.895,72.902,72.878,72.879,1170.14
1782575280000,72.879,72.922,72.878,72.899,1081.62
1782575340000,72.906,72.906,72.889,72.896,1420.7
1782575400000,72.897,72.897,72.818,72.842,1448.89
1782575460000,72.835,72.842,72.828,72.836,2081.24
1782575520000,72.837,72.837,72.738,72.767,1515.72
1782575580000,72.768,72.776,72.754,72.755,1311.47
1782575640000,72.754,72.786,72.728,72.778,1420.34
1782575700000,72.786,72.786,72.704,72.706,1181.54
1782575760000,72.706,72.844,72.697,72.771,1447.23
1782575820000,72.771,72.814,72.765,72.792,1041.39
1782575880000,72.785,72.813,72.757,72.758,1834.31
1782575940000,72.758,72.802,72.757,72.795,1129.56
1782576000000,72.802,72.802,72.774,72.782,1659.73
1782576060000,72.774,72.783,72.729,72.732,1228.54
1782576120000,72.731,72.744,72.637,72.734,2873.54
1782576180000,72.742,72.742,72.704,72.712,1297.3
1782576240000,72.712,72.779,72.704,72.754,1142.29
1782576300000,72.754,72.761,72.705,72.711,1030.81
1782576360000,72.704,72.746,72.704,72.742,1173.6
1782576420000,72.743,72.957,72.734,72.922,1936.35
1782576480000,72.922,72.976,72.904,72.914,1798.68
1782576540000,72.89,72.912,72.881,72.902,1917.32
1782576600000,72.908,72.908,72.878,72.879,1028.77
1782576660000,72.878,72.878,72.8,72.801,1716.67
1782576720000,72.8,72.801,72.762,72.763,1051.03
1782576780000,72.769,72.775,72.745,72.759,1597.35
1782576840000,72.759,72.76,72.708,72.708,1543.99
1782576900000,72.708,72.717,72.653,72.682,1194.39
1782576960000,72.683,72.683,72.658,72.666,1167.69
1782577020000,72.666,72.691,72.641,72.685,1294.91
1782577080000,72.691,72.692,72.608,72.659,2595.77
1782577140000,72.64,72.672,72.597,72.605,1716.29
1782577200000,72.598,72.707,72.598,72.706,1653.35
1782577260000,72.706,72.726,72.699,72.714,1174.58
1782577320000,72.722,72.752,72.698,72.729,1199.16
1782577380000,72.728,72.736,72.681,72.682,1109.27
1782577440000,72.689,72.689,72.622,72.635,1578.43
1782577500000,72.635,72.697,72.635,72.676,1059.62
1782577560000,72.676,72.722,72.669,72.679,1160.96
1782577620000,72.679,72.746,72.678,72.738,1454.89
1782577680000,72.738,72.752,72.737,72.752,1471.18
1782577740000,72.778,72.816,72.778,72.795,1378.24
1782577800000,72.795,72.795,72.742,72.752,1116.47
1782577860000,72.743,72.795,72.732,72.755,1011.61
1782577920000,72.755,72.756,72.659,72.688,1097.95
1782577980000,72.688,72.696,72.687,72.695,1084.17
1782578040000,72.688,72.737,72.687,72.729,1037.23
1782578100000,72.729,72.737,72.651,72.651,1018.72
1782578160000,72.651,72.681,72.638,72.638,1499.51
1782578220000,72.639,72.686,72.638,72.677,925.73
1782578280000,72.678,72.691,72.677,72.685,1267.5
1782578340000,72.692,72.777,72.685,72.776,1437.54
1782578400000,72.769,72.796,72.733,72.759,1272.27
1782578460000,72.739,72.783,72.728,72.775,1577.07
1782578520000,72.775,72.783,72.738,72.739,1076.25
1782578580000,72.739,72.766,72.738,72.739,1068.48
1782578640000,72.739,72.746,72.708,72.716,1026.1
1782578700000,72.709,72.717,72.618,72.665,1243.78
1782578760000,72.665,72.686,72.658,72.675,1320.99
1782578820000,72.683,72.712,72.675,72.695,1407.8
1782578880000,72.695,72.786,72.689,72.785,1232.61
1782578940000,72.785,72.816,72.748,72.775,1208.13
1782579000000,72.768,72.776,72.736,72.736,1033.0
1782579060000,72.742,72.78,72.736,72.746,1952.53
1782579120000,72.739,72.746,72.718,72.726,1100.46
1782579180000,72.727,72.727,72.708,72.715,1486.25
1782579240000,72.716,72.735,72.669,72.669,1209.24
1782579300000,72.675,72.693,72.668,72.692,1014.59
1782579360000,72.692,72.693,72.621,72.64,1245.02
1782579420000,72.641,72.685,72.641,72.648,1162.23
1782579480000,72.648,72.649,72.641,72.642,1077.91
1782579540000,72.642,72.645,72.604,72.604,1261.76
1782579600000,72.611,72.614,72.476,72.51,5087.73
1782579660000,72.511,72.561,72.278,72.278,5494.69
1782579720000,72.278,72.305,72.118,72.118,7132.41
1782579780000,72.118,72.223,72.105,72.139,3103.31
1782579840000,72.139,72.145,71.862,71.871,5449.77
1782579900000,71.881,72.09,71.881,72.079,2171.46
1782579960000,72.087,72.093,72.062,72.092,1758.59
1782580020000,72.085,72.096,72.035,72.061,5004.95
1782580080000,72.06,72.14,72.053,72.112,1509.95
1782580140000,72.112,72.115,72.002,72.052,1659.73
1782580200000,72.052,72.13,72.051,72.129,1624.15
1782580260000,72.129,72.166,72.121,72.165,1482.37
1782580320000,72.165,72.203,72.131,72.132,2134.37
1782580380000,72.138,72.196,72.131,72.188,1080.3
1782580440000,72.188,72.196,72.188,72.196,1267.75
1782580500000,72.196,72.226,72.1,72.128,1290.34
1782580560000,72.122,72.156,72.009,72.148,2909.2
1782580620000,72.148,72.23,72.123,72.123,7120.35
1782580680000,72.145,72.233,72.138,72.226,1517.79
1782580740000,72.219,72.226,72.168,72.201,1246.63
1782580800000,72.209,72.236,72.192,72.228,1363.45
1782580860000,72.228,72.256,72.228,72.235,1077.91
1782580920000,72.235,72.235,72.158,72.159,1316.46
1782580980000,72.167,72.242,72.159,72.212,1004.12
1782581040000,72.211,72.263,72.211,72.255,1123.46
1782581100000,72.262,72.3,72.205,72.212,1172.88
1782581160000,72.212,72.229,72.129,72.152,1733.96
1782581220000,72.152,72.153,72.141,72.149,1403.56
1782581280000,72.142,72.216,72.141,72.215,1109.55
1782581340000,72.215,72.233,72.209,72.225,959.38
1782581400000,72.232,72.262,72.168,72.175,1226.46
1782581460000,72.169,72.195,72.131,72.137,2363.66
1782581520000,72.137,72.266,72.131,72.245,1652.91
1782581580000,72.246,72.266,72.203,72.241,1123.03
1782581640000,72.241,72.27,72.083,72.117,1683.68
1782581700000,72.124,72.218,72.117,72.206,2886.49
1782581760000,72.222,72.267,72.203,72.259,1689.94
1782581820000,72.259,72.267,72.178,72.179,2604.85
1782581880000,72.187,72.28,72.179,72.265,1760.41
1782581940000,72.265,72.31,72.176,72.182,1475.46
1782582000000,72.176,72.199,72.168,72.189,1767.78
1782582060000,72.189,72.197,72.167,72.189,1044.7
1782582120000,72.183,72.23,72.165,72.196,1329.19
1782582180000,72.203,72.229,72.192,72.2,1560.8
1782582240000,72.2,72.217,72.192,72.216,964.74
1782582300000,72.216,72.225,72.176,72.178,1233.64
1782582360000,72.178,72.202,72.175,72.202,1159.51
1782582420000,72.195,72.203,72.132,72.14,1294.71
1782582480000,72.165,72.166,72.134,72.146,1036.69
1782582540000,72.139,72.158,72.139,72.143,1015.72
1782582600000,72.149,72.192,72.138,72.158,1202.35
1782582660000,72.166,72.196,72.157,72.189,1506.56
1782582720000,72.189,72.202,72.158,72.195,1058.66
1782582780000,72.195,72.23,72.178,72.229,1206.19
1782582840000,72.221,72.23,72.185,72.189,1160.15
1782582900000,72.189,72.197,72.145,72.185,1555.32
1782582960000,72.192,72.193,72.119,72.119,2292.78
1782583020000,72.126,72.126,72.098,72.118,1436.65
1782583080000,72.118,72.146,72.109,72.115,1930.91
1782583140000,72.109,72.115,72.005,72.012,1155.47
1782583200000,72.012,72.013,71.954,71.986,1456.35
1782583260000,71.987,72.013,71.928,71.985,3011.98
1782583320000,71.992,72.011,71.901,71.913,1315.16
1782583380000,71.902,71.946,71.85,71.926,1413.09
1782583440000,71.919,71.977,71.901,71.976,1128.99
1782583500000,71.968,72.003,71.951,71.985,1415.32
1782583560000,71.978,71.985,71.924,71.975,2123.26
1782583620000,71.969,72.016,71.969,72.008,2027.82
1782583680000,72.015,72.099,72.007,72.092,1280.54
1782583740000,72.098,72.128,72.075,72.128,1173.62
1782583800000,72.128,72.139,72.101,72.127,1552.39
1782583860000,72.119,72.126,72.091,72.092,1760.5
1782583920000,72.092,72.098,72.036,72.036,1068.35
1782583980000,72.042,72.06,72.035,72.053,1317.84
1782584040000,72.05,72.053,72.001,72.012,1440.19
1782584100000,72.013,72.088,72.005,72.088,1070.66
1782584160000,72.089,72.103,72.081,72.103,1661.14
1782584220000,72.103,72.109,72.085,72.085,1025.9
1782584280000,72.092,72.092,72.061,72.062,1066.51
1782584340000,72.069,72.07,72.002,72.009,1143.05
1782584400000,72.009,72.045,72.002,72.025,1293.05
1782584460000,72.018,72.025,71.951,71.955,874.55
1782584520000,71.95,71.956,71.769,71.782,5856.06
1782584580000,71.775,71.861,71.771,71.861,2761.44
1782584640000,71.854,71.866,71.852,71.852,1637.62
1782584700000,71.853,71.853,71.724,71.742,2054.52
1782584760000,71.742,71.756,71.724,71.748,1075.19
1782584820000,71.756,71.76,71.718,71.752,1260.08
1782584880000,71.759,71.784,71.735,71.783,1225.28
1782584940000,71.776,71.919,71.776,71.86,1145.23
1782585000000,71.86,71.862,71.837,71.838,1129.98
1782585060000,71.845,71.923,71.838,71.913,1222.13
1782585120000,71.905,71.935,71.905,71.918,1825.42
1782585180000,71.918,71.942,71.908,71.915,1145.05
1782585240000,71.908,71.915,71.907,71.908,1350.76
1782585300000,71.915,71.993,71.908,71.985,1770.92
1782585360000,71.996,72.013,71.924,71.959,7182.31
1782585420000,71.959,71.984,71.924,71.959,1178.32
1782585480000,71.966,71.992,71.959,71.968,1067.23
1782585540000,71.975,71.976,71.968,71.974,1284.33
1782585600000,71.974,71.975,71.887,71.888,1051.01
1782585660000,71.888,71.928,71.888,71.921,983.95
1782585720000,71.928,71.928,71.872,71.878,1711.0
1782585780000,71.885,71.921,71.877,71.898,1120.7
1782585840000,71.905,71.912,71.887,71.912,2077.25
1782585900000,71.904,71.918,71.894,71.902,1226.72
1782585960000,71.903,71.903,71.88,71.881,1118.79
1782586020000,71.881,71.916,71.881,71.888,1063.58
1782586080000,71.888,71.896,71.887,71.895,1546.75
1782586140000,71.887,71.895,71.887,71.895,984.99
1782586200000,71.888,71.896,71.843,71.866,1248.83
1782586260000,71.866,71.889,71.858,71.881,1043.9
1782586320000,71.888,71.889,71.88,71.889,1213.95
1782586380000,71.881,71.908,71.88,71.888,899.76
1782586440000,71.882,71.939,71.881,71.931,1859.44
1782586500000,71.938,71.94,71.925,71.935,2772.41
1782586560000,71.935,71.936,71.914,71.915,1190.54
1782586620000,71.922,71.922,71.914,71.922,1000.77
1782586680000,71.922,71.923,71.875,71.877,1030.92
1782586740000,71.882,71.883,71.851,71.875,1267.33
1782586800000,71.875,71.881,71.841,71.875,1071.03
1782586860000,71.876,71.952,71.869,71.942,1466.12
1782586920000,71.942,71.952,71.941,71.952,1084.6
1782586980000,71.95,71.969,71.944,71.945,1528.86
1782587040000,71.945,71.956,71.938,71.938,2112.81
1782587100000,71.945,71.945,71.891,71.898,1150.04
1782587160000,71.892,71.903,71.878,71.879,1248.19
1782587220000,71.879,71.889,71.839,71.861,1236.26
1782587280000,71.854,71.892,71.853,71.885,1043.82
1782587340000,71.885,71.892,71.884,71.885,1194.7
1782587400000,71.891,71.896,71.87,71.889,1615.85
1782587460000,71.889,71.919,71.889,71.919,1109.88
1782587520000,71.912,71.919,71.88,71.888,1067.82
1782587580000,71.88,71.889,71.88,71.888,1022.74
1782587640000,71.888,71.889,71.864,71.873,1233.76
1782587700000,71.865,71.873,71.839,71.84,964.59
1782587760000,71.839,71.858,71.811,71.838,970.39
1782587820000,71.831,71.838,71.703,71.704,2992.13
1782587880000,71.704,71.741,71.635,71.644,5538.75
1782587940000,71.634,71.702,71.587,71.601,3896.85
1782588000000,71.602,71.67,71.594,71.664,1209.6
1782588060000,71.664,71.665,71.642,71.649,998.61
1782588120000,71.649,71.673,71.617,71.654,2689.62
1782588180000,71.648,71.665,71.619,71.621,1695.75
1782588240000,71.621,71.664,71.461,71.461,4261.24
1782588300000,71.461,71.461,71.099,71.186,18357.15
1782588360000,71.2,71.249,71.075,71.115,6523.93
1782588420000,71.108,71.189,71.095,71.127,3115.62
1782588480000,71.098,71.282,71.098,71.265,2033.29
1782588540000,71.264,71.292,71.214,71.282,2543.48
1782588600000,71.291,71.318,71.053,71.099,5347.95
1782588660000,71.098,71.154,70.949,71.002,3422.17
1782588720000,71.008,71.061,70.958,71.037,2483.05
1782588780000,71.038,71.088,71.037,71.064,1212.24
1782588840000,71.065,71.109,71.048,71.051,1809.99
1782588900000,71.059,71.196,71.05,71.137,1526.02
1782588960000,71.131,71.138,70.984,70.994,2172.44
1782589020000,70.994,71.061,70.873,70.984,4913.62
1782589080000,70.976,71.045,70.976,70.997,3367.15
1782589140000,71.021,71.079,71.013,71.032,1518.26
1782589200000,71.025,71.113,71.024,71.113,3484.61
1782589260000,71.112,71.112,71.037,71.071,3000.55
1782589320000,71.078,71.108,71.041,71.082,3058.52
1782589380000,71.089,71.129,71.082,71.112,1624.61
1782589440000,71.111,71.152,71.091,71.112,2346.22
1782589500000,71.112,71.135,71.081,71.128,989.56
1782589560000,71.135,71.196,71.128,71.138,4499.12
1782589620000,71.142,71.143,71.091,71.125,2367.94
1782589680000,71.132,71.132,71.053,71.119,3629.22
1782589740000,71.119,71.196,71.111,71.155,3371.79
1782589800000,71.155,71.163,71.121,71.132,2040.78
1782589860000,71.132,71.161,71.122,71.132,1255.21
1782589920000,71.139,71.139,71.131,71.132,1241.75
1782589980000,71.138,71.159,71.13,71.151,1112.42
1782590040000,71.151,71.179,71.031,71.078,1464.1
1782590100000,71.081,71.106,71.061,71.099,1453.7
1782590160000,71.09,71.116,71.072,71.079,1365.41
1782590220000,71.072,71.116,71.071,71.108,1058.25
1782590280000,71.115,71.115,71.065,71.085,1955.62
1782590340000,71.078,71.104,71.059,71.068,1112.5
1782590400000,71.061,71.097,70.993,71.097,1333.52
1782590460000,71.09,71.128,71.058,71.088,4425.95
1782590520000,71.089,71.132,71.081,71.124,1143.26
1782590580000,71.124,71.125,71.101,71.102,1079.22
1782590640000,71.108,71.199,71.101,71.191,3612.64
1782590700000,71.19,71.221,71.154,71.178,1941.72
1782590760000,71.17,71.179,71.154,71.162,1102.29
1782590820000,71.155,71.2,71.154,71.172,1029.73
1782590880000,71.172,71.206,71.172,71.205,2759.42
1782590940000,71.197,71.222,71.197,71.215,1134.79
1782591000000,71.192,71.236,71.191,71.236,2892.8
1782591060000,71.236,71.242,71.201,71.202,1374.21
1782591120000,71.202,71.21,71.202,71.209,1243.21
1782591180000,71.21,71.21,71.194,71.197,2188.27
1782591240000,71.197,71.202,71.162,71.194,1102.72
1782591300000,71.187,71.235,71.186,71.228,1136.93
1782591360000,71.234,71.278,71.227,71.232,2270.53
1782591420000,71.232,71.255,71.212,71.22,1342.8
1782591480000,71.248,71.248,71.168,71.169,1820.43
1782591540000,71.169,71.195,71.153,71.153,1167.71
1782591600000,71.153,71.209,71.153,71.201,1289.78
1782591660000,71.201,71.226,71.172,71.209,966.27
1782591720000,71.209,71.217,71.208,71.216,1017.99
1782591780000,71.216,71.216,71.161,71.185,930.47
1782591840000,71.179,71.195,71.178,71.194,1225.94
1782591900000,71.195,71.195,71.127,71.185,1257.39
1782591960000,71.185,71.19,71.162,71.19,1058.2
1782592020000,71.189,71.218,71.189,71.218,1101.23
1782592080000,71.218,71.219,71.188,71.188,1055.1
1782592140000,71.188,71.196,71.187,71.188,1039.34
1782592200000,71.188,71.219,71.188,71.211,997.87
1782592260000,71.218,71.219,71.192,71.208,1211.54
1782592320000,71.214,71.239,71.191,71.192,1122.48
1782592380000,71.198,71.215,71.191,71.214,1046.24
1782592440000,71.208,71.232,71.207,71.224,971.92
1782592500000,71.231,71.232,71.224,71.224,1152.55
1782592560000,71.231,71.232,71.207,71.208,1144.64
1782592620000,71.215,71.216,71.208,71.215,1017.3
1782592680000,71.208,71.216,71.207,71.208,1017.85
1782592740000,71.215,71.218,71.192,71.217,1078.33
1782592800000,71.211,71.218,71.181,71.194,1157.71
1782592860000,71.194,71.195,71.18,71.182,2861.54
1782592920000,71.182,71.182,71.173,71.181,1099.09
1782592980000,71.182,71.182,71.135,71.141,1839.16
1782593040000,71.135,71.142,71.133,71.137,1300.95
1782593100000,71.132,71.152,71.13,71.151,1069.98
1782593160000,71.145,71.224,71.145,71.223,1376.45
1782593220000,71.215,71.308,71.215,71.307,1343.02
1782593280000,71.307,71.308,71.265,71.275,2953.5
1782593340000,71.275,71.275,71.214,71.215,1196.06
1782593400000,71.215,71.241,71.215,71.241,946.36
1782593460000,71.234,71.242,71.233,71.234,1099.63
1782593520000,71.241,71.241,71.204,71.234,1005.18
1782593580000,71.234,71.235,71.186,71.187,1051.11
1782593640000,71.187,71.187,71.177,71.186,943.45
1782593700000,71.178,71.202,71.177,71.196,1068.22
1782593760000,71.196,71.202,71.174,71.182,1184.4
1782593820000,71.182,71.183,71.174,71.175,1048.7
1782593880000,71.175,71.208,71.167,71.194,991.7
1782593940000,71.195,71.246,71.186,71.238,1031.12
1782594000000,71.273,71.389,71.273,71.331,1555.1
1782594060000,71.338,71.369,71.33,71.345,3704.4
1782594120000,71.351,71.354,71.328,71.334,1012.06
1782594180000,71.334,71.342,71.333,71.334,22959.15
1782594240000,71.334,71.334,71.281,71.333,2055.37
1782594300000,71.333,71.379,71.333,71.378,1687.9
1782594360000,71.373,71.442,71.373,71.418,1918.69
1782594420000,71.412,71.469,71.412,71.461,1059.5
1782594480000,71.461,71.468,71.425,71.433,2569.23
1782594540000,71.433,71.441,71.406,71.414,5145.57
1782594600000,71.414,71.422,71.414,71.422,1057.69
1782594660000,71.42,71.445,71.42,71.437,1045.63
1782594720000,71.445,71.445,71.402,71.405,1091.3
1782594780000,71.405,71.469,71.333,71.435,1109.15
1782594840000,71.427,71.459,71.411,71.445,1090.21
1782594900000,71.445,71.463,71.437,71.452,1636.82
1782594960000,71.452,71.479,71.437,71.438,1262.66
1782595020000,71.445,71.459,71.408,71.431,1111.12
1782595080000,71.431,71.438,71.376,71.377,3310.89
1782595140000,71.378,71.433,71.359,71.432,1184.81
1782595200000,71.432,71.433,71.424,71.425,1051.9
1782595260000,71.425,71.516,71.425,71.478,1713.04
1782595320000,71.478,71.512,71.462,71.506,1029.13
1782595380000,71.506,71.536,71.489,71.495,1113.33
1782595440000,71.489,71.495,71.441,71.441,1159.98
1782595500000,71.443,71.466,71.417,71.433,998.73
1782595560000,71.433,71.468,71.426,71.465,1056.52
1782595620000,71.468,71.506,71.465,71.485,1586.32
1782595680000,71.485,71.493,71.467,71.469,1225.77
1782595740000,71.469,71.516,71.469,71.508,988.63
1782595800000,71.508,71.555,71.508,71.545,5751.65
1782595860000,71.545,71.546,71.481,71.534,15671.6
1782595920000,71.527,71.577,71.527,71.577,2167.98
1782595980000,71.569,71.593,71.568,71.592,1195.07
1782596040000,71.59,71.592,71.524,71.533,1375.1
1782596100000,71.525,71.533,71.431,71.431,1361.35
1782596160000,71.432,71.479,71.431,71.479,1072.97
1782596220000,71.475,71.482,71.347,71.376,21388.6
1782596280000,71.377,71.433,71.369,71.401,1223.65
1782596340000,71.401,71.401,71.216,71.252,29293.29
1782596400000,71.251,71.259,71.095,71.196,8076.66
1782596460000,71.17,71.206,71.159,71.16,2716.73
1782596520000,71.168,71.168,71.104,71.135,1427.22
1782596580000,71.141,71.142,70.972,71.058,3453.44
1782596640000,71.051,71.078,71.003,71.004,1378.52
1782596700000,71.011,71.067,71.001,71.066,3153.15
1782596760000,71.059,71.066,71.04,71.048,1031.57
1782596820000,71.041,71.093,71.041,71.048,1239.85
1782596880000,71.042,71.132,71.042,71.098,1122.68
1782596940000,71.106,71.128,71.097,71.098,1185.0
1782597000000,71.098,71.105,70.917,70.917,2122.8
1782597060000,70.918,70.972,70.769,70.827,6030.8
1782597120000,70.819,70.955,70.815,70.955,6417.17
1782597180000,70.954,70.972,70.908,70.937,4932.42
1782597240000,70.931,70.955,70.928,70.928,2268.51
1782597300000,70.935,70.976,70.911,70.958,1321.36
1782597360000,70.959,70.959,70.854,70.898,1167.62
1782597420000,70.891,70.939,70.89,70.939,1162.93
1782597480000,70.938,70.955,70.93,70.954,1105.95
1782597540000,70.947,70.955,70.946,70.947,1197.44
1782597600000,70.943,70.943,70.767,70.842,3418.38
1782597660000,70.842,70.906,70.803,70.862,5608.28
1782597720000,70.854,70.861,70.618,70.628,4198.71
1782597780000,70.627,70.745,70.627,70.704,2171.7
1782597840000,70.705,70.736,70.698,70.724,1106.92
1782597900000,70.724,70.752,70.677,70.698,9879.02
1782597960000,70.698,70.812,70.697,70.748,3098.94
1782598020000,70.748,70.756,70.709,70.714,1840.07
1782598080000,70.721,70.778,70.697,70.778,1512.35
1782598140000,70.778,70.778,70.671,70.698,1725.64
1782598200000,70.691,70.812,70.691,70.804,1354.11
1782598260000,70.804,70.842,70.754,70.804,1073.23
1782598320000,70.804,70.806,70.771,70.798,917.06
1782598380000,70.805,70.805,70.74,70.744,1177.32
1782598440000,70.751,70.755,70.722,70.755,1094.52
1782598500000,70.748,70.755,70.46,70.461,5282.5
1782598560000,70.46,70.552,70.238,70.312,3043.67
1782598620000,70.305,70.441,70.301,70.437,1317.71
1782598680000,70.437,70.562,70.436,70.473,2890.91
1782598740000,70.49,70.549,70.432,70.545,3140.54
1782598800000,70.545,70.548,70.455,70.538,2167.08
1782598860000,70.531,70.542,70.484,70.492,1554.62
1782598920000,70.484,70.586,70.483,70.537,8294.74
1782598980000,70.529,70.585,70.504,70.531,1830.79
1782599040000,70.539,70.559,70.504,70.552,1093.29
1782599100000,70.557,70.557,70.54,70.548,1004.51
1782599160000,70.548,70.578,70.526,70.571,7134.13
1782599220000,70.577,70.622,70.548,70.614,1717.79
1782599280000,70.615,70.656,70.614,70.655,1804.44
1782599340000,70.655,70.716,70.648,70.665,2428.72
1782599400000,70.665,70.817,70.664,70.817,3305.66
1782599460000,70.817,70.876,70.792,70.809,2433.73
1782599520000,70.816,70.865,70.798,70.822,2109.96
1782599580000,70.815,70.836,70.784,70.827,1125.28
1782599640000,70.821,70.932,70.821,70.932,1940.86
1782599700000,70.931,70.932,70.879,70.902,1150.3
1782599760000,70.895,70.903,70.854,70.898,1206.56
1782599820000,70.891,70.993,70.891,70.942,1918.9
1782599880000,70.949,70.994,70.904,70.994,22233.96
1782599940000,70.997,71.031,70.961,70.985,18762.14
1782600000000,70.985,70.985,70.938,70.965,1343.79
1782600060000,70.965,70.973,70.905,70.914,1224.66
1782600120000,70.914,70.914,70.874,70.888,1699.63
1782600180000,70.889,70.896,70.864,70.865,1175.95
1782600240000,70.865,70.873,70.864,70.865,1119.58
1782600300000,70.865,70.873,70.844,70.844,2464.77
1782600360000,70.842,70.846,70.825,70.826,1096.61
1782600420000,70.833,70.836,70.811,70.812,1017.21
1782600480000,70.818,70.843,70.794,70.809,1224.5
1782600540000,70.809,70.935,70.808,70.935,33139.33
1782600600000,70.935,70.963,70.906,70.949,1398.95
1782600660000,70.956,70.973,70.948,70.964,1299.57
1782600720000,70.965,70.973,70.947,70.964,995.41
1782600780000,70.964,70.972,70.948,70.956,879.86
1782600840000,70.949,70.975,70.935,70.935,1031.78
1782600900000,70.935,71.026,70.935,70.966,34128.89
1782600960000,70.972,71.026,70.966,71.026,1060.37
1782601020000,71.018,71.047,71.018,71.038,1556.76
1782601080000,71.046,71.047,71.021,71.028,1463.35
1782601140000,71.022,71.043,71.021,71.043,1217.16
1782601200000,71.043,71.06,71.025,71.025,1460.52
1782601260000,71.032,71.033,71.002,71.009,1007.11
1782601320000,71.009,71.07,71.001,71.049,29119.72
1782601380000,71.049,71.05,71.005,71.012,1049.66
1782601440000,71.012,71.013,70.985,70.993,1017.0
1782601500000,70.993,71.029,70.985,71.028,1174.68
1782601560000,71.028,71.069,71.021,71.068,1091.42
1782601620000,71.061,71.114,71.026,71.026,2127.23
1782601680000,71.026,71.033,71.004,71.005,1012.71
1782601740000,71.005,71.013,70.989,70.995,977.65
1782601800000,70.989,70.996,70.971,70.979,1096.36
1782601860000,70.971,71.003,70.971,70.996,1204.98
1782601920000,70.996,71.021,70.986,71.011,1980.15
1782601980000,71.011,71.019,70.779,70.812,4021.0
1782602040000,70.825,70.826,70.56,70.561,10185.12
1782602100000,70.569,70.669,70.56,70.665,2152.08
1782602160000,70.658,70.666,70.511,70.534,3028.12
1782602220000,70.535,70.593,70.501,70.575,3408.34
1782602280000,70.568,70.623,70.568,70.609,1562.57
1782602340000,70.609,70.633,70.576,70.582,1038.98
1782602400000,70.576,70.629,70.547,70.581,1823.91
1782602460000,70.589,70.589,70.427,70.458,3854.96
1782602520000,70.476,70.515,70.397,70.462,8486.82
1782602580000,70.462,70.495,70.444,70.451,1128.54
1782602640000,70.451,70.499,70.444,70.499,1102.03
1782602700000,70.5,70.501,70.491,70.492,1022.01
1782602760000,70.491,70.496,70.475,70.484,1302.52
1782602820000,70.476,70.509,70.465,70.502,1235.83
1782602880000,70.51,70.51,70.405,70.406,1996.23
1782602940000,70.413,70.45,70.402,70.443,1981.56
1782603000000,70.452,70.456,70.4,70.4,2240.7
1782603060000,70.403,70.446,70.395,70.446,939.25
1782603120000,70.446,70.505,70.445,70.456,1097.74
1782603180000,70.468,70.526,70.468,70.519,2217.93
1782603240000,70.519,70.591,70.518,70.582,1955.95
1782603300000,70.582,70.582,70.542,70.551,1172.83
1782603360000,70.55,70.55,70.509,70.509,1181.24
1782603420000,70.516,70.546,70.489,70.538,1366.81
1782603480000,70.538,70.597,70.538,70.589,1094.19
1782603540000,70.596,70.646,70.588,70.63,1003.75
1782603600000,70.63,70.631,70.575,70.575,2054.07
1782603660000,70.575,70.644,70.574,70.643,1074.34
1782603720000,70.636,70.644,70.612,70.619,1043.16
1782603780000,70.619,70.619,70.569,70.572,1377.61
1782603840000,70.57,70.593,70.569,70.586,993.32
1782603900000,70.593,70.593,70.533,70.542,956.91
1782603960000,70.541,70.549,70.515,70.535,1108.73
1782604020000,70.535,70.542,70.505,70.505,973.08
1782604080000,70.506,70.536,70.506,70.528,1041.72
1782604140000,70.527,70.536,70.505,70.528,1130.61
1782604200000,70.536,70.566,70.501,70.558,985.0
1782604260000,70.565,70.565,70.506,70.546,1007.44
1782604320000,70.546,70.546,70.506,70.522,1092.49
1782604380000,70.529,70.53,70.501,70.501,1025.38
1782604440000,70.505,70.556,70.476,70.515,1184.57
1782604500000,70.522,70.534,70.478,70.527,1112.89
1782604560000,70.527,70.534,70.479,70.479,1189.43
1782604620000,70.485,70.485,70.428,70.445,1740.81
1782604680000,70.452,70.459,70.435,70.453,1775.33
1782604740000,70.453,70.46,70.452,70.459,1004.94
1782604800000,70.453,70.469,70.435,70.458,1709.62
1782604860000,70.465,70.536,70.456,70.528,1149.82
1782604920000,70.535,70.536,70.429,70.429,1852.29
1782604980000,70.43,70.502,70.429,70.469,1200.68
1782605040000,70.463,70.469,70.438,70.452,1665.53
1782605100000,70.452,70.499,70.429,70.492,1126.5
1782605160000,70.499,70.5,70.492,70.499,953.11
1782605220000,70.492,70.58,70.492,70.58,1680.83
1782605280000,70.571,70.593,70.532,70.585,1721.46
1782605340000,70.592,70.617,70.554,70.562,1081.56
1782605400000,70.569,70.569,70.519,70.519,1045.12
1782605460000,70.525,70.566,70.518,70.557,1100.33
1782605520000,70.566,70.566,70.523,70.523,1238.54
1782605580000,70.53,70.565,70.523,70.564,1197.04
1782605640000,70.565,70.602,70.539,70.596,1032.98
1782605700000,70.602,70.633,70.595,70.615,1252.12
1782605760000,70.615,70.629,70.572,70.579,5572.36
1782605820000,70.573,70.639,70.573,70.639,1327.58
1782605880000,70.639,70.723,70.632,70.699,2422.99
1782605940000,70.699,70.716,70.682,70.682,2521.13
1782606000000,70.683,70.683,70.662,70.662,1519.35
1782606060000,70.669,70.697,70.661,70.696,1107.12
1782606120000,70.661,70.668,70.636,70.659,1678.55
1782606180000,70.659,70.659,70.61,70.61,1065.03
1782606240000,70.616,70.635,70.557,70.635,1679.0
1782606300000,70.635,70.635,70.598,70.618,1566.95
1782606360000,70.618,70.645,70.618,70.639,1064.61
1782606420000,70.639,70.761,70.639,70.709,29015.39
1782606480000,70.709,70.733,70.708,70.726,1626.41
1782606540000,70.719,70.727,70.718,70.719,1364.43
1782606600000,70.726,70.727,70.638,70.655,1287.08
1782606660000,70.662,70.662,70.638,70.646,1165.95
1782606720000,70.619,70.625,70.601,70.619,987.13
1782606780000,70.625,70.655,70.618,70.655,1222.16
1782606840000,70.648,70.655,70.619,70.645,976.88
1782606900000,70.638,70.645,70.596,70.599,1233.93
1782606960000,70.596,70.602,70.576,70.601,1021.74
1782607020000,70.601,70.631,70.529,70.631,1140.13
1782607080000,70.624,70.696,70.623,70.695,1337.76
1782607140000,70.696,70.696,70.671,70.678,1093.57
1782607200000,70.672,70.678,70.632,70.639,1079.59
1782607260000,70.638,70.666,70.631,70.659,976.73
1782607320000,70.665,70.685,70.656,70.656,986.02
1782607380000,70.663,70.692,70.656,70.666,1022.44
1782607440000,70.672,70.718,70.666,70.712,1039.33
1782607500000,70.718,70.765,70.711,70.716,1000.09
1782607560000,70.716,70.716,70.672,70.672,1024.15
1782607620000,70.672,70.679,70.671,70.672,968.72
1782607680000,70.672,70.679,70.651,70.673,1025.58
1782607740000,70.666,70.702,70.666,70.686,1279.95
1782607800000,70.686,70.693,70.611,70.643,1056.07
1782607860000,70.636,70.643,70.562,70.569,945.4
1782607920000,70.569,70.635,70.562,70.628,955.14
1782607980000,70.635,70.636,70.605,70.609,1035.29
1782608040000,70.609,70.649,70.609,70.648,921.78
1782608100000,70.641,70.679,70.634,70.678,1031.69
1782608160000,70.678,70.678,70.632,70.671,999.26
1782608220000,70.677,70.732,70.671,70.724,1054.6
1782608280000,70.724,70.731,70.703,70.71,942.82
1782608340000,70.71,70.711,70.655,70.663,1060.5
1782608400000,70.663,70.679,70.656,70.672,926.42
1782608460000,70.678,70.679,70.671,70.672,1016.58
1782608520000,70.672,70.678,70.615,70.623,1183.56
1782608580000,70.616,70.624,70.5,70.501,1447.43
1782608640000,70.5,70.518,70.445,70.487,1277.35
1782608700000,70.487,70.495,70.401,70.439,1537.96
1782608760000,70.432,70.465,70.412,70.412,1079.33
1782608820000,70.419,70.51,70.401,70.509,1866.68
1782608880000,70.51,70.531,70.502,70.53,1141.13
1782608940000,70.53,70.53,70.476,70.483,1037.79
1782609000000,70.483,70.503,70.475,70.502,1036.83
1782609060000,70.502,70.502,70.454,70.485,1055.77
1782609120000,70.492,70.492,70.458,70.482,1062.0
1782609180000,70.482,70.523,70.475,70.515,1018.88
1782609240000,70.515,70.549,70.514,70.542,1514.91
1782609300000,70.548,70.565,70.515,70.555,962.31
1782609360000,70.548,70.611,70.532,70.535,1010.23
1782609420000,70.542,70.639,70.535,70.638,945.08
1782609480000,70.631,70.65,70.601,70.608,1029.75
1782609540000,70.601,70.615,70.544,70.615,992.13
1782609600000,70.608,70.649,70.607,70.634,942.45
1782609660000,70.634,70.679,70.627,70.671,976.14
1782609720000,70.671,70.724,70.671,70.718,1090.01
1782609780000,70.724,70.725,70.678,70.685,1081.7
1782609840000,70.685,70.725,70.678,70.712,1118.42
1782609900000,70.715,70.762,70.707,70.756,1057.81
1782609960000,70.756,70.781,70.748,70.768,1898.08
1782610020000,70.761,70.776,70.744,70.759,1686.3
1782610080000,70.752,70.759,70.691,70.692,1098.1
1782610140000,70.692,70.742,70.692,70.742,1113.15
1782610200000,70.735,70.743,70.708,70.716,2198.77
1782610260000,70.716,70.732,70.709,70.725,1235.64
1782610320000,70.731,70.743,70.708,70.742,1135.64
1782610380000,70.745,70.786,70.745,70.78,1101.94
1782610440000,70.785,70.79,70.779,70.782,1188.41
1782610500000,70.789,70.836,70.781,70.835,1622.44
1782610560000,70.828,70.835,70.762,70.762,2905.13
1782610620000,70.769,70.769,70.761,70.762,983.07
1782610680000,70.768,70.789,70.762,70.782,988.46
1782610740000,70.788,70.805,70.778,70.779,1058.31
1782610800000,70.779,70.814,70.771,70.772,1080.25
1782610860000,70.779,70.819,70.771,70.819,1143.66
1782610920000,70.812,70.836,70.811,70.835,1270.1
1782610980000,70.829,70.835,70.801,70.826,1198.02
1782611040000,70.825,70.85,70.818,70.84,1197.1
1782611100000,70.84,70.85,70.771,70.779,946.42
1782611160000,70.779,70.829,70.768,70.796,1342.07
1782611220000,70.802,70.825,70.795,70.818,944.75
1782611280000,70.818,70.826,70.818,70.825,1015.71
1782611340000,70.825,70.826,70.817,70.818,995.78
1782611400000,70.818,70.877,70.818,70.869,1014.95
1782611460000,70.876,70.876,70.849,70.869,1315.84
1782611520000,70.875,70.876,70.853,70.859,1095.55
1782611580000,70.853,70.86,70.853,70.853,1006.86
1782611640000,70.853,70.86,70.799,70.799,1036.8
1782611700000,70.806,70.808,70.781,70.808,987.03
1782611760000,70.808,70.808,70.801,70.801,1045.5
1782611820000,70.801,70.824,70.801,70.816,923.34
1782611880000,70.816,70.823,70.768,70.799,1120.71
1782611940000,70.799,70.806,70.799,70.799,1016.6
1782612000000,70.799,70.876,70.798,70.868,3664.51
1782612060000,70.875,70.9,70.865,70.9,3928.9
1782612120000,70.899,70.946,70.899,70.939,1219.36
1782612180000,70.939,70.947,70.915,70.939,1159.16
1782612240000,70.946,70.964,70.938,70.945,1158.88
1782612300000,70.945,70.946,70.914,70.923,1157.52
1782612360000,70.915,70.923,70.872,70.879,1100.82
1782612420000,70.872,70.879,70.865,70.873,1590.09
1782612480000,70.873,70.873,70.851,70.852,1150.84
1782612540000,70.858,70.884,70.851,70.876,1125.9
1782612600000,70.883,70.9,70.875,70.899,1149.4
1782612660000,70.892,70.9,70.891,70.892,956.23
1782612720000,70.899,70.937,70.892,70.913,1187.41
1782612780000,70.914,70.937,70.906,70.929,1047.14
1782612840000,70.929,70.954,70.916,70.922,979.1
1782612900000,70.916,70.95,70.915,70.949,1034.41
1782612960000,70.949,70.95,70.912,70.913,955.37
1782613020000,70.913,70.949,70.878,70.923,1080.65
1782613080000,70.915,70.923,70.834,70.836,1441.12
1782613140000,70.836,70.863,70.835,70.855,1154.15
1782613200000,70.879,70.887,70.769,70.777,1260.27
1782613260000,70.777,70.778,70.664,70.672,2383.58
1782613320000,70.672,70.672,70.529,70.599,1989.04
1782613380000,70.599,70.6,70.48,70.481,1506.25
1782613440000,70.48,70.515,70.445,70.509,2103.0
1782613500000,70.509,70.516,70.445,70.482,1145.7
1782613560000,70.475,70.484,70.459,70.483,1133.23
1782613620000,70.483,70.74,70.475,70.71,1668.45
1782613680000,70.716,70.716,70.635,70.635,1187.16
1782613740000,70.636,70.644,70.635,70.636,1262.32
1782613800000,70.636,70.693,70.636,70.692,1134.61
1782613860000,70.693,70.693,70.656,70.663,1572.75
1782613920000,70.663,70.68,70.655,70.68,1100.35
1782613980000,70.679,70.68,70.647,70.648,1353.07
1782614040000,70.655,70.692,70.648,70.669,929.61
1782614100000,70.666,70.706,70.666,70.705,1011.87
1782614160000,70.706,70.706,70.698,70.706,1089.0
1782614220000,70.706,70.742,70.705,70.742,1165.68
1782614280000,70.742,70.76,70.734,70.759,1157.77
1782614340000,70.759,70.776,70.742,70.749,1166.98
1782614400000,70.742,70.75,70.741,70.749,1042.13
1782614460000,70.749,70.749,70.675,70.676,1211.57
1782614520000,70.683,70.683,70.654,70.656,1060.25
1782614580000,70.662,70.683,70.655,70.674,1010.96
1782614640000,70.674,70.702,70.674,70.683,995.46
1782614700000,70.683,70.703,70.675,70.702,1136.27
1782614760000,70.702,70.702,70.695,70.695,1008.7
1782614820000,70.702,70.725,70.695,70.725,1056.2
1782614880000,70.718,70.725,70.635,70.665,1191.05
1782614940000,70.658,70.666,70.657,70.658,1042.89
1782615000000,70.665,70.719,70.657,70.711,1112.44
1782615060000,70.718,70.719,70.71,70.711,1158.07
1782615120000,70.711,70.736,70.71,70.735,1013.84
1782615180000,70.728,70.755,70.728,70.738,1023.77
1782615240000,70.738,70.755,70.706,70.713,1172.68
1782615300000,70.706,70.729,70.706,70.722,1042.6
1782615360000,70.728,70.728,70.721,70.727,1046.88
1782615420000,70.722,70.728,70.722,70.727,1097.82
1782615480000,70.722,70.727,70.705,70.706,1049.62
1782615540000,70.713,70.714,70.685,70.692,1009.61
1782615600000,70.692,70.763,70.686,70.762,1083.53
1782615660000,70.762,70.8,70.746,70.8,2458.76
1782615720000,70.817,70.899,70.814,70.899,932.25
1782615780000,70.899,70.899,70.866,70.866,930.66
1782615840000,70.872,70.873,70.845,70.845,1083.26
1782615900000,70.845,70.852,70.808,70.808,1081.36
1782615960000,70.809,70.809,70.762,70.785,994.58
1782616020000,70.785,70.792,70.769,70.775,1041.8
1782616080000,70.775,70.793,70.769,70.775,968.15
1782616140000,70.775,70.808,70.77,70.803,952.51
1782616200000,70.808,70.809,70.802,70.808,971.8
1782616260000,70.808,70.899,70.803,70.883,1060.97
1782616320000,70.883,70.903,70.876,70.895,1021.55
1782616380000,70.895,70.909,70.894,70.908,1547.37
1782616440000,70.908,70.94,70.892,70.892,10882.33
1782616500000,70.892,70.899,70.795,70.812,1187.26
1782616560000,70.819,70.82,70.795,70.803,1108.77
1782616620000,70.796,70.804,70.796,70.803,991.62
1782616680000,70.796,70.823,70.796,70.812,1140.97
1782616740000,70.812,70.849,70.812,70.842,997.92
1782616800000,70.85,70.873,70.842,70.853,1134.54
1782616860000,70.846,70.854,70.845,70.846,998.23
1782616920000,70.846,70.872,70.809,70.809,1072.53
1782616980000,70.816,70.833,70.806,70.813,1042.58
1782617040000,70.813,70.814,70.776,70.783,1053.8
1782617100000,70.776,70.783,70.775,70.776,1069.02
1782617160000,70.783,70.784,70.775,70.783,1095.84
1782617220000,70.783,70.784,70.775,70.782,974.33
1782617280000,70.776,70.801,70.776,70.793,1135.14
1782617340000,70.793,70.801,70.793,70.8,1032.31
1782617400000,70.792,70.829,70.785,70.793,2036.86
1782617460000,70.786,70.793,70.766,70.766,1200.57
1782617520000,70.766,70.88,70.765,70.804,1360.09
1782617580000,70.796,70.826,70.795,70.819,1050.36
1782617640000,70.826,70.827,70.789,70.796,951.61
1782617700000,70.789,70.796,70.788,70.789,1124.66
1782617760000,70.789,70.813,70.786,70.793,1161.76
1782617820000,70.787,70.81,70.787,70.802,1041.0
1782617880000,70.809,70.824,70.786,70.786,938.12
1782617940000,70.786,70.796,70.785,70.789,1866.58
1782618000000,70.788,70.796,70.788,70.789,963.98
1782618060000,70.789,70.797,70.788,70.789,1087.5
1782618120000,70.789,70.82,70.789,70.82,1015.26
1782618180000,70.819,70.819,70.796,70.803,977.53
1782618240000,70.796,70.822,70.795,70.815,1121.02
1782618300000,70.815,70.829,70.799,70.822,1006.0
1782618360000,70.822,70.834,70.796,70.834,1031.01
1782618420000,70.832,70.84,70.832,70.832,984.77
1782618480000,70.831,70.86,70.831,70.853,1055.8
1782618540000,70.859,70.878,70.853,70.877,999.62
1782618600000,70.87,70.898,70.866,70.873,1075.14
1782618660000,70.873,70.89,70.865,70.873,1252.54
1782618720000,70.866,70.873,70.835,70.843,1007.73
1782618780000,70.836,70.843,70.783,70.793,1656.21
1782618840000,70.787,70.833,70.786,70.791,892.21
1782618900000,70.799,70.799,70.758,70.761,1055.78
1782618960000,70.766,70.792,70.736,70.784,1059.95
1782619020000,70.753,70.823,70.746,70.822,1031.69
1782619080000,70.815,70.858,70.796,70.852,1238.26
1782619140000,70.858,70.859,70.802,70.819,994.62
1782619200000,70.819,70.827,70.797,70.822,980.64
1782619260000,70.822,70.823,70.795,70.803,1050.86
1782619320000,70.796,70.839,70.735,70.743,1365.56
1782619380000,70.743,70.789,70.736,70.789,1081.23
1782619440000,70.782,70.822,70.782,70.816,1135.24
1782619500000,70.816,70.822,70.786,70.786,1017.7
1782619560000,70.792,70.816,70.785,70.815,1179.89
1782619620000,70.808,70.816,70.808,70.808,1070.3
1782619680000,70.815,70.833,70.807,70.826,1008.58
1782619740000,70.832,70.833,70.773,70.773,1228.48
1782619800000,70.773,70.78,70.772,70.773,989.01
1782619860000,70.773,70.78,70.725,70.733,870.63
1782619920000,70.733,70.76,70.725,70.736,974.0
1782619980000,70.743,70.744,70.735,70.743,1151.53
1782620040000,70.735,70.744,70.735,70.736,932.07
1782620100000,70.736,70.771,70.736,70.763,996.51
1782620160000,70.77,70.77,70.715,70.723,1184.61
1782620220000,70.723,70.724,70.715,70.715,1085.02
1782620280000,70.706,70.723,70.678,70.679,1169.32
1782620340000,70.679,70.713,70.679,70.705,1259.45
1782620400000,70.695,70.695,70.688,70.689,1061.09
1782620460000,70.695,70.762,70.689,70.759,1495.26
1782620520000,70.759,70.776,70.752,70.759,983.02
1782620580000,70.752,70.78,70.749,70.756,1024.08
1782620640000,70.749,70.773,70.749,70.765,1080.14
1782620700000,70.772,70.786,70.762,70.779,1165.53
1782620760000,70.779,70.787,70.779,70.779,1102.16
1782620820000,70.786,70.804,70.779,70.779,1058.78
1782620880000,70.779,70.786,70.702,70.709,1060.23
1782620940000,70.702,70.709,70.701,70.709,1113.9
1782621000000,70.709,70.709,70.61,70.618,1095.87
1782621060000,70.611,70.629,70.61,70.622,1155.64
1782621120000,70.629,70.629,70.51,70.532,2730.02
1782621180000,70.532,70.606,70.505,70.599,1963.09
1782621240000,70.606,70.606,70.582,70.582,973.17
1782621300000,70.582,70.603,70.564,70.595,1306.1
1782621360000,70.602,70.663,70.595,70.663,2252.71
1782621420000,70.662,70.675,70.635,70.675,1025.15
1782621480000,70.669,70.732,70.669,70.732,1751.39
1782621540000,70.732,70.733,70.724,70.732,974.58
1782621600000,70.733,70.784,70.732,70.783,1121.69
1782621660000,70.783,70.784,70.755,70.755,968.91
1782621720000,70.762,70.8,70.756,70.8,1132.74
1782621780000,70.818,70.827,70.817,70.826,1145.53
1782621840000,70.826,70.843,70.818,70.842,1069.68
1782621900000,70.835,70.875,70.835,70.845,2694.17
1782621960000,70.845,70.853,70.825,70.825,3118.82
1782622020000,70.833,70.897,70.826,70.89,976.56
1782622080000,70.896,70.954,70.889,70.889,1175.81
1782622140000,70.889,70.897,70.888,70.889,1107.25
1782622200000,70.889,70.897,70.862,70.882,1080.09
1782622260000,70.882,70.89,70.864,70.865,1048.56
1782622320000,70.872,70.872,70.825,70.832,1107.36
1782622380000,70.832,70.833,70.825,70.833,996.32
1782622440000,70.831,70.833,70.808,70.816,1013.65
1782622500000,70.808,70.816,70.758,70.759,1085.24
1782622560000,70.759,70.766,70.742,70.743,1199.77
1782622620000,70.75,70.751,70.732,70.733,1002.4
1782622680000,70.733,70.733,70.732,70.733,1026.04
1782622740000,70.733,70.733,70.732,70.732,1086.8
1782622800000,70.733,70.733,70.702,70.703,1445.21
1782622860000,70.709,70.71,70.702,70.703,1085.84
1782622920000,70.709,70.709,70.586,70.637,993.48
1782622980000,70.644,70.644,70.55,70.561,1389.82
1782623040000,70.57,70.57,70.392,70.456,12452.57
1782623100000,70.456,70.511,70.433,70.448,1764.97
1782623160000,70.448,70.518,70.441,70.518,1424.76
1782623220000,70.511,70.552,70.511,70.552,1573.97
1782623280000,70.553,70.554,70.505,70.549,3695.93
1782623340000,70.542,70.55,70.525,70.525,1344.68
1782623400000,70.526,70.563,70.525,70.555,897.05
1782623460000,70.562,70.589,70.535,70.542,948.73
1782623520000,70.542,70.542,70.511,70.519,1242.91
1782623580000,70.519,70.519,70.511,70.514,918.14
1782623640000,70.514,70.52,70.511,70.512,1188.23
1782623700000,70.519,70.536,70.512,70.528,1129.58
1782623760000,70.535,70.536,70.462,70.526,1221.27
1782623820000,70.519,70.559,70.519,70.548,1708.13
1782623880000,70.542,70.549,70.541,70.548,952.17
1782623940000,70.548,70.61,70.542,70.59,1387.3
1782624000000,70.582,70.59,70.561,70.568,958.17
1782624060000,70.562,70.568,70.54,70.558,988.82
1782624120000,70.559,70.559,70.463,70.468,3235.83
1782624180000,70.468,70.476,70.467,70.467,1210.3
1782624240000,70.468,70.495,70.375,70.402,1305.8
1782624300000,70.402,70.41,70.221,70.261,4972.45
1782624360000,70.255,70.339,70.254,70.298,1298.92
1782624420000,70.298,70.331,70.264,70.281,2949.85
1782624480000,70.281,70.281,70.127,70.238,3331.06
1782624540000,70.238,70.269,70.207,70.215,1966.99
1782624600000,70.208,70.216,70.107,70.188,1448.39
1782624660000,70.192,70.273,70.185,70.273,1317.57
1782624720000,70.272,70.272,70.208,70.255,1102.87
1782624780000,70.255,70.345,70.248,70.338,1105.41
1782624840000,70.345,70.375,70.337,70.368,1013.18
1782624900000,70.361,70.386,70.361,70.386,1105.35
1782624960000,70.375,70.403,70.361,70.394,1174.95
1782625020000,70.402,70.433,70.382,70.389,1314.12
1782625080000,70.418,70.435,70.372,70.435,1303.83
1782625140000,70.435,70.435,70.382,70.382,1049.11
1782625200000,70.382,70.409,70.382,70.392,2214.28
1782625260000,70.399,70.4,70.37,70.371,1849.38
1782625320000,70.371,70.379,70.37,70.378,969.77
1782625380000,70.371,70.414,70.371,70.407,1073.78
1782625440000,70.414,70.415,70.373,70.398,980.5
1782625500000,70.391,70.4,70.39,70.4,1024.57
1782625560000,70.418,70.418,70.37,70.415,952.89
1782625620000,70.388,70.389,70.381,70.388,1009.11
1782625680000,70.382,70.389,70.381,70.388,1041.81
1782625740000,70.382,70.389,70.363,70.371,1174.27
1782625800000,70.364,70.386,70.364,70.385,1031.21
1782625860000,70.385,70.403,70.385,70.402,1095.52
1782625920000,70.395,70.402,70.348,70.392,1144.75
1782625980000,70.385,70.393,70.384,70.385,947.21
1782626040000,70.391,70.41,70.384,70.403,1090.35
1782626100000,70.409,70.499,70.402,70.496,1252.1
1782626160000,70.5,70.523,70.466,70.505,1385.97
1782626220000,70.499,70.523,70.469,70.492,1136.71
1782626280000,70.492,70.492,70.451,70.458,1036.52
1782626340000,70.452,70.487,70.451,70.479,1279.65
1782626400000,70.479,70.523,70.479,70.522,1008.08
1782626460000,70.522,70.533,70.522,70.532,1113.9
1782626520000,70.533,70.533,70.507,70.531,1076.14
1782626580000,70.532,70.532,70.455,70.455,1388.11
1782626640000,70.462,70.463,70.423,70.424,1210.93
1782626700000,70.424,70.432,70.408,70.431,1147.89
1782626760000,70.432,70.432,70.401,70.402,1435.13
1782626820000,70.402,70.438,70.401,70.438,1707.86
1782626880000,70.438,70.476,70.431,70.475,1069.5
1782626940000,70.467,70.506,70.467,70.485,1040.33
1782627000000,70.485,70.485,70.376,70.381,1294.34
1782627060000,70.381,70.382,70.351,70.352,1372.02
1782627120000,70.358,70.358,70.212,70.212,2011.93
1782627180000,70.218,70.256,70.211,70.255,1056.17
1782627240000,70.255,70.256,70.152,70.171,1328.52
1782627300000,70.178,70.219,70.153,70.218,1218.64
1782627360000,70.211,70.279,70.163,70.179,1203.09
1782627420000,70.185,70.218,70.153,70.211,2297.36
1782627480000,70.211,70.399,70.204,70.321,1186.24
1782627540000,70.321,70.326,70.299,70.319,1294.89
1782627600000,70.319,70.426,70.318,70.418,1073.3
1782627660000,70.425,70.431,70.394,70.403,1566.12
1782627720000,70.411,70.412,70.353,70.374,2227.34
1782627780000,70.374,70.382,70.373,70.374,1036.84
1782627840000,70.374,70.382,70.373,70.381,1057.94
1782627900000,70.381,70.387,70.324,70.365,1212.03
1782627960000,70.365,70.378,70.328,70.335,1564.99
1782628020000,70.354,70.354,70.348,70.348,1034.8
1782628080000,70.348,70.372,70.348,70.371,1024.92
1782628140000,70.371,70.392,70.363,70.384,1081.48
1782628200000,70.384,70.449,70.383,70.449,1070.15
1782628260000,70.448,70.449,70.413,70.441,1259.59
1782628320000,70.448,70.479,70.441,70.472,1919.1
1782628380000,70.478,70.495,70.439,70.495,1082.62
1782628440000,70.488,70.496,70.454,70.475,1148.64
1782628500000,70.481,70.481,70.449,70.457,1087.88
1782628560000,70.457,70.458,70.423,70.431,1095.89
1782628620000,70.431,70.432,70.423,70.424,1070.91
1782628680000,70.431,70.448,70.423,70.425,1134.14
1782628740000,70.425,70.438,70.404,70.438,1030.77
1782628800000,70.438,70.499,70.43,70.498,1039.08
1782628860000,70.498,70.499,70.473,70.474,1070.03
1782628920000,70.458,70.465,70.455,70.455,1233.95
1782628980000,70.462,70.463,70.45,70.458,3752.19
1782629040000,70.451,70.459,70.415,70.415,1170.79
1782629100000,70.421,70.421,70.345,70.351,1199.67
1782629160000,70.345,70.395,70.345,70.384,1479.56
1782629220000,70.391,70.432,70.384,70.412,1446.82
1782629280000,70.405,70.432,70.404,70.408,1252.83
1782629340000,70.408,70.432,70.408,70.431,1017.41
1782629400000,70.424,70.48,70.423,70.465,1219.82
1782629460000,70.472,70.492,70.464,70.491,1196.51
1782629520000,70.491,70.492,70.484,70.491,1033.91
1782629580000,70.484,70.499,70.484,70.494,1388.82
1782629640000,70.495,70.499,70.484,70.492,1234.49
1782629700000,70.498,70.498,70.42,70.421,1494.52
1782629760000,70.428,70.429,70.42,70.428,974.13
1782629820000,70.444,70.444,70.436,70.437,973.05
1782629880000,70.436,70.444,70.405,70.413,1150.66
1782629940000,70.406,70.451,70.405,70.405,966.22
1782630000000,70.411,70.491,70.404,70.475,1205.02
1782630060000,70.468,70.708,70.468,70.672,5729.54
1782630120000,70.679,70.846,70.671,70.762,4607.59
1782630180000,70.755,70.764,70.701,70.711,2141.53
1782630240000,70.711,70.731,70.671,70.678,1234.15
1782630300000,70.678,70.678,70.64,70.649,1286.16
1782630360000,70.649,70.651,70.64,70.641,1152.75
1782630420000,70.65,70.693,70.64,70.692,1066.1
1782630480000,70.692,70.71,70.649,70.649,1276.49
1782630540000,70.649,70.713,70.632,70.638,1625.32
1782630600000,70.632,70.722,70.632,70.721,1254.16
1782630660000,70.715,70.722,70.683,70.684,3623.67
1782630720000,70.684,70.712,70.684,70.701,4101.6
1782630780000,70.701,70.738,70.693,70.731,1159.29
1782630840000,70.73,70.748,70.711,70.748,1444.19
1782630900000,70.741,70.749,70.736,70.737,1189.06
1782630960000,70.737,70.745,70.734,70.737,1667.69
1782631020000,70.737,70.745,70.736,70.737,1019.7
1782631080000,70.745,70.745,70.715,70.724,2548.42
1782631140000,70.717,70.755,70.716,70.728,1259.8
1782631200000,70.728,70.745,70.714,70.744,1382.39
1782631260000,70.741,70.751,70.736,70.745,1121.67
1782631320000,70.751,70.751,70.71,70.738,1089.55
1782631380000,70.738,70.739,70.73,70.731,1024.21
1782631440000,70.73,70.738,70.73,70.738,954.69
1782631500000,70.738,70.738,70.556,70.625,2952.89
1782631560000,70.625,70.672,70.625,70.671,1047.88
1782631620000,70.671,70.672,70.644,70.644,984.31
1782631680000,70.651,70.652,70.625,70.644,1445.97
1782631740000,70.652,70.652,70.643,70.651,1145.94
1782631800000,70.651,70.652,70.643,70.644,1129.45
1782631860000,70.644,70.686,70.643,70.678,1035.37
1782631920000,70.685,70.685,70.647,70.648,1479.1
1782631980000,70.648,70.746,70.648,70.701,2588.48
1782632040000,70.694,70.729,70.694,70.722,1070.96
1782632100000,70.728,70.759,70.701,70.708,1210.79
1782632160000,70.701,70.708,70.701,70.701,1148.3
1782632220000,70.708,70.888,70.701,70.857,6712.96
1782632280000,70.845,70.92,70.827,70.827,1210.38
1782632340000,70.835,70.898,70.826,70.864,4771.26
1782632400000,70.841,70.899,70.841,70.898,1812.85
1782632460000,70.891,70.899,70.818,70.857,3442.55
1782632520000,70.864,70.864,70.822,70.822,1336.67
1782632580000,70.829,70.83,70.807,70.808,1483.73
1782632640000,70.808,70.831,70.807,70.824,1120.69
1782632700000,70.824,70.877,70.807,70.867,1276.87
1782632760000,70.868,70.894,70.847,70.887,1160.01
1782632820000,70.886,70.957,70.886,70.942,6003.79
1782632880000,70.948,70.95,70.925,70.932,1280.94
1782632940000,70.925,70.949,70.921,70.949,1327.19
1782633000000,70.949,71.047,70.942,70.984,4535.48
1782633060000,70.992,70.992,70.921,70.941,1723.46
1782633120000,70.942,70.948,70.925,70.926,1050.69
1782633180000,70.931,70.949,70.902,70.902,1179.99
1782633240000,70.902,70.968,70.902,70.961,2082.79
1782633300000,70.968,70.968,70.944,70.951,1413.68
1782633360000,70.945,70.952,70.922,70.948,1461.39
1782633420000,70.948,70.969,70.946,70.968,1037.47
1782633480000,70.968,71.016,70.961,70.998,1407.99
1782633540000,70.992,71.042,70.992,71.042,1670.73
1782633600000,71.043,71.064,71.029,71.051,4089.18
1782633660000,71.058,71.273,71.051,71.265,5322.16
1782633720000,71.229,71.266,71.187,71.188,1510.4
1782633780000,71.195,71.216,71.16,71.161,1291.32
1782633840000,71.169,71.202,71.154,71.195,1504.27
1782633900000,71.202,71.203,71.121,71.122,1885.34
1782633960000,71.134,71.134,71.121,71.133,993.99
1782634020000,71.121,71.133,71.084,71.092,1199.57
1782634080000,71.092,71.121,71.084,71.103,4061.08
1782634140000,71.104,71.104,71.045,71.046,1128.59
1782634200000,71.052,71.07,71.046,71.069,1071.6
1782634260000,71.069,71.07,71.058,71.066,1555.56
1782634320000,71.066,71.067,71.058,71.059,915.41
1782634380000,71.059,71.066,71.058,71.065,981.39
1782634440000,71.065,71.09,71.058,71.089,1377.85
1782634500000,71.089,71.093,71.02,71.092,1088.51
1782634560000,71.085,71.137,71.084,71.093,1112.6
1782634620000,71.093,71.243,71.093,71.149,2024.62
1782634680000,71.149,71.163,71.132,71.148,1165.31
1782634740000,71.155,71.183,71.106,71.114,3035.43
1782634800000,71.106,71.19,71.106,71.182,1049.57
1782634860000,71.189,71.248,71.182,71.213,1553.7
1782634920000,71.213,71.233,71.198,71.222,1500.33
1782634980000,71.222,71.222,71.151,71.159,1118.81
1782635040000,71.152,71.203,71.14,71.188,1285.88
1782635100000,71.182,71.188,71.151,71.172,1069.44
1782635160000,71.172,71.193,71.166,71.185,1051.78
1782635220000,71.192,71.193,71.165,71.173,1065.66
1782635280000,71.166,71.192,71.165,71.192,1371.15
1782635340000,71.192,71.193,71.185,71.192,1098.08
1782635400000,71.187,71.239,71.185,71.239,1285.26
1782635460000,71.232,71.24,71.167,71.232,1066.83
1782635520000,71.231,71.257,71.23,71.25,1165.04
1782635580000,71.256,71.294,71.248,71.282,4012.76
1782635640000,71.282,71.31,71.275,71.31,6556.44
1782635700000,71.31,71.325,71.27,71.322,1958.64
1782635760000,71.322,71.402,71.322,71.365,3041.04
1782635820000,71.365,71.464,71.345,71.464,2854.49
1782635880000,71.464,71.867,71.431,71.867,8022.68
1782635940000,71.866,71.931,71.7,71.911,6941.86
1782636000000,71.919,72.139,71.88,71.971,15473.2
1782636060000,71.996,72.054,71.877,71.885,6940.78
1782636120000,71.878,72.099,71.878,72.099,3900.52
1782636180000,72.09,72.163,72.005,72.144,3016.55
1782636240000,72.136,72.144,72.032,72.039,2708.98
1782636300000,72.032,72.154,72.023,72.075,2065.39
1782636360000,72.075,72.075,71.96,72.044,3811.44
1782636420000,72.051,72.051,71.961,71.961,2238.18
1782636480000,71.968,72.012,71.937,71.952,4546.95
1782636540000,71.952,72.014,71.938,71.948,2415.52
1782636600000,71.948,71.974,71.916,71.95,2047.79
1782636660000,71.932,71.939,71.873,71.883,1803.1
1782636720000,71.892,71.934,71.883,71.895,3871.69
1782636780000,71.901,71.905,71.856,71.879,1362.52
1782636840000,71.88,71.907,71.846,71.846,2379.65
1782636900000,71.849,71.9,71.847,71.862,4820.5
1782636960000,71.861,71.926,71.853,71.885,2199.18
1782637020000,71.891,71.925,71.825,71.895,1563.86
1782637080000,71.902,71.952,71.895,71.924,2491.99
1782637140000,71.924,71.925,71.874,71.881,1303.19
1782637200000,71.88,71.915,71.818,71.831,1693.71
1782637260000,71.838,71.838,71.673,71.678,2363.69
1782637320000,71.673,71.779,71.673,71.778,2595.58
1782637380000,71.771,71.778,71.687,71.695,2526.9
1782637440000,71.695,71.696,71.645,71.688,4829.54
1782637500000,71.681,71.772,71.681,71.744,1688.45
1782637560000,71.744,71.751,71.671,71.735,1465.44
1782637620000,71.741,71.812,71.734,71.764,1589.06
1782637680000,71.771,71.771,71.76,71.768,1686.6
1782637740000,71.768,71.769,71.728,71.741,1623.15
1782637800000,71.747,71.805,71.741,71.767,1250.15
1782637860000,71.775,71.899,71.742,71.782,1851.22
1782637920000,71.775,71.783,71.75,71.75,1700.67
1782637980000,71.752,71.752,71.683,71.691,1236.22
1782638040000,71.691,71.722,71.683,71.704,1993.69
1782638100000,71.711,71.743,71.704,71.727,3494.46
1782638160000,71.728,71.769,71.727,71.769,1116.31
1782638220000,71.761,71.769,71.725,71.731,1123.95
1782638280000,71.731,71.754,71.724,71.747,1099.22
1782638340000,71.754,71.755,71.73,71.732,2358.35
1782638400000,71.732,71.74,71.711,71.718,1126.61
1782638460000,71.711,71.719,71.66,71.683,1372.49
1782638520000,71.684,71.722,71.683,71.705,1747.58
1782638580000,71.705,71.721,71.698,71.721,1233.57
1782638640000,71.721,71.742,71.713,71.741,1014.27
1782638700000,71.741,71.742,71.695,71.698,1219.75
1782638760000,71.698,71.749,71.695,71.742,1849.85
1782638820000,71.748,71.749,71.7,71.708,1020.22
1782638880000,71.708,71.752,71.701,71.751,1103.71
1782638940000,71.751,71.752,71.727,71.728,944.18
1782639000000,71.728,71.735,71.727,71.728,1294.04
1782639060000,71.734,71.735,71.682,71.682,1328.98
1782639120000,71.688,71.719,71.681,71.698,1287.06
1782639180000,71.698,71.729,71.691,71.728,1002.89
1782639240000,71.721,71.8,71.721,71.8,1574.29
1782639300000,71.8,71.83,71.799,71.819,1862.37
1782639360000,71.825,71.826,71.746,71.788,1631.17
1782639420000,71.788,71.789,71.78,71.781,1138.5
1782639480000,71.788,71.806,71.78,71.798,1705.29
1782639540000,71.798,71.806,71.764,71.765,1179.42
1782639600000,71.772,71.789,71.718,71.788,1017.27
1782639660000,71.788,71.829,71.781,71.821,963.16
1782639720000,71.82,71.909,71.82,71.905,1864.22
1782639780000,71.898,71.957,71.881,71.957,1132.97
1782639840000,71.956,71.973,71.921,71.938,1975.66
1782639900000,71.938,72.019,71.938,71.948,1248.78
1782639960000,71.948,71.949,71.94,71.94,1267.55
1782640020000,71.948,71.948,71.85,71.85,2636.5
1782640080000,71.85,71.852,71.757,71.757,1945.1
1782640140000,71.764,71.765,71.721,71.721,4059.7
1782640200000,71.728,71.729,71.67,71.672,1060.01
1782640260000,71.672,71.687,71.664,71.678,1241.61
1782640320000,71.671,71.679,71.567,71.582,3028.14
1782640380000,71.581,71.59,71.487,71.544,3587.65
1782640440000,71.544,71.6,71.544,71.6,2706.28
1782640500000,71.597,71.6,71.487,71.488,2736.69
1782640560000,71.498,71.499,71.456,71.468,1594.85
1782640620000,71.469,71.498,71.451,71.498,3887.13
1782640680000,71.498,71.529,71.49,71.522,1181.67
1782640740000,71.529,71.549,71.491,71.498,1825.38
1782640800000,71.492,71.512,71.491,71.511,1265.35
1782640860000,71.511,71.532,71.504,71.525,1065.71
1782640920000,71.525,71.565,71.495,71.512,1099.1
1782640980000,71.512,71.541,71.393,71.411,2382.38
1782641040000,71.404,71.411,71.32,71.358,23020.69
1782641100000,71.374,71.389,71.253,71.31,4542.34
1782641160000,71.311,71.368,71.311,71.334,1882.66
1782641220000,71.341,71.385,71.334,71.374,1596.92
1782641280000,71.381,71.382,71.312,71.318,1170.06
1782641340000,71.318,71.319,71.307,71.308,1268.08
1782641400000,71.314,71.351,71.307,71.345,1138.93
1782641460000,71.345,71.384,71.345,71.357,1302.61
1782641520000,71.359,71.509,71.357,71.509,2183.74
1782641580000,71.508,71.509,71.465,71.487,3607.93
1782641640000,71.487,71.512,71.471,71.482,1082.77
1782641700000,71.489,71.497,71.387,71.488,1040.96
1782641760000,71.495,71.528,71.454,71.502,1209.65
1782641820000,71.509,71.533,71.5,71.532,1387.78
1782641880000,71.525,71.56,71.5,71.509,1484.51
1782641940000,71.508,71.508,71.35,71.351,1333.13
1782642000000,71.358,71.37,71.317,71.318,1188.1
1782642060000,71.324,71.347,71.318,71.347,1846.49
1782642120000,71.341,71.348,71.338,71.344,1636.6
1782642180000,71.344,71.344,71.275,71.305,3176.88
1782642240000,71.311,71.312,71.258,71.288,1291.67
1782642300000,71.289,71.289,71.088,71.111,2015.33
1782642360000,71.104,71.165,71.104,71.155,4856.77
1782642420000,71.161,71.182,71.143,71.143,1178.75
1782642480000,71.168,71.172,71.135,71.168,1662.66
1782642540000,71.16,71.179,71.144,71.144,1006.86
1782642600000,71.144,71.263,71.143,71.246,2058.6
1782642660000,71.246,71.265,71.185,71.265,1737.95
1782642720000,71.265,71.291,71.232,71.284,1017.06
1782642780000,71.292,71.292,71.227,71.228,1127.36
1782642840000,71.228,71.269,71.228,71.261,4076.42
1782642900000,71.261,71.286,71.26,71.285,1043.2
1782642960000,71.285,71.286,71.23,71.238,1208.1
1782643020000,71.231,71.291,71.215,71.285,1259.31
1782643080000,71.285,71.291,71.224,71.231,1231.31
1782643140000,71.231,71.302,71.224,71.294,1178.77
1782643200000,71.301,71.343,71.294,71.332,1208.2
1782643260000,71.342,71.387,71.332,71.349,1298.33
1782643320000,71.342,71.386,71.342,71.359,1255.76
1782643380000,71.366,71.375,71.344,71.359,1432.75
1782643440000,71.352,71.386,71.351,71.362,1023.31
1782643500000,71.362,71.4,71.362,71.382,2111.73
1782643560000,71.382,71.406,71.381,71.404,1864.29
1782643620000,71.398,71.413,71.344,71.413,3109.14
1782643680000,71.405,71.413,71.362,71.374,2035.75
1782643740000,71.368,71.389,71.346,71.382,1174.63
1782643800000,71.382,71.434,71.371,71.426,1896.91
1782643860000,71.426,71.502,71.385,71.401,1384.61
1782643920000,71.408,71.43,71.35,71.358,1529.28
1782643980000,71.351,71.417,71.35,71.385,1427.29
1782644040000,71.385,71.429,71.385,71.402,1275.21
1782644100000,71.396,71.42,71.396,71.412,1085.11
1782644160000,71.419,71.419,71.412,71.419,1028.7
1782644220000,71.412,71.42,71.411,71.419,959.05
1782644280000,71.419,71.42,71.411,71.411,954.94
1782644340000,71.419,71.423,71.411,71.422,1075.49
1782644400000,71.422,71.519,71.407,71.501,1614.5
1782644460000,71.501,71.544,71.494,71.504,25730.46
1782644520000,71.504,71.742,71.504,71.734,9854.25
1782644580000,71.734,71.747,71.704,71.711,4195.55
1782644640000,71.711,71.729,71.674,71.682,2797.57
1782644700000,71.674,71.682,71.585,71.608,2122.94
1782644760000,71.6,71.608,71.554,71.602,1805.62
1782644820000,71.6,71.64,71.6,71.615,1188.85
1782644880000,71.615,71.622,71.487,71.528,2135.01
1782644940000,71.528,71.534,71.447,71.448,1479.11
1782645000000,71.455,71.485,71.429,71.461,1841.79
1782645060000,71.442,71.478,71.441,71.47,1664.74
1782645120000,71.476,71.492,71.469,71.485,1111.21
1782645180000,71.492,71.499,71.471,71.499,1943.88
1782645240000,71.499,71.502,71.475,71.475,1082.51
1782645300000,71.475,71.505,71.474,71.504,1118.77
1782645360000,71.498,71.521,71.47,71.47,1073.46
1782645420000,71.478,71.478,71.371,71.418,3583.84
1782645480000,71.418,71.462,71.418,71.445,1096.0
1782645540000,71.438,71.518,71.418,71.502,2101.14
1782645600000,71.509,71.621,71.502,71.592,1591.27
1782645660000,71.625,71.702,71.617,71.695,1914.54
1782645720000,71.695,71.89,71.695,71.851,2242.13
1782645780000,71.85,71.862,71.761,71.828,7312.91
1782645840000,71.828,71.85,71.766,71.766,1724.43
1782645900000,71.773,71.825,71.766,71.796,1695.88
1782645960000,71.797,71.878,71.772,71.851,2253.65
1782646020000,71.858,71.875,71.841,71.852,1240.87
1782646080000,71.852,71.869,71.839,71.839,1121.83
1782646140000,71.845,71.862,71.839,71.854,1142.87
1782646200000,71.821,71.843,71.795,71.799,1952.75
1782646260000,71.799,71.844,71.798,71.836,1235.11
1782646320000,71.843,71.847,71.817,71.817,2656.4
1782646380000,71.818,71.824,71.728,71.752,1298.75
1782646440000,71.753,71.753,71.705,71.722,1357.06
1782646500000,71.722,71.723,71.698,71.722,1058.51
1782646560000,71.716,71.723,71.658,71.666,1418.78
1782646620000,71.658,71.679,71.589,71.669,1931.99
1782646680000,71.675,71.696,71.668,71.67,1104.96
1782646740000,71.669,71.803,71.669,71.802,1547.11
1782646800000,71.795,71.826,71.795,71.81,1851.49
1782646860000,71.799,71.826,71.788,71.815,2874.06
1782646920000,71.809,71.866,71.809,71.858,1211.84
1782646980000,71.857,71.885,71.857,71.859,1121.32
1782647040000,71.859,71.896,71.858,71.876,2683.11
1782647100000,71.876,71.939,71.869,71.872,1876.33
1782647160000,71.879,71.879,71.812,71.812,1933.28
1782647220000,71.813,71.843,71.794,71.841,1451.31
1782647280000,71.841,71.842,71.795,71.828,1566.46
1782647340000,71.835,71.842,71.81,71.825,1542.32
1782647400000,71.825,71.825,71.768,71.788,1247.89
1782647460000,71.795,71.816,71.788,71.808,1183.38
1782647520000,71.815,71.832,71.807,71.832,1075.56
1782647580000,71.832,71.943,71.824,71.939,2575.14
1782647640000,71.939,71.97,71.873,71.945,5824.13
1782647700000,71.946,71.963,71.898,71.925,2063.01
1782647760000,71.925,71.983,71.904,71.911,1804.22
1782647820000,71.905,71.911,71.865,71.865,1248.89
1782647880000,71.872,71.873,71.864,71.864,1030.13
1782647940000,71.865,71.873,71.839,71.858,1193.33
1782648000000,71.865,71.874,71.834,71.866,1924.24
1782648060000,71.835,71.866,71.834,71.859,1561.1
1782648120000,71.859,71.859,71.791,71.805,2966.58
1782648180000,71.805,71.806,71.758,71.806,1836.99
1782648240000,71.805,71.826,71.798,71.798,1376.92
1782648300000,71.799,71.822,71.796,71.802,4190.07
1782648360000,71.808,71.927,71.802,71.905,2870.84
1782648420000,71.905,71.942,71.871,71.939,1299.58
1782648480000,71.942,71.942,71.83,71.83,2780.3
1782648540000,71.83,71.831,71.808,71.808,1037.23
1782648600000,71.815,71.82,71.807,71.813,1166.05
1782648660000,71.82,71.855,71.813,71.848,1137.59
1782648720000,71.849,71.849,71.734,71.734,1933.88
1782648780000,71.735,71.83,71.735,71.829,1224.41
1782648840000,71.829,71.83,71.808,71.827,1111.01
1782648900000,71.83,71.865,71.759,71.809,1364.74
1782648960000,71.808,71.815,71.72,71.721,1477.22
1782649020000,71.721,71.728,71.601,71.601,2093.45
1782649080000,71.601,71.695,71.601,71.694,1331.07
1782649140000,71.686,71.694,71.626,71.627,1299.89
1782649200000,71.609,71.665,71.609,71.655,3611.91
1782649260000,71.655,71.705,71.647,71.705,1200.29
1782649320000,71.699,71.706,71.662,71.706,1169.34
1782649380000,71.698,71.706,71.678,71.705,1079.8
1782649440000,71.698,71.706,71.697,71.705,1035.81
1782649500000,71.698,71.706,71.661,71.686,1150.88
1782649560000,71.686,71.701,71.678,71.701,1044.24
1782649620000,71.701,71.702,71.694,71.702,1096.27
1782649680000,71.702,71.886,71.7,71.855,1934.05
1782649740000,71.854,72.085,71.854,72.076,8663.05
1782649800000,72.069,72.311,72.028,72.243,11859.87
1782649860000,72.242,72.243,71.981,72.078,1723.22
1782649920000,72.058,72.076,72.007,72.011,2246.64
1782649980000,72.018,72.022,71.965,72.002,1389.85
1782650040000,72.002,72.053,71.984,71.992,2471.04
1782650100000,71.992,72.056,71.867,71.966,2033.95
1782650160000,71.966,71.967,71.878,71.906,1348.82
1782650220000,71.906,71.947,71.845,71.846,1900.25
1782650280000,71.845,71.866,71.811,71.812,1586.62
1782650340000,71.819,71.842,71.781,71.835,2671.12
1782650400000,71.835,71.86,71.834,71.859,1338.26
1782650460000,71.852,71.86,71.733,71.733,2854.41
1782650520000,71.716,71.76,71.715,71.743,1034.86
1782650580000,71.744,71.77,71.736,71.769,1176.71
1782650640000,71.769,71.78,71.752,71.752,1594.27
1782650700000,71.752,71.812,71.752,71.796,1388.08
1782650760000,71.789,71.816,71.764,71.765,1094.49
1782650820000,71.765,71.873,71.765,71.812,1492.25
1782650880000,71.805,71.82,71.792,71.819,1990.81
1782650940000,71.819,71.84,71.811,71.832,1242.86
1782651000000,71.839,71.853,71.813,71.845,972.01
1782651060000,71.845,71.853,71.835,71.846,1804.1
1782651120000,71.846,71.892,71.846,71.891,1098.24
1782651180000,71.891,71.913,71.879,71.896,1083.64
1782651240000,71.889,71.897,71.869,71.876,1079.82
1782651300000,71.869,71.877,71.868,71.876,1027.7
1782651360000,71.877,71.889,71.812,71.882,1024.12
1782651420000,71.882,71.892,71.823,71.825,1077.27
1782651480000,71.832,71.872,71.824,71.871,1307.39
1782651540000,71.871,71.871,71.837,71.844,1271.9
1782651600000,71.838,71.844,71.787,71.788,1893.02
1782651660000,71.795,71.795,71.532,71.532,3861.6
1782651720000,71.54,71.583,71.431,71.431,3870.88
1782651780000,71.432,71.46,71.33,71.357,4189.6
1782651840000,71.365,71.4,71.328,71.328,2023.55
1782651900000,71.328,71.36,71.301,71.332,3042.75
1782651960000,71.332,71.445,71.331,71.445,1960.78
1782652020000,71.441,71.49,71.391,71.397,1628.96
1782652080000,71.389,71.403,71.339,71.403,1859.86
1782652140000,71.403,71.403,71.358,71.394,2006.01
1782652200000,71.396,71.396,71.374,71.395,1644.47
1782652260000,71.392,71.44,71.375,71.433,1848.6
1782652320000,71.441,71.51,71.433,71.492,1229.76
1782652380000,71.486,71.583,71.486,71.556,1815.57
1782652440000,71.563,71.6,71.556,71.566,1555.1
1782652500000,71.572,71.6,71.506,71.525,1475.39
1782652560000,71.525,71.537,71.508,71.522,1224.42
1782652620000,71.522,71.53,71.498,71.507,1435.83
1782652680000,71.499,71.533,71.478,71.479,2347.38
1782652740000,71.486,71.516,71.478,71.496,1449.04
1782652800000,71.479,71.543,71.465,71.543,1576.65
1782652860000,71.542,71.58,71.535,71.569,1430.57
1782652920000,71.569,71.575,71.551,71.565,1692.47
1782652980000,71.566,71.642,71.538,71.619,1498.3
1782653040000,71.619,71.642,71.612,71.635,1022.67
1782653100000,71.635,71.681,71.635,71.643,2771.48
1782653160000,71.636,71.643,71.602,71.603,1133.04
1782653220000,71.603,71.611,71.565,71.592,2098.71
1782653280000,71.592,71.613,71.586,71.609,1010.18
1782653340000,71.608,71.633,71.608,71.632,1791.39
1782653400000,71.632,71.664,71.569,71.663,1507.85
1782653460000,71.663,71.848,71.663,71.755,3872.58
1782653520000,71.748,71.795,71.748,71.785,1299.58
1782653580000,71.785,71.829,71.777,71.778,1859.56
1782653640000,71.785,71.786,71.765,71.768,1049.05
1782653700000,71.765,71.8,71.741,71.749,1162.33
1782653760000,71.755,71.766,71.74,71.765,1026.25
1782653820000,71.765,71.846,71.757,71.841,1533.06
1782653880000,71.841,71.866,71.835,71.865,2886.44
1782653940000,71.865,71.894,71.824,71.845,3339.03
1782654000000,71.838,71.885,71.738,71.759,1436.94
1782654060000,71.759,71.829,71.752,71.829,1157.78
1782654120000,71.83,71.939,71.825,71.938,1918.62
1782654180000,71.931,72.036,71.931,72.035,3240.5
1782654240000,72.029,72.056,72.022,72.029,2019.63
1782654300000,72.029,72.059,71.958,71.966,3961.07
1782654360000,71.982,72.008,71.947,72.008,2284.25
1782654420000,72.007,72.022,71.988,71.999,1152.01
1782654480000,71.998,72.044,71.937,71.969,1769.39
1782654540000,71.969,71.996,71.868,71.941,2009.72
1782654600000,71.933,71.942,71.872,71.891,3819.97
1782654660000,71.888,71.919,71.868,71.919,1198.93
1782654720000,71.911,71.92,71.828,71.848,1622.0
1782654780000,71.855,71.867,71.817,71.866,1210.46
1782654840000,71.867,71.876,71.838,71.868,1298.24
1782654900000,71.875,71.875,71.748,71.771,3005.26
1782654960000,71.771,71.783,71.744,71.752,1218.58
1782655020000,71.745,71.753,71.638,71.645,2487.61
1782655080000,71.638,71.716,71.638,71.696,1386.43
1782655140000,71.689,71.716,71.688,71.708,1750.68
1782655200000,71.715,71.756,71.708,71.726,1420.11
1782655260000,71.745,71.8,71.723,71.725,4211.92
1782655320000,71.725,71.759,71.725,71.759,1154.53
1782655380000,71.749,71.859,71.748,71.789,1286.41
1782655440000,71.795,71.796,71.765,71.766,2459.72
1782655500000,71.766,71.772,71.661,71.708,3072.06
1782655560000,71.708,71.83,71.708,71.83,1518.47
1782655620000,71.822,71.886,71.771,71.785,7486.02
1782655680000,71.785,71.839,71.777,71.829,1168.74
1782655740000,71.835,71.926,71.829,71.916,1468.06
1782655800000,71.916,71.943,71.878,71.912,1170.69
1782655860000,71.912,71.952,71.89,71.922,1221.09
1782655920000,71.922,71.94,71.864,71.872,1449.54
1782655980000,71.864,71.904,71.849,71.888,1541.53
1782656040000,71.881,71.915,71.862,71.915,1135.79
1782656100000,71.915,71.916,71.888,71.904,1344.05
1782656160000,71.911,71.912,71.884,71.892,2277.35
1782656220000,71.892,71.892,71.831,71.839,1085.89
1782656280000,71.839,71.846,71.798,71.845,997.13
1782656340000,71.838,72.13,71.837,72.11,6760.71
1782656400000,72.085,72.143,71.987,72.001,5291.27
1782656460000,71.994,72.046,71.99,71.991,1714.6
1782656520000,71.998,72.023,71.817,71.817,1969.66
1782656580000,71.817,71.908,71.814,71.901,4717.35
1782656640000,71.901,71.909,71.804,71.822,1396.69
1782656700000,71.828,71.828,71.748,71.748,3005.92
1782656760000,71.747,71.771,71.744,71.768,1644.62
1782656820000,71.761,71.865,71.76,71.864,2912.04
1782656880000,71.864,71.864,71.789,71.851,1893.83
1782656940000,71.845,71.875,71.829,71.829,1369.13
1782657000000,71.829,71.852,71.79,71.851,1940.52
1782657060000,71.852,71.873,71.789,71.839,1652.76
1782657120000,71.839,71.847,71.774,71.802,1497.83
1782657180000,71.802,71.93,71.802,71.896,10508.95
1782657240000,71.896,71.929,71.842,71.846,2307.57
1782657300000,71.846,71.855,71.83,71.848,1061.67
1782657360000,71.856,71.883,71.832,71.858,2306.98
1782657420000,71.851,71.858,71.801,71.802,1218.08
1782657480000,71.81,71.81,71.727,71.765,1588.23
1782657540000,71.765,71.793,71.764,71.792,1627.71
1782657600000,71.785,71.841,71.785,71.821,1483.49
1782657660000,71.821,71.822,71.814,71.815,1318.09
1782657720000,71.815,71.822,71.75,71.775,1141.27
1782657780000,71.775,71.794,71.747,71.787,1209.58
1782657840000,71.787,71.841,71.781,71.835,1040.43
1782657900000,71.835,71.842,71.764,71.771,1177.14
1782657960000,71.794,71.826,71.754,71.754,1936.94
1782658020000,71.762,71.873,71.755,71.865,1691.25
1782658080000,71.872,71.99,71.861,71.862,3865.98
1782658140000,71.869,71.876,71.8,71.839,2262.24
1782658200000,71.832,71.84,71.78,71.798,1708.15
1782658260000,71.798,71.855,71.798,71.825,1925.95
1782658320000,71.832,71.851,71.771,71.779,1178.46
1782658380000,71.779,71.78,71.771,71.779,1106.77
1782658440000,71.779,71.779,71.685,71.688,4113.2
1782658500000,71.688,71.712,71.68,71.711,1118.18
1782658560000,71.711,71.712,71.685,71.685,1425.2
1782658620000,71.693,71.693,71.684,71.686,1497.27
1782658680000,71.69,71.69,71.651,71.671,2249.07
1782658740000,71.665,71.672,71.604,71.604,3255.09
1782658800000,71.612,71.721,71.6,71.676,4345.46
1782658860000,71.676,71.739,71.605,71.714,1606.75
1782658920000,71.715,71.739,71.702,71.739,1264.86
1782658980000,71.739,71.839,71.735,71.831,2590.49
1782659040000,71.838,71.838,71.811,71.819,1274.03
1782659100000,71.819,71.854,71.795,71.802,1108.7
1782659160000,71.802,71.862,71.763,71.825,2968.71
1782659220000,71.832,71.865,71.812,71.812,1006.26
1782659280000,71.812,71.842,71.62,71.62,1089.24
1782659340000,71.6,71.6,71.496,71.507,3381.82
1782659400000,71.507,71.531,71.413,71.521,3669.08
1782659460000,71.529,71.545,71.514,71.544,1325.24
1782659520000,71.538,71.599,71.538,71.598,2133.47
1782659580000,71.599,71.747,71.598,71.747,1540.45
1782659640000,71.747,71.776,71.704,71.768,1501.52
1782659700000,71.768,71.806,71.621,71.629,2987.72
1782659760000,71.659,71.703,71.634,71.699,1118.01
1782659820000,71.73,71.758,71.691,71.739,1761.53
1782659880000,71.74,71.969,71.732,71.869,7491.3
1782659940000,71.861,71.868,71.784,71.785,1332.28
1782660000000,71.785,71.815,71.751,71.808,2053.25
1782660060000,71.807,71.838,71.771,71.784,1590.26
1782660120000,71.777,71.846,71.776,71.795,1171.05
1782660180000,71.794,71.795,71.771,71.779,952.32
1782660240000,71.772,71.816,71.772,71.791,2431.9
1782660300000,71.798,71.889,71.792,71.889,1939.73
1782660360000,71.888,71.889,71.8,71.815,1184.62
1782660420000,71.815,71.839,71.78,71.781,1168.59
1782660480000,71.78,71.788,71.763,71.764,1825.09
1782660540000,71.765,71.79,71.764,71.785,1088.28
1782660600000,71.79,71.79,71.741,71.768,4056.24
1782660660000,71.785,71.876,71.785,71.818,1313.48
1782660720000,71.825,71.879,71.797,71.878,1329.94
1782660780000,71.878,72.064,71.87,71.945,2582.23
1782660840000,71.939,72.049,71.923,72.005,4723.47
1782660900000,72.005,72.022,71.885,71.885,1282.55
1782660960000,71.885,71.902,71.697,71.729,3125.79
1782661020000,71.729,71.745,71.694,71.722,1472.02
1782661080000,71.715,71.759,71.705,71.734,2339.69
1782661140000,71.734,71.802,71.734,71.779,1244.36
1782661200000,71.771,71.793,71.771,71.778,1252.83
1782661260000,71.772,71.782,71.704,71.731,1796.83
1782661320000,71.724,71.822,71.724,71.812,1227.47
1782661380000,71.812,71.88,71.794,71.872,1489.82
1782661440000,71.872,71.896,71.844,71.848,1875.04
1782661500000,71.841,71.842,71.784,71.801,1227.78
1782661560000,71.801,71.808,71.728,71.755,1035.7
1782661620000,71.761,71.799,71.704,71.712,1287.22
1782661680000,71.712,71.762,71.705,71.761,1050.7
1782661740000,71.762,71.762,71.684,71.705,1589.36
1782661800000,71.705,71.818,71.697,71.811,1767.09
1782661860000,71.818,71.911,71.818,71.879,1775.0
1782661920000,71.879,71.973,71.879,71.914,2608.68
1782661980000,71.915,71.923,71.7,71.7,2748.81
1782662040000,71.7,71.785,71.681,71.785,1702.73
1782662100000,71.799,71.821,71.758,71.782,1138.97
1782662160000,71.782,71.845,71.782,71.825,1263.35
1782662220000,71.825,71.889,71.825,71.878,1342.02
1782662280000,71.878,71.974,71.878,71.973,1416.24
1782662340000,71.964,72.05,71.963,72.05,3675.49
1782662400000,72.049,72.088,71.971,71.988,2350.13
1782662460000,71.988,72.006,71.913,71.975,2170.78
1782662520000,71.975,72.024,71.922,72.017,1778.76
1782662580000,72.024,72.025,71.947,71.948,1156.33
1782662640000,71.948,72.022,71.947,71.992,1822.76
1782662700000,71.985,72.056,71.984,72.045,3417.64
1782662760000,72.052,72.057,71.977,72.039,1285.84
1782662820000,72.045,72.069,71.991,71.995,1011.82
1782662880000,71.995,72.019,71.994,72.018,1252.21
1782662940000,72.01,72.018,71.814,71.823,4367.99
1782663000000,71.855,71.858,71.73,71.762,2806.03
1782663060000,71.761,71.88,71.761,71.872,1332.79
1782663120000,71.872,71.9,71.838,71.892,1148.89
1782663180000,71.899,71.913,71.858,71.859,1197.54
1782663240000,71.865,71.865,71.831,71.858,1105.64
1782663300000,71.858,71.889,71.78,71.789,3841.4
1782663360000,71.768,71.892,71.768,71.884,2947.26
1782663420000,71.885,71.946,71.861,71.938,1558.94
1782663480000,71.938,71.98,71.937,71.962,3695.21
1782663540000,71.963,71.966,71.908,71.909,1308.77
1782663600000,71.893,71.912,71.86,71.86,2619.23
1782663660000,71.862,71.92,71.854,71.919,1136.69
1782663720000,71.92,71.931,71.782,71.782,993.38
1782663780000,71.789,71.825,71.761,71.765,2964.97
1782663840000,71.773,71.773,71.683,71.686,3257.35
1782663900000,71.686,71.689,71.378,71.386,7038.71
1782663960000,71.385,71.49,71.379,71.455,2356.73
1782664020000,71.455,71.493,71.36,71.412,2420.56
1782664080000,71.412,71.446,71.372,71.445,1175.18
1782664140000,71.445,71.525,71.438,71.518,1273.23
1782664200000,71.518,71.57,71.38,71.402,1404.66
1782664260000,71.402,71.417,71.268,71.333,5712.88
1782664320000,71.332,71.341,71.263,71.324,1609.27
1782664380000,71.323,71.324,71.151,71.225,2387.67
1782664440000,71.232,71.232,71.117,71.192,5273.43
1782664500000,71.192,71.324,71.169,71.228,3144.05
1782664560000,71.236,71.236,71.15,71.21,1436.35
1782664620000,71.209,71.267,71.175,71.213,2401.22
1782664680000,71.219,71.257,71.174,71.175,1383.08
1782664740000,71.183,71.24,71.149,71.206,1233.76
1782664800000,71.213,71.233,71.186,71.232,1553.05
1782664860000,71.232,71.439,71.225,71.399,2916.64
1782664920000,71.407,71.439,71.3,71.346,3071.94
1782664980000,71.346,71.365,71.195,71.195,1784.29
1782665040000,71.202,71.248,71.195,71.209,1825.09
1782665100000,71.209,71.216,71.128,71.182,1356.95
1782665160000,71.182,71.225,71.152,71.225,2978.66
1782665220000,71.219,71.328,71.219,71.325,1454.89
1782665280000,71.318,71.409,71.317,71.397,3266.35
1782665340000,71.389,71.436,71.374,71.4,8812.74
1782665400000,71.4,71.409,71.362,71.383,1722.22
1782665460000,71.383,71.419,71.371,71.41,1415.89
1782665520000,71.41,71.474,71.333,71.401,1195.3
1782665580000,71.408,71.419,71.373,71.412,1053.03
1782665640000,71.412,71.446,71.372,71.439,1974.59
1782665700000,71.445,71.468,71.418,71.419,1176.9
1782665760000,71.449,71.464,71.427,71.464,1403.6
1782665820000,71.464,71.54,71.457,71.532,3851.66
1782665880000,71.525,71.556,71.491,71.555,1206.73
1782665940000,71.555,71.555,71.521,71.532,16498.33
1782666000000,71.528,71.56,71.528,71.558,1682.96
1782666060000,71.551,71.629,71.551,71.562,1628.17
1782666120000,71.562,71.629,71.544,71.565,1590.47
1782666180000,71.558,71.615,71.551,71.592,991.84
1782666240000,71.619,71.619,71.564,71.572,1354.01
1782666300000,71.572,71.572,71.53,71.547,1198.91
1782666360000,71.554,71.814,71.548,71.786,5093.75
1782666420000,71.785,71.92,71.777,71.835,16319.59
1782666480000,71.829,71.835,71.751,71.752,1511.99
1782666540000,71.752,71.758,71.703,71.715,1414.25
1782666600000,71.722,71.723,71.668,71.668,1246.89
1782666660000,71.668,71.674,71.485,71.512,2231.2
1782666720000,71.518,71.56,71.424,71.512,1940.66
1782666780000,71.505,71.572,71.504,71.56,1360.39
1782666840000,71.561,71.605,71.56,71.599,1579.63
1782666900000,71.598,71.626,71.569,71.605,7160.75
1782666960000,71.598,71.652,71.598,71.618,1436.21
1782667020000,71.624,71.625,71.554,71.569,1752.57
1782667080000,71.568,71.575,71.453,71.453,2465.18
1782667140000,71.461,71.476,71.419,71.455,1434.73
1782667200000,71.462,71.538,71.455,71.507,1459.34
1782667260000,71.515,71.515,71.406,71.442,2469.46
1782667320000,71.448,71.52,71.442,71.519,1145.32
1782667380000,71.519,71.523,71.478,71.499,1838.72
1782667440000,71.499,71.509,71.485,71.508,1507.59
1782667500000,71.502,71.509,71.401,71.409,926.37
1782667560000,71.402,71.408,71.326,71.345,2135.61
1782667620000,71.345,71.392,71.345,71.368,1205.82
1782667680000,71.368,71.376,71.347,71.348,1107.03
1782667740000,71.355,71.355,71.298,71.306,1261.66
1782667800000,71.298,71.339,71.248,71.331,29888.58
1782667860000,71.338,71.338,71.268,71.309,1163.35
1782667920000,71.308,71.429,71.291,71.429,32455.41
1782667980000,71.429,71.429,71.357,71.385,3546.22
1782668040000,71.372,71.378,71.273,71.304,1288.55
1782668100000,71.305,71.305,70.945,70.998,45019.41
1782668160000,70.995,71.035,70.96,70.964,2551.95
1782668220000,70.964,70.994,70.917,70.917,3062.93
1782668280000,70.918,71.019,70.918,71.002,4410.08
1782668340000,71.002,71.046,70.978,71.036,1488.78
1782668400000,71.045,71.199,71.035,71.199,17403.22
1782668460000,71.196,71.246,71.173,71.195,13622.44
1782668520000,71.195,71.26,71.195,71.26,20737.9
1782668580000,71.273,71.293,71.247,71.274,1446.72
1782668640000,71.274,71.328,71.254,71.282,2161.2
1782668700000,71.282,71.303,71.265,71.266,1458.61
1782668760000,71.266,71.373,71.265,71.372,2315.99
1782668820000,71.372,71.423,71.333,71.356,1358.14
1782668880000,71.356,71.38,71.335,71.336,1334.82
1782668940000,71.342,71.366,71.336,71.345,1168.56
1782669000000,71.344,71.415,71.344,71.409,1598.63
1782669060000,71.402,71.463,71.402,71.452,3312.2
1782669120000,71.445,71.503,71.445,71.502,8670.92
1782669180000,71.494,71.558,71.494,71.502,1136.11
1782669240000,71.502,71.511,71.471,71.485,4611.08
1782669300000,71.492,71.563,71.485,71.562,1285.85
1782669360000,71.556,71.569,71.545,71.569,4548.93
1782669420000,71.565,71.603,71.564,71.583,1214.17
1782669480000,71.583,71.59,71.522,71.529,1321.21
1782669540000,71.522,71.546,71.511,71.522,1540.36
1782669600000,71.522,71.53,71.475,71.522,1093.62
1782669660000,71.529,71.572,71.521,71.565,2463.46
1782669720000,71.565,71.632,71.525,71.631,1090.97
1782669780000,71.631,71.684,71.573,71.574,2722.06
1782669840000,71.573,71.581,71.51,71.51,18346.0
1782669900000,71.551,71.583,71.516,71.523,1108.91
1782669960000,71.516,71.54,71.482,71.532,4982.93
1782670020000,71.532,71.558,71.515,71.534,1249.0
1782670080000,71.542,71.555,71.471,71.549,4224.06
1782670140000,71.556,71.556,71.495,71.495,4066.51
1782670200000,71.495,71.502,71.428,71.431,1842.76
1782670260000,71.431,71.431,71.387,71.392,3107.45
1782670320000,71.398,71.425,71.381,71.382,1402.41
1782670380000,71.382,71.389,71.37,71.38,1320.43
1782670440000,71.38,71.38,71.318,71.328,1175.62
1782670500000,71.329,71.347,71.288,71.347,1967.84
1782670560000,71.338,71.355,71.28,71.288,1533.36
1782670620000,71.288,71.294,71.25,71.289,1725.36
1782670680000,71.282,71.332,71.282,71.332,1379.01
1782670740000,71.324,71.324,71.291,71.312,1280.82
1782670800000,71.318,71.318,71.265,71.266,1055.36
1782670860000,71.266,71.294,71.265,71.292,1101.79
1782670920000,71.293,71.324,71.261,71.263,1297.07
1782670980000,71.26,71.264,71.255,71.263,959.48
1782671040000,71.283,71.31,71.259,71.259,1506.88
1782671100000,71.266,71.33,71.211,71.329,25443.82
1782671160000,71.32,71.32,71.195,71.196,2113.71
1782671220000,71.195,71.204,71.091,71.196,1849.16
1782671280000,71.196,71.204,71.149,71.173,1488.58
1782671340000,71.172,71.174,71.14,71.154,1729.73
1782671400000,71.146,71.194,71.146,71.166,2025.61
1782671460000,71.143,71.163,71.135,71.156,946.22
1782671520000,71.156,71.21,71.155,71.176,1106.94
1782671580000,71.176,71.182,71.005,71.006,3054.85
1782671640000,71.006,71.05,70.998,71.022,3492.56
1782671700000,71.016,71.049,70.98,70.995,1893.28
1782671760000,70.996,71.007,70.965,70.996,1575.86
1782671820000,71.0,71.048,70.996,71.047,1593.63
1782671880000,71.04,71.073,71.008,71.009,1251.32
1782671940000,71.009,71.024,70.944,71.023,1106.21
1782672000000,71.015,71.04,71.015,71.039,966.2
1782672060000,71.032,71.131,71.032,71.123,1143.36
1782672120000,71.123,71.15,71.082,71.15,2262.36
1782672180000,71.103,71.134,71.096,71.099,1673.47
1782672240000,71.106,71.113,71.085,71.085,1224.34
1782672300000,71.085,71.086,71.004,71.05,1854.36
1782672360000,71.051,71.092,71.043,71.091,1799.29
1782672420000,71.091,71.139,71.066,71.066,2194.72
1782672480000,71.073,71.074,71.015,71.055,1086.94
1782672540000,71.055,71.055,70.95,70.975,2164.91
1782672600000,70.968,71.026,70.967,71.011,1288.04
1782672660000,71.018,71.05,70.995,71.026,1335.71
1782672720000,71.026,71.079,70.982,71.078,1484.05
1782672780000,71.071,71.14,71.071,71.115,2415.03
1782672840000,71.092,71.136,71.089,71.096,1112.54
1782672900000,71.096,71.096,71.045,71.086,1120.8
1782672960000,71.086,71.156,71.086,71.142,4442.99
1782673020000,71.136,71.226,71.136,71.226,12370.69
1782673080000,71.219,71.24,71.146,71.147,8939.26
1782673140000,71.152,71.168,71.125,71.133,936.15
1782673200000,71.125,71.134,71.108,71.116,1128.98
1782673260000,71.116,71.117,71.021,71.022,1357.63
1782673320000,71.022,71.029,70.868,70.872,10809.47
1782673380000,70.88,70.899,70.783,70.848,7467.42
1782673440000,70.855,70.898,70.847,70.897,8145.76
1782673500000,70.897,70.947,70.897,70.939,17749.5
1782673560000,70.946,70.968,70.938,70.951,4035.85
1782673620000,70.952,70.999,70.945,70.972,5290.16
1782673680000,70.98,70.997,70.961,70.961,1350.27
1782673740000,70.968,71.016,70.961,71.008,4205.09
1782673800000,71.015,71.039,71.007,71.032,1102.5
1782673860000,71.038,71.05,71.031,71.05,1075.46
1782673920000,71.049,71.069,71.01,71.018,3088.12
1782673980000,71.011,71.048,70.995,71.004,1455.83
1782674040000,71.0,71.009,71.0,71.008,1002.49
1782674100000,71.026,71.048,71.019,71.022,1152.73
1782674160000,71.028,71.028,70.961,70.979,4059.42
1782674220000,70.98,70.98,70.92,70.921,2240.57
1782674280000,70.921,71.0,70.92,71.0,1811.61
1782674340000,71.0,71.0,70.966,70.966,1119.26
1782674400000,70.932,70.932,70.845,70.846,3208.95
1782674460000,70.852,71.004,70.845,71.003,1177.09
1782674520000,71.003,71.003,70.905,70.913,1333.49
1782674580000,70.936,70.96,70.912,70.952,3292.73
1782674640000,70.952,70.952,70.915,70.922,1236.71
1782674700000,70.922,70.963,70.915,70.939,3914.75
1782674760000,70.945,70.999,70.939,70.962,1656.89
1782674820000,70.956,70.962,70.916,70.936,1014.85
1782674880000,70.942,70.96,70.915,70.916,1286.59
1782674940000,70.916,71.006,70.916,70.999,1043.91
1782675000000,71.005,71.073,70.999,71.046,4900.69
1782675060000,71.045,71.22,71.045,71.217,1352.61
1782675120000,71.213,71.277,71.207,71.219,21189.28
1782675180000,71.22,71.24,71.155,71.176,1612.17
1782675240000,71.176,71.182,71.135,71.136,2136.34
1782675300000,71.136,71.143,70.985,71.0,2034.26
1782675360000,71.007,71.042,70.972,70.973,1114.98
1782675420000,70.973,71.014,70.868,70.923,5201.86
1782675480000,70.922,70.923,70.864,70.864,1079.79
1782675540000,70.864,70.939,70.864,70.902,2780.88
1782675600000,70.909,70.915,70.882,70.915,1273.78
1782675660000,70.915,70.916,70.851,70.859,1005.83
1782675720000,70.859,70.86,70.753,70.766,7422.43
1782675780000,70.772,70.79,70.742,70.749,2942.35
1782675840000,70.756,70.785,70.743,70.765,1332.19
1782675900000,70.758,70.759,70.643,70.653,2451.68
1782675960000,70.646,70.656,70.534,70.562,3845.22
1782676020000,70.562,70.562,70.224,70.282,4675.19
1782676080000,70.283,70.451,70.283,70.451,5499.6
1782676140000,70.438,70.537,70.431,70.496,3071.82
1782676200000,70.503,70.504,70.435,70.463,1907.54
1782676260000,70.491,70.51,70.421,70.501,1759.14
1782676320000,70.502,70.533,70.446,70.452,1554.83
1782676380000,70.446,70.549,70.366,70.536,3848.19
1782676440000,70.527,70.677,70.527,70.649,1694.68
1782676500000,70.649,70.656,70.579,70.609,1994.06
1782676560000,70.602,70.643,70.578,70.596,1473.59
1782676620000,70.603,70.627,70.569,70.616,1487.29
1782676680000,70.608,70.694,70.608,70.686,1475.13
1782676740000,70.686,70.716,70.67,70.67,1390.23
1782676800000,70.671,70.707,70.622,70.699,1323.55
1782676860000,70.699,70.706,70.668,70.7,1224.72
1782676920000,70.7,70.766,70.661,70.739,1209.53
1782676980000,70.739,70.789,70.727,70.728,21015.38
1782677040000,70.728,70.766,70.72,70.758,1017.03
1782677100000,70.765,70.84,70.727,70.775,1650.67
1782677160000,70.769,70.776,70.758,70.765,1590.18
1782677220000,70.765,70.766,70.728,70.749,2026.49
1782677280000,70.756,70.756,70.648,70.678,21431.44
1782677340000,70.678,70.715,70.662,70.662,1070.3
1782677400000,70.662,70.73,70.662,70.722,2540.16
1782677460000,70.722,70.763,70.721,70.735,3368.76
1782677520000,70.735,70.78,70.729,70.749,1579.73
1782677580000,70.775,70.994,70.768,70.959,1951.91
1782677640000,70.959,71.107,70.959,71.038,4549.92
1782677700000,71.045,71.25,71.001,71.056,4502.03
1782677760000,71.065,71.112,71.031,71.031,2319.84
1782677820000,71.038,71.108,71.038,71.099,1485.69
1782677880000,71.105,71.118,71.078,71.099,2203.97
1782677940000,71.099,71.108,71.066,71.089,5220.87
1782678000000,71.095,71.109,71.075,71.085,1751.07
1782678060000,71.085,71.103,71.057,71.058,1233.5
1782678120000,71.058,71.077,70.981,71.076,2345.38
1782678180000,71.076,71.092,71.042,71.092,1199.95
1782678240000,71.1,71.147,71.069,71.091,17548.31
1782678300000,71.091,71.161,71.055,71.055,1629.63
1782678360000,71.062,71.13,70.966,70.992,17536.32
1782678420000,70.992,71.029,70.991,71.012,1280.43
1782678480000,71.004,71.04,71.004,71.032,1018.51
1782678540000,71.039,71.039,70.942,70.975,2525.41
1782678600000,70.975,70.987,70.931,70.96,1549.13
1782678660000,70.953,70.961,70.911,70.938,4450.04
1782678720000,70.931,70.938,70.908,70.908,1906.91
1782678780000,70.929,70.948,70.901,70.909,1118.57
1782678840000,70.909,70.94,70.878,70.932,1876.28
1782678900000,70.932,70.979,70.744,70.745,2478.17
1782678960000,70.752,70.904,70.716,70.812,1612.79
1782679020000,70.813,70.813,70.726,70.733,1019.05
1782679080000,70.733,70.782,70.726,70.763,4073.31
1782679140000,70.756,70.763,70.716,70.724,1202.79
1782679200000,70.716,70.724,70.696,70.716,1322.4
1782679260000,70.722,70.723,70.695,70.696,1185.04
1782679320000,70.703,70.733,70.68,70.725,1213.87
1782679380000,70.725,70.733,70.672,70.691,1080.52
1782679440000,70.692,70.716,70.689,70.696,1081.58
1782679500000,70.696,70.727,70.665,70.665,1687.06
1782679560000,70.666,70.708,70.624,70.702,1357.0
1782679620000,70.702,70.752,70.702,70.751,1153.27
1782679680000,70.751,70.851,70.736,70.813,1313.81
1782679740000,70.806,70.833,70.795,70.803,3271.14
1782679800000,70.795,70.803,70.745,70.782,1104.77
1782679860000,70.776,70.802,70.705,70.716,1120.45
1782679920000,70.716,70.746,70.709,70.745,1103.34
1782679980000,70.738,70.843,70.738,70.819,1046.72
1782680040000,70.826,70.826,70.795,70.803,967.43
1782680100000,70.803,70.849,70.796,70.832,1049.53
1782680160000,70.833,70.874,70.832,70.873,1306.36
1782680220000,70.873,70.898,70.865,70.891,1098.58
1782680280000,70.891,70.914,70.866,70.866,3218.57
1782680340000,70.867,70.867,70.866,70.866,970.42
1782680400000,70.867,70.882,70.802,70.826,3310.87
1782680460000,70.832,70.833,70.815,70.822,1346.81
1782680520000,70.816,70.823,70.775,70.776,1174.92
1782680580000,70.783,70.794,70.755,70.786,1178.07
1782680640000,70.786,70.826,70.783,70.79,1201.7
1782680700000,70.783,70.844,70.76,70.844,1000.61
1782680760000,70.844,70.856,70.808,70.849,1285.87
1782680820000,70.855,70.855,70.81,70.85,1261.76
1782680880000,70.842,70.874,70.842,70.874,2220.93
1782680940000,70.863,70.871,70.863,70.864,1056.47
1782681000000,70.87,70.884,70.864,70.876,3824.42
1782681060000,70.876,70.884,70.793,70.803,1045.0
1782681120000,70.803,70.803,70.795,70.803,969.32
1782681180000,70.796,70.796,70.58,70.72,3446.33
1782681240000,70.72,70.773,70.699,70.766,1269.09
1782681300000,70.766,70.773,70.693,70.7,1097.57
1782681360000,70.7,70.724,70.692,70.716,1357.01
1782681420000,70.716,70.724,70.665,70.688,1167.11
1782681480000,70.697,70.704,70.64,70.696,1143.04
1782681540000,70.703,70.743,70.696,70.736,1496.22
1782681600000,70.743,70.76,70.736,70.752,955.94
1782681660000,70.759,70.76,70.735,70.736,1021.33
1782681720000,70.743,70.744,70.62,70.653,2069.79
1782681780000,70.661,70.744,70.653,70.738,1379.21
1782681840000,70.737,70.78,70.709,70.78,1153.19
1782681900000,70.78,70.78,70.716,70.763,1070.55
1782681960000,70.77,70.817,70.763,70.773,1024.36
1782682020000,70.773,70.791,70.733,70.76,1221.81
1782682080000,70.753,70.81,70.752,70.793,1284.03
1782682140000,70.793,70.794,70.785,70.793,1003.52
1782682200000,70.786,70.83,70.786,70.83,1121.12
1782682260000,70.83,70.882,70.806,70.86,2348.5
1782682320000,70.867,70.907,70.855,70.899,1267.38
1782682380000,70.899,70.944,70.899,70.915,1399.03
1782682440000,70.922,70.963,70.915,70.958,1040.28
1782682500000,70.963,70.963,70.923,70.956,1297.55
1782682560000,70.962,71.003,70.956,70.985,2204.95
1782682620000,70.979,71.023,70.908,70.94,1235.41
1782682680000,70.946,70.946,70.788,70.829,4113.71
1782682740000,70.829,70.873,70.825,70.826,1135.52
1782682800000,70.833,70.845,70.78,70.838,1273.59
1782682860000,70.837,70.845,70.804,70.805,1269.83
1782682920000,70.812,70.838,70.804,70.838,965.83
1782682980000,70.838,70.838,70.751,70.752,1386.59
1782683040000,70.752,70.786,70.699,70.716,3283.79
1782683100000,70.709,70.772,70.709,70.735,1056.8
1782683160000,70.729,70.735,70.434,70.476,3591.73
1782683220000,70.469,70.492,70.39,70.469,13742.65
1782683280000,70.476,70.476,70.402,70.459,2428.98
1782683340000,70.459,70.467,70.224,70.226,1498.97
1782683400000,70.226,70.41,70.226,70.353,2653.77
1782683460000,70.353,70.398,70.306,70.307,1915.17
1782683520000,70.313,70.424,70.306,70.423,1635.7
1782683580000,70.423,70.423,70.232,70.29,2499.77
1782683640000,70.289,70.373,70.281,70.335,1570.39
1782683700000,70.343,70.399,70.263,70.27,2925.98
1782683760000,70.263,70.33,70.263,70.285,1620.47
1782683820000,70.284,70.373,70.249,70.356,3699.25
1782683880000,70.362,70.363,70.315,70.362,1132.19
1782683940000,70.362,70.418,70.356,70.418,10058.96
1782684000000,70.419,70.75,70.419,70.75,6635.16
1782684060000,70.746,70.82,70.676,70.79,1482.77
1782684120000,70.79,71.239,70.789,71.05,6965.63
1782684180000,71.147,71.473,71.132,71.311,3794.43
1782684240000,71.312,71.415,71.233,71.267,6809.18
1782684300000,71.275,71.37,71.239,71.256,1607.54
1782684360000,71.299,71.343,71.225,71.292,1449.98
1782684420000,71.299,71.384,71.251,71.357,1432.62
1782684480000,71.364,71.364,71.08,71.086,3997.97
1782684540000,71.093,71.167,71.061,71.083,1801.99
1782684600000,71.083,71.119,71.035,71.049,1359.45
1782684660000,71.049,71.079,70.923,70.94,1249.49
1782684720000,70.946,71.057,70.927,70.997,1910.58
1782684780000,70.997,71.026,70.978,70.979,4477.47
1782684840000,70.979,71.082,70.979,71.014,2810.85
1782684900000,71.014,71.023,70.908,70.967,1232.52
1782684960000,70.966,70.967,70.915,70.966,1690.99
1782685020000,70.966,71.058,70.96,71.055,2627.76
1782685080000,71.056,71.056,70.62,70.629,7320.21
1782685140000,70.621,70.628,70.402,70.501,7362.51
1782685200000,70.538,70.606,70.401,70.433,5404.6
1782685260000,70.45,70.707,70.443,70.64,9460.2
1782685320000,70.64,70.857,70.633,70.854,3270.47
1782685380000,70.853,71.012,70.845,70.924,7542.7
1782685440000,70.923,70.995,70.865,70.943,4338.02
1782685500000,70.943,70.943,70.808,70.809,1386.88
1782685560000,70.809,70.873,70.733,70.74,1585.8
1782685620000,70.741,70.787,70.669,70.77,1178.2
1782685680000,70.77,70.872,70.762,70.819,2088.84
1782685740000,70.825,70.843,70.782,70.839,1274.0
1782685800000,70.839,70.96,70.831,70.838,1838.45
1782685860000,70.83,70.928,70.816,70.862,1346.39
1782685920000,70.862,70.882,70.782,70.789,1564.42
1782685980000,70.789,70.817,70.718,70.726,1376.88
1782686040000,70.719,70.726,70.522,70.583,14421.57
1782686100000,70.583,70.616,70.575,70.609,1199.13
1782686160000,70.616,70.716,70.609,70.686,1567.19
1782686220000,70.686,70.726,70.616,70.623,7289.97
1782686280000,70.616,70.69,70.616,70.642,1434.34
1782686340000,70.641,70.682,70.606,70.666,1075.51
1782686400000,70.666,70.667,70.565,70.606,1459.38
1782686460000,70.638,70.65,70.468,70.479,1622.23
1782686520000,70.469,70.546,70.46,70.538,1419.84
1782686580000,70.531,70.558,70.438,70.469,1503.12
1782686640000,70.469,70.539,70.442,70.48,4971.05
1782686700000,70.48,70.5,70.432,70.439,1457.75
1782686760000,70.432,70.524,70.431,70.515,1891.84
1782686820000,70.515,70.614,70.351,70.352,1730.74
1782686880000,70.352,70.442,70.352,70.389,1220.61
1782686940000,70.382,70.517,70.381,70.516,1194.54
1782687000000,70.516,70.516,70.361,70.389,1279.3
1782687060000,70.393,70.394,70.289,70.316,3964.31
1782687120000,70.316,70.316,70.188,70.237,5678.75
1782687180000,70.231,70.271,69.724,69.894,19864.97
1782687240000,69.894,69.97,69.818,69.921,2230.03
1782687300000,69.928,70.133,69.928,70.093,2473.53
1782687360000,70.093,70.157,70.078,70.109,1962.44
1782687420000,70.116,70.187,70.108,70.122,15766.75
1782687480000,70.122,70.13,70.079,70.099,1484.58
1782687540000,70.099,70.243,70.091,70.225,1746.57
1782687600000,70.212,70.245,70.095,70.196,1534.57
1782687660000,70.196,70.582,70.196,70.554,4699.86
1782687720000,70.553,70.617,70.481,70.5,1506.49
1782687780000,70.492,70.549,70.418,70.528,1677.99
1782687840000,70.534,70.534,70.4,70.4,1227.74
1782687900000,70.4,70.479,70.328,70.352,1564.23
1782687960000,70.353,70.444,70.345,70.437,1119.99
1782688020000,70.437,70.56,70.437,70.524,1223.56
1782688080000,70.531,70.549,70.462,70.542,1096.52
1782688140000,70.549,70.599,70.5,70.573,1229.5
1782688200000,70.542,70.597,70.502,70.509,2980.76
1782688260000,70.501,70.588,70.501,70.581,1920.53
1782688320000,70.589,70.787,70.565,70.755,1854.88
1782688380000,70.749,70.778,70.608,70.649,1700.42
1782688440000,70.665,70.672,70.56,70.56,1112.77
1782688500000,70.545,70.599,70.532,70.532,1226.27
1782688560000,70.532,70.555,70.501,70.521,1115.09
1782688620000,70.528,70.568,70.446,70.561,2197.87
1782688680000,70.562,70.829,70.561,70.829,7853.27
1782688740000,70.822,70.854,70.732,70.778,4796.58
1782688800000,70.778,70.842,70.728,70.735,1077.4
1782688860000,70.735,70.799,70.679,70.679,1731.66
1782688920000,70.679,70.789,70.679,70.782,1560.73
1782688980000,70.789,70.92,70.782,70.801,1738.16
1782689040000,70.801,70.816,70.775,70.809,1123.97
1782689100000,70.802,70.893,70.782,70.859,1424.09
1782689160000,70.871,70.887,70.828,70.886,1238.47
1782689220000,70.879,70.918,70.879,70.879,1614.48
1782689280000,70.879,71.006,70.879,70.982,16855.78
1782689340000,70.982,71.096,70.981,71.006,1680.85
1782689400000,71.006,71.084,70.969,71.041,1939.47
1782689460000,71.096,71.234,71.089,71.18,2706.58
1782689520000,71.18,71.316,71.155,71.292,3090.49
1782689580000,71.292,71.3,71.247,71.248,1876.78
1782689640000,71.255,71.333,71.234,71.326,4360.5
1782689700000,71.326,71.422,71.3,71.402,1634.54
1782689760000,71.395,71.475,71.371,71.472,6776.68
1782689820000,71.473,71.504,71.451,71.475,5136.72
1782689880000,71.482,71.737,71.452,71.661,6802.41
1782689940000,71.66,71.668,71.533,71.658,4260.3
1782690000000,71.658,71.669,71.559,71.599,4281.66
1782690060000,71.606,71.659,71.6,71.609,1108.52
1782690120000,71.61,71.637,71.543,71.552,1922.37
1782690180000,71.552,71.578,71.518,71.526,5512.28
1782690240000,71.518,71.527,71.428,71.484,3928.39
1782690300000,71.476,71.589,71.445,71.506,2458.27
1782690360000,71.498,71.699,71.498,71.685,1665.35
1782690420000,71.679,71.679,71.565,71.586,1440.3
1782690480000,71.586,71.586,71.488,71.496,2200.45
1782690540000,71.496,71.583,71.488,71.559,2222.58
1782690600000,71.56,71.576,71.498,71.531,1302.85
1782690660000,71.532,71.595,71.464,71.465,1329.78
1782690720000,71.464,71.465,71.383,71.424,1161.52
1782690780000,71.424,71.49,71.423,71.481,1793.91
1782690840000,71.488,71.489,71.368,71.385,1487.06
1782690900000,71.385,71.412,71.368,71.382,1180.26
1782690960000,71.389,71.39,71.367,71.388,2145.76
1782691020000,71.385,71.388,71.358,71.366,1009.47
1782691080000,71.359,71.38,71.31,71.317,1212.82
1782691140000,71.341,71.372,71.315,71.356,1535.82
1782691200000,71.356,71.356,71.063,71.169,6587.14
1782691260000,71.176,71.242,71.102,71.103,2712.25
1782691320000,71.11,71.118,70.949,71.095,31064.93
1782691380000,71.095,71.24,71.058,71.198,20982.09
1782691440000,71.241,71.249,71.139,71.149,2152.44
1782691500000,71.156,71.156,71.021,71.073,1008.65
1782691560000,71.085,71.106,70.905,70.977,2425.33
1782691620000,70.968,70.996,70.881,70.953,1965.27
1782691680000,70.96,71.057,70.956,71.03,1470.39
1782691740000,71.03,71.117,71.028,71.109,4041.3
1782691800000,71.116,71.167,71.086,71.092,3688.76
1782691860000,71.086,71.272,71.086,71.216,1364.07
1782691920000,71.224,71.487,71.175,71.487,2269.51
1782691980000,71.486,71.527,71.362,71.362,4283.72
1782692040000,71.369,71.444,71.362,71.399,1293.69
1782692100000,71.392,71.434,71.225,71.281,1761.37
1782692160000,71.325,71.331,71.084,71.151,4078.06
1782692220000,71.151,71.34,71.151,71.275,2482.51
1782692280000,71.267,71.387,71.266,71.387,954.22
1782692340000,71.387,71.416,71.291,71.348,1878.39
1782692400000,71.354,71.375,71.234,71.235,1505.31
1782692460000,71.241,71.241,70.881,70.882,4226.75
1782692520000,70.882,71.008,70.882,70.952,4477.59
1782692580000,70.952,71.001,70.871,70.948,2663.28
1782692640000,70.948,71.061,70.948,71.022,1062.98
1782692700000,71.021,71.079,70.967,70.989,1296.62
1782692760000,70.995,70.995,70.861,70.971,1816.26
1782692820000,70.972,70.972,70.902,70.925,1034.06
1782692880000,70.932,70.949,70.818,70.819,1710.95
1782692940000,70.818,70.895,70.687,70.688,2097.19
1782693000000,70.696,70.715,70.581,70.619,2600.67
1782693060000,70.619,70.638,70.323,70.323,5696.41
1782693120000,70.331,70.563,70.323,70.536,3649.22
1782693180000,70.53,70.663,70.53,70.616,1581.09
1782693240000,70.608,70.872,70.572,70.861,1381.18
1782693300000,70.861,70.861,70.679,70.698,1414.16
1782693360000,70.698,70.796,70.697,70.782,1590.87
1782693420000,70.775,70.776,70.511,70.566,1679.99
1782693480000,70.565,70.659,70.519,70.615,1466.42
1782693540000,70.651,70.716,70.605,70.631,1387.12
1782693600000,70.638,70.84,70.614,70.84,1506.14
1782693660000,70.819,71.0,70.818,71.0,3162.34
1782693720000,71.009,71.15,71.008,71.082,2281.42
1782693780000,71.082,71.105,70.959,70.959,1676.51
1782693840000,70.959,71.093,70.958,71.085,1448.02
1782693900000,71.085,71.093,70.969,70.993,2052.49
1782693960000,70.985,71.022,70.9,70.901,3309.0
1782694020000,70.905,70.912,70.758,70.765,1166.34
1782694080000,70.766,70.919,70.691,70.919,1580.58
1782694140000,70.919,70.945,70.863,70.945,1354.84
1782694200000,70.938,71.126,70.909,71.004,1806.45
1782694260000,71.0,71.179,70.964,71.128,1360.17
1782694320000,71.117,71.156,71.068,71.101,1970.96
1782694380000,71.101,71.169,71.098,71.168,2105.63
1782694440000,71.131,71.225,71.131,71.225,8147.28
1782694500000,71.244,71.499,71.244,71.417,2298.61
1782694560000,71.48,71.513,71.441,71.484,2269.57
1782694620000,71.491,71.54,71.454,71.454,2497.99
1782694680000,71.454,71.619,71.431,71.594,2618.64
1782694740000,71.588,71.668,71.587,71.622,1275.73
1782694800000,71.629,71.668,71.555,71.572,2978.85
1782694860000,71.565,71.573,71.448,71.449,21195.16
1782694920000,71.455,71.455,71.361,71.384,1505.67
1782694980000,71.384,71.419,71.332,71.385,1232.36
1782695040000,71.385,71.395,71.288,71.315,1469.02
1782695100000,71.315,71.365,71.308,71.316,2062.7
1782695160000,71.309,71.543,71.309,71.542,1325.03
1782695220000,71.534,71.599,71.46,71.467,1380.34
1782695280000,71.46,71.505,71.438,71.442,1246.71
1782695340000,71.449,71.476,71.419,71.429,1082.67
1782695400000,71.429,71.478,71.371,71.459,959.98
1782695460000,71.465,71.477,71.376,71.405,22477.5
1782695520000,71.405,71.444,71.381,71.395,1296.54
1782695580000,71.395,71.395,71.237,71.311,4117.88
1782695640000,71.311,71.342,71.31,71.334,1137.89
1782695700000,71.334,71.362,71.304,71.354,2248.74
1782695760000,71.354,71.392,71.265,71.265,1315.88
1782695820000,71.265,71.271,71.055,71.111,3333.84
1782695880000,71.071,71.077,70.964,70.996,2085.71
1782695940000,71.018,71.092,70.982,71.085,1353.02
1782696000000,71.093,71.184,71.005,71.184,1834.31
1782696060000,71.2,71.31,71.18,71.18,2273.0
1782696120000,71.186,71.225,71.164,71.218,1347.1
1782696180000,71.218,71.225,71.092,71.125,1121.65
1782696240000,71.125,71.182,71.089,71.163,1513.01
1782696300000,71.169,71.279,71.163,71.192,1696.62
1782696360000,71.192,71.279,71.186,71.223,1065.83
1782696420000,71.229,71.288,71.035,71.035,1911.1
1782696480000,71.042,71.156,71.036,71.112,1193.89
1782696540000,71.105,71.112,71.037,71.038,1203.35
1782696600000,71.045,71.138,70.928,71.092,1373.62
1782696660000,71.099,71.125,71.044,71.058,1352.39
1782696720000,71.058,71.222,71.057,71.213,1108.25
1782696780000,71.213,71.233,71.125,71.185,1238.72
1782696840000,71.139,71.189,71.025,71.025,1393.63
1782696900000,71.032,71.242,70.988,71.242,1864.23
1782696960000,71.236,71.324,71.166,71.288,1896.45
1782697020000,71.28,71.444,71.279,71.325,1667.37
1782697080000,71.325,71.362,71.235,71.362,1252.89
1782697140000,71.361,71.466,71.336,71.449,1273.63
1782697200000,71.449,71.558,71.441,71.548,1870.87
1782697260000,71.548,71.645,71.508,71.645,1897.59
1782697320000,71.622,71.638,71.553,71.571,1360.01
1782697380000,71.571,71.578,71.527,71.557,1221.54
1782697440000,71.597,71.629,71.554,71.571,1766.74
1782697500000,71.578,71.637,71.496,71.524,3159.9
1782697560000,71.517,71.561,71.502,71.518,1032.53
1782697620000,71.525,71.525,71.45,71.481,2527.6
1782697680000,71.481,71.536,71.459,71.508,1008.81
1782697740000,71.501,71.613,71.46,71.611,1771.29
1782697800000,71.612,71.639,71.502,71.502,24752.05
1782697860000,71.509,71.552,71.441,71.508,2089.07
1782697920000,71.502,71.629,71.466,71.608,1415.64
1782697980000,71.602,71.608,71.5,71.514,1137.91
1782698040000,71.514,71.556,71.507,71.539,1355.06
1782698100000,71.539,71.555,71.464,71.491,1099.06
1782698160000,71.491,71.569,71.483,71.483,989.59
1782698220000,71.469,71.485,71.428,71.445,1177.86
1782698280000,71.452,71.557,71.445,71.551,2416.23
1782698340000,71.551,71.557,71.448,71.454,1249.94
1782698400000,71.448,71.454,71.326,71.372,1663.02
1782698460000,71.395,71.474,71.372,71.474,1179.76
1782698520000,71.475,71.6,71.475,71.6,1244.57
1782698580000,71.6,71.616,71.458,71.465,1252.83
1782698640000,71.458,71.465,71.321,71.393,1192.42
1782698700000,71.399,71.456,71.362,71.449,1090.38
1782698760000,71.449,71.456,71.211,71.213,2557.96
1782698820000,71.211,71.246,71.177,71.239,2038.64
1782698880000,71.246,71.246,71.083,71.149,1628.04
1782698940000,71.143,71.164,71.075,71.075,1414.27
1782699000000,71.076,71.162,71.036,71.056,2049.93
1782699060000,71.063,71.067,71.009,71.033,2529.51
1782699120000,71.033,71.033,70.882,70.89,1721.75
1782699180000,70.883,70.89,70.486,70.535,4073.05
1782699240000,70.527,70.708,70.526,70.635,4076.39
1782699300000,70.635,70.8,70.635,70.8,3112.1
1782699360000,70.8,71.05,70.782,70.978,3339.47
1782699420000,70.984,71.08,70.978,70.988,2523.9
1782699480000,70.979,71.064,70.966,71.003,1447.47
1782699540000,71.003,71.064,70.965,70.973,1119.38
1782699600000,70.973,71.107,70.973,71.107,1828.45
1782699660000,71.099,71.186,71.096,71.177,1059.28
1782699720000,71.186,71.375,71.139,71.375,2450.79
1782699780000,71.379,71.5,71.284,71.341,2781.26
1782699840000,71.341,71.349,71.306,71.337,1370.65
1782699900000,71.337,71.378,71.278,71.366,1252.96
1782699960000,71.365,71.496,71.354,71.495,1309.91
1782700020000,71.495,71.802,71.485,71.695,4081.13
1782700080000,71.685,71.768,71.656,71.739,1611.75
1782700140000,71.74,71.782,71.729,71.752,2665.68
1782700200000,71.752,71.76,71.671,71.715,2426.81
1782700260000,71.708,71.716,71.634,71.658,1847.5
1782700320000,71.651,71.683,71.6,71.671,1926.5
1782700380000,71.695,71.696,71.594,71.645,1190.15
1782700440000,71.619,71.669,71.585,71.657,1169.46
1782700500000,71.651,71.78,71.649,71.738,1080.85
1782700560000,71.731,71.782,71.718,71.771,1226.23
1782700620000,71.778,71.785,71.718,71.785,1900.58
1782700680000,71.785,71.893,71.743,71.893,2395.59
1782700740000,71.888,71.926,71.801,71.801,1431.26
1782700800000,71.808,71.834,71.75,71.827,1216.84
1782700860000,71.807,71.936,71.807,71.891,1980.04
1782700920000,71.914,72.134,71.904,72.088,5784.37
1782700980000,72.133,72.133,72.047,72.048,1397.79
1782701040000,72.055,72.071,72.028,72.067,1401.26
1782701100000,72.067,72.084,72.034,72.084,1194.48
1782701160000,72.077,72.155,72.05,72.068,1945.87
1782701220000,72.075,72.156,72.043,72.044,1092.71
1782701280000,72.051,72.051,72.013,72.042,1020.52
1782701340000,72.043,72.18,72.03,72.17,1943.53
1782701400000,72.178,72.178,72.026,72.117,1829.36
1782701460000,72.11,72.136,72.024,72.031,1888.73
1782701520000,72.024,72.032,72.017,72.017,1164.2
1782701580000,72.012,72.022,71.989,71.997,1451.94
1782701640000,71.997,72.027,71.953,71.954,1377.44
1782701700000,71.954,72.002,71.953,72.001,1321.17
1782701760000,72.001,72.043,71.951,72.031,1792.72
1782701820000,72.025,72.065,72.004,72.034,1016.93
1782701880000,72.014,72.119,72.014,72.119,2972.08
1782701940000,72.119,72.181,72.044,72.155,1617.62
1782702000000,72.155,72.3,72.148,72.299,2501.86
1782702060000,72.299,72.352,72.227,72.238,3165.57
1782702120000,72.238,72.613,72.237,72.475,7791.62
1782702180000,72.482,72.558,72.37,72.375,2038.13
1782702240000,72.372,72.539,72.371,72.531,1775.01
1782702300000,72.532,72.931,72.524,72.784,7682.12
1782702360000,72.818,72.831,72.703,72.731,1332.77
1782702420000,72.737,72.891,72.729,72.835,2005.18
1782702480000,72.828,73.036,72.828,72.96,3509.46
1782702540000,72.967,73.138,72.96,73.056,2633.27
1782702600000,73.059,73.298,73.02,73.223,3245.81
1782702660000,73.223,73.231,73.067,73.115,6978.52
1782702720000,73.114,73.114,72.863,72.985,3710.0
1782702780000,73.0,73.06,72.955,72.987,1922.2
1782702840000,72.994,73.041,72.882,72.896,2040.34
1782702900000,72.897,72.904,72.815,72.882,1221.11
1782702960000,72.874,72.882,72.856,72.864,1207.23
1782703020000,72.865,72.865,72.801,72.835,1120.37
1782703080000,72.864,72.864,72.79,72.815,4233.5
1782703140000,72.808,72.902,72.79,72.899,1708.01
1782703200000,72.894,72.961,72.834,72.961,2339.68
1782703260000,72.955,73.018,72.948,73.012,2094.5
1782703320000,73.013,73.056,72.979,72.995,2101.5
1782703380000,72.995,73.001,72.847,72.861,1882.46
1782703440000,72.868,73.087,72.86,73.087,1492.02
1782703500000,73.088,73.088,72.983,73.044,1553.1
1782703560000,73.051,73.169,73.024,73.168,1837.82
1782703620000,73.168,73.233,73.121,73.224,6521.75
1782703680000,73.217,73.255,73.127,73.197,1498.81
1782703740000,73.197,73.205,73.14,73.151,1562.78
1782703800000,73.157,73.254,73.13,73.13,1291.06
1782703860000,73.137,73.184,73.049,73.05,1842.49
1782703920000,73.074,73.075,72.967,73.017,1275.05
1782703980000,73.017,73.091,73.002,73.083,1203.05
1782704040000,73.083,73.167,73.06,73.117,1975.02
1782704100000,73.117,73.147,72.999,73.014,1639.8
1782704160000,73.014,73.024,72.896,72.934,1936.04
1782704220000,72.934,72.942,72.835,72.835,1497.07
1782704280000,72.835,72.851,72.732,72.777,1984.46
1782704340000,72.77,72.818,72.769,72.811,2061.35
1782704400000,72.817,72.817,72.729,72.737,1188.55
1782704460000,72.73,72.831,72.724,72.731,1867.79
1782704520000,72.757,72.791,72.695,72.741,1704.92
1782704580000,72.715,72.722,72.663,72.672,1225.5
1782704640000,72.673,72.722,72.672,72.721,1127.57
1782704700000,72.704,72.717,72.624,72.71,1311.47
1782704760000,72.717,72.775,72.711,72.761,11828.94
1782704820000,72.768,72.873,72.653,72.872,1481.65
1782704880000,72.871,72.889,72.711,72.718,1848.74
1782704940000,72.711,72.774,72.71,72.751,1870.96
1782705000000,72.752,72.752,72.688,72.727,2388.03
1782705060000,72.727,72.75,72.653,72.75,2073.63
1782705120000,72.749,72.772,72.72,72.772,1268.52
1782705180000,72.771,72.838,72.744,72.752,2180.98
1782705240000,72.758,72.786,72.696,72.715,1732.74
1782705300000,72.708,72.715,72.665,72.668,1059.08
1782705360000,72.665,72.668,72.551,72.571,12328.31
1782705420000,72.571,72.605,72.561,72.604,1301.67
1782705480000,72.597,72.659,72.597,72.641,1297.5
1782705540000,72.634,72.665,72.618,72.657,1672.62
1782705600000,72.65,72.661,72.553,72.561,1309.26
1782705660000,72.561,72.63,72.53,72.538,1465.69
1782705720000,72.531,72.581,72.53,72.581,1057.1
1782705780000,72.581,72.6,72.561,72.562,1000.27
1782705840000,72.561,72.579,72.511,72.511,1464.15
1782705900000,72.51,72.565,72.504,72.511,1630.12
1782705960000,72.511,72.518,72.45,72.467,1524.92
1782706020000,72.467,72.563,72.467,72.561,1286.64
1782706080000,72.554,72.574,72.537,72.573,1152.58
1782706140000,72.573,72.629,72.52,72.528,4387.1
1782706200000,72.521,72.545,72.48,72.48,1232.78
1782706260000,72.481,72.488,72.424,72.431,1419.97
1782706320000,72.449,72.466,72.408,72.415,1551.23
1782706380000,72.417,72.456,72.352,72.371,3998.22
1782706440000,72.372,72.413,72.348,72.402,2285.15
1782706500000,72.402,72.415,72.369,72.379,1495.92
1782706560000,72.38,72.396,72.355,72.395,2911.76
1782706620000,72.388,72.442,72.378,72.425,3178.18
1782706680000,72.432,72.432,72.334,72.335,7821.51
1782706740000,72.342,72.357,72.285,72.286,1364.98
1782706800000,72.293,72.294,72.234,72.234,2147.78
1782706860000,72.234,72.236,72.141,72.158,4161.49
1782706920000,72.155,72.164,72.104,72.142,2673.97
1782706980000,72.142,72.169,72.124,72.165,1229.73
1782707040000,72.158,72.291,72.158,72.284,7823.93
1782707100000,72.291,72.389,72.283,72.352,1533.3
1782707160000,72.359,72.405,72.351,72.365,1909.35
1782707220000,72.372,72.377,72.278,72.349,2182.58
1782707280000,72.342,72.369,72.297,72.305,2732.94
1782707340000,72.305,72.351,72.298,72.335,3109.6
1782707400000,72.359,72.382,72.224,72.284,1218.5
1782707460000,72.292,72.345,72.246,72.289,1282.4
1782707520000,72.289,72.323,72.271,72.323,1683.3
1782707580000,72.316,72.323,72.221,72.258,1282.7
1782707640000,72.265,72.265,72.186,72.186,1201.62
1782707700000,72.192,72.192,72.133,72.158,1024.51
1782707760000,72.158,72.158,71.964,71.989,4353.22
1782707820000,71.99,72.09,71.973,72.089,3513.21
1782707880000,72.089,72.135,72.082,72.109,1308.6
1782707940000,72.109,72.109,71.928,71.935,2261.77
1782708000000,71.935,71.935,71.802,71.824,3200.73
1782708060000,71.818,71.846,71.738,71.829,23211.1
1782708120000,71.83,71.866,71.801,71.802,1597.46
1782708180000,71.809,71.849,71.802,71.842,3093.82
1782708240000,71.841,71.866,71.811,71.855,3590.24
1782708300000,71.855,71.871,71.811,71.832,1656.64
1782708360000,71.832,71.84,71.722,71.737,3198.14
1782708420000,71.737,71.765,71.691,71.692,1756.74
1782708480000,71.692,71.7,71.6,71.601,2943.37
1782708540000,71.6,71.703,71.6,71.688,4295.71
1782708600000,71.688,71.715,71.657,71.662,1056.75
1782708660000,71.669,71.768,71.614,71.761,1581.86
1782708720000,71.761,71.819,71.742,71.811,1410.18
1782708780000,71.82,71.833,71.761,71.812,1558.46
1782708840000,71.819,71.869,71.812,71.839,1500.66
1782708900000,71.832,71.839,71.653,71.658,2170.69
1782708960000,71.659,71.659,71.6,71.624,1864.0
1782709020000,71.631,71.665,71.624,71.64,1180.05
1782709080000,71.641,71.688,71.628,71.635,1100.74
1782709140000,71.636,71.636,71.611,71.635,1225.0
1782709200000,71.667,71.693,71.511,71.512,4397.56
1782709260000,71.512,71.594,71.511,71.565,2051.18
1782709320000,71.559,71.606,71.499,71.519,2244.48
1782709380000,71.519,71.52,71.45,71.509,1610.1
1782709440000,71.509,71.538,71.39,71.424,23284.05
1782709500000,71.424,71.425,70.968,70.995,10261.4
1782709560000,71.02,71.156,71.015,71.156,5783.85
1782709620000,71.149,71.26,71.131,71.21,2552.35
1782709680000,71.217,71.247,71.182,71.221,1485.54
1782709740000,71.245,71.273,71.203,71.249,1514.91
1782709800000,71.242,71.274,71.211,71.219,2516.44
1782709860000,71.211,71.219,71.079,71.142,3036.79
1782709920000,71.138,71.146,70.993,70.994,3158.19
1782709980000,70.999,71.184,70.994,71.163,3148.27
1782710040000,71.163,71.234,71.156,71.233,1831.29
1782710100000,71.226,71.344,71.226,71.343,1907.55
1782710160000,71.343,71.364,71.305,71.346,1375.46
1782710220000,71.353,71.49,71.311,71.33,3212.22
1782710280000,71.323,71.33,71.259,71.269,3379.15
1782710340000,71.269,71.312,71.242,71.289,2740.97
1782710400000,71.289,71.403,71.282,71.329,1645.42
1782710460000,71.33,71.439,71.322,71.432,1451.54
1782710520000,71.432,71.477,71.432,71.449,1807.23
1782710580000,71.449,71.473,71.388,71.473,4530.12
1782710640000,71.474,71.476,71.429,71.433,2245.16
1782710700000,71.44,71.471,71.366,71.442,1371.03
1782710760000,71.442,71.45,71.382,71.383,1818.59
1782710820000,71.39,71.447,71.366,71.438,1206.9
1782710880000,71.446,71.464,71.381,71.388,1779.97
1782710940000,71.388,71.406,71.338,71.406,1582.85
1782711000000,71.406,71.433,71.251,71.279,2583.85
1782711060000,71.285,71.358,71.249,71.358,1168.7
1782711120000,71.358,71.376,71.309,71.335,1271.98
1782711180000,71.329,71.423,71.329,71.422,1040.03
1782711240000,71.415,71.576,71.414,71.576,7471.85
1782711300000,71.576,71.69,71.526,71.526,2698.76
1782711360000,71.533,71.533,71.459,71.466,1132.33
1782711420000,71.466,71.486,71.448,71.449,2885.05
1782711480000,71.449,71.484,71.428,71.476,1884.8
1782711540000,71.476,71.522,71.476,71.521,1393.72
1782711600000,71.514,71.521,71.398,71.401,1775.99
1782711660000,71.418,71.426,71.378,71.386,1619.32
1782711720000,71.379,71.424,71.379,71.416,1403.58
1782711780000,71.416,71.566,71.416,71.549,2022.58
1782711840000,71.586,71.786,71.579,71.776,3577.51
1782711900000,71.769,71.802,71.743,71.752,2098.19
1782711960000,71.752,71.79,71.738,71.769,2106.75
1782712020000,71.775,71.814,71.707,71.726,1989.48
1782712080000,71.726,71.73,71.675,71.676,1590.55
1782712140000,71.676,71.703,71.668,71.692,1749.63
1782712200000,71.692,71.73,71.682,71.706,1520.82
1782712260000,71.7,71.853,71.699,71.829,1864.2
1782712320000,71.835,71.865,71.811,71.857,1565.43
1782712380000,71.865,71.869,71.825,71.862,1085.14
1782712440000,71.869,71.978,71.836,71.977,2866.27
1782712500000,71.977,72.056,71.958,72.044,1949.87
1782712560000,72.055,72.151,72.044,72.09,1774.45
1782712620000,72.089,72.176,72.077,72.116,4647.38
1782712680000,72.116,72.288,72.108,72.242,1313.68
1782712740000,72.242,72.266,72.157,72.266,1698.41
1782712800000,72.287,72.459,72.287,72.416,4035.47
1782712860000,72.463,72.536,72.387,72.427,2829.21
1782712920000,72.427,72.428,72.195,72.198,4899.57
1782712980000,72.205,72.263,72.187,72.218,4146.36
1782713040000,72.225,72.299,72.191,72.299,1406.62
1782713100000,72.296,72.299,72.238,72.285,2845.75
1782713160000,72.286,72.286,72.221,72.259,1505.21
1782713220000,72.259,72.416,72.228,72.389,1579.09
1782713280000,72.389,72.476,72.335,72.342,1654.32
1782713340000,72.342,72.499,72.334,72.498,2346.67
1782713400000,72.492,72.498,72.374,72.398,1394.21
1782713460000,72.391,72.401,72.365,72.365,1182.32
1782713520000,72.38,72.473,72.38,72.438,1449.94
1782713580000,72.445,72.446,72.362,72.378,1251.04
1782713640000,72.385,72.445,72.366,72.444,1298.45
1782713700000,72.444,72.445,72.408,72.412,1302.26
1782713760000,72.419,72.453,72.318,72.438,2366.93
1782713820000,72.438,72.55,72.429,72.549,1819.04
1782713880000,72.55,72.725,72.484,72.711,16494.03
1782713940000,72.724,72.766,72.588,72.72,2869.28
1782714000000,72.712,72.797,72.682,72.782,2641.96
1782714060000,72.775,72.794,72.647,72.688,1471.17
1782714120000,72.687,72.8,72.687,72.8,1354.32
1782714180000,72.775,72.954,72.768,72.919,2753.76
1782714240000,72.91,72.953,72.881,72.948,4191.88
1782714300000,72.953,73.086,72.947,72.989,4121.61
1782714360000,72.988,73.007,72.88,72.88,8963.24
1782714420000,72.857,72.857,72.764,72.765,1005.76
1782714480000,72.764,72.772,72.71,72.734,1286.67
1782714540000,72.735,72.735,72.626,72.634,1706.9
1782714600000,72.627,72.702,72.579,72.694,1294.47
1782714660000,72.695,72.734,72.683,72.727,1795.02
1782714720000,72.727,72.734,72.569,72.635,3414.99
1782714780000,72.635,72.642,72.526,72.567,2211.94
1782714840000,72.567,72.567,72.493,72.517,3063.34
1782714900000,72.517,72.556,72.467,72.491,1291.47
1782714960000,72.485,72.501,72.408,72.431,2197.06
1782715020000,72.424,72.463,72.417,72.425,5968.49
1782715080000,72.425,72.425,72.347,72.348,3371.9
1782715140000,72.355,72.356,72.287,72.287,1045.89
1782715200000,72.288,72.347,72.288,72.347,1421.2
1782715260000,72.347,72.513,72.34,72.36,1762.97
1782715320000,72.352,72.413,72.322,72.395,1412.49
1782715380000,72.388,72.395,72.324,72.332,1744.02
1782715440000,72.325,72.369,72.324,72.359,1458.54
1782715500000,72.352,72.409,72.302,72.364,1548.55
1782715560000,72.371,72.371,72.314,72.329,1115.08
1782715620000,72.334,72.386,72.317,72.325,1046.37
1782715680000,72.325,72.39,72.304,72.362,1110.7
1782715740000,72.355,72.362,72.257,72.26,1788.62
1782715800000,72.257,72.318,72.257,72.295,1139.02
1782715860000,72.295,72.387,72.295,72.386,1113.11
1782715920000,72.386,72.403,72.372,72.402,1129.17
1782715980000,72.403,72.409,72.355,72.409,1403.02
1782716040000,72.402,72.41,72.362,72.38,1059.94
1782716100000,72.38,72.4,72.362,72.363,1047.83
1782716160000,72.363,72.37,72.268,72.291,3476.91
1782716220000,72.291,72.308,72.271,72.288,2506.75
1782716280000,72.296,72.35,72.287,72.349,1938.91
1782716340000,72.332,72.357,72.325,72.35,1349.8
1782716400000,72.35,72.357,72.214,72.221,2486.6
1782716460000,72.229,72.229,72.056,72.085,3986.84
1782716520000,72.091,72.14,72.054,72.132,1379.9
1782716580000,72.131,72.176,72.094,72.168,1108.34
1782716640000,72.168,72.291,72.167,72.278,1408.07
1782716700000,72.278,72.285,72.238,72.278,1133.93
1782716760000,72.27,72.296,72.192,72.192,1127.48
1782716820000,72.192,72.285,72.192,72.284,1173.92
1782716880000,72.278,72.285,72.208,72.208,1151.21
1782716940000,72.215,72.251,72.207,72.221,1135.25
1782717000000,72.214,72.222,72.178,72.185,1156.39
1782717060000,72.185,72.214,72.12,72.125,1461.25
1782717120000,72.124,72.199,72.124,72.195,1375.91
1782717180000,72.188,72.196,72.187,72.195,1103.52
1782717240000,72.195,72.365,72.188,72.364,1335.51
1782717300000,72.364,72.567,72.357,72.435,3097.25
1782717360000,72.435,72.499,72.351,72.49,2725.85
1782717420000,72.491,72.498,72.431,72.448,1295.53
1782717480000,72.442,72.482,72.408,72.482,1089.48
1782717540000,72.456,72.464,72.384,72.384,1103.31
1782717600000,72.39,72.436,72.383,72.428,973.53
1782717660000,72.428,72.441,72.348,72.375,1030.15
1782717720000,72.375,72.446,72.28,72.288,2679.58
1782717780000,72.288,72.316,72.277,72.299,1050.97
1782717840000,72.291,72.3,72.267,72.3,1127.92
1782717900000,72.3,72.346,72.298,72.306,3028.67
1782717960000,72.305,72.305,72.232,72.295,1696.71
1782718020000,72.288,72.295,72.241,72.284,1425.51
1782718080000,72.291,72.476,72.283,72.476,7932.01
1782718140000,72.476,72.492,72.385,72.397,2827.43
1782718200000,72.402,72.439,72.376,72.376,1108.88
1782718260000,72.384,72.416,72.344,72.365,1227.38
1782718320000,72.365,72.411,72.358,72.362,23958.53
1782718380000,72.362,72.385,72.352,72.358,916.4
1782718440000,72.358,72.358,72.32,72.355,2124.45
1782718500000,72.348,72.39,72.347,72.389,1306.01
1782718560000,72.389,72.483,72.365,72.483,1528.02
1782718620000,72.483,72.533,72.458,72.498,1108.27
1782718680000,72.498,72.563,72.472,72.472,1056.98
1782718740000,72.472,72.519,72.466,72.482,1004.38
1782718800000,72.482,72.505,72.442,72.475,1277.91
1782718860000,72.475,72.475,72.418,72.418,997.81
1782718920000,72.418,72.439,72.354,72.405,2478.27
1782718980000,72.412,72.413,72.306,72.306,1560.12
1782719040000,72.306,72.346,72.306,72.339,1357.83
1782719100000,72.346,72.346,72.271,72.308,1097.06
1782719160000,72.308,72.4,72.302,72.372,1872.98
1782719220000,72.372,72.476,72.371,72.439,2116.19
1782719280000,72.439,72.531,72.412,72.508,1966.06
1782719340000,72.508,72.528,72.418,72.521,1856.89
1782719400000,72.521,72.779,72.521,72.779,2935.52
1782719460000,72.769,72.893,72.748,72.881,2357.36
1782719520000,72.882,72.893,72.772,72.772,1326.58
1782719580000,72.779,72.782,72.735,72.768,1990.96
1782719640000,72.762,72.768,72.654,72.711,1439.26
1782719700000,72.725,72.772,72.691,72.698,2402.13
1782719760000,72.668,72.771,72.668,72.76,2383.21
1782719820000,72.762,72.763,72.645,72.675,5798.41
1782719880000,72.682,72.702,72.627,72.635,1284.05
1782719940000,72.661,72.703,72.657,72.674,1010.63
1782720000000,72.683,72.749,72.644,72.729,1397.48
1782720060000,72.729,72.786,72.658,72.778,952.89
1782720120000,72.785,72.92,72.778,72.801,5193.18
1782720180000,72.8,72.869,72.704,72.737,4570.44
1782720240000,72.737,72.896,72.704,72.847,2011.49
1782720300000,72.846,72.854,72.754,72.822,1489.2
1782720360000,72.815,72.822,72.674,72.675,1402.01
1782720420000,72.674,72.7,72.467,72.467,3992.45
1782720480000,72.467,72.619,72.467,72.602,1414.66
1782720540000,72.602,72.736,72.595,72.712,1521.32
1782720600000,72.705,72.722,72.66,72.722,1474.96
1782720660000,72.702,72.71,72.612,72.613,1223.35
1782720720000,72.62,72.651,72.572,72.651,1271.27
1782720780000,72.644,72.651,72.558,72.621,1119.5
1782720840000,72.622,72.721,72.594,72.721,1206.46
1782720900000,72.72,72.75,72.707,72.725,2275.67
1782720960000,72.733,72.874,72.725,72.838,1765.95
1782721020000,72.832,72.849,72.759,72.842,1116.92
1782721080000,72.849,72.909,72.802,72.908,1767.06
1782721140000,72.908,72.908,72.709,72.716,1184.01
1782721200000,72.709,72.717,72.601,72.602,1038.38
1782721260000,72.601,72.767,72.601,72.748,1321.1
1782721320000,72.712,72.72,72.646,72.646,1201.27
1782721380000,72.653,72.7,72.6,72.6,1235.86
1782721440000,72.601,72.685,72.601,72.678,2197.63
1782721500000,72.678,72.698,72.57,72.638,1913.76
1782721560000,72.638,72.638,72.438,72.452,2973.0
1782721620000,72.458,72.557,72.451,72.539,1541.86
1782721680000,72.539,72.545,72.449,72.522,1265.16
1782721740000,72.528,72.528,72.361,72.435,2248.56
1782721800000,72.425,72.528,72.358,72.487,1253.83
1782721860000,72.494,72.562,72.422,72.438,1574.6
1782721920000,72.438,72.445,72.351,72.362,1808.97
1782721980000,72.369,72.446,72.352,72.446,2014.23
1782722040000,72.447,72.585,72.439,72.553,2021.34
1782722100000,72.559,72.59,72.502,72.522,1453.7
1782722160000,72.516,72.74,72.515,72.728,1354.24
1782722220000,72.728,72.756,72.655,72.702,1741.15
1782722280000,72.702,72.709,72.528,72.549,2194.54
1782722340000,72.555,72.686,72.549,72.686,1116.96
1782722400000,72.685,72.726,72.666,72.666,975.29
1782722460000,72.666,72.75,72.649,72.699,1028.84
1782722520000,72.706,72.723,72.541,72.719,1255.61
1782722580000,72.719,72.75,72.671,72.722,1726.75
1782722640000,72.722,72.729,72.672,72.708,1431.57
1782722700000,72.715,72.753,72.678,72.732,1038.56
1782722760000,72.732,72.792,72.724,72.773,1140.17
1782722820000,72.766,72.856,72.758,72.855,1385.82
1782722880000,72.856,72.884,72.805,72.841,1031.03
1782722940000,72.841,72.858,72.771,72.825,1501.98
1782723000000,72.825,72.825,72.785,72.785,1158.31
1782723060000,72.785,72.906,72.742,72.897,1426.83
1782723120000,72.905,72.968,72.898,72.952,2224.67
1782723180000,72.959,72.96,72.7,72.776,2333.11
1782723240000,72.769,72.807,72.767,72.785,1136.34
1782723300000,72.792,72.793,72.684,72.722,1505.92
1782723360000,72.722,72.778,72.659,72.669,1472.32
1782723420000,72.669,72.709,72.628,72.664,1086.69
1782723480000,72.665,72.746,72.639,72.746,1255.91
1782723540000,72.746,72.747,72.686,72.686,1196.07
1782723600000,72.692,72.756,72.658,72.755,1273.19
1782723660000,72.756,72.8,72.747,72.775,1507.04
1782723720000,72.769,72.775,72.645,72.684,1227.45
1782723780000,72.7,72.796,72.7,72.781,1232.33
1782723840000,72.781,72.796,72.712,72.765,8210.96
1782723900000,72.765,72.766,72.689,72.689,1287.46
1782723960000,72.689,72.752,72.689,72.752,1295.54
1782724020000,72.752,72.765,72.683,72.7,1088.82
1782724080000,72.7,72.722,72.678,72.715,998.64
1782724140000,72.715,72.723,72.688,72.715,1309.37
1782724200000,72.721,72.74,72.658,72.686,1174.54
1782724260000,72.665,72.73,72.584,72.586,1846.99
1782724320000,72.585,72.636,72.562,72.636,2570.75
1782724380000,72.636,72.774,72.619,72.766,1439.9
1782724440000,72.766,72.887,72.766,72.839,8301.98
1782724500000,72.839,73.03,72.808,72.939,3488.71
1782724560000,72.938,73.046,72.931,73.045,1314.44
1782724620000,73.045,73.066,73.003,73.031,2273.47
1782724680000,73.031,73.137,72.995,72.999,14708.67
1782724740000,72.999,73.006,72.874,72.882,2922.36
1782724800000,72.882,72.903,72.874,72.895,1133.42
1782724860000,72.902,72.963,72.864,72.865,1319.71
1782724920000,72.851,72.883,72.818,72.842,6303.54
1782724980000,72.859,72.883,72.857,72.872,1392.83
1782725040000,72.865,72.872,72.741,72.748,1850.81
1782725100000,72.741,72.766,72.601,72.602,4768.59
1782725160000,72.602,72.651,72.571,72.627,2450.98
1782725220000,72.627,72.953,72.619,72.935,2773.78
1782725280000,72.942,72.942,72.854,72.894,1424.96
1782725340000,72.895,72.941,72.864,72.865,1643.61
1782725400000,72.873,72.952,72.865,72.925,962.55
1782725460000,72.932,72.932,72.875,72.89,2070.21
1782725520000,72.89,72.897,72.86,72.897,1152.46
1782725580000,72.897,72.9,72.856,72.877,1675.6
1782725640000,72.87,72.892,72.869,72.885,1005.52
1782725700000,72.885,72.892,72.715,72.742,4617.62
1782725760000,72.741,72.809,72.734,72.805,2543.05
1782725820000,72.799,72.836,72.734,72.753,1409.43
1782725880000,72.753,72.799,72.716,72.792,1064.18
1782725940000,72.798,72.839,72.769,72.796,1109.63
1782726000000,72.789,72.797,72.686,72.686,1080.99
1782726060000,72.693,72.717,72.685,72.693,1174.19
1782726120000,72.693,72.833,72.693,72.796,1261.46
1782726180000,72.796,72.806,72.775,72.783,1322.92
1782726240000,72.783,72.783,72.715,72.746,2034.91
1782726300000,72.739,72.826,72.738,72.818,1843.95
1782726360000,72.786,72.84,72.785,72.84,1067.66
1782726420000,72.84,72.867,72.839,72.866,1247.92
1782726480000,72.859,72.897,72.75,72.802,1309.81
1782726540000,72.808,72.829,72.774,72.782,1145.91
1782726600000,72.775,72.845,72.774,72.798,3513.86
1782726660000,72.799,72.822,72.635,72.656,1233.26
1782726720000,72.656,72.748,72.625,72.702,1159.77
1782726780000,72.702,72.766,72.702,72.72,992.5
1782726840000,72.72,72.797,72.712,72.773,1291.46
1782726900000,72.78,72.856,72.773,72.84,1104.53
1782726960000,72.822,72.896,72.803,72.826,993.71
1782727020000,72.826,72.899,72.819,72.887,1333.8
1782727080000,72.879,72.887,72.829,72.856,1208.42
1782727140000,72.863,72.897,72.856,72.896,1158.51
1782727200000,72.896,72.97,72.889,72.958,2751.98
1782727260000,72.958,73.057,72.942,73.019,7655.59
1782727320000,73.019,73.047,73.018,73.029,1730.12
1782727380000,73.028,73.037,72.876,72.949,1048.33
1782727440000,72.956,73.022,72.925,72.996,1635.9
1782727500000,72.989,73.04,72.988,73.032,1353.85
1782727560000,73.031,73.04,72.978,73.022,3650.89
1782727620000,73.015,73.12,73.015,73.112,1429.03
1782727680000,73.112,73.157,73.101,73.105,2156.47
1782727740000,73.105,73.433,73.105,73.41,12856.48
1782727800000,73.418,73.494,73.297,73.32,8771.21
1782727860000,73.322,73.326,73.217,73.269,4643.65
1782727920000,73.275,73.422,73.268,73.374,3834.5
1782727980000,73.381,73.382,73.316,73.364,1853.72
1782728040000,73.372,73.418,73.356,73.403,2396.06
1782728100000,73.41,73.419,73.312,73.339,2337.69
1782728160000,73.316,73.376,73.308,73.376,1275.38
1782728220000,73.369,73.377,73.368,73.368,1156.81
1782728280000,73.369,73.417,73.368,73.416,1569.96
1782728340000,73.408,73.605,73.408,73.601,7262.03
1782728400000,73.605,73.613,73.551,73.558,3593.78
1782728460000,73.558,73.63,73.513,73.519,4598.88
1782728520000,73.525,73.527,73.401,73.436,4323.72
1782728580000,73.435,73.473,73.405,73.442,2263.99
1782728640000,73.424,73.433,73.409,73.419,3752.85
1782728700000,73.425,73.436,73.351,73.428,1506.78
1782728760000,73.436,73.436,73.38,73.425,1354.93
1782728820000,73.432,73.433,73.396,73.403,1314.71
1782728880000,73.396,73.402,73.323,73.365,2524.61
1782728940000,73.372,73.393,73.339,73.386,1276.15
1782729000000,73.386,73.392,73.165,73.205,4880.3
1782729060000,73.205,73.273,73.155,73.156,1542.46
1782729120000,73.155,73.209,73.155,73.166,1800.46
1782729180000,73.165,73.199,73.165,73.185,1958.25
1782729240000,73.192,73.227,73.184,73.226,1830.53
1782729300000,73.219,73.227,73.094,73.142,2387.4
1782729360000,73.162,73.18,73.106,73.158,1766.34
1782729420000,73.158,73.3,73.135,73.272,2266.34
1782729480000,73.279,73.29,73.229,73.269,1186.61
1782729540000,73.27,73.33,73.261,73.302,1607.17
1782729600000,73.309,73.385,73.272,73.272,2135.39
1782729660000,73.279,73.296,73.235,73.236,4678.15
1782729720000,73.212,73.219,73.186,73.201,1462.96
1782729780000,73.202,73.21,73.135,73.136,1654.53
1782729840000,73.135,73.191,73.135,73.183,1341.67
1782729900000,73.19,73.243,73.183,73.242,1362.2
1782729960000,73.236,73.284,73.236,73.271,6063.33
1782730020000,73.272,73.324,73.183,73.292,1998.35
1782730080000,73.286,73.293,73.232,73.256,1180.77
1782730140000,73.263,73.283,73.232,73.232,1044.58
1782730200000,73.232,73.264,73.216,73.226,1833.61
1782730260000,73.219,73.256,73.219,73.255,1844.09
1782730320000,73.255,73.256,73.175,73.196,1330.64
1782730380000,73.196,73.219,73.161,73.188,3090.44
1782730440000,73.182,73.203,73.155,73.172,1781.48
1782730500000,73.172,73.173,73.164,73.172,1231.57
1782730560000,73.172,73.173,73.164,73.164,1030.18
1782730620000,73.165,73.197,73.152,73.171,1065.65
1782730680000,73.178,73.2,73.167,73.192,4406.77
1782730740000,73.199,73.2,73.191,73.192,1063.95
1782730800000,73.199,73.227,73.188,73.205,1134.87
1782730860000,73.199,73.206,73.135,73.143,1841.28
1782730920000,73.143,73.143,73.049,73.05,1777.13
1782730980000,73.05,73.057,72.941,72.989,8982.56
1782731040000,72.982,72.99,72.927,72.962,1637.99
1782731100000,72.962,72.963,72.818,72.829,3192.68
1782731160000,72.834,72.855,72.784,72.828,2733.81
1782731220000,72.828,72.856,72.811,72.849,1878.05
1782731280000,72.842,72.893,72.841,72.87,2141.49
1782731340000,72.869,72.87,72.834,72.852,3069.18
1782731400000,72.852,72.852,72.631,72.706,2966.49
1782731460000,72.713,72.714,72.675,72.683,1160.54
1782731520000,72.683,72.684,72.629,72.639,6698.51
1782731580000,72.639,72.647,72.581,72.581,2214.84
1782731640000,72.582,72.623,72.581,72.592,1450.32
1782731700000,72.592,72.623,72.505,72.506,1890.52
1782731760000,72.514,72.546,72.498,72.509,3332.96
1782731820000,72.509,72.53,72.422,72.428,2167.54
1782731880000,72.422,72.507,72.422,72.493,4484.39
1782731940000,72.493,72.513,72.444,72.494,1862.66
1782732000000,72.495,72.503,72.426,72.502,2241.8
1782732060000,72.495,72.532,72.478,72.51,1589.88
1782732120000,72.517,72.519,72.447,72.509,1117.4
1782732180000,72.509,72.509,72.461,72.482,1791.14
1782732240000,72.482,72.543,72.481,72.542,1202.55
1782732300000,72.535,72.603,72.535,72.596,3150.41
1782732360000,72.596,72.677,72.596,72.637,1898.17
1782732420000,72.637,72.688,72.601,72.629,1777.51
1782732480000,72.637,72.66,72.591,72.609,1154.03
1782732540000,72.609,72.717,72.608,72.686,1453.97
1782732600000,72.693,72.705,72.622,72.628,1130.16
1782732660000,72.6,73.151,72.561,72.858,4954.91
1782732720000,72.908,72.938,72.829,72.861,3397.82
1782732780000,72.853,72.853,72.741,72.741,1140.96
1782732840000,72.741,72.746,72.705,72.74,3004.24
1782732900000,72.74,72.74,72.661,72.662,1225.74
1782732960000,72.661,72.674,72.52,72.673,2579.45
1782733020000,72.673,72.673,72.557,72.595,25619.44
1782733080000,72.588,72.596,72.508,72.511,2444.43
1782733140000,72.509,72.512,72.361,72.411,2743.06
1782733200000,72.411,72.439,72.378,72.402,2335.25
1782733260000,72.403,72.403,72.338,72.379,2075.43
1782733320000,72.378,72.462,72.378,72.435,2184.88
1782733380000,72.428,72.492,72.427,72.442,1319.06
1782733440000,72.434,72.442,72.348,72.398,1465.04
1782733500000,72.392,72.476,72.383,72.383,2326.38
1782733560000,72.377,72.449,72.335,72.441,2446.62
1782733620000,72.441,72.448,72.385,72.406,2071.68
1782733680000,72.406,72.442,72.375,72.439,1425.36
1782733740000,72.435,72.442,72.335,72.338,1244.19
1782733800000,72.335,72.425,72.314,72.391,1519.52
1782733860000,72.399,72.421,72.341,72.349,947.93
1782733920000,72.342,72.349,72.261,72.287,2449.21
1782733980000,72.278,72.292,72.25,72.257,1815.44
1782734040000,72.257,72.266,72.231,72.232,1609.14
1782734100000,72.239,72.329,72.209,72.321,1226.94
1782734160000,72.359,72.386,72.346,72.386,2007.41
1782734220000,72.386,72.418,72.339,72.369,2332.17
1782734280000,72.376,72.436,72.368,72.435,1439.79
1782734340000,72.428,72.524,72.395,72.486,2203.64
1782734400000,72.487,72.756,72.296,72.296,29918.42
1782734460000,72.297,72.363,72.088,72.36,4585.85
1782734520000,72.36,72.712,72.334,72.711,2503.13
1782734580000,72.712,72.948,72.627,72.939,5052.15
1782734640000,72.948,72.953,72.809,72.895,4010.59
1782734700000,72.927,73.098,72.927,73.051,3620.73
1782734760000,73.1,73.163,73.048,73.163,2934.69
1782734820000,73.155,73.456,73.155,73.324,6990.73
1782734880000,73.331,73.363,73.163,73.188,2383.75
1782734940000,73.187,73.339,73.187,73.254,2385.05
1782735000000,73.281,73.389,73.231,73.389,12110.78
1782735060000,73.381,73.492,73.314,73.388,3037.55
1782735120000,73.395,74.036,73.388,74.013,21174.53
1782735180000,74.013,74.057,73.856,73.926,5690.73
1782735240000,73.926,74.056,73.835,73.927,3356.52
1782735300000,73.93,74.096,73.927,73.929,4189.38
1782735360000,73.929,74.02,73.82,73.829,1873.6
1782735420000,73.821,73.948,73.759,73.879,5625.13
1782735480000,73.908,74.041,73.894,74.039,2463.9
1782735540000,74.039,74.039,73.9,73.976,4916.45
1782735600000,73.975,74.018,73.925,73.929,1806.12
1782735660000,73.929,74.028,73.908,74.013,2093.46
1782735720000,74.022,74.022,73.844,73.894,7390.63
1782735780000,73.888,73.895,73.688,73.729,4077.75
1782735840000,73.721,73.735,73.64,73.664,14050.59
1782735900000,73.672,73.833,73.664,73.809,1544.06
1782735960000,73.802,73.825,73.705,73.788,11570.21
1782736020000,73.788,73.849,73.781,73.822,1666.18
1782736080000,73.822,73.865,73.821,73.864,2054.83
1782736140000,73.864,74.052,73.831,73.964,2320.43
1782736200000,73.957,74.008,73.917,73.961,2529.83
1782736260000,73.961,73.968,73.761,73.78,2754.76
1782736320000,73.78,73.847,73.75,73.796,2038.2
1782736380000,73.789,73.979,73.768,73.979,1927.53
1782736440000,73.971,74.093,73.964,74.085,6879.01
1782736500000,74.092,74.5,74.051,74.268,21225.94
1782736560000,74.272,74.272,74.167,74.186,8174.99
1782736620000,74.178,74.186,73.834,73.835,4297.66
1782736680000,73.842,73.842,73.326,73.386,24964.42
1782736740000,73.385,73.465,73.318,73.353,5444.75
1782736800000,73.354,73.369,73.186,73.226,4239.69
1782736860000,73.226,73.401,73.211,73.338,9700.37
1782736920000,73.322,73.36,73.212,73.309,4371.46
1782736980000,73.315,73.38,73.301,73.369,1991.0
1782737040000,73.362,73.388,73.337,73.361,1249.75
1782737100000,73.369,73.463,73.245,73.463,3311.76
1782737160000,73.462,73.55,73.441,73.55,7686.56
1782737220000,73.549,73.596,73.519,73.525,7948.31
1782737280000,73.525,73.563,73.364,73.384,1762.05
1782737340000,73.392,73.5,73.297,73.297,5030.98
1782737400000,73.318,73.455,73.31,73.443,1933.08
1782737460000,73.444,73.444,73.077,73.078,4995.26
1782737520000,73.078,73.223,73.034,73.193,4595.96
1782737580000,73.186,73.269,73.144,73.258,5643.93
1782737640000,73.252,73.316,73.251,73.28,3633.69
1782737700000,73.28,73.425,73.279,73.381,1500.96
1782737760000,73.405,73.428,73.356,73.428,2142.15
1782737820000,73.431,73.466,73.374,73.445,2513.72
1782737880000,73.453,73.463,73.437,73.445,1281.83
1782737940000,73.438,73.463,73.437,73.455,1306.3
1782738000000,73.462,73.793,73.455,73.785,3372.59
1782738060000,73.785,73.86,73.727,73.831,2818.46
1782738120000,73.839,73.959,73.745,73.924,11116.74
1782738180000,73.933,73.999,73.841,73.842,5749.07
1782738240000,73.85,73.85,73.761,73.845,4882.42
1782738300000,73.846,73.939,73.737,73.933,1394.43
1782738360000,73.933,73.969,73.779,73.779,3047.98
1782738420000,73.786,73.829,73.731,73.825,1436.97
1782738480000,73.816,73.85,73.711,73.768,2542.58
1782738540000,73.76,73.772,73.677,73.729,5888.42
1782738600000,73.742,74.0,73.734,73.882,1810.99
1782738660000,73.889,74.065,73.882,74.065,4079.22
1782738720000,74.065,74.286,74.06,74.243,5781.26
1782738780000,74.243,74.299,74.111,74.155,7532.22
1782738840000,74.178,74.178,74.114,74.114,4200.95
1782738900000,74.115,74.237,74.114,74.142,1967.58
1782738960000,74.141,74.197,74.1,74.154,2153.26
1782739020000,74.161,74.235,74.12,74.228,1819.02
1782739080000,74.221,74.302,74.22,74.29,2193.23
1782739140000,74.296,74.296,74.214,74.222,2345.38
1782739200000,74.222,74.229,74.145,74.149,2147.16
1782739260000,74.149,74.155,74.027,74.084,4523.82
1782739320000,74.085,74.138,73.905,73.905,2818.03
1782739380000,73.906,73.913,73.742,73.792,3866.09
1782739440000,73.792,73.866,73.792,73.808,1629.16
1782739500000,73.808,73.808,73.67,73.735,5190.64
1782739560000,73.728,73.795,73.721,73.729,2269.47
1782739620000,73.721,73.735,73.637,73.672,3596.5
1782739680000,73.672,73.721,73.57,73.65,2348.49
1782739740000,73.65,73.653,73.55,73.568,4990.07
1782739800000,73.555,73.663,73.137,73.663,14371.67
1782739860000,73.675,74.09,73.674,73.869,3619.55
1782739920000,73.869,74.016,73.869,73.91,5074.31
1782739980000,73.871,74.052,73.82,73.821,3371.82
1782740040000,73.828,74.023,73.768,74.015,6853.22
1782740100000,74.023,74.023,73.643,73.644,1960.21
1782740160000,73.651,73.672,73.486,73.655,3545.92
1782740220000,73.655,73.656,73.366,73.489,2370.0
1782740280000,73.481,73.488,73.219,73.383,6966.75
1782740340000,73.392,73.464,73.307,73.307,3128.86
1782740400000,73.315,73.383,73.097,73.367,15777.59
1782740460000,73.367,73.391,73.041,73.072,6460.93
1782740520000,73.071,73.22,72.998,73.169,2894.12
1782740580000,73.124,73.148,72.871,72.888,41359.58
1782740640000,72.896,73.046,72.896,72.901,3548.4
1782740700000,72.901,73.026,72.82,72.999,10036.46
1782740760000,72.974,73.071,72.765,72.996,12445.28
1782740820000,72.996,73.176,72.996,73.012,12018.79
1782740880000,73.008,73.13,72.965,73.018,1287.46
1782740940000,73.049,73.072,72.792,72.884,1972.22
1782741000000,72.841,72.967,72.7,72.967,4970.52
1782741060000,72.966,73.049,72.918,72.956,2539.24
1782741120000,72.949,73.35,72.948,73.297,16990.67
1782741180000,73.269,73.296,73.14,73.171,2265.24
1782741240000,73.171,73.223,73.067,73.105,1482.1
1782741300000,73.105,73.193,73.043,73.049,9761.32
1782741360000,73.043,73.18,72.992,73.178,1499.95
1782741420000,73.155,73.18,73.046,73.125,1827.35
1782741480000,73.085,73.487,73.078,73.342,51236.68
1782741540000,73.349,73.711,73.349,73.695,4313.15
1782741600000,73.695,73.716,73.418,73.609,43422.43
1782741660000,73.61,73.719,73.473,73.514,45365.3
1782741720000,73.518,73.658,73.504,73.584,1454.86
1782741780000,73.577,73.631,73.481,73.498,1494.22
1782741840000,73.498,73.841,73.444,73.736,3603.26
1782741900000,73.707,73.707,73.256,73.314,4107.99
1782741960000,73.321,73.618,73.313,73.419,6417.35
1782742020000,73.418,73.425,73.151,73.159,3064.35
1782742080000,73.152,73.307,73.098,73.307,4744.79
1782742140000,73.315,73.353,72.982,72.991,2466.48
1782742200000,72.99,73.18,72.863,72.884,3113.32
1782742260000,72.892,72.892,72.656,72.706,50460.31
1782742320000,72.707,72.748,72.624,72.686,7921.02
1782742380000,72.685,72.74,72.612,72.638,3177.82
1782742440000,72.638,72.638,72.484,72.492,20473.83
1782742500000,72.492,72.725,72.314,72.64,7302.99
1782742560000,72.633,72.749,72.517,72.517,19487.94
1782742620000,72.525,72.679,72.431,72.463,11018.42
1782742680000,72.462,72.537,72.294,72.495,12407.25
1782742740000,72.543,72.79,72.536,72.754,7061.21
1782742800000,72.663,72.75,72.55,72.75,2816.02
1782742860000,72.743,72.839,72.622,72.641,2888.53
1782742920000,72.641,72.835,72.641,72.756,3469.91
1782742980000,72.749,72.756,72.53,72.695,4571.39
1782743040000,72.696,72.836,72.569,72.835,4154.85
1782743100000,72.835,73.026,72.815,72.976,38642.47
1782743160000,72.976,73.0,72.834,72.999,2096.52
1782743220000,72.992,73.146,72.992,73.122,4089.05
1782743280000,73.114,73.256,73.078,73.256,3020.57
1782743340000,73.255,73.296,73.141,73.148,2692.44
1782743400000,73.149,73.295,73.141,73.295,2005.51
1782743460000,73.287,73.295,73.108,73.132,7099.49
1782743520000,73.126,73.198,72.884,72.944,2550.82
1782743580000,72.951,73.472,72.951,73.447,2849.98
1782743640000,73.447,73.595,73.3,73.323,3063.88
1782743700000,73.297,73.399,73.263,73.338,7672.51
1782743760000,73.338,73.399,73.302,73.36,1880.66
1782743820000,73.36,73.389,73.281,73.341,1457.86
1782743880000,73.347,73.439,73.276,73.321,1503.39
1782743940000,73.321,73.437,73.29,73.43,1403.73
1782744000000,73.437,73.437,73.18,73.237,2511.49
1782744060000,73.26,73.4,73.26,73.362,1514.09
1782744120000,73.35,73.395,73.284,73.284,1456.62
1782744180000,73.29,73.29,73.156,73.198,1803.32
1782744240000,73.198,73.199,72.982,73.013,2289.17
1782744300000,73.014,73.062,72.936,73.061,2260.43
1782744360000,73.093,73.147,73.036,73.14,1350.97
1782744420000,73.147,73.181,72.975,72.982,1305.92
1782744480000,72.968,73.131,72.967,72.981,2327.48
1782744540000,72.981,73.051,72.87,73.034,2079.21
1782744600000,73.042,73.238,73.014,73.174,2366.14
1782744660000,73.174,73.19,73.056,73.19,1222.87
1782744720000,73.183,73.28,73.154,73.272,1581.8
1782744780000,73.264,73.47,73.2,73.47,1389.05
1782744840000,73.463,73.839,73.462,73.787,5341.11
1782744900000,73.78,73.787,73.679,73.718,11913.01
1782744960000,73.711,73.792,73.658,73.677,2754.87
1782745020000,73.677,73.738,73.558,73.573,3839.5
1782745080000,73.57,73.57,73.406,73.445,3493.81
1782745140000,73.445,73.711,73.437,73.681,2253.5
1782745200000,73.709,73.709,73.557,73.572,3621.79
1782745260000,73.543,73.544,73.359,73.385,8901.72
1782745320000,73.385,73.426,73.334,73.335,1936.41
1782745380000,73.335,73.344,73.162,73.235,8759.35
1782745440000,73.235,73.235,73.105,73.11,2183.7
1782745500000,73.111,73.118,72.919,73.055,8996.75
1782745560000,73.049,73.055,72.831,72.92,3022.69
1782745620000,72.912,72.947,72.773,72.832,3261.48
1782745680000,72.839,73.052,72.831,72.982,4911.69
1782745740000,72.982,73.093,72.954,73.072,2409.51
1782745800000,73.072,73.205,73.064,73.181,1517.76
1782745860000,73.158,73.165,72.863,72.863,4991.04
1782745920000,72.87,72.932,72.756,72.932,4710.63
1782745980000,72.933,73.099,72.926,73.078,1848.43
1782746040000,73.078,73.229,73.041,73.224,6958.57
1782746100000,73.225,73.344,73.188,73.237,2235.13
1782746160000,73.244,73.299,73.121,73.292,2959.92
1782746220000,73.298,73.346,73.245,73.265,24727.14
1782746280000,73.265,73.465,73.264,73.465,1743.49
1782746340000,73.465,73.565,73.37,73.468,28199.94
1782746400000,73.468,73.48,73.361,73.368,2474.31
1782746460000,73.388,73.438,73.371,73.398,1341.9
1782746520000,73.391,73.673,73.391,73.504,2618.58
1782746580000,73.503,73.511,73.325,73.325,1362.03
1782746640000,73.322,73.501,73.278,73.484,1345.36
1782746700000,73.477,73.548,73.393,73.477,2112.5
1782746760000,73.477,73.644,73.437,73.644,1862.07
1782746820000,73.65,73.735,73.567,73.684,15294.92
1782746880000,73.683,73.721,73.625,73.717,3185.82
1782746940000,73.717,73.944,73.71,73.893,34566.22
1782747000000,73.94,74.276,73.933,74.262,40744.23
1782747060000,74.262,74.304,74.164,74.224,64728.92
1782747120000,74.224,74.358,74.153,74.208,4814.45
1782747180000,74.221,74.253,74.14,74.143,5637.72
1782747240000,74.143,74.205,74.056,74.097,2401.71
1782747300000,74.059,74.188,74.001,74.188,2480.72
1782747360000,74.167,74.318,74.143,74.211,2821.64
1782747420000,74.219,74.275,74.212,74.243,4199.96
1782747480000,74.243,74.368,74.234,74.343,2147.94
1782747540000,74.351,74.355,74.199,74.214,14449.87
1782747600000,74.213,74.217,74.0,74.0,3539.88
1782747660000,74.002,74.002,73.755,73.875,11958.49
1782747720000,73.875,73.946,73.837,73.907,4590.64
1782747780000,73.907,73.97,73.875,73.908,11985.73
1782747840000,73.909,73.992,73.902,73.984,2142.19
1782747900000,73.991,73.991,73.881,73.882,1726.45
1782747960000,73.889,73.921,73.786,73.834,5097.14
1782748020000,73.833,73.952,73.803,73.93,3421.82
1782748080000,73.931,73.969,73.906,73.935,1890.92
1782748140000,73.935,73.962,73.857,73.955,2402.5
1782748200000,73.955,74.129,73.955,74.104,9170.97
1782748260000,74.111,74.116,74.014,74.064,4158.9
1782748320000,74.065,74.088,73.891,73.941,3116.07
1782748380000,73.941,74.166,73.925,74.094,4443.05
1782748440000,74.093,74.142,74.084,74.141,1617.18
1782748500000,74.141,74.141,73.983,73.983,1398.29
1782748560000,73.991,74.027,73.92,73.921,12791.81
1782748620000,73.927,73.941,73.843,73.93,1447.76
1782748680000,73.937,73.957,73.827,73.828,1513.47
1782748740000,73.836,73.876,73.774,73.868,1289.4
1782748800000,73.868,73.894,73.754,73.788,3572.46
1782748860000,73.795,73.879,73.781,73.861,1718.47
1782748920000,73.87,73.909,73.759,73.771,2231.16
1782748980000,73.788,73.85,73.78,73.794,1441.63
1782749040000,73.801,73.829,73.763,73.787,3062.94
1782749100000,73.794,74.028,73.786,73.989,2534.72
1782749160000,73.989,73.995,73.774,73.888,3275.99
1782749220000,73.888,73.888,73.81,73.854,2377.34
1782749280000,73.861,73.861,73.71,73.711,1881.42
1782749340000,73.711,73.721,73.61,73.638,1886.33
1782749400000,73.63,73.773,73.601,73.658,21392.7
1782749460000,73.658,73.718,73.651,73.667,1417.78
1782749520000,73.661,73.728,73.648,73.684,1702.76
1782749580000,73.685,73.701,73.491,73.492,3913.16
1782749640000,73.491,73.559,73.491,73.54,1693.73
1782749700000,73.534,73.697,73.533,73.62,2096.46
1782749760000,73.621,73.629,73.577,73.577,1391.62
1782749820000,73.578,73.674,73.545,73.674,1494.82
1782749880000,73.666,73.674,73.555,73.564,1133.49
1782749940000,73.563,73.581,73.516,73.562,1376.11
1782750000000,73.562,73.563,73.377,73.431,4941.49
1782750060000,73.438,73.439,73.3,73.343,1752.37
1782750120000,73.351,73.371,73.284,73.325,1647.35
1782750180000,73.318,73.391,73.305,73.391,1423.4
1782750240000,73.385,73.391,73.181,73.182,34637.22
1782750300000,73.189,73.223,73.021,73.04,3869.7
1782750360000,73.041,73.123,72.997,72.998,1953.34
1782750420000,73.011,73.029,72.889,73.028,12760.43
1782750480000,73.009,73.029,72.935,72.935,11059.75
1782750540000,72.918,72.952,72.859,72.913,1358.25
1782750600000,72.916,73.141,72.913,73.096,1714.31
1782750660000,73.095,73.096,73.007,73.025,1342.02
1782750720000,73.018,73.165,73.018,73.158,1958.69
1782750780000,73.132,73.141,73.075,73.075,1746.27
1782750840000,73.082,73.145,73.044,73.145,1358.19
1782750900000,73.137,73.24,73.091,73.218,3028.94
1782750960000,73.202,73.209,73.108,73.208,1132.87
1782751020000,73.202,73.363,73.202,73.354,2772.56
1782751080000,73.363,73.385,73.29,73.351,1176.94
1782751140000,73.358,73.552,73.351,73.531,1923.82
1782751200000,73.539,73.548,73.467,73.548,1478.82
1782751260000,73.548,73.619,73.541,73.61,2845.62
1782751320000,73.61,73.64,73.548,73.621,2253.06
1782751380000,73.598,73.667,73.591,73.64,2741.41
1782751440000,73.64,73.75,73.62,73.706,1444.3
1782751500000,73.723,73.75,73.68,73.703,2114.59
1782751560000,73.696,73.746,73.627,73.677,1705.65
1782751620000,73.683,73.944,73.664,73.935,2864.22
1782751680000,73.944,74.089,73.89,74.089,12784.53
1782751740000,74.087,74.131,74.007,74.11,4820.97
1782751800000,74.118,74.118,74.016,74.044,2848.24
1782751860000,74.044,74.089,74.0,74.001,23907.29
1782751920000,74.001,74.04,73.88,73.888,3758.2
1782751980000,73.887,73.906,73.71,73.798,4230.37
1782752040000,73.791,73.881,73.758,73.855,1990.64
1782752100000,73.855,73.9,73.824,73.825,1453.43
1782752160000,73.832,73.978,73.825,73.961,1791.25
1782752220000,73.961,73.981,73.907,73.981,1129.14
1782752280000,74.0,74.017,73.942,73.948,2746.51
1782752340000,73.948,74.027,73.948,74.003,1856.76
1782752400000,73.996,74.079,73.958,74.071,3812.72
1782752460000,74.078,74.123,74.064,74.097,1434.56
1782752520000,74.097,74.282,74.096,74.27,32674.56
1782752580000,74.277,74.379,74.234,74.366,4252.12
1782752640000,74.378,74.382,74.3,74.367,1826.45
1782752700000,74.375,74.818,74.367,74.744,63995.83
1782752760000,74.751,74.794,74.607,74.609,62601.43
1782752820000,74.6,74.636,74.527,74.578,2379.95
1782752880000,74.577,74.663,74.478,74.488,3366.62
1782752940000,74.487,74.554,74.468,74.529,1582.95
1782753000000,74.536,74.78,74.528,74.78,3352.56
1782753060000,74.78,74.876,74.717,74.778,5543.49
1782753120000,74.778,74.992,74.728,74.977,14245.91
1782753180000,74.978,75.486,74.9,75.191,49328.51
1782753240000,75.19,75.333,75.175,75.228,42705.44
1782753300000,75.227,76.418,75.192,75.966,60837.12
1782753360000,75.95,76.113,75.8,76.03,7590.21
1782753420000,76.03,76.114,75.808,76.05,34170.74
1782753480000,76.058,76.058,75.806,75.85,4205.02
1782753540000,75.858,75.958,75.804,75.896,3356.15
1782753600000,75.896,76.0,75.841,75.85,1955.45
1782753660000,75.85,75.85,75.276,75.39,8496.68
1782753720000,75.39,75.549,75.39,75.544,3276.3
1782753780000,75.55,75.585,75.353,75.36,3918.66
1782753840000,75.353,75.395,75.238,75.345,28674.44
1782753900000,75.345,75.582,75.297,75.511,1724.21
1782753960000,75.511,75.52,75.38,75.469,17396.18
1782754020000,75.468,75.662,75.468,75.654,1474.24
1782754080000,75.661,75.98,75.611,75.971,19979.22
1782754140000,75.983,76.05,75.882,75.882,20404.35
1782754200000,75.859,76.057,75.859,76.057,3082.33
1782754260000,76.058,76.097,75.923,75.942,3376.35
1782754320000,75.934,75.934,75.627,75.66,3316.49
1782754380000,75.659,75.748,75.6,75.645,13037.49
1782754440000,75.686,75.725,75.651,75.666,2080.13
1782754500000,75.666,75.72,75.527,75.614,4520.18
1782754560000,75.604,75.706,75.527,75.704,3280.59
1782754620000,75.698,75.705,75.577,75.585,1762.54
1782754680000,75.551,75.586,75.544,75.575,2176.7
1782754740000,75.575,75.609,75.517,75.554,1746.26
1782754800000,75.563,75.593,75.535,75.585,1715.81
1782754860000,75.592,75.698,75.584,75.691,1529.82
1782754920000,75.698,75.699,75.58,75.588,1535.19
1782754980000,75.581,75.626,75.546,75.584,1992.64
1782755040000,75.578,75.796,75.577,75.742,2466.41
1782755100000,75.742,75.742,75.605,75.712,1312.64
1782755160000,75.757,75.803,75.711,75.763,1887.52
1782755220000,75.762,75.762,75.551,75.559,1930.92
1782755280000,75.55,75.605,75.489,75.542,3124.47
1782755340000,75.541,75.593,75.517,75.529,4118.83
1782755400000,75.528,75.529,75.234,75.298,4981.74
1782755460000,75.291,75.367,75.291,75.357,7262.66
1782755520000,75.366,75.473,75.358,75.448,3748.79
1782755580000,75.448,75.486,75.367,75.379,1447.31
1782755640000,75.379,75.439,75.243,75.252,2537.51
1782755700000,75.244,75.339,75.243,75.331,1534.74
1782755760000,75.331,75.395,75.32,75.357,1081.28
1782755820000,75.357,75.388,75.286,75.332,4554.78
1782755880000,75.332,75.359,75.24,75.32,1282.52
1782755940000,75.32,75.32,75.221,75.271,14761.77
1782756000000,75.271,75.277,75.11,75.135,1956.45
1782756060000,75.143,75.306,75.135,75.298,1638.32
1782756120000,75.305,75.305,75.19,75.277,1624.37
1782756180000,75.271,75.349,75.254,75.32,1622.63
1782756240000,75.321,75.336,75.227,75.312,1204.3
1782756300000,75.305,75.419,75.304,75.365,1372.55
1782756360000,75.373,75.447,75.355,75.44,4339.0
1782756420000,75.44,75.487,75.44,75.482,1738.88
1782756480000,75.475,75.726,75.475,75.715,4673.18
1782756540000,75.731,75.803,75.626,75.634,6576.75
1782756600000,75.635,75.709,75.602,75.629,1876.83
1782756660000,75.629,75.683,75.621,75.665,1587.31
1782756720000,75.658,75.701,75.557,75.582,1444.21
1782756780000,75.608,75.682,75.607,75.655,1279.74
1782756840000,75.634,75.649,75.585,75.593,2332.05
1782756900000,75.593,75.609,75.448,75.472,3416.07
1782756960000,75.473,75.473,75.369,75.37,6526.96
1782757020000,75.369,75.413,75.309,75.375,1215.54
1782757080000,75.352,75.412,75.319,75.405,1463.93
1782757140000,75.411,75.526,75.404,75.485,2084.61
1782757200000,75.492,75.552,75.427,75.501,1304.26
1782757260000,75.501,75.623,75.485,75.608,1530.6
1782757320000,75.616,75.675,75.6,75.618,1849.63
1782757380000,75.611,75.618,75.469,75.476,1079.14
1782757440000,75.469,75.496,75.421,75.43,1356.58
1782757500000,75.43,75.43,75.349,75.356,2134.4
1782757560000,75.35,75.399,75.349,75.372,1184.75
1782757620000,75.378,75.411,75.227,75.311,1606.57
1782757680000,75.318,75.318,75.196,75.196,1645.54
1782757740000,75.189,75.247,75.158,75.201,1297.17
1782757800000,75.2,75.212,75.131,75.204,1293.42
1782757860000,75.205,75.256,75.167,75.238,2664.66
1782757920000,75.267,75.341,75.26,75.334,2067.06
1782757980000,75.342,75.342,75.267,75.288,1614.82
1782758040000,75.281,75.4,75.28,75.345,1002.01
1782758100000,75.345,75.465,75.337,75.428,1449.27
1782758160000,75.405,75.427,75.369,75.414,1123.18
1782758220000,75.414,75.484,75.361,75.468,1150.79
1782758280000,75.461,75.578,75.454,75.551,1280.66
1782758340000,75.558,75.616,75.491,75.616,1143.91
1782758400000,75.616,75.688,75.615,75.678,1294.7
1782758460000,75.67,75.731,75.612,75.63,1393.37
1782758520000,75.638,75.655,75.619,75.648,1147.74
1782758580000,75.654,75.689,75.606,75.638,1170.0
1782758640000,75.637,75.731,75.637,75.73,1449.15
1782758700000,75.684,75.71,75.557,75.581,1252.72
1782758760000,75.574,75.582,75.484,75.491,1305.78
1782758820000,75.485,75.485,75.424,75.451,1181.24
1782758880000,75.451,75.525,75.428,75.518,1923.16
1782758940000,75.488,75.495,75.433,75.442,1235.44
1782759000000,75.442,75.442,75.362,75.401,1264.36
1782759060000,75.401,75.431,75.384,75.405,1172.3
1782759120000,75.412,75.455,75.404,75.445,1000.6
1782759180000,75.452,75.486,75.442,75.485,982.71
1782759240000,75.478,75.526,75.452,75.478,1145.34
1782759300000,75.485,75.545,75.477,75.518,1840.79
1782759360000,75.525,75.55,75.517,75.538,1081.56
1782759420000,75.538,75.562,75.479,75.498,1478.7
1782759480000,75.505,75.543,75.497,75.542,1062.89
1782759540000,75.542,75.565,75.532,75.554,1386.46
1782759600000,75.563,75.585,75.427,75.446,2229.41
1782759660000,75.447,75.551,75.438,75.446,1920.52
1782759720000,75.439,75.484,75.431,75.455,1072.2
1782759780000,75.462,75.482,75.385,75.385,977.58
1782759840000,75.392,75.522,75.385,75.482,8764.16
1782759900000,75.475,75.516,75.435,75.491,14953.9
1782759960000,75.491,75.512,75.451,75.512,1490.47
1782760020000,75.513,75.636,75.504,75.621,1443.58
1782760080000,75.628,75.648,75.504,75.548,1274.62
1782760140000,75.54,75.608,75.54,75.607,1234.08
1782760200000,75.601,75.649,75.528,75.628,1944.02
1782760260000,75.628,75.739,75.621,75.732,1997.05
1782760320000,75.74,75.74,75.585,75.592,1658.86
1782760380000,75.585,75.616,75.437,75.465,1042.16
1782760440000,75.471,75.488,75.447,75.456,1424.73
1782760500000,75.456,75.495,75.4,75.495,1084.15
1782760560000,75.488,75.712,75.487,75.712,1202.83
1782760620000,75.705,75.77,75.687,75.759,1346.1
1782760680000,75.77,75.84,75.697,75.701,7592.61
1782760740000,75.701,75.833,75.7,75.785,1844.1
1782760800000,75.792,75.934,75.784,75.918,3175.05
1782760860000,75.926,75.926,75.879,75.879,2800.08
1782760920000,75.879,75.912,75.847,75.877,1362.68
1782760980000,75.883,75.911,75.876,75.91,1784.78
1782761040000,75.91,75.992,75.909,75.945,1703.9
1782761100000,75.937,75.967,75.82,75.82,4602.21
1782761160000,75.82,75.873,75.814,75.865,1418.22
1782761220000,75.872,75.956,75.865,75.956,1484.82
1782761280000,75.956,76.177,75.948,76.146,3577.46
1782761340000,76.148,76.165,76.016,76.027,4715.05
1782761400000,76.019,76.046,75.968,75.998,5001.32
1782761460000,76.005,76.02,75.952,75.953,1236.73
1782761520000,75.953,75.96,75.827,75.828,2994.88
1782761580000,75.835,75.856,75.709,75.724,1196.41
1782761640000,75.725,75.733,75.645,75.695,1989.39
1782761700000,75.702,75.768,75.695,75.729,1130.97
1782761760000,75.73,75.741,75.697,75.741,1169.71
1782761820000,75.741,75.846,75.734,75.82,1417.13
1782761880000,75.828,75.9,75.82,75.829,1083.25
1782761940000,75.822,75.873,75.79,75.866,1298.46
1782762000000,75.866,75.905,75.821,75.85,2395.05
1782762060000,75.842,75.9,75.841,75.872,1095.57
1782762120000,75.865,75.873,75.77,75.815,1518.92
1782762180000,75.815,75.819,75.781,75.812,986.61
1782762240000,75.866,75.955,75.861,75.954,1193.28
1782762300000,75.954,76.006,75.95,75.958,1850.24
1782762360000,75.958,76.013,75.958,76.005,1092.13
1782762420000,76.012,76.025,75.893,75.901,2458.01
1782762480000,75.901,75.901,75.837,75.886,1169.71
1782762540000,75.889,76.056,75.867,76.035,1493.38
1782762600000,76.035,76.035,75.85,75.915,1119.99
1782762660000,75.915,76.183,75.894,76.17,5961.91
1782762720000,76.183,76.183,76.059,76.068,1172.89
1782762780000,76.06,76.118,76.0,76.0,3823.72
1782762840000,75.979,75.984,75.911,75.958,1408.79
1782762900000,75.951,76.012,75.946,75.975,1139.33
1782762960000,75.968,75.975,75.897,75.905,3016.17
1782763020000,75.912,75.955,75.905,75.955,1866.12
1782763080000,75.955,75.992,75.939,75.939,1421.54
1782763140000,75.908,76.015,75.904,75.961,2091.17
1782763200000,75.955,75.961,75.754,75.767,4507.4
1782763260000,75.759,75.846,75.759,75.846,1272.28
1782763320000,75.847,75.848,75.752,75.848,1214.19
1782763380000,75.841,75.869,75.761,75.842,1386.97
1782763440000,75.843,75.863,75.767,75.776,1204.74
1782763500000,75.797,75.83,75.75,75.822,1177.77
1782763560000,75.829,75.879,75.821,75.879,1165.08
1782763620000,75.872,75.9,75.761,75.762,1101.43
1782763680000,75.795,75.839,75.769,75.776,1273.6
1782763740000,75.776,75.793,75.755,75.785,1089.37
1782763800000,75.785,75.806,75.692,75.696,1268.67
1782763860000,75.695,75.703,75.568,75.618,6877.98
1782763920000,75.618,75.719,75.61,75.719,1323.24
1782763980000,75.712,75.739,75.677,75.692,5859.66
1782764040000,75.685,75.729,75.684,75.722,1500.39
1782764100000,75.722,75.729,75.655,75.679,1134.13
1782764160000,75.679,75.699,75.663,75.698,981.71
1782764220000,75.698,75.703,75.671,75.702,1078.59
1782764280000,75.702,75.702,75.611,75.611,1612.76
1782764340000,75.611,75.656,75.611,75.656,1206.21
1782764400000,75.649,75.682,75.631,75.652,3199.34
1782764460000,75.645,75.653,75.546,75.598,1167.22
1782764520000,75.598,75.643,75.571,75.635,1165.08
1782764580000,75.635,75.643,75.564,75.565,1109.31
1782764640000,75.572,75.597,75.552,75.552,1434.44
1782764700000,75.561,75.561,75.552,75.552,1090.52
1782764760000,75.553,75.633,75.534,75.542,1565.61
1782764820000,75.542,75.566,75.485,75.566,1329.09
1782764880000,75.566,75.566,75.473,75.473,1595.41
1782764940000,75.474,75.497,75.472,75.479,1430.95
1782765000000,75.498,75.499,75.441,75.455,1832.47
1782765060000,75.463,75.464,75.435,75.452,1957.35
1782765120000,75.452,75.539,75.451,75.511,1397.31
1782765180000,75.518,75.629,75.511,75.622,1184.04
1782765240000,75.622,75.65,75.622,75.637,956.95
1782765300000,75.637,75.638,75.637,75.638,1090.82
1782765360000,75.637,75.665,75.611,75.612,1254.16
1782765420000,75.612,75.619,75.444,75.46,1349.52
1782765480000,75.469,75.51,75.46,75.462,2268.29
1782765540000,75.461,75.51,75.445,75.502,1097.93
1782765600000,75.502,75.509,75.431,75.455,1513.27
1782765660000,75.455,75.456,75.432,75.435,1050.12
1782765720000,75.435,75.463,75.377,75.416,1556.29
1782765780000,75.422,75.437,75.381,75.389,1016.24
1782765840000,75.39,75.4,75.355,75.392,1764.57
1782765900000,75.399,75.399,75.241,75.242,1813.32
1782765960000,75.241,75.32,75.241,75.302,3885.03
1782766020000,75.302,75.303,75.264,75.265,1440.01
1782766080000,75.265,75.354,75.254,75.353,1205.77
1782766140000,75.346,75.463,75.346,75.456,1711.59
1782766200000,75.462,75.463,75.433,75.454,2266.9
1782766260000,75.454,75.483,75.381,75.388,1205.92
1782766320000,75.388,75.412,75.36,75.372,2105.03
1782766380000,75.365,75.391,75.36,75.39,1843.52
1782766440000,75.39,75.39,75.344,75.353,1301.12
1782766500000,75.352,75.353,75.324,75.332,4828.64
1782766560000,75.325,75.384,75.315,75.335,1179.07
1782766620000,75.335,75.347,75.281,75.347,1533.05
1782766680000,75.349,75.391,75.342,75.391,1085.61
1782766740000,75.384,75.392,75.339,75.339,1227.9
1782766800000,75.338,75.373,75.338,75.352,1035.41
1782766860000,75.352,75.443,75.345,75.442,1724.22
1782766920000,75.442,75.442,75.374,75.375,1069.17
1782766980000,75.375,75.461,75.375,75.409,1208.39
1782767040000,75.402,75.41,75.258,75.278,1293.67
1782767100000,75.285,75.285,75.192,75.241,2417.42
1782767160000,75.235,75.316,75.235,75.278,1110.88
1782767220000,75.278,75.389,75.278,75.388,1363.96
1782767280000,75.388,75.406,75.338,75.364,1067.83
1782767340000,75.365,75.386,75.324,75.347,1151.94
1782767400000,75.348,75.379,75.339,75.378,1127.99
1782767460000,75.378,75.51,75.371,75.474,2045.02
1782767520000,75.467,75.479,75.451,75.471,1112.83
1782767580000,75.509,75.652,75.509,75.545,1565.8
1782767640000,75.545,75.545,75.507,75.515,1137.17
1782767700000,75.508,75.536,75.478,75.53,1445.0
1782767760000,75.522,75.573,75.477,75.478,1307.45
1782767820000,75.485,75.522,75.454,75.516,1129.77
1782767880000,75.522,75.533,75.483,75.483,1192.49
1782767940000,75.489,75.505,75.459,75.495,1039.12
1782768000000,75.488,75.53,75.487,75.527,1023.29
1782768060000,75.53,75.53,75.424,75.449,1232.01
1782768120000,75.456,75.549,75.448,75.52,1179.23
1782768180000,75.526,75.527,75.444,75.444,1688.76
1782768240000,75.445,75.466,75.424,75.425,1545.67
1782768300000,75.432,75.453,75.425,75.445,1068.1
1782768360000,75.445,75.47,75.427,75.428,967.66
1782768420000,75.427,75.456,75.427,75.448,1078.85
1782768480000,75.455,75.455,75.427,75.428,1103.97
1782768540000,75.427,75.456,75.413,75.413,991.94
1782768600000,75.413,75.503,75.411,75.495,2052.97
1782768660000,75.495,75.547,75.495,75.546,1123.45
1782768720000,75.584,75.626,75.564,75.606,1235.1
1782768780000,75.599,75.633,75.598,75.609,1050.2
1782768840000,75.608,75.616,75.555,75.555,1085.34
1782768900000,75.554,75.622,75.554,75.582,1029.88
1782768960000,75.589,75.616,75.581,75.616,1429.55
1782769020000,75.616,75.619,75.571,75.572,1426.17
1782769080000,75.572,75.61,75.572,75.602,1145.03
1782769140000,75.625,75.738,75.618,75.715,1466.9
1782769200000,75.722,75.737,75.691,75.692,1701.84
1782769260000,75.699,75.749,75.681,75.682,1676.94
1782769320000,75.682,75.69,75.5,75.533,1213.37
1782769380000,75.533,75.652,75.533,75.645,1239.5
1782769440000,75.645,75.653,75.593,75.605,1406.14
1782769500000,75.612,75.612,75.574,75.574,1105.69
1782769560000,75.581,75.603,75.574,75.579,1730.44
1782769620000,75.579,75.685,75.578,75.679,1978.87
1782769680000,75.685,75.686,75.635,75.672,1053.45
1782769740000,75.666,75.672,75.607,75.607,1067.03
1782769800000,75.615,75.616,75.568,75.568,977.07
1782769860000,75.568,75.616,75.568,75.6,1009.87
1782769920000,75.599,75.6,75.591,75.592,1109.07
1782769980000,75.599,75.599,75.542,75.58,1231.31
1782770040000,75.586,75.614,75.58,75.606,1002.4
1782770100000,75.606,75.614,75.551,75.552,1084.5
1782770160000,75.558,75.559,75.5,75.508,1306.79
1782770220000,75.5,75.53,75.44,75.448,973.77
1782770280000,75.441,75.495,75.425,75.469,2487.02
1782770340000,75.475,75.483,75.437,75.476,1177.72
1782770400000,75.482,75.514,75.411,75.482,1009.01
1782770460000,75.475,75.482,75.432,75.432,976.2
1782770520000,75.432,75.486,75.431,75.445,2276.16
1782770580000,75.445,75.53,75.412,75.412,1013.56
1782770640000,75.412,75.561,75.411,75.503,1442.57
1782770700000,75.503,75.596,75.441,75.589,1332.48
1782770760000,75.596,75.596,75.438,75.463,1169.06
1782770820000,75.463,75.55,75.456,75.492,1383.1
1782770880000,75.492,75.566,75.482,75.555,3603.38
1782770940000,75.548,75.603,75.547,75.602,1383.71
1782771000000,75.602,75.606,75.571,75.578,1039.96
1782771060000,75.571,75.578,75.527,75.528,1098.33
1782771120000,75.528,75.535,75.446,75.52,1011.0
1782771180000,75.527,75.545,75.495,75.545,1334.08
1782771240000,75.539,75.55,75.494,75.549,977.53
1782771300000,75.549,75.615,75.542,75.611,1105.61
1782771360000,75.618,75.619,75.525,75.525,1266.03
1782771420000,75.525,75.533,75.434,75.442,1450.63
1782771480000,75.442,75.443,75.25,75.262,1777.85
1782771540000,75.285,75.366,75.278,75.358,1286.86
1782771600000,75.358,75.473,75.351,75.473,1152.89
1782771660000,75.466,75.472,75.435,75.436,2343.9
1782771720000,75.412,75.419,75.336,75.342,1032.52
1782771780000,75.342,75.342,75.284,75.295,3051.24
1782771840000,75.302,75.333,75.294,75.325,1048.08
1782771900000,75.325,75.325,75.259,75.265,1027.01
1782771960000,75.265,75.311,75.251,75.298,1794.92
1782772020000,75.305,75.339,75.298,75.335,1451.38
1782772080000,75.335,75.417,75.327,75.391,1037.09
1782772140000,75.391,75.392,75.341,75.342,1023.98
1782772200000,75.348,75.387,75.341,75.361,2241.38
1782772260000,75.367,75.368,75.305,75.305,1461.73
1782772320000,75.312,75.342,75.272,75.331,1063.1
1782772380000,75.339,75.339,75.267,75.275,1100.96
1782772440000,75.275,75.275,75.2,75.206,1907.58
1782772500000,75.212,75.242,75.172,75.196,2094.04
1782772560000,75.202,75.24,75.181,75.184,3517.12
1782772620000,75.191,75.22,75.165,75.212,1069.27
1782772680000,75.212,75.252,75.212,75.246,994.32
1782772740000,75.252,75.253,75.191,75.191,6278.64
1782772800000,75.198,75.239,75.141,75.238,1246.96
1782772860000,75.238,75.243,75.209,75.216,1243.93
1782772920000,75.216,75.275,75.208,75.269,3781.2
1782772980000,75.262,75.3,75.262,75.299,1721.9
1782773040000,75.3,75.31,75.283,75.291,1009.22
1782773100000,75.284,75.308,75.284,75.288,1053.97
1782773160000,75.288,75.295,75.264,75.293,1034.11
1782773220000,75.293,75.293,75.264,75.272,1288.69
1782773280000,75.272,75.272,75.212,75.22,1399.38
1782773340000,75.219,75.259,75.212,75.242,1115.93
1782773400000,75.242,75.242,75.174,75.182,1416.26
1782773460000,75.182,75.222,75.041,75.105,3387.9
1782773520000,75.098,75.207,75.064,75.206,1352.94
1782773580000,75.199,75.249,75.198,75.246,1692.67
1782773640000,75.246,75.44,75.246,75.426,2808.08
1782773700000,75.426,75.45,75.344,75.351,6675.11
1782773760000,75.344,75.345,75.27,75.324,5581.84
1782773820000,75.323,75.324,75.2,75.225,1291.18
1782773880000,75.225,75.278,75.224,75.272,1149.81
1782773940000,75.278,75.278,75.244,75.252,1097.02
1782774000000,75.252,75.295,75.244,75.265,1176.79
1782774060000,75.245,75.308,75.226,75.301,1077.8
1782774120000,75.301,75.328,75.264,75.308,5073.54
1782774180000,75.308,75.329,75.3,75.329,1199.44
1782774240000,75.329,75.33,75.301,75.301,1133.13
1782774300000,75.301,75.302,75.301,75.301,926.13
1782774360000,75.302,75.302,75.244,75.258,1267.14
1782774420000,75.265,75.332,75.258,75.325,988.93
1782774480000,75.332,75.369,75.308,75.362,2515.18
1782774540000,75.362,75.399,75.339,75.392,1093.27
1782774600000,75.392,75.392,75.274,75.275,1289.33
1782774660000,75.275,75.336,75.275,75.329,1190.53
1782774720000,75.335,75.352,75.307,75.346,2401.56
1782774780000,75.339,75.377,75.317,75.326,958.44
1782774840000,75.332,75.363,75.326,75.332,1506.51
1782774900000,75.339,75.356,75.309,75.315,1049.64
1782774960000,75.309,75.356,75.309,75.339,1176.48
1782775020000,75.339,75.339,75.261,75.261,1038.27
1782775080000,75.268,75.311,75.258,75.311,1489.25
1782775140000,75.304,75.312,75.271,75.272,1236.01
1782775200000,75.272,75.278,75.154,75.222,1651.17
1782775260000,75.228,75.229,75.142,75.149,1966.29
1782775320000,75.149,75.158,75.128,75.151,1249.53
1782775380000,75.136,75.143,75.047,75.072,1343.93
1782775440000,75.065,75.181,75.064,75.181,1154.08
1782775500000,75.182,75.182,75.152,75.175,1091.04
1782775560000,75.175,75.2,75.175,75.192,1078.8
1782775620000,75.199,75.25,75.192,75.218,3075.67
1782775680000,75.218,75.246,75.194,75.195,1062.81
1782775740000,75.194,75.201,75.171,75.178,973.21
1782775800000,75.17,75.178,74.86,74.962,3777.17
1782775860000,74.968,74.991,74.913,74.978,1494.03
1782775920000,74.978,75.0,74.955,74.998,1564.24
1782775980000,74.975,75.028,74.974,75.022,1192.47
1782776040000,75.022,75.043,74.964,74.965,1212.97
1782776100000,74.965,74.982,74.957,74.974,1302.96
1782776160000,74.981,75.026,74.958,75.009,2132.45
1782776220000,75.002,75.052,75.001,75.052,1084.11
1782776280000,75.045,75.052,75.008,75.033,1244.38
1782776340000,75.026,75.034,74.996,74.996,1620.95
1782776400000,75.002,75.002,74.938,74.938,1122.01
1782776460000,74.945,75.003,74.938,74.996,1302.49
1782776520000,74.996,75.003,74.995,74.995,1003.09
1782776580000,74.996,75.032,74.994,75.002,1496.33
1782776640000,75.002,75.008,74.965,74.995,1040.2
1782776700000,75.002,75.074,74.995,75.066,1986.84
1782776760000,75.066,75.104,75.066,75.075,1243.82
1782776820000,75.075,75.082,75.035,75.042,1375.68
1782776880000,75.069,75.224,75.049,75.181,1393.99
1782776940000,75.174,75.181,75.038,75.146,1111.28
1782777000000,75.146,75.194,75.095,75.102,923.63
1782777060000,75.095,75.102,75.039,75.039,978.85
1782777120000,75.039,75.095,75.001,75.072,1095.09
1782777180000,75.072,75.078,75.001,75.005,1060.0
1782777240000,75.001,75.028,75.0,75.028,960.02
1782777300000,75.023,75.032,75.001,75.025,1036.98
1782777360000,75.025,75.033,74.989,75.008,1177.46
1782777420000,75.015,75.059,75.008,75.022,1278.25
1782777480000,75.039,75.063,75.022,75.023,1246.38
1782777540000,75.022,75.153,75.022,75.122,1848.8
1782777600000,75.129,75.129,75.045,75.128,1334.97
1782777660000,75.128,75.217,75.081,75.217,1286.09
1782777720000,75.16,75.219,75.074,75.074,1511.35
1782777780000,75.082,75.129,75.075,75.091,1016.14
1782777840000,75.098,75.175,75.07,75.151,996.33
1782777900000,75.151,75.151,75.072,75.129,1024.6
1782777960000,75.135,75.136,75.039,75.039,1147.36
1782778020000,75.042,75.069,74.971,75.025,4565.38
1782778080000,75.049,75.05,74.974,74.975,1334.07
1782778140000,74.982,74.983,74.947,74.947,1032.87
1782778200000,74.938,74.963,74.885,74.955,1464.2
1782778260000,74.962,75.068,74.934,75.032,1101.22
1782778320000,75.025,75.062,75.018,75.025,992.09
1782778380000,75.025,75.025,74.962,74.998,973.5
1782778440000,74.992,74.999,74.941,74.965,1207.35
1782778500000,74.972,75.042,74.908,75.042,1105.74
1782778560000,75.012,75.023,74.981,75.015,1089.96
1782778620000,75.023,75.023,74.951,74.952,1146.22
1782778680000,74.958,74.989,74.915,74.939,1232.14
1782778740000,74.932,74.939,74.844,74.844,1128.67
1782778800000,74.851,74.862,74.788,74.812,2032.55
1782778860000,74.818,74.819,74.774,74.811,1311.42
1782778920000,74.831,74.838,74.774,74.774,1155.57
1782778980000,74.775,74.798,74.767,74.778,1449.74
1782779040000,74.771,74.811,74.766,74.811,1308.8
1782779100000,74.811,74.83,74.761,74.829,1124.44
1782779160000,74.822,74.83,74.786,74.819,1055.69
1782779220000,74.818,74.819,74.761,74.762,1496.41
1782779280000,74.77,74.77,74.605,74.61,3944.02
1782779340000,74.611,74.644,74.58,74.595,2730.02
1782779400000,74.596,74.596,74.465,74.48,4610.78
1782779460000,74.48,74.488,74.388,74.395,2194.94
1782779520000,74.384,74.597,74.267,74.559,3183.82
1782779580000,74.559,74.613,74.501,74.517,1330.72
1782779640000,74.524,74.542,74.418,74.472,3061.84
1782779700000,74.472,74.496,74.415,74.435,2057.09
1782779760000,74.436,74.443,74.26,74.291,1409.11
1782779820000,74.291,74.298,74.227,74.275,1591.49
1782779880000,74.275,74.322,74.226,74.322,1163.26
1782779940000,74.322,74.322,74.224,74.262,1606.07
1782780000000,74.255,74.314,74.2,74.2,1761.49
1782780060000,74.201,74.24,74.161,74.233,5695.34
1782780120000,74.232,74.233,74.193,74.206,1375.88
1782780180000,74.213,74.303,74.207,74.286,1243.1
1782780240000,74.287,74.357,74.28,74.356,1227.15
1782780300000,74.356,74.413,74.333,74.352,1699.16
1782780360000,74.348,74.482,74.348,74.458,1782.94
1782780420000,74.433,74.44,74.301,74.349,1915.56
1782780480000,74.349,74.42,74.342,74.393,4322.66
1782780540000,74.393,74.56,74.392,74.558,9490.22
1782780600000,74.552,74.617,74.277,74.336,4025.8
1782780660000,74.302,74.436,74.302,74.42,1460.71
1782780720000,74.453,74.496,74.427,74.482,1399.94
1782780780000,74.489,74.496,74.452,74.476,1191.18
1782780840000,74.469,74.48,74.408,74.445,1701.95
1782780900000,74.445,74.445,74.395,74.405,1076.49
1782780960000,74.405,74.462,74.389,74.389,1238.92
1782781020000,74.396,74.449,74.362,74.416,1149.2
1782781080000,74.409,74.419,74.391,74.413,1243.87
1782781140000,74.413,74.419,74.365,74.365,1250.71
1782781200000,74.404,74.442,74.338,74.352,1505.96
1782781260000,74.352,74.362,74.288,74.338,1293.09
1782781320000,74.331,74.347,74.225,74.295,1140.18
1782781380000,74.289,74.296,74.203,74.262,1120.34
1782781440000,74.262,74.352,74.215,74.319,1776.96
1782781500000,74.319,74.325,74.261,74.262,1379.25
1782781560000,74.262,74.306,74.246,74.283,1995.79
1782781620000,74.28,74.299,74.225,74.269,1343.29
1782781680000,74.275,74.279,74.155,74.239,2544.53
1782781740000,74.239,74.246,74.122,74.129,2387.58
1782781800000,74.128,74.153,74.12,74.152,1377.43
1782781860000,74.153,74.162,74.021,74.051,4821.31
1782781920000,74.051,74.157,74.051,74.108,2628.37
1782781980000,74.115,74.115,74.038,74.067,1565.53
1782782040000,74.092,74.204,74.086,74.195,1788.55
1782782100000,74.196,74.236,74.164,74.226,1574.23
1782782160000,74.219,74.261,74.202,74.212,1181.19
1782782220000,74.22,74.286,74.212,74.262,1092.16
1782782280000,74.262,74.341,74.198,74.34,1012.91
1782782340000,74.34,74.384,74.331,74.355,2043.66
1782782400000,74.355,74.383,74.351,74.379,1127.17
1782782460000,74.371,74.379,74.221,74.263,1601.34
1782782520000,74.263,74.312,74.227,74.305,1115.59
1782782580000,74.312,74.329,74.269,74.288,1132.52
1782782640000,74.288,74.336,74.272,74.279,1072.21
1782782700000,74.272,74.424,74.239,74.424,1189.72
1782782760000,74.425,74.615,74.425,74.609,2859.14
1782782820000,74.615,74.618,74.571,74.609,1879.81
1782782880000,74.602,74.633,74.544,74.617,3400.09
1782782940000,74.616,74.636,74.6,74.619,4613.34
1782783000000,74.619,74.619,74.579,74.599,11998.13
1782783060000,74.606,74.607,74.578,74.579,997.83
1782783120000,74.586,74.625,74.578,74.6,1136.59
1782783180000,74.613,74.613,74.549,74.566,1152.43
1782783240000,74.572,74.573,74.528,74.529,1637.41
1782783300000,74.536,74.536,74.472,74.478,2407.4
1782783360000,74.478,74.484,74.458,74.467,1350.41
1782783420000,74.459,74.485,74.356,74.363,1396.35
1782783480000,74.356,74.363,74.302,74.303,1240.43
1782783540000,74.309,74.346,74.303,74.345,1290.76
1782783600000,74.345,74.363,74.224,74.227,5099.81
1782783660000,74.224,74.23,74.169,74.215,1689.27
1782783720000,74.215,74.278,74.203,74.272,1775.48
1782783780000,74.278,74.278,74.256,74.262,1163.35
1782783840000,74.256,74.284,74.256,74.266,1143.14
1782783900000,74.259,74.303,74.257,74.296,1788.09
1782783960000,74.296,74.303,74.274,74.275,1080.89
1782784020000,74.283,74.283,74.233,74.258,1291.33
1782784080000,74.258,74.337,74.252,74.329,1143.15
1782784140000,74.336,74.39,74.328,74.389,1952.29
1782784200000,74.383,74.389,74.336,74.368,1379.08
1782784260000,74.368,74.376,74.319,74.327,1253.37
1782784320000,74.328,74.358,74.288,74.289,1071.94
1782784380000,74.289,74.316,74.288,74.316,1138.22
1782784440000,74.315,74.343,74.307,74.341,1311.82
1782784500000,74.315,74.323,74.315,74.316,985.2
1782784560000,74.316,74.383,74.316,74.382,1110.82
1782784620000,74.382,74.383,74.374,74.382,1123.21
1782784680000,74.382,74.399,74.374,74.399,989.71
1782784740000,74.399,74.403,74.381,74.381,1365.12
1782784800000,74.388,74.389,74.34,74.348,1117.89
1782784860000,74.341,74.348,74.258,74.259,1006.65
1782784920000,74.259,74.285,74.235,74.243,1182.23
1782784980000,74.236,74.243,74.203,74.204,1153.29
1782785040000,74.203,74.22,74.191,74.198,1315.67
1782785100000,74.198,74.249,74.191,74.239,1011.99
1782785160000,74.246,74.247,74.216,74.216,1022.55
1782785220000,74.223,74.247,74.215,74.216,1406.82
1782785280000,74.216,74.224,74.199,74.199,998.88
1782785340000,74.2,74.228,74.196,74.222,977.0
1782785400000,74.215,74.223,74.175,74.183,1059.05
1782785460000,74.183,74.183,74.062,74.102,10441.14
1782785520000,74.109,74.135,74.066,74.066,1624.07
1782785580000,74.072,74.086,74.028,74.031,1778.33
1782785640000,74.031,74.076,74.002,74.073,3929.8
1782785700000,74.073,74.09,74.052,74.072,2999.41
1782785760000,74.08,74.082,74.056,74.066,5075.95
1782785820000,74.073,74.074,74.038,74.073,1430.22
1782785880000,74.073,74.086,74.059,74.085,1322.5
1782785940000,74.085,74.105,74.079,74.099,2150.71
1782786000000,74.106,74.143,74.098,74.119,2012.56
1782786060000,74.119,74.147,74.118,74.146,1173.28
1782786120000,74.146,74.22,74.138,74.212,1224.69
1782786180000,74.212,74.265,74.211,74.264,4701.84
1782786240000,74.257,74.264,74.238,74.239,1346.36
1782786300000,74.245,74.303,74.239,74.28,2322.57
1782786360000,74.286,74.287,74.278,74.285,1480.44
1782786420000,74.285,74.302,74.279,74.302,1170.82
1782786480000,74.302,74.309,74.284,74.306,1294.55
1782786540000,74.306,74.32,74.298,74.319,1698.11
1782786600000,74.312,74.32,74.291,74.299,2036.3
1782786660000,74.292,74.317,74.291,74.316,1301.54
1782786720000,74.316,74.317,74.248,74.269,1932.68
1782786780000,74.275,74.276,74.228,74.229,1084.68
1782786840000,74.229,74.235,74.178,74.215,1457.62
1782786900000,74.215,74.246,74.208,74.222,1874.77
1782786960000,74.229,74.295,74.223,74.273,1002.08
1782787020000,74.266,74.3,74.266,74.292,1012.78
1782787080000,74.299,74.363,74.292,74.362,1478.48
1782787140000,74.363,74.463,74.362,74.455,3808.81
1782787200000,74.448,74.474,74.448,74.466,1332.32
1782787260000,74.47,74.497,74.458,74.466,1203.79
1782787320000,74.459,74.467,74.458,74.466,1746.76
1782787380000,74.466,74.487,74.455,74.473,1617.7
1782787440000,74.48,74.518,74.473,74.518,1148.85
1782787500000,74.52,74.583,74.52,74.582,1467.19
1782787560000,74.582,74.642,74.575,74.633,1174.01
1782787620000,74.633,74.69,74.632,74.686,4265.73
1782787680000,74.686,74.725,74.651,74.686,19923.98
1782787740000,74.686,74.725,74.685,74.722,1855.68
1782787800000,74.724,74.783,74.721,74.741,5218.49
1782787860000,74.744,74.779,74.735,74.746,3721.12
1782787920000,74.745,74.746,74.712,74.713,1622.09
1782787980000,74.713,74.719,74.695,74.706,1290.49
1782788040000,74.707,74.707,74.648,74.688,2484.44
1782788100000,74.688,74.697,74.673,74.673,1645.37
1782788160000,74.673,74.68,74.632,74.632,1189.93
1782788220000,74.639,74.64,74.611,74.618,1067.99
1782788280000,74.612,74.631,74.578,74.578,2123.24
1782788340000,74.586,74.586,74.524,74.555,1436.98
1782788400000,74.555,74.582,74.538,74.579,2009.71
1782788460000,74.579,74.615,74.556,74.564,1068.81
1782788520000,74.562,74.624,74.562,74.616,1175.24
1782788580000,74.616,74.651,74.597,74.6,1523.41
1782788640000,74.615,74.646,74.605,74.611,1047.79
1782788700000,74.611,74.612,74.604,74.605,1009.22
1782788760000,74.605,74.699,74.605,74.696,1096.01
1782788820000,74.691,74.717,74.673,74.68,1004.46
1782788880000,74.673,74.681,74.562,74.563,1133.13
1782788940000,74.589,74.672,74.582,74.665,1078.65
1782789000000,74.665,74.671,74.638,74.645,1118.04
1782789060000,74.645,74.663,74.638,74.663,1166.01
1782789120000,74.664,74.664,74.655,74.656,1016.19
1782789180000,74.663,74.693,74.638,74.692,1057.4
1782789240000,74.692,74.719,74.631,74.639,1068.95
1782789300000,74.639,74.668,74.632,74.665,1117.24
1782789360000,74.659,74.719,74.642,74.719,1046.42
1782789420000,74.719,74.762,74.719,74.746,5189.0
1782789480000,74.739,74.763,74.738,74.756,1531.03
1782789540000,74.755,74.846,74.755,74.823,2623.91
1782789600000,74.817,74.843,74.806,74.813,1345.57
1782789660000,74.813,74.826,74.785,74.825,1025.24
1782789720000,74.803,74.806,74.762,74.77,1034.47
1782789780000,74.77,74.77,74.708,74.715,1676.52
1782789840000,74.708,74.715,74.528,74.528,1683.55
1782789900000,74.529,74.543,74.495,74.519,3547.33
1782789960000,74.526,74.566,74.519,74.536,1321.83
1782790020000,74.543,74.546,74.527,74.527,1295.55
1782790080000,74.528,74.556,74.527,74.549,2424.48
1782790140000,74.549,74.586,74.53,74.579,1042.35
1782790200000,74.579,74.612,74.537,74.553,2037.64
1782790260000,74.553,74.56,74.508,74.516,1246.36
1782790320000,74.516,74.538,74.5,74.516,1347.9
1782790380000,74.516,74.516,74.335,74.336,3444.88
1782790440000,74.343,74.353,74.302,74.346,2023.45
1782790500000,74.346,74.362,74.335,74.335,1356.63
1782790560000,74.336,74.397,74.335,74.389,1322.6
1782790620000,74.39,74.41,74.381,74.409,1149.99
1782790680000,74.409,74.466,74.378,74.465,864.97
1782790740000,74.465,74.466,74.456,74.462,1084.68
1782790800000,74.462,74.47,74.435,74.469,1571.9
1782790860000,74.469,74.469,74.406,74.406,1066.23
1782790920000,74.413,74.429,74.406,74.406,1021.25
1782790980000,74.406,74.414,74.378,74.379,1523.11
1782791040000,74.386,74.421,74.378,74.42,2048.43
1782791100000,74.413,74.428,74.395,74.403,4309.38
1782791160000,74.403,74.403,74.319,74.319,2543.52
1782791220000,74.327,74.343,74.318,74.319,1485.34
1782791280000,74.319,74.347,74.303,74.305,1783.26
1782791340000,74.305,74.313,74.304,74.312,1037.35
1782791400000,74.305,74.356,74.305,74.348,1031.19
1782791460000,74.353,74.354,74.346,74.353,1182.14
1782791520000,74.353,74.353,74.315,74.324,1093.02
1782791580000,74.323,74.323,74.172,74.183,5560.74
1782791640000,74.19,74.19,74.148,74.169,1308.2
1782791700000,74.176,74.177,74.101,74.133,1159.97
1782791760000,74.126,74.203,74.126,74.179,1229.09
1782791820000,74.179,74.186,74.145,74.153,2034.4
1782791880000,74.179,74.197,74.156,74.193,2408.52
1782791940000,74.186,74.195,74.149,74.149,1643.6
1782792000000,74.149,74.179,74.119,74.167,1264.61
1782792060000,74.166,74.216,74.139,74.215,1045.21
1782792120000,74.208,74.215,74.159,74.179,2348.54
1782792180000,74.179,74.189,74.098,74.102,1533.7
1782792240000,74.102,74.129,74.066,74.069,1279.09
1782792300000,74.069,74.07,73.962,74.062,6398.36
1782792360000,74.061,74.089,74.041,74.041,1643.41
1782792420000,74.041,74.055,74.011,74.038,2752.59
1782792480000,74.04,74.047,73.884,73.962,6852.93
1782792540000,73.962,73.963,73.888,73.889,1798.57
1782792600000,73.889,73.896,73.748,73.806,9377.47
1782792660000,73.799,73.869,73.799,73.859,5633.85
1782792720000,73.866,74.087,73.859,74.015,1986.78
1782792780000,74.088,74.156,74.069,74.08,4156.86
1782792840000,74.079,74.124,74.053,74.093,1557.57
1782792900000,74.094,74.158,74.082,74.084,11292.91
1782792960000,74.084,74.091,73.809,73.809,1392.15
1782793020000,73.817,73.834,73.75,73.793,4450.17
1782793080000,73.793,73.811,73.72,73.739,4460.7
1782793140000,73.739,73.746,73.686,73.717,4067.46
1782793200000,73.718,73.718,73.662,73.717,6141.81
1782793260000,73.687,73.832,73.668,73.801,2041.0
1782793320000,73.798,73.845,73.759,73.823,1635.47
1782793380000,73.83,73.921,73.803,73.909,8513.82
1782793440000,73.882,73.886,73.669,73.712,1194.08
1782793500000,73.706,73.843,73.706,73.842,7121.82
1782793560000,73.836,73.874,73.836,73.846,1233.58
1782793620000,73.853,73.874,73.846,73.853,1153.02
1782793680000,73.853,73.9,73.853,73.9,1828.21
1782793740000,73.9,73.938,73.898,73.913,2027.6
1782793800000,73.906,73.996,73.905,73.996,1649.15
1782793860000,73.996,74.0,73.946,74.0,2514.92
1782793920000,73.996,74.021,73.991,73.999,4909.4
1782793980000,73.999,74.023,73.991,74.022,1452.34
1782794040000,74.015,74.023,74.015,74.022,1323.29
1782794100000,74.015,74.084,74.015,74.083,1939.7
1782794160000,74.083,74.134,74.072,74.089,951.33
1782794220000,74.089,74.09,74.017,74.035,8699.33
1782794280000,74.042,74.082,74.035,74.056,1215.42
1782794340000,74.055,74.064,74.055,74.063,857.15
1782794400000,74.056,74.056,73.982,74.013,1582.92
1782794460000,74.02,74.023,73.979,73.98,2354.77
1782794520000,73.979,73.979,73.943,73.972,1530.81
1782794580000,73.965,73.973,73.942,73.946,1391.1
1782794640000,73.946,74.04,73.945,74.033,1030.84
1782794700000,74.033,74.041,73.999,74.032,1471.34
1782794760000,74.039,74.057,74.0,74.006,1362.54
1782794820000,74.006,74.007,73.94,73.98,2267.5
1782794880000,73.98,74.006,73.956,74.002,1077.34
1782794940000,73.995,74.029,73.994,74.028,1255.73
1782795000000,74.021,74.028,73.99,74.013,1335.91
1782795060000,74.006,74.04,74.005,74.01,1064.07
1782795120000,74.01,74.034,74.01,74.026,963.96
1782795180000,74.026,74.045,74.025,74.026,1063.5
1782795240000,74.016,74.027,73.973,73.973,1127.31
1782795300000,73.973,73.979,73.942,73.95,975.64
1782795360000,73.944,73.993,73.944,73.992,3061.6
1782795420000,73.985,74.029,73.985,74.013,2296.96
1782795480000,74.012,74.012,73.988,73.996,1136.68
1782795540000,74.012,74.033,73.996,73.996,1065.91
1782795600000,74.002,74.073,73.995,74.065,1118.97
1782795660000,74.072,74.125,74.065,74.105,10264.09
1782795720000,74.113,74.113,74.087,74.112,1304.8
1782795780000,74.112,74.131,74.063,74.085,986.76
1782795840000,74.085,74.092,74.005,74.033,1498.93
1782795900000,74.033,74.072,74.0,74.025,1115.05
1782795960000,74.032,74.033,74.009,74.025,1004.12
1782796020000,74.025,74.052,74.0,74.052,956.33
1782796080000,74.053,74.068,74.021,74.043,1222.46
1782796140000,74.053,74.07,74.045,74.069,999.82
1782796200000,74.069,74.07,74.0,74.003,1059.26
1782796260000,74.001,74.003,73.944,73.95,7830.77
1782796320000,73.944,73.97,73.922,73.929,1659.56
1782796380000,73.929,73.965,73.922,73.965,1206.95
1782796440000,73.958,74.0,73.958,73.998,1026.48
1782796500000,73.998,74.0,73.891,73.899,1389.57
1782796560000,73.892,73.903,73.891,73.896,1253.95
1782796620000,73.902,73.902,73.851,73.859,1501.03
1782796680000,73.852,73.866,73.834,73.858,1170.96
1782796740000,73.858,73.866,73.84,73.848,1123.76
1782796800000,73.848,73.919,73.821,73.902,5856.49
1782796860000,73.902,73.929,73.895,73.928,6441.57
1782796920000,73.928,73.95,73.92,73.943,1104.92
1782796980000,73.949,73.979,73.943,73.96,10357.14
1782797040000,73.961,74.05,73.942,74.05,1400.94
1782797100000,74.049,74.056,73.981,73.981,3858.89
1782797160000,73.989,73.989,73.901,73.901,1112.99
1782797220000,73.908,73.908,73.869,73.892,1101.29
1782797280000,73.892,73.953,73.892,73.932,1306.17
1782797340000,73.932,73.966,73.925,73.936,1045.68
1782797400000,73.936,73.944,73.874,73.928,2201.06
1782797460000,73.935,73.976,73.908,73.915,1241.37
1782797520000,73.907,73.932,73.9,73.905,1096.55
1782797580000,73.905,73.925,73.885,73.886,6363.48
1782797640000,73.886,73.893,73.847,73.871,2929.06
1782797700000,73.878,73.879,73.815,73.816,2362.75
1782797760000,73.823,73.874,73.816,73.866,1127.91
1782797820000,73.873,73.896,73.866,73.895,958.48
1782797880000,73.895,74.007,73.888,74.007,1218.96
1782797940000,74.013,74.026,73.958,74.026,4189.07
1782798000000,74.018,74.12,74.001,74.119,11532.84
1782798060000,74.119,74.16,74.089,74.129,2854.22
1782798120000,74.129,74.129,74.092,74.095,1639.98
1782798180000,74.102,74.136,74.082,74.082,1303.04
1782798240000,74.082,74.116,74.071,74.072,1255.59
1782798300000,74.079,74.126,74.071,74.096,1193.72
1782798360000,74.102,74.124,74.095,74.116,1042.76
1782798420000,74.116,74.124,74.075,74.092,900.07
1782798480000,74.099,74.137,74.092,74.129,1290.36
1782798540000,74.129,74.137,74.105,74.126,1351.03
1782798600000,74.126,74.157,74.089,74.089,1528.64
1782798660000,74.093,74.094,74.088,74.089,1065.15
1782798720000,74.088,74.109,74.088,74.108,1196.9
1782798780000,74.108,74.109,74.1,74.108,1057.85
1782798840000,74.108,74.13,74.082,74.122,1124.39
1782798900000,74.122,74.173,74.106,74.141,1342.46
1782798960000,74.14,74.161,74.133,74.146,3664.01
1782799020000,74.152,74.153,74.118,74.149,1290.09
1782799080000,74.149,74.173,74.143,74.166,1506.15
1782799140000,74.166,74.229,74.165,74.185,5588.04
1782799200000,74.178,74.219,74.177,74.186,2210.38
1782799260000,74.179,74.179,74.123,74.123,1208.63
1782799320000,74.129,74.129,74.098,74.103,1303.18
1782799380000,74.103,74.126,74.095,74.103,1289.2
1782799440000,74.11,74.111,74.082,74.086,1140.59
1782799500000,74.092,74.093,74.068,74.075,1599.71
1782799560000,74.076,74.076,74.047,74.055,1396.57
1782799620000,74.048,74.056,74.047,74.054,909.52
1782799680000,74.054,74.058,74.031,74.051,1305.81
1782799740000,74.051,74.058,74.005,74.012,1028.91
1782799800000,74.005,74.013,73.968,73.988,1403.47
1782799860000,73.988,74.011,73.981,74.011,1246.42
1782799920000,74.002,74.01,73.964,73.965,1478.5
1782799980000,73.964,74.03,73.964,74.012,1057.26
1782800040000,74.005,74.013,74.004,74.005,1174.21
1782800100000,74.012,74.029,73.981,73.982,961.77
1782800160000,73.989,73.99,73.941,73.949,2626.38
1782800220000,73.942,73.97,73.941,73.963,1371.51
1782800280000,73.963,73.97,73.922,73.929,991.1
1782800340000,73.921,73.929,73.9,73.919,1061.81
1782800400000,73.918,73.926,73.861,73.89,2591.5
1782800460000,73.896,73.964,73.879,73.949,4642.73
1782800520000,73.955,73.992,73.932,73.985,1713.19
1782800580000,73.979,74.057,73.978,74.049,1364.94
1782800640000,74.056,74.057,74.017,74.039,1309.34
1782800700000,74.039,74.046,73.967,73.989,1378.48
1782800760000,73.989,73.998,73.986,73.986,1826.83
1782800820000,73.993,74.136,73.985,74.129,3718.3
1782800880000,74.135,74.194,74.128,74.186,3426.48
1782800940000,74.194,74.215,74.178,74.2,2109.38
1782801000000,74.201,74.223,74.109,74.126,2378.33
1782801060000,74.126,74.133,74.086,74.113,1249.55
1782801120000,74.12,74.171,74.112,74.163,1237.5
1782801180000,74.163,74.17,74.056,74.057,1172.01
1782801240000,74.057,74.057,74.008,74.013,1682.24
1782801300000,74.019,74.02,73.989,74.02,2371.58
1782801360000,74.013,74.156,74.013,74.149,1095.94
1782801420000,74.148,74.157,74.072,74.072,1573.59
1782801480000,74.073,74.099,74.072,74.093,1332.34
1782801540000,74.085,74.116,74.085,74.09,1092.77
1782801600000,74.097,74.098,74.072,74.073,1317.9
1782801660000,74.08,74.086,74.038,74.085,1030.27
1782801720000,74.079,74.086,74.047,74.07,1143.88
1782801780000,74.07,74.1,74.063,74.093,1137.57
1782801840000,74.093,74.101,74.052,74.062,970.36
1782801900000,74.062,74.062,74.025,74.059,1155.91
1782801960000,74.059,74.059,74.029,74.046,1039.2
1782802020000,74.046,74.136,74.046,74.128,1178.55
1782802080000,74.128,74.154,74.127,74.154,1049.75
1782802140000,74.147,74.177,74.146,74.15,2650.66
1782802200000,74.156,74.156,74.112,74.113,1022.83
1782802260000,74.12,74.121,74.112,74.113,1059.94
1782802320000,74.133,74.144,74.086,74.093,1087.01
1782802380000,74.085,74.097,74.085,74.096,1787.24
1782802440000,74.096,74.097,74.072,74.08,1112.94
1782802500000,74.073,74.099,74.072,74.099,1019.84
1782802560000,74.093,74.122,74.092,74.096,1036.2
1782802620000,74.103,74.172,74.085,74.116,1027.81
1782802680000,74.109,74.117,74.069,74.069,1084.42
1782802740000,74.069,74.123,74.068,74.123,1046.84
1782802800000,74.123,74.123,74.082,74.083,1199.95
1782802860000,74.083,74.183,74.072,74.183,3126.79
1782802920000,74.175,74.199,74.143,74.159,1096.06
1782802980000,74.157,74.197,74.157,74.19,1005.96
1782803040000,74.197,74.197,74.109,74.109,1369.26
1782803100000,74.109,74.116,74.043,74.05,997.62
1782803160000,74.043,74.07,74.041,74.063,3055.14
1782803220000,74.069,74.069,74.016,74.016,1009.41
1782803280000,74.016,74.023,73.91,73.916,4180.72
1782803340000,73.916,73.918,73.873,73.909,4103.89
1782803400000,73.909,73.916,73.839,73.863,1337.45
1782803460000,73.863,73.863,73.805,73.839,2984.54
1782803520000,73.838,73.877,73.811,73.846,1556.96
1782803580000,73.839,73.911,73.839,73.9,2694.45
1782803640000,73.9,73.93,73.882,73.923,3701.64
1782803700000,73.922,73.98,73.922,73.979,2786.82
1782803760000,73.979,74.003,73.972,73.973,3079.44
1782803820000,73.973,73.995,73.959,73.959,1095.13
1782803880000,73.966,73.966,73.9,73.901,1028.35
1782803940000,73.901,73.91,73.879,73.893,1155.47
1782804000000,73.887,73.894,73.852,73.89,1382.22
1782804060000,73.89,73.89,73.872,73.89,1039.69
1782804120000,73.89,73.89,73.873,73.88,902.77
1782804180000,73.881,73.897,73.88,73.889,1185.54
1782804240000,73.896,73.917,73.888,73.91,1100.69
1782804300000,73.91,73.957,73.91,73.956,3732.16
1782804360000,73.956,73.973,73.95,73.953,1149.96
1782804420000,73.953,73.96,73.85,73.889,2249.35
1782804480000,73.882,73.92,73.881,73.919,1015.31
1782804540000,73.912,73.92,73.878,73.886,958.12
1782804600000,73.879,73.963,73.879,73.962,1143.52
1782804660000,73.955,73.962,73.928,73.936,1133.67
1782804720000,73.929,73.937,73.892,73.919,1041.25
1782804780000,73.919,73.919,73.911,73.912,998.54
1782804840000,73.912,73.963,73.912,73.962,1042.31
1782804900000,73.962,74.019,73.956,74.018,1103.6
1782804960000,74.018,74.019,73.973,73.979,1899.03
1782805020000,73.979,73.999,73.972,73.999,1152.05
1782805080000,73.999,74.033,73.992,74.016,1041.79
1782805140000,74.016,74.036,73.991,73.999,1021.62
1782805200000,73.992,74.036,73.992,74.009,1347.23
1782805260000,74.015,74.016,74.008,74.015,1029.93
1782805320000,74.015,74.043,74.009,74.036,971.46
1782805380000,74.042,74.043,74.035,74.036,1100.78
1782805440000,74.042,74.043,74.005,74.012,1383.78
1782805500000,74.012,74.013,73.973,73.982,1035.82
1782805560000,73.982,74.01,73.981,74.009,1344.31
1782805620000,74.009,74.123,74.002,74.122,2111.42
1782805680000,74.122,74.146,74.115,74.122,1443.23
1782805740000,74.122,74.145,74.121,74.122,1249.33
1782805800000,74.122,74.129,74.031,74.031,1666.77
1782805860000,74.038,74.076,74.031,74.068,1129.78
1782805920000,74.068,74.079,74.019,74.049,1167.86
1782805980000,74.042,74.073,74.042,74.073,1109.53
1782806040000,74.046,74.095,74.041,74.075,1132.16
1782806100000,74.068,74.124,74.067,74.123,1644.71
1782806160000,74.123,74.139,74.115,74.116,3805.6
1782806220000,74.123,74.146,74.115,74.138,1179.07
1782806280000,74.138,74.167,74.138,74.166,1844.87
1782806340000,74.166,74.166,74.125,74.127,1032.07
1782806400000,74.133,74.134,74.069,74.103,1404.35
1782806460000,74.111,74.111,74.08,74.08,1137.29
1782806520000,74.088,74.103,74.055,74.062,1401.01
1782806580000,74.062,74.063,74.048,74.056,1658.26
1782806640000,74.056,74.093,74.025,74.085,1633.66
1782806700000,74.085,74.17,74.084,74.162,1058.85
1782806760000,74.17,74.17,74.085,74.092,1294.05
1782806820000,74.086,74.109,74.056,74.108,1123.91
1782806880000,74.108,74.108,74.082,74.105,903.98
1782806940000,74.098,74.105,73.942,73.955,2795.1
1782807000000,73.955,74.02,73.932,74.02,988.88
1782807060000,74.013,74.023,73.989,74.023,1181.82
1782807120000,74.022,74.083,74.021,74.022,1052.67
1782807180000,74.029,74.03,73.922,73.923,1064.38
1782807240000,73.929,73.929,73.868,73.876,1725.56
1782807300000,73.869,73.877,73.825,73.839,1570.49
1782807360000,73.839,73.909,73.808,73.906,2503.08
1782807420000,73.899,73.911,73.862,73.874,6876.44
1782807480000,73.881,73.909,73.87,73.87,1103.46
1782807540000,73.877,73.91,73.859,73.91,1332.17
1782807600000,73.909,73.946,73.902,73.945,1116.73
1782807660000,73.937,73.946,73.919,73.945,1032.85
1782807720000,73.945,73.946,73.919,73.919,1392.72
1782807780000,73.926,73.962,73.919,73.962,1346.78
1782807840000,73.956,73.979,73.956,73.965,1319.71
1782807900000,73.972,74.0,73.964,73.968,1445.28
1782807960000,73.975,73.976,73.955,73.956,1513.91
1782808020000,73.962,73.963,73.935,73.956,1099.53
1782808080000,73.956,73.973,73.948,73.965,1050.27
1782808140000,73.965,73.973,73.946,73.966,1433.16
1782808200000,73.972,74.009,73.966,74.009,1124.22
1782808260000,74.01,74.01,73.917,73.925,972.12
1782808320000,73.925,73.925,73.9,73.901,1145.77
1782808380000,73.906,73.906,73.851,73.859,1428.61
1782808440000,73.86,73.86,73.829,73.845,1463.91
1782808500000,73.845,73.853,73.652,73.684,15739.01
1782808560000,73.677,73.685,73.369,73.406,16315.2
1782808620000,73.398,73.54,73.398,73.483,2544.1
1782808680000,73.483,73.532,73.445,73.532,2395.63
1782808740000,73.532,73.533,73.421,73.466,1727.96
1782808800000,73.466,73.532,73.425,73.496,2622.76
1782808860000,73.499,73.54,73.478,73.479,1457.7
1782808920000,73.485,73.533,73.478,73.505,1198.86
1782808980000,73.505,73.59,73.482,73.582,1193.56
1782809040000,73.546,73.58,73.536,73.545,1660.04
1782809100000,73.539,73.591,73.31,73.332,4524.8
1782809160000,73.325,73.382,73.317,73.355,2412.23
1782809220000,73.362,73.4,73.3,73.368,7057.89
1782809280000,73.368,73.371,73.297,73.318,3796.23
1782809340000,73.311,73.4,73.293,73.39,1221.6
1782809400000,73.39,73.417,73.324,73.372,4425.23
1782809460000,73.379,73.38,73.3,73.321,1317.7
1782809520000,73.321,73.44,73.313,73.432,2604.51
1782809580000,73.432,73.457,73.431,73.443,1691.74
1782809640000,73.435,73.55,73.402,73.55,3030.18
1782809700000,73.573,73.574,73.455,73.471,4154.58
1782809760000,73.471,73.527,73.471,73.525,1616.45
1782809820000,73.525,73.563,73.517,73.546,4321.03
1782809880000,73.539,73.617,73.539,73.6,1334.88
1782809940000,73.616,73.64,73.585,73.586,1197.94
1782810000000,73.586,73.636,73.568,73.636,1256.52
1782810060000,73.644,73.669,73.546,73.572,2937.88
1782810120000,73.572,73.684,73.572,73.684,1388.67
1782810180000,73.684,73.736,73.678,73.695,4137.61
1782810240000,73.695,73.732,73.689,73.711,6434.08
1782810300000,73.713,73.72,73.662,73.67,2004.45
1782810360000,73.67,73.682,73.65,73.658,1246.68
1782810420000,73.651,73.659,73.615,73.636,1404.82
1782810480000,73.636,73.642,73.577,73.609,2391.94
1782810540000,73.609,73.616,73.572,73.579,1101.16
1782810600000,73.579,73.583,73.548,73.575,1676.67
1782810660000,73.568,73.749,73.567,73.749,1588.79
1782810720000,73.748,73.762,73.72,73.761,4221.09
1782810780000,73.762,73.767,73.73,73.73,1740.3
1782810840000,73.73,73.767,73.73,73.759,1096.71
1782810900000,73.766,73.8,73.758,73.779,1944.93
1782810960000,73.779,73.787,73.638,73.646,1309.65
1782811020000,73.639,73.647,73.615,73.626,1418.39
1782811080000,73.619,73.656,73.598,73.656,1139.45
1782811140000,73.649,73.7,73.649,73.699,1425.97
1782811200000,73.692,73.716,73.589,73.589,1330.68
1782811260000,73.595,73.699,73.575,73.621,2064.14
1782811320000,73.63,73.633,73.616,73.622,3467.92
1782811380000,73.616,73.627,73.581,73.619,1598.29
1782811440000,73.626,73.627,73.618,73.619,1042.18
1782811500000,73.619,73.699,73.619,73.672,8534.35
1782811560000,73.672,73.685,73.626,73.653,2088.0
1782811620000,73.653,73.66,73.625,73.626,1253.21
1782811680000,73.626,73.634,73.578,73.591,2710.56
1782811740000,73.598,73.617,73.586,73.586,1149.85
1782811800000,73.586,73.633,73.552,73.576,1161.71
1782811860000,73.582,73.592,73.507,73.555,2915.98
1782811920000,73.563,73.563,73.505,73.531,2829.99
1782811980000,73.538,73.539,73.53,73.531,1087.13
1782812040000,73.531,73.602,73.53,73.601,1268.37
1782812100000,73.595,73.679,73.594,73.671,1529.26
1782812160000,73.672,73.712,73.628,73.652,1593.33
1782812220000,73.645,73.725,73.645,73.709,1377.4
1782812280000,73.702,73.71,73.672,73.672,1120.99
1782812340000,73.672,73.692,73.648,73.672,10880.31
1782812400000,73.678,73.679,73.671,73.672,1090.35
1782812460000,73.672,73.719,73.672,73.711,996.47
1782812520000,73.718,73.753,73.711,73.723,1610.2
1782812580000,73.751,73.752,73.676,73.683,1299.06
1782812640000,73.676,73.683,73.675,73.682,1195.89
1782812700000,73.682,73.704,73.675,73.704,1228.24
1782812760000,73.698,73.723,73.681,73.716,1208.23
1782812820000,73.723,73.724,73.715,73.723,1053.15
1782812880000,73.723,73.725,73.71,73.711,1844.32
1782812940000,73.718,73.789,73.71,73.778,1561.16
1782813000000,73.771,73.827,73.771,73.811,4320.32
1782813060000,73.818,73.836,73.811,73.836,1706.7
1782813120000,73.836,73.836,73.771,73.785,1339.1
1782813180000,73.785,73.804,73.78,73.803,1128.67
1782813240000,73.803,73.803,73.763,73.763,1017.25
1782813300000,73.77,73.77,73.746,73.748,1046.38
1782813360000,73.748,73.754,73.738,73.739,1253.37
1782813420000,73.746,73.747,73.732,73.74,1759.51
1782813480000,73.732,73.772,73.732,73.75,1121.44
1782813540000,73.776,73.777,73.751,73.759,1000.76
1782813600000,73.759,73.824,73.751,73.816,1213.18
1782813660000,73.816,73.833,73.808,73.817,1361.44
1782813720000,73.816,73.817,73.805,73.806,1723.07
1782813780000,73.813,73.813,73.766,73.773,1009.96
1782813840000,73.773,73.773,73.728,73.736,1275.86
1782813900000,73.729,73.748,73.705,73.741,1066.8
1782813960000,73.748,73.75,73.729,73.749,1338.48
1782814020000,73.745,73.834,73.745,73.826,1264.93
1782814080000,73.834,73.839,73.806,73.806,1229.81
1782814140000,73.806,73.813,73.719,73.719,2466.77
1782814200000,73.726,73.726,73.598,73.605,1630.11
1782814260000,73.599,73.677,73.599,73.642,1215.82
1782814320000,73.677,73.703,73.677,73.687,970.58
1782814380000,73.686,73.712,73.679,73.706,1035.85
1782814440000,73.712,73.736,73.65,73.736,1339.91
1782814500000,73.729,73.76,73.66,73.759,1230.93
1782814560000,73.751,73.769,73.729,73.768,1137.33
1782814620000,73.761,73.804,73.76,73.773,1192.87
1782814680000,73.766,73.773,73.718,73.719,1093.34
1782814740000,73.727,73.763,73.719,73.763,1419.27
1782814800000,73.755,73.764,73.662,73.662,955.95
1782814860000,73.662,73.703,73.662,73.672,1391.78
1782814920000,73.664,73.705,73.658,73.705,1249.19
1782814980000,73.705,73.705,73.591,73.612,2065.1
1782815040000,73.612,73.659,73.611,73.651,1144.64
1782815100000,73.658,73.725,73.643,73.718,1049.77
1782815160000,73.718,73.725,73.681,73.705,1345.3
1782815220000,73.704,73.713,73.671,73.679,1044.55
1782815280000,73.679,73.68,73.651,73.659,1066.68
1782815340000,73.652,73.669,73.631,73.633,1535.58
1782815400000,73.631,73.633,73.535,73.536,3532.2
1782815460000,73.543,73.575,73.521,73.567,1615.24
1782815520000,73.568,73.579,73.556,73.579,1640.94
1782815580000,73.572,73.629,73.566,73.581,1395.93
1782815640000,73.588,73.624,73.581,73.623,1277.16
1782815700000,73.624,73.624,73.562,73.562,1322.81
1782815760000,73.569,73.569,73.505,73.516,1037.2
1782815820000,73.508,73.54,73.498,73.499,1864.76
1782815880000,73.498,73.522,73.45,73.515,2172.62
1782815940000,73.515,73.566,73.512,73.557,1648.14
1782816000000,73.557,73.582,73.551,73.552,1157.29
1782816060000,73.559,73.56,73.551,73.552,1005.1
1782816120000,73.552,73.595,73.552,73.595,963.33
1782816180000,73.595,73.596,73.545,73.553,1626.9
1782816240000,73.546,73.587,73.546,73.579,1707.91
1782816300000,73.586,73.587,73.535,73.565,1179.64
1782816360000,73.565,73.582,73.557,73.575,1079.37
1782816420000,73.575,73.643,73.575,73.642,1565.21
1782816480000,73.642,73.707,73.632,73.695,15565.96
1782816540000,73.695,73.713,73.642,73.642,1100.24
1782816600000,73.642,73.65,73.562,73.612,1160.78
1782816660000,73.619,73.643,73.611,73.635,1409.56
1782816720000,73.635,73.663,73.622,73.622,1195.94
1782816780000,73.629,73.673,73.621,73.672,1109.72
1782816840000,73.672,73.672,73.638,73.662,1170.7
1782816900000,73.661,73.699,73.592,73.698,1100.08
1782816960000,73.698,73.739,73.691,73.731,1675.91
1782817020000,73.73,73.775,73.73,73.759,1152.91
1782817080000,73.752,73.76,73.729,73.736,1308.71
1782817140000,73.737,73.737,73.651,73.651,1144.92
1782817200000,73.658,73.658,73.621,73.63,1116.99
1782817260000,73.63,73.637,73.6,73.619,1226.37
1782817320000,73.619,73.7,73.611,73.699,1092.08
1782817380000,73.665,73.673,73.648,73.656,1442.09
1782817440000,73.657,73.701,73.648,73.692,2240.28
1782817500000,73.692,73.699,73.665,73.688,987.29
1782817560000,73.688,73.73,73.68,73.689,1253.29
1782817620000,73.689,73.689,73.632,73.646,1911.33
1782817680000,73.639,73.678,73.635,73.635,2021.82
1782817740000,73.642,73.679,73.635,73.678,1082.73
1782817800000,73.672,73.679,73.662,73.662,1344.13
1782817860000,73.662,73.685,73.642,73.649,971.87
1782817920000,73.653,73.657,73.644,73.657,2118.01
1782817980000,73.649,73.682,73.648,73.662,1131.29
1782818040000,73.655,73.663,73.654,73.654,1011.96
1782818100000,73.655,73.696,73.632,73.632,1433.73
1782818160000,73.632,73.639,73.576,73.583,1176.61
1782818220000,73.583,73.583,73.52,73.52,1535.0
1782818280000,73.529,73.529,73.396,73.401,3590.2
1782818340000,73.401,73.445,73.401,73.406,1301.94
1782818400000,73.406,73.43,73.405,73.422,1968.19
1782818460000,73.43,73.43,73.372,73.381,4282.93
1782818520000,73.388,73.499,73.37,73.47,1765.71
1782818580000,73.469,73.469,73.417,73.418,1258.81
1782818640000,73.418,73.426,73.408,73.409,2144.15
1782818700000,73.409,73.417,73.375,73.409,1980.7
1782818760000,73.417,73.422,73.37,73.406,4260.2
1782818820000,73.399,73.426,73.37,73.395,2518.44
1782818880000,73.374,73.442,73.365,73.403,3118.91
1782818940000,73.411,73.411,73.351,73.404,4914.37
1782819000000,73.406,73.441,73.391,73.392,2391.33
1782819060000,73.399,73.436,73.349,73.379,1225.72
1782819120000,73.368,73.377,73.342,73.35,1346.71
1782819180000,73.351,73.351,73.328,73.336,2767.48
1782819240000,73.336,73.379,73.322,73.365,1742.73
1782819300000,73.365,73.49,73.365,73.49,1969.66
1782819360000,73.49,73.546,73.466,73.469,8197.49
1782819420000,73.468,73.509,73.461,73.508,1638.5
1782819480000,73.502,73.525,73.444,73.452,2077.84
1782819540000,73.452,73.453,73.428,73.436,1105.79
1782819600000,73.429,73.437,73.408,73.435,1397.15
1782819660000,73.429,73.501,73.428,73.5,1166.07
1782819720000,73.5,73.533,73.479,73.48,1176.13
1782819780000,73.48,73.543,73.48,73.506,1044.97
1782819840000,73.499,73.536,73.498,73.519,1036.18
1782819900000,73.519,73.588,73.512,73.559,2737.83
1782819960000,73.559,73.595,73.509,73.553,1673.82
1782820020000,73.553,73.554,73.545,73.546,1242.86
1782820080000,73.546,73.586,73.525,73.576,1772.45
1782820140000,73.569,73.615,73.565,73.583,2214.64
1782820200000,73.583,73.603,73.575,73.603,1575.48
1782820260000,73.614,73.672,73.611,73.613,1396.28
1782820320000,73.62,73.657,73.595,73.603,1448.15
1782820380000,73.604,73.604,73.501,73.501,1252.64
1782820440000,73.5,73.507,73.401,73.426,1834.63
1782820500000,73.434,73.434,73.324,73.346,1496.55
1782820560000,73.346,73.353,73.316,73.317,1591.21
1782820620000,73.317,73.33,73.288,73.326,36706.92
1782820680000,73.326,73.355,73.298,73.342,4021.18
1782820740000,73.342,73.37,73.336,73.369,1483.27
1782820800000,73.362,73.37,73.294,73.295,2208.59
1782820860000,73.295,73.346,73.238,73.253,6285.95
1782820920000,73.254,73.31,73.202,73.212,2592.08
1782820980000,73.203,73.213,73.161,73.179,1926.66
1782821040000,73.179,73.186,73.131,73.139,2537.1
1782821100000,73.138,73.147,73.11,73.143,2940.94
1782821160000,73.147,73.212,73.025,73.025,5492.08
1782821220000,73.034,73.126,73.022,73.038,4387.54
1782821280000,73.047,73.064,73.019,73.056,3248.58
1782821340000,73.056,73.064,73.016,73.04,1348.62
1782821400000,73.032,73.093,72.995,73.089,6583.02
1782821460000,73.09,73.12,73.029,73.093,1464.36
1782821520000,73.094,73.094,73.046,73.092,1412.1
1782821580000,73.084,73.092,72.969,72.99,3314.11
1782821640000,72.99,72.99,72.898,72.928,5680.92
1782821700000,72.929,72.953,72.906,72.932,2104.51
1782821760000,72.933,72.997,72.911,72.942,1822.34
1782821820000,72.942,72.996,72.928,72.939,1393.87
1782821880000,72.939,73.009,72.931,72.976,1527.18
1782821940000,72.969,72.977,72.918,72.928,1501.83
1782822000000,72.929,72.952,72.822,72.844,3470.33
1782822060000,72.836,72.843,72.772,72.809,4479.43
1782822120000,72.797,72.823,72.718,72.744,5674.81
1782822180000,72.744,72.75,72.576,72.6,31907.97
1782822240000,72.591,72.6,72.519,72.596,8363.67
1782822300000,72.588,72.62,72.567,72.612,2077.0
1782822360000,72.591,72.639,72.548,72.589,2814.76
1782822420000,72.587,72.749,72.581,72.679,2653.36
1782822480000,72.687,72.687,72.646,72.669,2129.38
1782822540000,72.675,72.689,72.621,72.622,1360.64
1782822600000,72.629,72.677,72.601,72.623,1955.43
1782822660000,72.629,72.7,72.622,72.631,1777.74
1782822720000,72.649,72.682,72.61,72.611,3754.58
1782822780000,72.617,72.634,72.446,72.446,10760.85
1782822840000,72.446,72.497,72.422,72.446,6187.76
1782822900000,72.439,72.534,72.439,72.463,2822.93
1782822960000,72.463,72.537,72.445,72.489,1359.26
1782823020000,72.489,72.517,72.415,72.421,1964.95
1782823080000,72.422,72.443,72.382,72.399,4838.1
1782823140000,72.407,72.499,72.399,72.474,2312.41
1782823200000,72.468,72.521,72.45,72.507,2294.9
1782823260000,72.499,72.507,72.451,72.476,5771.84
1782823320000,72.483,72.531,72.476,72.503,4198.12
1782823380000,72.503,72.547,72.499,72.527,3635.56
1782823440000,72.528,72.528,72.462,72.47,1577.59
1782823500000,72.471,72.503,72.374,72.382,2242.92
1782823560000,72.382,72.403,72.345,72.353,3590.93
1782823620000,72.353,72.354,72.238,72.255,12666.4
1782823680000,72.263,72.29,72.237,72.238,2317.97
1782823740000,72.238,72.261,72.237,72.246,2067.2
1782823800000,72.246,72.261,72.214,72.261,2567.37
1782823860000,72.261,72.322,72.208,72.238,3243.24
1782823920000,72.239,72.337,72.238,72.312,3180.42
1782823980000,72.319,72.319,72.275,72.281,1728.26
1782824040000,72.282,72.32,72.258,72.259,1700.56
1782824100000,72.292,72.353,72.267,72.275,1837.09
1782824160000,72.275,72.293,72.15,72.151,5787.93
1782824220000,72.168,72.276,72.167,72.205,6385.94
1782824280000,72.213,72.213,72.108,72.138,3699.82
1782824340000,72.132,72.17,72.054,72.058,4639.13
1782824400000,72.066,72.28,72.054,72.172,2565.35
1782824460000,72.169,72.23,72.065,72.23,2096.18
1782824520000,72.243,72.244,71.935,71.983,30816.63
1782824580000,71.99,72.036,71.889,71.978,6720.22
1782824640000,71.972,72.146,71.972,72.139,2858.26
1782824700000,72.145,72.179,72.114,72.149,3764.0
1782824760000,72.156,72.343,72.149,72.333,7990.82
1782824820000,72.333,72.35,72.278,72.283,3915.24
1782824880000,72.289,72.419,72.241,72.276,9093.8
1782824940000,72.269,72.468,72.269,72.416,4305.03
1782825000000,72.416,72.427,72.352,72.374,5532.94
1782825060000,72.375,72.383,72.351,72.359,1287.99
1782825120000,72.359,72.42,72.226,72.227,2683.12
1782825180000,72.234,72.34,72.226,72.332,1562.76
1782825240000,72.331,72.349,72.268,72.338,2904.23
1782825300000,72.332,72.452,72.332,72.452,2156.55
1782825360000,72.468,72.547,72.466,72.518,2611.4
1782825420000,72.506,72.537,72.468,72.526,3051.31
1782825480000,72.526,72.546,72.451,72.53,1740.21
1782825540000,72.537,72.538,72.445,72.467,2942.84
1782825600000,72.466,72.534,72.459,72.516,1578.35
1782825660000,72.51,72.554,72.501,72.519,2059.66
1782825720000,72.519,72.52,72.481,72.509,2936.09
1782825780000,72.517,72.517,72.401,72.458,1333.9
1782825840000,72.497,72.499,72.388,72.428,1396.62
1782825900000,72.435,72.546,72.435,72.523,1151.33
1782825960000,72.523,72.537,72.508,72.536,1510.89
1782826020000,72.536,72.537,72.509,72.509,1482.24
1782826080000,72.51,72.51,72.411,72.449,2182.05
1782826140000,72.449,72.476,72.418,72.469,1161.09
1782826200000,72.477,72.745,72.468,72.551,5712.8
1782826260000,72.55,72.805,72.509,72.522,5901.96
1782826320000,72.533,72.533,72.055,72.148,6596.43
1782826380000,72.145,72.225,72.134,72.158,1354.17
1782826440000,72.166,72.187,72.003,72.149,3960.64
1782826500000,72.147,72.227,72.002,72.006,1779.52
1782826560000,72.026,72.137,72.02,72.083,3918.85
1782826620000,72.083,72.113,72.018,72.029,2441.95
1782826680000,72.029,72.095,71.978,72.088,1952.9
1782826740000,72.095,72.191,72.075,72.105,2794.44
1782826800000,72.106,72.466,72.098,72.417,4201.11
1782826860000,72.424,72.463,72.298,72.383,2828.09
1782826920000,72.383,72.41,72.264,72.328,1909.03
1782826980000,72.337,72.383,72.318,72.349,2279.67
1782827040000,72.336,72.457,72.306,72.449,1875.94
1782827100000,72.449,72.51,72.4,72.486,3901.39
1782827160000,72.487,72.487,72.277,72.45,2122.57
1782827220000,72.432,72.469,72.28,72.283,1779.72
1782827280000,72.283,72.407,72.274,72.379,2261.31
1782827340000,72.372,72.425,72.301,72.376,1879.01
1782827400000,72.377,72.495,72.369,72.484,1660.26
1782827460000,72.492,72.809,72.441,72.701,18324.55
1782827520000,72.674,72.753,72.611,72.728,2966.49
1782827580000,72.729,72.787,72.661,72.728,2084.85
1782827640000,72.736,72.736,72.666,72.699,8368.08
1782827700000,72.682,72.82,72.642,72.781,1994.97
1782827760000,72.781,72.788,72.681,72.712,1747.14
1782827820000,72.711,72.722,72.675,72.712,1389.5
1782827880000,72.712,72.813,72.704,72.805,1747.99
1782827940000,72.812,72.878,72.789,72.837,2087.48
1782828000000,72.83,72.923,72.764,72.836,4107.93
1782828060000,72.825,73.338,72.809,73.336,10462.43
1782828120000,73.344,73.565,73.34,73.544,9594.13
1782828180000,73.552,73.553,73.26,73.416,14119.98
1782828240000,73.423,73.487,73.321,73.362,2758.06
1782828300000,73.362,73.362,73.182,73.239,4559.59
1782828360000,73.239,73.331,73.232,73.314,2102.78
1782828420000,73.313,73.4,73.302,73.396,2811.43
1782828480000,73.389,73.396,73.328,73.337,3028.19
1782828540000,73.357,73.45,73.318,73.414,2449.73
1782828600000,73.405,73.413,73.21,73.223,4537.79
1782828660000,73.232,73.425,73.22,73.369,2019.01
1782828720000,73.376,73.402,73.168,73.248,5983.01
1782828780000,73.239,73.402,73.239,73.401,2868.89
1782828840000,73.395,73.426,73.29,73.335,9446.0
1782828900000,73.328,73.432,73.314,73.315,1616.14
1782828960000,73.322,73.335,73.234,73.251,2778.84
1782829020000,73.259,73.363,73.228,73.243,1485.01
1782829080000,73.243,73.378,73.236,73.288,1530.69
1782829140000,73.309,73.383,73.288,73.29,1907.92
1782829200000,73.29,73.29,73.228,73.279,1724.04
1782829260000,73.278,73.41,73.261,73.386,1342.06
1782829320000,73.386,73.511,73.378,73.501,3333.23
1782829380000,73.5,73.679,73.462,73.642,5784.12
1782829440000,73.643,73.74,73.551,73.61,6131.45
1782829500000,73.61,73.61,73.502,73.551,2978.11
1782829560000,73.542,73.571,73.499,73.547,2209.86
1782829620000,73.547,73.751,73.539,73.716,3911.7
1782829680000,73.715,73.719,73.609,73.669,2628.95
1782829740000,73.682,73.759,73.674,73.751,4349.23
1782829800000,73.751,73.873,73.733,73.763,4940.67
1782829860000,73.755,73.755,73.588,73.631,4841.12
1782829920000,73.631,73.7,73.588,73.692,2562.43
1782829980000,73.699,73.804,73.641,73.655,2237.7
1782830040000,73.656,73.773,73.615,73.773,1544.9
1782830100000,73.773,73.8,73.658,73.658,3241.2
1782830160000,73.665,73.684,73.495,73.495,2710.45
1782830220000,73.496,73.534,73.425,73.426,2794.53
1782830280000,73.426,73.446,73.238,73.239,3901.08
1782830340000,73.238,73.248,73.091,73.24,3294.16
1782830400000,73.248,73.267,73.18,73.266,2839.04
1782830460000,73.266,73.375,73.239,73.266,3117.67
1782830520000,73.267,73.33,73.229,73.322,1108.49
1782830580000,73.329,73.427,73.288,73.421,2456.02
1782830640000,73.42,73.587,73.413,73.587,2790.84
1782830700000,73.587,73.588,73.337,73.345,3416.11
1782830760000,73.323,73.347,73.232,73.233,2456.06
1782830820000,73.232,73.31,73.212,73.219,3803.77
1782830880000,73.219,73.28,73.069,73.081,5948.17
1782830940000,73.081,73.155,73.037,73.052,2295.46
1782831000000,73.052,73.117,72.898,72.898,3343.09
1782831060000,72.898,72.98,72.898,72.979,1938.67
1782831120000,72.979,73.022,72.936,72.966,1581.92
1782831180000,72.973,72.981,72.875,72.921,1881.11
1782831240000,72.922,72.94,72.731,72.805,6461.71
1782831300000,72.805,72.851,72.738,72.762,2219.97
1782831360000,72.755,72.81,72.707,72.762,10579.68
1782831420000,72.756,72.806,72.745,72.776,1469.07
1782831480000,72.784,72.92,72.775,72.913,6935.94
1782831540000,72.913,73.017,72.901,72.921,5044.42
1782831600000,72.912,73.027,72.891,73.006,1715.96
1782831660000,73.027,73.125,73.004,73.082,3555.3
1782831720000,73.076,73.13,73.057,73.092,4083.99
1782831780000,73.118,73.118,72.94,72.94,8574.54
1782831840000,72.921,72.93,72.672,72.679,6350.99
1782831900000,72.69,72.691,72.565,72.604,3091.42
1782831960000,72.604,72.703,72.559,72.671,3966.88
1782832020000,72.671,72.88,72.651,72.879,4490.7
1782832080000,72.88,72.913,72.805,72.806,1852.89
1782832140000,72.813,72.837,72.719,72.834,2518.71
1782832200000,72.824,72.887,72.818,72.861,1127.72
1782832260000,72.869,72.894,72.796,72.816,1146.18
1782832320000,72.796,72.939,72.796,72.938,3226.18
1782832380000,72.931,73.039,72.93,73.029,1979.67
1782832440000,73.029,73.049,72.938,72.966,1498.18
1782832500000,72.966,72.999,72.754,72.762,1706.12
1782832560000,72.755,72.932,72.633,72.91,1325.8
1782832620000,72.91,72.91,72.8,72.803,1064.85
1782832680000,72.803,72.863,72.733,72.733,1334.81
1782832740000,72.733,73.064,72.642,73.052,4804.6
1782832800000,73.052,73.294,73.046,73.294,5615.82
1782832860000,73.294,73.3,73.181,73.198,2904.52
1782832920000,73.192,73.22,73.065,73.085,4221.76
1782832980000,73.11,73.163,73.06,73.155,1177.11
1782833040000,73.155,73.399,73.125,73.344,2747.57
1782833100000,73.345,73.392,73.241,73.309,1862.98
1782833160000,73.309,73.348,73.292,73.333,2732.52
1782833220000,73.339,73.371,73.291,73.292,1721.03
1782833280000,73.292,73.301,73.232,73.239,1473.51
1782833340000,73.233,73.259,73.2,73.201,1259.51
1782833400000,73.201,73.23,73.15,73.201,1775.78
1782833460000,73.21,73.21,73.156,73.192,1593.93
1782833520000,73.192,73.33,73.192,73.297,2198.01
1782833580000,73.297,73.318,73.248,73.285,1230.51
1782833640000,73.285,73.468,73.277,73.338,5491.41
1782833700000,73.332,73.338,73.232,73.232,1216.07
1782833760000,73.232,73.274,73.174,73.26,2453.01
1782833820000,73.261,73.261,73.188,73.202,1300.82
1782833880000,73.202,73.208,73.025,73.055,1685.11
1782833940000,73.056,73.137,73.056,73.078,1176.89
1782834000000,73.078,73.143,73.071,73.092,1153.77
1782834060000,73.098,73.18,73.075,73.18,1518.69
1782834120000,73.18,73.206,73.145,73.198,1271.17
1782834180000,73.205,73.348,73.165,73.316,2515.98
1782834240000,73.338,73.349,73.271,73.285,1999.22
1782834300000,73.285,73.714,73.278,73.714,6796.86
1782834360000,73.714,74.055,73.69,73.912,11046.58
1782834420000,73.912,73.942,73.819,73.841,5598.19
1782834480000,73.833,73.86,73.786,73.801,3848.72
1782834540000,73.801,73.828,73.707,73.729,3941.12
1782834600000,73.729,73.729,73.548,73.598,4342.49
1782834660000,73.6,73.69,73.534,73.559,4389.96
1782834720000,73.559,73.562,73.504,73.518,2673.66
1782834780000,73.525,73.525,73.453,73.483,4024.13
1782834840000,73.483,73.483,73.401,73.401,2216.94
1782834900000,73.401,73.525,73.401,73.525,1448.76
1782834960000,73.525,73.556,73.435,73.435,1461.05
1782835020000,73.435,73.442,73.367,73.392,1218.56
1782835080000,73.399,73.399,73.097,73.109,7915.75
1782835140000,73.109,73.126,73.066,73.092,2008.6
1782835200000,73.092,73.177,73.055,73.177,2671.87
1782835260000,73.177,73.233,73.123,73.183,5832.16
1782835320000,73.175,73.227,73.101,73.227,3540.08
1782835380000,73.227,73.26,73.211,73.218,2070.82
1782835440000,73.219,73.26,73.218,73.242,1164.41
1782835500000,73.235,73.316,73.234,73.312,2442.54
1782835560000,73.312,73.506,73.304,73.505,3155.12
1782835620000,73.496,73.55,73.412,73.445,2924.5
1782835680000,73.445,73.482,73.398,73.414,2717.62
1782835740000,73.414,73.414,73.334,73.392,1924.31
1782835800000,73.391,73.455,73.384,73.412,1727.45
1782835860000,73.441,73.441,73.307,73.315,1048.24
1782835920000,73.314,73.391,73.21,73.233,1614.35
1782835980000,73.234,73.244,73.001,73.025,2152.82
1782836040000,73.025,73.066,72.873,72.897,2766.55
1782836100000,72.896,72.896,72.725,72.856,4436.73
1782836160000,72.863,73.022,72.856,73.015,5407.51
1782836220000,73.021,73.023,72.981,72.996,5681.63
1782836280000,72.996,73.002,72.963,72.983,1079.48
1782836340000,72.989,72.989,72.902,72.969,1959.41
1782836400000,72.969,72.993,72.9,72.949,1219.16
1782836460000,72.948,72.956,72.811,72.811,1216.64
1782836520000,72.816,72.887,72.816,72.875,2235.01
1782836580000,72.875,72.876,72.808,72.816,1441.89
1782836640000,72.836,72.89,72.821,72.821,1538.34
1782836700000,72.825,72.825,72.731,72.748,2732.77
1782836760000,72.756,72.78,72.716,72.756,2822.11
1782836820000,72.748,72.759,72.701,72.722,3213.76
1782836880000,72.729,72.733,72.695,72.7,1347.8
1782836940000,72.719,72.766,72.71,72.754,1669.17
1782837000000,72.746,72.798,72.716,72.761,1030.88
1782837060000,72.769,72.796,72.724,72.791,1595.16
1782837120000,72.795,72.857,72.788,72.824,1236.66
1782837180000,72.832,72.865,72.801,72.822,1157.57
1782837240000,72.815,72.998,72.737,72.998,2166.77
1782837300000,72.998,72.999,72.809,72.813,1907.41
1782837360000,72.819,72.963,72.812,72.945,1105.11
1782837420000,72.946,72.971,72.832,72.839,1321.76
1782837480000,72.839,73.067,72.832,73.06,3547.3
1782837540000,73.067,73.276,73.067,73.267,3895.18
1782837600000,73.267,73.276,73.147,73.148,4024.24
1782837660000,73.148,73.246,73.114,73.125,2368.22
1782837720000,73.125,73.126,73.114,73.114,1458.41
1782837780000,73.128,73.148,73.028,73.035,3278.6
1782837840000,73.028,73.076,73.028,73.052,1307.31
1782837900000,73.058,73.177,73.052,73.151,4608.29
1782837960000,73.151,73.232,73.15,73.198,1620.04
1782838020000,73.24,73.286,73.217,73.282,2604.64
1782838080000,73.275,73.358,73.274,73.317,3250.79
1782838140000,73.316,73.349,73.316,73.346,1708.26
1782838200000,73.322,73.345,73.318,73.339,1223.95
1782838260000,73.315,73.321,73.248,73.285,2964.31
1782838320000,73.285,73.375,73.277,73.375,6550.65
1782838380000,73.375,73.443,73.309,73.436,5505.43
1782838440000,73.436,73.63,73.436,73.56,3418.67
1782838500000,73.561,73.616,73.548,73.616,5156.06
1782838560000,73.615,73.682,73.578,73.674,3572.8
1782838620000,73.682,73.682,73.561,73.571,4087.81
1782838680000,73.564,73.571,73.455,73.456,2666.07
1782838740000,73.451,73.489,73.427,73.478,1208.49
1782838800000,73.485,73.539,73.473,73.508,2187.37
1782838860000,73.498,73.505,73.423,73.453,1374.21
1782838920000,73.452,73.528,73.452,73.512,3154.83
1782838980000,73.519,73.687,73.512,73.661,3980.55
1782839040000,73.669,73.687,73.623,73.628,1486.6
1782839100000,73.629,73.642,73.591,73.591,1055.39
1782839160000,73.59,73.626,73.587,73.625,3356.18
1782839220000,73.626,73.795,73.621,73.769,8878.71
1782839280000,73.754,73.902,73.734,73.894,3180.47
1782839340000,73.855,73.863,73.771,73.772,7161.4
1782839400000,73.772,73.772,73.701,73.714,2497.37
1782839460000,73.741,73.742,73.625,73.644,3888.81
1782839520000,73.643,73.668,73.446,73.484,1546.66
1782839580000,73.484,73.491,73.424,73.424,1521.61
1782839640000,73.432,73.468,73.424,73.468,1248.55
1782839700000,73.468,73.493,73.412,73.459,1450.92
1782839760000,73.451,73.574,73.451,73.538,1249.15
1782839820000,73.545,73.589,73.48,73.481,1266.19
1782839880000,73.48,73.54,73.451,73.538,1523.53
1782839940000,73.54,73.571,73.498,73.525,1267.73
1782840000000,73.517,73.525,73.482,73.521,1155.54
1782840060000,73.521,73.524,73.465,73.465,1284.25
1782840120000,73.465,73.508,73.421,73.426,2021.09
1782840180000,73.421,73.427,73.401,73.424,1084.88
1782840240000,73.417,73.424,73.337,73.419,2073.36
1782840300000,73.42,73.475,73.412,73.422,1189.96
1782840360000,73.422,73.492,73.415,73.422,1206.58
1782840420000,73.422,73.439,73.375,73.375,1049.41
1782840480000,73.375,73.421,73.364,73.415,1847.84
1782840540000,73.414,73.419,73.39,73.391,1038.83
1782840600000,73.398,73.438,73.361,73.428,1140.28
1782840660000,73.421,73.428,73.333,73.336,2594.97
1782840720000,73.333,73.372,73.307,73.372,1048.22
1782840780000,73.361,73.539,73.361,73.538,1171.45
1782840840000,73.531,73.538,73.441,73.441,1079.11
1782840900000,73.448,73.516,73.441,73.484,2742.07
1782840960000,73.491,73.491,73.407,73.408,909.8
1782841020000,73.415,73.425,73.36,73.425,1678.96
1782841080000,73.418,73.431,73.385,73.391,1265.36
1782841140000,73.398,73.437,73.322,73.322,1244.86
1782841200000,73.328,73.379,73.322,73.348,1265.1
1782841260000,73.355,73.448,73.348,73.448,5981.81
1782841320000,73.44,73.448,73.411,73.414,1024.69
1782841380000,73.422,73.422,73.338,73.338,1170.61
1782841440000,73.345,73.371,73.324,73.324,1019.62
1782841500000,73.324,73.331,73.282,73.282,1248.52
1782841560000,73.307,73.352,73.283,73.352,4275.22
1782841620000,73.343,73.351,73.28,73.281,1220.5
1782841680000,73.281,73.348,73.25,73.348,1139.98
1782841740000,73.348,73.349,73.257,73.265,1129.44
1782841800000,73.258,73.305,73.258,73.269,1216.11
1782841860000,73.269,73.35,73.268,73.338,1219.62
1782841920000,73.346,73.386,73.338,73.364,1115.77
1782841980000,73.363,73.396,73.347,73.375,1131.65
1782842040000,73.367,73.376,73.358,73.358,3652.41
1782842100000,73.357,73.366,73.304,73.346,1244.3
1782842160000,73.346,73.499,73.338,73.418,7400.57
1782842220000,73.425,73.451,73.388,73.395,1390.44
1782842280000,73.388,73.395,73.13,73.158,4860.52
1782842340000,73.158,73.192,73.14,73.171,9014.14
1782842400000,73.172,73.249,73.164,73.227,1178.46
1782842460000,73.235,73.235,73.101,73.145,1730.02
1782842520000,73.152,73.238,73.144,73.218,1101.43
1782842580000,73.218,73.218,73.148,73.154,1719.66
1782842640000,73.154,73.203,73.135,73.171,1025.29
1782842700000,73.171,73.172,73.127,73.135,1203.19
1782842760000,73.128,73.135,73.076,73.102,3198.04
1782842820000,73.102,73.24,73.095,73.24,1486.96
1782842880000,73.251,73.268,73.224,73.261,2232.95
1782842940000,73.26,73.312,73.26,73.288,4128.68
1782843000000,73.281,73.289,73.244,73.252,1191.5
1782843060000,73.252,73.254,73.181,73.247,1041.13
1782843120000,73.247,73.254,73.197,73.239,1208.82
1782843180000,73.258,73.335,73.251,73.291,1742.48
1782843240000,73.291,73.292,73.255,73.284,1414.83
1782843300000,73.291,73.292,73.181,73.255,1529.15
1782843360000,73.248,73.299,73.248,73.251,1068.97
1782843420000,73.251,73.504,73.251,73.466,10049.27
1782843480000,73.435,73.586,73.435,73.585,4344.4
1782843540000,73.575,73.772,73.53,73.691,3973.7
1782843600000,73.66,73.665,73.515,73.555,4047.89
1782843660000,73.555,73.561,73.504,73.505,1613.13
1782843720000,73.504,73.505,73.447,73.461,1109.83
1782843780000,73.454,73.462,73.4,73.401,1086.22
1782843840000,73.401,73.441,73.244,73.245,4794.26
1782843900000,73.241,73.342,73.225,73.322,4325.88
1782843960000,73.315,73.352,73.289,73.306,1288.32
1782844020000,73.298,73.322,73.295,73.321,1367.36
1782844080000,73.314,73.392,73.314,73.384,1813.65
1782844140000,73.384,73.399,73.368,73.398,1227.55
1782844200000,73.391,73.419,73.309,73.316,2250.64
1782844260000,73.309,73.325,73.291,73.318,1341.83
1782844320000,73.318,73.418,73.318,73.342,1086.23
1782844380000,73.335,73.342,73.14,73.189,1215.14
1782844440000,73.181,73.189,73.144,73.162,1200.24
1782844500000,73.172,73.224,73.145,73.223,1203.93
1782844560000,73.215,73.249,73.163,73.171,1232.57
1782844620000,73.172,73.193,73.158,73.159,1117.25
1782844680000,73.159,73.172,72.928,73.005,5360.61
1782844740000,72.999,73.04,72.998,73.012,1504.65
1782844800000,73.019,73.106,73.011,73.086,2306.46
1782844860000,73.092,73.099,73.046,73.072,4934.46
1782844920000,73.092,73.192,73.091,73.185,1141.24
1782844980000,73.185,73.224,73.179,73.216,3303.89
1782845040000,73.216,73.242,73.211,73.231,3070.04
1782845100000,73.241,73.35,73.231,73.338,3696.9
1782845160000,73.331,73.383,73.312,73.327,2286.04
1782845220000,73.351,73.479,73.345,73.468,1185.47
1782845280000,73.457,73.568,73.441,73.567,4506.32
1782845340000,73.568,73.62,73.511,73.605,9668.0
1782845400000,73.605,73.611,73.517,73.522,1361.23
1782845460000,73.528,73.559,73.522,73.559,1318.61
1782845520000,73.559,73.622,73.551,73.605,1616.22
1782845580000,73.605,73.672,73.598,73.628,1636.83
1782845640000,73.628,73.635,73.547,73.548,2046.44
1782845700000,73.548,73.596,73.542,73.548,1938.25
1782845760000,73.555,73.556,73.518,73.523,1476.92
1782845820000,73.523,73.555,73.507,73.511,4421.25
1782845880000,73.511,73.562,73.511,73.554,1019.9
1782845940000,73.598,73.622,73.574,73.574,2376.49
1782846000000,73.575,73.581,73.502,73.515,1285.03
1782846060000,73.521,73.552,73.498,73.522,3819.12
1782846120000,73.529,73.714,73.522,73.587,5865.06
1782846180000,73.602,73.615,73.546,73.599,1005.19
1782846240000,73.592,73.599,73.502,73.527,10179.85
1782846300000,73.534,73.534,73.455,73.455,1248.47
1782846360000,73.455,73.467,73.427,73.46,1384.53
1782846420000,73.467,73.639,73.46,73.631,1034.15
1782846480000,73.638,73.65,73.587,73.587,1117.96
1782846540000,73.594,73.64,73.58,73.581,2352.94
1782846600000,73.607,73.607,73.481,73.481,1533.35
1782846660000,73.489,73.491,73.451,73.451,2783.71
1782846720000,73.456,73.499,73.45,73.469,989.41
1782846780000,73.469,73.501,73.461,73.468,1034.25
1782846840000,73.476,73.552,73.468,73.545,965.14
1782846900000,73.551,73.552,73.451,73.471,1255.94
1782846960000,73.471,73.509,73.454,73.479,2108.15
1782847020000,73.485,73.537,73.477,73.496,1701.0
1782847080000,73.496,73.525,73.479,73.479,1050.17
1782847140000,73.485,73.498,73.455,73.466,1155.32
1782847200000,73.465,73.501,73.44,73.465,1165.98
1782847260000,73.472,73.502,73.36,73.36,1136.78
1782847320000,73.36,73.438,73.36,73.431,3919.42
1782847380000,73.438,73.438,73.381,73.402,1130.85
1782847440000,73.402,73.408,73.354,73.378,1552.44
1782847500000,73.378,73.403,73.37,73.375,1405.3
1782847560000,73.375,73.394,73.334,73.387,1122.73
1782847620000,73.394,73.467,73.374,73.461,1914.3
1782847680000,73.461,73.506,73.454,73.506,1011.13
1782847740000,73.505,73.539,73.497,73.539,1800.16
1782847800000,73.539,73.557,73.484,73.542,1237.92
1782847860000,73.541,73.666,73.541,73.647,1374.53
1782847920000,73.655,73.726,73.644,73.645,2244.48
1782847980000,73.674,73.75,73.674,73.749,2351.97
1782848040000,73.749,73.823,73.732,73.823,1646.89
1782848100000,73.824,73.943,73.821,73.898,4780.26
1782848160000,73.891,73.899,73.781,73.809,9120.76
1782848220000,73.802,73.809,73.744,73.745,3282.66
1782848280000,73.758,73.778,73.75,73.755,1071.07
1782848340000,73.755,73.763,73.725,73.725,1157.8
1782848400000,73.728,73.789,73.725,73.772,1505.02
1782848460000,73.772,73.772,73.628,73.698,3570.8
1782848520000,73.698,73.75,73.698,73.742,1082.65
1782848580000,73.742,73.772,73.742,73.758,1124.65
1782848640000,73.758,73.799,73.75,73.799,1112.85
1782848700000,73.792,73.799,73.72,73.72,1178.54
1782848760000,73.721,73.721,73.583,73.682,1783.22
1782848820000,73.675,73.682,73.629,73.651,992.77
1782848880000,73.651,73.655,73.6,73.619,1523.19
1782848940000,73.619,73.697,73.612,73.663,4420.22
1782849000000,73.664,73.664,73.482,73.552,6018.02
1782849060000,73.537,73.586,73.509,73.509,970.32
1782849120000,73.516,73.607,73.509,73.606,1028.38
1782849180000,73.606,73.649,73.562,73.596,2077.12
1782849240000,73.597,73.597,73.516,73.545,1009.09
1782849300000,73.539,73.588,73.539,73.569,1391.18
1782849360000,73.575,73.596,73.549,73.595,938.76
1782849420000,73.595,73.657,73.589,73.649,1191.88
1782849480000,73.656,73.773,73.649,73.699,1469.87
1782849540000,73.7,73.74,73.672,73.699,3417.62
1782849600000,73.699,73.71,73.616,73.648,1595.22
1782849660000,73.656,73.702,73.633,73.702,1108.53
1782849720000,73.702,73.916,73.695,73.908,1650.43
1782849780000,73.882,73.897,73.762,73.786,7202.24
1782849840000,73.786,73.811,73.771,73.811,1352.15
1782849900000,73.811,73.877,73.769,73.818,2113.99
1782849960000,73.818,73.825,73.763,73.763,1176.93
1782850020000,73.769,73.816,73.763,73.788,1248.59
1782850080000,73.794,73.794,73.729,73.757,1001.17
1782850140000,73.757,73.834,73.751,73.811,3707.23
1782850200000,73.811,73.857,73.775,73.856,1140.04
1782850260000,73.849,73.88,73.742,73.785,1904.4
1782850320000,73.778,73.883,73.778,73.846,1012.11
1782850380000,73.839,73.892,73.808,73.836,1343.02
1782850440000,73.836,73.843,73.808,73.836,1075.47
1782850500000,73.836,73.843,73.801,73.817,1027.31
1782850560000,73.817,73.817,73.738,73.758,1044.81
1782850620000,73.757,73.767,73.732,73.732,1101.36
1782850680000,73.731,73.745,73.688,73.739,1727.19
1782850740000,73.739,73.787,73.688,73.689,1769.7
1782850800000,73.689,73.733,73.539,73.67,7690.06
1782850860000,73.659,73.659,73.558,73.6,1419.16
1782850920000,73.619,73.653,73.582,73.622,1598.76
1782850980000,73.622,73.666,73.614,73.659,4000.73
1782851040000,73.666,73.669,73.625,73.625,1083.01
1782851100000,73.624,73.648,73.581,73.635,1013.71
1782851160000,73.635,73.656,73.627,73.632,1981.31
1782851220000,73.639,73.671,73.632,73.649,1708.6
1782851280000,73.65,73.68,73.642,73.678,990.93
1782851340000,73.678,73.68,73.658,73.659,952.77
1782851400000,73.666,73.667,73.561,73.569,1293.9
1782851460000,73.562,73.571,73.511,73.562,3821.68
1782851520000,73.568,73.569,73.514,73.552,1230.58
1782851580000,73.545,73.588,73.545,73.557,1119.99
1782851640000,73.558,73.62,73.557,73.612,1055.73
1782851700000,73.619,73.633,73.592,73.632,1041.9
1782851760000,73.632,73.632,73.578,73.586,1070.96
1782851820000,73.586,73.605,73.579,73.588,1122.74
1782851880000,73.588,73.706,73.582,73.705,1039.59
1782851940000,73.705,73.708,73.681,73.689,1705.9
1782852000000,73.682,73.738,73.662,73.662,1024.0
1782852060000,73.669,73.67,73.661,73.662,954.22
1782852120000,73.662,73.669,73.605,73.632,1021.18
1782852180000,73.625,73.667,73.625,73.659,1065.34
1782852240000,73.666,73.666,73.576,73.58,1171.13
1782852300000,73.579,73.666,73.576,73.665,1090.72
1782852360000,73.665,73.67,73.634,73.662,1074.89
1782852420000,73.669,73.858,73.661,73.857,1648.03
1782852480000,73.857,73.886,73.78,73.786,1404.76
1782852540000,73.792,73.898,73.738,73.745,1256.56
1782852600000,73.726,73.728,73.7,73.7,1464.57
1782852660000,73.7,73.702,73.553,73.554,2498.22
1782852720000,73.554,73.622,73.554,73.621,1143.79
1782852780000,73.621,73.622,73.595,73.614,1015.1
1782852840000,73.621,73.636,73.613,73.636,1170.28
1782852900000,73.636,73.659,73.628,73.651,1123.89
1782852960000,73.658,73.698,73.651,73.698,1375.05
1782853020000,73.692,73.699,73.68,73.695,1217.31
1782853080000,73.688,73.712,73.658,73.705,1119.94
1782853140000,73.705,73.712,73.659,73.666,1015.29
1782853200000,73.658,73.687,73.658,73.679,1204.11
1782853260000,73.678,73.687,73.678,73.679,1142.94
1782853320000,73.679,73.762,73.678,73.732,1061.15
1782853380000,73.739,73.761,73.635,73.635,2559.79
1782853440000,73.635,73.642,73.609,73.615,998.88
1782853500000,73.609,73.66,73.559,73.657,2267.28
1782853560000,73.657,73.66,73.618,73.641,1168.38
1782853620000,73.641,73.66,73.618,73.66,1016.07
1782853680000,73.659,73.696,73.648,73.656,962.25
1782853740000,73.656,73.656,73.531,73.54,1113.19
1782853800000,73.531,73.555,73.341,73.357,6463.59
1782853860000,73.358,73.365,73.174,73.229,3233.56
1782853920000,73.236,73.28,73.229,73.279,2408.11
1782853980000,73.273,73.286,73.187,73.279,1476.51
1782854040000,73.285,73.333,73.249,73.28,2335.2
1782854100000,73.287,73.349,73.279,73.349,1356.84
1782854160000,73.343,73.351,73.313,73.326,1073.85
1782854220000,73.326,73.343,73.289,73.336,910.92
1782854280000,73.343,73.344,73.285,73.343,1677.7
1782854340000,73.343,73.346,73.301,73.317,1754.32
1782854400000,73.322,73.323,73.282,73.312,1966.98
1782854460000,73.306,73.312,73.288,73.296,1103.27
1782854520000,73.296,73.296,73.24,73.24,1116.28
1782854580000,73.224,73.257,73.224,73.248,1487.77
1782854640000,73.248,73.287,73.228,73.235,1243.43
1782854700000,73.235,73.343,73.2,73.342,1460.81
1782854760000,73.336,73.343,73.255,73.263,1096.53
1782854820000,73.255,73.283,73.255,73.276,1253.33
1782854880000,73.269,73.292,73.268,73.292,1276.61
1782854940000,73.309,73.34,73.258,73.265,1331.33
1782855000000,73.258,73.37,73.258,73.36,1136.41
1782855060000,73.4,73.442,73.397,73.422,1541.75
1782855120000,73.422,73.422,73.325,73.372,1082.81
1782855180000,73.372,73.423,73.364,73.422,983.86
1782855240000,73.422,73.443,73.389,73.436,1101.29
1782855300000,73.436,73.442,73.427,73.428,1357.64
1782855360000,73.428,73.454,73.425,73.425,1100.05
1782855420000,73.424,73.433,73.387,73.388,1239.47
1782855480000,73.395,73.395,73.345,73.368,1515.6
1782855540000,73.368,73.392,73.362,73.386,1026.06
1782855600000,73.392,73.452,73.358,73.419,1027.54
1782855660000,73.415,73.445,73.415,73.442,1165.35
1782855720000,73.436,73.463,73.434,73.442,1221.58
1782855780000,73.443,73.443,73.374,73.395,1005.84
1782855840000,73.396,73.396,73.324,73.328,1043.01
1782855900000,73.334,73.379,73.323,73.323,991.46
1782855960000,73.329,73.346,73.32,73.341,1062.21
1782856020000,73.341,73.348,73.323,73.348,1993.54
1782856080000,73.341,73.348,73.324,73.325,1233.81
1782856140000,73.323,73.323,73.258,73.307,1072.73
1782856200000,73.307,73.326,73.299,73.325,1079.75
1782856260000,73.317,73.326,73.302,73.309,1130.23
1782856320000,73.309,73.36,73.301,73.36,1025.83
1782856380000,73.359,73.407,73.359,73.406,1120.7
1782856440000,73.401,73.406,73.342,73.342,1101.43
1782856500000,73.349,73.389,73.341,73.388,1074.27
1782856560000,73.414,73.431,73.379,73.386,1086.6
1782856620000,73.379,73.403,73.379,73.396,1067.86
1782856680000,73.396,73.431,73.396,73.429,1212.47
1782856740000,73.431,73.467,73.429,73.467,1011.96
1782856800000,73.462,73.529,73.436,73.472,4026.78
1782856860000,73.472,73.566,73.472,73.558,1052.18
1782856920000,73.558,73.632,73.542,73.632,1881.92
1782856980000,73.629,73.675,73.601,73.602,1645.67
1782857040000,73.609,73.609,73.578,73.605,925.58
1782857100000,73.598,73.66,73.598,73.625,1167.34
1782857160000,73.625,73.643,73.617,73.635,1245.91
1782857220000,73.635,73.664,73.635,73.663,1594.9
1782857280000,73.656,73.663,73.632,73.632,1699.72
1782857340000,73.632,73.639,73.551,73.572,1674.52
1782857400000,73.572,73.579,73.484,73.501,1315.6
1782857460000,73.501,73.509,73.5,73.507,1114.47
1782857520000,73.507,73.508,73.467,73.469,2128.41
1782857580000,73.469,73.519,73.468,73.508,1107.21
1782857640000,73.539,73.616,73.535,73.608,1070.79
1782857700000,73.608,73.66,73.607,73.646,1210.27
1782857760000,73.639,73.659,73.614,73.648,1042.52
1782857820000,73.641,73.666,73.641,73.665,1091.97
1782857880000,73.661,73.686,73.575,73.612,1172.47
1782857940000,73.619,73.688,73.612,73.688,1016.24
1782858000000,73.687,73.688,73.647,73.655,1759.7
1782858060000,73.662,73.662,73.577,73.578,1092.71
1782858120000,73.578,73.61,73.547,73.603,1236.13
1782858180000,73.603,73.61,73.574,73.575,1025.88
1782858240000,73.575,73.598,73.575,73.598,1008.0
1782858300000,73.598,73.599,73.571,73.595,967.47
1782858360000,73.595,73.595,73.55,73.551,1314.01
1782858420000,73.551,73.558,73.55,73.558,1027.7
1782858480000,73.551,73.572,73.519,73.572,1485.19
1782858540000,73.572,73.573,73.48,73.498,1158.19
1782858600000,73.491,73.498,73.361,73.462,2029.09
1782858660000,73.468,73.468,73.303,73.315,1423.41
1782858720000,73.315,73.349,73.244,73.345,3886.29
1782858780000,73.326,73.353,73.293,73.301,1167.05
1782858840000,73.294,73.338,73.294,73.299,1042.83
1782858900000,73.306,73.306,73.274,73.276,1447.24
1782858960000,73.276,73.349,73.252,73.348,1232.24
1782859020000,73.348,73.349,73.322,73.348,1141.16
1782859080000,73.348,73.379,73.34,73.372,1099.12
1782859140000,73.378,73.419,73.372,73.412,1130.7
1782859200000,73.412,73.425,73.388,73.425,1027.25
1782859260000,73.424,73.449,73.399,73.415,1055.51
1782859320000,73.422,73.423,73.395,73.396,1455.53
1782859380000,73.396,73.402,73.395,73.402,1036.61
1782859440000,73.396,73.423,73.395,73.422,949.29
1782859500000,73.422,73.423,73.371,73.372,1018.67
1782859560000,73.372,73.389,73.351,73.354,1191.02
1782859620000,73.351,73.375,73.329,73.368,1102.26
1782859680000,73.375,73.393,73.364,73.365,962.54
1782859740000,73.372,73.419,73.365,73.411,1003.52
1782859800000,73.418,73.418,73.375,73.411,1077.04
1782859860000,73.411,73.418,73.325,73.348,967.77
1782859920000,73.348,73.349,73.325,73.326,1202.9
1782859980000,73.325,73.352,73.325,73.345,1000.73
1782860040000,73.352,73.369,73.338,73.345,1316.26
1782860100000,73.345,73.366,73.345,73.365,954.84
1782860160000,73.358,73.365,73.357,73.358,1114.6
1782860220000,73.358,73.423,73.356,73.422,1274.8
1782860280000,73.422,73.422,73.389,73.389,1136.43
1782860340000,73.396,73.397,73.388,73.389,985.53
1782860400000,73.396,73.425,73.302,73.302,1189.33
1782860460000,73.302,73.413,73.301,73.363,1294.75
1782860520000,73.356,73.392,73.332,73.385,1012.39
1782860580000,73.392,73.393,73.34,73.34,1006.25
1782860640000,73.347,73.372,73.306,73.306,1077.19
1782860700000,73.312,73.375,73.285,73.375,1186.24
1782860760000,73.375,73.375,73.367,73.367,1050.05
1782860820000,73.368,73.394,73.367,73.393,1246.15
1782860880000,73.386,73.443,73.371,73.389,1871.24
1782860940000,73.398,73.406,73.398,73.398,1126.57
1782861000000,73.405,73.405,73.378,73.405,984.41
1782861060000,73.405,73.405,73.351,73.356,1088.01
1782861120000,73.351,73.373,73.337,73.345,1201.49
1782861180000,73.346,73.346,73.287,73.295,1198.55
1782861240000,73.295,73.336,73.287,73.336,1276.95
1782861300000,73.336,73.383,73.329,73.374,1565.7
1782861360000,73.372,73.396,73.371,73.389,965.93
1782861420000,73.389,73.45,73.389,73.395,2351.54
1782861480000,73.395,73.403,73.394,73.395,1039.98
1782861540000,73.402,73.425,73.395,73.425,990.1
1782861600000,73.418,73.503,73.418,73.425,1419.17
1782861660000,73.428,73.496,73.425,73.462,1331.79
1782861720000,73.462,73.51,73.448,73.503,1176.57
1782861780000,73.51,73.535,73.467,73.475,1038.16
1782861840000,73.468,73.525,73.468,73.519,1082.94
1782861900000,73.525,73.588,73.519,73.587,1066.46
1782861960000,73.587,73.613,73.583,73.612,1188.56
1782862020000,73.613,73.615,73.612,73.612,972.07
1782862080000,73.615,73.615,73.579,73.581,2450.8
1782862140000,73.579,73.581,73.537,73.538,1040.54
1782862200000,73.538,73.566,73.538,73.558,1014.93
1782862260000,73.558,73.565,73.488,73.524,1009.53
1782862320000,73.53,73.575,73.53,73.574,1000.94
1782862380000,73.575,73.586,73.574,73.575,923.3
1782862440000,73.575,73.673,73.528,73.663,2101.63
1782862500000,73.663,73.673,73.637,73.638,1300.64
1782862560000,73.6,73.6,73.544,73.552,2848.15
1782862620000,73.545,73.576,73.544,73.555,2276.67
1782862680000,73.548,73.582,73.538,73.546,1081.19
1782862740000,73.546,73.547,73.519,73.519,1021.06
1782862800000,73.525,73.542,73.518,73.525,1079.28
1782862860000,73.519,73.525,73.478,73.479,963.82
1782862920000,73.479,73.522,73.479,73.492,997.0
1782862980000,73.498,73.526,73.492,73.501,992.86
1782863040000,73.495,73.57,73.495,73.569,2145.12
1782863100000,73.569,73.586,73.541,73.562,1065.82
1782863160000,73.562,73.61,73.562,73.61,1097.48
1782863220000,73.625,73.66,73.617,73.659,1045.4
1782863280000,73.659,73.663,73.635,73.662,1069.84
1782863340000,73.655,73.678,73.621,73.622,952.68
1782863400000,73.622,73.652,73.586,73.629,1322.99
1782863460000,73.635,73.636,73.602,73.609,956.81
1782863520000,73.602,73.609,73.556,73.563,982.89
1782863580000,73.556,73.602,73.555,73.595,1159.59
1782863640000,73.595,73.602,73.562,73.592,1096.03
1782863700000,73.592,73.613,73.567,73.567,1719.3
1782863760000,73.575,73.609,73.568,73.601,966.7
1782863820000,73.601,73.609,73.6,73.601,1015.05
1782863880000,73.601,73.643,73.6,73.642,1039.51
1782863940000,73.65,73.659,73.628,73.628,1378.22
1782864000000,73.628,73.689,73.628,73.647,1026.69
1782864060000,73.642,73.647,73.562,73.599,1178.5
1782864120000,73.592,73.66,73.562,73.569,1018.42
1782864180000,73.569,73.622,73.531,73.592,1219.32
1782864240000,73.599,73.649,73.592,73.648,1502.92
1782864300000,73.642,73.681,73.642,73.675,1126.6
1782864360000,73.667,73.692,73.626,73.632,2752.76
1782864420000,73.626,73.699,73.626,73.698,1182.91
1782864480000,73.691,73.699,73.681,73.682,1514.25
1782864540000,73.682,73.689,73.58,73.588,973.59
1782864600000,73.581,73.677,73.581,73.67,1260.98
1782864660000,73.678,73.7,73.634,73.643,1079.12
1782864720000,73.643,73.663,73.576,73.576,1367.35
1782864780000,73.576,73.703,73.574,73.702,1331.44
1782864840000,73.702,73.703,73.695,73.695,1054.6
1782864900000,73.695,73.79,73.634,73.642,2638.15
1782864960000,73.642,73.709,73.635,73.701,1127.19
1782865020000,73.701,73.708,73.645,73.645,1008.22
1782865080000,73.625,73.648,73.584,73.585,1785.44
1782865140000,73.592,73.598,73.505,73.508,1232.94
1782865200000,73.504,73.593,73.5,73.592,1405.72
1782865260000,73.585,73.591,73.438,73.438,1480.81
1782865320000,73.438,73.438,73.414,73.419,1436.88
1782865380000,73.419,73.439,73.372,73.422,2073.69
1782865440000,73.439,73.459,73.422,73.445,1073.63
1782865500000,73.445,73.445,73.361,73.372,2819.94
1782865560000,73.379,73.38,73.334,73.346,2204.48
1782865620000,73.346,73.42,73.339,73.406,1086.55
1782865680000,73.406,73.512,73.406,73.512,1345.03
1782865740000,73.505,73.528,73.482,73.489,1087.59
1782865800000,73.49,73.629,73.479,73.629,1191.92
1782865860000,73.622,73.852,73.622,73.669,5171.7
1782865920000,73.669,73.756,73.638,73.728,1802.57
1782865980000,73.735,73.77,73.662,73.714,1863.69
1782866040000,73.714,73.725,73.663,73.67,1482.41
1782866100000,73.663,73.671,73.542,73.553,1084.9
1782866160000,73.553,73.595,73.553,73.578,1110.59
1782866220000,73.585,73.634,73.577,73.609,996.54
1782866280000,73.616,73.676,73.579,73.579,1038.35
1782866340000,73.585,73.601,73.559,73.559,915.27
1782866400000,73.566,73.62,73.557,73.619,1091.48
1782866460000,73.612,73.619,73.558,73.572,1614.74
1782866520000,73.565,73.589,73.534,73.535,1053.77
1782866580000,73.535,73.582,73.535,73.569,1059.13
1782866640000,73.575,73.585,73.568,73.582,1106.11
1782866700000,73.575,73.625,73.556,73.589,1023.15
1782866760000,73.596,73.634,73.545,73.568,1122.78
1782866820000,73.568,73.615,73.568,73.575,1038.19
1782866880000,73.575,73.609,73.552,73.602,1757.9
1782866940000,73.609,73.643,73.582,73.598,1055.04
1782867000000,73.597,73.605,73.581,73.597,3178.11
1782867060000,73.598,73.676,73.597,73.668,1024.39
1782867120000,73.668,73.799,73.668,73.774,1134.43
1782867180000,73.785,73.792,73.68,73.685,1331.17
1782867240000,73.692,73.693,73.637,73.638,1137.62
1782867300000,73.638,73.662,73.637,73.662,1009.71
1782867360000,73.662,73.688,73.646,73.662,1130.03
1782867420000,73.655,73.663,73.654,73.662,1111.15
1782867480000,73.663,73.688,73.619,73.619,1178.53
1782867540000,73.619,73.626,73.6,73.606,1289.99
1782867600000,73.601,73.635,73.601,73.609,1380.42
1782867660000,73.615,73.615,73.545,73.575,917.99
1782867720000,73.575,73.596,73.478,73.502,1055.17
1782867780000,73.502,73.503,73.461,73.478,1256.41
1782867840000,73.471,73.478,73.35,73.35,1231.07
1782867900000,73.353,73.374,73.212,73.242,3117.82
1782867960000,73.241,73.295,73.151,73.179,2573.13
1782868020000,73.173,73.239,73.151,73.183,1340.07
1782868080000,73.19,73.193,73.034,73.034,5649.52
1782868140000,73.035,73.052,72.932,72.939,2781.31
1782868200000,72.947,72.947,72.72,72.729,6124.96
1782868260000,72.722,72.829,72.712,72.761,1753.76
1782868320000,72.809,72.846,72.347,72.36,14807.62
1782868380000,72.36,72.732,72.234,72.732,8803.84
1782868440000,72.732,72.908,72.7,72.836,5333.24
1782868500000,72.829,73.163,72.829,73.052,2897.07
1782868560000,73.045,73.052,72.712,72.713,1927.29
1782868620000,72.713,72.907,72.712,72.872,1970.07
1782868680000,72.872,72.997,72.785,72.989,1864.15
1782868740000,72.989,73.112,72.917,73.105,1495.08
1782868800000,73.106,73.246,73.038,73.209,3471.67
1782868860000,73.231,73.269,73.181,73.19,1488.54
1782868920000,73.19,73.45,73.156,73.344,4554.84
1782868980000,73.351,73.351,73.228,73.229,1341.29
1782869040000,73.235,73.259,73.087,73.133,2168.92
1782869100000,73.132,73.22,73.1,73.1,1800.45
1782869160000,73.1,73.204,73.078,73.196,1767.65
1782869220000,73.203,73.28,73.161,73.279,2038.91
1782869280000,73.272,73.321,73.213,73.265,1224.84
1782869340000,73.259,73.3,73.228,73.235,1246.21
1782869400000,73.228,73.386,73.19,73.348,1707.67
1782869460000,73.348,73.424,73.278,73.308,1678.97
1782869520000,73.342,73.432,73.342,73.365,1269.98
1782869580000,73.358,73.382,73.28,73.288,1224.75
1782869640000,73.281,73.338,73.247,73.285,1484.74
1782869700000,73.305,73.395,73.298,73.395,3505.8
1782869760000,73.395,73.395,73.333,73.355,1996.0
1782869820000,73.355,73.406,73.342,73.397,1023.68
1782869880000,73.397,73.72,73.39,73.691,4902.89
1782869940000,73.701,74.169,73.692,73.968,17999.21
1782870000000,73.975,74.1,73.876,74.1,8579.56
1782870060000,74.117,74.335,74.062,74.091,16211.1
1782870120000,74.082,74.1,73.995,74.1,2311.69
1782870180000,74.069,74.212,74.069,74.212,2906.39
1782870240000,74.209,74.251,74.129,74.17,2291.17
1782870300000,74.17,74.249,74.061,74.105,1592.24
1782870360000,74.1,74.104,73.908,73.925,4095.39
1782870420000,73.932,74.009,73.925,74.009,1225.49
1782870480000,74.002,74.014,73.902,73.902,1994.36
1782870540000,73.902,73.934,73.858,73.886,2170.36
1782870600000,73.879,73.906,73.77,73.81,1495.0
1782870660000,73.816,73.82,73.754,73.8,2114.94
1782870720000,73.8,73.866,73.763,73.859,1392.57
1782870780000,73.859,73.909,73.855,73.908,1175.29
1782870840000,73.908,74.033,73.905,74.016,1899.61
1782870900000,74.016,74.117,74.01,74.052,2078.28
1782870960000,74.051,74.105,74.011,74.032,1147.47
1782871020000,74.031,74.059,73.971,73.978,970.4
1782871080000,73.96,73.961,73.915,73.916,1202.37
1782871140000,73.923,73.972,73.915,73.915,2683.21
1782871200000,73.916,73.995,73.916,73.995,1126.53
1782871260000,73.999,74.046,73.951,73.975,1523.78
1782871320000,73.955,74.066,73.897,74.045,1594.54
1782871380000,74.053,74.069,73.975,74.05,1343.22
1782871440000,74.058,74.059,73.966,73.967,1201.09
1782871500000,73.974,73.974,73.865,73.866,1171.08
1782871560000,73.875,73.875,73.758,73.799,1943.86
1782871620000,73.776,73.859,73.773,73.857,2101.18
1782871680000,73.839,73.862,73.835,73.839,1478.8
1782871740000,73.84,73.909,73.836,73.908,1106.83
1782871800000,73.905,74.007,73.905,73.982,1487.68
1782871860000,73.982,74.008,73.946,74.002,1232.17
1782871920000,74.002,74.109,74.002,74.109,2341.88
1782871980000,74.105,74.239,74.082,74.155,2856.56
1782872040000,74.155,74.163,74.066,74.114,2187.02
1782872100000,74.105,74.195,74.064,74.189,1318.7
1782872160000,74.189,74.361,74.188,74.322,3907.6
1782872220000,74.322,74.322,74.211,74.239,1399.7
1782872280000,74.239,74.286,74.175,74.176,1258.65
1782872340000,74.183,74.212,74.101,74.145,1290.16
1782872400000,74.152,74.179,74.105,74.172,1395.56
1782872460000,74.172,74.364,74.146,74.348,1939.36
1782872520000,74.335,74.461,74.327,74.433,2556.81
1782872580000,74.425,74.461,74.318,74.442,1998.72
1782872640000,74.435,74.454,74.38,74.38,1653.46
1782872700000,74.381,74.404,74.359,74.376,1130.33
1782872760000,74.382,74.546,74.346,74.532,3505.43
1782872820000,74.531,74.539,74.404,74.465,1785.27
1782872880000,74.458,74.566,74.457,74.499,3146.94
1782872940000,74.5,74.5,74.423,74.445,1124.4
1782873000000,74.445,74.523,74.422,74.515,1240.48
1782873060000,74.522,74.73,74.481,74.488,7326.35
1782873120000,74.495,74.593,74.475,74.492,1414.43
1782873180000,74.486,74.559,74.455,74.551,1321.7
1782873240000,74.558,74.672,74.551,74.652,1157.29
1782873300000,74.66,74.746,74.622,74.705,2007.13
1782873360000,74.706,74.75,74.68,74.714,3688.45
1782873420000,74.715,74.739,74.68,74.738,1321.97
1782873480000,74.731,74.951,74.703,74.942,7571.56
1782873540000,74.95,74.951,74.805,74.806,2021.97
1782873600000,74.812,74.843,74.719,74.719,2216.29
1782873660000,74.719,74.859,74.718,74.858,2594.51
1782873720000,74.858,74.863,74.8,74.857,1173.8
1782873780000,74.853,74.934,74.836,74.926,1351.0
1782873840000,74.925,74.985,74.925,74.972,1526.28
1782873900000,74.965,74.994,74.9,74.935,5130.72
1782873960000,74.942,74.959,74.775,74.775,5903.72
1782874020000,74.775,74.776,74.687,74.703,2989.76
1782874080000,74.703,74.819,74.663,74.726,2220.66
1782874140000,74.733,74.734,74.701,74.726,1089.92
1782874200000,74.726,74.734,74.714,74.722,1101.7
1782874260000,74.715,74.796,74.715,74.719,1297.78
1782874320000,74.719,74.794,74.711,74.749,1180.03
1782874380000,74.756,74.803,74.745,74.788,1243.61
1782874440000,74.788,74.899,74.787,74.899,1115.36
1782874500000,74.899,74.92,74.855,74.906,1245.08
1782874560000,74.906,74.907,74.798,74.806,1256.57
1782874620000,74.806,74.859,74.798,74.799,1188.01
1782874680000,74.805,74.806,74.756,74.778,3138.42
1782874740000,74.778,74.786,74.742,74.742,1108.62
1782874800000,74.743,74.793,74.721,74.756,1659.83
1782874860000,74.749,74.757,74.626,74.627,1889.5
1782874920000,74.63,74.675,74.573,74.58,1810.71
1782874980000,74.573,74.626,74.553,74.558,3760.7
1782875040000,74.558,74.576,74.538,74.55,1657.9
1782875100000,74.551,74.729,74.539,74.729,1541.85
1782875160000,74.729,74.804,74.722,74.796,2583.23
1782875220000,74.803,74.871,74.796,74.871,1588.7
1782875280000,74.874,74.877,74.701,74.708,1721.63
1782875340000,74.702,74.709,74.665,74.692,2560.49
1782875400000,74.692,74.692,74.624,74.656,1394.62
1782875460000,74.656,74.662,74.6,74.645,1681.46
1782875520000,74.645,74.675,74.637,74.665,1086.07
1782875580000,74.665,74.665,74.632,74.639,1182.3
1782875640000,74.639,74.663,74.622,74.63,1076.0
1782875700000,74.63,74.63,74.565,74.566,1347.64
1782875760000,74.566,74.596,74.461,74.519,3979.02
1782875820000,74.525,74.543,74.427,74.428,2099.67
1782875880000,74.435,74.5,74.391,74.44,1504.84
1782875940000,74.441,74.465,74.402,74.403,1686.65
1782876000000,74.41,74.411,74.314,74.358,2831.58
1782876060000,74.352,74.4,74.352,74.385,1989.21
1782876120000,74.379,74.459,74.379,74.457,1765.79
1782876180000,74.451,74.493,74.423,74.442,1068.37
1782876240000,74.449,74.453,74.416,74.442,1001.35
1782876300000,74.442,74.468,74.394,74.398,2406.08
1782876360000,74.399,74.422,74.377,74.393,1056.02
1782876420000,74.386,74.439,74.368,74.439,1251.28
1782876480000,74.435,74.52,74.421,74.519,2313.0
1782876540000,74.512,74.52,74.475,74.499,1266.36
1782876600000,74.499,74.546,74.456,74.536,1271.08
1782876660000,74.529,74.537,74.465,74.466,1161.95
1782876720000,74.476,74.477,74.386,74.455,3083.79
1782876780000,74.455,74.543,74.449,74.535,3118.71
1782876840000,74.534,74.559,74.486,74.506,1026.68
1782876900000,74.512,74.609,74.506,74.552,1876.57
1782876960000,74.552,74.869,74.545,74.868,2965.65
1782877020000,74.86,75.205,74.859,75.048,6934.47
1782877080000,75.048,75.055,74.928,74.952,2100.83
1782877140000,74.952,75.024,74.945,74.996,1771.5
1782877200000,74.989,75.016,74.902,74.909,6546.71
1782877260000,74.902,74.973,74.894,74.894,1633.43
1782877320000,74.894,74.903,74.762,74.762,1834.51
1782877380000,74.769,74.789,74.761,74.789,1112.81
1782877440000,74.789,74.814,74.783,74.794,1177.6
1782877500000,74.787,74.888,74.718,74.881,1800.48
1782877560000,74.881,75.151,74.88,75.151,3345.04
1782877620000,75.156,75.477,75.156,75.25,7773.75
1782877680000,75.232,75.257,75.184,75.213,1277.91
1782877740000,75.214,75.239,75.205,75.216,1287.45
1782877800000,75.222,75.356,75.216,75.35,1744.45
1782877860000,75.35,75.35,75.228,75.253,1477.34
1782877920000,75.246,75.523,75.245,75.428,3524.85
1782877980000,75.427,75.473,75.38,75.445,1343.98
1782878040000,75.445,75.609,75.424,75.562,4027.84
1782878100000,75.562,75.664,75.504,75.536,2440.84
1782878160000,75.536,75.556,75.478,75.555,1888.87
1782878220000,75.555,75.555,75.478,75.479,1362.09
1782878280000,75.479,75.486,75.415,75.45,1476.88
1782878340000,75.431,75.449,75.425,75.449,1361.29
1782878400000,75.448,75.504,75.403,75.403,2086.19
1782878460000,75.404,75.424,75.33,75.365,2575.23
1782878520000,75.365,75.46,75.305,75.376,1846.24
1782878580000,75.369,75.442,75.368,75.423,1407.22
1782878640000,75.423,75.5,75.416,75.493,1298.64
1782878700000,75.493,75.61,75.486,75.606,4214.54
1782878760000,75.599,75.606,75.497,75.588,1508.63
1782878820000,75.588,75.588,75.475,75.536,1640.53
1782878880000,75.513,75.52,75.445,75.448,1299.64
1782878940000,75.423,75.446,75.423,75.446,1209.87
1782879000000,75.446,75.474,75.438,75.442,1600.96
1782879060000,75.449,75.466,75.41,75.417,1126.62
1782879120000,75.417,75.497,75.41,75.435,1225.16
1782879180000,75.442,75.466,75.395,75.396,1094.3
1782879240000,75.402,75.402,75.335,75.336,1369.88
1782879300000,75.336,75.415,75.317,75.399,1993.61
1782879360000,75.399,75.414,75.355,75.413,1204.29
1782879420000,75.413,75.414,75.295,75.3,3827.6
1782879480000,75.302,75.343,75.3,75.326,1372.22
1782879540000,75.327,75.34,75.294,75.322,2933.99
1782879600000,75.299,75.307,75.14,75.298,2146.09
1782879660000,75.3,75.31,75.285,75.286,1858.79
1782879720000,75.292,75.34,75.285,75.286,1055.0
1782879780000,75.286,75.353,75.262,75.309,1377.86
1782879840000,75.309,75.316,75.239,75.246,1039.17
1782879900000,75.238,75.277,75.226,75.274,1409.3
1782879960000,75.274,75.305,75.247,75.298,1087.08
1782880020000,75.298,75.363,75.298,75.363,1176.68
1782880080000,75.356,75.441,75.355,75.438,3475.33
1782880140000,75.43,75.439,75.382,75.389,1843.1
1782880200000,75.382,75.46,75.327,75.46,3102.98
1782880260000,75.46,75.783,75.459,75.628,8541.09
1782880320000,75.628,75.636,75.568,75.599,2248.92
1782880380000,75.606,75.606,75.505,75.513,1303.56
1782880440000,75.513,75.526,75.46,75.497,2082.62
1782880500000,75.497,75.504,75.388,75.399,6348.92
1782880560000,75.406,75.422,75.338,75.422,1374.56
1782880620000,75.416,75.427,75.378,75.393,1107.44
1782880680000,75.4,75.495,75.392,75.449,3516.85
1782880740000,75.456,75.457,75.371,75.429,4860.23
1782880800000,75.429,75.487,75.409,75.487,1048.73
1782880860000,75.478,75.544,75.478,75.512,5082.39
1782880920000,75.512,75.598,75.49,75.572,1087.74
1782880980000,75.572,75.579,75.511,75.563,4963.16
1782881040000,75.563,75.567,75.511,75.559,1187.73
1782881100000,75.559,75.765,75.529,75.765,5546.53
1782881160000,75.758,75.837,75.652,75.749,3515.37
1782881220000,75.75,75.75,75.664,75.67,1524.28
1782881280000,75.67,75.748,75.669,75.725,1501.56
1782881340000,75.678,75.735,75.675,75.706,4607.61
1782881400000,75.706,75.729,75.679,75.703,2833.78
1782881460000,75.703,75.704,75.664,75.692,1209.82
1782881520000,75.705,75.706,75.621,75.629,1292.76
1782881580000,75.63,75.63,75.571,75.579,3794.83
1782881640000,75.579,75.64,75.578,75.618,1563.09
1782881700000,75.64,75.645,75.6,75.639,1204.82
1782881760000,75.64,75.64,75.551,75.616,1066.93
1782881820000,75.609,75.616,75.54,75.54,1159.46
1782881880000,75.541,75.55,75.521,75.522,1771.54
1782881940000,75.529,75.546,75.498,75.519,5006.86
1782882000000,75.527,75.547,75.518,75.546,1041.46
1782882060000,75.538,75.606,75.518,75.558,1257.54
1782882120000,75.552,75.603,75.525,75.535,6894.08
1782882180000,75.542,75.562,75.534,75.554,1314.09
1782882240000,75.555,75.593,75.555,75.592,1587.84
1782882300000,75.585,75.739,75.584,75.715,4590.98
1782882360000,75.722,75.75,75.64,75.64,4871.08
1782882420000,75.643,75.651,75.621,75.645,1288.91
1782882480000,75.65,75.673,75.6,75.618,1297.98
1782882540000,75.612,75.618,75.415,75.423,1602.54
1782882600000,75.422,75.462,75.38,75.423,3972.73
1782882660000,75.415,75.429,75.385,75.401,1233.67
1782882720000,75.401,75.453,75.375,75.445,1884.97
1782882780000,75.452,75.473,75.429,75.43,1110.67
1782882840000,75.437,75.463,75.429,75.455,1173.81
1782882900000,75.455,75.516,75.454,75.492,1371.34
1782882960000,75.499,75.6,75.491,75.579,1194.72
1782883020000,75.573,75.589,75.537,75.566,1174.31
1782883080000,75.573,75.59,75.488,75.489,1053.63
1782883140000,75.489,75.523,75.488,75.522,1309.19
1782883200000,75.522,75.522,75.421,75.429,1138.0
1782883260000,75.422,75.429,75.252,75.252,1833.15
1782883320000,75.251,75.295,75.251,75.265,1357.68
1782883380000,75.265,75.309,75.264,75.308,2919.91
1782883440000,75.309,75.325,75.3,75.319,1194.71
1782883500000,75.325,75.339,75.255,75.266,2028.17
1782883560000,75.266,75.267,75.167,75.168,1675.35
1782883620000,75.175,75.219,75.167,75.211,2028.58
1782883680000,75.212,75.243,75.155,75.188,3215.64
1782883740000,75.182,75.189,75.121,75.142,1750.79
1782883800000,75.142,75.196,75.141,75.188,1385.68
1782883860000,75.213,75.264,75.179,75.179,1255.47
1782883920000,75.179,75.279,75.179,75.232,1232.19
1782883980000,75.239,75.244,75.161,75.166,2171.75
1782884040000,75.166,75.23,75.132,75.226,2329.62
1782884100000,75.225,75.25,75.172,75.179,1180.32
1782884160000,75.173,75.198,75.147,75.192,1912.16
1782884220000,75.192,75.198,75.132,75.138,2066.09
1782884280000,75.132,75.187,75.12,75.179,1033.05
1782884340000,75.208,75.22,75.184,75.218,996.62
1782884400000,75.218,75.28,75.216,75.28,1190.74
1782884460000,75.277,75.32,75.277,75.303,1218.44
1782884520000,75.296,75.304,75.185,75.238,1266.05
1782884580000,75.231,75.263,75.231,75.256,1161.68
1782884640000,75.262,75.314,75.255,75.306,1106.28
1782884700000,75.306,75.37,75.306,75.358,1179.7
1782884760000,75.365,75.366,75.253,75.289,1013.86
1782884820000,75.289,75.289,75.197,75.205,1241.07
1782884880000,75.206,75.229,75.197,75.223,2994.96
1782884940000,75.229,75.242,75.141,75.155,1026.97
1782885000000,75.155,75.233,75.148,75.225,1138.14
1782885060000,75.225,75.275,75.225,75.229,4975.45
1782885120000,75.229,75.273,75.163,75.164,966.14
1782885180000,75.163,75.175,75.151,75.159,1663.15
1782885240000,75.159,75.169,75.141,75.168,1828.63
1782885300000,75.169,75.17,75.144,75.162,1140.03
1782885360000,75.186,75.21,75.179,75.196,1284.43
1782885420000,75.196,75.223,75.195,75.215,1666.59
1782885480000,75.214,75.223,75.214,75.222,1049.87
1782885540000,75.215,75.223,75.214,75.215,1110.25
1782885600000,75.214,75.24,75.214,75.232,1151.6
1782885660000,75.232,75.239,75.088,75.088,2700.95
1782885720000,75.086,75.122,75.074,75.116,1567.18
1782885780000,75.116,75.122,75.029,75.065,1760.1
1782885840000,75.072,75.126,75.029,75.032,1199.55
1782885900000,75.032,75.075,75.029,75.055,1313.12
1782885960000,75.054,75.065,75.028,75.062,14954.23
1782886020000,75.062,75.063,75.009,75.022,4612.3
1782886080000,75.015,75.023,74.97,74.97,1976.78
1782886140000,74.973,74.973,74.903,74.912,2783.54
1782886200000,74.905,75.003,74.905,75.0,2154.19
1782886260000,75.003,75.036,74.991,75.012,3112.85
1782886320000,75.012,75.019,74.965,74.965,1312.69
1782886380000,74.972,74.988,74.908,74.915,1372.11
1782886440000,74.907,74.983,74.907,74.974,1293.79
1782886500000,74.982,75.013,74.937,74.948,4577.06
1782886560000,74.955,75.035,74.948,75.011,2221.7
1782886620000,75.011,75.018,74.936,74.938,1793.83
1782886680000,74.945,74.946,74.901,74.903,3952.96
1782886740000,74.903,74.903,74.834,74.835,3196.25
1782886800000,74.842,74.843,74.69,74.69,10689.58
1782886860000,74.691,74.746,74.58,74.588,8469.05
1782886920000,74.577,74.62,74.54,74.598,2499.04
1782886980000,74.592,74.679,74.561,74.678,1925.49
1782887040000,74.655,74.669,74.601,74.662,1924.72
1782887100000,74.662,74.706,74.603,74.641,1650.32
1782887160000,74.641,74.716,74.61,74.709,1862.08
1782887220000,74.717,74.717,74.643,74.651,3044.44
1782887280000,74.651,74.718,74.644,74.718,3086.53
1782887340000,74.712,74.722,74.691,74.715,1377.13
1782887400000,74.722,74.728,74.67,74.711,5195.15
1782887460000,74.71,74.759,74.698,74.701,1471.78
1782887520000,74.701,74.739,74.701,74.715,1037.89
1782887580000,74.722,74.739,74.442,74.445,4326.32
1782887640000,74.445,74.565,74.4,74.4,3029.33
1782887700000,74.4,74.449,74.284,74.328,5917.29
1782887760000,74.336,74.337,74.173,74.174,6747.87
1782887820000,74.174,74.182,74.071,74.097,9675.18
1782887880000,74.124,74.125,73.921,73.975,6500.17
1782887940000,73.975,74.166,73.969,74.114,5122.19
1782888000000,74.114,74.169,74.113,74.169,1650.06
1782888060000,74.169,74.169,74.033,74.092,3544.61
1782888120000,74.092,74.169,74.092,74.161,3820.17
1782888180000,74.168,74.185,74.13,74.148,6414.35
1782888240000,74.154,74.225,74.13,74.224,1539.15
1782888300000,74.217,74.243,74.107,74.204,2211.6
1782888360000,74.162,74.162,73.991,74.047,2549.11
1782888420000,74.048,74.088,73.971,74.024,1848.44
1782888480000,74.024,74.063,74.024,74.054,2490.16
1782888540000,74.048,74.142,74.048,74.134,1320.63
1782888600000,74.134,74.186,74.134,74.178,5161.45
1782888660000,74.172,74.212,74.163,74.198,4077.19
1782888720000,74.205,74.273,74.197,74.271,1419.05
1782888780000,74.265,74.325,74.257,74.258,2982.53
1782888840000,74.285,74.286,74.238,74.239,1771.33
1782888900000,74.238,74.265,74.228,74.258,3578.64
1782888960000,74.265,74.282,74.188,74.281,1036.79
1782889020000,74.281,74.302,74.274,74.294,1402.84
1782889080000,74.287,74.295,74.211,74.231,1253.11
1782889140000,74.208,74.268,74.157,74.26,1569.66
1782889200000,74.267,74.345,74.254,74.284,2587.42
1782889260000,74.284,74.301,74.207,74.208,1280.66
1782889320000,74.208,74.306,74.203,74.305,3837.54
1782889380000,74.306,74.306,74.181,74.218,1380.2
1782889440000,74.212,74.219,74.211,74.218,1108.28
1782889500000,74.218,74.226,74.176,74.219,1073.06
1782889560000,74.218,74.227,74.101,74.145,1955.73
1782889620000,74.146,74.146,74.057,74.097,1432.4
1782889680000,74.097,74.188,74.057,74.188,1772.01
1782889740000,74.188,74.244,74.182,74.244,1331.1
1782889800000,74.244,74.245,74.14,74.231,1482.47
1782889860000,74.231,74.24,74.191,74.231,1883.43
1782889920000,74.25,74.406,74.247,74.355,3628.27
1782889980000,74.362,74.363,74.282,74.322,1259.35
1782890040000,74.322,74.398,74.321,74.384,1685.99
1782890100000,74.377,74.394,74.355,74.384,1195.47
1782890160000,74.378,74.461,74.34,74.46,1760.88
1782890220000,74.461,74.51,74.452,74.468,2360.01
1782890280000,74.468,74.476,74.351,74.445,2419.76
1782890340000,74.445,74.462,74.421,74.427,1204.05
1782890400000,74.434,74.462,74.253,74.261,1467.33
1782890460000,74.254,74.431,74.233,74.424,1264.96
1782890520000,74.424,74.641,74.424,74.641,1717.93
1782890580000,74.642,74.726,74.61,74.707,2045.65
1782890640000,74.714,74.715,74.629,74.686,1280.55
1782890700000,74.678,74.685,74.625,74.684,1228.84
1782890760000,74.677,74.684,74.571,74.587,1351.78
1782890820000,74.587,74.62,74.586,74.604,1330.62
1782890880000,74.598,74.614,74.55,74.551,1346.44
1782890940000,74.558,74.575,74.55,74.558,1176.09
1782891000000,74.551,74.558,74.377,74.465,1621.25
1782891060000,74.458,74.628,74.458,74.584,1433.97
1782891120000,74.584,74.594,74.507,74.527,1101.0
1782891180000,74.534,74.582,74.527,74.564,1185.47
1782891240000,74.557,74.622,74.557,74.621,1310.82
1782891300000,74.621,74.679,74.508,74.516,2437.31
1782891360000,74.515,74.626,74.507,74.591,1535.89
1782891420000,74.598,74.625,74.59,74.604,1088.95
1782891480000,74.597,74.652,74.597,74.608,1274.87
1782891540000,74.6,74.628,74.591,74.607,983.36
1782891600000,74.617,74.631,74.551,74.583,1166.71
1782891660000,74.583,74.805,74.582,74.797,1601.99
1782891720000,74.805,74.838,74.741,74.741,4766.43
1782891780000,74.744,74.754,74.684,74.689,10671.81
1782891840000,74.688,74.708,74.651,74.674,1068.94
1782891900000,74.667,74.674,74.607,74.648,1775.05
1782891960000,74.677,74.677,74.601,74.624,1129.39
1782892020000,74.616,74.699,74.616,74.694,1088.7
1782892080000,74.694,74.79,74.693,74.768,1132.63
1782892140000,74.775,74.923,74.748,74.857,4767.37
1782892200000,74.864,74.928,74.776,74.787,1837.6
1782892260000,74.786,74.794,74.75,74.751,1572.4
1782892320000,74.74,74.769,74.73,74.761,1070.88
1782892380000,74.769,74.769,74.74,74.744,2360.15
1782892440000,74.744,74.762,74.737,74.744,2151.89
1782892500000,74.744,74.746,74.72,74.721,1439.53
1782892560000,74.728,74.785,74.72,74.785,1259.21
1782892620000,74.777,74.868,74.777,74.86,1320.99
1782892680000,74.86,74.868,74.806,74.813,1192.78
1782892740000,74.841,74.874,74.841,74.848,960.56
1782892800000,74.848,74.849,74.748,74.791,6442.7
1782892860000,74.791,74.798,74.679,74.715,1302.22
1782892920000,74.7,74.775,74.61,74.746,1318.35
1782892980000,74.789,74.876,74.789,74.79,1120.9
1782893040000,74.79,74.922,74.79,74.874,2049.16
1782893100000,74.882,74.974,74.846,74.961,1798.45
1782893160000,74.968,74.969,74.924,74.924,1492.86
1782893220000,74.948,75.033,74.897,74.948,6295.22
1782893280000,74.949,75.002,74.94,74.948,1213.45
1782893340000,74.948,75.033,74.85,74.901,1497.22
1782893400000,74.901,74.978,74.871,74.894,1348.91
1782893460000,74.894,74.928,74.821,74.821,1150.82
1782893520000,74.821,74.925,74.8,74.925,1378.32
1782893580000,74.925,74.932,74.891,74.894,1626.65
1782893640000,74.901,74.901,74.8,74.8,1342.74
1782893700000,74.802,74.86,74.8,74.847,1070.3
1782893760000,74.874,74.875,74.845,74.845,1052.53
1782893820000,74.845,74.852,74.8,74.825,1918.89
1782893880000,74.83,74.832,74.742,74.767,1343.54
1782893940000,74.767,74.811,74.736,74.744,1568.76
1782894000000,74.737,74.744,74.668,74.691,1562.76
1782894060000,74.684,74.721,74.583,74.583,3829.06
1782894120000,74.577,74.592,74.52,74.544,2563.37
1782894180000,74.544,74.598,74.493,74.535,2079.74
1782894240000,74.541,74.571,74.5,74.534,1615.76
1782894300000,74.542,74.62,74.534,74.611,2004.63
1782894360000,74.611,74.712,74.587,74.711,2211.69
1782894420000,74.704,74.721,74.664,74.684,6401.48
1782894480000,74.684,74.691,74.615,74.651,1127.85
1782894540000,74.671,74.671,74.617,74.618,1161.51
1782894600000,74.618,74.748,74.618,74.68,1287.65
1782894660000,74.68,74.721,74.67,74.699,1296.17
1782894720000,74.692,74.705,74.6,74.6,2319.66
1782894780000,74.584,74.592,74.441,74.447,5150.15
1782894840000,74.447,74.699,74.439,74.667,3131.44
1782894900000,74.674,74.674,74.599,74.602,1962.95
1782894960000,74.608,74.638,74.525,74.611,2223.47
1782895020000,74.611,74.622,74.56,74.601,1074.11
1782895080000,74.607,74.688,74.554,74.682,2413.8
1782895140000,74.682,74.688,74.64,74.645,2035.29
1782895200000,74.651,74.679,74.645,74.665,1876.33
1782895260000,74.673,74.688,74.624,74.662,1325.67
1782895320000,74.669,74.75,74.661,74.75,2099.99
1782895380000,74.747,74.799,74.662,74.798,3778.71
1782895440000,74.791,74.849,74.774,74.835,1425.38
1782895500000,74.827,74.835,74.783,74.791,1745.8
1782895560000,74.784,74.812,74.737,74.768,1243.82
1782895620000,74.775,74.776,74.711,74.718,1633.13
1782895680000,74.719,74.729,74.711,74.725,3842.58
1782895740000,74.725,74.725,74.658,74.658,1052.31
1782895800000,74.665,74.669,74.644,74.668,1037.33
1782895860000,74.66,74.795,74.66,74.794,1159.83
1782895920000,74.795,74.835,74.787,74.818,1206.32
1782895980000,74.818,74.819,74.776,74.777,1668.59
1782896040000,74.784,74.828,74.776,74.821,1113.19
1782896100000,74.821,74.949,74.8,74.949,2064.2
1782896160000,74.949,74.976,74.923,74.976,3747.94
1782896220000,74.969,75.243,74.969,75.223,13559.22
1782896280000,75.239,75.473,75.233,75.394,6992.88
1782896340000,75.394,75.468,75.371,75.401,23270.92
1782896400000,75.401,75.408,75.164,75.175,4997.85
1782896460000,75.165,75.179,75.113,75.139,7993.68
1782896520000,75.13,75.279,75.13,75.145,1555.69
1782896580000,75.145,75.172,75.117,75.128,3144.41
1782896640000,75.12,75.239,75.12,75.218,1603.7
1782896700000,75.198,75.299,75.19,75.292,1866.76
1782896760000,75.292,75.346,75.239,75.334,1746.72
1782896820000,75.334,75.389,75.294,75.311,2627.91
1782896880000,75.317,75.332,75.248,75.248,1179.15
1782896940000,75.248,75.269,75.207,75.268,1420.35
1782897000000,75.269,75.28,75.23,75.23,2060.41
1782897060000,75.238,75.239,75.211,75.211,1137.72
1782897120000,75.218,75.242,75.21,75.236,2455.9
1782897180000,75.236,75.237,75.203,75.204,1270.6
1782897240000,75.204,75.212,75.12,75.128,1623.45
1782897300000,75.121,75.329,75.12,75.309,1560.27
1782897360000,75.309,75.329,75.244,75.269,1208.95
1782897420000,75.294,75.359,75.294,75.358,2075.32
1782897480000,75.351,75.358,75.191,75.247,2353.81
1782897540000,75.247,75.254,75.178,75.178,1524.52
1782897600000,75.178,75.185,75.117,75.148,1383.5
1782897660000,75.148,75.148,75.075,75.077,1970.43
1782897720000,75.111,75.128,75.097,75.098,1154.87
1782897780000,75.104,75.185,75.097,75.185,1801.02
1782897840000,75.178,75.185,75.111,75.118,1268.03
1782897900000,75.119,75.158,75.036,75.074,1251.46
1782897960000,75.073,75.098,75.054,75.071,1417.04
1782898020000,75.071,75.094,75.053,75.06,1124.43
1782898080000,75.054,75.081,75.052,75.065,1182.18
1782898140000,75.058,75.132,75.057,75.132,1129.49
1782898200000,75.132,75.133,75.07,75.081,3008.22
1782898260000,75.108,75.216,75.1,75.209,1313.22
1782898320000,75.201,75.269,75.201,75.208,1100.75
1782898380000,75.215,75.285,75.207,75.271,1214.53
1782898440000,75.271,75.3,75.247,75.255,1402.63
1782898500000,75.248,75.271,75.211,75.247,3302.27
1782898560000,75.248,75.275,75.243,75.257,1147.58
1782898620000,75.258,75.298,75.219,75.291,1170.12
1782898680000,75.298,75.298,75.194,75.247,1414.24
1782898740000,75.255,75.255,75.179,75.223,11550.87
1782898800000,75.223,75.255,75.16,75.168,1508.94
1782898860000,75.168,75.214,75.16,75.167,1176.76
1782898920000,75.167,75.213,75.166,75.177,1071.29
1782898980000,75.177,75.241,75.138,75.148,1045.75
1782899040000,75.154,75.161,75.12,75.161,1424.79
1782899100000,75.161,75.278,75.155,75.234,1061.84
1782899160000,75.234,75.265,75.117,75.118,2237.26
1782899220000,75.117,75.189,75.117,75.154,1462.14
1782899280000,75.161,75.199,75.128,75.174,1051.86
1782899340000,75.181,75.199,75.085,75.178,1575.48
1782899400000,75.172,75.179,75.134,75.134,1087.6
1782899460000,75.135,75.189,75.135,75.165,1057.63
1782899520000,75.171,75.383,75.165,75.382,1625.41
1782899580000,75.375,75.399,75.374,75.385,1776.53
1782899640000,75.378,75.385,75.341,75.379,1345.96
1782899700000,75.378,75.539,75.365,75.478,4424.71
1782899760000,75.478,75.485,75.4,75.4,1402.96
1782899820000,75.4,75.402,75.364,75.375,1121.8
1782899880000,75.375,75.375,75.298,75.307,1190.36
1782899940000,75.306,75.495,75.298,75.425,1675.45
1782900000000,75.431,75.431,75.256,75.257,1178.94
1782900060000,75.265,75.297,75.227,75.275,1668.98
1782900120000,75.268,75.319,75.261,75.268,1054.57
1782900180000,75.262,75.429,75.26,75.422,1634.93
1782900240000,75.422,75.498,75.422,75.461,1696.59
1782900300000,75.468,75.469,75.421,75.448,3503.58
1782900360000,75.441,75.448,75.366,75.375,1315.35
1782900420000,75.368,75.375,75.32,75.344,1069.4
1782900480000,75.338,75.524,75.337,75.488,1066.2
1782900540000,75.495,75.496,75.444,75.445,1107.75
1782900600000,75.451,75.452,75.254,75.302,1513.04
1782900660000,75.295,75.329,75.275,75.328,1947.87
1782900720000,75.328,75.374,75.308,75.308,1230.94
1782900780000,75.315,75.331,75.28,75.321,1848.69
1782900840000,75.328,75.328,75.234,75.275,2261.1
1782900900000,75.281,75.281,75.187,75.272,1411.8
1782900960000,75.272,75.315,75.251,75.309,1196.09
1782901020000,75.309,75.435,75.308,75.427,1434.45
1782901080000,75.435,75.436,75.35,75.389,1451.56
1782901140000,75.388,75.428,75.354,75.42,1068.69
1782901200000,75.421,75.487,75.42,75.481,1125.87
1782901260000,75.481,75.487,75.453,75.455,2908.71
1782901320000,75.455,75.463,75.421,75.421,1278.79
1782901380000,75.422,75.428,75.381,75.382,1860.76
1782901440000,75.382,75.389,75.26,75.268,1256.08
1782901500000,75.261,75.27,75.123,75.134,2964.58
1782901560000,75.175,75.175,75.114,75.147,3781.78
1782901620000,75.148,75.239,75.124,75.231,1388.71
1782901680000,75.238,75.268,75.225,75.265,1662.24
1782901740000,75.267,75.3,75.251,75.3,1876.11
1782901800000,75.299,75.301,75.268,75.291,1545.73
1782901860000,75.265,75.299,75.24,75.255,1196.67
1782901920000,75.262,75.298,75.248,75.25,1209.51
1782901980000,75.251,75.345,75.25,75.337,1249.68
1782902040000,75.337,75.344,75.18,75.218,1511.26
1782902100000,75.217,75.217,75.122,75.151,1597.82
1782902160000,75.143,75.152,75.111,75.131,1273.88
1782902220000,75.13,75.222,75.12,75.215,1538.57
1782902280000,75.221,75.229,75.144,75.152,1160.19
1782902340000,75.152,75.169,75.125,75.125,1125.96
1782902400000,75.1,75.148,75.09,75.148,1538.58
1782902460000,75.148,75.148,75.07,75.071,3101.84
1782902520000,75.07,75.078,75.04,75.056,1438.44
1782902580000,75.056,75.086,75.001,75.038,5281.58
1782902640000,75.031,75.049,75.007,75.016,4566.65
1782902700000,75.008,75.099,75.007,75.091,2127.29
1782902760000,75.099,75.112,75.069,75.091,1390.97
1782902820000,75.091,75.105,75.071,75.105,4625.6
1782902880000,75.098,75.139,75.074,75.111,1204.85
1782902940000,75.115,75.148,75.111,75.148,1328.81
1782903000000,75.148,75.178,75.129,75.178,1670.0
1782903060000,75.172,75.179,75.111,75.128,1134.92
1782903120000,75.128,75.141,75.09,75.122,1020.37
1782903180000,75.122,75.14,75.091,75.119,1627.19
1782903240000,75.112,75.118,75.045,75.062,999.5
1782903300000,75.062,75.069,74.996,75.032,4467.47
1782903360000,75.031,75.074,75.031,75.068,3297.84
1782903420000,75.073,75.073,75.021,75.065,1067.35
1782903480000,75.065,75.065,75.034,75.042,1065.59
1782903540000,75.042,75.042,74.934,74.935,1432.87
1782903600000,74.935,75.002,74.782,74.82,3351.22
1782903660000,74.829,74.856,74.648,74.67,5135.31
1782903720000,74.671,74.808,74.631,74.762,7443.36
1782903780000,74.762,74.912,74.761,74.842,1577.05
1782903840000,74.842,74.875,74.811,74.851,1941.22
1782903900000,74.851,74.919,74.841,74.85,1561.95
1782903960000,74.85,74.913,74.841,74.868,2246.97
1782904020000,74.862,74.916,74.848,74.916,1372.41
1782904080000,74.907,74.963,74.806,74.807,2128.29
1782904140000,74.814,74.817,74.762,74.784,1338.67
1782904200000,74.784,74.826,74.764,74.819,1246.01
1782904260000,74.849,74.983,74.844,74.915,1291.21
1782904320000,74.908,75.009,74.908,74.984,4846.62
1782904380000,74.984,75.057,74.974,75.048,1303.94
1782904440000,75.056,75.123,75.028,75.108,3356.32
1782904500000,75.101,75.178,75.101,75.144,7816.42
1782904560000,75.145,75.152,75.084,75.085,1173.87
1782904620000,75.113,75.153,75.06,75.132,1548.16
1782904680000,75.132,75.263,75.094,75.256,2080.74
1782904740000,75.262,75.278,75.135,75.165,2083.21
1782904800000,75.159,75.165,75.1,75.132,2701.6
1782904860000,75.132,75.156,75.117,75.145,1067.61
1782904920000,75.138,75.145,75.074,75.075,1339.76
1782904980000,75.065,75.065,75.001,75.003,8708.08
1782905040000,75.003,75.069,75.002,75.046,1221.88
1782905100000,75.045,75.1,74.99,75.1,1099.45
1782905160000,75.099,75.126,75.064,75.065,1328.02
1782905220000,75.072,75.096,75.065,75.075,1401.92
1782905280000,75.075,75.076,75.007,75.015,1201.18
1782905340000,75.008,75.029,74.989,74.991,1347.13
1782905400000,75.0,75.054,74.95,75.007,2622.39
1782905460000,75.015,75.066,74.973,75.012,1340.76
1782905520000,75.005,75.013,74.875,74.938,4771.27
1782905580000,74.938,74.961,74.829,74.876,1223.07
1782905640000,74.876,74.883,74.81,74.819,1558.32
1782905700000,74.819,74.96,74.811,74.96,1703.87
1782905760000,74.952,74.986,74.904,74.952,1374.08
1782905820000,74.953,74.953,74.906,74.929,1184.77
1782905880000,74.935,74.992,74.916,74.939,1273.62
1782905940000,74.931,74.939,74.828,74.885,1037.7
1782906000000,74.885,74.905,74.838,74.898,1151.4
1782906060000,74.905,74.906,74.829,74.836,1855.11
1782906120000,74.835,74.899,74.816,74.898,1447.05
1782906180000,74.891,74.898,74.829,74.895,1184.75
1782906240000,74.888,74.924,74.887,74.924,1109.62
1782906300000,74.918,74.947,74.889,74.911,1073.19
1782906360000,74.918,74.976,74.911,74.969,1030.27
1782906420000,74.969,74.977,74.901,74.901,1533.4
1782906480000,74.901,74.902,74.818,74.825,1391.98
1782906540000,74.825,74.864,74.818,74.835,1005.43
1782906600000,74.8,74.8,74.734,74.782,2010.12
1782906660000,74.788,74.817,74.755,74.769,1705.89
1782906720000,74.776,74.825,74.768,74.789,1187.07
1782906780000,74.789,74.798,74.746,74.767,1539.86
1782906840000,74.768,74.792,74.764,74.768,1191.67
1782906900000,74.775,74.783,74.744,74.783,971.94
1782906960000,74.752,74.758,74.614,74.635,2685.49
1782907020000,74.643,74.729,74.624,74.722,2984.05
1782907080000,74.745,74.816,74.744,74.808,1128.21
1782907140000,74.808,74.816,74.791,74.799,1090.9
1782907200000,74.799,74.916,74.782,74.801,1277.65
1782907260000,74.808,74.808,74.689,74.722,1170.45
1782907320000,74.715,74.756,74.648,74.679,1620.06
1782907380000,74.679,74.703,74.659,74.675,6323.84
1782907440000,74.675,74.682,74.644,74.652,1324.24
1782907500000,74.653,74.719,74.645,74.718,1482.07
1782907560000,74.742,74.743,74.677,74.695,1223.34
1782907620000,74.695,74.705,74.505,74.535,2619.14
1782907680000,74.535,74.661,74.534,74.653,1201.17
1782907740000,74.66,74.746,74.636,74.719,2250.32
1782907800000,74.719,74.821,74.718,74.732,2158.24
1782907860000,74.732,74.74,74.507,74.515,2569.82
1782907920000,74.515,74.573,74.473,74.511,2212.07
1782907980000,74.504,74.539,74.428,74.465,1382.08
1782908040000,74.465,74.481,74.342,74.432,5028.62
1782908100000,74.439,74.595,74.432,74.586,2782.75
1782908160000,74.593,74.594,74.547,74.568,1451.35
1782908220000,74.567,74.576,74.45,74.508,1642.81
1782908280000,74.502,74.533,74.459,74.526,1570.0
1782908340000,74.519,74.575,74.513,74.568,1280.25
1782908400000,74.568,74.576,74.531,74.553,1358.83
1782908460000,74.553,74.553,74.528,74.535,1143.83
1782908520000,74.537,74.537,74.485,74.529,1329.35
1782908580000,74.535,74.574,74.515,74.563,1336.36
1782908640000,74.556,74.643,74.535,74.643,1767.2
1782908700000,74.644,74.647,74.575,74.576,1167.56
1782908760000,74.583,74.586,74.526,74.573,1088.23
1782908820000,74.565,74.604,74.56,74.595,1236.25
1782908880000,74.596,74.623,74.583,74.622,1175.98
1782908940000,74.622,74.622,74.575,74.582,1220.84
1782909000000,74.582,74.582,74.407,74.44,1542.59
1782909060000,74.439,74.562,74.432,74.562,1522.32
1782909120000,74.555,74.563,74.468,74.527,1107.44
1782909180000,74.526,74.67,74.519,74.662,2055.71
1782909240000,74.669,74.67,74.314,74.399,1859.21
1782909300000,74.392,74.487,74.369,74.439,1440.66
1782909360000,74.438,74.456,74.351,74.359,1127.54
1782909420000,74.359,74.402,74.351,74.359,1395.84
1782909480000,74.352,74.469,74.351,74.426,1420.73
1782909540000,74.438,74.466,74.402,74.402,1105.42
1782909600000,74.409,74.43,74.364,74.392,1771.22
1782909660000,74.392,74.497,74.384,74.495,1947.6
1782909720000,74.497,74.497,74.366,74.378,1045.61
1782909780000,74.395,74.473,74.395,74.455,1057.29
1782909840000,74.455,74.475,74.428,74.452,968.11
1782909900000,74.445,74.5,74.399,74.442,2568.3
1782909960000,74.435,74.443,74.399,74.439,1219.42
1782910020000,74.439,74.439,74.385,74.393,1625.43
1782910080000,74.392,74.402,74.327,74.374,1737.14
1782910140000,74.368,74.425,74.334,74.385,5490.29
1782910200000,74.409,74.51,74.402,74.509,2264.95
1782910260000,74.509,74.514,74.432,74.509,3594.86
1782910320000,74.509,74.51,74.35,74.363,1552.86
1782910380000,74.389,74.389,74.21,74.25,7845.53
1782910440000,74.25,74.363,74.249,74.329,8558.75
1782910500000,74.323,74.455,74.323,74.449,3830.52
1782910560000,74.443,74.486,74.418,74.456,1009.87
1782910620000,74.455,74.49,74.446,74.49,1355.68
1782910680000,74.484,74.515,74.448,74.515,2196.76
1782910740000,74.523,74.564,74.496,74.554,2265.83
1782910800000,74.554,74.625,74.554,74.619,3460.29
1782910860000,74.613,74.791,74.582,74.791,8419.98
1782910920000,74.8,74.903,74.761,74.894,4461.77
1782910980000,74.895,74.97,74.752,74.762,16534.8
1782911040000,74.763,74.849,74.756,74.786,1850.06
1782911100000,74.786,74.853,74.758,74.852,1709.76
1782911160000,74.846,74.903,74.805,74.853,1123.83
1782911220000,74.853,74.854,74.762,74.778,2456.03
1782911280000,74.778,74.794,74.758,74.793,1109.43
1782911340000,74.794,74.814,74.784,74.793,1484.59
1782911400000,74.793,74.849,74.786,74.846,1741.31
1782911460000,74.85,74.953,74.85,74.946,1412.82
1782911520000,74.972,75.007,74.965,74.992,10417.99
1782911580000,74.992,75.017,74.929,74.949,6515.85
1782911640000,74.942,74.95,74.859,74.896,1785.03
1782911700000,74.896,74.99,74.896,74.956,1197.28
1782911760000,74.955,74.98,74.916,74.957,2019.23
1782911820000,74.957,75.09,74.95,75.038,3111.51
1782911880000,75.039,75.091,74.988,74.995,1361.29
1782911940000,74.976,74.978,74.814,74.83,2624.19
1782912000000,74.836,74.937,74.825,74.936,1368.03
1782912060000,74.925,75.218,74.924,75.217,4000.32
1782912120000,75.209,75.259,75.201,75.242,2536.53
1782912180000,75.242,75.262,75.197,75.209,6738.32
1782912240000,75.209,75.22,75.197,75.197,3544.41
1782912300000,75.155,75.155,74.989,74.997,16398.52
1782912360000,75.005,75.163,74.998,75.152,15469.38
1782912420000,75.159,75.225,75.148,75.225,1593.86
1782912480000,75.224,75.257,75.167,75.229,1633.3
1782912540000,75.222,75.36,75.2,75.321,5344.09
1782912600000,75.313,75.32,74.623,75.006,5557.39
1782912660000,75.028,75.099,74.881,75.098,2487.26
1782912720000,75.092,75.354,75.091,75.274,2746.77
1782912780000,75.275,75.281,75.004,75.08,3020.49
1782912840000,75.086,75.282,75.066,75.276,1404.29
1782912900000,75.276,75.325,75.111,75.179,2648.69
1782912960000,75.186,75.249,75.148,75.181,1471.11
1782913020000,75.176,75.546,75.175,75.321,9033.74
1782913080000,75.32,75.376,75.214,75.372,3818.79
1782913140000,75.365,75.447,75.3,75.312,2702.97
1782913200000,75.312,75.453,75.262,75.431,4193.09
1782913260000,75.438,75.65,75.387,75.466,5570.81
1782913320000,75.467,75.539,75.413,75.475,7620.81
1782913380000,75.438,75.499,75.38,75.458,1477.92
1782913440000,75.458,75.541,75.388,75.496,3824.4
1782913500000,75.4,75.593,75.3,75.582,2500.31
1782913560000,75.592,75.673,75.529,75.621,4268.45
1782913620000,75.613,75.656,75.474,75.506,2146.58
1782913680000,75.466,75.632,75.434,75.555,14365.06
1782913740000,75.548,75.725,75.471,75.61,4966.63
1782913800000,75.611,75.624,75.507,75.62,5386.71
1782913860000,75.619,75.738,75.595,75.699,8463.39
1782913920000,75.691,75.733,75.627,75.694,1992.42
1782913980000,75.694,76.083,75.693,75.966,23328.41
1782914040000,75.975,75.975,75.839,75.941,8097.35
1782914100000,75.935,76.113,75.881,76.0,10904.85
1782914160000,76.009,76.009,75.85,75.881,8818.55
1782914220000,75.9,76.008,75.84,75.928,3190.71
1782914280000,75.928,76.053,75.92,76.001,2406.98
1782914340000,75.993,76.002,75.903,76.0,4252.59
1782914400000,75.999,76.0,75.808,75.836,2733.23
1782914460000,75.836,75.884,75.605,75.696,4170.35
1782914520000,75.702,75.785,75.691,75.715,2480.88
1782914580000,75.708,75.837,75.683,75.837,1915.4
1782914640000,75.837,75.971,75.785,75.894,3440.23
1782914700000,75.886,75.896,75.754,75.838,5888.72
1782914760000,75.832,75.846,75.747,75.792,2172.94
1782914820000,75.815,75.835,75.75,75.828,1773.99
1782914880000,75.827,75.909,75.827,75.881,4500.77
1782914940000,75.881,75.951,75.852,75.921,3875.69
1782915000000,75.922,76.26,75.921,76.201,8660.45
1782915060000,76.187,76.242,76.141,76.188,9874.11
1782915120000,76.188,76.196,76.072,76.138,4673.63
1782915180000,76.137,76.228,76.137,76.221,6903.72
1782915240000,76.222,76.275,76.138,76.26,5229.8
1782915300000,76.26,76.316,76.215,76.239,5867.27
1782915360000,76.241,76.92,76.214,76.84,45801.42
1782915420000,76.838,77.249,76.776,77.154,37430.07
1782915480000,77.153,77.199,76.908,76.978,10501.23
1782915540000,76.978,76.979,76.863,76.904,5069.47
1782915600000,76.905,77.057,76.834,76.834,4538.12
1782915660000,76.835,76.965,76.804,76.938,6098.64
1782915720000,76.931,77.0,76.879,76.888,4869.51
1782915780000,76.88,77.024,76.879,76.897,3590.57
1782915840000,76.904,76.931,76.81,76.844,18215.44
1782915900000,76.844,76.9,76.736,76.744,18662.48
1782915960000,76.74,76.748,76.647,76.675,7241.34
1782916020000,76.667,76.715,76.565,76.618,5968.83
1782916080000,76.624,76.692,76.564,76.631,5963.43
1782916140000,76.631,76.669,76.616,76.634,2654.04
1782916200000,76.633,76.908,76.633,76.639,2243.32
1782916260000,76.647,76.738,76.639,76.717,8247.73
1782916320000,76.717,76.75,76.567,76.576,1677.54
1782916380000,76.568,76.576,76.4,76.402,10178.96
1782916440000,76.403,76.642,76.333,76.575,3211.94
1782916500000,76.581,76.735,76.555,76.555,2966.38
1782916560000,76.536,76.552,76.423,76.458,12473.73
1782916620000,76.451,76.585,76.431,76.439,1296.93
1782916680000,76.438,76.672,76.431,76.603,2039.91
1782916740000,76.597,76.821,76.564,76.821,1622.57
1782916800000,76.828,76.864,76.74,76.792,2850.69
1782916860000,76.792,76.847,76.711,76.82,1888.34
1782916920000,76.827,76.949,76.819,76.847,4967.52
1782916980000,76.874,76.938,76.866,76.908,2362.15
1782917040000,76.907,76.965,76.791,76.848,1739.19
1782917100000,76.848,76.848,76.563,76.564,2687.02
1782917160000,76.563,76.594,76.39,76.501,3175.98
1782917220000,76.509,76.879,76.509,76.781,3931.02
1782917280000,76.778,76.935,76.777,76.929,2937.53
1782917340000,76.929,77.055,76.847,76.901,5764.95
1782917400000,76.947,76.949,76.876,76.918,2532.18
1782917460000,76.949,77.108,76.949,77.028,5936.62
1782917520000,77.028,77.057,76.947,77.013,4867.04
1782917580000,77.041,77.103,77.017,77.062,2237.55
1782917640000,77.069,77.07,76.897,76.947,3994.93
1782917700000,76.939,76.948,76.723,76.723,1750.21
1782917760000,76.723,76.868,76.701,76.868,1703.9
1782917820000,76.861,76.886,76.827,76.866,2955.92
1782917880000,76.845,76.913,76.821,76.829,1566.64
1782917940000,76.829,76.938,76.814,76.932,3639.09
1782918000000,76.945,76.966,76.884,76.888,3064.48
1782918060000,76.889,76.975,76.822,76.961,1864.02
1782918120000,76.969,77.049,76.91,77.049,3766.72
1782918180000,77.041,77.122,76.991,77.072,43279.16
1782918240000,77.072,77.082,76.963,77.082,4731.21
1782918300000,77.064,77.125,77.011,77.077,2880.33
1782918360000,77.084,77.409,77.038,77.315,10774.89
1782918420000,77.322,77.411,77.27,77.348,3800.66
1782918480000,77.355,77.355,76.984,77.019,5615.29
1782918540000,77.012,77.085,76.951,77.008,11066.89
1782918600000,77.001,77.079,76.941,77.059,1923.57
1782918660000,77.059,77.095,77.011,77.065,1434.98
1782918720000,77.039,77.046,76.971,77.005,2440.64
1782918780000,77.005,77.01,76.977,76.996,1341.15
1782918840000,76.972,77.035,76.921,76.979,1712.66
1782918900000,76.972,77.039,76.919,76.919,1362.31
1782918960000,76.919,76.942,76.832,76.882,5130.45
1782919020000,76.883,76.902,76.87,76.879,1300.86
1782919080000,76.878,76.916,76.81,76.855,1823.37
1782919140000,76.848,76.932,76.783,76.872,40185.22
1782919200000,76.865,76.966,76.807,76.946,2436.41
1782919260000,76.946,77.093,76.938,77.018,5218.32
1782919320000,77.01,77.11,76.98,77.1,13828.35
1782919380000,77.11,77.763,77.099,77.617,33845.87
1782919440000,77.616,77.624,77.437,77.438,19809.69
1782919500000,77.437,77.567,77.409,77.493,4948.73
1782919560000,77.494,77.582,77.458,77.574,4420.06
1782919620000,77.574,77.663,77.574,77.644,2222.48
1782919680000,77.645,77.673,77.544,77.544,2728.7
1782919740000,77.543,77.557,77.503,77.507,7367.89
1782919800000,77.514,77.567,77.468,77.508,3422.79
1782919860000,77.501,77.525,77.393,77.495,3773.81
1782919920000,77.489,77.495,77.307,77.375,1949.87
1782919980000,77.369,77.393,77.337,77.355,2229.02
1782920040000,77.355,77.361,77.193,77.232,2568.5
1782920100000,77.225,77.322,77.193,77.231,3654.75
1782920160000,77.223,77.332,77.194,77.331,2925.88
1782920220000,77.325,77.342,77.231,77.245,1703.59
1782920280000,77.245,77.306,77.231,77.231,1718.14
1782920340000,77.23,77.293,77.226,77.238,7486.95
1782920400000,77.231,77.282,77.207,77.257,1608.55
1782920460000,77.265,77.339,77.235,77.33,2834.55
1782920520000,77.338,77.385,77.324,77.381,8944.75
1782920580000,77.381,77.409,77.338,77.365,2456.96
1782920640000,77.358,77.44,77.357,77.401,3046.79
1782920700000,77.401,77.409,77.28,77.328,2403.92
1782920760000,77.328,77.365,77.307,77.308,1609.23
1782920820000,77.308,77.361,77.307,77.327,1325.99
1782920880000,77.321,77.368,77.24,77.248,1268.55
1782920940000,77.241,77.248,77.118,77.127,5451.57
1782921000000,77.134,77.196,77.103,77.147,18527.03
1782921060000,77.147,77.195,77.078,77.094,5129.66
1782921120000,77.101,77.183,77.093,77.171,1573.92
1782921180000,77.171,77.269,77.139,77.204,2270.75
1782921240000,77.211,77.211,77.137,77.138,1714.74
1782921300000,77.145,77.207,77.138,77.188,1456.87
1782921360000,77.187,77.283,77.187,77.257,1347.36
1782921420000,77.257,77.329,77.257,77.32,1879.07
1782921480000,77.328,77.462,77.32,77.411,3169.26
1782921540000,77.405,77.456,77.39,77.394,2465.14
1782921600000,77.394,77.402,77.294,77.314,2157.32
1782921660000,77.322,77.345,77.247,77.255,1511.42
1782921720000,77.262,77.296,77.233,77.277,1422.39
1782921780000,77.283,77.332,77.277,77.331,1269.34
1782921840000,77.324,77.331,77.144,77.218,1496.56
1782921900000,77.219,77.248,77.168,77.221,2010.24
1782921960000,77.214,77.385,77.214,77.357,2606.71
1782922020000,77.364,77.439,77.331,77.43,2192.88
1782922080000,77.438,77.452,77.37,77.431,2113.85
1782922140000,77.43,77.434,77.315,77.325,1371.44
1782922200000,77.325,77.363,77.276,77.31,1574.94
1782922260000,77.311,77.441,77.311,77.415,2219.66
1782922320000,77.414,77.466,77.391,77.432,2777.66
1782922380000,77.432,77.433,77.35,77.378,977.66
1782922440000,77.379,77.379,77.244,77.255,1450.65
1782922500000,77.256,77.289,77.241,77.289,4837.66
1782922560000,77.288,77.343,77.247,77.324,1312.51
1782922620000,77.324,77.559,77.324,77.497,5933.76
1782922680000,77.497,77.504,77.379,77.462,6315.5
1782922740000,77.463,77.619,77.453,77.564,19606.07
1782922800000,77.552,77.552,77.417,77.418,4242.37
1782922860000,77.418,77.448,77.326,77.35,1355.62
1782922920000,77.344,77.351,77.293,77.296,2250.43
1782922980000,77.297,77.351,77.296,77.321,2327.83
1782923040000,77.348,77.348,77.303,77.321,1028.18
1782923100000,77.328,77.545,77.305,77.506,4909.11
1782923160000,77.471,77.71,77.471,77.681,9126.9
1782923220000,77.674,78.191,77.649,77.956,33622.7
1782923280000,77.948,78.087,77.822,77.838,7811.76
1782923340000,77.831,77.838,77.727,77.737,4664.64
1782923400000,77.727,77.775,77.657,77.734,2065.61
1782923460000,77.741,77.751,77.683,77.718,1291.95
1782923520000,77.717,77.768,77.641,77.649,2929.6
1782923580000,77.642,77.65,77.575,77.577,2167.0
1782923640000,77.578,77.6,77.552,77.588,1626.82
1782923700000,77.594,77.609,77.57,77.571,1630.99
1782923760000,77.571,77.599,77.57,77.579,2592.91
1782923820000,77.571,77.599,77.566,77.578,1118.5
1782923880000,77.571,77.579,77.475,77.502,1487.95
1782923940000,77.502,77.539,77.45,77.478,2305.58
1782924000000,77.478,77.539,77.45,77.522,1527.6
1782924060000,77.521,77.546,77.453,77.492,1767.73
1782924120000,77.491,77.509,77.47,77.501,1474.68
1782924180000,77.508,77.6,77.501,77.575,5154.89
1782924240000,77.575,77.673,77.558,77.631,1097.41
1782924300000,77.625,77.631,77.53,77.552,1247.83
1782924360000,77.521,77.548,77.451,77.548,1420.68
1782924420000,77.548,77.586,77.541,77.551,3372.92
1782924480000,77.551,77.557,77.444,77.452,2596.68
1782924540000,77.445,77.478,77.244,77.308,2979.47
1782924600000,77.308,77.379,77.307,77.37,2043.68
1782924660000,77.378,77.38,77.262,77.314,1862.94
1782924720000,77.313,77.321,77.258,77.258,1482.9
1782924780000,77.258,77.259,77.184,77.224,1631.55
1782924840000,77.223,77.232,77.111,77.128,7978.88
1782924900000,77.121,77.129,76.91,76.911,4892.53
1782924960000,76.925,76.969,76.869,76.969,4752.17
1782925020000,76.96,77.029,76.96,77.028,3032.09
1782925080000,77.02,77.126,77.02,77.081,3416.34
1782925140000,77.091,77.128,77.06,77.128,2669.66
1782925200000,77.121,77.168,77.07,77.078,1615.0
1782925260000,77.071,77.121,77.071,77.117,1316.39
1782925320000,77.091,77.091,76.964,77.015,1670.22
1782925380000,77.015,77.015,76.814,76.881,2404.6
1782925440000,76.888,76.966,76.836,76.951,2080.09
1782925500000,76.944,76.952,76.865,76.912,1400.75
1782925560000,76.905,76.93,76.842,76.881,26853.57
1782925620000,76.881,76.997,76.881,76.989,1335.93
1782925680000,76.989,77.003,76.977,77.002,2226.76
1782925740000,76.994,77.142,76.994,77.134,1914.54
1782925800000,77.141,77.206,77.098,77.166,11178.38
1782925860000,77.167,77.167,77.091,77.138,1449.54
1782925920000,77.138,77.197,77.128,77.186,6481.01
1782925980000,77.178,77.2,77.138,77.139,2871.75
1782926040000,77.144,77.192,77.144,77.191,1060.73
1782926100000,77.184,77.276,77.184,77.275,2157.72
1782926160000,77.275,77.31,77.22,77.259,1404.44
1782926220000,77.251,77.259,77.178,77.185,1538.31
1782926280000,77.185,77.276,77.16,77.254,1347.25
1782926340000,77.248,77.516,77.248,77.488,3297.32
1782926400000,77.454,77.71,77.407,77.548,9416.31
1782926460000,77.548,77.556,77.418,77.434,2698.44
1782926520000,77.441,77.508,77.433,77.499,1420.25
1782926580000,77.499,77.82,77.483,77.806,8403.73
1782926640000,77.806,77.842,77.72,77.763,6907.31
1782926700000,77.771,77.832,77.747,77.776,4412.25
1782926760000,77.776,77.892,77.77,77.818,5391.01
1782926820000,77.811,77.819,77.737,77.737,4565.34
1782926880000,77.745,77.745,77.68,77.684,2425.92
1782926940000,77.691,77.71,77.67,77.693,4531.76
1782927000000,77.694,77.8,77.67,77.783,1529.96
1782927060000,77.784,77.829,77.744,77.804,1772.24
1782927120000,77.803,77.828,77.65,77.658,1604.43
1782927180000,77.658,77.659,77.554,77.6,2117.05
1782927240000,77.593,77.672,77.592,77.671,1580.2
1782927300000,77.671,77.701,77.626,77.674,1130.96
1782927360000,77.667,77.73,77.625,77.674,1852.68
1782927420000,77.731,77.92,77.731,77.784,12464.07
1782927480000,77.777,77.785,77.715,77.754,1026.13
1782927540000,77.747,77.774,77.683,77.72,4514.57
1782927600000,77.713,77.799,77.687,77.701,1378.46
1782927660000,77.701,77.701,77.609,77.654,6145.42
1782927720000,77.661,77.684,77.653,77.683,1157.39
1782927780000,77.677,77.721,77.651,77.714,5462.11
1782927840000,77.714,77.722,77.613,77.614,5680.91
1782927900000,77.622,77.751,77.609,77.751,2487.78
1782927960000,77.744,77.771,77.672,77.751,1386.48
1782928020000,77.744,77.798,77.73,77.771,1525.92
1782928080000,77.772,77.839,77.763,77.803,5371.3
1782928140000,77.804,77.866,77.714,77.755,7372.97
1782928200000,77.747,77.781,77.733,77.761,3166.02
1782928260000,77.761,77.832,77.7,77.761,3653.14
1782928320000,77.754,77.761,77.705,77.731,1612.97
1782928380000,77.768,77.84,77.761,77.832,1134.25
1782928440000,77.833,77.85,77.754,77.778,1101.78
1782928500000,77.778,77.786,77.718,77.764,1262.14
1782928560000,77.764,77.771,77.734,77.758,1027.39
1782928620000,77.751,77.759,77.714,77.714,1532.28
1782928680000,77.721,77.742,77.701,77.721,2107.49
1782928740000,77.728,77.729,77.686,77.724,1215.87
1782928800000,77.718,77.767,77.663,77.718,2069.09
1782928860000,77.71,77.8,77.694,77.799,1340.47
1782928920000,77.76,77.825,77.734,77.758,2610.71
1782928980000,77.758,77.828,77.751,77.801,1380.47
1782929040000,77.794,77.872,77.793,77.866,4096.78
1782929100000,77.866,77.868,77.78,77.834,1215.32
1782929160000,77.814,77.822,77.673,77.684,5709.07
1782929220000,77.684,77.732,77.636,77.645,1293.7
1782929280000,77.645,77.678,77.604,77.621,5744.15
1782929340000,77.628,77.65,77.61,77.635,1935.4
1782929400000,77.627,77.635,77.482,77.491,10835.46
1782929460000,77.491,77.571,77.484,77.514,3433.34
1782929520000,77.513,77.665,77.513,77.601,1696.75
1782929580000,77.601,77.655,77.6,77.638,1228.52
1782929640000,77.637,77.741,77.623,77.714,1910.87
1782929700000,77.714,77.725,77.565,77.618,1099.51
1782929760000,77.618,77.619,77.559,77.603,1981.2
1782929820000,77.596,77.718,77.595,77.64,2925.54
1782929880000,77.633,77.654,77.613,77.633,1484.85
1782929940000,77.633,77.817,77.633,77.811,4315.22
1782930000000,77.811,77.817,77.625,77.637,4448.23
1782930060000,77.637,77.637,77.583,77.594,2544.74
1782930120000,77.601,77.618,77.579,77.611,1009.91
1782930180000,77.618,77.618,77.5,77.52,1207.28
1782930240000,77.528,77.597,77.521,77.597,1149.53
1782930300000,77.591,77.618,77.548,77.588,6836.89
1782930360000,77.581,77.588,77.557,77.564,1149.39
1782930420000,77.571,77.582,77.556,77.563,1317.27
1782930480000,77.557,77.598,77.557,77.581,1098.49
1782930540000,77.581,77.581,77.523,77.571,1163.62
1782930600000,77.577,77.577,77.387,77.402,4359.75
1782930660000,77.408,77.577,77.305,77.566,2175.69
1782930720000,77.564,77.571,77.43,77.495,1371.69
1782930780000,77.495,77.55,77.487,77.547,1746.49
1782930840000,77.547,77.599,77.538,77.578,1167.2
1782930900000,77.578,77.686,77.543,77.685,1491.85
1782930960000,77.678,77.691,77.651,77.69,2024.3
1782931020000,77.69,77.731,77.661,77.679,1205.8
1782931080000,77.679,77.711,77.6,77.665,2032.95
1782931140000,77.659,77.731,77.658,77.704,989.47
1782931200000,77.704,77.74,77.687,77.74,1640.57
1782931260000,77.738,77.739,77.691,77.718,1075.2
1782931320000,77.718,77.742,77.626,77.647,1352.15
1782931380000,77.655,77.703,77.646,77.647,1235.16
1782931440000,77.648,77.702,77.627,77.702,1296.9
1782931500000,77.702,77.721,77.593,77.618,1055.74
1782931560000,77.618,77.618,77.533,77.534,1355.94
1782931620000,77.541,77.541,77.347,77.421,2017.1
1782931680000,77.421,77.452,77.351,77.445,8862.06
1782931740000,77.451,77.499,77.444,77.491,1360.66
1782931800000,77.484,77.582,77.484,77.553,1088.58
1782931860000,77.553,77.58,77.501,77.514,1428.6
1782931920000,77.514,77.527,77.38,77.394,1041.59
1782931980000,77.401,77.421,77.332,77.345,1485.34
1782932040000,77.345,77.353,77.249,77.313,3903.58
1782932100000,77.314,77.391,77.308,77.354,5958.97
1782932160000,77.361,77.4,77.321,77.372,3966.33
1782932220000,77.372,77.372,77.246,77.351,3553.46
1782932280000,77.357,77.382,77.304,77.311,1417.64
1782932340000,77.305,77.379,77.305,77.379,2011.32
1782932400000,77.379,77.425,77.354,77.394,1448.51
1782932460000,77.387,77.438,77.387,77.411,1419.97
1782932520000,77.432,77.599,77.425,77.581,2005.84
1782932580000,77.581,77.622,77.527,77.569,1589.13
1782932640000,77.576,77.576,77.514,77.561,1284.28
1782932700000,77.553,77.639,77.553,77.604,1278.88
1782932760000,77.611,77.611,77.534,77.541,1241.06
1782932820000,77.535,77.545,77.507,77.544,974.82
1782932880000,77.537,77.552,77.513,77.544,1047.6
1782932940000,77.551,77.598,77.543,77.591,1368.74
1782933000000,77.59,77.625,77.53,77.53,1140.42
1782933060000,77.538,77.538,77.443,77.451,2854.4
1782933120000,77.444,77.444,77.347,77.377,2555.74
1782933180000,77.377,77.444,77.376,77.438,1154.47
1782933240000,77.444,77.482,77.417,77.482,1046.62
1782933300000,77.474,77.513,77.444,77.48,1075.66
1782933360000,77.487,77.537,77.464,77.505,1323.02
1782933420000,77.505,77.505,77.454,77.455,1496.05
1782933480000,77.455,77.562,77.455,77.534,1949.17
1782933540000,77.541,77.574,77.464,77.52,1341.95
1782933600000,77.52,77.52,77.4,77.444,1434.14
1782933660000,77.451,77.451,77.401,77.421,2876.88
1782933720000,77.421,77.461,77.4,77.431,1251.75
1782933780000,77.444,77.452,77.4,77.404,1017.57
1782933840000,77.411,77.421,77.397,77.398,1406.63
1782933900000,77.398,77.406,77.144,77.195,5504.15
1782933960000,77.187,77.196,77.139,77.165,1475.28
1782934020000,77.165,77.181,77.15,77.18,2061.62
1782934080000,77.18,77.232,77.175,77.208,2204.25
1782934140000,77.208,77.212,77.183,77.194,1611.46
1782934200000,77.194,77.332,77.193,77.314,1849.03
1782934260000,77.321,77.322,77.254,77.317,1135.73
1782934320000,77.31,77.339,77.186,77.273,2869.94
1782934380000,77.273,77.324,77.271,77.321,2015.24
1782934440000,77.324,77.329,77.295,77.301,1277.22
1782934500000,77.295,77.301,77.17,77.171,1886.8
1782934560000,77.178,77.205,77.14,77.179,1246.67
1782934620000,77.179,77.275,77.179,77.258,1548.0
1782934680000,77.258,77.3,77.251,77.285,1073.53
1782934740000,77.291,77.291,77.243,77.28,1087.94
1782934800000,77.28,77.28,77.204,77.211,993.69
1782934860000,77.204,77.271,77.18,77.204,1258.67
1782934920000,77.181,77.261,77.181,77.26,1600.04
1782934980000,77.26,77.26,77.183,77.243,1189.15
1782935040000,77.25,77.299,77.243,77.291,1156.65
1782935100000,77.298,77.299,77.181,77.181,2011.88
1782935160000,77.184,77.211,77.068,77.137,1709.41
1782935220000,77.143,77.174,77.111,77.131,1087.41
1782935280000,77.137,77.171,77.123,77.131,1358.82
1782935340000,77.124,77.149,77.1,77.125,1062.22
1782935400000,77.159,77.222,77.121,77.154,1314.34
1782935460000,77.154,77.161,77.011,77.04,1384.34
1782935520000,77.011,77.019,76.966,77.014,1732.42
1782935580000,77.014,77.038,76.991,77.03,1266.47
1782935640000,77.038,77.076,76.981,77.012,3580.2
1782935700000,76.971,76.994,76.944,76.975,3143.89
1782935760000,76.975,76.995,76.896,76.897,2184.87
1782935820000,76.898,76.905,76.825,76.845,8944.6
1782935880000,76.845,76.846,76.761,76.797,1976.68
1782935940000,76.796,76.948,76.796,76.948,3160.52
1782936000000,76.948,76.99,76.834,76.858,2282.87
1782936060000,76.876,76.876,76.734,76.738,4206.12
1782936120000,76.745,76.81,76.708,76.715,4823.61
1782936180000,76.745,76.862,76.745,76.836,6241.78
1782936240000,76.812,76.835,76.797,76.798,1234.99
1782936300000,76.836,76.836,76.751,76.752,1599.04
1782936360000,76.751,76.81,76.751,76.771,1699.08
1782936420000,76.765,76.876,76.754,76.868,1321.21
1782936480000,76.868,76.876,76.756,76.781,1231.61
1782936540000,76.788,76.789,76.67,76.701,3163.37
1782936600000,76.701,76.715,76.667,76.715,1662.36
1782936660000,76.716,76.716,76.687,76.715,1181.79
1782936720000,76.716,76.726,76.687,76.72,1486.57
1782936780000,76.712,76.849,76.712,76.848,3331.81
1782936840000,76.84,76.887,76.807,76.807,1523.06
1782936900000,76.815,76.828,76.67,76.694,2036.54
1782936960000,76.688,76.694,76.629,76.645,2639.37
1782937020000,76.645,76.669,76.607,76.618,1712.19
1782937080000,76.61,76.645,76.564,76.58,7925.25
1782937140000,76.579,76.638,76.557,76.625,3278.37
1782937200000,76.625,76.626,76.567,76.585,1188.13
1782937260000,76.592,76.647,76.584,76.646,1332.25
1782937320000,76.647,76.663,76.627,76.633,1235.03
1782937380000,76.632,76.643,76.6,76.642,1225.02
1782937440000,76.643,76.682,76.621,76.654,1413.56
1782937500000,76.648,76.725,76.648,76.715,1396.83
1782937560000,76.715,76.75,76.685,76.719,1800.76
1782937620000,76.712,76.827,76.711,76.826,1613.49
1782937680000,76.826,76.879,76.772,76.849,2509.36
1782937740000,76.841,76.849,76.781,76.839,1243.03
1782937800000,76.832,76.84,76.8,76.825,965.19
1782937860000,76.818,76.933,76.791,76.925,12272.89
1782937920000,76.932,76.95,76.874,76.931,1214.11
1782937980000,76.918,76.969,76.889,76.932,1366.33
1782938040000,76.932,76.933,76.924,76.925,1082.67
1782938100000,76.925,76.932,76.831,76.911,1857.36
1782938160000,76.905,76.911,76.847,76.872,1183.22
1782938220000,76.873,76.943,76.864,76.942,1048.22
1782938280000,76.932,76.96,76.931,76.95,1127.43
1782938340000,76.95,76.979,76.949,76.971,1176.35
1782938400000,76.972,77.274,76.972,77.155,6755.79
1782938460000,77.155,77.155,77.044,77.055,1341.44
1782938520000,77.055,77.066,77.047,77.058,1206.75
1782938580000,77.057,77.109,77.057,77.085,1257.72
1782938640000,77.092,77.199,77.051,77.195,2103.01
1782938700000,77.199,77.256,77.195,77.229,1781.59
1782938760000,77.229,77.235,77.217,77.224,1346.04
1782938820000,77.218,77.244,77.204,77.244,6766.33
1782938880000,77.245,77.269,77.214,77.261,1437.91
1782938940000,77.268,77.466,77.26,77.405,3796.77
1782939000000,77.405,77.405,77.3,77.319,1201.98
1782939060000,77.319,77.378,77.319,77.368,1178.82
1782939120000,77.375,77.409,77.368,77.388,1266.72
1782939180000,77.374,77.381,77.26,77.26,1968.93
1782939240000,77.263,77.333,77.254,77.322,1044.01
1782939300000,77.332,77.39,77.321,77.39,1130.91
1782939360000,77.389,77.402,77.37,77.37,1480.98
1782939420000,77.37,77.392,77.357,77.391,1097.7
1782939480000,77.384,77.4,77.382,77.399,1194.02
1782939540000,77.4,77.431,77.363,77.378,1192.97
1782939600000,77.385,77.449,77.378,77.428,1237.83
1782939660000,77.42,77.448,77.413,77.438,1429.44
1782939720000,77.445,77.621,77.445,77.568,5602.29
1782939780000,77.575,77.592,77.547,77.574,1495.28
1782939840000,77.581,77.751,77.558,77.693,3845.61
1782939900000,77.694,77.802,77.659,77.711,5478.12
1782939960000,77.711,77.773,77.701,77.705,2102.68
1782940020000,77.705,77.737,77.669,77.73,2058.81
1782940080000,77.738,77.915,77.727,77.901,5091.38
1782940140000,77.908,77.908,77.821,77.853,6462.01
1782940200000,77.853,77.871,77.816,77.863,1387.98
1782940260000,77.871,78.088,77.863,78.088,15068.12
1782940320000,78.088,78.088,77.824,77.825,6461.66
1782940380000,77.824,77.869,77.717,77.724,1763.99
1782940440000,77.718,77.832,77.717,77.824,1280.87
1782940500000,77.825,77.832,77.724,77.724,1314.8
1782940560000,77.724,77.75,77.704,77.731,1500.83
1782940620000,77.731,77.883,77.731,77.869,3257.81
1782940680000,77.875,77.875,77.731,77.733,1553.22
1782940740000,77.731,77.835,77.721,77.828,1705.9
1782940800000,77.828,77.836,77.737,77.745,4086.68
1782940860000,77.738,77.822,77.738,77.815,1310.36
1782940920000,77.822,77.85,77.774,77.85,3147.16
1782940980000,77.85,77.85,77.718,77.755,1164.46
1782941040000,77.755,77.782,77.74,77.765,1143.58
1782941100000,77.765,77.765,77.644,77.713,1143.56
1782941160000,77.713,77.849,77.685,77.715,2456.69
1782941220000,77.722,77.795,77.709,77.788,1982.85
1782941280000,77.788,77.899,77.787,77.858,1846.83
1782941340000,77.858,77.866,77.787,77.796,1172.53
1782941400000,77.795,77.856,77.787,77.848,1365.08
1782941460000,77.855,77.992,77.847,77.97,1604.67
1782941520000,77.971,78.0,77.939,78.0,5584.11
1782941580000,78.0,78.151,77.932,78.145,8041.49
1782941640000,78.138,78.621,78.137,78.265,34695.42
1782941700000,78.266,78.319,78.211,78.313,4961.19
1782941760000,78.319,78.32,78.157,78.299,8901.4
1782941820000,78.291,78.299,78.162,78.17,1756.62
1782941880000,78.17,78.402,78.162,78.282,7261.21
1782941940000,78.282,78.358,78.198,78.255,6556.9
1782942000000,78.248,78.3,78.125,78.29,4749.03
1782942060000,78.3,78.3,78.209,78.265,1361.61
1782942120000,78.258,78.265,78.077,78.113,2920.66
1782942180000,78.106,78.191,78.106,78.181,2361.95
1782942240000,78.181,78.223,78.155,78.183,3562.68
1782942300000,78.191,78.208,78.133,78.149,2654.92
1782942360000,78.148,78.186,78.127,78.151,2284.03
1782942420000,78.151,78.207,78.144,78.2,1022.4
1782942480000,78.2,78.285,78.2,78.231,2384.12
1782942540000,78.224,78.295,78.214,78.295,2510.79
1782942600000,78.288,78.296,78.191,78.242,2161.56
1782942660000,78.235,78.348,78.234,78.347,1579.49
1782942720000,78.348,78.662,78.265,78.649,10073.37
1782942780000,78.649,78.649,78.478,78.499,4412.23
1782942840000,78.507,78.507,78.354,78.354,6856.7
1782942900000,78.362,78.526,78.355,78.525,1667.3
1782942960000,78.518,78.526,78.422,78.438,3111.98
1782943020000,78.445,78.466,78.436,78.437,1380.87
1782943080000,78.446,78.446,78.407,78.439,1225.7
1782943140000,78.445,78.446,78.375,78.375,5704.68
1782943200000,78.368,78.37,78.25,78.272,3898.46
1782943260000,78.303,78.31,78.258,78.265,1193.05
1782943320000,78.265,78.316,78.229,78.292,1609.81
1782943380000,78.285,78.342,78.212,78.275,1933.57
1782943440000,78.268,78.276,78.231,78.238,2847.93
1782943500000,78.238,78.272,78.188,78.192,2400.81
1782943560000,78.191,78.259,78.188,78.189,1100.62
1782943620000,78.189,78.249,78.188,78.241,1511.97
1782943680000,78.241,78.297,78.234,78.254,1415.88
1782943740000,78.254,78.299,78.234,78.235,1524.18
1782943800000,78.235,78.288,78.234,78.281,969.09
1782943860000,78.288,78.322,78.258,78.259,1547.92
1782943920000,78.259,78.282,78.258,78.282,1042.16
1782943980000,78.274,78.283,78.253,78.254,1231.38
1782944040000,78.261,78.296,78.254,78.279,3100.45
1782944100000,78.261,78.356,78.255,78.356,1115.6
1782944160000,78.349,78.357,78.346,78.355,1287.15
1782944220000,78.328,78.389,78.328,78.358,1143.47
1782944280000,78.365,78.366,78.274,78.291,1301.88
1782944340000,78.291,78.366,78.289,78.355,2151.42
1782944400000,78.348,78.386,78.345,78.385,1358.19
1782944460000,78.378,78.884,78.377,78.609,16698.31
1782944520000,78.6,78.764,78.464,78.764,7436.81
1782944580000,78.779,78.819,78.628,78.634,18254.64
1782944640000,78.642,78.675,78.551,78.675,16517.07
1782944700000,78.674,78.863,78.633,78.633,12080.75
1782944760000,78.618,78.619,78.517,78.565,2535.38
1782944820000,78.565,78.572,78.37,78.37,3267.55
1782944880000,78.382,78.382,78.34,78.368,1619.04
1782944940000,78.368,78.374,78.168,78.177,3307.41
1782945000000,78.177,78.361,78.176,78.309,1446.3
1782945060000,78.308,78.308,78.172,78.2,1654.35
1782945120000,78.2,78.279,78.166,78.211,1248.25
1782945180000,78.21,78.219,78.103,78.196,3026.24
1782945240000,78.225,78.243,78.167,78.168,1564.8
1782945300000,78.175,78.186,78.11,78.135,1246.88
1782945360000,78.135,78.239,78.04,78.077,1240.83
1782945420000,78.077,78.084,78.0,78.048,4329.86
1782945480000,78.048,78.055,77.994,78.009,1333.33
1782945540000,78.009,78.036,78.001,78.027,1602.38
1782945600000,78.028,78.152,78.007,78.057,2897.27
1782945660000,78.058,78.213,78.031,78.181,1643.68
1782945720000,78.174,78.182,78.138,78.167,1578.37
1782945780000,78.175,78.176,78.062,78.068,1682.11
1782945840000,78.068,78.068,78.005,78.012,1506.25
1782945900000,78.012,78.013,77.892,77.9,1627.98
1782945960000,77.893,77.945,77.821,77.822,2662.49
1782946020000,77.838,77.959,77.83,77.95,2156.03
1782946080000,77.958,77.976,77.88,77.907,1126.54
1782946140000,77.914,77.915,77.814,77.815,2737.18
1782946200000,77.815,77.841,77.764,77.789,3038.64
1782946260000,77.789,77.902,77.763,77.884,1637.58
1782946320000,77.884,77.909,77.855,77.865,1286.09
1782946380000,77.865,77.922,77.864,77.874,1362.09
1782946440000,77.868,77.892,77.844,77.868,1222.27
1782946500000,77.88,77.892,77.781,77.791,1304.17
1782946560000,77.791,77.798,77.731,77.751,1828.95
1782946620000,77.744,77.792,77.738,77.784,3080.36
1782946680000,77.784,77.89,77.784,77.878,1785.24
1782946740000,77.871,77.878,77.825,77.825,1210.48
1782946800000,77.825,77.844,77.614,77.614,2618.5
1782946860000,77.622,77.656,77.583,77.655,2309.53
1782946920000,77.648,77.655,77.52,77.551,3115.49
1782946980000,77.544,77.752,77.543,77.749,2628.79
1782947040000,77.749,77.749,77.573,77.598,2502.81
1782947100000,77.598,77.621,77.591,77.621,1303.21
1782947160000,77.621,77.629,77.561,77.628,1224.83
1782947220000,77.621,77.632,77.58,77.585,2396.86
1782947280000,77.591,77.621,77.564,77.594,1156.29
1782947340000,77.595,77.702,77.595,77.689,4562.45
1782947400000,77.688,77.705,77.648,77.681,1469.86
1782947460000,77.681,77.688,77.51,77.51,2465.5
1782947520000,77.51,77.532,77.471,77.531,3824.88
1782947580000,77.532,77.545,77.479,77.505,1717.95
1782947640000,77.504,77.505,77.457,77.504,1488.64
1782947700000,77.505,77.521,77.319,77.422,32932.14
1782947760000,77.415,77.512,77.4,77.509,1629.31
1782947820000,77.502,77.569,77.502,77.555,1465.46
1782947880000,77.561,77.565,77.522,77.528,1031.07
1782947940000,77.528,77.657,77.527,77.613,2159.71
1782948000000,77.606,77.669,77.574,77.575,1104.25
1782948060000,77.575,77.609,77.574,77.601,936.87
1782948120000,77.609,77.628,77.581,77.621,1737.89
1782948180000,77.621,77.68,77.57,77.591,3513.5
1782948240000,77.591,77.628,77.579,77.582,1140.73
1782948300000,77.582,77.666,77.581,77.661,1100.76
1782948360000,77.655,77.679,77.642,77.645,1081.59
1782948420000,77.645,77.651,77.547,77.569,1141.41
1782948480000,77.562,77.621,77.562,77.614,1107.53
1782948540000,77.614,77.651,77.613,77.651,2400.59
1782948600000,77.644,77.672,77.643,77.661,2252.92
1782948660000,77.661,77.753,77.655,77.685,2119.21
1782948720000,77.685,77.712,77.607,77.615,1195.47
1782948780000,77.608,77.683,77.561,77.661,2870.5
1782948840000,77.661,77.7,77.625,77.625,2320.73
1782948900000,77.626,77.626,77.476,77.518,1594.45
1782948960000,77.518,77.546,77.475,77.505,1067.15
1782949020000,77.498,77.619,77.466,77.538,1742.07
1782949080000,77.538,77.591,77.531,77.558,1241.93
1782949140000,77.559,77.559,77.476,77.481,1036.46
1782949200000,77.481,77.497,77.453,77.458,2841.13
1782949260000,77.453,77.522,77.439,77.439,1683.1
1782949320000,77.438,77.549,77.438,77.545,1336.96
1782949380000,77.545,77.564,77.448,77.455,1471.0
1782949440000,77.448,77.53,77.448,77.479,1099.71
1782949500000,77.479,77.515,77.437,77.45,2239.48
1782949560000,77.451,77.459,77.401,77.402,1770.96
1782949620000,77.409,77.501,77.401,77.501,1524.45
1782949680000,77.505,77.584,77.323,77.334,2375.34
1782949740000,77.341,77.366,77.225,77.365,4903.46
1782949800000,77.385,77.432,77.371,77.378,1453.55
1782949860000,77.378,77.449,77.371,77.388,1196.28
1782949920000,77.382,77.388,77.312,77.356,984.26
1782949980000,77.362,77.443,77.355,77.442,2433.33
1782950040000,77.435,77.456,77.419,77.455,1087.37
1782950100000,77.449,77.469,77.402,77.438,1763.63
1782950160000,77.438,77.445,77.418,77.426,1059.82
1782950220000,77.419,77.472,77.401,77.436,999.79
1782950280000,77.443,77.443,77.406,77.428,1281.86
1782950340000,77.428,77.429,77.381,77.405,1115.36
1782950400000,77.405,77.413,77.297,77.298,1300.89
1782950460000,77.298,77.345,77.237,77.305,1913.56
1782950520000,77.299,77.34,77.193,77.194,1474.44
1782950580000,77.194,77.313,77.088,77.312,1955.88
1782950640000,77.313,77.335,77.22,77.221,2078.44
1782950700000,77.221,77.372,77.22,77.372,1764.96
1782950760000,77.374,77.384,77.269,77.269,1331.81
1782950820000,77.269,77.372,77.268,77.364,1121.1
1782950880000,77.371,77.406,77.325,77.405,1072.93
1782950940000,77.398,77.405,77.325,77.352,1233.74
1782951000000,77.358,77.385,77.312,77.322,1110.33
1782951060000,77.328,77.366,77.321,77.322,1032.73
1782951120000,77.329,77.352,77.301,77.351,1211.32
1782951180000,77.352,77.357,77.329,77.356,1127.92
1782951240000,77.356,77.357,77.279,77.286,975.76
1782951300000,77.286,77.341,77.279,77.285,8232.29
1782951360000,77.292,77.292,77.247,77.275,1570.74
1782951420000,77.268,77.275,77.108,77.121,1318.26
1782951480000,77.108,77.152,77.101,77.11,1780.26
1782951540000,77.11,77.121,77.066,77.075,1056.86
1782951600000,77.082,77.162,77.047,77.154,1706.66
1782951660000,77.154,77.27,77.135,77.262,3057.66
1782951720000,77.262,77.336,77.261,77.292,1795.85
1782951780000,77.292,77.334,77.197,77.205,3765.64
1782951840000,77.197,77.299,77.197,77.249,1437.76
1782951900000,77.255,77.269,77.216,77.246,1043.95
1782951960000,77.268,77.293,77.225,77.225,2119.08
1782952020000,77.232,77.232,77.143,77.144,1623.05
1782952080000,77.151,77.152,77.143,77.151,1238.4
1782952140000,77.144,77.151,77.143,77.144,1145.96
1782952200000,77.151,77.152,77.07,77.078,1247.24
1782952260000,77.07,77.128,77.061,77.088,1673.75
1782952320000,77.082,77.109,77.064,77.072,1159.31
1782952380000,77.072,77.078,77.027,77.052,15164.73
1782952440000,77.045,77.069,77.0,77.008,1701.4
1782952500000,77.008,77.026,76.964,77.025,1899.34
1782952560000,77.018,77.056,77.018,77.056,1260.22
1782952620000,77.055,77.065,76.978,76.985,1098.24
1782952680000,76.963,76.969,76.94,76.944,2482.12
1782952740000,76.944,76.999,76.941,76.945,7812.37
1782952800000,76.945,76.963,76.9,76.963,2328.68
1782952860000,76.963,76.989,76.955,76.958,1125.62
1782952920000,76.965,76.966,76.9,76.901,1605.3
1782952980000,76.9,76.939,76.86,76.911,2557.24
1782953040000,76.911,76.952,76.887,76.945,1133.61
1782953100000,76.951,77.009,76.944,77.0,2577.09
1782953160000,77.008,77.039,76.983,77.031,2474.57
1782953220000,77.038,77.039,77.01,77.011,1329.24
1782953280000,77.018,77.086,77.011,77.071,1208.01
1782953340000,77.078,77.219,77.07,77.219,3634.16
1782953400000,77.219,77.311,77.212,77.259,4639.79
1782953460000,77.259,77.299,77.258,77.296,1082.59
1782953520000,77.295,77.296,77.242,77.242,3316.48
1782953580000,77.249,77.296,77.242,77.278,1306.35
1782953640000,77.278,77.278,77.184,77.192,3791.63
1782953700000,77.192,77.255,77.184,77.193,1017.36
1782953760000,77.199,77.2,77.176,77.181,1079.06
1782953820000,77.181,77.222,77.174,77.178,1132.84
1782953880000,77.178,77.185,77.145,77.145,1048.68
1782953940000,77.152,77.225,77.144,77.225,1115.56
1782954000000,77.219,77.225,77.19,77.199,1293.42
1782954060000,77.227,77.235,77.191,77.198,1418.39
1782954120000,77.191,77.33,77.191,77.328,1893.38
1782954180000,77.301,77.379,77.301,77.341,2750.53
1782954240000,77.349,77.349,77.221,77.245,1913.94
1782954300000,77.238,77.289,77.221,77.268,1303.28
1782954360000,77.261,77.268,77.22,77.236,1150.53
1782954420000,77.243,77.289,77.203,77.282,1375.12
1782954480000,77.288,77.31,77.281,77.31,1445.63
1782954540000,77.31,77.442,77.309,77.429,2345.22
1782954600000,77.422,77.445,77.374,77.375,2878.86
1782954660000,77.375,77.406,77.364,77.394,1369.35
1782954720000,77.394,77.62,77.388,77.581,2744.17
1782954780000,77.581,77.596,77.548,77.559,1887.38
1782954840000,77.552,77.609,77.546,77.578,2840.72
1782954900000,77.571,77.616,77.571,77.608,2315.21
1782954960000,77.615,77.663,77.608,77.641,3127.59
1782955020000,77.641,77.648,77.501,77.522,1348.18
1782955080000,77.528,77.758,77.521,77.749,4800.82
1782955140000,77.757,77.795,77.673,77.728,1799.91
1782955200000,77.721,77.759,77.71,77.732,2303.17
1782955260000,77.738,77.738,77.684,77.685,1245.5
1782955320000,77.652,77.669,77.643,77.651,2088.12
1782955380000,77.651,77.748,77.643,77.748,3153.53
1782955440000,77.748,77.773,77.724,77.764,1040.62
1782955500000,77.764,77.859,77.764,77.854,2603.58
1782955560000,77.854,77.885,77.82,77.852,1900.84
1782955620000,77.86,77.86,77.741,77.778,1282.65
1782955680000,77.778,77.85,77.732,77.85,1048.39
1782955740000,77.85,77.906,77.817,77.905,1717.91
1782955800000,77.906,78.119,77.897,78.11,4839.58
1782955860000,78.118,78.19,78.053,78.155,4336.23
1782955920000,78.135,78.256,78.135,78.255,4591.92
1782955980000,78.256,78.3,78.184,78.191,2223.67
1782956040000,78.184,78.299,78.131,78.278,3053.84
1782956100000,78.278,78.299,78.202,78.231,1384.49
1782956160000,78.231,78.274,78.231,78.266,1368.53
1782956220000,78.274,78.418,78.274,78.343,3943.65
1782956280000,78.342,78.352,78.293,78.352,1545.02
1782956340000,78.345,78.44,78.294,78.431,2251.36
1782956400000,78.431,78.663,78.425,78.568,3518.02
1782956460000,78.568,78.574,78.278,78.312,2004.0
1782956520000,78.319,78.335,78.262,78.292,2605.91
1782956580000,78.292,78.323,78.265,78.266,1448.45
1782956640000,78.272,78.294,78.261,78.285,2835.46
1782956700000,78.277,78.293,78.224,78.29,1610.33
1782956760000,78.293,78.328,78.244,78.328,1537.69
1782956820000,78.328,78.356,78.309,78.315,1221.77
1782956880000,78.316,78.336,78.261,78.311,1840.15
1782956940000,78.311,78.318,78.158,78.168,10258.13
1782957000000,78.168,78.208,78.021,78.038,5469.75
1782957060000,78.038,78.049,78.0,78.0,1230.74
1782957120000,78.001,78.055,77.971,78.055,4461.53
1782957180000,78.048,78.056,77.988,78.018,1202.63
1782957240000,78.025,78.062,78.018,78.035,1167.56
1782957300000,78.041,78.083,77.977,78.041,1589.98
1782957360000,78.034,78.076,78.03,78.065,1067.9
1782957420000,78.065,78.089,78.058,78.089,1067.69
1782957480000,78.088,78.136,78.081,78.121,1111.61
1782957540000,78.121,78.15,78.097,78.15,1599.4
1782957600000,78.15,78.15,78.009,78.018,1887.62
1782957660000,78.017,78.035,77.979,78.021,6424.66
1782957720000,78.018,78.043,77.95,77.95,2220.44
1782957780000,77.951,77.977,77.925,77.925,1548.2
1782957840000,77.925,78.066,77.917,78.058,1911.89
1782957900000,78.058,78.075,78.029,78.058,1989.46
1782957960000,78.058,78.082,78.001,78.001,1203.2
1782958020000,78.008,78.019,77.947,77.962,2070.79
1782958080000,77.962,77.988,77.878,77.919,2009.38
1782958140000,77.912,77.935,77.9,77.902,1082.57
1782958200000,77.9,77.902,77.771,77.778,5055.72
1782958260000,77.785,77.899,77.785,77.899,1269.61
1782958320000,77.9,77.947,77.895,77.947,1246.62
1782958380000,77.95,78.095,77.949,78.026,1453.16
1782958440000,78.027,78.027,77.985,78.002,2162.53
1782958500000,78.002,78.151,78.002,78.134,1594.8
1782958560000,78.134,78.192,78.075,78.126,2557.41
1782958620000,78.126,78.152,78.075,78.091,2429.98
1782958680000,78.085,78.092,78.026,78.058,999.74
1782958740000,78.058,78.081,78.001,78.075,1367.81
1782958800000,78.075,78.136,78.058,78.101,1096.32
1782958860000,78.108,78.148,78.078,78.135,1342.38
1782958920000,78.136,78.136,78.054,78.101,1182.61
1782958980000,78.1,78.136,78.084,78.128,1115.71
1782959040000,78.135,78.15,78.108,78.144,1001.89
1782959100000,78.149,78.207,78.144,78.17,1594.45
1782959160000,78.172,78.193,78.144,78.192,1118.66
1782959220000,78.192,78.211,78.165,78.165,1043.79
1782959280000,78.171,78.185,78.159,78.185,1629.3
1782959340000,78.185,78.185,78.124,78.145,1074.46
1782959400000,78.145,78.169,78.07,78.168,1190.57
1782959460000,78.168,78.285,78.161,78.178,3080.15
1782959520000,78.178,78.333,78.172,78.332,1392.21
1782959580000,78.325,78.333,78.226,78.226,2953.04
1782959640000,78.226,78.323,78.207,78.265,1145.71
1782959700000,78.265,78.329,78.261,78.329,1277.79
1782959760000,78.328,78.35,78.288,78.289,2306.77
1782959820000,78.289,78.457,78.288,78.449,1736.77
1782959880000,78.457,78.466,78.395,78.425,2109.4
1782959940000,78.425,78.426,78.381,78.391,3108.56
1782960000000,78.392,78.4,78.364,78.368,2153.58
1782960060000,78.368,78.466,78.353,78.464,1685.56
1782960120000,78.464,78.475,78.445,78.468,1122.78
1782960180000,78.469,78.472,78.395,78.402,1253.94
1782960240000,78.395,78.475,78.395,78.462,1321.58
1782960300000,78.455,78.455,78.421,78.444,1225.89
1782960360000,78.445,78.446,78.417,78.435,974.5
1782960420000,78.435,78.559,78.435,78.511,1547.24
1782960480000,78.512,78.521,78.434,78.441,2639.13
1782960540000,78.442,78.449,78.333,78.334,2661.13
1782960600000,78.333,78.358,78.321,78.338,1875.82
1782960660000,78.345,78.382,78.28,78.365,3600.27
1782960720000,78.372,78.373,78.344,78.361,3283.53
1782960780000,78.361,78.362,78.301,78.301,1192.49
1782960840000,78.302,78.358,78.301,78.352,1141.63
1782960900000,78.352,78.44,78.348,78.375,1061.8
1782960960000,78.368,78.42,78.368,78.412,1037.68
1782961020000,78.412,78.43,78.394,78.401,1069.64
1782961080000,78.428,78.429,78.391,78.398,1420.74
1782961140000,78.391,78.416,78.366,78.389,1335.15
1782961200000,78.389,78.448,78.382,78.419,2688.25
1782961260000,78.419,78.5,78.412,78.463,3651.65
1782961320000,78.462,78.462,78.405,78.445,3100.29
1782961380000,78.452,78.489,78.384,78.411,1634.98
1782961440000,78.404,78.412,78.383,78.384,986.98
1782961500000,78.384,78.421,78.375,78.395,1505.77
1782961560000,78.395,78.482,78.376,78.424,1326.41
1782961620000,78.431,78.453,78.404,78.452,1128.65
1782961680000,78.445,78.47,78.429,78.436,1364.93
1782961740000,78.436,78.452,78.371,78.379,1540.22
1782961800000,78.372,78.392,78.341,78.342,1283.41
1782961860000,78.341,78.381,78.341,78.381,1080.67
1782961920000,78.375,78.381,78.325,78.332,961.08
1782961980000,78.326,78.432,78.325,78.432,1285.72
1782962040000,78.425,78.433,78.391,78.398,1907.64
1782962100000,78.405,78.409,78.374,78.394,1176.97
1782962160000,78.368,78.398,78.284,78.332,1687.17
1782962220000,78.338,78.338,78.291,78.292,1109.42
1782962280000,78.292,78.299,78.176,78.176,1282.46
1782962340000,78.176,78.177,78.124,78.141,1583.72
1782962400000,78.148,78.148,78.093,78.094,1245.42
1782962460000,78.094,78.102,77.924,77.961,4428.01
1782962520000,77.961,77.988,77.911,77.982,1721.81
1782962580000,77.989,78.026,77.942,77.948,1354.44
1782962640000,77.955,77.955,77.932,77.939,1648.27
1782962700000,77.939,77.955,77.911,77.912,1088.17
1782962760000,77.912,77.956,77.912,77.939,1304.68
1782962820000,77.932,78.613,77.921,78.613,2445.75
1782962880000,78.607,78.648,78.467,78.467,2801.95
1782962940000,78.483,78.483,78.375,78.418,2905.31
1782963000000,78.419,78.419,78.321,78.338,1360.13
1782963060000,78.346,78.423,78.335,78.392,4852.16
1782963120000,78.385,78.393,78.226,78.275,1497.27
1782963180000,78.282,78.356,78.275,78.326,1157.17
1782963240000,78.345,78.4,78.338,78.394,1229.09
1782963300000,78.399,78.399,78.358,78.359,1575.52
1782963360000,78.366,78.386,78.326,78.326,1159.09
1782963420000,78.325,78.362,78.258,78.265,1513.74
1782963480000,78.265,78.563,78.258,78.524,2151.28
1782963540000,78.525,78.567,78.504,78.525,8021.96
1782963600000,78.532,78.532,78.486,78.486,1477.0
1782963660000,78.486,78.499,78.468,78.499,1133.4
1782963720000,78.499,78.52,78.491,78.52,1105.09
1782963780000,78.526,78.551,78.508,78.508,1182.01
1782963840000,78.517,78.517,78.458,78.491,1419.71
1782963900000,78.491,78.499,78.45,78.45,2154.72
1782963960000,78.45,78.451,78.344,78.402,1768.89
1782964020000,78.402,78.459,78.378,78.449,1605.62
1782964080000,78.451,78.451,78.361,78.395,1442.08
1782964140000,78.388,78.516,78.388,78.516,1108.31
1782964200000,78.516,78.787,78.51,78.734,9332.81
1782964260000,78.733,78.765,78.61,78.618,1931.53
1782964320000,78.613,78.933,78.61,78.819,8693.38
1782964380000,78.839,78.839,78.692,78.692,4297.04
1782964440000,78.692,78.789,78.692,78.733,1548.76
1782964500000,78.733,78.733,78.681,78.731,1286.64
1782964560000,78.731,78.779,78.695,78.701,2095.49
1782964620000,78.702,78.842,78.685,78.739,2478.78
1782964680000,78.739,78.74,78.624,78.678,2890.46
1782964740000,78.671,78.723,78.642,78.687,1278.9
1782964800000,78.678,78.687,78.481,78.481,1680.34
1782964860000,78.489,78.501,78.454,78.498,1503.5
1782964920000,78.499,78.651,78.491,78.629,3793.19
1782964980000,78.622,78.65,78.565,78.571,1165.38
1782965040000,78.571,78.599,78.564,78.585,1165.07
1782965100000,78.592,78.592,78.537,78.545,1396.75
1782965160000,78.538,78.546,78.508,78.536,2696.76
1782965220000,78.535,78.566,78.497,78.501,1819.59
1782965280000,78.5,78.518,78.329,78.329,1393.42
1782965340000,78.334,78.425,78.327,78.405,2058.58
1782965400000,78.425,78.5,78.418,78.5,1088.24
1782965460000,78.499,78.5,78.378,78.378,1335.0
1782965520000,78.378,78.488,78.377,78.481,1049.33
1782965580000,78.481,78.513,78.481,78.508,1558.44
1782965640000,78.508,78.508,78.45,78.468,1402.6
1782965700000,78.468,78.476,78.351,78.362,4703.88
1782965760000,78.354,78.402,78.348,78.368,1257.0
1782965820000,78.375,78.449,78.367,78.382,1338.97
1782965880000,78.39,78.39,78.314,78.325,1158.79
1782965940000,78.315,78.384,78.314,78.383,1485.57
1782966000000,78.384,78.425,78.38,78.422,1078.95
1782966060000,78.423,78.431,78.379,78.403,1137.62
1782966120000,78.402,78.402,78.25,78.265,1453.61
1782966180000,78.258,78.266,78.237,78.254,1121.25
1782966240000,78.261,78.279,78.253,78.278,1142.7
1782966300000,78.278,78.299,78.253,78.28,1965.99
1782966360000,78.288,78.288,78.226,78.226,1038.2
1782966420000,78.229,78.245,78.204,78.227,969.54
1782966480000,78.221,78.248,78.203,78.218,1327.22
1782966540000,78.211,78.261,78.21,78.261,1642.84
1782966600000,78.261,78.261,78.108,78.185,1437.53
1782966660000,78.185,78.186,78.105,78.105,1377.26
1782966720000,78.112,78.166,78.078,78.165,2167.95
1782966780000,78.165,78.166,78.141,78.148,1009.4
1782966840000,78.142,78.149,78.141,78.148,1041.35
1782966900000,78.142,78.153,78.141,78.152,1226.76
1782966960000,78.153,78.153,78.078,78.081,2403.82
1782967020000,78.088,78.136,78.08,78.088,1052.94
1782967080000,78.096,78.118,78.077,78.078,1526.92
1782967140000,78.085,78.126,78.077,78.115,1621.08
1782967200000,78.115,78.123,78.067,78.075,1197.5
1782967260000,78.075,78.086,78.037,78.045,1825.88
1782967320000,78.045,78.068,78.038,78.052,2808.01
1782967380000,78.051,78.112,78.041,78.071,1379.91
1782967440000,78.071,78.172,78.071,78.172,3540.15
1782967500000,78.165,78.199,78.115,78.191,1626.42
1782967560000,78.191,78.263,78.158,78.254,1613.21
1782967620000,78.255,78.266,78.176,78.176,6036.38
1782967680000,78.182,78.2,78.176,78.192,1102.24
1782967740000,78.192,78.246,78.191,78.245,988.94
1782967800000,78.238,78.273,78.232,78.265,2018.61
1782967860000,78.271,78.343,78.248,78.342,2204.87
1782967920000,78.335,78.376,78.292,78.292,4286.33
1782967980000,78.293,78.353,78.273,78.345,6025.42
1782968040000,78.345,78.353,78.285,78.285,1904.07
1782968100000,78.292,78.293,78.238,78.238,1414.83
1782968160000,78.25,78.296,78.238,78.288,1457.32
1782968220000,78.295,78.295,78.226,78.238,1776.87
1782968280000,78.238,78.296,78.237,78.295,1337.91
1782968340000,78.288,78.295,78.218,78.245,4088.94
1782968400000,78.245,78.245,78.172,78.172,1144.27
1782968460000,78.15,78.15,78.105,78.108,1348.85
1782968520000,78.115,78.115,78.067,78.095,1252.38
1782968580000,78.095,78.115,78.067,78.105,1169.71
1782968640000,78.098,78.126,78.097,78.105,1452.24
1782968700000,78.105,78.185,78.098,78.178,1333.25
1782968760000,78.178,78.185,78.133,78.134,1053.34
1782968820000,78.141,78.194,78.133,78.175,1118.12
1782968880000,78.175,78.176,78.111,78.117,1137.18
1782968940000,78.117,78.296,78.11,78.288,4011.83
1782969000000,78.281,78.289,78.204,78.245,1187.82
1782969060000,78.238,78.258,78.22,78.258,1060.59
1782969120000,78.259,78.301,78.212,78.293,1646.75
1782969180000,78.293,78.301,78.218,78.241,2137.97
1782969240000,78.241,78.248,78.215,78.241,1235.03
1782969300000,78.241,78.266,78.154,78.265,1111.72
1782969360000,78.265,78.266,78.194,78.201,1630.54
1782969420000,78.194,78.252,78.194,78.252,921.5
1782969480000,78.252,78.269,78.245,78.261,1096.49
1782969540000,78.261,78.268,78.222,78.248,7346.55
1782969600000,78.248,78.255,78.199,78.199,1071.84
1782969660000,78.199,78.223,78.174,78.179,1251.15
1782969720000,78.179,78.185,78.138,78.151,1026.77
1782969780000,78.151,78.158,78.095,78.111,1173.93
1782969840000,78.118,78.136,78.096,78.103,1226.93
1782969900000,78.103,78.104,78.058,78.066,935.98
1782969960000,78.059,78.105,78.025,78.089,1063.65
1782970020000,78.088,78.088,78.038,78.062,1047.06
1782970080000,78.063,78.078,78.045,78.046,1163.33
1782970140000,78.046,78.053,77.995,78.013,2381.15
1782970200000,78.004,78.096,78.004,78.039,1799.08
1782970260000,78.039,78.04,77.964,77.965,1699.15
1782970320000,77.965,78.04,77.965,78.032,979.38
1782970380000,78.032,78.04,77.945,77.952,2664.72
1782970440000,77.958,78.053,77.952,78.052,1277.62
1782970500000,78.045,78.086,78.028,78.075,1221.98
1782970560000,78.085,78.09,78.039,78.089,1297.74
1782970620000,78.082,78.089,77.938,77.992,2034.12
1782970680000,77.992,77.998,77.847,77.879,7917.8
1782970740000,77.855,77.863,77.81,77.825,3534.95
1782970800000,77.825,77.852,77.786,77.852,3733.49
1782970860000,77.839,77.847,77.8,77.808,1103.4
1782970920000,77.8,77.809,77.738,77.755,2737.88
1782970980000,77.755,77.84,77.749,77.839,1321.3
1782971040000,77.839,77.882,77.798,77.799,1476.2
1782971100000,77.808,77.846,77.799,77.818,1193.98
1782971160000,77.818,77.866,77.799,77.818,1448.34
1782971220000,77.811,77.832,77.773,77.808,1462.71
1782971280000,77.808,77.836,77.807,77.835,1237.27
1782971340000,77.829,77.876,77.811,77.868,1327.94
1782971400000,77.868,77.923,77.868,77.882,967.01
1782971460000,77.875,77.975,77.875,77.972,3635.84
1782971520000,77.965,77.999,77.965,77.998,2119.24
1782971580000,77.992,78.033,77.992,78.023,1246.5
1782971640000,78.023,78.066,78.012,78.048,3138.79
1782971700000,78.048,78.048,77.988,78.011,1237.65
1782971760000,78.005,78.038,77.981,78.038,1188.81
1782971820000,78.039,78.056,78.03,78.055,1036.75
1782971880000,78.055,78.089,78.048,78.068,1100.16
1782971940000,78.068,78.069,78.061,78.062,1214.05
1782972000000,78.067,78.085,78.061,78.082,979.7
1782972060000,78.076,78.083,78.075,78.079,1171.88
1782972120000,78.079,78.15,78.048,78.121,1521.37
1782972180000,78.121,78.129,77.985,77.985,1170.04
1782972240000,78.004,78.074,77.948,77.968,4285.35
1782972300000,77.976,78.032,77.967,78.025,1307.57
1782972360000,78.024,78.033,77.974,77.999,5112.68
1782972420000,77.998,77.999,77.95,77.951,1237.11
1782972480000,77.955,77.999,77.884,77.999,1819.73
1782972540000,77.999,78.021,77.937,77.982,1496.54
1782972600000,77.959,78.016,77.959,78.009,1143.07
1782972660000,78.009,78.037,77.965,78.029,1161.94
1782972720000,78.029,78.036,77.965,77.966,1315.13
1782972780000,77.973,77.993,77.958,77.992,990.83
1782972840000,77.985,78.019,77.985,78.018,1000.92
1782972900000,78.018,78.074,77.991,78.045,1095.49
1782972960000,78.045,78.073,78.021,78.072,1150.66
1782973020000,78.065,78.13,78.064,78.123,2431.22
1782973080000,78.123,78.123,78.041,78.099,1188.32
1782973140000,78.099,78.183,78.098,78.174,1520.29
1782973200000,78.181,78.236,78.174,78.228,4542.22
1782973260000,78.235,78.31,78.228,78.289,2073.87
1782973320000,78.282,78.355,78.273,78.281,2917.64
1782973380000,78.274,78.285,78.244,78.262,1479.91
1782973440000,78.255,78.262,78.181,78.249,1545.59
1782973500000,78.25,78.353,78.232,78.352,9122.92
1782973560000,78.352,78.352,78.271,78.273,1634.44
1782973620000,78.271,78.289,78.24,78.269,6485.7
1782973680000,78.269,78.269,78.207,78.212,3417.67
1782973740000,78.22,78.22,78.183,78.201,4199.62
1782973800000,78.201,78.279,78.182,78.272,1192.28
1782973860000,78.272,78.442,78.272,78.442,6684.39
1782973920000,78.442,78.5,78.419,78.5,2450.9
1782973980000,78.498,78.565,78.498,78.564,2413.25
1782974040000,78.558,78.592,78.499,78.505,2373.38
1782974100000,78.506,78.506,78.444,78.468,1863.75
1782974160000,78.468,78.469,78.364,78.372,5923.0
1782974220000,78.37,78.373,78.335,78.347,1342.69
1782974280000,78.347,78.379,78.335,78.343,1274.25
1782974340000,78.336,78.343,78.31,78.31,1080.59
1782974400000,78.31,78.325,78.28,78.302,1189.0
1782974460000,78.302,78.352,78.265,78.265,1273.41
1782974520000,78.265,78.266,78.141,78.152,1698.06
1782974580000,78.141,78.141,78.051,78.06,1654.1
1782974640000,78.052,78.09,78.051,78.089,1358.85
1782974700000,78.089,78.112,78.065,78.065,1454.61
1782974760000,78.072,78.12,77.987,77.987,1369.48
1782974820000,77.988,77.988,77.831,77.929,3883.03
1782974880000,77.922,77.93,77.871,77.872,1848.97
1782974940000,77.878,77.878,77.821,77.821,1923.21
1782975000000,77.822,77.829,77.717,77.745,9306.14
1782975060000,77.738,77.78,77.737,77.749,1347.11
1782975120000,77.75,77.8,77.726,77.799,1343.13
1782975180000,77.834,77.85,77.826,77.841,1280.68
1782975240000,77.849,77.853,77.814,77.853,1374.68
1782975300000,77.848,77.889,77.848,77.888,1287.43
1782975360000,77.888,77.889,77.849,77.85,1039.61
1782975420000,77.85,77.909,77.849,77.9,1387.54
1782975480000,77.9,77.943,77.883,77.884,1475.21
1782975540000,77.891,77.891,77.857,77.865,1522.17
1782975600000,77.865,77.866,77.821,77.821,1354.24
1782975660000,77.821,77.921,77.821,77.878,1135.77
1782975720000,77.878,77.922,77.877,77.878,1786.08
1782975780000,77.885,77.888,77.781,77.796,1229.12
1782975840000,77.804,77.815,77.755,77.756,4404.42
1782975900000,77.756,77.764,77.636,77.71,4004.7
1782975960000,77.719,77.762,77.637,77.742,2411.64
1782976020000,77.735,77.785,77.722,77.769,1245.6
1782976080000,77.762,77.77,77.722,77.759,1248.6
1782976140000,77.759,77.796,77.752,77.786,1972.97
1782976200000,77.785,77.839,77.785,77.832,2305.6
1782976260000,77.832,77.85,77.81,77.818,1413.18
1782976320000,77.818,77.819,77.72,77.722,1388.62
1782976380000,77.728,77.736,77.704,77.728,1328.53
1782976440000,77.728,77.778,77.714,77.755,1097.98
1782976500000,77.762,77.854,77.755,77.853,1308.88
1782976560000,77.846,77.906,77.841,77.841,1124.77
1782976620000,77.848,77.849,77.705,77.705,1311.17
1782976680000,77.712,77.713,77.627,77.655,2264.14
1782976740000,77.655,77.663,77.561,77.655,2997.83
1782976800000,77.661,77.712,77.655,77.708,1352.03
1782976860000,77.708,77.709,77.681,77.682,1242.32
1782976920000,77.665,77.73,77.665,77.727,1232.77
1782976980000,77.73,77.784,77.726,77.758,2344.55
1782977040000,77.765,77.802,77.757,77.802,1171.3
1782977100000,77.802,77.802,77.714,77.722,1594.88
1782977160000,77.715,77.722,77.643,77.644,1050.08
1782977220000,77.651,77.655,77.624,77.635,1060.88
1782977280000,77.628,77.745,77.628,77.737,2302.33
1782977340000,77.745,77.745,77.684,77.684,1275.71
1782977400000,77.691,77.694,77.657,77.665,1182.65
1782977460000,77.665,77.725,77.665,77.717,1128.87
1782977520000,77.717,77.724,77.684,77.688,1081.04
1782977580000,77.694,77.771,77.6,77.764,1859.23
1782977640000,77.772,77.775,77.704,77.731,1881.52
1782977700000,77.731,77.788,77.724,77.771,1594.9
1782977760000,77.778,77.815,77.744,77.788,1554.75
1782977820000,77.788,77.795,77.717,77.732,1078.0
1782977880000,77.733,77.822,77.718,77.822,1142.28
1782977940000,77.821,77.846,77.813,77.822,1013.61
1782978000000,77.822,77.846,77.815,77.838,2113.49
1782978060000,77.838,77.869,77.817,77.836,1081.21
1782978120000,77.836,77.886,77.809,77.875,1602.37
1782978180000,77.875,77.905,77.868,77.881,1741.47
1782978240000,77.874,77.948,77.854,77.94,1582.04
1782978300000,77.947,77.988,77.94,77.947,1113.8
1782978360000,77.941,77.947,77.899,77.901,2399.62
1782978420000,77.907,77.95,77.875,77.909,1400.2
1782978480000,77.909,77.935,77.897,77.934,1061.79
1782978540000,77.934,78.139,77.927,78.067,2578.63
1782978600000,78.059,78.152,78.059,78.075,1178.63
1782978660000,78.035,78.062,78.0,78.022,1399.45
1782978720000,78.016,78.054,78.015,78.042,1342.31
1782978780000,78.042,78.043,77.963,77.966,2255.14
1782978840000,77.963,77.966,77.957,77.958,1195.4
1782978900000,77.958,77.985,77.907,77.945,1416.63
1782978960000,77.953,77.968,77.945,77.945,1003.06
1782979020000,77.945,77.981,77.893,77.894,1234.56
1782979080000,77.901,77.912,77.886,77.904,4114.56
1782979140000,77.904,77.958,77.903,77.951,1211.08
1782979200000,77.959,77.998,77.922,77.925,1504.94
1782979260000,77.991,77.996,77.918,77.987,1357.6
1782979320000,77.987,78.029,77.961,78.015,1233.84
1782979380000,78.015,78.025,77.997,78.004,1641.09
1782979440000,78.004,78.036,77.994,78.028,1105.66
1782979500000,78.027,78.159,78.021,78.15,1473.74
1782979560000,78.15,78.158,78.083,78.091,1222.53
1782979620000,78.091,78.179,78.021,78.158,1382.21
1782979680000,78.165,78.192,78.118,78.188,1899.38
1782979740000,78.188,78.189,78.122,78.138,1508.28
1782979800000,78.145,78.15,78.103,78.138,1805.48
1782979860000,78.145,78.145,78.0,78.008,1164.63
1782979920000,78.008,78.022,77.974,78.014,1131.54
1782979980000,78.014,78.092,78.014,78.054,1087.26
1782980040000,78.047,78.095,78.02,78.094,1068.09
1782980100000,78.094,78.172,78.087,78.172,1690.06
1782980160000,78.172,78.189,78.133,78.158,2433.26
1782980220000,78.165,78.226,78.157,78.163,1591.92
1782980280000,78.171,78.208,78.151,78.189,1059.55
1782980340000,78.188,78.229,78.18,78.218,1318.29
1782980400000,78.212,78.219,78.174,78.187,1128.74
1782980460000,78.194,78.22,78.187,78.208,2205.97
1782980520000,78.208,78.256,78.208,78.219,1635.63
1782980580000,78.219,78.223,78.162,78.191,1281.68
1782980640000,78.191,78.208,78.163,78.208,994.38
1782980700000,78.208,78.226,78.181,78.181,1242.05
1782980760000,78.188,78.188,78.152,78.165,1060.57
1782980820000,78.165,78.194,78.157,78.161,917.16
1782980880000,78.169,78.194,78.161,78.193,1164.53
1782980940000,78.193,78.194,78.14,78.154,1228.76
1782981000000,78.1,78.15,78.06,78.096,935.62
1782981060000,78.099,78.18,78.096,78.172,1168.21
1782981120000,78.172,78.211,78.172,78.184,1117.57
1782981180000,78.192,78.244,78.183,78.214,1691.82
1782981240000,78.214,78.355,78.207,78.352,2356.36
1782981300000,78.354,78.445,78.337,78.42,5047.76
1782981360000,78.427,78.428,78.36,78.364,2171.68
1782981420000,78.364,78.371,78.256,78.284,1522.62
1782981480000,78.277,78.285,78.276,78.276,1051.55
1782981540000,78.285,78.34,78.277,78.339,1285.69
1782981600000,78.339,78.34,78.3,78.301,1132.92
1782981660000,78.307,78.327,78.3,78.308,1416.9
1782981720000,78.315,78.316,78.285,78.308,1024.58
1782981780000,78.301,78.315,78.285,78.314,1064.0
1782981840000,78.307,78.369,78.284,78.368,3170.91
1782981900000,78.361,78.369,78.328,78.332,1269.18
1782981960000,78.331,78.436,78.301,78.436,1193.21
1782982020000,78.443,78.465,78.361,78.368,1544.49
1782982080000,78.368,78.409,78.362,78.402,1606.77
1782982140000,78.408,78.408,78.371,78.372,1231.29
1782982200000,78.371,78.379,78.371,78.378,1096.46
1782982260000,78.378,78.378,78.33,78.331,2291.64
1782982320000,78.331,78.386,78.33,78.375,1099.48
1782982380000,78.375,78.399,78.374,78.398,1267.92
1782982440000,78.398,78.4,78.367,78.39,1581.81
1782982500000,78.391,78.419,78.387,78.418,2084.33
1782982560000,78.411,78.438,78.41,78.421,1063.9
1782982620000,78.415,78.428,78.373,78.428,3424.07
1782982680000,78.421,78.428,78.38,78.397,1904.51
1782982740000,78.397,78.445,78.396,78.444,1644.59
1782982800000,78.427,78.428,78.336,78.357,1723.88
1782982860000,78.364,78.435,78.358,78.418,1168.98
1782982920000,78.411,78.472,78.393,78.463,7787.39
1782982980000,78.464,78.48,78.425,78.458,7714.78
1782983040000,78.451,78.458,78.4,78.401,1327.18
1782983100000,78.401,78.408,78.331,78.339,1378.29
1782983160000,78.332,78.339,78.26,78.278,1413.49
1782983220000,78.286,78.328,78.245,78.322,1279.35
1782983280000,78.328,78.357,78.269,78.298,1384.23
1782983340000,78.291,78.427,78.25,78.427,1401.51
1782983400000,78.42,78.496,78.42,78.468,4421.37
1782983460000,78.46,78.55,78.46,78.538,1672.07
1782983520000,78.539,78.563,78.53,78.549,1211.15
1782983580000,78.563,78.563,78.514,78.523,1016.61
1782983640000,78.522,78.522,78.391,78.392,1610.72
1782983700000,78.392,78.437,78.367,78.368,1207.42
1782983760000,78.367,78.375,78.304,78.339,2552.45
1782983820000,78.339,78.398,78.332,78.358,1170.2
1782983880000,78.332,78.399,78.332,78.392,1401.09
1782983940000,78.392,78.399,78.381,78.389,1655.99
1782984000000,78.389,78.492,78.388,78.468,1924.82
1782984060000,78.462,78.5,78.461,78.499,989.73
1782984120000,78.499,78.543,78.488,78.536,1457.06
1782984180000,78.543,78.63,78.522,78.541,2320.41
1782984240000,78.542,78.62,78.541,78.568,1284.33
1782984300000,78.569,78.575,78.521,78.535,2012.29
1782984360000,78.534,78.599,78.534,78.595,1302.6
1782984420000,78.594,78.708,78.594,78.706,8668.37
1782984480000,78.706,78.823,78.698,78.822,2772.62
1782984540000,78.815,78.826,78.764,78.782,2686.96
1782984600000,78.783,78.846,78.715,78.838,1489.25
1782984660000,78.839,79.323,78.838,79.075,14886.47
1782984720000,79.075,79.146,79.034,79.092,9104.86
1782984780000,79.085,79.159,79.052,79.142,1784.7
1782984840000,79.142,79.459,79.142,79.298,19856.04
1782984900000,79.298,79.424,79.238,79.405,2607.13
1782984960000,79.416,79.638,79.366,79.515,8073.88
1782985020000,79.514,79.536,79.448,79.498,6515.68
1782985080000,79.498,79.634,79.491,79.588,3862.62
1782985140000,79.581,79.636,79.429,79.619,16567.7
1782985200000,79.611,79.611,79.444,79.473,7917.66
1782985260000,79.474,79.534,79.426,79.511,3016.86
1782985320000,79.489,79.731,79.488,79.617,16827.52
1782985380000,79.618,79.625,79.407,79.449,11169.05
1782985440000,79.45,79.519,79.408,79.426,2304.84
1782985500000,79.426,79.426,79.227,79.257,3271.87
1782985560000,79.257,79.33,79.224,79.232,1876.41
1782985620000,79.231,79.391,79.231,79.359,3042.53
1782985680000,79.353,79.417,79.353,79.404,1845.48
1782985740000,79.405,79.446,79.358,79.439,1396.91
1782985800000,79.431,79.44,79.294,79.329,1951.52
1782985860000,79.337,79.42,79.297,79.402,1277.64
1782985920000,79.401,79.424,79.358,79.404,1623.19
1782985980000,79.404,79.633,79.403,79.583,4932.74
1782986040000,79.583,79.583,79.461,79.544,1888.36
1782986100000,79.543,79.657,79.507,79.602,11621.97
1782986160000,79.603,79.61,79.458,79.459,1385.9
1782986220000,79.458,79.622,79.458,79.622,2467.86
1782986280000,79.615,79.623,79.454,79.462,2033.18
1782986340000,79.455,79.463,79.431,79.439,1569.24
1782986400000,79.439,79.466,79.375,79.452,6164.42
1782986460000,79.452,79.542,79.444,79.465,5734.16
1782986520000,79.465,79.474,79.426,79.435,5401.01
1782986580000,79.445,79.476,79.421,79.442,2211.64
1782986640000,79.436,79.546,79.436,79.522,8458.84
1782986700000,79.515,79.666,79.468,79.638,3605.43
1782986760000,79.637,79.824,79.637,79.718,14245.62
1782986820000,79.725,79.726,79.675,79.682,1914.06
1782986880000,79.682,79.682,79.558,79.565,1160.76
1782986940000,79.565,79.572,79.518,79.532,6278.73
1782987000000,79.532,79.638,79.499,79.638,2200.9
1782987060000,79.63,79.669,79.592,79.629,1401.91
1782987120000,79.636,79.639,79.576,79.605,2526.26
1782987180000,79.605,79.686,79.598,79.662,2494.87
1782987240000,79.661,79.669,79.635,79.649,1888.32
1782987300000,79.656,79.656,79.584,79.605,1528.22
1782987360000,79.612,79.613,79.424,79.438,3120.74
1782987420000,79.447,79.483,79.415,79.475,3598.97
1782987480000,79.483,79.537,79.454,79.472,1115.87
1782987540000,79.472,79.743,79.464,79.734,1669.99
1782987600000,79.75,79.842,79.708,79.773,3469.34
1782987660000,79.774,79.941,79.701,79.918,11436.56
1782987720000,79.917,80.051,79.789,79.865,14257.1
1782987780000,79.865,79.998,79.792,79.977,7218.25
1782987840000,79.994,80.213,79.953,80.12,58547.42
1782987900000,80.127,80.25,80.119,80.185,4176.86
1782987960000,80.186,80.502,80.105,80.39,19416.81
1782988020000,80.38,80.548,80.204,80.206,15699.58
1782988080000,80.205,80.274,80.11,80.11,4419.14
1782988140000,80.109,80.224,80.105,80.205,2443.44
1782988200000,80.205,80.25,80.198,80.246,3270.92
1782988260000,80.25,80.361,80.205,80.272,5650.86
1782988320000,80.28,80.28,80.174,80.185,2208.78
1782988380000,80.184,80.458,80.159,80.395,8550.05
1782988440000,80.398,80.633,80.391,80.633,7537.43
1782988500000,80.634,80.749,80.546,80.728,6633.51
1782988560000,80.729,80.729,80.538,80.545,4578.15
1782988620000,80.538,80.75,80.538,80.682,1759.28
1782988680000,80.665,80.833,80.602,80.683,6635.04
1782988740000,80.683,80.888,80.67,80.81,3105.9
1782988800000,80.799,80.803,80.682,80.708,1846.58
1782988860000,80.715,80.972,80.715,80.963,4099.49
1782988920000,80.973,81.212,80.973,81.187,9865.02
1782988980000,81.18,81.327,81.071,81.144,20449.31
1782989040000,81.144,81.152,80.989,81.033,2885.54
1782989100000,81.034,81.199,80.985,81.151,7363.72
1782989160000,81.155,81.163,80.989,80.996,7631.41
1782989220000,80.991,81.166,80.868,81.096,2856.15
1782989280000,81.076,81.346,81.075,81.163,3927.25
1782989340000,81.168,81.36,81.126,81.36,4582.2
1782989400000,81.359,81.406,81.264,81.304,3402.19
1782989460000,81.339,81.413,81.339,81.412,2684.85
1782989520000,81.405,81.839,81.375,81.651,20409.29
1782989580000,81.651,81.689,81.543,81.689,4605.17
1782989640000,81.688,81.947,81.648,81.706,6759.88
1782989700000,81.707,81.707,81.445,81.445,2724.87
1782989760000,81.453,81.584,81.429,81.515,1818.77
1782989820000,81.523,81.754,81.475,81.729,3584.89
1782989880000,81.753,81.928,81.752,81.916,4125.13
1782989940000,81.892,82.156,81.822,82.058,15390.66
1782990000000,82.06,82.06,81.743,81.841,13446.47
1782990060000,81.85,81.895,81.673,81.727,5486.42
1782990120000,81.728,81.763,81.517,81.554,10266.03
1782990180000,81.554,81.562,81.474,81.511,5347.8
1782990240000,81.505,81.676,81.505,81.571,2899.68
1782990300000,81.562,81.616,81.509,81.609,3906.98
1782990360000,81.616,81.658,81.561,81.642,2079.48
1782990420000,81.649,81.929,81.641,81.921,2901.84
1782990480000,81.929,81.963,81.7,81.716,1911.59
1782990540000,81.709,81.744,81.661,81.69,18899.58
1782990600000,81.682,82.119,81.656,82.029,10500.59
1782990660000,82.022,82.535,82.022,82.412,23144.62
1782990720000,82.436,82.578,82.397,82.449,11626.6
1782990780000,82.449,82.628,82.429,82.429,11205.35
1782990840000,82.429,82.506,82.201,82.256,15845.54
1782990900000,82.263,82.263,82.125,82.175,4808.22
1782990960000,82.168,82.176,82.055,82.055,3283.72
1782991020000,82.087,82.27,82.082,82.104,3316.88
1782991080000,82.105,82.16,81.947,81.985,9977.68
1782991140000,81.984,82.073,81.951,82.049,7648.29
1782991200000,82.048,82.079,81.929,81.936,3465.72
1782991260000,81.932,82.215,81.924,82.19,12870.04
1782991320000,82.181,82.392,82.042,82.329,13719.23
1782991380000,82.329,82.455,82.24,82.322,2485.34
1782991440000,82.322,82.729,82.322,82.636,19767.92
1782991500000,82.576,82.619,82.424,82.571,7396.92
1782991560000,82.572,82.723,82.542,82.71,5860.49
1782991620000,82.709,82.709,82.492,82.519,2979.83
1782991680000,82.511,82.58,82.248,82.252,6636.73
1782991740000,82.26,82.507,82.26,82.506,3352.13
1782991800000,82.507,82.66,82.427,82.528,4371.44
1782991860000,82.537,82.649,82.482,82.585,3151.2
1782991920000,82.566,82.585,82.337,82.352,3298.89
1782991980000,82.345,82.51,82.312,82.313,11011.52
1782992040000,82.312,82.34,82.175,82.209,5236.84
1782992100000,82.21,82.266,82.151,82.263,5274.41
1782992160000,82.274,82.414,82.274,82.318,20261.57
1782992220000,82.32,82.509,82.301,82.485,9872.29
1782992280000,82.485,82.487,82.232,82.239,3965.44
1782992340000,82.239,82.353,82.193,82.257,14033.63
1782992400000,82.266,82.315,82.229,82.229,4921.72
1782992460000,82.225,82.467,82.223,82.455,11966.52
1782992520000,82.463,82.495,82.383,82.383,4805.18
1782992580000,82.391,82.535,82.391,82.416,10883.88
1782992640000,82.422,82.436,82.385,82.386,7050.54
1782992700000,82.393,82.522,82.316,82.489,7215.24
1782992760000,82.488,82.513,82.295,82.333,2083.79
1782992820000,82.334,82.37,82.276,82.318,1829.0
1782992880000,82.317,82.363,82.27,82.347,1861.46
1782992940000,82.35,82.376,82.275,82.296,1192.14
1782993000000,82.289,82.356,82.253,82.354,2028.48
1782993060000,82.356,82.44,82.319,82.418,1536.04
1782993120000,82.418,82.439,82.336,82.337,1617.63
1782993180000,82.337,82.423,82.292,82.408,2152.11
1782993240000,82.407,82.414,82.261,82.262,3952.5
1782993300000,82.269,82.276,82.011,82.025,13019.02
1782993360000,82.024,82.164,81.974,82.164,8535.95
1782993420000,82.163,82.382,82.084,82.187,9898.76
1782993480000,82.186,82.439,82.186,82.431,5611.19
1782993540000,82.439,82.446,82.372,82.398,7387.44
1782993600000,82.355,82.355,82.141,82.216,3316.17
1782993660000,82.215,82.269,82.214,82.235,1716.96
1782993720000,82.241,82.26,82.194,82.229,2544.16
1782993780000,82.23,82.3,82.111,82.178,8732.97
1782993840000,82.177,82.239,82.177,82.231,1149.87
1782993900000,82.238,82.276,82.227,82.275,2552.92
1782993960000,82.275,82.404,82.247,82.404,4787.74
1782994020000,82.404,82.407,82.265,82.275,2387.41
1782994080000,82.266,82.315,82.244,82.269,1620.62
1782994140000,82.262,82.383,82.244,82.252,2402.99
1782994200000,82.283,82.369,82.214,82.248,2440.91
1782994260000,82.256,82.289,82.147,82.229,2775.49
1782994320000,82.221,82.245,82.178,82.178,1186.13
1782994380000,82.177,82.278,82.16,82.211,1636.18
1782994440000,82.219,82.293,82.211,82.238,2103.24
1782994500000,82.245,82.347,82.1,82.1,3489.72
1782994560000,82.108,82.162,82.015,82.088,1712.48
1782994620000,82.115,82.116,82.001,82.001,3505.56
1782994680000,82.001,82.066,81.957,82.012,6928.54
1782994740000,82.012,82.067,81.673,81.723,7504.4
1782994800000,81.731,81.812,81.724,81.752,1805.21
1782994860000,81.752,81.767,81.666,81.695,9008.45
1782994920000,81.695,81.825,81.689,81.822,5595.65
1782994980000,81.835,81.836,81.724,81.741,1673.06
1782995040000,81.749,81.75,81.7,81.738,3588.65
1782995100000,81.738,81.829,81.731,81.829,2929.05
1782995160000,81.792,81.879,81.78,81.875,2972.21
1782995220000,81.876,81.876,81.775,81.795,2002.49
1782995280000,81.794,81.915,81.79,81.914,1702.55
1782995340000,81.914,82.207,81.906,82.022,10438.19
1782995400000,82.014,82.365,81.751,81.792,9303.38
1782995460000,81.789,81.789,81.418,81.458,12159.06
1782995520000,81.462,81.659,81.462,81.588,3870.74
1782995580000,81.601,81.686,81.282,81.328,17726.49
1782995640000,81.328,81.441,81.204,81.441,10698.5
1782995700000,81.442,81.446,81.207,81.215,8359.23
1782995760000,81.207,81.393,81.206,81.306,6660.14
1782995820000,81.306,81.395,81.218,81.387,8742.31
1782995880000,81.387,81.395,81.225,81.289,2113.89
1782995940000,81.297,81.386,81.29,81.317,5567.87
1782996000000,81.318,81.429,81.256,81.429,11278.8
1782996060000,81.385,81.398,81.081,81.088,7280.29
1782996120000,81.088,81.178,81.087,81.161,3951.73
1782996180000,81.144,81.248,81.124,81.207,3019.17
1782996240000,81.208,81.216,81.154,81.178,2158.34
1782996300000,81.182,81.302,81.174,81.25,2669.54
1782996360000,81.251,81.349,81.235,81.349,3102.58
1782996420000,81.34,81.38,81.271,81.288,3104.55
1782996480000,81.288,81.363,81.263,81.362,2646.64
1782996540000,81.362,81.385,81.29,81.371,1386.23
1782996600000,81.365,81.442,81.363,81.418,3255.65
1782996660000,81.425,81.426,81.301,81.304,2197.7
1782996720000,81.303,81.369,81.3,81.333,3391.96
1782996780000,81.325,81.462,81.233,81.442,3169.02
1782996840000,81.442,81.443,81.325,81.428,3138.1
1782996900000,81.438,81.448,81.301,81.331,2856.29
1782996960000,81.331,81.344,81.225,81.298,2978.32
1782997020000,81.29,81.297,81.218,81.222,2089.49
1782997080000,81.222,81.316,81.222,81.255,1727.35
1782997140000,81.249,81.36,81.249,81.359,1712.74
1782997200000,81.36,81.427,81.274,81.275,1211.93
1782997260000,81.282,81.282,81.2,81.269,2919.36
1782997320000,81.276,81.299,81.248,81.255,1381.6
1782997380000,81.249,81.299,81.248,81.265,1094.81
1782997440000,81.265,81.296,81.264,81.265,1147.55
1782997500000,81.265,81.497,81.247,81.49,5566.21
1782997560000,81.471,81.625,81.471,81.542,5541.66
1782997620000,81.578,81.6,81.49,81.542,2348.26
1782997680000,81.535,81.543,81.358,81.405,1832.47
1782997740000,81.405,81.586,81.405,81.522,1516.19
1782997800000,81.53,81.546,81.465,81.513,2037.59
1782997860000,81.512,81.549,81.501,81.508,1176.06
1782997920000,81.509,81.575,81.508,81.568,2156.16
1782997980000,81.576,81.632,81.555,81.575,1929.95
1782998040000,81.575,81.575,81.394,81.41,1298.23
1782998100000,81.41,81.485,81.394,81.439,1332.28
1782998160000,81.44,81.495,81.367,81.369,2613.98
1782998220000,81.377,81.395,81.134,81.169,3191.02
1782998280000,81.162,81.376,81.161,81.326,1854.42
1782998340000,81.326,81.333,81.267,81.268,1121.23
1782998400000,81.268,81.356,81.208,81.355,1380.83
1782998460000,81.348,81.476,81.329,81.438,3238.6
1782998520000,81.438,81.446,81.318,81.345,2070.42
1782998580000,81.379,81.489,81.371,81.476,3958.38
1782998640000,81.482,81.536,81.461,81.476,3011.26
1782998700000,81.467,81.641,81.444,81.49,2810.93
1782998760000,81.491,81.5,81.335,81.428,3031.41
1782998820000,81.441,81.443,81.327,81.328,1871.32
1782998880000,81.332,81.346,81.066,81.072,8388.94
1782998940000,81.071,81.079,80.705,80.913,12155.27
1782999000000,80.913,80.969,80.736,80.967,5876.96
1782999060000,80.967,81.337,80.951,81.337,6470.05
1782999120000,81.328,81.384,81.153,81.191,4717.16
1782999180000,81.184,81.385,81.184,81.242,2339.0
1782999240000,81.241,81.612,81.234,81.603,6866.21
1782999300000,81.547,81.622,81.381,81.459,5880.69
1782999360000,81.46,81.787,81.406,81.739,4334.05
1782999420000,81.732,81.74,81.6,81.641,2288.01
1782999480000,81.641,81.641,81.501,81.583,2767.54
1782999540000,81.584,81.663,81.571,81.583,1839.02
1782999600000,81.59,81.749,81.565,81.565,3454.77
1782999660000,81.565,81.683,81.565,81.639,14322.05
1782999720000,81.632,81.697,81.597,81.636,1736.43
1782999780000,81.644,81.753,81.602,81.718,7611.53
1782999840000,81.694,81.758,81.623,81.751,5220.56
1782999900000,81.751,81.751,81.556,81.658,5470.68
1782999960000,81.652,81.763,81.652,81.732,4508.65
1783000020000,81.725,81.95,81.724,81.935,7599.46
1783000080000,81.868,81.869,81.601,81.608,4100.04
1783000140000,81.602,81.728,81.601,81.677,4825.69
1783000200000,81.676,81.689,81.547,81.558,1927.33
1783000260000,81.565,81.66,81.557,81.659,1702.11
1783000320000,81.66,81.669,81.567,81.641,1157.0
1783000380000,81.625,81.625,81.462,81.467,3315.41
1783000440000,81.475,81.573,81.448,81.548,1836.68
1783000500000,81.542,81.548,81.462,81.478,1783.86
1783000560000,81.478,81.479,81.313,81.319,10452.74
1783000620000,81.352,81.463,81.343,81.389,6275.67
1783000680000,81.396,81.457,81.389,81.424,1520.7
1783000740000,81.418,81.498,81.418,81.465,2828.26
1783000800000,81.465,81.465,81.265,81.302,5043.07
1783000860000,81.294,81.469,81.294,81.454,3016.33
1783000920000,81.454,81.487,81.411,81.478,1609.79
1783000980000,81.471,81.478,81.14,81.14,10042.64
1783001040000,81.141,81.293,81.079,81.206,11240.82
1783001100000,81.198,81.226,81.076,81.148,4212.96
1783001160000,81.157,81.2,81.08,81.084,2380.68
1783001220000,81.076,81.264,81.062,81.255,7311.42
1783001280000,81.248,81.271,81.171,81.171,1469.68
1783001340000,81.178,81.212,81.083,81.121,1689.22
1783001400000,81.122,81.155,81.053,81.097,1366.68
1783001460000,81.104,81.262,81.097,81.241,2330.01
1783001520000,81.241,81.353,81.198,81.315,1669.44
1783001580000,81.322,81.414,81.261,81.403,1386.57
1783001640000,81.41,81.411,81.253,81.253,2481.05
1783001700000,81.253,81.325,81.209,81.325,2632.58
1783001760000,81.325,81.426,81.136,81.152,13990.56
1783001820000,81.142,81.225,81.134,81.185,5734.34
1783001880000,81.186,81.224,81.117,81.135,6142.76
1783001940000,81.134,81.143,80.968,81.042,9353.64
1783002000000,81.035,81.043,80.788,80.849,5794.01
1783002060000,80.85,80.905,80.751,80.876,23273.71
1783002120000,80.908,80.909,80.722,80.834,2694.34
1783002180000,80.847,80.942,80.684,80.686,5383.67
1783002240000,80.686,80.76,80.584,80.611,5331.58
1783002300000,80.619,80.66,80.531,80.66,3587.31
1783002360000,80.651,80.68,80.571,80.58,1950.59
1783002420000,80.572,80.572,80.388,80.425,4113.19
1783002480000,80.433,80.519,80.398,80.519,2236.44
1783002540000,80.519,80.586,80.497,80.551,2992.72
1783002600000,80.544,80.633,80.49,80.577,5017.46
1783002660000,80.568,80.699,80.568,80.692,3781.22
1783002720000,80.699,80.788,80.595,80.616,2917.12
1783002780000,80.622,80.672,80.516,80.634,5894.51
1783002840000,80.645,80.693,80.488,80.499,7684.66
1783002900000,80.499,80.508,80.361,80.399,6043.72
1783002960000,80.399,80.694,80.375,80.642,6796.03
1783003020000,80.642,80.86,80.641,80.859,5089.36
1783003080000,80.859,80.859,80.665,80.688,1915.48
1783003140000,80.695,80.755,80.59,80.64,3014.24
1783003200000,80.639,80.639,80.572,80.582,1644.65
1783003260000,80.582,80.589,80.444,80.461,1610.03
1783003320000,80.469,80.553,80.409,80.536,2588.21
1783003380000,80.536,80.607,80.493,80.572,1276.25
1783003440000,80.565,80.59,80.461,80.488,2340.17
1783003500000,80.482,80.649,80.482,80.602,2162.17
1783003560000,80.596,80.672,80.596,80.61,2075.99
1783003620000,80.611,80.682,80.568,80.594,1865.13
1783003680000,80.593,80.598,80.531,80.552,1442.41
1783003740000,80.546,80.797,80.545,80.755,2265.5
1783003800000,80.755,80.819,80.726,80.731,1809.29
1783003860000,80.726,80.816,80.656,80.656,1672.18
1783003920000,80.657,80.665,80.236,80.302,10928.29
1783003980000,80.302,80.35,80.18,80.274,1681.8
1783004040000,80.274,80.279,80.153,80.195,1621.03
1783004100000,80.195,80.226,80.079,80.198,9594.74
1783004160000,80.206,80.245,80.131,80.229,1785.7
1783004220000,80.235,80.266,80.208,80.266,2423.7
1783004280000,80.258,80.313,80.24,80.312,1769.72
1783004340000,80.313,80.499,80.305,80.499,3892.18
1783004400000,80.492,80.591,80.446,80.591,1747.63
1783004460000,80.575,80.609,80.501,80.562,3019.63
1783004520000,80.568,80.62,80.515,80.518,16454.24
1783004580000,80.518,80.565,80.461,80.502,1781.82
1783004640000,80.494,80.502,80.294,80.324,3580.34
1783004700000,80.332,80.381,80.201,80.209,2497.38
1783004760000,80.217,80.217,80.118,80.126,3041.38
1783004820000,80.126,80.172,80.065,80.172,2634.9
1783004880000,80.172,80.246,80.145,80.185,2601.92
1783004940000,80.186,80.225,80.111,80.186,2512.1
1783005000000,80.187,80.187,80.124,80.125,5665.96
1783005060000,80.125,80.28,80.125,80.272,1924.31
1783005120000,80.245,80.324,80.232,80.292,3574.1
1783005180000,80.295,80.381,80.29,80.335,1498.16
1783005240000,80.342,80.359,80.284,80.322,1388.83
1783005300000,80.315,80.443,80.296,80.352,2856.23
1783005360000,80.345,80.352,80.228,80.252,1485.95
1783005420000,80.259,80.313,80.207,80.262,1420.25
1783005480000,80.262,80.45,80.238,80.41,2055.51
1783005540000,80.386,80.386,80.298,80.345,1778.33
1783005600000,80.338,80.46,80.337,80.459,1853.92
1783005660000,80.459,80.514,80.412,80.465,2228.82
1783005720000,80.472,80.557,80.464,80.52,1713.73
1783005780000,80.52,80.596,80.488,80.579,1515.34
1783005840000,80.572,80.647,80.565,80.631,2407.26
1783005900000,80.632,80.66,80.565,80.565,1309.5
1783005960000,80.603,80.684,80.596,80.65,5338.31
1783006020000,80.65,80.752,80.65,80.658,16601.15
1783006080000,80.666,80.666,80.613,80.651,7574.16
1783006140000,80.651,80.688,80.614,80.639,2284.56
1783006200000,80.647,80.686,80.626,80.659,1467.34
1783006260000,80.659,80.69,80.615,80.689,1444.95
1783006320000,80.689,80.736,80.683,80.692,1239.89
1783006380000,80.692,80.716,80.577,80.618,1201.57
1783006440000,80.624,80.691,80.618,80.682,1275.86
1783006500000,80.675,80.817,80.675,80.796,2678.14
1783006560000,80.796,80.803,80.494,80.519,1820.91
1783006620000,80.512,80.634,80.498,80.625,1856.72
1783006680000,80.625,80.634,80.565,80.579,1227.3
1783006740000,80.58,80.622,80.555,80.602,1308.72
1783006800000,80.601,80.77,80.601,80.74,1776.06
1783006860000,80.747,80.747,80.633,80.639,1550.48
1783006920000,80.639,80.673,80.632,80.669,1110.1
1783006980000,80.668,80.753,80.661,80.745,1059.24
1783007040000,80.752,80.783,80.704,80.712,2079.31
1783007100000,80.705,80.783,80.705,80.775,2387.26
1783007160000,80.782,80.783,80.684,80.715,1678.97
1783007220000,80.723,80.743,80.677,80.678,1149.17
1783007280000,80.678,80.74,80.668,80.689,1232.48
1783007340000,80.689,80.735,80.588,80.615,1772.81
1783007400000,80.614,80.621,80.538,80.539,1836.38
1783007460000,80.539,80.6,80.521,80.6,1368.14
1783007520000,80.589,80.599,80.529,80.582,1047.01
1783007580000,80.582,80.599,80.558,80.575,2832.35
1783007640000,80.582,80.7,80.575,80.7,1312.15
1783007700000,80.698,80.736,80.665,80.736,1542.81
1783007760000,80.728,80.77,80.727,80.77,1175.58
1783007820000,80.769,80.855,80.765,80.784,1808.67
1783007880000,80.792,80.81,80.774,80.775,1244.13
1783007940000,80.775,80.823,80.774,80.802,1392.85
1783008000000,80.795,80.95,80.795,80.825,2838.87
1783008060000,80.818,80.826,80.728,80.761,1490.5
1783008120000,80.762,80.769,80.657,80.657,2130.87
1783008180000,80.658,80.697,80.616,80.697,1917.69
1783008240000,80.689,80.853,80.66,80.852,2338.36
1783008300000,80.845,81.03,80.845,80.985,3570.15
1783008360000,80.985,80.992,80.811,80.893,1513.48
1783008420000,80.893,80.92,80.858,80.859,1176.06
1783008480000,80.859,80.887,80.859,80.886,1226.94
1783008540000,80.886,80.913,80.844,80.862,1143.64
1783008600000,80.862,80.983,80.855,80.975,1098.71
1783008660000,80.975,81.073,80.931,80.959,1502.53
1783008720000,80.959,81.017,80.887,81.016,1050.83
1783008780000,81.016,81.053,81.008,81.022,1555.88
1783008840000,81.015,81.056,80.961,80.969,1640.26
1783008900000,80.969,80.97,80.725,80.726,2296.25
1783008960000,80.733,80.845,80.725,80.789,2278.91
1783009020000,80.768,80.797,80.648,80.661,2316.93
1783009080000,80.655,80.709,80.62,80.686,4931.09
1783009140000,80.679,80.722,80.674,80.682,4827.6
1783009200000,80.689,80.719,80.625,80.625,1154.95
1783009260000,80.627,80.663,80.581,80.622,6822.68
1783009320000,80.629,80.657,80.591,80.649,2855.36
1783009380000,80.649,80.657,80.622,80.645,953.96
1783009440000,80.645,80.717,80.639,80.716,2346.3
1783009500000,80.716,80.781,80.709,80.729,6161.01
1783009560000,80.729,80.729,80.625,80.68,1214.17
1783009620000,80.68,80.68,80.402,80.437,4771.98
1783009680000,80.453,80.463,80.342,80.429,3079.02
1783009740000,80.425,80.463,80.365,80.454,2450.77
1783009800000,80.463,80.556,80.451,80.471,1453.19
1783009860000,80.47,80.669,80.453,80.658,1532.14
1783009920000,80.658,80.659,80.504,80.512,1383.61
1783009980000,80.505,80.532,80.471,80.472,1262.45
1783010040000,80.478,80.479,80.274,80.298,2749.62
1783010100000,80.298,80.351,80.266,80.344,2136.21
1783010160000,80.351,80.381,80.27,80.314,2001.62
1783010220000,80.314,80.338,80.22,80.221,1929.24
1783010280000,80.229,80.276,80.21,80.219,1373.31
1783010340000,80.218,80.269,80.116,80.225,2450.93
1783010400000,80.226,80.329,80.218,80.297,2013.66
1783010460000,80.297,80.343,80.251,80.265,1873.21
1783010520000,80.259,80.265,80.175,80.195,2119.12
1783010580000,80.188,80.28,80.16,80.251,2053.98
1783010640000,80.258,80.258,80.197,80.198,1577.44
1783010700000,80.204,80.243,80.184,80.193,1834.14
1783010760000,80.185,80.332,80.185,80.305,1605.33
1783010820000,80.311,80.331,80.251,80.315,1590.61
1783010880000,80.315,80.359,80.25,80.301,3230.97
1783010940000,80.309,80.568,80.301,80.564,5196.62
1783011000000,80.569,80.572,80.474,80.521,2397.82
1783011060000,80.521,80.689,80.513,80.67,1859.06
1783011120000,80.678,80.727,80.608,80.679,2474.25
1783011180000,80.679,80.681,80.628,80.628,1277.66
1783011240000,80.628,80.695,80.628,80.674,1097.79
1783011300000,80.667,80.675,80.592,80.655,1250.88
1783011360000,80.648,80.656,80.567,80.579,1505.13
1783011420000,80.585,80.608,80.554,80.572,1082.11
1783011480000,80.58,80.6,80.497,80.505,1155.55
1783011540000,80.498,80.572,80.486,80.511,1033.26
1783011600000,80.511,80.544,80.502,80.543,1004.23
1783011660000,80.536,80.577,80.48,80.535,1759.13
1783011720000,80.564,80.665,80.555,80.654,1257.68
1783011780000,80.654,80.679,80.638,80.644,1126.25
1783011840000,80.644,80.685,80.591,80.652,1100.57
1783011900000,80.675,80.8,80.508,80.8,2132.92
1783011960000,80.795,80.833,80.754,80.771,1728.21
1783012020000,80.771,80.88,80.771,80.83,1566.68
1783012080000,80.831,80.831,80.701,80.82,3684.81
1783012140000,80.82,80.835,80.642,80.671,1584.62
1783012200000,80.687,80.732,80.58,80.635,1344.94
1783012260000,80.635,80.732,80.6,80.725,1277.03
1783012320000,80.725,80.846,80.725,80.845,1730.23
1783012380000,80.845,80.882,80.785,80.875,1227.7
1783012440000,80.875,80.946,80.874,80.878,1349.52
1783012500000,80.878,80.96,80.844,80.952,5174.42
1783012560000,80.959,81.0,80.945,80.998,2832.1
1783012620000,80.993,81.007,80.925,80.926,1841.63
1783012680000,80.928,80.996,80.926,80.988,1116.73
1783012740000,80.987,80.995,80.948,80.948,1095.31
1783012800000,80.956,81.0,80.907,80.968,1672.97
1783012860000,80.997,81.046,80.968,81.026,3136.79
1783012920000,81.026,81.089,81.017,81.058,1393.12
1783012980000,81.059,81.183,81.019,81.125,4092.31
1783013040000,81.126,81.126,81.008,81.034,2247.4
1783013100000,81.035,81.049,81.01,81.011,1251.32
1783013160000,81.019,81.056,81.01,81.018,1026.34
1783013220000,81.018,81.116,81.018,81.115,1535.88
1783013280000,81.116,81.133,81.077,81.105,3095.92
1783013340000,81.106,81.106,81.061,81.085,1483.3
1783013400000,81.085,81.085,80.973,80.973,2146.46
1783013460000,80.988,80.989,80.935,80.938,6379.99
1783013520000,80.943,80.961,80.91,80.961,1041.45
1783013580000,80.962,80.962,80.888,80.895,2304.71
1783013640000,80.894,80.903,80.822,80.855,2051.12
1783013700000,80.839,80.839,80.68,80.748,5577.71
1783013760000,80.749,80.749,80.644,80.678,1271.48
1783013820000,80.685,80.735,80.638,80.712,1600.31
1783013880000,80.719,80.728,80.654,80.711,2598.69
1783013940000,80.711,80.751,80.708,80.751,1653.2
1783014000000,80.744,80.828,80.744,80.805,1348.24
1783014060000,80.805,80.889,80.805,80.889,3644.4
1783014120000,80.85,80.895,80.843,80.865,1613.91
1783014180000,80.829,80.861,80.828,80.861,1185.45
1783014240000,80.854,80.862,80.809,80.809,1721.64
1783014300000,80.838,80.882,80.792,80.812,4130.11
1783014360000,80.82,80.82,80.775,80.776,1282.4
1783014420000,80.776,80.783,80.714,80.725,2605.5
1783014480000,80.718,80.726,80.664,80.675,2991.28
1783014540000,80.682,80.705,80.65,80.662,1133.63
1783014600000,80.662,80.726,80.592,80.703,1429.14
1783014660000,80.703,80.722,80.675,80.701,1114.9
1783014720000,80.701,80.709,80.672,80.696,3615.32
1783014780000,80.696,80.696,80.658,80.688,1016.18
1783014840000,80.688,80.803,80.688,80.802,1170.57
1783014900000,80.802,80.802,80.705,80.705,1070.55
1783014960000,80.712,80.715,80.685,80.7,1397.78
1783015020000,80.7,80.701,80.639,80.647,3683.86
1783015080000,80.647,80.648,80.592,80.6,1816.09
1783015140000,80.593,80.601,80.544,80.592,1549.62
1783015200000,80.599,80.637,80.589,80.629,1154.9
1783015260000,80.629,80.709,80.629,80.7,1749.67
1783015320000,80.7,80.737,80.66,80.688,3984.5
1783015380000,80.688,80.737,80.687,80.729,1260.59
1783015440000,80.729,80.754,80.729,80.729,1023.41
1783015500000,80.733,80.81,80.73,80.786,1996.99
1783015560000,80.779,80.867,80.759,80.833,1464.96
1783015620000,80.834,80.872,80.825,80.839,7480.75
1783015680000,80.839,80.963,80.831,80.955,2356.11
1783015740000,80.962,80.962,80.921,80.959,1474.75
1783015800000,80.952,81.02,80.932,80.939,1512.28
1783015860000,80.939,81.0,80.908,80.982,1509.49
1783015920000,80.982,81.01,80.974,81.009,1091.32
1783015980000,81.008,81.08,81.001,81.052,1627.79
1783016040000,81.052,81.06,81.031,81.052,2726.09
1783016100000,81.052,81.059,80.959,80.96,1622.47
1783016160000,80.967,80.979,80.899,80.972,1112.92
1783016220000,80.972,80.979,80.914,80.922,1783.79
1783016280000,80.915,80.925,80.836,80.873,2553.34
1783016340000,80.873,80.97,80.866,80.946,1127.02
1783016400000,80.949,80.99,80.945,80.989,967.22
1783016460000,80.981,80.99,80.874,80.882,2075.42
1783016520000,80.874,80.935,80.865,80.913,2966.81
1783016580000,80.92,80.92,80.831,80.839,1611.28
1783016640000,80.832,80.84,80.831,80.832,1026.43
1783016700000,80.832,80.899,80.832,80.863,1351.75
1783016760000,80.856,80.866,80.838,80.84,984.8
1783016820000,80.84,80.886,80.819,80.819,993.33
1783016880000,80.826,80.901,80.819,80.895,1075.74
1783016940000,80.901,80.93,80.854,80.929,1170.44
1783017000000,80.921,80.929,80.842,80.912,1502.23
1783017060000,80.905,80.947,80.897,80.938,1045.82
1783017120000,80.945,80.946,80.894,80.935,1386.41
1783017180000,80.936,81.022,80.928,80.962,1875.02
1783017240000,80.97,80.97,80.853,80.936,1336.6
1783017300000,80.936,80.936,80.865,80.866,906.19
1783017360000,80.866,80.947,80.866,80.944,1144.92
1783017420000,80.944,80.997,80.944,80.989,1112.21
1783017480000,80.995,81.027,80.981,80.998,1305.36
1783017540000,81.005,81.005,80.958,80.983,1160.58
1783017600000,80.976,80.999,80.958,80.979,1133.58
1783017660000,80.986,80.987,80.958,80.965,1233.58
1783017720000,80.965,80.98,80.945,80.979,4403.64
1783017780000,80.971,81.037,80.971,81.037,1240.33
1783017840000,81.037,81.054,81.021,81.029,1227.86
1783017900000,81.021,81.03,80.984,81.013,1470.74
1783017960000,81.013,81.026,80.98,80.98,1010.58
1783018020000,80.98,81.067,80.98,81.058,1610.87
1783018080000,81.058,81.122,81.045,81.121,2036.98
1783018140000,81.115,81.19,81.114,81.181,2500.42
1783018200000,81.159,81.159,81.101,81.102,2676.4
1783018260000,81.11,81.146,81.104,81.139,1520.37
1783018320000,81.139,81.207,81.129,81.176,3763.36
1783018380000,81.182,81.183,81.085,81.093,1461.79
1783018440000,81.086,81.094,80.938,80.946,1586.09
1783018500000,80.946,80.983,80.912,80.953,1095.02
1783018560000,80.953,81.006,80.928,80.94,2125.46
1783018620000,80.94,80.977,80.882,80.977,1284.96
1783018680000,80.942,81.019,80.942,80.969,1124.43
1783018740000,80.969,80.995,80.945,80.983,1699.41
1783018800000,80.976,81.004,80.912,80.918,1044.78
1783018860000,80.919,80.968,80.875,80.963,1234.94
1783018920000,80.963,81.023,80.946,80.972,1137.56
1783018980000,80.966,80.992,80.943,80.966,1494.56
1783019040000,80.972,81.052,80.966,81.009,1077.23
1783019100000,81.002,81.027,80.952,80.952,1036.81
1783019160000,80.952,81.003,80.878,80.956,1591.62
1783019220000,80.956,80.956,80.907,80.935,1116.68
1783019280000,80.935,80.963,80.926,80.943,1272.6
1783019340000,80.949,80.95,80.942,80.95,964.64
1783019400000,80.949,80.949,80.878,80.932,1446.29
1783019460000,80.932,80.968,80.922,80.965,1230.64
1783019520000,80.947,81.01,80.916,81.01,1208.92
1783019580000,81.009,81.053,80.982,81.016,1131.59
1783019640000,81.016,81.06,80.995,81.052,2035.69
1783019700000,81.059,81.059,80.905,80.916,1036.23
1783019760000,80.922,80.956,80.885,80.94,1252.82
1783019820000,80.946,80.946,80.855,80.884,1409.15
1783019880000,80.876,80.884,80.835,80.859,1803.44
1783019940000,80.853,80.94,80.852,80.906,1613.54
1783020000000,80.906,80.912,80.855,80.856,957.6
1783020060000,80.862,80.862,80.805,80.806,1295.7
1783020120000,80.805,80.822,80.767,80.776,3183.74
1783020180000,80.77,80.814,80.769,80.813,1975.02
1783020240000,80.813,80.85,80.786,80.833,1603.25
1783020300000,80.833,80.867,80.833,80.859,1045.74
1783020360000,80.866,80.866,80.816,80.837,1055.54
1783020420000,80.83,80.853,80.799,80.844,1137.02
1783020480000,80.853,80.931,80.845,80.856,1156.17
1783020540000,80.863,80.864,80.778,80.832,1302.98
1783020600000,80.825,80.891,80.818,80.826,1213.95
1783020660000,80.826,80.847,80.816,80.842,1206.73
1783020720000,80.836,80.872,80.822,80.842,1932.92
1783020780000,80.849,80.862,80.807,80.862,1178.92
1783020840000,80.854,80.863,80.846,80.852,1598.6
1783020900000,80.846,80.933,80.846,80.933,1327.23
1783020960000,80.932,80.932,80.874,80.876,994.35
1783021020000,80.883,80.923,80.858,80.916,1041.1
1783021080000,80.923,80.924,80.876,80.883,1034.19
1783021140000,80.877,80.884,80.876,80.884,1010.54
1783021200000,80.883,80.97,80.883,80.943,1071.26
1783021260000,80.943,81.019,80.936,80.996,1126.89
1783021320000,80.996,81.019,80.972,81.019,1434.67
1783021380000,81.019,81.019,80.964,80.995,1185.79
1783021440000,80.996,81.03,80.988,81.026,1064.44
1783021500000,81.026,81.093,81.025,81.092,1656.08
1783021560000,81.083,81.093,81.055,81.066,1251.8
1783021620000,81.072,81.078,81.028,81.036,1175.43
1783021680000,81.029,81.09,81.028,81.089,1008.6
1783021740000,81.089,81.09,81.006,81.013,1260.7
1783021800000,81.053,81.244,81.053,81.227,4316.5
1783021860000,81.209,81.218,81.129,81.131,3698.74
1783021920000,81.131,81.139,81.042,81.042,1866.2
1783021980000,81.042,81.049,80.986,80.994,1336.09
1783022040000,80.987,81.002,80.964,80.976,1122.97
1783022100000,80.976,80.983,80.857,80.875,1265.98
1783022160000,80.875,80.953,80.867,80.952,1225.72
1783022220000,80.946,80.984,80.945,80.975,1539.45
1783022280000,80.983,80.983,80.894,80.902,1521.01
1783022340000,80.895,80.929,80.792,80.792,3526.12
1783022400000,80.792,80.81,80.686,80.7,2586.46
1783022460000,80.703,80.703,80.599,80.601,4170.93
1783022520000,80.601,80.626,80.6,80.625,1435.1
1783022580000,80.589,80.653,80.582,80.646,1184.49
1783022640000,80.646,80.693,80.627,80.627,1447.41
1783022700000,80.628,80.628,80.546,80.605,1965.82
1783022760000,80.612,80.612,80.581,80.584,1785.77
1783022820000,80.583,80.669,80.583,80.665,2499.24
1783022880000,80.668,80.697,80.653,80.672,1260.36
1783022940000,80.672,80.697,80.659,80.659,1193.39
1783023000000,80.665,80.666,80.627,80.627,1079.7
1783023060000,80.628,80.649,80.625,80.632,1162.21
1783023120000,80.632,80.667,80.625,80.667,1171.73
1783023180000,80.678,80.684,80.659,80.683,1053.62
1783023240000,80.675,80.75,80.675,80.75,1181.58
1783023300000,80.748,80.826,80.748,80.785,1493.43
1783023360000,80.785,80.819,80.778,80.802,1164.16
1783023420000,80.795,80.802,80.705,80.706,1065.9
1783023480000,80.706,80.743,80.685,80.735,976.03
1783023540000,80.735,80.743,80.678,80.685,1094.6
1783023600000,80.685,80.686,80.635,80.643,1070.1
1783023660000,80.643,80.672,80.635,80.672,1232.66
1783023720000,80.665,80.673,80.664,80.665,1080.83
1783023780000,80.673,80.689,80.634,80.635,1093.83
1783023840000,80.635,80.643,80.608,80.615,1060.35
1783023900000,80.608,80.616,80.591,80.615,1133.39
1783023960000,80.615,80.639,80.567,80.612,913.16
1783024020000,80.612,80.613,80.597,80.597,1082.56
1783024080000,80.6,80.6,80.597,80.6,1012.3
1783024140000,80.6,80.6,80.561,80.585,2393.65
1783024200000,80.579,80.586,80.555,80.563,1807.16
1783024260000,80.563,80.606,80.556,80.605,1225.42
1783024320000,80.598,80.648,80.594,80.625,1090.42
1783024380000,80.633,80.648,80.606,80.647,1021.56
1783024440000,80.647,80.687,80.647,80.679,1076.72
1783024500000,80.679,80.763,80.679,80.722,1107.76
1783024560000,80.729,80.748,80.694,80.702,1612.08
1783024620000,80.702,80.722,80.668,80.669,1179.84
1783024680000,80.677,80.684,80.649,80.656,5036.5
1783024740000,80.659,80.746,80.651,80.745,1104.51
1783024800000,80.745,80.769,80.731,80.754,981.94
1783024860000,80.749,80.755,80.748,80.755,885.95
1783024920000,80.756,80.756,80.732,80.732,1056.32
1783024980000,80.732,80.759,80.731,80.756,1011.33
1783025040000,80.756,80.756,80.728,80.735,978.42
1783025100000,80.729,80.8,80.729,80.768,2369.36
1783025160000,80.769,80.799,80.762,80.793,990.07
1783025220000,80.793,80.808,80.745,80.802,1165.15
1783025280000,80.802,80.809,80.774,80.789,1088.65
1783025340000,80.797,80.92,80.789,80.919,1686.96
1783025400000,80.912,80.957,80.911,80.946,1719.76
1783025460000,80.956,80.957,80.924,80.942,3127.95
1783025520000,80.949,80.949,80.898,80.899,997.29
1783025580000,80.905,80.906,80.831,80.832,1202.85
1783025640000,80.832,80.868,80.831,80.843,1153.82
1783025700000,80.843,80.902,80.843,80.855,1161.95
1783025760000,80.855,80.883,80.855,80.875,1060.92
1783025820000,80.882,81.045,80.875,81.021,2122.28
1783025880000,81.021,81.029,80.985,81.019,1054.95
1783025940000,81.019,81.019,80.971,80.978,2606.6
1783026000000,80.971,80.996,80.964,80.965,1517.86
1783026060000,80.964,81.019,80.95,81.018,2586.64
1783026120000,81.016,81.018,80.954,80.962,1388.66
1783026180000,80.955,80.963,80.935,80.936,1028.33
1783026240000,80.946,80.946,80.911,80.912,2028.98
1783026300000,80.912,80.919,80.911,80.918,1098.32
1783026360000,80.911,80.919,80.911,80.919,1137.6
1783026420000,80.918,80.919,80.886,80.886,1061.34
1783026480000,80.894,80.959,80.886,80.921,1108.71
1783026540000,80.928,80.948,80.92,80.929,1068.18
1783026600000,80.929,80.952,80.922,80.945,1003.13
1783026660000,80.952,80.952,80.944,80.945,1115.47
1783026720000,80.951,81.023,80.945,81.015,1081.1
1783026780000,81.022,81.135,80.994,81.017,4127.06
1783026840000,81.017,81.041,81.016,81.035,1063.54
1783026900000,81.035,81.07,81.011,81.051,1318.2
1783026960000,81.051,81.058,81.024,81.025,1010.56
1783027020000,81.031,81.032,81.025,81.031,1083.08
1783027080000,81.031,81.05,81.031,81.047,1521.24
1783027140000,81.047,81.048,80.993,81.019,1221.53
1783027200000,81.019,81.019,80.984,80.985,1077.53
1783027260000,80.992,81.006,80.984,81.005,1613.01
1783027320000,80.998,81.006,80.98,80.98,1029.45
1783027380000,80.985,80.985,80.954,80.982,1044.41
1783027440000,80.982,81.024,80.974,81.012,1083.96
1783027500000,81.012,81.019,80.971,80.972,930.81
1783027560000,80.972,80.972,80.971,80.972,1011.42
1783027620000,80.972,80.98,80.954,80.954,999.61
1783027680000,80.961,80.962,80.912,80.912,1098.42
1783027740000,80.913,80.913,80.884,80.885,1194.51
1783027800000,80.885,80.892,80.785,80.823,1484.34
1783027860000,80.824,80.847,80.806,80.806,1562.36
1783027920000,80.813,80.848,80.771,80.778,1336.79
1783027980000,80.772,80.797,80.764,80.789,1660.33
1783028040000,80.797,80.797,80.788,80.796,1145.75
1783028100000,80.789,80.89,80.788,80.883,1208.37
1783028160000,80.883,80.954,80.883,80.945,1137.39
1783028220000,80.939,80.945,80.879,80.879,1629.71
1783028280000,80.885,80.93,80.872,80.889,1403.79
1783028340000,80.895,80.896,80.856,80.858,1653.28
1783028400000,80.858,80.858,80.819,80.825,1045.65
1783028460000,80.819,80.826,80.749,80.749,1950.39
1783028520000,80.749,80.773,80.716,80.772,2235.99
1783028580000,80.765,80.797,80.751,80.761,2248.01
1783028640000,80.761,80.77,80.681,80.708,1870.64
1783028700000,80.708,80.709,80.572,80.573,1216.76
1783028760000,80.573,80.603,80.476,80.478,5550.63
1783028820000,80.478,80.526,80.459,80.515,1608.3
1783028880000,80.523,80.553,80.509,80.517,1195.44
1783028940000,80.51,80.562,80.481,80.528,1149.49
1783029000000,80.521,80.529,80.484,80.509,1102.92
1783029060000,80.502,80.697,80.502,80.696,1816.8
1783029120000,80.689,80.725,80.66,80.669,1852.06
1783029180000,80.668,80.692,80.642,80.669,1430.79
1783029240000,80.669,80.715,80.627,80.631,1132.87
1783029300000,80.638,80.639,80.597,80.605,1576.86
1783029360000,80.598,80.683,80.598,80.683,971.66
1783029420000,80.678,80.684,80.644,80.68,1138.9
1783029480000,80.672,80.719,80.672,80.719,1439.5
1783029540000,80.712,80.763,80.678,80.738,2323.95
1783029600000,80.745,80.819,80.664,80.686,1126.43
1783029660000,80.686,80.746,80.678,80.745,976.69
1783029720000,80.745,80.775,80.696,80.765,1301.98
1783029780000,80.765,80.765,80.683,80.689,1206.75
1783029840000,80.689,80.696,80.516,80.516,1783.8
1783029900000,80.555,80.556,80.547,80.555,1137.27
1783029960000,80.548,80.597,80.547,80.55,1128.26
1783030020000,80.551,80.575,80.538,80.558,1008.9
1783030080000,80.586,80.587,80.537,80.537,987.95
1783030140000,80.545,80.583,80.491,80.492,1023.62
1783030200000,80.5,80.516,80.468,80.515,2251.56
1783030260000,80.516,80.516,80.477,80.485,927.95
1783030320000,80.486,80.486,80.421,80.428,1590.19
1783030380000,80.421,80.429,80.421,80.421,1102.11
1783030440000,80.422,80.446,80.421,80.439,1113.72
1783030500000,80.446,80.456,80.364,80.439,1191.32
1783030560000,80.432,80.44,80.431,80.439,1014.91
1783030620000,80.432,80.557,80.432,80.549,1230.24
1783030680000,80.549,80.576,80.546,80.546,1237.3
1783030740000,80.546,80.638,80.513,80.57,1173.14
1783030800000,80.571,80.571,80.461,80.482,1638.06
1783030860000,80.488,80.489,80.461,80.462,1165.34
1783030920000,80.462,80.499,80.461,80.492,1724.91
1783030980000,80.499,80.563,80.492,80.562,1165.38
1783031040000,80.562,80.603,80.555,80.603,1091.59
1783031100000,80.595,80.604,80.565,80.566,1714.79
1783031160000,80.573,80.574,80.565,80.566,1096.84
1783031220000,80.566,80.594,80.563,80.563,1097.02
1783031280000,80.563,80.575,80.562,80.569,1222.16
1783031340000,80.569,80.615,80.549,80.615,1055.4
1783031400000,80.608,80.623,80.576,80.623,1077.24
1783031460000,80.616,80.623,80.588,80.589,1026.16
1783031520000,80.595,80.664,80.588,80.663,1193.26
1783031580000,80.664,80.664,80.588,80.595,1119.58
1783031640000,80.595,80.636,80.571,80.636,983.23
1783031700000,80.629,80.687,80.629,80.686,1050.49
1783031760000,80.686,80.697,80.654,80.696,1417.24
1783031820000,80.696,80.697,80.689,80.689,1088.76
1783031880000,80.689,80.714,80.647,80.705,1717.8
1783031940000,80.712,80.713,80.602,80.608,1059.16
1783032000000,80.601,80.608,80.577,80.585,1008.16
1783032060000,80.585,80.586,80.553,80.554,1166.26
1783032120000,80.561,80.562,80.477,80.523,1050.09
1783032180000,80.523,80.524,80.516,80.523,1004.02
1783032240000,80.515,80.523,80.498,80.499,982.92
1783032300000,80.506,80.507,80.479,80.479,1159.81
1783032360000,80.479,80.486,80.478,80.485,999.09
1783032420000,80.479,80.485,80.454,80.455,1220.52
1783032480000,80.462,80.496,80.435,80.496,1060.57
1783032540000,80.489,80.497,80.484,80.492,1301.07
1783032600000,80.485,80.513,80.485,80.505,992.01
1783032660000,80.512,80.513,80.498,80.499,1370.08
1783032720000,80.499,80.684,80.499,80.658,1375.22
1783032780000,80.658,80.71,80.628,80.699,1734.69
1783032840000,80.699,80.739,80.675,80.729,1164.39
1783032900000,80.729,80.846,80.729,80.805,1160.9
1783032960000,80.805,80.817,80.761,80.761,1167.27
1783033020000,80.768,80.768,80.697,80.722,999.05
1783033080000,80.729,80.731,80.69,80.701,1130.93
1783033140000,80.708,80.708,80.628,80.628,945.21
1783033200000,80.632,80.632,80.515,80.565,1220.63
1783033260000,80.565,80.586,80.539,80.585,1098.53
1783033320000,80.616,80.627,80.508,80.525,4679.65
1783033380000,80.532,80.57,80.508,80.562,1134.98
1783033440000,80.57,80.57,80.505,80.528,1004.77
1783033500000,80.501,80.509,80.5,80.508,1206.02
1783033560000,80.509,80.509,80.5,80.508,986.56
1783033620000,80.508,80.569,80.478,80.562,1039.82
1783033680000,80.562,80.592,80.534,80.568,1255.22
1783033740000,80.576,80.613,80.568,80.612,1273.24
1783033800000,80.605,80.653,80.584,80.592,1377.23
1783033860000,80.592,80.592,80.561,80.562,1162.44
1783033920000,80.562,80.57,80.508,80.509,1336.6
1783033980000,80.509,80.517,80.488,80.495,1065.01
1783034040000,80.489,80.496,80.488,80.489,992.48
1783034100000,80.495,80.503,80.464,80.502,948.6
1783034160000,80.502,80.633,80.496,80.632,1094.05
1783034220000,80.632,80.632,80.607,80.615,1094.78
1783034280000,80.616,80.632,80.571,80.621,993.5
1783034340000,80.621,80.628,80.582,80.589,1026.52
1783034400000,80.589,80.606,80.561,80.605,1067.92
1783034460000,80.598,80.664,80.575,80.664,1041.81
1783034520000,80.663,80.664,80.548,80.595,966.33
1783034580000,80.595,80.624,80.558,80.589,1041.39
1783034640000,80.589,80.649,80.582,80.648,1224.05
1783034700000,80.648,80.684,80.602,80.684,1036.0
1783034760000,80.683,80.693,80.651,80.688,1134.17
1783034820000,80.688,80.707,80.645,80.653,962.59
1783034880000,80.646,80.654,80.645,80.646,949.21
1783034940000,80.653,80.654,80.645,80.653,1111.78
1783035000000,80.654,80.654,80.609,80.629,1118.66
1783035060000,80.635,80.68,80.615,80.616,1009.47
1783035120000,80.623,80.662,80.616,80.653,965.75
1783035180000,80.659,80.682,80.652,80.675,1019.16
1783035240000,80.675,80.714,80.635,80.696,1145.48
1783035300000,80.702,80.703,80.652,80.659,1295.17
1783035360000,80.652,80.652,80.552,80.559,1030.7
1783035420000,80.552,80.559,80.486,80.536,1481.37
1783035480000,80.529,80.537,80.528,80.536,1105.13
1783035540000,80.536,80.538,80.489,80.528,1044.75
1783035600000,80.528,80.55,80.502,80.549,1019.98
1783035660000,80.549,80.59,80.542,80.546,994.85
1783035720000,80.546,80.571,80.546,80.571,1125.75
1783035780000,80.565,80.618,80.564,80.618,1260.87
1783035840000,80.611,80.619,80.591,80.599,984.24
1783035900000,80.599,80.648,80.592,80.648,1101.66
1783035960000,80.641,80.648,80.605,80.645,1178.48
1783036020000,80.645,80.651,80.614,80.618,1896.08
1783036080000,80.618,80.651,80.617,80.644,953.34
1783036140000,80.651,80.686,80.634,80.634,2264.59
1783036200000,80.641,80.642,80.611,80.635,956.6
1783036260000,80.63,80.663,80.615,80.651,1124.6
1783036320000,80.651,80.733,80.643,80.733,1086.5
1783036380000,80.734,80.734,80.668,80.675,1095.88
1783036440000,80.675,80.696,80.668,80.695,1146.9
1783036500000,80.695,80.696,80.688,80.689,1085.62
1783036560000,80.695,80.719,80.688,80.718,907.63
1783036620000,80.718,80.718,80.678,80.684,1006.93
1783036680000,80.684,80.684,80.655,80.656,1128.81
1783036740000,80.655,80.684,80.625,80.684,1470.09
1783036800000,80.684,80.741,80.681,80.708,1153.77
1783036860000,80.712,80.738,80.57,80.585,1037.72
1783036920000,80.579,80.625,80.57,80.598,2063.28
1783036980000,80.592,80.739,80.592,80.732,1079.87
1783037040000,80.738,80.779,80.712,80.742,1044.4
1783037100000,80.742,80.742,80.586,80.646,1480.23
1783037160000,80.647,80.703,80.636,80.642,1649.98
1783037220000,80.643,80.668,80.611,80.612,1208.51
1783037280000,80.631,80.699,80.631,80.692,962.75
1783037340000,80.699,80.699,80.582,80.582,991.88
1783037400000,80.582,80.62,80.551,80.619,1085.37
1783037460000,80.612,80.656,80.569,80.648,1045.34
1783037520000,80.649,80.676,80.631,80.669,1096.36
1783037580000,80.669,80.796,80.668,80.788,1792.31
1783037640000,80.788,80.798,80.684,80.684,5191.73
1783037700000,80.685,80.745,80.629,80.655,1190.81
1783037760000,80.655,80.705,80.655,80.696,921.1
1783037820000,80.696,80.719,80.684,80.709,1064.77
1783037880000,80.702,80.735,80.628,80.658,1061.08
1783037940000,80.651,80.722,80.632,80.722,1099.87
1783038000000,80.715,80.783,80.695,80.782,989.95
1783038060000,80.775,80.783,80.627,80.627,1019.72
1783038120000,80.627,80.709,80.625,80.649,930.1
1783038180000,80.656,80.706,80.627,80.688,1134.56
1783038240000,80.688,80.689,80.635,80.646,1019.43
1783038300000,80.652,80.679,80.639,80.639,975.43
1783038360000,80.668,80.668,80.644,80.644,1049.21
1783038420000,80.652,80.653,80.624,80.625,1004.33
1783038480000,80.625,80.658,80.598,80.658,976.16
1783038540000,80.659,80.659,80.581,80.588,1006.74
1783038600000,80.588,80.589,80.519,80.534,1376.15
1783038660000,80.534,80.639,80.528,80.639,1169.33
1783038720000,80.632,80.678,80.631,80.655,1092.9
1783038780000,80.648,80.656,80.516,80.555,1079.06
1783038840000,80.548,80.573,80.524,80.531,1039.73
1783038900000,80.524,80.613,80.493,80.605,3723.77
1783038960000,80.605,80.625,80.579,80.623,1374.23
1783039020000,80.625,80.648,80.57,80.592,1055.85
1783039080000,80.598,80.74,80.566,80.689,3480.52
1783039140000,80.682,80.742,80.635,80.734,1510.77
1783039200000,80.734,80.849,80.733,80.806,1359.29
1783039260000,80.798,80.814,80.764,80.801,1065.03
1783039320000,80.794,80.821,80.782,80.821,1077.98
1783039380000,80.822,80.822,80.758,80.787,1025.97
1783039440000,80.787,80.814,80.787,80.804,990.72
1783039500000,80.804,80.811,80.754,80.761,1070.04
1783039560000,80.761,80.827,80.731,80.826,1240.59
1783039620000,80.819,80.88,80.818,80.844,1715.81
1783039680000,80.844,80.844,80.804,80.804,1248.51
1783039740000,80.8,80.808,80.759,80.808,1357.28
1783039800000,80.808,80.857,80.801,80.854,2268.58
1783039860000,80.849,80.854,80.764,80.776,1016.41
1783039920000,80.765,80.802,80.741,80.751,1031.96
1783039980000,80.757,80.774,80.669,80.705,1163.04
1783040040000,80.698,80.774,80.698,80.767,927.69
1783040100000,80.767,80.808,80.767,80.795,2266.19
1783040160000,80.795,80.874,80.758,80.874,2277.9
1783040220000,80.874,80.874,80.776,80.804,1324.63
1783040280000,80.797,80.835,80.797,80.834,1079.18
1783040340000,80.8,80.824,80.71,80.711,1087.07
1783040400000,80.71,80.74,80.666,80.74,1197.98
1783040460000,80.74,80.748,80.692,80.748,984.47
1783040520000,80.748,80.819,80.74,80.818,986.16
1783040580000,80.818,80.925,80.811,80.917,1296.8
1783040640000,80.917,80.98,80.892,80.979,1549.36
1783040700000,80.979,81.042,80.952,81.026,2260.6
1783040760000,81.025,81.025,80.988,80.995,1092.24
1783040820000,80.988,81.064,80.987,81.011,1726.7
1783040880000,81.018,81.143,80.992,81.102,1154.08
1783040940000,81.095,81.178,81.052,81.149,2720.95
1783041000000,81.142,81.142,81.096,81.106,1155.78
1783041060000,81.098,81.098,81.0,81.038,1039.57
1783041120000,81.044,81.09,81.037,81.078,1719.77
1783041180000,81.078,81.15,81.057,81.15,1073.77
1783041240000,81.18,81.273,81.142,81.212,4269.27
1783041300000,81.205,81.225,81.102,81.109,1030.21
1783041360000,81.109,81.11,80.975,80.975,1137.73
1783041420000,80.975,81.053,80.974,81.021,1373.88
1783041480000,81.028,81.075,81.021,81.074,1056.89
1783041540000,81.075,81.15,81.068,81.068,1275.12
1783041600000,81.075,81.19,81.068,81.189,1858.0
1783041660000,81.182,81.195,81.13,81.188,942.28
1783041720000,81.195,81.196,81.127,81.135,1488.84
1783041780000,81.108,81.188,81.076,81.14,1163.82
1783041840000,81.133,81.183,81.112,81.183,1154.62
1783041900000,81.176,81.2,81.151,81.152,1206.07
1783041960000,81.152,81.162,81.118,81.118,1192.63
1783042020000,81.125,81.172,81.117,81.172,1208.69
1783042080000,81.152,81.206,81.145,81.206,2557.91
1783042140000,81.205,81.206,81.121,81.122,1478.3
1783042200000,81.13,81.168,81.054,81.162,1078.24
1783042260000,81.162,81.238,81.151,81.185,1163.24
1783042320000,81.179,81.214,81.157,81.214,1960.81
1783042380000,81.208,81.303,81.208,81.275,2802.35
1783042440000,81.275,81.375,81.274,81.375,2620.38
1783042500000,81.375,81.46,81.375,81.459,2829.58
1783042560000,81.452,81.566,81.452,81.538,5359.69
1783042620000,81.538,81.546,81.407,81.442,1887.82
1783042680000,81.448,81.546,81.42,81.482,1266.29
1783042740000,81.475,81.568,81.475,81.545,1329.09
1783042800000,81.545,81.545,81.502,81.515,1076.65
1783042860000,81.522,81.523,81.458,81.5,1262.74
1783042920000,81.498,81.5,81.447,81.455,1122.33
1783042980000,81.456,81.5,81.452,81.5,1089.1
1783043040000,81.499,81.509,81.41,81.41,1274.26
1783043100000,81.411,81.446,81.347,81.402,1719.82
1783043160000,81.408,81.51,81.402,81.51,1078.61
1783043220000,81.51,81.51,81.471,81.478,1030.22
1783043280000,81.477,81.565,81.477,81.558,1987.44
1783043340000,81.558,81.606,81.55,81.551,2961.07
1783043400000,81.551,81.619,81.514,81.591,1495.56
1783043460000,81.591,81.616,81.557,81.576,1280.82
1783043520000,81.582,81.633,81.575,81.632,1187.13
1783043580000,81.625,81.635,81.598,81.605,4922.37
1783043640000,81.605,81.626,81.598,81.625,1020.84
1783043700000,81.618,81.632,81.617,81.624,1300.27
1783043760000,81.625,81.625,81.601,81.601,4604.66
1783043820000,81.602,81.61,81.521,81.522,1364.07
1783043880000,81.529,81.529,81.448,81.456,1707.84
1783043940000,81.449,81.457,81.429,81.435,1797.9
1783044000000,81.429,81.513,81.425,81.476,1088.29
1783044060000,81.476,81.483,81.448,81.462,2247.29
1783044120000,81.5,81.52,81.472,81.519,1201.07
1783044180000,81.512,81.519,81.426,81.448,2828.17
1783044240000,81.441,81.449,81.361,81.442,1645.04
1783044300000,81.442,81.5,81.425,81.425,1031.86
1783044360000,81.426,81.439,81.397,81.398,1262.85
1783044420000,81.405,81.442,81.398,81.425,996.83
1783044480000,81.428,81.508,81.425,81.502,981.53
1783044540000,81.502,81.643,81.502,81.635,3145.48
1783044600000,81.598,81.603,81.416,81.416,1245.31
1783044660000,81.401,81.452,81.381,81.388,1457.34
1783044720000,81.388,81.417,81.309,81.318,7945.41
1783044780000,81.326,81.329,81.3,81.322,1826.88
1783044840000,81.322,81.322,81.255,81.255,1527.34
1783044900000,81.259,81.309,81.255,81.309,1345.71
1783044960000,81.301,81.329,81.294,81.302,1375.82
1783045020000,81.302,81.382,81.294,81.374,1108.56
1783045080000,81.374,81.382,81.373,81.374,1062.11
1783045140000,81.381,81.429,81.372,81.395,2629.58
1783045200000,81.397,81.42,81.387,81.416,2873.29
1783045260000,81.409,81.473,81.409,81.449,1758.91
1783045320000,81.442,81.45,81.402,81.422,1065.43
1783045380000,81.428,81.454,81.422,81.428,1067.22
1783045440000,81.435,81.478,81.408,81.415,1103.1
1783045500000,81.415,81.466,81.357,81.368,2269.83
1783045560000,81.369,81.382,81.287,81.287,1133.11
1783045620000,81.286,81.309,81.262,81.302,1566.96
1783045680000,81.302,81.328,81.261,81.271,1360.66
1783045740000,81.278,81.278,81.111,81.112,8701.2
1783045800000,81.12,81.12,80.896,80.97,8562.52
1783045860000,80.969,80.999,80.898,80.948,1589.38
1783045920000,80.969,80.979,80.908,80.933,1755.49
1783045980000,80.932,80.976,80.921,80.966,4348.28
1783046040000,80.972,80.987,80.919,80.956,1634.33
1783046100000,80.956,80.993,80.852,80.969,1576.8
1783046160000,80.969,81.003,80.956,80.956,1242.58
1783046220000,80.956,80.963,80.765,80.765,4099.45
1783046280000,80.807,80.881,80.807,80.852,2118.36
1783046340000,80.845,80.896,80.828,80.836,1002.15
1783046400000,80.829,80.918,80.829,80.848,975.22
1783046460000,80.857,80.889,80.848,80.867,2000.53
1783046520000,80.867,80.885,80.792,80.793,1347.51
1783046580000,80.793,80.801,80.747,80.748,3655.58
1783046640000,80.748,80.813,80.748,80.786,1448.47
1783046700000,80.792,80.793,80.721,80.755,1692.82
1783046760000,80.762,80.762,80.682,80.691,1391.45
1783046820000,80.712,80.716,80.651,80.699,1281.97
1783046880000,80.705,80.739,80.655,80.731,2207.81
1783046940000,80.738,80.777,80.731,80.773,2280.87
1783047000000,80.765,80.806,80.715,80.747,1365.35
1783047060000,80.746,80.796,80.738,80.795,1470.53
1783047120000,80.788,80.797,80.762,80.769,1232.44
1783047180000,80.769,80.837,80.761,80.792,2540.95
1783047240000,80.799,80.815,80.788,80.796,1119.82
1783047300000,80.77,80.787,80.751,80.759,1186.8
1783047360000,80.752,80.759,80.678,80.695,1113.12
1783047420000,80.695,80.726,80.695,80.72,1088.5
1783047480000,80.726,80.803,80.72,80.786,1029.11
1783047540000,80.787,80.787,80.775,80.775,1681.64
1783047600000,80.776,80.776,80.625,80.631,1858.12
1783047660000,80.632,80.643,80.608,80.628,1676.03
1783047720000,80.635,80.684,80.626,80.649,1506.0
1783047780000,80.642,80.725,80.625,80.722,1480.14
1783047840000,80.715,80.757,80.669,80.675,1826.49
1783047900000,80.675,80.675,80.611,80.619,1130.98
1783047960000,80.612,80.637,80.584,80.592,1068.15
1783048020000,80.599,80.599,80.511,80.558,1323.65
1783048080000,80.559,80.565,80.454,80.455,1524.0
1783048140000,80.454,80.497,80.423,80.496,2102.66
1783048200000,80.489,80.497,80.42,80.441,8077.33
1783048260000,80.442,80.442,80.388,80.425,1336.71
1783048320000,80.425,80.433,80.309,80.316,2837.33
1783048380000,80.308,80.44,80.285,80.406,1948.03
1783048440000,80.399,80.419,80.375,80.386,1671.46
1783048500000,80.386,80.487,80.379,80.486,1281.7
1783048560000,80.486,80.563,80.486,80.562,1298.86
1783048620000,80.557,80.591,80.529,80.576,1181.41
1783048680000,80.576,80.591,80.531,80.591,1057.2
1783048740000,80.592,80.616,80.529,80.614,2590.94
1783048800000,80.616,80.833,80.614,80.826,1767.59
1783048860000,80.826,80.834,80.76,80.828,1644.43
1783048920000,80.828,80.837,80.791,80.799,2339.85
1783048980000,80.799,80.818,80.791,80.796,1117.23
1783049040000,80.796,80.804,80.778,80.786,1150.55
1783049100000,80.779,80.933,80.779,80.882,1448.48
1783049160000,80.89,80.89,80.786,80.809,1264.25
1783049220000,80.823,80.867,80.814,80.86,1306.15
1783049280000,80.86,80.868,80.832,80.84,1038.85
1783049340000,80.833,80.895,80.833,80.852,1395.46
1783049400000,80.859,80.892,80.848,80.885,2511.48
1783049460000,80.885,80.93,80.882,80.912,1327.19
1783049520000,80.912,80.919,80.861,80.868,1160.82
1783049580000,80.868,80.869,80.821,80.822,1232.83
1783049640000,80.822,80.829,80.785,80.786,1027.68
1783049700000,80.786,80.823,80.785,80.785,1102.24
1783049760000,80.793,80.793,80.744,80.752,1130.7
1783049820000,80.746,80.782,80.728,80.728,1027.72
1783049880000,80.728,80.736,80.727,80.735,1196.89
1783049940000,80.735,80.735,80.704,80.712,1037.32
1783050000000,80.712,80.729,80.705,80.722,1153.66
1783050060000,80.728,80.729,80.601,80.601,2122.78
1783050120000,80.601,80.645,80.561,80.645,1171.81
1783050180000,80.645,80.649,80.622,80.632,1037.66
1783050240000,80.632,80.66,80.624,80.635,1097.53
1783050300000,80.635,80.669,80.611,80.629,1206.59
1783050360000,80.629,80.74,80.621,80.74,955.52
1783050420000,80.732,80.769,80.712,80.732,1116.86
1783050480000,80.732,80.739,80.684,80.72,1220.22
1783050540000,80.72,80.751,80.719,80.728,963.0
1783050600000,80.729,80.746,80.691,80.698,1049.13
1783050660000,80.698,80.699,80.69,80.691,984.28
1783050720000,80.699,80.723,80.691,80.692,960.97
1783050780000,80.699,80.699,80.6,80.601,1193.99
1783050840000,80.6,80.618,80.6,80.611,1332.47
1783050900000,80.611,80.659,80.608,80.609,1007.4
1783050960000,80.609,80.679,80.609,80.678,1164.68
1783051020000,80.671,80.716,80.671,80.716,1151.16
1783051080000,80.715,80.736,80.708,80.728,989.85
1783051140000,80.728,80.729,80.679,80.689,1077.16
1783051200000,80.69,80.728,80.662,80.696,943.97
1783051260000,80.702,80.729,80.664,80.665,1000.46
1783051320000,80.672,80.672,80.605,80.642,1025.32
1783051380000,80.649,80.669,80.639,80.655,1012.88
1783051440000,80.655,80.663,80.611,80.619,864.06
1783051500000,80.619,80.62,80.587,80.605,1089.91
1783051560000,80.599,80.605,80.581,80.584,1310.31
1783051620000,80.585,80.589,80.581,80.582,1002.08
1783051680000,80.582,80.59,80.536,80.544,1088.43
1783051740000,80.544,80.544,80.5,80.525,1850.48
1783051800000,80.525,80.532,80.434,80.458,1282.28
1783051860000,80.45,80.588,80.45,80.572,996.74
1783051920000,80.579,80.6,80.572,80.589,1186.53
1783051980000,80.582,80.59,80.581,80.589,1047.57
1783052040000,80.582,80.619,80.582,80.618,1006.58
1783052100000,80.619,80.619,80.495,80.503,1288.1
1783052160000,80.496,80.504,80.456,80.488,1088.33
1783052220000,80.482,80.55,80.482,80.542,1043.71
1783052280000,80.541,80.576,80.501,80.515,2060.26
1783052340000,80.515,80.57,80.507,80.57,992.48
1783052400000,80.57,80.596,80.552,80.552,1065.26
1783052460000,80.559,80.597,80.552,80.553,18125.6
1783052520000,80.559,80.56,80.551,80.559,1052.19
1783052580000,80.559,80.579,80.552,80.572,1025.47
1783052640000,80.572,80.588,80.552,80.556,982.02
1783052700000,80.556,80.563,80.514,80.548,1281.03
1783052760000,80.541,80.549,80.54,80.541,1081.93
1783052820000,80.549,80.568,80.532,80.558,1067.58
1783052880000,80.551,80.574,80.551,80.573,1111.24
1783052940000,80.571,80.596,80.571,80.595,966.89
1783053000000,80.589,80.596,80.532,80.549,1146.61
1783053060000,80.549,80.607,80.548,80.606,1036.84
1783053120000,80.606,80.65,80.597,80.64,1394.69
1783053180000,80.639,80.65,80.541,80.549,1879.73
1783053240000,80.549,80.59,80.541,80.573,1064.13
1783053300000,80.573,80.573,80.538,80.547,1045.79
1783053360000,80.546,80.663,80.539,80.639,1213.31
1783053420000,80.646,80.699,80.646,80.699,4159.58
1783053480000,80.696,80.753,80.696,80.705,1120.2
1783053540000,80.712,80.728,80.704,80.722,1061.0
1783053600000,80.722,80.773,80.721,80.766,1137.05
1783053660000,80.773,80.773,80.725,80.726,1091.88
1783053720000,80.733,80.763,80.725,80.756,2042.29
1783053780000,80.762,80.762,80.695,80.753,988.53
1783053840000,80.753,80.753,80.708,80.736,1026.16
1783053900000,80.737,80.766,80.729,80.739,1001.53
1783053960000,80.739,80.739,80.667,80.692,1657.53
1783054020000,80.699,80.699,80.611,80.612,1814.19
1783054080000,80.612,80.62,80.555,80.588,1658.61
1783054140000,80.582,80.62,80.581,80.592,2403.94
1783054200000,80.568,80.568,80.477,80.506,2726.03
1783054260000,80.506,80.507,80.465,80.465,1234.99
1783054320000,80.476,80.523,80.465,80.522,1016.28
1783054380000,80.522,80.566,80.498,80.521,1078.06
1783054440000,80.52,80.531,80.496,80.512,1032.47
1783054500000,80.512,80.52,80.511,80.512,1094.15
1783054560000,80.519,80.52,80.478,80.478,989.24
1783054620000,80.485,80.513,80.455,80.499,1201.02
1783054680000,80.492,80.569,80.492,80.528,1971.24
1783054740000,80.521,80.529,80.476,80.482,1032.43
1783054800000,80.476,80.526,80.45,80.526,1104.24
1783054860000,80.525,80.563,80.499,80.499,1237.51
1783054920000,80.499,80.575,80.499,80.535,1246.74
1783054980000,80.516,80.633,80.456,80.632,1572.96
1783055040000,80.625,80.632,80.581,80.618,1613.94
1783055100000,80.625,80.625,80.592,80.612,1069.79
1783055160000,80.618,80.646,80.602,80.622,1090.01
1783055220000,80.629,80.63,80.581,80.588,1029.4
1783055280000,80.582,80.606,80.582,80.589,1033.14
1783055340000,80.589,80.59,80.582,80.582,1014.29
1783055400000,80.583,80.637,80.582,80.632,1135.11
1783055460000,80.626,80.632,80.602,80.619,1182.86
1783055520000,80.626,80.65,80.618,80.65,4113.69
1783055580000,80.65,80.695,80.646,80.653,999.31
1783055640000,80.646,80.683,80.646,80.675,11838.2
1783055700000,80.675,80.683,80.601,80.668,918.55
1783055760000,80.668,80.675,80.571,80.596,1061.82
1783055820000,80.589,80.623,80.588,80.619,2825.2
1783055880000,80.612,80.71,80.612,80.709,1659.31
1783055940000,80.709,80.762,80.709,80.742,1075.87
1783056000000,80.742,80.749,80.685,80.685,1343.32
1783056060000,80.685,80.69,80.64,80.656,1046.65
1783056120000,80.656,80.68,80.639,80.672,1164.07
1783056180000,80.68,80.699,80.672,80.683,962.82
1783056240000,80.683,80.733,80.676,80.733,1043.29
1783056300000,80.726,80.734,80.695,80.703,1497.6
1783056360000,80.696,80.833,80.696,80.816,2972.22
1783056420000,80.822,80.868,80.816,80.839,1230.96
1783056480000,80.839,80.847,80.794,80.846,1138.16
1783056540000,80.839,80.847,80.807,80.807,1071.86
1783056600000,80.813,80.848,80.77,80.842,1751.04
1783056660000,80.843,80.88,80.835,80.852,1130.68
1783056720000,80.859,80.97,80.852,80.969,2239.03
1783056780000,80.96,81.019,80.941,80.952,1495.47
1783056840000,80.96,81.054,80.952,80.996,1307.59
1783056900000,80.997,81.16,80.941,81.087,2225.38
1783056960000,81.079,81.084,81.018,81.02,2885.26
1783057020000,81.02,81.14,81.001,81.14,1741.08
1783057080000,81.14,81.14,81.106,81.107,1042.94
1783057140000,81.106,81.113,81.084,81.112,1244.76
1783057200000,81.106,81.112,81.038,81.055,1529.77
1783057260000,81.075,81.076,80.995,81.012,1481.61
1783057320000,81.005,81.013,80.965,81.0,2735.62
1783057380000,81.008,81.027,81.0,81.019,1134.49
1783057440000,81.027,81.074,81.018,81.049,1078.98
1783057500000,81.049,81.077,81.022,81.049,1780.26
1783057560000,81.049,81.049,80.982,81.0,3717.95
1783057620000,80.999,81.049,80.979,81.049,12367.75
1783057680000,81.042,81.1,81.041,81.092,1118.3
1783057740000,81.092,81.193,81.091,81.189,2344.47
1783057800000,81.189,81.2,81.121,81.121,2785.6
1783057860000,81.127,81.127,81.049,81.079,1148.19
1783057920000,81.079,81.106,81.074,81.083,942.04
1783057980000,81.075,81.127,81.074,81.126,1129.9
1783058040000,81.119,81.15,81.119,81.149,1049.2
1783058100000,81.15,81.167,81.122,81.159,1377.53
1783058160000,81.16,81.181,81.129,81.13,1090.19
1783058220000,81.129,81.149,81.102,81.103,1270.01
1783058280000,81.11,81.16,81.093,81.12,1908.51
1783058340000,81.12,81.128,81.106,81.113,1265.97
1783058400000,81.107,81.118,81.062,81.063,4145.22
1783058460000,81.063,81.107,81.062,81.08,1013.13
1783058520000,81.086,81.243,81.08,81.216,2700.7
1783058580000,81.209,81.24,81.184,81.185,1169.26
1783058640000,81.185,81.258,81.184,81.257,1211.88
1783058700000,81.229,81.27,81.208,81.266,1345.5
1783058760000,81.27,81.341,81.221,81.34,5591.18
1783058820000,81.333,81.333,81.262,81.263,10644.22
1783058880000,81.28,81.321,81.229,81.32,1187.84
1783058940000,81.313,81.321,81.3,81.301,1213.19
1783059000000,81.3,81.301,81.265,81.273,1451.8
1783059060000,81.273,81.274,81.255,81.274,981.23
1783059120000,81.273,81.274,81.246,81.247,1218.15
1783059180000,81.246,81.255,81.106,81.107,1174.13
1783059240000,81.106,81.133,81.106,81.109,1348.42
1783059300000,81.116,81.116,81.071,81.116,1143.13
1783059360000,81.117,81.135,81.072,81.079,994.6
1783059420000,81.073,81.157,81.028,81.105,2749.12
1783059480000,81.104,81.268,81.104,81.122,1223.18
1783059540000,81.129,81.13,81.084,81.093,1377.2
1783059600000,81.086,81.106,81.018,81.019,2550.39
1783059660000,81.026,81.026,80.968,80.969,1322.94
1783059720000,80.969,80.977,80.915,80.924,1196.3
1783059780000,80.924,80.945,80.899,80.928,3614.87
1783059840000,80.929,80.972,80.928,80.971,1513.83
1783059900000,80.971,80.972,80.921,80.965,1014.95
1783059960000,80.971,80.979,80.936,80.972,7305.66
1783060020000,80.965,80.977,80.955,80.969,1427.75
1783060080000,80.969,80.994,80.964,80.986,1199.45
1783060140000,80.992,80.992,80.962,80.965,1041.96
1783060200000,80.972,81.053,80.965,81.046,1144.34
1783060260000,81.046,81.076,81.045,81.076,1250.53
1783060320000,81.075,81.076,81.02,81.026,1689.39
1783060380000,81.019,81.077,81.001,81.052,1003.4
1783060440000,81.059,81.059,80.985,80.993,1106.74
1783060500000,80.993,81.006,80.956,80.956,1270.61
1783060560000,80.962,80.962,80.915,80.935,1156.14
1783060620000,80.935,80.942,80.764,80.772,9397.23
1783060680000,80.764,80.776,80.738,80.746,1425.09
1783060740000,80.753,80.753,80.696,80.719,1367.19
1783060800000,80.719,80.763,80.718,80.749,1842.38
1783060860000,80.749,80.757,80.702,80.719,1315.21
1783060920000,80.726,80.878,80.718,80.866,1084.64
1783060980000,80.873,80.874,80.772,80.773,1175.33
1783061040000,80.779,80.807,80.773,80.789,2525.41
1783061100000,80.782,80.849,80.782,80.826,1134.66
1783061160000,80.826,80.857,80.825,80.856,1218.9
1783061220000,80.849,80.857,80.825,80.826,1071.8
1783061280000,80.853,80.854,80.803,80.803,947.03
1783061340000,80.803,80.874,80.803,80.873,1017.2
1783061400000,80.866,80.893,80.866,80.87,1071.75
1783061460000,80.87,80.896,80.84,80.863,2860.39
1783061520000,80.857,80.896,80.857,80.896,1197.96
1783061580000,80.899,80.992,80.899,80.987,1685.31
1783061640000,80.987,81.037,80.984,81.022,4343.4
1783061700000,81.029,81.029,80.984,81.006,1057.15
1783061760000,80.999,81.007,80.998,81.006,1097.7
1783061820000,81.006,81.007,80.986,80.986,1251.93
1783061880000,80.993,80.993,80.943,80.946,2148.47
1783061940000,80.953,80.954,80.913,80.919,988.41
1783062000000,80.919,80.96,80.913,80.959,1147.06
1783062060000,80.959,80.959,80.911,80.936,1017.24
1783062120000,80.93,80.936,80.911,80.926,1101.9
1783062180000,80.926,80.97,80.926,80.969,2016.36
1783062240000,80.969,80.969,80.813,80.82,1727.28
1783062300000,80.813,80.84,80.771,80.839,1195.5
1783062360000,80.832,80.85,80.813,80.85,1245.82
1783062420000,80.85,80.968,80.849,80.968,1135.36
1783062480000,80.968,80.97,80.922,80.922,1294.51
1783062540000,80.922,80.956,80.911,80.912,1202.72
1783062600000,80.912,80.92,80.852,80.859,1424.16
1783062660000,80.859,80.859,80.811,80.822,1119.57
1783062720000,80.822,80.88,80.815,80.833,1122.87
1783062780000,80.832,80.856,80.812,80.839,3669.53
1783062840000,80.832,80.88,80.832,80.872,935.75
1783062900000,80.879,80.925,80.872,80.924,1320.84
1783062960000,80.924,80.925,80.905,80.913,1259.74
1783063020000,80.913,80.927,80.892,80.919,1076.46
1783063080000,80.919,81.0,80.912,80.999,1106.29
1783063140000,80.992,81.018,80.971,80.98,2195.01
1783063200000,80.993,81.019,80.966,80.973,1276.82
1783063260000,80.973,81.0,80.972,80.999,1135.24
1783063320000,80.999,81.0,80.968,80.976,1284.49
1783063380000,80.976,81.042,80.968,81.041,912.8
1783063440000,81.041,81.06,81.034,81.059,1190.23
1783063500000,81.059,81.06,81.009,81.016,1205.2
1783063560000,81.016,81.017,81.009,81.009,1131.71
1783063620000,81.016,81.04,81.009,81.032,1121.43
1783063680000,81.039,81.046,81.014,81.038,1180.75
1783063740000,81.045,81.069,81.005,81.068,1190.14
1783063800000,81.062,81.14,81.061,81.118,1455.57
1783063860000,81.125,81.125,81.0,81.001,1047.3
1783063920000,81.0,81.053,81.0,81.045,5919.39
1783063980000,81.052,81.073,81.044,81.072,1138.31
1783064040000,81.065,81.126,81.064,81.09,1308.13
1783064100000,81.09,81.223,81.089,81.214,1474.77
1783064160000,81.222,81.222,81.071,81.099,2920.78
1783064220000,81.092,81.129,81.091,81.122,1113.24
1783064280000,81.129,81.147,81.122,81.146,1117.04
1783064340000,81.147,81.147,81.099,81.123,1145.41
1783064400000,81.116,81.15,81.116,81.139,1283.86
1783064460000,81.146,81.224,81.138,81.215,2228.9
1783064520000,81.223,81.286,81.215,81.229,3325.71
1783064580000,81.236,81.253,81.203,81.245,2110.4
1783064640000,81.253,81.254,81.245,81.246,1121.3
1783064700000,81.246,81.254,81.222,81.223,1919.38
1783064760000,81.231,81.3,81.223,81.259,1962.38
1783064820000,81.259,81.327,81.258,81.323,1752.65
1783064880000,81.322,81.333,81.291,81.333,1076.23
1783064940000,81.326,81.382,81.311,81.359,2594.17
1783065000000,81.366,81.436,81.346,81.429,1273.97
1783065060000,81.435,81.452,81.351,81.352,2498.2
1783065120000,81.359,81.363,81.308,81.309,1501.3
1783065180000,81.309,81.343,81.309,81.316,989.25
1783065240000,81.316,81.322,81.268,81.269,1436.0
1783065300000,81.269,81.283,81.248,81.282,1432.85
1783065360000,81.275,81.282,81.252,81.259,1028.7
1783065420000,81.259,81.259,81.21,81.239,1574.42
1783065480000,81.246,81.247,81.219,81.219,1017.12
1783065540000,81.219,81.226,81.159,81.189,10327.82
1783065600000,81.196,81.229,81.142,81.182,1378.86
1783065660000,81.182,81.207,81.106,81.197,1372.17
1783065720000,81.196,81.293,81.196,81.24,1348.3
1783065780000,81.241,81.241,81.164,81.202,1355.46
1783065840000,81.202,81.252,81.195,81.225,1274.63
1783065900000,81.225,81.25,81.222,81.222,1023.23
1783065960000,81.222,81.285,81.222,81.279,2165.5
1783066020000,81.285,81.286,81.1,81.1,1632.09
1783066080000,81.101,81.119,81.078,81.118,1267.42
1783066140000,81.111,81.119,81.078,81.113,2259.18
1783066200000,81.139,81.153,81.099,81.099,1716.75
1783066260000,81.106,81.15,81.099,81.124,2240.83
1783066320000,81.125,81.156,81.124,81.155,1009.24
1783066380000,81.156,81.172,81.131,81.139,1296.51
1783066440000,81.132,81.14,81.131,81.139,978.44
1783066500000,81.14,81.161,81.114,81.114,1415.22
1783066560000,81.115,81.201,81.114,81.188,1008.0
1783066620000,81.189,81.197,81.119,81.119,1208.71
1783066680000,81.118,81.149,81.118,81.148,1041.24
1783066740000,81.142,81.142,81.095,81.096,1084.84
1783066800000,81.103,81.103,81.067,81.075,1308.21
1783066860000,81.076,81.096,81.067,81.096,1256.54
1783066920000,81.097,81.112,81.036,81.036,1352.07
1783066980000,81.037,81.05,81.024,81.049,1288.93
1783067040000,81.049,81.07,81.042,81.069,2114.18
1783067100000,81.061,81.099,81.061,81.079,1059.92
1783067160000,81.072,81.192,81.051,81.162,1377.25
1783067220000,81.196,81.225,81.018,81.025,1308.8
1783067280000,81.018,81.069,81.0,81.001,1222.13
1783067340000,81.0,81.019,80.957,81.002,3131.9
1783067400000,81.002,81.009,80.913,80.925,1507.11
1783067460000,80.917,81.0,80.917,81.0,1164.88
1783067520000,80.992,81.001,80.991,81.0,1384.71
1783067580000,81.0,81.05,81.0,81.04,1220.12
1783067640000,81.066,81.097,81.026,81.046,1017.71
1783067700000,81.039,81.083,81.039,81.083,1132.67
1783067760000,81.081,81.09,81.064,81.081,1288.65
1783067820000,81.081,81.081,81.026,81.026,1668.05
1783067880000,81.027,81.039,81.016,81.016,1254.24
1783067940000,81.016,81.057,81.016,81.049,1127.58
1783068000000,81.049,81.077,81.016,81.025,1149.75
1783068060000,81.032,81.08,81.024,81.079,961.5
1783068120000,81.052,81.173,81.052,81.167,1137.7
1783068180000,81.167,81.453,81.159,81.402,5118.98
1783068240000,81.403,81.403,81.284,81.349,1634.31
1783068300000,81.349,81.35,81.228,81.268,2294.48
1783068360000,81.268,81.269,81.151,81.191,1384.37
1783068420000,81.198,81.228,81.15,81.228,1851.61
1783068480000,81.228,81.229,81.141,81.164,1379.6
1783068540000,81.164,81.164,81.072,81.105,1273.59
1783068600000,81.105,81.105,81.045,81.046,2419.49
1783068660000,81.052,81.054,80.971,80.974,2364.53
1783068720000,80.971,80.974,80.801,80.856,8805.6
1783068780000,80.863,80.89,80.838,80.862,2020.11
1783068840000,80.862,80.862,80.803,80.804,1661.91
1783068900000,80.804,80.861,80.803,80.861,1247.19
1783068960000,80.861,80.861,80.8,80.801,3086.29
1783069020000,80.808,80.812,80.8,80.806,1344.9
1783069080000,80.812,80.85,80.8,80.822,2838.06
1783069140000,80.822,80.91,80.822,80.871,1761.27
1783069200000,80.879,80.88,80.78,80.78,1721.39
1783069260000,80.781,80.912,80.743,80.871,2014.23
1783069320000,80.878,80.924,80.855,80.855,1663.88
1783069380000,80.856,80.935,80.845,80.928,2274.38
1783069440000,80.935,80.97,80.894,80.918,1910.86
1783069500000,80.938,80.997,80.931,80.963,2724.21
1783069560000,80.964,80.98,80.921,80.972,1416.7
1783069620000,80.972,80.984,80.952,80.984,2219.98
1783069680000,80.976,81.023,80.931,81.022,1531.27
1783069740000,81.023,81.023,80.979,80.986,1198.02
1783069800000,80.952,80.952,80.905,80.906,1165.5
1783069860000,80.913,80.936,80.905,80.936,1107.43
1783069920000,80.936,80.952,80.928,80.946,934.34
1783069980000,80.952,81.03,80.945,81.029,977.02
1783070040000,81.022,81.055,81.021,81.05,1225.24
1783070100000,81.049,81.06,81.025,81.055,1152.71
1783070160000,81.055,81.063,80.973,80.982,1101.48
1783070220000,80.976,80.987,80.952,80.969,2121.69
1783070280000,80.962,80.979,80.932,80.949,1105.31
1783070340000,80.942,80.95,80.921,80.925,6203.79
1783070400000,80.933,80.956,80.925,80.943,1309.13
1783070460000,80.978,81.0,80.952,80.959,1182.49
1783070520000,80.952,80.96,80.901,80.902,1129.69
1783070580000,80.902,80.93,80.901,80.929,1079.45
1783070640000,80.922,80.947,80.921,80.939,1057.89
1783070700000,80.939,80.947,80.86,80.888,1308.96
1783070760000,80.888,80.909,80.847,80.848,1252.17
1783070820000,80.855,80.856,80.831,80.841,1204.72
1783070880000,80.832,80.886,80.831,80.879,1030.03
1783070940000,80.879,80.92,80.879,80.915,1156.09
1783071000000,80.909,80.916,80.831,80.848,1305.16
1783071060000,80.849,80.888,80.841,80.861,2074.13
1783071120000,80.861,80.87,80.861,80.868,1308.84
1783071180000,80.868,80.888,80.862,80.888,1041.88
1783071240000,80.888,80.888,80.751,80.752,3980.07
1783071300000,80.752,80.764,80.751,80.761,1605.11
1783071360000,80.761,80.764,80.667,80.675,2557.75
1783071420000,80.676,80.704,80.675,80.696,1188.07
1783071480000,80.694,80.694,80.628,80.679,3235.34
1783071540000,80.68,80.695,80.671,80.695,1028.09
1783071600000,80.695,80.696,80.628,80.666,1096.66
1783071660000,80.666,80.7,80.658,80.7,975.12
1783071720000,80.698,80.726,80.698,80.717,2444.02
1783071780000,80.717,80.799,80.716,80.798,1086.33
1783071840000,80.799,80.816,80.792,80.808,969.17
1783071900000,80.815,80.867,80.808,80.836,1155.7
1783071960000,80.843,81.16,80.835,81.149,3205.7
1783072020000,81.148,81.231,81.075,81.076,1696.25
1783072080000,81.082,81.129,81.031,81.088,1302.32
1783072140000,81.081,81.088,81.047,81.063,1542.67
1783072200000,81.055,81.095,81.054,81.095,1053.05
1783072260000,81.088,81.095,81.031,81.032,1228.96
1783072320000,81.032,81.038,81.01,81.011,1126.28
1783072380000,81.01,81.018,80.99,81.0,1166.28
1783072440000,81.0,81.038,80.99,81.031,1168.33
1783072500000,81.039,81.076,81.03,81.075,1163.39
1783072560000,81.076,81.078,81.025,81.032,1140.55
1783072620000,81.032,81.052,81.02,81.038,1094.61
1783072680000,81.038,81.046,81.001,81.009,1127.83
1783072740000,81.01,81.03,80.979,80.979,1010.22
1783072800000,80.986,81.058,80.978,81.051,1140.66
1783072860000,81.051,81.085,81.001,81.001,1460.93
1783072920000,81.001,81.08,80.985,81.007,2508.13
1783072980000,81.007,81.025,81.002,81.025,2563.61
1783073040000,81.026,81.095,81.021,81.075,1838.52
1783073100000,81.076,81.076,81.068,81.075,1068.48
1783073160000,81.069,81.076,81.04,81.04,1354.48
1783073220000,81.04,81.041,81.04,81.04,1112.26
1783073280000,81.04,81.089,81.031,81.089,1174.92
1783073340000,81.088,81.088,81.006,81.006,1195.85
1783073400000,81.013,81.049,81.006,81.042,1191.34
1783073460000,81.048,81.048,81.007,81.008,1758.3
1783073520000,81.007,81.224,80.993,81.163,1784.88
1783073580000,81.17,81.17,81.102,81.102,1017.73
1783073640000,81.101,81.108,81.031,81.056,2574.4
1783073700000,81.057,81.057,80.99,80.991,1122.22
1783073760000,80.99,80.991,80.882,80.891,2520.14
1783073820000,80.891,80.912,80.882,80.912,1381.98
1783073880000,80.913,80.913,80.872,80.873,1257.87
1783073940000,80.872,80.873,80.861,80.862,1146.49
1783074000000,80.862,80.873,80.838,80.869,1310.68
1783074060000,80.869,80.957,80.845,80.946,2182.88
1783074120000,80.956,80.993,80.946,80.985,1125.69
1783074180000,80.993,81.041,80.972,80.979,931.66
1783074240000,80.979,80.98,80.941,80.941,1262.75
1783074300000,80.948,80.971,80.934,80.937,1350.51
1783074360000,80.937,81.154,80.934,81.154,1719.77
1783074420000,81.162,81.196,81.161,81.175,1795.78
1783074480000,81.175,81.181,81.101,81.109,1235.07
1783074540000,81.11,81.152,81.101,81.128,1146.47
1783074600000,81.136,81.14,81.091,81.092,2121.27
1783074660000,81.091,81.118,81.051,81.059,2134.48
1783074720000,81.059,81.076,81.051,81.051,1562.02
1783074780000,81.058,81.137,81.02,81.129,961.38
1783074840000,81.137,81.137,81.073,81.076,1677.08
1783074900000,81.076,81.14,81.068,81.14,1381.98
1783074960000,81.14,81.19,81.103,81.119,1237.65
1783075020000,81.127,81.22,81.119,81.207,1383.97
1783075080000,81.214,81.254,81.195,81.254,1494.76
1783075140000,81.254,81.3,81.199,81.228,2166.93
1783075200000,81.229,81.24,81.179,81.232,1397.29
1783075260000,81.232,81.24,81.211,81.213,1226.53
1783075320000,81.218,81.253,81.212,81.24,1217.93
1783075380000,81.247,81.426,81.239,81.368,7006.2
1783075440000,81.375,81.54,81.369,81.43,7577.61
1783075500000,81.427,81.427,81.204,81.214,2710.0
1783075560000,81.215,81.3,81.204,81.244,4042.09
1783075620000,81.244,81.338,81.244,81.331,1348.11
1783075680000,81.33,81.45,81.33,81.362,1343.79
1783075740000,81.37,81.383,81.333,81.375,3677.31
1783075800000,81.375,81.383,81.323,81.349,1681.96
1783075860000,81.341,81.507,81.282,81.507,2985.66
1783075920000,81.498,81.576,81.458,81.54,3677.84
1783075980000,81.557,81.591,81.534,81.57,3481.39
1783076040000,81.569,81.844,81.557,81.782,6416.12
1783076100000,81.781,81.786,81.656,81.656,2481.74
1783076160000,81.657,81.715,81.6,81.648,2057.44
1783076220000,81.641,81.649,81.531,81.532,2578.62
1783076280000,81.539,81.582,81.527,81.574,1725.42
1783076340000,81.575,81.604,81.481,81.506,1617.92
1783076400000,81.505,81.54,81.395,81.432,2816.15
1783076460000,81.424,81.433,81.392,81.415,2779.74
1783076520000,81.415,81.453,81.398,81.453,1694.62
1783076580000,81.454,81.5,81.445,81.482,1609.6
1783076640000,81.49,81.57,81.481,81.569,1487.79
1783076700000,81.569,81.628,81.562,81.586,1890.54
1783076760000,81.593,81.656,81.585,81.603,1291.05
1783076820000,81.596,81.624,81.581,81.596,2737.08
1783076880000,81.603,81.603,81.518,81.556,1895.69
1783076940000,81.556,81.594,81.548,81.575,22943.16
1783077000000,81.575,81.629,81.542,81.542,6715.61
1783077060000,81.541,81.555,81.455,81.466,2873.91
1783077120000,81.459,81.5,81.424,81.493,1468.07
1783077180000,81.493,81.54,81.425,81.525,1250.49
1783077240000,81.524,81.533,81.495,81.496,1787.0
1783077300000,81.502,81.599,81.495,81.552,1240.71
1783077360000,81.552,81.576,81.518,81.575,1084.86
1783077420000,81.568,81.575,81.398,81.399,1287.72
1783077480000,81.406,81.434,81.375,81.396,1464.36
1783077540000,81.403,81.404,81.342,81.342,3001.91
1783077600000,81.369,81.45,81.369,81.45,6110.17
1783077660000,81.45,81.494,81.449,81.468,1050.88
1783077720000,81.462,81.521,81.462,81.509,2059.75
1783077780000,81.509,81.517,81.475,81.476,1559.47
1783077840000,81.476,81.512,81.475,81.512,1025.72
1783077900000,81.505,81.512,81.385,81.443,1110.49
1783077960000,81.458,81.458,81.306,81.307,1460.6
1783078020000,81.307,81.383,81.306,81.376,1150.01
1783078080000,81.375,81.39,81.35,81.355,2598.1
1783078140000,81.355,81.383,81.329,81.335,1129.32
1783078200000,81.343,81.372,81.295,81.296,1073.37
1783078260000,81.295,81.334,81.295,81.303,1836.86
1783078320000,81.296,81.342,81.295,81.342,1113.29
1783078380000,81.342,81.409,81.334,81.38,3935.65
1783078440000,81.38,81.39,81.362,81.389,1253.5
1783078500000,81.383,81.39,81.322,81.323,1204.71
1783078560000,81.33,81.346,81.299,81.329,2018.16
1783078620000,81.329,81.329,81.282,81.282,1202.47
1783078680000,81.29,81.333,81.282,81.333,1383.94
1783078740000,81.332,81.333,81.28,81.28,8520.0
1783078800000,81.281,81.292,81.212,81.263,1612.6
1783078860000,81.262,81.296,81.262,81.266,1321.26
1783078920000,81.273,81.274,81.245,81.262,2182.35
1783078980000,81.263,81.299,81.255,81.282,1018.68
1783079040000,81.282,81.283,81.263,81.269,1345.78
1783079100000,81.263,81.357,81.263,81.336,2677.85
1783079160000,81.337,81.354,81.289,81.346,1341.97
1783079220000,81.346,81.431,81.346,81.423,1307.73
1783079280000,81.43,81.478,81.422,81.476,1947.97
1783079340000,81.478,81.5,81.467,81.479,1439.84
1783079400000,81.479,81.613,81.471,81.566,3935.47
1783079460000,81.566,81.588,81.52,81.52,6559.04
1783079520000,81.529,81.53,81.498,81.499,2516.36
1783079580000,81.499,81.507,81.498,81.506,1418.85
1783079640000,81.499,81.599,81.498,81.592,1363.28
1783079700000,81.599,81.599,81.542,81.549,1164.58
1783079760000,81.542,81.583,81.531,81.532,1236.96
1783079820000,81.532,81.559,81.501,81.502,1099.93
1783079880000,81.51,81.51,81.472,81.499,1146.49
1783079940000,81.491,81.544,81.491,81.511,2237.29
1783080000000,81.518,81.589,81.505,81.573,1599.06
1783080060000,81.566,81.707,81.565,81.696,1792.8
1783080120000,81.703,81.703,81.62,81.642,1118.13
1783080180000,81.649,81.65,81.621,81.626,1261.94
1783080240000,81.626,81.65,81.608,81.609,11413.88
1783080300000,81.608,81.616,81.509,81.538,7597.09
1783080360000,81.538,81.553,81.489,81.497,1131.08
1783080420000,81.49,81.519,81.47,81.509,1014.78
1783080480000,81.503,81.509,81.418,81.419,7449.49
1783080540000,81.418,81.477,81.418,81.456,1372.18
1783080600000,81.463,81.512,81.455,81.505,1286.48
1783080660000,81.505,81.529,81.489,81.489,1202.5
1783080720000,81.495,81.56,81.475,81.475,1607.43
1783080780000,81.474,81.54,81.445,81.445,5281.05
1783080840000,81.446,81.487,81.438,81.459,3853.78
1783080900000,81.459,81.465,81.315,81.393,3444.8
1783080960000,81.386,81.432,81.273,81.289,2916.92
1783081020000,81.296,81.399,81.288,81.345,2691.25
1783081080000,81.345,81.353,81.211,81.211,3877.15
1783081140000,81.212,81.278,81.204,81.218,2735.66
1783081200000,81.21,81.278,81.16,81.215,2116.59
1783081260000,81.215,81.238,81.187,81.238,1259.46
1783081320000,81.239,81.281,81.231,81.249,1217.59
1783081380000,81.249,81.297,81.238,81.285,1553.28
1783081440000,81.285,81.299,81.261,81.271,2130.46
1783081500000,81.265,81.311,81.265,81.285,1450.92
1783081560000,81.285,81.315,81.283,81.285,1977.06
1783081620000,81.285,81.326,81.28,81.325,2355.23
1783081680000,81.319,81.326,81.223,81.224,1417.51
1783081740000,81.224,81.271,81.223,81.271,1378.46
1783081800000,81.27,81.278,81.214,81.215,1216.87
1783081860000,81.215,81.279,81.215,81.269,1379.56
1783081920000,81.269,81.316,81.269,81.297,1393.15
1783081980000,81.291,81.339,81.241,81.33,1473.82
1783082040000,81.339,81.36,81.33,81.36,2269.75
1783082100000,81.359,81.36,81.23,81.231,1662.1
1783082160000,81.231,81.276,81.231,81.258,983.15
1783082220000,81.259,81.259,81.21,81.232,1765.16
1783082280000,81.232,81.285,81.232,81.265,1632.76
1783082340000,81.259,81.292,81.211,81.212,38364.47
1783082400000,81.211,81.289,81.211,81.274,5424.9
1783082460000,81.281,81.296,81.273,81.288,1292.95
1783082520000,81.295,81.373,81.288,81.331,1343.04
1783082580000,81.332,81.355,81.271,81.272,1549.8
1783082640000,81.271,81.362,81.271,81.311,1087.21
1783082700000,81.311,81.362,81.311,81.355,1196.4
1783082760000,81.362,81.382,81.355,81.367,1339.43
1783082820000,81.359,81.384,81.358,81.381,1182.64
1783082880000,81.384,81.39,81.375,81.381,1923.7
1783082940000,81.375,81.418,81.374,81.392,1648.59
1783083000000,81.391,81.449,81.38,81.448,1265.85
1783083060000,81.448,81.484,81.367,81.367,1189.85
1783083120000,81.367,81.394,81.361,81.394,1210.95
1783083180000,81.394,81.469,81.388,81.468,1108.22
1783083240000,81.462,81.5,81.462,81.478,2233.51
1783083300000,81.478,81.515,81.47,81.495,2326.86
1783083360000,81.495,81.564,81.453,81.471,1361.24
1783083420000,81.471,81.479,81.462,81.478,1054.63
1783083480000,81.478,81.478,81.436,81.471,3012.74
1783083540000,81.478,81.496,81.47,81.488,1052.32
1783083600000,81.488,81.565,81.487,81.495,941.67
1783083660000,81.487,81.559,81.487,81.541,1871.45
1783083720000,81.541,81.549,81.5,81.501,4659.62
1783083780000,81.501,81.528,81.5,81.501,1258.05
1783083840000,81.508,81.569,81.5,81.562,4480.87
1783083900000,81.562,81.569,81.491,81.526,1237.57
1783083960000,81.525,81.576,81.497,81.576,1125.52
1783084020000,81.576,81.616,81.548,81.555,2424.9
1783084080000,81.548,81.606,81.545,81.606,1894.14
1783084140000,81.598,81.606,81.532,81.571,1242.31
1783084200000,81.578,81.649,81.57,81.641,1534.36
1783084260000,81.641,81.649,81.571,81.578,1155.3
1783084320000,81.571,81.608,81.57,81.581,1342.81
1783084380000,81.588,81.606,81.564,81.565,1110.95
1783084440000,81.573,81.573,81.564,81.564,1068.42
1783084500000,81.565,81.589,81.551,81.575,1071.99
1783084560000,81.567,81.619,81.567,81.618,1299.3
1783084620000,81.619,81.65,81.582,81.611,1868.21
1783084680000,81.611,81.628,81.552,81.552,1900.05
1783084740000,81.545,81.579,81.531,81.538,2956.02
1783084800000,81.538,81.573,81.529,81.541,19044.83
1783084860000,81.541,81.613,81.525,81.612,1650.26
1783084920000,81.613,81.613,81.448,81.448,2469.83
1783084980000,81.465,81.465,81.421,81.441,2365.07
1783085040000,81.438,81.442,81.42,81.428,1050.01
1783085100000,81.421,81.432,81.383,81.431,1317.76
1783085160000,81.424,81.509,81.424,81.482,19358.71
1783085220000,81.482,81.549,81.475,81.541,1033.79
1783085280000,81.541,81.609,81.541,81.608,1183.16
1783085340000,81.599,81.632,81.551,81.599,1364.52
1783085400000,81.605,81.653,81.537,81.619,2292.32
1783085460000,81.612,81.619,81.534,81.542,1044.63
1783085520000,81.535,81.556,81.511,81.553,1145.59
1783085580000,81.553,81.599,81.51,81.518,12668.09
1783085640000,81.519,81.519,81.464,81.471,1087.29
1783085700000,81.465,81.496,81.464,81.495,976.88
1783085760000,81.487,81.495,81.434,81.441,1284.03
1783085820000,81.45,81.45,81.391,81.412,2297.28
1783085880000,81.412,81.449,81.412,81.425,1217.79
1783085940000,81.432,81.453,81.424,81.446,1026.43
1783086000000,81.452,81.471,81.444,81.464,1214.86
1783086060000,81.472,81.622,81.464,81.621,2119.59
1783086120000,81.622,81.622,81.55,81.607,1613.65
1783086180000,81.608,81.631,81.596,81.607,1562.37
1783086240000,81.614,81.615,81.577,81.595,1434.41
1783086300000,81.595,81.602,81.567,81.575,1213.3
1783086360000,81.575,81.575,81.527,81.535,1160.89
1783086420000,81.534,81.591,81.513,81.565,1004.65
1783086480000,81.564,81.6,81.511,81.511,1127.23
1783086540000,81.51,81.51,81.424,81.454,1091.1
1783086600000,81.453,81.518,81.453,81.501,1017.92
1783086660000,81.501,81.584,81.501,81.574,1769.13
1783086720000,81.573,81.599,81.573,81.592,1354.6
1783086780000,81.584,81.792,81.584,81.744,6075.54
1783086840000,81.743,81.752,81.563,81.634,2411.09
1783086900000,81.636,81.647,81.594,81.646,2566.4
1783086960000,81.646,81.647,81.601,81.613,1022.19
1783087020000,81.613,81.643,81.61,81.635,1068.12
1783087080000,81.643,81.668,81.564,81.565,2617.26
1783087140000,81.582,81.635,81.54,81.55,1445.73
1783087200000,81.54,81.551,81.326,81.335,2459.26
1783087260000,81.327,81.344,81.247,81.279,2598.27
1783087320000,81.279,81.319,81.251,81.295,1514.91
1783087380000,81.302,81.325,81.267,81.319,6830.17
1783087440000,81.326,81.419,81.307,81.389,1443.83
1783087500000,81.389,81.39,81.323,81.348,1035.64
1783087560000,81.341,81.356,81.306,81.325,1038.54
1783087620000,81.318,81.408,81.318,81.405,1074.17
1783087680000,81.399,81.443,81.399,81.402,1058.9
1783087740000,81.402,81.436,81.383,81.419,2189.57
1783087800000,81.412,81.419,81.331,81.363,1157.55
1783087860000,81.356,81.401,81.355,81.379,2429.12
1783087920000,81.402,81.408,81.313,81.314,2132.16
1783087980000,81.313,81.322,80.983,81.015,3779.11
1783088040000,81.007,81.015,80.901,80.99,3188.19
1783088100000,80.99,81.122,80.971,81.105,2149.95
1783088160000,81.106,81.182,81.106,81.131,2559.59
1783088220000,81.131,81.196,81.114,81.195,1094.18
1783088280000,81.188,81.196,81.089,81.089,1622.4
1783088340000,81.096,81.108,81.026,81.058,1634.77
1783088400000,81.051,81.099,81.01,81.098,2075.48
1783088460000,81.098,81.132,80.88,80.966,2901.34
1783088520000,80.958,81.013,80.954,80.988,2971.96
1783088580000,80.988,81.12,80.987,81.079,1561.26
1783088640000,81.079,81.086,81.044,81.045,1424.02
1783088700000,81.051,81.136,81.044,81.135,1140.03
1783088760000,81.135,81.152,81.123,81.131,1588.51
1783088820000,81.132,81.157,81.112,81.132,10958.01
1783088880000,81.132,81.19,81.096,81.189,11471.12
1783088940000,81.19,81.242,81.184,81.229,1721.87
1783089000000,81.229,81.298,81.202,81.229,6511.51
1783089060000,81.229,81.389,81.222,81.381,2314.28
1783089120000,81.389,81.389,81.321,81.342,2579.34
1783089180000,81.349,81.402,81.321,81.322,1182.42
1783089240000,81.329,81.332,81.201,81.246,2152.68
1783089300000,81.246,81.253,81.205,81.222,1623.39
1783089360000,81.222,81.293,81.205,81.293,1475.24
1783089420000,81.292,81.326,81.285,81.319,1195.69
1783089480000,81.325,81.328,81.271,81.271,1275.72
1783089540000,81.272,81.293,81.254,81.264,1131.07
1783089600000,81.272,81.486,81.265,81.478,2951.85
1783089660000,81.485,81.523,81.451,81.518,1552.69
1783089720000,81.511,81.529,81.48,81.499,1591.92
1783089780000,81.5,81.539,81.462,81.472,1561.57
1783089840000,81.465,81.506,81.411,81.498,23207.72
1783089900000,81.497,81.638,81.497,81.584,24379.77
1783089960000,81.591,81.591,81.496,81.504,1981.29
1783090020000,81.504,81.505,81.41,81.461,1865.3
1783090080000,81.461,81.496,81.441,81.461,1267.93
1783090140000,81.46,81.472,81.444,81.464,1192.12
1783090200000,81.465,81.519,81.447,81.518,1329.1
1783090260000,81.525,81.549,81.488,81.495,2007.94
1783090320000,81.488,81.506,81.465,81.497,1488.49
1783090380000,81.512,81.598,81.501,81.502,10217.63
1783090440000,81.508,81.772,81.501,81.772,3245.94
1783090500000,81.765,81.765,81.622,81.635,1919.59
1783090560000,81.635,81.679,81.627,81.671,1564.92
1783090620000,81.678,81.686,81.67,81.685,2083.84
1783090680000,81.678,81.69,81.677,81.682,1862.73
1783090740000,81.69,81.69,81.64,81.64,1677.85
1783090800000,81.641,81.724,81.609,81.717,2317.68
1783090860000,81.718,81.759,81.714,81.725,1571.77
1783090920000,81.717,81.759,81.7,81.712,1672.3
1783090980000,81.719,81.719,81.591,81.602,5287.09
1783091040000,81.602,81.629,81.57,81.578,1082.84
1783091100000,81.578,81.628,81.553,81.605,1050.76
1783091160000,81.606,81.783,81.597,81.782,3059.43
1783091220000,81.774,81.849,81.737,81.849,8681.37
1783091280000,81.848,82.004,81.825,81.833,16999.58
1783091340000,81.832,81.875,81.781,81.852,3393.45
1783091400000,81.852,81.868,81.797,81.858,2237.01
1783091460000,81.859,81.859,81.777,81.806,5019.9
1783091520000,81.806,81.807,81.712,81.712,1695.07
1783091580000,81.713,81.713,81.568,81.569,1822.67
1783091640000,81.575,81.607,81.522,81.582,2885.23
1783091700000,81.582,81.613,81.431,81.44,5519.04
1783091760000,81.431,81.472,81.361,81.436,5264.7
1783091820000,81.449,81.456,81.392,81.409,3299.01
1783091880000,81.408,81.462,81.401,81.462,8984.79
1783091940000,81.463,81.542,81.454,81.533,1074.71
1783092000000,81.541,81.568,81.468,81.469,4043.32
1783092060000,81.476,81.476,81.326,81.33,6144.86
1783092120000,81.331,81.356,81.315,81.333,3147.59
1783092180000,81.339,81.344,81.219,81.22,1495.34
1783092240000,81.219,81.252,81.19,81.246,1364.0
1783092300000,81.253,81.289,81.241,81.288,1828.86
1783092360000,81.288,81.345,81.261,81.325,1570.74
1783092420000,81.325,81.326,81.262,81.262,1803.79
1783092480000,81.262,81.268,81.235,81.243,1068.99
1783092540000,81.244,81.246,81.217,81.222,1307.67
1783092600000,81.229,81.249,81.193,81.218,1571.19
1783092660000,81.226,81.321,81.217,81.321,2084.76
1783092720000,81.322,81.322,81.261,81.311,1191.02
1783092780000,81.305,81.312,81.248,81.258,1522.65
1783092840000,81.258,81.267,81.211,81.219,2250.55
1783092900000,81.212,81.246,81.212,81.239,1131.96
1783092960000,81.239,81.326,81.238,81.295,1094.13
1783093020000,81.302,81.354,81.277,81.29,1452.46
1783093080000,81.291,81.299,81.225,81.255,1097.5
1783093140000,81.261,81.282,81.217,81.244,1527.98
1783093200000,81.238,81.269,81.164,81.191,2070.56
1783093260000,81.191,81.211,81.121,81.121,1867.21
1783093320000,81.129,81.162,81.108,81.138,7301.78
1783093380000,81.131,81.236,81.13,81.179,1948.44
1783093440000,81.172,81.235,81.172,81.187,2547.43
1783093500000,81.187,81.252,81.186,81.251,2252.28
1783093560000,81.251,81.256,81.221,81.225,3869.36
1783093620000,81.231,81.231,81.17,81.178,2011.12
1783093680000,81.17,81.198,81.135,81.135,2842.01
1783093740000,81.14,81.159,81.14,81.159,1282.83
1783093800000,81.156,81.212,81.121,81.204,1260.18
1783093860000,81.211,81.219,81.181,81.218,1105.18
1783093920000,81.218,81.266,81.21,81.258,1850.25
1783093980000,81.258,81.269,81.244,81.251,1507.16
1783094040000,81.251,81.252,81.243,81.251,975.71
1783094100000,81.251,81.252,81.195,81.202,1029.93
1783094160000,81.203,81.203,81.171,81.179,1719.59
1783094220000,81.172,81.18,81.141,81.142,1263.78
1783094280000,81.15,81.169,81.055,81.145,39465.35
1783094340000,81.152,81.179,81.144,81.171,1799.75
1783094400000,81.178,81.294,81.135,81.213,1108.46
1783094460000,81.22,81.239,81.019,81.108,1478.53
1783094520000,81.108,81.109,81.1,81.101,1798.88
1783094580000,81.101,81.27,81.1,81.269,1258.23
1783094640000,81.27,81.275,81.221,81.221,4872.54
1783094700000,81.228,81.313,81.221,81.282,1334.59
1783094760000,81.288,81.308,81.24,81.241,1213.89
1783094820000,81.241,81.262,81.241,81.261,1224.13
1783094880000,81.262,81.276,81.241,81.241,3695.09
1783094940000,81.249,81.272,81.241,81.249,1125.36
1783095000000,81.242,81.269,81.242,81.269,1147.96
1783095060000,81.268,81.269,81.238,81.244,1099.71
1783095120000,81.238,81.245,81.194,81.212,1149.93
1783095180000,81.212,81.218,81.12,81.162,1566.61
1783095240000,81.168,81.169,81.121,81.155,1639.12
1783095300000,81.155,81.184,81.131,81.183,1694.65
1783095360000,81.184,81.239,81.184,81.238,1227.52
1783095420000,81.231,81.263,81.218,81.255,960.26
1783095480000,81.255,81.306,81.255,81.297,1060.0
1783095540000,81.3,81.306,81.282,81.282,1039.47
1783095600000,81.282,81.311,81.224,81.228,1111.41
1783095660000,81.228,81.286,81.21,81.255,1287.86
1783095720000,81.255,81.306,81.248,81.305,1513.76
1783095780000,81.299,81.363,81.299,81.353,1495.11
1783095840000,81.354,81.375,81.321,81.327,1391.2
1783095900000,81.328,81.352,81.318,81.326,1126.67
1783095960000,81.327,81.327,81.225,81.225,1141.6
1783096020000,81.226,81.279,81.225,81.279,1042.08
1783096080000,81.28,81.311,81.272,81.302,1028.85
1783096140000,81.309,81.313,81.275,81.275,3094.11
1783096200000,81.275,81.38,81.274,81.302,1490.41
1783096260000,81.31,81.31,81.151,81.159,1831.38
1783096320000,81.15,81.173,81.118,81.172,1386.54
1783096380000,81.165,81.189,81.154,81.162,1078.69
1783096440000,81.162,81.241,81.154,81.241,1068.4
1783096500000,81.24,81.326,81.24,81.302,1072.81
1783096560000,81.295,81.309,81.294,81.308,1778.49
1783096620000,81.301,81.308,81.255,81.271,957.48
1783096680000,81.278,81.32,81.27,81.32,1055.95
1783096740000,81.32,81.345,81.298,81.309,1300.27
1783096800000,81.301,81.309,81.3,81.301,1314.02
1783096860000,81.301,81.405,81.299,81.397,1542.02
1783096920000,81.404,81.405,81.367,81.368,1764.84
1783096980000,81.375,81.375,81.367,81.374,1061.8
1783097040000,81.374,81.415,81.367,81.397,1781.04
1783097100000,81.397,81.418,81.36,81.378,2301.84
1783097160000,81.378,81.385,81.357,81.358,1146.06
1783097220000,81.365,81.366,81.327,81.335,1075.07
1783097280000,81.328,81.356,81.328,81.355,1159.09
1783097340000,81.355,81.355,81.307,81.317,1080.0
1783097400000,81.309,81.371,81.257,81.371,2394.7
1783097460000,81.371,81.412,81.364,81.409,1203.61
1783097520000,81.412,81.5,81.409,81.474,1949.77
1783097580000,81.474,81.491,81.454,81.49,1222.73
1783097640000,81.49,81.491,81.45,81.451,1476.66
1783097700000,81.457,81.495,81.45,81.465,999.58
1783097760000,81.465,81.502,81.464,81.501,1132.39
1783097820000,81.495,81.517,81.494,81.511,2916.05
1783097880000,81.511,81.512,81.487,81.495,1472.71
1783097940000,81.487,81.514,81.486,81.487,951.18
1783098000000,81.487,81.514,81.427,81.514,1224.18
1783098060000,81.517,81.542,81.51,81.537,2684.06
1783098120000,81.537,81.537,81.458,81.458,1737.05
1783098180000,81.458,81.469,81.395,81.469,1573.86
1783098240000,81.469,81.532,81.467,81.531,1005.94
1783098300000,81.531,81.574,81.507,81.566,3930.25
1783098360000,81.573,81.64,81.566,81.607,1888.19
1783098420000,81.615,81.669,81.596,81.644,2630.93
1783098480000,81.643,81.662,81.626,81.654,1443.74
1783098540000,81.654,81.689,81.647,81.654,3110.92
1783098600000,81.646,81.688,81.613,81.637,1304.19
1783098660000,81.644,81.644,81.616,81.624,1422.06
1783098720000,81.617,81.641,81.617,81.634,1147.03
1783098780000,81.626,81.675,81.626,81.674,2291.32
1783098840000,81.667,81.675,81.6,81.6,2879.06
1783098900000,81.6,81.638,81.592,81.637,1195.67
1783098960000,81.638,81.638,81.595,81.596,1244.68
1783099020000,81.604,81.62,81.595,81.603,2566.02
1783099080000,81.611,81.648,81.603,81.644,1435.89
1783099140000,81.648,81.741,81.623,81.733,3512.62
1783099200000,81.74,81.931,81.733,81.877,4688.04
1783099260000,81.876,81.885,81.79,81.832,1387.17
1783099320000,81.824,81.831,81.787,81.831,2800.76
1783099380000,81.824,81.848,81.776,81.776,1841.75
1783099440000,81.767,81.785,81.677,81.684,3870.52
1783099500000,81.677,81.708,81.663,81.68,3133.59
1783099560000,81.687,81.792,81.679,81.791,1421.53
1783099620000,81.785,81.804,81.774,81.774,1217.8
1783099680000,81.774,81.8,81.763,81.774,2521.05
1783099740000,81.781,81.781,81.753,81.761,1090.23
1783099800000,81.754,81.761,81.7,81.734,1969.5
1783099860000,81.727,81.734,81.674,81.701,4045.58
1783099920000,81.701,81.709,81.65,81.651,1111.23
1783099980000,81.658,81.678,81.65,81.677,1430.97
1783100040000,81.678,81.71,81.666,81.71,1419.25
1783100100000,81.71,81.815,81.71,81.807,1500.31
1783100160000,81.807,81.821,81.774,81.774,2046.07
1783100220000,81.774,81.781,81.747,81.754,1286.47
1783100280000,81.754,81.755,81.747,81.754,1014.37
1783100340000,81.748,81.754,81.622,81.622,1261.27
1783100400000,81.623,81.648,81.546,81.623,1916.14
1783100460000,81.63,81.679,81.622,81.678,1036.66
1783100520000,81.679,81.729,81.666,81.674,1214.46
1783100580000,81.666,81.719,81.666,81.719,1313.24
1783100640000,81.72,81.72,81.66,81.66,1125.05
1783100700000,81.661,81.678,81.65,81.664,1734.76
1783100760000,81.658,81.694,81.657,81.682,1244.18
1783100820000,81.683,81.693,81.626,81.66,1048.31
1783100880000,81.655,81.662,81.63,81.638,1015.31
1783100940000,81.638,81.638,81.63,81.638,1219.68
1783101000000,81.638,81.653,81.594,81.634,1070.88
1783101060000,81.635,81.708,81.627,81.707,1361.95
1783101120000,81.708,81.708,81.68,81.681,1225.17
1783101180000,81.681,81.725,81.681,81.723,1010.98
1783101240000,81.718,81.766,81.718,81.764,2631.62
1783101300000,81.758,81.765,81.725,81.732,1420.59
1783101360000,81.731,81.811,81.724,81.748,1387.05
1783101420000,81.748,81.778,81.74,81.747,1416.03
1783101480000,81.748,81.748,81.703,81.711,1558.51
1783101540000,81.711,81.722,81.667,81.712,1085.72
1783101600000,81.722,81.781,81.707,81.721,3134.69
1783101660000,81.713,81.722,81.713,81.714,1081.65
1783101720000,81.721,81.721,81.64,81.684,1015.66
1783101780000,81.684,81.714,81.65,81.668,1318.27
1783101840000,81.668,81.675,81.614,81.622,2573.77
1783101900000,81.622,81.644,81.608,81.615,971.84
1783101960000,81.608,81.634,81.607,81.624,2408.81
1783102020000,81.624,81.669,81.624,81.668,1080.94
1783102080000,81.661,81.695,81.66,81.694,1028.1
1783102140000,81.688,81.694,81.614,81.631,1217.26
1783102200000,81.631,81.646,81.603,81.64,1030.85
1783102260000,81.67,81.678,81.651,81.668,1017.19
1783102320000,81.668,81.699,81.654,81.654,982.97
1783102380000,81.661,81.662,81.641,81.654,956.47
1783102440000,81.66,81.66,81.653,81.659,964.21
1783102500000,81.659,81.729,81.654,81.704,3655.73
1783102560000,81.697,81.725,81.668,81.69,1067.77
1783102620000,81.69,81.729,81.689,81.721,1721.5
1783102680000,81.721,81.756,81.691,81.748,1160.8
1783102740000,81.775,81.791,81.765,81.772,945.76
1783102800000,81.765,81.813,81.765,81.785,1330.14
1783102860000,81.791,81.818,81.784,81.786,927.35
1783102920000,81.788,81.866,81.785,81.865,2084.01
1783102980000,81.858,81.866,81.798,81.858,131183.73
1783103040000,81.865,81.866,81.764,81.782,1257.32
1783103100000,81.789,81.789,81.745,81.762,1058.44
1783103160000,81.762,81.779,81.708,81.709,1167.94
1783103220000,81.709,81.752,81.708,81.751,1268.01
1783103280000,81.745,81.752,81.724,81.732,1202.51
1783103340000,81.733,81.739,81.731,81.732,995.39
1783103400000,81.732,81.739,81.697,81.737,1069.33
1783103460000,81.738,81.781,81.737,81.752,1003.55
1783103520000,81.758,81.8,81.751,81.8,1010.37
1783103580000,81.8,81.8,81.768,81.775,1750.09
1783103640000,81.775,81.793,81.767,81.792,1587.43
1783103700000,81.792,81.81,81.785,81.804,1000.18
1783103760000,81.804,81.861,81.803,81.85,1060.8
1783103820000,81.85,81.861,81.784,81.795,1657.81
1783103880000,81.795,81.846,81.777,81.845,1153.51
1783103940000,81.845,81.845,81.8,81.801,1008.62
1783104000000,81.801,81.809,81.8,81.801,1022.58
1783104060000,81.808,81.809,81.8,81.8,1106.58
1783104120000,81.8,81.809,81.78,81.787,1096.95
1783104180000,81.787,81.864,81.78,81.864,1216.51
1783104240000,81.858,81.93,81.858,81.921,3910.17
1783104300000,81.93,81.93,81.847,81.875,4824.08
1783104360000,81.908,81.948,81.899,81.938,3696.06
1783104420000,81.937,81.951,81.863,81.88,8225.6
1783104480000,81.881,81.912,81.881,81.894,1049.62
1783104540000,81.894,81.956,81.855,81.907,1145.11
1783104600000,81.9,81.924,81.846,81.918,1093.23
1783104660000,81.924,81.959,81.904,81.911,1051.81
1783104720000,81.905,81.952,81.905,81.949,1429.35
1783104780000,81.949,81.949,81.906,81.941,959.68
1783104840000,81.941,81.949,81.94,81.948,1003.4
1783104900000,81.941,81.958,81.94,81.958,5742.94
1783104960000,81.959,82.324,81.951,82.195,19783.62
1783105020000,82.187,82.201,82.135,82.194,2463.23
1783105080000,82.194,82.215,82.109,82.122,6225.99
1783105140000,82.122,82.123,82.081,82.081,9250.88
1783105200000,82.089,82.099,82.05,82.099,1158.59
1783105260000,82.091,82.122,82.073,82.076,1757.54
1783105320000,82.082,82.158,82.076,82.151,14585.16
1783105380000,82.158,82.262,82.15,82.261,1324.18
1783105440000,82.261,82.261,82.143,82.155,4206.06
1783105500000,82.137,82.146,82.041,82.049,3162.88
1783105560000,82.042,82.169,82.042,82.162,1476.29
1783105620000,82.168,82.168,82.081,82.162,1764.43
1783105680000,82.162,82.168,82.105,82.112,1310.64
1783105740000,82.105,82.186,82.104,82.185,1467.7
1783105800000,82.178,82.185,82.082,82.088,1573.17
1783105860000,82.087,82.095,82.059,82.081,2703.97
1783105920000,82.081,82.1,82.071,82.083,1411.4
1783105980000,82.083,82.154,82.064,82.12,1649.98
1783106040000,82.121,82.128,82.07,82.071,1309.28
1783106100000,82.078,82.256,82.07,82.247,3215.35
1783106160000,82.255,82.363,82.255,82.314,8313.43
1783106220000,82.308,82.315,82.271,82.314,1978.24
1783106280000,82.315,82.339,82.26,82.275,2231.45
1783106340000,82.275,82.286,82.241,82.242,4143.84
1783106400000,82.241,82.29,82.233,82.272,2412.52
1783106460000,82.272,82.273,82.204,82.211,1220.41
1783106520000,82.205,82.243,82.181,82.242,912.65
1783106580000,82.243,82.243,82.215,82.221,1137.43
1783106640000,82.216,82.259,82.199,82.234,1417.71
1783106700000,82.243,82.243,82.164,82.178,6041.83
1783106760000,82.178,82.253,82.17,82.252,4349.09
1783106820000,82.252,82.276,82.241,82.253,1726.29
1783106880000,82.245,82.253,82.241,82.242,1751.24
1783106940000,82.249,82.29,82.241,82.289,1415.22
1783107000000,82.289,82.319,82.259,82.265,2104.08
1783107060000,82.266,82.266,82.161,82.189,2777.11
1783107120000,82.182,82.245,82.181,82.245,2468.34
1783107180000,82.245,82.467,82.237,82.455,7517.79
1783107240000,82.459,82.462,82.31,82.311,9286.52
1783107300000,82.311,82.318,82.237,82.238,4843.85
1783107360000,82.246,82.259,82.2,82.208,1383.53
1783107420000,82.208,82.422,82.184,82.398,1321.53
1783107480000,82.398,83.208,82.374,82.981,95088.21
1783107540000,82.982,83.043,82.751,82.976,6944.94
1783107600000,82.968,83.021,82.928,82.989,4401.39
1783107660000,82.972,83.019,82.935,83.013,3508.13
1783107720000,83.025,83.053,82.955,83.001,2887.59
1783107780000,83.008,83.1,82.961,82.969,3526.79
1783107840000,82.95,82.95,82.752,82.752,4494.42
1783107900000,82.759,82.759,82.615,82.673,3011.44
1783107960000,82.672,82.673,82.564,82.578,2284.52
1783108020000,82.585,82.613,82.574,82.612,3271.48
1783108080000,82.613,82.646,82.587,82.636,1676.67
1783108140000,82.629,82.646,82.612,82.625,962.99
1783108200000,82.618,82.625,82.545,82.557,1958.27
1783108260000,82.556,82.59,82.497,82.589,1505.12
1783108320000,82.589,82.632,82.565,82.572,1606.65
1783108380000,82.566,82.572,82.399,82.399,3218.35
1783108440000,82.472,82.486,82.444,82.478,1831.65
1783108500000,82.478,82.486,82.477,82.478,1307.64
1783108560000,82.485,82.486,82.409,82.41,1197.77
1783108620000,82.434,82.483,82.427,82.447,2942.45
1783108680000,82.447,82.521,82.44,82.486,1173.92
1783108740000,82.493,82.513,82.446,82.446,1195.06
1783108800000,82.452,82.452,82.346,82.429,2229.78
1783108860000,82.429,82.44,82.352,82.352,1813.15
1783108920000,82.359,82.382,82.333,82.374,3116.89
1783108980000,82.383,82.396,82.367,82.375,2368.71
1783109040000,82.369,82.375,82.304,82.335,108964.5
1783109100000,82.335,82.343,82.192,82.324,5012.84
1783109160000,82.325,82.593,82.316,82.562,3658.65
1783109220000,82.561,82.709,82.506,82.648,12883.76
1783109280000,82.648,82.648,82.537,82.586,1163.96
1783109340000,82.579,82.579,82.47,82.512,8886.51
1783109400000,82.512,82.53,82.478,82.512,10042.29
1783109460000,82.519,82.52,82.435,82.443,1238.95
1783109520000,82.443,82.443,82.371,82.372,1112.82
1783109580000,82.379,82.38,82.348,82.356,1670.24
1783109640000,82.349,82.425,82.341,82.424,2804.48
1783109700000,82.425,82.436,82.345,82.383,1397.49
1783109760000,82.383,82.39,82.307,82.342,1439.73
1783109820000,82.335,82.343,82.315,82.316,1250.57
1783109880000,82.316,82.422,82.255,82.422,1654.66
1783109940000,82.413,82.581,82.365,82.473,3981.05
1783110000000,82.472,82.56,82.434,82.539,3175.32
1783110060000,82.539,82.539,82.447,82.459,1308.89
1783110120000,82.452,82.583,82.452,82.542,1164.43
1783110180000,82.542,82.542,82.371,82.38,2393.27
1783110240000,82.379,82.5,82.351,82.468,1269.13
1783110300000,82.476,82.543,82.467,82.542,1347.83
1783110360000,82.536,82.65,82.5,82.619,1509.52
1783110420000,82.619,82.656,82.5,82.5,1132.2
1783110480000,82.506,82.533,82.485,82.525,1297.26
1783110540000,82.532,82.532,82.494,82.507,1332.9
1783110600000,82.506,82.563,82.47,82.506,1047.09
1783110660000,82.506,82.517,82.454,82.509,1533.17
1783110720000,82.485,82.533,82.455,82.468,1291.28
1783110780000,82.468,82.475,82.357,82.358,1102.26
1783110840000,82.366,82.443,82.334,82.442,1089.29
1783110900000,82.435,82.623,82.432,82.565,3962.53
1783110960000,82.565,82.953,82.565,82.777,6186.89
1783111020000,82.777,82.804,82.669,82.675,3522.33
1783111080000,82.669,82.733,82.66,82.66,2132.24
1783111140000,82.66,82.662,82.575,82.575,4509.09
1783111200000,82.575,82.576,82.491,82.505,1462.13
1783111260000,82.505,82.579,82.499,82.572,2793.94
1783111320000,82.572,82.629,82.565,82.628,1582.12
1783111380000,82.621,82.628,82.564,82.592,1876.66
1783111440000,82.585,82.74,82.584,82.736,3948.53
1783111500000,82.736,82.926,82.675,82.926,4926.43
1783111560000,82.918,82.961,82.817,82.868,2516.68
1783111620000,82.875,82.876,82.8,82.805,8765.22
1783111680000,82.801,82.899,82.801,82.818,2420.33
1783111740000,82.826,82.864,82.751,82.752,1516.39
1783111800000,82.759,82.79,82.676,82.712,1765.6
1783111860000,82.72,82.72,82.674,82.68,3059.24
1783111920000,82.681,82.71,82.672,82.709,1351.75
1783111980000,82.703,82.775,82.676,82.766,1368.84
1783112040000,82.766,82.804,82.758,82.778,1194.37
1783112100000,82.778,82.786,82.677,82.708,2860.64
1783112160000,82.691,82.696,82.66,82.661,1149.93
1783112220000,82.661,82.689,82.637,82.645,1868.72
1783112280000,82.638,82.675,82.613,82.645,1142.5
1783112340000,82.645,82.723,82.645,82.679,1261.53
1783112400000,82.686,82.713,82.661,82.662,1051.98
1783112460000,82.662,82.82,82.661,82.796,1329.74
1783112520000,82.796,82.84,82.731,82.748,1348.17
1783112580000,82.741,82.848,82.741,82.819,1161.74
1783112640000,82.825,82.825,82.761,82.769,1312.66
1783112700000,82.769,82.769,82.725,82.725,1111.27
1783112760000,82.725,82.812,82.725,82.81,1796.36
1783112820000,82.81,82.819,82.732,82.739,1222.22
1783112880000,82.74,82.757,82.731,82.733,1043.92
1783112940000,82.731,82.733,82.671,82.707,1770.73
1783113000000,82.707,82.767,82.706,82.766,1179.82
1783113060000,82.759,82.826,82.758,82.825,19178.75
1783113120000,82.826,82.893,82.819,82.879,4702.64
1783113180000,82.879,83.012,82.725,82.74,8601.82
1783113240000,82.732,82.77,82.601,82.601,3243.49
1783113300000,82.601,82.683,82.601,82.649,2678.07
1783113360000,82.65,82.65,82.511,82.511,2923.52
1783113420000,82.512,82.564,82.473,82.531,3628.02
1783113480000,82.531,82.54,82.457,82.532,1977.89
1783113540000,82.559,82.595,82.477,82.478,4655.75
1783113600000,82.485,82.503,82.447,82.448,3535.88
1783113660000,82.455,82.482,82.448,82.465,1063.89
1783113720000,82.458,82.539,82.457,82.508,1867.84
1783113780000,82.502,82.502,82.477,82.485,1162.65
1783113840000,82.485,82.486,82.424,82.428,1847.14
1783113900000,82.428,82.486,82.394,82.402,1284.64
1783113960000,82.395,82.424,82.394,82.408,4205.77
1783114020000,82.409,82.409,82.381,82.388,1303.63
1783114080000,82.381,82.389,82.354,82.361,2961.95
1783114140000,82.361,82.374,82.29,82.339,2640.88
1783114200000,82.338,82.346,82.297,82.336,1761.2
1783114260000,82.348,82.374,82.324,82.325,2141.27
1783114320000,82.324,82.324,82.181,82.227,2980.82
1783114380000,82.249,82.313,82.24,82.304,1811.25
1783114440000,82.305,82.336,82.3,82.301,1384.72
1783114500000,82.308,82.318,82.25,82.291,1314.33
1783114560000,82.291,82.34,82.28,82.34,4435.75
1783114620000,82.337,82.405,82.337,82.385,3033.68
1783114680000,82.385,82.392,82.27,82.278,1650.86
1783114740000,82.262,82.324,82.25,82.282,1462.97
1783114800000,82.275,82.282,82.127,82.212,2355.74
1783114860000,82.218,82.326,82.212,82.308,1363.23
1783114920000,82.301,82.312,82.278,82.304,1177.81
1783114980000,82.305,82.347,82.292,82.311,4254.95
1783115040000,82.311,82.349,82.291,82.312,1086.58
1783115100000,82.349,82.448,82.344,82.443,1152.99
1783115160000,82.436,82.482,82.435,82.455,2117.66
1783115220000,82.455,82.633,82.455,82.571,10944.09
1783115280000,82.565,82.626,82.565,82.619,2495.72
1783115340000,82.626,82.629,82.6,82.603,1752.66
1783115400000,82.61,82.628,82.575,82.608,4150.93
1783115460000,82.614,82.614,82.556,82.558,1555.87
1783115520000,82.564,82.612,82.557,82.611,3034.15
1783115580000,82.611,82.7,82.603,82.688,1459.0
1783115640000,82.688,82.82,82.681,82.758,3649.94
1783115700000,82.751,82.772,82.718,82.728,1521.44
1783115760000,82.728,82.728,82.661,82.691,1919.28
1783115820000,82.684,82.695,82.65,82.651,2835.04
1783115880000,82.658,82.658,82.617,82.618,1112.06
1783115940000,82.618,82.634,82.609,82.612,1078.18
1783116000000,82.612,82.635,82.56,82.561,1055.32
1783116060000,82.561,82.561,82.494,82.544,1354.41
1783116120000,82.544,82.608,82.537,82.561,1833.79
1783116180000,82.561,82.568,82.484,82.529,1555.71
1783116240000,82.529,82.529,82.495,82.505,1184.65
1783116300000,82.504,82.505,82.378,82.385,1669.58
1783116360000,82.378,82.399,82.361,82.368,2742.0
1783116420000,82.362,82.437,82.34,82.43,1340.23
1783116480000,82.437,82.437,82.39,82.408,1814.86
1783116540000,82.408,82.415,82.367,82.367,1042.15
1783116600000,82.374,82.395,82.366,82.394,1050.32
1783116660000,82.394,82.394,82.351,82.351,1026.57
1783116720000,82.358,82.387,82.333,82.379,1449.01
1783116780000,82.387,82.404,82.378,82.404,1068.99
1783116840000,82.378,82.378,82.341,82.348,1098.74
1783116900000,82.348,82.407,82.333,82.406,1342.81
1783116960000,82.406,82.406,82.359,82.386,1076.48
1783117020000,82.386,82.513,82.379,82.489,1232.27
1783117080000,82.489,82.49,82.464,82.472,998.03
1783117140000,82.465,82.512,82.465,82.495,1319.75
1783117200000,82.494,82.498,82.468,82.495,1091.17
1783117260000,82.495,82.496,82.488,82.495,1027.57
1783117320000,82.495,82.495,82.45,82.458,1041.17
1783117380000,82.451,82.458,82.45,82.458,1108.06
1783117440000,82.451,82.489,82.426,82.461,1146.17
1783117500000,82.461,82.522,82.423,82.432,903.78
1783117560000,82.431,82.449,82.424,82.448,960.92
1783117620000,82.448,82.448,82.414,82.422,1045.13
1783117680000,82.415,82.423,82.396,82.397,1000.05
1783117740000,82.397,82.406,82.35,82.374,1006.31
1783117800000,82.375,82.399,82.366,82.391,959.82
1783117860000,82.398,82.399,82.246,82.291,1083.91
1783117920000,82.291,82.309,82.223,82.308,1596.25
1783117980000,82.301,82.309,82.263,82.284,1056.11
1783118040000,82.282,82.319,82.282,82.311,1040.32
1783118100000,82.311,82.347,82.311,82.324,1139.99
1783118160000,82.331,82.386,82.324,82.377,1031.54
1783118220000,82.377,82.386,82.377,82.383,1308.08
1783118280000,82.386,82.386,82.377,82.378,984.25
1783118340000,82.385,82.386,82.3,82.301,1069.02
1783118400000,82.309,82.31,82.276,82.284,1040.74
1783118460000,82.277,82.284,82.267,82.268,1583.62
1783118520000,82.268,82.332,82.268,82.331,1227.52
1783118580000,82.331,82.371,82.274,82.364,1224.21
1783118640000,82.371,82.399,82.363,82.395,1055.59
1783118700000,82.395,82.399,82.313,82.314,1304.32
1783118760000,82.321,82.382,82.313,82.345,1100.54
1783118820000,82.323,82.323,82.275,82.275,1079.03
1783118880000,82.276,82.276,82.214,82.248,1463.71
1783118940000,82.248,82.258,82.225,82.258,1158.97
1783119000000,82.258,82.258,82.25,82.251,1035.85
1783119060000,82.257,82.282,82.251,82.281,1940.85
1783119120000,82.274,82.282,82.237,82.245,1059.34
1783119180000,82.238,82.253,82.237,82.245,2067.77
1783119240000,82.245,82.253,82.244,82.245,1141.82
1783119300000,82.245,82.281,82.244,82.281,1054.8
1783119360000,82.274,82.335,82.274,82.335,1053.88
1783119420000,82.335,82.353,82.311,82.352,930.67
1783119480000,82.345,82.361,82.332,82.332,25270.06
1783119540000,82.332,82.361,82.312,82.312,1337.38
1783119600000,82.318,82.319,82.285,82.292,1278.27
1783119660000,82.286,82.292,82.285,82.292,1031.08
1783119720000,82.286,82.329,82.285,82.318,2433.22
1783119780000,82.324,82.325,82.317,82.324,1064.39
1783119840000,82.317,82.342,82.301,82.309,1166.57
1783119900000,82.302,82.328,82.222,82.223,1703.99
1783119960000,82.223,82.262,82.209,82.244,1503.85
1783120020000,82.244,82.244,82.183,82.22,9156.56
1783120080000,82.22,82.221,82.153,82.154,5496.21
1783120140000,82.154,82.182,82.138,82.175,1110.4
1783120200000,82.175,82.222,82.175,82.22,3218.15
1783120260000,82.214,82.226,82.197,82.225,1176.45
1783120320000,82.218,82.226,82.153,82.201,1775.34
1783120380000,82.195,82.201,82.174,82.174,1224.66
1783120440000,82.175,82.204,82.174,82.197,2370.16
1783120500000,82.197,82.214,82.16,82.214,1134.53
1783120560000,82.214,82.305,82.207,82.298,1706.43
1783120620000,82.304,82.305,82.248,82.249,1050.48
1783120680000,82.256,82.257,82.184,82.184,1025.29
1783120740000,82.184,82.212,82.183,82.211,1282.65
1783120800000,82.234,82.319,82.234,82.319,1180.92
1783120860000,82.314,82.319,82.267,82.268,1023.85
1783120920000,82.268,82.279,82.255,82.255,1129.36
1783120980000,82.262,82.279,82.251,82.278,1705.27
1783121040000,82.278,82.278,82.249,82.256,1044.62
1783121100000,82.256,82.256,82.211,82.232,1665.3
1783121160000,82.232,82.238,82.144,82.144,1042.92
1783121220000,82.144,82.171,82.143,82.169,1125.62
1783121280000,82.169,82.222,82.162,82.214,1247.46
1783121340000,82.214,82.222,82.213,82.214,1167.0
1783121400000,82.221,82.249,82.214,82.242,1039.16
1783121460000,82.262,82.322,82.262,82.315,1260.91
1783121520000,82.322,82.322,82.295,82.302,897.24
1783121580000,82.302,82.302,82.267,82.268,1778.77
1783121640000,82.274,82.309,82.268,82.274,1832.87
1783121700000,82.281,82.299,82.274,82.298,982.48
1783121760000,82.292,82.329,82.291,82.328,1329.63
1783121820000,82.321,82.386,82.321,82.385,1269.52
1783121880000,82.378,82.386,82.377,82.385,1034.26
1783121940000,82.378,82.396,82.365,82.388,1535.12
1783122000000,82.395,82.429,82.388,82.422,1107.7
1783122060000,82.428,82.436,82.394,82.401,2517.13
1783122120000,82.401,82.402,82.393,82.394,1119.83
1783122180000,82.394,82.439,82.394,82.435,1031.91
1783122240000,82.439,82.439,82.375,82.382,937.72
1783122300000,82.382,82.405,82.374,82.391,1001.52
1783122360000,82.398,82.398,82.367,82.375,1055.39
1783122420000,82.368,82.375,82.326,82.351,955.92
1783122480000,82.345,82.385,82.328,82.384,1119.37
1783122540000,82.378,82.384,82.309,82.316,1041.46
1783122600000,82.315,82.331,82.264,82.331,950.69
1783122660000,82.325,82.332,82.294,82.314,989.09
1783122720000,82.314,82.322,82.313,82.314,1074.84
1783122780000,82.321,82.321,82.27,82.281,1030.7
1783122840000,82.281,82.288,82.281,82.281,1074.5
1783122900000,82.288,82.288,82.28,82.288,1122.17
1783122960000,82.288,82.302,82.28,82.301,1325.57
1783123020000,82.293,82.319,82.293,82.318,1168.69
1783123080000,82.318,82.319,82.31,82.311,1107.28
1783123140000,82.311,82.335,82.302,82.302,1046.17
1783123200000,82.309,82.348,82.301,82.335,1110.96
1783123260000,82.341,82.342,82.298,82.304,1108.9
1783123320000,82.304,82.304,82.22,82.272,1434.92
1783123380000,82.265,82.301,82.264,82.299,2242.09
1783123440000,82.299,82.359,82.292,82.351,984.67
1783123500000,82.359,82.486,82.35,82.455,1063.46
1783123560000,82.463,82.594,82.435,82.594,2362.13
1783123620000,82.587,82.667,82.575,82.63,3293.03
1783123680000,82.623,82.64,82.567,82.601,12963.69
1783123740000,82.608,82.695,82.59,82.672,1807.18
1783123800000,82.664,82.672,82.5,82.532,7553.43
1783123860000,82.531,82.648,82.531,82.628,1023.62
1783123920000,82.628,82.629,82.597,82.607,1192.49
1783123980000,82.614,82.649,82.535,82.648,1539.98
1783124040000,82.648,82.648,82.545,82.545,2172.24
1783124100000,82.545,82.602,82.531,82.574,1061.06
1783124160000,82.581,82.634,82.574,82.628,1362.96
1783124220000,82.628,82.687,82.628,82.636,1193.23
1783124280000,82.625,82.635,82.565,82.627,7380.52
1783124340000,82.627,82.634,82.562,82.595,1073.55
1783124400000,82.595,82.595,82.508,82.508,1007.34
1783124460000,82.515,82.518,82.45,82.458,1097.77
1783124520000,82.45,82.459,82.428,82.428,1029.74
1783124580000,82.427,82.435,82.368,82.388,1068.52
1783124640000,82.395,82.457,82.388,82.415,962.28
1783124700000,82.422,82.483,82.414,82.482,1070.38
1783124760000,82.482,82.482,82.428,82.435,1045.4
1783124820000,82.435,82.436,82.428,82.435,1085.22
1783124880000,82.429,82.476,82.428,82.476,1023.98
1783124940000,82.475,82.549,82.468,82.541,13536.52
1783125000000,82.541,82.589,82.54,82.562,1065.54
1783125060000,82.569,82.569,82.463,82.464,1117.32
1783125120000,82.471,82.488,82.461,82.468,982.89
1783125180000,82.462,82.615,82.462,82.578,1060.03
1783125240000,82.578,82.578,82.467,82.468,1063.56
1783125300000,82.475,82.475,82.425,82.434,1619.46
1783125360000,82.425,82.458,82.374,82.432,1368.67
1783125420000,82.429,82.436,82.405,82.405,1018.78
1783125480000,82.405,82.433,82.404,82.432,1059.31
1783125540000,82.424,82.433,82.424,82.432,1036.84
1783125600000,82.425,82.458,82.359,82.452,1132.94
1783125660000,82.452,82.487,82.434,82.471,939.4
1783125720000,82.464,82.514,82.464,82.506,1095.96
1783125780000,82.507,82.514,82.426,82.426,1030.06
1783125840000,82.431,82.434,82.407,82.427,1004.03
1783125900000,82.435,82.5,82.427,82.5,1064.01
1783125960000,82.5,82.5,82.446,82.481,1027.65
1783126020000,82.481,82.539,82.475,82.511,1401.85
1783126080000,82.511,82.563,82.511,82.534,970.8
1783126140000,82.528,82.534,82.463,82.488,1108.11
1783126200000,82.481,82.481,82.444,82.471,949.69
1783126260000,82.471,82.472,82.366,82.391,985.1
1783126320000,82.384,82.391,82.36,82.377,1136.64
1783126380000,82.385,82.386,82.365,82.373,1584.89
1783126440000,82.373,82.398,82.366,82.398,1100.2
1783126500000,82.391,82.419,82.39,82.412,1041.04
1783126560000,82.412,82.419,82.411,82.412,1055.11
1783126620000,82.419,82.419,82.383,82.391,998.36
1783126680000,82.384,82.399,82.368,82.399,1095.93
1783126740000,82.398,82.398,82.368,82.375,1073.47
1783126800000,82.368,82.375,82.293,82.294,1277.42
1783126860000,82.294,82.304,82.236,82.237,1071.76
1783126920000,82.248,82.248,81.914,81.946,6763.25
1783126980000,81.938,82.025,81.938,82.001,1260.55
1783127040000,82.009,82.058,81.951,81.952,1822.23
1783127100000,81.958,81.997,81.951,81.971,1327.16
1783127160000,81.971,82.006,81.967,81.996,1668.49
1783127220000,81.996,81.996,81.897,81.947,1340.62
1783127280000,81.954,82.048,81.947,82.038,1240.3
1783127340000,82.05,82.072,81.932,81.932,1222.45
1783127400000,81.938,81.958,81.878,81.951,1303.01
1783127460000,81.951,82.048,81.944,82.048,1239.92
1783127520000,82.012,82.02,81.96,81.961,1216.61
1783127580000,81.968,82.008,81.941,81.972,2941.41
1783127640000,81.965,81.973,81.964,81.965,1036.23
1783127700000,81.972,81.981,81.934,81.961,1738.64
1783127760000,81.961,82.069,81.954,82.058,4092.03
1783127820000,82.058,82.12,82.058,82.119,1123.93
1783127880000,82.119,82.12,82.093,82.094,1061.09
1783127940000,82.094,82.174,82.094,82.141,948.45
1783128000000,82.141,82.181,82.118,82.125,1217.84
1783128060000,82.125,82.171,82.117,82.144,1392.94
1783128120000,82.145,82.174,82.144,82.148,1241.77
1783128180000,82.148,82.151,82.096,82.117,1201.87
1783128240000,82.117,82.124,81.973,81.974,1184.47
1783128300000,81.981,81.981,81.873,81.891,1548.58
1783128360000,81.891,81.982,81.891,81.981,1114.4
1783128420000,81.981,81.981,81.877,81.92,1154.84
1783128480000,81.92,81.947,81.92,81.94,1251.92
1783128540000,81.946,81.973,81.939,81.972,1636.21
1783128600000,81.972,81.996,81.964,81.971,1371.28
1783128660000,81.971,82.042,81.964,82.042,1475.8
1783128720000,82.041,82.041,81.971,82.008,1008.34
1783128780000,82.001,82.045,81.977,81.978,1176.58
1783128840000,81.978,81.998,81.954,81.962,1164.61
1783128900000,81.963,81.984,81.927,81.974,1252.85
1783128960000,81.968,81.974,81.954,81.955,1467.11
1783129020000,81.961,81.961,81.89,81.891,2402.38
1783129080000,81.891,81.899,81.88,81.881,1382.56
1783129140000,81.88,81.9,81.88,81.9,1013.47
1783129200000,81.9,81.9,81.833,81.833,1873.6
1783129260000,81.833,81.88,81.83,81.874,2050.02
1783129320000,81.881,81.907,81.874,81.906,1136.69
1783129380000,81.906,81.92,81.864,81.864,1258.18
1783129440000,81.865,81.887,81.864,81.887,1463.9
1783129500000,81.887,81.907,81.87,81.877,1374.57
1783129560000,81.877,81.877,81.806,81.808,1186.21
1783129620000,81.808,81.816,81.807,81.815,1090.81
1783129680000,81.815,81.858,81.807,81.85,1134.86
1783129740000,81.85,81.858,81.769,81.791,9151.31
1783129800000,81.791,81.834,81.766,81.827,1117.25
1783129860000,81.827,81.855,81.826,81.855,1177.45
1783129920000,81.856,81.905,81.848,81.898,1167.3
1783129980000,81.904,81.904,81.85,81.853,1019.94
1783130040000,81.85,81.853,81.844,81.852,1012.16
1783130100000,81.852,81.875,81.845,81.867,1147.82
1783130160000,81.867,81.874,81.849,81.85,952.69
1783130220000,81.856,81.892,81.85,81.891,960.79
1783130280000,81.891,81.908,81.884,81.907,1360.69
1783130340000,81.901,81.941,81.901,81.909,2533.08
1783130400000,81.911,81.912,81.867,81.891,999.32
1783130460000,81.883,81.946,81.883,81.905,1408.6
1783130520000,81.905,81.922,81.861,81.922,987.72
1783130580000,81.915,81.925,81.895,81.925,1195.2
1783130640000,81.917,81.925,81.897,81.906,995.35
1783130700000,81.906,81.969,81.898,81.96,1395.92
1783130760000,81.96,81.969,81.959,81.96,1020.94
1783130820000,81.968,81.999,81.959,81.975,1014.46
1783130880000,81.981,82.022,81.967,81.975,1205.1
1783130940000,81.968,81.999,81.967,81.998,1146.7
1783131000000,81.99,82.028,81.99,82.028,1102.7
1783131060000,82.027,82.065,82.027,82.041,2193.13
1783131120000,82.034,82.073,82.033,82.073,1371.34
1783131180000,82.071,82.079,82.042,82.048,1053.69
1783131240000,82.048,82.049,82.012,82.02,1045.6
1783131300000,82.019,82.027,81.977,81.984,1323.66
1783131360000,81.984,81.984,81.952,81.958,990.46
1783131420000,81.958,81.999,81.952,81.971,1124.57
1783131480000,81.971,81.971,81.906,81.927,1065.63
1783131540000,81.934,81.957,81.911,81.927,968.2
1783131600000,81.926,81.989,81.926,81.981,1078.02
1783131660000,81.981,82.028,81.977,81.977,1087.34
1783131720000,81.984,82.0,81.967,81.967,929.88
1783131780000,81.974,81.975,81.94,81.954,1371.88
1783131840000,81.947,81.995,81.946,81.987,1013.36
1783131900000,81.987,82.017,81.97,81.991,1023.04
1783131960000,81.998,82.019,81.991,82.018,995.7
1783132020000,82.011,82.023,81.991,82.023,975.19
1783132080000,82.023,82.024,81.994,82.001,1019.85
1783132140000,81.993,82.022,81.993,82.021,1032.32
1783132200000,82.022,82.041,81.991,81.998,1108.21
1783132260000,81.998,82.045,81.991,82.037,1060.53
1783132320000,82.044,82.045,81.948,81.948,1164.1
1783132380000,81.948,81.955,81.947,81.954,1261.92
1783132440000,81.947,81.955,81.898,81.918,1056.83
1783132500000,81.918,81.985,81.917,81.975,1114.15
1783132560000,81.984,82.027,81.974,82.027,1078.9
1783132620000,82.02,82.058,82.02,82.05,1018.2
1783132680000,82.021,82.031,81.989,82.024,1057.73
1783132740000,82.051,82.051,81.958,81.958,1005.45
1783132800000,81.965,81.984,81.958,81.984,1035.51
1783132860000,81.984,82.027,81.977,82.021,986.7
1783132920000,82.027,82.028,82.021,82.027,921.0
1783132980000,82.021,82.075,82.021,82.075,1325.08
1783133040000,82.074,82.152,82.066,82.137,1713.17
1783133100000,82.131,82.153,82.13,82.153,1086.31
1783133160000,82.151,82.186,82.103,82.128,1025.62
1783133220000,82.128,82.151,82.101,82.109,1025.22
1783133280000,82.109,82.136,82.102,82.135,2431.3
1783133340000,82.135,82.136,82.107,82.109,2126.51
1783133400000,82.115,82.204,82.108,82.202,2719.23
1783133460000,82.203,82.356,82.194,82.324,2284.07
1783133520000,82.324,82.355,82.314,82.314,1084.37
1783133580000,82.321,82.322,82.28,82.28,2368.52
1783133640000,82.287,82.287,82.234,82.234,1244.43
1783133700000,82.234,82.242,82.23,82.23,1214.14
1783133760000,82.23,82.231,82.184,82.186,2845.85
1783133820000,82.186,82.204,82.16,82.168,1063.64
1783133880000,82.161,82.169,82.14,82.15,1370.46
1783133940000,82.15,82.151,82.14,82.15,995.29
1783134000000,82.141,82.205,82.14,82.204,1208.82
1783134060000,82.197,82.255,82.197,82.247,1211.93
1783134120000,82.261,82.291,82.226,82.234,1129.3
1783134180000,82.227,82.234,82.174,82.197,1479.58
1783134240000,82.197,82.205,82.176,82.203,1112.21
1783134300000,82.196,82.203,82.126,82.18,1279.79
1783134360000,82.181,82.181,82.137,82.137,987.37
1783134420000,82.145,82.145,82.097,82.124,1406.53
1783134480000,82.13,82.13,82.016,82.02,1221.39
1783134540000,82.027,82.243,82.019,82.242,1419.46
1783134600000,82.233,82.296,82.232,82.29,1177.16
1783134660000,82.296,82.326,82.26,82.26,2715.5
1783134720000,82.268,82.314,82.26,82.313,1138.35
1783134780000,82.314,82.391,82.313,82.382,1453.95
1783134840000,82.382,82.39,82.23,82.23,1646.53
1783134900000,82.237,82.263,82.229,82.257,1338.71
1783134960000,82.263,82.304,82.233,82.304,1114.51
1783135020000,82.304,82.304,82.234,82.274,1117.68
1783135080000,82.282,82.282,82.256,82.274,958.79
1783135140000,82.274,82.281,82.231,82.231,1031.41
1783135200000,82.231,82.27,82.211,82.233,1366.96
1783135260000,82.233,82.234,82.227,82.233,1005.08
1783135320000,82.227,82.25,82.226,82.243,1769.83
1783135380000,82.243,82.308,82.243,82.307,1027.53
1783135440000,82.308,82.308,82.255,82.307,1184.64
1783135500000,82.307,82.308,82.26,82.3,1051.06
1783135560000,82.306,82.318,82.299,82.31,1583.84
1783135620000,82.31,82.318,82.28,82.288,990.42
1783135680000,82.281,82.288,82.262,82.27,1067.4
1783135740000,82.271,82.384,82.262,82.384,1365.34
1783135800000,82.377,82.384,82.317,82.34,1057.61
1783135860000,82.333,82.357,82.293,82.323,1036.84
1783135920000,82.316,82.449,82.28,82.439,1288.22
1783135980000,82.447,82.468,82.416,82.452,1633.93
1783136040000,82.452,82.525,82.451,82.476,1733.51
1783136100000,82.484,82.536,82.386,82.536,1947.4
1783136160000,82.536,82.628,82.528,82.594,3535.32
1783136220000,82.594,82.65,82.565,82.615,2440.78
1783136280000,82.622,82.649,82.61,82.644,1312.09
1783136340000,82.645,82.678,82.637,82.654,1518.66
1783136400000,82.647,82.685,82.633,82.658,1507.63
1783136460000,82.657,82.749,82.649,82.745,2518.92
1783136520000,82.745,82.825,82.744,82.761,3164.3
1783136580000,82.753,82.781,82.646,82.684,1648.5
1783136640000,82.683,82.7,82.646,82.699,1273.58
1783136700000,82.699,82.712,82.693,82.694,1371.64
1783136760000,82.694,82.701,82.623,82.624,1540.25
1783136820000,82.624,82.645,82.603,82.644,1384.16
1783136880000,82.644,82.667,82.636,82.666,990.4
1783136940000,82.66,82.732,82.623,82.731,1110.29
1783137000000,82.732,82.732,82.653,82.656,1764.98
1783137060000,82.657,82.685,82.657,82.677,941.08
1783137120000,82.684,82.684,82.613,82.631,1153.75
1783137180000,82.624,82.632,82.603,82.611,15165.35
1783137240000,82.603,82.615,82.602,82.614,1595.43
1783137300000,82.614,82.615,82.579,82.6,2325.11
1783137360000,82.6,82.607,82.554,82.564,1384.93
1783137420000,82.564,82.622,82.563,82.597,1056.8
1783137480000,82.597,82.615,82.577,82.614,1045.22
1783137540000,82.614,82.68,82.614,82.675,1131.8
1783137600000,82.675,82.722,82.627,82.715,6496.9
1783137660000,82.721,82.739,82.694,82.714,944.43
1783137720000,82.704,82.711,82.626,82.635,1691.45
1783137780000,82.64,82.732,82.634,82.732,1106.41
1783137840000,82.732,82.806,82.731,82.776,2288.18
1783137900000,82.784,82.802,82.773,82.781,1105.58
1783137960000,82.782,82.784,82.723,82.777,1629.96
1783138020000,82.777,83.028,82.777,82.861,10639.2
1783138080000,82.861,82.907,82.84,82.891,2127.6
1783138140000,82.884,82.892,82.836,82.847,2520.03
1783138200000,82.847,82.895,82.847,82.89,8414.93
1783138260000,82.884,82.944,82.883,82.944,1368.2
1783138320000,82.944,82.958,82.876,82.907,1246.94
1783138380000,82.914,82.953,82.867,82.868,2532.13
1783138440000,82.868,82.901,82.863,82.894,1929.04
1783138500000,82.901,82.901,82.786,82.847,1717.44
1783138560000,82.854,82.855,82.797,82.82,953.75
1783138620000,82.814,82.82,82.76,82.762,1557.79
1783138680000,82.78,82.78,82.723,82.75,1418.58
1783138740000,82.744,82.751,82.743,82.75,1080.22
1783138800000,82.75,82.761,82.736,82.761,2183.35
1783138860000,82.754,82.815,82.753,82.815,1573.47
1783138920000,82.826,82.937,82.823,82.934,3720.55
1783138980000,82.937,83.035,82.929,83.022,18370.11
1783139040000,83.014,83.023,82.957,83.015,3343.47
1783139100000,83.023,83.065,83.015,83.031,1791.2
1783139160000,83.031,83.031,82.966,82.997,1294.65
1783139220000,82.997,83.038,82.935,83.011,5514.17
1783139280000,83.011,83.019,82.993,83.001,2810.81
1783139340000,83.001,83.041,82.965,82.965,2928.16
1783139400000,82.965,82.966,82.933,82.941,1058.38
1783139460000,82.941,83.042,82.934,83.034,1553.18
1783139520000,83.042,83.467,83.033,83.396,29531.91
1783139580000,83.404,83.452,83.265,83.405,8361.34
1783139640000,83.396,83.413,83.243,83.27,5897.3
1783139700000,83.271,83.364,83.236,83.327,1757.28
1783139760000,83.335,83.374,83.264,83.366,7416.12
1783139820000,83.365,83.829,83.365,83.812,23518.83
1783139880000,83.803,83.811,83.667,83.795,3082.37
1783139940000,83.795,83.827,83.711,83.741,5815.59
1783140000000,83.747,83.762,83.64,83.688,5377.93
1783140060000,83.695,83.929,83.688,83.911,4865.74
1783140120000,83.904,83.911,83.668,83.701,2975.86
1783140180000,83.701,83.859,83.701,83.755,3304.58
1783140240000,83.762,83.762,83.666,83.667,1491.13
1783140300000,83.666,83.823,83.658,83.822,1470.97
1783140360000,83.823,83.846,83.744,83.768,3415.39
1783140420000,83.76,83.829,83.69,83.769,2442.68
1783140480000,83.768,83.803,83.715,83.803,1382.22
1783140540000,83.802,83.919,83.795,83.892,2453.19
1783140600000,83.892,83.898,83.85,83.858,2438.07
1783140660000,83.85,83.933,83.764,83.871,2035.36
1783140720000,83.871,83.879,83.715,83.716,2999.22
1783140780000,83.715,83.716,83.68,83.715,1486.69
1783140840000,83.715,83.715,83.64,83.695,3017.51
1783140900000,83.696,83.696,83.556,83.557,2279.34
1783140960000,83.566,83.598,83.424,83.434,4965.18
1783141020000,83.427,83.439,83.392,83.421,4349.87
1783141080000,83.414,83.529,83.413,83.445,4312.17
1783141140000,83.438,83.472,83.383,83.445,2445.96
1783141200000,83.445,83.453,83.225,83.225,2084.2
1783141260000,83.226,83.273,83.182,83.182,1508.6
1783141320000,83.183,83.285,83.179,83.284,2577.43
1783141380000,83.278,83.293,83.267,83.293,1534.06
1783141440000,83.292,83.336,83.251,83.265,13516.09
1783141500000,83.265,83.266,83.227,83.228,1194.87
1783141560000,83.236,83.236,83.167,83.217,1626.72
1783141620000,83.224,83.225,83.197,83.224,1065.43
1783141680000,83.224,83.224,83.207,83.215,1181.2
1783141740000,83.208,83.215,83.088,83.095,1462.65
1783141800000,83.088,83.22,83.088,83.194,4226.85
1783141860000,83.188,83.199,83.168,83.198,1223.72
1783141920000,83.168,83.189,83.147,83.18,1124.06
1783141980000,83.18,83.226,83.18,83.189,2634.24
1783142040000,83.188,83.203,83.156,83.202,1179.37
1783142100000,83.195,83.272,83.18,83.272,1310.53
1783142160000,83.266,83.367,83.249,83.346,2951.77
1783142220000,83.346,83.352,83.275,83.325,1123.54
1783142280000,83.317,83.358,83.231,83.335,2829.95
1783142340000,83.328,83.336,83.258,83.258,1594.38
1783142400000,83.265,83.265,83.027,83.041,2560.84
1783142460000,83.068,83.069,82.967,82.975,2788.62
1783142520000,82.967,82.997,82.922,82.971,2783.46
1783142580000,82.965,82.972,82.93,82.948,1373.45
1783142640000,82.942,82.949,82.853,82.897,2714.05
1783142700000,82.881,82.967,82.88,82.966,7125.62
1783142760000,82.967,82.989,82.944,82.988,2225.71
1783142820000,82.988,83.006,82.981,82.997,1272.84
1783142880000,82.997,83.023,82.955,83.022,1488.87
1783142940000,83.022,83.066,83.014,83.059,1175.88
1783143000000,83.065,83.068,83.043,83.051,2038.5
1783143060000,83.044,83.067,83.012,83.028,4430.18
1783143120000,83.028,83.078,83.02,83.075,1345.71
1783143180000,83.09,83.099,83.064,83.09,1299.61
1783143240000,83.087,83.222,83.071,83.079,2597.68
1783143300000,83.072,83.176,83.071,83.175,1288.45
1783143360000,83.168,83.19,83.166,83.178,987.27
1783143420000,83.171,83.239,83.17,83.239,1449.98
1783143480000,83.234,83.242,83.214,83.215,1945.65
1783143540000,83.223,83.223,83.168,83.192,1061.32
1783143600000,83.222,83.326,83.195,83.318,3283.92
1783143660000,83.318,83.319,83.266,83.266,1127.86
1783143720000,83.273,83.342,83.266,83.282,5399.39
1783143780000,83.282,83.316,83.282,83.315,2306.21
1783143840000,83.315,83.343,83.301,83.302,1432.48
1783143900000,83.302,83.426,83.302,83.338,5748.29
1783143960000,83.338,83.409,83.331,83.402,1409.41
1783144020000,83.409,83.429,83.398,83.406,1579.78
1783144080000,83.406,83.413,83.353,83.354,1227.67
1783144140000,83.354,83.419,83.353,83.418,1044.64
1783144200000,83.412,83.442,83.26,83.296,3233.78
1783144260000,83.303,83.398,83.271,83.398,1525.33
1783144320000,83.398,83.443,83.369,83.421,1573.74
1783144380000,83.415,83.421,83.253,83.261,2200.15
1783144440000,83.269,83.325,83.186,83.198,2389.03
1783144500000,83.199,83.199,83.164,83.168,1621.74
1783144560000,83.168,83.221,83.165,83.221,1433.71
1783144620000,83.214,83.249,83.214,83.245,1366.49
1783144680000,83.239,83.316,83.238,83.308,1240.24
1783144740000,83.315,83.34,83.27,83.339,5574.39
1783144800000,83.339,83.379,83.322,83.328,1729.35
1783144860000,83.322,83.348,83.314,83.321,1140.85
1783144920000,83.333,83.393,83.333,83.342,1342.9
1783144980000,83.342,83.378,83.334,83.355,1081.7
1783145040000,83.355,83.376,83.33,83.375,1124.22
1783145100000,83.368,83.541,83.368,83.475,6081.84
1783145160000,83.474,83.552,83.416,83.419,37138.99
1783145220000,83.419,83.562,83.418,83.455,1012.64
1783145280000,83.455,83.494,83.426,83.431,1560.04
1783145340000,83.438,83.458,83.37,83.378,1020.11
1783145400000,83.371,83.381,83.344,83.37,1308.11
1783145460000,83.37,83.402,83.364,83.401,1417.63
1783145520000,83.394,83.401,83.31,83.335,1374.03
1783145580000,83.342,83.343,83.26,83.268,1093.27
1783145640000,83.269,83.326,83.26,83.271,3465.9
1783145700000,83.272,83.289,83.25,83.251,1182.77
1783145760000,83.251,83.258,83.2,83.201,1400.81
1783145820000,83.201,83.205,83.078,83.096,2556.28
1783145880000,83.102,83.102,83.024,83.052,1826.12
1783145940000,83.052,83.082,82.974,83.0,3751.59
1783146000000,82.992,82.999,82.913,82.945,3264.92
1783146060000,82.938,82.945,82.76,82.763,6628.59
1783146120000,82.76,82.815,82.544,82.545,4235.68
1783146180000,82.544,82.636,82.544,82.623,3368.7
1783146240000,82.623,82.636,82.622,82.636,2909.63
1783146300000,82.635,82.664,82.621,82.656,1794.89
1783146360000,82.662,82.663,82.584,82.612,3161.51
1783146420000,82.618,82.618,82.474,82.59,9354.03
1783146480000,82.589,82.615,82.575,82.592,1950.34
1783146540000,82.585,82.632,82.564,82.604,1490.33
1783146600000,82.611,82.695,82.605,82.694,2608.47
1783146660000,82.694,82.852,82.694,82.755,1630.57
1783146720000,82.762,82.793,82.754,82.762,2310.92
1783146780000,82.769,82.769,82.705,82.722,1201.64
1783146840000,82.729,82.73,82.654,82.654,1013.03
1783146900000,82.676,82.683,82.647,82.668,2512.58
1783146960000,82.675,82.7,82.667,82.698,1291.81
1783147020000,82.692,82.72,82.691,82.719,1534.12
1783147080000,82.719,82.72,82.677,82.691,7726.68
1783147140000,82.691,82.728,82.684,82.727,1901.78
1783147200000,82.728,82.728,82.654,82.681,1283.97
1783147260000,82.681,82.723,82.674,82.722,1093.31
1783147320000,82.722,82.723,82.699,82.706,1818.56
1783147380000,82.705,82.706,82.634,82.642,1626.0
1783147440000,82.634,82.646,82.592,82.638,1176.6
1783147500000,82.646,82.652,82.601,82.645,1181.63
1783147560000,82.651,82.706,82.617,82.618,1638.05
1783147620000,82.625,82.698,82.614,82.692,2979.42
1783147680000,82.699,82.7,82.647,82.654,1587.27
1783147740000,82.661,82.662,82.587,82.615,1445.44
1783147800000,82.615,82.615,82.533,82.534,1354.32
1783147860000,82.544,82.588,82.533,82.581,1937.99
1783147920000,82.581,82.594,82.515,82.516,1860.1
1783147980000,82.515,82.552,82.51,82.525,2234.95
1783148040000,82.517,82.555,82.498,82.554,8408.08
1783148100000,82.546,82.555,82.469,82.484,1865.61
1783148160000,82.477,82.515,82.476,82.504,3189.61
1783148220000,82.497,82.529,82.496,82.511,1911.59
1783148280000,82.511,82.519,82.51,82.511,1624.79
1783148340000,82.51,82.542,82.51,82.534,1252.12
1783148400000,82.541,82.542,82.503,82.511,1070.66
1783148460000,82.511,82.559,82.504,82.518,2472.4
1783148520000,82.518,82.525,82.35,82.358,8680.99
1783148580000,82.358,82.369,82.336,82.368,2420.48
1783148640000,82.361,82.425,82.273,82.306,3118.21
1783148700000,82.298,82.306,82.246,82.289,3025.03
1783148760000,82.289,82.301,82.266,82.3,2574.14
1783148820000,82.292,82.3,82.254,82.29,2465.41
1783148880000,82.283,82.292,82.282,82.291,1221.82
1783148940000,82.284,82.33,82.283,82.33,1213.63
1783149000000,82.324,82.5,82.323,82.424,30889.42
1783149060000,82.431,82.492,82.373,82.427,43911.35
1783149120000,82.425,82.428,82.347,82.355,1582.49
1783149180000,82.355,82.355,82.316,82.345,1102.4
1783149240000,82.338,82.414,82.337,82.406,1313.74
1783149300000,82.407,82.414,82.367,82.367,1310.05
1783149360000,82.367,82.368,82.334,82.342,1611.2
1783149420000,82.334,82.379,82.334,82.378,1242.47
1783149480000,82.371,82.386,82.339,82.379,1094.11
1783149540000,82.38,82.442,82.371,82.441,1180.41
1783149600000,82.434,82.442,82.409,82.418,1177.4
1783149660000,82.424,82.442,82.417,82.441,944.75
1783149720000,82.441,82.465,82.424,82.451,1526.45
1783149780000,82.444,82.452,82.406,82.414,1165.83
1783149840000,82.407,82.529,82.406,82.499,3435.83
1783149900000,82.505,82.505,82.43,82.455,1281.37
1783149960000,82.455,82.455,82.291,82.291,2237.56
1783150020000,82.298,82.321,82.283,82.32,1590.02
1783150080000,82.321,82.359,82.313,82.351,1408.99
1783150140000,82.351,82.385,82.351,82.364,1305.38
1783150200000,82.364,82.446,82.363,82.445,4457.49
1783150260000,82.438,82.514,82.438,82.488,1324.07
1783150320000,82.486,82.525,82.461,82.515,985.38
1783150380000,82.515,82.525,82.471,82.498,1247.06
1783150440000,82.491,82.499,82.42,82.428,1093.01
1783150500000,82.428,82.468,82.382,82.442,2360.34
1783150560000,82.449,82.45,82.367,82.405,1239.08
1783150620000,82.398,82.423,82.372,82.415,1182.56
1783150680000,82.415,82.423,82.414,82.414,1700.12
1783150740000,82.415,82.415,82.414,82.415,1110.62
1783150800000,82.414,82.452,82.394,82.395,1268.53
1783150860000,82.402,82.446,82.395,82.438,969.52
1783150920000,82.445,82.445,82.42,82.421,985.56
1783150980000,82.421,82.481,82.42,82.481,1319.62
1783151040000,82.475,82.482,82.453,82.454,1151.24
1783151100000,82.461,82.461,82.407,82.461,3561.08
1783151160000,82.454,82.493,82.454,82.485,1399.25
1783151220000,82.493,82.599,82.484,82.599,1428.41
1783151280000,82.59,82.598,82.571,82.589,1625.81
1783151340000,82.589,82.673,82.588,82.668,5014.74
1783151400000,82.668,82.69,82.651,82.658,1434.7
1783151460000,82.652,82.759,82.652,82.742,2129.31
1783151520000,82.742,82.757,82.717,82.744,7143.63
1783151580000,82.739,82.745,82.695,82.702,5402.83
1783151640000,82.696,82.745,82.685,82.685,1200.04
1783151700000,82.686,82.702,82.685,82.702,2752.23
1783151760000,82.696,82.703,82.695,82.702,1146.24
1783151820000,82.696,82.793,82.695,82.746,1072.67
1783151880000,82.746,82.753,82.704,82.706,1245.14
1783151940000,82.705,82.714,82.689,82.689,1159.89
1783152000000,82.669,82.739,82.668,82.713,1175.66
1783152060000,82.705,82.713,82.664,82.665,1467.57
1783152120000,82.672,82.673,82.537,82.551,2100.38
1783152180000,82.558,82.595,82.545,82.595,1225.68
1783152240000,82.595,82.596,82.545,82.546,1271.89
1783152300000,82.552,82.553,82.524,82.525,1195.7
1783152360000,82.531,82.561,82.524,82.546,1263.69
1783152420000,82.545,82.605,82.545,82.565,1450.25
1783152480000,82.565,82.572,82.497,82.538,5384.03
1783152540000,82.545,82.605,82.537,82.603,994.81
1783152600000,82.605,82.605,82.558,82.578,1082.41
1783152660000,82.584,82.622,82.56,82.621,1235.79
1783152720000,82.614,82.622,82.613,82.622,984.52
1783152780000,82.621,82.629,82.584,82.629,1283.29
1783152840000,82.629,82.665,82.595,82.618,2020.82
1783152900000,82.625,82.626,82.534,82.544,1523.75
1783152960000,82.535,82.544,82.484,82.485,1179.39
1783153020000,82.485,82.496,82.441,82.465,1117.13
1783153080000,82.465,82.469,82.42,82.428,1582.62
1783153140000,82.428,82.488,82.421,82.475,1212.18
1783153200000,82.481,82.502,82.474,82.494,1165.2
1783153260000,82.501,82.515,82.493,82.515,1227.99
1783153320000,82.514,82.558,82.49,82.506,1130.53
1783153380000,82.506,82.507,82.498,82.499,1025.29
1783153440000,82.499,82.549,82.396,82.429,1548.41
1783153500000,82.435,82.486,82.429,82.465,996.29
1783153560000,82.458,82.465,82.4,82.444,1284.81
1783153620000,82.444,82.445,82.436,82.437,1093.74
1783153680000,82.437,82.483,82.436,82.482,1048.72
1783153740000,82.482,82.482,82.427,82.428,1993.21
1783153800000,82.428,82.435,82.387,82.405,1090.73
1783153860000,82.413,82.483,82.404,82.475,1315.28
1783153920000,82.482,82.5,82.455,82.5,1089.24
1783153980000,82.5,82.549,82.497,82.548,1381.9
1783154040000,82.541,82.57,82.487,82.535,1470.48
1783154100000,82.542,82.626,82.535,82.602,1117.45
1783154160000,82.619,82.66,82.54,82.54,1201.24
1783154220000,82.549,82.605,82.541,82.604,1085.53
1783154280000,82.598,82.622,82.589,82.614,1036.62
1783154340000,82.623,82.659,82.515,82.589,1007.44
1783154400000,82.589,82.595,82.515,82.518,1122.17
1783154460000,82.518,82.519,82.431,82.432,1543.1
1783154520000,82.431,82.456,82.415,82.455,1248.42
1783154580000,82.448,82.456,82.447,82.455,1108.33
1783154640000,82.455,82.455,82.418,82.425,1257.71
1783154700000,82.426,82.46,82.42,82.46,1112.99
1783154760000,82.459,82.512,82.459,82.512,1402.17
1783154820000,82.503,82.511,82.474,82.482,972.69
1783154880000,82.474,82.559,82.474,82.559,1504.28
1783154940000,82.558,82.558,82.502,82.503,1061.28
1783155000000,82.503,82.51,82.459,82.46,1173.19
1783155060000,82.467,82.467,82.341,82.343,1607.09
1783155120000,82.341,82.365,82.317,82.355,1718.21
1783155180000,82.355,82.355,82.3,82.302,1545.31
1783155240000,82.302,82.332,82.287,82.315,2971.99
1783155300000,82.315,82.336,82.255,82.328,2686.64
1783155360000,82.336,82.355,82.265,82.272,1815.98
1783155420000,82.265,82.315,82.226,82.229,3318.83
1783155480000,82.236,82.257,82.224,82.243,2295.18
1783155540000,82.236,82.282,82.235,82.274,1651.34
1783155600000,82.282,82.316,81.844,81.852,14498.66
1783155660000,81.845,81.926,81.845,81.918,1744.22
1783155720000,81.925,81.978,81.918,81.952,1502.11
1783155780000,81.952,81.989,81.951,81.954,2822.05
1783155840000,81.955,81.963,81.841,81.842,2545.52
1783155900000,81.842,81.92,81.815,81.919,1913.88
1783155960000,81.919,81.979,81.9,81.978,3119.29
1783156020000,81.97,82.007,81.97,81.992,5976.64
1783156080000,81.999,82.013,81.977,82.003,1264.8
1783156140000,82.0,82.02,81.995,82.0,1285.14
1783156200000,82.003,82.05,82.0,82.047,1345.8
1783156260000,82.041,82.116,82.04,82.096,2842.3
1783156320000,82.095,82.113,82.087,82.105,1230.32
1783156380000,82.112,82.138,82.064,82.073,1502.51
1783156440000,82.065,82.073,82.064,82.072,1133.54
1783156500000,82.039,82.053,81.964,82.007,1271.67
1783156560000,82.053,82.053,82.004,82.035,1171.54
1783156620000,82.035,82.066,82.027,82.032,1066.35
1783156680000,82.031,82.09,82.031,82.063,1568.44
1783156740000,82.063,82.113,82.055,82.112,4427.37
1783156800000,82.105,82.113,82.104,82.112,1193.02
1783156860000,82.112,82.112,82.064,82.072,1084.12
1783156920000,82.072,82.073,82.04,82.065,1051.76
1783156980000,82.064,82.073,82.004,82.012,2888.06
1783157040000,82.012,82.043,81.998,81.999,1323.06
1783157100000,81.998,82.006,81.957,81.958,1619.66
1783157160000,81.965,82.029,81.957,82.028,1232.15
1783157220000,82.02,82.028,81.985,82.002,1658.64
1783157280000,82.002,82.01,81.907,81.919,3048.44
1783157340000,81.925,81.967,81.919,81.965,1572.1
1783157400000,81.965,81.966,81.897,81.905,1141.11
1783157460000,81.898,81.927,81.831,81.831,1596.67
1783157520000,81.839,81.9,81.831,81.9,1503.04
1783157580000,81.892,81.9,81.863,81.871,1342.82
1783157640000,81.864,81.925,81.863,81.895,955.47
1783157700000,81.896,81.929,81.889,81.921,1109.33
1783157760000,81.929,81.929,81.817,81.831,1192.13
1783157820000,81.838,81.838,81.55,81.6,41942.67
1783157880000,81.61,81.672,81.587,81.645,1613.21
1783157940000,81.639,81.67,81.635,81.638,1785.27
1783158000000,81.645,81.686,81.614,81.686,1359.59
1783158060000,81.686,81.717,81.685,81.716,1291.32
1783158120000,81.716,81.737,81.672,81.672,1446.32
1783158180000,81.679,81.679,81.614,81.615,1253.42
1783158240000,81.604,81.646,81.604,81.639,1442.56
1783158300000,81.646,81.652,81.601,81.645,1519.5
1783158360000,81.644,81.732,81.644,81.724,1585.9
1783158420000,81.731,81.783,81.723,81.769,2295.21
1783158480000,81.768,81.769,81.715,81.715,1835.72
1783158540000,81.722,81.723,81.71,81.714,1143.0
1783158600000,81.711,81.723,81.707,81.714,1221.46
1783158660000,81.714,81.722,81.708,81.715,1649.59
1783158720000,81.715,81.759,81.715,81.734,1206.42
1783158780000,81.734,81.743,81.704,81.724,1845.49
1783158840000,81.731,81.755,81.716,81.748,1681.81
1783158900000,81.756,81.769,81.747,81.761,1195.83
1783158960000,81.761,81.787,81.76,81.786,1352.63
1783159020000,81.778,81.786,81.757,81.764,1932.96
1783159080000,81.772,81.774,81.705,81.705,3538.66
1783159140000,81.705,81.712,81.704,81.711,1113.59
1783159200000,81.711,81.712,81.667,81.699,1381.89
1783159260000,81.7,81.7,81.696,81.697,1174.83
1783159320000,81.7,81.716,81.617,81.642,1801.12
1783159380000,81.642,81.722,81.635,81.715,1249.1
1783159440000,81.715,81.725,81.674,81.724,1159.81
1783159500000,81.718,81.789,81.718,81.773,1290.08
1783159560000,81.772,81.781,81.718,81.718,33065.96
1783159620000,81.721,81.765,81.717,81.765,2005.04
1783159680000,81.765,81.791,81.757,81.782,1865.41
1783159740000,81.782,81.79,81.757,81.765,1072.94
1783159800000,81.765,81.766,81.714,81.714,1127.78
1783159860000,81.714,81.72,81.691,81.712,1733.0
1783159920000,81.711,81.772,81.711,81.765,1511.14
1783159980000,81.765,81.789,81.764,81.764,1347.26
1783160040000,81.772,81.773,81.763,81.763,1061.95
1783160100000,81.763,81.78,81.763,81.764,1169.52
1783160160000,81.763,81.79,81.751,81.769,1416.95
1783160220000,81.769,81.791,81.762,81.785,1207.44
1783160280000,81.791,81.808,81.784,81.798,8856.14
1783160340000,81.798,81.799,81.791,81.798,1176.54
1783160400000,81.799,81.799,81.724,81.752,1143.18
1783160460000,81.752,81.793,81.745,81.785,1215.31
1783160520000,81.792,81.813,81.784,81.813,1035.66
1783160580000,81.805,81.822,81.775,81.775,1111.35
1783160640000,81.781,81.781,81.728,81.751,1028.79
1783160700000,81.758,81.811,81.75,81.804,1063.15
1783160760000,81.81,81.889,81.803,81.845,3279.94
1783160820000,81.846,81.853,81.737,81.745,1168.67
1783160880000,81.744,81.744,81.653,81.662,1491.02
1783160940000,81.654,81.708,81.641,81.707,1308.34
1783161000000,81.707,81.707,81.641,81.65,3111.41
1783161060000,81.651,81.658,81.564,81.599,4713.76
1783161120000,81.594,81.649,81.593,81.649,1233.03
1783161180000,81.649,81.675,81.642,81.655,1052.05
1783161240000,81.655,81.655,81.627,81.628,1106.33
1783161300000,81.628,81.636,81.627,81.627,1065.96
1783161360000,81.627,81.636,81.589,81.621,11058.53
1783161420000,81.621,81.628,81.59,81.598,1171.03
1783161480000,81.598,81.598,81.387,81.444,11092.47
1783161540000,81.444,81.466,81.437,81.461,1762.44
1783161600000,81.454,81.506,81.454,81.497,2088.75
1783161660000,81.497,81.533,81.496,81.532,1378.0
1783161720000,81.526,81.549,81.525,81.549,1172.17
1783161780000,81.539,81.548,81.517,81.528,1025.36
1783161840000,81.529,81.58,81.521,81.58,1387.46
1783161900000,81.579,81.593,81.53,81.531,3482.4
1783161960000,81.541,81.541,81.507,81.534,1018.52
1783162020000,81.527,81.549,81.526,81.547,1255.73
1783162080000,81.547,81.595,81.547,81.588,1292.74
1783162140000,81.588,81.596,81.584,81.584,2544.08
1783162200000,81.585,81.593,81.564,81.589,974.35
1783162260000,81.589,81.599,81.553,81.598,1092.3
1783162320000,81.592,81.626,81.591,81.625,1575.13
1783162380000,81.614,81.625,81.581,81.582,1409.72
1783162440000,81.582,81.654,81.581,81.651,1096.64
1783162500000,81.654,81.68,81.651,81.669,1354.78
1783162560000,81.666,81.74,81.666,81.692,1545.79
1783162620000,81.692,81.699,81.691,81.698,1005.68
1783162680000,81.698,81.724,81.645,81.645,1070.06
1783162740000,81.652,81.652,81.6,81.612,5630.23
1783162800000,81.6,81.6,81.564,81.568,1445.65
1783162860000,81.568,81.572,81.53,81.54,1273.99
1783162920000,81.531,81.575,81.53,81.565,3350.37
1783162980000,81.565,81.573,81.537,81.569,988.72
1783163040000,81.569,81.57,81.534,81.542,1075.09
1783163100000,81.542,81.568,81.517,81.568,2289.45
1783163160000,81.568,81.599,81.56,81.592,1069.1
1783163220000,81.599,81.6,81.554,81.592,1124.05
1783163280000,81.591,81.68,81.591,81.665,2221.21
1783163340000,81.665,81.733,81.665,81.706,1598.55
1783163400000,81.699,81.707,81.661,81.689,1776.61
1783163460000,81.681,81.689,81.632,81.639,1023.99
1783163520000,81.639,81.64,81.591,81.591,1300.47
1783163580000,81.592,81.599,81.591,81.598,1147.84
1783163640000,81.592,81.654,81.592,81.648,1917.46
1783163700000,81.655,81.69,81.639,81.69,1141.02
1783163760000,81.689,81.692,81.647,81.691,2096.27
1783163820000,81.685,81.692,81.624,81.66,1311.08
1783163880000,81.652,81.66,81.634,81.635,1003.1
1783163940000,81.641,81.669,81.634,81.662,1271.9
1783164000000,81.669,81.689,81.661,81.689,1264.72
1783164060000,81.689,81.773,81.682,81.772,1881.28
1783164120000,81.772,81.772,81.721,81.722,1848.11
1783164180000,81.722,81.749,81.706,81.748,1211.23
1783164240000,81.742,81.749,81.698,81.705,1220.25
1783164300000,81.706,81.723,81.691,81.722,1215.94
1783164360000,81.723,81.723,81.697,81.705,1352.82
1783164420000,81.705,81.706,81.677,81.686,1608.92
1783164480000,81.685,81.685,81.66,81.66,1267.24
1783164540000,81.661,81.701,81.63,81.695,1319.7
1783164600000,81.701,81.701,81.687,81.691,1141.98
1783164660000,81.695,81.713,81.668,81.713,1064.99
1783164720000,81.705,81.783,81.705,81.775,1236.1
1783164780000,81.775,81.827,81.775,81.826,1184.25
1783164840000,81.819,81.828,81.801,81.828,1134.55
1783164900000,81.827,81.828,81.808,81.815,1149.11
1783164960000,81.815,81.816,81.808,81.815,1693.57
1783165020000,81.809,81.816,81.808,81.815,940.39
1783165080000,81.809,81.815,81.76,81.779,1357.17
1783165140000,81.786,81.845,81.778,81.844,1065.81
1783165200000,81.844,81.866,81.822,81.842,1556.15
1783165260000,81.849,81.852,81.76,81.76,1365.68
1783165320000,81.722,81.759,81.722,81.758,1061.81
1783165380000,81.751,81.828,81.751,81.821,1037.36
1783165440000,81.821,81.821,81.769,81.819,1114.25
1783165500000,81.812,81.846,81.798,81.798,2295.38
1783165560000,81.805,81.806,81.797,81.797,1107.92
1783165620000,81.797,81.797,81.748,81.782,1937.78
1783165680000,81.781,81.826,81.754,81.809,4752.64
1783165740000,81.815,81.816,81.808,81.815,1117.58
1783165800000,81.815,81.816,81.792,81.792,1118.56
1783165860000,81.792,81.8,81.754,81.755,1067.2
1783165920000,81.762,81.763,81.754,81.762,1020.6
1783165980000,81.755,81.762,81.724,81.755,883.53
1783166040000,81.748,81.795,81.747,81.788,902.31
1783166100000,81.794,81.82,81.787,81.812,1064.08
1783166160000,81.812,81.846,81.812,81.839,1099.63
1783166220000,81.845,81.86,81.839,81.852,2254.93
1783166280000,81.859,81.86,81.822,81.823,1121.56
1783166340000,81.829,81.829,81.781,81.782,1132.38
1783166400000,81.789,81.83,81.766,81.805,1122.65
1783166460000,81.805,81.846,81.805,81.822,1063.94
1783166520000,81.822,81.888,81.815,81.844,1284.74
1783166580000,81.844,81.924,81.837,81.923,1285.23
1783166640000,81.915,81.957,81.842,81.842,1166.32
1783166700000,81.849,81.89,81.842,81.889,1197.37
1783166760000,81.889,81.89,81.841,81.849,1285.03
1783166820000,81.842,81.849,81.774,81.775,1138.12
1783166880000,81.782,81.79,81.74,81.762,1208.33
1783166940000,81.762,81.813,81.761,81.788,1365.0
1783167000000,81.789,81.806,81.781,81.798,1066.28
1783167060000,81.805,81.806,81.797,81.805,1002.79
1783167120000,81.797,81.806,81.797,81.805,1220.3
1783167180000,81.801,81.823,81.8,81.816,1057.84
1783167240000,81.823,81.824,81.8,81.801,1230.69
1783167300000,81.801,81.801,81.731,81.788,1094.4
1783167360000,81.788,81.789,81.746,81.746,1125.73
1783167420000,81.753,81.772,81.741,81.765,1752.07
1783167480000,81.773,81.773,81.721,81.751,2017.91
1783167540000,81.751,81.759,81.727,81.727,1023.5
1783167600000,81.72,81.721,81.623,81.662,1950.18
1783167660000,81.655,81.662,81.621,81.625,1725.21
1783167720000,81.625,81.659,81.621,81.632,1015.97
1783167780000,81.625,81.633,81.604,81.604,2372.18
1783167840000,81.605,81.605,81.564,81.565,3565.72
1783167900000,81.565,81.572,81.521,81.528,1476.19
1783167960000,81.522,81.576,81.522,81.575,1157.37
1783168020000,81.576,81.632,81.567,81.632,1231.71
1783168080000,81.632,81.697,81.625,81.652,2963.18
1783168140000,81.657,81.657,81.625,81.626,1245.28
1783168200000,81.625,81.65,81.564,81.565,1732.93
1783168260000,81.565,81.647,81.565,81.622,1168.98
1783168320000,81.628,81.628,81.515,81.524,1571.76
1783168380000,81.524,81.584,81.523,81.584,1407.36
1783168440000,81.584,81.584,81.539,81.54,1868.38
1783168500000,81.545,81.546,81.466,81.488,3077.93
1783168560000,81.489,81.496,81.28,81.362,7559.64
1783168620000,81.369,81.415,81.359,81.415,1390.16
1783168680000,81.415,81.423,81.37,81.419,1554.17
1783168740000,81.42,81.453,81.411,81.452,1434.26
1783168800000,81.446,81.453,81.395,81.423,2532.41
1783168860000,81.415,81.433,81.395,81.408,2126.9
1783168920000,81.408,81.44,81.401,81.439,1267.62
1783168980000,81.439,81.466,81.432,81.465,1549.7
1783169040000,81.457,81.466,81.457,81.465,1433.74
1783169100000,81.457,81.465,81.431,81.449,1082.08
1783169160000,81.456,81.457,81.372,81.373,866.71
1783169220000,81.38,81.412,81.353,81.405,2691.32
1783169280000,81.412,81.412,81.361,81.362,1992.47
1783169340000,81.363,81.389,81.363,81.388,1128.1
1783169400000,81.388,81.43,81.38,81.429,1096.89
1783169460000,81.422,81.43,81.421,81.429,1169.82
1783169520000,81.429,81.43,81.421,81.429,1134.22
1783169580000,81.429,81.503,81.422,81.495,1232.02
1783169640000,81.495,81.523,81.495,81.522,1702.42
1783169700000,81.522,81.557,81.515,81.548,1131.28
1783169760000,81.549,81.557,81.548,81.557,1215.13
1783169820000,81.556,81.583,81.548,81.572,1593.07
1783169880000,81.582,81.602,81.572,81.595,1540.25
1783169940000,81.595,81.606,81.558,81.567,2471.04
1783170000000,81.566,81.567,81.558,81.566,1136.85
1783170060000,81.566,81.567,81.566,81.566,993.85
1783170120000,81.566,81.616,81.566,81.579,1155.15
1783170180000,81.579,81.626,81.577,81.625,1253.15
1783170240000,81.625,81.636,81.565,81.566,1162.62
1783170300000,81.565,81.573,81.458,81.489,2577.05
1783170360000,81.489,81.529,81.482,81.499,1066.96
1783170420000,81.495,81.502,81.458,81.467,2358.74
1783170480000,81.466,81.489,81.458,81.482,1067.09
1783170540000,81.482,81.529,81.482,81.522,949.72
1783170600000,81.529,81.529,81.521,81.522,1203.5
1783170660000,81.528,81.529,81.464,81.465,1173.31
1783170720000,81.473,81.48,81.447,81.479,1125.76
1783170780000,81.479,81.479,81.451,81.452,1158.13
1783170840000,81.452,81.496,81.451,81.489,1186.48
1783170900000,81.489,81.517,81.488,81.516,1182.58
1783170960000,81.516,81.599,81.508,81.592,1706.0
1783171020000,81.598,81.65,81.592,81.619,2350.99
1783171080000,81.627,81.645,81.617,81.618,1011.1
1783171140000,81.625,81.724,81.617,81.715,1790.15
1783171200000,81.723,81.843,81.626,81.843,1760.07
1783171260000,81.828,81.837,81.691,81.707,1605.55
1783171320000,81.713,81.781,81.652,81.679,2288.12
1783171380000,81.672,81.691,81.615,81.679,1474.58
1783171440000,81.672,81.696,81.656,81.677,1480.25
1783171500000,81.677,81.754,81.67,81.683,1171.21
1783171560000,81.684,81.707,81.676,81.679,2352.11
1783171620000,81.687,81.687,81.615,81.622,1008.6
1783171680000,81.622,81.622,81.589,81.6,1128.38
1783171740000,81.601,81.601,81.574,81.592,1281.95
1783171800000,81.592,81.599,81.487,81.512,1453.38
1783171860000,81.518,81.519,81.452,81.486,1131.57
1783171920000,81.492,81.492,81.424,81.453,1507.77
1783171980000,81.449,81.449,81.401,81.402,1288.41
1783172040000,81.41,81.483,81.401,81.453,1769.92
1783172100000,81.453,81.453,81.378,81.429,16746.84
1783172160000,81.422,81.445,81.421,81.422,7775.53
1783172220000,81.422,81.43,81.382,81.402,1277.3
1783172280000,81.409,81.482,81.401,81.482,1378.13
1783172340000,81.462,81.499,81.431,81.46,1471.64
1783172400000,81.461,81.48,81.453,81.472,1280.27
1783172460000,81.472,81.479,81.358,81.359,1317.66
1783172520000,81.358,81.46,81.358,81.46,1394.8
1783172580000,81.46,81.525,81.459,81.525,1326.74
1783172640000,81.525,81.547,81.483,81.483,1061.38
1783172700000,81.489,81.49,81.424,81.425,1415.32
1783172760000,81.425,81.46,81.424,81.432,1054.48
1783172820000,81.439,81.44,81.381,81.389,1317.6
1783172880000,81.396,81.433,81.389,81.433,1008.07
1783172940000,81.433,81.527,81.431,81.498,1207.06
1783173000000,81.497,81.55,81.495,81.519,1365.71
1783173060000,81.527,81.557,81.518,81.539,1179.23
1783173120000,81.532,81.54,81.511,81.536,1086.07
1783173180000,81.536,81.537,81.491,81.492,1328.77
1783173240000,81.499,81.5,81.478,81.479,1977.69
1783173300000,81.486,81.507,81.479,81.507,1101.63
1783173360000,81.499,81.564,81.498,81.563,2223.74
1783173420000,81.556,81.565,81.555,81.564,3046.35
1783173480000,81.565,81.577,81.564,81.577,1234.5
1783173540000,81.576,81.643,81.565,81.635,1269.18
1783173600000,81.615,81.632,81.594,81.632,1344.98
1783173660000,81.625,81.7,81.621,81.655,1651.57
1783173720000,81.662,81.7,81.654,81.691,1430.17
1783173780000,81.691,81.7,81.665,81.675,1652.46
1783173840000,81.683,81.683,81.665,81.674,1535.91
1783173900000,81.666,81.674,81.665,81.666,1183.23
1783173960000,81.666,81.704,81.666,81.704,1488.57
1783174020000,81.705,81.739,81.689,81.689,1502.51
1783174080000,81.69,81.831,81.627,81.636,4665.66
1783174140000,81.644,81.653,81.635,81.652,2003.58
1783174200000,81.652,81.653,81.645,81.646,955.16
1783174260000,81.652,81.75,81.645,81.749,1545.31
1783174320000,81.749,81.807,81.742,81.762,1764.45
1783174380000,81.769,81.77,81.682,81.721,1165.31
1783174440000,81.716,81.743,81.716,81.742,1193.36
1783174500000,81.743,81.767,81.686,81.765,3667.7
1783174560000,81.765,81.829,81.764,81.802,1354.51
1783174620000,81.803,81.81,81.702,81.719,1255.8
1783174680000,81.727,81.727,81.643,81.669,1435.44
1783174740000,81.757,81.757,81.682,81.683,1089.04
1783174800000,81.683,81.713,81.549,81.557,1333.52
1783174860000,81.556,81.62,81.526,81.55,1428.67
1783174920000,81.55,81.556,81.508,81.542,1468.63
1783174980000,81.542,81.6,81.535,81.576,1318.0
1783175040000,81.576,81.602,81.52,81.567,1103.41
1783175100000,81.566,81.61,81.559,81.575,1657.79
1783175160000,81.582,81.601,81.553,81.585,1368.6
1783175220000,81.584,81.634,81.584,81.626,4516.64
1783175280000,81.619,81.627,81.618,81.619,1101.22
1783175340000,81.626,81.647,81.6,81.639,1437.19
1783175400000,81.646,81.686,81.599,81.649,1068.12
1783175460000,81.648,81.679,81.612,81.619,1017.18
1783175520000,81.619,81.62,81.566,81.596,1525.24
1783175580000,81.589,81.64,81.588,81.633,1073.77
1783175640000,81.633,81.661,81.626,81.633,1032.08
1783175700000,81.633,81.68,81.625,81.678,1499.71
1783175760000,81.678,81.686,81.622,81.669,1088.97
1783175820000,81.669,81.67,81.616,81.617,1008.62
1783175880000,81.617,81.653,81.616,81.645,1153.77
1783175940000,81.652,81.683,81.628,81.683,1016.88
1783176000000,81.676,81.734,81.676,81.733,1021.84
1783176060000,81.726,81.787,81.725,81.757,1082.1
1783176120000,81.756,81.777,81.73,81.753,1501.6
1783176180000,81.753,81.791,81.746,81.79,1123.07
1783176240000,81.791,81.791,81.766,81.773,1097.83
1783176300000,81.773,81.784,81.765,81.776,1380.71
1783176360000,81.776,81.792,81.721,81.759,1099.52
1783176420000,81.752,81.759,81.725,81.739,1362.27
1783176480000,81.738,81.747,81.656,81.663,2790.06
1783176540000,81.656,81.663,81.608,81.663,970.95
1783176600000,81.664,81.689,81.64,81.646,1096.63
1783176660000,81.64,81.678,81.635,81.678,1120.05
1783176720000,81.679,81.679,81.638,81.646,952.86
1783176780000,81.638,81.691,81.638,81.659,1120.82
1783176840000,81.666,81.696,81.642,81.677,1035.17
1783176900000,81.683,81.707,81.659,81.699,1043.29
1783176960000,81.707,81.737,81.698,81.729,1041.72
1783177020000,81.752,81.77,81.719,81.727,1388.0
1783177080000,81.727,81.777,81.72,81.769,1316.15
1783177140000,81.769,81.8,81.769,81.769,1133.12
1783177200000,81.769,81.794,81.762,81.783,1701.53
1783177260000,81.783,81.808,81.773,81.78,1848.76
1783177320000,81.78,81.78,81.723,81.726,1735.34
1783177380000,81.733,81.733,81.691,81.723,1558.89
1783177440000,81.724,81.824,81.716,81.821,3278.96
1783177500000,81.82,81.847,81.792,81.792,1834.43
1783177560000,81.782,81.891,81.779,81.806,1454.5
1783177620000,81.813,81.824,81.775,81.783,1143.63
1783177680000,81.783,81.787,81.758,81.76,1135.01
1783177740000,81.76,82.169,81.76,82.124,10758.07
1783177800000,82.124,82.351,82.088,82.101,30239.24
1783177860000,82.088,82.1,81.966,82.025,7958.55
1783177920000,82.025,82.077,81.98,82.04,8572.74
1783177980000,82.031,82.039,81.872,81.951,2602.23
1783178040000,81.943,82.034,81.942,82.019,1627.28
1783178100000,82.019,82.039,81.931,81.949,2191.75
1783178160000,81.956,82.087,81.949,82.071,1300.33
1783178220000,82.07,82.07,81.958,81.966,1706.06
1783178280000,81.966,81.967,81.915,81.94,1434.51
1783178340000,81.939,82.011,81.939,81.992,1749.8
1783178400000,81.992,81.993,81.934,81.958,6133.59
1783178460000,81.958,82.093,81.95,82.004,14368.3
1783178520000,82.001,82.037,81.955,82.003,2001.82
1783178580000,82.033,82.074,81.968,82.031,4426.9
1783178640000,82.039,82.137,82.032,82.137,1253.83
1783178700000,82.136,82.243,82.112,82.153,2022.8
1783178760000,82.153,82.154,82.072,82.086,1857.59
1783178820000,82.086,82.086,82.002,82.019,6362.19
1783178880000,82.003,82.141,81.961,82.14,1613.32
1783178940000,82.133,82.174,82.116,82.163,1608.81
1783179000000,82.163,82.215,82.102,82.103,1752.04
1783179060000,82.11,82.123,82.051,82.093,2583.81
1783179120000,82.094,82.231,82.067,82.2,1605.39
1783179180000,82.2,82.243,82.172,82.243,1470.62
1783179240000,82.242,82.287,82.209,82.263,8743.9
1783179300000,82.271,82.299,82.235,82.271,1232.9
1783179360000,82.27,82.277,82.193,82.233,3274.16
1783179420000,82.24,82.24,82.045,82.099,3121.23
1783179480000,82.099,82.11,82.054,82.11,4392.84
1783179540000,82.11,82.183,82.071,82.182,1661.95
1783179600000,82.182,82.182,82.128,82.16,1726.39
1783179660000,82.16,82.201,82.124,82.131,1966.71
1783179720000,82.132,82.18,82.122,82.156,1269.37
1783179780000,82.162,82.171,82.122,82.13,1460.09
1783179840000,82.13,82.181,82.122,82.156,1222.98
1783179900000,82.156,82.244,82.136,82.243,3140.11
1783179960000,82.235,82.287,82.235,82.27,1824.52
1783180020000,82.27,82.368,82.262,82.364,4771.2
1783180080000,82.356,82.364,82.289,82.29,2496.75
1783180140000,82.297,82.332,82.266,82.289,2135.99
1783180200000,82.29,82.29,82.186,82.189,1765.45
1783180260000,82.195,82.196,82.135,82.146,6368.0
1783180320000,82.153,82.153,82.055,82.086,2093.16
1783180380000,82.086,82.15,82.078,82.136,4514.74
1783180440000,82.143,82.19,82.136,82.172,1169.38
1783180500000,82.166,82.184,82.136,82.162,2195.01
1783180560000,82.162,82.216,82.154,82.216,1119.24
1783180620000,82.215,82.238,82.156,82.176,1351.39
1783180680000,82.183,82.184,82.152,82.158,1120.47
1783180740000,82.152,82.196,82.152,82.189,1070.47
1783180800000,82.189,82.196,82.071,82.104,1724.14
1783180860000,82.098,82.105,82.052,82.052,1675.75
1783180920000,82.06,82.204,82.053,82.203,1148.08
1783180980000,82.196,82.24,82.185,82.192,2051.36
1783181040000,82.192,82.247,82.155,82.206,1196.92
1783181100000,82.206,82.272,82.2,82.223,1249.36
1783181160000,82.23,82.231,82.115,82.152,1156.66
1783181220000,82.161,82.19,82.082,82.082,1300.45
1783181280000,82.089,82.13,82.078,82.124,1521.78
1783181340000,82.121,82.16,82.052,82.059,1784.09
1783181400000,82.052,82.057,81.983,82.021,6371.77
1783181460000,82.014,82.052,82.011,82.052,1484.77
1783181520000,82.044,82.053,81.948,81.948,1794.08
1783181580000,81.948,81.987,81.937,81.942,3379.33
1783181640000,81.942,82.004,81.941,81.996,1183.19
1783181700000,81.996,82.031,81.991,82.012,5020.88
1783181760000,82.012,82.134,82.012,82.086,1368.02
1783181820000,82.085,82.143,82.078,82.125,1257.39
1783181880000,82.125,82.15,82.092,82.139,7871.98
1783181940000,82.14,82.15,82.131,82.149,1059.26
1783182000000,82.149,82.163,82.116,82.162,1261.87
1783182060000,82.155,82.166,82.135,82.143,1683.77
1783182120000,82.135,82.19,82.135,82.165,4395.46
1783182180000,82.158,82.216,82.158,82.175,2505.66
1783182240000,82.155,82.163,82.065,82.126,2960.83
1783182300000,82.126,82.133,82.052,82.052,1365.66
1783182360000,82.052,82.168,82.052,82.167,1038.01
1783182420000,82.162,82.229,82.162,82.228,1208.45
1783182480000,82.229,82.229,82.2,82.218,2248.68
1783182540000,82.218,82.25,82.188,82.195,1367.32
1783182600000,82.188,82.289,82.188,82.262,1991.46
1783182660000,82.269,82.343,82.261,82.34,3191.16
1783182720000,82.332,82.34,82.268,82.276,1755.61
1783182780000,82.292,82.329,82.285,82.309,1169.25
1783182840000,82.302,82.315,82.277,82.285,898.63
1783182900000,82.286,82.32,82.276,82.276,1161.37
1783182960000,82.276,82.324,82.268,82.323,1557.91
1783183020000,82.315,82.328,82.267,82.292,1725.53
1783183080000,82.292,82.292,82.171,82.192,8077.82
1783183140000,82.199,82.238,82.168,82.238,1098.63
1783183200000,82.232,82.3,82.231,82.298,959.09
1783183260000,82.3,82.3,82.168,82.17,1098.11
1783183320000,82.17,82.19,82.161,82.181,1052.81
1783183380000,82.181,82.181,82.146,82.146,1113.81
1783183440000,82.146,82.202,82.134,82.166,1029.3
1783183500000,82.173,82.185,82.135,82.155,1826.58
1783183560000,82.155,82.156,82.141,82.148,1368.36
1783183620000,82.148,82.173,82.133,82.133,1396.95
1783183680000,82.141,82.162,82.132,82.154,1025.74
1783183740000,82.154,82.261,82.154,82.232,1620.56
1783183800000,82.232,82.261,82.231,82.261,897.09
1783183860000,82.262,82.263,82.206,82.206,1814.77
1783183920000,82.212,82.248,82.189,82.241,1119.9
1783183980000,82.247,82.248,82.217,82.225,1727.47
1783184040000,82.218,82.225,82.171,82.181,1879.09
1783184100000,82.175,82.181,82.158,82.16,1525.2
1783184160000,82.16,82.188,82.158,82.161,1277.75
1783184220000,82.168,82.18,82.134,82.179,1286.88
1783184280000,82.172,82.18,82.171,82.179,1127.32
1783184340000,82.172,82.18,82.171,82.172,1001.07
1783184400000,82.171,82.183,82.074,82.091,2573.11
1783184460000,82.098,82.098,81.843,81.919,8484.33
1783184520000,81.919,81.979,81.887,81.956,3698.75
1783184580000,81.963,82.019,81.956,81.996,1376.53
1783184640000,81.996,82.053,81.978,82.037,1766.68
1783184700000,82.036,82.053,81.948,81.956,1895.41
1783184760000,81.956,81.996,81.948,81.989,1112.97
1783184820000,81.996,82.11,81.989,82.102,5663.56
1783184880000,82.102,82.102,82.055,82.075,1048.28
1783184940000,82.075,82.143,82.074,82.109,1120.43
1783185000000,82.109,82.11,82.042,82.05,1222.71
1783185060000,82.049,82.096,82.043,82.095,1134.18
1783185120000,82.095,82.113,82.078,82.078,2240.04
1783185180000,82.085,82.085,81.995,81.996,2225.42
1783185240000,82.002,82.023,81.987,81.988,1138.8
1783185300000,82.022,82.076,81.966,82.075,1174.11
1783185360000,82.076,82.17,82.049,82.162,1198.32
1783185420000,82.169,82.176,82.081,82.081,3438.51
1783185480000,82.085,82.086,82.031,82.052,981.54
1783185540000,82.052,82.155,82.052,82.118,1052.33
1783185600000,82.119,82.146,82.119,82.138,1065.38
1783185660000,82.144,82.16,82.112,82.16,1308.07
1783185720000,82.157,82.166,82.138,82.146,1036.31
1783185780000,82.146,82.16,82.126,82.126,1027.16
1783185840000,82.126,82.174,82.126,82.166,1323.16
1783185900000,82.173,82.22,82.173,82.219,1426.4
1783185960000,82.212,82.267,82.212,82.258,1508.48
1783186020000,82.258,82.266,82.232,82.24,1040.85
1783186080000,82.232,82.256,82.231,82.24,1388.66
1783186140000,82.24,82.267,82.228,82.249,1671.99
1783186200000,82.241,82.399,82.22,82.358,3400.89
1783186260000,82.351,82.433,82.35,82.419,3088.38
1783186320000,82.419,82.427,82.388,82.398,2668.86
1783186380000,82.399,82.588,82.399,82.415,13504.39
1783186440000,82.415,82.449,82.365,82.369,6530.91
1783186500000,82.376,82.479,82.369,82.416,1384.19
1783186560000,82.402,82.452,82.372,82.399,1448.15
1783186620000,82.399,82.406,82.348,82.399,1871.95
1783186680000,82.399,82.542,82.359,82.535,6006.73
1783186740000,82.536,82.54,82.475,82.476,2494.15
1783186800000,82.476,82.484,82.372,82.401,8560.3
1783186860000,82.402,82.427,82.401,82.419,1329.0
1783186920000,82.419,82.426,82.395,82.396,1148.66
1783186980000,82.396,82.42,82.391,82.4,1820.56
1783187040000,82.399,82.448,82.391,82.448,1295.59
1783187100000,82.448,82.448,82.414,82.443,1168.9
1783187160000,82.435,82.445,82.414,82.415,1101.64
1783187220000,82.414,82.423,82.391,82.412,1340.42
1783187280000,82.419,82.486,82.371,82.473,2325.66
1783187340000,82.472,82.54,82.461,82.519,2180.47
1783187400000,82.519,82.63,82.512,82.594,2207.41
1783187460000,82.601,82.756,82.495,82.574,11991.67
1783187520000,82.582,82.763,82.575,82.756,2576.54
1783187580000,82.763,82.763,82.625,82.665,7205.63
1783187640000,82.658,82.666,82.617,82.649,3534.66
1783187700000,82.649,82.655,82.608,82.609,1200.28
1783187760000,82.609,82.693,82.609,82.65,1514.34
1783187820000,82.65,82.651,82.544,82.544,2286.66
1783187880000,82.553,82.553,82.481,82.498,1501.42
1783187940000,82.505,82.549,82.471,82.475,1993.97
1783188000000,82.481,82.584,82.451,82.462,1834.77
1783188060000,82.455,82.499,82.448,82.492,1206.07
1783188120000,82.499,82.499,82.431,82.431,1248.07
1783188180000,82.431,82.433,82.384,82.415,2763.14
1783188240000,82.422,82.426,82.351,82.386,1264.09
1783188300000,82.379,82.449,82.379,82.442,1371.83
1783188360000,82.442,82.56,82.442,82.497,3836.3
1783188420000,82.497,82.498,82.393,82.412,1383.56
1783188480000,82.412,82.5,82.412,82.462,1214.96
1783188540000,82.454,82.489,82.404,82.412,3163.69
1783188600000,82.412,82.433,82.404,82.432,1186.91
1783188660000,82.433,82.527,82.424,82.479,1055.47
1783188720000,82.486,82.526,82.452,82.502,1198.7
1783188780000,82.509,82.509,82.482,82.483,1128.76
1783188840000,82.483,82.532,82.483,82.525,1138.47
1783188900000,82.519,82.55,82.518,82.532,1184.26
1783188960000,82.525,82.533,82.455,82.462,1185.38
1783189020000,82.462,82.544,82.44,82.519,1033.02
1783189080000,82.513,82.52,82.364,82.364,2485.38
1783189140000,82.372,82.372,82.31,82.316,1783.89
1783189200000,82.322,82.33,82.247,82.248,2094.87
1783189260000,82.249,82.249,82.138,82.146,4075.6
1783189320000,82.146,82.182,82.128,82.143,1272.44
1783189380000,82.151,82.19,82.144,82.184,1982.34
1783189440000,82.183,82.184,82.07,82.137,4579.29
1783189500000,82.146,82.193,82.135,82.193,3657.71
1783189560000,82.192,82.199,82.167,82.191,1085.23
1783189620000,82.198,82.227,82.191,82.226,1179.81
1783189680000,82.219,82.226,82.153,82.212,1239.63
1783189740000,82.213,82.252,82.178,82.252,1218.54
1783189800000,82.245,82.253,82.194,82.212,1112.93
1783189860000,82.212,82.219,82.161,82.166,2057.52
1783189920000,82.167,82.186,82.158,82.16,1354.09
1783189980000,82.163,82.186,82.148,82.181,1043.37
1783190040000,82.181,82.181,82.109,82.123,1351.54
1783190100000,82.117,82.124,82.108,82.116,1322.79
1783190160000,82.116,82.18,82.108,82.164,2138.25
1783190220000,82.171,82.193,82.164,82.193,1077.18
1783190280000,82.185,82.23,82.158,82.166,1563.62
1783190340000,82.159,82.166,82.138,82.158,1447.14
1783190400000,82.158,82.165,82.128,82.152,1618.45
1783190460000,82.158,82.178,82.151,82.171,1067.94
1783190520000,82.17,82.209,82.17,82.209,1703.42
1783190580000,82.209,82.209,82.15,82.189,1474.03
1783190640000,82.197,82.197,82.116,82.116,1031.21
1783190700000,82.116,82.196,82.107,82.189,1571.99
1783190760000,82.195,82.195,82.132,82.16,1156.76
1783190820000,82.152,82.221,82.152,82.213,1341.0
1783190880000,82.22,82.221,82.142,82.142,1159.84
1783190940000,82.142,82.172,82.075,82.162,2516.84
1783191000000,82.155,82.182,82.125,82.161,1798.68
1783191060000,82.155,82.273,82.155,82.241,1668.12
1783191120000,82.235,82.317,82.235,82.289,13011.96
1783191180000,82.289,82.297,82.238,82.274,2622.21
1783191240000,82.281,82.282,82.254,82.262,1159.91
1783191300000,82.262,82.304,82.253,82.285,1969.97
1783191360000,82.278,82.286,82.26,82.261,1397.65
1783191420000,82.268,82.269,82.224,82.232,1177.3
1783191480000,82.233,82.233,82.215,82.216,965.56
1783191540000,82.215,82.216,82.204,82.215,952.43
1783191600000,82.215,82.248,82.204,82.242,1415.98
1783191660000,82.248,82.292,82.242,82.278,1292.22
1783191720000,82.285,82.301,82.268,82.276,1044.25
1783191780000,82.27,82.277,82.269,82.27,1057.86
1783191840000,82.276,82.277,82.251,82.252,1091.96
1783191900000,82.252,82.26,82.184,82.213,1597.46
1783191960000,82.205,82.249,82.164,82.164,1117.48
1783192020000,82.172,82.172,82.124,82.132,1519.82
1783192080000,82.125,82.133,82.037,82.049,2404.26
1783192140000,82.055,82.059,81.996,81.996,2540.72
1783192200000,81.996,81.997,81.825,81.888,38925.17
1783192260000,81.888,81.912,81.887,81.901,2045.96
1783192320000,81.912,81.952,81.867,81.869,1256.9
1783192380000,81.867,81.869,81.686,81.761,3914.17
1783192440000,81.761,81.769,81.731,81.732,1884.17
1783192500000,81.732,81.786,81.731,81.739,3685.21
1783192560000,81.739,81.806,81.739,81.798,2961.68
1783192620000,81.798,81.869,81.798,81.806,2303.5
1783192680000,81.812,81.859,81.805,81.851,1264.13
1783192740000,81.858,81.858,81.775,81.776,1673.94
1783192800000,81.776,81.839,81.775,81.832,1365.27
1783192860000,81.838,81.896,81.832,81.886,1523.61
1783192920000,81.896,81.92,81.886,81.9,1500.07
1783192980000,81.892,81.902,81.856,81.879,1115.33
1783193040000,81.886,81.887,81.878,81.879,1017.26
1783193100000,81.885,81.886,81.878,81.885,1025.18
1783193160000,81.879,81.885,81.84,81.841,2534.78
1783193220000,81.84,81.87,81.801,81.869,1029.56
1783193280000,81.87,81.879,81.821,81.839,1150.44
1783193340000,81.846,81.847,81.838,81.846,983.61
1783193400000,81.839,81.846,81.736,81.788,1111.17
1783193460000,81.788,81.829,81.781,81.822,1591.46
1783193520000,81.821,81.829,81.804,81.829,1118.45
1783193580000,81.829,81.883,81.822,81.872,1183.11
1783193640000,81.865,81.959,81.865,81.935,1460.09
1783193700000,81.935,81.987,81.881,81.881,2870.93
1783193760000,81.882,81.899,81.851,81.852,1059.83
1783193820000,81.852,81.86,81.814,81.828,1366.76
1783193880000,81.835,81.867,81.835,81.865,1220.16
1783193940000,81.858,81.866,81.857,81.857,1039.83
1783194000000,81.857,81.866,81.857,81.866,1108.22
1783194060000,81.865,81.902,81.865,81.878,1204.64
1783194120000,81.878,81.949,81.871,81.948,923.91
1783194180000,81.941,81.985,81.921,81.984,1229.49
1783194240000,81.978,81.985,81.958,81.965,1026.25
1783194300000,81.966,81.966,81.887,81.887,1009.11
1783194360000,81.892,81.892,81.848,81.849,1101.64
1783194420000,81.856,81.914,81.811,81.889,1002.49
1783194480000,81.889,81.895,81.857,81.871,1010.22
1783194540000,81.877,81.902,81.828,81.835,1201.68
1783194600000,81.829,81.845,81.8,81.845,1894.52
1783194660000,81.845,81.845,81.82,81.828,947.21
1783194720000,81.828,81.849,81.798,81.806,1073.98
1783194780000,81.799,81.807,81.788,81.789,1448.89
1783194840000,81.789,81.795,81.701,81.705,2058.99
1783194900000,81.7,81.779,81.7,81.772,1385.89
1783194960000,81.778,81.806,81.772,81.805,1054.57
1783195020000,81.797,81.856,81.797,81.849,1157.52
1783195080000,81.849,81.869,81.839,81.846,1010.01
1783195140000,81.846,81.846,81.838,81.838,1190.83
1783195200000,81.845,81.845,81.749,81.795,1297.18
1783195260000,81.788,81.886,81.787,81.886,1426.81
1783195320000,81.885,81.919,81.861,81.869,1164.61
1783195380000,81.862,81.87,81.838,81.845,1021.15
1783195440000,81.845,81.846,81.807,81.837,1079.73
1783195500000,81.859,81.866,81.829,81.835,1054.48
1783195560000,81.835,81.854,81.781,81.792,1105.09
1783195620000,81.792,81.846,81.781,81.837,944.02
1783195680000,81.837,81.868,81.827,81.828,1124.61
1783195740000,81.835,81.836,81.827,81.828,1136.95
1783195800000,81.828,81.828,81.798,81.819,1020.58
1783195860000,81.819,81.886,81.819,81.859,957.43
1783195920000,81.859,81.893,81.845,81.872,2359.32
1783195980000,81.865,81.893,81.865,81.869,1032.98
1783196040000,81.875,81.876,81.868,81.869,1173.28
1783196100000,81.875,81.886,81.834,81.885,1367.07
1783196160000,81.885,81.952,81.877,81.952,1148.92
1783196220000,81.904,81.912,81.861,81.862,1001.58
1783196280000,81.862,81.868,81.571,81.584,7003.57
1783196340000,81.576,81.628,81.55,81.627,3099.0
1783196400000,81.621,81.628,81.557,81.576,1685.36
1783196460000,81.569,81.577,81.544,81.568,1566.86
1783196520000,81.569,81.582,81.528,81.556,2119.62
1783196580000,81.555,81.589,81.549,81.588,1139.6
1783196640000,81.583,81.588,81.541,81.588,1259.06
1783196700000,81.581,81.614,81.581,81.598,1058.18
1783196760000,81.598,81.599,81.551,81.598,1108.55
1783196820000,81.598,81.599,81.591,81.598,1032.78
1783196880000,81.598,81.628,81.565,81.621,1068.56
1783196940000,81.621,81.687,81.615,81.679,2084.6
1783197000000,81.686,81.732,81.678,81.722,2690.06
1783197060000,81.722,81.783,81.722,81.776,1272.46
1783197120000,81.775,81.799,81.757,81.798,2320.58
1783197180000,81.798,81.812,81.788,81.795,1348.23
1783197240000,81.795,81.816,81.788,81.81,2564.46
1783197300000,81.815,81.892,81.808,81.891,1246.49
1783197360000,81.892,81.9,81.852,81.88,2149.03
1783197420000,81.88,81.887,81.86,81.886,1157.68
1783197480000,81.886,81.93,81.879,81.908,1755.08
1783197540000,81.902,81.909,81.898,81.905,1431.85
1783197600000,81.905,81.963,81.898,81.952,973.4
1783197660000,81.962,81.98,81.909,81.953,1584.93
1783197720000,81.945,81.956,81.931,81.938,1339.4
1783197780000,81.938,81.993,81.93,81.982,1141.14
1783197840000,81.992,82.046,81.981,82.045,2579.79
1783197900000,82.038,82.11,82.005,82.005,2771.68
1783197960000,82.0,82.031,81.992,82.005,1279.81
1783198020000,82.012,82.013,81.974,81.975,1818.91
1783198080000,81.975,81.986,81.961,81.984,1177.42
1783198140000,81.984,81.984,81.977,81.978,1101.91
1783198200000,81.978,82.013,81.977,82.012,1239.82
1783198260000,82.006,82.013,81.947,81.947,1415.46
1783198320000,81.948,81.956,81.935,81.936,1813.47
1783198380000,81.935,81.943,81.881,81.902,1521.68
1783198440000,81.909,81.938,81.901,81.938,1197.0
1783198500000,81.938,81.948,81.92,81.932,2654.35
1783198560000,81.932,81.94,81.905,81.922,1138.7
1783198620000,81.929,81.946,81.922,81.945,999.02
1783198680000,81.939,81.946,81.921,81.922,1348.92
1783198740000,81.922,81.929,81.921,81.922,987.37
1783198800000,81.929,81.95,81.838,81.838,1072.03
1783198860000,81.845,81.846,81.807,81.808,1481.58
1783198920000,81.808,81.859,81.79,81.858,1165.33
1783198980000,81.852,81.903,81.851,81.896,1726.4
1783199040000,81.896,81.92,81.886,81.886,1046.63
1783199100000,81.918,81.919,81.91,81.911,984.31
1783199160000,81.911,81.918,81.884,81.892,1257.41
1783199220000,81.893,81.893,81.884,81.885,956.05
1783199280000,81.909,81.91,81.895,81.902,1181.25
1783199340000,81.894,81.902,81.853,81.854,1049.56
1783199400000,81.854,81.861,81.854,81.854,883.7
1783199460000,81.854,81.933,81.853,81.933,1032.09
1783199520000,81.934,81.962,81.925,81.941,1364.09
1783199580000,81.976,81.979,81.935,81.948,969.93
1783199640000,81.955,81.956,81.945,81.952,1182.15
1783199700000,81.952,82.0,81.952,82.0,1562.73
1783199760000,81.999,82.009,81.98,81.981,1100.75
1783199820000,81.981,81.989,81.98,81.989,1307.07
1783199880000,81.989,81.989,81.953,81.968,1188.96
1783199940000,81.975,82.022,81.967,82.021,992.67
1783200000000,82.018,82.062,82.018,82.053,1785.72
1783200060000,82.061,82.083,82.04,82.068,1462.15
1783200120000,82.068,82.093,82.06,82.086,1280.96
1783200180000,82.086,82.094,82.052,82.068,952.74
1783200240000,82.067,82.096,82.061,82.068,1140.6
1783200300000,82.068,82.069,82.014,82.015,1132.51
1783200360000,82.021,82.022,81.98,82.002,1414.48
1783200420000,82.002,82.058,82.002,82.041,2105.7
1783200480000,82.049,82.063,82.041,82.054,1680.68
1783200540000,82.055,82.063,82.054,82.062,1321.21
1783200600000,82.063,82.089,82.051,82.088,1916.24
1783200660000,82.081,82.186,82.08,82.178,2003.88
1783200720000,82.178,82.185,82.131,82.138,1183.07
1783200780000,82.131,82.139,82.08,82.081,1359.75
1783200840000,82.08,82.081,82.041,82.042,1677.85
1783200900000,82.042,82.048,82.02,82.028,1046.57
1783200960000,82.021,82.069,82.02,82.061,1167.18
1783201020000,82.068,82.069,82.06,82.061,1583.23
1783201080000,82.06,82.072,82.04,82.064,1118.15
1783201140000,82.064,82.071,82.063,82.071,1029.96
1783201200000,82.064,82.073,82.038,82.065,1043.34
1783201260000,82.073,82.073,81.952,81.953,1114.07
1783201320000,81.96,81.973,81.948,81.972,1004.39
1783201380000,81.965,81.973,81.948,81.956,894.38
1783201440000,81.955,81.982,81.921,81.981,4375.03
1783201500000,81.974,81.981,81.951,81.952,948.9
1783201560000,81.952,81.96,81.951,81.952,969.79
1783201620000,81.952,81.959,81.951,81.952,1012.83
1783201680000,81.952,81.959,81.944,81.956,1891.18
1783201740000,81.956,81.959,81.9,81.9,1011.65
1783201800000,81.9,81.934,81.886,81.913,1157.43
1783201860000,81.913,81.928,81.905,81.928,1162.62
1783201920000,81.928,81.986,81.921,81.921,1093.93
1783201980000,81.921,81.965,81.921,81.959,968.24
1783202040000,81.959,81.966,81.921,81.921,995.01
1783202100000,81.929,81.963,81.921,81.962,1030.46
1783202160000,81.954,81.976,81.954,81.975,1479.19
1783202220000,81.975,81.993,81.967,81.985,1064.84
1783202280000,81.985,81.993,81.955,81.955,1050.83
1783202340000,81.954,81.962,81.91,81.958,1156.26
1783202400000,81.958,81.99,81.926,81.972,1517.17
1783202460000,81.972,81.98,81.954,81.955,986.77
1783202520000,81.962,81.962,81.892,81.951,1390.44
1783202580000,81.959,81.959,81.911,81.918,1174.65
1783202640000,81.918,81.918,81.846,81.891,1077.11
1783202700000,81.918,81.919,81.845,81.902,1785.18
1783202760000,81.909,81.926,81.861,81.862,1165.35
1783202820000,81.862,81.885,81.857,81.885,1196.43
1783202880000,81.868,81.869,81.861,81.862,979.42
1783202940000,81.861,81.899,81.861,81.888,2238.48
1783203000000,81.918,81.918,81.793,81.794,1190.25
1783203060000,81.801,81.819,81.761,81.801,2843.08
1783203120000,81.801,81.829,81.8,81.821,1116.83
1783203180000,81.821,81.885,81.82,81.885,1072.32
1783203240000,81.885,81.888,81.844,81.869,1032.68
1783203300000,81.869,81.901,81.852,81.852,1313.72
1783203360000,81.852,81.859,81.851,81.852,966.35
1783203420000,81.851,81.95,81.851,81.942,910.45
1783203480000,81.942,81.956,81.913,81.938,5571.73
1783203540000,81.938,81.939,81.911,81.912,956.2
1783203600000,81.912,81.919,81.862,81.869,1059.16
1783203660000,81.842,81.849,81.821,81.842,1049.3
1783203720000,81.849,81.849,81.82,81.82,1039.95
1783203780000,81.82,81.821,81.784,81.792,1354.05
1783203840000,81.793,81.793,81.784,81.785,1078.2
1783203900000,81.792,81.793,81.784,81.785,1123.69
1783203960000,81.784,81.793,81.784,81.792,982.49
1783204020000,81.792,81.793,81.767,81.775,1192.71
1783204080000,81.775,81.776,81.767,81.769,1029.68
1783204140000,81.767,81.785,81.753,81.785,1944.0
1783204200000,81.778,81.813,81.778,81.804,1293.85
1783204260000,81.804,81.812,81.803,81.811,1031.16
1783204320000,81.804,81.815,81.786,81.814,1142.69
1783204380000,81.814,81.849,81.814,81.84,972.54
1783204440000,81.84,81.849,81.785,81.785,1453.75
1783204500000,81.785,81.828,81.765,81.828,959.47
1783204560000,81.828,81.842,81.812,81.835,1529.55
1783204620000,81.835,81.862,81.835,81.861,1051.04
1783204680000,81.854,81.862,81.822,81.848,1120.2
1783204740000,81.848,81.849,81.811,81.818,956.27
1783204800000,81.811,81.836,81.811,81.828,1048.58
1783204860000,81.835,81.868,81.827,81.861,1096.07
1783204920000,81.869,81.869,81.824,81.831,1198.7
1783204980000,81.825,81.832,81.8,81.801,1089.41
1783205040000,81.801,81.825,81.8,81.802,1024.14
1783205100000,81.802,81.828,81.801,81.821,998.17
1783205160000,81.828,81.828,81.753,81.767,1117.26
1783205220000,81.759,81.779,81.751,81.771,1269.37
1783205280000,81.794,81.855,81.788,81.848,1042.85
1783205340000,81.848,81.855,81.759,81.805,1351.08
1783205400000,81.805,81.812,81.756,81.762,1165.21
1783205460000,81.762,81.805,81.762,81.805,1234.97
1783205520000,81.805,81.839,81.782,81.835,1053.0
1783205580000,81.839,81.843,81.82,81.821,1133.99
1783205640000,81.828,81.869,81.82,81.828,1670.78
1783205700000,81.828,81.828,81.82,81.821,988.81
1783205760000,81.82,81.828,81.82,81.82,1003.67
1783205820000,81.821,81.829,81.82,81.821,980.52
1783205880000,81.828,81.829,81.82,81.828,1178.5
1783205940000,81.821,81.875,81.821,81.875,1014.68
1783206000000,81.886,81.899,81.791,81.792,1453.63
1783206060000,81.799,81.799,81.765,81.765,1249.39
1783206120000,81.765,81.766,81.717,81.737,2520.36
1783206180000,81.731,81.785,81.73,81.768,1662.23
1783206240000,81.761,81.786,81.743,81.778,1255.68
1783206300000,81.785,81.786,81.733,81.734,1230.9
1783206360000,81.734,81.786,81.734,81.785,1465.73
1783206420000,81.778,81.829,81.777,81.828,1210.4
1783206480000,81.828,81.835,81.804,81.834,1077.0
1783206540000,81.826,81.859,81.826,81.851,1143.15
1783206600000,81.858,81.858,81.804,81.805,961.5
1783206660000,81.811,81.811,81.761,81.784,1333.65
1783206720000,81.784,81.821,81.764,81.765,1343.78
1783206780000,81.765,81.772,81.71,81.71,1035.5
1783206840000,81.71,81.714,81.479,81.512,5193.67
1783206900000,81.512,81.512,81.411,81.445,2037.99
1783206960000,81.446,81.503,81.4,81.495,1770.13
1783207020000,81.502,81.562,81.476,81.561,2048.66
1783207080000,81.554,81.599,81.553,81.575,1609.19
1783207140000,81.582,81.582,81.534,81.578,1849.69
1783207200000,81.578,81.619,81.57,81.612,1193.72
1783207260000,81.612,81.672,81.6,81.635,1248.59
1783207320000,81.635,81.67,81.635,81.662,1292.72
1783207380000,81.669,81.692,81.654,81.661,1605.59
1783207440000,81.661,81.682,81.653,81.674,1146.64
1783207500000,81.681,81.689,81.674,81.689,4001.01
1783207560000,81.688,81.696,81.68,81.689,1104.02
1783207620000,81.681,81.689,81.68,81.681,1181.84
1783207680000,81.688,81.688,81.641,81.642,1000.03
1783207740000,81.649,81.649,81.641,81.642,1092.39
1783207800000,81.648,81.739,81.642,81.698,1044.92
1783207860000,81.692,81.748,81.692,81.748,1336.42
1783207920000,81.741,81.789,81.74,81.77,1150.35
1783207980000,81.77,81.771,81.731,81.737,1017.77
1783208040000,81.743,81.743,81.708,81.734,948.49
1783208100000,81.733,81.764,81.733,81.738,1221.43
1783208160000,81.737,81.744,81.737,81.738,975.75
1783208220000,81.744,81.744,81.726,81.734,1342.5
1783208280000,81.734,81.765,81.707,81.715,1894.68
1783208340000,81.708,81.715,81.68,81.682,960.08
1783208400000,81.68,81.699,81.68,81.698,1034.04
1783208460000,81.692,81.745,81.691,81.745,1127.82
1783208520000,81.745,81.745,81.707,81.714,1054.77
1783208580000,81.708,81.795,81.707,81.794,1098.8
1783208640000,81.767,81.792,81.737,81.748,1073.68
1783208700000,81.741,81.812,81.741,81.765,1238.27
1783208760000,81.765,81.766,81.757,81.765,1202.03
1783208820000,81.766,81.766,81.676,81.684,3255.4
1783208880000,81.684,81.685,81.657,81.657,1069.02
1783208940000,81.657,81.704,81.656,81.704,1271.76
1783209000000,81.697,81.715,81.663,81.671,1807.14
1783209060000,81.671,81.671,81.611,81.612,1328.84
1783209120000,81.618,81.619,81.593,81.618,1039.06
1783209180000,81.612,81.639,81.612,81.628,1415.04
1783209240000,81.621,81.76,81.62,81.76,1099.28
1783209300000,81.765,81.775,81.681,81.684,1228.34
1783209360000,81.681,81.684,81.657,81.674,1252.75
1783209420000,81.674,81.675,81.648,81.648,1185.93
1783209480000,81.648,81.692,81.647,81.686,1631.28
1783209540000,81.686,81.745,81.685,81.745,1067.42
1783209600000,81.738,81.76,81.691,81.698,1059.42
1783209660000,81.691,81.698,81.514,81.548,1322.88
1783209720000,81.548,81.592,81.525,81.592,933.94
1783209780000,81.585,81.606,81.585,81.605,2028.53
1783209840000,81.597,81.616,81.569,81.576,1276.58
1783209900000,81.575,81.606,81.568,81.579,1181.47
1783209960000,81.585,81.606,81.563,81.563,918.84
1783210020000,81.571,81.62,81.563,81.58,924.89
1783210080000,81.573,81.58,81.484,81.485,4166.26
1783210140000,81.491,81.492,81.484,81.491,1059.73
1783210200000,81.485,81.536,81.484,81.524,1854.29
1783210260000,81.525,81.533,81.503,81.504,1061.2
1783210320000,81.511,81.512,81.471,81.472,1324.14
1783210380000,81.472,81.548,81.472,81.548,1399.42
1783210440000,81.548,81.578,81.541,81.578,1374.15
1783210500000,81.578,81.578,81.498,81.559,1268.24
1783210560000,81.558,81.559,81.55,81.551,1160.04
1783210620000,81.551,81.579,81.527,81.578,1354.04
1783210680000,81.578,81.578,81.492,81.512,1305.65
1783210740000,81.512,81.568,81.481,81.488,1006.97
1783210800000,81.482,81.488,81.45,81.45,1049.96
1783210860000,81.443,81.444,81.358,81.365,1790.64
1783210920000,81.365,81.365,81.263,81.324,4378.01
1783210980000,81.331,81.38,81.323,81.354,1380.59
1783211040000,81.362,81.386,81.274,81.298,1377.2
1783211100000,81.304,81.34,81.297,81.314,2188.97
1783211160000,81.314,81.349,81.313,81.348,1345.93
1783211220000,81.342,81.349,81.341,81.348,965.92
1783211280000,81.342,81.366,81.281,81.282,1688.17
1783211340000,81.297,81.399,81.297,81.39,1303.36
1783211400000,81.398,81.398,81.285,81.304,1566.91
1783211460000,81.304,81.304,81.176,81.187,5467.33
1783211520000,81.194,81.222,81.101,81.158,1708.69
1783211580000,81.158,81.179,81.135,81.141,1559.02
1783211640000,81.119,81.155,81.119,81.146,1308.7
1783211700000,81.141,81.222,81.11,81.158,1283.86
1783211760000,81.158,81.214,81.158,81.191,2704.2
1783211820000,81.19,81.199,81.167,81.194,1273.48
1783211880000,81.194,81.259,81.193,81.238,1181.22
1783211940000,81.238,81.333,81.238,81.322,1119.19
1783212000000,81.331,81.376,81.318,81.375,1585.72
1783212060000,81.376,81.39,81.365,81.372,1123.89
1783212120000,81.365,81.395,81.364,81.368,1014.61
1783212180000,81.375,81.415,81.368,81.411,1622.17
1783212240000,81.411,81.412,81.337,81.345,1501.79
1783212300000,81.345,81.394,81.337,81.374,1152.48
1783212360000,81.374,81.375,81.348,81.367,1243.05
1783212420000,81.367,81.375,81.277,81.287,1429.1
1783212480000,81.281,81.303,81.213,81.271,1294.5
1783212540000,81.271,81.272,81.263,81.264,1069.79
1783212600000,81.271,81.291,81.248,81.278,1049.61
1783212660000,81.278,81.296,81.27,81.289,1128.58
1783212720000,81.289,81.296,81.288,81.295,1181.75
1783212780000,81.289,81.315,81.288,81.314,1037.0
1783212840000,81.314,81.314,81.22,81.228,1234.58
1783212900000,81.228,81.228,81.13,81.148,1578.99
1783212960000,81.154,81.155,81.104,81.131,1577.83
1783213020000,81.124,81.146,81.102,81.137,967.44
1783213080000,81.139,81.225,81.137,81.224,1395.55
1783213140000,81.218,81.271,81.217,81.27,1139.59
1783213200000,81.264,81.317,81.263,81.315,1202.12
1783213260000,81.318,81.322,81.287,81.321,1280.74
1783213320000,81.315,81.416,81.315,81.378,10597.77
1783213380000,81.384,81.385,81.361,81.368,1054.34
1783213440000,81.368,81.394,81.25,81.25,1161.44
1783213500000,81.251,81.251,81.176,81.177,1176.66
1783213560000,81.177,81.342,81.176,81.301,1087.03
1783213620000,81.301,81.312,81.264,81.271,1104.14
1783213680000,81.271,81.271,81.206,81.228,1059.67
1783213740000,81.235,81.235,81.21,81.21,1093.19
1783213800000,81.21,81.255,81.173,81.255,1470.22
1783213860000,81.254,81.255,81.182,81.182,1204.27
1783213920000,81.189,81.189,81.181,81.189,1046.4
1783213980000,81.188,81.272,81.168,81.192,1492.48
1783214040000,81.192,81.193,81.15,81.15,1230.52
1783214100000,81.151,81.169,81.15,81.164,1662.9
1783214160000,81.158,81.165,81.059,81.071,2477.38
1783214220000,81.072,81.081,80.88,80.885,38958.06
1783214280000,80.885,80.892,80.722,80.778,5309.35
1783214340000,80.771,80.779,80.7,80.73,1642.12
1783214400000,80.738,80.856,80.731,80.848,1779.28
1783214460000,80.848,80.862,80.767,80.795,2168.33
1783214520000,80.788,80.795,80.77,80.771,1500.1
1783214580000,80.778,80.814,80.744,80.814,1817.18
1783214640000,80.807,80.902,80.806,80.901,2510.38
1783214700000,80.894,80.919,80.874,80.912,1132.77
1783214760000,80.912,80.982,80.912,80.982,2065.44
1783214820000,80.981,81.049,80.922,80.991,2452.07
1783214880000,80.999,81.046,80.991,81.025,1075.68
1783214940000,81.025,81.045,81.011,81.019,2122.22
1783215000000,81.012,81.012,80.84,80.841,3011.4
1783215060000,80.852,80.852,80.678,80.761,20780.63
1783215120000,80.761,80.836,80.737,80.737,1349.79
1783215180000,80.745,80.745,80.522,80.655,5003.42
1783215240000,80.655,80.706,80.645,80.695,1358.44
1783215300000,80.695,80.799,80.688,80.785,2054.75
1783215360000,80.778,80.786,80.717,80.738,1093.85
1783215420000,80.745,80.746,80.737,80.738,1047.27
1783215480000,80.746,80.766,80.734,80.735,1320.3
1783215540000,80.735,80.8,80.734,80.792,1749.16
1783215600000,80.816,80.816,80.767,80.796,1114.84
1783215660000,80.803,80.843,80.796,80.842,1242.11
1783215720000,80.843,80.843,80.832,80.833,1083.08
1783215780000,80.842,80.865,80.832,80.864,1192.94
1783215840000,80.865,80.865,80.797,80.805,1276.49
1783215900000,80.805,80.864,80.797,80.858,1116.29
1783215960000,80.858,80.91,80.831,80.862,1257.43
1783216020000,80.862,80.863,80.767,80.768,1348.67
1783216080000,80.767,80.799,80.767,80.791,1228.04
1783216140000,80.798,80.799,80.718,80.738,1501.12
1783216200000,80.745,80.806,80.738,80.798,1839.5
1783216260000,80.806,80.834,80.798,80.828,975.18
1783216320000,80.828,80.834,80.784,80.805,1063.95
1783216380000,80.825,80.825,80.79,80.791,1142.93
1783216440000,80.791,80.825,80.735,80.742,1041.94
1783216500000,80.742,80.746,80.717,80.745,1144.09
1783216560000,80.739,80.766,80.735,80.755,1156.31
1783216620000,80.755,80.795,80.738,80.739,1212.1
1783216680000,80.746,80.792,80.739,80.792,1713.42
1783216740000,80.791,80.826,80.784,80.825,1273.39
1783216800000,80.818,80.851,80.764,80.818,1438.16
1783216860000,80.824,80.842,80.724,80.725,941.35
1783216920000,80.736,80.736,80.67,80.679,1702.73
1783216980000,80.679,80.683,80.644,80.672,1073.38
1783217040000,80.672,80.673,80.628,80.628,1009.7
1783217100000,80.628,80.646,80.622,80.645,1829.76
1783217160000,80.638,80.663,80.637,80.638,1201.99
1783217220000,80.637,80.646,80.577,80.612,2806.19
1783217280000,80.612,80.634,80.543,80.574,1068.34
1783217340000,80.574,80.595,80.54,80.54,1550.15
1783217400000,80.54,80.576,80.53,80.555,1650.75
1783217460000,80.562,80.562,80.48,80.49,3016.34
1783217520000,80.489,80.516,80.466,80.467,1588.81
1783217580000,80.466,80.541,80.431,80.432,2269.37
1783217640000,80.439,80.516,80.432,80.505,9051.16
1783217700000,80.505,80.513,80.418,80.418,1753.84
1783217760000,80.425,80.49,80.384,80.445,6681.12
1783217820000,80.444,80.476,80.393,80.446,1440.31
1783217880000,80.445,80.585,80.397,80.579,2038.93
1783217940000,80.579,80.609,80.561,80.602,1138.56
1783218000000,80.602,80.653,80.602,80.628,1817.02
1783218060000,80.635,80.635,80.601,80.602,1161.05
1783218120000,80.602,80.627,80.602,80.619,973.35
1783218180000,80.619,80.627,80.427,80.427,1732.41
1783218240000,80.428,80.436,80.411,80.412,1570.29
1783218300000,80.419,80.5,80.411,80.5,1466.56
1783218360000,80.502,80.503,80.415,80.424,1262.9
1783218420000,80.424,80.436,80.4,80.428,1302.13
1783218480000,80.436,80.495,80.427,80.428,1548.18
1783218540000,80.435,80.516,80.427,80.508,1454.92
1783218600000,80.508,80.516,80.477,80.477,1764.38
1783218660000,80.485,80.491,80.44,80.491,1139.49
1783218720000,80.491,80.554,80.484,80.554,4722.77
1783218780000,80.552,80.621,80.544,80.595,1305.31
1783218840000,80.602,80.616,80.537,80.555,1279.79
1783218900000,80.561,80.615,80.553,80.554,2886.06
1783218960000,80.553,80.562,80.537,80.544,1084.56
1783219020000,80.537,80.562,80.531,80.551,1943.46
1783219080000,80.544,80.552,80.418,80.442,1427.26
1783219140000,80.442,80.461,80.428,80.449,1121.8
1783219200000,80.449,80.466,80.441,80.465,1469.77
1783219260000,80.465,80.486,80.458,80.485,2507.88
1783219320000,80.478,80.486,80.342,80.382,1519.9
1783219380000,80.375,80.383,80.21,80.268,4946.71
1783219440000,80.268,80.326,80.222,80.228,1033.07
1783219500000,80.222,80.351,80.193,80.351,6205.64
1783219560000,80.351,80.351,80.275,80.331,1045.17
1783219620000,80.331,80.338,80.247,80.277,2663.97
1783219680000,80.285,80.285,80.205,80.235,1907.14
1783219740000,80.229,80.253,80.21,80.238,5306.08
1783219800000,80.239,80.262,80.194,80.262,996.31
1783219860000,80.262,80.287,80.234,80.272,920.8
1783219920000,80.272,80.273,80.198,80.214,2801.33
1783219980000,80.214,80.214,80.174,80.198,1666.3
1783220040000,80.198,80.216,80.183,80.215,1158.89
1783220100000,80.208,80.25,80.207,80.241,1149.77
1783220160000,80.241,80.265,80.22,80.265,1099.66
1783220220000,80.264,80.283,80.25,80.263,1680.48
1783220280000,80.261,80.346,80.26,80.346,2871.45
1783220340000,80.345,80.359,80.315,80.32,2237.95
1783220400000,80.32,80.371,80.319,80.37,3148.73
1783220460000,80.369,80.414,80.369,80.392,1100.99
1783220520000,80.392,80.415,80.38,80.412,1518.59
1783220580000,80.414,80.442,80.408,80.412,1843.45
1783220640000,80.421,80.486,80.413,80.475,4145.85
1783220700000,80.486,80.486,80.441,80.478,2649.22
1783220760000,80.485,80.492,80.477,80.491,968.98
1783220820000,80.491,80.492,80.477,80.482,2592.08
1783220880000,80.489,80.529,80.48,80.529,3138.77
1783220940000,80.528,80.543,80.514,80.534,1738.54
1783221000000,80.529,80.539,80.502,80.502,1167.62
1783221060000,80.506,80.536,80.498,80.515,2128.99
1783221120000,80.515,80.522,80.514,80.521,964.21
1783221180000,80.515,80.54,80.514,80.54,1050.8
1783221240000,80.54,80.56,80.529,80.539,3650.93
1783221300000,80.539,80.563,80.538,80.562,1087.7
1783221360000,80.56,80.562,80.52,80.528,1112.52
1783221420000,80.528,80.53,80.503,80.515,1796.08
1783221480000,80.515,80.532,80.499,80.525,1054.27
1783221540000,80.525,80.533,80.501,80.508,1211.98
1783221600000,80.502,80.508,80.454,80.475,1603.76
1783221660000,80.481,80.481,80.415,80.431,1622.32
1783221720000,80.431,80.438,80.381,80.405,1425.6
1783221780000,80.399,80.409,80.372,80.4,912.66
1783221840000,80.4,80.511,80.393,80.508,1326.76
1783221900000,80.508,80.511,80.435,80.458,1297.0
1783221960000,80.452,80.458,80.359,80.422,1029.34
1783222020000,80.422,80.428,80.396,80.398,1105.65
1783222080000,80.398,80.406,80.361,80.361,916.58
1783222140000,80.368,80.368,80.311,80.341,1660.3
1783222200000,80.341,80.406,80.34,80.405,1426.0
1783222260000,80.405,80.406,80.405,80.406,1488.43
1783222320000,80.406,80.459,80.368,80.376,1052.38
1783222380000,80.375,80.399,80.352,80.378,1662.44
1783222440000,80.378,80.4,80.354,80.4,1110.55
1783222500000,80.398,80.429,80.381,80.428,1020.67
1783222560000,80.428,80.429,80.421,80.428,1118.97
1783222620000,80.422,80.45,80.38,80.442,1144.46
1783222680000,80.442,80.495,80.442,80.478,1368.35
1783222740000,80.478,80.509,80.478,80.5,1113.97
1783222800000,80.508,80.509,80.485,80.485,1158.29
1783222860000,80.485,80.486,80.474,80.475,948.62
1783222920000,80.482,80.483,80.457,80.458,1478.15
1783222980000,80.457,80.466,80.398,80.399,1054.43
1783223040000,80.406,80.422,80.398,80.42,993.77
1783223100000,80.422,80.465,80.42,80.465,1065.45
1783223160000,80.465,80.493,80.458,80.475,1537.18
1783223220000,80.475,80.476,80.451,80.468,934.59
1783223280000,80.469,80.478,80.46,80.471,1612.24
1783223340000,80.471,80.48,80.471,80.471,5598.15
1783223400000,80.471,80.522,80.46,80.498,9204.47
1783223460000,80.492,80.513,80.488,80.488,2174.93
1783223520000,80.496,80.519,80.471,80.472,1302.22
1783223580000,80.472,80.493,80.451,80.452,1013.01
1783223640000,80.459,80.497,80.452,80.497,1064.16
1783223700000,80.496,80.519,80.489,80.511,1120.58
1783223760000,80.51,80.519,80.51,80.518,1029.5
1783223820000,80.518,80.518,80.489,80.492,1077.06
1783223880000,80.489,80.503,80.475,80.496,1604.17
1783223940000,80.496,80.52,80.479,80.512,1079.48
1783224000000,80.519,80.52,80.441,80.465,1295.33
1783224060000,80.435,80.482,80.411,80.417,1536.06
1783224120000,80.435,80.436,80.364,80.364,1109.49
1783224180000,80.365,80.432,80.364,80.406,1436.03
1783224240000,80.406,80.433,80.405,80.432,1113.22
1783224300000,80.425,80.486,80.425,80.445,1294.4
1783224360000,80.445,80.484,80.384,80.423,1089.13
1783224420000,80.423,80.49,80.417,80.489,1288.87
1783224480000,80.49,80.596,80.489,80.548,1618.72
1783224540000,80.542,80.556,80.514,80.532,1076.57
1783224600000,80.538,80.539,80.515,80.515,1109.88
1783224660000,80.522,80.535,80.504,80.512,1590.94
1783224720000,80.511,80.516,80.464,80.515,1525.63
1783224780000,80.508,80.516,80.488,80.511,1223.38
1783224840000,80.511,80.512,80.487,80.488,1179.56
1783224900000,80.488,80.542,80.487,80.541,1104.14
1783224960000,80.541,80.542,80.497,80.518,1250.59
1783225020000,80.523,80.552,80.517,80.551,1077.69
1783225080000,80.544,80.619,80.544,80.553,1416.74
1783225140000,80.545,80.57,80.541,80.549,1140.09
1783225200000,80.541,80.592,80.541,80.588,4745.12
1783225260000,80.581,80.632,80.58,80.624,1446.96
1783225320000,80.631,80.632,80.535,80.548,2212.71
1783225380000,80.579,80.619,80.571,80.618,2128.39
1783225440000,80.611,80.638,80.61,80.615,1077.39
1783225500000,80.622,80.64,80.614,80.632,1102.05
1783225560000,80.639,80.64,80.609,80.61,1098.07
1783225620000,80.61,80.639,80.597,80.638,1224.48
1783225680000,80.638,80.642,80.632,80.641,4116.32
1783225740000,80.641,80.643,80.634,80.635,1136.37
1783225800000,80.635,80.687,80.634,80.686,3695.64
1783225860000,80.686,80.716,80.664,80.705,1740.48
1783225920000,80.698,80.788,80.698,80.787,7429.92
1783225980000,80.787,80.796,80.708,80.709,2934.8
1783226040000,80.716,80.717,80.708,80.709,1032.72
1783226100000,80.716,80.736,80.708,80.719,1101.47
1783226160000,80.719,80.719,80.678,80.682,1841.74
1783226220000,80.682,80.716,80.665,80.715,2762.12
1783226280000,80.708,80.718,80.692,80.718,986.61
1783226340000,80.718,80.736,80.713,80.728,1043.44
1783226400000,80.735,80.763,80.728,80.763,1267.54
1783226460000,80.762,80.763,80.755,80.762,1009.56
1783226520000,80.762,80.803,80.756,80.789,2214.93
1783226580000,80.789,80.826,80.789,80.812,6163.42
1783226640000,80.813,80.813,80.805,80.812,1048.5
1783226700000,80.806,80.809,80.748,80.799,6795.64
1783226760000,80.806,80.806,80.716,80.719,1236.74
1783226820000,80.719,80.72,80.711,80.719,1088.28
1783226880000,80.712,80.719,80.689,80.709,1697.65
1783226940000,80.716,80.737,80.711,80.736,1121.17
1783227000000,80.736,80.761,80.703,80.709,1246.02
1783227060000,80.703,80.71,80.634,80.634,1356.81
1783227120000,80.634,80.637,80.57,80.595,1655.67
1783227180000,80.596,80.616,80.577,80.596,6720.69
1783227240000,80.596,80.597,80.565,80.566,1147.08
1783227300000,80.566,80.573,80.565,80.565,1303.92
1783227360000,80.565,80.583,80.565,80.577,1335.45
1783227420000,80.583,80.6,80.551,80.568,1102.35
1783227480000,80.568,80.576,80.545,80.553,1095.77
1783227540000,80.546,80.554,80.545,80.545,1117.75
1783227600000,80.536,80.543,80.507,80.509,3178.66
1783227660000,80.509,80.516,80.48,80.499,1650.86
1783227720000,80.498,80.507,80.473,80.473,2288.83
1783227780000,80.483,80.501,80.453,80.463,1702.26
1783227840000,80.456,80.482,80.451,80.482,2541.79
1783227900000,80.482,80.534,80.475,80.517,1096.07
1783227960000,80.517,80.517,80.403,80.403,5535.1
1783228020000,80.404,80.415,80.383,80.383,1297.92
1783228080000,80.383,80.427,80.383,80.426,5064.23
1783228140000,80.419,80.444,80.419,80.436,1057.71
1783228200000,80.436,80.476,80.435,80.475,1162.46
1783228260000,80.468,80.516,80.468,80.486,1311.28
1783228320000,80.493,80.494,80.485,80.493,1166.22
1783228380000,80.493,80.494,80.485,80.493,1177.54
1783228440000,80.493,80.494,80.452,80.459,1919.95
1783228500000,80.459,80.467,80.451,80.458,1660.97
1783228560000,80.459,80.467,80.458,80.459,1025.13
1783228620000,80.459,80.5,80.459,80.466,1027.78
1783228680000,80.474,80.474,80.449,80.455,1118.75
1783228740000,80.449,80.52,80.448,80.502,1130.95
1783228800000,80.502,80.522,80.481,80.482,1080.13
1783228860000,80.489,80.49,80.462,80.462,998.88
1783228920000,80.462,80.469,80.392,80.392,2376.84
1783228980000,80.399,80.404,80.371,80.396,1209.23
1783229040000,80.403,80.416,80.395,80.415,1607.72
1783229100000,80.415,80.433,80.408,80.432,1000.37
1783229160000,80.433,80.45,80.425,80.444,964.16
1783229220000,80.449,80.473,80.442,80.466,1075.84
1783229280000,80.466,80.473,80.446,80.462,1130.61
1783229340000,80.47,80.47,80.452,80.452,964.57
1783229400000,80.454,80.474,80.452,80.466,962.06
1783229460000,80.473,80.527,80.473,80.52,1078.57
1783229520000,80.52,80.527,80.5,80.501,1472.49
1783229580000,80.5,80.501,80.378,80.399,1703.02
1783229640000,80.405,80.499,80.398,80.49,1244.81
1783229700000,80.49,80.499,80.489,80.49,1064.76
1783229760000,80.49,80.499,80.49,80.49,881.39
1783229820000,80.498,80.499,80.473,80.473,1061.37
1783229880000,80.472,80.48,80.408,80.409,1804.37
1783229940000,80.415,80.432,80.402,80.409,1109.73
1783230000000,80.409,80.409,80.364,80.376,1237.9
1783230060000,80.376,80.384,80.26,80.312,11830.79
1783230120000,80.312,80.313,80.234,80.255,1432.92
1783230180000,80.262,80.303,80.255,80.282,1398.62
1783230240000,80.282,80.282,80.207,80.222,1154.55
1783230300000,80.215,80.269,80.214,80.249,1085.99
1783230360000,80.249,80.256,80.242,80.255,1817.44
1783230420000,80.255,80.286,80.248,80.269,1153.1
1783230480000,80.262,80.303,80.262,80.295,1072.5
1783230540000,80.294,80.342,80.294,80.335,1426.58
1783230600000,80.342,80.364,80.315,80.316,1220.41
1783230660000,80.316,80.399,80.316,80.376,1082.79
1783230720000,80.376,80.434,80.375,80.396,1219.46
1783230780000,80.396,80.426,80.396,80.425,1647.23
1783230840000,80.419,80.443,80.415,80.422,1275.87
1783230900000,80.416,80.473,80.415,80.469,1194.45
1783230960000,80.47,80.47,80.462,80.467,1106.0
1783231020000,80.467,80.467,80.438,80.439,1034.49
1783231080000,80.439,80.447,80.421,80.421,1082.0
1783231140000,80.421,80.437,80.42,80.422,968.76
1783231200000,80.422,80.433,80.398,80.432,975.65
1783231260000,80.449,80.45,80.406,80.413,1096.5
1783231320000,80.406,80.414,80.398,80.399,1033.98
1783231380000,80.399,80.399,80.3,80.3,1506.96
1783231440000,80.306,80.347,80.3,80.339,1107.41
1783231500000,80.339,80.37,80.338,80.352,1067.9
1783231560000,80.353,80.383,80.352,80.382,1302.04
1783231620000,80.382,80.383,80.354,80.382,1116.03
1783231680000,80.375,80.383,80.374,80.382,1007.11
1783231740000,80.382,80.383,80.374,80.374,1036.64
1783231800000,80.382,80.383,80.321,80.37,1194.4
1783231860000,80.37,80.391,80.352,80.382,1269.42
1783231920000,80.39,80.391,80.356,80.363,1040.97
1783231980000,80.356,80.383,80.355,80.376,1006.03
1783232040000,80.375,80.394,80.375,80.393,2413.96
1783232100000,80.386,80.417,80.386,80.405,1078.62
1783232160000,80.405,80.453,80.39,80.39,1277.32
1783232220000,80.39,80.391,80.353,80.353,1090.77
1783232280000,80.359,80.413,80.352,80.382,1105.15
1783232340000,80.382,80.447,80.382,80.439,1172.38
1783232400000,80.439,80.446,80.412,80.413,1145.01
1783232460000,80.412,80.437,80.412,80.436,1123.23
1783232520000,80.428,80.447,80.391,80.429,1228.33
1783232580000,80.421,80.43,80.401,80.426,1011.35
1783232640000,80.42,80.426,80.412,80.413,1592.72
1783232700000,80.413,80.421,80.413,80.413,1052.2
1783232760000,80.42,80.451,80.413,80.443,1139.37
1783232820000,80.442,80.47,80.442,80.463,977.34
1783232880000,80.463,80.47,80.462,80.47,1469.31
1783232940000,80.463,80.487,80.462,80.483,1176.56
1783233000000,80.487,80.49,80.482,80.483,1218.87
1783233060000,80.489,80.49,80.465,80.483,1130.73
1783233120000,80.489,80.568,80.482,80.568,2842.31
1783233180000,80.568,80.596,80.565,80.588,2804.16
1783233240000,80.595,80.604,80.561,80.603,1254.25
1783233300000,80.595,80.604,80.568,80.568,1154.01
1783233360000,80.568,80.576,80.564,80.572,2493.87
1783233420000,80.565,80.572,80.511,80.519,1016.47
1783233480000,80.512,80.519,80.458,80.465,1267.77
1783233540000,80.458,80.493,80.458,80.492,1238.08
1783233600000,80.486,80.493,80.457,80.465,1607.66
1783233660000,80.465,80.466,80.458,80.465,1066.27
1783233720000,80.459,80.466,80.451,80.451,1134.0
1783233780000,80.452,80.493,80.451,80.486,1157.76
1783233840000,80.492,80.517,80.486,80.497,1039.62
1783233900000,80.489,80.5,80.453,80.492,1038.27
1783233960000,80.499,80.524,80.492,80.516,1142.47
1783234020000,80.515,80.524,80.515,80.523,1045.86
1783234080000,80.524,80.55,80.523,80.543,994.13
1783234140000,80.543,80.55,80.488,80.518,1335.57
1783234200000,80.518,80.519,80.51,80.51,1007.09
1783234260000,80.51,80.519,80.461,80.469,932.33
1783234320000,80.462,80.496,80.461,80.487,1328.45
1783234380000,80.495,80.555,80.487,80.549,1068.26
1783234440000,80.555,80.556,80.548,80.556,1063.91
1783234500000,80.555,80.593,80.548,80.556,1085.38
1783234560000,80.549,80.557,80.522,80.523,1304.62
1783234620000,80.53,80.531,80.522,80.529,1060.89
1783234680000,80.523,80.553,80.502,80.552,1115.23
1783234740000,80.552,80.574,80.547,80.553,1112.35
1783234800000,80.553,80.561,80.552,80.561,1121.28
1783234860000,80.553,80.573,80.536,80.566,979.01
1783234920000,80.573,80.596,80.536,80.576,1419.57
1783234980000,80.576,80.583,80.566,80.573,1426.92
1783235040000,80.573,80.573,80.512,80.512,1002.3
1783235100000,80.512,80.582,80.511,80.556,1089.93
1783235160000,80.556,80.556,80.523,80.529,1068.18
1783235220000,80.523,80.53,80.51,80.51,1119.72
1783235280000,80.51,80.513,80.51,80.513,1063.22
1783235340000,80.51,80.513,80.475,80.483,1340.92
1783235400000,80.476,80.483,80.385,80.43,2031.43
1783235460000,80.43,80.447,80.422,80.446,1015.05
1783235520000,80.439,80.446,80.438,80.439,975.62
1783235580000,80.439,80.447,80.422,80.422,922.55
1783235640000,80.422,80.43,80.406,80.413,985.03
1783235700000,80.413,80.413,80.354,80.362,2160.15
1783235760000,80.362,80.407,80.355,80.399,1096.72
1783235820000,80.399,80.433,80.398,80.432,1274.28
1783235880000,80.426,80.433,80.425,80.432,1112.81
1783235940000,80.432,80.467,80.395,80.403,1045.18
1783236000000,80.403,80.404,80.335,80.342,1173.53
1783236060000,80.342,80.343,80.335,80.342,1170.63
1783236120000,80.335,80.471,80.335,80.396,1065.66
1783236180000,80.396,80.445,80.389,80.438,1394.08
1783236240000,80.445,80.446,80.42,80.421,1202.97
1783236300000,80.428,80.449,80.416,80.416,1065.69
1783236360000,80.422,80.423,80.361,80.369,1031.79
1783236420000,80.369,80.369,80.341,80.342,1109.29
1783236480000,80.348,80.368,80.341,80.368,1117.26
1783236540000,80.368,80.374,80.36,80.373,1365.98
1783236600000,80.366,80.41,80.366,80.402,1209.22
1783236660000,80.402,80.449,80.401,80.442,992.1
1783236720000,80.442,80.45,80.431,80.438,1750.24
1783236780000,80.438,80.494,80.432,80.486,1311.08
1783236840000,80.493,80.494,80.468,80.486,1169.07
1783236900000,80.486,80.553,80.486,80.546,2214.77
1783236960000,80.549,80.595,80.512,80.595,1205.57
1783237020000,80.595,80.595,80.558,80.569,1312.5
1783237080000,80.562,80.57,80.561,80.562,1042.81
1783237140000,80.562,80.57,80.561,80.569,1132.04
1783237200000,80.57,80.586,80.57,80.585,1063.05
1783237260000,80.577,80.618,80.526,80.526,1321.71
1783237320000,80.526,80.534,80.525,80.525,1064.82
1783237380000,80.526,80.58,80.526,80.575,1446.75
1783237440000,80.575,80.575,80.538,80.539,1168.23
1783237500000,80.546,80.546,80.505,80.538,957.28
1783237560000,80.538,80.554,80.532,80.553,1833.39
1783237620000,80.546,80.553,80.519,80.536,1019.07
1783237680000,80.535,80.563,80.518,80.562,1035.05
1783237740000,80.554,80.603,80.554,80.596,1787.15
1783237800000,80.603,80.637,80.595,80.634,2219.55
1783237860000,80.633,80.697,80.592,80.696,2226.81
1783237920000,80.696,80.697,80.648,80.649,1501.07
1783237980000,80.656,80.7,80.629,80.692,1064.79
1783238040000,80.692,80.7,80.677,80.679,1616.09
1783238100000,80.685,80.686,80.651,80.676,1495.77
1783238160000,80.669,80.68,80.663,80.679,1419.4
1783238220000,80.679,80.687,80.672,80.686,1543.03
1783238280000,80.686,80.714,80.679,80.706,1435.54
1783238340000,80.705,80.717,80.666,80.673,2200.06
1783238400000,80.666,80.732,80.655,80.726,3772.46
1783238460000,80.732,80.82,80.654,80.712,2304.24
1783238520000,80.712,80.734,80.689,80.733,3018.55
1783238580000,80.726,80.734,80.676,80.684,1182.77
1783238640000,80.677,80.684,80.623,80.626,1413.5
1783238700000,80.626,80.626,80.547,80.586,1303.56
1783238760000,80.579,80.604,80.551,80.573,1308.95
1783238820000,80.581,80.581,80.545,80.545,1070.62
1783238880000,80.554,80.58,80.546,80.579,1137.8
1783238940000,80.579,80.58,80.548,80.556,1266.08
1783239000000,80.556,80.567,80.525,80.526,1167.88
1783239060000,80.532,80.552,80.461,80.526,1555.75
1783239120000,80.533,80.55,80.505,80.55,1252.64
1783239180000,80.55,80.613,80.542,80.587,1208.43
1783239240000,80.587,80.594,80.568,80.575,1177.73
1783239300000,80.575,80.591,80.568,80.591,1262.23
1783239360000,80.59,80.65,80.576,80.583,1100.11
1783239420000,80.583,80.583,80.495,80.495,1459.23
1783239480000,80.496,80.51,80.485,80.502,1055.33
1783239540000,80.502,80.511,80.486,80.486,1075.09
1783239600000,80.493,80.494,80.485,80.493,1038.93
1783239660000,80.493,80.497,80.485,80.486,4327.05
1783239720000,80.485,80.493,80.468,80.469,1451.91
1783239780000,80.479,80.48,80.468,80.479,1027.55
1783239840000,80.479,80.48,80.459,80.459,1051.89
1783239900000,80.459,80.46,80.444,80.445,1303.47
1783239960000,80.445,80.475,80.444,80.446,1426.94
1783240020000,80.453,80.453,80.412,80.413,1989.87
1783240080000,80.413,80.453,80.412,80.446,4259.85
1783240140000,80.445,80.468,80.435,80.436,6661.68
1783240200000,80.443,80.498,80.435,80.489,1968.72
1783240260000,80.496,80.543,80.489,80.542,1072.89
1783240320000,80.542,80.564,80.534,80.563,1116.22
1783240380000,80.556,80.563,80.535,80.535,5675.87
1783240440000,80.537,80.563,80.535,80.543,1096.48
1783240500000,80.536,80.544,80.535,80.543,1013.08
1783240560000,80.544,80.544,80.439,80.495,1125.15
1783240620000,80.502,80.513,80.451,80.489,1025.46
1783240680000,80.495,80.532,80.488,80.505,2146.21
1783240740000,80.504,80.532,80.504,80.506,1063.08
1783240800000,80.513,80.514,80.482,80.489,1622.97
1783240860000,80.483,80.527,80.482,80.52,1063.45
1783240920000,80.52,80.528,80.519,80.527,1046.23
1783240980000,80.527,80.528,80.52,80.527,1026.29
1783241040000,80.521,80.547,80.521,80.54,1087.62
1783241100000,80.546,80.547,80.54,80.546,1071.65
1783241160000,80.546,80.547,80.539,80.546,1131.89
1783241220000,80.54,80.555,80.539,80.555,999.15
1783241280000,80.557,80.567,80.557,80.566,1295.06
1783241340000,80.558,80.568,80.539,80.547,1089.7
1783241400000,80.54,80.546,80.453,80.453,1172.01
1783241460000,80.46,80.46,80.435,80.439,1132.04
1783241520000,80.443,80.473,80.438,80.47,1508.49
1783241580000,80.47,80.477,80.469,80.47,994.85
1783241640000,80.47,80.493,80.464,80.472,1184.65
1783241700000,80.465,80.473,80.417,80.425,1845.94
1783241760000,80.417,80.443,80.417,80.436,1299.84
1783241820000,80.442,80.443,80.435,80.441,1070.52
1783241880000,80.441,80.473,80.439,80.46,1199.85
1783241940000,80.459,80.473,80.459,80.472,1073.18
1783242000000,80.465,80.473,80.445,80.446,1372.93
1783242060000,80.453,80.454,80.414,80.415,1080.36
1783242120000,80.415,80.455,80.415,80.448,1120.72
1783242180000,80.448,80.454,80.396,80.398,2413.22
1783242240000,80.398,80.406,80.397,80.405,1153.61
1783242300000,80.398,80.44,80.397,80.439,1018.82
1783242360000,80.433,80.452,80.421,80.422,1537.39
1783242420000,80.421,80.478,80.421,80.456,1084.06
1783242480000,80.456,80.457,80.448,80.45,1112.16
1783242540000,80.456,80.489,80.45,80.489,1077.45
1783242600000,80.489,80.489,80.406,80.412,1216.63
1783242660000,80.412,80.413,80.405,80.406,1017.65
1783242720000,80.412,80.413,80.405,80.413,1038.56
1783242780000,80.429,80.43,80.422,80.428,1001.16
1783242840000,80.424,80.43,80.365,80.372,1502.68
1783242900000,80.366,80.373,80.361,80.369,1285.04
1783242960000,80.362,80.403,80.362,80.395,1160.01
1783243020000,80.395,80.402,80.375,80.383,894.77
1783243080000,80.376,80.399,80.368,80.376,1219.7
1783243140000,80.369,80.376,80.368,80.369,1061.61
1783243200000,80.376,80.376,80.368,80.369,1043.65
1783243260000,80.376,80.376,80.34,80.343,2479.23
1783243320000,80.343,80.343,80.296,80.302,3533.69
1783243380000,80.302,80.349,80.244,80.244,7455.0
1783243440000,80.253,80.272,80.077,80.2,12204.24
1783243500000,80.2,80.21,80.185,80.19,1299.1
1783243560000,80.198,80.259,80.17,80.17,4520.19
1783243620000,80.17,80.176,80.114,80.115,1893.19
1783243680000,80.123,80.157,80.107,80.145,1973.86
1783243740000,80.145,80.15,80.142,80.149,1538.36
1783243800000,80.15,80.15,80.125,80.149,1154.37
1783243860000,80.149,80.206,80.133,80.133,1928.96
1783243920000,80.14,80.173,80.131,80.142,988.23
1783243980000,80.142,80.143,80.116,80.143,1911.31
1783244040000,80.135,80.144,80.104,80.112,2300.96
1783244100000,80.105,80.113,80.095,80.095,1969.48
1783244160000,80.095,80.123,80.095,80.122,1774.18
1783244220000,80.115,80.122,80.092,80.105,12705.03
1783244280000,80.098,80.105,80.04,80.047,2975.61
1783244340000,80.055,80.084,79.777,79.862,54035.33
1783244400000,79.838,79.956,79.838,79.912,6845.08
1783244460000,79.912,79.96,79.835,79.835,2480.3
1783244520000,79.842,79.913,79.814,79.815,3258.69
1783244580000,79.835,79.836,79.635,79.697,4578.27
1783244640000,79.698,79.79,79.69,79.749,3051.81
1783244700000,79.749,79.853,79.671,79.845,5768.06
1783244760000,79.845,79.87,79.794,79.82,13803.84
1783244820000,79.832,79.863,79.814,79.84,1342.03
1783244880000,79.839,79.861,79.831,79.855,2899.5
1783244940000,79.854,79.862,79.804,79.831,3259.16
1783245000000,79.823,79.832,79.804,79.82,1772.88
1783245060000,79.834,79.855,79.785,79.785,4305.18
1783245120000,79.792,79.813,79.738,79.784,4266.1
1783245180000,79.781,79.83,79.781,79.792,2096.14
1783245240000,79.785,79.813,79.703,79.762,1637.77
1783245300000,79.762,79.847,79.755,79.846,1736.66
1783245360000,79.846,79.86,79.838,79.851,2187.57
1783245420000,79.852,79.9,79.851,79.891,2718.26
1783245480000,79.884,79.896,79.883,79.888,2169.46
1783245540000,79.895,79.896,79.863,79.872,1296.3
1783245600000,79.872,79.872,79.687,79.758,1901.27
1783245660000,79.765,79.829,79.757,79.829,1930.29
1783245720000,79.822,79.829,79.705,79.762,1166.33
1783245780000,79.762,79.888,79.754,79.888,1652.22
1783245840000,79.888,79.947,79.885,79.919,1366.61
1783245900000,79.919,79.947,79.868,79.868,1488.62
1783245960000,79.875,79.944,79.845,79.937,1515.56
1783246020000,79.943,79.966,79.912,79.953,1600.14
1783246080000,79.953,79.98,79.945,79.952,2339.49
1783246140000,79.945,79.987,79.944,79.982,1369.57
1783246200000,79.982,80.0,79.975,79.999,2640.63
1783246260000,79.99,80.07,79.99,80.043,3178.68
1783246320000,80.035,80.043,80.004,80.004,3539.74
1783246380000,80.005,80.013,80.004,80.012,1490.42
1783246440000,80.012,80.012,79.974,79.976,1415.51
1783246500000,79.976,79.993,79.952,79.985,1411.68
1783246560000,79.985,79.996,79.947,79.996,1709.74
1783246620000,79.996,80.009,79.981,79.982,1536.67
1783246680000,79.989,80.034,79.982,80.028,1190.7
1783246740000,80.028,80.079,80.028,80.079,2010.75
1783246800000,80.076,80.154,80.071,80.146,2884.03
1783246860000,80.146,80.156,80.135,80.155,1787.35
1783246920000,80.156,80.199,80.155,80.189,1517.94
1783246980000,80.188,80.192,80.14,80.148,3658.18
1783247040000,80.148,80.149,80.14,80.141,1143.57
1783247100000,80.148,80.148,80.095,80.095,1350.57
1783247160000,80.096,80.133,80.095,80.125,1520.59
1783247220000,80.132,80.142,80.094,80.1,1300.36
1783247280000,80.094,80.136,80.091,80.135,1014.93
1783247340000,80.135,80.155,80.127,80.155,1211.19
1783247400000,80.156,80.258,80.147,80.242,4985.42
1783247460000,80.249,80.25,80.176,80.178,3812.18
1783247520000,80.178,80.185,80.14,80.172,1274.06
1783247580000,80.165,80.172,80.164,80.171,1154.47
1783247640000,80.165,80.172,80.164,80.165,976.79
1783247700000,80.171,80.19,80.165,80.182,1301.21
1783247760000,80.182,80.212,80.181,80.205,1250.5
1783247820000,80.205,80.22,80.204,80.219,1349.64
1783247880000,80.212,80.246,80.205,80.205,1372.77
1783247940000,80.205,80.21,80.16,80.168,1584.47
1783248000000,80.168,80.186,80.16,80.185,1331.34
1783248060000,80.185,80.21,80.178,80.209,1197.67
1783248120000,80.202,80.209,80.168,80.188,1417.76
1783248180000,80.195,80.196,80.187,80.191,1014.42
1783248240000,80.196,80.205,80.187,80.205,1168.74
1783248300000,80.204,80.249,80.204,80.248,1377.29
1783248360000,80.245,80.266,80.24,80.265,1445.47
1783248420000,80.265,80.318,80.258,80.315,2139.45
1783248480000,80.315,80.316,80.308,80.309,1282.55
1783248540000,80.308,80.366,80.308,80.352,2092.62
1783248600000,80.352,80.383,80.341,80.35,1412.76
1783248660000,80.342,80.384,80.341,80.349,1365.27
1783248720000,80.349,80.357,80.328,80.352,1267.17
1783248780000,80.345,80.39,80.344,80.385,1452.27
1783248840000,80.379,80.403,80.378,80.392,1769.65
1783248900000,80.392,80.395,80.357,80.358,1337.39
1783248960000,80.366,80.369,80.344,80.368,1261.91
1783249020000,80.368,80.369,80.36,80.361,1186.27
1783249080000,80.361,80.396,80.361,80.395,1107.12
1783249140000,80.388,80.403,80.387,80.395,1539.51
1783249200000,80.394,80.537,80.325,80.537,4098.39
1783249260000,80.529,80.54,80.36,80.361,4067.63
1783249320000,80.361,80.369,80.31,80.341,2166.38
1783249380000,80.341,80.407,80.334,80.399,1748.87
1783249440000,80.405,80.405,80.332,80.349,1467.73
1783249500000,80.355,80.383,80.349,80.374,1336.01
1783249560000,80.382,80.442,80.374,80.442,1211.77
1783249620000,80.442,80.473,80.435,80.455,1103.38
1783249680000,80.455,80.46,80.428,80.459,1053.03
1783249740000,80.452,80.466,80.437,80.445,1095.96
1783249800000,80.438,80.462,80.437,80.462,1553.98
1783249860000,80.455,80.463,80.454,80.461,1235.18
1783249920000,80.461,80.513,80.455,80.51,1364.6
1783249980000,80.509,80.51,80.438,80.455,1188.16
1783250040000,80.455,80.474,80.447,80.466,1228.86
1783250100000,80.466,80.486,80.437,80.445,1370.44
1783250160000,80.437,80.469,80.411,80.412,1724.34
1783250220000,80.412,80.472,80.411,80.465,1104.38
1783250280000,80.464,80.498,80.464,80.491,1220.43
1783250340000,80.497,80.498,80.454,80.485,1371.85
1783250400000,80.484,80.493,80.484,80.492,1039.23
1783250460000,80.492,80.523,80.484,80.515,1780.12
1783250520000,80.522,80.523,80.43,80.442,2181.56
1783250580000,80.435,80.443,80.408,80.415,1143.31
1783250640000,80.415,80.415,80.388,80.389,1170.84
1783250700000,80.382,80.383,80.367,80.367,1220.07
1783250760000,80.37,80.37,80.362,80.369,2571.47
1783250820000,80.365,80.37,80.344,80.368,1452.22
1783250880000,80.368,80.414,80.365,80.406,1263.31
1783250940000,80.413,80.449,80.391,80.391,1096.16
1783251000000,80.398,80.398,80.355,80.365,1771.54
1783251060000,80.372,80.452,80.364,80.444,1250.98
1783251120000,80.443,80.493,80.414,80.485,1565.86
1783251180000,80.492,80.586,80.484,80.579,1964.37
1783251240000,80.578,80.586,80.578,80.585,1070.59
1783251300000,80.585,80.586,80.578,80.585,1280.19
1783251360000,80.585,80.605,80.578,80.6,11135.07
1783251420000,80.591,80.6,80.591,80.593,1224.36
1783251480000,80.593,80.597,80.571,80.592,1615.6
1783251540000,80.585,80.593,80.584,80.585,1065.92
1783251600000,80.555,80.562,80.504,80.505,1629.7
1783251660000,80.512,80.52,80.504,80.519,2130.25
1783251720000,80.519,80.559,80.511,80.551,1379.02
1783251780000,80.552,80.56,80.532,80.539,1228.22
1783251840000,80.539,80.54,80.532,80.539,1433.01
1783251900000,80.539,80.55,80.525,80.529,1865.93
1783251960000,80.529,80.552,80.529,80.549,1489.8
1783252020000,80.549,80.604,80.549,80.573,16496.81
1783252080000,80.573,80.58,80.556,80.556,956.81
1783252140000,80.563,80.563,80.498,80.498,1095.25
1783252200000,80.498,80.52,80.498,80.519,1469.74
1783252260000,80.512,80.557,80.511,80.542,1261.74
1783252320000,80.549,80.549,80.523,80.524,1023.54
1783252380000,80.531,80.531,80.515,80.515,1120.4
1783252440000,80.522,80.523,80.498,80.506,1891.11
1783252500000,80.499,80.545,80.498,80.539,1094.23
1783252560000,80.539,80.546,80.538,80.541,1044.34
1783252620000,80.538,80.539,80.538,80.539,941.55
1783252680000,80.539,80.546,80.538,80.545,1030.35
1783252740000,80.545,80.562,80.509,80.516,1254.72
1783252800000,80.509,80.517,80.449,80.492,1475.74
1783252860000,80.492,80.493,80.447,80.447,1828.88
1783252920000,80.448,80.455,80.447,80.448,1111.86
1783252980000,80.452,80.452,80.33,80.338,4047.6
1783253040000,80.338,80.406,80.33,80.362,1441.67
1783253100000,80.362,80.433,80.355,80.425,1247.91
1783253160000,80.425,80.439,80.424,80.435,4594.5
1783253220000,80.435,80.48,80.427,80.456,1098.24
1783253280000,80.456,80.463,80.412,80.413,1179.53
1783253340000,80.42,80.421,80.352,80.365,1041.43
1783253400000,80.359,80.445,80.359,80.439,1580.78
1783253460000,80.446,80.446,80.41,80.428,1262.31
1783253520000,80.435,80.453,80.428,80.432,1058.65
1783253580000,80.431,80.476,80.431,80.463,1565.21
1783253640000,80.462,80.493,80.462,80.478,1311.03
1783253700000,80.478,80.553,80.471,80.545,1861.95
1783253760000,80.545,80.56,80.518,80.519,2019.39
1783253820000,80.519,80.527,80.503,80.512,1004.46
1783253880000,80.512,80.555,80.506,80.548,1011.41
1783253940000,80.556,80.581,80.547,80.568,1940.11
1783254000000,80.568,80.596,80.566,80.566,1186.62
1783254060000,80.566,80.62,80.565,80.62,1562.21
1783254120000,80.617,80.734,80.608,80.734,12771.64
1783254180000,80.733,80.734,80.664,80.676,13278.36
1783254240000,80.682,80.834,80.675,80.834,2191.84
1783254300000,80.834,80.891,80.821,80.877,7249.5
1783254360000,80.877,80.939,80.866,80.884,5082.73
1783254420000,80.884,80.886,80.839,80.849,1638.76
1783254480000,80.842,80.891,80.842,80.883,1231.42
1783254540000,80.883,81.033,80.882,81.005,16929.57
1783254600000,81.012,81.168,81.002,81.095,9911.0
1783254660000,81.104,81.233,81.059,81.226,5348.81
1783254720000,81.232,81.232,81.079,81.08,4367.15
1783254780000,81.08,81.1,80.963,80.963,6254.18
1783254840000,80.95,80.993,80.917,80.93,3370.99
1783254900000,80.93,80.962,80.904,80.962,2107.41
1783254960000,80.955,80.964,80.895,80.956,2676.15
1783255020000,80.947,81.026,80.939,80.986,1449.32
1783255080000,80.993,81.044,80.962,80.993,1361.59
1783255140000,80.993,81.007,80.835,80.844,1194.19
1783255200000,80.843,80.843,80.762,80.789,1854.51
1783255260000,80.813,80.85,80.789,80.85,1554.58
1783255320000,80.85,80.85,80.816,80.823,9912.0
1783255380000,80.816,80.823,80.762,80.793,2078.24
1783255440000,80.792,80.797,80.757,80.765,1233.57
1783255500000,80.758,80.783,80.758,80.782,1345.56
1783255560000,80.776,80.831,80.775,80.822,1795.3
1783255620000,80.822,80.827,80.815,80.826,2101.75
1783255680000,80.82,80.868,80.819,80.862,1288.73
1783255740000,80.862,80.863,80.829,80.854,1632.06
1783255800000,80.847,80.854,80.752,80.779,1664.29
1783255860000,80.773,80.792,80.772,80.791,1174.04
1783255920000,80.791,80.83,80.791,80.829,1300.83
1783255980000,80.829,80.83,80.821,80.822,1156.59
1783256040000,80.822,80.83,80.821,80.829,1125.67
1783256100000,80.822,80.83,80.8,80.806,1113.21
1783256160000,80.806,80.807,80.752,80.753,3995.9
1783256220000,80.753,80.779,80.752,80.772,987.77
1783256280000,80.779,80.779,80.717,80.718,1178.6
1783256340000,80.742,80.751,80.702,80.703,1245.62
1783256400000,80.709,80.71,80.682,80.69,2220.39
1783256460000,80.69,80.716,80.648,80.699,1603.25
1783256520000,80.699,80.794,80.693,80.793,4617.78
1783256580000,80.793,80.793,80.745,80.768,1083.46
1783256640000,80.775,80.792,80.767,80.786,1060.28
1783256700000,80.792,80.867,80.785,80.866,1812.2
1783256760000,80.866,80.886,80.858,80.884,1163.18
1783256820000,80.886,80.911,80.869,80.903,3236.76
1783256880000,80.91,80.961,80.865,80.953,1830.44
1783256940000,80.96,80.96,80.852,80.866,3885.29
1783257000000,80.866,80.867,80.858,80.859,1076.83
1783257060000,80.859,80.867,80.848,80.849,1641.36
1783257120000,80.856,80.869,80.831,80.862,1188.33
1783257180000,80.862,80.889,80.838,80.846,1163.06
1783257240000,80.839,80.847,80.838,80.846,1187.95
1783257300000,80.839,80.847,80.822,80.822,1329.29
1783257360000,80.822,80.849,80.8,80.841,3889.64
1783257420000,80.847,80.847,80.775,80.795,1799.97
1783257480000,80.803,80.837,80.802,80.837,1198.82
1783257540000,80.836,80.837,80.828,80.829,901.95
1783257600000,80.836,80.87,80.828,80.849,1228.26
1783257660000,80.848,80.856,80.848,80.849,1080.08
1783257720000,80.855,80.855,80.8,80.828,1065.48
1783257780000,80.828,80.837,80.808,80.816,2107.65
1783257840000,80.809,80.853,80.801,80.812,1297.32
1783257900000,80.812,80.818,80.801,80.815,1329.63
1783257960000,80.809,80.816,80.754,80.786,1094.42
1783258020000,80.786,80.786,80.642,80.669,1957.28
1783258080000,80.669,80.73,80.658,80.729,1838.36
1783258140000,80.729,80.746,80.718,80.746,2027.15
1783258200000,80.745,80.747,80.701,80.739,2372.46
1783258260000,80.746,80.787,80.738,80.786,1303.27
1783258320000,80.778,80.799,80.755,80.794,1121.52
1783258380000,80.799,80.849,80.794,80.826,1172.07
1783258440000,80.833,80.845,80.802,80.819,1060.75
1783258500000,80.826,80.826,80.798,80.825,969.98
1783258560000,80.819,80.826,80.818,80.825,1039.42
1783258620000,80.819,80.89,80.818,80.889,2378.99
1783258680000,80.889,80.916,80.881,80.916,1453.38
1783258740000,80.916,80.946,80.909,80.944,1177.54
1783258800000,80.946,80.993,80.944,80.992,1233.62
1783258860000,80.982,81.0,80.968,80.973,1667.93
1783258920000,80.973,81.084,80.97,81.036,3107.05
1783258980000,81.036,81.058,80.996,81.05,3965.57
1783259040000,81.05,81.08,81.049,81.072,1226.69
1783259100000,81.071,81.174,81.071,81.172,2129.32
1783259160000,81.174,81.183,81.132,81.134,2005.29
1783259220000,81.134,81.151,81.102,81.102,1201.92
1783259280000,81.103,81.114,81.038,81.046,6448.62
1783259340000,81.039,81.08,81.038,81.056,1737.48
1783259400000,81.062,81.063,81.033,81.055,915.03
1783259460000,81.056,81.114,81.055,81.095,1044.43
1783259520000,81.087,81.129,81.058,81.059,4161.22
1783259580000,81.067,81.086,81.059,81.085,959.52
1783259640000,81.085,81.1,81.076,81.083,1232.39
1783259700000,81.083,81.101,81.075,81.093,1059.96
1783259760000,81.1,81.13,81.093,81.124,1282.28
1783259820000,81.122,81.16,81.122,81.159,1075.26
1783259880000,81.159,81.16,81.135,81.136,1400.85
1783259940000,81.136,81.185,81.135,81.183,1426.53
1783260000000,81.182,81.183,81.148,81.162,1417.71
1783260060000,81.162,81.29,81.162,81.259,7800.03
1783260120000,81.266,81.267,81.222,81.254,1754.43
1783260180000,81.247,81.254,81.089,81.102,2024.94
1783260240000,81.103,81.131,81.084,81.107,1371.02
1783260300000,81.114,81.147,81.086,81.123,1056.93
1783260360000,81.129,81.151,81.119,81.126,1082.95
1783260420000,81.12,81.126,81.102,81.109,1232.26
1783260480000,81.103,81.224,81.102,81.216,1196.86
1783260540000,81.223,81.223,81.162,81.17,1510.99
1783260600000,81.17,81.207,81.142,81.207,1194.09
1783260660000,81.206,81.206,81.115,81.146,1225.65
1783260720000,81.146,81.155,81.1,81.1,1547.65
1783260780000,81.086,81.191,81.086,81.168,1328.99
1783260840000,81.168,81.168,81.141,81.149,1136.29
1783260900000,81.141,81.15,81.141,81.149,895.76
1783260960000,81.146,81.193,81.095,81.102,1057.14
1783261020000,81.102,81.102,81.056,81.07,1901.66
1783261080000,81.071,81.071,81.03,81.069,1499.56
1783261140000,81.062,81.07,80.981,80.989,1355.65
1783261200000,80.982,81.014,80.982,81.0,1242.89
1783261260000,81.004,81.073,80.996,81.072,4340.44
1783261320000,81.065,81.1,81.064,81.066,1215.55
1783261380000,81.073,81.073,81.012,81.032,1169.86
1783261440000,81.039,81.06,81.032,81.059,886.42
1783261500000,81.059,81.077,81.052,81.069,1082.51
1783261560000,81.069,81.1,81.066,81.073,1162.81
1783261620000,81.066,81.074,81.011,81.042,1110.45
1783261680000,81.05,81.05,81.041,81.049,1168.51
1783261740000,81.042,81.05,81.041,81.042,1032.62
1783261800000,81.042,81.108,81.0,81.1,1190.0
1783261860000,81.107,81.167,81.099,81.129,1230.29
1783261920000,81.122,81.129,81.051,81.053,1366.95
1783261980000,81.052,81.1,81.052,81.072,1305.95
1783262040000,81.072,81.079,81.012,81.013,1319.62
1783262100000,81.019,81.02,81.0,81.015,950.76
1783262160000,81.015,81.073,80.988,81.065,1105.94
1783262220000,81.072,81.116,81.064,81.115,1076.77
1783262280000,81.109,81.283,81.109,81.25,2058.02
1783262340000,81.249,81.28,81.211,81.266,1876.17
1783262400000,81.266,81.273,81.195,81.226,1743.04
1783262460000,81.226,81.29,81.195,81.268,1578.13
1783262520000,81.268,81.487,81.21,81.45,7418.42
1783262580000,81.443,81.56,81.353,81.361,12230.52
1783262640000,81.362,81.37,81.307,81.363,1483.69
1783262700000,81.362,81.369,81.222,81.222,3065.04
1783262760000,81.223,81.297,81.222,81.29,1127.07
1783262820000,81.29,81.297,81.253,81.272,1145.42
1783262880000,81.279,81.321,81.262,81.314,2025.74
1783262940000,81.314,81.321,81.253,81.26,1318.06
1783263000000,81.253,81.277,81.232,81.27,1316.47
1783263060000,81.269,81.276,81.241,81.242,1155.02
1783263120000,81.242,81.25,81.229,81.23,1489.29
1783263180000,81.23,81.249,81.213,81.248,1281.23
1783263240000,81.242,81.271,81.242,81.27,1254.07
1783263300000,81.27,81.32,81.252,81.319,1223.49
1783263360000,81.313,81.386,81.313,81.386,1315.12
1783263420000,81.379,81.385,81.333,81.333,1800.31
1783263480000,81.339,81.424,81.332,81.393,1432.57
1783263540000,81.4,81.4,81.372,81.391,2159.61
1783263600000,81.397,81.404,81.343,81.343,1913.82
1783263660000,81.343,81.368,81.298,81.362,1150.15
1783263720000,81.362,81.369,81.361,81.368,1071.77
1783263780000,81.368,81.65,81.362,81.632,8409.18
1783263840000,81.632,81.693,81.478,81.536,2764.25
1783263900000,81.536,81.564,81.478,81.478,5951.23
1783263960000,81.478,81.535,81.448,81.514,1362.76
1783264020000,81.534,81.618,81.518,81.532,1493.23
1783264080000,81.536,81.543,81.445,81.446,1313.22
1783264140000,81.436,81.437,81.385,81.403,1748.82
1783264200000,81.403,81.404,81.375,81.376,1295.55
1783264260000,81.383,81.383,81.305,81.373,1892.9
1783264320000,81.38,81.381,81.302,81.353,3176.73
1783264380000,81.346,81.353,81.292,81.3,1138.93
1783264440000,81.3,81.301,81.261,81.266,1319.76
1783264500000,81.261,81.266,81.211,81.256,1268.22
1783264560000,81.248,81.337,81.248,81.283,1280.81
1783264620000,81.283,81.304,81.256,81.262,1243.09
1783264680000,81.262,81.293,81.21,81.272,1254.96
1783264740000,81.266,81.272,81.225,81.252,1171.46
1783264800000,81.252,81.32,81.251,81.299,2549.7
1783264860000,81.299,81.3,81.13,81.156,2618.57
1783264920000,81.176,81.213,81.146,81.163,1151.47
1783264980000,81.17,81.186,81.146,81.173,1100.19
1783265040000,81.172,81.18,81.138,81.146,1041.6
1783265100000,81.146,81.201,81.139,81.194,1267.09
1783265160000,81.193,81.214,81.192,81.207,1902.92
1783265220000,81.213,81.25,81.206,81.233,1089.4
1783265280000,81.225,81.263,81.225,81.255,1686.05
1783265340000,81.263,81.263,81.205,81.205,1413.07
1783265400000,81.206,81.263,81.2,81.263,2917.22
1783265460000,81.262,81.315,81.254,81.293,7512.62
1783265520000,81.299,81.341,81.293,81.333,1076.96
1783265580000,81.34,81.341,81.292,81.293,1734.3
1783265640000,81.3,81.351,81.292,81.346,1352.56
1783265700000,81.345,81.416,81.313,81.415,1174.32
1783265760000,81.415,81.473,81.414,81.436,1277.18
1783265820000,81.436,81.497,81.369,81.37,3228.16
1783265880000,81.376,81.379,81.322,81.323,3006.78
1783265940000,81.322,81.323,81.298,81.306,3446.8
1783266000000,81.306,81.312,81.282,81.283,1107.75
1783266060000,81.283,81.29,81.189,81.19,1657.96
1783266120000,81.198,81.198,81.074,81.075,2165.56
1783266180000,81.102,81.157,81.101,81.126,2568.25
1783266240000,81.126,81.164,81.125,81.133,1569.55
1783266300000,81.133,81.134,81.074,81.116,2333.86
1783266360000,81.115,81.2,81.115,81.199,1226.89
1783266420000,81.199,81.246,81.192,81.215,1728.98
1783266480000,81.215,81.266,81.205,81.257,1149.81
1783266540000,81.257,81.284,81.257,81.274,1315.9
1783266600000,81.275,81.326,81.258,81.318,1511.27
1783266660000,81.325,81.369,81.318,81.368,1329.88
1783266720000,81.362,81.383,81.334,81.341,3338.07
1783266780000,81.341,81.36,81.324,81.348,1722.6
1783266840000,81.355,81.356,81.347,81.355,1080.98
1783266900000,81.348,81.393,81.347,81.384,1285.38
1783266960000,81.384,81.41,81.383,81.392,1180.75
1783267020000,81.392,81.393,81.343,81.343,1331.18
1783267080000,81.351,81.352,81.295,81.301,1157.34
1783267140000,81.301,81.301,81.295,81.299,1068.12
1783267200000,81.296,81.394,81.231,81.319,1338.05
1783267260000,81.319,81.373,81.312,81.333,1304.06
1783267320000,81.339,81.4,81.333,81.342,1190.66
1783267380000,81.336,81.39,81.336,81.383,1195.85
1783267440000,81.382,81.424,81.322,81.322,2807.03
1783267500000,81.322,81.356,81.308,81.317,1457.05
1783267560000,81.354,81.397,81.207,81.216,1496.4
1783267620000,81.207,81.464,81.207,81.305,1656.34
1783267680000,81.313,81.313,81.255,81.282,1976.96
1783267740000,81.255,81.263,81.238,81.239,1231.19
1783267800000,81.238,81.31,81.238,81.31,1389.65
1783267860000,81.309,81.31,81.292,81.293,1231.5
1783267920000,81.3,81.309,81.258,81.266,1816.23
1783267980000,81.266,81.267,81.218,81.249,2859.48
1783268040000,81.243,81.25,81.219,81.226,1229.34
1783268100000,81.227,81.242,81.211,81.219,2892.03
1783268160000,81.219,81.22,81.178,81.179,1625.79
1783268220000,81.187,81.187,81.124,81.135,2442.49
1783268280000,81.139,81.139,81.094,81.111,2036.87
1783268340000,81.111,81.189,81.111,81.189,1176.06
1783268400000,81.182,81.189,81.108,81.116,1038.03
1783268460000,81.109,81.116,81.058,81.059,1936.2
1783268520000,81.058,81.093,81.022,81.042,3473.57
1783268580000,81.035,81.09,81.035,81.083,4143.03
1783268640000,81.089,81.092,81.082,81.085,1242.22
1783268700000,81.092,81.109,81.062,81.079,1502.57
1783268760000,81.086,81.143,81.078,81.112,1207.39
1783268820000,81.112,81.134,81.085,81.126,1031.44
1783268880000,81.133,81.134,81.125,81.133,1046.98
1783268940000,81.133,81.134,81.008,81.02,1438.6
1783269000000,81.02,81.038,81.004,81.005,1350.73
1783269060000,81.012,81.055,81.005,81.05,3489.44
1783269120000,81.049,81.143,81.039,81.112,2169.37
1783269180000,81.119,81.153,81.112,81.145,1554.05
1783269240000,81.152,81.153,81.144,81.145,1023.41
1783269300000,81.145,81.152,81.105,81.139,1265.43
1783269360000,81.139,81.14,81.096,81.122,1417.53
1783269420000,81.129,81.129,81.04,81.04,1313.78
1783269480000,81.043,81.043,81.0,81.003,1510.86
1783269540000,81.003,81.032,80.975,81.022,2315.61
1783269600000,81.015,81.022,80.991,80.999,998.65
1783269660000,80.999,81.017,80.992,81.006,1441.95
1783269720000,81.014,81.014,80.929,80.939,3028.96
1783269780000,80.939,80.957,80.929,80.956,2463.25
1783269840000,80.956,80.957,80.931,80.931,1685.97
1783269900000,80.952,80.953,80.917,80.926,1884.09
1783269960000,80.925,80.93,80.87,80.892,2839.68
1783270020000,80.892,80.91,80.881,80.902,1567.31
1783270080000,80.908,80.956,80.901,80.925,1363.79
1783270140000,80.932,80.973,80.924,80.972,2207.02
1783270200000,80.972,80.99,80.965,80.982,1195.09
1783270260000,80.989,80.99,80.981,80.982,1068.36
1783270320000,80.989,81.024,80.981,81.023,1139.31
1783270380000,81.024,81.057,80.999,81.032,1623.98
1783270440000,81.025,81.05,81.024,81.049,1073.53
1783270500000,81.042,81.077,81.016,81.039,1372.14
1783270560000,81.045,81.06,81.034,81.06,1712.39
1783270620000,81.059,81.094,81.051,81.084,1530.15
1783270680000,81.087,81.094,81.083,81.093,1187.23
1783270740000,81.084,81.094,81.045,81.045,1305.23
1783270800000,81.052,81.08,81.045,81.072,1139.73
1783270860000,81.072,81.17,81.072,81.156,1874.61
1783270920000,81.157,81.17,81.067,81.075,2212.14
1783270980000,81.068,81.17,81.068,81.105,1296.8
1783271040000,81.098,81.192,81.098,81.185,1438.65
1783271100000,81.185,81.223,81.159,81.159,2794.54
1783271160000,81.159,81.167,81.084,81.085,1384.38
1783271220000,81.092,81.14,81.085,81.139,1038.87
1783271280000,81.139,81.139,81.099,81.099,970.09
1783271340000,81.099,81.106,81.052,81.059,2409.64
1783271400000,81.059,81.08,81.042,81.043,1806.17
1783271460000,81.049,81.08,81.042,81.052,1845.44
1783271520000,81.059,81.059,81.011,81.019,1697.35
1783271580000,81.011,81.025,81.011,81.018,1535.68
1783271640000,81.025,81.099,81.017,81.095,1158.71
1783271700000,81.095,81.149,81.088,81.145,1484.6
1783271760000,81.138,81.163,81.086,81.092,1413.18
1783271820000,81.085,81.159,81.085,81.152,1069.28
1783271880000,81.151,81.16,81.122,81.129,1000.39
1783271940000,81.123,81.129,81.098,81.098,901.79
1783272000000,81.106,81.142,81.098,81.118,1982.95
1783272060000,81.112,81.118,81.064,81.065,927.25
1783272120000,81.069,81.299,81.064,81.296,4606.61
1783272180000,81.287,81.319,81.229,81.298,2078.17
1783272240000,81.298,81.323,81.297,81.315,1938.86
1783272300000,81.315,81.323,81.117,81.132,1404.05
1783272360000,81.132,81.139,81.114,81.128,1149.27
1783272420000,81.128,81.136,81.101,81.118,2057.73
1783272480000,81.125,81.125,81.034,81.059,2379.51
1783272540000,81.052,81.06,81.028,81.036,1476.41
1783272600000,81.036,81.098,81.024,81.092,1143.19
1783272660000,81.092,81.099,81.088,81.088,1354.73
1783272720000,81.088,81.134,81.011,81.064,1001.76
1783272780000,81.078,81.16,81.077,81.132,1117.91
1783272840000,81.132,81.14,81.087,81.087,1354.53
1783272900000,81.109,81.109,81.071,81.08,1017.14
1783272960000,81.08,81.103,81.067,81.068,1101.26
1783273020000,81.068,81.144,81.067,81.144,1674.98
1783273080000,81.144,81.144,81.119,81.119,1223.35
1783273140000,81.125,81.167,81.119,81.129,1600.29
1783273200000,81.129,81.13,81.101,81.129,1273.68
1783273260000,81.129,81.129,81.092,81.098,922.97
1783273320000,81.092,81.098,81.077,81.078,1342.74
1783273380000,81.078,81.085,81.024,81.025,3059.57
1783273440000,81.025,81.032,80.976,80.984,1327.22
1783273500000,80.977,81.019,80.977,81.002,975.74
1783273560000,81.024,81.024,80.981,80.989,1317.47
1783273620000,80.989,81.099,80.981,81.092,1252.52
1783273680000,81.099,81.146,81.077,81.105,1056.14
1783273740000,81.098,81.106,81.077,81.085,967.88
1783273800000,81.085,81.086,81.053,81.053,1600.88
1783273860000,81.053,81.078,81.042,81.042,1012.19
1783273920000,81.042,81.049,81.001,81.009,1039.97
1783273980000,81.001,81.03,81.001,81.001,1235.9
1783274040000,81.009,81.032,80.983,81.025,2815.03
1783274100000,81.032,81.078,81.024,81.078,1009.33
1783274160000,81.077,81.093,81.039,81.085,1140.48
1783274220000,81.085,81.116,81.084,81.107,963.9
1783274280000,81.108,81.13,81.097,81.098,1783.36
1783274340000,81.105,81.106,81.097,81.105,987.23
1783274400000,81.097,81.11,81.08,81.11,1203.01
1783274460000,81.109,81.126,81.078,81.086,1025.78
1783274520000,81.079,81.153,81.079,81.145,1075.01
1783274580000,81.145,81.153,81.087,81.088,1079.24
1783274640000,81.088,81.105,81.048,81.096,932.61
1783274700000,81.096,81.16,81.096,81.159,1871.66
1783274760000,81.159,81.16,81.132,81.133,907.52
1783274820000,81.133,81.18,81.132,81.132,1032.35
1783274880000,81.14,81.176,81.069,81.075,1259.3
1783274940000,81.075,81.136,81.069,81.127,1765.0
1783275000000,81.127,81.16,81.127,81.16,998.77
1783275060000,81.159,81.159,81.135,81.138,1067.88
1783275120000,81.138,81.145,81.117,81.118,1035.89
1783275180000,81.125,81.126,81.118,81.125,947.35
1783275240000,81.125,81.142,81.091,81.109,1190.04
1783275300000,81.116,81.15,81.109,81.125,1170.22
1783275360000,81.118,81.2,81.117,81.199,1427.33
1783275420000,81.199,81.2,81.117,81.125,1434.86
1783275480000,81.118,81.159,81.117,81.152,982.01
1783275540000,81.16,81.185,81.152,81.185,987.25
1783275600000,81.186,81.186,81.177,81.177,1103.6
1783275660000,81.178,81.186,81.177,81.185,964.39
1783275720000,81.185,81.186,81.159,81.165,1057.33
1783275780000,81.159,81.176,81.129,81.155,1219.01
1783275840000,81.148,81.172,81.147,81.172,1058.93
1783275900000,81.165,81.206,81.164,81.205,1102.32
1783275960000,81.197,81.226,81.197,81.208,1411.37
1783276020000,81.208,81.209,81.178,81.178,1121.39
1783276080000,81.178,81.186,81.152,81.158,1414.47
1783276140000,81.151,81.159,81.116,81.116,1177.02
1783276200000,81.117,81.142,81.108,81.123,1078.68
1783276260000,81.116,81.16,81.116,81.159,1062.93
1783276320000,81.159,81.159,81.093,81.125,1873.52
1783276380000,81.132,81.132,81.094,81.102,955.19
1783276440000,81.108,81.112,81.101,81.112,1788.26
1783276500000,81.112,81.112,81.08,81.081,1297.69
1783276560000,81.08,81.081,81.038,81.039,1059.27
1783276620000,81.039,81.052,81.038,81.052,1468.16
1783276680000,81.052,81.072,81.044,81.072,979.96
1783276740000,81.065,81.113,81.065,81.112,1251.39
1783276800000,81.112,81.157,81.105,81.148,3012.04
1783276860000,81.148,81.156,81.147,81.148,1087.17
1783276920000,81.147,81.156,81.145,81.145,1164.75
1783276980000,81.152,81.172,81.145,81.165,960.26
1783277040000,81.172,81.172,81.132,81.133,1035.35
1783277100000,81.139,81.14,81.071,81.08,1035.74
1783277160000,81.071,81.096,81.069,81.076,1087.13
1783277220000,81.076,81.077,81.068,81.076,1056.5
1783277280000,81.076,81.106,81.068,81.105,1067.99
1783277340000,81.105,81.123,81.098,81.116,1060.44
1783277400000,81.116,81.122,81.058,81.095,1299.25
1783277460000,81.095,81.206,81.068,81.193,1676.83
1783277520000,81.193,81.21,81.141,81.172,2193.65
1783277580000,81.172,81.193,81.146,81.185,1171.29
1783277640000,81.192,81.192,81.137,81.138,1118.93
1783277700000,81.145,81.145,81.0,81.003,1347.45
1783277760000,81.003,81.102,81.001,81.049,1737.69
1783277820000,81.049,81.063,81.044,81.045,3157.7
1783277880000,81.045,81.053,80.982,80.982,2071.75
1783277940000,80.982,80.983,80.951,80.972,1793.84
1783278000000,80.972,80.978,80.923,80.952,3790.86
1783278060000,80.944,80.951,80.901,80.928,1388.83
1783278120000,80.935,80.969,80.927,80.961,1131.84
1783278180000,80.961,81.04,80.961,81.039,1281.85
1783278240000,81.025,81.033,80.975,80.982,1402.5
1783278300000,80.982,80.986,80.951,80.958,1163.05
1783278360000,80.965,80.985,80.921,80.949,1313.72
1783278420000,80.955,80.962,80.927,80.962,1319.01
1783278480000,80.962,80.989,80.955,80.978,1182.35
1783278540000,80.978,80.986,80.946,80.967,965.06
1783278600000,80.974,80.978,80.967,80.975,1580.71
1783278660000,80.968,80.999,80.968,80.99,1220.51
1783278720000,81.002,81.04,80.995,81.04,1303.1
1783278780000,81.038,81.063,81.026,81.034,1617.6
1783278840000,81.034,81.035,81.0,81.001,1158.58
1783278900000,81.005,81.046,81.001,81.038,1072.31
1783278960000,81.046,81.046,81.018,81.035,1125.94
1783279020000,81.034,81.042,80.965,80.965,1556.41
1783279080000,80.966,80.966,80.958,80.965,1076.09
1783279140000,80.965,80.966,80.954,80.955,1463.96
1783279200000,80.954,80.962,80.917,80.918,1389.56
1783279260000,80.926,80.93,80.846,80.895,2039.22
1783279320000,80.888,80.919,80.887,80.902,990.86
1783279380000,80.894,80.916,80.872,80.909,1368.41
1783279440000,80.916,80.917,80.891,80.898,1286.59
1783279500000,80.898,80.93,80.784,80.789,17788.26
1783279560000,80.789,80.863,80.788,80.846,1317.92
1783279620000,80.846,80.855,80.814,80.835,1345.19
1783279680000,80.835,80.9,80.834,80.9,1788.12
1783279740000,80.899,80.926,80.875,80.912,1232.82
1783279800000,80.912,80.943,80.872,80.942,1181.84
1783279860000,80.942,80.99,80.934,80.982,1075.17
1783279920000,80.99,81.031,80.981,81.018,1301.77
1783279980000,81.018,81.026,80.972,80.999,1365.97
1783280040000,80.992,81.0,80.958,80.958,1208.92
1783280100000,80.958,80.966,80.922,80.923,1209.22
1783280160000,80.923,80.93,80.922,80.923,1069.19
1783280220000,80.93,80.969,80.923,80.969,1263.14
1783280280000,80.969,80.97,80.961,80.962,1085.29
1783280340000,80.962,81.006,80.962,81.005,1051.83
1783280400000,80.998,81.006,80.962,80.989,1260.37
1783280460000,80.989,80.99,80.942,80.948,996.43
1783280520000,80.947,80.955,80.9,80.908,1264.86
1783280580000,80.908,80.908,80.856,80.862,1764.89
1783280640000,80.863,80.99,80.856,80.989,1820.95
1783280700000,80.99,81.0,80.989,80.99,1169.84
1783280760000,80.999,81.0,80.99,80.99,997.84
1783280820000,80.999,81.037,80.989,81.036,1063.27
1783280880000,81.036,81.083,81.029,81.055,1422.1
1783280940000,81.055,81.056,81.001,81.002,1858.83
1783281000000,81.009,81.009,80.962,80.962,1026.21
1783281060000,80.962,80.97,80.961,80.963,1190.62
1783281120000,80.969,80.996,80.927,80.928,899.1
1783281180000,80.928,80.936,80.927,80.928,938.68
1783281240000,80.927,80.955,80.927,80.955,1026.51
1783281300000,80.948,80.955,80.931,80.932,1024.83
1783281360000,80.958,80.982,80.951,80.974,1674.51
1783281420000,80.974,80.999,80.974,80.982,1098.63
1783281480000,80.982,81.003,80.975,81.002,1042.14
1783281540000,80.995,81.023,80.995,80.999,1186.55
1783281600000,81.005,81.006,80.977,81.0,1110.98
1783281660000,81.0,81.007,80.954,80.955,1062.28
1783281720000,80.955,81.017,80.955,81.002,10931.85
1783281780000,81.002,81.02,80.978,80.985,1101.94
1783281840000,80.979,81.003,80.975,80.982,1029.83
1783281900000,80.982,81.0,80.974,80.992,1052.07
1783281960000,80.991,81.02,80.991,80.995,937.9
1783282020000,80.995,81.06,80.995,81.057,1107.23
1783282080000,81.057,81.06,81.006,81.041,1140.71
1783282140000,81.049,81.113,81.04,81.075,4495.89
1783282200000,81.075,81.116,81.06,81.061,1192.38
1783282260000,81.068,81.069,81.06,81.068,1002.76
1783282320000,81.061,81.106,81.061,81.08,1015.06
1783282380000,81.081,81.089,81.021,81.021,1040.48
1783282440000,81.022,81.045,81.015,81.045,948.66
1783282500000,81.038,81.046,81.038,81.045,927.13
1783282560000,81.039,81.046,81.002,81.002,1024.92
1783282620000,81.001,81.005,80.963,81.002,1141.59
1783282680000,81.002,81.002,80.991,80.998,1205.67
1783282740000,80.998,80.998,80.947,80.948,1022.1
1783282800000,80.948,80.975,80.947,80.958,1545.04
1783282860000,80.965,81.043,80.958,81.043,1078.29
1783282920000,81.035,81.043,80.994,81.015,1012.12
1783282980000,81.022,81.032,80.997,81.032,1490.12
1783283040000,81.032,81.033,81.024,81.025,961.9
1783283100000,81.032,81.033,81.024,81.025,1021.33
1783283160000,81.032,81.032,80.958,80.965,1024.19
1783283220000,80.959,80.966,80.958,80.965,1118.26
1783283280000,80.966,80.966,80.92,80.921,1025.12
1783283340000,80.93,80.978,80.92,80.975,4744.17
1783283400000,80.976,81.01,80.945,81.009,1249.77
1783283460000,81.002,81.01,80.939,80.939,1029.31
1783283520000,80.93,80.969,80.93,80.938,1261.56
1783283580000,80.945,80.945,80.917,80.918,1028.45
1783283640000,80.918,80.962,80.918,80.962,1036.59
1783283700000,80.962,80.962,80.927,80.948,1188.78
1783283760000,80.948,80.956,80.927,80.935,1095.45
1783283820000,80.928,80.936,80.905,80.924,974.28
1783283880000,80.924,80.948,80.923,80.948,1076.68
1783283940000,80.94,80.966,80.932,80.932,1111.58
1783284000000,80.939,80.956,80.932,80.955,1090.41
1783284060000,80.955,80.955,80.93,80.938,991.09
1783284120000,80.93,80.938,80.93,80.931,937.31
1783284180000,80.931,80.956,80.931,80.956,995.33
1783284240000,80.955,80.972,80.947,80.972,975.69
1783284300000,80.972,80.972,80.963,80.971,1061.34
1783284360000,80.972,81.006,80.964,81.005,1236.0
1783284420000,81.005,81.005,80.949,80.975,957.6
1783284480000,80.975,80.976,80.967,80.975,974.41
1783284540000,80.975,80.996,80.975,80.977,1097.83
1783284600000,80.977,80.999,80.977,80.992,1100.15
1783284660000,80.998,80.999,80.978,80.981,1077.39
1783284720000,80.981,80.981,80.951,80.959,1038.7
1783284780000,80.952,80.96,80.951,80.952,1035.24
1783284840000,80.959,80.96,80.934,80.942,1098.33
1783284900000,80.943,80.995,80.935,80.988,968.94
1783284960000,80.988,80.996,80.988,80.988,973.23
1783285020000,80.988,81.01,80.987,81.009,1028.75
1783285080000,81.009,81.013,81.004,81.012,1157.65
1783285140000,81.005,81.04,81.004,81.025,1045.15
1783285200000,81.031,81.053,80.933,80.939,1006.35
1783285260000,80.939,80.961,80.892,80.961,1621.91
1783285320000,80.954,80.961,80.937,80.938,1046.55
1783285380000,80.944,80.993,80.937,80.984,1168.32
1783285440000,80.991,81.009,80.975,80.981,979.49
1783285500000,80.981,80.992,80.953,80.954,1617.6
1783285560000,80.961,80.962,80.934,80.961,1084.74
1783285620000,80.961,80.962,80.878,80.902,1045.05
1783285680000,80.896,80.941,80.888,80.935,1281.29
1783285740000,80.941,80.972,80.729,80.747,3236.9
1783285800000,80.748,80.83,80.748,80.829,7853.54
1783285860000,80.829,80.862,80.821,80.861,1050.21
1783285920000,80.861,80.909,80.851,80.908,1140.27
1783285980000,80.908,80.926,80.9,80.925,1065.51
1783286040000,80.925,80.926,80.917,80.918,1099.28
1783286100000,80.925,80.926,80.9,80.918,1378.95
1783286160000,80.918,80.95,80.918,80.949,1265.08
1783286220000,80.949,80.983,80.941,80.982,1046.55
1783286280000,80.976,81.12,80.976,81.108,4577.46
1783286340000,81.115,81.296,81.109,81.295,10776.59
1783286400000,81.288,81.303,81.253,81.299,1306.94
1783286460000,81.299,81.303,81.237,81.303,6220.88
1783286520000,81.303,81.38,81.302,81.344,8917.35
1783286580000,81.344,81.453,81.326,81.355,10641.59
1783286640000,81.355,81.355,81.318,81.335,1738.1
1783286700000,81.343,81.376,81.257,81.369,1339.82
1783286760000,81.368,81.376,81.318,81.335,1353.54
1783286820000,81.322,81.323,81.316,81.322,1038.12
1783286880000,81.322,81.459,81.316,81.447,1273.61
1783286940000,81.457,81.526,81.446,81.482,4104.83
1783287000000,81.475,82.206,81.433,81.87,35371.41
1783287060000,81.852,81.87,81.592,81.638,4709.2
1783287120000,81.639,81.698,81.617,81.681,1658.64
1783287180000,81.674,81.71,81.613,81.659,1256.54
1783287240000,81.659,81.659,81.608,81.617,1380.21
1783287300000,81.617,81.618,81.557,81.578,1485.74
1783287360000,81.585,81.59,81.517,81.586,2187.87
1783287420000,81.579,81.618,81.558,81.559,1780.3
1783287480000,81.558,81.606,81.558,81.588,1278.26
1783287540000,81.588,81.588,81.547,81.575,1965.53
1783287600000,81.568,81.599,81.505,81.533,1443.46
1783287660000,81.533,81.575,81.494,81.522,1074.17
1783287720000,81.515,81.527,81.481,81.492,1316.19
1783287780000,81.493,81.54,81.481,81.532,4280.87
1783287840000,81.539,81.638,81.522,81.621,3048.73
1783287900000,81.621,81.622,81.525,81.541,1827.43
1783287960000,81.541,81.549,81.521,81.529,1082.69
1783288020000,81.529,81.538,81.519,81.537,1317.91
1783288080000,81.537,81.538,81.529,81.53,1098.19
1783288140000,81.53,81.555,81.464,81.482,4302.08
1783288200000,81.487,81.49,81.462,81.472,1345.47
1783288260000,81.471,81.474,81.457,81.466,2445.26
1783288320000,81.458,81.518,81.458,81.471,1552.83
1783288380000,81.47,81.526,81.47,81.518,1053.15
1783288440000,81.526,81.591,81.518,81.59,1159.31
1783288500000,81.58,81.77,81.548,81.77,1606.4
1783288560000,81.776,81.98,81.776,81.98,4472.86
1783288620000,81.98,81.989,81.836,81.895,7395.11
1783288680000,81.889,81.902,81.778,81.779,1745.64
1783288740000,81.779,81.822,81.75,81.751,1161.43
1783288800000,81.75,81.781,81.611,81.724,7839.54
1783288860000,81.716,81.789,81.685,81.779,1162.24
1783288920000,81.779,81.9,81.742,81.882,1416.52
1783288980000,81.882,82.09,81.882,81.886,5154.37
1783289040000,81.887,81.887,81.685,81.772,4146.29
1783289100000,81.772,81.8,81.702,81.8,1216.72
1783289160000,81.836,81.837,81.708,81.739,1826.5
1783289220000,81.739,81.74,81.701,81.719,1093.54
1783289280000,81.719,81.722,81.655,81.722,1069.03
1783289340000,81.715,81.726,81.68,81.726,1680.09
1783289400000,81.719,81.783,81.708,81.783,1026.33
1783289460000,81.775,81.882,81.774,81.862,1219.33
1783289520000,81.863,81.96,81.815,81.959,1350.13
1783289580000,81.95,82.002,81.904,81.982,2440.07
1783289640000,81.982,82.034,81.975,81.976,1709.74
1783289700000,81.983,81.984,81.881,81.898,1487.86
1783289760000,81.905,82.168,81.898,82.167,2134.8
1783289820000,82.122,82.129,82.046,82.051,13262.86
1783289880000,82.051,82.079,82.019,82.053,1350.34
1783289940000,82.054,82.063,82.004,82.042,1490.8
1783290000000,82.042,82.276,81.949,82.199,3317.2
1783290060000,82.191,82.38,82.146,82.368,13225.08
1783290120000,82.369,82.376,82.268,82.304,2385.48
1783290180000,82.304,82.312,82.204,82.212,2196.04
1783290240000,82.212,82.29,82.204,82.245,2099.74
1783290300000,82.251,82.251,82.081,82.156,3024.42
1783290360000,82.149,82.25,82.105,82.113,1407.19
1783290420000,82.106,82.127,82.058,82.119,1441.15
1783290480000,82.126,82.21,82.118,82.197,1458.32
1783290540000,82.205,82.205,82.019,82.129,1488.05
1783290600000,82.119,82.315,82.119,82.25,2629.66
1783290660000,82.207,82.309,82.175,82.209,6156.31
1783290720000,82.209,82.216,81.97,81.971,3994.68
1783290780000,81.971,81.982,81.814,81.815,2211.0
1783290840000,81.8,81.839,81.745,81.791,1646.8
1783290900000,81.785,81.792,81.665,81.77,5041.19
1783290960000,81.769,81.87,81.761,81.826,4204.73
1783291020000,81.846,81.867,81.808,81.815,8068.31
1783291080000,81.822,81.822,81.74,81.748,1263.53
1783291140000,81.742,81.832,81.741,81.812,1177.94
1783291200000,81.805,81.812,81.714,81.794,1151.46
1783291260000,81.794,81.844,81.748,81.756,1227.81
1783291320000,81.749,81.757,81.69,81.69,1287.51
1783291380000,81.69,81.693,81.635,81.675,1720.19
1783291440000,81.682,81.683,81.614,81.641,2131.28
1783291500000,81.641,81.703,81.622,81.672,3211.04
1783291560000,81.673,81.73,81.634,81.696,1295.65
1783291620000,81.696,81.829,81.689,81.822,1504.28
1783291680000,81.798,81.806,81.644,81.652,1272.86
1783291740000,81.645,81.706,81.644,81.664,1174.21
1783291800000,81.664,81.664,81.627,81.635,1680.66
1783291860000,81.628,81.678,81.611,81.671,1546.63
1783291920000,81.678,81.68,81.652,81.672,966.74
1783291980000,81.679,81.713,81.671,81.706,1069.54
1783292040000,81.712,81.726,81.67,81.718,1096.88
1783292100000,81.726,81.763,81.661,81.698,7832.93
1783292160000,81.698,81.722,81.668,81.669,2036.33
1783292220000,81.669,81.726,81.635,81.696,1361.74
1783292280000,81.696,81.795,81.689,81.794,1349.17
1783292340000,81.787,81.815,81.771,81.798,7226.85
1783292400000,81.798,81.845,81.741,81.742,2863.61
1783292460000,81.742,81.752,81.714,81.744,1952.92
1783292520000,81.751,81.794,81.744,81.752,1105.03
1783292580000,81.752,81.76,81.724,81.759,1273.42
1783292640000,81.752,81.8,81.736,81.762,1152.15
1783292700000,81.762,81.877,81.761,81.876,1423.4
1783292760000,81.876,81.877,81.848,81.87,3811.32
1783292820000,81.866,81.87,81.731,81.801,1130.69
1783292880000,81.801,81.812,81.765,81.804,1090.88
1783292940000,81.804,81.812,81.684,81.722,1452.78
1783293000000,81.715,81.75,81.715,81.743,1122.43
1783293060000,81.75,81.798,81.743,81.768,1311.21
1783293120000,81.775,81.86,81.768,81.859,1503.43
1783293180000,81.859,81.92,81.852,81.884,5462.91
1783293240000,81.878,81.933,81.877,81.932,1797.34
1783293300000,81.925,82.015,81.867,82.014,11401.35
1783293360000,82.015,82.043,81.948,81.955,1379.44
1783293420000,81.925,81.952,81.821,81.855,1527.37
1783293480000,81.847,81.892,81.824,81.851,3830.35
1783293540000,81.852,82.0,81.852,81.932,1320.54
1783293600000,81.939,81.94,81.814,81.823,1197.91
1783293660000,81.815,81.943,81.815,81.936,1168.53
1783293720000,81.942,81.942,81.792,81.809,1376.05
1783293780000,81.809,81.838,81.734,81.819,5326.44
1783293840000,81.813,81.813,81.58,81.581,7912.49
1783293900000,81.586,81.586,81.531,81.545,5922.89
1783293960000,81.552,81.616,81.545,81.615,3063.56
1783294020000,81.608,81.631,81.552,81.624,4522.02
1783294080000,81.631,81.706,81.624,81.672,1205.42
1783294140000,81.672,81.673,81.594,81.614,1146.97
1783294200000,81.614,81.652,81.568,81.651,1393.41
1783294260000,81.644,81.733,81.644,81.701,4376.16
1783294320000,81.694,81.701,81.633,81.651,1220.18
1783294380000,81.659,81.748,81.658,81.724,1089.01
1783294440000,81.724,81.731,81.654,81.662,1318.27
1783294500000,81.662,81.662,81.597,81.598,1770.52
1783294560000,81.598,81.604,81.574,81.574,987.63
1783294620000,81.575,81.65,81.547,81.568,1479.14
1783294680000,81.576,81.576,81.541,81.562,1080.94
1783294740000,81.562,81.562,81.501,81.531,3663.87
1783294800000,81.531,81.563,81.522,81.549,1704.88
1783294860000,81.542,81.637,81.542,81.635,1494.48
1783294920000,81.635,81.73,81.634,81.681,1536.08
1783294980000,81.688,81.692,81.625,81.685,1104.73
1783295040000,81.668,81.676,81.631,81.639,1058.53
1783295100000,81.639,81.639,81.581,81.612,1335.54
1783295160000,81.603,81.655,81.588,81.595,1242.76
1783295220000,81.588,81.622,81.467,81.476,2774.3
1783295280000,81.476,81.483,81.382,81.463,2096.74
1783295340000,81.463,81.517,81.419,81.509,2261.31
1783295400000,81.509,81.55,81.492,81.531,2451.45
1783295460000,81.525,81.55,81.503,81.55,1974.31
1783295520000,81.549,81.549,81.452,81.466,1293.71
1783295580000,81.459,81.479,81.441,81.471,1398.03
1783295640000,81.479,81.502,81.47,81.475,1062.05
1783295700000,81.483,81.483,81.474,81.482,971.53
1783295760000,81.482,81.482,81.404,81.405,1898.24
1783295820000,81.431,81.443,81.423,81.435,1171.23
1783295880000,81.442,81.502,81.435,81.494,1554.14
1783295940000,81.501,81.562,81.494,81.555,1252.12
1783296000000,81.561,81.563,81.416,81.417,1592.69
1783296060000,81.417,81.417,81.327,81.349,2235.62
1783296120000,81.349,81.47,81.326,81.469,1193.16
1783296180000,81.465,81.509,81.462,81.489,1306.69
1783296240000,81.482,81.498,81.427,81.479,1383.84
1783296300000,81.486,81.51,81.45,81.45,1094.12
1783296360000,81.449,81.497,81.428,81.481,2016.35
1783296420000,81.482,81.488,81.391,81.392,1261.36
1783296480000,81.409,81.532,81.409,81.455,1412.52
1783296540000,81.462,81.488,81.41,81.488,1438.92
1783296600000,81.488,81.488,81.283,81.318,3546.91
1783296660000,81.318,81.44,81.317,81.438,1200.36
1783296720000,81.438,81.462,81.421,81.462,1102.31
1783296780000,81.455,81.499,81.438,81.487,1646.35
1783296840000,81.498,81.52,81.439,81.52,1056.48
1783296900000,81.52,81.694,81.52,81.69,1982.19
1783296960000,81.679,81.686,81.582,81.582,2112.78
1783297020000,81.581,81.581,81.535,81.552,1233.22
1783297080000,81.552,81.582,81.501,81.538,1231.92
1783297140000,81.538,81.538,81.38,81.381,1126.9
1783297200000,81.381,81.465,81.378,81.441,1188.92
1783297260000,81.434,81.442,81.398,81.399,1193.63
1783297320000,81.399,81.406,81.229,81.255,2101.34
1783297380000,81.229,81.348,81.228,81.347,1209.15
1783297440000,81.339,81.366,81.275,81.275,1211.17
1783297500000,81.255,81.294,81.189,81.19,2271.62
1783297560000,81.19,81.288,81.155,81.287,1903.98
1783297620000,81.287,81.31,81.23,81.288,1215.62
1783297680000,81.288,81.3,81.21,81.3,2417.43
1783297740000,81.3,81.3,81.21,81.212,1093.02
1783297800000,81.212,81.272,81.074,81.258,4638.99
1783297860000,81.25,81.317,81.242,81.298,1315.03
1783297920000,81.298,81.349,81.23,81.281,3277.54
1783297980000,81.241,81.321,81.215,81.272,1316.44
1783298040000,81.279,81.372,81.252,81.364,1212.41
1783298100000,81.371,81.44,81.314,81.361,1203.5
1783298160000,81.361,81.406,81.322,81.399,1200.89
1783298220000,81.405,81.45,81.394,81.449,1062.59
1783298280000,81.45,81.599,81.449,81.531,2792.87
1783298340000,81.538,81.616,81.531,81.536,1187.89
1783298400000,81.536,81.82,81.535,81.811,2841.71
1783298460000,81.773,81.793,81.734,81.736,1387.73
1783298520000,81.742,81.793,81.735,81.736,1150.23
1783298580000,81.735,81.832,81.735,81.831,1748.14
1783298640000,81.831,81.885,81.786,81.842,1258.56
1783298700000,81.842,82.022,81.842,81.95,3064.5
1783298760000,81.942,82.011,81.916,81.925,2721.2
1783298820000,81.916,81.925,81.81,81.811,1727.37
1783298880000,81.818,82.043,81.81,82.022,3476.16
1783298940000,82.03,82.042,81.974,81.999,4282.96
1783299000000,82.0,82.181,82.0,82.18,3298.46
1783299060000,82.181,82.186,82.074,82.074,2426.17
1783299120000,82.075,82.113,82.021,82.029,1264.87
1783299180000,82.03,82.102,82.022,82.085,1050.87
1783299240000,82.084,82.091,82.024,82.033,1049.13
1783299300000,82.024,82.058,82.024,82.034,1161.43
1783299360000,82.028,82.072,82.028,82.068,1474.46
1783299420000,82.061,82.119,82.06,82.118,1740.28
1783299480000,82.118,82.152,82.088,82.144,2871.11
1783299540000,82.151,82.2,82.143,82.173,4293.02
1783299600000,82.173,82.182,82.125,82.181,2388.08
1783299660000,82.175,82.21,82.121,82.209,1614.94
1783299720000,82.209,82.305,82.169,82.177,3772.59
1783299780000,82.171,82.191,82.113,82.134,1394.65
1783299840000,82.134,82.182,82.062,82.102,2918.25
1783299900000,82.094,82.108,82.054,82.071,4090.99
1783299960000,82.079,82.144,82.04,82.134,6377.21
1783300020000,82.127,82.172,82.084,82.171,1017.19
1783300080000,82.171,82.222,82.13,82.212,1190.32
1783300140000,82.212,82.219,82.08,82.184,1258.58
1783300200000,82.177,82.177,82.055,82.081,1223.03
1783300260000,82.081,82.081,82.028,82.028,1065.69
1783300320000,82.029,82.061,81.985,82.045,2434.67
1783300380000,82.045,82.059,81.99,82.058,1434.84
1783300440000,82.051,82.082,81.953,81.978,1377.62
1783300500000,81.978,81.99,81.891,81.99,1307.75
1783300560000,81.982,82.066,81.958,82.038,1280.19
1783300620000,82.031,82.059,81.952,81.994,1085.45
1783300680000,81.994,82.018,81.95,81.989,1187.56
1783300740000,81.958,81.999,81.952,81.997,1114.81
1783300800000,81.999,82.055,81.997,82.032,1060.68
1783300860000,82.025,82.033,81.99,82.011,1131.99
1783300920000,82.011,82.018,81.96,82.005,1090.75
1783300980000,81.998,82.005,81.923,81.965,1139.09
1783301040000,81.965,81.972,81.833,81.834,4836.07
1783301100000,81.834,81.834,81.711,81.748,1382.63
1783301160000,81.741,81.749,81.661,81.69,5211.03
1783301220000,81.69,81.737,81.642,81.737,1752.1
1783301280000,81.729,81.77,81.715,81.762,1149.76
1783301340000,81.762,81.82,81.762,81.799,1666.42
1783301400000,81.792,81.808,81.744,81.802,1067.18
1783301460000,81.802,81.883,81.802,81.875,1198.93
1783301520000,81.886,82.03,81.862,81.994,2598.62
1783301580000,81.968,81.968,81.901,81.931,1054.14
1783301640000,81.931,82.071,81.93,82.034,1287.04
1783301700000,82.033,82.086,82.03,82.037,2104.87
1783301760000,82.037,82.044,82.0,82.018,1186.95
1783301820000,82.024,82.073,82.005,82.038,2245.38
1783301880000,82.038,82.058,81.96,81.96,1090.56
1783301940000,81.96,81.962,81.93,81.961,1818.73
1783302000000,81.961,81.979,81.926,81.978,1557.9
1783302060000,81.972,81.999,81.926,81.999,1128.14
1783302120000,81.975,81.975,81.925,81.956,1040.82
1783302180000,81.952,81.991,81.949,81.949,979.46
1783302240000,81.948,81.972,81.931,81.931,1036.67
1783302300000,81.938,81.938,81.751,81.776,1470.35
1783302360000,81.769,81.803,81.732,81.755,1105.31
1783302420000,81.754,81.818,81.738,81.759,1698.59
1783302480000,81.759,81.759,81.65,81.65,2204.07
1783302540000,81.65,81.651,81.601,81.642,1554.61
1783302600000,81.642,81.67,81.633,81.639,986.24
1783302660000,81.639,81.683,81.633,81.682,1128.17
1783302720000,81.683,81.683,81.58,81.613,3325.21
1783302780000,81.596,81.683,81.589,81.662,1393.56
1783302840000,81.669,81.683,81.642,81.643,1164.14
1783302900000,81.65,81.65,81.598,81.628,1119.67
1783302960000,81.62,81.629,81.58,81.596,1939.54
1783303020000,81.59,81.596,81.441,81.481,3001.88
1783303080000,81.481,81.491,81.465,81.473,1035.09
1783303140000,81.473,81.514,81.465,81.513,1616.83
1783303200000,81.506,81.554,81.505,81.546,1043.99
1783303260000,81.546,81.607,81.536,81.579,1782.18
1783303320000,81.539,81.567,81.456,81.567,1304.36
1783303380000,81.56,81.568,81.478,81.546,1263.77
1783303440000,81.553,81.58,81.448,81.485,2031.22
1783303500000,81.478,81.478,81.374,81.384,1354.03
1783303560000,81.384,81.385,81.317,81.326,2834.26
1783303620000,81.327,81.343,81.271,81.279,2347.17
1783303680000,81.26,81.26,81.168,81.236,5220.55
1783303740000,81.229,81.269,81.229,81.246,1754.9
1783303800000,81.245,81.26,81.199,81.252,1607.09
1783303860000,81.251,81.26,81.19,81.25,1286.56
1783303920000,81.243,81.251,81.141,81.178,1656.6
1783303980000,81.178,81.229,81.171,81.189,2282.02
1783304040000,81.189,81.227,81.189,81.219,1394.69
1783304100000,81.226,81.25,81.194,81.249,1258.38
1783304160000,81.242,81.26,81.193,81.252,1118.35
1783304220000,81.252,81.261,81.214,81.221,1818.08
1783304280000,81.222,81.288,81.214,81.288,1085.9
1783304340000,81.288,81.32,81.215,81.272,1462.29
1783304400000,81.273,81.44,81.266,81.411,2554.42
1783304460000,81.419,81.429,81.372,81.402,4234.57
1783304520000,81.402,81.622,81.402,81.622,3877.92
1783304580000,81.62,81.636,81.607,81.62,1556.27
1783304640000,81.62,81.63,81.619,81.62,1127.53
1783304700000,81.629,81.63,81.552,81.552,1372.93
1783304760000,81.558,81.559,81.501,81.526,1422.99
1783304820000,81.534,81.566,81.47,81.489,1565.31
1783304880000,81.489,81.489,81.453,81.462,1067.13
1783304940000,81.455,81.462,81.334,81.358,1781.28
1783305000000,81.351,81.379,81.308,81.352,1078.48
1783305060000,81.352,81.4,81.295,81.372,1101.72
1783305120000,81.372,81.42,81.368,81.372,1210.37
1783305180000,81.372,81.378,81.26,81.26,1068.45
1783305240000,81.264,81.279,81.24,81.279,2060.2
1783305300000,81.27,81.325,81.269,81.308,995.63
1783305360000,81.308,81.336,81.267,81.329,1141.18
1783305420000,81.329,81.355,81.291,81.345,1362.82
1783305480000,81.344,81.39,81.344,81.39,1130.85
1783305540000,81.39,81.42,81.341,81.345,1459.2
1783305600000,81.341,81.345,81.224,81.243,2661.54
1783305660000,81.242,81.245,81.154,81.245,1447.03
1783305720000,81.245,81.274,81.231,81.239,2038.96
1783305780000,81.239,81.271,81.177,81.205,1066.61
1783305840000,81.213,81.228,81.136,81.137,2503.08
1783305900000,81.144,81.195,81.136,81.195,1071.54
1783305960000,81.196,81.197,81.171,81.189,1356.63
1783306020000,81.189,81.236,81.144,81.144,1367.46
1783306080000,81.152,81.152,81.11,81.142,1635.35
1783306140000,81.135,81.143,81.134,81.142,1187.79
1783306200000,81.142,81.143,81.111,81.112,1078.82
1783306260000,81.112,81.119,80.951,80.985,3959.12
1783306320000,80.985,81.005,80.955,80.956,1313.96
1783306380000,80.956,80.979,80.951,80.978,1865.42
1783306440000,80.979,81.017,80.971,81.016,1669.08
1783306500000,81.009,81.025,80.991,81.025,1982.22
1783306560000,81.019,81.019,80.82,80.828,6906.64
1783306620000,80.821,80.926,80.82,80.919,2995.99
1783306680000,80.918,80.973,80.915,80.965,1888.19
1783306740000,80.965,81.022,80.965,81.002,1993.1
1783306800000,80.985,80.995,80.955,80.97,1844.18
1783306860000,80.97,80.97,80.912,80.95,1014.5
1783306920000,80.942,80.973,80.903,80.903,1365.28
1783306980000,80.91,80.964,80.903,80.932,1766.45
1783307040000,80.94,80.973,80.931,80.956,958.27
1783307100000,80.956,80.963,80.94,80.94,1174.66
1783307160000,80.94,80.941,80.818,80.854,1747.8
1783307220000,80.862,80.921,80.818,80.899,7694.97
1783307280000,80.906,80.906,80.836,80.885,1071.25
1783307340000,80.878,80.907,80.877,80.906,1117.18
1783307400000,80.899,81.0,80.898,80.999,1130.8
1783307460000,81.0,81.012,80.966,80.978,4096.28
1783307520000,80.982,80.983,80.901,80.902,3866.54
1783307580000,80.909,80.913,80.861,80.861,3360.5
1783307640000,80.869,80.894,80.831,80.887,7176.88
1783307700000,80.886,80.887,80.818,80.858,4254.0
1783307760000,80.858,80.924,80.85,80.923,1115.63
1783307820000,80.923,80.953,80.895,80.899,2121.94
1783307880000,80.899,80.913,80.895,80.906,2367.57
1783307940000,80.886,80.893,80.886,80.892,1026.66
1783308000000,80.892,80.892,80.841,80.852,986.72
1783308060000,80.842,80.853,80.798,80.826,5075.78
1783308120000,80.826,80.827,80.475,80.483,32190.0
1783308180000,80.483,80.557,80.435,80.463,9548.09
1783308240000,80.463,80.604,80.425,80.566,4447.44
1783308300000,80.566,80.591,80.545,80.575,8103.32
1783308360000,80.576,80.585,80.495,80.585,1379.96
1783308420000,80.578,80.663,80.578,80.636,2381.73
1783308480000,80.628,80.644,80.628,80.642,4345.85
1783308540000,80.635,80.649,80.579,80.649,3292.9
1783308600000,80.641,80.667,80.502,80.535,4819.39
1783308660000,80.542,80.606,80.461,80.472,2226.16
1783308720000,80.472,80.6,80.456,80.599,1455.25
1783308780000,80.599,80.622,80.575,80.583,1228.2
1783308840000,80.576,80.604,80.549,80.603,10424.71
1783308900000,80.603,80.714,80.603,80.67,3344.13
1783308960000,80.677,80.744,80.669,80.729,4200.36
1783309020000,80.729,80.774,80.713,80.749,1210.21
1783309080000,80.757,80.783,80.699,80.732,8203.3
1783309140000,80.726,80.753,80.685,80.693,1290.26
1783309200000,80.685,80.695,80.665,80.666,1430.21
1783309260000,80.676,80.697,80.666,80.696,1104.18
1783309320000,80.665,80.743,80.61,80.639,5028.24
1783309380000,80.632,80.687,80.565,80.565,1074.67
1783309440000,80.574,80.574,80.548,80.562,2622.2
1783309500000,80.562,80.605,80.522,80.599,1248.17
1783309560000,80.605,80.606,80.561,80.572,1962.81
1783309620000,80.578,80.587,80.549,80.579,1684.18
1783309680000,80.579,80.617,80.578,80.609,2212.44
1783309740000,80.609,80.617,80.609,80.616,1206.02
1783309800000,80.616,80.667,80.588,80.659,1076.67
1783309860000,80.66,80.67,80.618,80.626,2294.64
1783309920000,80.626,80.626,80.598,80.599,1144.57
1783309980000,80.606,80.653,80.598,80.652,1021.6
1783310040000,80.645,80.684,80.626,80.629,977.83
1783310100000,80.636,80.637,80.602,80.623,1236.66
1783310160000,80.63,80.703,80.622,80.695,1640.39
1783310220000,80.695,80.706,80.68,80.68,1980.65
1783310280000,80.687,80.744,80.679,80.723,1408.81
1783310340000,80.717,80.774,80.716,80.766,2047.02
1783310400000,80.765,80.773,80.72,80.735,3310.85
1783310460000,80.735,80.773,80.729,80.743,1754.57
1783310520000,80.743,80.75,80.699,80.7,1233.96
1783310580000,80.707,80.776,80.675,80.753,1085.11
1783310640000,80.759,80.835,80.753,80.832,4076.2
1783310700000,80.826,80.857,80.779,80.78,1176.66
1783310760000,80.78,80.786,80.762,80.763,957.9
1783310820000,80.769,80.802,80.755,80.776,1020.85
1783310880000,80.769,80.777,80.768,80.776,939.11
1783310940000,80.776,80.777,80.722,80.732,2705.33
1783311000000,80.724,80.813,80.705,80.806,1871.6
1783311060000,80.813,80.844,80.789,80.836,1124.24
1783311120000,80.836,80.844,80.835,80.843,1086.13
1783311180000,80.836,80.889,80.821,80.826,1066.11
1783311240000,80.826,80.899,80.821,80.898,1075.38
1783311300000,80.891,80.898,80.85,80.869,1589.19
1783311360000,80.876,80.9,80.848,80.9,1169.13
1783311420000,80.9,80.924,80.879,80.88,5354.52
1783311480000,80.86,80.903,80.851,80.903,1216.22
1783311540000,80.896,80.951,80.896,80.932,2360.0
1783311600000,80.926,80.957,80.915,80.932,3234.27
1783311660000,80.931,80.943,80.931,80.942,1096.28
1783311720000,80.942,80.946,80.922,80.929,1314.4
1783311780000,80.929,80.929,80.899,80.906,1060.61
1783311840000,80.899,80.923,80.851,80.853,2280.28
1783311900000,80.86,80.86,80.772,80.772,1615.55
1783311960000,80.782,80.783,80.755,80.76,1234.18
1783312020000,80.76,80.777,80.723,80.73,5323.76
1783312080000,80.73,80.73,80.682,80.712,1333.36
1783312140000,80.72,80.743,80.686,80.735,1056.03
1783312200000,80.735,80.761,80.693,80.761,1020.77
1783312260000,80.753,80.82,80.743,80.75,1070.95
1783312320000,80.75,80.78,80.699,80.773,1030.83
1783312380000,80.78,80.8,80.772,80.799,1243.28
1783312440000,80.799,80.843,80.755,80.755,1140.36
1783312500000,80.755,80.777,80.72,80.776,1013.04
1783312560000,80.769,80.794,80.769,80.786,1130.15
1783312620000,80.793,80.834,80.786,80.826,1158.55
1783312680000,80.85,80.867,80.842,80.849,1130.13
1783312740000,80.841,80.853,80.841,80.852,2473.72
1783312800000,80.852,80.853,80.844,80.852,1044.59
1783312860000,80.853,80.925,80.845,80.882,1236.8
1783312920000,80.882,80.907,80.881,80.899,1314.44
1783312980000,80.906,80.923,80.853,80.853,1236.97
1783313040000,80.859,80.86,80.852,80.859,999.79
1783313100000,80.859,80.859,80.831,80.85,951.56
1783313160000,80.85,80.85,80.849,80.85,988.4
1783313220000,80.85,80.875,80.832,80.832,1219.83
1783313280000,80.839,80.875,80.831,80.868,1121.2
1783313340000,80.875,80.946,80.867,80.899,1481.39
1783313400000,80.868,80.905,80.852,80.879,980.72
1783313460000,80.878,80.913,80.878,80.906,1085.8
1783313520000,80.906,80.935,80.905,80.935,1172.39
1783313580000,80.935,80.935,80.894,80.895,1087.42
1783313640000,80.895,80.903,80.876,80.902,991.87
1783313700000,80.895,80.903,80.879,80.879,1148.01
1783313760000,80.879,80.902,80.878,80.895,1042.17
1783313820000,80.902,80.903,80.894,80.895,999.97
1783313880000,80.895,80.902,80.78,80.787,1077.94
1783313940000,80.779,80.806,80.764,80.775,1550.66
1783314000000,80.782,80.783,80.728,80.772,1254.91
1783314060000,80.772,80.773,80.729,80.746,1035.88
1783314120000,80.746,80.754,80.708,80.708,1010.48
1783314180000,80.708,80.708,80.612,80.686,1882.84
1783314240000,80.686,80.689,80.601,80.601,1149.17
1783314300000,80.601,80.667,80.575,80.666,1732.63
1783314360000,80.666,80.684,80.617,80.683,1787.36
1783314420000,80.683,80.684,80.574,80.616,1085.9
1783314480000,80.616,80.617,80.548,80.566,1361.6
1783314540000,80.566,80.566,80.511,80.551,1137.34
1783314600000,80.551,80.64,80.55,80.638,2161.59
1783314660000,80.64,80.69,80.638,80.689,1490.12
1783314720000,80.689,80.69,80.661,80.669,1285.28
1783314780000,80.669,80.669,80.585,80.592,1195.87
1783314840000,80.592,80.593,80.56,80.56,1049.89
1783314900000,80.56,80.561,80.45,80.506,1420.54
1783314960000,80.499,80.567,80.492,80.567,1455.01
1783315020000,80.559,80.587,80.559,80.586,1236.85
1783315080000,80.586,80.587,80.542,80.555,1320.79
1783315140000,80.555,80.562,80.542,80.549,1920.16
1783315200000,80.549,80.589,80.542,80.582,1095.34
1783315260000,80.588,80.589,80.468,80.476,1109.73
1783315320000,80.476,80.494,80.462,80.485,1059.42
1783315380000,80.478,80.522,80.476,80.477,967.46
1783315440000,80.483,80.506,80.476,80.506,1094.64
1783315500000,80.506,80.507,80.343,80.413,4674.32
1783315560000,80.419,80.459,80.413,80.446,1009.51
1783315620000,80.452,80.452,80.429,80.43,1074.37
1783315680000,80.436,80.436,80.231,80.249,6030.1
1783315740000,80.269,80.276,80.148,80.243,3559.44
1783315800000,80.219,80.25,80.147,80.209,2201.75
1783315860000,80.209,80.217,80.138,80.14,2893.93
1783315920000,80.14,80.27,80.108,80.262,3289.93
1783315980000,80.27,80.27,80.199,80.206,1844.61
1783316040000,80.199,80.273,80.199,80.219,1804.28
1783316100000,80.226,80.297,80.219,80.286,1551.86
1783316160000,80.293,80.354,80.285,80.346,1330.19
1783316220000,80.353,80.424,80.346,80.416,1705.61
1783316280000,80.416,80.427,80.416,80.419,1677.84
1783316340000,80.426,80.427,80.382,80.382,1065.43
1783316400000,80.382,80.45,80.382,80.442,1054.3
1783316460000,80.449,80.45,80.398,80.406,1247.45
1783316520000,80.399,80.437,80.399,80.402,1143.37
1783316580000,80.409,80.47,80.401,80.469,1092.64
1783316640000,80.469,80.49,80.417,80.417,1276.41
1783316700000,80.424,80.444,80.395,80.403,1241.41
1783316760000,80.403,80.403,80.378,80.387,1400.32
1783316820000,80.386,80.403,80.371,80.372,1227.2
1783316880000,80.379,80.401,80.371,80.4,1132.14
1783316940000,80.393,80.413,80.372,80.398,1363.13
1783317000000,80.406,80.407,80.398,80.406,1038.66
1783317060000,80.406,80.416,80.398,80.416,1162.23
1783317120000,80.409,80.46,80.409,80.459,1130.2
1783317180000,80.459,80.487,80.452,80.453,1393.69
1783317240000,80.453,80.504,80.453,80.503,1395.65
1783317300000,80.503,80.507,80.479,80.506,1155.44
1783317360000,80.506,80.507,80.479,80.487,1059.28
1783317420000,80.488,80.488,80.445,80.446,972.12
1783317480000,80.446,80.454,80.386,80.386,1101.79
1783317540000,80.386,80.417,80.375,80.377,1028.71
1783317600000,80.377,80.427,80.375,80.41,1132.72
1783317660000,80.402,80.476,80.371,80.379,1185.49
1783317720000,80.372,80.38,80.371,80.379,978.89
1783317780000,80.372,80.466,80.372,80.459,1191.08
1783317840000,80.466,80.466,80.401,80.407,1035.97
1783317900000,80.407,80.407,80.365,80.372,1127.83
1783317960000,80.366,80.372,80.281,80.349,1658.75
1783318020000,80.35,80.399,80.341,80.399,1389.9
1783318080000,80.399,80.4,80.376,80.382,1067.28
1783318140000,80.355,80.396,80.348,80.395,1373.08
1783318200000,80.395,80.423,80.385,80.392,1169.47
1783318260000,80.393,80.393,80.384,80.385,1014.12
1783318320000,80.385,80.415,80.381,80.415,1273.22
1783318380000,80.408,80.416,80.407,80.408,1110.14
1783318440000,80.408,80.44,80.408,80.428,2167.89
1783318500000,80.435,80.481,80.427,80.435,1306.12
1783318560000,80.428,80.476,80.383,80.389,1259.09
1783318620000,80.389,80.399,80.352,80.359,985.55
1783318680000,80.359,80.36,80.319,80.342,1523.69
1783318740000,80.35,80.35,80.312,80.346,1316.31
1783318800000,80.346,80.346,80.262,80.27,1440.59
1783318860000,80.263,80.291,80.241,80.291,1126.09
1783318920000,80.291,80.339,80.284,80.322,1048.3
1783318980000,80.339,80.361,80.332,80.359,1747.48
1783319040000,80.352,80.369,80.312,80.335,1201.28
1783319100000,80.342,80.363,80.341,80.356,1003.03
1783319160000,80.362,80.363,80.308,80.325,1119.8
1783319220000,80.325,80.347,80.299,80.338,1050.03
1783319280000,80.338,80.347,80.31,80.339,1006.55
1783319340000,80.339,80.34,80.331,80.332,1093.6
1783319400000,80.332,80.339,80.296,80.309,1275.02
1783319460000,80.302,80.33,80.295,80.319,1065.34
1783319520000,80.312,80.32,80.311,80.319,1167.02
1783319580000,80.319,80.343,80.284,80.285,1188.47
1783319640000,80.285,80.292,80.212,80.213,2388.48
1783319700000,80.213,80.276,80.213,80.255,1275.57
1783319760000,80.262,80.263,80.224,80.245,1321.66
1783319820000,80.252,80.34,80.244,80.315,6320.5
1783319880000,80.315,80.323,80.314,80.316,1083.23
1783319940000,80.315,80.323,80.285,80.295,1769.53
1783320000000,80.295,80.361,80.295,80.351,2188.42
1783320060000,80.352,80.386,80.351,80.373,1582.15
1783320120000,80.373,80.379,80.346,80.366,1076.0
1783320180000,80.366,80.393,80.364,80.392,1262.08
1783320240000,80.385,80.393,80.384,80.385,907.39
1783320300000,80.392,80.407,80.351,80.36,1546.27
1783320360000,80.37,80.376,80.349,80.356,1511.94
1783320420000,80.356,80.377,80.281,80.282,1178.64
1783320480000,80.289,80.323,80.282,80.315,1033.0
1783320540000,80.315,80.323,80.296,80.319,1017.98
1783320600000,80.311,80.32,80.311,80.312,1176.4
1783320660000,80.312,80.32,80.311,80.319,1414.19
1783320720000,80.316,80.319,80.265,80.296,1309.11
1783320780000,80.296,80.296,80.25,80.25,1236.51
1783320840000,80.25,80.251,80.224,80.239,1292.68
1783320900000,80.24,80.263,80.232,80.262,1441.22
1783320960000,80.263,80.282,80.254,80.259,1120.42
1783321020000,80.266,80.3,80.258,80.299,923.52
1783321080000,80.291,80.356,80.291,80.356,1078.31
1783321140000,80.348,80.357,80.305,80.312,994.8
1783321200000,80.304,80.336,80.304,80.329,1312.08
1783321260000,80.336,80.343,80.225,80.232,2811.53
1783321320000,80.232,80.279,80.224,80.278,1084.75
1783321380000,80.279,80.279,80.246,80.253,1103.96
1783321440000,80.25,80.287,80.25,80.286,1048.48
1783321500000,80.279,80.44,80.279,80.422,1346.45
1783321560000,80.423,80.487,80.381,80.382,7856.21
1783321620000,80.382,80.389,80.354,80.382,1111.31
1783321680000,80.383,80.439,80.382,80.412,1170.53
1783321740000,80.412,80.462,80.412,80.415,1542.73
1783321800000,80.413,80.415,80.34,80.379,11144.85
1783321860000,80.386,80.386,80.306,80.313,11485.05
1783321920000,80.306,80.383,80.305,80.379,1239.98
1783321980000,80.371,80.38,80.347,80.356,1155.08
1783322040000,80.348,80.356,80.348,80.355,1028.98
1783322100000,80.355,80.362,80.347,80.355,1221.1
1783322160000,80.361,80.383,80.354,80.375,1316.51
1783322220000,80.375,80.383,80.375,80.381,1340.15
1783322280000,80.383,80.415,80.381,80.385,1066.64
1783322340000,80.393,80.393,80.342,80.385,6340.01
1783322400000,80.392,80.462,80.382,80.382,1489.22
1783322460000,80.381,80.5,80.361,80.488,1254.57
1783322520000,80.5,80.621,80.488,80.598,3997.93
1783322580000,80.605,80.633,80.563,80.592,1400.16
1783322640000,80.592,80.64,80.575,80.592,1551.38
1783322700000,80.599,80.65,80.591,80.622,1364.23
1783322760000,80.623,80.7,80.615,80.7,2050.47
1783322820000,80.7,80.709,80.66,80.678,1201.18
1783322880000,80.686,80.686,80.634,80.635,1237.22
1783322940000,80.635,80.643,80.634,80.642,1057.2
1783323000000,80.635,80.642,80.561,80.579,1593.76
1783323060000,80.585,80.62,80.579,80.619,1750.69
1783323120000,80.612,80.662,80.612,80.655,1426.34
1783323180000,80.655,80.685,80.655,80.685,2224.36
1783323240000,80.699,80.738,80.692,80.738,1359.62
1783323300000,80.737,80.738,80.708,80.709,1407.71
1783323360000,80.715,80.752,80.708,80.735,1144.99
1783323420000,80.735,80.845,80.728,80.825,4468.62
1783323480000,80.826,80.826,80.751,80.781,1329.28
1783323540000,80.774,80.782,80.774,80.774,1125.48
1783323600000,80.782,80.812,80.773,80.784,1257.36
1783323660000,80.784,80.849,80.784,80.822,2056.72
1783323720000,80.822,80.823,80.805,80.812,1250.26
1783323780000,80.805,80.89,80.804,80.872,2202.13
1783323840000,80.866,80.923,80.865,80.885,2323.97
1783323900000,80.885,80.923,80.841,80.895,2973.91
1783323960000,80.888,80.896,80.851,80.852,1091.3
1783324020000,80.825,80.832,80.769,80.771,2526.62
1783324080000,80.779,80.805,80.771,80.799,932.05
1783324140000,80.805,80.806,80.798,80.805,1114.04
1783324200000,80.805,80.829,80.761,80.779,1410.4
1783324260000,80.779,80.81,80.761,80.802,1041.36
1783324320000,80.802,80.827,80.795,80.795,1222.25
1783324380000,80.796,80.803,80.775,80.781,1110.15
1783324440000,80.781,80.783,80.775,80.782,956.94
1783324500000,80.776,80.783,80.765,80.772,1186.62
1783324560000,80.773,80.822,80.765,80.815,1246.0
1783324620000,80.815,80.823,80.814,80.822,1228.86
1783324680000,80.822,80.943,80.815,80.902,1597.51
1783324740000,80.895,80.902,80.771,80.779,1456.68
1783324800000,80.779,80.879,80.772,80.875,1302.54
1783324860000,80.875,80.903,80.855,80.892,1719.16
1783324920000,80.894,80.895,80.825,80.872,1494.34
1783324980000,80.873,80.921,80.818,80.921,1102.73
1783325040000,80.921,80.921,80.879,80.879,1120.88
1783325100000,80.887,80.95,80.878,80.949,2735.26
1783325160000,80.942,81.045,80.942,81.018,4070.41
1783325220000,81.018,81.019,80.964,80.999,1099.5
1783325280000,80.992,81.0,80.961,80.962,1090.12
1783325340000,80.968,80.995,80.915,80.922,2306.25
1783325400000,80.915,80.923,80.861,80.862,976.3
1783325460000,80.869,80.87,80.834,80.835,2108.59
1783325520000,80.842,80.842,80.754,80.754,2023.68
1783325580000,80.755,80.778,80.728,80.778,1380.39
1783325640000,80.772,80.779,80.768,80.773,1410.61
1783325700000,80.773,80.809,80.758,80.766,1268.03
1783325760000,80.759,80.766,80.597,80.619,4944.28
1783325820000,80.618,80.758,80.618,80.652,2958.24
1783325880000,80.652,80.659,80.606,80.622,982.25
1783325940000,80.622,80.653,80.605,80.641,1157.17
1783326000000,80.641,80.699,80.599,80.691,1329.91
1783326060000,80.698,80.74,80.691,80.719,1125.24
1783326120000,80.719,80.72,80.638,80.638,1053.66
1783326180000,80.638,80.668,80.614,80.614,2234.73
1783326240000,80.615,80.649,80.604,80.648,1696.17
1783326300000,80.648,80.649,80.641,80.648,1298.6
1783326360000,80.642,80.648,80.608,80.645,7994.93
1783326420000,80.645,80.655,80.618,80.655,5656.43
1783326480000,80.655,80.655,80.619,80.638,1071.54
1783326540000,80.645,80.689,80.638,80.681,1073.55
1783326600000,80.688,80.688,80.63,80.651,1226.39
1783326660000,80.658,80.659,80.614,80.617,2133.91
1783326720000,80.614,80.617,80.551,80.551,2082.9
1783326780000,80.551,80.578,80.548,80.568,986.22
1783326840000,80.568,80.575,80.445,80.446,3027.24
1783326900000,80.445,80.497,80.408,80.448,1517.58
1783326960000,80.442,80.448,80.31,80.311,1668.32
1783327020000,80.323,80.345,80.258,80.258,1643.67
1783327080000,80.266,80.299,80.258,80.265,1335.85
1783327140000,80.272,80.296,80.266,80.275,4019.58
1783327200000,80.275,80.345,80.269,80.327,1601.25
1783327260000,80.319,80.4,80.318,80.369,2949.09
1783327320000,80.376,80.376,80.309,80.339,1543.45
1783327380000,80.339,80.373,80.332,80.364,1210.4
1783327440000,80.364,80.389,80.348,80.355,1062.49
1783327500000,80.355,80.375,80.322,80.328,1143.93
1783327560000,80.322,80.381,80.268,80.373,1200.27
1783327620000,80.373,80.404,80.373,80.403,1652.01
1783327680000,80.403,80.42,80.395,80.419,1114.14
1783327740000,80.414,80.42,80.361,80.395,1873.9
1783327800000,80.395,80.433,80.395,80.411,2552.6
1783327860000,80.404,80.42,80.395,80.402,6619.59
1783327920000,80.402,80.426,80.395,80.418,1331.0
1783327980000,80.425,80.425,80.394,80.416,1037.79
1783328040000,80.409,80.417,80.408,80.409,1061.79
1783328100000,80.416,80.437,80.408,80.429,1094.96
1783328160000,80.437,80.445,80.428,80.445,1432.86
1783328220000,80.439,80.446,80.373,80.391,1220.75
1783328280000,80.391,80.436,80.39,80.435,1100.11
1783328340000,80.428,80.457,80.428,80.456,1112.54
1783328400000,80.449,80.457,80.418,80.426,1145.7
1783328460000,80.419,80.444,80.411,80.418,1150.45
1783328520000,80.412,80.447,80.412,80.446,980.82
1783328580000,80.446,80.447,80.438,80.439,1000.57
1783328640000,80.446,80.446,80.384,80.392,1404.57
1783328700000,80.392,80.42,80.367,80.419,1205.79
1783328760000,80.412,80.42,80.411,80.412,1122.37
1783328820000,80.419,80.435,80.411,80.435,1086.75
1783328880000,80.429,80.436,80.428,80.429,1130.9
1783328940000,80.429,80.436,80.41,80.419,1073.18
1783329000000,80.418,80.44,80.401,80.406,1313.0
1783329060000,80.406,80.406,80.371,80.371,1147.26
1783329120000,80.378,80.382,80.37,80.379,1083.73
1783329180000,80.378,80.394,80.364,80.364,1205.34
1783329240000,80.365,80.39,80.35,80.351,1098.48
1783329300000,80.358,80.375,80.334,80.36,1108.86
1783329360000,80.36,80.36,80.359,80.359,1027.64
1783329420000,80.36,80.406,80.359,80.399,1150.35
1783329480000,80.405,80.423,80.398,80.422,1212.21
1783329540000,80.415,80.422,80.364,80.365,1751.18
1783329600000,80.372,80.373,80.337,80.338,1120.1
1783329660000,80.344,80.422,80.327,80.328,1554.82
1783329720000,80.327,80.343,80.302,80.303,1067.14
1783329780000,80.302,80.37,80.26,80.365,2331.92
1783329840000,80.369,80.389,80.357,80.365,1167.96
1783329900000,80.358,80.366,80.331,80.348,1301.8
1783329960000,80.348,80.354,80.321,80.321,1207.79
1783330020000,80.328,80.329,80.281,80.325,1117.29
1783330080000,80.318,80.349,80.315,80.348,952.55
1783330140000,80.341,80.381,80.32,80.381,1292.29
1783330200000,80.381,80.382,80.317,80.318,1273.65
1783330260000,80.318,80.325,80.207,80.307,1644.52
1783330320000,80.307,80.335,80.216,80.223,1252.06
1783330380000,80.223,80.3,80.22,80.241,1542.24
1783330440000,80.24,80.249,80.22,80.225,1122.2
1783330500000,80.225,80.252,80.224,80.232,1109.47
1783330560000,80.232,80.235,80.22,80.228,1663.61
1783330620000,80.224,80.242,80.167,80.181,2692.98
1783330680000,80.181,80.188,80.147,80.16,1445.04
1783330740000,80.148,80.173,80.125,80.141,1296.43
1783330800000,80.14,80.196,80.14,80.188,1633.92
1783330860000,80.188,80.257,80.14,80.256,14781.38
1783330920000,80.249,80.257,80.231,80.24,1589.67
1783330980000,80.239,80.257,80.231,80.256,1048.9
1783331040000,80.249,80.256,80.205,80.232,1450.93
1783331100000,80.232,80.232,80.028,80.031,5608.69
1783331160000,80.032,80.128,80.031,80.052,1677.29
1783331220000,80.059,80.159,80.051,80.159,1269.09
1783331280000,80.152,80.16,80.132,80.132,1131.56
1783331340000,80.132,80.14,80.113,80.114,1561.41
1783331400000,80.121,80.163,80.113,80.156,2784.33
1783331460000,80.148,80.167,80.147,80.166,3715.22
1783331520000,80.167,80.167,80.159,80.167,1260.29
1783331580000,80.166,80.167,80.166,80.166,1404.48
1783331640000,80.166,80.167,80.166,80.166,1202.41
1783331700000,80.167,80.167,80.154,80.162,1035.18
1783331760000,80.162,80.167,80.15,80.151,7524.84
1783331820000,80.159,80.159,80.072,80.08,2425.34
1783331880000,80.072,80.119,80.072,80.094,2072.73
1783331940000,80.101,80.102,80.037,80.045,1260.26
1783332000000,80.038,80.118,80.02,80.091,8218.8
1783332060000,80.085,80.136,80.085,80.092,1129.77
1783332120000,80.092,80.096,80.078,80.086,1690.07
1783332180000,80.093,80.146,80.085,80.099,2012.2
1783332240000,80.105,80.167,80.098,80.166,2853.31
1783332300000,80.167,80.167,80.154,80.155,1132.69
1783332360000,80.155,80.167,80.155,80.162,1149.98
1783332420000,80.162,80.229,80.156,80.169,15383.63
1783332480000,80.17,80.17,80.122,80.139,1304.72
1783332540000,80.139,80.239,80.132,80.204,3450.42
1783332600000,80.211,80.226,80.203,80.215,1318.54
1783332660000,80.215,80.222,80.184,80.193,1121.79
1783332720000,80.193,80.2,80.184,80.192,1183.01
1783332780000,80.186,80.209,80.185,80.201,1156.65
1783332840000,80.209,80.209,80.194,80.202,1045.14
1783332900000,80.209,80.209,80.194,80.202,1210.37
1783332960000,80.208,80.347,80.202,80.334,4460.81
1783333020000,80.335,80.335,80.289,80.296,1251.77
1783333080000,80.296,80.329,80.288,80.321,1215.15
1783333140000,80.321,80.329,80.29,80.29,1861.18
1783333200000,80.298,80.306,80.29,80.291,1287.91
1783333260000,80.291,80.306,80.281,80.281,1719.36
1783333320000,80.282,80.372,80.281,80.371,1354.96
1783333380000,80.364,80.376,80.346,80.375,1275.7
1783333440000,80.368,80.376,80.346,80.353,1251.14
1783333500000,80.354,80.38,80.346,80.38,1044.36
1783333560000,80.38,80.389,80.379,80.38,1146.41
1783333620000,80.38,80.389,80.379,80.388,1082.49
1783333680000,80.381,80.396,80.362,80.363,1642.53
1783333740000,80.363,80.396,80.363,80.389,1083.74
1783333800000,80.389,80.389,80.362,80.369,1071.77
1783333860000,80.369,80.377,80.354,80.362,1055.28
1783333920000,80.361,80.427,80.361,80.427,1681.07
1783333980000,80.428,80.48,80.42,80.478,2176.62
1783334040000,80.472,80.543,80.468,80.509,2003.72
1783334100000,80.496,80.503,80.458,80.465,1706.86
1783334160000,80.462,80.537,80.462,80.519,1188.13
1783334220000,80.524,80.549,80.516,80.542,1200.8
1783334280000,80.536,80.56,80.536,80.559,1719.12
1783334340000,80.559,80.663,80.559,80.653,3258.25
1783334400000,80.653,80.679,80.561,80.609,2462.39
1783334460000,80.602,80.609,80.538,80.553,17101.83
1783334520000,80.552,80.573,80.535,80.535,1598.16
1783334580000,80.542,80.544,80.491,80.505,2659.03
1783334640000,80.499,80.551,80.499,80.549,1798.8
1783334700000,80.549,80.588,80.532,80.581,2693.95
1783334760000,80.581,80.613,80.581,80.609,2920.44
1783334820000,80.609,80.626,80.569,80.58,1080.67
1783334880000,80.573,80.581,80.572,80.58,1187.76
1783334940000,80.58,80.59,80.549,80.562,1704.01
1783335000000,80.555,80.582,80.512,80.572,1769.87
1783335060000,80.578,80.603,80.571,80.595,1051.14
1783335120000,80.595,80.619,80.594,80.611,1226.64
1783335180000,80.618,80.619,80.541,80.575,2295.83
1783335240000,80.575,80.59,80.574,80.575,1252.2
1783335300000,80.575,80.593,80.574,80.585,2808.56
1783335360000,80.585,80.592,80.573,80.592,3648.27
1783335420000,80.592,80.613,80.585,80.585,1586.18
1783335480000,80.593,80.624,80.586,80.616,1302.6
1783335540000,80.609,80.633,80.608,80.632,1113.8
1783335600000,80.624,80.829,80.615,80.762,2977.84
1783335660000,80.762,80.762,80.651,80.665,1518.8
1783335720000,80.689,80.699,80.641,80.645,5019.46
1783335780000,80.645,80.733,80.644,80.732,1113.05
1783335840000,80.725,80.766,80.724,80.729,2818.6
1783335900000,80.735,80.736,80.717,80.726,1716.05
1783335960000,80.718,80.743,80.694,80.705,1206.54
1783336020000,80.698,80.709,80.665,80.677,1615.14
1783336080000,80.677,80.678,80.67,80.677,1159.17
1783336140000,80.671,80.713,80.65,80.657,1412.13
1783336200000,80.651,80.676,80.65,80.667,1365.77
1783336260000,80.668,80.673,80.651,80.672,1673.79
1783336320000,80.673,80.673,80.614,80.628,1689.67
1783336380000,80.628,80.629,80.62,80.621,1043.74
1783336440000,80.628,80.629,80.617,80.628,1163.86
1783336500000,80.621,80.649,80.62,80.625,1227.18
1783336560000,80.632,80.633,80.61,80.618,1154.16
1783336620000,80.61,80.652,80.61,80.651,1456.17
1783336680000,80.652,80.669,80.644,80.661,1627.19
1783336740000,80.661,80.712,80.66,80.712,1131.29
1783336800000,80.712,80.713,80.688,80.698,1266.81
1783336860000,80.691,80.75,80.691,80.748,1441.05
1783336920000,80.748,80.832,80.74,80.811,2591.5
1783336980000,80.811,80.897,80.811,80.874,2316.53
1783337040000,80.881,80.9,80.792,80.792,8327.31
1783337100000,80.799,80.809,80.767,80.802,1583.65
1783337160000,80.801,80.839,80.794,80.839,1292.45
1783337220000,80.831,80.839,80.785,80.785,1198.62
1783337280000,80.792,80.793,80.784,80.784,986.8
1783337340000,80.784,80.793,80.76,80.768,1008.2
1783337400000,80.761,80.789,80.717,80.788,1174.52
1783337460000,80.788,80.816,80.78,80.812,1149.15
1783337520000,80.812,80.889,80.804,80.888,1364.45
1783337580000,80.88,80.96,80.88,80.945,1760.08
1783337640000,80.938,80.946,80.9,80.908,2509.94
1783337700000,80.908,80.909,80.897,80.901,1216.04
1783337760000,80.901,80.916,80.881,80.915,1433.96
1783337820000,80.907,80.956,80.907,80.914,1483.18
1783337880000,80.916,80.916,80.804,80.804,1588.99
1783337940000,80.812,80.878,80.805,80.831,1266.38
1783338000000,80.838,80.888,80.831,80.888,1138.49
1783338060000,80.888,80.889,80.837,80.845,1103.67
1783338120000,80.838,80.846,80.8,80.828,1287.97
1783338180000,80.829,80.862,80.821,80.853,1188.82
1783338240000,80.854,80.899,80.854,80.892,1027.33
1783338300000,80.892,80.899,80.891,80.892,1159.68
1783338360000,80.892,80.938,80.892,80.91,1224.25
1783338420000,80.909,80.91,80.901,80.909,1007.95
1783338480000,80.902,80.91,80.868,80.868,1129.03
1783338540000,80.868,80.875,80.844,80.858,1816.86
1783338600000,80.859,80.867,80.82,80.828,1264.42
1783338660000,80.82,80.869,80.82,80.865,1554.59
1783338720000,80.859,80.865,80.809,80.809,1033.85
1783338780000,80.816,80.846,80.808,80.845,1494.87
1783338840000,80.838,80.845,80.809,80.829,1059.21
1783338900000,80.829,80.866,80.825,80.865,1179.38
1783338960000,80.858,80.879,80.857,80.878,1725.39
1783339020000,80.871,80.879,80.51,80.525,2198.94
1783339080000,80.51,80.583,80.452,80.543,4247.46
1783339140000,80.536,80.536,80.344,80.344,5795.08
1783339200000,80.347,80.373,80.117,80.245,9460.97
1783339260000,80.245,80.518,80.245,80.321,3390.63
1783339320000,80.321,80.362,80.026,80.069,12128.18
1783339380000,80.069,80.076,79.328,79.555,48966.37
1783339440000,79.555,79.664,79.27,79.309,6978.4
1783339500000,79.342,79.582,79.304,79.551,5270.95
1783339560000,79.551,79.919,79.498,79.825,4356.36
1783339620000,79.831,79.839,79.562,79.6,6225.49
1783339680000,79.599,79.848,79.592,79.822,4246.16
1783339740000,79.829,79.98,79.778,79.942,7002.26
1783339800000,79.943,80.085,79.927,79.986,5656.38
1783339860000,79.985,80.17,79.939,80.162,2223.41
1783339920000,80.162,80.34,80.162,80.329,7936.01
1783339980000,80.329,80.493,80.279,80.286,9645.88
1783340040000,80.286,80.286,80.158,80.201,3440.24
1783340100000,80.201,80.329,80.2,80.321,2334.94
1783340160000,80.328,80.372,80.16,80.289,2503.45
1783340220000,80.282,80.393,80.267,80.385,1672.74
1783340280000,80.4,80.519,80.327,80.514,3276.29
1783340340000,80.515,80.594,80.515,80.552,3799.13
1783340400000,80.536,80.599,80.445,80.451,2026.26
1783340460000,80.452,80.517,80.431,80.449,2417.58
1783340520000,80.449,80.45,80.304,80.304,2695.35
1783340580000,80.312,80.312,80.24,80.274,3531.21
1783340640000,80.282,80.323,80.207,80.305,5613.81
1783340700000,80.312,80.376,80.252,80.282,2376.97
1783340760000,80.275,80.32,80.177,80.225,3211.44
1783340820000,80.225,80.264,80.184,80.258,1211.76
1783340880000,80.264,80.285,80.236,80.282,3879.44
1783340940000,80.282,80.282,80.204,80.228,2182.61
1783341000000,80.228,80.273,80.16,80.252,3311.58
1783341060000,80.252,80.312,80.245,80.293,1235.86
1783341120000,80.294,80.356,80.262,80.356,1402.49
1783341180000,80.367,80.373,80.295,80.342,1592.13
1783341240000,80.335,80.462,80.335,80.446,3025.08
1783341300000,80.447,80.473,80.396,80.411,2972.92
1783341360000,80.418,80.429,80.361,80.421,1376.95
1783341420000,80.421,80.439,80.265,80.295,2164.22
1783341480000,80.296,80.37,80.274,80.345,1873.94
1783341540000,80.353,80.374,80.304,80.305,3995.91
1783341600000,80.305,80.337,80.301,80.329,1302.8
1783341660000,80.337,80.34,80.261,80.262,1874.42
1783341720000,80.262,80.31,80.222,80.222,5720.28
1783341780000,80.206,80.219,79.939,79.962,12036.61
1783341840000,79.937,79.937,79.818,79.905,6140.11
1783341900000,79.912,79.945,79.734,79.794,3661.91
1783341960000,79.793,79.805,79.673,79.685,5726.62
1783342020000,79.675,79.91,79.668,79.891,13101.35
1783342080000,79.899,79.905,79.738,79.765,3228.24
1783342140000,79.765,79.785,79.734,79.753,2707.72
1783342200000,79.745,79.951,79.745,79.821,6069.01
1783342260000,79.822,79.838,79.74,79.812,3885.5
1783342320000,79.801,79.892,79.797,79.831,3655.57
1783342380000,79.838,79.882,79.804,79.812,1850.72
1783342440000,79.805,79.856,79.791,79.844,4272.29
1783342500000,79.856,79.873,79.797,79.798,1849.57
1783342560000,79.805,79.809,79.73,79.73,4212.19
1783342620000,79.73,79.786,79.613,79.625,13170.82
1783342680000,79.618,79.625,79.557,79.595,2488.45
1783342740000,79.588,79.596,79.408,79.421,4604.32
1783342800000,79.422,79.443,79.355,79.419,7119.14
1783342860000,79.418,79.532,79.355,79.499,9909.28
1783342920000,79.499,79.53,79.227,79.241,19700.56
1783342980000,79.241,79.34,79.23,79.244,5930.36
1783343040000,79.245,79.323,79.187,79.281,9353.74
1783343100000,79.28,79.305,79.188,79.289,3364.95
1783343160000,79.291,79.42,79.288,79.399,2864.24
1783343220000,79.399,79.478,79.314,79.358,3676.15
1783343280000,79.351,79.368,79.314,79.355,4258.97
1783343340000,79.362,79.439,79.355,79.41,1905.08
1783343400000,79.44,79.54,79.439,79.529,3092.8
1783343460000,79.528,79.563,79.455,79.554,4117.53
1783343520000,79.555,79.636,79.554,79.559,20743.69
1783343580000,79.555,79.596,79.508,79.516,3212.42
1783343640000,79.535,79.56,79.408,79.408,1686.61
1783343700000,79.408,79.536,79.408,79.457,4543.97
1783343760000,79.449,79.458,79.216,79.259,2761.82
1783343820000,79.252,79.367,79.245,79.319,2043.36
1783343880000,79.319,79.353,79.262,79.328,1776.28
1783343940000,79.328,79.329,79.269,79.295,1584.89
1783344000000,79.303,79.337,79.226,79.226,4642.45
1783344060000,79.226,79.4,79.226,79.4,2195.31
1783344120000,79.399,79.4,79.328,79.395,1410.21
1783344180000,79.395,79.496,79.388,79.496,1968.62
1783344240000,79.489,79.498,79.405,79.476,4264.54
1783344300000,79.469,79.476,79.309,79.353,3736.28
1783344360000,79.346,79.4,79.328,79.396,1609.45
1783344420000,79.391,79.397,79.315,79.343,1089.38
1783344480000,79.342,79.439,79.285,79.439,1579.97
1783344540000,79.44,79.476,79.386,79.416,1245.62
1783344600000,79.416,79.777,79.326,79.714,7520.92
1783344660000,79.723,79.762,79.401,79.401,6400.51
1783344720000,79.4,79.674,79.4,79.638,1958.0
1783344780000,79.646,79.754,79.556,79.75,1907.31
1783344840000,79.751,79.823,79.73,79.779,8343.05
1783344900000,79.785,79.798,79.663,79.785,2229.67
1783344960000,79.785,79.786,79.56,79.562,4440.49
1783345020000,79.56,79.708,79.56,79.664,2309.18
1783345080000,79.664,79.712,79.505,79.573,2489.04
1783345140000,79.611,79.839,79.584,79.838,4139.85
1783345200000,79.838,80.007,79.783,80.002,13892.97
1783345260000,80.001,80.121,79.995,80.047,3225.88
1783345320000,80.046,80.052,79.941,79.958,8203.73
1783345380000,79.95,80.109,79.95,80.085,2628.72
1783345440000,80.085,80.373,80.085,80.345,12532.62
1783345500000,80.349,80.538,80.346,80.471,5255.58
1783345560000,80.471,80.55,80.344,80.356,13319.13
1783345620000,80.348,80.644,80.347,80.62,5775.17
1783345680000,80.612,80.773,80.611,80.7,8664.04
1783345740000,80.698,80.828,80.698,80.788,7331.8
1783345800000,80.787,80.873,80.728,80.729,3687.2
1783345860000,80.736,80.783,80.651,80.695,2445.46
1783345920000,80.702,80.702,80.48,80.48,10080.29
1783345980000,80.476,80.595,80.457,80.474,3339.56
1783346040000,80.482,80.494,80.401,80.405,1980.08
1783346100000,80.412,80.463,80.291,80.362,2188.43
1783346160000,80.339,80.347,80.258,80.258,1757.64
1783346220000,80.258,80.324,80.207,80.289,2846.51
1783346280000,80.289,80.289,80.164,80.212,2135.89
1783346340000,80.206,80.232,80.117,80.118,2237.98
1783346400000,80.118,80.188,80.05,80.162,1962.26
1783346460000,80.165,80.263,80.108,80.216,2041.67
1783346520000,80.223,80.224,80.117,80.176,1674.83
1783346580000,80.176,80.228,80.132,80.132,4203.06
1783346640000,80.14,80.164,80.071,80.156,4421.28
1783346700000,80.163,80.17,80.085,80.108,1922.16
1783346760000,80.115,80.169,80.082,80.158,2654.45
1783346820000,80.158,80.183,80.045,80.06,3317.35
1783346880000,80.073,80.162,80.065,80.095,1923.52
1783346940000,80.095,80.26,80.088,80.225,1776.83
1783347000000,80.232,80.266,80.19,80.239,4341.67
1783347060000,80.239,80.24,80.01,80.019,2595.8
1783347120000,80.018,80.126,79.985,80.091,1594.07
1783347180000,80.098,80.236,80.073,80.232,1794.28
1783347240000,80.209,80.21,80.045,80.115,4223.48
1783347300000,80.108,80.154,80.091,80.116,2601.48
1783347360000,80.119,80.162,80.079,80.162,2089.75
1783347420000,80.161,80.173,80.024,80.092,3385.34
1783347480000,80.092,80.093,79.848,79.882,3680.91
1783347540000,79.89,79.949,79.825,79.935,4321.15
1783347600000,79.935,79.984,79.904,79.922,1684.14
1783347660000,79.922,79.933,79.858,79.866,2826.35
1783347720000,79.845,79.95,79.814,79.95,4023.34
1783347780000,79.962,80.467,79.962,80.461,9494.73
1783347840000,80.461,80.471,80.143,80.185,3134.52
1783347900000,80.185,80.746,80.178,80.678,9442.99
1783347960000,80.67,80.717,80.467,80.579,13703.08
1783348020000,80.578,80.579,80.431,80.483,3713.21
1783348080000,80.483,80.483,80.368,80.398,7723.13
1783348140000,80.4,80.4,80.314,80.315,6138.37
1783348200000,80.324,80.423,80.275,80.278,1681.63
1783348260000,80.295,80.437,80.295,80.425,3433.68
1783348320000,80.431,80.466,80.348,80.356,1961.99
1783348380000,80.349,80.402,80.274,80.28,1276.33
1783348440000,80.285,80.298,80.184,80.235,2056.72
1783348500000,80.235,80.336,80.173,80.3,2715.9
1783348560000,80.3,80.346,80.292,80.319,1634.03
1783348620000,80.279,80.286,80.13,80.161,1930.23
1783348680000,80.13,80.27,80.114,80.268,1898.61
1783348740000,80.268,80.368,80.206,80.349,4457.71
1783348800000,80.348,80.42,80.274,80.362,1334.98
1783348860000,80.362,80.426,80.294,80.322,1011.44
1783348920000,80.322,80.395,80.305,80.349,3858.12
1783348980000,80.345,80.4,80.341,80.399,1193.11
1783349040000,80.395,80.422,80.305,80.305,1395.42
1783349100000,80.312,80.329,80.233,80.238,2797.49
1783349160000,80.238,80.245,80.18,80.239,1480.72
1783349220000,80.245,80.346,80.239,80.327,2499.1
1783349280000,80.327,80.338,80.272,80.301,1009.74
1783349340000,80.301,80.302,80.117,80.132,1834.37
1783349400000,80.138,80.238,80.131,80.201,1295.71
1783349460000,80.201,80.202,80.148,80.149,1552.89
1783349520000,80.148,80.195,80.054,80.142,1526.88
1783349580000,80.148,80.232,80.142,80.231,1756.27
1783349640000,80.231,80.259,80.231,80.233,1274.59
1783349700000,80.232,80.233,80.188,80.215,1486.84
1783349760000,80.216,80.24,80.207,80.209,1254.52
1783349820000,80.209,80.313,80.209,80.312,1199.1
1783349880000,80.305,80.328,80.215,80.238,1192.42
1783349940000,80.239,80.243,80.174,80.242,1481.12
1783350000000,80.242,80.294,80.235,80.271,1022.79
1783350060000,80.271,80.396,80.266,80.351,4185.83
1783350120000,80.344,80.383,80.33,80.375,1173.14
1783350180000,80.382,80.51,80.375,80.507,2069.66
1783350240000,80.507,80.52,80.456,80.457,1632.17
1783350300000,80.456,80.566,80.421,80.555,1373.74
1783350360000,80.558,80.592,80.519,80.578,1351.99
1783350420000,80.572,80.669,80.554,80.557,1822.77
1783350480000,80.565,80.608,80.551,80.593,3325.21
1783350540000,80.586,80.811,80.563,80.563,10308.95
1783350600000,80.57,80.673,80.551,80.606,1726.19
1783350660000,80.604,80.649,80.517,80.525,1541.58
1783350720000,80.517,80.526,80.451,80.525,5768.83
1783350780000,80.517,80.615,80.517,80.578,3949.04
1783350840000,80.559,80.693,80.559,80.674,8596.7
1783350900000,80.677,80.696,80.574,80.689,2758.51
1783350960000,80.695,80.695,80.544,80.545,4555.78
1783351020000,80.544,80.544,80.5,80.516,1489.52
1783351080000,80.508,80.552,80.49,80.552,2563.02
1783351140000,80.551,80.578,80.484,80.53,1747.81
1783351200000,80.531,80.568,80.471,80.472,1505.15
1783351260000,80.48,80.5,80.443,80.462,1294.5
1783351320000,80.462,80.472,80.39,80.471,5612.41
1783351380000,80.464,80.509,80.406,80.419,2051.94
1783351440000,80.406,80.435,80.402,80.402,1216.31
1783351500000,80.402,80.433,80.35,80.415,1648.86
1783351560000,80.382,80.476,80.382,80.461,1270.05
1783351620000,80.455,80.616,80.455,80.615,11828.09
1783351680000,80.615,80.649,80.517,80.6,1952.53
1783351740000,80.599,80.77,80.599,80.754,7482.67
1783351800000,80.753,80.774,80.68,80.681,1411.26
1783351860000,80.681,80.759,80.68,80.72,3919.64
1783351920000,80.712,80.742,80.65,80.678,1509.34
1783351980000,80.678,80.678,80.605,80.617,3339.78
1783352040000,80.626,80.69,80.553,80.554,4825.51
1783352100000,80.555,80.562,80.419,80.488,8607.93
1783352160000,80.481,80.606,80.481,80.592,5242.55
1783352220000,80.592,80.629,80.537,80.622,1097.49
1783352280000,80.629,80.666,80.621,80.661,4334.86
1783352340000,80.642,80.694,80.635,80.687,1084.55
1783352400000,80.687,80.743,80.681,80.721,1286.2
1783352460000,80.721,81.213,80.72,81.092,42209.82
1783352520000,81.1,81.112,81.001,81.018,10899.62
1783352580000,81.011,81.223,80.991,81.215,2103.27
1783352640000,81.214,81.364,81.186,81.333,5267.2
1783352700000,81.332,81.333,81.197,81.225,8718.59
1783352760000,81.198,81.235,81.131,81.136,5730.5
1783352820000,81.131,81.25,81.052,81.213,2220.62
1783352880000,81.213,81.213,81.068,81.069,1880.43
1783352940000,81.075,81.13,81.031,81.122,1713.44
1783353000000,81.122,81.44,81.111,81.406,6300.17
1783353060000,81.413,81.476,81.382,81.408,6119.27
1783353120000,81.407,81.407,81.231,81.279,3198.9
1783353180000,81.278,81.406,81.278,81.406,3502.21
1783353240000,81.409,81.462,81.379,81.382,5104.7
1783353300000,81.387,81.413,81.308,81.308,1994.23
1783353360000,81.308,81.376,81.306,81.325,1720.74
1783353420000,81.332,81.395,81.301,81.362,1800.58
1783353480000,81.368,81.369,81.251,81.346,2719.77
1783353540000,81.346,81.466,81.337,81.425,4622.41
1783353600000,81.432,81.5,81.265,81.285,9324.98
1783353660000,81.285,81.499,81.243,81.491,7198.35
1783353720000,81.498,81.516,81.468,81.515,5352.43
1783353780000,81.516,81.533,81.401,81.402,4720.95
1783353840000,81.411,81.522,81.398,81.481,2359.4
1783353900000,81.489,81.503,81.44,81.443,1689.87
1783353960000,81.451,81.528,81.415,81.528,30459.77
1783354020000,81.516,81.87,81.516,81.835,40680.58
1783354080000,81.827,82.037,81.827,81.964,16330.41
1783354140000,81.965,82.076,81.89,81.891,7185.65
1783354200000,81.891,82.078,81.876,82.077,6643.6
1783354260000,82.07,82.077,81.998,82.058,4431.01
1783354320000,82.065,82.098,81.994,82.091,3172.54
1783354380000,82.075,82.169,82.067,82.131,7342.11
1783354440000,82.131,82.146,81.957,81.979,6598.65
1783354500000,81.915,82.136,81.911,82.11,11237.34
1783354560000,82.111,82.384,82.05,82.19,14044.08
1783354620000,82.206,82.207,81.981,81.996,2677.49
1783354680000,81.995,82.089,81.971,81.982,5958.19
1783354740000,81.982,82.055,81.957,82.048,1225.84
1783354800000,82.048,82.126,82.031,82.031,2010.21
1783354860000,82.031,82.078,81.925,81.925,4694.57
1783354920000,81.925,81.933,81.851,81.862,3328.64
1783354980000,81.87,81.92,81.862,81.912,1461.0
1783355040000,81.919,81.919,81.743,81.812,2150.56
1783355100000,81.82,81.82,81.681,81.681,3495.76
1783355160000,81.682,81.727,81.657,81.677,6367.91
1783355220000,81.685,81.73,81.657,81.685,1970.58
1783355280000,81.678,81.814,81.678,81.805,3094.54
1783355340000,81.806,81.843,81.785,81.785,3019.08
1783355400000,81.785,81.842,81.747,81.804,1986.97
1783355460000,81.804,81.883,81.804,81.883,1488.99
1783355520000,81.875,81.885,81.757,81.79,2793.91
1783355580000,81.796,81.995,81.79,81.948,5950.67
1783355640000,81.949,82.044,81.886,81.936,4558.4
1783355700000,81.937,81.976,81.886,81.886,1272.93
1783355760000,81.886,81.989,81.886,81.98,1393.01
1783355820000,81.988,82.13,81.958,81.963,12339.86
1783355880000,81.949,81.954,81.832,81.846,11020.38
1783355940000,81.851,81.921,81.846,81.895,1869.56
1783356000000,81.902,81.905,81.844,81.872,1529.16
1783356060000,81.872,81.97,81.871,81.899,2381.36
1783356120000,81.892,81.926,81.887,81.908,1880.07
1783356180000,81.908,81.983,81.908,81.952,1465.43
1783356240000,81.952,82.026,81.952,82.015,1374.71
1783356300000,82.023,82.023,81.878,81.959,3048.11
1783356360000,81.951,82.023,81.951,82.022,1648.76
1783356420000,82.022,82.093,82.014,82.065,6743.76
1783356480000,82.057,82.075,81.983,82.038,5701.95
1783356540000,82.006,82.011,81.959,81.985,1755.07
1783356600000,81.978,82.011,81.945,82.011,1252.83
1783356660000,82.005,82.072,81.967,82.001,5854.86
1783356720000,82.001,82.108,82.0,82.03,1750.82
1783356780000,82.03,82.032,81.971,82.025,4517.98
1783356840000,82.018,82.032,81.987,82.001,1406.65
1783356900000,82.001,82.012,81.96,81.987,1690.42
1783356960000,81.995,81.996,81.97,81.995,1105.23
1783357020000,81.988,82.038,81.988,82.029,4569.47
1783357080000,82.029,82.062,82.014,82.015,1530.79
1783357140000,82.041,82.065,82.034,82.059,1126.95
1783357200000,82.059,82.13,82.04,82.123,6018.89
1783357260000,82.116,82.144,81.917,81.959,4892.06
1783357320000,81.952,82.069,81.951,82.013,3909.03
1783357380000,82.021,82.111,81.997,82.093,2242.73
1783357440000,82.092,82.092,81.971,81.988,1205.81
1783357500000,81.981,82.041,81.97,82.041,1455.92
1783357560000,82.041,82.066,82.022,82.023,5631.07
1783357620000,82.03,82.03,81.887,81.929,3503.0
1783357680000,81.921,81.928,81.855,81.928,1925.65
1783357740000,81.928,82.016,81.921,81.981,2276.76
1783357800000,81.988,81.989,81.86,81.869,5815.65
1783357860000,81.869,81.875,81.754,81.758,5468.5
1783357920000,81.757,81.866,81.757,81.862,2906.49
1783357980000,81.863,81.943,81.856,81.941,10692.59
1783358040000,81.932,81.938,81.905,81.931,1195.48
1783358100000,81.937,81.938,81.871,81.933,1279.12
1783358160000,81.926,81.934,81.897,81.905,1050.39
1783358220000,81.905,81.944,81.894,81.937,1219.38
1783358280000,81.937,81.968,81.873,81.886,5083.02
1783358340000,81.886,81.946,81.877,81.938,1132.55
1783358400000,81.946,81.946,81.878,81.905,1185.19
1783358460000,81.898,81.906,81.862,81.879,1491.07
1783358520000,81.878,81.915,81.844,81.908,3631.16
1783358580000,81.908,82.033,81.907,82.012,4846.46
1783358640000,82.013,82.032,81.968,81.998,2927.27
1783358700000,82.005,82.053,81.998,82.022,1782.56
1783358760000,82.023,82.11,82.023,82.066,1553.92
1783358820000,82.065,82.095,82.047,82.05,1124.95
1783358880000,82.051,82.061,82.033,82.06,1311.39
1783358940000,82.06,82.061,81.955,81.968,1440.78
1783359000000,81.967,82.026,81.925,81.962,2705.73
1783359060000,81.962,81.999,81.961,81.965,1429.58
1783359120000,81.973,81.974,81.965,81.973,1172.94
1783359180000,81.966,82.003,81.939,81.958,1422.22
1783359240000,81.958,81.983,81.763,81.839,6540.76
1783359300000,81.831,81.839,81.7,81.751,1811.63
1783359360000,81.751,81.758,81.514,81.522,6014.19
1783359420000,81.522,81.649,81.514,81.619,14202.05
1783359480000,81.599,81.678,81.595,81.625,1332.36
1783359540000,81.632,81.633,81.55,81.589,1830.78
1783359600000,81.588,81.596,81.552,81.575,1276.91
1783359660000,81.575,81.6,81.56,81.586,6032.54
1783359720000,81.578,81.669,81.507,81.552,1865.79
1783359780000,81.546,81.575,81.54,81.565,1348.77
1783359840000,81.558,81.572,81.505,81.505,1140.23
1783359900000,81.505,81.521,81.407,81.518,14425.26
1783359960000,81.518,81.596,81.511,81.552,1475.12
1783360020000,81.552,81.6,81.544,81.598,1567.37
1783360080000,81.591,81.615,81.543,81.559,3229.23
1783360140000,81.559,81.579,81.504,81.57,1552.0
1783360200000,81.571,81.819,81.571,81.818,16766.07
1783360260000,81.812,81.818,81.754,81.761,4190.4
1783360320000,81.755,81.789,81.63,81.63,2408.04
1783360380000,81.638,81.666,81.59,81.608,1493.19
1783360440000,81.608,81.632,81.592,81.592,2635.24
1783360500000,81.598,81.629,81.592,81.608,1019.57
1783360560000,81.608,81.655,81.59,81.615,1719.68
1783360620000,81.615,81.643,81.612,81.612,1000.78
1783360680000,81.618,81.619,81.572,81.575,1613.06
1783360740000,81.572,81.615,81.572,81.586,930.89
1783360800000,81.592,81.626,81.515,81.578,1183.67
1783360860000,81.571,81.621,81.57,81.612,1788.23
1783360920000,81.618,81.686,81.612,81.685,1377.26
1783360980000,81.686,81.776,81.676,81.775,1552.14
1783361040000,81.764,81.775,81.698,81.717,1197.84
1783361100000,81.724,81.741,81.644,81.652,1551.21
1783361160000,81.652,81.685,81.604,81.605,1784.39
1783361220000,81.604,81.611,81.551,81.581,5876.0
1783361280000,81.588,81.588,81.517,81.535,1175.42
1783361340000,81.535,81.541,81.484,81.485,1826.69
1783361400000,81.485,81.579,81.474,81.564,1675.7
1783361460000,81.557,81.564,81.498,81.498,1977.82
1783361520000,81.498,81.521,81.473,81.478,1042.67
1783361580000,81.478,81.478,81.313,81.368,6443.55
1783361640000,81.36,81.379,81.342,81.342,1251.35
1783361700000,81.342,81.412,81.342,81.411,1963.61
1783361760000,81.404,81.436,81.378,81.378,1559.11
1783361820000,81.385,81.389,81.338,81.374,1767.3
1783361880000,81.368,81.375,81.265,81.322,3034.36
1783361940000,81.318,81.379,81.301,81.371,1157.51
1783362000000,81.372,81.467,81.372,81.466,2186.94
1783362060000,81.472,81.535,81.471,81.498,2093.4
1783362120000,81.498,81.604,81.471,81.604,2618.59
1783362180000,81.601,81.604,81.564,81.591,1095.12
1783362240000,81.599,81.612,81.564,81.572,1885.68
1783362300000,81.572,81.572,81.5,81.536,1042.49
1783362360000,81.536,81.685,81.529,81.684,1270.23
1783362420000,81.676,81.685,81.596,81.597,1399.48
1783362480000,81.597,81.602,81.471,81.479,1164.44
1783362540000,81.484,81.532,81.484,81.531,1861.24
1783362600000,81.524,81.577,81.498,81.577,1335.22
1783362660000,81.576,81.653,81.557,81.625,1544.27
1783362720000,81.618,81.625,81.544,81.565,2256.2
1783362780000,81.558,81.586,81.487,81.579,1626.33
1783362840000,81.579,81.594,81.531,81.561,1015.37
1783362900000,81.554,81.623,81.507,81.615,1171.43
1783362960000,81.614,81.792,81.614,81.791,1663.69
1783363020000,81.788,81.876,81.787,81.848,4551.35
1783363080000,81.841,81.945,81.84,81.864,2270.52
1783363140000,81.872,81.872,81.741,81.791,1219.87
1783363200000,81.791,81.809,81.723,81.809,1127.99
1783363260000,81.802,81.863,81.782,81.829,1068.24
1783363320000,81.83,81.86,81.812,81.831,1221.72
1783363380000,81.831,81.859,81.791,81.842,1299.37
1783363440000,81.842,81.842,81.8,81.809,949.29
1783363500000,81.809,81.868,81.802,81.868,1067.26
1783363560000,81.869,81.872,81.785,81.797,1147.0
1783363620000,81.797,81.855,81.783,81.819,1334.25
1783363680000,81.819,81.825,81.781,81.788,990.93
1783363740000,81.765,81.917,81.765,81.916,2248.73
1783363800000,81.945,82.114,81.941,82.062,2936.22
1783363860000,82.062,82.212,82.028,82.145,6194.46
1783363920000,82.145,82.216,82.104,82.208,1713.35
1783363980000,82.201,82.239,82.109,82.114,2678.21
1783364040000,82.121,82.121,82.05,82.051,2080.11
1783364100000,82.051,82.106,81.986,82.004,2518.38
1783364160000,82.011,82.04,81.981,81.997,2003.87
1783364220000,81.997,81.999,81.95,81.99,1117.18
1783364280000,81.99,81.99,81.918,81.952,1064.07
1783364340000,81.945,81.963,81.927,81.946,1673.02
1783364400000,81.939,81.947,81.881,81.918,1277.43
1783364460000,81.925,81.931,81.878,81.929,1633.27
1783364520000,81.922,81.931,81.854,81.862,1668.04
1783364580000,81.862,81.927,81.829,81.872,1366.73
1783364640000,81.865,81.882,81.838,81.862,1252.59
1783364700000,81.856,81.885,81.832,81.876,1457.43
1783364760000,81.875,81.932,81.869,81.932,1527.07
1783364820000,81.925,81.932,81.858,81.862,2485.6
1783364880000,81.868,81.869,81.755,81.782,4082.03
1783364940000,81.782,81.876,81.781,81.845,1306.23
1783365000000,81.845,81.909,81.84,81.902,1939.09
1783365060000,81.902,81.909,81.844,81.858,1250.06
1783365120000,81.858,81.869,81.845,81.845,1133.47
1783365180000,81.845,81.885,81.8,81.878,1078.32
1783365240000,81.885,81.903,81.877,81.902,997.28
1783365300000,81.871,81.92,81.867,81.919,1197.9
1783365360000,81.919,81.919,81.851,81.868,1103.88
1783365420000,81.868,81.896,81.852,81.895,1069.29
1783365480000,81.895,81.96,81.889,81.952,1114.12
1783365540000,81.952,81.996,81.931,81.938,1412.37
1783365600000,81.932,81.938,81.892,81.899,1098.86
1783365660000,81.899,81.999,81.899,81.922,1398.67
1783365720000,81.922,81.938,81.888,81.938,1112.43
1783365780000,81.938,82.019,81.93,82.018,1078.91
1783365840000,82.011,82.02,81.988,82.006,1769.06
1783365900000,82.006,82.062,82.004,82.061,1517.49
1783365960000,82.05,82.062,82.013,82.033,1144.39
1783366020000,82.025,82.032,82.004,82.011,1080.45
1783366080000,81.972,81.999,81.971,81.991,1174.06
1783366140000,81.991,82.03,81.954,82.03,1065.94
1783366200000,82.029,82.03,81.931,81.949,1193.14
1783366260000,81.949,81.949,81.921,81.922,993.77
1783366320000,81.928,81.944,81.904,81.936,1087.87
1783366380000,81.936,82.001,81.936,81.992,964.34
1783366440000,81.998,82.037,81.991,82.015,1083.12
1783366500000,82.015,82.039,81.951,81.978,1046.43
1783366560000,81.978,82.036,81.978,82.009,1044.14
1783366620000,82.015,82.042,82.008,82.028,1042.16
1783366680000,82.027,82.052,82.027,82.052,1030.31
1783366740000,82.052,82.053,82.007,82.015,1067.96
1783366800000,82.008,82.015,81.95,81.988,1026.06
1783366860000,81.988,82.092,81.982,82.084,1112.96
1783366920000,82.091,82.136,82.068,82.085,1264.94
1783366980000,82.079,82.091,82.072,82.08,1445.99
1783367040000,82.08,82.08,82.048,82.049,993.69
1783367100000,82.049,82.056,82.024,82.048,1243.16
1783367160000,82.055,82.055,82.024,82.025,1594.96
1783367220000,82.025,82.032,81.994,82.002,1652.61
1783367280000,82.002,82.052,81.995,82.052,1199.63
1783367340000,82.052,82.053,81.994,82.015,996.64
1783367400000,81.98,81.98,81.825,81.918,1901.01
1783367460000,81.918,81.925,81.876,81.898,1099.09
1783367520000,81.899,81.963,81.898,81.942,2751.73
1783367580000,81.936,81.968,81.935,81.968,1162.7
1783367640000,81.967,81.977,81.922,81.939,1159.12
1783367700000,81.931,81.958,81.906,81.952,1125.03
1783367760000,81.958,82.02,81.952,81.971,1304.09
1783367820000,81.979,82.002,81.968,81.976,996.6
1783367880000,81.976,82.068,81.968,82.041,1142.58
1783367940000,82.041,82.049,82.002,82.025,1491.88
1783368000000,82.018,82.025,81.93,81.931,2810.1
1783368060000,81.921,81.921,81.751,81.751,5563.6
1783368120000,81.751,81.766,81.641,81.757,5546.51
1783368180000,81.765,81.765,81.694,81.745,2002.11
1783368240000,81.746,81.752,81.699,81.727,3108.86
1783368300000,81.72,81.749,81.684,81.741,1085.53
1783368360000,81.741,81.776,81.74,81.741,1639.6
1783368420000,81.741,81.832,81.741,81.775,2398.21
1783368480000,81.768,81.806,81.767,81.798,2137.53
1783368540000,81.791,81.798,81.743,81.748,1721.78
1783368600000,81.748,81.755,81.647,81.648,4603.77
1783368660000,81.647,81.699,81.647,81.691,1607.81
1783368720000,81.698,81.702,81.687,81.701,2138.03
1783368780000,81.701,81.736,81.691,81.735,1225.77
1783368840000,81.729,81.755,81.701,81.731,989.17
1783368900000,81.731,81.758,81.731,81.758,1004.58
1783368960000,81.758,81.762,81.733,81.751,1265.75
1783369020000,81.758,81.758,81.731,81.741,996.28
1783369080000,81.741,81.761,81.733,81.735,1116.53
1783369140000,81.735,81.76,81.735,81.759,1220.38
1783369200000,81.752,81.815,81.752,81.758,6093.64
1783369260000,81.758,81.853,81.758,81.844,1523.75
1783369320000,81.844,81.9,81.811,81.812,1026.37
1783369380000,81.818,81.838,81.811,81.812,1166.12
1783369440000,81.818,81.819,81.784,81.785,1289.16
1783369500000,81.785,81.863,81.766,81.838,1790.98
1783369560000,81.845,81.845,81.812,81.819,918.79
1783369620000,81.819,81.82,81.812,81.812,970.94
1783369680000,81.812,81.906,81.812,81.892,991.38
1783369740000,81.899,81.943,81.892,81.923,1188.51
1783369800000,81.916,81.966,81.902,81.958,1213.6
1783369860000,81.959,82.106,81.958,82.055,3569.62
1783369920000,82.056,82.116,82.048,82.075,1209.98
1783369980000,82.074,82.081,82.028,82.059,1299.82
1783370040000,82.052,82.116,82.052,82.115,1104.04
1783370100000,82.115,82.115,82.089,82.105,1261.79
1783370160000,82.105,82.112,82.065,82.072,2945.93
1783370220000,82.065,82.073,82.021,82.022,1859.35
1783370280000,82.022,82.031,82.021,82.03,969.31
1783370340000,82.03,82.031,81.997,82.008,1345.39
1783370400000,82.001,82.035,82.0,82.035,2226.83
1783370460000,82.028,82.036,82.027,82.035,1075.55
1783370520000,82.028,82.036,82.027,82.027,7390.54
1783370580000,82.027,82.028,81.961,81.962,6294.4
1783370640000,81.962,81.969,81.961,81.969,1143.21
1783370700000,81.962,81.969,81.884,81.901,2385.72
1783370760000,81.888,81.921,81.875,81.909,1324.52
1783370820000,81.911,81.919,81.874,81.912,968.39
1783370880000,81.912,81.936,81.912,81.928,1196.18
1783370940000,81.928,81.952,81.927,81.952,1051.69
1783371000000,81.952,81.953,81.926,81.945,1143.0
1783371060000,81.953,81.965,81.927,81.958,1747.64
1783371120000,81.958,82.037,81.958,82.028,1004.52
1783371180000,82.029,82.113,82.028,82.106,3528.46
1783371240000,82.112,82.198,82.105,82.187,1467.97
1783371300000,82.187,82.194,82.058,82.065,4841.41
1783371360000,82.066,82.066,82.028,82.035,932.17
1783371420000,82.035,82.058,82.007,82.052,2190.45
1783371480000,82.052,82.122,82.038,82.122,921.02
1783371540000,82.115,82.126,82.038,82.045,932.9
1783371600000,82.045,82.086,82.035,82.078,1969.72
1783371660000,82.077,82.112,82.059,82.065,1005.84
1783371720000,82.059,82.125,82.017,82.025,1143.43
1783371780000,82.026,82.092,82.017,82.092,1337.87
1783371840000,82.09,82.17,82.09,82.125,1942.04
1783371900000,82.126,82.189,82.117,82.154,5789.71
1783371960000,82.154,82.2,82.154,82.194,1033.45
1783372020000,82.199,82.262,82.16,82.216,4240.1
1783372080000,82.216,82.331,82.216,82.327,3357.32
1783372140000,82.335,83.331,82.335,83.239,60098.04
1783372200000,83.248,83.728,83.192,83.212,22479.97
1783372260000,83.193,83.296,83.01,83.084,5279.76
1783372320000,83.096,83.224,83.014,83.155,2522.44
1783372380000,83.154,83.197,82.962,82.962,5936.84
1783372440000,82.96,83.016,82.921,82.934,5362.68
1783372500000,82.927,83.052,82.909,83.045,9545.49
1783372560000,83.051,83.063,82.903,82.914,3012.11
1783372620000,82.9,82.9,82.78,82.803,4704.59
1783372680000,82.804,82.902,82.804,82.831,7767.2
1783372740000,82.83,82.918,82.781,82.804,3849.53
1783372800000,82.804,82.804,82.758,82.759,3036.07
1783372860000,82.77,82.836,82.75,82.814,1596.46
1783372920000,82.821,82.878,82.773,82.859,1590.11
1783372980000,82.865,82.866,82.823,82.831,2254.88
1783373040000,82.831,82.856,82.774,82.774,1637.74
1783373100000,82.775,82.778,82.554,82.61,8636.98
1783373160000,82.611,82.748,82.611,82.709,2121.0
1783373220000,82.713,82.713,82.64,82.692,1661.39
1783373280000,82.699,82.7,82.621,82.644,1640.56
1783373340000,82.644,82.652,82.624,82.632,1285.61
1783373400000,82.625,82.642,82.468,82.469,4487.65
1783373460000,82.468,82.642,82.468,82.642,1817.58
1783373520000,82.642,82.761,82.641,82.761,6420.52
1783373580000,82.765,82.809,82.7,82.701,1358.13
1783373640000,82.7,82.702,82.667,82.675,4034.66
1783373700000,82.675,82.681,82.494,82.541,5157.31
1783373760000,82.534,82.594,82.434,82.434,1584.51
1783373820000,82.434,82.524,82.43,82.465,2747.59
1783373880000,82.465,82.495,82.454,82.474,1177.53
1783373940000,82.482,82.525,82.451,82.505,1401.94
1783374000000,82.526,82.576,82.525,82.552,1258.86
1783374060000,82.551,82.568,82.508,82.552,1263.19
1783374120000,82.552,82.56,82.524,82.524,1696.47
1783374180000,82.525,82.532,82.524,82.525,1086.22
1783374240000,82.531,82.586,82.524,82.577,1158.66
1783374300000,82.578,82.586,82.524,82.525,1145.56
1783374360000,82.525,82.532,82.45,82.458,1111.28
1783374420000,82.451,82.545,82.45,82.515,1330.78
1783374480000,82.514,82.535,82.481,82.524,1038.44
1783374540000,82.53,82.568,82.523,82.568,1132.05
1783374600000,82.568,82.692,82.561,82.663,1838.04
1783374660000,82.664,82.834,82.663,82.827,2012.58
1783374720000,82.834,82.854,82.804,82.805,3986.36
1783374780000,82.804,82.832,82.787,82.822,1355.8
1783374840000,82.822,82.831,82.654,82.728,3984.71
1783374900000,82.758,82.84,82.757,82.832,1231.2
1783374960000,82.832,82.84,82.687,82.687,1190.87
1783375020000,82.695,82.742,82.688,82.735,1060.28
1783375080000,82.735,82.742,82.705,82.705,1132.69
1783375140000,82.712,82.782,82.702,82.774,1263.5
1783375200000,82.781,82.854,82.703,82.775,2245.81
1783375260000,82.775,82.781,82.737,82.768,1249.46
1783375320000,82.761,82.835,82.732,82.804,1020.82
1783375380000,82.804,82.811,82.712,82.778,1360.95
1783375440000,82.771,82.811,82.641,82.651,1815.94
1783375500000,82.644,82.655,82.592,82.655,2423.5
1783375560000,82.648,82.656,82.594,82.595,1073.44
1783375620000,82.595,82.618,82.589,82.595,1518.24
1783375680000,82.595,82.636,82.587,82.608,1084.31
1783375740000,82.608,82.636,82.6,82.609,1212.88
1783375800000,82.616,82.636,82.607,82.635,1142.19
1783375860000,82.628,82.635,82.577,82.605,1018.4
1783375920000,82.598,82.645,82.598,82.645,1078.89
1783375980000,82.645,82.65,82.621,82.639,1031.78
1783376040000,82.632,82.639,82.63,82.638,1222.37
1783376100000,82.631,82.638,82.544,82.625,1389.65
1783376160000,82.625,82.626,82.578,82.585,944.71
1783376220000,82.592,82.592,82.564,82.584,1105.0
1783376280000,82.584,82.68,82.583,82.666,1158.24
1783376340000,82.665,82.665,82.571,82.606,1386.73
1783376400000,82.589,82.589,82.544,82.545,1009.88
1783376460000,82.556,82.579,82.523,82.572,1626.85
1783376520000,82.572,82.573,82.513,82.532,1083.22
1783376580000,82.538,82.541,82.515,82.521,951.45
1783376640000,82.521,82.521,82.432,82.454,3927.09
1783376700000,82.453,82.49,82.434,82.475,2885.77
1783376760000,82.468,82.475,82.418,82.419,3561.42
1783376820000,82.419,82.429,82.351,82.404,3578.27
1783376880000,82.411,82.411,82.347,82.349,2961.03
1783376940000,82.357,82.36,82.348,82.355,1584.48
1783377000000,82.356,82.389,82.314,82.381,1252.97
1783377060000,82.381,82.389,82.358,82.359,1774.65
1783377120000,82.358,82.367,82.358,82.366,2295.61
1783377180000,82.358,82.378,82.358,82.377,1601.54
1783377240000,82.377,82.44,82.368,82.416,1750.96
1783377300000,82.416,82.457,82.409,82.419,1633.41
1783377360000,82.419,82.463,82.418,82.444,1104.24
1783377420000,82.452,82.452,82.428,82.444,1114.54
1783377480000,82.452,82.469,82.418,82.418,2121.91
1783377540000,82.425,82.473,82.417,82.465,1867.98
1783377600000,82.472,82.512,82.465,82.51,1008.73
1783377660000,82.51,82.512,82.491,82.499,999.62
1783377720000,82.492,82.499,82.415,82.438,1060.25
1783377780000,82.431,82.438,82.337,82.338,1229.66
1783377840000,82.338,82.385,82.337,82.374,1050.45
1783377900000,82.381,82.381,82.269,82.294,2454.66
1783377960000,82.313,82.343,82.263,82.291,1678.65
1783378020000,82.291,82.335,82.284,82.298,2030.7
1783378080000,82.306,82.376,82.297,82.369,978.81
1783378140000,82.376,82.435,82.369,82.421,1131.21
1783378200000,82.421,82.442,82.413,82.43,1033.59
1783378260000,82.441,82.442,82.395,82.398,1151.42
1783378320000,82.405,82.405,82.344,82.345,1075.25
1783378380000,82.351,82.352,82.291,82.291,1503.93
1783378440000,82.299,82.3,82.29,82.3,1016.36
1783378500000,82.299,82.3,82.279,82.279,1079.52
1783378560000,82.279,82.281,82.23,82.24,951.88
1783378620000,82.23,82.266,82.23,82.262,1727.43
1783378680000,82.262,82.263,82.21,82.241,1818.61
1783378740000,82.233,82.291,82.233,82.291,1224.55
1783378800000,82.285,82.315,82.283,82.283,1055.7
1783378860000,82.284,82.318,82.263,82.295,1322.01
1783378920000,82.295,82.353,82.289,82.332,1100.12
1783378980000,82.324,82.376,82.299,82.338,1585.97
1783379040000,82.345,82.346,82.314,82.315,944.01
1783379100000,82.315,82.343,82.315,82.342,1045.67
1783379160000,82.342,82.343,82.333,82.342,1374.12
1783379220000,82.334,82.341,82.288,82.288,1013.4
1783379280000,82.295,82.296,82.287,82.288,1078.15
1783379340000,82.288,82.295,82.221,82.229,1559.82
1783379400000,82.229,82.252,82.217,82.217,1461.95
1783379460000,82.231,82.24,82.211,82.215,999.9
1783379520000,82.215,82.262,82.211,82.262,1143.27
1783379580000,82.254,82.292,82.253,82.281,1493.55
1783379640000,82.281,82.288,82.243,82.275,999.35
1783379700000,82.267,82.279,82.264,82.265,1278.22
1783379760000,82.265,82.271,82.123,82.125,2466.83
1783379820000,82.125,82.133,82.046,82.111,1739.57
1783379880000,82.112,82.112,82.058,82.059,1403.62
1783379940000,82.066,82.102,82.055,82.101,1589.68
1783380000000,82.095,82.102,81.985,82.021,6859.73
1783380060000,82.014,82.014,81.955,81.989,1292.47
1783380120000,81.989,81.993,81.954,81.962,1202.0
1783380180000,81.962,81.993,81.954,81.992,1161.58
1783380240000,81.985,81.999,81.958,81.966,2237.62
1783380300000,81.966,81.995,81.955,81.988,1676.42
1783380360000,81.981,82.065,81.981,82.058,1861.1
1783380420000,82.058,82.117,82.057,82.109,1131.46
1783380480000,82.116,82.143,82.091,82.136,2241.77
1783380540000,82.136,82.147,82.098,82.099,1128.95
1783380600000,82.106,82.107,82.096,82.103,1529.59
1783380660000,82.096,82.104,82.075,82.083,1151.6
1783380720000,82.076,82.084,82.075,82.077,1076.6
1783380780000,82.083,82.083,82.02,82.02,1039.38
1783380840000,82.025,82.092,82.02,82.092,1626.81
1783380900000,82.092,82.13,82.068,82.122,1049.83
1783380960000,82.122,82.129,82.069,82.076,1199.18
1783381020000,82.076,82.114,82.07,82.114,952.8
1783381080000,82.109,82.115,82.021,82.03,1124.16
1783381140000,82.022,82.022,81.975,81.982,1116.18
1783381200000,81.989,82.014,81.982,82.006,1043.35
1783381260000,82.006,82.017,81.985,81.993,1118.79
1783381320000,81.985,81.993,81.941,81.942,1677.39
1783381380000,81.942,81.979,81.942,81.978,1322.53
1783381440000,81.972,81.999,81.971,81.991,4732.24
1783381500000,81.998,81.998,81.934,81.975,1420.09
1783381560000,81.968,81.976,81.925,81.939,1379.65
1783381620000,81.94,81.94,81.886,81.925,1204.19
1783381680000,81.932,81.951,81.925,81.944,1374.68
1783381740000,81.946,81.989,81.942,81.982,1163.76
1783381800000,81.982,81.988,81.934,81.945,1094.04
1783381860000,81.945,81.949,81.915,81.945,1008.82
1783381920000,81.939,81.999,81.938,81.992,1098.25
1783381980000,81.998,81.999,81.991,81.998,1109.02
1783382040000,81.992,81.998,81.975,81.987,1482.59
1783382100000,81.98,82.015,81.959,81.966,1111.47
1783382160000,81.959,81.966,81.919,81.919,1083.05
1783382220000,81.926,81.927,81.878,81.881,1494.1
1783382280000,81.886,81.914,81.886,81.913,984.95
1783382340000,81.914,81.914,81.882,81.908,960.99
1783382400000,81.901,81.959,81.901,81.933,1245.1
1783382460000,81.93,81.942,81.892,81.898,956.86
1783382520000,81.892,81.929,81.858,81.929,1215.87
1783382580000,81.921,81.929,81.901,81.902,1156.78
1783382640000,81.902,81.918,81.851,81.914,1152.04
1783382700000,81.907,81.942,81.907,81.941,1672.37
1783382760000,81.941,81.959,81.935,81.957,1841.02
1783382820000,81.956,81.966,81.911,81.965,1195.11
1783382880000,81.959,81.966,81.837,81.844,1447.7
1783382940000,81.837,81.853,81.822,81.845,1697.67
1783383000000,81.846,81.863,81.842,81.855,1205.38
1783383060000,81.855,81.862,81.82,81.823,1088.04
1783383120000,81.821,81.849,81.82,81.848,1226.86
1783383180000,81.841,81.88,81.841,81.88,1188.86
1783383240000,81.879,81.88,81.821,81.822,1130.39
1783383300000,81.822,81.88,81.808,81.879,1992.34
1783383360000,81.872,81.968,81.872,81.967,1427.96
1783383420000,81.968,82.009,81.952,81.985,1186.8
1783383480000,81.984,81.993,81.957,81.992,1006.19
1783383540000,81.985,82.013,81.965,82.013,1656.42
1783383600000,82.013,82.148,82.01,82.132,1166.24
1783383660000,82.121,82.234,82.098,82.159,2250.51
1783383720000,82.159,82.201,82.108,82.116,1172.3
1783383780000,82.116,82.187,82.089,82.181,1059.47
1783383840000,82.187,82.27,82.187,82.27,2446.76
1783383900000,82.258,82.335,82.218,82.318,2004.67
1783383960000,82.325,82.325,82.25,82.288,1894.41
1783384020000,82.288,82.359,82.281,82.358,1166.51
1783384080000,82.35,82.376,82.334,82.338,1170.23
1783384140000,82.345,82.345,82.274,82.295,2546.86
1783384200000,82.296,82.353,82.247,82.345,1264.38
1783384260000,82.356,82.399,82.356,82.377,1613.37
1783384320000,82.377,82.458,82.377,82.398,1370.35
1783384380000,82.398,82.415,82.358,82.415,1334.01
1783384440000,82.407,82.432,82.356,82.404,1157.86
1783384500000,82.404,82.438,82.387,82.411,1093.98
1783384560000,82.404,82.411,82.316,82.323,1085.47
1783384620000,82.317,82.386,82.262,82.263,2228.79
1783384680000,82.262,82.263,82.141,82.15,1324.58
1783384740000,82.15,82.185,82.139,82.178,1488.13
1783384800000,82.178,82.209,82.168,82.172,1030.79
1783384860000,82.171,82.225,82.171,82.221,1102.91
1783384920000,82.248,82.259,82.247,82.255,1051.47
1783384980000,82.255,82.299,82.247,82.295,1076.94
1783385040000,82.278,82.307,82.254,82.278,1037.91
1783385100000,82.278,82.435,82.277,82.412,2946.33
1783385160000,82.34,82.34,82.2,82.231,1050.81
1783385220000,82.238,82.277,82.231,82.242,968.31
1783385280000,82.242,82.355,82.241,82.348,1012.83
1783385340000,82.348,82.355,82.284,82.285,1089.46
1783385400000,82.285,82.292,82.2,82.206,1936.81
1783385460000,82.206,82.218,82.188,82.21,1108.83
1783385520000,82.218,82.33,82.211,82.286,1101.4
1783385580000,82.293,82.36,82.286,82.319,2393.09
1783385640000,82.312,82.41,82.311,82.41,2832.71
1783385700000,82.41,82.422,82.388,82.412,1323.65
1783385760000,82.418,82.419,82.376,82.389,1132.54
1783385820000,82.389,82.389,82.278,82.313,913.41
1783385880000,82.306,82.336,82.306,82.326,1033.76
1783385940000,82.326,82.334,82.325,82.333,1083.03
1783386000000,82.326,82.333,82.25,82.284,1154.63
1783386060000,82.284,82.285,82.195,82.206,1016.55
1783386120000,82.196,82.206,82.128,82.142,1616.69
1783386180000,82.142,82.166,82.09,82.091,1251.86
1783386240000,82.098,82.098,81.881,81.889,4375.55
1783386300000,81.881,81.948,81.784,81.948,2250.19
1783386360000,81.942,82.002,81.942,81.995,1470.06
1783386420000,81.995,81.999,81.972,81.978,1775.02
1783386480000,81.978,82.046,81.97,82.018,1766.51
1783386540000,82.018,82.049,82.011,82.042,1178.15
1783386600000,82.042,82.199,82.041,82.142,1197.35
1783386660000,82.142,82.149,82.102,82.118,997.2
1783386720000,82.118,82.138,82.112,82.138,973.37
1783386780000,82.131,82.138,82.066,82.095,1471.24
1783386840000,82.088,82.118,82.087,82.111,1101.2
1783386900000,82.111,82.166,82.036,82.043,1067.17
1783386960000,82.043,82.065,82.035,82.056,1012.81
1783387020000,82.056,82.057,82.03,82.041,992.24
1783387080000,82.041,82.099,82.041,82.099,1032.08
1783387140000,82.099,82.099,82.003,82.078,1475.98
1783387200000,82.072,82.078,81.958,81.959,1057.55
1783387260000,81.959,82.029,81.935,81.976,1129.4
1783387320000,81.976,81.986,81.955,81.976,1144.53
1783387380000,81.983,82.092,81.975,82.059,1226.57
1783387440000,82.083,82.084,82.013,82.021,1201.69
1783387500000,82.013,82.02,81.944,81.946,1179.77
1783387560000,81.946,82.0,81.946,81.996,1086.91
1783387620000,81.989,82.0,81.935,81.963,1126.57
1783387680000,81.963,81.973,81.935,81.955,1024.63
1783387740000,81.962,81.962,81.864,81.896,1070.68
1783387800000,81.888,81.928,81.864,81.903,1291.97
1783387860000,81.909,81.932,81.895,81.903,993.96
1783387920000,81.896,81.932,81.835,81.925,1381.67
1783387980000,81.926,82.002,81.925,82.001,1285.64
1783388040000,82.001,82.018,81.887,81.892,1131.72
1783388100000,81.892,81.912,81.884,81.912,1133.88
1783388160000,81.912,81.913,81.798,81.816,989.72
1783388220000,81.816,81.843,81.774,81.843,1266.27
1783388280000,81.841,81.874,81.841,81.873,1241.13
1783388340000,81.873,81.882,81.865,81.882,1234.65
1783388400000,81.876,81.896,81.815,81.892,1443.74
1783388460000,81.892,81.906,81.884,81.885,1205.64
1783388520000,81.892,81.892,81.825,81.825,1229.9
1783388580000,81.832,81.927,81.824,81.926,2217.07
1783388640000,81.919,81.96,81.918,81.952,1183.8
1783388700000,81.959,82.046,81.952,82.042,1401.93
1783388760000,82.036,82.057,82.035,82.054,1029.51
1783388820000,82.054,82.138,82.054,82.109,3295.49
1783388880000,82.101,82.138,82.086,82.086,1021.11
1783388940000,82.092,82.128,82.086,82.105,1028.7
1783389000000,82.106,82.106,82.05,82.051,1668.68
1783389060000,82.058,82.078,82.05,82.069,969.17
1783389120000,82.076,82.076,81.987,81.988,1621.2
1783389180000,81.988,82.021,81.935,81.955,1169.41
1783389240000,81.962,81.995,81.954,81.965,1151.23
1783389300000,81.972,81.992,81.907,81.912,1016.11
1783389360000,81.906,81.949,81.906,81.926,989.74
1783389420000,81.926,81.932,81.906,81.922,885.2
1783389480000,81.915,81.923,81.877,81.885,1049.13
1783389540000,81.892,81.892,81.825,81.845,989.22
1783389600000,81.872,81.883,81.815,81.883,1763.46
1783389660000,81.874,81.937,81.874,81.902,1837.36
1783389720000,81.902,81.902,81.825,81.825,1900.56
1783389780000,81.825,81.852,81.824,81.849,1255.04
1783389840000,81.842,81.899,81.841,81.891,1542.03
1783389900000,81.891,81.898,81.89,81.898,1038.59
1783389960000,81.898,81.898,81.801,81.801,1002.51
1783390020000,81.809,81.828,81.791,81.8,1294.39
1783390080000,81.792,81.833,81.791,81.821,1069.9
1783390140000,81.815,81.825,81.74,81.752,4303.63
1783390200000,81.752,81.792,81.742,81.792,1922.02
1783390260000,81.792,81.814,81.781,81.814,1028.44
1783390320000,81.813,81.832,81.791,81.792,2109.87
1783390380000,81.792,81.813,81.775,81.812,1298.8
1783390440000,81.805,81.816,81.775,81.805,2528.6
1783390500000,81.812,81.826,81.776,81.795,1037.33
1783390560000,81.795,81.882,81.795,81.854,1186.5
1783390620000,81.846,81.854,81.7,81.725,1432.68
1783390680000,81.725,81.776,81.725,81.752,1102.83
1783390740000,81.752,81.752,81.709,81.716,1002.35
1783390800000,81.716,81.733,81.7,81.701,3014.07
1783390860000,81.701,81.705,81.7,81.701,1214.07
1783390920000,81.701,81.711,81.631,81.642,2214.72
1783390980000,81.642,81.664,81.568,81.576,5261.71
1783391040000,81.598,81.606,81.53,81.54,2185.15
1783391100000,81.541,81.576,81.537,81.538,1572.21
1783391160000,81.537,81.582,81.524,81.55,1871.17
1783391220000,81.557,81.595,81.55,81.591,5065.64
1783391280000,81.592,81.595,81.584,81.591,1216.93
1783391340000,81.587,81.612,81.547,81.556,1230.91
1783391400000,81.556,81.613,81.471,81.472,3034.1
1783391460000,81.48,81.48,81.37,81.435,3217.01
1783391520000,81.435,81.488,81.418,81.483,1296.84
1783391580000,81.483,81.506,81.438,81.475,1031.71
1783391640000,81.454,81.461,81.388,81.418,1460.42
1783391700000,81.418,81.434,81.398,81.421,4053.15
1783391760000,81.448,81.466,81.418,81.442,2381.53
1783391820000,81.442,81.576,81.442,81.51,1301.92
1783391880000,81.51,81.51,81.387,81.405,1264.65
1783391940000,81.405,81.53,81.405,81.525,1057.1
1783392000000,81.529,81.529,81.502,81.503,1171.01
1783392060000,81.51,81.53,81.503,81.511,1470.0
1783392120000,81.509,81.53,81.478,81.529,1112.51
1783392180000,81.521,81.583,81.521,81.581,1252.86
1783392240000,81.581,81.583,81.553,81.556,1391.11
1783392300000,81.554,81.623,81.553,81.616,1158.66
1783392360000,81.622,81.622,81.568,81.586,5405.03
1783392420000,81.579,81.587,81.5,81.5,3607.37
1783392480000,81.5,81.513,81.458,81.506,1335.68
1783392540000,81.512,81.513,81.375,81.375,2392.22
1783392600000,81.375,81.43,81.375,81.42,1217.98
1783392660000,81.413,81.424,81.3,81.301,1800.05
1783392720000,81.301,81.313,81.253,81.285,6584.36
1783392780000,81.294,81.363,81.286,81.333,1470.46
1783392840000,81.333,81.34,81.284,81.292,1101.53
1783392900000,81.292,81.292,81.257,81.265,1144.96
1783392960000,81.258,81.29,81.254,81.265,1417.23
1783393020000,81.265,81.297,81.265,81.292,982.14
1783393080000,81.296,81.336,81.292,81.315,1284.67
1783393140000,81.316,81.316,81.274,81.306,980.77
1783393200000,81.299,81.348,81.295,81.335,1519.24
1783393260000,81.335,81.374,81.222,81.233,1484.59
1783393320000,81.226,81.313,81.222,81.306,4253.82
1783393380000,81.313,81.376,81.305,81.359,1308.68
1783393440000,81.36,81.382,81.349,81.368,1723.42
1783393500000,81.376,81.381,81.322,81.381,1185.04
1783393560000,81.381,81.387,81.356,81.356,1350.09
1783393620000,81.356,81.434,81.356,81.426,1529.91
1783393680000,81.433,81.437,81.352,81.403,1067.06
1783393740000,81.403,81.426,81.389,81.399,1668.78
1783393800000,81.399,81.407,81.35,81.351,1121.24
1783393860000,81.355,81.356,81.321,81.322,1199.24
1783393920000,81.321,81.355,81.3,81.339,1512.01
1783393980000,81.339,81.339,81.301,81.302,1396.82
1783394040000,81.302,81.309,81.251,81.251,1084.34
1783394100000,81.252,81.307,81.252,81.278,2519.44
1783394160000,81.272,81.278,81.145,81.223,4700.29
1783394220000,81.224,81.277,81.199,81.269,1108.47
1783394280000,81.269,81.277,81.238,81.246,953.19
1783394340000,81.239,81.247,81.216,81.222,1120.17
1783394400000,81.222,81.273,81.202,81.273,1223.82
1783394460000,81.272,81.273,81.241,81.249,915.11
1783394520000,81.242,81.266,81.219,81.249,1666.48
1783394580000,81.249,81.264,81.114,81.147,1268.46
1783394640000,81.155,81.227,81.147,81.225,1473.93
1783394700000,81.219,81.243,81.202,81.242,2367.83
1783394760000,81.235,81.243,81.145,81.145,2457.68
1783394820000,81.152,81.163,81.11,81.159,8240.63
1783394880000,81.155,81.156,81.124,81.138,2354.67
1783394940000,81.138,81.163,81.111,81.142,1373.07
1783395000000,81.135,81.173,81.125,81.168,1920.37
1783395060000,81.162,81.169,81.158,81.168,987.38
1783395120000,81.163,81.21,81.163,81.193,1640.37
1783395180000,81.201,81.226,81.193,81.199,1692.94
1783395240000,81.199,81.21,81.165,81.186,1116.58
1783395300000,81.178,81.217,81.178,81.216,1620.58
1783395360000,81.209,81.237,81.134,81.228,1101.05
1783395420000,81.228,81.237,81.169,81.177,1142.51
1783395480000,81.176,81.193,81.168,81.192,1163.23
1783395540000,81.192,81.193,81.168,81.192,1505.55
1783395600000,81.185,81.192,81.137,81.166,1037.31
1783395660000,81.159,81.167,81.107,81.108,2289.1
1783395720000,81.115,81.115,81.068,81.076,1623.5
1783395780000,81.069,81.116,81.068,81.105,1547.85
1783395840000,81.112,81.123,81.081,81.115,1133.99
1783395900000,81.115,81.122,81.071,81.083,1090.15
1783395960000,81.076,81.083,81.035,81.038,1243.02
1783396020000,81.039,81.086,81.038,81.086,1597.03
1783396080000,81.086,81.087,81.046,81.076,1107.21
1783396140000,81.076,81.076,80.932,80.936,5469.48
1783396200000,80.936,81.004,80.936,80.985,1839.97
1783396260000,80.986,80.986,80.976,80.976,1833.11
1783396320000,80.976,81.032,80.958,81.005,2013.85
1783396380000,81.005,81.043,81.001,81.023,2044.43
1783396440000,81.024,81.024,80.995,80.996,1369.85
1783396500000,81.002,81.007,80.978,81.003,1449.08
1783396560000,80.995,81.009,80.995,80.996,1056.45
1783396620000,80.996,81.013,80.995,81.011,1119.75
1783396680000,81.011,81.02,80.995,81.002,1046.95
1783396740000,81.002,81.037,80.994,81.026,1328.27
1783396800000,81.019,81.056,80.992,81.033,2082.91
1783396860000,81.033,81.033,80.977,80.977,2539.42
1783396920000,80.977,80.978,80.902,80.915,2766.77
1783396980000,80.909,80.943,80.884,80.935,1122.32
1783397040000,80.935,80.993,80.934,80.939,1173.85
1783397100000,80.946,80.976,80.939,80.976,4806.8
1783397160000,80.974,80.976,80.914,80.915,1095.27
1783397220000,80.922,80.923,80.914,80.92,1038.7
1783397280000,80.92,80.923,80.872,80.915,1209.96
1783397340000,80.915,80.966,80.915,80.966,1277.76
1783397400000,80.959,80.967,80.907,80.943,1205.17
1783397460000,80.936,80.944,80.899,80.909,1159.07
1783397520000,80.91,80.994,80.903,80.994,1328.97
1783397580000,80.993,81.013,80.908,80.909,2699.23
1783397640000,80.916,80.917,80.885,80.886,932.9
1783397700000,80.893,80.92,80.885,80.912,1340.14
1783397760000,80.919,80.919,80.895,80.902,1060.69
1783397820000,80.896,80.903,80.802,80.843,1616.54
1783397880000,80.849,80.886,80.833,80.833,1241.82
1783397940000,80.833,80.861,80.775,80.776,1197.18
1783398000000,80.775,80.916,80.775,80.893,1456.53
1783398060000,80.9,80.901,80.799,80.898,1784.4
1783398120000,80.9,80.9,80.826,80.83,1004.47
1783398180000,80.832,80.837,80.755,80.756,3508.11
1783398240000,80.763,80.796,80.756,80.772,1722.35
1783398300000,80.771,80.791,80.771,80.779,1469.37
1783398360000,80.785,80.845,80.778,80.845,1185.28
1783398420000,80.838,80.895,80.838,80.894,1060.35
1783398480000,80.894,80.979,80.894,80.961,1781.28
1783398540000,80.962,80.999,80.956,80.956,2795.88
1783398600000,80.955,80.966,80.908,80.949,1796.27
1783398660000,80.949,80.999,80.925,80.948,1192.5
1783398720000,80.954,80.982,80.946,80.949,1431.06
1783398780000,80.949,80.956,80.911,80.93,1587.66
1783398840000,80.93,80.937,80.912,80.912,1127.52
1783398900000,80.919,80.92,80.896,80.902,957.39
1783398960000,80.896,80.903,80.871,80.872,1355.55
1783399020000,80.882,80.882,80.768,80.815,1113.29
1783399080000,80.821,80.9,80.809,80.845,1137.47
1783399140000,80.839,80.866,80.819,80.842,1677.51
1783399200000,80.843,80.855,80.819,80.854,1184.51
1783399260000,80.854,80.864,80.831,80.832,1264.43
1783399320000,80.839,80.84,80.791,80.799,1217.55
1783399380000,80.799,80.813,80.782,80.783,1639.32
1783399440000,80.783,80.793,80.734,80.762,3587.28
1783399500000,80.754,80.81,80.752,80.809,2380.01
1783399560000,80.803,80.81,80.786,80.793,1144.5
1783399620000,80.786,80.793,80.734,80.735,1360.94
1783399680000,80.734,80.735,80.662,80.689,3490.9
1783399740000,80.689,80.696,80.631,80.672,1346.49
1783399800000,80.672,80.693,80.614,80.638,1158.18
1783399860000,80.631,80.679,80.624,80.669,6728.27
1783399920000,80.678,80.694,80.668,80.693,1699.39
1783399980000,80.686,80.849,80.686,80.846,1350.72
1783400040000,80.85,80.853,80.759,80.766,1482.09
1783400100000,80.766,80.77,80.738,80.763,1135.32
1783400160000,80.77,80.773,80.745,80.745,1211.89
1783400220000,80.753,80.796,80.744,80.795,973.58
1783400280000,80.795,80.873,80.789,80.862,2026.73
1783400340000,80.862,80.88,80.862,80.88,1109.92
1783400400000,80.879,80.88,80.868,80.88,1518.76
1783400460000,80.869,80.88,80.765,80.782,1377.59
1783400520000,80.782,80.822,80.758,80.811,1230.45
1783400580000,80.818,80.85,80.811,80.849,1118.97
1783400640000,80.852,80.854,80.842,80.853,1379.85
1783400700000,80.852,80.87,80.852,80.869,1496.97
1783400760000,80.862,80.87,80.838,80.85,1124.34
1783400820000,80.842,80.849,80.762,80.762,1381.69
1783400880000,80.77,80.832,80.762,80.79,1121.27
1783400940000,80.79,80.791,80.728,80.745,1041.8
1783401000000,80.751,80.8,80.744,80.798,1222.68
1783401060000,80.798,80.8,80.718,80.728,1462.42
1783401120000,80.728,80.743,80.704,80.705,1178.38
1783401180000,80.705,80.705,80.535,80.546,5445.98
1783401240000,80.539,80.547,80.46,80.463,3061.25
1783401300000,80.491,80.531,80.45,80.53,2561.29
1783401360000,80.523,80.53,80.511,80.512,1123.24
1783401420000,80.512,80.564,80.502,80.556,3373.81
1783401480000,80.557,80.587,80.532,80.543,1121.65
1783401540000,80.543,80.544,80.481,80.481,2644.32
1783401600000,80.482,80.494,80.468,80.469,2029.99
1783401660000,80.476,80.477,80.425,80.429,1174.89
1783401720000,80.429,80.5,80.429,80.499,1655.26
1783401780000,80.493,80.587,80.493,80.579,1249.23
1783401840000,80.586,80.625,80.558,80.579,2061.94
1783401900000,80.579,80.58,80.521,80.549,1337.45
1783401960000,80.55,80.57,80.541,80.549,1122.82
1783402020000,80.55,80.55,80.482,80.488,1392.23
1783402080000,80.488,80.513,80.451,80.513,1311.58
1783402140000,80.512,80.566,80.505,80.555,1127.91
1783402200000,80.556,80.697,80.556,80.697,1282.85
1783402260000,80.699,80.82,80.693,80.812,2828.11
1783402320000,80.819,80.849,80.792,80.813,6177.39
1783402380000,80.836,80.85,80.826,80.85,1597.37
1783402440000,80.849,80.914,80.848,80.9,1707.84
1783402500000,80.896,80.914,80.806,80.837,2097.52
1783402560000,80.83,80.84,80.828,80.836,1552.92
1783402620000,80.829,80.92,80.828,80.919,1335.46
1783402680000,80.913,80.947,80.913,80.94,1675.5
1783402740000,80.933,81.014,80.932,81.013,2540.81
1783402800000,81.006,81.013,80.979,80.986,1225.43
1783402860000,80.994,80.994,80.985,80.991,1082.46
1783402920000,80.991,80.994,80.92,80.92,1548.03
1783402980000,80.92,80.952,80.92,80.951,1059.83
1783403040000,80.952,80.97,80.951,80.956,2318.12
1783403100000,80.956,80.991,80.924,80.924,1100.37
1783403160000,80.931,80.993,80.924,80.986,1131.1
1783403220000,80.992,81.017,80.985,81.001,1611.76
1783403280000,81.001,81.02,80.946,80.954,3982.81
1783403340000,80.947,80.957,80.925,80.95,1107.64
1783403400000,80.95,81.004,80.949,80.969,1337.22
1783403460000,80.969,81.096,80.969,81.084,1382.91
1783403520000,81.095,81.212,81.084,81.17,4849.55
1783403580000,81.161,81.17,81.128,81.129,1153.93
1783403640000,81.129,81.16,81.119,81.143,1475.57
1783403700000,81.135,81.173,81.135,81.168,974.66
1783403760000,81.17,81.17,81.112,81.119,1592.49
1783403820000,81.112,81.12,81.04,81.041,1198.8
1783403880000,81.042,81.042,80.997,81.033,1811.65
1783403940000,81.026,81.063,81.025,81.055,1282.84
1783404000000,81.062,81.062,81.035,81.053,1191.11
1783404060000,81.046,81.091,81.041,81.063,3540.81
1783404120000,81.064,81.174,81.056,81.11,1259.41
1783404180000,81.103,81.11,80.976,80.976,1511.63
1783404240000,80.959,81.0,80.941,80.998,2957.67
1783404300000,81.0,81.0,80.941,80.949,1267.84
1783404360000,80.923,80.927,80.88,80.88,1476.11
1783404420000,80.88,80.907,80.876,80.877,1184.57
1783404480000,80.877,80.896,80.875,80.889,1694.44
1783404540000,80.896,80.943,80.886,80.94,1380.38
1783404600000,80.933,80.984,80.906,80.909,1018.39
1783404660000,80.916,80.917,80.852,80.852,1510.97
1783404720000,80.852,80.853,80.808,80.816,1634.67
1783404780000,80.816,80.847,80.771,80.846,1769.31
1783404840000,80.839,80.888,80.838,80.888,1188.32
1783404900000,80.888,81.003,80.881,80.963,1280.5
1783404960000,80.97,80.98,80.892,80.892,1256.52
1783405020000,80.892,80.952,80.891,80.946,1258.01
1783405080000,80.946,80.953,80.897,80.898,1188.89
1783405140000,80.898,80.919,80.894,80.912,2190.73
1783405200000,80.912,80.94,80.911,80.939,1494.25
1783405260000,80.939,80.963,80.931,80.956,1055.31
1783405320000,80.962,80.963,80.956,80.963,1229.25
1783405380000,80.963,80.983,80.941,80.949,1006.56
1783405440000,80.942,80.993,80.942,80.977,1132.33
1783405500000,80.976,80.983,80.903,80.932,1143.79
1783405560000,80.94,80.996,80.933,80.96,993.65
1783405620000,80.953,80.996,80.953,80.989,2330.42
1783405680000,80.995,80.996,80.988,80.989,1389.88
1783405740000,80.995,81.047,80.989,81.046,1263.75
1783405800000,81.036,81.046,80.976,81.022,1187.89
1783405860000,81.022,81.059,81.018,81.052,1049.51
1783405920000,81.052,81.119,81.052,81.102,2035.64
1783405980000,81.11,81.157,81.108,81.153,1120.51
1783406040000,81.146,81.25,81.109,81.245,3628.23
1783406100000,81.25,81.26,81.238,81.239,2452.89
1783406160000,81.246,81.25,81.238,81.246,1102.5
1783406220000,81.241,81.371,81.241,81.359,2989.16
1783406280000,81.366,81.367,81.3,81.332,1357.12
1783406340000,81.332,81.359,81.321,81.322,1894.77
1783406400000,81.328,81.375,81.311,81.322,2333.1
1783406460000,81.322,81.322,81.272,81.279,1997.83
1783406520000,81.28,81.28,81.254,81.261,1317.47
1783406580000,81.261,81.303,81.255,81.302,1156.59
1783406640000,81.302,81.313,81.294,81.305,1158.55
1783406700000,81.328,81.332,81.304,81.322,1344.74
1783406760000,81.329,81.33,81.301,81.329,1058.42
1783406820000,81.329,81.372,81.322,81.349,3196.93
1783406880000,81.349,81.383,81.348,81.375,1374.9
1783406940000,81.382,81.454,81.375,81.447,1831.44
1783407000000,81.447,81.457,81.404,81.412,1756.4
1783407060000,81.405,81.472,81.404,81.465,3350.79
1783407120000,81.458,81.48,81.436,81.479,1500.25
1783407180000,81.48,81.59,81.479,81.589,10993.11
1783407240000,81.582,81.592,81.481,81.489,6288.91
1783407300000,81.489,81.49,81.481,81.482,1405.02
1783407360000,81.482,81.525,81.481,81.488,4557.05
1783407420000,81.488,81.506,81.481,81.499,1244.88
1783407480000,81.5,81.506,81.472,81.473,2596.36
1783407540000,81.479,81.503,81.455,81.502,1327.51
1783407600000,81.502,81.507,81.415,81.507,1329.79
1783407660000,81.507,81.6,81.506,81.593,2658.48
1783407720000,81.593,81.634,81.571,81.633,1356.42
1783407780000,81.633,81.634,81.512,81.525,2229.04
1783407840000,81.539,81.57,81.532,81.549,2171.69
1783407900000,81.542,81.553,81.506,81.51,1081.49
1783407960000,81.507,81.514,81.481,81.502,3950.02
1783408020000,81.502,81.517,81.485,81.494,1440.47
1783408080000,81.502,81.503,81.457,81.485,1168.89
1783408140000,81.485,81.51,81.471,81.499,1473.37
1783408200000,81.499,81.619,81.492,81.614,1373.28
1783408260000,81.62,81.649,81.586,81.586,5490.38
1783408320000,81.586,81.588,81.559,81.56,1139.99
1783408380000,81.56,81.693,81.559,81.681,2860.28
1783408440000,81.689,81.693,81.66,81.662,2071.3
1783408500000,81.661,81.67,81.651,81.659,1137.14
1783408560000,81.651,81.696,81.651,81.688,1394.39
1783408620000,81.695,81.696,81.615,81.622,1725.21
1783408680000,81.622,81.622,81.567,81.568,1539.25
1783408740000,81.568,81.64,81.548,81.605,1211.85
1783408800000,81.605,81.612,81.571,81.579,1121.36
1783408860000,81.572,81.624,81.562,81.562,1040.65
1783408920000,81.57,81.627,81.562,81.622,990.02
1783408980000,81.626,81.627,81.577,81.578,1281.31
1783409040000,81.585,81.585,81.548,81.551,1206.59
1783409100000,81.558,81.576,81.532,81.565,2096.17
1783409160000,81.565,81.572,81.537,81.545,1193.07
1783409220000,81.538,81.586,81.537,81.585,1294.33
1783409280000,81.578,81.586,81.578,81.579,1226.6
1783409340000,81.579,81.585,81.537,81.545,1230.84
1783409400000,81.545,81.596,81.538,81.586,1414.27
1783409460000,81.578,81.586,81.544,81.571,1712.65
1783409520000,81.571,81.592,81.541,81.549,1018.89
1783409580000,81.549,81.549,81.481,81.482,1972.96
1783409640000,81.482,81.489,81.422,81.432,1353.68
1783409700000,81.426,81.439,81.328,81.332,2558.06
1783409760000,81.339,81.399,81.304,81.392,4023.99
1783409820000,81.399,81.4,81.328,81.338,3126.53
1783409880000,81.331,81.368,81.331,81.345,1307.44
1783409940000,81.338,81.379,81.301,81.335,1894.07
1783410000000,81.335,81.399,81.327,81.371,1147.37
1783410060000,81.371,81.426,81.371,81.396,1224.48
1783410120000,81.389,81.464,81.389,81.464,1179.52
1783410180000,81.464,81.487,81.456,81.487,997.91
1783410240000,81.489,81.637,81.489,81.582,1368.81
1783410300000,81.582,81.589,81.544,81.559,971.49
1783410360000,81.558,81.563,81.541,81.562,1233.55
1783410420000,81.562,81.602,81.554,81.575,3451.14
1783410480000,81.575,81.582,81.561,81.568,1312.12
1783410540000,81.562,81.606,81.562,81.578,1097.09
1783410600000,81.585,81.638,81.578,81.638,1515.73
1783410660000,81.641,81.66,81.633,81.656,1992.19
1783410720000,81.648,81.656,81.541,81.542,1209.56
1783410780000,81.541,81.542,81.472,81.472,1341.72
1783410840000,81.472,81.493,81.451,81.492,1184.56
1783410900000,81.485,81.522,81.477,81.481,1116.43
1783410960000,81.485,81.512,81.48,81.481,1122.48
1783411020000,81.481,81.495,81.457,81.458,1612.7
1783411080000,81.464,81.466,81.457,81.458,1132.39
1783411140000,81.465,81.466,81.436,81.437,1212.1
1783411200000,81.437,81.485,81.407,81.429,1560.27
1783411260000,81.429,81.472,81.411,81.431,1259.69
1783411320000,81.438,81.442,81.348,81.375,1317.61
1783411380000,81.368,81.426,81.368,81.379,1290.4
1783411440000,81.379,81.379,81.301,81.309,1267.97
1783411500000,81.309,81.31,81.215,81.225,2207.53
1783411560000,81.225,81.225,81.158,81.224,3375.31
1783411620000,81.224,81.224,81.162,81.219,997.46
1783411680000,81.219,81.247,81.205,81.247,1388.33
1783411740000,81.247,81.283,81.245,81.282,1591.98
1783411800000,81.282,81.342,81.274,81.342,1229.97
1783411860000,81.342,81.457,81.335,81.456,1995.03
1783411920000,81.457,81.52,81.434,81.519,2643.46
1783411980000,81.528,81.539,81.374,81.384,3796.91
1783412040000,81.385,81.419,81.374,81.391,1252.49
1783412100000,81.392,81.392,81.331,81.348,1117.52
1783412160000,81.348,81.356,81.33,81.33,1207.19
1783412220000,81.331,81.378,81.33,81.377,1052.31
1783412280000,81.378,81.446,81.377,81.412,1379.75
1783412340000,81.419,81.472,81.412,81.465,1523.36
1783412400000,81.471,81.471,81.411,81.418,1769.89
1783412460000,81.418,81.48,81.41,81.48,1036.45
1783412520000,81.478,81.517,81.465,81.491,853.36
1783412580000,81.498,81.499,81.49,81.492,1402.17
1783412640000,81.492,81.51,81.472,81.489,1067.93
1783412700000,81.489,81.506,81.47,81.471,1278.7
1783412760000,81.471,81.479,81.397,81.429,1054.42
1783412820000,81.428,81.429,81.401,81.412,1203.33
1783412880000,81.412,81.435,81.348,81.435,1047.57
1783412940000,81.427,81.461,81.427,81.438,1093.17
