timestamp_ms,open,high,low,close,volume
1782549000000,1.0563,1.0566,1.0563,1.0566,1547.0
1782549060000,1.0565,1.0566,1.0562,1.0563,22750.0
1782549120000,1.0563,1.0565,1.0562,1.0565,11053.0
1782549180000,1.0564,1.0565,1.0562,1.0563,1691.0
1782549240000,1.0562,1.0565,1.0562,1.0565,1501.0
1782549300000,1.0564,1.0568,1.0564,1.0567,1618.0
1782549360000,1.0567,1.0568,1.055,1.0551,2091.0
1782549420000,1.055,1.0557,1.0545,1.0552,2086333.0
1782549480000,1.0553,1.0553,1.0552,1.0553,1708.0
1782549540000,1.0553,1.0555,1.0552,1.0555,2219.0
1782549600000,1.0554,1.0555,1.0554,1.0555,1979.0
1782549660000,1.0554,1.0556,1.0552,1.0555,2110.0
1782549720000,1.0556,1.0556,1.0555,1.0556,1491.0
1782549780000,1.0555,1.0556,1.0542,1.0547,9117.0
1782549840000,1.0547,1.0549,1.0543,1.0548,10901.0
1782549900000,1.0548,1.0551,1.0543,1.0551,2055.0
1782549960000,1.055,1.0554,1.055,1.0551,4195.0
1782550020000,1.0552,1.0554,1.055,1.0551,15797.0
1782550080000,1.055,1.0554,1.055,1.0554,2625.0
1782550140000,1.0558,1.0561,1.0557,1.056,1587.0
1782550200000,1.056,1.0561,1.0557,1.0561,1628.0
1782550260000,1.056,1.0566,1.056,1.0566,3697.0
1782550320000,1.0565,1.0576,1.0565,1.0575,1505.0
1782550380000,1.0575,1.0576,1.0572,1.0573,2204.0
1782550440000,1.0572,1.058,1.0572,1.0574,4018.0
1782550500000,1.0575,1.0575,1.0567,1.0567,1724.0
1782550560000,1.0567,1.0568,1.0567,1.0568,1506.0
1782550620000,1.0567,1.0568,1.0567,1.0567,1939.0
1782550680000,1.0568,1.0568,1.0567,1.0568,2005.0
1782550740000,1.0568,1.0568,1.0565,1.0566,1489.0
1782550800000,1.0566,1.0566,1.0565,1.0566,2271.0
1782550860000,1.0565,1.0566,1.0554,1.0555,2111.0
1782550920000,1.0554,1.0559,1.0554,1.0558,2043.0
1782550980000,1.0558,1.0562,1.0558,1.0561,1887.0
1782551040000,1.0561,1.0562,1.0561,1.0561,1460.0
1782551100000,1.0561,1.0569,1.0561,1.0568,2020.0
1782551160000,1.0566,1.057,1.0565,1.0569,1520.0
1782551220000,1.0569,1.057,1.0567,1.0568,1896.0
1782551280000,1.0568,1.0568,1.0559,1.0559,1770.0
1782551340000,1.056,1.0565,1.0559,1.0559,2667.0
1782551400000,1.056,1.056,1.0545,1.055,3554.0
1782551460000,1.055,1.055,1.0538,1.0543,3795.0
1782551520000,1.0541,1.0547,1.0541,1.0547,3890.0
1782551580000,1.0546,1.0547,1.0543,1.0543,3707.0
1782551640000,1.0543,1.0546,1.0543,1.0545,3857.0
1782551700000,1.0545,1.0546,1.0537,1.0538,2469.0
1782551760000,1.0537,1.0541,1.0536,1.054,63151.0
1782551820000,1.0541,1.0541,1.0536,1.0539,3238.0
1782551880000,1.0539,1.0546,1.0536,1.0546,22698.0
1782551940000,1.0548,1.0548,1.0547,1.0547,1643.0
1782552000000,1.0547,1.0555,1.0547,1.0554,96054.0
1782552060000,1.0555,1.0555,1.0554,1.0554,3523.0
1782552120000,1.0555,1.0555,1.0548,1.0549,2891.0
1782552180000,1.0549,1.0549,1.0545,1.0545,6382.0
1782552240000,1.0545,1.0547,1.0544,1.0545,2792.0
1782552300000,1.0544,1.0549,1.0544,1.0548,1680.0
1782552360000,1.0549,1.0551,1.0548,1.0551,1502.0
1782552420000,1.055,1.0558,1.055,1.0555,8132.0
1782552480000,1.0555,1.0556,1.0552,1.0553,2077.0
1782552540000,1.0552,1.0553,1.0552,1.0553,2914.0
1782552600000,1.0552,1.0553,1.0549,1.055,2299.0
1782552660000,1.055,1.0555,1.0549,1.0555,1442.0
1782552720000,1.0555,1.0555,1.0552,1.0555,3043.0
1782552780000,1.0554,1.0558,1.0554,1.0558,1462.0
1782552840000,1.0557,1.0558,1.0554,1.0557,5401.0
1782552900000,1.0557,1.0561,1.0557,1.0557,18223.0
1782552960000,1.0557,1.0561,1.0557,1.0559,2013.0
1782553020000,1.0559,1.0559,1.0558,1.0558,1585.0
1782553080000,1.0559,1.0559,1.0558,1.0559,2845.0
1782553140000,1.0558,1.0559,1.0558,1.0559,1619.0
1782553200000,1.0558,1.0559,1.0558,1.0559,12774.0
1782553260000,1.0559,1.0562,1.0558,1.0562,1741.0
1782553320000,1.0561,1.0562,1.0558,1.0559,1999.0
1782553380000,1.0558,1.0562,1.0558,1.0561,1827.0
1782553440000,1.0561,1.0562,1.0556,1.0561,1419.0
1782553500000,1.0561,1.057,1.0561,1.0568,5708.0
1782553560000,1.0569,1.0569,1.0568,1.0569,2982.0
1782553620000,1.0569,1.0569,1.0563,1.0564,5872.0
1782553680000,1.0564,1.057,1.0563,1.057,4498.0
1782553740000,1.0569,1.057,1.0569,1.057,1845.0
1782553800000,1.0569,1.0574,1.0569,1.0574,13287.0
1782553860000,1.0574,1.0579,1.0573,1.0574,2755.0
1782553920000,1.0573,1.0574,1.057,1.057,2148.0
1782553980000,1.057,1.0571,1.0566,1.0566,2095.0
1782554040000,1.0566,1.0567,1.0563,1.0564,19168.0
1782554100000,1.0563,1.0568,1.0563,1.0566,1599.0
1782554160000,1.0565,1.0568,1.0565,1.0568,2146.0
1782554220000,1.0568,1.0572,1.0567,1.0572,1517.0
1782554280000,1.0572,1.0577,1.0571,1.0572,1805.0
1782554340000,1.0572,1.0579,1.0571,1.0577,2748.0
1782554400000,1.0577,1.0582,1.0576,1.0581,2157.0
1782554460000,1.0582,1.0586,1.0573,1.0574,1988.0
1782554520000,1.0574,1.0574,1.0571,1.0572,1442.0
1782554580000,1.0571,1.0572,1.0568,1.0569,1428.0
1782554640000,1.0569,1.0569,1.0568,1.0569,1715.0
1782554700000,1.0569,1.0571,1.0568,1.057,2905.0
1782554760000,1.057,1.0579,1.057,1.0574,3255.0
1782554820000,1.0573,1.0574,1.0573,1.0574,2206.0
1782554880000,1.0574,1.0577,1.0573,1.0576,1467.0
1782554940000,1.0577,1.0577,1.0576,1.0576,3580.0
1782555000000,1.0577,1.0577,1.0576,1.0576,9907.0
1782555060000,1.0576,1.0581,1.0576,1.0579,11363.0
1782555120000,1.0579,1.0583,1.0579,1.0582,1936.0
1782555180000,1.0582,1.0583,1.0582,1.0583,1658.0
1782555240000,1.0582,1.0583,1.058,1.0581,20528.0
1782555300000,1.0581,1.0581,1.058,1.058,1943.0
1782555360000,1.058,1.0581,1.058,1.058,2755.0
1782555420000,1.058,1.0584,1.058,1.0583,1835.0
1782555480000,1.0584,1.0584,1.0579,1.058,2141.0
1782555540000,1.0579,1.0584,1.0578,1.0583,12901.0
1782555600000,1.0584,1.0584,1.0583,1.0583,4247.0
1782555660000,1.0584,1.0586,1.0583,1.0584,2712.0
1782555720000,1.0583,1.0587,1.0583,1.0587,1700.0
1782555780000,1.0587,1.0589,1.0586,1.0588,6163.0
1782555840000,1.0589,1.0589,1.0587,1.0589,1632.0
1782555900000,1.0587,1.0589,1.0585,1.0589,4646.0
1782555960000,1.0589,1.0589,1.0585,1.0586,1734.0
1782556020000,1.0585,1.0586,1.0577,1.0577,2169.0
1782556080000,1.0577,1.0584,1.0577,1.0581,3824.0
1782556140000,1.0581,1.0581,1.0578,1.0578,1869.0
1782556200000,1.0579,1.0579,1.0573,1.0574,16876.0
1782556260000,1.0574,1.0574,1.0563,1.0563,29230.0
1782556320000,1.0564,1.0564,1.0562,1.0562,11350.0
1782556380000,1.0562,1.0565,1.0562,1.0565,12326.0
1782556440000,1.0565,1.0568,1.0564,1.0564,3248.0
1782556500000,1.0565,1.0568,1.0564,1.0567,2874.0
1782556560000,1.0567,1.0571,1.0567,1.0568,2163.0
1782556620000,1.0569,1.0572,1.0568,1.057,3462.0
1782556680000,1.057,1.0572,1.0567,1.0568,2365.0
1782556740000,1.0568,1.057,1.0564,1.057,5023.0
1782556800000,1.0569,1.057,1.0569,1.0569,2164.0
1782556860000,1.0569,1.057,1.0561,1.0564,23102.0
1782556920000,1.0564,1.0564,1.0563,1.0563,7056.0
1782556980000,1.0563,1.0567,1.0563,1.0567,6571.0
1782557040000,1.056,1.0568,1.056,1.0567,2057.0
1782557100000,1.0568,1.0568,1.0565,1.0566,2529.0
1782557160000,1.0565,1.0566,1.0565,1.0566,2983.0
1782557220000,1.0566,1.0566,1.0565,1.0566,1823.0
1782557280000,1.0565,1.0568,1.0565,1.0567,8061.0
1782557340000,1.0567,1.0568,1.0567,1.0568,2281.0
1782557400000,1.0567,1.0568,1.0564,1.0566,2942.0
1782557460000,1.0567,1.0567,1.0566,1.0566,7523.0
1782557520000,1.0566,1.057,1.0566,1.057,4241.0
1782557580000,1.057,1.057,1.0569,1.057,5525.0
1782557640000,1.0569,1.057,1.0569,1.057,5077.0
1782557700000,1.0569,1.057,1.0569,1.0569,2182.0
1782557760000,1.057,1.058,1.0569,1.0579,2980.0
1782557820000,1.058,1.0586,1.0579,1.0586,2222.0
1782557880000,1.0585,1.0586,1.0582,1.0586,1601.0
1782557940000,1.0586,1.0588,1.0585,1.0588,5258.0
1782558000000,1.0587,1.0588,1.0587,1.0588,3172.0
1782558060000,1.0587,1.0588,1.058,1.0584,1788.0
1782558120000,1.0584,1.0589,1.0583,1.0586,4945.0
1782558180000,1.0585,1.0595,1.0585,1.0594,6737.0
1782558240000,1.0595,1.0595,1.059,1.059,11555.0
1782558300000,1.0591,1.0591,1.0574,1.0574,6741.0
1782558360000,1.0575,1.0578,1.0574,1.0578,1386.0
1782558420000,1.0578,1.0578,1.0577,1.0578,3993.0
1782558480000,1.0577,1.0578,1.0574,1.0574,1610.0
1782558540000,1.0574,1.0581,1.0574,1.0581,1794.0
1782558600000,1.0581,1.0581,1.058,1.058,2612.0
1782558660000,1.058,1.0581,1.058,1.0581,12983.0
1782558720000,1.0581,1.0583,1.058,1.0583,1683.0
1782558780000,1.0582,1.0588,1.0582,1.0585,1851.0
1782558840000,1.0585,1.0586,1.0581,1.0581,1664.0
1782558900000,1.0581,1.0582,1.0573,1.0573,2187.0
1782558960000,1.0573,1.0574,1.0562,1.0562,2027.0
1782559020000,1.0563,1.0569,1.0562,1.0569,2629.0
1782559080000,1.0569,1.0569,1.0556,1.0556,5351.0
1782559140000,1.0557,1.056,1.0553,1.0559,1599.0
1782559200000,1.056,1.0564,1.0559,1.0564,2017.0
1782559260000,1.0564,1.0566,1.0563,1.0564,4935.0
1782559320000,1.0564,1.0564,1.056,1.0561,2217.0
1782559380000,1.0561,1.0561,1.0555,1.0556,8930.0
1782559440000,1.0555,1.0559,1.0553,1.0558,2180.0
1782559500000,1.0559,1.0561,1.0558,1.0559,1627.0
1782559560000,1.0558,1.0559,1.0551,1.0552,4580.0
1782559620000,1.0551,1.0557,1.0541,1.0542,7029.0
1782559680000,1.0542,1.0543,1.0537,1.0542,26551.0
1782559740000,1.0543,1.0546,1.0542,1.0546,2144.0
1782559800000,1.0546,1.0552,1.0545,1.0551,1898.0
1782559860000,1.0552,1.0552,1.0551,1.0552,2240.0
1782559920000,1.0551,1.0555,1.0551,1.0555,1850.0
1782559980000,1.0555,1.0555,1.0551,1.0554,2084.0
1782560040000,1.0554,1.056,1.0553,1.0559,2123.0
1782560100000,1.056,1.056,1.0551,1.0554,19144.0
1782560160000,1.0553,1.0557,1.0549,1.0553,2391.0
1782560220000,1.0553,1.0553,1.054,1.054,1814.0
1782560280000,1.0541,1.0549,1.0539,1.0549,7370.0
1782560340000,1.0548,1.0554,1.0548,1.0552,1616.0
1782560400000,1.0552,1.0554,1.0551,1.0553,26886.0
1782560460000,1.0553,1.0563,1.0553,1.0563,12617.0
1782560520000,1.0563,1.0563,1.0562,1.0562,4085.0
1782560580000,1.0563,1.0569,1.0562,1.0568,1721.0
1782560640000,1.0568,1.0569,1.0568,1.0569,2983.0
1782560700000,1.0569,1.0598,1.0568,1.0595,13380.0
1782560760000,1.0596,1.0596,1.0586,1.0586,11640.0
1782560820000,1.0587,1.0587,1.0583,1.0584,1905.0
1782560880000,1.0584,1.059,1.0581,1.0583,1910.0
1782560940000,1.0584,1.0584,1.0579,1.0581,1994.0
1782561000000,1.058,1.0581,1.0577,1.0577,1831.0
1782561060000,1.0577,1.0581,1.0577,1.058,2025.0
1782561120000,1.058,1.0581,1.058,1.058,4223.0
1782561180000,1.058,1.0583,1.0577,1.0583,1526.0
1782561240000,1.0583,1.0583,1.0582,1.0583,1951.0
1782561300000,1.0582,1.0593,1.0582,1.0587,1684.0
1782561360000,1.0587,1.0597,1.0586,1.0587,6742.0
1782561420000,1.0585,1.0589,1.0584,1.0588,1591.0
1782561480000,1.0589,1.0589,1.0588,1.0589,2028.0
1782561540000,1.0589,1.0589,1.0588,1.0589,4959.0
1782561600000,1.0589,1.0591,1.0585,1.0587,2488.0
1782561660000,1.0588,1.0589,1.058,1.0589,5386.0
1782561720000,1.0589,1.0589,1.0585,1.0585,1659.0
1782561780000,1.0586,1.0586,1.058,1.058,4721.0
1782561840000,1.058,1.0584,1.058,1.0584,6129.0
1782561900000,1.0584,1.0584,1.0577,1.0577,1503.0
1782561960000,1.0578,1.0578,1.0577,1.0577,2376.0
1782562020000,1.0578,1.0578,1.0571,1.0574,2985.0
1782562080000,1.0575,1.0579,1.0574,1.0578,6975.0
1782562140000,1.0579,1.0579,1.0578,1.0578,1894.0
1782562200000,1.0579,1.0586,1.0578,1.0586,1951.0
1782562260000,1.0585,1.0586,1.0571,1.0575,9802.0
1782562320000,1.0574,1.0577,1.0573,1.0573,1478.0
1782562380000,1.0574,1.0577,1.0573,1.0573,4226.0
1782562440000,1.0573,1.0578,1.0573,1.0578,3828.0
1782562500000,1.0578,1.0578,1.0577,1.0578,1595.0
1782562560000,1.0578,1.0578,1.0577,1.0578,1480.0
1782562620000,1.0577,1.0583,1.0577,1.0583,6704.0
1782562680000,1.0583,1.0585,1.0578,1.0578,1759.0
1782562740000,1.0578,1.0582,1.0578,1.0582,1908.0
1782562800000,1.0581,1.0589,1.0581,1.0589,5203.0
1782562860000,1.0589,1.0593,1.0588,1.0593,1904.0
1782562920000,1.0593,1.0593,1.0582,1.0582,1758.0
1782562980000,1.0583,1.0583,1.0579,1.0579,1839.0
1782563040000,1.058,1.0583,1.0579,1.0581,1863.0
1782563100000,1.058,1.0581,1.0577,1.0578,2335.0
1782563160000,1.0577,1.0578,1.0577,1.0577,2094.0
1782563220000,1.0578,1.0578,1.0577,1.0578,1504.0
1782563280000,1.0577,1.0578,1.0575,1.0576,2985.0
1782563340000,1.0575,1.0584,1.0575,1.0584,2579.0
1782563400000,1.0584,1.0587,1.0583,1.0586,3309.0
1782563460000,1.0586,1.0592,1.0584,1.0586,3069.0
1782563520000,1.0587,1.0587,1.0584,1.0585,1754.0
1782563580000,1.0584,1.0585,1.0576,1.0576,5606.0
1782563640000,1.0576,1.0577,1.057,1.0571,33797.0
1782563700000,1.0571,1.058,1.057,1.0577,1683.0
1782563760000,1.0576,1.0582,1.0576,1.0578,1336.0
1782563820000,1.0579,1.0579,1.0572,1.0574,6036.0
1782563880000,1.0575,1.0578,1.0574,1.0578,8061.0
1782563940000,1.0577,1.0578,1.0574,1.0574,2181.0
1782564000000,1.0574,1.0575,1.0574,1.0574,2160.0
1782564060000,1.0575,1.0575,1.0574,1.0574,2327.0
1782564120000,1.0574,1.0581,1.0574,1.0581,1829.0
1782564180000,1.058,1.0581,1.058,1.0581,2900.0
1782564240000,1.058,1.0584,1.058,1.0583,2457.0
1782564300000,1.0584,1.0584,1.0576,1.0578,1545.0
1782564360000,1.0579,1.0584,1.0572,1.0579,2884.0
1782564420000,1.0579,1.0586,1.0578,1.0586,2436.0
1782564480000,1.0585,1.0589,1.0585,1.0588,4025.0
1782564540000,1.0588,1.0589,1.0588,1.0589,19558.0
1782564600000,1.0589,1.0594,1.0588,1.0594,2269.0
1782564660000,1.0594,1.0607,1.0593,1.0602,36666.0
1782564720000,1.0601,1.0608,1.0597,1.0598,17038.0
1782564780000,1.0597,1.0609,1.0597,1.0604,5709.0
1782564840000,1.0605,1.0607,1.0601,1.0607,3238.0
1782564900000,1.0607,1.0609,1.0603,1.0603,2187.0
1782564960000,1.0604,1.0609,1.0603,1.0604,22861.0
1782565020000,1.0605,1.0611,1.0604,1.0609,2654.0
1782565080000,1.0611,1.0611,1.0605,1.0606,2048.0
1782565140000,1.0605,1.0606,1.0602,1.0602,1910.0
1782565200000,1.0602,1.0603,1.0599,1.0602,3300.0
1782565260000,1.0602,1.0602,1.0601,1.0602,5279.0
1782565320000,1.0602,1.0602,1.0598,1.0598,1530.0
1782565380000,1.0599,1.0607,1.0593,1.0602,4351.0
1782565440000,1.0601,1.0615,1.0601,1.0606,2514.0
1782565500000,1.0606,1.061,1.0606,1.0609,1737.0
1782565560000,1.0609,1.0612,1.0609,1.061,4341.0
1782565620000,1.0609,1.0612,1.0609,1.0611,2732.0
1782565680000,1.0611,1.0612,1.0608,1.0609,2372.0
1782565740000,1.0609,1.0614,1.0608,1.0613,13750.0
1782565800000,1.0613,1.0628,1.0613,1.0619,18400.0
1782565860000,1.0618,1.0619,1.0613,1.0616,3322.0
1782565920000,1.0615,1.0616,1.061,1.0613,2456.0
1782565980000,1.0613,1.0614,1.0603,1.0612,2674.0
1782566040000,1.0613,1.0616,1.0609,1.0615,3359.0
1782566100000,1.0615,1.0616,1.0605,1.0608,2338.0
1782566160000,1.0607,1.0608,1.0601,1.0602,2307.0
1782566220000,1.0602,1.0604,1.06,1.0603,6392.0
1782566280000,1.0604,1.061,1.0603,1.0607,2683.0
1782566340000,1.0607,1.0608,1.0604,1.0605,2569.0
1782566400000,1.0605,1.0608,1.0604,1.0607,2662.0
1782566460000,1.0607,1.0612,1.0605,1.0611,7050.0
1782566520000,1.0611,1.0615,1.0611,1.0612,1877.0
1782566580000,1.0612,1.0613,1.0609,1.0609,12366.0
1782566640000,1.0609,1.061,1.0607,1.0607,4204.0
1782566700000,1.0608,1.0614,1.0607,1.0614,19806.0
1782566760000,1.0614,1.0614,1.0613,1.0614,3460.0
1782566820000,1.0614,1.0614,1.0607,1.0607,2181.0
1782566880000,1.0608,1.0612,1.0607,1.0611,2123.0
1782566940000,1.0612,1.0612,1.0608,1.0609,1743.0
1782567000000,1.0608,1.0609,1.0606,1.0607,686370.0
1782567060000,1.061,1.061,1.0606,1.0607,7447.0
1782567120000,1.0606,1.061,1.06,1.0604,3594.0
1782567180000,1.0605,1.061,1.06,1.0609,1555.0
1782567240000,1.0609,1.061,1.0609,1.0609,2924.0
1782567300000,1.061,1.0613,1.0606,1.0607,2078.0
1782567360000,1.0606,1.0616,1.0606,1.0616,5022.0
1782567420000,1.0616,1.0619,1.0615,1.0618,4192.0
1782567480000,1.0618,1.0637,1.0615,1.0626,40697.0
1782567540000,1.0626,1.0634,1.0624,1.0624,3802.0
1782567600000,1.0624,1.0627,1.0619,1.0621,5206.0
1782567660000,1.0621,1.0622,1.0615,1.0617,13780.0
1782567720000,1.0618,1.0624,1.0617,1.0624,5844.0
1782567780000,1.0623,1.0629,1.0618,1.0622,4976.0
1782567840000,1.0622,1.0628,1.0622,1.0627,2139.0
1782567900000,1.0628,1.0636,1.0627,1.0632,3277.0
1782567960000,1.0632,1.0633,1.0624,1.0624,9388.0
1782568020000,1.0625,1.0637,1.0624,1.0636,2817.0
1782568080000,1.0636,1.0636,1.0622,1.0622,6240.0
1782568140000,1.0623,1.0623,1.0615,1.0621,3982.0
1782568200000,1.062,1.0621,1.0615,1.0619,5900.0
1782568260000,1.0618,1.0621,1.0618,1.062,1880.0
1782568320000,1.062,1.0626,1.062,1.0626,1540.0
1782568380000,1.0626,1.0629,1.0625,1.0627,2048.0
1782568440000,1.0627,1.0628,1.0618,1.0619,2009.0
1782568500000,1.0619,1.0623,1.0619,1.0622,13873.0
1782568560000,1.0622,1.0628,1.0622,1.0628,2650.0
1782568620000,1.0628,1.0637,1.0627,1.0631,1631.0
1782568680000,1.0631,1.0631,1.063,1.063,2480.0
1782568740000,1.063,1.064,1.063,1.064,2376.0
1782568800000,1.0639,1.0641,1.0633,1.0635,26616.0
1782568860000,1.0636,1.0639,1.0633,1.0634,3011.0
1782568920000,1.0634,1.0634,1.0623,1.0628,20254.0
1782568980000,1.0627,1.0638,1.0627,1.0635,3522.0
1782569040000,1.0636,1.0639,1.0635,1.0639,2556.0
1782569100000,1.0639,1.0644,1.0638,1.0643,11441.0
1782569160000,1.0643,1.066,1.0643,1.0654,14359.0
1782569220000,1.0654,1.0671,1.0654,1.066,41151.0
1782569280000,1.066,1.0663,1.066,1.0662,2589.0
1782569340000,1.0663,1.0669,1.0645,1.065,4152.0
1782569400000,1.065,1.0662,1.065,1.0653,11447.0
1782569460000,1.0653,1.0654,1.065,1.065,6392.0
1782569520000,1.065,1.0653,1.0647,1.0652,2409.0
1782569580000,1.0657,1.0676,1.0656,1.0673,31935.0
1782569640000,1.0673,1.0675,1.0658,1.0666,8244.0
1782569700000,1.0665,1.0666,1.0648,1.0648,21546.0
1782569760000,1.0649,1.0656,1.0648,1.0653,19041.0
1782569820000,1.0654,1.0658,1.0653,1.0656,17590.0
1782569880000,1.0655,1.0658,1.0654,1.0655,6033.0
1782569940000,1.0655,1.0655,1.0651,1.0652,5093.0
1782570000000,1.0652,1.0652,1.0648,1.0652,8717.0
1782570060000,1.0651,1.0655,1.0651,1.0654,1864.0
1782570120000,1.0654,1.0661,1.0654,1.0657,1557.0
1782570180000,1.0657,1.0663,1.0657,1.0662,4748.0
1782570240000,1.0662,1.0663,1.0659,1.0659,1909.0
1782570300000,1.0659,1.0665,1.0659,1.0661,3223.0
1782570360000,1.0661,1.0667,1.0652,1.0663,4015.0
1782570420000,1.0663,1.0668,1.0661,1.0661,1659.0
1782570480000,1.0661,1.0665,1.0656,1.0657,2023.0
1782570540000,1.0656,1.0658,1.0653,1.0656,3440.0
1782570600000,1.0655,1.0656,1.0655,1.0656,1480.0
1782570660000,1.0656,1.0659,1.0655,1.0656,2240.0
1782570720000,1.0655,1.0658,1.0655,1.0658,2470.0
1782570780000,1.0657,1.0658,1.065,1.065,6073.0
1782570840000,1.0651,1.0654,1.065,1.0654,1637.0
1782570900000,1.0654,1.0654,1.065,1.065,2444.0
1782570960000,1.0651,1.0651,1.0643,1.0648,2241.0
1782571020000,1.0649,1.0649,1.0641,1.0641,5282.0
1782571080000,1.0642,1.0648,1.0641,1.0647,3860.0
1782571140000,1.0648,1.0656,1.0647,1.0654,2480.0
1782571200000,1.0653,1.0657,1.0653,1.0657,12445.0
1782571260000,1.0657,1.066,1.0656,1.0656,17304.0
1782571320000,1.0656,1.0657,1.0656,1.0657,7032.0
1782571380000,1.0657,1.0657,1.0651,1.0652,3325.0
1782571440000,1.0651,1.0661,1.0651,1.0661,2432.0
1782571500000,1.066,1.0663,1.0657,1.0662,26266.0
1782571560000,1.0662,1.0663,1.0662,1.0663,1964.0
1782571620000,1.0663,1.068,1.0662,1.0676,40229.0
1782571680000,1.068,1.0686,1.0668,1.0673,21108.0
1782571740000,1.0674,1.0676,1.0673,1.0676,12868.0
1782571800000,1.0675,1.0676,1.0673,1.0674,2086.0
1782571860000,1.0674,1.0676,1.0669,1.067,7091.0
1782571920000,1.0669,1.067,1.0669,1.0669,2164.0
1782571980000,1.067,1.068,1.0669,1.0679,41375.0
1782572040000,1.0679,1.0679,1.067,1.0672,4234.0
1782572100000,1.0673,1.0676,1.0668,1.0676,2104.0
1782572160000,1.0675,1.0679,1.0675,1.0676,2029.0
1782572220000,1.0675,1.0681,1.0674,1.0675,3502.0
1782572280000,1.0674,1.0675,1.0674,1.0674,1783.0
1782572340000,1.0675,1.0682,1.0674,1.0682,3907.0
1782572400000,1.0681,1.0687,1.0669,1.068,10472.0
1782572460000,1.0679,1.068,1.0676,1.0677,2909.0
1782572520000,1.0676,1.0682,1.0676,1.0682,6619.0
1782572580000,1.0682,1.0682,1.0669,1.0681,1388.0
1782572640000,1.068,1.0682,1.0676,1.0681,3924.0
1782572700000,1.0682,1.069,1.0681,1.0686,12647.0
1782572760000,1.0686,1.0694,1.068,1.0693,8105.0
1782572820000,1.0694,1.07,1.0688,1.07,16318.0
1782572880000,1.07,1.0708,1.0697,1.0705,11103.0
1782572940000,1.0706,1.0712,1.0703,1.071,28310.0
1782573000000,1.0709,1.0726,1.0698,1.0725,22887.0
1782573060000,1.0726,1.0732,1.0717,1.0727,55877.0
1782573120000,1.073,1.0738,1.0727,1.0729,51436.0
1782573180000,1.073,1.0733,1.0725,1.0729,4790.0
1782573240000,1.073,1.073,1.0713,1.0728,5673.0
1782573300000,1.0727,1.0728,1.0712,1.0716,11057.0
1782573360000,1.0716,1.0729,1.0715,1.0726,7672.0
1782573420000,1.0728,1.0738,1.0721,1.0727,16040.0
1782573480000,1.0726,1.073,1.0718,1.073,26999.0
1782573540000,1.073,1.073,1.0716,1.0724,12771.0
1782573600000,1.0725,1.0728,1.0719,1.0723,57106.0
1782573660000,1.0724,1.0724,1.0703,1.0709,15376.0
1782573720000,1.0709,1.0727,1.0708,1.0715,25413.0
1782573780000,1.0716,1.0727,1.0715,1.0722,5296.0
1782573840000,1.0722,1.0729,1.0718,1.0726,37591.0
1782573900000,1.0726,1.0735,1.0725,1.0734,48756.0
1782573960000,1.0734,1.0735,1.0715,1.0715,8624.0
1782574020000,1.072,1.0721,1.0713,1.072,5419.0
1782574080000,1.0721,1.0735,1.072,1.0735,8817.0
1782574140000,1.0735,1.0735,1.073,1.073,1807.0
1782574200000,1.0731,1.0731,1.0724,1.0724,51922.0
1782574260000,1.0725,1.0728,1.0719,1.072,5344.0
1782574320000,1.0719,1.0723,1.0719,1.0722,3290.0
1782574380000,1.0722,1.0733,1.0717,1.0731,4903.0
1782574440000,1.0731,1.0731,1.0721,1.0727,3734.0
1782574500000,1.0727,1.0727,1.0723,1.0727,16750.0
1782574560000,1.0726,1.0731,1.0726,1.0728,1929.0
1782574620000,1.0727,1.0743,1.0727,1.0743,20798.0
1782574680000,1.0744,1.075,1.0739,1.0749,7582.0
1782574740000,1.0749,1.0749,1.0743,1.0746,2552.0
1782574800000,1.0746,1.0749,1.0738,1.0748,26477.0
1782574860000,1.0748,1.0749,1.0748,1.0749,1931.0
1782574920000,1.0748,1.075,1.0738,1.0746,6260.0
1782574980000,1.0747,1.075,1.0746,1.075,2859.0
1782575040000,1.0749,1.075,1.0749,1.075,3426.0
1782575100000,1.075,1.075,1.0738,1.0741,30008.0
1782575160000,1.0741,1.0744,1.0738,1.0743,6208.0
1782575220000,1.0743,1.0744,1.0734,1.0738,3413.0
1782575280000,1.0738,1.0744,1.0737,1.0741,4101.0
1782575340000,1.074,1.0741,1.0735,1.074,2301.0
1782575400000,1.0741,1.0741,1.0732,1.0732,13655.0
1782575460000,1.0733,1.0733,1.0732,1.0733,14278.0
1782575520000,1.0733,1.0737,1.0732,1.0736,8076.0
1782575580000,1.0737,1.0737,1.0736,1.0736,1768.0
1782575640000,1.0735,1.0739,1.0733,1.0739,7170.0
1782575700000,1.0739,1.0739,1.0735,1.0736,1557.0
1782575760000,1.0736,1.0743,1.0733,1.0742,13613.0
1782575820000,1.0742,1.0749,1.0742,1.0748,4949.0
1782575880000,1.0749,1.0749,1.0746,1.0747,5179.0
1782575940000,1.0747,1.0747,1.0745,1.0747,2719.0
1782576000000,1.0747,1.0752,1.0745,1.0747,3331.0
1782576060000,1.0746,1.0754,1.0742,1.0743,25542.0
1782576120000,1.0742,1.0744,1.073,1.0736,30627.0
1782576180000,1.0736,1.0738,1.0735,1.0737,2006.0
1782576240000,1.0737,1.0742,1.0737,1.0737,3673.0
1782576300000,1.0737,1.0738,1.0734,1.0735,2067.0
1782576360000,1.0734,1.074,1.0734,1.0739,2451.0
1782576420000,1.0738,1.0748,1.0738,1.0747,1471.0
1782576480000,1.0748,1.0758,1.0747,1.0753,35224.0
1782576540000,1.0753,1.0766,1.0751,1.0761,19565.0
1782576600000,1.0759,1.0771,1.0753,1.0758,21961.0
1782576660000,1.0748,1.0754,1.0748,1.0753,18231.0
1782576720000,1.0754,1.0754,1.0745,1.0753,2305.0
1782576780000,1.0754,1.0754,1.0753,1.0754,2154.0
1782576840000,1.0753,1.0754,1.0753,1.0753,1785.0
1782576900000,1.0753,1.0754,1.0738,1.0738,6162.0
1782576960000,1.0739,1.0739,1.0718,1.0721,23720.0
1782577020000,1.072,1.0726,1.072,1.0726,35779.0
1782577080000,1.0726,1.0726,1.0718,1.0718,7788.0
1782577140000,1.0719,1.0721,1.0712,1.0713,20235.0
1782577200000,1.0712,1.0713,1.0711,1.0713,2139.0
1782577260000,1.0713,1.0717,1.0704,1.0707,13714.0
1782577320000,1.0707,1.0707,1.0704,1.0707,3072.0
1782577380000,1.0707,1.0707,1.0704,1.0704,1842.0
1782577440000,1.0705,1.0707,1.0704,1.0705,2182.0
1782577500000,1.0705,1.0714,1.0704,1.071,25859.0
1782577560000,1.071,1.0711,1.0707,1.0708,4328.0
1782577620000,1.0707,1.0711,1.0707,1.071,4834.0
1782577680000,1.071,1.0711,1.071,1.071,2915.0
1782577740000,1.071,1.0717,1.071,1.0717,2597.0
1782577800000,1.0717,1.0722,1.0713,1.0717,2672.0
1782577860000,1.0717,1.0728,1.0713,1.0718,7228.0
1782577920000,1.0719,1.0719,1.071,1.0717,2178.0
1782577980000,1.0717,1.0718,1.071,1.071,1814.0
1782578040000,1.0711,1.0717,1.071,1.0716,3063.0
1782578100000,1.0717,1.0717,1.0712,1.0712,92297.0
1782578160000,1.0712,1.0716,1.0702,1.0705,25874.0
1782578220000,1.0705,1.0715,1.0702,1.0713,1489.0
1782578280000,1.0711,1.0713,1.0706,1.071,15573.0
1782578340000,1.0711,1.0719,1.071,1.0718,9424.0
1782578400000,1.0718,1.0719,1.0715,1.0716,1761.0
1782578460000,1.0715,1.0715,1.0706,1.0715,2471.0
1782578520000,1.0715,1.0715,1.0711,1.0712,1960.0
1782578580000,1.0712,1.0712,1.0711,1.0712,8136.0
1782578640000,1.0711,1.0712,1.0705,1.0706,4817.0
1782578700000,1.0706,1.0709,1.069,1.0693,98480.0
1782578760000,1.0694,1.0696,1.0691,1.0691,2346.0
1782578820000,1.0692,1.0695,1.0691,1.0694,17019.0
1782578880000,1.0694,1.0707,1.0694,1.0704,4405.0
1782578940000,1.0707,1.0707,1.0704,1.0704,5002.0
1782579000000,1.0704,1.0707,1.0696,1.0696,3715.0
1782579060000,1.0697,1.0706,1.0696,1.0701,2535.0
1782579120000,1.0701,1.0701,1.07,1.07,5233.0
1782579180000,1.0701,1.0701,1.07,1.07,1967.0
1782579240000,1.07,1.0701,1.0697,1.0698,1329.0
1782579300000,1.0698,1.0698,1.0697,1.0697,2921.0
1782579360000,1.0697,1.0703,1.0683,1.0692,6191.0
1782579420000,1.0691,1.0695,1.0691,1.0695,1450.0
1782579480000,1.0695,1.07,1.0694,1.0697,1954.0
1782579540000,1.0696,1.0699,1.0693,1.0693,13276.0
1782579600000,1.0693,1.07,1.0685,1.0687,9023.0
1782579660000,1.0688,1.0688,1.0659,1.066,22704.0
1782579720000,1.0659,1.0659,1.0628,1.0633,138311.0
1782579780000,1.0634,1.0644,1.063,1.0637,8851.0
1782579840000,1.0638,1.0638,1.0612,1.0613,14875.0
1782579900000,1.0613,1.0639,1.0612,1.0638,24473.0
1782579960000,1.0639,1.0648,1.0628,1.0641,46967.0
1782580020000,1.0641,1.0648,1.0637,1.0641,7261.0
1782580080000,1.0641,1.0647,1.0635,1.064,5953.0
1782580140000,1.0639,1.0642,1.0626,1.0632,12150.0
1782580200000,1.0632,1.0638,1.0631,1.0638,14673.0
1782580260000,1.0637,1.0642,1.0635,1.0642,5715.0
1782580320000,1.0642,1.0645,1.0627,1.0628,7596.0
1782580380000,1.0628,1.0632,1.0627,1.0632,30287.0
1782580440000,1.0632,1.0632,1.0631,1.0632,2242.0
1782580500000,1.0631,1.0636,1.0622,1.0623,38327.0
1782580560000,1.0622,1.063,1.061,1.0626,4360.0
1782580620000,1.0627,1.0638,1.0626,1.063,15397.0
1782580680000,1.0629,1.0638,1.0629,1.0629,2465.0
1782580740000,1.0629,1.063,1.0629,1.0629,2983.0
1782580800000,1.063,1.0638,1.0627,1.0628,2475.0
1782580860000,1.0627,1.0636,1.0623,1.0623,3477.0
1782580920000,1.0623,1.0624,1.0614,1.0615,3348.0
1782580980000,1.0615,1.0624,1.0615,1.062,15562.0
1782581040000,1.0621,1.0626,1.062,1.0626,3255.0
1782581100000,1.0626,1.0626,1.0623,1.0624,2627.0
1782581160000,1.0624,1.0624,1.061,1.0611,3961.0
1782581220000,1.061,1.0618,1.061,1.0618,14910.0
1782581280000,1.0617,1.0623,1.0617,1.0622,9140.0
1782581340000,1.0622,1.0623,1.0622,1.0623,1951.0
1782581400000,1.0623,1.0626,1.0612,1.0617,9160.0
1782581460000,1.0618,1.0618,1.061,1.0612,15348.0
1782581520000,1.0609,1.0629,1.0609,1.062,2155.0
1782581580000,1.0621,1.0625,1.0619,1.0621,1585.0
1782581640000,1.0622,1.0622,1.0614,1.0616,3071.0
1782581700000,1.0616,1.0629,1.0616,1.0625,1999.0
1782581760000,1.0628,1.0639,1.0625,1.0638,6698.0
1782581820000,1.0638,1.0638,1.0626,1.0627,3619.0
1782581880000,1.0627,1.0635,1.0626,1.0634,2458.0
1782581940000,1.0635,1.0637,1.0616,1.0622,2048.0
1782582000000,1.0622,1.0626,1.0621,1.0625,12963.0
1782582060000,1.0625,1.0626,1.0625,1.0625,2159.0
1782582120000,1.0625,1.0626,1.0621,1.0624,2214.0
1782582180000,1.0625,1.0627,1.062,1.062,1864.0
1782582240000,1.062,1.0624,1.062,1.0624,3874.0
1782582300000,1.0623,1.0624,1.0613,1.0613,7481.0
1782582360000,1.0613,1.0616,1.061,1.0615,1608.0
1782582420000,1.0616,1.0616,1.061,1.0611,1534.0
1782582480000,1.0611,1.0614,1.0609,1.0614,3255.0
1782582540000,1.0613,1.0614,1.0613,1.0614,11155615.0
1782582600000,1.0614,1.0618,1.0612,1.0613,2486.0
1782582660000,1.0612,1.0618,1.0612,1.0617,10767.0
1782582720000,1.0617,1.0618,1.0614,1.0617,2840.0
1782582780000,1.0617,1.0617,1.0613,1.0616,1565.0
1782582840000,1.0616,1.0625,1.0614,1.0618,2882.0
1782582900000,1.0617,1.0618,1.0617,1.0617,3304.0
1782582960000,1.0618,1.0621,1.0611,1.0612,1797.0
1782583020000,1.0611,1.0612,1.0603,1.0606,38492.0
1782583080000,1.0605,1.0609,1.0605,1.0609,5008.0
1782583140000,1.0609,1.0609,1.0601,1.0602,5076.0
1782583200000,1.0602,1.0602,1.0594,1.06,22345.0
1782583260000,1.0602,1.0602,1.0587,1.0596,16729.0
1782583320000,1.0597,1.0597,1.0585,1.0585,35712.0
1782583380000,1.0586,1.0589,1.058,1.0582,13645.0
1782583440000,1.0581,1.0588,1.0576,1.0588,16694.0
1782583500000,1.0587,1.0593,1.0586,1.0587,17777.0
1782583560000,1.0587,1.0587,1.0567,1.0575,40783.0
1782583620000,1.0575,1.0582,1.0575,1.0582,7796.0
1782583680000,1.0585,1.059,1.0584,1.0586,2538.0
1782583740000,1.0587,1.0594,1.0586,1.0594,1531.0
1782583800000,1.0593,1.0594,1.059,1.0591,11451.0
1782583860000,1.059,1.0594,1.059,1.0592,2783.0
1782583920000,1.0592,1.0592,1.0589,1.059,1432.0
1782583980000,1.059,1.059,1.0586,1.0587,2938.0
1782584040000,1.0586,1.0587,1.0582,1.0582,2703.0
1782584100000,1.0582,1.0591,1.0573,1.0584,15285.0
1782584160000,1.0584,1.059,1.0584,1.059,2669.0
1782584220000,1.0589,1.059,1.0589,1.059,1814.0
1782584280000,1.059,1.0591,1.0586,1.0587,1580.0
1782584340000,1.0587,1.0587,1.058,1.0581,11700.0
1782584400000,1.058,1.0587,1.058,1.0581,3237.0
1782584460000,1.0581,1.0583,1.0577,1.0578,4444.0
1782584520000,1.0578,1.0579,1.0571,1.0575,2770.0
1782584580000,1.0575,1.0575,1.057,1.0571,31605.0
1782584640000,1.057,1.0571,1.057,1.057,1965.0
1782584700000,1.0571,1.0572,1.0566,1.0571,4448.0
1782584760000,1.0572,1.0572,1.0571,1.0572,12569.0
1782584820000,1.0571,1.0572,1.0568,1.0571,11497.0
1782584880000,1.0572,1.0574,1.0571,1.0574,1724.0
1782584940000,1.0574,1.0581,1.0573,1.0578,7420.0
1782585000000,1.0578,1.0578,1.0577,1.0577,4719.0
1782585060000,1.0575,1.0586,1.0575,1.058,16842.0
1782585120000,1.0581,1.0586,1.058,1.0586,1714.0
1782585180000,1.0586,1.0587,1.0585,1.0585,1719.0
1782585240000,1.0586,1.0591,1.0585,1.0585,7889.0
1782585300000,1.0585,1.0594,1.0585,1.0588,9929.0
1782585360000,1.0589,1.0589,1.0585,1.0586,11998.0
1782585420000,1.0586,1.0586,1.0583,1.0583,2029.0
1782585480000,1.0584,1.0584,1.0583,1.0583,1785.0
1782585540000,1.0584,1.0589,1.0583,1.0588,2378.0
1782585600000,1.0589,1.0589,1.0584,1.0584,16808.0
1782585660000,1.0584,1.0585,1.0584,1.0584,4686.0
1782585720000,1.0584,1.0585,1.0581,1.0582,5997.0
1782585780000,1.0581,1.0584,1.0581,1.0583,4907.0
1782585840000,1.058,1.0583,1.0579,1.0583,37962.0
1782585900000,1.0583,1.0583,1.0579,1.058,11738.0
1782585960000,1.0579,1.0585,1.0573,1.0575,12996.0
1782586020000,1.0575,1.0578,1.0574,1.0577,2718.0
1782586080000,1.0578,1.0578,1.0577,1.0578,10680.0
1782586140000,1.0578,1.058,1.0577,1.0579,12274.0
1782586200000,1.0579,1.0584,1.0577,1.0584,2316.0
1782586260000,1.0584,1.0584,1.0578,1.0584,2113.0
1782586320000,1.0583,1.0584,1.0583,1.0583,1515.0
1782586380000,1.0583,1.0584,1.0583,1.0583,1921.0
1782586440000,1.0584,1.0594,1.0583,1.0593,10451.0
1782586500000,1.0594,1.0594,1.0593,1.0594,2870.0
1782586560000,1.0594,1.0594,1.059,1.0591,1778.0
1782586620000,1.0591,1.0595,1.059,1.0594,13327.0
1782586680000,1.0594,1.0595,1.0585,1.0586,2940.0
1782586740000,1.0586,1.0587,1.0581,1.0582,3353.0
1782586800000,1.0583,1.0583,1.0582,1.0583,2049.0
1782586860000,1.0582,1.0589,1.0582,1.0588,2795.0
1782586920000,1.0589,1.0592,1.0588,1.0591,2077.0
1782586980000,1.0591,1.0592,1.0591,1.0591,4803.0
1782587040000,1.0592,1.0592,1.0591,1.0592,6884.0
1782587100000,1.0591,1.0592,1.0584,1.0587,2530.0
1782587160000,1.0588,1.0588,1.0587,1.0587,3572.0
1782587220000,1.0587,1.0588,1.0576,1.0583,5162.0
1782587280000,1.0582,1.0585,1.0578,1.0585,1588.0
1782587340000,1.0585,1.0585,1.0584,1.0585,1490.0
1782587400000,1.0584,1.0585,1.0584,1.0585,2707.0
1782587460000,1.0585,1.0588,1.0584,1.0588,3236.0
1782587520000,1.0587,1.0593,1.0587,1.0587,1513.0
1782587580000,1.0588,1.0591,1.0585,1.059,2151.0
1782587640000,1.0591,1.0591,1.0585,1.0586,3014.0
1782587700000,1.0586,1.0586,1.0582,1.0586,2042.0
1782587760000,1.0585,1.0586,1.0583,1.0583,1674.0
1782587820000,1.0584,1.0584,1.0581,1.0582,5667.0
1782587880000,1.0582,1.0582,1.057,1.057,2142.0
1782587940000,1.0571,1.0577,1.0561,1.0562,12901.0
1782588000000,1.0561,1.0567,1.0561,1.0565,10042.0
1782588060000,1.0566,1.0567,1.0564,1.0564,2114.0
1782588120000,1.0565,1.0568,1.0564,1.0567,2080.0
1782588180000,1.0568,1.0573,1.0567,1.0573,1461.0
1782588240000,1.0573,1.0578,1.0563,1.0564,4060.0
1782588300000,1.056,1.056,1.053,1.0545,104393.0
1782588360000,1.0546,1.0553,1.0541,1.0542,16525.0
1782588420000,1.0541,1.0543,1.0536,1.0539,7849.0
1782588480000,1.0539,1.0549,1.0539,1.0545,2265.0
1782588540000,1.0546,1.055,1.054,1.0549,10865.0
1782588600000,1.055,1.055,1.0523,1.0528,36301.0
1782588660000,1.0528,1.0533,1.0523,1.0531,13021.0
1782588720000,1.053,1.0534,1.0525,1.0532,4138.0
1782588780000,1.0532,1.0536,1.0531,1.0536,10235.0
1782588840000,1.0535,1.0539,1.0532,1.0535,7339.0
1782588900000,1.0534,1.054,1.0534,1.054,5039.0
1782588960000,1.0539,1.0543,1.0532,1.0533,11130.0
1782589020000,1.0534,1.0536,1.0519,1.0526,18182.0
1782589080000,1.0525,1.0532,1.0525,1.0531,13939.0
1782589140000,1.0531,1.0537,1.0531,1.0536,19498.0
1782589200000,1.0536,1.0547,1.0536,1.0547,1836.0
1782589260000,1.0546,1.0547,1.0541,1.0543,3655.0
1782589320000,1.0544,1.0544,1.0541,1.0544,1529.0
1782589380000,1.0544,1.055,1.0543,1.0549,1678.0
1782589440000,1.0549,1.055,1.0541,1.0547,8508.0
1782589500000,1.0546,1.0547,1.054,1.0543,10836.0
1782589560000,1.0543,1.0555,1.0543,1.0549,16760.0
1782589620000,1.0549,1.0549,1.0546,1.0547,2787.0
1782589680000,1.0547,1.0547,1.0541,1.0546,2029.0
1782589740000,1.0545,1.0553,1.0544,1.0552,9341.0
1782589800000,1.0552,1.0555,1.0549,1.0551,3679.0
1782589860000,1.0551,1.0552,1.0549,1.0552,1581.0
1782589920000,1.0551,1.0552,1.054,1.0549,31663.0
1782589980000,1.0548,1.0549,1.0546,1.0547,12021.0
1782590040000,1.0547,1.055,1.0542,1.0543,2253.0
1782590100000,1.0543,1.0546,1.0539,1.054,13063.0
1782590160000,1.0539,1.054,1.0536,1.0536,2565.0
1782590220000,1.0536,1.0543,1.0536,1.0542,3394.0
1782590280000,1.0543,1.0543,1.0536,1.0536,10131.0
1782590340000,1.0537,1.0539,1.0536,1.0537,1573.0
1782590400000,1.0539,1.0542,1.0536,1.0542,4907.0
1782590460000,1.0542,1.0545,1.0537,1.0544,11283.0
1782590520000,1.0545,1.0549,1.0536,1.0541,6285.0
1782590580000,1.0541,1.0542,1.0538,1.0539,11630.0
1782590640000,1.0538,1.0546,1.0535,1.0545,6598.0
1782590700000,1.0546,1.0549,1.0545,1.0545,1548.0
1782590760000,1.0546,1.0548,1.0545,1.0547,3352.0
1782590820000,1.0548,1.0553,1.0547,1.0548,7117.0
1782590880000,1.0549,1.0552,1.0548,1.0552,1632.0
1782590940000,1.0551,1.0555,1.0551,1.0555,2058.0
1782591000000,1.0551,1.0555,1.0549,1.0555,2914.0
1782591060000,1.0554,1.0556,1.0554,1.0554,4919.0
1782591120000,1.0556,1.0556,1.0553,1.0553,5264.0
1782591180000,1.0553,1.0554,1.0553,1.0553,2199.0
1782591240000,1.0554,1.0557,1.0553,1.0557,2267.0
1782591300000,1.0557,1.0557,1.0556,1.0557,1525.0
1782591360000,1.0557,1.056,1.0554,1.0555,7746.0
1782591420000,1.0554,1.0555,1.055,1.055,2812.0
1782591480000,1.055,1.0551,1.0547,1.0548,11189.0
1782591540000,1.0547,1.0548,1.0547,1.0547,4639.0
1782591600000,1.0547,1.0553,1.0547,1.055,3319.0
1782591660000,1.055,1.0554,1.055,1.0554,2143.0
1782591720000,1.0554,1.0554,1.0553,1.0553,1896.0
1782591780000,1.0553,1.0554,1.055,1.055,1470.0
1782591840000,1.055,1.0553,1.0545,1.0552,9767.0
1782591900000,1.0552,1.0553,1.0547,1.0553,3655.0
1782591960000,1.0553,1.0553,1.0549,1.055,7556.0
1782592020000,1.0549,1.055,1.0542,1.0547,1669.0
1782592080000,1.0547,1.0547,1.0543,1.0547,1517.0
1782592140000,1.0546,1.0552,1.0546,1.0547,7622.0
1782592200000,1.0546,1.0547,1.0544,1.0547,2189.0
1782592260000,1.0546,1.0552,1.0546,1.0546,1796.0
1782592320000,1.0546,1.055,1.0546,1.0547,3583.0
1782592380000,1.0547,1.0547,1.0546,1.0547,29694.0
1782592440000,1.0546,1.0551,1.0545,1.055,1661.0
1782592500000,1.0551,1.0551,1.055,1.0551,1473.0
1782592560000,1.0551,1.0551,1.055,1.055,1868.0
1782592620000,1.055,1.0551,1.0547,1.0548,1918.0
1782592680000,1.0547,1.0548,1.0547,1.0547,9598.0
1782592740000,1.0548,1.0548,1.0547,1.0547,2396.0
1782592800000,1.0547,1.0548,1.0542,1.0542,1509.0
1782592860000,1.0542,1.0543,1.0542,1.0543,1470.0
1782592920000,1.0543,1.0543,1.0542,1.0543,1791.0
1782592980000,1.0543,1.0543,1.053,1.0538,8854.0
1782593040000,1.0539,1.0539,1.0536,1.0536,2573.0
1782593100000,1.0536,1.0537,1.0536,1.0537,1843.0
1782593160000,1.0537,1.0542,1.0536,1.0542,1725.0
1782593220000,1.0541,1.055,1.0536,1.055,2515.0
1782593280000,1.0549,1.055,1.0546,1.0548,1531.0
1782593340000,1.0548,1.0549,1.0541,1.0541,2421.0
1782593400000,1.0541,1.0544,1.0541,1.0544,1913.0
1782593460000,1.0544,1.0544,1.0543,1.0544,2375.0
1782593520000,1.0544,1.0544,1.054,1.0541,1408.0
1782593580000,1.0541,1.0541,1.0537,1.0537,2584.0
1782593640000,1.0537,1.0538,1.0537,1.0538,1969.0
1782593700000,1.0537,1.0541,1.0537,1.0541,2055.0
1782593760000,1.0541,1.0541,1.0537,1.0538,1407.0
1782593820000,1.0538,1.0538,1.0537,1.0538,8010.0
1782593880000,1.0537,1.0538,1.0537,1.0537,1380.0
1782593940000,1.0538,1.0545,1.0537,1.0545,1766.0
1782594000000,1.0545,1.0557,1.0544,1.0548,5356.0
1782594060000,1.055,1.0555,1.055,1.0553,1862.0
1782594120000,1.0552,1.0553,1.0552,1.0552,2397.0
1782594180000,1.0553,1.0554,1.055,1.055,41872.0
1782594240000,1.0551,1.0551,1.0541,1.0546,13535.0
1782594300000,1.0545,1.0548,1.0542,1.0548,10410.0
1782594360000,1.0547,1.0555,1.0547,1.0552,5130.0
1782594420000,1.0553,1.0558,1.0552,1.0553,2865.0
1782594480000,1.0553,1.0556,1.0552,1.0556,4705.0
1782594540000,1.0555,1.0556,1.055,1.0555,6163.0
1782594600000,1.0555,1.0556,1.055,1.0555,1972.0
1782594660000,1.0555,1.0556,1.055,1.0553,1444.0
1782594720000,1.0553,1.0554,1.0551,1.0551,2975.0
1782594780000,1.0552,1.0552,1.0544,1.0544,1781.0
1782594840000,1.0544,1.055,1.0543,1.0545,2700.0
1782594900000,1.0547,1.0553,1.0547,1.0552,1620.0
1782594960000,1.0552,1.0557,1.0552,1.0556,7198.0
1782595020000,1.0557,1.0557,1.0552,1.0552,2157.0
1782595080000,1.0553,1.0553,1.0547,1.0551,1868.0
1782595140000,1.0551,1.0551,1.0545,1.055,2074.0
1782595200000,1.0551,1.0551,1.055,1.0551,2222.0
1782595260000,1.0551,1.0553,1.055,1.0553,1920.0
1782595320000,1.0552,1.0556,1.0552,1.0555,1788.0
1782595380000,1.0556,1.0558,1.0552,1.0552,2287.0
1782595440000,1.0553,1.0553,1.0545,1.0545,1844.0
1782595500000,1.0545,1.0552,1.0545,1.0552,12261.0
1782595560000,1.0551,1.0559,1.0551,1.0558,13583.0
1782595620000,1.0559,1.0562,1.0558,1.0559,2951.0
1782595680000,1.056,1.056,1.0559,1.056,7392.0
1782595740000,1.0559,1.0566,1.0559,1.0566,220226.0
1782595800000,1.0566,1.0573,1.0565,1.0572,14532.0
1782595860000,1.0572,1.0572,1.0566,1.0568,819.0
1782595920000,1.0568,1.0568,1.0567,1.0567,1007.0
1782595980000,1.0567,1.0568,1.0567,1.0568,4007.0
1782596040000,1.0564,1.0564,1.0548,1.0553,3214.0
1782596100000,1.0554,1.0554,1.0543,1.0544,32578.0
1782596160000,1.0544,1.055,1.0543,1.0549,11018.0
1782596220000,1.055,1.0554,1.0543,1.0549,5596.0
1782596280000,1.0548,1.0552,1.0548,1.0552,3236.0
1782596340000,1.0551,1.0552,1.0544,1.0544,6850.0
1782596400000,1.0544,1.0544,1.053,1.0536,33557.0
1782596460000,1.0535,1.054,1.053,1.0531,1645.0
1782596520000,1.053,1.0531,1.0521,1.053,14522.0
1782596580000,1.053,1.0531,1.0523,1.0524,11804.0
1782596640000,1.0523,1.0528,1.052,1.0521,30430.0
1782596700000,1.0521,1.0534,1.052,1.053,9804.0
1782596760000,1.0531,1.0535,1.053,1.0535,1812.0
1782596820000,1.0534,1.0538,1.0534,1.0538,1945.0
1782596880000,1.0538,1.0542,1.0537,1.0538,1443.0
1782596940000,1.0537,1.0545,1.0533,1.0539,3311.0
1782597000000,1.054,1.054,1.0526,1.0526,2100.0
1782597060000,1.0527,1.0527,1.0506,1.0509,46781.0
1782597120000,1.0509,1.052,1.0509,1.0518,7907.0
1782597180000,1.0518,1.0523,1.0515,1.0515,6780.0
1782597240000,1.0515,1.0523,1.0515,1.0517,2656.0
1782597300000,1.0517,1.0522,1.0515,1.0522,2102.0
1782597360000,1.0521,1.0522,1.0516,1.0521,9871.0
1782597420000,1.0521,1.0525,1.0521,1.0524,2152.0
1782597480000,1.0524,1.0525,1.0524,1.0524,1920.0
1782597540000,1.0525,1.0525,1.0524,1.0525,1608.0
1782597600000,1.0524,1.0524,1.0508,1.0514,7404.0
1782597660000,1.0514,1.0523,1.0514,1.052,8156.0
1782597720000,1.0519,1.052,1.049,1.0496,62839.0
1782597780000,1.0495,1.0506,1.0495,1.0503,19978.0
1782597840000,1.0502,1.0506,1.0501,1.0502,1750.0
1782597900000,1.0501,1.0505,1.0494,1.0495,3710.0
1782597960000,1.0495,1.051,1.0495,1.0509,22870.0
1782598020000,1.051,1.0516,1.0506,1.0506,4409.0
1782598080000,1.0507,1.0516,1.0506,1.0511,3986.0
1782598140000,1.0512,1.0514,1.0506,1.0507,1998.0
1782598200000,1.0507,1.0511,1.0506,1.051,1671.0
1782598260000,1.0511,1.0511,1.051,1.051,1700.0
1782598320000,1.0511,1.0516,1.051,1.051,1701.0
1782598380000,1.051,1.0511,1.0506,1.0506,14172.0
1782598440000,1.0507,1.0507,1.0506,1.0507,2561.0
1782598500000,1.0506,1.0507,1.0478,1.0478,118931.0
1782598560000,1.0478,1.0485,1.0444,1.0459,90943.0
1782598620000,1.0461,1.0471,1.0457,1.0467,6583.0
1782598680000,1.0469,1.0483,1.0468,1.0472,4500.0
1782598740000,1.0471,1.048,1.0468,1.0478,11456.0
1782598800000,1.0478,1.0482,1.0475,1.0481,2509.0
1782598860000,1.0481,1.0484,1.048,1.0483,1353.0
1782598920000,1.0482,1.0496,1.0482,1.0492,10788.0
1782598980000,1.0491,1.0497,1.0485,1.0488,5064.0
1782599040000,1.0486,1.0491,1.0486,1.0491,1973.0
1782599100000,1.049,1.0491,1.0488,1.0489,2369.0
1782599160000,1.0488,1.0492,1.0488,1.0491,2669.0
1782599220000,1.0491,1.0495,1.0491,1.0494,3476.0
1782599280000,1.0494,1.0504,1.0494,1.0499,3207.0
1782599340000,1.0498,1.0505,1.0496,1.0496,32580.0
1782599400000,1.0496,1.051,1.0496,1.0509,7376.0
1782599460000,1.0509,1.0516,1.0501,1.0505,5234.0
1782599520000,1.0505,1.0511,1.0501,1.0507,1536.0
1782599580000,1.0507,1.0508,1.0501,1.0503,2120.0
1782599640000,1.0504,1.0517,1.0503,1.0516,2091.0
1782599700000,1.0516,1.0517,1.0509,1.0514,2404.0
1782599760000,1.0514,1.0515,1.0513,1.0515,2068.0
1782599820000,1.0515,1.0529,1.0515,1.0523,5880.0
1782599880000,1.0522,1.0528,1.052,1.0528,11655.0
1782599940000,1.0528,1.0528,1.0521,1.0522,15161.0
1782600000000,1.0522,1.0523,1.0521,1.0521,58719.0
1782600060000,1.0522,1.0522,1.0518,1.0521,2001.0
1782600120000,1.0522,1.0522,1.0516,1.0517,19588.0
1782600180000,1.0517,1.0517,1.0516,1.0517,2459.0
1782600240000,1.0516,1.0517,1.0516,1.0516,1697.0
1782600300000,1.0517,1.0517,1.0511,1.0512,2084.0
1782600360000,1.0512,1.0514,1.0511,1.0512,1919.0
1782600420000,1.0512,1.0512,1.0511,1.0511,1707.0
1782600480000,1.0511,1.0519,1.0511,1.0515,7473.0
1782600540000,1.0515,1.0522,1.0515,1.0522,2965.0
1782600600000,1.0521,1.0522,1.0516,1.0522,260942.0
1782600660000,1.0521,1.0522,1.0521,1.0521,1592.0
1782600720000,1.0522,1.0522,1.0516,1.0522,11236.0
1782600780000,1.0521,1.0522,1.0521,1.0521,1605.0
1782600840000,1.0521,1.0527,1.0521,1.0524,11607.0
1782600900000,1.0524,1.0527,1.0523,1.0527,2518.0
1782600960000,1.0527,1.0533,1.0526,1.0532,6676.0
1782601020000,1.0532,1.0533,1.053,1.053,1447.0
1782601080000,1.0531,1.0531,1.053,1.053,1841.0
1782601140000,1.053,1.0531,1.053,1.053,4002.0
1782601200000,1.0531,1.0531,1.053,1.0531,4250.0
1782601260000,1.053,1.0531,1.053,1.0531,3033.0
1782601320000,1.0531,1.0542,1.053,1.0541,2501.0
1782601380000,1.0541,1.0541,1.0536,1.0536,2034.0
1782601440000,1.0537,1.0537,1.0533,1.0534,30074.0
1782601500000,1.0533,1.0539,1.0533,1.0538,3834.0
1782601560000,1.0539,1.0542,1.0538,1.0542,1767.0
1782601620000,1.0542,1.0547,1.0541,1.0544,2508.0
1782601680000,1.0544,1.0544,1.0533,1.0537,1811.0
1782601740000,1.0537,1.0541,1.0535,1.0537,6158.0
1782601800000,1.0536,1.0537,1.0536,1.0537,2016.0
1782601860000,1.0536,1.0537,1.0536,1.0536,5321.0
1782601920000,1.0536,1.0539,1.0527,1.0538,2344.0
1782601980000,1.0539,1.0539,1.0513,1.0518,19460.0
1782602040000,1.0518,1.0521,1.0497,1.0503,12258.0
1782602100000,1.0502,1.0514,1.0499,1.0513,141130.0
1782602160000,1.0514,1.0514,1.0497,1.0501,2487.0
1782602220000,1.0501,1.0502,1.0491,1.05,69310.0
1782602280000,1.0499,1.0507,1.0499,1.0503,2469.0
1782602340000,1.0504,1.051,1.0498,1.0505,3152.0
1782602400000,1.051,1.051,1.0504,1.0505,1945.0
1782602460000,1.0505,1.0506,1.049,1.0499,10303.0
1782602520000,1.0499,1.0502,1.0487,1.0491,6680.0
1782602580000,1.0492,1.0495,1.0486,1.0486,3442.0
1782602640000,1.0487,1.0489,1.0484,1.0488,2035.0
1782602700000,1.0488,1.0489,1.0483,1.0483,1509.0
1782602760000,1.0483,1.0484,1.048,1.048,3689.0
1782602820000,1.0481,1.0485,1.0477,1.0484,2736.0
1782602880000,1.0484,1.0485,1.0473,1.0473,22086.0
1782602940000,1.0473,1.0478,1.0473,1.0477,2758.0
1782603000000,1.0477,1.0478,1.0471,1.0472,8414.0
1782603060000,1.0473,1.048,1.0472,1.0479,4313.0
1782603120000,1.0479,1.0488,1.0479,1.0483,6119.0
1782603180000,1.0483,1.0485,1.0482,1.0484,2976.0
1782603240000,1.0484,1.0488,1.0484,1.0488,4623.0
1782603300000,1.0487,1.0487,1.0482,1.0482,1512.0
1782603360000,1.0483,1.0483,1.048,1.0481,6257.0
1782603420000,1.048,1.0481,1.048,1.0481,1761.0
1782603480000,1.048,1.0483,1.048,1.0483,2516.0
1782603540000,1.0482,1.0489,1.0479,1.0488,2732.0
1782603600000,1.0488,1.0489,1.0486,1.0487,4788.0
1782603660000,1.0487,1.0494,1.0483,1.0493,1825.0
1782603720000,1.0494,1.0494,1.0493,1.0493,3537.0
1782603780000,1.0494,1.0494,1.049,1.049,3638.0
1782603840000,1.049,1.0491,1.049,1.0491,1693.0
1782603900000,1.0491,1.0491,1.0484,1.0484,1631.0
1782603960000,1.0484,1.0485,1.048,1.048,7570.0
1782604020000,1.0481,1.0481,1.048,1.048,1488.0
1782604080000,1.0479,1.048,1.0471,1.048,2654.0
1782604140000,1.0479,1.0483,1.0479,1.0483,3935.0
1782604200000,1.0482,1.0486,1.0479,1.0486,1647.0
1782604260000,1.0485,1.0486,1.048,1.0483,2299.0
1782604320000,1.0483,1.0483,1.048,1.048,1791.0
1782604380000,1.048,1.0481,1.048,1.0481,1580.0
1782604440000,1.048,1.0481,1.047,1.0479,3483.0
1782604500000,1.0478,1.0479,1.0471,1.0478,1886.0
1782604560000,1.0477,1.0478,1.0472,1.0473,9167.0
1782604620000,1.0472,1.0473,1.0466,1.0466,1995.0
1782604680000,1.0466,1.0469,1.0465,1.0469,6483.0
1782604740000,1.0468,1.0469,1.0468,1.0469,2058.0
1782604800000,1.0468,1.0475,1.046,1.0469,38420.0
1782604860000,1.047,1.048,1.0469,1.0479,13490.0
1782604920000,1.048,1.0483,1.0467,1.0467,1734.0
1782604980000,1.0467,1.0479,1.0465,1.0477,4028.0
1782605040000,1.0476,1.0477,1.0473,1.0474,1433.0
1782605100000,1.0473,1.0483,1.0473,1.0483,1538.0
1782605160000,1.0483,1.0483,1.0474,1.0476,4788.0
1782605220000,1.0476,1.049,1.0474,1.049,24888.0
1782605280000,1.0489,1.0493,1.0485,1.0493,1723.0
1782605340000,1.0493,1.0495,1.0487,1.0487,2979.0
1782605400000,1.0488,1.0488,1.0482,1.0483,6158.0
1782605460000,1.0483,1.0487,1.0482,1.0486,3558.0
1782605520000,1.0486,1.0487,1.048,1.048,21919.0
1782605580000,1.048,1.0481,1.0478,1.048,21742.0
1782605640000,1.048,1.0481,1.048,1.048,1559.0
1782605700000,1.0481,1.0483,1.048,1.0482,1535.0
1782605760000,1.0482,1.0488,1.0478,1.0481,6054.0
1782605820000,1.0481,1.0486,1.048,1.0486,1977.0
1782605880000,1.0486,1.0491,1.0485,1.049,2445.0
1782605940000,1.0491,1.0493,1.049,1.0491,1402.0
1782606000000,1.0491,1.0491,1.049,1.0491,1581.0
1782606060000,1.0491,1.0491,1.049,1.0491,4115.0
1782606120000,1.049,1.0493,1.0488,1.0493,1532.0
1782606180000,1.0493,1.0493,1.0492,1.0492,1719.0
1782606240000,1.049,1.0493,1.0486,1.0493,1896.0
1782606300000,1.0492,1.0493,1.0488,1.0489,1816.0
1782606360000,1.0488,1.0496,1.0488,1.0496,2344.0
1782606420000,1.0496,1.05,1.0494,1.0499,1396.0
1782606480000,1.05,1.0506,1.0499,1.0503,6426.0
1782606540000,1.0503,1.0503,1.05,1.0501,3355.0
1782606600000,1.0501,1.0501,1.0495,1.0499,2020.0
1782606660000,1.0499,1.0499,1.049,1.0493,10519.0
1782606720000,1.0493,1.0494,1.0488,1.0488,2426.0
1782606780000,1.0489,1.0489,1.0488,1.0488,2025.0
1782606840000,1.0488,1.0492,1.0488,1.049,1699.0
1782606900000,1.0489,1.049,1.0483,1.0484,6369.0
1782606960000,1.0483,1.0484,1.0481,1.0483,6077.0
1782607020000,1.0483,1.0491,1.0477,1.0491,21646.0
1782607080000,1.0491,1.0497,1.049,1.0494,1442.0
1782607140000,1.0493,1.0494,1.0493,1.0494,1707.0
1782607200000,1.0493,1.0494,1.0485,1.0485,2068.0
1782607260000,1.0485,1.0486,1.0482,1.0483,3234.0
1782607320000,1.0483,1.0488,1.0482,1.0485,1917.0
1782607380000,1.0485,1.0486,1.0485,1.0485,5982.0
1782607440000,1.0486,1.0492,1.0485,1.0492,1576.0
1782607500000,1.0491,1.0497,1.0491,1.0493,1801.0
1782607560000,1.0493,1.0494,1.0491,1.0492,1852.0
1782607620000,1.0491,1.0492,1.0488,1.0488,1577.0
1782607680000,1.0488,1.0492,1.0488,1.0491,1504.0
1782607740000,1.0491,1.0499,1.0491,1.0499,3325.0
1782607800000,1.0498,1.0499,1.0488,1.0489,3052.0
1782607860000,1.0488,1.0489,1.0485,1.0485,4015.0
1782607920000,1.0486,1.0488,1.0485,1.0487,1700.0
1782607980000,1.0487,1.0488,1.0487,1.0487,5077.0
1782608040000,1.0488,1.0491,1.0487,1.0491,1903.0
1782608100000,1.0491,1.0495,1.049,1.0494,1489.0
1782608160000,1.0493,1.0494,1.0488,1.0492,7762.0
1782608220000,1.0491,1.0497,1.0491,1.0496,23882.0
1782608280000,1.0497,1.0497,1.0496,1.0497,2324.0
1782608340000,1.0496,1.0499,1.0492,1.0493,1552.0
1782608400000,1.0493,1.0493,1.0487,1.0492,2052.0
1782608460000,1.0493,1.0493,1.0488,1.0488,1662.0
1782608520000,1.0488,1.0489,1.0486,1.0487,2588.0
1782608580000,1.0487,1.0487,1.0474,1.0474,3846.0
1782608640000,1.0474,1.0475,1.0466,1.0471,6320.0
1782608700000,1.047,1.0473,1.0463,1.0467,2830.0
1782608760000,1.0467,1.0467,1.046,1.046,2095.0
1782608820000,1.0461,1.0465,1.0453,1.0464,9027.0
1782608880000,1.0464,1.0468,1.0464,1.0464,3700.0
1782608940000,1.0465,1.047,1.0456,1.0456,1920.0
1782609000000,1.0457,1.0457,1.0456,1.0456,2306.0
1782609060000,1.0456,1.0456,1.0447,1.0455,6339.0
1782609120000,1.0455,1.0456,1.0451,1.0455,5812.0
1782609180000,1.0456,1.0459,1.0455,1.0458,4792.0
1782609240000,1.0459,1.0465,1.0458,1.0464,11046.0
1782609300000,1.0465,1.0465,1.0464,1.0465,1756.0
1782609360000,1.0464,1.0469,1.0459,1.0465,2019.0
1782609420000,1.0464,1.0477,1.0464,1.0477,3634.0
1782609480000,1.0477,1.0479,1.0471,1.0472,3839.0
1782609540000,1.0471,1.0472,1.0468,1.0469,7740.0
1782609600000,1.0468,1.0474,1.0468,1.0473,1848.0
1782609660000,1.0473,1.0479,1.0473,1.0476,1429.0
1782609720000,1.0477,1.0482,1.0476,1.0482,2511.0
1782609780000,1.048,1.0482,1.048,1.0482,1637.0
1782609840000,1.0482,1.0485,1.048,1.048,1954.0
1782609900000,1.048,1.049,1.048,1.0489,1705.0
1782609960000,1.0489,1.049,1.0489,1.049,3634.0
1782610020000,1.0489,1.049,1.0489,1.0489,5506.0
1782610080000,1.0489,1.049,1.0482,1.0483,2146.0
1782610140000,1.0482,1.0487,1.0482,1.0486,1855.0
1782610200000,1.0487,1.0487,1.0486,1.0487,3270.0
1782610260000,1.0487,1.0487,1.0486,1.0486,4394.0
1782610320000,1.0486,1.0487,1.0486,1.0487,1910.0
1782610380000,1.0487,1.0491,1.0486,1.0491,8310.0
1782610440000,1.0491,1.0491,1.049,1.0491,4596.0
1782610500000,1.049,1.0494,1.049,1.0494,13889.0
1782610560000,1.0494,1.0494,1.0489,1.0489,4277.0
1782610620000,1.049,1.049,1.0489,1.049,1754.0
1782610680000,1.049,1.049,1.0489,1.049,1908.0
1782610740000,1.0489,1.0496,1.0489,1.049,1997.0
1782610800000,1.0489,1.0493,1.0489,1.0493,3475.0
1782610860000,1.0493,1.0495,1.0489,1.0494,3173.0
1782610920000,1.0494,1.0498,1.0494,1.0497,2585.0
1782610980000,1.0497,1.0498,1.0497,1.0497,1614.0
1782611040000,1.0497,1.0498,1.0497,1.0498,1564.0
1782611100000,1.0497,1.0498,1.0493,1.0494,1536.0
1782611160000,1.0493,1.0497,1.0493,1.0497,1887.0
1782611220000,1.0497,1.0498,1.0493,1.0498,1612.0
1782611280000,1.0498,1.0498,1.0494,1.0495,4832.0
1782611340000,1.0494,1.0498,1.0494,1.0497,2298.0
1782611400000,1.0498,1.0501,1.0495,1.05,23709.0
1782611460000,1.05,1.0501,1.0492,1.0501,3815.0
1782611520000,1.05,1.0501,1.0497,1.0498,2042.0
1782611580000,1.0497,1.0501,1.0497,1.05,2062.0
1782611640000,1.05,1.0501,1.0497,1.0497,1495.0
1782611700000,1.0498,1.0498,1.0497,1.0498,1809.0
1782611760000,1.0498,1.0503,1.0497,1.0503,1729.0
1782611820000,1.0502,1.0509,1.0502,1.0504,5657.0
1782611880000,1.0502,1.0504,1.05,1.0501,1451.0
1782611940000,1.05,1.0505,1.05,1.0504,2006.0
1782612000000,1.0504,1.0515,1.0504,1.0514,5379.0
1782612060000,1.0514,1.0519,1.0511,1.0517,2724.0
1782612120000,1.0517,1.0519,1.0511,1.0519,6895.0
1782612180000,1.0519,1.0524,1.0517,1.0523,7128.0
1782612240000,1.0524,1.0529,1.0522,1.0523,8559.0
1782612300000,1.0523,1.0524,1.0519,1.0523,3720.0
1782612360000,1.0524,1.0526,1.0523,1.0525,30665.0
1782612420000,1.0526,1.0526,1.052,1.0522,6511.0
1782612480000,1.0522,1.0522,1.0521,1.0522,1990.0
1782612540000,1.0521,1.0522,1.0516,1.0517,5305.0
1782612600000,1.0517,1.0517,1.0516,1.0517,1639.0
1782612660000,1.0517,1.0517,1.0516,1.0516,1835.0
1782612720000,1.0516,1.0523,1.0516,1.0522,3250.0
1782612780000,1.0522,1.0523,1.0513,1.0519,1529.0
1782612840000,1.0519,1.0521,1.0519,1.052,5698.0
1782612900000,1.0521,1.0521,1.052,1.052,4397.0
1782612960000,1.052,1.0523,1.0518,1.0519,3096.0
1782613020000,1.0518,1.052,1.0513,1.052,1846.0
1782613080000,1.0519,1.052,1.051,1.0511,5564.0
1782613140000,1.0511,1.0511,1.051,1.051,4185.0
1782613200000,1.0511,1.0511,1.0499,1.0499,1599.0
1782613260000,1.05,1.05,1.0483,1.0484,13489.0
1782613320000,1.0483,1.0484,1.0467,1.0472,6049.0
1782613380000,1.0473,1.0473,1.0457,1.0459,8742.0
1782613440000,1.0459,1.0462,1.0455,1.0457,33057.0
1782613500000,1.0456,1.0457,1.0447,1.0452,4718.0
1782613560000,1.0453,1.0456,1.0452,1.0452,4207.0
1782613620000,1.0452,1.0472,1.0452,1.047,1895.0
1782613680000,1.0469,1.047,1.0465,1.0465,3257.0
1782613740000,1.0465,1.0469,1.0465,1.0468,7031.0
1782613800000,1.0469,1.0471,1.0468,1.047,1734.0
1782613860000,1.047,1.0474,1.0468,1.0473,1574.0
1782613920000,1.0474,1.0477,1.0473,1.0477,4607.0
1782613980000,1.0477,1.0477,1.0471,1.0471,1872.0
1782614040000,1.0471,1.0476,1.0471,1.0475,1999.0
1782614100000,1.0475,1.0478,1.0475,1.0475,1926.0
1782614160000,1.0476,1.0476,1.0475,1.0476,5539.0
1782614220000,1.0475,1.0478,1.0475,1.0478,2113.0
1782614280000,1.0477,1.0478,1.0477,1.0477,1500.0
1782614340000,1.0478,1.0478,1.0474,1.0475,1830.0
1782614400000,1.0474,1.048,1.0471,1.0472,3411.0
1782614460000,1.0472,1.0472,1.0458,1.0458,21868.0
1782614520000,1.0459,1.0459,1.0456,1.0457,3013.0
1782614580000,1.0457,1.0464,1.0456,1.0458,3409.0
1782614640000,1.0458,1.0462,1.0458,1.0462,4897.0
1782614700000,1.0461,1.0465,1.0461,1.0462,2254.0
1782614760000,1.0462,1.0463,1.0458,1.0458,2302.0
1782614820000,1.0458,1.0463,1.0458,1.0463,1356.0
1782614880000,1.0462,1.0463,1.0452,1.0456,1504.0
1782614940000,1.0457,1.0457,1.0453,1.0453,2724.0
1782615000000,1.0453,1.046,1.0453,1.046,2565.0
1782615060000,1.0459,1.0461,1.0459,1.0459,3458.0
1782615120000,1.0461,1.0461,1.0459,1.0459,1571.0
1782615180000,1.0459,1.0463,1.0459,1.0462,1958.0
1782615240000,1.0462,1.0463,1.046,1.046,5078.0
1782615300000,1.0461,1.0461,1.046,1.046,2809.0
1782615360000,1.046,1.0463,1.046,1.0462,2233.0
1782615420000,1.0463,1.0463,1.0462,1.0462,1718.0
1782615480000,1.0463,1.0463,1.0459,1.0459,10951.0
1782615540000,1.046,1.0462,1.0453,1.0459,1957.0
1782615600000,1.046,1.0463,1.0457,1.0462,2053.0
1782615660000,1.0465,1.0467,1.0464,1.0466,132387.0
1782615720000,1.0466,1.0474,1.0465,1.0473,3304.0
1782615780000,1.0473,1.048,1.0473,1.048,1572.0
1782615840000,1.048,1.0481,1.0479,1.0481,1694.0
1782615900000,1.0481,1.0481,1.0477,1.0478,10043.0
1782615960000,1.0478,1.048,1.0473,1.048,1910.0
1782616020000,1.0479,1.048,1.0473,1.048,1137.0
1782616080000,1.048,1.048,1.0476,1.0476,2575.0
1782616140000,1.0473,1.048,1.0473,1.048,2089.0
1782616200000,1.048,1.048,1.0479,1.048,1902.0
1782616260000,1.048,1.0489,1.0479,1.0488,5268.0
1782616320000,1.0489,1.0493,1.0488,1.0492,1743.0
1782616380000,1.0492,1.0493,1.0492,1.0492,2509.0
1782616440000,1.0493,1.0503,1.0492,1.0493,106229.0
1782616500000,1.0493,1.0494,1.0481,1.0483,24556.0
1782616560000,1.0481,1.0485,1.0481,1.0481,3578.0
1782616620000,1.0481,1.0482,1.0481,1.0481,2694.0
1782616680000,1.0481,1.0483,1.0476,1.0483,1812.0
1782616740000,1.0483,1.0486,1.0482,1.0484,1768.0
1782616800000,1.0484,1.0489,1.0484,1.0485,4152.0
1782616860000,1.0485,1.0489,1.0485,1.0489,1632.0
1782616920000,1.0488,1.0489,1.0483,1.0486,1825.0
1782616980000,1.0485,1.0486,1.0482,1.0482,2139.0
1782617040000,1.0482,1.0483,1.0479,1.0479,1559.0
1782617100000,1.048,1.0483,1.0479,1.0483,1868.0
1782617160000,1.0483,1.0483,1.0482,1.0482,1982.0
1782617220000,1.0483,1.0483,1.0477,1.0482,4771.0
1782617280000,1.0483,1.0483,1.0474,1.0482,2196.0
1782617340000,1.0483,1.0483,1.0482,1.0482,1462.0
1782617400000,1.0483,1.0488,1.0479,1.0482,4284.0
1782617460000,1.0482,1.0483,1.0482,1.0483,2501.0
1782617520000,1.0483,1.0488,1.048,1.0481,1759.0
1782617580000,1.0481,1.0481,1.0477,1.048,2209.0
1782617640000,1.0481,1.0481,1.0473,1.0474,1344.0
1782617700000,1.0473,1.0474,1.0471,1.0472,2605.0
1782617760000,1.0471,1.0472,1.0468,1.0472,2562.0
1782617820000,1.0471,1.0472,1.0471,1.0471,1986.0
1782617880000,1.0471,1.0472,1.0469,1.047,1932.0
1782617940000,1.047,1.047,1.0469,1.0469,1884.0
1782618000000,1.047,1.0473,1.0469,1.0473,1565.0
1782618060000,1.0473,1.0473,1.0472,1.0472,1872.0
1782618120000,1.0473,1.0476,1.0472,1.0475,3369.0
1782618180000,1.0476,1.0476,1.0472,1.0473,1655.0
1782618240000,1.0473,1.0475,1.0472,1.0474,1416.0
1782618300000,1.0475,1.0475,1.0474,1.0474,1612.0
1782618360000,1.0475,1.0475,1.0469,1.0475,2152.0
1782618420000,1.0474,1.048,1.0474,1.0479,1672.0
1782618480000,1.048,1.0482,1.0476,1.0481,1497.0
1782618540000,1.0481,1.0485,1.0481,1.0484,5745.0
1782618600000,1.0485,1.0494,1.0484,1.0487,2416.0
1782618660000,1.0487,1.0488,1.0482,1.0488,1646.0
1782618720000,1.0487,1.0488,1.0481,1.0482,7389.0
1782618780000,1.0482,1.0482,1.0477,1.0478,1790.0
1782618840000,1.0477,1.0484,1.0477,1.0483,1909.0
1782618900000,1.0483,1.0486,1.0483,1.0485,1528.0
1782618960000,1.0485,1.0489,1.0485,1.0489,1532.0
1782619020000,1.0489,1.0491,1.0488,1.0491,1838.0
1782619080000,1.049,1.0494,1.049,1.0493,1437.0
1782619140000,1.0493,1.0494,1.049,1.0491,1646.0
1782619200000,1.049,1.0491,1.049,1.049,1927.0
1782619260000,1.0491,1.0491,1.0485,1.0491,1481.0
1782619320000,1.0488,1.0489,1.0478,1.0479,1735.0
1782619380000,1.0478,1.0485,1.0478,1.0484,1710.0
1782619440000,1.0485,1.0493,1.0484,1.0492,1476.0
1782619500000,1.0492,1.0493,1.0489,1.0489,1679.0
1782619560000,1.049,1.0493,1.0489,1.0493,1594.0
1782619620000,1.0492,1.0493,1.048,1.048,2419.0
1782619680000,1.048,1.0481,1.048,1.048,3754.0
1782619740000,1.048,1.0481,1.0478,1.0478,1591.0
1782619800000,1.0479,1.0479,1.0478,1.0478,2010.0
1782619860000,1.0478,1.0479,1.0473,1.0474,1315.0
1782619920000,1.0474,1.0474,1.0473,1.0473,2012.0
1782619980000,1.0474,1.0474,1.0473,1.0473,2440.0
1782620040000,1.0474,1.0476,1.0473,1.0475,1590.0
1782620100000,1.0476,1.0482,1.0476,1.0482,1483.0
1782620160000,1.0482,1.0482,1.0481,1.0481,1533.0
1782620220000,1.0481,1.0482,1.0481,1.0481,3047.0
1782620280000,1.0481,1.0482,1.0478,1.0478,11800.0
1782620340000,1.0478,1.0479,1.0478,1.0478,1945.0
1782620400000,1.0478,1.0479,1.0478,1.0478,1919.0
1782620460000,1.0479,1.0484,1.0478,1.0483,1421.0
1782620520000,1.0487,1.0487,1.0486,1.0486,22121.0
1782620580000,1.0487,1.0487,1.0486,1.0486,2082.0
1782620640000,1.0487,1.0487,1.0486,1.0486,1501.0
1782620700000,1.0487,1.0493,1.0486,1.0492,1746.0
1782620760000,1.0493,1.0493,1.0492,1.0492,1779.0
1782620820000,1.0492,1.0495,1.0492,1.0494,2126.0
1782620880000,1.0494,1.0495,1.0483,1.0484,1501.0
1782620940000,1.0483,1.0484,1.0483,1.0483,1480.0
1782621000000,1.0483,1.0484,1.0469,1.0469,2021.0
1782621060000,1.0469,1.047,1.0467,1.0468,1609.0
1782621120000,1.0468,1.0468,1.0458,1.0458,5254.0
1782621180000,1.0459,1.047,1.0456,1.047,1904.0
1782621240000,1.0469,1.047,1.0469,1.0469,1820.0
1782621300000,1.0469,1.0469,1.0465,1.0467,1737.0
1782621360000,1.0467,1.0476,1.0467,1.0475,4084.0
1782621420000,1.0476,1.0476,1.047,1.047,1700.0
1782621480000,1.0471,1.0478,1.047,1.0478,1446.0
1782621540000,1.0477,1.0478,1.0477,1.0477,4739.0
1782621600000,1.0477,1.0486,1.0477,1.0485,3300.0
1782621660000,1.0486,1.0486,1.048,1.0481,1964.0
1782621720000,1.048,1.0484,1.048,1.0484,2129.0
1782621780000,1.0484,1.0488,1.0483,1.0488,6249.0
1782621840000,1.0488,1.0493,1.0487,1.0488,4588.0
1782621900000,1.0487,1.0491,1.0487,1.049,10726.0
1782621960000,1.0491,1.0491,1.049,1.049,1591.0
1782622020000,1.0491,1.0493,1.0489,1.0492,2782.0
1782622080000,1.0492,1.0499,1.0492,1.0497,2493.0
1782622140000,1.0496,1.0497,1.0492,1.0492,1410.0
1782622200000,1.0493,1.0493,1.049,1.0491,1660.0
1782622260000,1.0491,1.0491,1.0488,1.0488,3570.0
1782622320000,1.0489,1.0489,1.0485,1.0486,1574.0
1782622380000,1.0486,1.0486,1.0485,1.0485,1987.0
1782622440000,1.0485,1.0486,1.0485,1.0486,1428.0
1782622500000,1.0486,1.0486,1.048,1.0483,1481.0
1782622560000,1.0483,1.0483,1.048,1.0481,1879.0
1782622620000,1.048,1.0481,1.0477,1.0478,13071.0
1782622680000,1.0478,1.0478,1.0475,1.0475,9597.0
1782622740000,1.0476,1.0479,1.0475,1.0478,3896.0
1782622800000,1.0478,1.0479,1.0475,1.0476,2991.0
1782622860000,1.0475,1.0478,1.0475,1.0477,4203.0
1782622920000,1.0477,1.0478,1.0465,1.047,1774.0
1782622980000,1.047,1.0471,1.0458,1.0459,1509.0
1782623040000,1.0458,1.0459,1.044,1.0444,20289.0
1782623100000,1.044,1.0451,1.044,1.0446,4923.0
1782623160000,1.0447,1.0454,1.0446,1.0453,4233.0
1782623220000,1.0454,1.0457,1.0447,1.0457,5002.0
1782623280000,1.0457,1.0457,1.0454,1.0457,16085.0
1782623340000,1.0456,1.0457,1.0456,1.0456,8395.0
1782623400000,1.0456,1.0457,1.0453,1.0456,3556.0
1782623460000,1.0457,1.0462,1.0456,1.0458,3006.0
1782623520000,1.0459,1.0464,1.0455,1.0455,2506.0
1782623580000,1.0455,1.0459,1.0455,1.0458,2015.0
1782623640000,1.0459,1.0459,1.0455,1.0455,1860.0
1782623700000,1.0456,1.0458,1.0455,1.0458,1528.0
1782623760000,1.0458,1.046,1.0448,1.0459,9603.0
1782623820000,1.0459,1.0467,1.0459,1.0466,2062.0
1782623880000,1.0466,1.0467,1.0466,1.0466,1726.0
1782623940000,1.0466,1.0469,1.0466,1.0467,49244.0
1782624000000,1.0467,1.0467,1.0464,1.0464,19799.0
1782624060000,1.0465,1.0465,1.0456,1.0462,2582.0
1782624120000,1.0461,1.0462,1.0449,1.045,1513.0
1782624180000,1.045,1.0453,1.0449,1.0451,29483.0
1782624240000,1.0451,1.0454,1.0445,1.0449,24479.0
1782624300000,1.0448,1.0449,1.0431,1.0436,34421.0
1782624360000,1.0435,1.0441,1.0432,1.0436,1775.0
1782624420000,1.0435,1.0441,1.043,1.0432,27702.0
1782624480000,1.0431,1.0433,1.0421,1.0432,40057.0
1782624540000,1.0433,1.0433,1.0428,1.0428,4326.0
1782624600000,1.0428,1.0429,1.0421,1.0424,2684.0
1782624660000,1.0426,1.0436,1.0425,1.0435,23874.0
1782624720000,1.0435,1.0438,1.0431,1.0438,2436.0
1782624780000,1.0438,1.0448,1.0437,1.0448,1695.0
1782624840000,1.0447,1.0448,1.0444,1.0447,1528.0
1782624900000,1.0448,1.0451,1.0448,1.045,5371.0
1782624960000,1.0451,1.0453,1.045,1.0452,3042.0
1782625020000,1.0453,1.0453,1.0449,1.045,2170.0
1782625080000,1.045,1.0455,1.0449,1.0455,1940.0
1782625140000,1.0454,1.0455,1.0451,1.0451,1496.0
1782625200000,1.0451,1.0452,1.0451,1.0452,5189.0
1782625260000,1.0451,1.0452,1.0451,1.0451,4765.0
1782625320000,1.0451,1.0452,1.0451,1.0452,10500.0
1782625380000,1.0451,1.0455,1.0451,1.0454,1402.0
1782625440000,1.0455,1.0455,1.0454,1.0455,1880.0
1782625500000,1.0455,1.0456,1.0454,1.0454,2033.0
1782625560000,1.0455,1.0455,1.0447,1.0452,1585.0
1782625620000,1.0452,1.0453,1.0452,1.0452,10683.0
1782625680000,1.0452,1.0456,1.0452,1.0456,1484.0
1782625740000,1.0455,1.0457,1.0455,1.0455,54509.0
1782625800000,1.0455,1.0456,1.0455,1.0455,1779.0
1782625860000,1.0456,1.0459,1.0455,1.0455,1095.0
1782625920000,1.0455,1.0457,1.0455,1.0455,32.0
1782625980000,1.0455,1.0455,1.0454,1.0455,143.0
1782626040000,1.0454,1.0459,1.0454,1.0458,5106.0
1782626100000,1.0459,1.0475,1.0458,1.0475,9687.0
1782626160000,1.0475,1.0476,1.0468,1.0469,7751.0
1782626220000,1.0469,1.0471,1.0468,1.0469,1735.0
1782626280000,1.0469,1.0469,1.0464,1.0465,1528.0
1782626340000,1.0464,1.0471,1.0464,1.047,1417.0
1782626400000,1.047,1.0483,1.047,1.048,18524.0
1782626460000,1.048,1.048,1.0479,1.048,1920.0
1782626520000,1.0479,1.048,1.0479,1.048,1887.0
1782626580000,1.048,1.048,1.0471,1.0472,31831.0
1782626640000,1.0471,1.0472,1.0464,1.0469,3932.0
1782626700000,1.0468,1.0471,1.0468,1.0471,1536.0
1782626760000,1.047,1.0471,1.0464,1.0464,2082.0
1782626820000,1.0465,1.0467,1.0463,1.0463,3022.0
1782626880000,1.0465,1.0469,1.0463,1.0469,2820.0
1782626940000,1.0468,1.0473,1.0467,1.0468,2464.0
1782627000000,1.0468,1.0468,1.0452,1.0453,1492.0
1782627060000,1.0452,1.0453,1.0448,1.0448,59794.0
1782627120000,1.0448,1.0449,1.0429,1.043,18931.0
1782627180000,1.0429,1.0433,1.0428,1.043,29593.0
1782627240000,1.0429,1.043,1.0418,1.0418,6680.0
1782627300000,1.0418,1.0424,1.0418,1.0423,6336.0
1782627360000,1.0424,1.0427,1.0414,1.0416,11665.0
1782627420000,1.0416,1.0419,1.0413,1.0418,2787.0
1782627480000,1.0417,1.0446,1.0417,1.0432,8337.0
1782627540000,1.0433,1.0435,1.0429,1.0434,1468.0
1782627600000,1.0435,1.0443,1.0431,1.0442,3639.0
1782627660000,1.0443,1.0443,1.0432,1.0439,3268.0
1782627720000,1.0438,1.0439,1.0431,1.0432,2384.0
1782627780000,1.0432,1.0432,1.0431,1.0431,3099.0
1782627840000,1.0431,1.0434,1.0431,1.0433,2250.0
1782627900000,1.0434,1.0444,1.043,1.0433,2849.0
1782627960000,1.0433,1.0434,1.0428,1.0428,1501.0
1782628020000,1.0429,1.0432,1.0428,1.0431,3411.0
1782628080000,1.0431,1.0432,1.0431,1.0431,1993.0
1782628140000,1.0432,1.0432,1.0431,1.0431,2181.0
1782628200000,1.0431,1.044,1.0431,1.0439,1396.0
1782628260000,1.0439,1.044,1.0434,1.0438,2963.0
1782628320000,1.0438,1.0443,1.0437,1.0443,1598.0
1782628380000,1.0443,1.0444,1.044,1.0443,4273.0
1782628440000,1.0444,1.0444,1.0441,1.0443,1642.0
1782628500000,1.0443,1.0444,1.0433,1.0439,3373.0
1782628560000,1.0439,1.0439,1.0434,1.0434,1917.0
1782628620000,1.0435,1.044,1.0434,1.0435,2322.0
1782628680000,1.0434,1.0435,1.0434,1.0435,1607.0
1782628740000,1.0434,1.0435,1.0434,1.0435,1588.0
1782628800000,1.0435,1.044,1.0432,1.044,1675.0
1782628860000,1.0439,1.044,1.0439,1.0439,1615.0
1782628920000,1.0439,1.044,1.0439,1.044,1993.0
1782628980000,1.044,1.044,1.0436,1.0437,11123.0
1782629040000,1.0436,1.0437,1.0431,1.0431,1574.0
1782629100000,1.0432,1.0432,1.0424,1.0425,2772.0
1782629160000,1.0425,1.043,1.0424,1.043,3093.0
1782629220000,1.0429,1.0433,1.0429,1.0433,1933.0
1782629280000,1.0433,1.0436,1.0432,1.0436,1673.0
1782629340000,1.0435,1.0436,1.0432,1.0435,1966.0
1782629400000,1.0436,1.0444,1.0435,1.0444,1608.0
1782629460000,1.0443,1.0447,1.0443,1.0447,2999.0
1782629520000,1.0447,1.045,1.0445,1.0447,4331.0
1782629580000,1.0445,1.0447,1.0445,1.0447,29761.0
1782629640000,1.0447,1.0447,1.0446,1.0446,3256.0
1782629700000,1.0446,1.0447,1.0434,1.0439,1878.0
1782629760000,1.0439,1.044,1.0439,1.044,1831.0
1782629820000,1.0439,1.0444,1.0439,1.0442,1698.0
1782629880000,1.0441,1.0442,1.0441,1.0442,1334.0
1782629940000,1.0442,1.0445,1.0441,1.0445,1929.0
1782630000000,1.0444,1.045,1.0441,1.045,2391.0
1782630060000,1.045,1.0477,1.0449,1.0474,4272.0
1782630120000,1.0474,1.0494,1.0473,1.048,7419.0
1782630180000,1.0477,1.048,1.0472,1.0473,3943.0
1782630240000,1.0473,1.0478,1.047,1.047,7493.0
1782630300000,1.047,1.0471,1.0462,1.0468,11622.0
1782630360000,1.0468,1.0468,1.0467,1.0467,2432.0
1782630420000,1.0468,1.047,1.0467,1.0469,1611.0
1782630480000,1.047,1.0474,1.0469,1.0471,2109.0
1782630540000,1.047,1.0474,1.047,1.0471,6029.0
1782630600000,1.047,1.0476,1.047,1.0476,1527.0
1782630660000,1.0476,1.0476,1.047,1.047,2070.0
1782630720000,1.047,1.0471,1.0468,1.0469,3598.0
1782630780000,1.0472,1.0472,1.0469,1.0469,21853.0
1782630840000,1.047,1.047,1.0469,1.0469,1462.0
1782630900000,1.0469,1.047,1.0469,1.0469,1412.0
1782630960000,1.047,1.047,1.0469,1.0469,4525.0
1782631020000,1.0469,1.047,1.0464,1.047,2328.0
1782631080000,1.047,1.047,1.0469,1.047,1405.0
1782631140000,1.0469,1.0472,1.0469,1.0472,4879.0
1782631200000,1.0471,1.0472,1.047,1.0471,5593.0
1782631260000,1.047,1.0473,1.047,1.0473,1549.0
1782631320000,1.0473,1.0473,1.0472,1.0473,5200.0
1782631380000,1.0472,1.0475,1.0472,1.0475,29379.0
1782631440000,1.0475,1.0475,1.047,1.0471,5720.0
1782631500000,1.047,1.0471,1.0461,1.0462,6651.0
1782631560000,1.0461,1.0464,1.0461,1.0464,2062.0
1782631620000,1.0464,1.0464,1.0463,1.0463,1761.0
1782631680000,1.0463,1.0464,1.0458,1.0464,2238.0
1782631740000,1.0464,1.047,1.0463,1.047,5301.0
1782631800000,1.047,1.0476,1.0469,1.0469,2380.0
1782631860000,1.0469,1.0474,1.0469,1.0473,1463.0
1782631920000,1.0474,1.0474,1.047,1.047,1945.0
1782631980000,1.047,1.0482,1.047,1.0482,2372.0
1782632040000,1.0481,1.0486,1.0481,1.0486,2686.0
1782632100000,1.0485,1.0494,1.0485,1.0489,2927.0
1782632160000,1.0488,1.0489,1.0486,1.0487,1532.0
1782632220000,1.0487,1.0509,1.0486,1.05,27459.0
1782632280000,1.05,1.0503,1.0494,1.0494,5645.0
1782632340000,1.0494,1.0502,1.0494,1.0497,113208.0
1782632400000,1.0498,1.0499,1.0489,1.0498,5007.0
1782632460000,1.0498,1.0499,1.0493,1.0495,5770.0
1782632520000,1.0492,1.0493,1.0492,1.0492,1601.0
1782632580000,1.0492,1.0493,1.0488,1.0489,1510.0
1782632640000,1.0489,1.0489,1.0486,1.0486,3501.0
1782632700000,1.0487,1.049,1.0486,1.049,1481.0
1782632760000,1.0492,1.0501,1.049,1.0495,17713.0
1782632820000,1.0496,1.0496,1.0493,1.0496,7916.0
1782632880000,1.0496,1.0496,1.0493,1.0494,1801.0
1782632940000,1.0494,1.0494,1.0485,1.0486,1625.0
1782633000000,1.0485,1.0491,1.0485,1.0485,1675.0
1782633060000,1.0486,1.0486,1.0482,1.0482,3473.0
1782633120000,1.0482,1.0488,1.0482,1.0482,1931.0
1782633180000,1.0483,1.0483,1.0472,1.0478,150086.0
1782633240000,1.0479,1.0486,1.0478,1.0485,1782.0
1782633300000,1.0485,1.0486,1.0482,1.0483,1511.0
1782633360000,1.0483,1.0486,1.0482,1.0486,3732.0
1782633420000,1.0485,1.0496,1.0485,1.0494,10313.0
1782633480000,1.0494,1.0498,1.0493,1.0495,2751.0
1782633540000,1.0499,1.0507,1.0498,1.0504,2642.0
1782633600000,1.0504,1.0509,1.0497,1.0502,239295.0
1782633660000,1.0502,1.0517,1.0499,1.0515,24039.0
1782633720000,1.0515,1.0519,1.051,1.051,3777.0
1782633780000,1.051,1.0511,1.0507,1.0511,2606.0
1782633840000,1.0511,1.0516,1.051,1.0516,3967.0
1782633900000,1.0515,1.0518,1.0515,1.0516,1796.0
1782633960000,1.0515,1.0519,1.0515,1.0519,23656.0
1782634020000,1.0519,1.0519,1.0514,1.0515,3831.0
1782634080000,1.0515,1.0515,1.0511,1.0511,2029.0
1782634140000,1.0511,1.0517,1.0504,1.0504,3837.0
1782634200000,1.0504,1.0505,1.0504,1.0504,2854.0
1782634260000,1.0504,1.0505,1.0504,1.0504,7203.0
1782634320000,1.0504,1.0505,1.0504,1.0505,1661.0
1782634380000,1.0505,1.0505,1.0504,1.0505,1534.0
1782634440000,1.0505,1.0505,1.0504,1.0505,10892.0
1782634500000,1.0504,1.0513,1.05,1.05,2731.0
1782634560000,1.0504,1.0504,1.0503,1.0503,7368.0
1782634620000,1.0503,1.0511,1.0503,1.0505,1692.0
1782634680000,1.0505,1.0509,1.0503,1.0504,2031.0
1782634740000,1.0504,1.0506,1.0497,1.0498,8496.0
1782634800000,1.0498,1.0506,1.0496,1.0506,7108.0
1782634860000,1.0505,1.0506,1.0501,1.0504,2083.0
1782634920000,1.0503,1.0504,1.0503,1.0503,1451.0
1782634980000,1.0503,1.0504,1.0498,1.0498,2316.0
1782635040000,1.0498,1.0502,1.0498,1.0501,3896.0
1782635100000,1.0501,1.0505,1.0499,1.0499,1917.0
1782635160000,1.0499,1.05,1.0499,1.0499,1483.0
1782635220000,1.0499,1.05,1.0499,1.05,1421.0
1782635280000,1.05,1.05,1.0499,1.0499,1883.0
1782635340000,1.05,1.0507,1.0499,1.0501,5338.0
1782635400000,1.0502,1.0508,1.0501,1.0508,1613.0
1782635460000,1.0507,1.0508,1.0507,1.0507,2349.0
1782635520000,1.0507,1.0511,1.0502,1.0511,1527.0
1782635580000,1.0511,1.0511,1.051,1.0511,1655.0
1782635640000,1.0511,1.0514,1.051,1.0514,1907.0
1782635700000,1.0513,1.0519,1.0513,1.0513,3349.0
1782635760000,1.0517,1.0528,1.0516,1.052,27418.0
1782635820000,1.052,1.0525,1.0518,1.0524,6550.0
1782635880000,1.0525,1.0579,1.0519,1.0579,58833.0
1782635940000,1.0572,1.0573,1.0554,1.0572,4777.0
1782636000000,1.0573,1.0589,1.0557,1.0568,17436.0
1782636060000,1.0569,1.0584,1.0561,1.0562,16864.0
1782636120000,1.0562,1.0571,1.0561,1.057,10532.0
1782636180000,1.057,1.0572,1.0564,1.0571,67925.0
1782636240000,1.0572,1.0572,1.056,1.0561,17918.0
1782636300000,1.0561,1.0574,1.0555,1.0567,7994.0
1782636360000,1.0567,1.0567,1.0557,1.0558,10300.0
1782636420000,1.0557,1.0562,1.0555,1.0555,11548.0
1782636480000,1.0555,1.0557,1.055,1.0553,3041.0
1782636540000,1.0553,1.056,1.0552,1.0556,15652.0
1782636600000,1.0555,1.0556,1.055,1.0551,3977.0
1782636660000,1.055,1.0551,1.0548,1.0549,5347.0
1782636720000,1.0549,1.0552,1.0548,1.0548,1666.0
1782636780000,1.0549,1.0549,1.0545,1.0547,1859.0
1782636840000,1.0548,1.0548,1.0547,1.0548,2548.0
1782636900000,1.0548,1.0552,1.0547,1.0547,2391.0
1782636960000,1.0547,1.0551,1.0547,1.055,1514.0
1782637020000,1.0551,1.0551,1.0545,1.0545,1953.0
1782637080000,1.0545,1.0546,1.0545,1.0546,1495.0
1782637140000,1.0545,1.0546,1.054,1.054,6879.0
1782637200000,1.0541,1.0541,1.0532,1.0535,29677.0
1782637260000,1.0535,1.0541,1.0515,1.0515,31264.0
1782637320000,1.0516,1.0525,1.0515,1.0522,3272.0
1782637380000,1.0522,1.0528,1.0513,1.0514,4926.0
1782637440000,1.0513,1.0516,1.0507,1.0516,7797.0
1782637500000,1.0516,1.0527,1.0515,1.0527,4107.0
1782637560000,1.0526,1.0527,1.0522,1.0522,6818.0
1782637620000,1.0526,1.0528,1.0525,1.0528,8629.0
1782637680000,1.0528,1.0532,1.0527,1.0531,1747.0
1782637740000,1.0532,1.0537,1.0528,1.0531,14173.0
1782637800000,1.0532,1.0539,1.0531,1.0536,1993.0
1782637860000,1.0535,1.0547,1.0529,1.0538,2451.0
1782637920000,1.0538,1.0539,1.0535,1.0535,1803.0
1782637980000,1.0535,1.0536,1.0528,1.0529,2450.0
1782638040000,1.0529,1.0529,1.052,1.0521,1540.0
1782638100000,1.052,1.0532,1.052,1.0528,1675.0
1782638160000,1.0528,1.053,1.0528,1.053,4686.0
1782638220000,1.0528,1.053,1.0528,1.053,2760.0
1782638280000,1.053,1.053,1.0528,1.0528,1681.0
1782638340000,1.053,1.0535,1.0523,1.0528,2599.0
1782638400000,1.053,1.053,1.0525,1.0525,3521.0
1782638460000,1.0526,1.0526,1.0522,1.0522,1515.0
1782638520000,1.0523,1.0541,1.0522,1.0535,10818.0
1782638580000,1.0531,1.0532,1.0531,1.0532,1471.0
1782638640000,1.0532,1.0537,1.0526,1.0537,1702.0
1782638700000,1.0536,1.0537,1.0524,1.0527,22718.0
1782638760000,1.0527,1.0532,1.0526,1.053,12373.0
1782638820000,1.053,1.0535,1.0522,1.0522,8705.0
1782638880000,1.0523,1.0528,1.0522,1.0526,2042.0
1782638940000,1.0525,1.0526,1.0525,1.0526,1501.0
1782639000000,1.0526,1.0531,1.0525,1.0525,2076.0
1782639060000,1.0523,1.0524,1.0523,1.0524,1482.0
1782639120000,1.0523,1.0524,1.0523,1.0524,1661.0
1782639180000,1.0523,1.0538,1.0523,1.0533,46142.0
1782639240000,1.0532,1.0538,1.0529,1.0533,11909.0
1782639300000,1.0532,1.0538,1.0532,1.0532,2628.0
1782639360000,1.0534,1.0535,1.052,1.0525,5776.0
1782639420000,1.0525,1.0525,1.0524,1.0524,1843.0
1782639480000,1.0525,1.0527,1.0524,1.0527,7628.0
1782639540000,1.0527,1.0527,1.0526,1.0526,2001.0
1782639600000,1.0526,1.0535,1.0526,1.0529,3597.0
1782639660000,1.0528,1.0532,1.0528,1.0532,2109.0
1782639720000,1.0531,1.054,1.0531,1.0536,2543.0
1782639780000,1.0537,1.0537,1.0536,1.0537,1539.0
1782639840000,1.0536,1.0541,1.0536,1.0538,9005.0
1782639900000,1.0538,1.0544,1.0536,1.0536,1501.0
1782639960000,1.0537,1.0537,1.0536,1.0536,1450.0
1782640020000,1.0536,1.0537,1.0526,1.0526,1675.0
1782640080000,1.0526,1.0527,1.0515,1.0516,6490.0
1782640140000,1.0515,1.0516,1.0513,1.0514,3825.0
1782640200000,1.0513,1.0514,1.0507,1.0507,43425.0
1782640260000,1.0508,1.0508,1.0507,1.0508,3571.0
1782640320000,1.0507,1.0511,1.05,1.0504,6964.0
1782640380000,1.0504,1.0506,1.0485,1.0492,32501.0
1782640440000,1.0492,1.0494,1.0491,1.0493,1884.0
1782640500000,1.0496,1.0497,1.0483,1.0483,33269.0
1782640560000,1.0484,1.0487,1.0484,1.0486,42474.0
1782640620000,1.0486,1.0493,1.0486,1.0492,3988.0
1782640680000,1.0493,1.0496,1.0492,1.0496,1919.0
1782640740000,1.0495,1.0496,1.0493,1.0493,7862.0
1782640800000,1.0493,1.0497,1.0493,1.0497,1780.0
1782640860000,1.0496,1.0497,1.0493,1.0493,1434.0
1782640920000,1.0494,1.0495,1.0491,1.0494,3650.0
1782640980000,1.0494,1.0498,1.0489,1.049,9824.0
1782641040000,1.049,1.049,1.0482,1.0483,23544.0
1782641100000,1.0482,1.0486,1.0476,1.048,3492.0
1782641160000,1.0479,1.0485,1.0477,1.0484,48473.0
1782641220000,1.0485,1.0485,1.0484,1.0484,3362.0
1782641280000,1.0484,1.0488,1.0484,1.0484,8196.0
1782641340000,1.0485,1.0485,1.0484,1.0485,1542.0
1782641400000,1.0485,1.0487,1.0484,1.0486,1604.0
1782641460000,1.0486,1.0492,1.0486,1.0491,67258.0
1782641520000,1.0492,1.0507,1.0491,1.0507,24075.0
1782641580000,1.0506,1.0507,1.0501,1.0502,13630.0
1782641640000,1.0502,1.0502,1.0487,1.0492,11965.0
1782641700000,1.0488,1.0498,1.0485,1.0497,3288.0
1782641760000,1.0497,1.0501,1.0494,1.0497,1651.0
1782641820000,1.0497,1.0497,1.0496,1.0497,2450.0
1782641880000,1.0496,1.0502,1.0496,1.0499,3240.0
1782641940000,1.0498,1.0499,1.0489,1.0489,2023.0
1782642000000,1.049,1.049,1.0487,1.0487,1721.0
1782642060000,1.0488,1.0488,1.0487,1.0488,2344.0
1782642120000,1.0488,1.0488,1.0487,1.0488,3921.0
1782642180000,1.0487,1.0488,1.0482,1.0482,17633.0
1782642240000,1.0482,1.0483,1.0477,1.0477,8391.0
1782642300000,1.0477,1.0478,1.0454,1.0457,103136.0
1782642360000,1.0457,1.0461,1.0456,1.0461,2699.0
1782642420000,1.046,1.0461,1.046,1.0461,3420.0
1782642480000,1.046,1.0461,1.046,1.046,1964.0
1782642540000,1.0461,1.0461,1.0458,1.0459,7258.0
1782642600000,1.0458,1.0466,1.0458,1.0464,6783.0
1782642660000,1.0465,1.0465,1.0461,1.0461,1800.0
1782642720000,1.0462,1.0465,1.0458,1.0464,2118.0
1782642780000,1.0464,1.0465,1.0462,1.0463,1444.0
1782642840000,1.0462,1.0465,1.0462,1.0465,9429.0
1782642900000,1.0465,1.0465,1.0464,1.0464,2027.0
1782642960000,1.0465,1.0465,1.0459,1.046,5749.0
1782643020000,1.0459,1.0464,1.0459,1.0463,1584.0
1782643080000,1.0463,1.0464,1.0456,1.0456,1760.0
1782643140000,1.0456,1.0464,1.0456,1.0464,1892.0
1782643200000,1.0464,1.047,1.0463,1.0467,6574.0
1782643260000,1.0468,1.0474,1.0467,1.0472,2038.0
1782643320000,1.0472,1.0472,1.0466,1.0472,1510.0
1782643380000,1.0471,1.0472,1.0471,1.0471,1857.0
1782643440000,1.0471,1.0472,1.0471,1.0471,60056.0
1782643500000,1.0472,1.0476,1.0471,1.0475,4633.0
1782643560000,1.0475,1.0476,1.047,1.0475,1890.0
1782643620000,1.0476,1.0478,1.047,1.0478,2319.0
1782643680000,1.0478,1.0478,1.0471,1.0477,1872.0
1782643740000,1.0476,1.048,1.0476,1.048,6983.0
1782643800000,1.048,1.0482,1.0477,1.0482,1125.0
1782643860000,1.0482,1.0486,1.0478,1.0479,16998.0
1782643920000,1.0478,1.0483,1.0478,1.0479,2038.0
1782643980000,1.0479,1.0482,1.0479,1.0482,12855.0
1782644040000,1.0481,1.0482,1.0478,1.0478,2009.0
1782644100000,1.0478,1.0482,1.0478,1.0482,8943.0
1782644160000,1.0482,1.0482,1.0481,1.0482,3011.0
1782644220000,1.0481,1.0482,1.0481,1.0482,1426.0
1782644280000,1.0482,1.0482,1.0478,1.0479,16274.0
1782644340000,1.0478,1.0479,1.0478,1.0478,2458.0
1782644400000,1.0479,1.0484,1.0478,1.0483,1941.0
1782644460000,1.0483,1.0484,1.0479,1.048,3060.0
1782644520000,1.0479,1.0508,1.0479,1.0507,18437.0
1782644580000,1.0506,1.0512,1.0497,1.0498,5733.0
1782644640000,1.0497,1.0498,1.0494,1.0495,1507.0
1782644700000,1.0494,1.0494,1.0488,1.0488,3176.0
1782644760000,1.0488,1.0489,1.0482,1.0485,3150.0
1782644820000,1.0485,1.0488,1.0484,1.0485,3480.0
1782644880000,1.0484,1.0485,1.0471,1.0477,10018.0
1782644940000,1.0473,1.048,1.0472,1.0473,4436.0
1782645000000,1.0473,1.0473,1.0466,1.0469,45846.0
1782645060000,1.047,1.048,1.0469,1.0473,13282.0
1782645120000,1.0473,1.0474,1.0473,1.0474,2570.0
1782645180000,1.0473,1.0474,1.0471,1.0472,11003.0
1782645240000,1.0472,1.0472,1.0468,1.0469,1988.0
1782645300000,1.0469,1.0469,1.0468,1.0468,3968.0
1782645360000,1.0468,1.0469,1.0464,1.0464,2312.0
1782645420000,1.0465,1.0468,1.0461,1.0467,2267.0
1782645480000,1.0468,1.0472,1.0467,1.0472,3929.0
1782645540000,1.0471,1.0477,1.0471,1.0476,2826.0
1782645600000,1.0476,1.0485,1.0476,1.0485,1929.0
1782645660000,1.0484,1.0496,1.0484,1.0495,2541.0
1782645720000,1.0495,1.051,1.0495,1.0508,11409.0
1782645780000,1.0509,1.0509,1.0502,1.0509,14451.0
1782645840000,1.0509,1.0509,1.0503,1.0503,11775.0
1782645900000,1.0503,1.0506,1.0503,1.0506,7823.0
1782645960000,1.0506,1.0522,1.0505,1.0518,33441.0
1782646020000,1.0518,1.0519,1.0513,1.0513,7948.0
1782646080000,1.0514,1.0514,1.0513,1.0514,2308.0
1782646140000,1.0514,1.0514,1.051,1.051,2613.0
1782646200000,1.0511,1.0511,1.0505,1.051,2132.0
1782646260000,1.0507,1.0513,1.0507,1.0513,17709.0
1782646320000,1.0512,1.0513,1.0509,1.0513,10068.0
1782646380000,1.0513,1.0513,1.0501,1.0504,4998.0
1782646440000,1.0504,1.0505,1.0496,1.0501,2217.0
1782646500000,1.0502,1.0502,1.05,1.0502,2489.0
1782646560000,1.0501,1.0502,1.0497,1.0497,3260.0
1782646620000,1.0497,1.0498,1.049,1.0498,3723.0
1782646680000,1.0497,1.0498,1.0497,1.0497,1725.0
1782646740000,1.0498,1.0506,1.0497,1.0506,2192.0
1782646800000,1.0506,1.0509,1.0505,1.0506,1518.0
1782646860000,1.0511,1.0516,1.051,1.0511,2475.0
1782646920000,1.051,1.0513,1.051,1.0512,1505.0
1782646980000,1.0512,1.0513,1.0512,1.0513,1703.0
1782647040000,1.0513,1.0517,1.0512,1.0517,14813.0
1782647100000,1.0517,1.0523,1.051,1.0519,11732.0
1782647160000,1.0518,1.0519,1.0504,1.0505,22387.0
1782647220000,1.0505,1.0507,1.0504,1.0507,3848.0
1782647280000,1.0506,1.0507,1.0502,1.0506,20393.0
1782647340000,1.0506,1.0509,1.0505,1.0506,6632.0
1782647400000,1.0506,1.0506,1.0502,1.0502,6607.0
1782647460000,1.0502,1.0505,1.0502,1.0504,1590.0
1782647520000,1.0505,1.0513,1.0504,1.0513,1955.0
1782647580000,1.0512,1.0524,1.0512,1.0524,6637.0
1782647640000,1.0523,1.0528,1.0522,1.0527,1986.0
1782647700000,1.0528,1.0528,1.0524,1.0525,6787.0
1782647760000,1.0525,1.0527,1.0522,1.0523,5283.0
1782647820000,1.0522,1.0523,1.0519,1.0521,5531.0
1782647880000,1.052,1.0521,1.0518,1.0518,2162.0
1782647940000,1.0518,1.0521,1.0518,1.0521,6151.0
1782648000000,1.0521,1.0526,1.0516,1.0517,3810.0
1782648060000,1.0517,1.0517,1.0508,1.0514,3492.0
1782648120000,1.0514,1.0514,1.0511,1.0512,1620.0
1782648180000,1.0511,1.0512,1.0508,1.0511,2939.0
1782648240000,1.0511,1.0521,1.0511,1.0515,4914.0
1782648300000,1.0514,1.0518,1.0514,1.0518,2942.0
1782648360000,1.0517,1.0523,1.0517,1.0522,1851.0
1782648420000,1.0522,1.0523,1.0517,1.0522,2058.0
1782648480000,1.0522,1.0526,1.0511,1.0511,1649.0
1782648540000,1.0512,1.0512,1.0508,1.0509,1520.0
1782648600000,1.0508,1.0509,1.0508,1.0509,2861.0
1782648660000,1.0509,1.0509,1.0505,1.0505,6126.0
1782648720000,1.0506,1.0506,1.05,1.05,2085.0
1782648780000,1.05,1.051,1.05,1.051,1886.0
1782648840000,1.0509,1.051,1.0505,1.0509,1934.0
1782648900000,1.0508,1.0513,1.0502,1.051,1702.0
1782648960000,1.0507,1.051,1.0501,1.0501,2944.0
1782649020000,1.0501,1.0502,1.0489,1.0489,2088.0
1782649080000,1.049,1.0492,1.0489,1.0492,2174.0
1782649140000,1.0491,1.0492,1.0484,1.0485,6327.0
1782649200000,1.0485,1.0489,1.0483,1.0489,25290.0
1782649260000,1.0488,1.0494,1.0488,1.0492,1965.0
1782649320000,1.0494,1.0497,1.0494,1.0496,1590.0
1782649380000,1.0496,1.0497,1.0496,1.0496,2100.0
1782649440000,1.0496,1.0501,1.0496,1.0501,1706.0
1782649500000,1.0501,1.0501,1.0495,1.0501,1722.0
1782649560000,1.05,1.0501,1.05,1.0501,1741.0
1782649620000,1.0501,1.0501,1.0495,1.0501,1706.0
1782649680000,1.0501,1.0523,1.05,1.0521,5773.0
1782649740000,1.052,1.0535,1.052,1.0533,29576.0
1782649800000,1.0532,1.0553,1.0527,1.0548,17004.0
1782649860000,1.0548,1.055,1.0534,1.0535,5884.0
1782649920000,1.0535,1.0535,1.0528,1.0529,6853.0
1782649980000,1.0529,1.053,1.0521,1.053,12385.0
1782650040000,1.0529,1.0534,1.0526,1.0531,2166.0
1782650100000,1.0527,1.0528,1.0515,1.052,30454.0
1782650160000,1.052,1.052,1.0515,1.0518,2347.0
1782650220000,1.0517,1.0518,1.0509,1.0511,14557.0
1782650280000,1.0511,1.0512,1.0507,1.0509,2089.0
1782650340000,1.0509,1.0509,1.0504,1.0509,36767.0
1782650400000,1.0509,1.0516,1.0508,1.0513,5357.0
1782650460000,1.0513,1.0513,1.05,1.05,2413.0
1782650520000,1.05,1.0504,1.0497,1.0504,5716.0
1782650580000,1.0504,1.0504,1.0503,1.0503,2161.0
1782650640000,1.0504,1.0508,1.0504,1.0507,2009.0
1782650700000,1.0508,1.0513,1.0504,1.0508,6304.0
1782650760000,1.0507,1.0511,1.0507,1.0508,1406.0
1782650820000,1.0508,1.0514,1.0507,1.0509,1982.0
1782650880000,1.0509,1.0512,1.0508,1.0508,1419.0
1782650940000,1.0509,1.0509,1.0508,1.0509,1534.0
1782651000000,1.0509,1.0509,1.0504,1.0506,1800.0
1782651060000,1.0507,1.0507,1.0506,1.0507,1906.0
1782651120000,1.0507,1.051,1.0506,1.051,5642.0
1782651180000,1.051,1.0516,1.0509,1.0515,2056.0
1782651240000,1.0516,1.0516,1.051,1.051,2972.0
1782651300000,1.0511,1.0511,1.051,1.051,2178.0
1782651360000,1.051,1.0515,1.0506,1.0515,2576.0
1782651420000,1.0515,1.0521,1.0509,1.0509,1582.0
1782651480000,1.051,1.0513,1.0509,1.0512,1631.0
1782651540000,1.0513,1.0513,1.0512,1.0512,1562.0
1782651600000,1.0513,1.0518,1.0512,1.0514,1668.0
1782651660000,1.0514,1.0514,1.0476,1.0477,35356.0
1782651720000,1.0477,1.0482,1.0466,1.0467,51410.0
1782651780000,1.0467,1.0472,1.0459,1.0462,20982.0
1782651840000,1.0462,1.0468,1.046,1.0461,5260.0
1782651900000,1.0461,1.0464,1.0456,1.0464,8924.0
1782651960000,1.0464,1.047,1.0463,1.0469,4950.0
1782652020000,1.0469,1.0477,1.0466,1.0466,88128.0
1782652080000,1.0466,1.047,1.0457,1.047,77212.0
1782652140000,1.0469,1.0472,1.0464,1.0471,3329.0
1782652200000,1.0472,1.0472,1.0468,1.0469,50594.0
1782652260000,1.0469,1.0475,1.0469,1.0475,1446.0
1782652320000,1.0475,1.0484,1.0475,1.0482,5032.0
1782652380000,1.0481,1.0488,1.0481,1.0488,1593.0
1782652440000,1.0488,1.0493,1.0487,1.049,1790.0
1782652500000,1.0489,1.0493,1.0484,1.0485,13886.0
1782652560000,1.0484,1.0485,1.0479,1.0485,1482.0
1782652620000,1.0485,1.0485,1.0482,1.0482,2022.0
1782652680000,1.0483,1.0483,1.0479,1.0479,1644.0
1782652740000,1.048,1.0485,1.0479,1.0483,4034.0
1782652800000,1.0484,1.0488,1.0479,1.0487,2473.0
1782652860000,1.0488,1.0491,1.0487,1.049,2456.0
1782652920000,1.0491,1.0491,1.0485,1.0491,1667.0
1782652980000,1.0487,1.0499,1.0487,1.0499,18137.0
1782653040000,1.0498,1.0499,1.0493,1.0494,1797.0
1782653100000,1.0495,1.0497,1.0492,1.0492,11500.0
1782653160000,1.0493,1.0493,1.0487,1.0487,2549.0
1782653220000,1.0488,1.0488,1.0483,1.0484,1595.0
1782653280000,1.0484,1.0488,1.0483,1.0488,2073.0
1782653340000,1.0487,1.0488,1.0487,1.0488,2347.0
1782653400000,1.0487,1.049,1.0484,1.0489,1972.0
1782653460000,1.049,1.051,1.0489,1.0503,4447.0
1782653520000,1.0502,1.0505,1.0499,1.0502,2996.0
1782653580000,1.0501,1.0508,1.0501,1.0507,2015.0
1782653640000,1.0506,1.0507,1.05,1.05,2137.0
1782653700000,1.0501,1.0504,1.0498,1.0498,1466.0
1782653760000,1.0499,1.0499,1.0498,1.0499,1368.0
1782653820000,1.0498,1.0506,1.0498,1.0506,2845.0
1782653880000,1.0505,1.0509,1.0505,1.0506,1759.0
1782653940000,1.0506,1.0507,1.0499,1.0501,6665.0
1782654000000,1.0501,1.0501,1.0489,1.049,8090.0
1782654060000,1.0491,1.0499,1.049,1.0499,3704.0
1782654120000,1.0499,1.0508,1.0498,1.0507,1745.0
1782654180000,1.0508,1.0512,1.0507,1.0511,3435.0
1782654240000,1.0512,1.0518,1.0511,1.0518,11647.0
1782654300000,1.0517,1.052,1.0509,1.0509,3193.0
1782654360000,1.0509,1.051,1.0509,1.0509,1502.0
1782654420000,1.051,1.051,1.0508,1.0509,1688.0
1782654480000,1.051,1.051,1.0502,1.0503,3370.0
1782654540000,1.0502,1.0507,1.05,1.0507,1658.0
1782654600000,1.0507,1.0507,1.0503,1.0506,1554.0
1782654660000,1.0506,1.0509,1.0505,1.0508,13713.0
1782654720000,1.0509,1.0509,1.05,1.0504,1960.0
1782654780000,1.0503,1.0504,1.05,1.0501,1537.0
1782654840000,1.05,1.0501,1.0498,1.0499,1785.0
1782654900000,1.0499,1.0499,1.0489,1.0491,2697.0
1782654960000,1.0489,1.0491,1.0489,1.0491,1521.0
1782655020000,1.0489,1.0491,1.0484,1.0486,3738.0
1782655080000,1.0487,1.0493,1.0486,1.0492,6143.0
1782655140000,1.0492,1.0493,1.0489,1.049,3480.0
1782655200000,1.0489,1.049,1.0489,1.049,2220.0
1782655260000,1.0489,1.0495,1.0489,1.0491,3396.0
1782655320000,1.049,1.0494,1.049,1.0491,1687.0
1782655380000,1.049,1.05,1.049,1.0496,3219.0
1782655440000,1.0496,1.0496,1.0492,1.0493,1510.0
1782655500000,1.0487,1.0488,1.048,1.0486,83914.0
1782655560000,1.0487,1.0499,1.0486,1.0498,7625.0
1782655620000,1.0498,1.0506,1.0498,1.0499,12545.0
1782655680000,1.0499,1.0505,1.0499,1.0504,1814.0
1782655740000,1.0504,1.0512,1.0504,1.0512,18048.0
1782655800000,1.0512,1.0517,1.051,1.0511,1663.0
1782655860000,1.051,1.0517,1.051,1.0515,3755.0
1782655920000,1.0515,1.0518,1.0512,1.0517,17726.0
1782655980000,1.0517,1.0518,1.0514,1.0517,1909.0
1782656040000,1.0517,1.0522,1.0517,1.0521,4383.0
1782656100000,1.0524,1.0527,1.0519,1.0521,11444.0
1782656160000,1.052,1.0525,1.052,1.0525,6514.0
1782656220000,1.0524,1.0525,1.0521,1.0521,1540.0
1782656280000,1.0517,1.0523,1.0517,1.0522,6434.0
1782656340000,1.0522,1.0569,1.0522,1.0562,40433.0
1782656400000,1.0563,1.0567,1.0545,1.0547,2443.0
1782656460000,1.0548,1.0555,1.0548,1.0552,11924.0
1782656520000,1.0551,1.0555,1.0533,1.0533,57279.0
1782656580000,1.0534,1.0543,1.0533,1.0542,1606.0
1782656640000,1.0543,1.0545,1.0537,1.0537,1495.0
1782656700000,1.0538,1.0538,1.0528,1.0528,6615.0
1782656760000,1.0528,1.0529,1.0519,1.0525,6088.0
1782656820000,1.0525,1.0535,1.0519,1.0535,4059.0
1782656880000,1.0534,1.0536,1.0531,1.0536,18073.0
1782656940000,1.0536,1.0536,1.0535,1.0535,2021.0
1782657000000,1.0535,1.0537,1.0532,1.0537,11941.0
1782657060000,1.0536,1.054,1.0534,1.0535,7434.0
1782657120000,1.0535,1.0535,1.0525,1.0529,5541.0
1782657180000,1.0529,1.0547,1.0529,1.0544,2941.0
1782657240000,1.0544,1.0548,1.0539,1.0539,1591.0
1782657300000,1.0539,1.0543,1.0539,1.0539,1976.0
1782657360000,1.054,1.0543,1.0539,1.0541,3032.0
1782657420000,1.054,1.0543,1.0531,1.0535,34301.0
1782657480000,1.0535,1.0536,1.0528,1.0533,1676.0
1782657540000,1.0533,1.0537,1.0532,1.0537,4355.0
1782657600000,1.0537,1.054,1.0536,1.0536,1833.0
1782657660000,1.0537,1.0537,1.0533,1.0534,1901.0
1782657720000,1.0533,1.0534,1.0531,1.0532,2141.0
1782657780000,1.0532,1.0532,1.0527,1.053,3750.0
1782657840000,1.053,1.0533,1.053,1.0532,1505.0
1782657900000,1.0532,1.0533,1.0521,1.0521,3125.0
1782657960000,1.0521,1.0528,1.0521,1.0527,2216.0
1782658020000,1.0528,1.0533,1.0527,1.0532,1936.0
1782658080000,1.0532,1.0552,1.0532,1.0538,27898.0
1782658140000,1.0539,1.0539,1.0536,1.0538,1493.0
1782658200000,1.0538,1.0539,1.0532,1.0534,1867.0
1782658260000,1.0534,1.054,1.0534,1.0539,3278.0
1782658320000,1.054,1.0543,1.0527,1.0527,4963.0
1782658380000,1.0528,1.053,1.0527,1.0529,4342.0
1782658440000,1.053,1.053,1.052,1.052,5458.0
1782658500000,1.052,1.0526,1.052,1.0526,2025.0
1782658560000,1.0526,1.0526,1.0525,1.0526,11363.0
1782658620000,1.0525,1.0526,1.0525,1.0526,10283.0
1782658680000,1.0525,1.0526,1.0521,1.0522,2338.0
1782658740000,1.0521,1.0522,1.0518,1.0519,2066.0
1782658800000,1.0519,1.0524,1.0518,1.0524,1794.0
1782658860000,1.0524,1.0524,1.0514,1.0523,8245.0
1782658920000,1.0523,1.0527,1.0522,1.0526,15268.0
1782658980000,1.0526,1.0542,1.0526,1.0536,1868.0
1782659040000,1.0535,1.0538,1.0535,1.0538,3003.0
1782659100000,1.0537,1.0549,1.0535,1.0536,6401.0
1782659160000,1.0536,1.0546,1.0531,1.0542,12968.0
1782659220000,1.0542,1.0548,1.0542,1.0542,5206.0
1782659280000,1.0542,1.0543,1.0524,1.0525,5910.0
1782659340000,1.052,1.052,1.0505,1.051,20472.0
1782659400000,1.0511,1.0515,1.0493,1.0505,17241.0
1782659460000,1.0506,1.0513,1.0505,1.0513,2835.0
1782659520000,1.0513,1.0519,1.0512,1.0517,23222.0
1782659580000,1.0516,1.0538,1.0516,1.0538,11122.0
1782659640000,1.0538,1.0541,1.053,1.0541,1644.0
1782659700000,1.054,1.0545,1.0527,1.0527,1681.0
1782659760000,1.0527,1.0533,1.0527,1.0533,5355.0
1782659820000,1.0536,1.0538,1.0534,1.0534,2687.0
1782659880000,1.0535,1.0552,1.0534,1.0542,3434.0
1782659940000,1.0543,1.0543,1.0536,1.0537,2044.0
1782660000000,1.0536,1.0537,1.0532,1.0533,1555.0
1782660060000,1.0533,1.0537,1.053,1.0532,3697.0
1782660120000,1.0532,1.0539,1.0531,1.0538,2878.0
1782660180000,1.0537,1.0538,1.0537,1.0537,6158.0
1782660240000,1.0538,1.0549,1.0537,1.0549,1666.0
1782660300000,1.0549,1.0551,1.0542,1.055,3355.0
1782660360000,1.0551,1.0553,1.0545,1.0549,3272.0
1782660420000,1.0549,1.0549,1.0548,1.0548,2112.0
1782660480000,1.0548,1.0549,1.054,1.0544,2611.0
1782660540000,1.0543,1.0544,1.0541,1.0541,3270.0
1782660600000,1.0541,1.0543,1.0532,1.0542,6218.0
1782660660000,1.0542,1.0551,1.0542,1.0546,5725.0
1782660720000,1.0546,1.056,1.0546,1.0556,111368.0
1782660780000,1.0556,1.057,1.0552,1.0559,12355.0
1782660840000,1.056,1.0569,1.0557,1.0567,19237.0
1782660900000,1.0567,1.0571,1.055,1.055,7471.0
1782660960000,1.0545,1.055,1.0523,1.0528,100944.0
1782661020000,1.0528,1.0532,1.0528,1.0529,2295.0
1782661080000,1.0529,1.0534,1.0527,1.0527,22962.0
1782661140000,1.0527,1.0538,1.0527,1.0535,1879.0
1782661200000,1.0535,1.0536,1.0535,1.0535,17250.0
1782661260000,1.0535,1.0536,1.0525,1.0525,2594.0
1782661320000,1.0525,1.0538,1.0525,1.0533,2517.0
1782661380000,1.0532,1.0533,1.0529,1.0532,2843.0
1782661440000,1.0532,1.0536,1.0532,1.0535,11264.0
1782661500000,1.0536,1.0536,1.0527,1.0528,2391.0
1782661560000,1.0527,1.0528,1.0517,1.0517,2159.0
1782661620000,1.0519,1.0523,1.0515,1.0515,8432.0
1782661680000,1.0515,1.0519,1.0515,1.0518,1651.0
1782661740000,1.0519,1.0519,1.0509,1.0513,2405.0
1782661800000,1.0515,1.0525,1.0511,1.0523,2288.0
1782661860000,1.0522,1.0528,1.0521,1.0522,7398.0
1782661920000,1.0522,1.053,1.0522,1.0526,2445.0
1782661980000,1.0525,1.0526,1.0502,1.0502,5788.0
1782662040000,1.0503,1.0507,1.0496,1.0507,5595.0
1782662100000,1.0508,1.0511,1.0504,1.0504,16625.0
1782662160000,1.0505,1.051,1.0504,1.051,16258.0
1782662220000,1.0509,1.0512,1.0509,1.0511,6720.0
1782662280000,1.0512,1.0515,1.0511,1.0514,4601.0
1782662340000,1.0515,1.0515,1.0514,1.0514,1643.0
1782662400000,1.0515,1.052,1.0514,1.0514,3237.0
1782662460000,1.0514,1.0515,1.0505,1.051,8820.0
1782662520000,1.0509,1.0523,1.0509,1.052,4188.0
1782662580000,1.0521,1.0521,1.0515,1.0516,2092.0
1782662640000,1.0516,1.0523,1.0515,1.0523,1961.0
1782662700000,1.0522,1.0526,1.0522,1.0526,1362.0
1782662760000,1.0525,1.0526,1.0518,1.0518,4494.0
1782662820000,1.0523,1.0523,1.0515,1.0518,1923.0
1782662880000,1.0517,1.0521,1.0515,1.0521,3025.0
1782662940000,1.052,1.0521,1.05,1.0504,4126.0
1782663000000,1.0504,1.0515,1.0502,1.0507,2856.0
1782663060000,1.0509,1.0514,1.0507,1.0514,3156.0
1782663120000,1.0513,1.0514,1.051,1.0511,3047.0
1782663180000,1.051,1.0514,1.0508,1.0508,1579.0
1782663240000,1.0509,1.0509,1.0506,1.0506,5359.0
1782663300000,1.0506,1.051,1.0501,1.0507,8554.0
1782663360000,1.0507,1.0518,1.0506,1.0517,1533.0
1782663420000,1.0518,1.0519,1.051,1.0517,7174.0
1782663480000,1.0517,1.052,1.0514,1.0514,1038.0
1782663540000,1.0514,1.052,1.0514,1.0519,2398.0
1782663600000,1.0518,1.0522,1.051,1.051,6879.0
1782663660000,1.051,1.0521,1.051,1.0521,2042.0
1782663720000,1.052,1.0521,1.051,1.051,2121.0
1782663780000,1.0509,1.0512,1.0508,1.0509,2859.0
1782663840000,1.0509,1.051,1.0501,1.0505,10228.0
1782663900000,1.0505,1.0505,1.0467,1.0475,30799.0
1782663960000,1.0473,1.0482,1.047,1.0477,38007.0
1782664020000,1.0477,1.0483,1.0472,1.0475,8725.0
1782664080000,1.0476,1.0482,1.0474,1.0479,7566.0
1782664140000,1.0479,1.0481,1.0478,1.048,5422.0
1782664200000,1.048,1.0486,1.0475,1.0476,2407.0
1782664260000,1.0475,1.0479,1.0469,1.0471,30048.0
1782664320000,1.047,1.0471,1.0463,1.0467,21201.0
1782664380000,1.0467,1.0471,1.0451,1.0456,34309.0
1782664440000,1.0455,1.0455,1.0437,1.0446,125935.0
1782664500000,1.0445,1.046,1.0443,1.0447,1892.0
1782664560000,1.0447,1.0448,1.0436,1.0446,18574.0
1782664620000,1.0446,1.0452,1.0441,1.0446,2418.0
1782664680000,1.0446,1.045,1.044,1.044,52614.0
1782664740000,1.0441,1.0449,1.044,1.0446,12904.0
1782664800000,1.0445,1.0449,1.0445,1.0446,2836.0
1782664860000,1.0447,1.046,1.0447,1.0458,5892.0
1782664920000,1.0457,1.046,1.0447,1.045,4616.0
1782664980000,1.0451,1.0451,1.0437,1.0437,9756.0
1782665040000,1.0438,1.0446,1.0437,1.0441,4431.0
1782665100000,1.0441,1.0442,1.0435,1.0441,21340.0
1782665160000,1.044,1.0444,1.044,1.0443,2790.0
1782665220000,1.0444,1.0452,1.0443,1.0452,3734.0
1782665280000,1.0451,1.0464,1.0451,1.0464,6861.0
1782665340000,1.0464,1.0464,1.0454,1.0456,2069.0
1782665400000,1.0456,1.0461,1.0453,1.0454,2516.0
1782665460000,1.0453,1.0459,1.0453,1.0459,1428.0
1782665520000,1.0457,1.046,1.045,1.0451,15239.0
1782665580000,1.0453,1.0457,1.0453,1.0456,5390.0
1782665640000,1.0457,1.046,1.0455,1.0459,2042.0
1782665700000,1.0458,1.0462,1.0458,1.0458,3295.0
1782665760000,1.0458,1.0461,1.0458,1.0459,11693.0
1782665820000,1.0459,1.0465,1.0458,1.0465,12297.0
1782665880000,1.0465,1.0467,1.0464,1.0464,11594.0
1782665940000,1.0465,1.0465,1.0464,1.0464,3737.0
1782666000000,1.0465,1.047,1.0461,1.047,2146.0
1782666060000,1.0469,1.0474,1.0462,1.0462,1458.0
1782666120000,1.0462,1.0467,1.0459,1.0462,2973.0
1782666180000,1.0463,1.0469,1.0462,1.0469,2343.0
1782666240000,1.0468,1.0469,1.0466,1.0467,17764.0
1782666300000,1.046,1.0461,1.0458,1.0459,1741.0
1782666360000,1.0458,1.048,1.0458,1.0479,1617.0
1782666420000,1.048,1.0492,1.0478,1.0482,148225.0
1782666480000,1.0482,1.0482,1.047,1.047,3213.0
1782666540000,1.047,1.047,1.0464,1.0467,2037.0
1782666600000,1.0468,1.047,1.0457,1.0457,2642.0
1782666660000,1.0457,1.0457,1.0439,1.0441,8832.0
1782666720000,1.0442,1.0447,1.0426,1.0441,45525.0
1782666780000,1.0442,1.0449,1.0442,1.0448,3095.0
1782666840000,1.0449,1.0449,1.0445,1.0446,1806.0
1782666900000,1.0446,1.0446,1.0441,1.0445,1728.0
1782666960000,1.0445,1.045,1.0445,1.0449,2068.0
1782667020000,1.0449,1.045,1.0441,1.0441,1369.0
1782667080000,1.0442,1.0442,1.0429,1.0433,4316.0
1782667140000,1.0434,1.0436,1.0431,1.0435,6680.0
1782667200000,1.0436,1.0442,1.0435,1.0441,1602.0
1782667260000,1.0441,1.0442,1.0432,1.0436,3530.0
1782667320000,1.0437,1.0439,1.0436,1.0439,5117.0
1782667380000,1.0438,1.0442,1.0436,1.0442,6176.0
1782667440000,1.0442,1.0442,1.0441,1.0441,5958.0
1782667500000,1.0441,1.0442,1.0435,1.0436,5476.0
1782667560000,1.0436,1.0436,1.0427,1.0433,2489.0
1782667620000,1.0432,1.044,1.0432,1.044,4357.0
1782667680000,1.044,1.044,1.0437,1.0439,2645.0
1782667740000,1.0439,1.044,1.0437,1.0438,4823.0
1782667800000,1.0438,1.0441,1.0433,1.0441,2116.0
1782667860000,1.0441,1.0444,1.0437,1.0439,4324.0
1782667920000,1.044,1.0459,1.0439,1.0452,3735.0
1782667980000,1.0452,1.0454,1.0441,1.0447,1824.0
1782668040000,1.0447,1.0447,1.0432,1.0435,9120.0
1782668100000,1.0434,1.0435,1.0411,1.0416,47728.0
1782668160000,1.0415,1.0419,1.0409,1.0409,32113.0
1782668220000,1.0411,1.0417,1.0403,1.0408,43791.0
1782668280000,1.0408,1.0418,1.0408,1.0417,5977.0
1782668340000,1.0417,1.0424,1.0413,1.0424,3476.0
1782668400000,1.0424,1.0444,1.0423,1.0438,10468.0
1782668460000,1.0438,1.0442,1.0431,1.0439,10396.0
1782668520000,1.044,1.0442,1.0436,1.0442,1879.0
1782668580000,1.0442,1.0446,1.0442,1.0445,3379.0
1782668640000,1.0446,1.045,1.0445,1.0445,4311.0
1782668700000,1.0445,1.0448,1.0445,1.0448,3687.0
1782668760000,1.0448,1.0452,1.0447,1.0452,1875.0
1782668820000,1.0452,1.0455,1.0448,1.0453,15022.0
1782668880000,1.0452,1.0453,1.0445,1.0445,4114.0
1782668940000,1.0446,1.0448,1.0442,1.0447,3299.0
1782669000000,1.0448,1.0455,1.0447,1.0449,3970.0
1782669060000,1.0449,1.0455,1.0449,1.0453,2720.0
1782669120000,1.0453,1.0457,1.0447,1.0456,1563.0
1782669180000,1.0457,1.047,1.0456,1.0464,23921.0
1782669240000,1.0462,1.0465,1.046,1.0461,1518.0
1782669300000,1.0461,1.0471,1.0461,1.0471,27787.0
1782669360000,1.0471,1.0471,1.047,1.0471,3190.0
1782669420000,1.0471,1.0474,1.0468,1.0474,10879.0
1782669480000,1.0474,1.0476,1.0466,1.0467,2017.0
1782669540000,1.0467,1.0467,1.0461,1.0467,12039.0
1782669600000,1.0467,1.0468,1.0462,1.0463,2646.0
1782669660000,1.0463,1.0474,1.0463,1.0473,4078.0
1782669720000,1.0473,1.0475,1.0465,1.0473,1453.0
1782669780000,1.0473,1.048,1.0467,1.0467,5900.0
1782669840000,1.0467,1.0471,1.0466,1.0466,1804.0
1782669900000,1.0467,1.0471,1.0466,1.0467,7290.0
1782669960000,1.0463,1.0464,1.046,1.0463,1775.0
1782670020000,1.0463,1.0464,1.0461,1.0462,8063.0
1782670080000,1.0464,1.047,1.046,1.047,20395.0
1782670140000,1.0469,1.0473,1.0464,1.0466,25018.0
1782670200000,1.0466,1.0466,1.0463,1.0463,1632.0
1782670260000,1.0463,1.0464,1.046,1.046,3876.0
1782670320000,1.046,1.0461,1.046,1.046,2920.0
1782670380000,1.0461,1.0461,1.0455,1.0455,1996.0
1782670440000,1.0455,1.0456,1.0455,1.0455,1687.0
1782670500000,1.0455,1.0456,1.0451,1.0454,2166.0
1782670560000,1.0454,1.0454,1.0447,1.0448,3431.0
1782670620000,1.0448,1.0449,1.0445,1.0448,2669.0
1782670680000,1.0448,1.0452,1.0443,1.0451,3797.0
1782670740000,1.0452,1.0454,1.0448,1.045,1536.0
1782670800000,1.045,1.0451,1.0441,1.0447,2346.0
1782670860000,1.0447,1.0452,1.0446,1.0452,1503.0
1782670920000,1.0451,1.0454,1.045,1.0454,2255.0
1782670980000,1.0454,1.0454,1.0451,1.0452,2467.0
1782671040000,1.0451,1.0455,1.045,1.045,1586.0
1782671100000,1.0451,1.0456,1.045,1.0456,2195.0
1782671160000,1.0456,1.0456,1.045,1.045,8894.0
1782671220000,1.045,1.0451,1.0435,1.0441,21220.0
1782671280000,1.0441,1.0441,1.0436,1.0436,1437.0
1782671340000,1.0437,1.0437,1.0432,1.0436,5833.0
1782671400000,1.0435,1.0441,1.0435,1.044,1808.0
1782671460000,1.044,1.0441,1.044,1.0441,2349.0
1782671520000,1.044,1.0447,1.044,1.0446,2517.0
1782671580000,1.0446,1.0447,1.0433,1.0436,7737.0
1782671640000,1.0436,1.0436,1.0432,1.0432,3521.0
1782671700000,1.0432,1.0433,1.0432,1.0433,3807.0
1782671760000,1.0433,1.0436,1.0425,1.043,1735.0
1782671820000,1.0429,1.0436,1.0429,1.0435,3149.0
1782671880000,1.0435,1.0442,1.0435,1.0439,2424.0
1782671940000,1.0439,1.0439,1.0435,1.0435,3555.0
1782672000000,1.0435,1.0442,1.0435,1.0442,2545.0
1782672060000,1.0442,1.0454,1.0441,1.0454,8622.0
1782672120000,1.0454,1.0454,1.0448,1.0453,1781.0
1782672180000,1.0454,1.0461,1.0453,1.0454,7112.0
1782672240000,1.0453,1.0454,1.0449,1.0449,1747.0
1782672300000,1.045,1.045,1.0441,1.0446,1739.0
1782672360000,1.0449,1.0449,1.0448,1.0448,2736.0
1782672420000,1.0449,1.0457,1.0449,1.0452,2512.0
1782672480000,1.0452,1.0452,1.0447,1.0448,2043.0
1782672540000,1.0447,1.0448,1.0436,1.0439,2298.0
1782672600000,1.0439,1.045,1.0439,1.0449,2790.0
1782672660000,1.0449,1.0453,1.0449,1.0449,7318.0
1782672720000,1.045,1.0458,1.0449,1.0457,1513.0
1782672780000,1.046,1.0463,1.0457,1.0457,2749.0
1782672840000,1.0458,1.0458,1.0457,1.0458,1810.0
1782672900000,1.0453,1.0457,1.0453,1.0456,1827.0
1782672960000,1.0457,1.0463,1.0456,1.0463,1568.0
1782673020000,1.0462,1.047,1.0462,1.0469,5717.0
1782673080000,1.047,1.047,1.0462,1.0463,2211.0
1782673140000,1.0462,1.0465,1.046,1.0461,4556.0
1782673200000,1.0466,1.0466,1.0457,1.0458,1540.0
1782673260000,1.0457,1.0458,1.0448,1.0449,9973.0
1782673320000,1.0449,1.0455,1.0437,1.0437,21581.0
1782673380000,1.0438,1.044,1.0431,1.0433,7594.0
1782673440000,1.0434,1.0434,1.0427,1.0431,2779.0
1782673500000,1.0431,1.0437,1.043,1.0436,3722.0
1782673560000,1.0436,1.0437,1.0436,1.0437,1952.0
1782673620000,1.0436,1.0442,1.0436,1.0441,1864.0
1782673680000,1.0442,1.0442,1.0437,1.0441,6924.0
1782673740000,1.0441,1.0449,1.0439,1.0443,7670.0
1782673800000,1.0443,1.0444,1.0439,1.044,4339.0
1782673860000,1.044,1.044,1.0439,1.0439,2051.0
1782673920000,1.044,1.044,1.0435,1.0435,1836.0
1782673980000,1.0436,1.0439,1.0435,1.0438,6135.0
1782674040000,1.0439,1.0439,1.0438,1.0438,4263.0
1782674100000,1.0439,1.0443,1.0432,1.044,2011.0
1782674160000,1.0441,1.0443,1.0438,1.0439,4932.0
1782674220000,1.0438,1.0439,1.0428,1.0434,3243.0
1782674280000,1.0433,1.0437,1.0433,1.0437,3899.0
1782674340000,1.0436,1.044,1.0431,1.0437,2681.0
1782674400000,1.0437,1.0438,1.0429,1.0429,2145.0
1782674460000,1.0429,1.0443,1.0429,1.0443,3333.0
1782674520000,1.0443,1.0443,1.0435,1.0439,1655.0
1782674580000,1.0438,1.0445,1.0438,1.0443,2474.0
1782674640000,1.0444,1.0449,1.0441,1.0441,4275.0
1782674700000,1.0442,1.0446,1.0441,1.0445,1457.0
1782674760000,1.0446,1.0453,1.0445,1.0451,2768.0
1782674820000,1.0451,1.0454,1.045,1.0453,1490.0
1782674880000,1.0454,1.046,1.0448,1.0453,2272.0
1782674940000,1.0453,1.0456,1.0453,1.0453,2547.0
1782675000000,1.0453,1.046,1.0448,1.0456,6834.0
1782675060000,1.0457,1.0476,1.0456,1.0476,6353.0
1782675120000,1.0476,1.0488,1.0475,1.0475,5190.0
1782675180000,1.0475,1.0476,1.0471,1.0472,4383.0
1782675240000,1.0472,1.0472,1.0468,1.0468,12493.0
1782675300000,1.0468,1.0469,1.0446,1.0447,3960.0
1782675360000,1.0447,1.0451,1.0446,1.0449,6458.0
1782675420000,1.045,1.045,1.0437,1.0442,3064.0
1782675480000,1.0442,1.0443,1.0437,1.0437,1859.0
1782675540000,1.0438,1.0446,1.0437,1.0442,2365.0
1782675600000,1.0442,1.0443,1.044,1.0441,1997.0
1782675660000,1.0441,1.0443,1.0437,1.0437,2326.0
1782675720000,1.0437,1.0438,1.0436,1.0437,8528.0
1782675780000,1.0436,1.0437,1.0427,1.0433,491779.0
1782675840000,1.0432,1.0435,1.0432,1.0434,5524.0
1782675900000,1.0434,1.044,1.042,1.042,14131.0
1782675960000,1.0421,1.0426,1.0413,1.0414,14097.0
1782676020000,1.0415,1.0419,1.0388,1.0394,81469.0
1782676080000,1.0395,1.0404,1.0391,1.0402,22808.0
1782676140000,1.0402,1.0418,1.0401,1.0412,6697.0
1782676200000,1.0412,1.0413,1.041,1.0412,7145.0
1782676260000,1.0412,1.0421,1.0408,1.0415,12045.0
1782676320000,1.0416,1.0418,1.0412,1.0414,4030.0
1782676380000,1.0414,1.0425,1.0409,1.0424,2925.0
1782676440000,1.0424,1.0439,1.0424,1.0439,5622.0
1782676500000,1.0435,1.0441,1.0426,1.0426,9848.0
1782676560000,1.0427,1.0432,1.0426,1.0431,6433.0
1782676620000,1.0431,1.0435,1.0428,1.0432,1887.0
1782676680000,1.0432,1.044,1.0431,1.044,2935.0
1782676740000,1.044,1.0444,1.0436,1.0439,2099.0
1782676800000,1.0439,1.044,1.0431,1.0434,2623.0
1782676860000,1.0435,1.0438,1.0429,1.0438,5624.0
1782676920000,1.0437,1.0448,1.0431,1.0442,2431.0
1782676980000,1.0443,1.0446,1.044,1.0444,2266.0
1782677040000,1.0443,1.0444,1.0438,1.0442,2610.0
1782677100000,1.0441,1.0444,1.0438,1.0443,1598.0
1782677160000,1.0443,1.0444,1.0443,1.0444,1912.0
1782677220000,1.0443,1.0444,1.044,1.044,1731.0
1782677280000,1.0441,1.0441,1.0436,1.0436,4988.0
1782677340000,1.0436,1.0439,1.0436,1.0436,3614.0
1782677400000,1.0437,1.0447,1.0436,1.0447,1774.0
1782677460000,1.0447,1.0448,1.0443,1.0444,2056.0
1782677520000,1.0445,1.045,1.0444,1.045,1986.0
1782677580000,1.045,1.0474,1.0449,1.0465,544713.0
1782677640000,1.0465,1.0476,1.0465,1.0473,4242.0
1782677700000,1.0472,1.0493,1.0462,1.0474,38699.0
1782677760000,1.0474,1.0479,1.0473,1.0475,19810.0
1782677820000,1.0475,1.0476,1.047,1.0476,4011.0
1782677880000,1.0476,1.0476,1.0471,1.0471,3864.0
1782677940000,1.0472,1.0472,1.0471,1.0472,1790.0
1782678000000,1.0472,1.0472,1.0466,1.0471,2932.0
1782678060000,1.0471,1.0479,1.047,1.0471,3103.0
1782678120000,1.047,1.0473,1.0467,1.0472,539644.0
1782678180000,1.0473,1.0482,1.0471,1.0482,8170.0
1782678240000,1.0481,1.0485,1.0477,1.0479,15610.0
1782678300000,1.0479,1.0485,1.0471,1.0472,5652.0
1782678360000,1.0471,1.0472,1.0464,1.0465,7640.0
1782678420000,1.0464,1.0468,1.0464,1.0466,3654.0
1782678480000,1.0466,1.0472,1.0466,1.0471,1876.0
1782678540000,1.0472,1.0472,1.0466,1.047,1683.0
1782678600000,1.047,1.0474,1.047,1.0474,2377.0
1782678660000,1.0473,1.0474,1.0469,1.0471,5723.0
1782678720000,1.0469,1.047,1.0469,1.0469,4090.0
1782678780000,1.0469,1.0476,1.0469,1.0476,2750.0
1782678840000,1.0475,1.0476,1.0473,1.0474,2142.0
1782678900000,1.0473,1.048,1.0471,1.0472,23243.0
1782678960000,1.0472,1.0479,1.047,1.0478,3562.0
1782679020000,1.0478,1.0478,1.0471,1.0472,1377.0
1782679080000,1.0471,1.0472,1.0469,1.0469,2238.0
1782679140000,1.0469,1.047,1.0465,1.0466,15169.0
1782679200000,1.0467,1.0467,1.0464,1.0465,15361.0
1782679260000,1.0464,1.0465,1.0464,1.0465,3153.0
1782679320000,1.0464,1.0465,1.0461,1.0464,6941.0
1782679380000,1.0464,1.0465,1.046,1.0461,1491.0
1782679440000,1.0461,1.0462,1.0459,1.0462,2830.0
1782679500000,1.0461,1.0462,1.0461,1.0462,2439.0
1782679560000,1.0462,1.0465,1.0456,1.0464,1402.0
1782679620000,1.0464,1.0473,1.0464,1.0472,2364.0
1782679680000,1.0473,1.0479,1.0467,1.0474,2462.0
1782679740000,1.0474,1.0474,1.047,1.0471,1591.0
1782679800000,1.047,1.0471,1.0462,1.0464,16852.0
1782679860000,1.0463,1.0464,1.0456,1.0457,3111.0
1782679920000,1.0457,1.0459,1.0456,1.0458,1717.0
1782679980000,1.0459,1.0459,1.0456,1.0458,1729.0
1782680040000,1.0459,1.0459,1.0458,1.0459,2784.0
1782680100000,1.0458,1.0462,1.0458,1.0462,1633.0
1782680160000,1.0461,1.0464,1.0461,1.0464,1752.0
1782680220000,1.0464,1.0464,1.0463,1.0464,1598.0
1782680280000,1.0464,1.0464,1.0463,1.0463,1811.0
1782680340000,1.0464,1.0464,1.0461,1.0462,1630.0
1782680400000,1.0462,1.0462,1.0457,1.0457,1856.0
1782680460000,1.0458,1.0458,1.0453,1.0454,1514.0
1782680520000,1.0454,1.0454,1.0453,1.0454,1469.0
1782680580000,1.0453,1.0454,1.045,1.045,1571.0
1782680640000,1.0451,1.0453,1.0447,1.0449,3793.0
1782680700000,1.045,1.0456,1.0447,1.0456,2348.0
1782680760000,1.0456,1.0458,1.0452,1.0457,1572.0
1782680820000,1.0457,1.0458,1.0453,1.0454,2027.0
1782680880000,1.0453,1.0456,1.0453,1.0456,1926.0
1782680940000,1.0455,1.0456,1.0451,1.0451,1814.0
1782681000000,1.0451,1.0452,1.0451,1.0451,2423.0
1782681060000,1.0452,1.0452,1.0444,1.0445,1667.0
1782681120000,1.0445,1.0445,1.0444,1.0444,1775.0
1782681180000,1.0445,1.0446,1.043,1.0446,7088.0
1782681240000,1.0445,1.0446,1.0442,1.0444,1598.0
1782681300000,1.0444,1.0445,1.0437,1.0438,1646.0
1782681360000,1.0437,1.0443,1.0436,1.0438,34326.0
1782681420000,1.0437,1.0438,1.0437,1.0437,1715.0
1782681480000,1.0438,1.0441,1.0432,1.0435,2963.0
1782681540000,1.0436,1.0443,1.0435,1.0442,1643.0
1782681600000,1.0442,1.0443,1.0442,1.0443,2503.0
1782681660000,1.0442,1.0443,1.0442,1.0443,3995.0
1782681720000,1.0443,1.0443,1.043,1.0433,1317.0
1782681780000,1.0432,1.044,1.0432,1.044,1595.0
1782681840000,1.044,1.044,1.0439,1.044,3450.0
1782681900000,1.0439,1.044,1.0416,1.0424,4116.0
1782681960000,1.0424,1.0427,1.0424,1.0427,1616.0
1782682020000,1.0426,1.0431,1.0424,1.043,7113.0
1782682080000,1.0431,1.0433,1.043,1.0433,3240.0
1782682140000,1.0433,1.0433,1.043,1.0431,6356.0
1782682200000,1.0431,1.0433,1.0425,1.0432,1708.0
1782682260000,1.0433,1.044,1.0432,1.0438,1790.0
1782682320000,1.0438,1.0438,1.0433,1.0433,3358.0
1782682380000,1.0434,1.0434,1.0433,1.0434,1764.0
1782682440000,1.0434,1.0434,1.0433,1.0434,1562.0
1782682500000,1.0433,1.0448,1.0433,1.0447,2775.0
1782682560000,1.0448,1.0448,1.0447,1.0447,2693.0
1782682620000,1.0447,1.0451,1.0447,1.0448,2774.0
1782682680000,1.0448,1.0448,1.0434,1.0434,26969.0
1782682740000,1.0434,1.0441,1.0434,1.0441,1531.0
1782682800000,1.0441,1.0441,1.0437,1.0441,4716.0
1782682860000,1.044,1.0445,1.044,1.0444,2378.0
1782682920000,1.0444,1.0448,1.0444,1.0445,62187.0
1782682980000,1.0445,1.0448,1.0445,1.0447,1501.0
1782683040000,1.0447,1.0448,1.0441,1.0441,8483.0
1782683100000,1.0441,1.0442,1.0437,1.0438,2226.0
1782683160000,1.0437,1.0438,1.0412,1.0413,64839.0
1782683220000,1.0413,1.0413,1.0402,1.0406,6739.0
1782683280000,1.0406,1.0408,1.0401,1.0405,1697.0
1782683340000,1.0405,1.0408,1.0374,1.0377,40027.0
1782683400000,1.0378,1.0398,1.0377,1.0392,6920.0
1782683460000,1.0392,1.0393,1.0386,1.0391,2206.0
1782683520000,1.039,1.0397,1.039,1.0396,15925.0
1782683580000,1.0396,1.0397,1.0381,1.0382,3907.0
1782683640000,1.0382,1.04,1.0381,1.0397,8512.0
1782683700000,1.0396,1.0399,1.0381,1.0381,14139.0
1782683760000,1.0381,1.0388,1.0381,1.0384,3704.0
1782683820000,1.0384,1.0393,1.0381,1.0393,6746.0
1782683880000,1.0393,1.0395,1.0392,1.0392,6022.0
1782683940000,1.0392,1.0404,1.0392,1.0402,2459.0
1782684000000,1.0401,1.0449,1.0401,1.0448,26574.0
1782684060000,1.0448,1.0449,1.0436,1.0438,14734.0
1782684120000,1.0439,1.0479,1.0438,1.0472,29211.0
1782684180000,1.0477,1.0519,1.0475,1.0502,39617.0
1782684240000,1.0497,1.0509,1.0489,1.0494,14777.0
1782684300000,1.0493,1.0508,1.0483,1.0491,45425.0
1782684360000,1.049,1.0494,1.0482,1.0493,1965.0
1782684420000,1.0492,1.0513,1.0484,1.0502,1886.0
1782684480000,1.0504,1.0504,1.0468,1.0468,32311.0
1782684540000,1.047,1.0477,1.0467,1.0468,7769.0
1782684600000,1.0468,1.0469,1.046,1.0462,10857.0
1782684660000,1.0462,1.0463,1.0452,1.0453,5147.0
1782684720000,1.0454,1.0466,1.0453,1.0456,1825.0
1782684780000,1.0456,1.0467,1.0456,1.046,7851.0
1782684840000,1.0459,1.0469,1.0457,1.0458,6908.0
1782684900000,1.0457,1.0458,1.0447,1.045,2755.0
1782684960000,1.045,1.0451,1.0447,1.0451,1576.0
1782685020000,1.045,1.0456,1.045,1.0456,5605.0
1782685080000,1.0456,1.0456,1.0407,1.0407,27508.0
1782685140000,1.0407,1.0409,1.0385,1.0401,16693.0
1782685200000,1.0401,1.0407,1.0388,1.0388,14721.0
1782685260000,1.0388,1.0416,1.0388,1.0406,10570.0
1782685320000,1.0407,1.0432,1.0406,1.0427,2387.0
1782685380000,1.0428,1.0452,1.0427,1.0434,9876.0
1782685440000,1.0432,1.0439,1.0423,1.0435,13907.0
1782685500000,1.0434,1.0435,1.0421,1.0421,5071.0
1782685560000,1.0422,1.0429,1.0414,1.0414,2223.0
1782685620000,1.0415,1.0419,1.0401,1.0416,10849.0
1782685680000,1.0416,1.043,1.0415,1.0424,3813.0
1782685740000,1.0423,1.0428,1.0423,1.0426,1755.0
1782685800000,1.0426,1.0451,1.0426,1.0435,1978.0
1782685860000,1.0434,1.0441,1.0433,1.0433,2623.0
1782685920000,1.0434,1.0438,1.0428,1.0428,6483.0
1782685980000,1.0429,1.0433,1.042,1.042,2427.0
1782686040000,1.042,1.042,1.0402,1.0411,2145.0
1782686100000,1.041,1.0418,1.0405,1.0418,1976.0
1782686160000,1.0418,1.0426,1.0417,1.0422,2436.0
1782686220000,1.042,1.0421,1.0404,1.0411,153445.0
1782686280000,1.0411,1.0421,1.0404,1.0417,9387.0
1782686340000,1.0417,1.0422,1.0414,1.0422,1801.0
1782686400000,1.0422,1.0422,1.0409,1.0413,2261.0
1782686460000,1.0417,1.0417,1.0394,1.0394,189749.0
1782686520000,1.0394,1.0399,1.0394,1.0398,51206.0
1782686580000,1.0399,1.0399,1.039,1.0393,9885.0
1782686640000,1.0394,1.0397,1.0385,1.039,4715.0
1782686700000,1.0391,1.0395,1.0389,1.039,54030.0
1782686760000,1.039,1.0396,1.0389,1.0395,4867.0
1782686820000,1.0395,1.0405,1.0384,1.0385,15447.0
1782686880000,1.0385,1.0398,1.0384,1.0389,3298.0
1782686940000,1.0389,1.0401,1.0389,1.0398,43115.0
1782687000000,1.0398,1.0399,1.0386,1.0393,46969.0
1782687060000,1.0393,1.0393,1.0385,1.0387,1395.0
1782687120000,1.0388,1.0388,1.0378,1.0384,6660.0
1782687180000,1.0383,1.0384,1.0335,1.0342,116407.0
1782687240000,1.0345,1.0349,1.0335,1.0344,24602.0
1782687300000,1.0344,1.0369,1.0344,1.0363,175952.0
1782687360000,1.0363,1.0374,1.0362,1.0369,4330.0
1782687420000,1.0369,1.0374,1.0368,1.0369,11627.0
1782687480000,1.0369,1.0374,1.0366,1.0369,1671.0
1782687540000,1.037,1.0381,1.0366,1.0375,2037.0
1782687600000,1.037,1.0378,1.0364,1.0378,22786.0
1782687660000,1.0377,1.0427,1.0377,1.0411,205496.0
1782687720000,1.0417,1.0423,1.0406,1.0409,8817.0
1782687780000,1.0403,1.0419,1.0396,1.0409,2641.0
1782687840000,1.0409,1.0409,1.0399,1.04,1839.0
1782687900000,1.04,1.0408,1.0396,1.0397,3850.0
1782687960000,1.0397,1.0414,1.0396,1.0409,2358.0
1782688020000,1.041,1.0425,1.0409,1.0422,29469.0
1782688080000,1.0422,1.0425,1.0418,1.0424,4290.0
1782688140000,1.042,1.0428,1.042,1.0426,4798.0
1782688200000,1.0425,1.0431,1.0422,1.0423,10552.0
1782688260000,1.0422,1.0429,1.0422,1.0429,3474.0
1782688320000,1.0428,1.0438,1.0428,1.0432,25392.0
1782688380000,1.0433,1.0436,1.042,1.0421,13222.0
1782688440000,1.0424,1.0425,1.041,1.0413,2025.0
1782688500000,1.0413,1.0416,1.041,1.041,1582.0
1782688560000,1.0411,1.0411,1.0405,1.0408,2162.0
1782688620000,1.0408,1.0416,1.0405,1.0416,1378.0
1782688680000,1.0416,1.0442,1.0415,1.0441,51664.0
1782688740000,1.0438,1.044,1.0427,1.0431,27020.0
1782688800000,1.043,1.0439,1.0422,1.0422,2031.0
1782688860000,1.0423,1.043,1.0414,1.0414,226911.0
1782688920000,1.0415,1.0426,1.0414,1.0425,2651.0
1782688980000,1.0425,1.044,1.0425,1.0437,5631.0
1782689040000,1.0436,1.0439,1.0428,1.0434,5078.0
1782689100000,1.0435,1.0439,1.043,1.0435,1774.0
1782689160000,1.0436,1.0439,1.0433,1.0436,2141.0
1782689220000,1.0437,1.044,1.0436,1.0439,1542.0
1782689280000,1.0438,1.0457,1.0438,1.0452,15338.0
1782689340000,1.0452,1.046,1.0452,1.0454,18817.0
1782689400000,1.0455,1.0462,1.045,1.0458,9496.0
1782689460000,1.0459,1.0481,1.0458,1.0471,7696.0
1782689520000,1.0471,1.048,1.0467,1.0474,8708.0
1782689580000,1.0475,1.0478,1.047,1.047,3176.0
1782689640000,1.047,1.0481,1.0465,1.048,2381.0
1782689700000,1.048,1.0484,1.0475,1.0482,5135.0
1782689760000,1.0483,1.0501,1.0482,1.0496,30117.0
1782689820000,1.0496,1.0496,1.0488,1.0495,8488.0
1782689880000,1.0495,1.0521,1.0494,1.0513,16922.0
1782689940000,1.0512,1.0514,1.0503,1.0514,39967.0
1782690000000,1.0513,1.0514,1.0508,1.0508,14203.0
1782690060000,1.0508,1.0514,1.0505,1.0505,2212.0
1782690120000,1.0505,1.0509,1.0501,1.0501,3080.0
1782690180000,1.0501,1.0502,1.0489,1.0497,38615.0
1782690240000,1.0498,1.0498,1.0493,1.0493,2788.0
1782690300000,1.0493,1.0504,1.0493,1.0493,5881.0
1782690360000,1.0493,1.0512,1.0493,1.0511,8108.0
1782690420000,1.0511,1.0511,1.05,1.0502,2244.0
1782690480000,1.0501,1.0504,1.0497,1.0499,5168.0
1782690540000,1.0498,1.0504,1.0492,1.0503,1764.0
1782690600000,1.0504,1.0506,1.0498,1.0501,2102.0
1782690660000,1.0503,1.0504,1.0492,1.0497,1501.0
1782690720000,1.0492,1.0495,1.0488,1.0492,24362.0
1782690780000,1.0492,1.0496,1.049,1.0493,1335.0
1782690840000,1.0493,1.0494,1.0481,1.0481,3507.0
1782690900000,1.0481,1.0482,1.0472,1.048,3438.0
1782690960000,1.048,1.0485,1.0479,1.0484,5898.0
1782691020000,1.0485,1.0486,1.048,1.0481,3551.0
1782691080000,1.0481,1.0481,1.0477,1.0477,2397.0
1782691140000,1.0478,1.0478,1.0477,1.0477,1736.0
1782691200000,1.0478,1.0478,1.0446,1.0456,33526.0
1782691260000,1.0456,1.0462,1.0447,1.0451,5482.0
1782691320000,1.045,1.0454,1.044,1.045,2670.0
1782691380000,1.045,1.0452,1.0444,1.0452,1478.0
1782691440000,1.0452,1.0458,1.0445,1.0445,12837.0
1782691500000,1.0446,1.0446,1.0423,1.0427,221906.0
1782691560000,1.0426,1.0435,1.0407,1.042,31309.0
1782691620000,1.0419,1.0429,1.0415,1.0428,1749.0
1782691680000,1.0429,1.0438,1.0428,1.0435,2892.0
1782691740000,1.0436,1.0448,1.0435,1.0447,2906.0
1782691800000,1.0448,1.0448,1.0436,1.0436,2632.0
1782691860000,1.0436,1.0456,1.0436,1.0449,29808.0
1782691920000,1.0448,1.0478,1.0445,1.0477,1688.0
1782691980000,1.0477,1.049,1.0464,1.0465,7119.0
1782692040000,1.0465,1.047,1.0461,1.0462,6927.0
1782692100000,1.0462,1.0469,1.0443,1.0447,3427.0
1782692160000,1.0451,1.0451,1.0425,1.0435,12085.0
1782692220000,1.0436,1.0455,1.0436,1.0446,21270.0
1782692280000,1.0446,1.0456,1.0441,1.0455,2007.0
1782692340000,1.0459,1.0459,1.0436,1.0442,2292.0
1782692400000,1.0442,1.0443,1.0425,1.0426,1637.0
1782692460000,1.0426,1.0426,1.0392,1.0392,43539.0
1782692520000,1.0393,1.0404,1.0392,1.0397,5865.0
1782692580000,1.0398,1.0403,1.039,1.0395,13728.0
1782692640000,1.0396,1.0405,1.0395,1.0399,1825.0
1782692700000,1.0398,1.0401,1.039,1.0395,7254.0
1782692760000,1.0395,1.0395,1.038,1.0389,15710.0
1782692820000,1.0388,1.039,1.0381,1.0385,4655.0
1782692880000,1.0389,1.0389,1.038,1.0381,3651.0
1782692940000,1.038,1.0384,1.0367,1.0368,8231.0
1782693000000,1.0368,1.0375,1.0352,1.036,18526.0
1782693060000,1.036,1.036,1.0328,1.0331,57850.0
1782693120000,1.0337,1.0349,1.0331,1.0343,189722.0
1782693180000,1.0343,1.0368,1.0343,1.036,2991.0
1782693240000,1.0355,1.0369,1.0347,1.0368,23566.0
1782693300000,1.0369,1.0376,1.0342,1.0356,32970.0
1782693360000,1.0356,1.0373,1.0356,1.0373,2155.0
1782693420000,1.0373,1.0373,1.0343,1.035,2049.0
1782693480000,1.035,1.0363,1.0344,1.0363,1551.0
1782693540000,1.0362,1.0375,1.0362,1.0363,20370.0
1782693600000,1.0363,1.0386,1.0362,1.0386,2969.0
1782693660000,1.0385,1.0408,1.0385,1.0407,4697.0
1782693720000,1.0408,1.043,1.0407,1.0419,25917.0
1782693780000,1.042,1.042,1.0408,1.0411,4937.0
1782693840000,1.0408,1.0426,1.0408,1.0425,2026.0
1782693900000,1.0425,1.0426,1.0408,1.0409,8647.0
1782693960000,1.0409,1.0412,1.0396,1.0396,19386.0
1782694020000,1.0396,1.0401,1.038,1.0381,1487.0
1782694080000,1.038,1.04,1.0374,1.04,1991.0
1782694140000,1.04,1.04,1.0391,1.0399,2182.0
1782694200000,1.0399,1.0429,1.0399,1.0411,15803.0
1782694260000,1.0406,1.0424,1.0403,1.0418,1789.0
1782694320000,1.0419,1.0419,1.0404,1.041,1702.0
1782694380000,1.0411,1.0416,1.041,1.0416,1923.0
1782694440000,1.0415,1.0422,1.0412,1.0422,1945.0
1782694500000,1.0426,1.0456,1.0426,1.0453,67137.0
1782694560000,1.0457,1.0465,1.0448,1.0449,2634.0
1782694620000,1.0448,1.0457,1.0448,1.0454,3323.0
1782694680000,1.0455,1.0465,1.0451,1.0465,1591.0
1782694740000,1.0464,1.0473,1.0462,1.0469,10160.0
1782694800000,1.0469,1.048,1.0464,1.0465,7619.0
1782694860000,1.0465,1.0466,1.0446,1.0447,25026.0
1782694920000,1.0443,1.0449,1.0431,1.044,3868.0
1782694980000,1.044,1.0445,1.0431,1.0434,1949.0
1782695040000,1.0434,1.0438,1.0427,1.0427,10283.0
1782695100000,1.0428,1.0431,1.0427,1.0431,4065.0
1782695160000,1.0431,1.0452,1.043,1.0452,9883.0
1782695220000,1.0452,1.0463,1.0447,1.045,4870.0
1782695280000,1.045,1.0454,1.0447,1.0447,1344.0
1782695340000,1.0448,1.0451,1.0447,1.0451,1963.0
1782695400000,1.0451,1.0453,1.0444,1.0452,3488.0
1782695460000,1.0452,1.0453,1.0442,1.0445,15837.0
1782695520000,1.0445,1.0451,1.0444,1.0444,1587.0
1782695580000,1.0444,1.0445,1.042,1.0432,34835.0
1782695640000,1.0432,1.0438,1.0429,1.0435,6193.0
1782695700000,1.0436,1.0441,1.0432,1.0441,1534.0
1782695760000,1.0441,1.0445,1.0425,1.0425,1552.0
1782695820000,1.0426,1.0428,1.0401,1.0409,2654.0
1782695880000,1.0405,1.0406,1.0391,1.0402,7426.0
1782695940000,1.0402,1.0407,1.0398,1.0406,17343.0
1782696000000,1.0406,1.042,1.04,1.042,23586.0
1782696060000,1.0419,1.0426,1.0402,1.0403,1440.0
1782696120000,1.0402,1.0415,1.0402,1.0414,1791.0
1782696180000,1.0414,1.0415,1.0407,1.0411,1741.0
1782696240000,1.0411,1.0418,1.041,1.0418,4795.0
1782696300000,1.0418,1.043,1.0417,1.042,1775.0
1782696360000,1.0419,1.043,1.0419,1.0428,1800.0
1782696420000,1.0427,1.0434,1.0411,1.0411,1907.0
1782696480000,1.0408,1.0422,1.0408,1.0416,2953.0
1782696540000,1.0416,1.0416,1.0403,1.0405,1893.0
1782696600000,1.0406,1.0415,1.0386,1.041,2131.0
1782696660000,1.041,1.0414,1.0401,1.0405,1980.0
1782696720000,1.0406,1.0421,1.0406,1.0421,1520.0
1782696780000,1.0421,1.0421,1.0409,1.042,1650.0
1782696840000,1.0414,1.0418,1.0394,1.0394,2206.0
1782696900000,1.0394,1.0422,1.0391,1.0422,1816.0
1782696960000,1.0419,1.0425,1.0409,1.042,1748.0
1782697020000,1.0419,1.0436,1.0418,1.0424,1705.0
1782697080000,1.0425,1.0432,1.0416,1.0431,1620.0
1782697140000,1.0432,1.044,1.0431,1.044,3929.0
1782697200000,1.0439,1.0457,1.0439,1.0451,2055.0
1782697260000,1.0452,1.0457,1.0446,1.0456,9078.0
1782697320000,1.0456,1.0456,1.0443,1.0443,1978.0
1782697380000,1.0444,1.0444,1.0441,1.0441,3563.0
1782697440000,1.0446,1.0447,1.0442,1.0445,1977.0
1782697500000,1.0445,1.045,1.0437,1.0438,1652.0
1782697560000,1.0437,1.0444,1.0433,1.0434,23470.0
1782697620000,1.0434,1.0437,1.0428,1.0433,1794.0
1782697680000,1.0437,1.044,1.0432,1.0435,1637.0
1782697740000,1.0435,1.0447,1.0429,1.0445,1829.0
1782697800000,1.0447,1.0452,1.0437,1.0437,6737.0
1782697860000,1.0438,1.0441,1.0429,1.0431,1623.0
1782697920000,1.0432,1.0445,1.0429,1.0444,1452.0
1782697980000,1.0444,1.0445,1.0431,1.0431,23465.0
1782698040000,1.0432,1.0442,1.0431,1.0442,1616.0
1782698100000,1.0442,1.0442,1.0435,1.0436,9109.0
1782698160000,1.0435,1.0444,1.0431,1.0431,2283.0
1782698220000,1.0431,1.0435,1.0429,1.0429,1517.0
1782698280000,1.043,1.044,1.0429,1.044,1812.0
1782698340000,1.0439,1.044,1.043,1.0431,2236.0
1782698400000,1.0431,1.0431,1.0414,1.0418,1818.0
1782698460000,1.0418,1.0424,1.0418,1.0422,3592.0
1782698520000,1.0421,1.043,1.0419,1.0429,1592.0
1782698580000,1.0429,1.0434,1.0417,1.0418,12920.0
1782698640000,1.0418,1.0418,1.0401,1.0412,6093.0
1782698700000,1.0412,1.0419,1.0408,1.0419,3442.0
1782698760000,1.0419,1.0419,1.0395,1.0395,5421.0
1782698820000,1.0395,1.0404,1.0395,1.0403,51980.0
1782698880000,1.0404,1.0404,1.0389,1.039,6537.0
1782698940000,1.039,1.0394,1.038,1.0382,4335.0
1782699000000,1.0382,1.039,1.0375,1.0379,10462.0
1782699060000,1.0379,1.038,1.0371,1.0376,14059.0
1782699120000,1.0375,1.0376,1.0353,1.0354,30339.0
1782699180000,1.035,1.0351,1.0317,1.0323,72041.0
1782699240000,1.0323,1.0345,1.0323,1.0343,10421.0
1782699300000,1.0342,1.0357,1.0336,1.0357,31735.0
1782699360000,1.0357,1.0375,1.0351,1.0371,3023.0
1782699420000,1.0371,1.0378,1.0366,1.0374,1660.0
1782699480000,1.037,1.0381,1.0367,1.0375,4577.0
1782699540000,1.0375,1.0379,1.0363,1.0366,1512.0
1782699600000,1.0367,1.038,1.0366,1.0379,2236.0
1782699660000,1.038,1.0386,1.0377,1.0382,1730.0
1782699720000,1.0382,1.0402,1.0379,1.0401,1507.0
1782699780000,1.0402,1.0412,1.0392,1.0393,29814.0
1782699840000,1.0393,1.0393,1.0385,1.0392,3497.0
1782699900000,1.0392,1.0394,1.0386,1.0394,1552.0
1782699960000,1.0394,1.0402,1.039,1.0401,11869.0
1782700020000,1.0402,1.0452,1.0401,1.0441,12416.0
1782700080000,1.0441,1.0454,1.0441,1.0449,4363.0
1782700140000,1.0449,1.045,1.0441,1.0445,10974.0
1782700200000,1.0445,1.0451,1.0437,1.0442,13129.0
1782700260000,1.0442,1.0445,1.0434,1.0439,2693.0
1782700320000,1.044,1.044,1.0433,1.0439,4413.0
1782700380000,1.044,1.044,1.0431,1.0436,6395.0
1782700440000,1.0435,1.0439,1.0427,1.0431,4185.0
1782700500000,1.0431,1.0438,1.0428,1.0428,2375.0
1782700560000,1.0429,1.0434,1.0423,1.0433,1759.0
1782700620000,1.0434,1.0435,1.043,1.0434,6174.0
1782700680000,1.0435,1.0452,1.0434,1.0451,7078.0
1782700740000,1.0452,1.0465,1.0446,1.0446,5122.0
1782700800000,1.0447,1.0448,1.0441,1.0448,1810.0
1782700860000,1.0447,1.0454,1.0445,1.0445,3786.0
1782700920000,1.0446,1.0467,1.0445,1.0467,3454.0
1782700980000,1.0469,1.0476,1.0456,1.0457,1552.0
1782701040000,1.0457,1.0464,1.0456,1.0464,5480.0
1782701100000,1.0463,1.0467,1.0463,1.0467,1625.0
1782701160000,1.0467,1.047,1.0464,1.0467,2333.0
1782701220000,1.0467,1.0477,1.0461,1.0465,1808.0
1782701280000,1.0466,1.0466,1.0458,1.0461,1674.0
1782701340000,1.0461,1.0474,1.0459,1.0474,12445.0
1782701400000,1.0473,1.0474,1.0458,1.0468,5589.0
1782701460000,1.0465,1.0466,1.0459,1.046,4277.0
1782701520000,1.0459,1.0461,1.0458,1.046,3729.0
1782701580000,1.046,1.0461,1.0455,1.0455,1558.0
1782701640000,1.0455,1.0459,1.0452,1.0452,1863.0
1782701700000,1.0453,1.0459,1.0452,1.0458,2332.0
1782701760000,1.0459,1.0464,1.0454,1.046,2088.0
1782701820000,1.046,1.0464,1.0456,1.0456,1404.0
1782701880000,1.0456,1.0461,1.0456,1.046,1596.0
1782701940000,1.0461,1.0461,1.0455,1.0461,2643.0
1782702000000,1.046,1.0466,1.0456,1.0465,18979.0
1782702060000,1.0466,1.0477,1.0463,1.047,25390.0
1782702120000,1.047,1.0499,1.0469,1.0488,7177.0
1782702180000,1.0488,1.049,1.0474,1.0475,11637.0
1782702240000,1.0475,1.0487,1.0474,1.0487,2952.0
1782702300000,1.0486,1.0539,1.0486,1.0519,90257.0
1782702360000,1.0511,1.0519,1.0505,1.0506,9017.0
1782702420000,1.0506,1.052,1.0506,1.0513,45206.0
1782702480000,1.0513,1.0536,1.0511,1.0528,6284.0
1782702540000,1.0533,1.0538,1.0528,1.0533,11658.0
1782702600000,1.0534,1.0547,1.0527,1.0537,56140.0
1782702660000,1.0538,1.0538,1.0529,1.0532,12617.0
1782702720000,1.0533,1.0533,1.052,1.0525,1764881.0
1782702780000,1.0524,1.0527,1.0519,1.0527,8691.0
1782702840000,1.0526,1.0531,1.0521,1.0522,9070.0
1782702900000,1.0521,1.0527,1.0512,1.0521,3585.0
1782702960000,1.0522,1.0522,1.0515,1.0515,30029.0
1782703020000,1.0515,1.0516,1.051,1.0513,26655.0
1782703080000,1.0513,1.0513,1.0506,1.0506,1886.0
1782703140000,1.0506,1.0511,1.0504,1.0511,5338.0
1782703200000,1.051,1.0515,1.0505,1.0514,6156.0
1782703260000,1.0515,1.0518,1.0512,1.0515,13972.0
1782703320000,1.0516,1.0521,1.0515,1.0516,6774.0
1782703380000,1.0517,1.0517,1.0503,1.0503,5506.0
1782703440000,1.0503,1.053,1.0502,1.053,13744.0
1782703500000,1.053,1.053,1.0517,1.0526,7335.0
1782703560000,1.0525,1.0547,1.0521,1.0546,36364.0
1782703620000,1.0546,1.0552,1.0541,1.0551,70071.0
1782703680000,1.0551,1.0552,1.0542,1.0551,1884.0
1782703740000,1.0551,1.0557,1.0547,1.0549,7961.0
1782703800000,1.0549,1.0551,1.054,1.054,16727.0
1782703860000,1.0541,1.0541,1.0529,1.0532,4192.0
1782703920000,1.0533,1.0533,1.0517,1.0517,8892.0
1782703980000,1.0517,1.0521,1.051,1.0515,50035.0
1782704040000,1.0515,1.0518,1.0512,1.0512,6492.0
1782704100000,1.0512,1.0516,1.0499,1.0502,13053.0
1782704160000,1.0501,1.0503,1.0497,1.0501,2212.0
1782704220000,1.05,1.0501,1.0493,1.0497,7128.0
1782704280000,1.0497,1.0497,1.0482,1.0484,16208.0
1782704340000,1.0484,1.0491,1.0484,1.0491,3636.0
1782704400000,1.049,1.0491,1.0487,1.0487,2097.0
1782704460000,1.0487,1.0494,1.0483,1.0483,1632.0
1782704520000,1.0484,1.0488,1.0482,1.0483,2099.0
1782704580000,1.0482,1.0483,1.0477,1.048,3721.0
1782704640000,1.0481,1.0483,1.048,1.0482,3307.0
1782704700000,1.0482,1.0482,1.0472,1.0478,10159.0
1782704760000,1.0479,1.049,1.0478,1.0489,3380.0
1782704820000,1.0489,1.05,1.0481,1.0499,5817.0
1782704880000,1.0496,1.0499,1.0488,1.049,5741.0
1782704940000,1.0489,1.0496,1.0489,1.0493,1940.0
1782705000000,1.0494,1.0494,1.0485,1.049,1536.0
1782705060000,1.0489,1.0498,1.0486,1.0498,6844.0
1782705120000,1.0497,1.0499,1.0495,1.0499,9362.0
1782705180000,1.0498,1.0504,1.0495,1.0495,14990.0
1782705240000,1.0495,1.0499,1.0491,1.0493,1813.0
1782705300000,1.0493,1.0493,1.049,1.0492,51184.0
1782705360000,1.0493,1.0493,1.0487,1.0488,1603.0
1782705420000,1.0488,1.0493,1.0487,1.0491,15504.0
1782705480000,1.049,1.0497,1.049,1.0497,1508.0
1782705540000,1.0496,1.0505,1.0496,1.0505,1861.0
1782705600000,1.0505,1.0506,1.0496,1.0497,9723.0
1782705660000,1.0497,1.05,1.049,1.049,12382.0
1782705720000,1.0491,1.0491,1.0489,1.0491,2647.0
1782705780000,1.0489,1.0495,1.0487,1.0489,2859.0
1782705840000,1.0489,1.0494,1.0488,1.0489,1714.0
1782705900000,1.0489,1.0497,1.0486,1.0488,4292.0
1782705960000,1.0487,1.0487,1.0477,1.0481,3705.0
1782706020000,1.0481,1.0492,1.048,1.0491,1925.0
1782706080000,1.049,1.0491,1.0482,1.0482,9951.0
1782706140000,1.0482,1.049,1.048,1.048,1535.0
1782706200000,1.048,1.0483,1.0475,1.0475,1661.0
1782706260000,1.0476,1.0481,1.0468,1.047,17368.0
1782706320000,1.0471,1.0474,1.047,1.047,5176.0
1782706380000,1.0471,1.0471,1.0455,1.0456,9053.0
1782706440000,1.0456,1.0459,1.0453,1.0459,1567.0
1782706500000,1.0458,1.0459,1.0455,1.0455,1528.0
1782706560000,1.0455,1.0461,1.0455,1.046,2805.0
1782706620000,1.0459,1.0465,1.0459,1.0465,2451.0
1782706680000,1.0465,1.0465,1.0456,1.0456,1978.0
1782706740000,1.0456,1.0462,1.0455,1.0456,2147.0
1782706800000,1.0456,1.0456,1.045,1.0453,1729.0
1782706860000,1.0454,1.0454,1.0448,1.0448,1428.0
1782706920000,1.0448,1.0449,1.0438,1.0439,68091.0
1782706980000,1.0439,1.0441,1.0438,1.044,2508.0
1782707040000,1.0444,1.0458,1.0443,1.0457,9309.0
1782707100000,1.0458,1.0465,1.0457,1.0465,1862.0
1782707160000,1.0465,1.047,1.0464,1.0465,3445.0
1782707220000,1.0466,1.0466,1.0457,1.0462,8739.0
1782707280000,1.0462,1.0462,1.0458,1.0458,9108.0
1782707340000,1.0458,1.0465,1.0458,1.0464,570.0
1782707400000,1.0464,1.0467,1.0458,1.0459,2826.0
1782707460000,1.0459,1.0469,1.0458,1.0459,4113.0
1782707520000,1.0459,1.0459,1.0453,1.0457,1241.0
1782707580000,1.0458,1.0458,1.0451,1.0454,2895.0
1782707640000,1.0453,1.0454,1.045,1.0451,1436.0
1782707700000,1.045,1.0451,1.0447,1.0451,1768.0
1782707760000,1.045,1.0451,1.0437,1.0439,1784.0
1782707820000,1.0441,1.0452,1.0441,1.0452,1483.0
1782707880000,1.0452,1.0461,1.0451,1.046,1628.0
1782707940000,1.046,1.0461,1.044,1.0441,1915.0
1782708000000,1.044,1.0441,1.0423,1.0423,12307.0
1782708060000,1.0423,1.0424,1.0412,1.0421,17579.0
1782708120000,1.0422,1.0422,1.0415,1.0417,1787.0
1782708180000,1.0418,1.0424,1.0416,1.0424,1764.0
1782708240000,1.0423,1.0431,1.0423,1.0429,10898.0
1782708300000,1.0428,1.0429,1.0422,1.0428,10740.0
1782708360000,1.0428,1.0429,1.0428,1.0429,4269.0
1782708420000,1.0429,1.0433,1.0427,1.0427,1719.0
1782708480000,1.0427,1.043,1.042,1.0424,5360.0
1782708540000,1.0424,1.0433,1.042,1.0433,2043.0
1782708600000,1.0433,1.0438,1.0432,1.0432,5688.0
1782708660000,1.0432,1.0444,1.0427,1.0442,8841.0
1782708720000,1.0442,1.0456,1.0442,1.0449,2315.0
1782708780000,1.0449,1.0451,1.0446,1.0447,696749.0
1782708840000,1.0447,1.045,1.0444,1.0444,1894.0
1782708900000,1.0444,1.0445,1.0425,1.0425,1487.0
1782708960000,1.0425,1.0427,1.0419,1.0426,1421.0
1782709020000,1.0426,1.0427,1.0423,1.0424,1796.0
1782709080000,1.0423,1.0426,1.0423,1.0423,2032.0
1782709140000,1.0424,1.0429,1.0419,1.0428,2902.0
1782709200000,1.0428,1.044,1.0415,1.0415,2709.0
1782709260000,1.0415,1.0418,1.041,1.0418,3272.0
1782709320000,1.0418,1.0422,1.0406,1.0407,4300.0
1782709380000,1.0407,1.0412,1.04,1.0411,38471.0
1782709440000,1.0411,1.0411,1.04,1.04,1951.0
1782709500000,1.04,1.0401,1.0358,1.0367,27304.0
1782709560000,1.0367,1.0372,1.0358,1.0371,10012.0
1782709620000,1.0371,1.0385,1.037,1.0375,11646.0
1782709680000,1.0375,1.0384,1.0371,1.0384,35825.0
1782709740000,1.0384,1.0384,1.0379,1.0381,6289.0
1782709800000,1.0381,1.0386,1.0371,1.0381,16353.0
1782709860000,1.038,1.0381,1.0364,1.037,1733.0
1782709920000,1.0371,1.0373,1.0355,1.0356,10427.0
1782709980000,1.0355,1.0379,1.0355,1.0379,6136.0
1782710040000,1.0378,1.0389,1.0378,1.0387,6811.0
1782710100000,1.0389,1.0405,1.0387,1.04,6480.0
1782710160000,1.0398,1.04,1.0393,1.04,5098.0
1782710220000,1.0399,1.0413,1.0394,1.0394,3213.0
1782710280000,1.0395,1.0395,1.0386,1.0387,3513.0
1782710340000,1.0386,1.0389,1.0386,1.0388,1452.0
1782710400000,1.0388,1.0407,1.0388,1.0402,3682.0
1782710460000,1.0401,1.0411,1.0401,1.0406,4393.0
1782710520000,1.0406,1.0409,1.0405,1.0409,3833.0
1782710580000,1.0409,1.0412,1.0403,1.0411,1496.0
1782710640000,1.0411,1.0416,1.0411,1.0416,1955.0
1782710700000,1.0416,1.0423,1.0412,1.0422,2657.0
1782710760000,1.0422,1.0423,1.0416,1.0419,2449.0
1782710820000,1.0419,1.0426,1.0417,1.0419,21034.0
1782710880000,1.0419,1.0423,1.0414,1.0415,3959.0
1782710940000,1.0415,1.0415,1.0409,1.0413,2495.0
1782711000000,1.0412,1.0418,1.0402,1.0403,3860.0
1782711060000,1.0402,1.0414,1.04,1.0413,4227.0
1782711120000,1.0417,1.0421,1.0414,1.0415,8429.0
1782711180000,1.0415,1.0423,1.0414,1.0422,39615.0
1782711240000,1.0422,1.0438,1.0422,1.0437,2070.0
1782711300000,1.0438,1.0447,1.0431,1.0431,2035.0
1782711360000,1.043,1.0431,1.0415,1.042,1556.0
1782711420000,1.0421,1.0421,1.042,1.0421,1452.0
1782711480000,1.042,1.0421,1.0417,1.0421,1675.0
1782711540000,1.042,1.0426,1.042,1.0421,5687.0
1782711600000,1.0421,1.0421,1.0413,1.0416,1520.0
1782711660000,1.0415,1.0416,1.0413,1.0414,1777.0
1782711720000,1.0414,1.0421,1.0413,1.0421,1521.0
1782711780000,1.0421,1.0435,1.042,1.0432,2943.0
1782711840000,1.0433,1.0458,1.0432,1.045,16599.0
1782711900000,1.045,1.0458,1.0446,1.0448,7646.0
1782711960000,1.0448,1.0453,1.0447,1.0449,6623.0
1782712020000,1.0449,1.0452,1.0441,1.0444,14553.0
1782712080000,1.0444,1.0446,1.0437,1.0438,3300.0
1782712140000,1.0437,1.0438,1.0434,1.0434,1785.0
1782712200000,1.0434,1.0435,1.0431,1.0432,3411.0
1782712260000,1.0432,1.0449,1.0431,1.0442,37629.0
1782712320000,1.0442,1.0448,1.0442,1.0446,1451.0
1782712380000,1.0445,1.0452,1.0445,1.0452,1906.0
1782712440000,1.0452,1.0454,1.0447,1.0453,1652.0
1782712500000,1.0453,1.0453,1.0448,1.0452,2700.0
1782712560000,1.0451,1.046,1.0451,1.046,5448.0
1782712620000,1.046,1.0466,1.0456,1.0456,51244.0
1782712680000,1.0457,1.047,1.0456,1.047,3851.0
1782712740000,1.047,1.048,1.0463,1.0479,9036.0
1782712800000,1.048,1.0493,1.0479,1.049,13685.0
1782712860000,1.0493,1.051,1.0493,1.05,19951.0
1782712920000,1.05,1.0501,1.0482,1.0487,20574.0
1782712980000,1.0488,1.0491,1.0485,1.0486,3221.0
1782713040000,1.0486,1.0495,1.0485,1.0495,6461.0
1782713100000,1.0496,1.0496,1.0485,1.0489,1829.0
1782713160000,1.0489,1.0491,1.0485,1.0491,8816.0
1782713220000,1.0489,1.0512,1.0489,1.0511,1825.0
1782713280000,1.0512,1.0526,1.0511,1.0519,6229.0
1782713340000,1.052,1.0542,1.0519,1.0541,4915.0
1782713400000,1.0541,1.0547,1.0518,1.0518,3398.0
1782713460000,1.0518,1.0521,1.0516,1.0517,2202.0
1782713520000,1.0517,1.0524,1.0517,1.0521,11147.0
1782713580000,1.0521,1.0525,1.0513,1.0513,2633.0
1782713640000,1.0513,1.0522,1.0513,1.0522,4994.0
1782713700000,1.0522,1.0522,1.0515,1.0516,1613.0
1782713760000,1.0515,1.0524,1.0513,1.052,2221.0
1782713820000,1.0519,1.0536,1.0519,1.0536,12963.0
1782713880000,1.0529,1.0543,1.0529,1.0541,11605.0
1782713940000,1.0541,1.0541,1.0529,1.0536,2593.0
1782714000000,1.0535,1.0541,1.053,1.0539,5091.0
1782714060000,1.0539,1.054,1.0519,1.0519,3026.0
1782714120000,1.0519,1.0529,1.0519,1.0528,3662.0
1782714180000,1.0529,1.0539,1.0528,1.0539,8566.0
1782714240000,1.0539,1.0539,1.0534,1.0534,2860.0
1782714300000,1.0535,1.0541,1.0534,1.0535,12542.0
1782714360000,1.0535,1.0535,1.0527,1.0529,12574.0
1782714420000,1.0526,1.0529,1.0525,1.0525,1430.0
1782714480000,1.0526,1.0531,1.0519,1.052,113903.0
1782714540000,1.0519,1.052,1.0514,1.0514,2670.0
1782714600000,1.0514,1.0524,1.0512,1.0519,2099.0
1782714660000,1.0518,1.0521,1.0518,1.0521,2408.0
1782714720000,1.052,1.0521,1.0511,1.0514,62742.0
1782714780000,1.0514,1.0517,1.0501,1.0505,16052.0
1782714840000,1.0504,1.0505,1.0495,1.0495,10488.0
1782714900000,1.0496,1.0504,1.0491,1.0491,15585.0
1782714960000,1.0491,1.0492,1.0476,1.0476,17132.0
1782715020000,1.0476,1.0485,1.0476,1.048,6562.0
1782715080000,1.0479,1.048,1.0466,1.0472,2056.0
1782715140000,1.0472,1.0473,1.0472,1.0472,2979.0
1782715200000,1.0472,1.0477,1.0471,1.0477,10941.0
1782715260000,1.0476,1.0494,1.0476,1.048,2397.0
1782715320000,1.0482,1.0492,1.048,1.0491,3110.0
1782715380000,1.0492,1.0492,1.0486,1.0486,2345.0
1782715440000,1.0486,1.0487,1.0479,1.0479,1804.0
1782715500000,1.048,1.0487,1.0478,1.0486,3542.0
1782715560000,1.0485,1.0486,1.0482,1.0482,3121.0
1782715620000,1.0482,1.0486,1.0482,1.0482,7382.0
1782715680000,1.0483,1.0491,1.0482,1.0488,3580.0
1782715740000,1.0489,1.0489,1.0478,1.0478,1684.0
1782715800000,1.0479,1.0484,1.0478,1.0483,1711.0
1782715860000,1.0483,1.0495,1.0483,1.0495,2919.0
1782715920000,1.0494,1.0495,1.0491,1.0495,1749.0
1782715980000,1.0494,1.0495,1.0489,1.0494,6071.0
1782716040000,1.0494,1.0495,1.0489,1.0491,1988.0
1782716100000,1.0491,1.0492,1.0489,1.049,3005.0
1782716160000,1.0486,1.049,1.0481,1.0484,1658.0
1782716220000,1.0485,1.0487,1.0484,1.0486,2481.0
1782716280000,1.0486,1.049,1.0486,1.049,1985.0
1782716340000,1.0489,1.049,1.0486,1.0489,1343.0
1782716400000,1.0489,1.049,1.0475,1.0479,16713.0
1782716460000,1.0478,1.0479,1.0457,1.0458,28821.0
1782716520000,1.0458,1.046,1.0452,1.046,1903.0
1782716580000,1.0459,1.0465,1.0452,1.0462,1542.0
1782716640000,1.0462,1.0469,1.0462,1.0469,7603.0
1782716700000,1.0469,1.0469,1.0466,1.0469,1734.0
1782716760000,1.0469,1.0478,1.0467,1.0468,1715.0
1782716820000,1.0469,1.0478,1.0468,1.0478,1662.0
1782716880000,1.0478,1.0481,1.0473,1.0474,1446.0
1782716940000,1.0474,1.0477,1.0473,1.0474,1588.0
1782717000000,1.0474,1.0479,1.0469,1.0471,1772.0
1782717060000,1.0471,1.0477,1.0465,1.0466,3399.0
1782717120000,1.0465,1.0472,1.0465,1.0471,1514.0
1782717180000,1.0472,1.0477,1.0471,1.0472,1820.0
1782717240000,1.0472,1.0489,1.0471,1.0489,4580.0
1782717300000,1.0489,1.0518,1.0488,1.0501,76791.0
1782717360000,1.0501,1.0508,1.049,1.0503,3593.0
1782717420000,1.0503,1.0503,1.0493,1.0495,2016.0
1782717480000,1.0494,1.05,1.0494,1.0499,2039.0
1782717540000,1.0499,1.05,1.049,1.0493,10963.0
1782717600000,1.0492,1.0497,1.0489,1.0496,29403.0
1782717660000,1.0496,1.0497,1.0491,1.0492,20094.0
1782717720000,1.0491,1.05,1.0484,1.0484,2817.0
1782717780000,1.0485,1.049,1.0482,1.0484,5309.0
1782717840000,1.0485,1.0485,1.0482,1.0485,1589.0
1782717900000,1.0484,1.0488,1.0484,1.0485,2172.0
1782717960000,1.0485,1.0486,1.0477,1.0485,2797.0
1782718020000,1.0485,1.0486,1.0482,1.0486,18353.0
1782718080000,1.0486,1.0507,1.0483,1.0507,47746.0
1782718140000,1.0506,1.0507,1.05,1.05,10842.0
1782718200000,1.05,1.0502,1.0494,1.0494,1588.0
1782718260000,1.0495,1.0495,1.0489,1.049,2821.0
1782718320000,1.0489,1.049,1.0486,1.0486,2667.0
1782718380000,1.0486,1.0489,1.048,1.0481,12741.0
1782718440000,1.0481,1.0487,1.0471,1.0482,6092.0
1782718500000,1.0481,1.0486,1.0479,1.0485,10938.0
1782718560000,1.0485,1.0496,1.048,1.0496,5063.0
1782718620000,1.0496,1.0502,1.0495,1.0501,6414.0
1782718680000,1.05,1.0511,1.05,1.0503,15255.0
1782718740000,1.0502,1.0506,1.0496,1.0496,8125.0
1782718800000,1.0497,1.0498,1.0487,1.0496,16172.0
1782718860000,1.0496,1.0496,1.0484,1.0489,1714.0
1782718920000,1.049,1.049,1.0471,1.0482,8173.0
1782718980000,1.0482,1.0482,1.0469,1.0475,11278.0
1782719040000,1.0474,1.0479,1.0474,1.0479,2989.0
1782719100000,1.0479,1.0479,1.0471,1.0471,1847.0
1782719160000,1.0471,1.0486,1.0471,1.0482,3729.0
1782719220000,1.0481,1.0492,1.0481,1.0484,1385.0
1782719280000,1.0485,1.0489,1.0484,1.0489,1730.0
1782719340000,1.0489,1.0489,1.0475,1.0483,6198.0
1782719400000,1.0483,1.0495,1.0482,1.049,2034.0
1782719460000,1.0489,1.0504,1.0484,1.0504,17393.0
1782719520000,1.0503,1.0511,1.0494,1.05,39138.0
1782719580000,1.0499,1.05,1.0496,1.0496,1467.0
1782719640000,1.0497,1.0497,1.0483,1.0488,1852.0
1782719700000,1.0489,1.0495,1.0483,1.0488,1506.0
1782719760000,1.0488,1.0494,1.0488,1.0494,15679.0
1782719820000,1.0494,1.0494,1.0487,1.0488,1509.0
1782719880000,1.0488,1.0488,1.0485,1.0485,16335.0
1782719940000,1.0485,1.0489,1.0485,1.0487,4084.0
1782720000000,1.0486,1.0497,1.0486,1.0493,4159.0
1782720060000,1.0493,1.0497,1.0485,1.0493,1746.0
1782720120000,1.0493,1.0502,1.0493,1.0493,1717.0
1782720180000,1.0494,1.0497,1.0476,1.0479,1493.0
1782720240000,1.048,1.0501,1.0479,1.05,2048.0
1782720300000,1.05,1.0501,1.049,1.0493,1965.0
1782720360000,1.0492,1.0493,1.048,1.048,1801.0
1782720420000,1.0484,1.0486,1.0464,1.0465,1814.0
1782720480000,1.0465,1.0481,1.0464,1.0477,35161.0
1782720540000,1.0477,1.0486,1.0477,1.0483,25224.0
1782720600000,1.0483,1.0483,1.0479,1.0482,1449.0
1782720660000,1.0483,1.0483,1.0469,1.0473,10854.0
1782720720000,1.0473,1.0473,1.0468,1.0471,4172.0
1782720780000,1.0471,1.0472,1.0464,1.0467,1494.0
1782720840000,1.0468,1.0475,1.0465,1.0475,1957.0
1782720900000,1.0474,1.0478,1.0473,1.0473,1634.0
1782720960000,1.0473,1.0481,1.0473,1.0477,1525.0
1782721020000,1.0477,1.0484,1.0474,1.0484,1459.0
1782721080000,1.0484,1.0492,1.048,1.0491,1602.0
1782721140000,1.0491,1.0492,1.0474,1.0475,2084.0
1782721200000,1.0474,1.0475,1.0464,1.0464,2015.0
1782721260000,1.0465,1.0472,1.0464,1.0469,2676.0
1782721320000,1.0469,1.0469,1.0454,1.0456,35538.0
1782721380000,1.0456,1.0461,1.0443,1.0444,52956.0
1782721440000,1.0444,1.045,1.0444,1.0449,2044.0
1782721500000,1.045,1.045,1.0442,1.0445,2636.0
1782721560000,1.0445,1.0446,1.0426,1.0427,18382.0
1782721620000,1.0427,1.0436,1.0426,1.0435,9927.0
1782721680000,1.0435,1.0441,1.0425,1.0434,19105.0
1782721740000,1.0434,1.0434,1.0425,1.0434,23981.0
1782721800000,1.0434,1.0434,1.0423,1.0432,9327.0
1782721860000,1.0431,1.0435,1.0423,1.0424,17358.0
1782721920000,1.0423,1.0424,1.0415,1.0417,31077.0
1782721980000,1.0417,1.0426,1.041,1.0426,14649.0
1782722040000,1.0426,1.0437,1.0422,1.0434,6641.0
1782722100000,1.0435,1.0438,1.0431,1.0431,2606.0
1782722160000,1.0432,1.0446,1.0431,1.0446,28715.0
1782722220000,1.0446,1.045,1.044,1.0442,6037.0
1782722280000,1.0443,1.0443,1.0432,1.0432,2469.0
1782722340000,1.0432,1.0446,1.0432,1.0446,1646.0
1782722400000,1.0446,1.0449,1.0442,1.0443,14725.0
1782722460000,1.0442,1.045,1.0441,1.0442,15055.0
1782722520000,1.0442,1.0443,1.0427,1.0443,4014.0
1782722580000,1.0443,1.0446,1.0441,1.0446,1580.0
1782722640000,1.0445,1.0451,1.0442,1.0446,6526.0
1782722700000,1.0446,1.0449,1.0441,1.0446,2326.0
1782722760000,1.0445,1.0453,1.0445,1.0452,2875.0
1782722820000,1.0453,1.046,1.0452,1.046,45062.0
1782722880000,1.0459,1.046,1.0453,1.0455,4437.0
1782722940000,1.0456,1.0456,1.0445,1.0449,1429.0
1782723000000,1.0448,1.0456,1.0444,1.0456,1768.0
1782723060000,1.0456,1.0457,1.045,1.0456,2119.0
1782723120000,1.0456,1.046,1.0455,1.0457,1779.0
1782723180000,1.0458,1.0458,1.045,1.0451,11840.0
1782723240000,1.0451,1.0456,1.0449,1.0449,4730.0
1782723300000,1.045,1.045,1.044,1.0441,11601.0
1782723360000,1.044,1.0444,1.0434,1.0434,12095.0
1782723420000,1.0435,1.0436,1.0431,1.0433,2830.0
1782723480000,1.0433,1.0437,1.0431,1.0436,4183.0
1782723540000,1.0437,1.0438,1.0433,1.0434,1455.0
1782723600000,1.0433,1.044,1.0431,1.044,2315.0
1782723660000,1.044,1.0445,1.0438,1.0438,1547.0
1782723720000,1.0438,1.044,1.0428,1.0434,1656.0
1782723780000,1.0433,1.044,1.0431,1.044,1877.0
1782723840000,1.044,1.0449,1.0439,1.0449,1675.0
1782723900000,1.0448,1.0449,1.0443,1.0443,2978.0
1782723960000,1.0444,1.0449,1.0442,1.0449,6315.0
1782724020000,1.0448,1.045,1.0442,1.0447,1592.0
1782724080000,1.0446,1.0453,1.0446,1.0452,1369.0
1782724140000,1.0452,1.0453,1.0449,1.0452,2777.0
1782724200000,1.0452,1.0452,1.0449,1.0449,1876.0
1782724260000,1.0449,1.0455,1.0449,1.045,1586.0
1782724320000,1.045,1.0451,1.0445,1.0448,1410.0
1782724380000,1.0448,1.0459,1.0448,1.0459,2928.0
1782724440000,1.0458,1.0465,1.0458,1.0462,7391.0
1782724500000,1.0463,1.0482,1.0462,1.0481,5036.0
1782724560000,1.0476,1.0482,1.0475,1.0477,1872.0
1782724620000,1.0481,1.0489,1.048,1.0489,10275.0
1782724680000,1.0489,1.0496,1.0488,1.0491,12833.0
1782724740000,1.0492,1.0492,1.0485,1.0486,7077.0
1782724800000,1.0485,1.0486,1.0485,1.0486,1543.0
1782724860000,1.0486,1.0492,1.0478,1.0479,8877.0
1782724920000,1.0479,1.0479,1.0474,1.0474,22615.0
1782724980000,1.0475,1.0475,1.0474,1.0475,1602.0
1782725040000,1.0475,1.0475,1.0454,1.0457,2372.0
1782725100000,1.0461,1.0461,1.0446,1.0447,13210.0
1782725160000,1.0447,1.0448,1.0439,1.0448,16543.0
1782725220000,1.0447,1.0486,1.0447,1.0486,9607.0
1782725280000,1.0485,1.0486,1.0477,1.0479,11639.0
1782725340000,1.048,1.0485,1.0479,1.0482,1435.0
1782725400000,1.0487,1.0495,1.0479,1.0489,30263.0
1782725460000,1.0489,1.049,1.0483,1.0483,10531.0
1782725520000,1.0484,1.0484,1.0478,1.0483,10577.0
1782725580000,1.0483,1.0486,1.0477,1.0485,1789.0
1782725640000,1.0483,1.049,1.0483,1.0484,1674.0
1782725700000,1.0484,1.0484,1.0469,1.0469,4655.0
1782725760000,1.0469,1.0475,1.0469,1.0475,2969.0
1782725820000,1.0475,1.0476,1.0467,1.0467,1375.0
1782725880000,1.0467,1.0473,1.0467,1.0472,1446.0
1782725940000,1.0472,1.0481,1.0472,1.0477,1895.0
1782726000000,1.0476,1.0477,1.0471,1.0472,1627.0
1782726060000,1.0472,1.0472,1.0471,1.0471,8756.0
1782726120000,1.0471,1.0486,1.0471,1.0484,2184.0
1782726180000,1.0484,1.0487,1.0483,1.0487,4387.0
1782726240000,1.0487,1.0487,1.0479,1.0485,1528.0
1782726300000,1.0485,1.0491,1.0485,1.0486,1421.0
1782726360000,1.0486,1.0487,1.0486,1.0487,3150.0
1782726420000,1.0486,1.0496,1.0486,1.0496,1730.0
1782726480000,1.0496,1.05,1.049,1.0491,1838.0
1782726540000,1.0491,1.0496,1.0486,1.0487,1529.0
1782726600000,1.0487,1.0493,1.0483,1.0486,2637.0
1782726660000,1.0486,1.0487,1.046,1.046,1429.0
1782726720000,1.046,1.0472,1.046,1.0464,11690.0
1782726780000,1.0464,1.0473,1.0464,1.0471,1918.0
1782726840000,1.047,1.0477,1.047,1.0477,2057.0
1782726900000,1.0476,1.0489,1.0476,1.0488,1835.0
1782726960000,1.0489,1.0492,1.0485,1.0485,1559.0
1782727020000,1.0486,1.0492,1.0484,1.0484,3475.0
1782727080000,1.0485,1.0485,1.0482,1.0482,7773.0
1782727140000,1.0483,1.0488,1.0482,1.0488,2971.0
1782727200000,1.0487,1.0502,1.0487,1.0501,34321.0
1782727260000,1.0502,1.0513,1.0499,1.0513,8902.0
1782727320000,1.0513,1.0524,1.0512,1.0522,26943.0
1782727380000,1.0517,1.0518,1.0508,1.0509,21547.0
1782727440000,1.0509,1.0513,1.0504,1.0512,7400.0
1782727500000,1.0512,1.0512,1.0506,1.0511,9182.0
1782727560000,1.0511,1.0514,1.0506,1.0509,2358.0
1782727620000,1.051,1.0519,1.0509,1.0517,2358.0
1782727680000,1.0517,1.0517,1.0505,1.0506,3280.0
1782727740000,1.0506,1.0536,1.0505,1.0536,25844.0
1782727800000,1.0536,1.055,1.0527,1.0532,30655.0
1782727860000,1.0533,1.0535,1.0529,1.0535,6612.0
1782727920000,1.0534,1.0544,1.0534,1.0543,1695.0
1782727980000,1.0543,1.0549,1.054,1.0541,3193.0
1782728040000,1.0541,1.0543,1.054,1.0542,18830.0
1782728100000,1.0542,1.0545,1.0533,1.0537,31042.0
1782728160000,1.0536,1.0538,1.0528,1.0537,20194.0
1782728220000,1.0538,1.0543,1.0532,1.0536,1712.0
1782728280000,1.0536,1.0543,1.0536,1.0543,5609.0
1782728340000,1.0542,1.0548,1.0542,1.0548,3577.0
1782728400000,1.0548,1.0548,1.054,1.054,4453.0
1782728460000,1.054,1.0545,1.054,1.0543,1838.0
1782728520000,1.0542,1.0546,1.0532,1.0542,45165.0
1782728580000,1.0541,1.0542,1.0537,1.0537,7962.0
1782728640000,1.0537,1.0539,1.0535,1.0538,3370.0
1782728700000,1.0538,1.0539,1.0535,1.0538,2044.0
1782728760000,1.0539,1.0539,1.0535,1.0536,1841.0
1782728820000,1.0535,1.0539,1.0535,1.0539,2031.0
1782728880000,1.0538,1.0539,1.053,1.0533,5472.0
1782728940000,1.0533,1.0534,1.0528,1.0531,32034.0
1782729000000,1.0532,1.0532,1.0509,1.0517,6334.0
1782729060000,1.0518,1.0528,1.0509,1.051,7285.0
1782729120000,1.0509,1.0517,1.0509,1.0511,10529.0
1782729180000,1.0511,1.0515,1.051,1.0515,23711.0
1782729240000,1.0515,1.0519,1.0514,1.0519,2363.0
1782729300000,1.0518,1.0519,1.0504,1.0506,4273.0
1782729360000,1.0507,1.0513,1.0506,1.0512,1926.0
1782729420000,1.0513,1.0535,1.0512,1.0532,3077.0
1782729480000,1.0531,1.0532,1.0526,1.053,10984.0
1782729540000,1.0529,1.0533,1.0529,1.0533,1951.0
1782729600000,1.0533,1.0535,1.053,1.053,5494.0
1782729660000,1.053,1.0534,1.053,1.0534,18055.0
1782729720000,1.0533,1.0534,1.0533,1.0533,4406.0
1782729780000,1.0534,1.0534,1.0529,1.053,5480.0
1782729840000,1.0529,1.0536,1.0529,1.0535,5008.0
1782729900000,1.0536,1.0539,1.053,1.0538,6444.0
1782729960000,1.0538,1.0539,1.0534,1.0535,2222.0
1782730020000,1.0535,1.054,1.0525,1.054,5474.0
1782730080000,1.054,1.054,1.0533,1.0535,2046.0
1782730140000,1.0535,1.0536,1.0522,1.0526,6835.0
1782730200000,1.0526,1.0526,1.0519,1.0522,23680.0
1782730260000,1.0523,1.0529,1.0522,1.0529,2310.0
1782730320000,1.0529,1.0529,1.052,1.0526,17553.0
1782730380000,1.0526,1.0527,1.0523,1.0524,1640.0
1782730440000,1.0524,1.0524,1.0519,1.0522,2110.0
1782730500000,1.0523,1.0528,1.0522,1.0528,11147.0
1782730560000,1.0528,1.0528,1.0521,1.0521,1838.0
1782730620000,1.0522,1.0524,1.0515,1.0519,1777.0
1782730680000,1.0519,1.0519,1.0511,1.0515,1832.0
1782730740000,1.0515,1.0516,1.0512,1.0512,1743.0
1782730800000,1.0512,1.0523,1.051,1.0523,6634.0
1782730860000,1.0523,1.0523,1.0514,1.0515,1968.0
1782730920000,1.0514,1.0515,1.0503,1.0507,1863.0
1782730980000,1.0507,1.0507,1.0496,1.0504,17316.0
1782731040000,1.0503,1.0509,1.0496,1.0506,3890.0
1782731100000,1.0506,1.0507,1.0498,1.0499,9281.0
1782731160000,1.0499,1.0504,1.0496,1.0501,2960.0
1782731220000,1.0501,1.0505,1.0496,1.0501,1759.0
1782731280000,1.0502,1.0505,1.0501,1.0504,1519.0
1782731340000,1.0505,1.0505,1.0499,1.0501,5208.0
1782731400000,1.05,1.0501,1.0486,1.0497,32574.0
1782731460000,1.0497,1.0497,1.0487,1.0492,3799.0
1782731520000,1.0492,1.0493,1.0484,1.0489,3712.0
1782731580000,1.049,1.0496,1.0489,1.0489,4404.0
1782731640000,1.049,1.049,1.0484,1.0487,17381.0
1782731700000,1.0486,1.0491,1.0482,1.0482,12812.0
1782731760000,1.0482,1.0483,1.0476,1.0478,42938.0
1782731820000,1.0478,1.0482,1.0471,1.0472,18723.0
1782731880000,1.0473,1.0485,1.0472,1.0485,1700.0
1782731940000,1.0484,1.0485,1.048,1.048,2044.0
1782732000000,1.048,1.0496,1.0478,1.0492,43746.0
1782732060000,1.0493,1.0493,1.0488,1.0491,2169.0
1782732120000,1.0498,1.0501,1.049,1.0501,9407.0
1782732180000,1.0499,1.0508,1.0499,1.0506,33271.0
1782732240000,1.0506,1.0512,1.0505,1.0512,2851.0
1782732300000,1.0511,1.0523,1.051,1.0522,12068.0
1782732360000,1.0522,1.054,1.0521,1.0538,5187.0
1782732420000,1.0538,1.0542,1.0531,1.0537,6000.0
1782732480000,1.0537,1.0537,1.0529,1.053,54657.0
1782732540000,1.053,1.0538,1.0529,1.0538,1689.0
1782732600000,1.0537,1.0539,1.0532,1.0532,3007.0
1782732660000,1.0532,1.0601,1.053,1.0565,115796.0
1782732720000,1.0568,1.0573,1.0556,1.0558,7033.0
1782732780000,1.0555,1.0555,1.0541,1.0548,4858.0
1782732840000,1.0548,1.0558,1.0544,1.0558,13044.0
1782732900000,1.0557,1.0557,1.0549,1.0554,4115.0
1782732960000,1.0554,1.0559,1.0542,1.0552,6684.0
1782733020000,1.0553,1.0553,1.0542,1.0542,11743.0
1782733080000,1.0543,1.0543,1.0536,1.0536,4515.0
1782733140000,1.0536,1.0537,1.0518,1.0523,26815.0
1782733200000,1.0524,1.0529,1.0523,1.0526,1485.0
1782733260000,1.0526,1.0527,1.0521,1.0525,2584.0
1782733320000,1.0525,1.0528,1.0522,1.0528,4676.0
1782733380000,1.0528,1.0541,1.0527,1.0537,4277.0
1782733440000,1.0537,1.0537,1.0525,1.0529,4141.0
1782733500000,1.0528,1.0533,1.0524,1.0524,37479.0
1782733560000,1.0524,1.0534,1.0518,1.0534,29722.0
1782733620000,1.0533,1.0535,1.0529,1.0535,13779.0
1782733680000,1.0535,1.0538,1.0529,1.0538,3129.0
1782733740000,1.0537,1.0538,1.0521,1.0522,5016.0
1782733800000,1.0522,1.0529,1.052,1.0528,3511.0
1782733860000,1.0529,1.0529,1.0521,1.0521,1657.0
1782733920000,1.0522,1.0522,1.0514,1.0516,1874.0
1782733980000,1.0516,1.0516,1.0508,1.0512,79643.0
1782734040000,1.0511,1.0515,1.051,1.0511,2178.0
1782734100000,1.051,1.052,1.051,1.0519,12579.0
1782734160000,1.0522,1.0526,1.052,1.0525,7776.0
1782734220000,1.0525,1.0526,1.0521,1.0522,2557.0
1782734280000,1.0521,1.0527,1.0521,1.0526,1610.0
1782734340000,1.0526,1.0534,1.0526,1.0529,1522.0
1782734400000,1.0531,1.0554,1.0512,1.0512,4785.0
1782734460000,1.0512,1.0513,1.0474,1.0505,37134.0
1782734520000,1.0505,1.0543,1.0505,1.0542,13354.0
1782734580000,1.0539,1.0569,1.0534,1.0568,38624.0
1782734640000,1.0568,1.0581,1.0558,1.0569,19999.0
1782734700000,1.0573,1.0591,1.0573,1.0583,33929.0
1782734760000,1.0584,1.0603,1.0581,1.0598,36532.0
1782734820000,1.0598,1.0632,1.0596,1.062,69006.0
1782734880000,1.062,1.0638,1.0609,1.062,26049.0
1782734940000,1.0621,1.0631,1.0605,1.0606,21470.0
1782735000000,1.0606,1.0615,1.0591,1.0614,10584.0
1782735060000,1.0614,1.0619,1.0603,1.0611,12483.0
1782735120000,1.061,1.0654,1.061,1.0649,34261.0
1782735180000,1.0647,1.0654,1.0642,1.0646,51933.0
1782735240000,1.0646,1.0649,1.0632,1.0632,29231.0
1782735300000,1.0632,1.065,1.0627,1.0628,7873.0
1782735360000,1.0628,1.0642,1.0621,1.0622,34439.0
1782735420000,1.0621,1.0628,1.0615,1.0623,18716.0
1782735480000,1.0627,1.0644,1.0626,1.0633,41330.0
1782735540000,1.0633,1.0637,1.0621,1.0627,19372.0
1782735600000,1.0627,1.0635,1.0617,1.0618,8875.0
1782735660000,1.0618,1.0618,1.0612,1.0616,17449.0
1782735720000,1.0613,1.0617,1.0605,1.0615,8607.0
1782735780000,1.0615,1.0617,1.0595,1.06,12221.0
1782735840000,1.06,1.0606,1.0599,1.0602,10281.0
1782735900000,1.0603,1.0612,1.0602,1.0612,2823.0
1782735960000,1.0612,1.0621,1.0611,1.0616,10089.0
1782736020000,1.0621,1.0628,1.0619,1.0628,13717.0
1782736080000,1.0628,1.0628,1.0624,1.0626,7004.0
1782736140000,1.0627,1.0629,1.0624,1.0626,20452.0
1782736200000,1.0626,1.0627,1.0621,1.0623,5548.0
1782736260000,1.0624,1.0627,1.0616,1.0618,29662.0
1782736320000,1.0617,1.0617,1.0608,1.0612,4002.0
1782736380000,1.0612,1.0617,1.0611,1.0617,6057.0
1782736440000,1.0617,1.0622,1.0616,1.0619,4479.0
1782736500000,1.062,1.0636,1.0619,1.0624,20881.0
1782736560000,1.0624,1.0624,1.0614,1.0615,3558.0
1782736620000,1.0614,1.0615,1.0599,1.06,2694.0
1782736680000,1.0599,1.0599,1.0548,1.0555,120119.0
1782736740000,1.0554,1.0555,1.0535,1.0541,40306.0
1782736800000,1.054,1.0549,1.0533,1.0537,10060.0
1782736860000,1.0538,1.055,1.0532,1.0546,58243.0
1782736920000,1.0547,1.0555,1.0532,1.0542,27745.0
1782736980000,1.0542,1.0551,1.0542,1.055,7148.0
1782737040000,1.055,1.0551,1.0547,1.0547,5464.0
1782737100000,1.0547,1.0556,1.0539,1.0556,12591.0
1782737160000,1.0555,1.0564,1.0555,1.0563,34278.0
1782737220000,1.0563,1.0565,1.0562,1.0564,22086.0
1782737280000,1.0564,1.0565,1.0547,1.0551,19965.0
1782737340000,1.0552,1.0564,1.0548,1.0548,11045.0
1782737400000,1.0549,1.0564,1.0548,1.0561,5506.0
1782737460000,1.0561,1.0562,1.0522,1.0523,8632.0
1782737520000,1.0522,1.0533,1.0517,1.0533,31759.0
1782737580000,1.0533,1.0537,1.053,1.0536,8427.0
1782737640000,1.0537,1.0542,1.0536,1.0542,4381.0
1782737700000,1.0541,1.0549,1.0538,1.0544,3927.0
1782737760000,1.0545,1.0545,1.054,1.0544,4807.0
1782737820000,1.0543,1.0553,1.0543,1.0552,21045.0
1782737880000,1.0552,1.0553,1.055,1.055,3596.0
1782737940000,1.0551,1.0551,1.0547,1.0548,2211.0
1782738000000,1.0548,1.0567,1.0547,1.0565,18570.0
1782738060000,1.0565,1.0577,1.0563,1.0574,19156.0
1782738120000,1.0574,1.0581,1.0566,1.0573,4402.0
1782738180000,1.0574,1.0582,1.0573,1.0576,3826.0
1782738240000,1.0577,1.0592,1.0576,1.059,4876.0
1782738300000,1.0591,1.0601,1.0586,1.0599,19521.0
1782738360000,1.0601,1.0603,1.059,1.0591,4145.0
1782738420000,1.0587,1.0594,1.0581,1.0594,4718.0
1782738480000,1.0593,1.0594,1.0575,1.0576,6535.0
1782738540000,1.0576,1.0576,1.0568,1.0572,4397.0
1782738600000,1.0571,1.0582,1.0571,1.0578,4953.0
1782738660000,1.0577,1.0591,1.0574,1.0591,6107.0
1782738720000,1.0591,1.0618,1.0587,1.0611,27431.0
1782738780000,1.0612,1.0612,1.0604,1.0612,11734.0
1782738840000,1.0611,1.0612,1.0602,1.0602,9452.0
1782738900000,1.0608,1.0608,1.0602,1.0603,21129.0
1782738960000,1.0604,1.0604,1.0597,1.0603,4282.0
1782739020000,1.0602,1.0608,1.06,1.0608,2451.0
1782739080000,1.0608,1.0612,1.0606,1.0609,5428.0
1782739140000,1.061,1.061,1.0604,1.061,5678.0
1782739200000,1.0609,1.061,1.0599,1.0601,5458.0
1782739260000,1.0601,1.0601,1.0583,1.0592,22363.0
1782739320000,1.0592,1.0595,1.0582,1.0582,6967.0
1782739380000,1.0583,1.0583,1.0574,1.0575,3626.0
1782739440000,1.0576,1.0576,1.0566,1.0567,4859.0
1782739500000,1.0568,1.0568,1.0552,1.0564,34028.0
1782739560000,1.0563,1.057,1.0563,1.0566,3397.0
1782739620000,1.0566,1.0566,1.0552,1.0561,25789.0
1782739680000,1.057,1.0571,1.0551,1.0559,4610.0
1782739740000,1.056,1.056,1.0547,1.0553,25298.0
1782739800000,1.0553,1.0566,1.0515,1.0563,21405.0
1782739860000,1.0569,1.0601,1.0568,1.0582,5259.0
1782739920000,1.0584,1.0594,1.0578,1.0581,2624.0
1782739980000,1.0577,1.0598,1.0569,1.0569,3809.0
1782740040000,1.0569,1.0586,1.0561,1.0583,3157.0
1782740100000,1.0583,1.0583,1.0549,1.055,3812.0
1782740160000,1.055,1.0557,1.0536,1.0547,4940.0
1782740220000,1.0546,1.0547,1.053,1.0535,1776.0
1782740280000,1.0535,1.0535,1.0514,1.052,16878.0
1782740340000,1.0521,1.0526,1.0504,1.0509,6246.0
1782740400000,1.0508,1.0524,1.049,1.0523,28004.0
1782740460000,1.0523,1.0524,1.0482,1.0491,38805.0
1782740520000,1.0491,1.0502,1.0479,1.0492,19336.0
1782740580000,1.0492,1.0493,1.0456,1.0458,39403.0
1782740640000,1.0458,1.0466,1.0452,1.0461,26751.0
1782740700000,1.0455,1.0476,1.0455,1.0473,26011.0
1782740760000,1.0468,1.047,1.0438,1.0452,242257.0
1782740820000,1.0454,1.0472,1.0451,1.0456,35125.0
1782740880000,1.0456,1.0474,1.045,1.0463,120489.0
1782740940000,1.0467,1.0468,1.045,1.0462,14693.0
1782741000000,1.0463,1.047,1.0449,1.0468,120760.0
1782741060000,1.0474,1.0483,1.0468,1.0471,29838.0
1782741120000,1.0471,1.0504,1.047,1.0495,10748.0
1782741180000,1.0495,1.0496,1.0482,1.0483,2225.0
1782741240000,1.0483,1.0491,1.0473,1.0477,2949.0
1782741300000,1.0476,1.0483,1.0464,1.0465,2009.0
1782741360000,1.0464,1.048,1.0457,1.0477,16831.0
1782741420000,1.0473,1.0481,1.0464,1.0467,13356.0
1782741480000,1.0467,1.0489,1.0465,1.0477,12486.0
1782741540000,1.0479,1.0498,1.0477,1.0495,30858.0
1782741600000,1.05,1.05,1.0477,1.049,2812.0
1782741660000,1.049,1.0494,1.0475,1.0479,4213.0
1782741720000,1.0479,1.0494,1.0478,1.0485,22353.0
1782741780000,1.0485,1.0491,1.0478,1.0486,2768.0
1782741840000,1.0485,1.0505,1.0478,1.05,11842.0
1782741900000,1.0495,1.0496,1.0462,1.0471,46249.0
1782741960000,1.0473,1.0491,1.0471,1.0472,2385.0
1782742020000,1.0472,1.0473,1.0456,1.0457,13953.0
1782742080000,1.0457,1.046,1.0444,1.046,7124.0
1782742140000,1.0466,1.0469,1.0456,1.0459,1882.0
1782742200000,1.0459,1.0472,1.0451,1.0454,2247.0
1782742260000,1.0455,1.0455,1.0424,1.0424,48432.0
1782742320000,1.0425,1.0428,1.0412,1.0423,14722.0
1782742380000,1.0422,1.0432,1.0422,1.0428,9307.0
1782742440000,1.0429,1.0429,1.0417,1.0417,11089.0
1782742500000,1.0417,1.0447,1.041,1.044,11947.0
1782742560000,1.044,1.0446,1.0412,1.0412,3474.0
1782742620000,1.0412,1.0428,1.0405,1.0424,51469.0
1782742680000,1.0423,1.0436,1.0411,1.043,26802.0
1782742740000,1.043,1.0443,1.0429,1.0438,5638.0
1782742800000,1.0433,1.0434,1.042,1.0424,1875.0
1782742860000,1.0424,1.0429,1.041,1.041,103036.0
1782742920000,1.0411,1.0425,1.041,1.0415,7034.0
1782742980000,1.0415,1.0416,1.0395,1.0407,143275.0
1782743040000,1.0407,1.0426,1.0399,1.0421,135435.0
1782743100000,1.0426,1.0442,1.0423,1.044,12557.0
1782743160000,1.0439,1.044,1.0425,1.0437,1953.0
1782743220000,1.0437,1.0453,1.0437,1.0448,18940.0
1782743280000,1.0448,1.0464,1.0445,1.0462,2515.0
1782743340000,1.0465,1.0465,1.0446,1.0446,9291.0
1782743400000,1.0446,1.0461,1.0445,1.046,2039.0
1782743460000,1.0454,1.0455,1.0436,1.0436,2505.0
1782743520000,1.0437,1.0441,1.0417,1.0426,3238.0
1782743580000,1.0426,1.0475,1.0425,1.0462,9127.0
1782743640000,1.0463,1.0475,1.0446,1.0452,11650.0
1782743700000,1.0451,1.0452,1.0441,1.0448,3694.0
1782743760000,1.0448,1.0456,1.0448,1.0452,3572.0
1782743820000,1.0452,1.0453,1.0441,1.0447,176136.0
1782743880000,1.0447,1.046,1.0443,1.0444,3311.0
1782743940000,1.0444,1.0455,1.0443,1.0453,25737.0
1782744000000,1.0453,1.0453,1.0437,1.044,1759.0
1782744060000,1.0443,1.0456,1.0442,1.0453,3402.0
1782744120000,1.0454,1.0456,1.0446,1.0448,3832.0
1782744180000,1.0448,1.0448,1.0433,1.0442,1450.0
1782744240000,1.0442,1.0444,1.0424,1.0433,490976.0
1782744300000,1.0433,1.0438,1.0425,1.0438,358819.0
1782744360000,1.0437,1.0441,1.0427,1.0437,33818.0
1782744420000,1.0437,1.0439,1.0428,1.0429,1761.0
1782744480000,1.0428,1.0436,1.0424,1.0425,2962.0
1782744540000,1.0424,1.0445,1.0411,1.044,1002316.0
1782744600000,1.044,1.0455,1.0439,1.0449,131792.0
1782744660000,1.0448,1.0449,1.0434,1.0443,1687.0
1782744720000,1.0443,1.0446,1.0439,1.0446,2627.0
1782744780000,1.0446,1.0465,1.0444,1.0464,51381.0
1782744840000,1.0465,1.049,1.0464,1.0488,1911255.0
1782744900000,1.0487,1.0488,1.0479,1.0482,6203.0
1782744960000,1.0482,1.0491,1.0478,1.0478,8055.0
1782745020000,1.0479,1.0482,1.0471,1.0471,9598.0
1782745080000,1.0472,1.0481,1.0467,1.0472,4102.0
1782745140000,1.0471,1.0487,1.0471,1.0487,17790.0
1782745200000,1.0492,1.0492,1.0474,1.048,4387.0
1782745260000,1.0476,1.0477,1.0459,1.0459,4386.0
1782745320000,1.0459,1.0463,1.0456,1.0456,2270.0
1782745380000,1.0457,1.0457,1.0439,1.044,4578.0
1782745440000,1.044,1.0441,1.043,1.0431,135177.0
1782745500000,1.043,1.0431,1.0416,1.0429,3338.0
1782745560000,1.0431,1.0431,1.0417,1.0422,2080.0
1782745620000,1.0423,1.0425,1.0414,1.0421,7287.0
1782745680000,1.0421,1.0436,1.042,1.0434,2854.0
1782745740000,1.0434,1.0438,1.043,1.0436,123494.0
1782745800000,1.0436,1.0445,1.0431,1.0434,2326.0
1782745860000,1.0434,1.0435,1.0414,1.0414,100948.0
1782745920000,1.0414,1.0417,1.0405,1.0407,9738.0
1782745980000,1.0407,1.0415,1.0407,1.0413,14389.0
1782746040000,1.0414,1.0425,1.0412,1.0423,103757.0
1782746100000,1.0422,1.0438,1.0422,1.0429,2388.0
1782746160000,1.0427,1.0434,1.0421,1.0434,2568.0
1782746220000,1.0433,1.0437,1.0432,1.0432,1976.0
1782746280000,1.0432,1.0448,1.0431,1.0448,9674.0
1782746340000,1.0448,1.0453,1.0443,1.0451,2447.0
1782746400000,1.0452,1.0452,1.0433,1.0435,2886.0
1782746460000,1.0436,1.0443,1.0433,1.0433,3759.0
1782746520000,1.0433,1.044,1.0423,1.0425,3309.0
1782746580000,1.0426,1.043,1.0418,1.0419,2930.0
1782746640000,1.0418,1.0429,1.0414,1.0428,2109.0
1782746700000,1.0429,1.0429,1.0419,1.0427,4258.0
1782746760000,1.0427,1.0436,1.0426,1.0436,1638.0
1782746820000,1.0435,1.0448,1.0433,1.0447,3934.0
1782746880000,1.0447,1.0456,1.0444,1.0445,11542.0
1782746940000,1.0444,1.0464,1.0444,1.0458,15065.0
1782747000000,1.0458,1.0485,1.0458,1.0474,4820.0
1782747060000,1.047,1.0475,1.0465,1.047,5067.0
1782747120000,1.047,1.0494,1.0468,1.0474,5427.0
1782747180000,1.0474,1.0481,1.0474,1.048,7827.0
1782747240000,1.0476,1.0482,1.0462,1.0464,3489.0
1782747300000,1.0464,1.0476,1.0455,1.0476,54171.0
1782747360000,1.0475,1.0507,1.0475,1.0493,17034.0
1782747420000,1.0493,1.0498,1.0492,1.0497,13732.0
1782747480000,1.0498,1.0512,1.0497,1.0505,28671.0
1782747540000,1.0505,1.0508,1.0497,1.0502,7227.0
1782747600000,1.0502,1.0503,1.0491,1.0491,8032.0
1782747660000,1.049,1.0493,1.0478,1.0488,7968.0
1782747720000,1.0487,1.0498,1.0484,1.0488,2190.0
1782747780000,1.0487,1.0501,1.0487,1.0497,6336.0
1782747840000,1.0498,1.0504,1.0497,1.0504,3985.0
1782747900000,1.0504,1.0507,1.0495,1.0496,3606.0
1782747960000,1.0496,1.0496,1.0486,1.0486,21703.0
1782748020000,1.0485,1.0502,1.0484,1.0497,8518.0
1782748080000,1.0499,1.05,1.0496,1.0497,19793.0
1782748140000,1.0497,1.0497,1.0489,1.0492,2358.0
1782748200000,1.0492,1.0507,1.0492,1.0505,4022.0
1782748260000,1.0505,1.0506,1.0496,1.05,24239.0
1782748320000,1.0499,1.0502,1.0488,1.0492,2332.0
1782748380000,1.0491,1.0514,1.0491,1.0512,14125.0
1782748440000,1.0511,1.0514,1.0511,1.0513,5344.0
1782748500000,1.0514,1.0514,1.0504,1.0505,6221.0
1782748560000,1.0506,1.0508,1.0494,1.0496,8332.0
1782748620000,1.0496,1.0496,1.0487,1.0493,2587.0
1782748680000,1.0493,1.0493,1.0486,1.0487,1688.0
1782748740000,1.0486,1.0491,1.0486,1.049,1544.0
1782748800000,1.049,1.0496,1.0481,1.0487,12375.0
1782748860000,1.0486,1.0487,1.0481,1.0487,2362.0
1782748920000,1.0487,1.0492,1.0478,1.0478,1439.0
1782748980000,1.0478,1.0482,1.0478,1.0482,7033.0
1782749040000,1.0482,1.0483,1.0479,1.0482,2550.0
1782749100000,1.0483,1.0506,1.048,1.0501,20762.0
1782749160000,1.0501,1.0502,1.0487,1.0498,4460.0
1782749220000,1.0493,1.0497,1.0488,1.0496,1962.0
1782749280000,1.0495,1.0495,1.0485,1.0486,2123.0
1782749340000,1.0486,1.0486,1.048,1.0481,7538.0
1782749400000,1.0481,1.0486,1.0474,1.0476,6731.0
1782749460000,1.0476,1.0486,1.0475,1.0486,1740.0
1782749520000,1.0486,1.0496,1.0481,1.0485,2068.0
1782749580000,1.0486,1.0486,1.0474,1.0475,1449.0
1782749640000,1.0474,1.0475,1.0466,1.0473,206309.0
1782749700000,1.0472,1.0483,1.0472,1.0478,1809.0
1782749760000,1.0477,1.0478,1.0474,1.0477,3717.0
1782749820000,1.0477,1.0477,1.0467,1.0471,5200.0
1782749880000,1.0472,1.0472,1.0467,1.0468,3310.0
1782749940000,1.0468,1.0469,1.0466,1.0468,1492.0
1782750000000,1.0468,1.0469,1.0457,1.0461,8968.0
1782750060000,1.0461,1.0462,1.0453,1.0453,1924.0
1782750120000,1.0454,1.0459,1.045,1.045,11290.0
1782750180000,1.0453,1.0458,1.0453,1.0458,6505.0
1782750240000,1.0457,1.0462,1.0452,1.0453,10471.0
1782750300000,1.0453,1.0453,1.0438,1.0438,3922.0
1782750360000,1.0438,1.0442,1.043,1.043,1683.0
1782750420000,1.043,1.0432,1.0425,1.0431,11193.0
1782750480000,1.0432,1.0433,1.0428,1.0429,2339.0
1782750540000,1.0429,1.043,1.0425,1.0427,3547.0
1782750600000,1.0427,1.0448,1.0426,1.0445,7074.0
1782750660000,1.0444,1.0444,1.0434,1.0437,1448.0
1782750720000,1.0436,1.0441,1.0434,1.0437,3713.0
1782750780000,1.0437,1.0438,1.0429,1.0435,4677.0
1782750840000,1.0435,1.0437,1.0431,1.0436,1955.0
1782750900000,1.0437,1.0442,1.0433,1.0441,2102.0
1782750960000,1.0442,1.0443,1.0439,1.0442,2394.0
1782751020000,1.0443,1.0454,1.0442,1.0454,1830.0
1782751080000,1.0454,1.0454,1.0444,1.0451,1489.0
1782751140000,1.045,1.0466,1.045,1.0465,2815.0
1782751200000,1.0465,1.0473,1.0465,1.047,5663.0
1782751260000,1.047,1.0485,1.047,1.0485,3029.0
1782751320000,1.0485,1.0486,1.048,1.0482,2132.0
1782751380000,1.0482,1.0485,1.0481,1.0485,1623.0
1782751440000,1.0484,1.0492,1.0482,1.049,4413.0
1782751500000,1.049,1.0495,1.0486,1.0486,10120.0
1782751560000,1.0486,1.049,1.0479,1.0487,7808.0
1782751620000,1.0488,1.051,1.0487,1.051,12721.0
1782751680000,1.0509,1.0525,1.0509,1.0519,31465.0
1782751740000,1.0518,1.0524,1.0516,1.0522,6738.0
1782751800000,1.0523,1.0528,1.0518,1.0518,14135.0
1782751860000,1.0518,1.0519,1.0514,1.0514,2393.0
1782751920000,1.0514,1.0515,1.0501,1.0501,4324.0
1782751980000,1.0501,1.0502,1.0495,1.0496,11927.0
1782752040000,1.0497,1.0503,1.0496,1.0503,1700.0
1782752100000,1.0502,1.0503,1.0487,1.049,3120.0
1782752160000,1.049,1.05,1.0489,1.05,7549.0
1782752220000,1.05,1.0503,1.0499,1.0502,2743.0
1782752280000,1.0507,1.0508,1.0505,1.0505,3248.0
1782752340000,1.0506,1.0508,1.0503,1.0504,1884.0
1782752400000,1.0503,1.0507,1.0501,1.0506,1837.0
1782752460000,1.0507,1.0508,1.0503,1.0508,1506.0
1782752520000,1.0508,1.0528,1.0507,1.0524,8288.0
1782752580000,1.0524,1.054,1.0524,1.0536,11313.0
1782752640000,1.0537,1.0545,1.0536,1.0545,6474.0
1782752700000,1.0543,1.058,1.0543,1.0568,41306.0
1782752760000,1.0567,1.0577,1.0567,1.0571,19196.0
1782752820000,1.0572,1.0572,1.0558,1.0565,26387.0
1782752880000,1.0565,1.0577,1.0561,1.0564,1929.0
1782752940000,1.0564,1.0564,1.0551,1.056,8317.0
1782753000000,1.056,1.0573,1.0559,1.0571,1857.0
1782753060000,1.0573,1.0581,1.057,1.0575,3979.0
1782753120000,1.0575,1.06,1.0574,1.0595,18089.0
1782753180000,1.0595,1.0644,1.0589,1.0623,60139.0
1782753240000,1.0623,1.0642,1.062,1.0631,67527.0
1782753300000,1.0631,1.0676,1.063,1.0657,50778.0
1782753360000,1.0664,1.0668,1.0641,1.0656,82104.0
1782753420000,1.0656,1.0657,1.0628,1.0654,27923.0
1782753480000,1.0652,1.0656,1.0642,1.0649,12903.0
1782753540000,1.0649,1.0653,1.0639,1.0647,11983.0
1782753600000,1.0647,1.0656,1.064,1.064,14086.0
1782753660000,1.0641,1.0641,1.0614,1.0617,16917.0
1782753720000,1.0612,1.0625,1.0611,1.062,3929.0
1782753780000,1.0621,1.0623,1.0611,1.0615,57224.0
1782753840000,1.0615,1.062,1.0614,1.0616,6153.0
1782753900000,1.0616,1.063,1.0608,1.063,24718.0
1782753960000,1.063,1.0631,1.0622,1.0622,3233.0
1782754020000,1.0623,1.0641,1.0622,1.0638,8137.0
1782754080000,1.0638,1.0651,1.0638,1.0651,19747.0
1782754140000,1.0651,1.0655,1.0643,1.0652,16758.0
1782754200000,1.0652,1.0671,1.0649,1.0671,48287.0
1782754260000,1.0676,1.0684,1.0663,1.0673,50011.0
1782754320000,1.0672,1.0673,1.0647,1.0651,5013.0
1782754380000,1.0651,1.0651,1.0637,1.0643,14801.0
1782754440000,1.0643,1.0645,1.0642,1.0642,10038.0
1782754500000,1.0643,1.065,1.0641,1.0647,3274.0
1782754560000,1.0644,1.065,1.0638,1.065,4789.0
1782754620000,1.065,1.0655,1.064,1.064,20978.0
1782754680000,1.064,1.0643,1.0635,1.0642,12198.0
1782754740000,1.0642,1.0644,1.0639,1.0641,11993.0
1782754800000,1.064,1.0647,1.064,1.0647,1897.0
1782754860000,1.0646,1.0661,1.0645,1.0661,1935.0
1782754920000,1.066,1.0665,1.0651,1.0656,12866.0
1782754980000,1.066,1.0664,1.0656,1.0656,3673.0
1782755040000,1.0657,1.0681,1.0656,1.0677,13467.0
1782755100000,1.0675,1.0679,1.0661,1.0663,3300.0
1782755160000,1.0669,1.0685,1.0668,1.0684,21710.0
1782755220000,1.0685,1.0685,1.0664,1.0665,6427.0
1782755280000,1.0665,1.0669,1.066,1.0667,4481.0
1782755340000,1.0667,1.0672,1.0655,1.0671,2606.0
1782755400000,1.067,1.0671,1.0653,1.0662,43041.0
1782755460000,1.0661,1.0665,1.0657,1.0662,51624.0
1782755520000,1.0663,1.0672,1.066,1.0672,3258.0
1782755580000,1.0671,1.0674,1.0663,1.0669,9065.0
1782755640000,1.067,1.0673,1.0657,1.0661,126528.0
1782755700000,1.066,1.0669,1.0658,1.0664,132960.0
1782755760000,1.0663,1.0672,1.0663,1.0671,4915.0
1782755820000,1.0671,1.0675,1.066,1.0663,135765.0
1782755880000,1.0664,1.0664,1.0655,1.0656,1674.0
1782755940000,1.0655,1.0656,1.0651,1.0652,8626.0
1782756000000,1.0651,1.0655,1.0633,1.0637,6313.0
1782756060000,1.0638,1.0657,1.0637,1.0656,8084.0
1782756120000,1.0657,1.0657,1.0644,1.065,1739.0
1782756180000,1.0649,1.0661,1.0649,1.0656,52357.0
1782756240000,1.0656,1.0658,1.0651,1.0657,3683.0
1782756300000,1.0657,1.0662,1.0655,1.0655,7022.0
1782756360000,1.0656,1.0659,1.0649,1.0659,5801.0
1782756420000,1.0658,1.066,1.0656,1.066,12630.0
1782756480000,1.0659,1.0672,1.0659,1.0669,142609.0
1782756540000,1.0669,1.0672,1.066,1.0663,140566.0
1782756600000,1.0662,1.0668,1.0662,1.0668,5174.0
1782756660000,1.0668,1.0673,1.0667,1.0673,136270.0
1782756720000,1.0672,1.0681,1.0672,1.068,15391.0
1782756780000,1.0681,1.0689,1.0676,1.0682,9255.0
1782756840000,1.0682,1.0684,1.0673,1.0684,33941.0
1782756900000,1.0684,1.0684,1.0675,1.0678,53911.0
1782756960000,1.0679,1.0679,1.0668,1.0672,4382.0
1782757020000,1.0671,1.0671,1.0663,1.0666,16772.0
1782757080000,1.0667,1.0667,1.0658,1.0662,3148.0
1782757140000,1.0662,1.0677,1.0662,1.0677,2090.0
1782757200000,1.0673,1.0674,1.0664,1.0671,20650.0
1782757260000,1.067,1.0681,1.067,1.0681,13928.0
1782757320000,1.0681,1.0687,1.0679,1.0683,6647.0
1782757380000,1.0684,1.0688,1.0675,1.0676,2047.0
1782757440000,1.0676,1.0676,1.0662,1.0663,1606.0
1782757500000,1.0663,1.0663,1.0659,1.0662,25518.0
1782757560000,1.0663,1.0666,1.0662,1.0662,8395.0
1782757620000,1.0663,1.0666,1.0648,1.0658,7484.0
1782757680000,1.0658,1.0658,1.0641,1.0642,8343.0
1782757740000,1.0642,1.0647,1.0638,1.0641,7627.0
1782757800000,1.0641,1.0641,1.0635,1.0636,1527.0
1782757860000,1.0636,1.064,1.0628,1.0635,38752.0
1782757920000,1.0636,1.0644,1.0635,1.0641,1723.0
1782757980000,1.064,1.0641,1.0622,1.0628,7121.0
1782758040000,1.0628,1.0632,1.0627,1.0632,2106.0
1782758100000,1.0631,1.0642,1.0631,1.0636,21125.0
1782758160000,1.0636,1.0639,1.0626,1.0638,1723.0
1782758220000,1.0639,1.0647,1.0635,1.0644,1919.0
1782758280000,1.0644,1.0655,1.0643,1.0653,7659.0
1782758340000,1.0653,1.0657,1.0645,1.0657,6335.0
1782758400000,1.0656,1.0664,1.0656,1.0664,1717.0
1782758460000,1.0664,1.0667,1.0651,1.0652,2483.0
1782758520000,1.0652,1.0654,1.065,1.065,2699.0
1782758580000,1.0652,1.0656,1.065,1.0652,2090.0
1782758640000,1.0652,1.066,1.0651,1.066,5929.0
1782758700000,1.0658,1.066,1.0645,1.065,2592.0
1782758760000,1.0651,1.0651,1.0644,1.0644,29312.0
1782758820000,1.0645,1.0645,1.0644,1.0645,1898.0
1782758880000,1.0644,1.0645,1.0641,1.0644,3035.0
1782758940000,1.0645,1.0645,1.0644,1.0645,1830.0
1782759000000,1.0641,1.0641,1.0633,1.0633,1941.0
1782759060000,1.0633,1.0638,1.0631,1.0631,3901.0
1782759120000,1.0631,1.0638,1.0631,1.0634,2192.0
1782759180000,1.0635,1.0638,1.0634,1.0637,2141.0
1782759240000,1.0638,1.0638,1.0637,1.0637,1447.0
1782759300000,1.0638,1.064,1.0632,1.0637,1577.0
1782759360000,1.0636,1.0642,1.0636,1.0638,3173.0
1782759420000,1.0639,1.0639,1.0634,1.0634,5142.0
1782759480000,1.0635,1.064,1.0629,1.0636,12871.0
1782759540000,1.0635,1.0645,1.0635,1.0644,7855.0
1782759600000,1.0645,1.0648,1.0637,1.0637,5902.0
1782759660000,1.0637,1.0644,1.0633,1.0633,1539.0
1782759720000,1.0633,1.0634,1.0633,1.0633,3275.0
1782759780000,1.0634,1.0641,1.0633,1.0635,4531.0
1782759840000,1.0636,1.0643,1.0633,1.064,5413.0
1782759900000,1.0639,1.064,1.0636,1.0639,2547.0
1782759960000,1.0638,1.0639,1.0632,1.0635,1790.0
1782760020000,1.0634,1.0647,1.0634,1.0644,2864.0
1782760080000,1.0647,1.0647,1.0643,1.0646,1991.0
1782760140000,1.0646,1.0653,1.0645,1.0652,2443.0
1782760200000,1.0653,1.0655,1.065,1.0655,52339.0
1782760260000,1.0654,1.0669,1.0654,1.0667,14379.0
1782760320000,1.0667,1.0668,1.0656,1.0657,15674.0
1782760380000,1.0657,1.0657,1.0652,1.0653,5834.0
1782760440000,1.0652,1.0653,1.0646,1.0646,5484.0
1782760500000,1.0646,1.0647,1.0643,1.0644,6954.0
1782760560000,1.0643,1.0651,1.064,1.065,1460.0
1782760620000,1.0651,1.0656,1.065,1.0656,8922.0
1782760680000,1.0656,1.0658,1.0652,1.0653,3314.0
1782760740000,1.0654,1.0669,1.0653,1.0668,9691.0
1782760800000,1.0668,1.0678,1.0668,1.0673,9516.0
1782760860000,1.0672,1.0676,1.0672,1.0675,2478.0
1782760920000,1.0676,1.068,1.0675,1.0679,1880.0
1782760980000,1.0679,1.0687,1.0679,1.0686,9767.0
1782761040000,1.0686,1.0705,1.0686,1.0697,37926.0
1782761100000,1.0697,1.0702,1.0686,1.0696,9162.0
1782761160000,1.0696,1.0699,1.0692,1.0698,6460.0
1782761220000,1.0699,1.0708,1.0698,1.0708,6675.0
1782761280000,1.0707,1.0714,1.0702,1.0714,20793.0
1782761340000,1.0714,1.0717,1.0704,1.0705,45124.0
1782761400000,1.0704,1.071,1.0699,1.0707,10488.0
1782761460000,1.0707,1.0718,1.0707,1.0712,3396.0
1782761520000,1.0712,1.0717,1.0708,1.0712,2462.0
1782761580000,1.0712,1.0712,1.0692,1.0693,46048.0
1782761640000,1.0693,1.0694,1.0684,1.0693,4034.0
1782761700000,1.0692,1.0698,1.0692,1.0695,14646.0
1782761760000,1.0695,1.0702,1.0691,1.0698,52135.0
1782761820000,1.0698,1.0708,1.0698,1.0705,3433.0
1782761880000,1.0705,1.0712,1.0704,1.0704,5367.0
1782761940000,1.0704,1.0708,1.0699,1.0707,2278.0
1782762000000,1.0707,1.0717,1.0704,1.071,3901.0
1782762060000,1.0709,1.0718,1.0709,1.0714,4060.0
1782762120000,1.0715,1.0736,1.0709,1.073,34578.0
1782762180000,1.0733,1.0742,1.0732,1.0741,24990.0
1782762240000,1.0742,1.0756,1.0741,1.0752,44335.0
1782762300000,1.0752,1.076,1.0742,1.0753,25842.0
1782762360000,1.0753,1.0756,1.0747,1.0754,31507.0
1782762420000,1.0754,1.0758,1.0742,1.0742,10071.0
1782762480000,1.0743,1.0744,1.0732,1.0739,9480.0
1782762540000,1.0738,1.0744,1.0735,1.0738,4744.0
1782762600000,1.073,1.0733,1.0715,1.0733,13290.0
1782762660000,1.0732,1.0736,1.0725,1.0729,8204.0
1782762720000,1.073,1.073,1.0722,1.0722,2992.0
1782762780000,1.0722,1.0726,1.0717,1.072,7076.0
1782762840000,1.0716,1.0716,1.0698,1.0708,11411.0
1782762900000,1.0707,1.0719,1.0707,1.071,2291.0
1782762960000,1.0706,1.0707,1.0701,1.0701,2712.0
1782763020000,1.0701,1.0712,1.0701,1.0706,10528.0
1782763080000,1.0707,1.0727,1.0706,1.0717,16492.0
1782763140000,1.0717,1.0746,1.0716,1.0744,3068.0
1782763200000,1.0745,1.0747,1.0716,1.0721,10238.0
1782763260000,1.0721,1.0727,1.0719,1.0727,3719.0
1782763320000,1.0727,1.0727,1.0719,1.0726,5610.0
1782763380000,1.0727,1.0732,1.0717,1.0726,5206.0
1782763440000,1.0727,1.0727,1.0717,1.0718,6519.0
1782763500000,1.0717,1.0718,1.071,1.0717,3121.0
1782763560000,1.0718,1.0718,1.0711,1.0715,1846.0
1782763620000,1.0715,1.0719,1.0705,1.0711,5118.0
1782763680000,1.071,1.0718,1.0707,1.0707,7055.0
1782763740000,1.0707,1.0712,1.0707,1.0707,6800.0
1782763800000,1.0708,1.0713,1.0706,1.0708,3889.0
1782763860000,1.0706,1.0708,1.0688,1.0691,17749.0
1782763920000,1.069,1.0696,1.069,1.0695,4712.0
1782763980000,1.0696,1.0696,1.0689,1.0692,2456.0
1782764040000,1.0692,1.0693,1.0689,1.0692,2066.0
1782764100000,1.0692,1.0693,1.0686,1.0686,2996.0
1782764160000,1.0686,1.0688,1.0681,1.0685,7566.0
1782764220000,1.0686,1.0686,1.068,1.0684,5349.0
1782764280000,1.0684,1.0685,1.0676,1.068,8799.0
1782764340000,1.0679,1.068,1.0676,1.068,2579.0
1782764400000,1.0679,1.0684,1.0678,1.0683,2703.0
1782764460000,1.0683,1.0684,1.0678,1.0679,3223.0
1782764520000,1.0679,1.0689,1.0678,1.0689,7440.0
1782764580000,1.0688,1.0689,1.0679,1.0684,5852.0
1782764640000,1.0684,1.0689,1.0679,1.0686,37348.0
1782764700000,1.0686,1.0688,1.0685,1.0687,14209.0
1782764760000,1.0687,1.0695,1.0683,1.0683,3534.0
1782764820000,1.0684,1.0684,1.0679,1.0683,3380.0
1782764880000,1.0684,1.0684,1.0679,1.0679,1838.0
1782764940000,1.0677,1.0678,1.0673,1.0674,11401.0
1782765000000,1.0674,1.0678,1.0671,1.0672,57009.0
1782765060000,1.0671,1.0672,1.0661,1.0667,12366.0
1782765120000,1.0667,1.0673,1.0666,1.0672,2351.0
1782765180000,1.0673,1.0676,1.0672,1.0675,2370.0
1782765240000,1.0676,1.0681,1.0675,1.0681,1695.0
1782765300000,1.0681,1.0681,1.0676,1.0677,3397.0
1782765360000,1.0677,1.0678,1.0673,1.0674,1464.0
1782765420000,1.0674,1.0674,1.0653,1.0664,31893.0
1782765480000,1.066,1.0665,1.066,1.0664,8291.0
1782765540000,1.0664,1.0667,1.0664,1.0666,3054.0
1782765600000,1.0666,1.0667,1.0658,1.0658,1748.0
1782765660000,1.0658,1.0662,1.0658,1.066,1536.0
1782765720000,1.066,1.066,1.0656,1.0656,3202.0
1782765780000,1.0656,1.0661,1.0656,1.0658,3986.0
1782765840000,1.0658,1.0662,1.0653,1.0661,4643.0
1782765900000,1.0662,1.0662,1.0646,1.0647,15871.0
1782765960000,1.0646,1.0654,1.0646,1.065,5893.0
1782766020000,1.0651,1.0651,1.0645,1.0647,1773.0
1782766080000,1.0647,1.0653,1.0644,1.065,6503.0
1782766140000,1.065,1.0653,1.065,1.0653,9325.0
1782766200000,1.0652,1.0653,1.0646,1.0646,1371.0
1782766260000,1.0647,1.0648,1.0641,1.0641,2736.0
1782766320000,1.0641,1.0643,1.064,1.064,3048.0
1782766380000,1.0641,1.0641,1.0637,1.0638,7366.0
1782766440000,1.0638,1.0638,1.0633,1.0633,8551.0
1782766500000,1.0633,1.0634,1.0628,1.0628,3756.0
1782766560000,1.0629,1.0632,1.0627,1.0628,2743.0
1782766620000,1.0627,1.0635,1.0627,1.0634,2524.0
1782766680000,1.0634,1.064,1.0634,1.0639,4773.0
1782766740000,1.0639,1.064,1.0632,1.0633,1933.0
1782766800000,1.0632,1.0633,1.0627,1.0628,2381.0
1782766860000,1.0627,1.0633,1.0625,1.0633,1909.0
1782766920000,1.0632,1.0633,1.0632,1.0632,3344.0
1782766980000,1.0632,1.0639,1.0632,1.0632,6356.0
1782767040000,1.0632,1.0633,1.0611,1.0611,167542.0
1782767100000,1.0613,1.0613,1.0595,1.0598,30586.0
1782767160000,1.0598,1.0608,1.0598,1.0605,2824.0
1782767220000,1.0604,1.0613,1.0604,1.0611,7620.0
1782767280000,1.0611,1.0613,1.0611,1.0613,1499.0
1782767340000,1.0611,1.0613,1.0606,1.0606,2463.0
1782767400000,1.0606,1.0617,1.0606,1.0612,13227.0
1782767460000,1.0612,1.0612,1.0611,1.0612,4663.0
1782767520000,1.0612,1.0614,1.0611,1.0614,3573.0
1782767580000,1.0613,1.0635,1.0613,1.0629,15331.0
1782767640000,1.0628,1.0629,1.0628,1.0628,13999.0
1782767700000,1.0629,1.0629,1.0624,1.0625,13671.0
1782767760000,1.0625,1.0625,1.0612,1.0612,10246.0
1782767820000,1.0613,1.0613,1.0604,1.0605,2502.0
1782767880000,1.0604,1.0607,1.0604,1.0604,1812.0
1782767940000,1.0605,1.0612,1.0604,1.0611,1872.0
1782768000000,1.0611,1.0618,1.0611,1.0618,1460.0
1782768060000,1.0618,1.062,1.0615,1.0618,11613.0
1782768120000,1.0621,1.0623,1.0618,1.0619,5524.0
1782768180000,1.0619,1.0624,1.0618,1.0623,1778.0
1782768240000,1.0624,1.0624,1.0618,1.0618,1963.0
1782768300000,1.0619,1.0623,1.0618,1.0622,12501.0
1782768360000,1.0623,1.0625,1.0619,1.062,3571.0
1782768420000,1.0619,1.0627,1.0619,1.0625,1565.0
1782768480000,1.0624,1.0625,1.062,1.0624,6412.0
1782768540000,1.0623,1.0627,1.0623,1.0627,1937.0
1782768600000,1.0626,1.0633,1.0626,1.0633,14949.0
1782768660000,1.0633,1.0633,1.0623,1.0624,8856.0
1782768720000,1.0624,1.0634,1.0624,1.0628,2162.0
1782768780000,1.0629,1.0632,1.0628,1.0632,4097.0
1782768840000,1.0632,1.0632,1.0626,1.0632,2114.0
1782768900000,1.0632,1.0632,1.0626,1.0627,1390.0
1782768960000,1.0627,1.0627,1.0626,1.0627,4597.0
1782769020000,1.0627,1.063,1.0624,1.0625,1880.0
1782769080000,1.0625,1.0628,1.0624,1.0624,2694.0
1782769140000,1.0625,1.0633,1.0624,1.0633,2480.0
1782769200000,1.0627,1.0628,1.0627,1.0628,2536.0
1782769260000,1.0628,1.0635,1.0626,1.0631,2827.0
1782769320000,1.0632,1.0632,1.062,1.0623,47101.0
1782769380000,1.0623,1.0635,1.0622,1.0635,3421.0
1782769440000,1.0634,1.0636,1.0634,1.0636,2240.0
1782769500000,1.0634,1.0636,1.0629,1.0636,2412.0
1782769560000,1.0634,1.0639,1.0634,1.0637,10235.0
1782769620000,1.0637,1.064,1.0637,1.0639,1489.0
1782769680000,1.0639,1.0645,1.0639,1.0642,5260.0
1782769740000,1.0642,1.0642,1.0631,1.0632,5634.0
1782769800000,1.0632,1.0636,1.0631,1.0636,1508.0
1782769860000,1.0635,1.0641,1.0635,1.064,3526.0
1782769920000,1.0641,1.0648,1.064,1.0644,9903.0
1782769980000,1.0644,1.0646,1.0642,1.0644,10200.0
1782770040000,1.0645,1.0652,1.0643,1.065,104911.0
1782770100000,1.065,1.0654,1.0648,1.0649,10446.0
1782770160000,1.0648,1.0651,1.0641,1.0651,67935.0
1782770220000,1.0651,1.0651,1.0638,1.0643,2319.0
1782770280000,1.0643,1.0647,1.0641,1.0642,13289.0
1782770340000,1.0642,1.0642,1.0631,1.0642,13763.0
1782770400000,1.0641,1.0652,1.064,1.0645,1866.0
1782770460000,1.0646,1.0646,1.0639,1.0639,1472.0
1782770520000,1.064,1.064,1.0639,1.0639,1890.0
1782770580000,1.0639,1.0645,1.0636,1.0636,9504.0
1782770640000,1.0637,1.0649,1.0636,1.0642,2450.0
1782770700000,1.0642,1.0645,1.0637,1.0643,15819.0
1782770760000,1.0643,1.0644,1.0625,1.0626,14354.0
1782770820000,1.0627,1.0631,1.0626,1.0626,2703.0
1782770880000,1.0626,1.0628,1.0623,1.0627,11039.0
1782770940000,1.0627,1.0633,1.0627,1.0633,3259.0
1782771000000,1.0632,1.0633,1.0629,1.063,7765.0
1782771060000,1.063,1.063,1.0624,1.0625,1630.0
1782771120000,1.062,1.0621,1.0615,1.0619,13086.0
1782771180000,1.0618,1.0622,1.0618,1.0622,13470.0
1782771240000,1.0622,1.0623,1.0621,1.0621,55731.0
1782771300000,1.0622,1.0625,1.0621,1.0625,1602.0
1782771360000,1.0625,1.0625,1.0619,1.0619,4037.0
1782771420000,1.062,1.062,1.0614,1.0614,1771.0
1782771480000,1.0614,1.0615,1.0604,1.0609,15053.0
1782771540000,1.0609,1.0619,1.0608,1.0618,23457.0
1782771600000,1.0619,1.0637,1.0618,1.0631,3303.0
1782771660000,1.0632,1.0632,1.0631,1.0631,10677.0
1782771720000,1.0632,1.0632,1.0618,1.0624,2678.0
1782771780000,1.0624,1.0626,1.0618,1.0619,1959.0
1782771840000,1.0618,1.0619,1.0617,1.0619,11281.0
1782771900000,1.0617,1.0619,1.0614,1.0615,10336.0
1782771960000,1.0614,1.0618,1.0614,1.0618,1804.0
1782772020000,1.0618,1.0623,1.0617,1.0618,1436.0
1782772080000,1.0618,1.0622,1.0617,1.0622,2723.0
1782772140000,1.0622,1.0622,1.0616,1.0616,2004.0
1782772200000,1.0616,1.0622,1.0616,1.0617,2743.0
1782772260000,1.0616,1.0618,1.0612,1.0612,3761.0
1782772320000,1.0612,1.0612,1.0604,1.0612,2023.0
1782772380000,1.0611,1.0612,1.0609,1.061,2415.0
1782772440000,1.0609,1.061,1.0604,1.0605,36202.0
1782772500000,1.0605,1.0606,1.06,1.0601,20588.0
1782772560000,1.06,1.0605,1.0597,1.0597,10427.0
1782772620000,1.0599,1.0605,1.0597,1.0599,5768.0
1782772680000,1.0599,1.0602,1.0599,1.0602,1920.0
1782772740000,1.0601,1.0602,1.0586,1.0592,22903.0
1782772800000,1.0593,1.0594,1.0593,1.0593,11620.0
1782772860000,1.0594,1.0594,1.0588,1.0589,10403.0
1782772920000,1.0588,1.0599,1.0588,1.0599,6250.0
1782772980000,1.0599,1.0605,1.0598,1.0604,3224.0
1782773040000,1.0605,1.0613,1.0604,1.0606,3232.0
1782773100000,1.0607,1.061,1.0606,1.061,1470.0
1782773160000,1.061,1.061,1.0606,1.0606,1752.0
1782773220000,1.0607,1.0607,1.0606,1.0607,1503.0
1782773280000,1.0607,1.0607,1.0603,1.0603,2499.0
1782773340000,1.0603,1.0607,1.0603,1.0606,7601.0
1782773400000,1.0607,1.0607,1.0597,1.06,1700.0
1782773460000,1.0599,1.06,1.0591,1.0594,3192.0
1782773520000,1.0594,1.0599,1.0594,1.0598,18552.0
1782773580000,1.0599,1.0599,1.0598,1.0599,8924.0
1782773640000,1.0599,1.0612,1.0598,1.0611,1465.0
1782773700000,1.0612,1.0612,1.0601,1.0601,1937.0
1782773760000,1.0602,1.0602,1.0601,1.0602,1765.0
1782773820000,1.0601,1.0602,1.0588,1.0589,3644.0
1782773880000,1.0588,1.0592,1.0587,1.0592,8133.0
1782773940000,1.0592,1.0592,1.0588,1.0588,5188.0
1782774000000,1.0588,1.0589,1.058,1.0588,9539.0
1782774060000,1.0587,1.0588,1.0584,1.0587,2888.0
1782774120000,1.0588,1.0596,1.0585,1.0586,2511.0
1782774180000,1.0585,1.059,1.0585,1.0589,5209.0
1782774240000,1.059,1.0591,1.0587,1.0587,5544.0
1782774300000,1.0587,1.0588,1.0585,1.0586,3066.0
1782774360000,1.0586,1.0588,1.058,1.0582,14343.0
1782774420000,1.0582,1.0583,1.0582,1.0582,2168.0
1782774480000,1.0582,1.0586,1.0582,1.0586,2505.0
1782774540000,1.0586,1.0586,1.0585,1.0586,2243.0
1782774600000,1.0586,1.0591,1.0573,1.0574,51611.0
1782774660000,1.0573,1.0578,1.0573,1.0578,1460.0
1782774720000,1.0577,1.0578,1.0573,1.0578,6320.0
1782774780000,1.0577,1.0586,1.0577,1.0579,73125.0
1782774840000,1.058,1.058,1.0573,1.058,40213.0
1782774900000,1.0579,1.058,1.0578,1.058,2274.0
1782774960000,1.0579,1.058,1.0579,1.058,2623.0
1782775020000,1.058,1.0585,1.0575,1.0575,49776.0
1782775080000,1.0576,1.0576,1.0573,1.0573,1412.0
1782775140000,1.0573,1.0576,1.0573,1.0576,3860.0
1782775200000,1.0575,1.0576,1.0562,1.0568,31797.0
1782775260000,1.0568,1.0568,1.0567,1.0568,2507.0
1782775320000,1.0568,1.0568,1.0561,1.0567,95573.0
1782775380000,1.0566,1.0566,1.0552,1.0552,9640.0
1782775440000,1.0553,1.0558,1.0552,1.0557,1388.0
1782775500000,1.0557,1.0558,1.0552,1.0558,2793.0
1782775560000,1.0557,1.0558,1.0557,1.0558,1838.0
1782775620000,1.0558,1.0565,1.0557,1.0563,1821.0
1782775680000,1.0562,1.0563,1.0558,1.0559,2196.0
1782775740000,1.0558,1.0564,1.0558,1.0559,2572.0
1782775800000,1.0555,1.0559,1.0549,1.0558,11681.0
1782775860000,1.0559,1.0562,1.0558,1.0561,6841.0
1782775920000,1.0561,1.0562,1.0561,1.0562,2744.0
1782775980000,1.0561,1.0568,1.0556,1.0568,1674.0
1782776040000,1.0568,1.0568,1.0564,1.0565,1777.0
1782776100000,1.0565,1.0568,1.0564,1.0568,3674.0
1782776160000,1.0568,1.0578,1.0567,1.0575,2081.0
1782776220000,1.0575,1.0585,1.0575,1.0576,10539.0
1782776280000,1.0576,1.0577,1.0576,1.0576,1928.0
1782776340000,1.0576,1.0577,1.057,1.057,6017.0
1782776400000,1.057,1.0571,1.057,1.057,5638.0
1782776460000,1.057,1.0571,1.057,1.0571,1513.0
1782776520000,1.0571,1.0579,1.057,1.0574,2453.0
1782776580000,1.0573,1.0579,1.0573,1.0578,8413.0
1782776640000,1.0579,1.0579,1.0578,1.0579,1516.0
1782776700000,1.0578,1.0587,1.0578,1.0585,2171.0
1782776760000,1.0585,1.0589,1.0585,1.0589,4118.0
1782776820000,1.0587,1.0589,1.0585,1.0586,1735.0
1782776880000,1.0586,1.0594,1.0585,1.0589,2004.0
1782776940000,1.0589,1.059,1.0584,1.0589,1947.0
1782777000000,1.0589,1.0591,1.0588,1.0591,1443.0
1782777060000,1.059,1.0591,1.058,1.058,1541.0
1782777120000,1.0581,1.0584,1.058,1.0583,2209.0
1782777180000,1.0584,1.0584,1.0579,1.0579,2183.0
1782777240000,1.0579,1.058,1.0579,1.0579,1467.0
1782777300000,1.0579,1.0583,1.0579,1.0582,4442.0
1782777360000,1.0583,1.0583,1.0582,1.0582,1812.0
1782777420000,1.0582,1.0585,1.058,1.058,5565.0
1782777480000,1.058,1.0581,1.0577,1.0577,2491.0
1782777540000,1.0577,1.0582,1.0577,1.0581,1768.0
1782777600000,1.0581,1.0582,1.0572,1.058,1873.0
1782777660000,1.0579,1.0585,1.0576,1.0578,2347.0
1782777720000,1.0578,1.0582,1.0577,1.0577,4597.0
1782777780000,1.0578,1.0582,1.0574,1.0574,1753.0
1782777840000,1.0574,1.0582,1.0569,1.0581,1584.0
1782777900000,1.0581,1.0582,1.0574,1.0581,3065.0
1782777960000,1.0582,1.0582,1.057,1.057,1714.0
1782778020000,1.057,1.0571,1.0564,1.0567,1951.0
1782778080000,1.0567,1.0568,1.056,1.0564,1577.0
1782778140000,1.0564,1.0567,1.056,1.056,1778.0
1782778200000,1.056,1.0563,1.055,1.0562,16343.0
1782778260000,1.0563,1.0577,1.0562,1.0576,3015.0
1782778320000,1.0577,1.0581,1.0571,1.0572,139513.0
1782778380000,1.0571,1.0573,1.0567,1.0573,1448.0
1782778440000,1.0572,1.0573,1.0567,1.0568,1486.0
1782778500000,1.0567,1.0579,1.0565,1.0579,1578.0
1782778560000,1.0579,1.0579,1.0572,1.0576,2718.0
1782778620000,1.0575,1.0576,1.0571,1.0571,4847.0
1782778680000,1.0572,1.0572,1.0566,1.0567,1475.0
1782778740000,1.0567,1.0567,1.056,1.0562,1748.0
1782778800000,1.056,1.0563,1.0554,1.056,12371.0
1782778860000,1.0559,1.056,1.0553,1.056,3912.0
1782778920000,1.0559,1.0562,1.0557,1.0558,4907.0
1782778980000,1.0558,1.0558,1.0552,1.0555,27740.0
1782779040000,1.0555,1.0562,1.0551,1.0559,2281.0
1782779100000,1.056,1.056,1.0551,1.0556,3429.0
1782779160000,1.0556,1.0557,1.0551,1.0554,1702.0
1782779220000,1.0553,1.0554,1.0539,1.0544,5361.0
1782779280000,1.0544,1.0545,1.0527,1.0528,19243.0
1782779340000,1.0528,1.0529,1.0522,1.0523,6809.0
1782779400000,1.0523,1.0527,1.0508,1.0512,51689.0
1782779460000,1.0512,1.0516,1.0499,1.0499,78058.0
1782779520000,1.0497,1.0522,1.0478,1.0506,118463.0
1782779580000,1.0501,1.051,1.05,1.0505,14797.0
1782779640000,1.0502,1.0506,1.0497,1.05,3581.0
1782779700000,1.05,1.0506,1.0498,1.05,2654.0
1782779760000,1.05,1.0504,1.0489,1.049,29175.0
1782779820000,1.049,1.049,1.048,1.049,3235.0
1782779880000,1.0489,1.0494,1.0482,1.0493,2352.0
1782779940000,1.0493,1.0494,1.0478,1.048,12309.0
1782780000000,1.0486,1.0492,1.0481,1.0482,35457.0
1782780060000,1.0483,1.0494,1.0482,1.0494,5621.0
1782780120000,1.0493,1.0494,1.048,1.0481,6166.0
1782780180000,1.0481,1.0489,1.048,1.0486,3089.0
1782780240000,1.0486,1.0501,1.0483,1.0494,104809.0
1782780300000,1.0494,1.0496,1.049,1.0496,6371.0
1782780360000,1.0495,1.0513,1.0495,1.051,13348.0
1782780420000,1.0509,1.051,1.0491,1.0497,2963.0
1782780480000,1.0496,1.05,1.0491,1.0499,3376.0
1782780540000,1.05,1.0508,1.0499,1.0507,8256.0
1782780600000,1.0508,1.0513,1.0485,1.0489,12519.0
1782780660000,1.0486,1.0499,1.0486,1.0496,9696.0
1782780720000,1.0496,1.0505,1.0496,1.0505,6668.0
1782780780000,1.0504,1.0508,1.0503,1.0507,3989.0
1782780840000,1.0507,1.0507,1.0495,1.05,4713.0
1782780900000,1.0499,1.05,1.0491,1.0493,5412.0
1782780960000,1.0494,1.0494,1.0486,1.0486,2151.0
1782781020000,1.0487,1.0489,1.0486,1.0487,2269.0
1782781080000,1.0486,1.0487,1.0483,1.0485,23090.0
1782781140000,1.0485,1.0486,1.0481,1.0482,4937.0
1782781200000,1.0482,1.0484,1.0472,1.0475,10895.0
1782781260000,1.0476,1.048,1.0472,1.048,2650.0
1782781320000,1.048,1.048,1.0467,1.0476,53376.0
1782781380000,1.0477,1.048,1.047,1.048,10765.0
1782781440000,1.0479,1.0489,1.0476,1.0486,4150.0
1782781500000,1.0486,1.0486,1.0482,1.0483,2640.0
1782781560000,1.0482,1.0495,1.0479,1.0488,4670.0
1782781620000,1.0488,1.0489,1.0482,1.0486,1650.0
1782781680000,1.0486,1.0493,1.0477,1.0489,2700.0
1782781740000,1.0489,1.049,1.0476,1.0477,27787.0
1782781800000,1.0478,1.0478,1.0475,1.0477,1901.0
1782781860000,1.0477,1.0482,1.0474,1.0474,2061.0
1782781920000,1.0475,1.0489,1.0474,1.0488,2321.0
1782781980000,1.0487,1.0487,1.0474,1.0475,3134.0
1782782040000,1.0474,1.0487,1.0474,1.0486,2110.0
1782782100000,1.0487,1.0489,1.0482,1.0488,2464.0
1782782160000,1.0489,1.0489,1.0485,1.0488,3689.0
1782782220000,1.0488,1.0498,1.0488,1.0492,2239.0
1782782280000,1.0493,1.0499,1.0487,1.0498,2949.0
1782782340000,1.0499,1.0503,1.0498,1.0502,5215.0
1782782400000,1.0501,1.0503,1.0495,1.0499,8483.0
1782782460000,1.0498,1.0499,1.0483,1.0488,1727.0
1782782520000,1.0488,1.0489,1.0485,1.0489,2117.0
1782782580000,1.0489,1.049,1.0486,1.0489,2154.0
1782782640000,1.049,1.0492,1.0486,1.0489,2069.0
1782782700000,1.0489,1.0498,1.0485,1.0498,1750.0
1782782760000,1.0497,1.051,1.0497,1.0509,22215.0
1782782820000,1.051,1.051,1.0504,1.051,2627.0
1782782880000,1.051,1.0518,1.0505,1.0514,1406.0
1782782940000,1.0514,1.0514,1.0513,1.0514,2073.0
1782783000000,1.0513,1.0514,1.051,1.051,3290.0
1782783060000,1.0511,1.0511,1.0505,1.0506,1469.0
1782783120000,1.0506,1.0506,1.0504,1.0504,12722.0
1782783180000,1.0505,1.0505,1.0501,1.0504,6278.0
1782783240000,1.0503,1.0504,1.0503,1.0503,4868.0
1782783300000,1.0503,1.0504,1.0503,1.0503,6229.0
1782783360000,1.0503,1.0504,1.0503,1.0504,1823.0
1782783420000,1.0503,1.0504,1.0495,1.0495,1552.0
1782783480000,1.0496,1.0496,1.0487,1.0488,19567.0
1782783540000,1.0487,1.0494,1.0487,1.0493,1550.0
1782783600000,1.0493,1.0494,1.0476,1.0477,6841.0
1782783660000,1.0476,1.0477,1.0472,1.0474,2278.0
1782783720000,1.0474,1.0481,1.0474,1.048,9231.0
1782783780000,1.0481,1.0481,1.0478,1.0479,1523.0
1782783840000,1.0479,1.0479,1.0472,1.0479,4781.0
1782783900000,1.0479,1.0488,1.0472,1.0488,5230.0
1782783960000,1.0487,1.0488,1.0485,1.0486,1763.0
1782784020000,1.0485,1.0486,1.0479,1.048,2578.0
1782784080000,1.0479,1.0487,1.0479,1.0486,1523.0
1782784140000,1.0487,1.0492,1.0486,1.049,1700.0
1782784200000,1.0489,1.049,1.0482,1.0483,5970.0
1782784260000,1.0483,1.0483,1.0482,1.0483,2153.0
1782784320000,1.0483,1.0483,1.0482,1.0482,10893.0
1782784380000,1.0482,1.0488,1.0482,1.0488,1388.0
1782784440000,1.0488,1.0488,1.0484,1.0485,24435.0
1782784500000,1.0484,1.0485,1.0484,1.0484,1416.0
1782784560000,1.0484,1.0496,1.0484,1.0489,2325.0
1782784620000,1.0489,1.0494,1.0489,1.0493,1433.0
1782784680000,1.0494,1.0495,1.049,1.0495,16094.0
1782784740000,1.0495,1.0495,1.0494,1.0494,2091.0
1782784800000,1.0494,1.0495,1.0492,1.0493,1556.0
1782784860000,1.0493,1.0493,1.0484,1.0484,10506.0
1782784920000,1.0485,1.0488,1.0484,1.0488,1693.0
1782784980000,1.0488,1.0489,1.0484,1.0484,27332.0
1782785040000,1.0484,1.0485,1.0484,1.0485,1621.0
1782785100000,1.0484,1.0487,1.0484,1.0487,2295.0
1782785160000,1.0486,1.0487,1.0486,1.0486,1728.0
1782785220000,1.0487,1.0487,1.0486,1.0486,1542.0
1782785280000,1.0487,1.0487,1.0479,1.0483,1552.0
1782785340000,1.0483,1.0485,1.0482,1.0485,3046.0
1782785400000,1.0485,1.0485,1.0484,1.0485,1873.0
1782785460000,1.0484,1.0485,1.0474,1.0474,7019.0
1782785520000,1.0475,1.048,1.0469,1.0473,3262.0
1782785580000,1.047,1.0471,1.0465,1.0466,9305.0
1782785640000,1.0466,1.0466,1.0465,1.0465,6181.0
1782785700000,1.0466,1.0466,1.0454,1.0458,23334.0
1782785760000,1.0458,1.0458,1.0457,1.0458,5507.0
1782785820000,1.0458,1.0463,1.0457,1.0461,17793.0
1782785880000,1.046,1.0468,1.046,1.0468,11188.0
1782785940000,1.0467,1.0469,1.0467,1.0468,9050.0
1782786000000,1.0469,1.0471,1.0468,1.047,2055.0
1782786060000,1.047,1.0471,1.047,1.0471,17303.0
1782786120000,1.047,1.0488,1.047,1.0488,4689.0
1782786180000,1.0488,1.0495,1.0485,1.0493,2029.0
1782786240000,1.0492,1.0493,1.0488,1.0488,36544.0
1782786300000,1.0489,1.0493,1.0488,1.0493,10078.0
1782786360000,1.0493,1.0493,1.0492,1.0492,2029.0
1782786420000,1.0493,1.0496,1.0492,1.0496,1549.0
1782786480000,1.0495,1.0497,1.0494,1.0496,2074.0
1782786540000,1.0497,1.0497,1.0495,1.0497,4538.0
1782786600000,1.0495,1.0495,1.0488,1.0489,6339.0
1782786660000,1.0489,1.0489,1.0484,1.0486,2171.0
1782786720000,1.0487,1.0487,1.0484,1.0484,1730.0
1782786780000,1.0485,1.0485,1.0483,1.0483,2131.0
1782786840000,1.0485,1.0485,1.0483,1.0485,1782.0
1782786900000,1.0483,1.0485,1.0483,1.0483,1650.0
1782786960000,1.0483,1.0498,1.0483,1.0492,9205.0
1782787020000,1.0492,1.0493,1.049,1.049,2421.0
1782787080000,1.0491,1.0495,1.049,1.0495,1549.0
1782787140000,1.0495,1.0503,1.0494,1.0498,6757.0
1782787200000,1.0498,1.0502,1.0497,1.0499,1535.0
1782787260000,1.0499,1.05,1.0499,1.0499,2793.0
1782787320000,1.0499,1.0502,1.0499,1.0501,1983.0
1782787380000,1.0502,1.0502,1.0498,1.0499,2409.0
1782787440000,1.0499,1.0502,1.0498,1.0502,2296.0
1782787500000,1.0501,1.0507,1.0498,1.0507,15179.0
1782787560000,1.0506,1.051,1.0506,1.0509,3145.0
1782787620000,1.051,1.0512,1.0509,1.0512,10706.0
1782787680000,1.0511,1.0512,1.0511,1.0512,11109.0
1782787740000,1.0512,1.0517,1.0511,1.0515,5890.0
1782787800000,1.0515,1.0523,1.0514,1.0517,6537.0
1782787860000,1.0517,1.0517,1.051,1.0515,2797.0
1782787920000,1.0516,1.0516,1.0515,1.0516,17578.0
1782787980000,1.0516,1.0516,1.0515,1.0516,2178.0
1782788040000,1.0516,1.0516,1.0511,1.0512,4247.0
1782788100000,1.0511,1.0512,1.051,1.0511,7523.0
1782788160000,1.0511,1.0516,1.0502,1.0502,3952.0
1782788220000,1.0503,1.0503,1.0498,1.0499,2474.0
1782788280000,1.0498,1.0501,1.0497,1.0497,1575.0
1782788340000,1.0497,1.0501,1.0497,1.05,1770.0
1782788400000,1.05,1.0501,1.05,1.0501,1943.0
1782788460000,1.0501,1.0506,1.05,1.0506,1670.0
1782788520000,1.0506,1.0508,1.0505,1.0508,2002.0
1782788580000,1.0508,1.0508,1.0507,1.0507,1837.0
1782788640000,1.0507,1.0511,1.0505,1.0506,1437.0
1782788700000,1.0506,1.0506,1.0505,1.0506,1477.0
1782788760000,1.0505,1.0508,1.0505,1.0508,1650.0
1782788820000,1.0507,1.051,1.0506,1.0506,1607.0
1782788880000,1.0506,1.0507,1.0493,1.0493,17061.0
1782788940000,1.0493,1.0499,1.0493,1.0498,5068.0
1782789000000,1.0499,1.0499,1.0495,1.0495,26443.0
1782789060000,1.0495,1.0496,1.0495,1.0495,2675.0
1782789120000,1.0496,1.0496,1.0495,1.0496,2143.0
1782789180000,1.0496,1.0498,1.0495,1.0498,1437.0
1782789240000,1.0497,1.0502,1.0496,1.0497,1490.0
1782789300000,1.0497,1.05,1.0496,1.0499,2043.0
1782789360000,1.05,1.0508,1.0499,1.0508,1730.0
1782789420000,1.0508,1.0511,1.0507,1.051,2350.0
1782789480000,1.0511,1.0516,1.051,1.0515,13839.0
1782789540000,1.0515,1.0519,1.0515,1.0519,1703.0
1782789600000,1.0518,1.0521,1.0518,1.052,3137.0
1782789660000,1.052,1.052,1.0514,1.0517,4488.0
1782789720000,1.0516,1.0517,1.0509,1.051,1794.0
1782789780000,1.051,1.051,1.0501,1.0501,1749.0
1782789840000,1.0502,1.0502,1.0487,1.0487,12633.0
1782789900000,1.0488,1.049,1.0479,1.049,6049.0
1782789960000,1.0489,1.0495,1.0489,1.0495,3772.0
1782790020000,1.0494,1.0495,1.049,1.049,2537.0
1782790080000,1.0491,1.0495,1.049,1.0494,1978.0
1782790140000,1.0494,1.0501,1.0494,1.0501,1745.0
1782790200000,1.0501,1.0504,1.0498,1.0499,5422.0
1782790260000,1.0498,1.0499,1.0495,1.0495,3123.0
1782790320000,1.0496,1.0499,1.0495,1.0496,294054.0
1782790380000,1.0496,1.0496,1.0493,1.0494,2005.0
1782790440000,1.0494,1.0499,1.049,1.049,2325.0
1782790500000,1.049,1.0491,1.049,1.049,2648.0
1782790560000,1.0491,1.0497,1.049,1.0496,1727.0
1782790620000,1.0497,1.05,1.0494,1.0498,3857.0
1782790680000,1.0498,1.05,1.0497,1.05,46596.0
1782790740000,1.0499,1.05,1.0497,1.0497,4619.0
1782790800000,1.0498,1.0498,1.0494,1.0497,2319.0
1782790860000,1.0498,1.0498,1.0492,1.0492,1471.0
1782790920000,1.0492,1.0495,1.0492,1.0493,1611.0
1782790980000,1.0493,1.0493,1.049,1.0492,1683.0
1782791040000,1.0493,1.0496,1.049,1.0495,3601.0
1782791100000,1.0496,1.0496,1.0495,1.0495,3007.0
1782791160000,1.0495,1.0496,1.0488,1.0488,2069.0
1782791220000,1.0488,1.0494,1.0488,1.0493,1616.0
1782791280000,1.0494,1.0497,1.0463,1.0464,16953.0
1782791340000,1.0464,1.0471,1.0462,1.0468,11940.0
1782791400000,1.0468,1.0473,1.0462,1.0462,3987.0
1782791460000,1.046,1.0463,1.0456,1.046,12481.0
1782791520000,1.046,1.046,1.0438,1.0439,80996.0
1782791580000,1.0439,1.0447,1.0433,1.0442,10071.0
1782791640000,1.0441,1.0446,1.0441,1.0446,2141.0
1782791700000,1.0445,1.0447,1.044,1.0446,16789.0
1782791760000,1.0445,1.0457,1.0445,1.0451,8950.0
1782791820000,1.0451,1.0452,1.0443,1.0445,2043.0
1782791880000,1.0445,1.0451,1.0445,1.0448,5483.0
1782791940000,1.0447,1.0451,1.0447,1.0449,3574.0
1782792000000,1.0449,1.0449,1.0443,1.0445,5121.0
1782792060000,1.0445,1.0448,1.0438,1.0447,12189.0
1782792120000,1.0448,1.0448,1.0447,1.0447,1787.0
1782792180000,1.0448,1.0452,1.0442,1.0445,13918.0
1782792240000,1.0445,1.0445,1.044,1.0441,3250.0
1782792300000,1.0441,1.045,1.0438,1.0449,4002.0
1782792360000,1.045,1.045,1.0439,1.044,2620.0
1782792420000,1.0439,1.044,1.0432,1.0435,4002.0
1782792480000,1.0435,1.0436,1.0429,1.0433,4182.0
1782792540000,1.0433,1.0433,1.0428,1.0428,8458.0
1782792600000,1.0428,1.0429,1.042,1.0424,10618.0
1782792660000,1.0425,1.0428,1.0424,1.0428,5214.0
1782792720000,1.0428,1.0448,1.0427,1.0443,7968.0
1782792780000,1.0446,1.0449,1.0445,1.0446,4931.0
1782792840000,1.0447,1.0447,1.0444,1.0445,23624.0
1782792900000,1.0445,1.0451,1.0445,1.0446,12224.0
1782792960000,1.0446,1.0446,1.0433,1.0433,5025.0
1782793020000,1.0433,1.0434,1.043,1.0433,2131.0
1782793080000,1.0432,1.0435,1.0432,1.0434,2756.0
1782793140000,1.0435,1.0435,1.0427,1.0431,63872.0
1782793200000,1.043,1.0432,1.0425,1.0432,9108.0
1782793260000,1.0431,1.0434,1.0431,1.0433,78143.0
1782793320000,1.0434,1.0436,1.0433,1.0435,3691.0
1782793380000,1.0435,1.044,1.0435,1.0439,1816.0
1782793440000,1.0439,1.044,1.0426,1.0427,6226.0
1782793500000,1.0427,1.0435,1.0426,1.0435,1464.0
1782793560000,1.0435,1.044,1.0434,1.0439,2833.0
1782793620000,1.0439,1.044,1.0439,1.0439,3021.0
1782793680000,1.0439,1.0448,1.0439,1.0448,1997.0
1782793740000,1.0447,1.045,1.0444,1.0449,10681.0
1782793800000,1.045,1.046,1.0444,1.0459,123075.0
1782793860000,1.046,1.0462,1.0456,1.0461,62898.0
1782793920000,1.0461,1.0465,1.0461,1.0463,57638.0
1782793980000,1.0462,1.0466,1.0462,1.0465,34048.0
1782794040000,1.0465,1.0468,1.0465,1.0467,13277.0
1782794100000,1.0467,1.0471,1.0467,1.0469,15102.0
1782794160000,1.0469,1.0473,1.0467,1.0472,13537.0
1782794220000,1.0473,1.0473,1.0465,1.0465,12916.0
1782794280000,1.0466,1.0471,1.0465,1.0468,7612.0
1782794340000,1.0469,1.0473,1.0466,1.0467,2066.0
1782794400000,1.0466,1.0467,1.046,1.0466,10405.0
1782794460000,1.0466,1.0471,1.0466,1.0467,31157.0
1782794520000,1.0468,1.0468,1.0467,1.0467,1705.0
1782794580000,1.0467,1.0468,1.0465,1.0466,9883.0
1782794640000,1.0466,1.0473,1.0465,1.0473,11959.0
1782794700000,1.0473,1.0473,1.0466,1.0467,1784.0
1782794760000,1.0467,1.0467,1.0462,1.0462,4738.0
1782794820000,1.0463,1.0463,1.0457,1.0459,12817.0
1782794880000,1.0459,1.0463,1.0459,1.0462,7277.0
1782794940000,1.0463,1.0465,1.0462,1.0465,2618.0
1782795000000,1.0464,1.0465,1.0464,1.0464,1472.0
1782795060000,1.0464,1.0465,1.0459,1.0465,5492.0
1782795120000,1.0464,1.0465,1.0464,1.0464,11002.0
1782795180000,1.0465,1.0465,1.0462,1.0462,3304.0
1782795240000,1.0463,1.0463,1.0454,1.0457,5996.0
1782795300000,1.0457,1.0457,1.0454,1.0454,6510.0
1782795360000,1.0454,1.0457,1.0454,1.0457,3293.0
1782795420000,1.0456,1.046,1.0456,1.046,2970.0
1782795480000,1.0459,1.046,1.0457,1.0457,6534.0
1782795540000,1.0458,1.0458,1.0451,1.0458,5123.0
1782795600000,1.0457,1.0463,1.0451,1.0463,4106.0
1782795660000,1.0463,1.0467,1.0462,1.0466,1937.0
1782795720000,1.0463,1.0463,1.0462,1.0462,1926.0
1782795780000,1.0463,1.0469,1.0462,1.0466,2868.0
1782795840000,1.0465,1.0467,1.0463,1.0466,2534.0
1782795900000,1.0467,1.047,1.0461,1.0463,3942.0
1782795960000,1.0464,1.0469,1.0463,1.0464,2461.0
1782796020000,1.0458,1.0466,1.0458,1.0465,2534.0
1782796080000,1.0464,1.0464,1.0462,1.0462,1836.0
1782796140000,1.0463,1.0467,1.0462,1.0467,2589.0
1782796200000,1.0466,1.0467,1.0464,1.0464,1608.0
1782796260000,1.0464,1.0465,1.0458,1.0459,5756.0
1782796320000,1.0459,1.0459,1.0454,1.0454,7797.0
1782796380000,1.0454,1.0463,1.0454,1.0463,2276.0
1782796440000,1.0462,1.047,1.0462,1.0466,4938.0
1782796500000,1.0466,1.0467,1.0461,1.0462,4951.0
1782796560000,1.0461,1.0467,1.046,1.0461,21112.0
1782796620000,1.0462,1.0462,1.0461,1.0461,3392.0
1782796680000,1.0461,1.0462,1.0461,1.0462,3803.0
1782796740000,1.0462,1.0467,1.0461,1.0462,2862.0
1782796800000,1.0458,1.0466,1.0458,1.0466,1449.0
1782796860000,1.0466,1.047,1.0465,1.0467,130569.0
1782796920000,1.0466,1.0467,1.0466,1.0467,2436.0
1782796980000,1.0467,1.0468,1.0466,1.0467,51700.0
1782797040000,1.0466,1.0469,1.0466,1.0468,1615.0
1782797100000,1.0469,1.0469,1.0461,1.0462,1581.0
1782797160000,1.0462,1.0462,1.0456,1.0457,3888.0
1782797220000,1.0456,1.0457,1.0448,1.0452,137840.0
1782797280000,1.0451,1.0454,1.0446,1.0452,2190.0
1782797340000,1.0452,1.0454,1.0451,1.0453,3490.0
1782797400000,1.0453,1.0454,1.0442,1.0452,1886.0
1782797460000,1.0456,1.0457,1.0451,1.0455,14357.0
1782797520000,1.0455,1.0456,1.0452,1.0453,4757.0
1782797580000,1.0452,1.0453,1.0452,1.0453,6612.0
1782797640000,1.0452,1.0455,1.0451,1.0454,6707.0
1782797700000,1.0455,1.0455,1.0449,1.0452,4298.0
1782797760000,1.0451,1.0458,1.0449,1.0452,4672.0
1782797820000,1.0453,1.0456,1.0452,1.0455,13470.0
1782797880000,1.0455,1.0462,1.0455,1.0461,2626.0
1782797940000,1.0461,1.0465,1.0461,1.0465,35235.0
1782798000000,1.0465,1.047,1.0462,1.0469,1840.0
1782798060000,1.047,1.048,1.047,1.0474,22842.0
1782798120000,1.0475,1.0475,1.0471,1.0471,8091.0
1782798180000,1.0471,1.0472,1.0467,1.0467,11896.0
1782798240000,1.0468,1.047,1.0466,1.0467,2511.0
1782798300000,1.0467,1.0472,1.0461,1.0467,18886.0
1782798360000,1.0466,1.0472,1.0466,1.0466,1543.0
1782798420000,1.0467,1.0467,1.0466,1.0466,1535.0
1782798480000,1.0466,1.0472,1.0466,1.0472,3695.0
1782798540000,1.0472,1.0475,1.0471,1.0474,1821.0
1782798600000,1.0474,1.0475,1.0474,1.0474,1928.0
1782798660000,1.0474,1.0475,1.0469,1.0475,2484.0
1782798720000,1.0475,1.0475,1.0474,1.0474,3244.0
1782798780000,1.0475,1.0475,1.0474,1.0474,1683.0
1782798840000,1.0474,1.0478,1.0474,1.0478,5853.0
1782798900000,1.0478,1.0488,1.0477,1.0483,10446.0
1782798960000,1.0483,1.0486,1.0482,1.0485,74287.0
1782799020000,1.0486,1.0486,1.0478,1.0483,7906.0
1782799080000,1.0484,1.0486,1.0483,1.0485,2331.0
1782799140000,1.0486,1.0486,1.0485,1.0486,1490.0
1782799200000,1.0486,1.049,1.0481,1.0486,33738.0
1782799260000,1.0485,1.0486,1.0484,1.0484,5493.0
1782799320000,1.0486,1.0486,1.0476,1.0476,9442.0
1782799380000,1.0477,1.0479,1.0473,1.0474,1806.0
1782799440000,1.0473,1.0474,1.0469,1.0473,6958.0
1782799500000,1.0474,1.0474,1.0468,1.0473,2107.0
1782799560000,1.0474,1.0474,1.0473,1.0474,2407.0
1782799620000,1.0474,1.0474,1.0473,1.0474,2935.0
1782799680000,1.0473,1.0477,1.0468,1.0477,2190.0
1782799740000,1.0476,1.0477,1.0474,1.0475,1762.0
1782799800000,1.0475,1.0475,1.0471,1.0472,1424.0
1782799860000,1.0471,1.0475,1.0471,1.0475,23688.0
1782799920000,1.0475,1.0475,1.0474,1.0474,1793.0
1782799980000,1.0474,1.0482,1.0474,1.0479,2213.0
1782800040000,1.048,1.048,1.0479,1.0479,1956.0
1782800100000,1.048,1.0481,1.0478,1.0479,1927.0
1782800160000,1.0479,1.0479,1.0476,1.0477,3413.0
1782800220000,1.0476,1.0477,1.0476,1.0477,1452.0
1782800280000,1.0477,1.0477,1.0473,1.0473,2010.0
1782800340000,1.0473,1.0477,1.0471,1.0476,1809.0
1782800400000,1.0477,1.0477,1.0474,1.0474,15582.0
1782800460000,1.0475,1.0478,1.0474,1.0477,2004.0
1782800520000,1.0477,1.0481,1.0477,1.048,5955.0
1782800580000,1.0481,1.0488,1.048,1.0487,2694.0
1782800640000,1.0487,1.0493,1.0484,1.0487,2016.0
1782800700000,1.0488,1.0488,1.0476,1.0476,1924.0
1782800760000,1.0476,1.0477,1.0476,1.0476,5886.0
1782800820000,1.0476,1.0498,1.0476,1.0498,28317.0
1782800880000,1.0498,1.05,1.0497,1.05,11191.0
1782800940000,1.0499,1.0509,1.0496,1.0504,14114.0
1782801000000,1.0505,1.0505,1.0493,1.0493,7193.0
1782801060000,1.0493,1.05,1.049,1.0495,14819.0
1782801120000,1.0494,1.05,1.0489,1.0494,4415.0
1782801180000,1.0494,1.0495,1.0488,1.0489,1690.0
1782801240000,1.0489,1.0489,1.0488,1.0489,14479.0
1782801300000,1.0489,1.0489,1.0482,1.0484,2413.0
1782801360000,1.0484,1.0498,1.0484,1.0498,1443.0
1782801420000,1.0498,1.0498,1.0486,1.0487,6593.0
1782801480000,1.0487,1.0489,1.0486,1.0488,2566.0
1782801540000,1.0489,1.0492,1.0488,1.0491,1891.0
1782801600000,1.0491,1.0492,1.0488,1.0488,1674.0
1782801660000,1.0489,1.0489,1.0484,1.0489,7691.0
1782801720000,1.0489,1.0489,1.0488,1.0488,6211.0
1782801780000,1.0488,1.0489,1.0488,1.0488,2572.0
1782801840000,1.0488,1.0489,1.0486,1.0487,4906.0
1782801900000,1.0486,1.049,1.0486,1.0488,4254.0
1782801960000,1.0487,1.0488,1.0487,1.0487,1588.0
1782802020000,1.0488,1.0495,1.0487,1.0494,2077.0
1782802080000,1.0495,1.0497,1.0494,1.0497,7095.0
1782802140000,1.0497,1.05,1.0496,1.0498,39792.0
1782802200000,1.0498,1.0498,1.0497,1.0498,30296.0
1782802260000,1.0498,1.0498,1.0494,1.0495,2358.0
1782802320000,1.0495,1.0497,1.0493,1.0493,4545.0
1782802380000,1.0494,1.0494,1.0493,1.0494,4177.0
1782802440000,1.0494,1.0494,1.0487,1.0487,2900.0
1782802500000,1.0488,1.0492,1.0487,1.0491,3279.0
1782802560000,1.0491,1.0492,1.0491,1.0491,1554.0
1782802620000,1.0492,1.0492,1.0491,1.0492,1465.0
1782802680000,1.0491,1.0492,1.0491,1.0492,2353.0
1782802740000,1.0491,1.0492,1.0491,1.0491,1731.0
1782802800000,1.0491,1.0492,1.0488,1.0488,1898.0
1782802860000,1.0488,1.0496,1.0488,1.0496,13331.0
1782802920000,1.0495,1.05,1.0495,1.0496,3294.0
1782802980000,1.0497,1.0497,1.0496,1.0496,2346.0
1782803040000,1.0497,1.0497,1.0492,1.0493,2040.0
1782803100000,1.0493,1.0493,1.0489,1.049,1803.0
1782803160000,1.049,1.049,1.0488,1.049,31919.0
1782803220000,1.0489,1.049,1.0489,1.0489,1623.0
1782803280000,1.0489,1.049,1.048,1.0481,4752.0
1782803340000,1.0481,1.0481,1.0475,1.0476,3205.0
1782803400000,1.0475,1.0476,1.0469,1.0472,13527.0
1782803460000,1.0473,1.0473,1.0465,1.0465,2060.0
1782803520000,1.0465,1.0465,1.046,1.046,6895.0
1782803580000,1.046,1.0469,1.046,1.0469,14528.0
1782803640000,1.0469,1.0469,1.0464,1.0467,1929.0
1782803700000,1.0467,1.0482,1.0467,1.0476,7239.0
1782803760000,1.0476,1.0482,1.0476,1.0478,1626.0
1782803820000,1.0479,1.0479,1.0476,1.0476,3130.0
1782803880000,1.0476,1.0477,1.047,1.047,7682.0
1782803940000,1.0471,1.0471,1.047,1.047,2754.0
1782804000000,1.047,1.0471,1.0465,1.0466,7901.0
1782804060000,1.0465,1.0468,1.0465,1.0468,14958.0
1782804120000,1.0467,1.0468,1.0467,1.0467,2404.0
1782804180000,1.0467,1.0468,1.0467,1.0468,1445.0
1782804240000,1.0467,1.0471,1.0467,1.047,4505.0
1782804300000,1.0471,1.0476,1.047,1.0474,3874.0
1782804360000,1.0474,1.0477,1.0473,1.0476,9118.0
1782804420000,1.0476,1.0476,1.0465,1.0465,1881.0
1782804480000,1.0466,1.0472,1.0465,1.0472,1989.0
1782804540000,1.0472,1.0472,1.0468,1.0468,12443.0
1782804600000,1.0468,1.0474,1.0463,1.0474,1804.0
1782804660000,1.0473,1.0479,1.0473,1.0477,6828.0
1782804720000,1.0476,1.0477,1.0473,1.0473,1454.0
1782804780000,1.0473,1.0474,1.0473,1.0474,2093.0
1782804840000,1.0473,1.0474,1.0473,1.0474,2495.0
1782804900000,1.0473,1.0481,1.0473,1.048,2587.0
1782804960000,1.0481,1.0481,1.0474,1.0475,14606.0
1782805020000,1.0475,1.0475,1.0471,1.0472,2245.0
1782805080000,1.0472,1.0474,1.0471,1.0473,15940.0
1782805140000,1.0473,1.0474,1.0469,1.0469,1605.0
1782805200000,1.047,1.0472,1.0469,1.0469,6092.0
1782805260000,1.047,1.0472,1.0469,1.0471,3642.0
1782805320000,1.0472,1.0476,1.0471,1.0473,1565.0
1782805380000,1.0472,1.0473,1.0471,1.0471,1900.0
1782805440000,1.0471,1.0472,1.0466,1.0467,7513.0
1782805500000,1.0467,1.047,1.0463,1.0466,52177.0
1782805560000,1.0466,1.0468,1.0466,1.0468,3456.0
1782805620000,1.0467,1.0472,1.0467,1.0472,33013.0
1782805680000,1.0471,1.0473,1.0471,1.0471,2178.0
1782805740000,1.0471,1.0473,1.0471,1.0471,1577.0
1782805800000,1.0471,1.0473,1.0463,1.0464,1635.0
1782805860000,1.0464,1.0465,1.0464,1.0464,4067.0
1782805920000,1.0465,1.0465,1.0461,1.0464,6934.0
1782805980000,1.0464,1.0468,1.0464,1.0468,1705.0
1782806040000,1.0467,1.0472,1.0467,1.0472,1874.0
1782806100000,1.0472,1.0473,1.0468,1.0473,13284.0
1782806160000,1.0473,1.0473,1.0472,1.0472,1862.0
1782806220000,1.0472,1.0473,1.0472,1.0472,15882.0
1782806280000,1.0472,1.0473,1.0468,1.0469,2045.0
1782806340000,1.0468,1.0469,1.0468,1.0468,6054.0
1782806400000,1.0468,1.0469,1.0464,1.0468,3327.0
1782806460000,1.0468,1.0474,1.0464,1.0465,5820.0
1782806520000,1.0464,1.0465,1.0464,1.0464,1738.0
1782806580000,1.0464,1.047,1.0464,1.0465,28082.0
1782806640000,1.0465,1.0472,1.0461,1.0471,13408.0
1782806700000,1.0472,1.0476,1.0471,1.0474,1676.0
1782806760000,1.0474,1.0475,1.0468,1.0468,1485.0
1782806820000,1.0467,1.0469,1.0466,1.0469,1725.0
1782806880000,1.0468,1.0475,1.0468,1.0468,2268.0
1782806940000,1.0469,1.0469,1.046,1.0462,1695.0
1782807000000,1.0461,1.0469,1.0461,1.0469,1805.0
1782807060000,1.0468,1.0469,1.0468,1.0468,1992.0
1782807120000,1.0468,1.0469,1.0466,1.0467,2006.0
1782807180000,1.0467,1.0467,1.046,1.046,2547.0
1782807240000,1.0461,1.0461,1.0456,1.0458,5619.0
1782807300000,1.0456,1.0458,1.0447,1.0447,10115.0
1782807360000,1.0448,1.0454,1.0445,1.045,170963.0
1782807420000,1.045,1.0451,1.0441,1.0447,35253.0
1782807480000,1.0447,1.0448,1.0442,1.0442,3741.0
1782807540000,1.0442,1.0445,1.0442,1.0444,10427.0
1782807600000,1.0445,1.0449,1.0442,1.0448,13746.0
1782807660000,1.0447,1.0448,1.0445,1.0445,2213.0
1782807720000,1.0445,1.0446,1.0445,1.0446,1694.0
1782807780000,1.0445,1.0446,1.0442,1.0445,1993.0
1782807840000,1.0445,1.0446,1.0445,1.0445,2983.0
1782807900000,1.0446,1.0451,1.0445,1.0445,3897.0
1782807960000,1.0446,1.0446,1.0445,1.0445,1514.0
1782808020000,1.0446,1.0446,1.0439,1.0443,8618.0
1782808080000,1.0443,1.0448,1.0439,1.0447,17200.0
1782808140000,1.0447,1.0448,1.0442,1.0447,10335.0
1782808200000,1.0447,1.045,1.0444,1.045,29394.0
1782808260000,1.0449,1.045,1.0439,1.044,2367.0
1782808320000,1.0439,1.044,1.0432,1.0437,32594.0
1782808380000,1.0437,1.0441,1.043,1.0434,78219.0
1782808440000,1.0433,1.0434,1.0429,1.043,2647.0
1782808500000,1.0429,1.043,1.0424,1.0426,26950.0
1782808560000,1.0426,1.0431,1.0402,1.0408,389967.0
1782808620000,1.0407,1.0417,1.0407,1.0413,30594.0
1782808680000,1.0412,1.0421,1.0412,1.042,1471.0
1782808740000,1.042,1.0421,1.0411,1.0417,6752.0
1782808800000,1.0416,1.0423,1.0416,1.0422,4180.0
1782808860000,1.0423,1.0426,1.0422,1.0423,2919.0
1782808920000,1.0423,1.0433,1.0422,1.0431,4616.0
1782808980000,1.0428,1.0433,1.0425,1.0433,10641.0
1782809040000,1.0433,1.0433,1.0429,1.043,1998.0
1782809100000,1.0429,1.0432,1.0414,1.0417,37467.0
1782809160000,1.0417,1.0419,1.0409,1.0415,30124.0
1782809220000,1.0415,1.0422,1.0411,1.042,2642.0
1782809280000,1.0419,1.0421,1.0415,1.042,6767.0
1782809340000,1.0421,1.0429,1.0417,1.0429,16826.0
1782809400000,1.0428,1.0431,1.0422,1.0427,40278.0
1782809460000,1.0428,1.0428,1.0424,1.0428,4731.0
1782809520000,1.0428,1.044,1.0427,1.0439,3465.0
1782809580000,1.044,1.044,1.0431,1.0436,2737.0
1782809640000,1.0436,1.0445,1.0436,1.0445,4094.0
1782809700000,1.0444,1.0445,1.0434,1.0436,3093.0
1782809760000,1.0436,1.044,1.0436,1.044,5988.0
1782809820000,1.0439,1.0445,1.0439,1.0442,25615.0
1782809880000,1.0441,1.0445,1.0441,1.0444,20697.0
1782809940000,1.0445,1.0445,1.0444,1.0444,1664.0
1782810000000,1.0444,1.0445,1.044,1.0444,49159.0
1782810060000,1.0443,1.0444,1.0437,1.0438,2731.0
1782810120000,1.0438,1.0444,1.0437,1.0443,3332.0
1782810180000,1.0443,1.0452,1.0443,1.045,28718.0
1782810240000,1.045,1.0454,1.045,1.0453,15357.0
1782810300000,1.0453,1.046,1.0448,1.0449,28305.0
1782810360000,1.0449,1.0455,1.0448,1.0448,2577.0
1782810420000,1.0448,1.0449,1.0448,1.0449,2293.0
1782810480000,1.0448,1.0449,1.0438,1.0438,3046.0
1782810540000,1.0438,1.0439,1.0438,1.0438,2649.0
1782810600000,1.0438,1.0439,1.0438,1.0438,11417.0
1782810660000,1.0439,1.0445,1.0438,1.0445,3010.0
1782810720000,1.0445,1.0447,1.0444,1.0446,7002.0
1782810780000,1.0447,1.0447,1.0444,1.0445,2273.0
1782810840000,1.0445,1.0445,1.0444,1.0444,2670.0
1782810900000,1.0445,1.0445,1.0442,1.0445,1853.0
1782810960000,1.0445,1.0445,1.0423,1.0424,19084.0
1782811020000,1.0424,1.0427,1.0423,1.0426,2503.0
1782811080000,1.0427,1.0432,1.0426,1.0429,1926.0
1782811140000,1.0429,1.0429,1.0426,1.0427,1424.0
1782811200000,1.0428,1.0429,1.0423,1.0426,1661.0
1782811260000,1.0422,1.043,1.0422,1.0427,1996.0
1782811320000,1.0427,1.0428,1.0425,1.0425,1534.0
1782811380000,1.0426,1.0428,1.0425,1.0427,1768.0
1782811440000,1.0427,1.0428,1.0427,1.0428,1758.0
1782811500000,1.0427,1.043,1.0427,1.043,2690.0
1782811560000,1.0429,1.043,1.0425,1.0426,1858.0
1782811620000,1.0425,1.0429,1.0425,1.0426,1835.0
1782811680000,1.0426,1.0427,1.0426,1.0426,1500.0
1782811740000,1.0426,1.0427,1.0426,1.0427,11106.0
1782811800000,1.0426,1.0432,1.0422,1.0423,5502.0
1782811860000,1.0422,1.0423,1.0418,1.042,2967.0
1782811920000,1.042,1.042,1.0416,1.0416,9661.0
1782811980000,1.0416,1.0417,1.0416,1.0416,1752.0
1782812040000,1.0417,1.0421,1.0411,1.0421,10889.0
1782812100000,1.0421,1.0428,1.042,1.0428,3351.0
1782812160000,1.0428,1.0433,1.0427,1.0428,6753.0
1782812220000,1.0429,1.0432,1.0428,1.0432,16109.0
1782812280000,1.0431,1.0432,1.0431,1.0431,1465.0
1782812340000,1.0431,1.0434,1.0428,1.0428,11569.0
1782812400000,1.0428,1.0432,1.0428,1.0432,10681.0
1782812460000,1.0432,1.0439,1.0431,1.0434,16979.0
1782812520000,1.0433,1.0438,1.0433,1.0437,16179.0
1782812580000,1.0437,1.0438,1.043,1.043,3272.0
1782812640000,1.043,1.0431,1.043,1.0431,1574.0
1782812700000,1.043,1.0431,1.043,1.043,4343.0
1782812760000,1.0431,1.0431,1.043,1.0431,1919.0
1782812820000,1.0431,1.0434,1.043,1.0434,1802.0
1782812880000,1.0433,1.0434,1.0428,1.0428,4324.0
1782812940000,1.0429,1.0429,1.0424,1.0428,15211.0
1782813000000,1.0427,1.0433,1.0427,1.0433,1906.0
1782813060000,1.0432,1.0436,1.0432,1.0436,2483.0
1782813120000,1.0435,1.0436,1.0432,1.0433,6988.0
1782813180000,1.0432,1.0435,1.0429,1.0435,1938.0
1782813240000,1.0434,1.0435,1.0434,1.0435,2072.0
1782813300000,1.0435,1.0435,1.0434,1.0435,1904.0
1782813360000,1.0435,1.044,1.0434,1.0434,9712.0
1782813420000,1.0435,1.0435,1.0434,1.0435,3579.0
1782813480000,1.0434,1.0435,1.0434,1.0435,4464.0
1782813540000,1.0434,1.0435,1.0434,1.0434,19892.0
1782813600000,1.0434,1.0435,1.0434,1.0434,2268.0
1782813660000,1.0434,1.0435,1.0433,1.0434,23618.0
1782813720000,1.0434,1.0434,1.0433,1.0434,1518.0
1782813780000,1.0434,1.0434,1.0433,1.0434,1718.0
1782813840000,1.0434,1.0434,1.043,1.043,1758.0
1782813900000,1.043,1.0431,1.043,1.0431,3408.0
1782813960000,1.0431,1.0431,1.043,1.0431,11346.0
1782814020000,1.0431,1.0437,1.043,1.0437,1497.0
1782814080000,1.0436,1.0437,1.0436,1.0437,2507.0
1782814140000,1.0437,1.0437,1.0422,1.0422,2025.0
1782814200000,1.0422,1.0423,1.0413,1.0413,18948.0
1782814260000,1.0414,1.0417,1.0413,1.0414,7291.0
1782814320000,1.0414,1.0418,1.0414,1.0417,3641.0
1782814380000,1.0417,1.0425,1.0417,1.0423,6853.0
1782814440000,1.0423,1.0428,1.0422,1.0425,3059.0
1782814500000,1.0425,1.0434,1.0425,1.0428,12516.0
1782814560000,1.0427,1.0431,1.0427,1.043,12019.0
1782814620000,1.043,1.0433,1.0429,1.043,3234.0
1782814680000,1.043,1.043,1.0423,1.0424,1982.0
1782814740000,1.0424,1.0424,1.0423,1.0424,1430.0
1782814800000,1.0423,1.0429,1.042,1.042,11988.0
1782814860000,1.0421,1.0426,1.0417,1.0418,9761.0
1782814920000,1.0418,1.0426,1.0418,1.0426,2102.0
1782814980000,1.0425,1.0426,1.0422,1.0422,2289.0
1782815040000,1.0423,1.0423,1.0422,1.0423,3988.0
1782815100000,1.0423,1.0427,1.0421,1.0422,4835.0
1782815160000,1.0422,1.0422,1.0418,1.0422,1480.0
1782815220000,1.0422,1.0422,1.0418,1.0418,7558.0
1782815280000,1.0419,1.0419,1.0418,1.0418,1666.0
1782815340000,1.0418,1.0422,1.0418,1.0422,11656.0
1782815400000,1.0422,1.0422,1.0416,1.0417,3239.0
1782815460000,1.0417,1.0417,1.0413,1.0416,6099.0
1782815520000,1.0416,1.0418,1.0416,1.0417,6774.0
1782815580000,1.0421,1.0423,1.041,1.0415,127042.0
1782815640000,1.0416,1.0419,1.0415,1.0419,5902.0
1782815700000,1.0418,1.0419,1.0414,1.0415,3261.0
1782815760000,1.0414,1.0415,1.041,1.041,8201.0
1782815820000,1.0411,1.0411,1.041,1.041,5738.0
1782815880000,1.041,1.0414,1.041,1.0414,6232.0
1782815940000,1.0413,1.0418,1.0413,1.0417,15210.0
1782816000000,1.0418,1.0421,1.0415,1.0419,58346.0
1782816060000,1.0419,1.0419,1.0416,1.0416,41137.0
1782816120000,1.0417,1.0417,1.0416,1.0417,2358.0
1782816180000,1.0416,1.042,1.0416,1.0416,11508.0
1782816240000,1.0417,1.042,1.0416,1.042,3537.0
1782816300000,1.042,1.042,1.0416,1.0417,1524.0
1782816360000,1.0416,1.0418,1.0416,1.0417,41111.0
1782816420000,1.0417,1.0425,1.0417,1.0425,4842.0
1782816480000,1.0425,1.0434,1.0424,1.043,1189635.0
1782816540000,1.0431,1.0431,1.0424,1.0424,4140.0
1782816600000,1.0421,1.0422,1.0413,1.0419,45854.0
1782816660000,1.0419,1.0419,1.0418,1.0418,3477.0
1782816720000,1.0419,1.0423,1.0412,1.0423,12164.0
1782816780000,1.0423,1.0428,1.0422,1.0422,11166.0
1782816840000,1.0423,1.0428,1.0422,1.0422,5998.0
1782816900000,1.0422,1.0424,1.0418,1.0423,2854.0
1782816960000,1.0423,1.0426,1.0423,1.0426,1652.0
1782817020000,1.0425,1.0431,1.0425,1.0429,56270.0
1782817080000,1.0429,1.043,1.042,1.0421,12067.0
1782817140000,1.0421,1.0421,1.0414,1.0415,1643.0
1782817200000,1.0414,1.0419,1.0411,1.0412,32958.0
1782817260000,1.0412,1.0412,1.0407,1.0407,9369.0
1782817320000,1.0407,1.042,1.0407,1.0419,25041.0
1782817380000,1.0419,1.042,1.0419,1.042,10097.0
1782817440000,1.042,1.0422,1.0419,1.0421,13728.0
1782817500000,1.0421,1.0422,1.0418,1.0421,13511.0
1782817560000,1.0421,1.0426,1.0421,1.0422,3364.0
1782817620000,1.0422,1.0423,1.0422,1.0423,6892.0
1782817680000,1.0422,1.0423,1.0422,1.0423,2293.0
1782817740000,1.0422,1.0425,1.0422,1.0424,2257.0
1782817800000,1.0424,1.0425,1.0423,1.0423,93297.0
1782817860000,1.0424,1.0424,1.0423,1.0424,4853.0
1782817920000,1.0423,1.0424,1.0421,1.0421,5551.0
1782817980000,1.0421,1.0425,1.0421,1.0424,2551.0
1782818040000,1.0425,1.043,1.0424,1.0424,9475.0
1782818100000,1.0424,1.0435,1.0424,1.0429,11653.0
1782818160000,1.0429,1.0431,1.0425,1.0426,10970.0
1782818220000,1.0425,1.0426,1.0422,1.0422,9701.0
1782818280000,1.0422,1.0423,1.0411,1.0411,25354.0
1782818340000,1.0412,1.0412,1.0406,1.0411,23576.0
1782818400000,1.0412,1.0416,1.0411,1.0416,1865.0
1782818460000,1.0415,1.0416,1.0406,1.0411,2180.0
1782818520000,1.0412,1.0412,1.0407,1.0412,18054.0
1782818580000,1.0411,1.0412,1.0404,1.0409,22414.0
1782818640000,1.0408,1.0415,1.0408,1.0408,5126.0
1782818700000,1.0408,1.041,1.0401,1.0406,190910.0
1782818760000,1.0407,1.0407,1.0404,1.0404,4724.0
1782818820000,1.0405,1.0405,1.04,1.0404,325521.0
1782818880000,1.0404,1.041,1.0403,1.0406,9187.0
1782818940000,1.0406,1.0406,1.0401,1.0403,22846.0
1782819000000,1.0402,1.0406,1.04,1.0403,16880.0
1782819060000,1.0404,1.0406,1.04,1.0402,6917.0
1782819120000,1.0403,1.0403,1.0383,1.0386,757257.0
1782819180000,1.0387,1.039,1.0375,1.0384,717559.0
1782819240000,1.0384,1.0386,1.0379,1.0386,15843.0
1782819300000,1.0386,1.0394,1.0385,1.0393,26250.0
1782819360000,1.0394,1.0404,1.0387,1.039,8697.0
1782819420000,1.039,1.0399,1.039,1.0399,6715.0
1782819480000,1.0399,1.0399,1.0393,1.0393,5587.0
1782819540000,1.0394,1.0394,1.0385,1.0391,22653.0
1782819600000,1.039,1.0396,1.039,1.0391,3573.0
1782819660000,1.039,1.0399,1.039,1.0394,29490.0
1782819720000,1.0393,1.0411,1.0393,1.0405,18299.0
1782819780000,1.0405,1.0408,1.0405,1.0407,2848.0
1782819840000,1.0407,1.0408,1.0402,1.0405,1482.0
1782819900000,1.0404,1.0411,1.0404,1.0411,3924.0
1782819960000,1.0411,1.0412,1.0398,1.0402,70669.0
1782820020000,1.0403,1.0407,1.0401,1.0402,54061.0
1782820080000,1.0402,1.0404,1.0401,1.0404,3869.0
1782820140000,1.0404,1.0404,1.0403,1.0404,4645.0
1782820200000,1.0403,1.041,1.0403,1.041,6497.0
1782820260000,1.041,1.0413,1.0404,1.0404,5781.0
1782820320000,1.0404,1.0405,1.04,1.0404,3350.0
1782820380000,1.0404,1.0404,1.0389,1.0391,234052.0
1782820440000,1.0392,1.0392,1.038,1.0384,606262.0
1782820500000,1.0385,1.0393,1.0365,1.0368,84622.0
1782820560000,1.0368,1.0374,1.0368,1.0373,5276.0
1782820620000,1.0373,1.0374,1.0371,1.0372,16443.0
1782820680000,1.0371,1.0379,1.037,1.0378,3620.0
1782820740000,1.0378,1.0385,1.0378,1.0385,11431.0
1782820800000,1.0384,1.0385,1.0372,1.0373,17150.0
1782820860000,1.0372,1.0381,1.0364,1.0371,19334.0
1782820920000,1.0371,1.0375,1.0366,1.037,2638.0
1782820980000,1.037,1.037,1.0364,1.0366,167783.0
1782821040000,1.0366,1.0366,1.0364,1.0365,64059.0
1782821100000,1.0365,1.0368,1.0365,1.0368,15691.0
1782821160000,1.0367,1.0371,1.035,1.0355,97129.0
1782821220000,1.0355,1.0362,1.0353,1.0356,2716.0
1782821280000,1.0357,1.036,1.0352,1.0358,125774.0
1782821340000,1.0357,1.0366,1.0357,1.0361,56381.0
1782821400000,1.036,1.0364,1.0358,1.0363,4723.0
1782821460000,1.0363,1.0364,1.0357,1.0359,19598.0
1782821520000,1.0359,1.036,1.0354,1.0355,2004.0
1782821580000,1.0355,1.0356,1.0345,1.0348,96848.0
1782821640000,1.0348,1.0349,1.0337,1.0337,68769.0
1782821700000,1.0338,1.0343,1.0337,1.034,21224.0
1782821760000,1.034,1.0348,1.0326,1.0329,107014.0
1782821820000,1.0329,1.0344,1.0328,1.0331,6289.0
1782821880000,1.0331,1.0341,1.033,1.034,11226.0
1782821940000,1.0341,1.0341,1.0334,1.0337,8231.0
1782822000000,1.0337,1.0337,1.0328,1.0332,10590.0
1782822060000,1.0333,1.0333,1.0327,1.0328,9982.0
1782822120000,1.0328,1.0328,1.0315,1.0322,52406.0
1782822180000,1.0322,1.0322,1.03,1.0301,174295.0
1782822240000,1.0301,1.0308,1.03,1.0307,77358.0
1782822300000,1.0307,1.0311,1.0303,1.0311,35387.0
1782822360000,1.0311,1.0315,1.0301,1.031,1790.0
1782822420000,1.0309,1.0328,1.0307,1.0322,35007.0
1782822480000,1.0322,1.0322,1.0307,1.0316,14259.0
1782822540000,1.0315,1.0316,1.031,1.0312,10179.0
1782822600000,1.0312,1.0314,1.0307,1.0309,7210.0
1782822660000,1.0309,1.032,1.0309,1.0313,12174.0
1782822720000,1.0314,1.0318,1.031,1.0316,4276.0
1782822780000,1.0315,1.0316,1.0305,1.0306,18921.0
1782822840000,1.0306,1.0315,1.0305,1.0309,3270.0
1782822900000,1.031,1.0318,1.0308,1.0311,108562.0
1782822960000,1.0312,1.0322,1.0311,1.0314,4920.0
1782823020000,1.0313,1.0318,1.0309,1.0312,1933.0
1782823080000,1.0313,1.0313,1.031,1.031,1632.0
1782823140000,1.031,1.0317,1.031,1.0316,11092.0
1782823200000,1.0316,1.032,1.0312,1.0312,8580.0
1782823260000,1.0313,1.0313,1.0307,1.0308,28547.0
1782823320000,1.0307,1.0313,1.0307,1.031,4218.0
1782823380000,1.031,1.0314,1.031,1.031,2407.0
1782823440000,1.031,1.0311,1.031,1.0311,5780.0
1782823500000,1.031,1.0315,1.0305,1.0307,1917.0
1782823560000,1.0308,1.0314,1.0301,1.0302,8675.0
1782823620000,1.0302,1.0302,1.0296,1.0299,59197.0
1782823680000,1.03,1.03,1.0296,1.0297,5444.0
1782823740000,1.0296,1.0298,1.0295,1.0297,36417.0
1782823800000,1.0297,1.0301,1.0294,1.0294,40635.0
1782823860000,1.0296,1.0299,1.0276,1.0289,105510.0
1782823920000,1.0289,1.03,1.0287,1.0295,5542.0
1782823980000,1.0296,1.0299,1.0286,1.0294,9370.0
1782824040000,1.0294,1.0296,1.0292,1.0295,91082.0
1782824100000,1.0295,1.0305,1.0294,1.0296,7748.0
1782824160000,1.0296,1.0297,1.0279,1.028,17766.0
1782824220000,1.028,1.0292,1.0279,1.0285,20952.0
1782824280000,1.0286,1.0286,1.0275,1.0275,135721.0
1782824340000,1.0275,1.0287,1.027,1.027,8536.0
1782824400000,1.0271,1.0296,1.027,1.0288,7303.0
1782824460000,1.0284,1.0295,1.028,1.0294,6053.0
1782824520000,1.0293,1.0294,1.027,1.0273,108680.0
1782824580000,1.0273,1.0281,1.0267,1.0279,125986.0
1782824640000,1.0279,1.029,1.0279,1.0289,18202.0
1782824700000,1.0289,1.0298,1.0285,1.0297,6694.0
1782824760000,1.0298,1.0308,1.0297,1.0307,72393.0
1782824820000,1.0308,1.0315,1.0308,1.031,24706.0
1782824880000,1.031,1.032,1.0306,1.0309,2652865.0
1782824940000,1.0309,1.0324,1.0309,1.0317,10526.0
1782825000000,1.0318,1.0322,1.0317,1.0319,17311.0
1782825060000,1.0319,1.032,1.0316,1.0319,253326.0
1782825120000,1.0319,1.032,1.0303,1.0306,272890.0
1782825180000,1.0306,1.0309,1.0302,1.0307,8115.0
1782825240000,1.0307,1.0308,1.0299,1.0301,4435.0
1782825300000,1.0306,1.0313,1.0305,1.0313,6129.0
1782825360000,1.0315,1.032,1.0307,1.0307,5477.0
1782825420000,1.0302,1.0308,1.0302,1.0308,3647.0
1782825480000,1.0307,1.0317,1.0304,1.0313,5728.0
1782825540000,1.0312,1.0313,1.0308,1.0311,4005.0
1782825600000,1.0312,1.0314,1.0311,1.0314,2752.0
1782825660000,1.0313,1.0316,1.031,1.031,4730.0
1782825720000,1.0311,1.0311,1.0307,1.0308,1480.0
1782825780000,1.0307,1.0308,1.0302,1.0306,11811.0
1782825840000,1.0306,1.0308,1.0301,1.0301,1924.0
1782825900000,1.0305,1.0317,1.0304,1.031,1860.0
1782825960000,1.0311,1.0316,1.031,1.0313,2212.0
1782826020000,1.0312,1.0316,1.0312,1.0315,4148.0
1782826080000,1.0316,1.0316,1.0307,1.031,3579.0
1782826140000,1.031,1.0315,1.0309,1.0314,5082.0
1782826200000,1.0314,1.0343,1.0314,1.0335,519400.0
1782826260000,1.0335,1.0357,1.0326,1.0326,25631.0
1782826320000,1.0327,1.0327,1.0303,1.0309,200512.0
1782826380000,1.0305,1.031,1.0294,1.03,53937.0
1782826440000,1.03,1.03,1.0281,1.0294,41218.0
1782826500000,1.0299,1.0303,1.0277,1.028,93887.0
1782826560000,1.028,1.0293,1.0278,1.0284,23943.0
1782826620000,1.0283,1.0291,1.028,1.0283,19268.0
1782826680000,1.0283,1.029,1.0276,1.0289,19939.0
1782826740000,1.0289,1.0298,1.0282,1.0287,2146.0
1782826800000,1.0286,1.0319,1.0286,1.031,20626.0
1782826860000,1.0311,1.0314,1.03,1.0307,3246.0
1782826920000,1.0308,1.0313,1.0304,1.0312,2477.0
1782826980000,1.0313,1.0317,1.0309,1.0309,6210.0
1782827040000,1.031,1.0318,1.0308,1.0315,6755.0
1782827100000,1.0316,1.0316,1.0302,1.0312,8293.0
1782827160000,1.0312,1.0312,1.0292,1.0308,1838.0
1782827220000,1.0309,1.0309,1.0294,1.0294,35441.0
1782827280000,1.0294,1.03,1.0294,1.03,1552.0
1782827340000,1.03,1.03,1.0288,1.0294,85376.0
1782827400000,1.0293,1.0304,1.0293,1.0304,4082.0
1782827460000,1.0304,1.0353,1.03,1.034,32344.0
1782827520000,1.0335,1.0343,1.0329,1.0342,8373.0
1782827580000,1.0341,1.0344,1.0331,1.0335,88890.0
1782827640000,1.0332,1.0337,1.0328,1.0331,4029.0
1782827700000,1.0332,1.0346,1.0329,1.0345,4134.0
1782827760000,1.0346,1.0346,1.0332,1.0334,22820.0
1782827820000,1.0335,1.0339,1.0334,1.0335,4685.0
1782827880000,1.0335,1.0352,1.0335,1.0345,6171.0
1782827940000,1.0345,1.035,1.0341,1.0347,36373.0
1782828000000,1.0346,1.035,1.0337,1.0344,9031.0
1782828060000,1.0341,1.0384,1.0337,1.0383,27018.0
1782828120000,1.0384,1.0418,1.0378,1.0416,61869.0
1782828180000,1.0417,1.0425,1.0391,1.0408,70367.0
1782828240000,1.0408,1.0409,1.04,1.0405,33361.0
1782828300000,1.0404,1.0405,1.0395,1.0397,2941.0
1782828360000,1.0396,1.0408,1.0396,1.0405,7809.0
1782828420000,1.0406,1.0413,1.0404,1.0409,10425.0
1782828480000,1.0409,1.0409,1.0393,1.0399,86197.0
1782828540000,1.0398,1.0405,1.0396,1.0404,9394.0
1782828600000,1.0404,1.0405,1.0386,1.0389,22163.0
1782828660000,1.0389,1.0404,1.0389,1.0399,5590.0
1782828720000,1.04,1.04,1.0381,1.0389,75717.0
1782828780000,1.039,1.0412,1.0389,1.0412,1987.0
1782828840000,1.0411,1.0412,1.0398,1.0399,26578.0
1782828900000,1.0399,1.0407,1.0393,1.0393,7373.0
1782828960000,1.0393,1.0398,1.0391,1.0391,11991.0
1782829020000,1.0392,1.0403,1.0386,1.0388,23774.0
1782829080000,1.0389,1.0403,1.0388,1.0398,10559.0
1782829140000,1.0398,1.0406,1.0397,1.0402,7906.0
1782829200000,1.0402,1.0403,1.0392,1.0397,11821.0
1782829260000,1.0396,1.0417,1.0396,1.0416,63970.0
1782829320000,1.0417,1.0432,1.0413,1.0427,18641.0
1782829380000,1.0426,1.0446,1.0426,1.0437,26106.0
1782829440000,1.0438,1.0443,1.0425,1.0433,202074.0
1782829500000,1.0432,1.0433,1.0416,1.0422,9303.0
1782829560000,1.0421,1.0422,1.0414,1.0415,3406.0
1782829620000,1.0415,1.0432,1.0414,1.0427,5971.0
1782829680000,1.0427,1.0428,1.0415,1.0419,1981.0
1782829740000,1.0419,1.0433,1.0418,1.0432,3054.0
1782829800000,1.0432,1.0446,1.0431,1.0435,6827.0
1782829860000,1.0434,1.0435,1.042,1.0422,9819.0
1782829920000,1.0423,1.0436,1.0422,1.0433,12031.0
1782829980000,1.0433,1.0441,1.0423,1.0423,5288.0
1782830040000,1.0424,1.0435,1.0421,1.0434,2741.0
1782830100000,1.0435,1.0437,1.0424,1.0425,6400.0
1782830160000,1.0425,1.0425,1.0412,1.0414,2133.0
1782830220000,1.0414,1.0414,1.0401,1.0401,2749.0
1782830280000,1.0401,1.0402,1.0381,1.0382,59013.0
1782830340000,1.0381,1.0387,1.0371,1.0386,22897.0
1782830400000,1.0386,1.0392,1.0379,1.0391,29586.0
1782830460000,1.0391,1.04,1.0388,1.0389,4385.0
1782830520000,1.0389,1.0393,1.0388,1.0393,29229.0
1782830580000,1.0393,1.0398,1.0392,1.0398,1954.0
1782830640000,1.0398,1.0425,1.0397,1.0421,2947.0
1782830700000,1.0422,1.0422,1.0392,1.0392,2025.0
1782830760000,1.0392,1.0393,1.0386,1.0386,10757.0
1782830820000,1.0391,1.0394,1.0383,1.0387,3856.0
1782830880000,1.0386,1.0391,1.0368,1.0369,7529.0
1782830940000,1.0368,1.0374,1.0365,1.0366,41431.0
1782831000000,1.0366,1.0371,1.0348,1.0348,16664.0
1782831060000,1.0349,1.0357,1.0348,1.0352,52240.0
1782831120000,1.0353,1.0358,1.035,1.0353,9018.0
1782831180000,1.0353,1.0354,1.0344,1.0344,3662.0
1782831240000,1.0345,1.0345,1.0324,1.0329,53314.0
1782831300000,1.0328,1.0334,1.0323,1.0325,65980.0
1782831360000,1.0327,1.0333,1.0324,1.0327,4242.0
1782831420000,1.0327,1.0328,1.0322,1.0327,4335.0
1782831480000,1.0328,1.0343,1.0327,1.0339,20854.0
1782831540000,1.0339,1.0352,1.0338,1.0339,15161.0
1782831600000,1.0338,1.0346,1.0333,1.0345,2477.0
1782831660000,1.0346,1.0356,1.0345,1.035,6303.0
1782831720000,1.035,1.0358,1.0349,1.0358,32167.0
1782831780000,1.0358,1.0358,1.0339,1.034,11297.0
1782831840000,1.034,1.034,1.032,1.0324,52076.0
1782831900000,1.0324,1.0326,1.0308,1.0309,55722.0
1782831960000,1.0309,1.0313,1.0295,1.0302,139730.0
1782832020000,1.0303,1.0324,1.0299,1.0323,46494.0
1782832080000,1.0324,1.0329,1.0321,1.0324,10551.0
1782832140000,1.0325,1.0327,1.0313,1.0325,2898.0
1782832200000,1.0325,1.0334,1.0321,1.0327,22742.0
1782832260000,1.0328,1.0328,1.0322,1.0326,4251.0
1782832320000,1.0326,1.0339,1.0326,1.0331,3015.0
1782832380000,1.0331,1.0345,1.0331,1.0345,8493.0
1782832440000,1.0344,1.0345,1.0336,1.0336,1846.0
1782832500000,1.0336,1.0343,1.0314,1.032,124731.0
1782832560000,1.0319,1.0326,1.031,1.0317,9868.0
1782832620000,1.0317,1.0317,1.0304,1.0305,127457.0
1782832680000,1.0304,1.0308,1.03,1.0302,12146.0
1782832740000,1.0301,1.0311,1.0286,1.0311,156695.0
1782832800000,1.0311,1.0332,1.0311,1.0331,122524.0
1782832860000,1.0332,1.0336,1.0315,1.0315,128494.0
1782832920000,1.0315,1.0318,1.0305,1.031,3988.0
1782832980000,1.031,1.0318,1.0307,1.0318,7788.0
1782833040000,1.0318,1.033,1.0314,1.0325,2458.0
1782833100000,1.0324,1.0332,1.0324,1.0329,5219.0
1782833160000,1.033,1.0332,1.0325,1.0328,55008.0
1782833220000,1.0328,1.0329,1.0325,1.0326,10734.0
1782833280000,1.0326,1.0326,1.0321,1.0325,1582.0
1782833340000,1.0324,1.0325,1.0317,1.0321,4027.0
1782833400000,1.0321,1.0325,1.0316,1.0318,12829.0
1782833460000,1.0317,1.0324,1.0315,1.0323,2064.0
1782833520000,1.0323,1.0338,1.0323,1.0333,3525.0
1782833580000,1.0333,1.0334,1.0328,1.0331,1457.0
1782833640000,1.0331,1.0358,1.0331,1.0351,54359.0
1782833700000,1.0352,1.0352,1.0345,1.0346,23057.0
1782833760000,1.0345,1.0348,1.0339,1.0346,111988.0
1782833820000,1.0346,1.0346,1.0345,1.0346,3036.0
1782833880000,1.0345,1.0346,1.0323,1.0323,16419.0
1782833940000,1.0323,1.0334,1.0323,1.0325,4496.0
1782834000000,1.0326,1.0333,1.0325,1.0329,4973.0
1782834060000,1.033,1.0343,1.0326,1.0342,2856.0
1782834120000,1.0342,1.0343,1.0336,1.0341,2117.0
1782834180000,1.0341,1.0354,1.034,1.0352,64356.0
1782834240000,1.0352,1.0353,1.0347,1.0348,10552.0
1782834300000,1.0348,1.0381,1.0347,1.0381,18547.0
1782834360000,1.0383,1.0405,1.0377,1.0398,20962.0
1782834420000,1.0397,1.0398,1.0382,1.0382,11648.0
1782834480000,1.0383,1.0387,1.0382,1.0386,4620.0
1782834540000,1.0387,1.039,1.0377,1.0377,3149.0
1782834600000,1.0379,1.0379,1.0366,1.0366,4915.0
1782834660000,1.0366,1.0378,1.0361,1.0361,1978.0
1782834720000,1.0362,1.0362,1.0352,1.0357,15274.0
1782834780000,1.0358,1.0358,1.0357,1.0357,6805.0
1782834840000,1.0357,1.0358,1.0355,1.0356,12432.0
1782834900000,1.0355,1.0371,1.0355,1.0371,9152.0
1782834960000,1.037,1.0373,1.0361,1.0362,10427.0
1782835020000,1.0362,1.0362,1.0352,1.0352,1873.0
1782835080000,1.0352,1.0353,1.034,1.0343,115601.0
1782835140000,1.0342,1.0343,1.0332,1.0333,116803.0
1782835200000,1.0332,1.0349,1.033,1.0348,14311.0
1782835260000,1.0348,1.0355,1.0343,1.0344,5469.0
1782835320000,1.0344,1.0349,1.0338,1.0349,8296.0
1782835380000,1.0352,1.0357,1.035,1.0356,5111.0
1782835440000,1.0356,1.0357,1.0351,1.0355,2136.0
1782835500000,1.0354,1.0358,1.0352,1.0358,5017.0
1782835560000,1.0358,1.0374,1.0357,1.0374,5399.0
1782835620000,1.0374,1.0381,1.0364,1.0369,16650.0
1782835680000,1.037,1.0375,1.0369,1.0371,2231.0
1782835740000,1.0371,1.0375,1.0363,1.0371,123663.0
1782835800000,1.0371,1.0383,1.0369,1.0373,2960.0
1782835860000,1.0374,1.0374,1.0361,1.0361,17243.0
1782835920000,1.0362,1.0365,1.0352,1.0356,2460.0
1782835980000,1.0356,1.0356,1.0334,1.0334,19208.0
1782836040000,1.0334,1.034,1.033,1.0333,30538.0
1782836100000,1.0333,1.0333,1.0317,1.0329,15313.0
1782836160000,1.0329,1.034,1.0328,1.0338,10622.0
1782836220000,1.034,1.0343,1.0338,1.0343,4827.0
1782836280000,1.0343,1.0343,1.0342,1.0343,3373.0
1782836340000,1.0342,1.0343,1.0334,1.0342,2722.0
1782836400000,1.0342,1.0346,1.0337,1.0346,5130.0
1782836460000,1.0345,1.0346,1.034,1.0341,3127.0
1782836520000,1.0336,1.034,1.0336,1.0339,4663.0
1782836580000,1.034,1.034,1.0328,1.0328,7552.0
1782836640000,1.0329,1.0335,1.0322,1.0327,21921.0
1782836700000,1.0328,1.0328,1.0318,1.0323,2989.0
1782836760000,1.0323,1.0325,1.0319,1.0323,4808.0
1782836820000,1.0322,1.0323,1.0314,1.0322,14403.0
1782836880000,1.0322,1.0323,1.0318,1.0322,2436.0
1782836940000,1.0322,1.0327,1.0321,1.0327,4016.0
1782837000000,1.0327,1.0333,1.0326,1.033,12147.0
1782837060000,1.033,1.0335,1.0325,1.0332,5302.0
1782837120000,1.0331,1.0336,1.0331,1.0335,2257.0
1782837180000,1.0336,1.0336,1.0322,1.0324,2631.0
1782837240000,1.0323,1.0347,1.0318,1.0345,13013.0
1782837300000,1.0345,1.0345,1.0335,1.0339,13189.0
1782837360000,1.0339,1.035,1.0338,1.0346,7125.0
1782837420000,1.0346,1.0351,1.0342,1.0343,1949.0
1782837480000,1.0343,1.0377,1.0342,1.0373,4188.0
1782837540000,1.0373,1.0402,1.0373,1.0401,17404.0
1782837600000,1.0401,1.0403,1.0389,1.0389,49407.0
1782837660000,1.0389,1.0395,1.0382,1.0383,2328.0
1782837720000,1.0383,1.0388,1.0377,1.038,7298.0
1782837780000,1.038,1.0383,1.0365,1.0368,4167.0
1782837840000,1.0369,1.0371,1.0361,1.0371,2701.0
1782837900000,1.0371,1.0378,1.037,1.0377,6798.0
1782837960000,1.0378,1.0383,1.0377,1.0381,10720.0
1782838020000,1.0383,1.0391,1.0383,1.0384,6884.0
1782838080000,1.0384,1.0393,1.0383,1.0389,2503.0
1782838140000,1.0389,1.0396,1.0389,1.0396,1897.0
1782838200000,1.0396,1.0396,1.039,1.0391,60143.0
1782838260000,1.0388,1.0389,1.0385,1.0388,1919.0
1782838320000,1.0388,1.0398,1.0387,1.0397,1889.0
1782838380000,1.0397,1.0398,1.0395,1.0395,2174.0
1782838440000,1.0395,1.0416,1.0395,1.0404,5380.0
1782838500000,1.0404,1.0411,1.0403,1.041,101019.0
1782838560000,1.0411,1.0435,1.0404,1.043,33931.0
1782838620000,1.0429,1.043,1.0417,1.0417,2563.0
1782838680000,1.0417,1.0418,1.0402,1.0403,4646.0
1782838740000,1.0402,1.0409,1.0402,1.0409,5718.0
1782838800000,1.0409,1.0409,1.0408,1.0408,1846.0
1782838860000,1.0409,1.0412,1.0408,1.0412,9448.0
1782838920000,1.0411,1.0425,1.0411,1.0423,9136.0
1782838980000,1.0423,1.0431,1.0421,1.0431,4192.0
1782839040000,1.0429,1.0431,1.0423,1.0423,7164.0
1782839100000,1.0423,1.0424,1.0414,1.0414,1514.0
1782839160000,1.0415,1.0419,1.0412,1.0419,2819.0
1782839220000,1.0419,1.0429,1.0418,1.0427,1539.0
1782839280000,1.0427,1.0437,1.0426,1.0436,1434.0
1782839340000,1.0436,1.044,1.0426,1.0429,3326.0
1782839400000,1.0426,1.0427,1.0417,1.0418,6773.0
1782839460000,1.0419,1.0419,1.0415,1.0416,2012.0
1782839520000,1.0416,1.0417,1.0404,1.0407,2024.0
1782839580000,1.0407,1.0409,1.0394,1.04,29577.0
1782839640000,1.04,1.04,1.0395,1.0397,4108.0
1782839700000,1.0398,1.04,1.0397,1.0399,3611.0
1782839760000,1.0399,1.0413,1.0399,1.041,127566.0
1782839820000,1.0407,1.0415,1.0406,1.0407,5621.0
1782839880000,1.0407,1.0416,1.0406,1.0411,4970.0
1782839940000,1.0411,1.0417,1.0408,1.0409,8501.0
1782840000000,1.0409,1.0411,1.0403,1.0403,20612.0
1782840060000,1.0404,1.0407,1.0399,1.04,4282.0
1782840120000,1.0399,1.0403,1.0396,1.0396,8513.0
1782840180000,1.0393,1.0394,1.0391,1.0393,126244.0
1782840240000,1.0393,1.0394,1.0389,1.0389,25896.0
1782840300000,1.0391,1.0401,1.0389,1.0392,115909.0
1782840360000,1.0392,1.0398,1.0391,1.0391,2277.0
1782840420000,1.0392,1.0392,1.0384,1.0384,2657.0
1782840480000,1.0384,1.0395,1.0384,1.0389,10517.0
1782840540000,1.0389,1.0389,1.0385,1.0386,9820.0
1782840600000,1.0385,1.0392,1.0383,1.0391,2107.0
1782840660000,1.0391,1.0392,1.038,1.0381,15240.0
1782840720000,1.0381,1.0385,1.0371,1.0382,114914.0
1782840780000,1.0383,1.04,1.0382,1.04,95582.0
1782840840000,1.0399,1.0404,1.039,1.0391,6840.0
1782840900000,1.039,1.0401,1.039,1.0401,6094.0
1782840960000,1.0401,1.0401,1.0392,1.0395,3958.0
1782841020000,1.0395,1.0397,1.039,1.0396,1482.0
1782841080000,1.0397,1.0403,1.0396,1.0402,1981.0
1782841140000,1.0402,1.0403,1.0391,1.0392,1951.0
1782841200000,1.0392,1.0395,1.0391,1.0392,9064.0
1782841260000,1.0391,1.0397,1.0391,1.0397,2763.0
1782841320000,1.0397,1.0401,1.0396,1.0399,13498.0
1782841380000,1.0399,1.0399,1.0393,1.0393,2024.0
1782841440000,1.0393,1.0394,1.0393,1.0394,1872.0
1782841500000,1.0394,1.0394,1.0388,1.0388,1686.0
1782841560000,1.0389,1.0394,1.0388,1.0393,2656.0
1782841620000,1.0394,1.0394,1.0386,1.0386,2163.0
1782841680000,1.0386,1.0388,1.0384,1.0388,1823.0
1782841740000,1.0388,1.0388,1.0382,1.0383,9076.0
1782841800000,1.0382,1.0388,1.0382,1.0382,1671.0
1782841860000,1.0382,1.0395,1.0382,1.0392,2378.0
1782841920000,1.0392,1.0396,1.0389,1.0392,1973.0
1782841980000,1.0393,1.0396,1.0392,1.0395,2224.0
1782842040000,1.0396,1.0396,1.0392,1.0392,2046.0
1782842100000,1.0393,1.0393,1.0385,1.0388,1910.0
1782842160000,1.0388,1.0403,1.0388,1.0393,1689.0
1782842220000,1.0393,1.04,1.0393,1.0397,1659.0
1782842280000,1.0398,1.0398,1.0376,1.0382,2941.0
1782842340000,1.0381,1.0385,1.0381,1.0382,1632.0
1782842400000,1.0381,1.0391,1.0381,1.0388,22349.0
1782842460000,1.0389,1.0389,1.0377,1.0378,7086.0
1782842520000,1.0377,1.0387,1.0377,1.0382,2735.0
1782842580000,1.0381,1.0382,1.0372,1.0372,1932.0
1782842640000,1.0373,1.0379,1.0372,1.0375,1922.0
1782842700000,1.0375,1.0376,1.0369,1.0373,86628.0
1782842760000,1.0373,1.038,1.0373,1.0379,1941.0
1782842820000,1.0379,1.0397,1.0379,1.0396,10042.0
1782842880000,1.0397,1.0405,1.0396,1.0403,6948.0
1782842940000,1.0402,1.0418,1.0402,1.0412,3613.0
1782843000000,1.0412,1.0413,1.0403,1.0403,18567.0
1782843060000,1.0404,1.0406,1.0395,1.0406,2130.0
1782843120000,1.0405,1.0405,1.0401,1.0405,2054.0
1782843180000,1.0408,1.0416,1.0407,1.0413,3394.0
1782843240000,1.0412,1.0417,1.0406,1.0412,3172.0
1782843300000,1.0412,1.0415,1.0404,1.0411,3674.0
1782843360000,1.0412,1.0416,1.0411,1.0414,8431.0
1782843420000,1.0413,1.0443,1.0413,1.044,23593.0
1782843480000,1.0441,1.0461,1.0439,1.0452,79395.0
1782843540000,1.0451,1.0474,1.0445,1.0462,71012.0
1782843600000,1.0457,1.0463,1.0446,1.045,60822.0
1782843660000,1.0451,1.0457,1.0443,1.0449,122197.0
1782843720000,1.0448,1.0449,1.0443,1.0445,137653.0
1782843780000,1.0444,1.045,1.0443,1.0443,11286.0
1782843840000,1.0443,1.0444,1.0418,1.0419,132519.0
1782843900000,1.0419,1.0433,1.0417,1.0425,12968.0
1782843960000,1.0425,1.0429,1.0424,1.0426,2339.0
1782844020000,1.0427,1.0427,1.0426,1.0426,2308.0
1782844080000,1.0427,1.043,1.0426,1.043,11104.0
1782844140000,1.043,1.0432,1.0426,1.0427,123535.0
1782844200000,1.0428,1.0436,1.0424,1.0425,3199.0
1782844260000,1.0424,1.0425,1.0423,1.0424,4223.0
1782844320000,1.0423,1.0427,1.0421,1.0422,27373.0
1782844380000,1.0421,1.0422,1.0406,1.0413,232223.0
1782844440000,1.0413,1.0414,1.0408,1.0409,6938.0
1782844500000,1.0408,1.0412,1.0408,1.0412,3277.0
1782844560000,1.0411,1.0415,1.0408,1.0408,8465.0
1782844620000,1.0409,1.0409,1.0402,1.0403,2479.0
1782844680000,1.0402,1.0403,1.0395,1.0397,2553.0
1782844740000,1.0397,1.0399,1.0396,1.0399,2002.0
1782844800000,1.0399,1.0403,1.0398,1.0402,22613.0
1782844860000,1.0402,1.0404,1.0396,1.0402,4799.0
1782844920000,1.0402,1.0412,1.0401,1.0412,1958.0
1782844980000,1.0412,1.0412,1.0409,1.0409,5720.0
1782845040000,1.041,1.0413,1.0409,1.0413,1589.0
1782845100000,1.0413,1.0417,1.041,1.0413,3396.0
1782845160000,1.0414,1.042,1.0413,1.0419,1889.0
1782845220000,1.0419,1.0434,1.0419,1.0433,107287.0
1782845280000,1.0433,1.0441,1.043,1.0439,91617.0
1782845340000,1.0439,1.0442,1.0436,1.0442,5311.0
1782845400000,1.0442,1.0442,1.0431,1.0434,2463.0
1782845460000,1.0433,1.0434,1.0433,1.0434,19558.0
1782845520000,1.0434,1.0437,1.0433,1.0436,1757.0
1782845580000,1.0437,1.0443,1.0434,1.0434,7750.0
1782845640000,1.0435,1.0435,1.0425,1.0426,1877.0
1782845700000,1.0426,1.0426,1.0425,1.0426,6892.0
1782845760000,1.0425,1.0427,1.0421,1.0424,1488.0
1782845820000,1.0423,1.0424,1.042,1.0421,15579.0
1782845880000,1.042,1.0428,1.042,1.0428,2095.0
1782845940000,1.0427,1.0432,1.0427,1.0428,1567.0
1782846000000,1.0428,1.0428,1.0416,1.0422,2937.0
1782846060000,1.0422,1.0424,1.0419,1.042,4179.0
1782846120000,1.0421,1.0436,1.0418,1.0418,6351.0
1782846180000,1.0418,1.0422,1.0415,1.0422,1525.0
1782846240000,1.0418,1.0419,1.0416,1.0419,2447.0
1782846300000,1.0418,1.0419,1.0411,1.0411,11908.0
1782846360000,1.0412,1.0412,1.0411,1.0411,5169.0
1782846420000,1.0412,1.0427,1.0411,1.0427,2281.0
1782846480000,1.0427,1.0427,1.0421,1.0422,6255.0
1782846540000,1.0422,1.0423,1.042,1.0423,20160.0
1782846600000,1.0422,1.0423,1.0412,1.0412,5719.0
1782846660000,1.0412,1.0413,1.0409,1.041,3536.0
1782846720000,1.0411,1.0413,1.0404,1.0404,32364.0
1782846780000,1.0405,1.0406,1.0401,1.0402,6764.0
1782846840000,1.0402,1.0409,1.0402,1.0408,1654.0
1782846900000,1.0409,1.0409,1.0398,1.0399,13532.0
1782846960000,1.0399,1.0401,1.0391,1.0392,5125.0
1782847020000,1.0391,1.0402,1.0391,1.0402,2206.0
1782847080000,1.0401,1.0404,1.0399,1.0399,1726.0
1782847140000,1.0399,1.04,1.0396,1.0396,1398.0
1782847200000,1.0396,1.0397,1.0389,1.039,4572.0
1782847260000,1.039,1.0394,1.0382,1.0382,10855.0
1782847320000,1.0383,1.0388,1.0382,1.0387,10057.0
1782847380000,1.0387,1.0388,1.0387,1.0387,1718.0
1782847440000,1.0388,1.0388,1.0383,1.0386,24952.0
1782847500000,1.0386,1.039,1.0385,1.0389,2167.0
1782847560000,1.0388,1.0389,1.0385,1.0388,1880.0
1782847620000,1.0387,1.04,1.0384,1.04,2067.0
1782847680000,1.04,1.0404,1.0398,1.0402,13427.0
1782847740000,1.0402,1.0409,1.0401,1.0408,7294.0
1782847800000,1.0408,1.0416,1.0405,1.0415,11739.0
1782847860000,1.0416,1.0428,1.0415,1.0425,2075.0
1782847920000,1.0425,1.0436,1.0424,1.0425,3731.0
1782847980000,1.0428,1.0439,1.0423,1.0439,10555.0
1782848040000,1.0438,1.0443,1.0438,1.0441,1927.0
1782848100000,1.0443,1.0456,1.0441,1.045,8451.0
1782848160000,1.045,1.0451,1.0443,1.0447,3744.0
1782848220000,1.0446,1.045,1.0441,1.0447,1535.0
1782848280000,1.0447,1.045,1.0442,1.0448,1451.0
1782848340000,1.0447,1.0448,1.0439,1.0439,5755.0
1782848400000,1.0439,1.0443,1.0439,1.0443,2796.0
1782848460000,1.0442,1.0443,1.0429,1.0436,17548.0
1782848520000,1.0435,1.0445,1.0434,1.0445,1925.0
1782848580000,1.0445,1.0449,1.0444,1.0446,29559.0
1782848640000,1.0446,1.0449,1.0445,1.0445,745565.0
1782848700000,1.0445,1.0455,1.0434,1.0435,3437.0
1782848760000,1.0435,1.0441,1.043,1.0441,17861.0
1782848820000,1.044,1.0441,1.0437,1.0437,98111.0
1782848880000,1.0438,1.0439,1.0435,1.0436,3932.0
1782848940000,1.0435,1.0448,1.0435,1.0439,1734.0
1782849000000,1.0434,1.0435,1.0429,1.0429,3004.0
1782849060000,1.0431,1.0434,1.0422,1.0423,4545.0
1782849120000,1.0422,1.0435,1.0422,1.0435,2193.0
1782849180000,1.0434,1.0443,1.0432,1.0432,5099.0
1782849240000,1.0432,1.0441,1.0432,1.0433,2403.0
1782849300000,1.0438,1.0447,1.0438,1.0444,7234.0
1782849360000,1.0444,1.0448,1.0443,1.0444,1656.0
1782849420000,1.0444,1.0453,1.0443,1.0453,1846.0
1782849480000,1.0452,1.0496,1.0452,1.0477,250089.0
1782849540000,1.0479,1.049,1.0449,1.0449,105778.0
1782849600000,1.0445,1.0448,1.0432,1.0439,2707.0
1782849660000,1.044,1.0446,1.0439,1.0445,2803.0
1782849720000,1.0446,1.0461,1.0445,1.0459,99942.0
1782849780000,1.0459,1.0459,1.0439,1.044,141445.0
1782849840000,1.044,1.0445,1.0435,1.0445,330559.0
1782849900000,1.0447,1.0451,1.0442,1.045,1829.0
1782849960000,1.045,1.045,1.0441,1.0444,172128.0
1782850020000,1.0444,1.0453,1.0442,1.0448,180234.0
1782850080000,1.0449,1.0449,1.0442,1.0446,142011.0
1782850140000,1.0446,1.0453,1.0445,1.0453,1676.0
1782850200000,1.0453,1.0459,1.0447,1.0454,6758.0
1782850260000,1.0454,1.0459,1.044,1.0445,7775.0
1782850320000,1.0444,1.045,1.0444,1.045,2772.0
1782850380000,1.0449,1.0453,1.0446,1.0448,2402.0
1782850440000,1.0448,1.0448,1.0447,1.0447,2748.0
1782850500000,1.0448,1.0448,1.0447,1.0447,13238.0
1782850560000,1.0448,1.0448,1.0443,1.0443,1423.0
1782850620000,1.0443,1.0444,1.0433,1.0433,3707.0
1782850680000,1.0435,1.0438,1.0433,1.0437,18441.0
1782850740000,1.0437,1.0443,1.0437,1.0437,1599.0
1782850800000,1.0437,1.0437,1.0422,1.0427,11398.0
1782850860000,1.0427,1.0428,1.0415,1.0427,115907.0
1782850920000,1.0426,1.0429,1.0416,1.0416,2069.0
1782850980000,1.0417,1.0425,1.0416,1.0419,3256.0
1782851040000,1.0419,1.042,1.0417,1.0418,2246.0
1782851100000,1.0418,1.0419,1.0414,1.0418,11012.0
1782851160000,1.0419,1.0423,1.0418,1.0422,1831.0
1782851220000,1.0423,1.0425,1.0422,1.0423,86092.0
1782851280000,1.0423,1.0427,1.0423,1.0424,9237.0
1782851340000,1.0423,1.0424,1.0423,1.0423,1890.0
1782851400000,1.0424,1.0424,1.0412,1.0412,1707.0
1782851460000,1.0412,1.0414,1.0401,1.0409,6366.0
1782851520000,1.041,1.041,1.0405,1.0408,2043.0
1782851580000,1.0409,1.0415,1.0409,1.0415,1903.0
1782851640000,1.0415,1.0429,1.0414,1.0427,3461.0
1782851700000,1.0427,1.0428,1.0423,1.0423,1980.0
1782851760000,1.0424,1.0429,1.0423,1.0426,1605.0
1782851820000,1.0427,1.043,1.0426,1.0429,2930.0
1782851880000,1.043,1.0436,1.0429,1.0434,2392.0
1782851940000,1.0434,1.0434,1.0431,1.0431,3889.0
1782852000000,1.0432,1.0438,1.0429,1.043,2343.0
1782852060000,1.0429,1.043,1.0429,1.043,1630.0
1782852120000,1.0429,1.043,1.0424,1.0427,19755.0
1782852180000,1.0427,1.0428,1.0427,1.0427,1897.0
1782852240000,1.0427,1.0428,1.0419,1.042,2240.0
1782852300000,1.0419,1.0426,1.0417,1.0425,1589.0
1782852360000,1.0426,1.0426,1.0425,1.0426,1703.0
1782852420000,1.0426,1.0453,1.0425,1.0441,5388.0
1782852480000,1.0442,1.0442,1.0432,1.0432,1612.0
1782852540000,1.0433,1.0443,1.0432,1.0432,1427.0
1782852600000,1.0432,1.0433,1.0423,1.0429,1850.0
1782852660000,1.0428,1.0429,1.0417,1.0423,6596.0
1782852720000,1.0422,1.0426,1.0422,1.0426,1815.0
1782852780000,1.0425,1.0426,1.0425,1.0425,1578.0
1782852840000,1.0426,1.0426,1.0422,1.0423,2228.0
1782852900000,1.0423,1.0426,1.0422,1.0426,4064.0
1782852960000,1.0426,1.0429,1.0425,1.0426,1755.0
1782853020000,1.0426,1.0426,1.0418,1.0418,1895.0
1782853080000,1.0419,1.0419,1.0411,1.0417,1928.0
1782853140000,1.0417,1.0417,1.0412,1.0412,1628.0
1782853200000,1.0412,1.0414,1.0407,1.0414,1870.0
1782853260000,1.0413,1.0414,1.0413,1.0414,4625.0
1782853320000,1.0413,1.0423,1.0413,1.0423,2114.0
1782853380000,1.0422,1.0423,1.0415,1.0416,2280.0
1782853440000,1.0415,1.0416,1.0413,1.0414,1468.0
1782853500000,1.0413,1.0414,1.0402,1.0409,3860.0
1782853560000,1.0408,1.0409,1.0406,1.0409,1600.0
1782853620000,1.0409,1.0409,1.0408,1.0409,1680.0
1782853680000,1.0409,1.0409,1.0408,1.0409,2840.0
1782853740000,1.0408,1.0409,1.0395,1.0396,5771.0
1782853800000,1.0395,1.0396,1.0381,1.0383,22586.0
1782853860000,1.0383,1.0397,1.0382,1.0383,2944.0
1782853920000,1.0383,1.039,1.0382,1.039,11873.0
1782853980000,1.039,1.0407,1.0389,1.0407,23453.0
1782854040000,1.0407,1.0415,1.0403,1.041,3118.0
1782854100000,1.041,1.041,1.0404,1.0404,5591.0
1782854160000,1.0404,1.0411,1.0404,1.0408,1600.0
1782854220000,1.0409,1.0411,1.0403,1.0411,2885.0
1782854280000,1.041,1.0411,1.0408,1.0408,1747.0
1782854340000,1.0409,1.0409,1.0408,1.0408,2671.0
1782854400000,1.0409,1.0409,1.0407,1.0408,11405.0
1782854460000,1.0407,1.0408,1.0396,1.0402,12448.0
1782854520000,1.0402,1.0402,1.0397,1.0398,27979.0
1782854580000,1.0394,1.0397,1.0391,1.0391,21169.0
1782854640000,1.0392,1.0397,1.0391,1.0392,1625.0
1782854700000,1.0392,1.0408,1.0389,1.0408,2992.0
1782854760000,1.0407,1.0408,1.0399,1.04,3935.0
1782854820000,1.0399,1.0404,1.0399,1.0404,18253.0
1782854880000,1.0404,1.0404,1.0403,1.0404,2987.0
1782854940000,1.0404,1.0406,1.0403,1.0404,11292.0
1782855000000,1.0404,1.0404,1.0403,1.0403,3373.0
1782855060000,1.0403,1.0412,1.0403,1.0411,43170.0
1782855120000,1.0408,1.0409,1.0404,1.0404,1458.0
1782855180000,1.0404,1.0405,1.0404,1.0404,3829.0
1782855240000,1.0404,1.041,1.0404,1.041,1624.0
1782855300000,1.0409,1.0413,1.0409,1.0413,1635.0
1782855360000,1.0413,1.0416,1.041,1.0411,2136.0
1782855420000,1.041,1.0411,1.0406,1.0407,1746.0
1782855480000,1.0407,1.0407,1.0403,1.0404,1684.0
1782855540000,1.0403,1.0406,1.0403,1.0405,2063.0
1782855600000,1.0405,1.0406,1.0401,1.0405,2380.0
1782855660000,1.0404,1.0407,1.0404,1.0406,1412.0
1782855720000,1.0406,1.0407,1.0405,1.0405,19830.0
1782855780000,1.0406,1.0407,1.0403,1.0406,2402.0
1782855840000,1.0407,1.0407,1.0398,1.0402,3750.0
1782855900000,1.0401,1.0402,1.0401,1.0401,1370.0
1782855960000,1.0401,1.0402,1.0401,1.0401,1967.0
1782856020000,1.0401,1.0402,1.0398,1.0399,1593.0
1782856080000,1.0398,1.0399,1.0396,1.0396,11261.0
1782856140000,1.0396,1.0397,1.0392,1.0393,2887.0
1782856200000,1.0392,1.0393,1.0392,1.0392,2133.0
1782856260000,1.0392,1.0393,1.0392,1.0393,2007.0
1782856320000,1.0392,1.04,1.0392,1.04,1646.0
1782856380000,1.0399,1.0403,1.0399,1.0402,1647.0
1782856440000,1.0402,1.0403,1.0398,1.0398,2176.0
1782856500000,1.0399,1.0402,1.0398,1.0401,2398.0
1782856560000,1.0405,1.0407,1.0401,1.0401,2475.0
1782856620000,1.0402,1.0402,1.0396,1.0401,1762.0
1782856680000,1.0401,1.0411,1.0399,1.0407,41207.0
1782856740000,1.0408,1.0408,1.0407,1.0408,1459.0
1782856800000,1.0408,1.0423,1.0407,1.0412,72688.0
1782856860000,1.0413,1.0422,1.0412,1.042,4833.0
1782856920000,1.042,1.0427,1.042,1.0427,1657.0
1782856980000,1.0427,1.0432,1.0418,1.042,7519.0
1782857040000,1.042,1.0421,1.042,1.042,2056.0
1782857100000,1.042,1.0432,1.042,1.0426,2847.0
1782857160000,1.0427,1.0427,1.0426,1.0427,76029.0
1782857220000,1.0426,1.0427,1.0422,1.0423,3651.0
1782857280000,1.0423,1.0423,1.0418,1.0418,27125.0
1782857340000,1.0418,1.0419,1.0414,1.0415,1616.0
1782857400000,1.0414,1.0415,1.0407,1.0409,1934.0
1782857460000,1.0409,1.0412,1.0407,1.0411,1625.0
1782857520000,1.0412,1.0416,1.0402,1.0408,3123.0
1782857580000,1.0407,1.041,1.0407,1.0409,1607.0
1782857640000,1.0409,1.0417,1.0409,1.0417,1426.0
1782857700000,1.0416,1.0417,1.0416,1.0417,2436.0
1782857760000,1.0417,1.0422,1.0414,1.0421,10117.0
1782857820000,1.0422,1.0426,1.0421,1.0426,1910.0
1782857880000,1.0426,1.0426,1.0422,1.0425,1929.0
1782857940000,1.0425,1.0436,1.0424,1.0436,1968.0
1782858000000,1.0435,1.044,1.0434,1.0435,3091.0
1782858060000,1.0434,1.0435,1.0426,1.0427,1822.0
1782858120000,1.0426,1.0429,1.0426,1.0429,1612.0
1782858180000,1.0429,1.0429,1.0415,1.0418,1869.0
1782858240000,1.0418,1.0419,1.0418,1.0418,4855.0
1782858300000,1.0419,1.0422,1.0418,1.0421,1766.0
1782858360000,1.0422,1.0422,1.0418,1.0419,1659.0
1782858420000,1.0418,1.0419,1.0415,1.0416,1834.0
1782858480000,1.0415,1.0419,1.0415,1.0418,1662.0
1782858540000,1.0418,1.0419,1.0415,1.0415,1455.0
1782858600000,1.0415,1.0416,1.0408,1.0416,2443.0
1782858660000,1.0415,1.0416,1.0396,1.0396,4224.0
1782858720000,1.0397,1.0401,1.0387,1.0401,20038.0
1782858780000,1.0401,1.0401,1.0385,1.0389,3504.0
1782858840000,1.0388,1.0393,1.0388,1.0393,2156.0
1782858900000,1.0392,1.0393,1.0387,1.0388,26556.0
1782858960000,1.0387,1.039,1.0387,1.0389,1820.0
1782859020000,1.039,1.039,1.0389,1.039,2004.0
1782859080000,1.039,1.0396,1.0385,1.0396,6956.0
1782859140000,1.0395,1.0401,1.0395,1.04,13845.0
1782859200000,1.04,1.04,1.0396,1.0399,2234.0
1782859260000,1.04,1.0402,1.0396,1.0397,2640.0
1782859320000,1.0396,1.0397,1.0392,1.0393,1981.0
1782859380000,1.0393,1.0393,1.0392,1.0392,1935.0
1782859440000,1.0393,1.0393,1.0392,1.0393,2289.0
1782859500000,1.0392,1.0393,1.0384,1.0385,1729.0
1782859560000,1.0385,1.0389,1.0384,1.0388,2903.0
1782859620000,1.0389,1.0391,1.0388,1.0391,4569.0
1782859680000,1.0391,1.0393,1.039,1.0392,1792.0
1782859740000,1.0393,1.0397,1.0392,1.0397,1911.0
1782859800000,1.0399,1.0399,1.0398,1.0399,1893.0
1782859860000,1.0398,1.0399,1.0389,1.039,1770.0
1782859920000,1.039,1.039,1.0381,1.0387,3152.0
1782859980000,1.0386,1.0387,1.0386,1.0387,1779.0
1782860040000,1.0386,1.0387,1.0386,1.0387,16063.0
1782860100000,1.0387,1.039,1.0386,1.039,1455.0
1782860160000,1.039,1.0393,1.0389,1.0392,2805.0
1782860220000,1.0392,1.0403,1.0392,1.0402,3744.0
1782860280000,1.0401,1.0402,1.0401,1.0402,3209.0
1782860340000,1.0401,1.0402,1.0401,1.0401,2204.0
1782860400000,1.0401,1.0404,1.0391,1.0391,1814.0
1782860460000,1.0386,1.0402,1.0386,1.0398,4279.0
1782860520000,1.0399,1.0399,1.0393,1.0396,1673.0
1782860580000,1.0395,1.0396,1.0391,1.0392,1852.0
1782860640000,1.0391,1.0394,1.0386,1.0387,2735.0
1782860700000,1.0387,1.0393,1.0386,1.0393,1814.0
1782860760000,1.0392,1.0393,1.0392,1.0393,3092.0
1782860820000,1.0393,1.0395,1.0392,1.0395,6323.0
1782860880000,1.0395,1.04,1.039,1.0391,3147.0
1782860940000,1.0394,1.04,1.0393,1.0394,21670.0
1782861000000,1.0393,1.0394,1.039,1.0391,20301.0
1782861060000,1.0391,1.0391,1.0386,1.0386,17903.0
1782861120000,1.0387,1.0387,1.0386,1.0387,1613.0
1782861180000,1.0387,1.0387,1.0383,1.0384,6178.0
1782861240000,1.0383,1.0389,1.0383,1.0388,3523.0
1782861300000,1.0389,1.0393,1.0388,1.0392,17277.0
1782861360000,1.0392,1.04,1.0391,1.0394,4073.0
1782861420000,1.0394,1.0397,1.0389,1.0389,9720.0
1782861480000,1.039,1.039,1.0387,1.0388,1692.0
1782861540000,1.0387,1.0388,1.0387,1.0387,2660.0
1782861600000,1.0388,1.0391,1.0385,1.0386,1722.0
1782861660000,1.0386,1.0389,1.0384,1.0384,11672.0
1782861720000,1.0385,1.0396,1.0384,1.0394,1467.0
1782861780000,1.0395,1.0395,1.0387,1.0388,21425.0
1782861840000,1.0387,1.0392,1.0386,1.0391,11496.0
1782861900000,1.0391,1.0397,1.0391,1.0396,5011.0
1782861960000,1.0397,1.0397,1.0396,1.0396,2235.0
1782862020000,1.0397,1.0397,1.0396,1.0396,1923.0
1782862080000,1.0396,1.0397,1.039,1.0391,5291.0
1782862140000,1.039,1.0391,1.0387,1.0388,1941.0
1782862200000,1.0387,1.0388,1.0386,1.0386,3396.0
1782862260000,1.0387,1.0387,1.0374,1.038,105303.0
1782862320000,1.0383,1.0388,1.0382,1.0387,8716.0
1782862380000,1.0388,1.0388,1.0387,1.0388,2151.0
1782862440000,1.0388,1.0394,1.0381,1.0393,1522.0
1782862500000,1.0394,1.0394,1.0393,1.0394,2415.0
1782862560000,1.0389,1.039,1.0386,1.0387,1748.0
1782862620000,1.0386,1.039,1.0386,1.039,17749.0
1782862680000,1.039,1.039,1.0386,1.0386,1810.0
1782862740000,1.0387,1.0387,1.0383,1.0384,1557.0
1782862800000,1.0384,1.0387,1.0383,1.0387,1530.0
1782862860000,1.0386,1.0387,1.0386,1.0387,3037.0
1782862920000,1.0387,1.0392,1.0386,1.0387,1966.0
1782862980000,1.0387,1.0391,1.0387,1.0388,3864.0
1782863040000,1.0388,1.0393,1.0385,1.0393,1911.0
1782863100000,1.0392,1.0396,1.0391,1.0392,1716.0
1782863160000,1.0391,1.0394,1.0391,1.0394,28540.0
1782863220000,1.0393,1.04,1.0393,1.0399,2477.0
1782863280000,1.0404,1.0405,1.0399,1.04,3133.0
1782863340000,1.04,1.04,1.0399,1.04,1818.0
1782863400000,1.0399,1.04,1.0396,1.0399,2855.0
1782863460000,1.04,1.04,1.0399,1.04,1461.0
1782863520000,1.0399,1.04,1.0391,1.0396,3023.0
1782863580000,1.0397,1.0397,1.0396,1.0396,1628.0
1782863640000,1.0397,1.0397,1.0392,1.0392,1817.0
1782863700000,1.0393,1.0398,1.0392,1.0395,15560.0
1782863760000,1.0394,1.0395,1.0394,1.0395,1725.0
1782863820000,1.0394,1.0395,1.0394,1.0395,1565.0
1782863880000,1.0394,1.04,1.0394,1.0398,2311.0
1782863940000,1.0398,1.0398,1.0397,1.0398,1868.0
1782864000000,1.0398,1.0408,1.0397,1.0402,3020.0
1782864060000,1.0402,1.0408,1.0394,1.0398,3424.0
1782864120000,1.0397,1.0405,1.0391,1.0396,3592.0
1782864180000,1.0396,1.0404,1.0393,1.0399,2546.0
1782864240000,1.0399,1.0402,1.0398,1.0401,1774.0
1782864300000,1.0403,1.0414,1.0402,1.0402,3631.0
1782864360000,1.0403,1.0403,1.04,1.0401,2046.0
1782864420000,1.0401,1.0403,1.04,1.0403,2106.0
1782864480000,1.0403,1.0407,1.0402,1.0405,12089.0
1782864540000,1.0405,1.0405,1.0388,1.039,8327.0
1782864600000,1.039,1.0397,1.039,1.0397,2667.0
1782864660000,1.0397,1.0397,1.0389,1.039,22968.0
1782864720000,1.0391,1.0391,1.0378,1.0379,31424.0
1782864780000,1.0378,1.039,1.0378,1.0389,22806.0
1782864840000,1.039,1.0396,1.0389,1.0394,3802.0
1782864900000,1.0392,1.0399,1.0386,1.0386,2159.0
1782864960000,1.0386,1.039,1.0383,1.039,1390.0
1782865020000,1.039,1.0394,1.0386,1.0388,2062.0
1782865080000,1.0388,1.0394,1.0388,1.0388,2043.0
1782865140000,1.0389,1.0389,1.0378,1.0378,5219.0
1782865200000,1.0378,1.0385,1.0378,1.0385,3887.0
1782865260000,1.0384,1.0385,1.0364,1.0364,34860.0
1782865320000,1.0365,1.037,1.036,1.0369,8522.0
1782865380000,1.0369,1.037,1.0364,1.0364,4581.0
1782865440000,1.0368,1.0368,1.0364,1.0368,3130.0
1782865500000,1.0368,1.037,1.0358,1.0358,3189.0
1782865560000,1.0358,1.0359,1.0348,1.0349,28334.0
1782865620000,1.0348,1.0354,1.0348,1.0354,5603.0
1782865680000,1.0353,1.036,1.0353,1.0359,3172.0
1782865740000,1.0359,1.0364,1.0359,1.0363,6656.0
1782865800000,1.0363,1.0375,1.0358,1.0374,9569.0
1782865860000,1.0375,1.0395,1.0371,1.0371,226756.0
1782865920000,1.0372,1.0377,1.0366,1.0371,3119.0
1782865980000,1.037,1.0376,1.0364,1.0372,10635.0
1782866040000,1.0372,1.0372,1.0368,1.0368,37566.0
1782866100000,1.0368,1.0369,1.0353,1.0355,3712.0
1782866160000,1.0356,1.0357,1.0352,1.0353,33527.0
1782866220000,1.0353,1.0358,1.0351,1.0356,11916.0
1782866280000,1.0356,1.0368,1.0354,1.0354,2360.0
1782866340000,1.0354,1.0355,1.035,1.035,6961.0
1782866400000,1.035,1.0354,1.0348,1.0354,2692.0
1782866460000,1.0353,1.0353,1.0348,1.0349,7038.0
1782866520000,1.0348,1.0349,1.0348,1.0349,2030.0
1782866580000,1.0348,1.0353,1.0348,1.0353,41385.0
1782866640000,1.0353,1.0353,1.0352,1.0352,1991.0
1782866700000,1.0352,1.0355,1.0348,1.0354,1951.0
1782866760000,1.0354,1.0357,1.035,1.0355,1604.0
1782866820000,1.0355,1.0355,1.0354,1.0355,1599.0
1782866880000,1.0355,1.0355,1.0351,1.0353,2367.0
1782866940000,1.0353,1.0357,1.0352,1.0352,4098.0
1782867000000,1.0352,1.0353,1.0352,1.0353,2600.0
1782867060000,1.0353,1.0358,1.0352,1.0358,1545.0
1782867120000,1.0358,1.0376,1.0354,1.0376,2675.0
1782867180000,1.0376,1.0376,1.0368,1.0368,2521.0
1782867240000,1.0368,1.0369,1.0362,1.0362,2646.0
1782867300000,1.0363,1.0369,1.0362,1.0368,2293.0
1782867360000,1.0369,1.0372,1.0368,1.0369,8509.0
1782867420000,1.0369,1.0375,1.0369,1.037,1824.0
1782867480000,1.0369,1.037,1.0369,1.0369,1683.0
1782867540000,1.037,1.037,1.0366,1.0366,7702.0
1782867600000,1.0367,1.0374,1.0366,1.0374,1775.0
1782867660000,1.0374,1.0374,1.0366,1.0372,22208.0
1782867720000,1.0372,1.0374,1.0364,1.0365,1704.0
1782867780000,1.0365,1.0365,1.0354,1.0355,24775.0
1782867840000,1.0355,1.0355,1.0339,1.0339,12424.0
1782867900000,1.0339,1.034,1.032,1.0337,37287.0
1782867960000,1.0339,1.0341,1.0326,1.0326,4572.0
1782868020000,1.0327,1.0333,1.0326,1.033,1607.0
1782868080000,1.0329,1.033,1.032,1.0324,1618.0
1782868140000,1.0323,1.0326,1.0323,1.0324,29164.0
1782868200000,1.0324,1.0325,1.0288,1.0288,98191.0
1782868260000,1.0288,1.0295,1.0277,1.0283,212791.0
1782868320000,1.0287,1.0292,1.0222,1.0227,305908.0
1782868380000,1.0227,1.0276,1.0213,1.0276,76248.0
1782868440000,1.0275,1.0307,1.0269,1.0293,70290.0
1782868500000,1.0294,1.0324,1.0294,1.0302,30901.0
1782868560000,1.0303,1.0303,1.0275,1.0275,17714.0
1782868620000,1.0277,1.0297,1.0275,1.0286,6782.0
1782868680000,1.0287,1.0309,1.0282,1.0303,15449.0
1782868740000,1.0304,1.0323,1.0302,1.0316,37766.0
1782868800000,1.0317,1.032,1.0305,1.032,7995.0
1782868860000,1.0319,1.0323,1.0311,1.032,10003.0
1782868920000,1.032,1.0343,1.0314,1.0333,6846.0
1782868980000,1.033,1.0339,1.0327,1.0331,3601.0
1782869040000,1.0331,1.0338,1.0313,1.0319,7299.0
1782869100000,1.0318,1.033,1.0313,1.0313,8868.0
1782869160000,1.0313,1.033,1.0311,1.0329,11047.0
1782869220000,1.033,1.033,1.0323,1.0328,15821.0
1782869280000,1.0329,1.0332,1.0322,1.0325,7775.0
1782869340000,1.0325,1.033,1.0324,1.0325,17562.0
1782869400000,1.0324,1.0342,1.032,1.0338,6171.0
1782869460000,1.0338,1.0351,1.0335,1.0335,5883.0
1782869520000,1.0341,1.0349,1.034,1.0349,6661.0
1782869580000,1.0349,1.0349,1.0332,1.0333,1638.0
1782869640000,1.0333,1.0339,1.033,1.0333,22264.0
1782869700000,1.0333,1.0341,1.0332,1.034,2039.0
1782869760000,1.0341,1.0342,1.0338,1.0338,2231.0
1782869820000,1.0339,1.0343,1.0336,1.0343,1758.0
1782869880000,1.0343,1.0378,1.0342,1.0376,4914.0
1782869940000,1.0376,1.0417,1.0375,1.0396,24097.0
1782870000000,1.0391,1.04,1.0385,1.04,5740.0
1782870060000,1.04,1.0428,1.0392,1.0392,26768.0
1782870120000,1.0393,1.0399,1.0385,1.0399,20018.0
1782870180000,1.0395,1.0406,1.0394,1.0403,14883.0
1782870240000,1.0405,1.041,1.0401,1.0407,2371.0
1782870300000,1.0407,1.0423,1.0401,1.041,2523.0
1782870360000,1.041,1.0414,1.0396,1.0402,4563.0
1782870420000,1.0401,1.0407,1.0401,1.0406,15028.0
1782870480000,1.0407,1.041,1.0394,1.04,37558.0
1782870540000,1.04,1.0403,1.0397,1.04,2724.0
1782870600000,1.04,1.0401,1.0393,1.0398,3131.0
1782870660000,1.0398,1.0407,1.0398,1.0406,1941.0
1782870720000,1.0407,1.0414,1.0403,1.0413,3514.0
1782870780000,1.0414,1.0417,1.0413,1.0416,5428.0
1782870840000,1.0417,1.0417,1.0412,1.0417,1755.0
1782870900000,1.0416,1.0426,1.0413,1.0419,2086.0
1782870960000,1.0419,1.0425,1.0415,1.0417,3451.0
1782871020000,1.0417,1.0426,1.0417,1.0417,1787.0
1782871080000,1.0418,1.0418,1.0408,1.0408,63269.0
1782871140000,1.0408,1.0413,1.0407,1.0408,4172.0
1782871200000,1.0407,1.0416,1.0405,1.0411,3707.0
1782871260000,1.0411,1.042,1.0409,1.0411,11286.0
1782871320000,1.0412,1.0413,1.0408,1.0413,1443.0
1782871380000,1.0412,1.0415,1.0409,1.0415,1830.0
1782871440000,1.0414,1.0415,1.0404,1.0404,2583.0
1782871500000,1.0405,1.0405,1.0389,1.0389,13540.0
1782871560000,1.0389,1.0391,1.0373,1.0389,6803.0
1782871620000,1.0388,1.0389,1.0383,1.0387,1434.0
1782871680000,1.0386,1.039,1.0386,1.0387,2294.0
1782871740000,1.0387,1.0394,1.0387,1.0394,1677.0
1782871800000,1.0393,1.0394,1.0388,1.0389,4313.0
1782871860000,1.039,1.0397,1.0389,1.0397,2915.0
1782871920000,1.0395,1.0408,1.0395,1.0407,3187.0
1782871980000,1.0407,1.0418,1.0407,1.0417,21609.0
1782872040000,1.0416,1.0417,1.0402,1.0406,2098.0
1782872100000,1.0406,1.0417,1.0402,1.0416,1854.0
1782872160000,1.0416,1.0421,1.0414,1.0417,3445.0
1782872220000,1.0417,1.042,1.0411,1.0418,2039.0
1782872280000,1.0418,1.0422,1.0416,1.0416,7969.0
1782872340000,1.0416,1.042,1.0413,1.0417,1931.0
1782872400000,1.0418,1.0418,1.0406,1.0413,1627.0
1782872460000,1.0413,1.0433,1.0411,1.0433,7475.0
1782872520000,1.0431,1.0449,1.0431,1.0444,201347.0
1782872580000,1.0443,1.0454,1.0438,1.0454,7524.0
1782872640000,1.0453,1.0456,1.0443,1.0445,2529.0
1782872700000,1.0446,1.0446,1.0431,1.044,20697.0
1782872760000,1.0439,1.0453,1.0436,1.0445,2677.0
1782872820000,1.0444,1.0445,1.0437,1.0438,3567.0
1782872880000,1.0437,1.0442,1.0437,1.0442,1740.0
1782872940000,1.0441,1.0443,1.0436,1.0442,2204.0
1782873000000,1.0442,1.045,1.0437,1.0449,2427.0
1782873060000,1.0449,1.046,1.0434,1.0434,19055.0
1782873120000,1.0434,1.0447,1.0432,1.0435,7311.0
1782873180000,1.0435,1.044,1.043,1.0439,19700.0
1782873240000,1.044,1.0453,1.0439,1.045,1897.0
1782873300000,1.0449,1.0456,1.0445,1.0452,2940.0
1782873360000,1.0453,1.0453,1.0443,1.0443,4130.0
1782873420000,1.0445,1.0451,1.0441,1.045,1516.0
1782873480000,1.045,1.0465,1.045,1.0464,3563.0
1782873540000,1.0465,1.0473,1.0459,1.0462,6979.0
1782873600000,1.0462,1.0463,1.0453,1.0453,5880.0
1782873660000,1.0453,1.046,1.045,1.046,15489.0
1782873720000,1.0459,1.0468,1.0459,1.0468,11967.0
1782873780000,1.0468,1.0472,1.0458,1.0467,28376.0
1782873840000,1.0465,1.0472,1.0465,1.0472,17351.0
1782873900000,1.0472,1.0472,1.0464,1.047,1860.0
1782873960000,1.047,1.047,1.0451,1.0452,29985.0
1782874020000,1.0452,1.0452,1.0445,1.0448,1595.0
1782874080000,1.0448,1.0463,1.0445,1.0452,1923.0
1782874140000,1.0454,1.0454,1.045,1.0451,6950.0
1782874200000,1.0451,1.0451,1.045,1.045,16402.0
1782874260000,1.0451,1.0453,1.0448,1.0449,3791.0
1782874320000,1.0449,1.0451,1.0443,1.045,4996.0
1782874380000,1.045,1.0457,1.045,1.0455,1525.0
1782874440000,1.0456,1.0465,1.0452,1.0463,5183.0
1782874500000,1.0462,1.0466,1.0457,1.046,9651.0
1782874560000,1.046,1.0461,1.0456,1.0459,2045.0
1782874620000,1.0459,1.046,1.0454,1.0455,1919.0
1782874680000,1.0454,1.0455,1.0454,1.0455,1875.0
1782874740000,1.0454,1.0455,1.0454,1.0455,3577.0
1782874800000,1.0455,1.046,1.0454,1.0457,1715.0
1782874860000,1.0457,1.0458,1.0449,1.0449,28340.0
1782874920000,1.045,1.0453,1.0448,1.0449,1673.0
1782874980000,1.0448,1.0453,1.0448,1.0451,1736.0
1782875040000,1.045,1.0451,1.045,1.045,1588.0
1782875100000,1.0451,1.0462,1.045,1.0462,3019.0
1782875160000,1.0462,1.0469,1.0461,1.0469,1721.0
1782875220000,1.0469,1.0479,1.0469,1.0478,3194.0
1782875280000,1.0479,1.0479,1.0454,1.0454,2276.0
1782875340000,1.0455,1.046,1.0449,1.0455,3284.0
1782875400000,1.0454,1.0455,1.0446,1.0451,19252.0
1782875460000,1.0452,1.0452,1.0446,1.0447,2111.0
1782875520000,1.0447,1.0451,1.0446,1.045,1613.0
1782875580000,1.0451,1.0454,1.0447,1.0448,2379.0
1782875640000,1.0448,1.0448,1.0444,1.0444,4783.0
1782875700000,1.0446,1.0446,1.0443,1.0444,1709.0
1782875760000,1.0444,1.0444,1.043,1.0437,41746.0
1782875820000,1.0436,1.044,1.043,1.043,2396.0
1782875880000,1.0431,1.0434,1.0424,1.043,13414.0
1782875940000,1.043,1.043,1.0426,1.0426,2622.0
1782876000000,1.0427,1.0427,1.0415,1.0421,29808.0
1782876060000,1.0421,1.0421,1.042,1.0421,2085.0
1782876120000,1.0421,1.0423,1.042,1.0423,5582.0
1782876180000,1.0423,1.043,1.0422,1.0425,3859.0
1782876240000,1.0426,1.043,1.0425,1.043,1617.0
1782876300000,1.0429,1.0437,1.0429,1.043,1737.0
1782876360000,1.0431,1.0431,1.0424,1.0429,1860.0
1782876420000,1.043,1.0443,1.0429,1.0443,7446.0
1782876480000,1.0442,1.0449,1.0442,1.0448,2392.0
1782876540000,1.0448,1.0449,1.0448,1.0449,3175.0
1782876600000,1.0452,1.0459,1.0452,1.0458,1967.0
1782876660000,1.0459,1.0459,1.0447,1.0452,3947.0
1782876720000,1.0452,1.0453,1.0445,1.0448,2800.0
1782876780000,1.0448,1.0455,1.0447,1.0455,7306.0
1782876840000,1.0454,1.0455,1.0446,1.0449,2232.0
1782876900000,1.0449,1.0463,1.0449,1.0453,4791.0
1782876960000,1.0453,1.049,1.0452,1.0481,17111.0
1782877020000,1.0482,1.0518,1.0481,1.0494,42223.0
1782877080000,1.0494,1.0494,1.048,1.0481,4967.0
1782877140000,1.048,1.0493,1.048,1.0491,5142.0
1782877200000,1.0491,1.0493,1.0487,1.0489,1783.0
1782877260000,1.0488,1.0492,1.0485,1.0486,14301.0
1782877320000,1.0486,1.0486,1.0475,1.0475,6740.0
1782877380000,1.0477,1.0477,1.0475,1.0475,4634.0
1782877440000,1.0477,1.0482,1.0475,1.0481,11495.0
1782877500000,1.0482,1.0492,1.0481,1.0487,2689.0
1782877560000,1.0487,1.0497,1.0486,1.0497,1662.0
1782877620000,1.0501,1.0512,1.0498,1.0499,31256.0
1782877680000,1.0499,1.0499,1.0495,1.0496,6628.0
1782877740000,1.0496,1.0499,1.0495,1.0496,3528.0
1782877800000,1.0496,1.0502,1.0496,1.0501,2911.0
1782877860000,1.0501,1.0502,1.0498,1.05,9504.0
1782877920000,1.05,1.0511,1.0499,1.0502,4042.0
1782877980000,1.0503,1.0506,1.0498,1.0502,20036.0
1782878040000,1.0501,1.052,1.0501,1.052,47780.0
1782878100000,1.0517,1.053,1.0512,1.0513,28372.0
1782878160000,1.0517,1.0517,1.0513,1.0517,1948.0
1782878220000,1.0516,1.0517,1.0506,1.0507,17785.0
1782878280000,1.0506,1.0507,1.0501,1.0501,19715.0
1782878340000,1.0502,1.0503,1.0501,1.0503,5537.0
1782878400000,1.0502,1.0503,1.0487,1.049,8252.0
1782878460000,1.049,1.0492,1.0484,1.0488,30838.0
1782878520000,1.0487,1.0491,1.0481,1.0486,2272.0
1782878580000,1.0485,1.0495,1.0485,1.049,4046.0
1782878640000,1.049,1.05,1.049,1.05,3547.0
1782878700000,1.0499,1.0507,1.0499,1.0501,6235.0
1782878760000,1.0502,1.0505,1.05,1.0504,1490.0
1782878820000,1.0504,1.0506,1.0498,1.0505,5198.0
1782878880000,1.0502,1.0502,1.0501,1.0502,10436.0
1782878940000,1.0502,1.0502,1.0497,1.0499,13769.0
1782879000000,1.05,1.0511,1.0495,1.05,5542.0
1782879060000,1.05,1.0501,1.0495,1.05,7218.0
1782879120000,1.0501,1.0508,1.0498,1.0503,1690.0
1782879180000,1.0503,1.0503,1.0486,1.0491,5383.0
1782879240000,1.0492,1.0492,1.0488,1.0488,9516.0
1782879300000,1.0488,1.0498,1.0488,1.0497,6924.0
1782879360000,1.0497,1.05,1.0493,1.0496,8112.0
1782879420000,1.0496,1.05,1.0492,1.0492,1725.0
1782879480000,1.0493,1.0496,1.0487,1.0495,2951.0
1782879540000,1.0496,1.0504,1.0495,1.0501,1932.0
1782879600000,1.0501,1.0503,1.0495,1.0503,1488.0
1782879660000,1.0502,1.0503,1.0499,1.0499,2043.0
1782879720000,1.05,1.0511,1.0499,1.0502,4798.0
1782879780000,1.0502,1.0505,1.0499,1.0499,2072.0
1782879840000,1.0499,1.05,1.0488,1.0488,10457.0
1782879900000,1.0489,1.0495,1.0488,1.0491,2036.0
1782879960000,1.0491,1.0498,1.0491,1.0498,2482.0
1782880020000,1.0497,1.0505,1.0496,1.0503,2607.0
1782880080000,1.0503,1.051,1.0502,1.051,10859.0
1782880140000,1.051,1.051,1.0509,1.051,3144.0
1782880200000,1.0509,1.051,1.0502,1.0508,3677.0
1782880260000,1.0508,1.0519,1.0508,1.0512,326873.0
1782880320000,1.0512,1.0515,1.0507,1.0512,13226.0
1782880380000,1.0507,1.0513,1.0507,1.0508,2412.0
1782880440000,1.0508,1.0508,1.0503,1.0504,2565.0
1782880500000,1.0503,1.0504,1.0491,1.0496,143718.0
1782880560000,1.0496,1.0499,1.0491,1.0498,18663.0
1782880620000,1.0499,1.05,1.0495,1.05,6523.0
1782880680000,1.05,1.0513,1.0499,1.0499,136670.0
1782880740000,1.05,1.0504,1.0496,1.0501,1863.0
1782880800000,1.0502,1.0506,1.0501,1.0505,2039.0
1782880860000,1.0505,1.0512,1.0505,1.0508,1615.0
1782880920000,1.0508,1.0515,1.0508,1.0514,2657.0
1782880980000,1.052,1.0521,1.0512,1.0515,8304.0
1782881040000,1.0515,1.0518,1.0512,1.0518,1683.0
1782881100000,1.0517,1.0537,1.0517,1.0534,11920.0
1782881160000,1.0532,1.0535,1.0516,1.0525,1734.0
1782881220000,1.0525,1.0525,1.0518,1.0521,11064.0
1782881280000,1.052,1.0525,1.052,1.0524,4876.0
1782881340000,1.0524,1.0528,1.0522,1.0528,4469.0
1782881400000,1.0528,1.0528,1.0525,1.0525,45826.0
1782881460000,1.0525,1.0526,1.052,1.0523,1990.0
1782881520000,1.0523,1.0524,1.0515,1.052,3099.0
1782881580000,1.0521,1.0521,1.0506,1.051,132226.0
1782881640000,1.051,1.0512,1.0504,1.0511,2012.0
1782881700000,1.0511,1.0512,1.0511,1.0511,14541.0
1782881760000,1.0512,1.0512,1.0504,1.0509,3450.0
1782881820000,1.051,1.0512,1.0503,1.0509,2051.0
1782881880000,1.0508,1.0511,1.0505,1.0511,5027.0
1782881940000,1.051,1.0511,1.0508,1.0509,6650.0
1782882000000,1.051,1.0517,1.0504,1.0509,4218.0
1782882060000,1.0508,1.0512,1.0503,1.0508,4264.0
1782882120000,1.0512,1.0515,1.0505,1.0511,1836.0
1782882180000,1.0511,1.0514,1.051,1.0514,7199.0
1782882240000,1.0514,1.0517,1.0513,1.0516,2586.0
1782882300000,1.0516,1.0526,1.0516,1.0523,3573.0
1782882360000,1.0523,1.0524,1.051,1.0511,255380.0
1782882420000,1.0513,1.0519,1.0513,1.0518,4793.0
1782882480000,1.0519,1.0522,1.0516,1.0517,4053.0
1782882540000,1.0517,1.0517,1.0501,1.0502,28248.0
1782882600000,1.0501,1.0502,1.0499,1.05,4915.0
1782882660000,1.0501,1.0501,1.05,1.0501,5223.0
1782882720000,1.05,1.0501,1.0498,1.0501,5755.0
1782882780000,1.0501,1.0503,1.0498,1.0499,2202.0
1782882840000,1.0499,1.0502,1.0498,1.0502,2099.0
1782882900000,1.0502,1.0507,1.0501,1.0505,1761.0
1782882960000,1.0505,1.0516,1.0505,1.0515,19008.0
1782883020000,1.0515,1.0516,1.0508,1.0511,1861.0
1782883080000,1.0512,1.0512,1.0503,1.0503,1543.0
1782883140000,1.0504,1.0509,1.0503,1.0507,32909.0
1782883200000,1.0508,1.0508,1.0504,1.0505,39542.0
1782883260000,1.0505,1.0505,1.049,1.0494,12800.0
1782883320000,1.0495,1.0495,1.0494,1.0495,2527.0
1782883380000,1.0494,1.0497,1.0494,1.0496,1754.0
1782883440000,1.0496,1.0497,1.0496,1.0496,2139.0
1782883500000,1.0497,1.0502,1.0494,1.0496,2144.0
1782883560000,1.0494,1.0496,1.0491,1.0492,1807.0
1782883620000,1.0491,1.0494,1.0491,1.0493,1552.0
1782883680000,1.0494,1.0494,1.0489,1.0489,3325.0
1782883740000,1.049,1.049,1.0486,1.0486,4411.0
1782883800000,1.0486,1.049,1.0486,1.049,1214099.0
1782883860000,1.0489,1.0494,1.0489,1.0491,1577.0
1782883920000,1.049,1.0494,1.049,1.0494,17310.0
1782883980000,1.0493,1.0496,1.0488,1.0488,2106.0
1782884040000,1.0488,1.0491,1.0481,1.049,3047.0
1782884100000,1.049,1.0491,1.0483,1.0483,6361.0
1782884160000,1.0484,1.0484,1.0479,1.0483,4091.0
1782884220000,1.0482,1.0483,1.048,1.048,11884.0
1782884280000,1.048,1.0485,1.048,1.0484,2178.0
1782884340000,1.0485,1.0485,1.0477,1.0482,5022.0
1782884400000,1.0482,1.0489,1.0482,1.0489,1979.0
1782884460000,1.0488,1.0489,1.0488,1.0488,1688.0
1782884520000,1.0489,1.0489,1.0484,1.0484,1778.0
1782884580000,1.0484,1.0488,1.0484,1.0487,1562.0
1782884640000,1.0488,1.0496,1.0487,1.0492,7046.0
1782884700000,1.0491,1.0495,1.0491,1.0495,2208.0
1782884760000,1.0495,1.0495,1.0494,1.0494,1637.0
1782884820000,1.0495,1.0495,1.049,1.0491,5224.0
1782884880000,1.049,1.0497,1.049,1.0497,2407.0
1782884940000,1.0496,1.0501,1.0494,1.0495,1450.0
1782885000000,1.0495,1.0504,1.0494,1.0503,1482.0
1782885060000,1.0503,1.0506,1.0503,1.0506,2202.0
1782885120000,1.0506,1.0506,1.0499,1.0499,1952.0
1782885180000,1.0499,1.0499,1.0491,1.0491,1659.0
1782885240000,1.0492,1.0497,1.0491,1.0497,1989.0
1782885300000,1.0497,1.0497,1.0494,1.0497,1658.0
1782885360000,1.0496,1.0499,1.0496,1.0498,6966.0
1782885420000,1.0498,1.0501,1.0498,1.05,1514.0
1782885480000,1.05,1.0504,1.05,1.0503,2261.0
1782885540000,1.0503,1.0504,1.0503,1.0504,4342.0
1782885600000,1.0503,1.0509,1.05,1.0501,2502.0
1782885660000,1.05,1.0501,1.0492,1.0492,1390.0
1782885720000,1.0493,1.0493,1.0486,1.0492,14563.0
1782885780000,1.0491,1.0494,1.0489,1.0489,3363.0
1782885840000,1.0489,1.049,1.0486,1.0486,10667.0
1782885900000,1.0486,1.0491,1.0486,1.049,23079.0
1782885960000,1.0489,1.049,1.0489,1.049,1715.0
1782886020000,1.049,1.049,1.0484,1.0484,1999.0
1782886080000,1.0487,1.0492,1.0486,1.0487,1824.0
1782886140000,1.0486,1.0487,1.0479,1.0481,10938.0
1782886200000,1.0481,1.0485,1.0481,1.0484,1903.0
1782886260000,1.0485,1.0485,1.0481,1.0484,9874.0
1782886320000,1.0484,1.0485,1.0479,1.0479,7478.0
1782886380000,1.0482,1.0482,1.047,1.0478,8744.0
1782886440000,1.0478,1.0485,1.0477,1.0484,3678.0
1782886500000,1.0485,1.0489,1.0481,1.0485,36432.0
1782886560000,1.0485,1.0492,1.0484,1.0492,18446.0
1782886620000,1.0492,1.0492,1.0481,1.0482,1500.0
1782886680000,1.0482,1.0484,1.0476,1.0477,1474.0
1782886740000,1.0477,1.0477,1.0476,1.0477,2672.0
1782886800000,1.0477,1.0477,1.0463,1.0465,19608.0
1782886860000,1.0466,1.0473,1.0456,1.0457,46390.0
1782886920000,1.0456,1.0456,1.0441,1.0451,31360.0
1782886980000,1.045,1.0454,1.0443,1.0454,3467.0
1782887040000,1.0454,1.0458,1.045,1.0458,2713.0
1782887100000,1.0457,1.0463,1.045,1.0458,22886.0
1782887160000,1.0458,1.0465,1.0452,1.0465,12052.0
1782887220000,1.0465,1.0465,1.0462,1.0462,2027.0
1782887280000,1.0462,1.0468,1.0462,1.0468,7974.0
1782887340000,1.0467,1.0469,1.0467,1.0468,2323.0
1782887400000,1.0469,1.0472,1.0468,1.0471,2022.0
1782887460000,1.0472,1.0476,1.047,1.0471,5135.0
1782887520000,1.047,1.0478,1.047,1.0477,2179.0
1782887580000,1.0477,1.0478,1.0458,1.0459,2110.0
1782887640000,1.0459,1.0467,1.0452,1.0455,82383.0
1782887700000,1.0453,1.0459,1.0447,1.0447,15085.0
1782887760000,1.0447,1.0449,1.0432,1.0436,5163.0
1782887820000,1.0435,1.0438,1.0418,1.0418,17194.0
1782887880000,1.0423,1.0423,1.0392,1.0409,15349.0
1782887940000,1.0409,1.0419,1.0407,1.0415,2367.0
1782888000000,1.0416,1.0419,1.0413,1.0416,20772.0
1782888060000,1.0415,1.0416,1.0395,1.0405,1871.0
1782888120000,1.0404,1.0412,1.0404,1.0411,27376.0
1782888180000,1.0412,1.0416,1.0411,1.0416,18056.0
1782888240000,1.0415,1.0417,1.0411,1.0417,44276.0
1782888300000,1.0417,1.0418,1.0404,1.0408,71233.0
1782888360000,1.0408,1.0408,1.0388,1.039,78488.0
1782888420000,1.0394,1.0398,1.0388,1.0394,2049.0
1782888480000,1.0393,1.0399,1.0393,1.0399,4798.0
1782888540000,1.0399,1.0405,1.0397,1.0404,85506.0
1782888600000,1.0398,1.0409,1.0398,1.0408,18628.0
1782888660000,1.0408,1.0414,1.0406,1.0414,9801.0
1782888720000,1.0414,1.0416,1.0406,1.0414,69135.0
1782888780000,1.0414,1.0416,1.041,1.0411,12292.0
1782888840000,1.041,1.0411,1.041,1.0411,2580.0
1782888900000,1.041,1.0417,1.041,1.0417,13190.0
1782888960000,1.0416,1.0418,1.0412,1.0417,10073.0
1782889020000,1.0418,1.0418,1.0417,1.0418,4468.0
1782889080000,1.0417,1.0418,1.0417,1.0417,11021.0
1782889140000,1.0418,1.0418,1.0413,1.0415,1544.0
1782889200000,1.0415,1.0426,1.041,1.0416,7565.0
1782889260000,1.0416,1.0421,1.0408,1.0408,7553.0
1782889320000,1.0409,1.0417,1.0408,1.0416,2012.0
1782889380000,1.0416,1.0417,1.0405,1.0406,1899.0
1782889440000,1.0407,1.0407,1.0402,1.0404,3205.0
1782889500000,1.0404,1.0405,1.0398,1.0403,4592.0
1782889560000,1.0402,1.0403,1.0392,1.0397,12675.0
1782889620000,1.0396,1.0397,1.0385,1.039,98640.0
1782889680000,1.039,1.0397,1.0386,1.0397,19234.0
1782889740000,1.0397,1.0403,1.0397,1.0402,92238.0
1782889800000,1.0402,1.0403,1.0393,1.04,6093.0
1782889860000,1.04,1.0403,1.04,1.0403,18640.0
1782889920000,1.0402,1.0419,1.0402,1.0417,13351.0
1782889980000,1.0417,1.0419,1.0401,1.0405,5474.0
1782890040000,1.0405,1.0412,1.0404,1.0412,4412.0
1782890100000,1.0412,1.0412,1.0411,1.0411,1886.0
1782890160000,1.0411,1.0421,1.0401,1.0416,21740.0
1782890220000,1.0415,1.0422,1.041,1.0411,1878.0
1782890280000,1.041,1.0413,1.0397,1.0409,1898.0
1782890340000,1.0411,1.0412,1.0405,1.0412,3248.0
1782890400000,1.0412,1.0417,1.0398,1.0405,9162.0
1782890460000,1.0403,1.0417,1.0403,1.0416,1881.0
1782890520000,1.0417,1.0432,1.0416,1.0432,64382.0
1782890580000,1.0432,1.0435,1.0431,1.0435,8134.0
1782890640000,1.0435,1.044,1.0431,1.0434,1836.0
1782890700000,1.0434,1.0437,1.0426,1.0431,3707.0
1782890760000,1.0432,1.0432,1.0418,1.0426,2694.0
1782890820000,1.0426,1.0429,1.0421,1.0427,6415.0
1782890880000,1.0426,1.0427,1.0416,1.0418,180793.0
1782890940000,1.0417,1.0418,1.0411,1.0415,1931.0
1782891000000,1.0416,1.0416,1.0396,1.0406,83783.0
1782891060000,1.0407,1.0417,1.0406,1.0412,3982.0
1782891120000,1.0412,1.0413,1.0408,1.0411,1645.0
1782891180000,1.041,1.0418,1.041,1.0416,4213.0
1782891240000,1.0416,1.042,1.0416,1.0419,7273.0
1782891300000,1.0419,1.042,1.0409,1.041,3706.0
1782891360000,1.041,1.0414,1.0409,1.0412,1418.0
1782891420000,1.0411,1.0415,1.0411,1.0414,10198.0
1782891480000,1.0415,1.0417,1.0413,1.0414,4322.0
1782891540000,1.0413,1.0414,1.041,1.0411,1908.0
1782891600000,1.041,1.0411,1.0405,1.0405,2034.0
1782891660000,1.0406,1.0416,1.0405,1.0415,2458.0
1782891720000,1.0416,1.042,1.0413,1.0415,1917.0
1782891780000,1.0415,1.0418,1.0412,1.0413,2043.0
1782891840000,1.0412,1.0417,1.0412,1.0413,1435.0
1782891900000,1.0412,1.0413,1.0405,1.0411,2589.0
1782891960000,1.0412,1.0416,1.0408,1.0415,3690.0
1782892020000,1.0416,1.0421,1.041,1.0421,2089.0
1782892080000,1.0421,1.0428,1.042,1.0427,16611.0
1782892140000,1.0428,1.0433,1.0425,1.043,1705.0
1782892200000,1.043,1.0435,1.0425,1.0425,14123.0
1782892260000,1.0425,1.0426,1.0418,1.0418,14573.0
1782892320000,1.0418,1.0422,1.0418,1.0422,1415.0
1782892380000,1.0421,1.0424,1.0421,1.0423,2103.0
1782892440000,1.0423,1.0424,1.0421,1.0422,4276.0
1782892500000,1.0421,1.0422,1.042,1.0421,2448.0
1782892560000,1.0421,1.0425,1.0421,1.0425,2024.0
1782892620000,1.0424,1.0429,1.0424,1.0426,1414.0
1782892680000,1.0429,1.0432,1.0426,1.043,6201.0
1782892740000,1.043,1.0433,1.0429,1.0432,508973.0
1782892800000,1.0433,1.0433,1.042,1.0428,15839.0
1782892860000,1.0428,1.0429,1.0419,1.0421,2262.0
1782892920000,1.042,1.0422,1.041,1.0421,36639.0
1782892980000,1.0422,1.0428,1.0419,1.0419,1746.0
1782893040000,1.042,1.0435,1.0419,1.043,2615.0
1782893100000,1.043,1.0435,1.0425,1.0434,7955.0
1782893160000,1.0435,1.0435,1.043,1.043,19408.0
1782893220000,1.043,1.0438,1.0428,1.0428,1215814.0
1782893280000,1.0429,1.0434,1.0426,1.0429,2820.0
1782893340000,1.0429,1.0429,1.0421,1.0427,3405.0
1782893400000,1.0422,1.0427,1.042,1.0421,6302.0
1782893460000,1.0421,1.0426,1.0417,1.0418,2637.0
1782893520000,1.0417,1.0427,1.0417,1.0427,2394.0
1782893580000,1.0427,1.0427,1.0426,1.0427,2028.0
1782893640000,1.0427,1.0427,1.0415,1.0415,1458.0
1782893700000,1.0416,1.0417,1.0412,1.0415,2641.0
1782893760000,1.0416,1.0416,1.0415,1.0415,1558.0
1782893820000,1.0415,1.0416,1.0408,1.0412,29150.0
1782893880000,1.0412,1.0415,1.0411,1.0411,2842.0
1782893940000,1.0412,1.0415,1.0408,1.0408,3039.0
1782894000000,1.0408,1.0409,1.0405,1.0406,2028.0
1782894060000,1.0406,1.0408,1.0396,1.0397,2610.0
1782894120000,1.0396,1.0399,1.0396,1.0397,2268.0
1782894180000,1.0396,1.0399,1.0391,1.0397,35297.0
1782894240000,1.0396,1.0399,1.0393,1.0393,2187.0
1782894300000,1.0393,1.0401,1.0393,1.0396,10410.0
1782894360000,1.0397,1.0401,1.0396,1.04,2022.0
1782894420000,1.04,1.0404,1.04,1.0402,2573.0
1782894480000,1.0402,1.0402,1.0396,1.0396,1531.0
1782894540000,1.0396,1.0397,1.0396,1.0397,3943.0
1782894600000,1.0396,1.0408,1.0396,1.04,1556.0
1782894660000,1.0399,1.0402,1.0399,1.0399,2037.0
1782894720000,1.04,1.04,1.0396,1.0397,2475.0
1782894780000,1.0396,1.0397,1.0373,1.0378,106632.0
1782894840000,1.0378,1.0407,1.0377,1.0397,3731.0
1782894900000,1.0397,1.0397,1.0386,1.0394,80747.0
1782894960000,1.0395,1.0395,1.0389,1.0393,5515.0
1782895020000,1.0392,1.0394,1.0389,1.0392,1883.0
1782895080000,1.0392,1.04,1.0392,1.0399,2168.0
1782895140000,1.0399,1.0403,1.0396,1.0397,10759.0
1782895200000,1.0397,1.0403,1.0396,1.0403,1702.0
1782895260000,1.0402,1.0408,1.04,1.04,96985.0
1782895320000,1.04,1.0412,1.0395,1.0411,9865.0
1782895380000,1.0412,1.0417,1.0407,1.0416,3012.0
1782895440000,1.0417,1.042,1.0416,1.042,12687.0
1782895500000,1.0419,1.042,1.0419,1.042,5498.0
1782895560000,1.042,1.0425,1.0419,1.0419,2380.0
1782895620000,1.042,1.042,1.0414,1.0414,11415.0
1782895680000,1.0415,1.0415,1.0414,1.0415,1628.0
1782895740000,1.0415,1.0415,1.0407,1.041,1698.0
1782895800000,1.041,1.041,1.0409,1.041,1879.0
1782895860000,1.041,1.0424,1.0409,1.0424,3241.0
1782895920000,1.0424,1.0429,1.0421,1.0424,4332.0
1782895980000,1.0423,1.0424,1.0421,1.0422,1592.0
1782896040000,1.0422,1.0429,1.0421,1.0429,3723.0
1782896100000,1.0429,1.0432,1.0425,1.0429,2624.0
1782896160000,1.0429,1.043,1.0422,1.0427,6151.0
1782896220000,1.0428,1.0444,1.0427,1.0442,50968.0
1782896280000,1.0442,1.0453,1.0438,1.0448,89418.0
1782896340000,1.0447,1.0472,1.0447,1.0472,101966.0
1782896400000,1.047,1.0472,1.0453,1.0454,63017.0
1782896460000,1.0454,1.0462,1.0453,1.0461,5948.0
1782896520000,1.0461,1.0474,1.0459,1.046,5794.0
1782896580000,1.0459,1.0461,1.0458,1.0461,14404.0
1782896640000,1.0461,1.0467,1.046,1.0464,19001.0
1782896700000,1.0464,1.0471,1.0463,1.047,2663.0
1782896760000,1.0471,1.0489,1.0468,1.0483,39507.0
1782896820000,1.0483,1.0487,1.047,1.0476,12570.0
1782896880000,1.0475,1.048,1.0475,1.048,29224.0
1782896940000,1.048,1.048,1.0474,1.0474,30589.0
1782897000000,1.0474,1.0475,1.0471,1.0471,2500.0
1782897060000,1.0471,1.0474,1.0471,1.0471,3856.0
1782897120000,1.0471,1.0473,1.0466,1.0472,34532.0
1782897180000,1.0472,1.0473,1.0464,1.0465,6939.0
1782897240000,1.0465,1.0465,1.0458,1.0458,9712.0
1782897300000,1.0459,1.0473,1.0458,1.0472,1642.0
1782897360000,1.0473,1.0473,1.0465,1.0465,2880.0
1782897420000,1.0465,1.0468,1.0465,1.0468,12314.0
1782897480000,1.0468,1.0468,1.0459,1.0464,19853.0
1782897540000,1.0465,1.0465,1.0459,1.0459,1517.0
1782897600000,1.046,1.046,1.0452,1.0455,11943.0
1782897660000,1.0456,1.0456,1.0451,1.0452,10929.0
1782897720000,1.0452,1.0458,1.0452,1.0453,4768.0
1782897780000,1.0453,1.0456,1.0452,1.0456,1474.0
1782897840000,1.0455,1.0456,1.0455,1.0455,2132.0
1782897900000,1.0452,1.0453,1.045,1.0452,4592.0
1782897960000,1.0452,1.0453,1.0452,1.0452,2043.0
1782898020000,1.0452,1.0455,1.0452,1.0454,6628.0
1782898080000,1.0454,1.0457,1.0454,1.0457,23878.0
1782898140000,1.0457,1.0462,1.0451,1.0462,2045.0
1782898200000,1.0462,1.047,1.0455,1.046,9244.0
1782898260000,1.0461,1.0465,1.046,1.0464,6927.0
1782898320000,1.0463,1.0467,1.0463,1.0464,1412.0
1782898380000,1.0463,1.0466,1.0458,1.0465,1489.0
1782898440000,1.0466,1.0466,1.0461,1.0462,1585.0
1782898500000,1.0462,1.0462,1.0461,1.0462,2195.0
1782898560000,1.0462,1.0462,1.0461,1.0461,2162.0
1782898620000,1.0461,1.0468,1.0461,1.0468,1581.0
1782898680000,1.0467,1.0468,1.046,1.046,7273.0
1782898740000,1.046,1.0461,1.046,1.0461,5235.0
1782898800000,1.0461,1.0463,1.0457,1.0458,2798.0
1782898860000,1.0458,1.0462,1.0455,1.0461,1957.0
1782898920000,1.0461,1.0462,1.0459,1.046,6523.0
1782898980000,1.0459,1.0462,1.0456,1.0459,1880.0
1782899040000,1.0459,1.046,1.0457,1.0458,1396.0
1782899100000,1.0457,1.0467,1.0457,1.046,1736.0
1782899160000,1.0461,1.0461,1.0446,1.0446,6842.0
1782899220000,1.0446,1.045,1.0443,1.0445,1883.0
1782899280000,1.0446,1.0447,1.044,1.0447,2816.0
1782899340000,1.0446,1.0449,1.0434,1.0446,3016.0
1782899400000,1.0445,1.0446,1.044,1.0444,4886.0
1782899460000,1.0443,1.0449,1.0443,1.0448,2406.0
1782899520000,1.0448,1.0459,1.0445,1.0457,1948.0
1782899580000,1.0459,1.0459,1.0457,1.0457,2064.0
1782899640000,1.0455,1.0459,1.0455,1.0457,5802.0
1782899700000,1.0457,1.0463,1.0457,1.0462,1909.0
1782899760000,1.0463,1.0463,1.0455,1.0456,6115.0
1782899820000,1.0455,1.0456,1.0455,1.0455,4683.0
1782899880000,1.0455,1.0456,1.0453,1.0453,2901.0
1782899940000,1.0454,1.0458,1.0453,1.0453,6638.0
1782900000000,1.0454,1.0454,1.0445,1.0445,7019.0
1782900060000,1.0445,1.045,1.0445,1.045,1488.0
1782900120000,1.045,1.045,1.0449,1.045,8747.0
1782900180000,1.0449,1.0454,1.0449,1.0453,2237.0
1782900240000,1.0454,1.0459,1.0453,1.0455,2584.0
1782900300000,1.0455,1.0456,1.0447,1.0453,1772.0
1782900360000,1.0453,1.0453,1.0445,1.0446,2580.0
1782900420000,1.0446,1.0447,1.044,1.044,9636.0
1782900480000,1.044,1.0448,1.044,1.0448,2407.0
1782900540000,1.0448,1.0448,1.0447,1.0447,1509.0
1782900600000,1.0448,1.0448,1.043,1.0432,3340.0
1782900660000,1.0432,1.0433,1.0428,1.0428,12459.0
1782900720000,1.0429,1.0429,1.0428,1.0428,1702.0
1782900780000,1.0429,1.0429,1.0421,1.0428,7219.0
1782900840000,1.0429,1.0429,1.042,1.042,7492.0
1782900900000,1.042,1.0425,1.0417,1.042,1712.0
1782900960000,1.0421,1.0423,1.0417,1.0422,2469.0
1782901020000,1.0423,1.0427,1.042,1.0426,32113.0
1782901080000,1.0426,1.0427,1.0418,1.042,53580.0
1782901140000,1.042,1.0421,1.042,1.042,8972.0
1782901200000,1.0421,1.0424,1.042,1.0423,6845.0
1782901260000,1.0424,1.0424,1.0423,1.0424,2961.0
1782901320000,1.0424,1.0429,1.0423,1.0424,2686.0
1782901380000,1.0424,1.0424,1.042,1.0423,2177.0
1782901440000,1.0424,1.0424,1.0413,1.0413,8214.0
1782901500000,1.0415,1.0415,1.0391,1.0394,63997.0
1782901560000,1.0399,1.04,1.0387,1.0391,22027.0
1782901620000,1.0391,1.0401,1.0391,1.04,7485.0
1782901680000,1.04,1.0401,1.0394,1.04,4662.0
1782901740000,1.04,1.0409,1.0399,1.0405,11751.0
1782901800000,1.0405,1.0405,1.0401,1.0402,11807.0
1782901860000,1.0402,1.0402,1.0401,1.0402,2022.0
1782901920000,1.0401,1.0406,1.0401,1.0406,2042.0
1782901980000,1.0406,1.0415,1.0405,1.0411,15013.0
1782902040000,1.0415,1.0415,1.0403,1.0406,1604.0
1782902100000,1.0406,1.0407,1.0402,1.0403,1953.0
1782902160000,1.0403,1.0403,1.04,1.0403,1895.0
1782902220000,1.0402,1.0412,1.0402,1.0411,11437.0
1782902280000,1.0411,1.0412,1.0407,1.0407,1602.0
1782902340000,1.0407,1.0408,1.0407,1.0407,1429.0
1782902400000,1.0407,1.0411,1.0404,1.0411,1546.0
1782902460000,1.041,1.0411,1.0407,1.0407,1761.0
1782902520000,1.0408,1.0408,1.04,1.0401,3532.0
1782902580000,1.04,1.0401,1.0389,1.0391,1983.0
1782902640000,1.0391,1.0393,1.0389,1.039,7210.0
1782902700000,1.039,1.04,1.0389,1.04,21156.0
1782902760000,1.0399,1.0403,1.0399,1.0402,2328.0
1782902820000,1.0402,1.0405,1.04,1.0404,20239.0
1782902880000,1.0403,1.0407,1.0403,1.0407,2000.0
1782902940000,1.0406,1.0412,1.0406,1.0412,1807.0
1782903000000,1.0412,1.0415,1.0411,1.0415,4422.0
1782903060000,1.0415,1.0415,1.041,1.041,1974.0
1782903120000,1.041,1.0411,1.041,1.041,1447.0
1782903180000,1.0411,1.0411,1.0407,1.041,3742.0
1782903240000,1.041,1.0411,1.0407,1.0408,1537.0
1782903300000,1.0408,1.0408,1.0399,1.0402,2430.0
1782903360000,1.0403,1.041,1.0402,1.0409,1763.0
1782903420000,1.0409,1.041,1.0406,1.0407,7182.0
1782903480000,1.0406,1.0407,1.0403,1.0403,3989.0
1782903540000,1.0403,1.0404,1.0398,1.0398,7903.0
1782903600000,1.0398,1.04,1.0383,1.0393,24835.0
1782903660000,1.0392,1.0393,1.0374,1.0379,20060.0
1782903720000,1.0379,1.0384,1.0376,1.0383,5439.0
1782903780000,1.0386,1.0397,1.0378,1.039,9906.0
1782903840000,1.039,1.0394,1.0382,1.0393,4155.0
1782903900000,1.0392,1.0396,1.0388,1.0392,3083.0
1782903960000,1.0391,1.0395,1.0388,1.0392,1626.0
1782904020000,1.0393,1.0399,1.0392,1.0399,4458.0
1782904080000,1.0398,1.0402,1.0389,1.0394,1670.0
1782904140000,1.0393,1.0394,1.0393,1.0393,9334.0
1782904200000,1.0393,1.0403,1.0393,1.0403,4891.0
1782904260000,1.0402,1.0423,1.0402,1.0413,3489.0
1782904320000,1.0412,1.0413,1.0407,1.0407,2517.0
1782904380000,1.0408,1.0413,1.0407,1.041,1649.0
1782904440000,1.041,1.0413,1.041,1.0412,36637.0
1782904500000,1.0412,1.0413,1.041,1.0411,1971.0
1782904560000,1.041,1.0411,1.0401,1.0403,3074.0
1782904620000,1.0404,1.0406,1.0397,1.0405,1473.0
1782904680000,1.0406,1.0417,1.0403,1.0416,7964.0
1782904740000,1.0416,1.0416,1.0404,1.0404,3714.0
1782904800000,1.0404,1.041,1.0404,1.041,1807.0
1782904860000,1.041,1.041,1.0406,1.0407,17458.0
1782904920000,1.0407,1.0409,1.0405,1.0405,2136.0
1782904980000,1.0404,1.0404,1.0385,1.0391,4374.0
1782905040000,1.0393,1.04,1.0391,1.04,12172.0
1782905100000,1.0399,1.0404,1.0395,1.0403,6554.0
1782905160000,1.0404,1.0406,1.0394,1.0395,2051.0
1782905220000,1.0394,1.04,1.0394,1.04,3171.0
1782905280000,1.0399,1.04,1.0392,1.0393,4018.0
1782905340000,1.0392,1.0396,1.0392,1.0393,1586.0
1782905400000,1.0393,1.0396,1.039,1.0391,13571.0
1782905460000,1.0391,1.0401,1.0388,1.039,2802.0
1782905520000,1.0391,1.0391,1.0381,1.0384,2138.0
1782905580000,1.038,1.039,1.038,1.0384,21588.0
1782905640000,1.0384,1.0384,1.0378,1.0381,3449.0
1782905700000,1.038,1.0394,1.038,1.0394,4820.0
1782905760000,1.0394,1.0397,1.0387,1.0389,30510.0
1782905820000,1.039,1.0395,1.0389,1.0394,1465.0
1782905880000,1.0394,1.0398,1.0392,1.0396,5610.0
1782905940000,1.0397,1.0397,1.0383,1.0389,7709.0
1782906000000,1.0388,1.0389,1.0384,1.0387,1889.0
1782906060000,1.0386,1.0387,1.0381,1.0382,5962.0
1782906120000,1.0382,1.0388,1.038,1.0388,1635.0
1782906180000,1.0387,1.0388,1.0381,1.0386,2223.0
1782906240000,1.0387,1.0397,1.0384,1.0391,10586.0
1782906300000,1.0391,1.0399,1.0391,1.0392,30257.0
1782906360000,1.0391,1.0394,1.0387,1.0394,2518.0
1782906420000,1.0393,1.0394,1.0388,1.0389,1457.0
1782906480000,1.0389,1.0389,1.0381,1.0381,2134.0
1782906540000,1.0381,1.0382,1.0376,1.0382,2457.0
1782906600000,1.0381,1.0382,1.0374,1.038,20256.0
1782906660000,1.038,1.038,1.0375,1.0376,1709.0
1782906720000,1.0375,1.0389,1.0375,1.0378,2273.0
1782906780000,1.0378,1.0382,1.0374,1.0377,18413.0
1782906840000,1.0377,1.038,1.037,1.0379,112131.0
1782906900000,1.0379,1.0385,1.0372,1.0376,9985.0
1782906960000,1.0376,1.0377,1.0361,1.0367,36982.0
1782907020000,1.0371,1.0384,1.037,1.0377,6061.0
1782907080000,1.0377,1.0389,1.0377,1.0381,3040.0
1782907140000,1.0381,1.0382,1.0381,1.0382,25287.0
1782907200000,1.0382,1.0392,1.0376,1.0382,5444.0
1782907260000,1.0382,1.0382,1.0368,1.0372,2828.0
1782907320000,1.0372,1.0375,1.0364,1.037,6941.0
1782907380000,1.037,1.0371,1.0366,1.0369,7835.0
1782907440000,1.0368,1.0369,1.0362,1.0362,7593.0
1782907500000,1.0364,1.0374,1.0361,1.0373,33464.0
1782907560000,1.0374,1.0374,1.037,1.037,1452.0
1782907620000,1.0371,1.0371,1.0355,1.0359,20672.0
1782907680000,1.036,1.0366,1.0358,1.0366,3211.0
1782907740000,1.0366,1.0372,1.0365,1.0371,1939.0
1782907800000,1.0372,1.0383,1.0371,1.0375,1597.0
1782907860000,1.0375,1.0375,1.0356,1.0356,3638.0
1782907920000,1.0356,1.0364,1.0356,1.036,6200.0
1782907980000,1.0361,1.0361,1.0347,1.0347,10178.0
1782908040000,1.0348,1.0355,1.0342,1.0354,20706.0
1782908100000,1.0354,1.0372,1.0349,1.0368,7546.0
1782908160000,1.0369,1.0369,1.0367,1.0368,9485.0
1782908220000,1.0368,1.0368,1.0355,1.036,13965.0
1782908280000,1.036,1.0363,1.0354,1.0362,2688.0
1782908340000,1.0365,1.0369,1.0362,1.0367,9671.0
1782908400000,1.0366,1.0367,1.0363,1.0363,2457.0
1782908460000,1.0364,1.0364,1.036,1.0361,4951.0
1782908520000,1.036,1.0361,1.0355,1.036,5722.0
1782908580000,1.036,1.0367,1.036,1.0365,1478.0
1782908640000,1.0364,1.0372,1.0363,1.0371,13255.0
1782908700000,1.0372,1.0372,1.0362,1.0363,2226.0
1782908760000,1.0362,1.0366,1.0362,1.0366,5457.0
1782908820000,1.0365,1.037,1.0364,1.037,2207.0
1782908880000,1.037,1.0374,1.0369,1.037,2705.0
1782908940000,1.0369,1.037,1.0367,1.0367,3335.0
1782909000000,1.0367,1.0368,1.0353,1.0357,2670.0
1782909060000,1.0357,1.0369,1.0354,1.0368,8490.0
1782909120000,1.0369,1.0369,1.0362,1.0369,5491.0
1782909180000,1.0368,1.0383,1.0368,1.0382,2976.0
1782909240000,1.0382,1.0383,1.0352,1.0352,5887.0
1782909300000,1.0352,1.0362,1.035,1.036,3381.0
1782909360000,1.0359,1.036,1.0354,1.0354,1470.0
1782909420000,1.0354,1.0358,1.0351,1.0352,1839.0
1782909480000,1.0352,1.0363,1.0351,1.0357,1659.0
1782909540000,1.0358,1.0358,1.0351,1.0351,1591.0
1782909600000,1.0351,1.0354,1.0346,1.0351,8521.0
1782909660000,1.0351,1.0359,1.035,1.0358,4043.0
1782909720000,1.0359,1.0359,1.0344,1.0344,13087.0
1782909780000,1.0344,1.0353,1.0344,1.0352,3743.0
1782909840000,1.0353,1.0355,1.0348,1.0348,4823.0
1782909900000,1.0349,1.0352,1.0348,1.0351,1475.0
1782909960000,1.0352,1.0357,1.0346,1.0348,4884.0
1782910020000,1.0348,1.0349,1.0343,1.0344,1882.0
1782910080000,1.0344,1.0345,1.0341,1.0345,14165.0
1782910140000,1.0344,1.035,1.0342,1.0346,4655.0
1782910200000,1.0346,1.0357,1.0346,1.0353,4726.0
1782910260000,1.0353,1.0356,1.0343,1.0352,246061.0
1782910320000,1.0351,1.0352,1.034,1.0344,10011.0
1782910380000,1.0344,1.0346,1.0333,1.034,4234.0
1782910440000,1.034,1.0351,1.034,1.0345,2107.0
1782910500000,1.0345,1.0356,1.0343,1.0356,1625.0
1782910560000,1.0355,1.036,1.0348,1.036,16094.0
1782910620000,1.0358,1.037,1.0358,1.0365,1835.0
1782910680000,1.0363,1.0367,1.0363,1.0367,27107.0
1782910740000,1.0367,1.0367,1.0363,1.0363,47569.0
1782910800000,1.0363,1.0381,1.0363,1.0375,114760.0
1782910860000,1.0375,1.0396,1.0375,1.0392,47489.0
1782910920000,1.0392,1.0398,1.0389,1.0398,9829.0
1782910980000,1.0397,1.0398,1.0388,1.0392,29738.0
1782911040000,1.0391,1.0398,1.0391,1.0391,19650.0
1782911100000,1.0391,1.0395,1.0391,1.0395,2188.0
1782911160000,1.0395,1.0398,1.0391,1.0395,1687.0
1782911220000,1.0394,1.0395,1.039,1.0393,5395.0
1782911280000,1.0393,1.0394,1.039,1.0392,2627.0
1782911340000,1.0392,1.0393,1.0392,1.0392,4243.0
1782911400000,1.0393,1.0403,1.0392,1.0403,5644.0
1782911460000,1.0403,1.0408,1.04,1.0408,60272.0
1782911520000,1.0407,1.0408,1.04,1.0401,4827.0
1782911580000,1.04,1.0404,1.04,1.0403,2162.0
1782911640000,1.0404,1.0404,1.0398,1.04,3129.0
1782911700000,1.0401,1.0406,1.04,1.0404,9631.0
1782911760000,1.0405,1.0405,1.0401,1.0402,2723.0
1782911820000,1.0401,1.0423,1.0401,1.0417,34333.0
1782911880000,1.0416,1.0421,1.0409,1.0409,13363.0
1782911940000,1.041,1.041,1.0397,1.0397,7614.0
1782912000000,1.0398,1.041,1.0397,1.0406,1475.0
1782912060000,1.0406,1.042,1.0406,1.0416,7139.0
1782912120000,1.0416,1.0425,1.0416,1.0425,80874.0
1782912180000,1.0424,1.043,1.0423,1.0424,22098.0
1782912240000,1.0423,1.0424,1.042,1.042,5252.0
1782912300000,1.0417,1.0417,1.0405,1.0406,11604.0
1782912360000,1.0406,1.0415,1.0405,1.0414,1536.0
1782912420000,1.0415,1.0421,1.0414,1.042,59134.0
1782912480000,1.042,1.0424,1.0418,1.0419,4362.0
1782912540000,1.0418,1.0428,1.0413,1.0426,33349.0
1782912600000,1.0417,1.0417,1.0358,1.0396,23350.0
1782912660000,1.0396,1.0404,1.0389,1.0404,4607.0
1782912720000,1.0403,1.0428,1.0403,1.0421,35483.0
1782912780000,1.0421,1.0421,1.0397,1.0407,5860.0
1782912840000,1.0408,1.042,1.0406,1.0419,2614.0
1782912900000,1.0419,1.0426,1.0404,1.0409,8724.0
1782912960000,1.0409,1.0421,1.0406,1.0411,18688.0
1782913020000,1.041,1.044,1.041,1.0422,74916.0
1782913080000,1.0422,1.0427,1.0413,1.0426,12393.0
1782913140000,1.0425,1.0426,1.0412,1.0418,7985.0
1782913200000,1.0414,1.0434,1.0409,1.0432,16793.0
1782913260000,1.0436,1.044,1.0429,1.0429,17303.0
1782913320000,1.0429,1.0436,1.0425,1.0433,5542.0
1782913380000,1.0429,1.0434,1.0428,1.0428,9080.0
1782913440000,1.0429,1.0438,1.0427,1.0436,11479.0
1782913500000,1.0433,1.0451,1.0427,1.0451,14424.0
1782913560000,1.045,1.0463,1.0445,1.0458,37510.0
1782913620000,1.0458,1.0466,1.0448,1.0453,27758.0
1782913680000,1.0453,1.0469,1.0448,1.0458,53764.0
1782913740000,1.0459,1.0483,1.0451,1.0468,34402.0
1782913800000,1.047,1.0473,1.046,1.047,18254.0
1782913860000,1.0469,1.0489,1.0469,1.0482,22908.0
1782913920000,1.0483,1.0486,1.0478,1.0479,28863.0
1782913980000,1.0479,1.0488,1.0474,1.0474,17140.0
1782914040000,1.0474,1.0479,1.0463,1.0479,13849.0
1782914100000,1.0479,1.0491,1.0475,1.0485,5812.0
1782914160000,1.0486,1.0486,1.0473,1.0473,62378.0
1782914220000,1.0474,1.0485,1.0473,1.048,4579.0
1782914280000,1.048,1.0488,1.0479,1.048,4963.0
1782914340000,1.0481,1.0489,1.0472,1.0489,3155.0
1782914400000,1.0488,1.0491,1.0475,1.0478,7193.0
1782914460000,1.0478,1.0484,1.0461,1.0468,9807.0
1782914520000,1.0468,1.0476,1.0463,1.0464,15933.0
1782914580000,1.0463,1.0477,1.0463,1.0477,16574.0
1782914640000,1.0476,1.0484,1.0474,1.0478,5878.0
1782914700000,1.0479,1.0482,1.047,1.048,14445.0
1782914760000,1.048,1.0483,1.0472,1.0481,5911.0
1782914820000,1.0484,1.0484,1.0474,1.0483,2165.0
1782914880000,1.0482,1.05,1.0482,1.0497,40466.0
1782914940000,1.0495,1.0502,1.0487,1.0497,26927.0
1782915000000,1.0497,1.0526,1.0496,1.052,41767.0
1782915060000,1.052,1.0529,1.0518,1.0526,196280.0
1782915120000,1.0527,1.0531,1.052,1.0528,21107.0
1782915180000,1.0528,1.0549,1.0528,1.0539,84740.0
1782915240000,1.0539,1.056,1.0539,1.0555,21468.0
1782915300000,1.0555,1.0558,1.0542,1.0543,26093.0
1782915360000,1.0542,1.0561,1.0541,1.0561,45480.0
1782915420000,1.0562,1.0598,1.0562,1.0598,56698.0
1782915480000,1.0597,1.0602,1.058,1.059,45462.0
1782915540000,1.0589,1.059,1.0577,1.0583,17646.0
1782915600000,1.0582,1.0592,1.0575,1.0575,19580.0
1782915660000,1.0575,1.0583,1.0565,1.0574,17546.0
1782915720000,1.0574,1.0575,1.0569,1.0571,8802.0
1782915780000,1.0571,1.0576,1.0566,1.0568,47325.0
1782915840000,1.0568,1.057,1.0563,1.0566,12876.0
1782915900000,1.0566,1.0571,1.0561,1.0564,6869.0
1782915960000,1.0562,1.0562,1.0556,1.0558,17429.0
1782916020000,1.0558,1.0559,1.0547,1.0549,22467.0
1782916080000,1.0552,1.0553,1.0547,1.0547,16459.0
1782916140000,1.0547,1.055,1.054,1.0541,9931.0
1782916200000,1.0541,1.0549,1.0526,1.0531,19753.0
1782916260000,1.0531,1.0537,1.0526,1.0534,14907.0
1782916320000,1.0534,1.0539,1.0519,1.0522,190452.0
1782916380000,1.0523,1.0523,1.0504,1.0504,26255.0
1782916440000,1.0504,1.0512,1.0491,1.0507,195605.0
1782916500000,1.0506,1.0521,1.05,1.0501,5967.0
1782916560000,1.0501,1.0504,1.0495,1.0501,33137.0
1782916620000,1.05,1.0514,1.0498,1.0499,9770.0
1782916680000,1.0499,1.0513,1.0498,1.051,2732.0
1782916740000,1.051,1.0524,1.0506,1.052,35684.0
1782916800000,1.0524,1.0529,1.0507,1.051,5203.0
1782916860000,1.0511,1.0513,1.0503,1.051,4651.0
1782916920000,1.0509,1.0516,1.0505,1.0505,5528.0
1782916980000,1.051,1.0515,1.0506,1.0513,2180.0
1782917040000,1.0512,1.0515,1.0498,1.0498,162960.0
1782917100000,1.0499,1.0499,1.0486,1.0487,12890.0
1782917160000,1.0487,1.0487,1.0465,1.0472,36771.0
1782917220000,1.0472,1.0487,1.0472,1.0481,16843.0
1782917280000,1.0481,1.0507,1.0481,1.0507,23347.0
1782917340000,1.0507,1.0519,1.0494,1.0499,165564.0
1782917400000,1.0499,1.0508,1.0497,1.0508,16605.0
1782917460000,1.0508,1.0528,1.0508,1.0527,9267.0
1782917520000,1.0528,1.0529,1.0517,1.0523,2056.0
1782917580000,1.0523,1.053,1.0523,1.0525,2586.0
1782917640000,1.0526,1.0526,1.0515,1.0515,2310.0
1782917700000,1.0515,1.0516,1.0503,1.0504,196803.0
1782917760000,1.0503,1.0517,1.0503,1.0516,2758.0
1782917820000,1.0519,1.052,1.0511,1.0512,2346.0
1782917880000,1.0513,1.0513,1.0504,1.0504,1760.0
1782917940000,1.0505,1.0516,1.0504,1.0516,9685.0
1782918000000,1.0515,1.0521,1.051,1.0515,221699.0
1782918060000,1.0516,1.0526,1.0515,1.0523,1882.0
1782918120000,1.0523,1.0536,1.0517,1.0536,18810.0
1782918180000,1.0535,1.0547,1.0531,1.0536,6940.0
1782918240000,1.0536,1.0545,1.0532,1.0544,4133.0
1782918300000,1.0545,1.0551,1.0538,1.0547,12108.0
1782918360000,1.0546,1.0569,1.0546,1.0569,47691.0
1782918420000,1.0572,1.0581,1.0569,1.0573,8805.0
1782918480000,1.0574,1.0574,1.055,1.0555,241369.0
1782918540000,1.0552,1.0553,1.0547,1.0549,6721.0
1782918600000,1.0553,1.0561,1.0549,1.056,7952.0
1782918660000,1.0561,1.0568,1.0557,1.0564,207525.0
1782918720000,1.0565,1.0568,1.0556,1.0565,180500.0
1782918780000,1.0564,1.0566,1.0561,1.0563,3700.0
1782918840000,1.0563,1.0567,1.0557,1.0563,76551.0
1782918900000,1.0563,1.0565,1.0557,1.0557,8159.0
1782918960000,1.0557,1.0558,1.0551,1.0551,6313.0
1782919020000,1.0551,1.0557,1.0551,1.0553,6609.0
1782919080000,1.0554,1.0557,1.055,1.0552,12531.0
1782919140000,1.0553,1.0558,1.0552,1.0552,2872.0
1782919200000,1.0553,1.0562,1.0551,1.0561,27067.0
1782919260000,1.0558,1.0573,1.0558,1.0566,191153.0
1782919320000,1.0567,1.0582,1.0563,1.0582,14857.0
1782919380000,1.058,1.065,1.058,1.0638,191821.0
1782919440000,1.0639,1.0646,1.0631,1.0632,17635.0
1782919500000,1.0633,1.0642,1.0623,1.0636,349666.0
1782919560000,1.0636,1.0641,1.0631,1.064,20343.0
1782919620000,1.064,1.065,1.0632,1.0633,135581.0
1782919680000,1.0633,1.0633,1.0621,1.0624,6721.0
1782919740000,1.0624,1.0632,1.0623,1.0623,5035.0
1782919800000,1.0624,1.0628,1.0616,1.0624,236978.0
1782919860000,1.0624,1.0628,1.0616,1.0628,8336.0
1782919920000,1.0627,1.0628,1.0605,1.061,3140.0
1782919980000,1.0611,1.0617,1.0607,1.0612,10063.0
1782920040000,1.0611,1.0615,1.0605,1.0612,5204.0
1782920100000,1.0612,1.0616,1.0607,1.0608,72833.0
1782920160000,1.0608,1.0619,1.0607,1.0618,3423.0
1782920220000,1.0618,1.0622,1.0603,1.0603,7573.0
1782920280000,1.0604,1.0607,1.0603,1.0604,3072.0
1782920340000,1.0604,1.0607,1.06,1.0605,69624.0
1782920400000,1.0605,1.0607,1.0604,1.0604,36022.0
1782920460000,1.0604,1.0616,1.0604,1.0615,15381.0
1782920520000,1.0615,1.0619,1.0615,1.0619,2519.0
1782920580000,1.0618,1.0622,1.0618,1.0622,3489.0
1782920640000,1.0622,1.0624,1.0621,1.0624,6724.0
1782920700000,1.0623,1.0624,1.0613,1.0616,8811.0
1782920760000,1.0615,1.0616,1.061,1.061,38736.0
1782920820000,1.0611,1.0616,1.061,1.0615,10709.0
1782920880000,1.0615,1.0619,1.0604,1.0605,33674.0
1782920940000,1.0605,1.0605,1.0602,1.0602,6997.0
1782921000000,1.0603,1.0608,1.0602,1.0602,1781.0
1782921060000,1.0602,1.0603,1.0588,1.0593,73404.0
1782921120000,1.0594,1.0599,1.0593,1.0599,1919.0
1782921180000,1.0598,1.0608,1.0595,1.0608,4280.0
1782921240000,1.0607,1.0608,1.0594,1.0595,5465.0
1782921300000,1.0594,1.0602,1.0591,1.0597,89923.0
1782921360000,1.0597,1.0597,1.0596,1.0596,1728.0
1782921420000,1.0597,1.0597,1.0595,1.0595,38508.0
1782921480000,1.0596,1.0597,1.0595,1.0596,1746.0
1782921540000,1.0596,1.0608,1.0596,1.06,3053.0
1782921600000,1.06,1.0604,1.0594,1.0594,6499.0
1782921660000,1.0595,1.06,1.0581,1.0587,84507.0
1782921720000,1.0587,1.0598,1.0586,1.0597,50507.0
1782921780000,1.0597,1.0603,1.0597,1.0598,42331.0
1782921840000,1.0597,1.0598,1.0587,1.0596,21276.0
1782921900000,1.0596,1.0597,1.0589,1.0593,1595.0
1782921960000,1.0593,1.0601,1.0592,1.06,1736.0
1782922020000,1.06,1.0603,1.06,1.06,1762.0
1782922080000,1.0601,1.0603,1.0598,1.0598,12243.0
1782922140000,1.0599,1.0599,1.0587,1.0587,1597.0
1782922200000,1.0588,1.0588,1.0579,1.0587,92384.0
1782922260000,1.0587,1.0597,1.0586,1.0591,13667.0
1782922320000,1.0591,1.0598,1.0591,1.0597,2641.0
1782922380000,1.0597,1.0598,1.0592,1.0595,5671.0
1782922440000,1.0595,1.0595,1.0588,1.0588,4327.0
1782922500000,1.0589,1.0591,1.0586,1.059,13089.0
1782922560000,1.0591,1.0591,1.0583,1.0586,4523.0
1782922620000,1.0587,1.0606,1.0586,1.0601,3943.0
1782922680000,1.0601,1.0602,1.0594,1.0598,12798.0
1782922740000,1.0598,1.0608,1.0597,1.0606,4290.0
1782922800000,1.0606,1.0606,1.0596,1.0597,16072.0
1782922860000,1.0597,1.0597,1.0592,1.0593,12452.0
1782922920000,1.0592,1.0593,1.0589,1.059,39479.0
1782922980000,1.059,1.0592,1.0587,1.0589,2185.0
1782923040000,1.0589,1.0592,1.0589,1.0589,3850.0
1782923100000,1.059,1.0605,1.0587,1.0604,48668.0
1782923160000,1.0602,1.0619,1.0601,1.0618,4662.0
1782923220000,1.0619,1.0631,1.0612,1.0627,173343.0
1782923280000,1.0627,1.0643,1.0625,1.0628,18952.0
1782923340000,1.0627,1.0628,1.0619,1.0622,3636.0
1782923400000,1.0622,1.0622,1.0614,1.0617,2752.0
1782923460000,1.0617,1.0621,1.0613,1.062,231861.0
1782923520000,1.062,1.0627,1.0612,1.0612,249555.0
1782923580000,1.0614,1.0614,1.0604,1.0605,6168.0
1782923640000,1.0605,1.0605,1.0601,1.0604,3119.0
1782923700000,1.0603,1.0604,1.0595,1.06,7947.0
1782923760000,1.0601,1.0602,1.0596,1.0596,2066.0
1782923820000,1.0596,1.0597,1.0592,1.0595,7770.0
1782923880000,1.0596,1.0596,1.0589,1.0589,2194.0
1782923940000,1.059,1.0593,1.0584,1.0586,12712.0
1782924000000,1.0587,1.0591,1.0583,1.0591,17717.0
1782924060000,1.0591,1.0601,1.059,1.0592,14848.0
1782924120000,1.0592,1.0597,1.0586,1.0592,2346.0
1782924180000,1.0592,1.0594,1.059,1.059,3061.0
1782924240000,1.0591,1.0597,1.059,1.0597,1780.0
1782924300000,1.0596,1.0596,1.0589,1.0591,13337.0
1782924360000,1.0591,1.0593,1.0588,1.0593,3034.0
1782924420000,1.0592,1.0595,1.0591,1.0595,3822.0
1782924480000,1.0594,1.0595,1.0585,1.0589,181782.0
1782924540000,1.0589,1.0589,1.057,1.0577,343390.0
1782924600000,1.0577,1.0581,1.0571,1.0581,19002.0
1782924660000,1.0581,1.0581,1.0569,1.0571,18150.0
1782924720000,1.057,1.0571,1.0561,1.0561,21981.0
1782924780000,1.0562,1.0567,1.0561,1.0561,37199.0
1782924840000,1.0562,1.0567,1.0559,1.0562,10037.0
1782924900000,1.0561,1.0562,1.0559,1.056,54867.0
1782924960000,1.056,1.0561,1.0552,1.0554,7688.0
1782925020000,1.0555,1.0558,1.0554,1.0558,6528.0
1782925080000,1.0558,1.0568,1.0555,1.0561,3443.0
1782925140000,1.056,1.0566,1.056,1.0565,13200.0
1782925200000,1.0565,1.0571,1.0562,1.0562,3944.0
1782925260000,1.0562,1.0567,1.0557,1.0567,3230.0
1782925320000,1.0566,1.0567,1.0556,1.0557,1523.0
1782925380000,1.0557,1.0557,1.0539,1.0548,79535.0
1782925440000,1.0547,1.0551,1.0542,1.0551,7221.0
1782925500000,1.0551,1.0554,1.0547,1.0553,2782.0
1782925560000,1.0553,1.0554,1.0546,1.0554,7381.0
1782925620000,1.0554,1.0558,1.0552,1.0552,3031.0
1782925680000,1.0552,1.0554,1.0548,1.0552,3285.0
1782925740000,1.0552,1.0562,1.0552,1.0561,5710.0
1782925800000,1.0561,1.0568,1.0559,1.0562,6331.0
1782925860000,1.0558,1.0562,1.0549,1.0561,3139.0
1782925920000,1.0562,1.0566,1.0561,1.0566,8685.0
1782925980000,1.0565,1.0569,1.0562,1.0562,2900.0
1782926040000,1.0562,1.0571,1.0562,1.057,4077.0
1782926100000,1.0571,1.0577,1.057,1.0572,11523.0
1782926160000,1.0573,1.058,1.0572,1.058,9176.0
1782926220000,1.0575,1.0575,1.0563,1.0564,2580.0
1782926280000,1.0564,1.0574,1.0563,1.0574,5193.0
1782926340000,1.0574,1.0593,1.0573,1.0592,5956.0
1782926400000,1.0593,1.0608,1.0589,1.0601,217757.0
1782926460000,1.0601,1.0601,1.0598,1.0601,2869.0
1782926520000,1.0601,1.0606,1.06,1.0606,5699.0
1782926580000,1.0606,1.0618,1.0605,1.0618,5433.0
1782926640000,1.0618,1.0621,1.0615,1.0616,2288.0
1782926700000,1.0616,1.0619,1.0615,1.0615,4222.0
1782926760000,1.0615,1.0622,1.0615,1.0616,5517.0
1782926820000,1.0616,1.0617,1.0605,1.0607,155024.0
1782926880000,1.0607,1.0607,1.0598,1.0603,2126.0
1782926940000,1.0603,1.0607,1.0603,1.0606,2544.0
1782927000000,1.0606,1.0617,1.0602,1.0612,9086.0
1782927060000,1.0612,1.0613,1.0608,1.0609,2545.0
1782927120000,1.0609,1.0609,1.0592,1.0597,66493.0
1782927180000,1.0596,1.0597,1.0591,1.0591,2833.0
1782927240000,1.0591,1.0598,1.0591,1.0598,1533.0
1782927300000,1.0597,1.0601,1.0593,1.0601,1430.0
1782927360000,1.0601,1.0604,1.06,1.0604,3837.0
1782927420000,1.0603,1.0621,1.0603,1.0615,152386.0
1782927480000,1.0615,1.0616,1.0607,1.061,3824.0
1782927540000,1.0611,1.0615,1.0608,1.0608,231046.0
1782927600000,1.0609,1.0614,1.0607,1.0611,11935.0
1782927660000,1.0611,1.0611,1.0599,1.0601,42013.0
1782927720000,1.0602,1.0602,1.0601,1.0601,1893.0
1782927780000,1.0601,1.0605,1.0601,1.0604,3644.0
1782927840000,1.0605,1.0605,1.0599,1.0602,3642.0
1782927900000,1.0601,1.0607,1.06,1.0606,59811.0
1782927960000,1.0606,1.0607,1.0606,1.0607,3125.0
1782928020000,1.0606,1.061,1.0606,1.061,1665.0
1782928080000,1.061,1.062,1.0609,1.0619,2740.0
1782928140000,1.062,1.062,1.061,1.061,6293.0
1782928200000,1.061,1.0614,1.061,1.0613,2122.0
1782928260000,1.0614,1.0627,1.0608,1.0615,234541.0
1782928320000,1.0614,1.0615,1.0614,1.0614,1601.0
1782928380000,1.0614,1.0624,1.0614,1.0622,13261.0
1782928440000,1.0622,1.0622,1.0613,1.0617,1573.0
1782928500000,1.0616,1.062,1.0616,1.0618,3644.0
1782928560000,1.0618,1.0619,1.0618,1.0618,2200.0
1782928620000,1.0619,1.0619,1.0616,1.0616,1494.0
1782928680000,1.0616,1.0619,1.0616,1.0616,1694.0
1782928740000,1.0616,1.0617,1.0609,1.0613,2159.0
1782928800000,1.0614,1.0627,1.0608,1.062,174423.0
1782928860000,1.0619,1.0625,1.0617,1.0624,2458.0
1782928920000,1.0621,1.0626,1.0621,1.0621,168243.0
1782928980000,1.0622,1.0627,1.0621,1.0627,4693.0
1782929040000,1.0627,1.0633,1.0623,1.0632,15319.0
1782929100000,1.0632,1.0635,1.0624,1.0625,8808.0
1782929160000,1.0624,1.063,1.0611,1.0616,114405.0
1782929220000,1.0616,1.0619,1.0613,1.0614,1997.0
1782929280000,1.0614,1.0614,1.0609,1.0612,19690.0
1782929340000,1.0612,1.0614,1.0605,1.0613,245489.0
1782929400000,1.0613,1.0616,1.0595,1.0605,3861.0
1782929460000,1.0605,1.0607,1.0602,1.0603,19862.0
1782929520000,1.0603,1.0611,1.0602,1.0611,18446.0
1782929580000,1.0611,1.0615,1.061,1.0613,6014.0
1782929640000,1.0613,1.062,1.0613,1.0619,9922.0
1782929700000,1.062,1.062,1.0611,1.0613,150004.0
1782929760000,1.0614,1.0617,1.0613,1.0617,8146.0
1782929820000,1.0616,1.0638,1.0616,1.0628,390517.0
1782929880000,1.0627,1.0628,1.0627,1.0627,11144.0
1782929940000,1.0627,1.0637,1.0627,1.0637,34961.0
1782930000000,1.0636,1.0637,1.062,1.062,318528.0
1782930060000,1.062,1.0621,1.0618,1.062,13415.0
1782930120000,1.062,1.0621,1.062,1.0621,5252.0
1782930180000,1.062,1.0621,1.0608,1.0609,36467.0
1782930240000,1.061,1.0617,1.0609,1.0617,7829.0
1782930300000,1.0617,1.062,1.0614,1.0619,9371.0
1782930360000,1.062,1.062,1.0619,1.0619,8859.0
1782930420000,1.062,1.062,1.0617,1.0617,11070.0
1782930480000,1.0617,1.0621,1.0617,1.0621,1676.0
1782930540000,1.0621,1.0621,1.0613,1.0618,1764.0
1782930600000,1.0619,1.0622,1.0603,1.0604,1510.0
1782930660000,1.0604,1.0616,1.0597,1.0615,27387.0
1782930720000,1.0615,1.0616,1.0603,1.0606,3384.0
1782930780000,1.0607,1.0612,1.0604,1.0604,1548.0
1782930840000,1.0605,1.0611,1.0604,1.0608,1887.0
1782930900000,1.0607,1.0617,1.0607,1.0616,47815.0
1782930960000,1.0617,1.0617,1.0614,1.0615,4659.0
1782931020000,1.0615,1.0615,1.0607,1.0611,2149.0
1782931080000,1.061,1.0613,1.0607,1.0613,1797.0
1782931140000,1.0613,1.0619,1.0612,1.0618,1519.0
1782931200000,1.0618,1.0619,1.0614,1.0618,1741.0
1782931260000,1.0618,1.0618,1.0613,1.0613,2091.0
1782931320000,1.0614,1.0614,1.0603,1.0604,1675.0
1782931380000,1.0603,1.0608,1.0603,1.0607,1605.0
1782931440000,1.0607,1.0615,1.0604,1.0615,2070.0
1782931500000,1.0615,1.0617,1.0609,1.061,7944.0
1782931560000,1.0609,1.061,1.0603,1.0604,3838.0
1782931620000,1.0604,1.0604,1.0588,1.0593,38056.0
1782931680000,1.0598,1.0598,1.059,1.0597,11241.0
1782931740000,1.0597,1.0602,1.0597,1.0602,1784.0
1782931800000,1.0602,1.0613,1.0596,1.0608,22825.0
1782931860000,1.0607,1.0611,1.06,1.0601,25545.0
1782931920000,1.0601,1.0601,1.0586,1.0588,13201.0
1782931980000,1.0589,1.0589,1.0582,1.0586,2439.0
1782932040000,1.0587,1.0587,1.0575,1.0581,20994.0
1782932100000,1.058,1.0591,1.058,1.059,5414.0
1782932160000,1.0591,1.0599,1.059,1.0594,7847.0
1782932220000,1.0593,1.0594,1.0583,1.0588,1521.0
1782932280000,1.0587,1.0593,1.0587,1.059,5274.0
1782932340000,1.0591,1.0601,1.059,1.0596,6577.0
1782932400000,1.0596,1.0606,1.0593,1.0603,3015.0
1782932460000,1.0604,1.061,1.0603,1.0609,7037.0
1782932520000,1.061,1.063,1.0609,1.0629,316504.0
1782932580000,1.063,1.0636,1.0624,1.0634,8856.0
1782932640000,1.0633,1.0634,1.0626,1.063,1557.0
1782932700000,1.0631,1.0645,1.0631,1.064,14059.0
1782932760000,1.064,1.064,1.0631,1.0635,235818.0
1782932820000,1.0635,1.0636,1.0628,1.0632,4626.0
1782932880000,1.0632,1.0637,1.0631,1.0632,3568.0
1782932940000,1.0632,1.064,1.0631,1.0639,8215.0
1782933000000,1.0639,1.0642,1.0636,1.0636,4871.0
1782933060000,1.0636,1.0637,1.0629,1.0629,3095.0
1782933120000,1.0629,1.0635,1.0629,1.0634,5231.0
1782933180000,1.0634,1.0639,1.0634,1.0639,3163.0
1782933240000,1.0639,1.0639,1.0636,1.0637,9749.0
1782933300000,1.0637,1.064,1.0634,1.064,2618.0
1782933360000,1.064,1.065,1.0639,1.0647,280319.0
1782933420000,1.0647,1.0648,1.0644,1.0644,5615.0
1782933480000,1.0644,1.0649,1.0641,1.0647,273576.0
1782933540000,1.0647,1.0647,1.0639,1.0644,1929.0
1782933600000,1.0644,1.0644,1.0632,1.0633,3484.0
1782933660000,1.0634,1.0636,1.0633,1.0636,9632.0
1782933720000,1.0635,1.0639,1.0635,1.0636,2266.0
1782933780000,1.0635,1.0639,1.0632,1.0634,25609.0
1782933840000,1.0634,1.0635,1.0632,1.0633,1903.0
1782933900000,1.0632,1.0633,1.0614,1.0615,102038.0
1782933960000,1.0614,1.0615,1.061,1.0615,1448.0
1782934020000,1.0614,1.0615,1.0611,1.0611,3068.0
1782934080000,1.0612,1.0616,1.0611,1.0612,4570.0
1782934140000,1.0613,1.0613,1.0608,1.0609,3423.0
1782934200000,1.0609,1.0618,1.0608,1.0618,1824.0
1782934260000,1.0617,1.0625,1.0616,1.0625,1898.0
1782934320000,1.0624,1.0631,1.0619,1.0631,4462.0
1782934380000,1.063,1.0631,1.0621,1.0629,9077.0
1782934440000,1.063,1.0636,1.0627,1.0635,4892.0
1782934500000,1.0636,1.0636,1.0625,1.0626,1794.0
1782934560000,1.0626,1.0626,1.0621,1.0625,2534.0
1782934620000,1.0625,1.0627,1.0624,1.0627,1817.0
1782934680000,1.0627,1.0633,1.0626,1.063,1739.0
1782934740000,1.063,1.063,1.0622,1.0623,4394.0
1782934800000,1.0622,1.0623,1.061,1.0611,2202.0
1782934860000,1.061,1.0617,1.061,1.0612,1904.0
1782934920000,1.061,1.0617,1.0607,1.0615,3515.0
1782934980000,1.0615,1.0615,1.0607,1.0613,2278.0
1782935040000,1.0614,1.0621,1.0612,1.0618,9693.0
1782935100000,1.0617,1.0618,1.0607,1.0607,10584.0
1782935160000,1.0607,1.0608,1.0604,1.0605,1707.0
1782935220000,1.0604,1.0607,1.0602,1.0604,2457.0
1782935280000,1.0605,1.061,1.0603,1.0606,4031.0
1782935340000,1.0605,1.0609,1.0602,1.0604,4251.0
1782935400000,1.0618,1.0618,1.0607,1.0608,1843.0
1782935460000,1.0608,1.0612,1.06,1.0601,4642.0
1782935520000,1.0601,1.0602,1.0596,1.0599,8570.0
1782935580000,1.0598,1.0602,1.0598,1.0602,1740.0
1782935640000,1.0601,1.0605,1.0598,1.0599,2198.0
1782935700000,1.0598,1.0599,1.0589,1.0596,5242.0
1782935760000,1.0596,1.0597,1.0584,1.059,16635.0
1782935820000,1.0589,1.059,1.0583,1.0584,11920.0
1782935880000,1.0585,1.06,1.0584,1.059,2818.0
1782935940000,1.0591,1.0619,1.059,1.0609,3044.0
1782936000000,1.0609,1.0614,1.0599,1.06,12467.0
1782936060000,1.0601,1.0601,1.058,1.0581,2719.0
1782936120000,1.0581,1.0582,1.0572,1.0582,32734.0
1782936180000,1.0581,1.0586,1.0581,1.0583,3120.0
1782936240000,1.0583,1.0584,1.0579,1.0579,1565.0
1782936300000,1.058,1.058,1.0576,1.0576,2304.0
1782936360000,1.0577,1.0581,1.0576,1.058,47804.0
1782936420000,1.058,1.0583,1.0579,1.0583,1710.0
1782936480000,1.0586,1.0586,1.0575,1.0575,13510.0
1782936540000,1.0576,1.0576,1.0564,1.0566,15712.0
1782936600000,1.0564,1.0568,1.0564,1.0568,2297.0
1782936660000,1.0567,1.0568,1.0567,1.0567,1585.0
1782936720000,1.0567,1.0568,1.0567,1.0567,13693.0
1782936780000,1.0567,1.0585,1.0567,1.0585,10248.0
1782936840000,1.0585,1.0588,1.0581,1.0581,2485.0
1782936900000,1.0581,1.0584,1.0563,1.0568,6793.0
1782936960000,1.0569,1.0571,1.0565,1.0568,5121.0
1782937020000,1.0567,1.0568,1.0563,1.0564,3219.0
1782937080000,1.0563,1.0564,1.0556,1.0556,15226.0
1782937140000,1.0556,1.0563,1.0556,1.0561,16917.0
1782937200000,1.0557,1.0558,1.0556,1.0557,12379.0
1782937260000,1.0556,1.0565,1.0556,1.0565,3152.0
1782937320000,1.0564,1.0574,1.0564,1.0571,235550.0
1782937380000,1.0571,1.0575,1.0563,1.0569,1698.0
1782937440000,1.0568,1.0581,1.0568,1.0576,2989.0
1782937500000,1.0576,1.0578,1.0575,1.0577,2878.0
1782937560000,1.0577,1.0578,1.0575,1.0575,9092.0
1782937620000,1.0575,1.0578,1.0575,1.0577,15992.0
1782937680000,1.0577,1.0578,1.0574,1.0574,1720.0
1782937740000,1.0575,1.0578,1.0568,1.0573,5728.0
1782937800000,1.0573,1.0573,1.0567,1.0571,6459.0
1782937860000,1.0572,1.0581,1.0569,1.0581,2844.0
1782937920000,1.0581,1.0583,1.0574,1.0574,10564.0
1782937980000,1.0575,1.0578,1.0572,1.0572,4426.0
1782938040000,1.0572,1.0573,1.0563,1.0568,3757.0
1782938100000,1.0569,1.0569,1.0563,1.0563,4315.0
1782938160000,1.0564,1.0564,1.0556,1.0556,2487.0
1782938220000,1.0557,1.0565,1.0556,1.0557,1765.0
1782938280000,1.0556,1.0562,1.0555,1.0557,2008.0
1782938340000,1.0558,1.0561,1.0557,1.0561,2400.0
1782938400000,1.056,1.0577,1.056,1.0573,4043.0
1782938460000,1.0573,1.0573,1.0564,1.0564,1557.0
1782938520000,1.0564,1.0565,1.0564,1.0564,2818.0
1782938580000,1.0565,1.0565,1.0561,1.0562,3599.0
1782938640000,1.0561,1.0565,1.0556,1.0565,2246.0
1782938700000,1.0564,1.0572,1.0564,1.0572,1396.0
1782938760000,1.0571,1.0572,1.0566,1.0571,94782.0
1782938820000,1.0572,1.0577,1.0571,1.0575,8777.0
1782938880000,1.0575,1.0575,1.057,1.0574,32072.0
1782938940000,1.0574,1.0595,1.0573,1.0589,25320.0
1782939000000,1.0588,1.0591,1.0579,1.058,2001.0
1782939060000,1.058,1.0583,1.0579,1.0582,4546.0
1782939120000,1.0583,1.0586,1.0582,1.0583,1625.0
1782939180000,1.0582,1.0583,1.0576,1.0577,6968.0
1782939240000,1.0576,1.0579,1.0575,1.0579,14450.0
1782939300000,1.0578,1.0584,1.0578,1.0578,2037.0
1782939360000,1.0582,1.0582,1.0576,1.0582,1685.0
1782939420000,1.0581,1.0582,1.0578,1.0578,2583.0
1782939480000,1.0578,1.0579,1.0578,1.0578,3209.0
1782939540000,1.0579,1.0579,1.0578,1.0578,1472.0
1782939600000,1.0579,1.0579,1.0575,1.0576,2443.0
1782939660000,1.0576,1.0581,1.0574,1.0576,1869.0
1782939720000,1.0574,1.058,1.0574,1.0576,1539.0
1782939780000,1.0576,1.0583,1.0575,1.0578,2370.0
1782939840000,1.0578,1.0591,1.0577,1.0589,2705.0
1782939900000,1.0592,1.0605,1.0591,1.0599,10506.0
1782939960000,1.0599,1.0603,1.0591,1.0591,6460.0
1782940020000,1.0591,1.0596,1.0589,1.0596,453071.0
1782940080000,1.0596,1.0601,1.0596,1.0599,1712.0
1782940140000,1.06,1.0602,1.0598,1.0598,2309.0
1782940200000,1.0599,1.0599,1.0595,1.0595,4676.0
1782940260000,1.0595,1.0609,1.0595,1.0607,4575.0
1782940320000,1.0612,1.0615,1.0606,1.0613,14790.0
1782940380000,1.0613,1.0622,1.0611,1.0614,11192.0
1782940440000,1.0614,1.0626,1.0613,1.0626,7416.0
1782940500000,1.0624,1.0631,1.0613,1.0614,5704.0
1782940560000,1.0614,1.0615,1.0612,1.0614,2550.0
1782940620000,1.0615,1.0636,1.0614,1.0633,3624.0
1782940680000,1.0632,1.0633,1.0618,1.0618,5897.0
1782940740000,1.0618,1.0633,1.0618,1.0633,2750.0
1782940800000,1.0632,1.0633,1.0626,1.0626,2929.0
1782940860000,1.0626,1.063,1.0626,1.0629,3359.0
1782940920000,1.0629,1.0632,1.0629,1.0631,2216.0
1782940980000,1.0632,1.0632,1.0617,1.0622,2697.0
1782941040000,1.0622,1.0627,1.0621,1.0621,3095.0
1782941100000,1.0622,1.0623,1.0612,1.0622,1836.0
1782941160000,1.0623,1.063,1.0615,1.0616,4717.0
1782941220000,1.0615,1.0621,1.0612,1.062,2432.0
1782941280000,1.062,1.0629,1.062,1.0628,2525.0
1782941340000,1.0628,1.0629,1.0623,1.0625,4162.0
1782941400000,1.0624,1.0633,1.0624,1.0627,2209.0
1782941460000,1.0628,1.0633,1.0627,1.0627,26256.0
1782941520000,1.0628,1.0641,1.0627,1.0639,270836.0
1782941580000,1.0638,1.0644,1.0634,1.0644,6383.0
1782941640000,1.0643,1.0663,1.0643,1.0659,21526.0
1782941700000,1.0659,1.0683,1.0659,1.0675,111813.0
1782941760000,1.0675,1.0676,1.0667,1.0673,6419.0
1782941820000,1.0673,1.0673,1.0662,1.0662,4480.0
1782941880000,1.0662,1.0689,1.0662,1.0676,20649.0
1782941940000,1.0676,1.0677,1.0654,1.0663,309493.0
1782942000000,1.0662,1.0667,1.0645,1.0661,9284.0
1782942060000,1.0661,1.0662,1.0658,1.0658,4218.0
1782942120000,1.0659,1.0659,1.0651,1.0657,176695.0
1782942180000,1.0656,1.0663,1.0648,1.0662,4393.0
1782942240000,1.0662,1.0663,1.0655,1.0659,336938.0
1782942300000,1.0658,1.0665,1.0657,1.066,1660.0
1782942360000,1.0661,1.0666,1.0659,1.0659,1777.0
1782942420000,1.0659,1.0662,1.0659,1.0662,3589.0
1782942480000,1.0662,1.0662,1.0661,1.0661,10298.0
1782942540000,1.0662,1.0662,1.0661,1.0661,3694.0
1782942600000,1.0662,1.0662,1.0661,1.0662,5002.0
1782942660000,1.0661,1.0662,1.0661,1.0661,4117.0
1782942720000,1.0662,1.0682,1.0658,1.0682,245891.0
1782942780000,1.0676,1.0686,1.0673,1.0677,317099.0
1782942840000,1.0677,1.0679,1.0661,1.0666,276406.0
1782942900000,1.0666,1.0676,1.0665,1.0668,1945.0
1782942960000,1.0668,1.0668,1.0662,1.0665,1830.0
1782943020000,1.0666,1.0668,1.0661,1.0663,3173.0
1782943080000,1.0662,1.0666,1.0662,1.0666,1837.0
1782943140000,1.0666,1.0666,1.0661,1.0662,1470.0
1782943200000,1.0657,1.066,1.0653,1.0659,4564.0
1782943260000,1.0659,1.0669,1.0658,1.0663,277164.0
1782943320000,1.0663,1.0667,1.0659,1.0663,273550.0
1782943380000,1.0662,1.0667,1.0658,1.0666,8218.0
1782943440000,1.0667,1.0667,1.0661,1.0662,1598.0
1782943500000,1.0657,1.066,1.0651,1.0659,7292.0
1782943560000,1.0659,1.067,1.0659,1.0665,1469.0
1782943620000,1.0665,1.0665,1.0664,1.0665,1980.0
1782943680000,1.0665,1.0675,1.0664,1.0668,2832.0
1782943740000,1.0669,1.067,1.0666,1.0669,2340.0
1782943800000,1.0669,1.0675,1.0669,1.0671,2135.0
1782943860000,1.0671,1.0677,1.0668,1.0674,3620.0
1782943920000,1.0674,1.0674,1.0673,1.0673,4093.0
1782943980000,1.0673,1.0674,1.067,1.0673,4365.0
1782944040000,1.0674,1.0674,1.0666,1.0666,1610.0
1782944100000,1.0667,1.0672,1.0661,1.0671,5306.0
1782944160000,1.0671,1.0672,1.0671,1.0672,1574.0
1782944220000,1.0671,1.0673,1.0666,1.0672,6861.0
1782944280000,1.0672,1.0672,1.066,1.0666,2409.0
1782944340000,1.0666,1.0666,1.0662,1.0664,15288.0
1782944400000,1.0664,1.0667,1.0663,1.0667,1847.0
1782944460000,1.0666,1.073,1.0666,1.0699,444585.0
1782944520000,1.0697,1.0716,1.0685,1.0716,11721.0
1782944580000,1.0716,1.0723,1.0707,1.0715,15732.0
1782944640000,1.0715,1.0715,1.0697,1.0712,28759.0
1782944700000,1.0711,1.0724,1.0707,1.0708,4048.0
1782944760000,1.0704,1.0705,1.0696,1.0701,1943.0
1782944820000,1.0701,1.0702,1.068,1.0681,5448.0
1782944880000,1.0682,1.0682,1.0669,1.0681,3872.0
1782944940000,1.0681,1.0681,1.0658,1.0658,51714.0
1782945000000,1.0658,1.0673,1.0658,1.0661,6749.0
1782945060000,1.0661,1.0667,1.0655,1.0656,8851.0
1782945120000,1.0655,1.0662,1.065,1.0656,7581.0
1782945180000,1.0656,1.0657,1.064,1.0649,8377.0
1782945240000,1.065,1.0653,1.0645,1.0646,4541.0
1782945300000,1.0645,1.0649,1.0643,1.0644,19516.0
1782945360000,1.0643,1.0647,1.0634,1.0635,10651.0
1782945420000,1.0634,1.0639,1.0628,1.0638,14140.0
1782945480000,1.0639,1.0639,1.0633,1.0633,3932.0
1782945540000,1.0634,1.0638,1.0633,1.0637,7518.0
1782945600000,1.0638,1.0648,1.0636,1.0644,14971.0
1782945660000,1.0639,1.0653,1.0639,1.0649,9456.0
1782945720000,1.065,1.065,1.0643,1.0647,17147.0
1782945780000,1.0647,1.0647,1.064,1.0641,2999.0
1782945840000,1.064,1.0641,1.0629,1.063,16189.0
1782945900000,1.0629,1.063,1.0609,1.0609,172222.0
1782945960000,1.0609,1.0615,1.0603,1.0608,28652.0
1782946020000,1.0607,1.0615,1.0603,1.0614,31413.0
1782946080000,1.0615,1.0621,1.0614,1.0621,5166.0
1782946140000,1.0621,1.0621,1.0604,1.0605,16206.0
1782946200000,1.0605,1.0609,1.0596,1.0599,163525.0
1782946260000,1.0599,1.0607,1.0596,1.0599,3751.0
1782946320000,1.0599,1.0605,1.0598,1.0605,4471.0
1782946380000,1.0605,1.0609,1.0603,1.0604,2587.0
1782946440000,1.0603,1.0604,1.0603,1.0604,1837.0
1782946500000,1.0603,1.0604,1.0599,1.0601,17098.0
1782946560000,1.0601,1.0606,1.0598,1.0598,2077.0
1782946620000,1.0598,1.0608,1.0598,1.0607,3132.0
1782946680000,1.0608,1.0618,1.0607,1.0617,1467.0
1782946740000,1.0616,1.0617,1.0609,1.061,16136.0
1782946800000,1.061,1.061,1.058,1.0581,33848.0
1782946860000,1.0581,1.0585,1.0572,1.0582,27611.0
1782946920000,1.0582,1.0582,1.0564,1.0566,5351.0
1782946980000,1.0566,1.0583,1.0566,1.0583,7891.0
1782947040000,1.0583,1.0583,1.0569,1.057,4885.0
1782947100000,1.057,1.0572,1.0569,1.0571,1920.0
1782947160000,1.0572,1.0572,1.0557,1.0566,10768.0
1782947220000,1.0566,1.0567,1.0557,1.0557,41826.0
1782947280000,1.0557,1.0561,1.0556,1.0557,62077.0
1782947340000,1.0557,1.0569,1.0557,1.0567,3190.0
1782947400000,1.0567,1.0567,1.0563,1.0563,2848.0
1782947460000,1.0563,1.0564,1.0553,1.0557,39592.0
1782947520000,1.0557,1.0558,1.0553,1.0558,7824.0
1782947580000,1.0558,1.0559,1.0553,1.0556,36474.0
1782947640000,1.0556,1.0556,1.0552,1.0556,3851.0
1782947700000,1.0556,1.0561,1.0552,1.0558,29223.0
1782947760000,1.0559,1.0569,1.0558,1.0568,4439.0
1782947820000,1.0568,1.0569,1.0563,1.0566,4636.0
1782947880000,1.0566,1.0566,1.055,1.0551,14368.0
1782947940000,1.0551,1.0568,1.055,1.0558,5502.0
1782948000000,1.0564,1.0566,1.0556,1.0557,3347.0
1782948060000,1.0556,1.0557,1.0554,1.0554,1667.0
1782948120000,1.0554,1.0555,1.0551,1.0552,1600.0
1782948180000,1.0551,1.0552,1.054,1.0543,9747.0
1782948240000,1.0543,1.0549,1.0543,1.0547,5579.0
1782948300000,1.0548,1.0551,1.0547,1.055,2032.0
1782948360000,1.055,1.0554,1.0548,1.0548,5444.0
1782948420000,1.0548,1.0549,1.054,1.054,3314.0
1782948480000,1.054,1.0546,1.0539,1.0546,8394.0
1782948540000,1.0546,1.0546,1.0542,1.0542,15978.0
1782948600000,1.0543,1.0546,1.0537,1.0544,10290.0
1782948660000,1.0544,1.0553,1.0542,1.0543,21262.0
1782948720000,1.0542,1.0543,1.0535,1.0538,12588.0
1782948780000,1.0539,1.0549,1.0538,1.0549,5573.0
1782948840000,1.0548,1.0549,1.0545,1.0545,2724.0
1782948900000,1.0546,1.0546,1.0524,1.0527,33367.0
1782948960000,1.0527,1.0534,1.0524,1.0531,9616.0
1782949020000,1.0531,1.054,1.0531,1.0537,2805.0
1782949080000,1.0536,1.0545,1.0536,1.0544,22567.0
1782949140000,1.0544,1.0549,1.0541,1.0542,11291.0
1782949200000,1.0542,1.0542,1.0538,1.0538,6435.0
1782949260000,1.0538,1.0542,1.0538,1.0539,1927.0
1782949320000,1.0539,1.055,1.0539,1.0549,10175.0
1782949380000,1.0549,1.055,1.054,1.0543,10934.0
1782949440000,1.0542,1.0547,1.054,1.054,21533.0
1782949500000,1.054,1.0545,1.0537,1.0537,22831.0
1782949560000,1.0537,1.0538,1.0525,1.0525,19557.0
1782949620000,1.0526,1.0533,1.0525,1.0533,7602.0
1782949680000,1.0533,1.0539,1.0526,1.0526,1605.0
1782949740000,1.0527,1.0527,1.0517,1.0523,12689.0
1782949800000,1.0523,1.0529,1.052,1.052,3941.0
1782949860000,1.0521,1.0527,1.052,1.052,10509.0
1782949920000,1.052,1.0526,1.0512,1.0521,15815.0
1782949980000,1.0522,1.0532,1.0521,1.0532,36384.0
1782950040000,1.0532,1.0533,1.053,1.0533,1544.0
1782950100000,1.0533,1.0533,1.0529,1.0529,4323.0
1782950160000,1.0529,1.053,1.0529,1.053,14166.0
1782950220000,1.0529,1.0529,1.0525,1.0528,3030.0
1782950280000,1.0528,1.0529,1.0525,1.0526,1689.0
1782950340000,1.0525,1.0526,1.0522,1.0523,1855.0
1782950400000,1.0522,1.0528,1.0517,1.0522,46806.0
1782950460000,1.0521,1.0522,1.0512,1.0516,7401.0
1782950520000,1.0516,1.0518,1.0508,1.0512,57036.0
1782950580000,1.0512,1.0515,1.0503,1.0507,12501.0
1782950640000,1.0508,1.0508,1.0502,1.0503,11166.0
1782950700000,1.0502,1.0513,1.0498,1.0513,84651.0
1782950760000,1.0512,1.0513,1.0501,1.0501,4530.0
1782950820000,1.0501,1.0504,1.0501,1.0503,6554.0
1782950880000,1.0503,1.0512,1.0503,1.0512,2944.0
1782950940000,1.0511,1.0512,1.0509,1.0509,2779.0
1782951000000,1.051,1.0514,1.0509,1.0514,1797.0
1782951060000,1.0513,1.0517,1.0511,1.0512,8604.0
1782951120000,1.0511,1.0514,1.0511,1.0513,1948.0
1782951180000,1.0514,1.0514,1.051,1.0514,1891.0
1782951240000,1.0514,1.0516,1.051,1.051,2575.0
1782951300000,1.051,1.0514,1.0509,1.0509,1510.0
1782951360000,1.0509,1.051,1.0501,1.0502,6229.0
1782951420000,1.0502,1.0502,1.0488,1.049,27463.0
1782951480000,1.0491,1.0494,1.0486,1.0487,3605.0
1782951540000,1.0488,1.0498,1.0475,1.0481,16037.0
1782951600000,1.048,1.0487,1.0478,1.0487,7722.0
1782951660000,1.0486,1.0494,1.0481,1.0493,4946.0
1782951720000,1.0494,1.05,1.0494,1.0494,9435.0
1782951780000,1.0494,1.05,1.0488,1.0489,11823.0
1782951840000,1.0489,1.05,1.0488,1.0497,11898.0
1782951900000,1.0496,1.0497,1.0492,1.0493,3025.0
1782951960000,1.0492,1.0493,1.049,1.0491,5234.0
1782952020000,1.0491,1.0491,1.0482,1.0483,1600.0
1782952080000,1.0482,1.0483,1.0474,1.0476,8219.0
1782952140000,1.0476,1.048,1.0474,1.0475,2655.0
1782952200000,1.0475,1.048,1.0461,1.0465,39100.0
1782952260000,1.0466,1.0473,1.0462,1.0467,11748.0
1782952320000,1.0468,1.047,1.0464,1.0468,20889.0
1782952380000,1.0467,1.0468,1.0464,1.0468,13275.0
1782952440000,1.0468,1.0468,1.0464,1.0468,3354.0
1782952500000,1.0468,1.0477,1.0464,1.0477,6592.0
1782952560000,1.0472,1.0475,1.047,1.047,10878.0
1782952620000,1.047,1.0471,1.046,1.046,27781.0
1782952680000,1.046,1.0461,1.0451,1.0453,53321.0
1782952740000,1.0453,1.0456,1.0447,1.0454,14744.0
1782952800000,1.045,1.0457,1.045,1.0457,2205.0
1782952860000,1.0456,1.0457,1.0449,1.0449,4531.0
1782952920000,1.0449,1.0453,1.0444,1.0445,2292.0
1782952980000,1.0444,1.0453,1.0444,1.0449,76033.0
1782953040000,1.045,1.0456,1.0449,1.0455,7338.0
1782953100000,1.0456,1.0462,1.0452,1.0462,10858.0
1782953160000,1.0462,1.0462,1.0457,1.0461,8778.0
1782953220000,1.0461,1.0461,1.0455,1.0455,1854.0
1782953280000,1.0455,1.0466,1.0455,1.0463,4732.0
1782953340000,1.0463,1.0472,1.046,1.0469,11161.0
1782953400000,1.0469,1.0478,1.0462,1.0466,26644.0
1782953460000,1.0467,1.0467,1.0464,1.0465,2908.0
1782953520000,1.0465,1.0465,1.0464,1.0465,1809.0
1782953580000,1.0465,1.0468,1.0464,1.0468,31639.0
1782953640000,1.0464,1.0465,1.0464,1.0465,38502.0
1782953700000,1.0464,1.0465,1.0461,1.0462,1636.0
1782953760000,1.0462,1.0462,1.0461,1.0462,1706.0
1782953820000,1.0461,1.0465,1.0461,1.0465,1832.0
1782953880000,1.0464,1.0466,1.0462,1.0463,34020.0
1782953940000,1.0462,1.0472,1.0462,1.0472,1419.0
1782954000000,1.0472,1.0475,1.0463,1.0471,1937.0
1782954060000,1.0471,1.0476,1.0465,1.0471,14028.0
1782954120000,1.047,1.0472,1.0467,1.0471,12242.0
1782954180000,1.0472,1.0472,1.0471,1.0472,3368.0
1782954240000,1.0471,1.0472,1.0464,1.0464,5454.0
1782954300000,1.0464,1.0467,1.0464,1.0467,1615.0
1782954360000,1.0467,1.0472,1.0463,1.047,3201.0
1782954420000,1.047,1.0477,1.0465,1.0476,2679.0
1782954480000,1.0477,1.048,1.0476,1.048,16310.0
1782954540000,1.048,1.049,1.0479,1.0489,6792.0
1782954600000,1.0489,1.0497,1.0487,1.0491,7351.0
1782954660000,1.0491,1.0492,1.0487,1.0487,2724.0
1782954720000,1.0488,1.0502,1.0487,1.0502,11266.0
1782954780000,1.0502,1.0505,1.0498,1.0502,1523.0
1782954840000,1.0502,1.0505,1.0501,1.0503,5157.0
1782954900000,1.0503,1.0507,1.0503,1.0507,27972.0
1782954960000,1.0506,1.051,1.0504,1.0505,51782.0
1782955020000,1.0506,1.0506,1.0497,1.0499,6540.0
1782955080000,1.0498,1.0517,1.0498,1.0516,1924.0
1782955140000,1.0516,1.0521,1.0513,1.0517,5953.0
1782955200000,1.0518,1.0523,1.0517,1.0522,23077.0
1782955260000,1.0523,1.0523,1.0514,1.0514,2850.0
1782955320000,1.0514,1.0515,1.0506,1.0507,6458.0
1782955380000,1.0506,1.0514,1.0506,1.0513,1493.0
1782955440000,1.0514,1.052,1.0513,1.052,3452.0
1782955500000,1.052,1.0528,1.0519,1.0528,3142.0
1782955560000,1.0528,1.0531,1.0526,1.0526,32080.0
1782955620000,1.0526,1.053,1.052,1.0521,2595.0
1782955680000,1.052,1.0525,1.052,1.0525,1697.0
1782955740000,1.0524,1.0532,1.0524,1.0531,1478.0
1782955800000,1.0531,1.0552,1.0531,1.0551,73637.0
1782955860000,1.0552,1.0555,1.0549,1.0554,3006.0
1782955920000,1.0552,1.0555,1.0546,1.0554,2593.0
1782955980000,1.0555,1.0562,1.0554,1.0558,4038.0
1782956040000,1.0558,1.0561,1.0552,1.0561,11102.0
1782956100000,1.056,1.0565,1.0557,1.0564,27614.0
1782956160000,1.0563,1.0565,1.0561,1.0564,5401.0
1782956220000,1.0564,1.0569,1.0564,1.0566,2018.0
1782956280000,1.0565,1.0566,1.0557,1.0562,41576.0
1782956340000,1.0562,1.0569,1.0561,1.0568,1667.0
1782956400000,1.0568,1.0592,1.0568,1.0585,4722.0
1782956460000,1.0583,1.0585,1.057,1.057,2539.0
1782956520000,1.0571,1.0571,1.056,1.0563,2577.0
1782956580000,1.0562,1.0575,1.0562,1.0569,6169.0
1782956640000,1.057,1.057,1.0566,1.0569,5439.0
1782956700000,1.0568,1.0572,1.0561,1.0565,2874.0
1782956760000,1.0564,1.0574,1.0564,1.0574,4139.0
1782956820000,1.0573,1.0581,1.0573,1.058,3693.0
1782956880000,1.058,1.0585,1.0575,1.0584,2335.0
1782956940000,1.0585,1.0585,1.057,1.057,2188.0
1782957000000,1.0571,1.0571,1.0552,1.0552,2801.0
1782957060000,1.0552,1.0555,1.055,1.055,7543.0
1782957120000,1.0551,1.0558,1.055,1.0558,4836.0
1782957180000,1.0558,1.056,1.0557,1.0559,9567.0
1782957240000,1.056,1.0563,1.0559,1.0563,1927.0
1782957300000,1.0562,1.057,1.0559,1.0562,1557.0
1782957360000,1.0563,1.0563,1.0558,1.0562,1472.0
1782957420000,1.0562,1.0562,1.0558,1.0558,6294.0
1782957480000,1.0559,1.0566,1.0558,1.0566,4414.0
1782957540000,1.0566,1.057,1.0562,1.0569,5828.0
1782957600000,1.057,1.0576,1.0562,1.0563,3208.0
1782957660000,1.0563,1.0566,1.056,1.056,1906.0
1782957720000,1.056,1.0568,1.056,1.056,1523.0
1782957780000,1.0561,1.0567,1.056,1.0564,1773.0
1782957840000,1.0564,1.0579,1.0564,1.0579,2081.0
1782957900000,1.0579,1.0579,1.0571,1.0571,1736.0
1782957960000,1.0571,1.0575,1.0567,1.0568,2806.0
1782958020000,1.0568,1.0571,1.0564,1.0565,2437.0
1782958080000,1.0565,1.0568,1.0558,1.0563,4181.0
1782958140000,1.0562,1.0563,1.0562,1.0563,2189.0
1782958200000,1.0562,1.0563,1.0544,1.0544,1993.0
1782958260000,1.0544,1.0549,1.0539,1.0546,9810.0
1782958320000,1.0546,1.0551,1.0545,1.0551,13254.0
1782958380000,1.0551,1.0563,1.055,1.0556,1789.0
1782958440000,1.0556,1.0556,1.0553,1.0555,2480.0
1782958500000,1.0555,1.0573,1.0555,1.0572,1926.0
1782958560000,1.0572,1.0578,1.0557,1.0561,1685.0
1782958620000,1.0561,1.0566,1.056,1.0565,3078.0
1782958680000,1.0569,1.0569,1.0564,1.0566,2350.0
1782958740000,1.0566,1.057,1.0563,1.0569,2465.0
1782958800000,1.057,1.0577,1.0569,1.0575,2752.0
1782958860000,1.0575,1.0578,1.0572,1.0576,1558.0
1782958920000,1.0576,1.0578,1.0567,1.0571,6383.0
1782958980000,1.0572,1.0575,1.0571,1.0575,1681.0
1782959040000,1.0575,1.0575,1.0571,1.0575,2856.0
1782959100000,1.0575,1.0584,1.0574,1.0578,3119.0
1782959160000,1.0579,1.0581,1.0578,1.0581,2378.0
1782959220000,1.058,1.0584,1.0577,1.0578,1835.0
1782959280000,1.0578,1.0578,1.0573,1.0575,3786.0
1782959340000,1.0576,1.0576,1.057,1.0574,6896.0
1782959400000,1.0575,1.0578,1.0571,1.0574,4562.0
1782959460000,1.0577,1.058,1.0572,1.0572,2224.0
1782959520000,1.0572,1.0584,1.0572,1.0583,2004.0
1782959580000,1.0584,1.0586,1.0576,1.0577,3356.0
1782959640000,1.0572,1.0583,1.0572,1.0583,2762.0
1782959700000,1.0583,1.059,1.0582,1.0588,1549.0
1782959760000,1.0587,1.059,1.0584,1.0584,3412.0
1782959820000,1.0584,1.0604,1.0584,1.0601,17911.0
1782959880000,1.0603,1.0608,1.0594,1.0601,3413.0
1782959940000,1.06,1.0603,1.0594,1.0595,2373.0
1782960000000,1.0596,1.0596,1.0595,1.0596,2455.0
1782960060000,1.0595,1.0596,1.059,1.0594,2250.0
1782960120000,1.0595,1.0603,1.059,1.0603,8047.0
1782960180000,1.0603,1.0603,1.0593,1.0594,4353.0
1782960240000,1.0594,1.0599,1.0593,1.0598,2414.0
1782960300000,1.0599,1.0603,1.0598,1.0603,2443.0
1782960360000,1.0602,1.0603,1.0602,1.0603,4766.0
1782960420000,1.0603,1.0606,1.0602,1.0604,7453.0
1782960480000,1.0603,1.0607,1.06,1.06,7189.0
1782960540000,1.06,1.0601,1.0586,1.0587,4414.0
1782960600000,1.0587,1.059,1.0584,1.0584,5039.0
1782960660000,1.0585,1.0585,1.0573,1.0581,1848.0
1782960720000,1.0582,1.0585,1.0581,1.0584,1738.0
1782960780000,1.0585,1.0588,1.0584,1.0586,1721.0
1782960840000,1.0585,1.0592,1.0585,1.0591,2022.0
1782960900000,1.0592,1.0598,1.0591,1.0598,1534.0
1782960960000,1.0598,1.0598,1.0597,1.0597,1586.0
1782961020000,1.0597,1.0599,1.0597,1.0599,1504.0
1782961080000,1.0599,1.06,1.0598,1.06,1616.0
1782961140000,1.0598,1.06,1.0594,1.0594,1976.0
1782961200000,1.0595,1.0596,1.0592,1.0595,3978.0
1782961260000,1.0595,1.0599,1.0595,1.0595,1899.0
1782961320000,1.0595,1.0596,1.0591,1.0592,4213.0
1782961380000,1.0592,1.0592,1.0586,1.0587,4072.0
1782961440000,1.0586,1.059,1.0586,1.0588,2296.0
1782961500000,1.0587,1.0592,1.0587,1.0592,1627.0
1782961560000,1.0592,1.0595,1.0589,1.0589,5501.0
1782961620000,1.0589,1.0592,1.0589,1.0592,2105.0
1782961680000,1.0592,1.0592,1.0588,1.0589,2190.0
1782961740000,1.0588,1.0595,1.0577,1.0577,1933.0
1782961800000,1.0578,1.0581,1.0577,1.0581,2070.0
1782961860000,1.058,1.0583,1.0577,1.058,9706.0
1782961920000,1.058,1.0581,1.0578,1.0579,22417.0
1782961980000,1.0578,1.0586,1.0578,1.0585,2027.0
1782962040000,1.0585,1.0586,1.0582,1.0586,1605.0
1782962100000,1.0586,1.0586,1.0582,1.0582,2770.0
1782962160000,1.0583,1.0585,1.057,1.0573,30853.0
1782962220000,1.0573,1.0578,1.0572,1.0573,3268.0
1782962280000,1.0573,1.0574,1.0565,1.0565,7243.0
1782962340000,1.0566,1.0571,1.0563,1.0564,1627.0
1782962400000,1.0563,1.0569,1.0563,1.0563,2475.0
1782962460000,1.0563,1.0564,1.0556,1.0559,2625.0
1782962520000,1.0559,1.0564,1.0559,1.0564,1649.0
1782962580000,1.0566,1.0567,1.0559,1.056,1803.0
1782962640000,1.0559,1.056,1.0559,1.0559,1542.0
1782962700000,1.056,1.0563,1.0559,1.0562,1670.0
1782962760000,1.0563,1.0566,1.0562,1.0565,1801.0
1782962820000,1.0566,1.0627,1.0562,1.0627,18006.0
1782962880000,1.0624,1.0639,1.062,1.0622,5303.0
1782962940000,1.0622,1.0622,1.0613,1.062,5881.0
1782963000000,1.0619,1.062,1.0615,1.0619,8271.0
1782963060000,1.0618,1.0625,1.0618,1.0622,3929.0
1782963120000,1.0621,1.0622,1.0615,1.062,3126.0
1782963180000,1.062,1.0626,1.0619,1.0624,10633.0
1782963240000,1.0623,1.0629,1.0621,1.0621,27635.0
1782963300000,1.0621,1.0622,1.0615,1.0618,2053.0
1782963360000,1.0619,1.0622,1.0613,1.0619,39465.0
1782963420000,1.0619,1.0621,1.0605,1.061,9682.0
1782963480000,1.061,1.0632,1.061,1.0631,3514.0
1782963540000,1.0631,1.0638,1.0627,1.0635,6438.0
1782963600000,1.0639,1.0646,1.0633,1.0645,5556.0
1782963660000,1.0645,1.0645,1.0638,1.0643,1419.0
1782963720000,1.0643,1.0652,1.0642,1.0651,7585.0
1782963780000,1.0651,1.0658,1.0651,1.0656,5416.0
1782963840000,1.0655,1.0656,1.0648,1.0655,61548.0
1782963900000,1.0654,1.0658,1.0652,1.0654,5092.0
1782963960000,1.0653,1.0653,1.0644,1.0645,6538.0
1782964020000,1.0645,1.0647,1.0642,1.0642,3109.0
1782964080000,1.0643,1.0649,1.064,1.0644,3017.0
1782964140000,1.0644,1.0654,1.064,1.0654,2684.0
1782964200000,1.0654,1.0676,1.0653,1.0653,7376.0
1782964260000,1.0653,1.0657,1.0651,1.0651,9380.0
1782964320000,1.0652,1.0697,1.0651,1.0686,43911.0
1782964380000,1.0688,1.0689,1.0672,1.0673,6090.0
1782964440000,1.0672,1.0675,1.0672,1.0673,5375.0
1782964500000,1.0674,1.0677,1.0673,1.0677,1814.0
1782964560000,1.0677,1.0682,1.0665,1.067,27436.0
1782964620000,1.067,1.0683,1.067,1.067,4025.0
1782964680000,1.067,1.0671,1.0655,1.0663,40448.0
1782964740000,1.0663,1.0677,1.0662,1.067,24326.0
1782964800000,1.0674,1.0676,1.0654,1.0657,46476.0
1782964860000,1.0652,1.0658,1.065,1.0656,3914.0
1782964920000,1.0656,1.0671,1.0655,1.0667,8026.0
1782964980000,1.0668,1.0669,1.0655,1.0655,14845.0
1782965040000,1.0656,1.0661,1.0653,1.0657,28088.0
1782965100000,1.0656,1.0657,1.0641,1.0647,2305.0
1782965160000,1.0646,1.0647,1.0638,1.0638,1934.0
1782965220000,1.0638,1.0641,1.0636,1.0639,2755.0
1782965280000,1.0638,1.0639,1.0633,1.0635,3784.0
1782965340000,1.0634,1.0641,1.0634,1.0639,2551.0
1782965400000,1.064,1.0643,1.0639,1.0643,5714.0
1782965460000,1.0643,1.0649,1.0642,1.0646,2477.0
1782965520000,1.0646,1.0649,1.0646,1.0649,1812.0
1782965580000,1.0648,1.0652,1.0648,1.0652,7582.0
1782965640000,1.065,1.0652,1.0645,1.0645,2420.0
1782965700000,1.0645,1.0651,1.0639,1.0639,7192.0
1782965760000,1.0639,1.0646,1.0639,1.0645,1886.0
1782965820000,1.0646,1.0655,1.0645,1.0647,6523.0
1782965880000,1.0646,1.0647,1.0638,1.0639,1800.0
1782965940000,1.0639,1.0639,1.0638,1.0638,1939.0
1782966000000,1.0638,1.0641,1.0638,1.0638,1886.0
1782966060000,1.0638,1.0639,1.0633,1.0633,4318.0
1782966120000,1.0634,1.0634,1.0621,1.0621,9290.0
1782966180000,1.0621,1.0627,1.0621,1.0624,5595.0
1782966240000,1.0625,1.0628,1.0623,1.0623,1687.0
1782966300000,1.0624,1.0629,1.0623,1.0629,4238.0
1782966360000,1.0628,1.0629,1.0625,1.0625,2915.0
1782966420000,1.0626,1.0626,1.0622,1.0623,1953.0
1782966480000,1.0623,1.0627,1.0622,1.0623,1730.0
1782966540000,1.0622,1.0634,1.0622,1.0628,8796.0
1782966600000,1.0629,1.0629,1.0617,1.0623,5331.0
1782966660000,1.0623,1.0623,1.0613,1.0614,7759.0
1782966720000,1.0614,1.062,1.0614,1.0619,5515.0
1782966780000,1.062,1.0623,1.0618,1.0618,2859.0
1782966840000,1.0619,1.0619,1.0618,1.0619,5822.0
1782966900000,1.0618,1.0619,1.0618,1.0618,3239.0
1782966960000,1.0618,1.0623,1.0618,1.0623,6186.0
1782967020000,1.0623,1.0624,1.062,1.0624,19087.0
1782967080000,1.0623,1.0628,1.0623,1.0623,12575.0
1782967140000,1.0623,1.0624,1.0623,1.0624,1693.0
1782967200000,1.0624,1.0624,1.0619,1.062,1409.0
1782967260000,1.0619,1.062,1.0619,1.062,7481.0
1782967320000,1.062,1.0623,1.0619,1.0623,1916.0
1782967380000,1.0623,1.0631,1.0622,1.063,6035.0
1782967440000,1.063,1.0636,1.063,1.0635,2078.0
1782967500000,1.0635,1.0638,1.0635,1.0637,1483.0
1782967560000,1.0637,1.0648,1.0637,1.0642,5673.0
1782967620000,1.0642,1.0646,1.0639,1.064,1929.0
1782967680000,1.064,1.0643,1.0639,1.0643,1795.0
1782967740000,1.0642,1.0646,1.064,1.0646,15496.0
1782967800000,1.0646,1.0649,1.0645,1.0649,1772.0
1782967860000,1.0648,1.0656,1.0648,1.0656,3331.0
1782967920000,1.0656,1.0657,1.0651,1.0652,2044.0
1782967980000,1.0651,1.0652,1.0651,1.0652,1572.0
1782968040000,1.0651,1.0652,1.0645,1.0646,1474.0
1782968100000,1.0646,1.0651,1.0642,1.0642,4548.0
1782968160000,1.0642,1.0648,1.0642,1.0646,4047.0
1782968220000,1.0646,1.0646,1.064,1.064,9715.0
1782968280000,1.064,1.0646,1.064,1.0646,2994.0
1782968340000,1.0646,1.0646,1.0643,1.0644,1734.0
1782968400000,1.0644,1.0646,1.0628,1.0628,2344.0
1782968460000,1.0629,1.0633,1.0624,1.063,14101.0
1782968520000,1.0629,1.063,1.0625,1.0628,2008.0
1782968580000,1.0629,1.0629,1.0628,1.0629,2226.0
1782968640000,1.0628,1.0632,1.0628,1.0632,2618.0
1782968700000,1.0632,1.064,1.0631,1.064,1646.0
1782968760000,1.0639,1.0645,1.0636,1.0637,1384.0
1782968820000,1.0636,1.0641,1.0636,1.0641,6207.0
1782968880000,1.0641,1.0641,1.064,1.064,1450.0
1782968940000,1.0641,1.0655,1.064,1.0654,1500.0
1782969000000,1.0654,1.0655,1.0652,1.0652,2686.0
1782969060000,1.0652,1.0656,1.0652,1.0655,1822.0
1782969120000,1.0651,1.0659,1.065,1.0658,2140.0
1782969180000,1.0659,1.0659,1.0655,1.0658,2385.0
1782969240000,1.0659,1.066,1.0653,1.0654,25292.0
1782969300000,1.0653,1.0654,1.0644,1.0652,2199.0
1782969360000,1.0652,1.0652,1.0648,1.0651,2782.0
1782969420000,1.065,1.0654,1.065,1.0654,2274.0
1782969480000,1.0657,1.0658,1.0652,1.0654,2749.0
1782969540000,1.0654,1.0654,1.0651,1.0651,1853.0
1782969600000,1.0651,1.0652,1.0647,1.0648,4209.0
1782969660000,1.0647,1.065,1.0642,1.0647,1457.0
1782969720000,1.0647,1.0648,1.0642,1.0644,7793.0
1782969780000,1.0645,1.0645,1.064,1.0642,1489.0
1782969840000,1.0643,1.0646,1.0642,1.0645,1622.0
1782969900000,1.0645,1.0646,1.0637,1.064,1705.0
1782969960000,1.0637,1.064,1.0633,1.064,3147.0
1782970020000,1.064,1.064,1.0635,1.0635,2674.0
1782970080000,1.0636,1.0636,1.0635,1.0636,3536.0
1782970140000,1.0635,1.0636,1.0631,1.0632,5534.0
1782970200000,1.0632,1.0632,1.0626,1.0631,7552.0
1782970260000,1.063,1.0631,1.0626,1.0627,3834.0
1782970320000,1.0627,1.0629,1.0626,1.0628,1685.0
1782970380000,1.0628,1.0632,1.0622,1.0622,2346.0
1782970440000,1.0623,1.0628,1.0622,1.0627,7281.0
1782970500000,1.0627,1.0636,1.0627,1.0636,1979.0
1782970560000,1.063,1.0634,1.063,1.0634,1881.0
1782970620000,1.0633,1.0634,1.0619,1.0625,4340.0
1782970680000,1.0624,1.0625,1.0612,1.0612,1923.0
1782970740000,1.0612,1.0613,1.0602,1.0604,64807.0
1782970800000,1.0605,1.0607,1.0599,1.0607,5023.0
1782970860000,1.0607,1.0612,1.06,1.06,31825.0
1782970920000,1.06,1.0604,1.0593,1.0598,11236.0
1782970980000,1.0599,1.0607,1.0598,1.0607,1392.0
1782971040000,1.0607,1.0607,1.0597,1.0598,1526.0
1782971100000,1.0597,1.0598,1.0597,1.0598,1584.0
1782971160000,1.0597,1.0598,1.0595,1.0596,1751.0
1782971220000,1.0596,1.0596,1.059,1.059,23822.0
1782971280000,1.059,1.0591,1.059,1.0591,4985.0
1782971340000,1.0591,1.0592,1.0582,1.0587,7693.0
1782971400000,1.0586,1.0591,1.0582,1.0582,2416.0
1782971460000,1.0582,1.0585,1.0582,1.0584,1479.0
1782971520000,1.0584,1.0592,1.0584,1.059,2881.0
1782971580000,1.0591,1.0597,1.059,1.0597,4708.0
1782971640000,1.0597,1.0597,1.0596,1.0596,1692.0
1782971700000,1.0596,1.0597,1.0593,1.0593,1954.0
1782971760000,1.0593,1.0594,1.0592,1.0594,11643.0
1782971820000,1.0594,1.0596,1.0593,1.0595,1569.0
1782971880000,1.0595,1.0596,1.0595,1.0595,3896.0
1782971940000,1.0596,1.0596,1.0593,1.0593,1778.0
1782972000000,1.0594,1.0599,1.0593,1.0594,12585.0
1782972060000,1.0594,1.0594,1.0589,1.0593,14791.0
1782972120000,1.0593,1.0595,1.0591,1.0592,6402.0
1782972180000,1.0592,1.0592,1.0582,1.0582,9473.0
1782972240000,1.0582,1.0585,1.0582,1.0583,11026.0
1782972300000,1.0583,1.0585,1.0579,1.0582,4523.0
1782972360000,1.0581,1.0583,1.0579,1.0583,8968.0
1782972420000,1.0583,1.0583,1.0579,1.0579,3071.0
1782972480000,1.0579,1.058,1.0574,1.0576,16728.0
1782972540000,1.0574,1.0581,1.0573,1.0573,1731.0
1782972600000,1.0574,1.0574,1.0573,1.0574,2393.0
1782972660000,1.0574,1.0574,1.0573,1.0574,1664.0
1782972720000,1.0573,1.0578,1.0569,1.0572,21755.0
1782972780000,1.0572,1.0574,1.0565,1.0571,53228.0
1782972840000,1.057,1.0571,1.057,1.057,2270.0
1782972900000,1.057,1.0573,1.057,1.0572,3187.0
1782972960000,1.0572,1.0576,1.0569,1.0576,18037.0
1782973020000,1.0576,1.0578,1.0575,1.0578,1594.0
1782973080000,1.0578,1.0581,1.0577,1.0581,1444.0
1782973140000,1.0581,1.0591,1.058,1.0586,5725.0
1782973200000,1.0585,1.0596,1.0585,1.0595,2814.0
1782973260000,1.0595,1.0602,1.0595,1.0601,12777.0
1782973320000,1.0602,1.0605,1.0601,1.0604,34094.0
1782973380000,1.0604,1.0605,1.0593,1.0594,6769.0
1782973440000,1.0594,1.0594,1.0586,1.0587,5438.0
1782973500000,1.0586,1.0597,1.0586,1.0596,8778.0
1782973560000,1.0596,1.0599,1.0593,1.0593,3174.0
1782973620000,1.0593,1.0594,1.0589,1.059,1487.0
1782973680000,1.059,1.0593,1.0587,1.0587,1751.0
1782973740000,1.0588,1.0593,1.0584,1.0585,2093.0
1782973800000,1.0585,1.059,1.0584,1.0589,2984.0
1782973860000,1.0589,1.0601,1.0589,1.0597,6979.0
1782973920000,1.0597,1.0605,1.0595,1.0602,3127.0
1782973980000,1.0602,1.0609,1.0602,1.0602,128488.0
1782974040000,1.061,1.0617,1.0608,1.0608,18360.0
1782974100000,1.0608,1.0609,1.0597,1.0598,1637.0
1782974160000,1.0598,1.0598,1.0585,1.0587,20229.0
1782974220000,1.0587,1.0593,1.0585,1.0591,2510.0
1782974280000,1.0587,1.0595,1.0587,1.0595,2546.0
1782974340000,1.0594,1.0595,1.0592,1.0593,1445.0
1782974400000,1.0593,1.0601,1.0592,1.06,1556.0
1782974460000,1.06,1.0601,1.0598,1.0598,1490.0
1782974520000,1.0598,1.0599,1.0589,1.059,50380.0
1782974580000,1.0589,1.059,1.0585,1.0586,1529.0
1782974640000,1.0585,1.0594,1.0579,1.0588,10651.0
1782974700000,1.0589,1.0594,1.0577,1.0582,2431.0
1782974760000,1.0583,1.0591,1.0576,1.0576,1882.0
1782974820000,1.0573,1.0577,1.0569,1.0571,9170.0
1782974880000,1.0571,1.0573,1.0566,1.0569,1647.0
1782974940000,1.0569,1.0576,1.0563,1.0563,9197.0
1782975000000,1.0564,1.0567,1.0558,1.0561,31430.0
1782975060000,1.0562,1.0566,1.0552,1.0553,3784.0
1782975120000,1.0553,1.0561,1.0553,1.056,4205.0
1782975180000,1.056,1.057,1.056,1.0565,26872.0
1782975240000,1.0565,1.0567,1.0556,1.0559,2603.0
1782975300000,1.0559,1.0565,1.0559,1.0565,2064.0
1782975360000,1.0565,1.057,1.0564,1.0565,1233.0
1782975420000,1.0564,1.0567,1.056,1.0566,1764.0
1782975480000,1.0566,1.0568,1.0562,1.0563,3321.0
1782975540000,1.0563,1.0563,1.0559,1.0559,1403.0
1782975600000,1.0559,1.056,1.0553,1.0557,6577.0
1782975660000,1.0556,1.0568,1.0556,1.0563,58676.0
1782975720000,1.0563,1.0567,1.0563,1.0564,3442.0
1782975780000,1.0563,1.0564,1.0558,1.0559,17475.0
1782975840000,1.0559,1.0559,1.0556,1.0556,2892.0
1782975900000,1.0556,1.0558,1.0552,1.0557,17980.0
1782975960000,1.0557,1.0564,1.0555,1.0563,8328.0
1782976020000,1.0564,1.0568,1.0563,1.0568,3341.0
1782976080000,1.0568,1.0568,1.0565,1.0566,1698.0
1782976140000,1.0565,1.0568,1.0565,1.0567,2007.0
1782976200000,1.0568,1.0568,1.0567,1.0568,3739.0
1782976260000,1.057,1.0571,1.0568,1.0568,2745.0
1782976320000,1.0569,1.0569,1.0559,1.056,1966.0
1782976380000,1.0559,1.056,1.0556,1.0559,1481.0
1782976440000,1.0559,1.0566,1.0559,1.0565,2733.0
1782976500000,1.0566,1.0573,1.0565,1.0573,1732.0
1782976560000,1.0573,1.0578,1.0571,1.0571,2824.0
1782976620000,1.0572,1.0572,1.0559,1.0562,3464.0
1782976680000,1.0561,1.0564,1.0561,1.0563,2388.0
1782976740000,1.0563,1.0565,1.0561,1.0565,2364.0
1782976800000,1.0564,1.0569,1.0564,1.0567,3844.0
1782976860000,1.0567,1.0567,1.0559,1.0559,3917.0
1782976920000,1.0559,1.0563,1.0559,1.0563,1356.0
1782976980000,1.0564,1.0565,1.0561,1.0561,4677.0
1782977040000,1.0562,1.057,1.0561,1.0569,2916.0
1782977100000,1.057,1.057,1.0561,1.0561,1591.0
1782977160000,1.0561,1.0562,1.0555,1.0555,4889.0
1782977220000,1.0556,1.0558,1.0555,1.0557,7744.0
1782977280000,1.0558,1.0567,1.0557,1.0566,1573.0
1782977340000,1.0566,1.0567,1.0559,1.0559,1628.0
1782977400000,1.056,1.056,1.0556,1.056,2537.0
1782977460000,1.056,1.0569,1.0559,1.0569,2391.0
1782977520000,1.0569,1.0571,1.0568,1.0571,1491.0
1782977580000,1.0571,1.0576,1.0567,1.0575,1634.0
1782977640000,1.0576,1.0576,1.057,1.0571,1892.0
1782977700000,1.0571,1.0574,1.057,1.057,1701.0
1782977760000,1.057,1.0574,1.057,1.0574,1662.0
1782977820000,1.0574,1.0574,1.0564,1.0565,2299.0
1782977880000,1.0564,1.0573,1.0564,1.0573,14711.0
1782977940000,1.0573,1.0576,1.0572,1.0575,1856.0
1782978000000,1.0575,1.058,1.0574,1.0578,2690.0
1782978060000,1.0577,1.0582,1.0574,1.0578,1863.0
1782978120000,1.058,1.0589,1.0578,1.0583,1686.0
1782978180000,1.0583,1.0585,1.0583,1.0584,12126.0
1782978240000,1.0585,1.0585,1.058,1.0583,11378.0
1782978300000,1.0582,1.0586,1.0582,1.0586,4474.0
1782978360000,1.0586,1.0586,1.0583,1.0584,7853.0
1782978420000,1.0583,1.0586,1.0581,1.0582,1601.0
1782978480000,1.0582,1.0582,1.0575,1.0576,5168.0
1782978540000,1.0576,1.0588,1.0575,1.0586,4154.0
1782978600000,1.0585,1.0591,1.0585,1.059,1642258.0
1782978660000,1.0588,1.059,1.0585,1.0589,3869.0
1782978720000,1.0589,1.059,1.0589,1.0589,2411.0
1782978780000,1.0589,1.059,1.0583,1.0583,3169.0
1782978840000,1.0584,1.0584,1.0583,1.0584,2661.0
1782978900000,1.0584,1.0584,1.0578,1.0581,3297.0
1782978960000,1.0581,1.0584,1.058,1.0584,7211.0
1782979020000,1.0583,1.0587,1.0577,1.0577,2682.0
1782979080000,1.0577,1.058,1.0577,1.0579,3827.0
1782979140000,1.058,1.058,1.0579,1.058,2045.0
1782979200000,1.058,1.0586,1.0579,1.0581,1618.0
1782979260000,1.0581,1.0584,1.0579,1.0584,13185.0
1782979320000,1.0583,1.0586,1.0583,1.0585,2218.0
1782979380000,1.0585,1.0586,1.0585,1.0585,2340.0
1782979440000,1.0586,1.0586,1.0581,1.0583,14070.0
1782979500000,1.0584,1.0596,1.0583,1.0596,5929.0
1782979560000,1.0596,1.0596,1.0591,1.0595,41671.0
1782979620000,1.0596,1.0599,1.0592,1.0599,1611.0
1782979680000,1.0599,1.06,1.0596,1.0599,8608.0
1782979740000,1.06,1.06,1.0596,1.0596,2812.0
1782979800000,1.0597,1.0597,1.0592,1.0596,1538.0
1782979860000,1.0595,1.0596,1.0581,1.0581,2671.0
1782979920000,1.0581,1.0584,1.0581,1.0584,1794.0
1782979980000,1.0583,1.0588,1.0583,1.0588,5961.0
1782980040000,1.0588,1.059,1.0583,1.0586,1658.0
1782980100000,1.0586,1.0592,1.0586,1.0592,7861.0
1782980160000,1.0591,1.0592,1.0588,1.0591,2708.0
1782980220000,1.0592,1.0596,1.0589,1.0591,3600.0
1782980280000,1.059,1.0593,1.0585,1.0592,3694.0
1782980340000,1.0592,1.0599,1.059,1.0599,4998.0
1782980400000,1.0599,1.0599,1.0592,1.0598,3514.0
1782980460000,1.0599,1.0609,1.0598,1.0604,2955.0
1782980520000,1.0604,1.0616,1.0604,1.0615,8391.0
1782980580000,1.0616,1.0616,1.061,1.0615,1545.0
1782980640000,1.0614,1.0616,1.0612,1.0615,7582.0
1782980700000,1.0616,1.0625,1.0612,1.0617,6743.0
1782980760000,1.0617,1.0624,1.0613,1.0624,2323.0
1782980820000,1.0622,1.0627,1.0622,1.0626,1637.0
1782980880000,1.0627,1.0627,1.0621,1.0622,3733.0
1782980940000,1.0622,1.0622,1.0615,1.0615,82660.0
1782981000000,1.0612,1.0617,1.0608,1.0609,3928.0
1782981060000,1.0609,1.0617,1.0608,1.0615,8283.0
1782981120000,1.0615,1.0616,1.061,1.0613,5669.0
1782981180000,1.0613,1.0617,1.061,1.061,8103.0
1782981240000,1.061,1.0622,1.061,1.0619,1973.0
1782981300000,1.0618,1.0633,1.0618,1.0632,17049.0
1782981360000,1.0632,1.0633,1.0629,1.0629,5620.0
1782981420000,1.063,1.063,1.0621,1.0624,9704.0
1782981480000,1.0623,1.0627,1.0623,1.0626,4568.0
1782981540000,1.0626,1.063,1.0626,1.0629,1660.0
1782981600000,1.063,1.063,1.0626,1.0627,5947.0
1782981660000,1.0627,1.0627,1.0626,1.0626,11513.0
1782981720000,1.0627,1.0627,1.0622,1.0626,1524.0
1782981780000,1.0625,1.0631,1.062,1.0628,2531.0
1782981840000,1.0628,1.0633,1.0627,1.0632,23624.0
1782981900000,1.0633,1.0636,1.0628,1.0632,42038.0
1782981960000,1.0632,1.0638,1.0628,1.0638,3930.0
1782982020000,1.0638,1.0643,1.0635,1.0638,6769.0
1782982080000,1.0639,1.0639,1.0638,1.0639,1410.0
1782982140000,1.0639,1.0639,1.0633,1.0634,1793.0
1782982200000,1.0633,1.0637,1.0633,1.0637,2100.0
1782982260000,1.0637,1.0637,1.0626,1.0631,3380.0
1782982320000,1.0631,1.0632,1.0631,1.0632,1855.0
1782982380000,1.0632,1.0634,1.0631,1.0634,5522.0
1782982440000,1.0634,1.0634,1.0628,1.0634,1985.0
1782982500000,1.0633,1.0642,1.0632,1.0639,2158.0
1782982560000,1.0637,1.0642,1.0637,1.0637,3354.0
1782982620000,1.0638,1.0638,1.0635,1.0636,33704.0
1782982680000,1.0636,1.0636,1.0635,1.0636,1508.0
1782982740000,1.0636,1.0636,1.0632,1.0636,2200.0
1782982800000,1.0636,1.0637,1.0627,1.0629,5200.0
1782982860000,1.063,1.0638,1.0629,1.0637,1757.0
1782982920000,1.0637,1.0641,1.0637,1.0637,2488.0
1782982980000,1.0638,1.0638,1.0634,1.0634,2542.0
1782983040000,1.0635,1.0635,1.0632,1.0633,54263.0
1782983100000,1.0632,1.0635,1.0632,1.0633,1878.0
1782983160000,1.0632,1.0633,1.0622,1.0624,11235.0
1782983220000,1.0629,1.0629,1.062,1.0627,13792.0
1782983280000,1.0626,1.0627,1.0619,1.0623,1977.0
1782983340000,1.0622,1.0623,1.0616,1.062,10921.0
1782983400000,1.062,1.0625,1.0619,1.0625,4441.0
1782983460000,1.0624,1.0629,1.0624,1.0629,23432.0
1782983520000,1.0628,1.0634,1.0628,1.0634,1885.0
1782983580000,1.0634,1.0643,1.0633,1.0639,25623.0
1782983640000,1.0639,1.0639,1.0634,1.0634,1956.0
1782983700000,1.0635,1.0635,1.0629,1.0635,2723.0
1782983760000,1.0634,1.0635,1.0628,1.0634,2719.0
1782983820000,1.0634,1.0642,1.0633,1.0633,2234.0
1782983880000,1.0633,1.0637,1.0633,1.0636,13392.0
1782983940000,1.0637,1.0637,1.0636,1.0637,1596.0
1782984000000,1.0637,1.0642,1.0636,1.0641,1730.0
1782984060000,1.0641,1.0644,1.0641,1.0644,2757.0
1782984120000,1.0644,1.0647,1.0643,1.0645,2331.0
1782984180000,1.0647,1.066,1.0645,1.0653,7414.0
1782984240000,1.0654,1.066,1.0653,1.0654,1961.0
1782984300000,1.0654,1.0655,1.0651,1.0651,3022.0
1782984360000,1.0651,1.0658,1.0646,1.0657,2952.0
1782984420000,1.0657,1.0666,1.0656,1.0665,5899.0
1782984480000,1.0665,1.0677,1.0665,1.0675,6942.0
1782984540000,1.0675,1.0677,1.0673,1.0674,4218.0
1782984600000,1.0673,1.0687,1.0665,1.0687,8672.0
1782984660000,1.0687,1.072,1.0686,1.0709,49009.0
1782984720000,1.0709,1.072,1.0703,1.0705,23047.0
1782984780000,1.0703,1.0728,1.0703,1.0728,11633.0
1782984840000,1.0728,1.0744,1.0725,1.0734,25378.0
1782984900000,1.0734,1.0771,1.073,1.0762,164721.0
1782984960000,1.0766,1.0813,1.0765,1.0791,105873.0
1782985020000,1.0796,1.0807,1.0784,1.0789,20729.0
1782985080000,1.0789,1.0807,1.0782,1.0799,35452.0
1782985140000,1.0796,1.0805,1.0785,1.0805,17188.0
1782985200000,1.0802,1.0807,1.0787,1.08,16536.0
1782985260000,1.08,1.0804,1.0792,1.08,7624.0
1782985320000,1.0797,1.0807,1.0792,1.0798,22234.0
1782985380000,1.08,1.08,1.076,1.0772,49007.0
1782985440000,1.0774,1.0804,1.0768,1.0784,126498.0
1782985500000,1.0784,1.0786,1.076,1.0761,198436.0
1782985560000,1.0761,1.0769,1.0758,1.0765,6915.0
1782985620000,1.0765,1.0777,1.0764,1.0773,2894.0
1782985680000,1.0774,1.0777,1.0768,1.0768,4876.0
1782985740000,1.0769,1.0769,1.076,1.0766,2508.0
1782985800000,1.0767,1.0769,1.076,1.0763,4560.0
1782985860000,1.0763,1.0778,1.0763,1.0777,8355.0
1782985920000,1.0774,1.0779,1.0769,1.0777,8048.0
1782985980000,1.0777,1.0778,1.0765,1.077,26206.0
1782986040000,1.077,1.0772,1.0752,1.0764,3245.0
1782986100000,1.0763,1.0775,1.0757,1.0766,3405.0
1782986160000,1.0767,1.077,1.0747,1.0755,17979.0
1782986220000,1.0756,1.0762,1.0755,1.0762,5442.0
1782986280000,1.0761,1.0762,1.0742,1.0742,24767.0
1782986340000,1.0743,1.0743,1.0728,1.0732,13280.0
1782986400000,1.0732,1.0732,1.072,1.0723,24539.0
1782986460000,1.0723,1.0735,1.0723,1.0731,11642.0
1782986520000,1.0731,1.0733,1.0726,1.073,7366.0
1782986580000,1.0729,1.0732,1.0728,1.0728,8492.0
1782986640000,1.0729,1.0731,1.0724,1.0728,5804.0
1782986700000,1.0727,1.073,1.0722,1.0726,4904.0
1782986760000,1.0726,1.0731,1.0726,1.0731,2782.0
1782986820000,1.0731,1.0746,1.073,1.0741,6390.0
1782986880000,1.0742,1.0747,1.0739,1.0739,14544.0
1782986940000,1.0739,1.074,1.0735,1.0736,2866.0
1782987000000,1.0736,1.0745,1.0734,1.0745,2138.0
1782987060000,1.0745,1.0747,1.0744,1.0745,6895.0
1782987120000,1.0744,1.0745,1.0738,1.0745,2043.0
1782987180000,1.0744,1.0747,1.0738,1.0738,3763.0
1782987240000,1.0739,1.0744,1.0738,1.0738,8033.0
1782987300000,1.0739,1.0739,1.0738,1.0739,2721.0
1782987360000,1.0738,1.0743,1.0722,1.0728,10868.0
1782987420000,1.0728,1.0728,1.0722,1.0724,1848.0
1782987480000,1.0725,1.0725,1.0724,1.0724,5203.0
1782987540000,1.0724,1.0733,1.0724,1.0732,1980.0
1782987600000,1.0733,1.0738,1.0731,1.0737,8001.0
1782987660000,1.0737,1.074,1.0731,1.074,3019.0
1782987720000,1.074,1.0746,1.0732,1.0732,13469.0
1782987780000,1.0732,1.0733,1.073,1.0732,1866173.0
1782987840000,1.0733,1.0745,1.0732,1.0743,3081.0
1782987900000,1.0743,1.0747,1.0743,1.0746,4933.0
1782987960000,1.0746,1.0759,1.0744,1.0751,16559.0
1782988020000,1.0751,1.0753,1.0748,1.0751,5180.0
1782988080000,1.0751,1.0755,1.0749,1.075,3429.0
1782988140000,1.0749,1.0754,1.0748,1.0754,3921.0
1782988200000,1.0753,1.0759,1.0753,1.0758,15031.0
1782988260000,1.0759,1.0768,1.0758,1.0767,4443.0
1782988320000,1.0768,1.0771,1.0764,1.0765,4936.0
1782988380000,1.0764,1.0781,1.0764,1.0775,72496.0
1782988440000,1.0775,1.0797,1.0774,1.0795,9917.0
1782988500000,1.0795,1.0799,1.0791,1.0795,34482.0
1782988560000,1.0794,1.0797,1.0791,1.0796,3474.0
1782988620000,1.0797,1.0801,1.0792,1.0795,26649.0
1782988680000,1.0795,1.0797,1.0786,1.0791,5310.0
1782988740000,1.079,1.0796,1.0787,1.0793,8328.0
1782988800000,1.0794,1.0798,1.0792,1.0792,3373.0
1782988860000,1.0792,1.0804,1.0792,1.0803,5477.0
1782988920000,1.0803,1.0814,1.0803,1.0809,27354.0
1782988980000,1.0809,1.0809,1.08,1.08,8206.0
1782989040000,1.08,1.0804,1.0787,1.0792,3487.0
1782989100000,1.0792,1.08,1.0785,1.079,31636.0
1782989160000,1.079,1.0797,1.0789,1.0792,12440.0
1782989220000,1.0791,1.0798,1.0791,1.0795,50178.0
1782989280000,1.0794,1.0802,1.0791,1.0793,11072.0
1782989340000,1.0796,1.0797,1.0791,1.0794,7467.0
1782989400000,1.0794,1.0797,1.0792,1.0794,34745.0
1782989460000,1.0794,1.0798,1.0793,1.0793,8222.0
1782989520000,1.0793,1.08,1.0792,1.0795,61214.0
1782989580000,1.0796,1.0811,1.0791,1.081,16438.0
1782989640000,1.081,1.0817,1.0807,1.0816,10307.0
1782989700000,1.0816,1.0816,1.08,1.0801,14582.0
1782989760000,1.0801,1.0808,1.0794,1.0799,4585.0
1782989820000,1.0799,1.0801,1.0796,1.08,6196.0
1782989880000,1.08,1.0804,1.0794,1.0798,7261.0
1782989940000,1.0797,1.0809,1.0795,1.0809,4437.0
1782990000000,1.0808,1.0814,1.079,1.0791,27009.0
1782990060000,1.0791,1.0796,1.0782,1.0782,15377.0
1782990120000,1.0783,1.0783,1.0767,1.0773,12033.0
1782990180000,1.0773,1.0773,1.0767,1.077,3608.0
1782990240000,1.077,1.0773,1.0769,1.0769,2153.0
1782990300000,1.0769,1.0774,1.0769,1.0774,3143.0
1782990360000,1.0774,1.0777,1.0771,1.0776,4650.0
1782990420000,1.0776,1.0784,1.0774,1.0784,10301.0
1782990480000,1.0784,1.0787,1.0778,1.0786,9622.0
1782990540000,1.0785,1.0795,1.078,1.0792,12402.0
1782990600000,1.0791,1.0816,1.0791,1.0804,2755.0
1782990660000,1.0805,1.0842,1.0803,1.0833,76225.0
1782990720000,1.0832,1.0844,1.082,1.0835,45336.0
1782990780000,1.0835,1.084,1.0828,1.0832,93531.0
1782990840000,1.0831,1.0834,1.0826,1.0829,11910.0
1782990900000,1.083,1.083,1.0819,1.0826,26226.0
1782990960000,1.0827,1.083,1.0813,1.0819,2939.0
1782991020000,1.082,1.0829,1.0819,1.0823,16453.0
1782991080000,1.0827,1.0833,1.082,1.0832,67903.0
1782991140000,1.0832,1.0837,1.0826,1.0836,7902.0
1782991200000,1.0837,1.0837,1.0825,1.0825,16730.0
1782991260000,1.0826,1.0844,1.0823,1.0843,26058.0
1782991320000,1.0844,1.085,1.083,1.0844,21792.0
1782991380000,1.0843,1.0849,1.0835,1.0835,6717.0
1782991440000,1.0836,1.085,1.0835,1.0842,21798.0
1782991500000,1.0841,1.0842,1.0827,1.0841,11651.0
1782991560000,1.0838,1.0841,1.0835,1.0836,3415.0
1782991620000,1.0836,1.0837,1.0834,1.0835,1550.0
1782991680000,1.0835,1.0841,1.0831,1.0831,19620.0
1782991740000,1.0832,1.0832,1.0825,1.0825,2273.0
1782991800000,1.0825,1.084,1.0825,1.0837,5720.0
1782991860000,1.0838,1.0854,1.0837,1.0851,29009.0
1782991920000,1.0851,1.0856,1.0833,1.0834,43444.0
1782991980000,1.0834,1.0838,1.0826,1.0831,12690.0
1782992040000,1.0832,1.0832,1.0821,1.0822,37145.0
1782992100000,1.0821,1.0826,1.0818,1.0822,6044.0
1782992160000,1.0822,1.0823,1.0813,1.0813,5387.0
1782992220000,1.0813,1.0827,1.0813,1.0826,13237.0
1782992280000,1.0827,1.083,1.0823,1.0823,5503.0
1782992340000,1.0824,1.0826,1.0818,1.0826,101915.0
1782992400000,1.0826,1.0826,1.0825,1.0825,2819.0
1782992460000,1.0825,1.0837,1.082,1.0836,71025.0
1782992520000,1.0836,1.0841,1.0834,1.0835,4051.0
1782992580000,1.0834,1.0846,1.0834,1.0837,2182.0
1782992640000,1.0838,1.0842,1.0837,1.0842,12789.0
1782992700000,1.0842,1.085,1.0839,1.0848,10171.0
1782992760000,1.0848,1.085,1.084,1.084,2455.0
1782992820000,1.0841,1.085,1.0838,1.0842,3821.0
1782992880000,1.0843,1.0849,1.084,1.0841,1424.0
1782992940000,1.084,1.0841,1.0826,1.0835,13191.0
1782993000000,1.083,1.0831,1.0821,1.0826,2505.0
1782993060000,1.0826,1.0836,1.0818,1.0835,4297.0
1782993120000,1.0836,1.0841,1.0835,1.0839,1893.0
1782993180000,1.0839,1.0848,1.0838,1.0848,2135.0
1782993240000,1.0847,1.0848,1.083,1.0838,24331.0
1782993300000,1.0838,1.084,1.0809,1.0809,15289.0
1782993360000,1.0809,1.0831,1.0807,1.0831,22080.0
1782993420000,1.083,1.0837,1.0816,1.0824,2710.0
1782993480000,1.0823,1.0834,1.0823,1.0832,5143.0
1782993540000,1.0832,1.0839,1.0832,1.0836,2837.0
1782993600000,1.0835,1.0837,1.0825,1.0833,7074.0
1782993660000,1.0838,1.084,1.0831,1.0831,8039.0
1782993720000,1.0832,1.0839,1.0831,1.0835,3920.0
1782993780000,1.0834,1.0838,1.0834,1.0835,2567.0
1782993840000,1.0834,1.0838,1.0834,1.0837,5648.0
1782993900000,1.0838,1.0847,1.0837,1.0845,1745.0
1782993960000,1.0847,1.086,1.0844,1.0858,23205.0
1782994020000,1.086,1.0864,1.0846,1.0848,11210.0
1782994080000,1.0849,1.0862,1.0848,1.0853,10952.0
1782994140000,1.0859,1.0861,1.0851,1.086,3060.0
1782994200000,1.086,1.088,1.086,1.0879,17418.0
1782994260000,1.0879,1.088,1.0868,1.0876,4142.0
1782994320000,1.0875,1.0886,1.0874,1.0875,6638.0
1782994380000,1.0874,1.0886,1.0874,1.0886,4582.0
1782994440000,1.0885,1.0913,1.0885,1.0901,113033.0
1782994500000,1.0901,1.0912,1.0883,1.0883,4800.0
1782994560000,1.0884,1.0887,1.0877,1.0881,24560.0
1782994620000,1.0881,1.0888,1.0877,1.0882,4322.0
1782994680000,1.0879,1.0898,1.0879,1.0888,6762.0
1782994740000,1.0888,1.0888,1.0855,1.0863,31662.0
1782994800000,1.0862,1.088,1.0862,1.0876,10526.0
1782994860000,1.0876,1.0883,1.0875,1.0883,2944.0
1782994920000,1.0882,1.0898,1.0882,1.0897,20120.0
1782994980000,1.0898,1.0898,1.0885,1.0891,13092.0
1782995040000,1.0891,1.0894,1.089,1.0891,11134.0
1782995100000,1.0891,1.0908,1.0891,1.0906,33622.0
1782995160000,1.0906,1.0912,1.0901,1.0909,35186.0
1782995220000,1.0912,1.0912,1.0886,1.0887,25665.0
1782995280000,1.0885,1.0903,1.0883,1.09,1710.0
1782995340000,1.09,1.0913,1.0899,1.0909,20577.0
1782995400000,1.0909,1.0966,1.0909,1.095,199102.0
1782995460000,1.0953,1.0953,1.0902,1.092,78421.0
1782995520000,1.0924,1.0964,1.0924,1.0958,23880.0
1782995580000,1.0958,1.0964,1.0925,1.0925,24902.0
1782995640000,1.0926,1.0942,1.0919,1.094,13140.0
1782995700000,1.094,1.0952,1.0928,1.0938,14822.0
1782995760000,1.0938,1.095,1.0936,1.0948,11736.0
1782995820000,1.0944,1.0955,1.0935,1.0955,9479.0
1782995880000,1.0955,1.0955,1.0922,1.0938,7181.0
1782995940000,1.0938,1.0946,1.0924,1.0925,7987.0
1782996000000,1.0925,1.0925,1.0904,1.0904,8271.0
1782996060000,1.0904,1.0905,1.0884,1.0893,49456.0
1782996120000,1.0893,1.0895,1.0889,1.0892,4249.0
1782996180000,1.0892,1.0898,1.0887,1.0898,13365.0
1782996240000,1.0898,1.0899,1.0892,1.0898,72410.0
1782996300000,1.0897,1.0912,1.0879,1.0896,40375.0
1782996360000,1.0895,1.09,1.0888,1.09,11797.0
1782996420000,1.0899,1.0907,1.0899,1.0907,13701.0
1782996480000,1.0906,1.0926,1.0905,1.0923,12918.0
1782996540000,1.0924,1.0928,1.0921,1.0928,3064.0
1782996600000,1.0927,1.094,1.0924,1.0939,9086.0
1782996660000,1.094,1.0941,1.0932,1.0936,2478.0
1782996720000,1.0937,1.0952,1.0934,1.0944,8319.0
1782996780000,1.0944,1.0955,1.0938,1.0951,8304.0
1782996840000,1.0952,1.0957,1.0941,1.0957,27645.0
1782996900000,1.0957,1.0957,1.0932,1.094,11126.0
1782996960000,1.0934,1.0936,1.0919,1.0935,3003.0
1782997020000,1.0935,1.0936,1.0919,1.0928,16557.0
1782997080000,1.0928,1.0928,1.0919,1.0923,6893.0
1782997140000,1.0922,1.0926,1.0922,1.0922,2072.0
1782997200000,1.0922,1.0934,1.0918,1.0919,4756.0
1782997260000,1.0918,1.0929,1.0913,1.0922,13977.0
1782997320000,1.0922,1.0937,1.0922,1.0929,2464.0
1782997380000,1.0929,1.0937,1.0929,1.0937,2090.0
1782997440000,1.0937,1.095,1.0936,1.095,17060.0
1782997500000,1.0952,1.0953,1.0941,1.0945,4257.0
1782997560000,1.0945,1.0958,1.0938,1.0949,70846.0
1782997620000,1.0949,1.0949,1.0933,1.0941,25668.0
1782997680000,1.0941,1.0944,1.0933,1.094,12731.0
1782997740000,1.094,1.0952,1.094,1.0948,55396.0
1782997800000,1.0947,1.0948,1.0938,1.0947,7280.0
1782997860000,1.0946,1.0947,1.0946,1.0947,12191.0
1782997920000,1.0946,1.0954,1.0943,1.0954,32941.0
1782997980000,1.0953,1.096,1.0952,1.0952,7771.0
1782998040000,1.0952,1.0953,1.0944,1.0948,9068.0
1782998100000,1.0947,1.0954,1.0945,1.0954,2277.0
1782998160000,1.0953,1.0963,1.0953,1.0958,3889.0
1782998220000,1.0957,1.0958,1.0937,1.094,6201.0
1782998280000,1.0941,1.0954,1.094,1.095,134279.0
1782998340000,1.095,1.0956,1.0948,1.0955,7076.0
1782998400000,1.0955,1.0964,1.0941,1.0946,33474.0
1782998460000,1.0949,1.0965,1.0948,1.0964,3228.0
1782998520000,1.0965,1.0982,1.0955,1.0978,98461.0
1782998580000,1.0977,1.1013,1.0977,1.1013,96274.0
1782998640000,1.1012,1.1024,1.1001,1.1011,37372.0
1782998700000,1.1011,1.1039,1.1011,1.102,48814.0
1782998760000,1.102,1.102,1.0992,1.1013,10152.0
1782998820000,1.1013,1.1014,1.0999,1.1002,9022.0
1782998880000,1.1001,1.1002,1.0976,1.0983,62302.0
1782998940000,1.0977,1.0983,1.0966,1.0976,13099.0
1782999000000,1.0975,1.098,1.0945,1.0963,108596.0
1782999060000,1.0965,1.1002,1.0963,1.1002,77393.0
1782999120000,1.1008,1.1013,1.099,1.0995,46707.0
1782999180000,1.0995,1.1022,1.0994,1.1015,47413.0
1782999240000,1.1019,1.1096,1.1016,1.1082,156181.0
1782999300000,1.108,1.1094,1.1052,1.1064,66500.0
1782999360000,1.1062,1.1091,1.1057,1.109,52438.0
1782999420000,1.1093,1.1095,1.1062,1.1074,60766.0
1782999480000,1.1074,1.1088,1.1063,1.1075,6590.0
1782999540000,1.1074,1.109,1.1074,1.1083,10447.0
1782999600000,1.1083,1.1116,1.1077,1.1102,311100.0
1782999660000,1.1101,1.1117,1.1101,1.1107,45309.0
1782999720000,1.1109,1.1114,1.1085,1.1094,41055.0
1782999780000,1.1096,1.111,1.1091,1.1108,88656.0
1782999840000,1.1108,1.111,1.11,1.1107,42893.0
1782999900000,1.1106,1.1107,1.1077,1.1087,93823.0
1782999960000,1.1088,1.1104,1.1086,1.1092,17693.0
1783000020000,1.1094,1.1119,1.1092,1.1118,7244.0
1783000080000,1.1112,1.1114,1.1078,1.1078,98459.0
1783000140000,1.1078,1.1094,1.1075,1.1083,13065.0
1783000200000,1.1083,1.1083,1.1056,1.106,67777.0
1783000260000,1.1059,1.1077,1.1059,1.1076,49654.0
1783000320000,1.1076,1.108,1.1064,1.1065,5565.0
1783000380000,1.1065,1.1065,1.1045,1.1049,144228.0
1783000440000,1.105,1.1061,1.1045,1.105,54462.0
1783000500000,1.1049,1.105,1.1036,1.1038,53206.0
1783000560000,1.1038,1.1045,1.102,1.102,46098.0
1783000620000,1.1023,1.1033,1.1021,1.1021,10645.0
1783000680000,1.1021,1.1035,1.1021,1.1031,29071.0
1783000740000,1.1032,1.1043,1.1031,1.1034,8146.0
1783000800000,1.1039,1.1039,1.1021,1.1021,12734.0
1783000860000,1.1022,1.106,1.1021,1.106,87275.0
1783000920000,1.106,1.1072,1.1055,1.1064,25050.0
1783000980000,1.1064,1.1065,1.1024,1.1025,49776.0
1783001040000,1.1025,1.1039,1.1023,1.1036,28838.0
1783001100000,1.1039,1.1041,1.1016,1.1028,35476.0
1783001160000,1.1029,1.1029,1.1012,1.1016,22575.0
1783001220000,1.1017,1.1043,1.1016,1.1033,16533.0
1783001280000,1.1033,1.1036,1.1021,1.1021,11315.0
1783001340000,1.1021,1.1025,1.1013,1.1013,13337.0
1783001400000,1.1013,1.1015,1.0999,1.1006,42161.0
1783001460000,1.1006,1.1011,1.1004,1.1009,27945.0
1783001520000,1.1009,1.1028,1.1001,1.1027,15004.0
1783001580000,1.1027,1.105,1.1025,1.1049,23757.0
1783001640000,1.1049,1.105,1.1022,1.1028,18907.0
1783001700000,1.1028,1.1034,1.1022,1.103,11489.0
1783001760000,1.1031,1.1046,1.1004,1.1004,31430.0
1783001820000,1.1004,1.1014,1.1002,1.1002,11341.0
1783001880000,1.1002,1.1003,1.0979,1.0982,31502.0
1783001940000,1.0981,1.0986,1.0971,1.0981,20524.0
1783002000000,1.098,1.0981,1.0932,1.0947,49697.0
1783002060000,1.0947,1.0975,1.0947,1.0975,10670.0
1783002120000,1.0975,1.0975,1.0956,1.0966,15395.0
1783002180000,1.0972,1.0984,1.0956,1.0956,10127.0
1783002240000,1.0957,1.0965,1.095,1.0951,14421.0
1783002300000,1.0951,1.0951,1.094,1.0946,31475.0
1783002360000,1.0947,1.095,1.0942,1.0948,10422.0
1783002420000,1.0947,1.0948,1.0916,1.0924,19505.0
1783002480000,1.0924,1.0926,1.0913,1.0919,13977.0
1783002540000,1.092,1.0921,1.091,1.0911,7225.0
1783002600000,1.0911,1.0915,1.0894,1.0906,123855.0
1783002660000,1.0906,1.0934,1.0901,1.0928,52480.0
1783002720000,1.0927,1.0933,1.0907,1.0917,101467.0
1783002780000,1.0917,1.0923,1.0908,1.092,9526.0
1783002840000,1.0919,1.0931,1.09,1.0902,5063.0
1783002900000,1.0902,1.0906,1.0884,1.0887,63713.0
1783002960000,1.0887,1.0916,1.0884,1.0909,85537.0
1783003020000,1.0909,1.0925,1.0909,1.0918,41127.0
1783003080000,1.0918,1.0919,1.09,1.0904,13701.0
1783003140000,1.0905,1.0909,1.089,1.0896,9010.0
1783003200000,1.0895,1.0899,1.089,1.0891,6781.0
1783003260000,1.089,1.0897,1.0884,1.0886,8777.0
1783003320000,1.0886,1.0894,1.0876,1.0889,78195.0
1783003380000,1.089,1.0898,1.0882,1.0892,6220.0
1783003440000,1.0892,1.0901,1.0891,1.0896,7209.0
1783003500000,1.0896,1.0908,1.0895,1.0902,16721.0
1783003560000,1.0901,1.0909,1.0895,1.0903,14039.0
1783003620000,1.0904,1.0904,1.0885,1.0886,40663.0
1783003680000,1.0885,1.0889,1.0878,1.0879,3116.0
1783003740000,1.0878,1.0912,1.0878,1.0908,23831.0
1783003800000,1.0908,1.0921,1.0907,1.0908,89310.0
1783003860000,1.0908,1.0922,1.0908,1.0922,5365.0
1783003920000,1.0921,1.0922,1.0885,1.0888,16221.0
1783003980000,1.0888,1.0898,1.0884,1.0891,4258.0
1783004040000,1.089,1.0891,1.0884,1.0885,8644.0
1783004100000,1.0884,1.0892,1.0879,1.0886,10348.0
1783004160000,1.0887,1.0897,1.0882,1.0895,2148.0
1783004220000,1.0897,1.0897,1.0886,1.0893,13951.0
1783004280000,1.0893,1.0894,1.0885,1.0894,6188.0
1783004340000,1.0893,1.0914,1.0893,1.0913,4873.0
1783004400000,1.0914,1.0915,1.0907,1.0911,13193.0
1783004460000,1.0911,1.0915,1.0906,1.0909,30197.0
1783004520000,1.0904,1.0917,1.0904,1.0916,3945622.0
1783004580000,1.0916,1.092,1.0903,1.0908,45802.0
1783004640000,1.0909,1.0912,1.0896,1.09,25618.0
1783004700000,1.0901,1.0907,1.0883,1.0886,6501.0
1783004760000,1.0883,1.0886,1.0873,1.0873,33687.0
1783004820000,1.0873,1.0875,1.0859,1.0874,100576.0
1783004880000,1.0874,1.089,1.0871,1.0889,25607.0
1783004940000,1.0889,1.0892,1.0877,1.0887,14980.0
1783005000000,1.0883,1.0885,1.0881,1.0884,73021.0
1783005060000,1.0884,1.0896,1.0882,1.0895,16562.0
1783005120000,1.0892,1.0905,1.0892,1.0894,3415.0
1783005180000,1.0894,1.0894,1.0888,1.0888,4233.0
1783005240000,1.0888,1.0897,1.0883,1.0891,13654.0
1783005300000,1.0892,1.0898,1.089,1.089,8059.0
1783005360000,1.0891,1.0891,1.0877,1.0881,29423.0
1783005420000,1.0882,1.0885,1.0875,1.088,5031.0
1783005480000,1.088,1.0904,1.0878,1.0895,2407.0
1783005540000,1.0895,1.0897,1.0883,1.0884,1718.0
1783005600000,1.0884,1.0908,1.0883,1.0908,1713.0
1783005660000,1.0908,1.0919,1.09,1.091,73953.0
1783005720000,1.091,1.091,1.0901,1.0902,16947.0
1783005780000,1.0902,1.0906,1.0897,1.0902,3853.0
1783005840000,1.0902,1.0919,1.0902,1.0913,3955.0
1783005900000,1.0918,1.0919,1.0909,1.0915,6971.0
1783005960000,1.0914,1.0932,1.0914,1.0929,67575.0
1783006020000,1.0929,1.0943,1.0922,1.093,34553.0
1783006080000,1.093,1.0932,1.0923,1.0932,17516.0
1783006140000,1.0932,1.0941,1.0914,1.0918,10741.0
1783006200000,1.0912,1.0924,1.0912,1.0919,9191.0
1783006260000,1.0919,1.0927,1.0913,1.0927,2508.0
1783006320000,1.0927,1.0937,1.0924,1.0931,8308.0
1783006380000,1.0932,1.0939,1.0926,1.0926,15101.0
1783006440000,1.0927,1.094,1.0926,1.0932,8094.0
1783006500000,1.0933,1.0952,1.0932,1.0951,19001.0
1783006560000,1.0951,1.0952,1.0918,1.0924,30511.0
1783006620000,1.0925,1.0933,1.0919,1.0932,16188.0
1783006680000,1.0933,1.0933,1.0923,1.0927,5241.0
1783006740000,1.0927,1.093,1.0925,1.0928,1771.0
1783006800000,1.0928,1.095,1.0928,1.0944,14702.0
1783006860000,1.0945,1.0947,1.0941,1.0944,11633.0
1783006920000,1.0944,1.0949,1.0943,1.0948,73509.0
1783006980000,1.0948,1.0949,1.0943,1.0949,2328.0
1783007040000,1.0948,1.0949,1.0945,1.0946,3260.0
1783007100000,1.0945,1.096,1.0945,1.0958,22336.0
1783007160000,1.0959,1.0959,1.0949,1.0955,7050.0
1783007220000,1.0956,1.0956,1.0947,1.0947,10830.0
1783007280000,1.0947,1.0954,1.0946,1.0949,2856.0
1783007340000,1.095,1.0955,1.094,1.0941,2308.0
1783007400000,1.0941,1.0941,1.0928,1.0932,19181.0
1783007460000,1.0931,1.0932,1.0925,1.0931,9967.0
1783007520000,1.0931,1.0934,1.0919,1.0931,2483.0
1783007580000,1.0932,1.0932,1.0925,1.0927,4301.0
1783007640000,1.0926,1.0942,1.0926,1.0942,2858.0
1783007700000,1.0941,1.0942,1.0933,1.0934,1571.0
1783007760000,1.0934,1.0934,1.0933,1.0933,1588.0
1783007820000,1.0933,1.0941,1.0933,1.0938,1555.0
1783007880000,1.0937,1.0938,1.0933,1.0936,1606.0
1783007940000,1.0936,1.0937,1.0926,1.0929,2401.0
1783008000000,1.0929,1.0944,1.0929,1.0934,11633.0
1783008060000,1.0934,1.0936,1.0926,1.0929,22540.0
1783008120000,1.0929,1.093,1.0915,1.0924,16392.0
1783008180000,1.092,1.0933,1.0918,1.0927,1548.0
1783008240000,1.0927,1.0937,1.0918,1.0936,1578.0
1783008300000,1.0936,1.0942,1.0936,1.0942,20688.0
1783008360000,1.0941,1.0948,1.0933,1.0942,8306.0
1783008420000,1.0945,1.0951,1.0944,1.0949,2820.0
1783008480000,1.095,1.0952,1.0948,1.0948,25999.0
1783008540000,1.0948,1.0949,1.0937,1.0937,2096.0
1783008600000,1.0938,1.0952,1.0937,1.0952,3048.0
1783008660000,1.0952,1.0957,1.095,1.0957,13834.0
1783008720000,1.0956,1.0957,1.095,1.0957,5307.0
1783008780000,1.0956,1.096,1.0951,1.0955,83779.0
1783008840000,1.0955,1.096,1.0944,1.0944,3518.0
1783008900000,1.0945,1.0945,1.0919,1.092,10475.0
1783008960000,1.092,1.092,1.0912,1.0914,13272.0
1783009020000,1.0914,1.0915,1.0902,1.0907,15621.0
1783009080000,1.0908,1.0915,1.0907,1.0912,70279.0
1783009140000,1.0912,1.092,1.091,1.0911,2309.0
1783009200000,1.091,1.0911,1.0903,1.0904,42656.0
1783009260000,1.0903,1.0904,1.0888,1.0894,145017.0
1783009320000,1.0894,1.0894,1.0886,1.0892,15413.0
1783009380000,1.0891,1.0892,1.0886,1.0891,2323.0
1783009440000,1.0892,1.0903,1.0891,1.0903,14821.0
1783009500000,1.0902,1.0911,1.0902,1.0909,14485.0
1783009560000,1.0909,1.0909,1.0896,1.0901,1486.0
1783009620000,1.0901,1.0902,1.0871,1.0877,61491.0
1783009680000,1.0873,1.0873,1.0864,1.0868,20535.0
1783009740000,1.0867,1.087,1.0858,1.0868,138318.0
1783009800000,1.0868,1.0878,1.0866,1.0868,10161.0
1783009860000,1.0871,1.0894,1.0871,1.0894,2427.0
1783009920000,1.0894,1.09,1.0889,1.0893,7217.0
1783009980000,1.0893,1.0893,1.0888,1.0889,11801.0
1783010040000,1.089,1.089,1.0881,1.0888,4875.0
1783010100000,1.0888,1.0888,1.0881,1.0884,3267.0
1783010160000,1.0884,1.0889,1.0882,1.0889,1474.0
1783010220000,1.0888,1.0889,1.0883,1.0885,3087.0
1783010280000,1.0886,1.0889,1.0884,1.0884,3014.0
1783010340000,1.0885,1.0892,1.0879,1.0892,11315.0
1783010400000,1.0891,1.09,1.0891,1.0899,20081.0
1783010460000,1.0899,1.09,1.0895,1.0897,1746.0
1783010520000,1.0896,1.0902,1.0894,1.0899,3741.0
1783010580000,1.0899,1.09,1.0895,1.09,3448.0
1783010640000,1.0899,1.09,1.0897,1.09,1434.0
1783010700000,1.09,1.0905,1.0899,1.0899,2361.0
1783010760000,1.0899,1.0917,1.0899,1.0916,21278.0
1783010820000,1.0915,1.0919,1.0909,1.0916,3703.0
1783010880000,1.0915,1.0923,1.0911,1.0917,8570.0
1783010940000,1.0917,1.0935,1.0917,1.0935,7563.0
1783011000000,1.0935,1.0935,1.0909,1.0909,4053.0
1783011060000,1.0909,1.0928,1.0909,1.0928,3918.0
1783011120000,1.0927,1.093,1.0921,1.0928,1931.0
1783011180000,1.0927,1.093,1.0922,1.0923,12883.0
1783011240000,1.0922,1.0927,1.0922,1.0925,6680.0
1783011300000,1.0924,1.0925,1.0912,1.0917,15657.0
1783011360000,1.0916,1.0917,1.0909,1.0909,3435.0
1783011420000,1.091,1.0915,1.0909,1.091,13620.0
1783011480000,1.0909,1.091,1.0906,1.0908,2320.0
1783011540000,1.0908,1.0912,1.0904,1.0904,2160.0
1783011600000,1.0904,1.0905,1.09,1.0905,9266.0
1783011660000,1.0904,1.0905,1.0899,1.0903,7324.0
1783011720000,1.0903,1.091,1.0901,1.0901,1848.0
1783011780000,1.0901,1.0902,1.0898,1.0898,3587.0
1783011840000,1.0899,1.0901,1.0896,1.0901,15830.0
1783011900000,1.09,1.0911,1.0891,1.091,13920.0
1783011960000,1.0911,1.092,1.091,1.0916,6278.0
1783012020000,1.0917,1.0919,1.0913,1.0913,5435.0
1783012080000,1.0914,1.0914,1.0904,1.0907,3841.0
1783012140000,1.0908,1.091,1.0903,1.0903,11364.0
1783012200000,1.0904,1.0907,1.09,1.09,1546.0
1783012260000,1.09,1.0904,1.0896,1.0898,1389.0
1783012320000,1.0899,1.0899,1.0896,1.0899,1838.0
1783012380000,1.0897,1.0908,1.0896,1.0903,14338.0
1783012440000,1.0907,1.0907,1.0906,1.0906,3361.0
1783012500000,1.0906,1.0907,1.0899,1.0902,1554.0
1783012560000,1.0902,1.0912,1.0902,1.0912,9815.0
1783012620000,1.0912,1.0914,1.0907,1.0908,1713.0
1783012680000,1.0907,1.0913,1.0907,1.0913,2432.0
1783012740000,1.0912,1.0917,1.091,1.0917,1518.0
1783012800000,1.0916,1.0922,1.0915,1.0919,71512.0
1783012860000,1.0919,1.0924,1.0912,1.0924,36122.0
1783012920000,1.0922,1.0923,1.0919,1.0919,2884.0
1783012980000,1.092,1.0929,1.0917,1.0928,13315.0
1783013040000,1.0926,1.093,1.0922,1.093,3918.0
1783013100000,1.093,1.093,1.0924,1.0926,13031.0
1783013160000,1.0925,1.0928,1.0925,1.0928,3585.0
1783013220000,1.0927,1.0933,1.0927,1.0932,19243.0
1783013280000,1.0932,1.0933,1.0932,1.0932,2058.0
1783013340000,1.0933,1.0935,1.0932,1.0935,4178.0
1783013400000,1.0934,1.0935,1.0927,1.0927,2910.0
1783013460000,1.0927,1.0928,1.0915,1.0915,5662.0
1783013520000,1.0917,1.0917,1.0909,1.0912,1538.0
1783013580000,1.0912,1.0914,1.0906,1.0908,78591.0
1783013640000,1.0908,1.0909,1.0902,1.0902,2004.0
1783013700000,1.0902,1.0903,1.0883,1.0887,16967.0
1783013760000,1.0886,1.0892,1.088,1.088,5974.0
1783013820000,1.0884,1.0893,1.088,1.0893,5997.0
1783013880000,1.0892,1.0893,1.0883,1.0887,2657.0
1783013940000,1.0886,1.0888,1.0882,1.0887,1483.0
1783014000000,1.0888,1.0888,1.0887,1.0887,1981.0
1783014060000,1.0888,1.09,1.0887,1.0899,12586.0
1783014120000,1.0899,1.0903,1.0899,1.0901,10105.0
1783014180000,1.09,1.0901,1.09,1.09,1527.0
1783014240000,1.0901,1.0901,1.09,1.0901,2915.0
1783014300000,1.09,1.0907,1.0896,1.0897,3766.0
1783014360000,1.0896,1.0897,1.0894,1.0894,3695.0
1783014420000,1.0895,1.0895,1.0888,1.0889,3370.0
1783014480000,1.0889,1.0889,1.088,1.0884,15682.0
1783014540000,1.0884,1.0885,1.0881,1.0883,42887.0
1783014600000,1.0883,1.0888,1.0874,1.0884,22777.0
1783014660000,1.0884,1.0889,1.088,1.0884,10052.0
1783014720000,1.0884,1.0884,1.0883,1.0884,4217.0
1783014780000,1.0883,1.0884,1.0879,1.0881,10918.0
1783014840000,1.0882,1.0896,1.0881,1.0892,15992.0
1783014900000,1.0891,1.0891,1.0884,1.0884,9118.0
1783014960000,1.0884,1.0885,1.0884,1.0884,3016.0
1783015020000,1.0885,1.0885,1.0884,1.0884,1685.0
1783015080000,1.0884,1.0885,1.0881,1.0881,13015.0
1783015140000,1.0882,1.0882,1.0878,1.0879,12872.0
1783015200000,1.0879,1.0881,1.0873,1.088,20813.0
1783015260000,1.088,1.0896,1.088,1.089,12404.0
1783015320000,1.089,1.0892,1.0886,1.0886,18209.0
1783015380000,1.0886,1.089,1.0886,1.0889,2079.0
1783015440000,1.0889,1.0893,1.0889,1.0889,2136.0
1783015500000,1.089,1.0893,1.0889,1.0893,1578.0
1783015560000,1.0893,1.0904,1.0892,1.0901,2002.0
1783015620000,1.09,1.0903,1.0897,1.0897,78975.0
1783015680000,1.0898,1.0903,1.0897,1.0903,11468.0
1783015740000,1.0903,1.0903,1.0898,1.0903,2780.0
1783015800000,1.0903,1.0907,1.09,1.09,7519.0
1783015860000,1.09,1.0901,1.0892,1.0895,3828.0
1783015920000,1.0895,1.0895,1.0894,1.0894,2971.0
1783015980000,1.0894,1.09,1.0894,1.09,1923.0
1783016040000,1.0899,1.09,1.0899,1.09,2437.0
1783016100000,1.0899,1.09,1.0892,1.0893,14743.0
1783016160000,1.0892,1.0896,1.0889,1.0896,15108.0
1783016220000,1.0896,1.0896,1.0888,1.0889,5449.0
1783016280000,1.0888,1.0892,1.0882,1.0885,35872.0
1783016340000,1.0885,1.0894,1.0884,1.0894,6382.0
1783016400000,1.0894,1.0899,1.0893,1.0899,4038.0
1783016460000,1.0898,1.0899,1.0896,1.0897,2087.0
1783016520000,1.0896,1.0902,1.0896,1.0902,2290.0
1783016580000,1.0901,1.0902,1.0895,1.0895,1540.0
1783016640000,1.0895,1.0898,1.0895,1.0898,6252.0
1783016700000,1.0898,1.0901,1.0895,1.09,14331.0
1783016760000,1.09,1.0901,1.0897,1.0901,2080.0
1783016820000,1.0901,1.0903,1.0901,1.0903,15379.0
1783016880000,1.0902,1.0911,1.0902,1.0911,10306.0
1783016940000,1.0911,1.0911,1.0904,1.0909,1601.0
1783017000000,1.0909,1.0909,1.0903,1.0907,4295.0
1783017060000,1.0906,1.0907,1.0903,1.0905,5142.0
1783017120000,1.0906,1.0906,1.0898,1.0899,6578.0
1783017180000,1.0898,1.0901,1.0898,1.0901,3101.0
1783017240000,1.0901,1.0901,1.0893,1.0894,1784.0
1783017300000,1.0893,1.0899,1.0891,1.0891,6161.0
1783017360000,1.0891,1.0894,1.0891,1.0892,1631.0
1783017420000,1.0891,1.0894,1.0891,1.0893,7782.0
1783017480000,1.0893,1.0902,1.0893,1.09,6397.0
1783017540000,1.09,1.0901,1.09,1.09,6081.0
1783017600000,1.09,1.0901,1.0897,1.0898,2071.0
1783017660000,1.0898,1.0898,1.0891,1.0891,21493.0
1783017720000,1.0892,1.0894,1.0891,1.0894,15241.0
1783017780000,1.0894,1.0902,1.0893,1.0897,3155.0
1783017840000,1.0896,1.0897,1.0891,1.0892,1468.0
1783017900000,1.0892,1.0892,1.0889,1.0889,2534.0
1783017960000,1.089,1.089,1.0886,1.0887,10972.0
1783018020000,1.0886,1.0896,1.0886,1.0896,7738.0
1783018080000,1.0896,1.0905,1.0895,1.0905,4288.0
1783018140000,1.0904,1.0905,1.0902,1.0902,2258.0
1783018200000,1.0903,1.0903,1.0893,1.0893,1671.0
1783018260000,1.0893,1.0894,1.0893,1.0893,3378.0
1783018320000,1.0893,1.0898,1.0893,1.0895,3601.0
1783018380000,1.0894,1.0895,1.0888,1.0889,6819.0
1783018440000,1.0888,1.0889,1.0883,1.0883,4556.0
1783018500000,1.0883,1.0884,1.0871,1.0875,28151.0
1783018560000,1.0875,1.0875,1.0867,1.0872,35612.0
1783018620000,1.0872,1.0879,1.0869,1.0879,14225.0
1783018680000,1.0878,1.0879,1.0876,1.0876,4268.0
1783018740000,1.0877,1.0885,1.0876,1.0884,7705.0
1783018800000,1.0885,1.0896,1.088,1.088,15581.0
1783018860000,1.088,1.0881,1.0877,1.088,4320.0
1783018920000,1.0881,1.0883,1.0876,1.0879,11176.0
1783018980000,1.0879,1.088,1.0877,1.0878,1879.0
1783019040000,1.0877,1.0889,1.0874,1.0875,8741.0
1783019100000,1.0875,1.0878,1.0872,1.0875,8934.0
1783019160000,1.0876,1.0876,1.0869,1.0874,10202.0
1783019220000,1.0874,1.0875,1.0865,1.0867,7037.0
1783019280000,1.0867,1.087,1.0865,1.0866,21701.0
1783019340000,1.0865,1.0866,1.0865,1.0865,16496.0
1783019400000,1.0866,1.0866,1.0863,1.0865,3453.0
1783019460000,1.0865,1.0866,1.0865,1.0865,3513.0
1783019520000,1.0865,1.0872,1.0862,1.0871,12274.0
1783019580000,1.0872,1.0877,1.0871,1.0874,1661.0
1783019640000,1.0873,1.0874,1.0872,1.0873,20265.0
1783019700000,1.0872,1.0873,1.0864,1.0864,3056.0
1783019760000,1.0865,1.0865,1.0853,1.0853,39678.0
1783019820000,1.0853,1.0853,1.0842,1.0843,45924.0
1783019880000,1.0844,1.0849,1.0841,1.0843,11425.0
1783019940000,1.0841,1.0844,1.0841,1.0843,1445.0
1783020000000,1.0841,1.0842,1.0831,1.0832,17079.0
1783020060000,1.0832,1.0832,1.0831,1.0832,5080.0
1783020120000,1.0832,1.0839,1.083,1.0835,15276.0
1783020180000,1.0834,1.0835,1.0834,1.0835,3921.0
1783020240000,1.0834,1.0835,1.0834,1.0835,2010.0
1783020300000,1.0834,1.0842,1.0829,1.0837,7692.0
1783020360000,1.0837,1.0837,1.0833,1.0836,14313.0
1783020420000,1.0837,1.0837,1.0832,1.0833,1859.0
1783020480000,1.0833,1.0842,1.0832,1.0836,3601.0
1783020540000,1.0836,1.0839,1.0835,1.0836,125888.0
1783020600000,1.0836,1.0837,1.0832,1.0835,18727.0
1783020660000,1.0835,1.0838,1.0834,1.0837,3805.0
1783020720000,1.0838,1.0846,1.0837,1.084,20309.0
1783020780000,1.0841,1.0841,1.0834,1.0838,8755.0
1783020840000,1.0838,1.0838,1.0837,1.0838,1424.0
1783020900000,1.0838,1.0843,1.0837,1.0843,6405.0
1783020960000,1.0843,1.0843,1.0834,1.0834,4552.0
1783021020000,1.0835,1.0835,1.0834,1.0834,2239.0
1783021080000,1.0838,1.084,1.0834,1.0835,30866.0
1783021140000,1.0835,1.0842,1.0834,1.0841,6014.0
1783021200000,1.0842,1.0847,1.0841,1.0847,4240.0
1783021260000,1.0847,1.0857,1.0846,1.0851,3592.0
1783021320000,1.085,1.0854,1.0843,1.0853,2433.0
1783021380000,1.0853,1.0854,1.0849,1.0849,4305.0
1783021440000,1.0849,1.085,1.0845,1.0845,1678.0
1783021500000,1.0845,1.0851,1.0845,1.085,11327.0
1783021560000,1.0849,1.085,1.0846,1.0847,1708.0
1783021620000,1.0846,1.0849,1.0846,1.0849,1618.0
1783021680000,1.0849,1.0853,1.0848,1.0853,1435.0
1783021740000,1.0849,1.085,1.0842,1.0845,2211.0
1783021800000,1.0856,1.088,1.0856,1.0869,9549.0
1783021860000,1.0869,1.0874,1.0863,1.0871,12386.0
1783021920000,1.0871,1.0873,1.0864,1.0865,28993.0
1783021980000,1.0865,1.0865,1.0855,1.0856,5653.0
1783022040000,1.0855,1.0864,1.0855,1.0861,4261.0
1783022100000,1.086,1.0861,1.0845,1.0846,3232.0
1783022160000,1.0846,1.0848,1.0845,1.0846,4462.0
1783022220000,1.0846,1.0852,1.0845,1.0851,6292.0
1783022280000,1.0852,1.0852,1.0845,1.0846,2029.0
1783022340000,1.0845,1.0851,1.0845,1.0847,70626.0
1783022400000,1.0847,1.085,1.0837,1.0838,1900.0
1783022460000,1.0838,1.0838,1.0832,1.0832,5183.0
1783022520000,1.0832,1.0833,1.0832,1.0833,4639.0
1783022580000,1.0832,1.0843,1.0832,1.0843,12897.0
1783022640000,1.0842,1.0843,1.0837,1.0839,2153.0
1783022700000,1.084,1.084,1.0835,1.0837,1652.0
1783022760000,1.0838,1.0838,1.0835,1.0836,17146.0
1783022820000,1.0836,1.0843,1.0835,1.0842,5854.0
1783022880000,1.0843,1.0848,1.0842,1.0842,3089.0
1783022940000,1.0843,1.0843,1.084,1.0841,8902.0
1783023000000,1.084,1.0841,1.0832,1.0832,11752.0
1783023060000,1.0832,1.0833,1.0832,1.0833,1528.0
1783023120000,1.0833,1.0833,1.0831,1.0831,2263.0
1783023180000,1.0833,1.0833,1.0831,1.0833,12131.0
1783023240000,1.0831,1.0836,1.0831,1.0836,1766.0
1783023300000,1.0836,1.0846,1.0835,1.084,35735.0
1783023360000,1.0841,1.0848,1.0839,1.0847,2028.0
1783023420000,1.0848,1.0848,1.084,1.0841,1471.0
1783023480000,1.084,1.0841,1.084,1.084,2704.0
1783023540000,1.084,1.0841,1.0837,1.0838,4196.0
1783023600000,1.0838,1.0838,1.0833,1.0833,4738.0
1783023660000,1.0833,1.0834,1.0833,1.0833,8993.0
1783023720000,1.0834,1.0834,1.0833,1.0834,1618.0
1783023780000,1.0833,1.084,1.0833,1.0834,4213.0
1783023840000,1.0834,1.0834,1.0815,1.0818,16114.0
1783023900000,1.0816,1.0819,1.0813,1.0819,3251.0
1783023960000,1.0819,1.0822,1.0818,1.0818,2501.0
1783024020000,1.0819,1.0819,1.0818,1.0819,1457.0
1783024080000,1.0824,1.0824,1.0814,1.0815,2426.0
1783024140000,1.0814,1.0815,1.0814,1.0814,3295.0
1783024200000,1.0815,1.0815,1.0809,1.0814,4982.0
1783024260000,1.0814,1.082,1.0814,1.0819,5406.0
1783024320000,1.0819,1.0828,1.0819,1.0828,8102.0
1783024380000,1.0827,1.0828,1.0821,1.0822,2565.0
1783024440000,1.0821,1.0822,1.0821,1.0821,2848.0
1783024500000,1.0821,1.0824,1.082,1.0821,3055.0
1783024560000,1.0817,1.0818,1.0813,1.0813,9645.0
1783024620000,1.0814,1.082,1.081,1.081,186439.0
1783024680000,1.0811,1.0811,1.0808,1.0809,22910.0
1783024740000,1.0809,1.0814,1.0808,1.0813,2369.0
1783024800000,1.0814,1.082,1.0813,1.082,6772.0
1783024860000,1.082,1.082,1.0819,1.0819,4141.0
1783024920000,1.082,1.082,1.0816,1.0816,3178.0
1783024980000,1.0817,1.0817,1.0814,1.0814,1545.0
1783025040000,1.0814,1.0815,1.0814,1.0814,1869.0
1783025100000,1.0814,1.0819,1.0814,1.0819,17562.0
1783025160000,1.0818,1.0819,1.0818,1.0819,1404.0
1783025220000,1.0819,1.0819,1.0818,1.0818,2083.0
1783025280000,1.0819,1.0819,1.0816,1.0817,1657.0
1783025340000,1.0816,1.0826,1.0816,1.0826,4433.0
1783025400000,1.0825,1.0829,1.0825,1.0829,1501.0
1783025460000,1.0828,1.0829,1.0827,1.0828,79984.0
1783025520000,1.0828,1.0828,1.0825,1.0826,3454.0
1783025580000,1.0826,1.0826,1.0822,1.0823,1521.0
1783025640000,1.0822,1.0823,1.0818,1.0819,1620.0
1783025700000,1.0818,1.0819,1.0818,1.0818,6154.0
1783025760000,1.0819,1.0819,1.0818,1.0819,2199.0
1783025820000,1.0818,1.0845,1.0814,1.0835,10713.0
1783025880000,1.0835,1.0835,1.0827,1.083,46932.0
1783025940000,1.083,1.083,1.0826,1.0827,1991.0
1783026000000,1.0826,1.083,1.0826,1.0826,2989.0
1783026060000,1.0826,1.0836,1.0824,1.0836,4262.0
1783026120000,1.0836,1.0836,1.0825,1.0825,4374.0
1783026180000,1.0825,1.0826,1.0822,1.0822,2489.0
1783026240000,1.0822,1.0823,1.082,1.0821,6937.0
1783026300000,1.0821,1.0821,1.082,1.082,1956.0
1783026360000,1.0821,1.0821,1.082,1.082,3637.0
1783026420000,1.0821,1.0821,1.082,1.082,1475.0
1783026480000,1.082,1.0821,1.082,1.0821,9942.0
1783026540000,1.0821,1.0821,1.082,1.0821,1604.0
1783026600000,1.0821,1.0821,1.082,1.082,9607.0
1783026660000,1.082,1.0821,1.082,1.082,1550.0
1783026720000,1.082,1.0823,1.082,1.0822,2357.0
1783026780000,1.0823,1.083,1.082,1.082,1800.0
1783026840000,1.0821,1.0826,1.082,1.0825,1926.0
1783026900000,1.0826,1.0829,1.0825,1.0828,10454.0
1783026960000,1.0828,1.0829,1.0825,1.0826,6334.0
1783027020000,1.0825,1.0826,1.0825,1.0826,1608.0
1783027080000,1.0826,1.0826,1.0825,1.0826,1822.0
1783027140000,1.0826,1.0826,1.0822,1.0823,4031.0
1783027200000,1.0822,1.0823,1.0822,1.0822,1964.0
1783027260000,1.0823,1.0823,1.0822,1.0823,2699.0
1783027320000,1.0823,1.0823,1.0822,1.0823,2066.0
1783027380000,1.0823,1.0823,1.0819,1.082,7469.0
1783027440000,1.0819,1.0828,1.0819,1.0823,1279256.0
1783027500000,1.0823,1.0823,1.0822,1.0822,2063.0
1783027560000,1.0822,1.0823,1.0819,1.082,3900.0
1783027620000,1.0819,1.082,1.0819,1.0819,1466.0
1783027680000,1.0819,1.082,1.0816,1.0816,8962.0
1783027740000,1.0816,1.0817,1.0816,1.0817,3996.0
1783027800000,1.0816,1.0817,1.0809,1.0811,79898.0
1783027860000,1.0812,1.0812,1.0808,1.0809,5501.0
1783027920000,1.0809,1.0809,1.0803,1.0805,5495.0
1783027980000,1.0803,1.0809,1.0803,1.0808,3983.0
1783028040000,1.0809,1.0809,1.0805,1.0805,3558.0
1783028100000,1.0805,1.0819,1.0805,1.0816,1958.0
1783028160000,1.0815,1.0816,1.0813,1.0813,3282.0
1783028220000,1.0813,1.0814,1.0811,1.0812,2466.0
1783028280000,1.0811,1.0812,1.0811,1.0811,3799.0
1783028340000,1.0811,1.0812,1.0811,1.0812,1617.0
1783028400000,1.0812,1.0812,1.0807,1.081,3640.0
1783028460000,1.0809,1.081,1.0794,1.0797,125123.0
1783028520000,1.0798,1.0802,1.0797,1.0802,9977.0
1783028580000,1.0802,1.0802,1.0795,1.0798,18868.0
1783028640000,1.0799,1.0799,1.0798,1.0799,1899.0
1783028700000,1.0799,1.0804,1.079,1.0795,27676.0
1783028760000,1.0795,1.0795,1.0787,1.0792,4588.0
1783028820000,1.0792,1.0793,1.0782,1.079,97338.0
1783028880000,1.079,1.0791,1.079,1.079,14655.0
1783028940000,1.0794,1.0794,1.079,1.079,1456.0
1783029000000,1.0791,1.0797,1.079,1.0792,4604.0
1783029060000,1.0792,1.0805,1.0792,1.0805,8476.0
1783029120000,1.0804,1.0806,1.0803,1.0803,12130.0
1783029180000,1.0804,1.0811,1.0803,1.0804,15672.0
1783029240000,1.0804,1.0806,1.0803,1.0805,6514.0
1783029300000,1.0805,1.0806,1.0797,1.0803,5106.0
1783029360000,1.0803,1.0803,1.0802,1.0803,4223.0
1783029420000,1.0802,1.0806,1.0802,1.0805,1574.0
1783029480000,1.0806,1.0809,1.0805,1.0808,1860.0
1783029540000,1.0808,1.081,1.0805,1.0809,3421.0
1783029600000,1.0805,1.081,1.0798,1.0799,1846.0
1783029660000,1.0798,1.0806,1.0798,1.0806,23625.0
1783029720000,1.0806,1.0807,1.0799,1.0804,4890.0
1783029780000,1.0803,1.0804,1.0797,1.08,1930.0
1783029840000,1.08,1.08,1.0791,1.0792,47029.0
1783029900000,1.0792,1.0794,1.0791,1.0794,1451.0
1783029960000,1.0794,1.0797,1.0793,1.0797,3381.0
1783030020000,1.0797,1.0797,1.0796,1.0797,2793.0
1783030080000,1.0797,1.0797,1.0793,1.0794,2022.0
1783030140000,1.0794,1.0794,1.0783,1.0785,6016.0
1783030200000,1.0783,1.079,1.0783,1.079,6112.0
1783030260000,1.079,1.079,1.0786,1.0786,2238.0
1783030320000,1.0787,1.0787,1.0783,1.0783,1794.0
1783030380000,1.0784,1.0792,1.0783,1.0789,2351.0
1783030440000,1.0789,1.0792,1.0788,1.0791,2337.0
1783030500000,1.0791,1.0792,1.0788,1.0792,1791.0
1783030560000,1.0791,1.0792,1.0788,1.0788,6990.0
1783030620000,1.0789,1.0792,1.0788,1.0791,1357.0
1783030680000,1.0792,1.0792,1.0791,1.0791,1693.0
1783030740000,1.0792,1.0796,1.0791,1.0792,2022.0
1783030800000,1.0792,1.0793,1.0783,1.0783,6071.0
1783030860000,1.0784,1.0784,1.0783,1.0783,1887.0
1783030920000,1.0783,1.079,1.0783,1.079,3703.0
1783030980000,1.079,1.0795,1.0789,1.0793,4539.0
1783031040000,1.0793,1.0794,1.0792,1.0794,10472.0
1783031100000,1.0793,1.0794,1.0793,1.0793,1928.0
1783031160000,1.0793,1.0794,1.0793,1.0793,2582.0
1783031220000,1.0794,1.0799,1.0793,1.0798,21437.0
1783031280000,1.0798,1.0798,1.0797,1.0798,7898.0
1783031340000,1.0798,1.0798,1.0792,1.0793,1576.0
1783031400000,1.0793,1.0793,1.079,1.0791,8672.0
1783031460000,1.079,1.0791,1.0787,1.0791,1391.0
1783031520000,1.0791,1.0797,1.079,1.0796,3404.0
1783031580000,1.0797,1.0797,1.0791,1.0791,1595.0
1783031640000,1.0791,1.0803,1.0791,1.0802,41709.0
1783031700000,1.0803,1.0805,1.0802,1.0805,5465.0
1783031760000,1.0804,1.0805,1.08,1.0803,3194.0
1783031820000,1.0803,1.0806,1.0803,1.0805,2313.0
1783031880000,1.0806,1.0808,1.0805,1.0805,7475.0
1783031940000,1.0805,1.0807,1.0801,1.0801,28605.0
1783032000000,1.0801,1.0804,1.0801,1.0804,1849.0
1783032060000,1.0804,1.0804,1.08,1.0801,1957.0
1783032120000,1.08,1.0801,1.0797,1.0797,1391.0
1783032180000,1.0797,1.0798,1.0797,1.0798,1768.0
1783032240000,1.0793,1.0796,1.0793,1.0795,2351.0
1783032300000,1.0796,1.0796,1.0791,1.0796,2128.0
1783032360000,1.0795,1.0796,1.0795,1.0796,21879.0
1783032420000,1.0795,1.0797,1.0795,1.0797,12428.0
1783032480000,1.0796,1.0797,1.0796,1.0796,1933.0
1783032540000,1.0796,1.0797,1.0796,1.0797,2102.0
1783032600000,1.0796,1.08,1.0796,1.0799,7921.0
1783032660000,1.0799,1.08,1.0799,1.0799,6090.0
1783032720000,1.0799,1.0815,1.0799,1.0812,4910.0
1783032780000,1.0811,1.0825,1.0811,1.0825,18373.0
1783032840000,1.0824,1.0838,1.0824,1.0836,12215.0
1783032900000,1.0836,1.0842,1.083,1.0839,19511.0
1783032960000,1.0838,1.0839,1.0838,1.0838,1505.0
1783033020000,1.0838,1.0839,1.0833,1.0834,4715.0
1783033080000,1.0833,1.0839,1.0829,1.083,5019.0
1783033140000,1.0829,1.0833,1.0829,1.0833,3060.0
1783033200000,1.0833,1.0835,1.0818,1.0821,6715.0
1783033260000,1.0821,1.0826,1.082,1.0825,1936.0
1783033320000,1.0824,1.0825,1.0821,1.0822,4348.0
1783033380000,1.0821,1.0822,1.0819,1.0821,1485.0
1783033440000,1.0822,1.0822,1.0821,1.0821,1641.0
1783033500000,1.0821,1.0825,1.0819,1.082,1910.0
1783033560000,1.0819,1.0822,1.0819,1.0821,1795.0
1783033620000,1.0822,1.0827,1.0821,1.0827,1956.0
1783033680000,1.0826,1.0835,1.0826,1.0832,1794.0
1783033740000,1.0832,1.0836,1.0831,1.0835,26169.0
1783033800000,1.0836,1.084,1.0835,1.0837,1874.0
1783033860000,1.0837,1.0838,1.0837,1.0838,1570.0
1783033920000,1.0837,1.0838,1.0825,1.0825,2980.0
1783033980000,1.0825,1.0826,1.0823,1.0824,2049.0
1783034040000,1.0824,1.0824,1.0817,1.0818,11175.0
1783034100000,1.0817,1.0823,1.0817,1.0822,13150.0
1783034160000,1.0822,1.0831,1.0822,1.083,1555.0
1783034220000,1.083,1.0831,1.083,1.0831,1581.0
1783034280000,1.0831,1.0836,1.083,1.0836,3178.0
1783034340000,1.0835,1.0836,1.0832,1.0832,4184.0
1783034400000,1.0832,1.0836,1.0832,1.0836,3861.0
1783034460000,1.0835,1.0843,1.0835,1.0842,2090.0
1783034520000,1.0842,1.0843,1.0832,1.0836,15885.0
1783034580000,1.0836,1.0839,1.0832,1.0839,1487.0
1783034640000,1.0839,1.0842,1.0838,1.0841,3572.0
1783034700000,1.0842,1.0853,1.0841,1.0852,29294.0
1783034760000,1.0851,1.0857,1.0844,1.0857,3879.0
1783034820000,1.0857,1.0857,1.085,1.0851,8667.0
1783034880000,1.085,1.0854,1.085,1.0854,2153.0
1783034940000,1.0854,1.0855,1.0853,1.0855,7882.0
1783035000000,1.0854,1.0858,1.0854,1.0857,3433.0
1783035060000,1.0857,1.0862,1.0857,1.0858,18147.0
1783035120000,1.0859,1.0864,1.0858,1.0863,3323.0
1783035180000,1.0864,1.0867,1.0861,1.0867,1908.0
1783035240000,1.0867,1.0867,1.0862,1.0865,3707.0
1783035300000,1.0865,1.0868,1.086,1.0864,11690.0
1783035360000,1.0864,1.0864,1.0853,1.0853,3218.0
1783035420000,1.0854,1.0858,1.085,1.0857,1461.0
1783035480000,1.0857,1.086,1.0857,1.086,1877.0
1783035540000,1.086,1.0863,1.0859,1.0859,1480.0
1783035600000,1.086,1.086,1.0856,1.0858,2425.0
1783035660000,1.0858,1.0867,1.0858,1.0863,5815.0
1783035720000,1.0864,1.0864,1.0861,1.0861,1829.0
1783035780000,1.0862,1.0862,1.0861,1.0861,1616.0
1783035840000,1.0862,1.0862,1.0861,1.0862,3652.0
1783035900000,1.0861,1.0867,1.0861,1.0866,2536.0
1783035960000,1.0867,1.087,1.0866,1.087,16285.0
1783036020000,1.087,1.0878,1.0869,1.0872,3129.0
1783036080000,1.0871,1.0875,1.0871,1.0875,2790.0
1783036140000,1.0875,1.0875,1.0871,1.0871,2689.0
1783036200000,1.0871,1.0872,1.0868,1.0869,1755.0
1783036260000,1.0868,1.0869,1.086,1.0865,2065.0
1783036320000,1.0864,1.0873,1.0864,1.0873,12501.0
1783036380000,1.0879,1.0879,1.0867,1.0868,3003.0
1783036440000,1.0867,1.0868,1.0867,1.0867,3140.0
1783036500000,1.0868,1.0868,1.0867,1.0868,2026.0
1783036560000,1.0868,1.0873,1.0867,1.0872,3396.0
1783036620000,1.0873,1.0873,1.0869,1.087,1524.0
1783036680000,1.087,1.087,1.0869,1.0869,11709.0
1783036740000,1.087,1.0874,1.0869,1.0873,30591.0
1783036800000,1.0873,1.0879,1.0873,1.0875,8544.0
1783036860000,1.0875,1.0875,1.0859,1.0865,35449.0
1783036920000,1.0865,1.0869,1.0857,1.0857,2510.0
1783036980000,1.0858,1.0876,1.0857,1.0876,3764.0
1783037040000,1.0875,1.0876,1.0873,1.0873,15352.0
1783037100000,1.0874,1.0874,1.086,1.0862,9004.0
1783037160000,1.0862,1.0864,1.0859,1.086,2082.0
1783037220000,1.0859,1.086,1.0855,1.0855,1762.0
1783037280000,1.0855,1.0861,1.0855,1.0861,2555.0
1783037340000,1.0861,1.0861,1.085,1.085,4554.0
1783037400000,1.085,1.0852,1.0839,1.0852,19676.0
1783037460000,1.0849,1.0851,1.0847,1.085,6404.0
1783037520000,1.085,1.0859,1.0849,1.0858,24081.0
1783037580000,1.0859,1.0871,1.0858,1.087,1703.0
1783037640000,1.0871,1.0874,1.0863,1.0863,10714.0
1783037700000,1.0864,1.0866,1.0859,1.086,7089.0
1783037760000,1.0859,1.0865,1.0859,1.086,12060.0
1783037820000,1.0859,1.086,1.0859,1.0859,1440.0
1783037880000,1.086,1.086,1.0856,1.0858,1902.0
1783037940000,1.0858,1.0867,1.0856,1.0866,6086.0
1783038000000,1.0867,1.0867,1.0861,1.0867,1442.0
1783038060000,1.0866,1.0867,1.0851,1.0852,1416.0
1783038120000,1.0851,1.0855,1.0851,1.0853,1548.0
1783038180000,1.0853,1.0858,1.0849,1.0858,1493.0
1783038240000,1.0857,1.0858,1.0853,1.0853,3299.0
1783038300000,1.0853,1.0854,1.0848,1.0854,1963.0
1783038360000,1.0854,1.0854,1.0851,1.0852,1468.0
1783038420000,1.0851,1.0852,1.0848,1.0849,1531.0
1783038480000,1.0849,1.0854,1.0848,1.0854,1950.0
1783038540000,1.0853,1.0854,1.0844,1.0844,13338.0
1783038600000,1.0841,1.0842,1.0832,1.0832,2259.0
1783038660000,1.0832,1.0845,1.0832,1.0843,11652.0
1783038720000,1.0843,1.0844,1.0843,1.0843,3277.0
1783038780000,1.0843,1.0844,1.0829,1.083,2579.0
1783038840000,1.0829,1.083,1.0826,1.0826,13922.0
1783038900000,1.0826,1.083,1.0821,1.0827,69588.0
1783038960000,1.0827,1.0835,1.0822,1.0835,2069.0
1783039020000,1.0835,1.0835,1.0828,1.0833,35427.0
1783039080000,1.0833,1.0844,1.0833,1.084,18116.0
1783039140000,1.084,1.0843,1.0834,1.084,1777.0
1783039200000,1.0841,1.0847,1.084,1.0844,11427.0
1783039260000,1.0845,1.0845,1.0842,1.0842,1936.0
1783039320000,1.0842,1.0843,1.0836,1.0842,2130.0
1783039380000,1.0842,1.0843,1.0836,1.0836,11992.0
1783039440000,1.0838,1.0842,1.0838,1.0842,6823.0
1783039500000,1.0841,1.0842,1.0836,1.0836,1482.0
1783039560000,1.0837,1.0845,1.0836,1.0844,1695.0
1783039620000,1.0845,1.0848,1.0844,1.0844,1618.0
1783039680000,1.0845,1.0845,1.0836,1.0837,2778.0
1783039740000,1.0836,1.084,1.0833,1.084,1210.0
1783039800000,1.0839,1.0843,1.0839,1.0843,1291.0
1783039860000,1.0843,1.0843,1.0838,1.0838,876.0
1783039920000,1.0838,1.0841,1.0838,1.084,1927.0
1783039980000,1.084,1.0844,1.0836,1.0837,1475.0
1783040040000,1.0837,1.0843,1.0835,1.0837,102168.0
1783040100000,1.0837,1.0846,1.0837,1.0846,2119.0
1783040160000,1.0845,1.0847,1.084,1.0847,2159.0
1783040220000,1.0847,1.0847,1.0839,1.084,5541.0
1783040280000,1.0839,1.084,1.0837,1.0837,71065.0
1783040340000,1.0838,1.0838,1.0834,1.0834,24079.0
1783040400000,1.0834,1.0837,1.0834,1.0836,2658.0
1783040460000,1.0836,1.0837,1.083,1.083,1636.0
1783040520000,1.083,1.0841,1.083,1.0841,3053.0
1783040580000,1.084,1.0849,1.084,1.0849,2085.0
1783040640000,1.0849,1.0857,1.0846,1.0856,15245.0
1783040700000,1.0857,1.0864,1.0854,1.0863,1990.0
1783040760000,1.0862,1.0867,1.0859,1.0859,1547.0
1783040820000,1.086,1.0865,1.0858,1.0862,2099.0
1783040880000,1.0861,1.0875,1.0861,1.0872,53550.0
1783040940000,1.0871,1.0877,1.0865,1.0875,3170.0
1783041000000,1.0876,1.0876,1.0868,1.0869,19460.0
1783041060000,1.0868,1.0869,1.0861,1.0866,3136.0
1783041120000,1.0867,1.0877,1.0866,1.0876,2403.0
1783041180000,1.0876,1.0906,1.0876,1.0903,83719.0
1783041240000,1.09,1.0911,1.09,1.0901,17933.0
1783041300000,1.0901,1.0911,1.09,1.0902,7494.0
1783041360000,1.0902,1.0902,1.0883,1.0883,8959.0
1783041420000,1.0883,1.0893,1.0883,1.0891,6436.0
1783041480000,1.0891,1.0903,1.089,1.0903,1628.0
1783041540000,1.0902,1.0911,1.0902,1.0905,124524.0
1783041600000,1.0904,1.0911,1.0899,1.0911,2915.0
1783041660000,1.0911,1.0912,1.0907,1.091,6074.0
1783041720000,1.0912,1.0912,1.0909,1.0909,3266.0
1783041780000,1.0909,1.092,1.0906,1.0913,6937.0
1783041840000,1.0913,1.0924,1.0906,1.0924,3256.0
1783041900000,1.0924,1.0927,1.0916,1.0917,7986.0
1783041960000,1.0916,1.0917,1.091,1.091,2393.0
1783042020000,1.0911,1.0915,1.091,1.0915,1464.0
1783042080000,1.0915,1.0918,1.0914,1.0917,2471.0
1783042140000,1.0917,1.092,1.0912,1.0913,6473.0
1783042200000,1.0912,1.0915,1.0907,1.0912,24682.0
1783042260000,1.0919,1.0924,1.0912,1.0912,3920.0
1783042320000,1.0912,1.0919,1.0912,1.0918,6504.0
1783042380000,1.0918,1.0924,1.0918,1.0921,57720.0
1783042440000,1.092,1.0931,1.0919,1.093,15085.0
1783042500000,1.093,1.0936,1.093,1.0935,15111.0
1783042560000,1.0935,1.0952,1.0935,1.0945,28040.0
1783042620000,1.0946,1.0946,1.0936,1.0937,8414.0
1783042680000,1.0936,1.0944,1.0936,1.0942,3123.0
1783042740000,1.0942,1.0953,1.0941,1.0949,3352.0
1783042800000,1.095,1.095,1.0943,1.0945,2687.0
1783042860000,1.0945,1.0952,1.0945,1.0947,1640.0
1783042920000,1.0947,1.0947,1.0943,1.0946,3169.0
1783042980000,1.0946,1.0947,1.0937,1.0942,3378.0
1783043040000,1.0942,1.0943,1.0937,1.0938,2167.0
1783043100000,1.0937,1.0938,1.092,1.0924,10017.0
1783043160000,1.0925,1.093,1.0924,1.093,11032.0
1783043220000,1.093,1.093,1.0925,1.0926,2833.0
1783043280000,1.0925,1.0933,1.0925,1.0933,1797.0
1783043340000,1.0933,1.0939,1.0932,1.0939,1592.0
1783043400000,1.0938,1.0941,1.0928,1.0933,2098.0
1783043460000,1.0934,1.0939,1.093,1.0931,1739.0
1783043520000,1.093,1.094,1.093,1.0939,1699.0
1783043580000,1.0939,1.094,1.0936,1.0936,85825.0
1783043640000,1.0936,1.0937,1.0933,1.0935,1807.0
1783043700000,1.0935,1.0937,1.0933,1.0937,2110.0
1783043760000,1.0936,1.0943,1.0936,1.0943,61800.0
1783043820000,1.0943,1.0943,1.0939,1.0939,29353.0
1783043880000,1.094,1.094,1.0939,1.094,6208.0
1783043940000,1.0936,1.0937,1.093,1.0933,5958.0
1783044000000,1.0934,1.0946,1.0933,1.0941,2616.0
1783044060000,1.0941,1.0946,1.0935,1.094,8472.0
1783044120000,1.0941,1.0947,1.0937,1.0942,2840.0
1783044180000,1.0943,1.0948,1.0934,1.0934,3285.0
1783044240000,1.0934,1.094,1.0918,1.0931,31975.0
1783044300000,1.0931,1.0938,1.0924,1.0924,2283.0
1783044360000,1.092,1.0921,1.0913,1.0913,3344.0
1783044420000,1.0913,1.0917,1.0913,1.0916,2230.0
1783044480000,1.0916,1.093,1.0916,1.0925,1859.0
1783044540000,1.0925,1.0942,1.0924,1.0938,56309.0
1783044600000,1.0938,1.0938,1.092,1.0921,1453.0
1783044660000,1.0921,1.0927,1.0919,1.0919,11165.0
1783044720000,1.092,1.0923,1.091,1.0911,1908.0
1783044780000,1.091,1.0911,1.0906,1.0906,18366.0
1783044840000,1.0907,1.0907,1.09,1.0904,173061.0
1783044900000,1.0903,1.091,1.0903,1.091,2169.0
1783044960000,1.0909,1.091,1.0906,1.0906,1927.0
1783045020000,1.0907,1.0925,1.0906,1.0924,2873.0
1783045080000,1.0925,1.0925,1.0915,1.092,3361.0
1783045140000,1.092,1.0922,1.0912,1.0915,2509.0
1783045200000,1.0915,1.0915,1.0911,1.0913,4143.0
1783045260000,1.0913,1.0922,1.0913,1.0922,2757.0
1783045320000,1.0922,1.0928,1.0919,1.0921,4683.0
1783045380000,1.092,1.0925,1.092,1.0923,1604.0
1783045440000,1.0924,1.0927,1.0921,1.0921,1590.0
1783045500000,1.0922,1.0922,1.0909,1.091,9499.0
1783045560000,1.091,1.0912,1.0891,1.0899,31496.0
1783045620000,1.09,1.0904,1.0899,1.0903,5299.0
1783045680000,1.0903,1.0904,1.0896,1.0896,3079.0
1783045740000,1.0897,1.0897,1.0886,1.089,36121.0
1783045800000,1.089,1.089,1.0865,1.0872,30580.0
1783045860000,1.0871,1.0873,1.0865,1.0872,10154.0
1783045920000,1.0878,1.0878,1.0875,1.0875,2158.0
1783045980000,1.0876,1.0881,1.0875,1.088,3182.0
1783046040000,1.0881,1.0887,1.088,1.0886,70689.0
1783046100000,1.0887,1.0894,1.0878,1.0893,3210.0
1783046160000,1.0894,1.09,1.0893,1.0897,6716.0
1783046220000,1.0897,1.0898,1.0878,1.0878,1684.0
1783046280000,1.0881,1.089,1.0881,1.0885,1989.0
1783046340000,1.0886,1.0891,1.0884,1.0884,1906.0
1783046400000,1.0885,1.0895,1.0884,1.0887,3145.0
1783046460000,1.0887,1.089,1.0886,1.0889,2254.0
1783046520000,1.0889,1.089,1.0881,1.0881,1733.0
1783046580000,1.0881,1.0881,1.0873,1.0875,13437.0
1783046640000,1.0875,1.0888,1.0875,1.0886,5600.0
1783046700000,1.0886,1.0886,1.0876,1.0879,3866.0
1783046760000,1.0879,1.088,1.0872,1.0872,5981.0
1783046820000,1.0873,1.0873,1.0868,1.0873,2082.0
1783046880000,1.0873,1.0877,1.087,1.0877,1622.0
1783046940000,1.0877,1.0884,1.0877,1.0884,1416.0
1783047000000,1.0884,1.0887,1.0881,1.0881,4296.0
1783047060000,1.0881,1.0889,1.0881,1.0889,1453.0
1783047120000,1.0888,1.0895,1.0888,1.0889,3492.0
1783047180000,1.0888,1.0902,1.0888,1.0898,1757.0
1783047240000,1.0898,1.09,1.0897,1.09,2420.0
1783047300000,1.09,1.09,1.0899,1.0899,1792.0
1783047360000,1.0899,1.09,1.0891,1.0895,3542.0
1783047420000,1.0895,1.0898,1.0894,1.0897,2084.0
1783047480000,1.0898,1.0906,1.0897,1.0906,8628.0
1783047540000,1.0906,1.091,1.0905,1.0909,2050.0
1783047600000,1.0904,1.0905,1.0884,1.0885,1411.0
1783047660000,1.0885,1.0887,1.0883,1.0883,5050.0
1783047720000,1.0883,1.089,1.088,1.0888,3119.0
1783047780000,1.0888,1.0899,1.0887,1.0899,2938.0
1783047840000,1.0897,1.0899,1.0888,1.0889,1436.0
1783047900000,1.0888,1.0889,1.0882,1.0885,4436.0
1783047960000,1.0885,1.0889,1.0884,1.0888,1445.0
1783048020000,1.0889,1.0889,1.088,1.0887,1701.0
1783048080000,1.0886,1.0887,1.0869,1.0869,2236.0
1783048140000,1.0869,1.0875,1.0867,1.0874,12377.0
1783048200000,1.0874,1.0875,1.0867,1.0867,3948.0
1783048260000,1.0867,1.0869,1.0864,1.0867,42380.0
1783048320000,1.0867,1.0867,1.0861,1.0861,1542.0
1783048380000,1.0862,1.0866,1.086,1.0865,3287.0
1783048440000,1.0866,1.0866,1.0862,1.0862,5458.0
1783048500000,1.0863,1.0871,1.0862,1.087,1747.0
1783048560000,1.087,1.0882,1.087,1.0882,47162.0
1783048620000,1.0882,1.0888,1.088,1.0888,16692.0
1783048680000,1.0888,1.0889,1.0884,1.0889,1847.0
1783048740000,1.0889,1.0896,1.0888,1.0895,1722.0
1783048800000,1.0896,1.092,1.0891,1.092,1689.0
1783048860000,1.092,1.092,1.0908,1.0915,2306.0
1783048920000,1.0914,1.0921,1.0912,1.0916,2407.0
1783048980000,1.0916,1.0918,1.0915,1.0917,2780.0
1783049040000,1.0917,1.0918,1.0915,1.0915,2079.0
1783049100000,1.0915,1.092,1.0914,1.0919,8033.0
1783049160000,1.0918,1.0919,1.0909,1.0909,3928.0
1783049220000,1.0909,1.091,1.0907,1.091,1491.0
1783049280000,1.091,1.0913,1.0909,1.0913,1387.0
1783049340000,1.0912,1.0918,1.0912,1.0913,1707.0
1783049400000,1.0914,1.0916,1.0913,1.0915,2281.0
1783049460000,1.0916,1.0919,1.0915,1.0919,1694.0
1783049520000,1.0918,1.0922,1.0914,1.0915,2781.0
1783049580000,1.0915,1.0915,1.0911,1.0911,1672.0
1783049640000,1.0912,1.0912,1.0908,1.0908,3526.0
1783049700000,1.0909,1.0912,1.0908,1.0911,1870.0
1783049760000,1.0911,1.0912,1.0907,1.091,1688.0
1783049820000,1.0909,1.091,1.0903,1.0903,7215.0
1783049880000,1.0903,1.0907,1.0903,1.0907,23433.0
1783049940000,1.0906,1.0907,1.0896,1.0896,31939.0
1783050000000,1.0896,1.0897,1.0895,1.0895,4666.0
1783050060000,1.0897,1.0897,1.0884,1.0884,81293.0
1783050120000,1.0884,1.0888,1.088,1.0887,1921.0
1783050180000,1.0888,1.0888,1.0884,1.0885,1641.0
1783050240000,1.0884,1.089,1.0884,1.0887,5933.0
1783050300000,1.0885,1.0892,1.0884,1.0885,1560.0
1783050360000,1.0884,1.0897,1.0884,1.0897,2377.0
1783050420000,1.0897,1.09,1.0894,1.0895,8018.0
1783050480000,1.0894,1.0898,1.0891,1.0898,1638.0
1783050540000,1.0897,1.09,1.0894,1.0899,17539.0
1783050600000,1.09,1.09,1.0893,1.0893,2007.0
1783050660000,1.0892,1.0893,1.0892,1.0893,9355.0
1783050720000,1.0892,1.0898,1.0892,1.0897,1699.0
1783050780000,1.0897,1.0898,1.0887,1.0888,4541.0
1783050840000,1.0887,1.089,1.0886,1.0888,2154.0
1783050900000,1.0889,1.0894,1.0888,1.0892,1966.0
1783050960000,1.0893,1.0898,1.0892,1.0897,1857.0
1783051020000,1.0898,1.0902,1.0897,1.0901,1676.0
1783051080000,1.0902,1.0908,1.0901,1.0907,19010.0
1783051140000,1.0908,1.0908,1.09,1.0901,2136.0
1783051200000,1.0901,1.0907,1.0899,1.0904,23155.0
1783051260000,1.0904,1.0909,1.0902,1.0905,22151.0
1783051320000,1.0905,1.0906,1.0897,1.0901,2417.0
1783051380000,1.0902,1.0905,1.0901,1.0902,1441.0
1783051440000,1.0902,1.0902,1.0897,1.0899,3996.0
1783051500000,1.0898,1.09,1.0893,1.0894,1867.0
1783051560000,1.0893,1.0894,1.0891,1.0892,1567.0
1783051620000,1.0891,1.0892,1.0888,1.0888,1688.0
1783051680000,1.0889,1.0889,1.0888,1.0888,4281.0
1783051740000,1.0888,1.0889,1.0883,1.0887,12288.0
1783051800000,1.0887,1.0889,1.0881,1.0886,20175.0
1783051860000,1.0885,1.0897,1.0885,1.0896,38204.0
1783051920000,1.0896,1.0899,1.0896,1.0898,3743.0
1783051980000,1.0899,1.0902,1.0898,1.0901,1482.0
1783052040000,1.0901,1.0904,1.0901,1.0903,1630.0
1783052100000,1.0904,1.0904,1.0888,1.0888,41935.0
1783052160000,1.0889,1.0889,1.0882,1.0886,1870.0
1783052220000,1.0885,1.0896,1.0885,1.0895,27397.0
1783052280000,1.0895,1.0896,1.0889,1.0889,1787.0
1783052340000,1.0889,1.0894,1.0888,1.0893,11186.0
1783052400000,1.0894,1.0897,1.0893,1.0894,1635.0
1783052460000,1.0893,1.0899,1.0893,1.0895,1672.0
1783052520000,1.0895,1.0901,1.0895,1.09,1495.0
1783052580000,1.09,1.0903,1.09,1.0901,1487.0
1783052640000,1.09,1.0906,1.0899,1.0905,1923.0
1783052700000,1.0905,1.0906,1.0902,1.0902,1677.0
1783052760000,1.0902,1.0903,1.0902,1.0903,1559.0
1783052820000,1.0902,1.0905,1.0901,1.0904,2058.0
1783052880000,1.0905,1.0908,1.0904,1.0907,12041.0
1783052940000,1.0908,1.0914,1.0907,1.0914,3901.0
1783053000000,1.0914,1.0914,1.0907,1.0908,3602.0
1783053060000,1.0907,1.0917,1.0907,1.0916,1442.0
1783053120000,1.0916,1.0917,1.0912,1.0912,1962.0
1783053180000,1.0912,1.0913,1.09,1.0901,35950.0
1783053240000,1.0901,1.0904,1.09,1.0904,24720.0
1783053300000,1.0904,1.0905,1.0901,1.0901,2518.0
1783053360000,1.0902,1.0917,1.0901,1.0917,2671.0
1783053420000,1.0916,1.0933,1.0916,1.0925,9820.0
1783053480000,1.0926,1.0929,1.0922,1.0925,8226.0
1783053540000,1.0926,1.0926,1.0925,1.0926,1515.0
1783053600000,1.0925,1.0932,1.0925,1.0932,14398.0
1783053660000,1.0932,1.0935,1.0931,1.0933,8199.0
1783053720000,1.0935,1.0935,1.0933,1.0935,3121.0
1783053780000,1.0933,1.0935,1.0931,1.0931,1464.0
1783053840000,1.0932,1.0932,1.0927,1.0931,63983.0
1783053900000,1.0932,1.0935,1.0931,1.0932,4264.0
1783053960000,1.0933,1.0933,1.0924,1.0928,29233.0
1783054020000,1.0927,1.0928,1.0924,1.0924,1790.0
1783054080000,1.0925,1.0929,1.0921,1.0924,1508.0
1783054140000,1.0925,1.0925,1.0917,1.0917,1498.0
1783054200000,1.0917,1.0918,1.0905,1.0914,1697.0
1783054260000,1.0914,1.0917,1.0913,1.0916,15707.0
1783054320000,1.0917,1.0924,1.0916,1.0921,1457.0
1783054380000,1.0921,1.0926,1.0918,1.0918,1810.0
1783054440000,1.0918,1.0923,1.0918,1.0921,1420.0
1783054500000,1.0921,1.0924,1.092,1.0924,1787.0
1783054560000,1.0924,1.0927,1.0923,1.0923,6970.0
1783054620000,1.0923,1.0926,1.0923,1.0926,2090.0
1783054680000,1.0926,1.0932,1.0925,1.0926,2686.0
1783054740000,1.0925,1.0926,1.0918,1.0921,4869.0
1783054800000,1.0921,1.0925,1.0914,1.0924,16502.0
1783054860000,1.0924,1.0929,1.0923,1.0923,11923.0
1783054920000,1.0923,1.0929,1.0923,1.0928,2682.0
1783054980000,1.0923,1.0929,1.0912,1.0929,12095.0
1783055040000,1.0929,1.0931,1.0923,1.0931,1637.0
1783055100000,1.0931,1.0933,1.0927,1.0932,7013.0
1783055160000,1.0932,1.0935,1.093,1.0934,1453.0
1783055220000,1.0934,1.0939,1.093,1.0934,1797.0
1783055280000,1.0934,1.0937,1.0934,1.0937,4658.0
1783055340000,1.0937,1.094,1.0936,1.094,1610.0
1783055400000,1.0939,1.0942,1.0938,1.0939,2124.0
1783055460000,1.094,1.0942,1.0939,1.0942,2356.0
1783055520000,1.0941,1.0942,1.0941,1.0941,1597.0
1783055580000,1.0941,1.0945,1.0941,1.0943,9114.0
1783055640000,1.0942,1.0943,1.0942,1.0943,1843.0
1783055700000,1.0943,1.0943,1.0939,1.0943,1480.0
1783055760000,1.0942,1.0943,1.093,1.0932,7444.0
1783055820000,1.0932,1.0933,1.0929,1.0931,1394.0
1783055880000,1.093,1.0942,1.093,1.0942,1553.0
1783055940000,1.0942,1.0948,1.0941,1.0947,4401.0
1783056000000,1.0948,1.0948,1.0945,1.0946,20958.0
1783056060000,1.0946,1.0946,1.0935,1.0936,6557.0
1783056120000,1.0936,1.094,1.0936,1.094,3287.0
1783056180000,1.094,1.094,1.0939,1.0939,11255.0
1783056240000,1.0939,1.0943,1.0936,1.0942,6497.0
1783056300000,1.0943,1.0943,1.0939,1.094,1790.0
1783056360000,1.0939,1.0952,1.0939,1.0951,7577.0
1783056420000,1.0951,1.0962,1.0951,1.0955,17478.0
1783056480000,1.0956,1.0962,1.0955,1.0962,2248.0
1783056540000,1.0962,1.0972,1.0961,1.0966,21533.0
1783056600000,1.0965,1.0974,1.0957,1.0971,12292.0
1783056660000,1.0971,1.0974,1.0969,1.0969,298277.0
1783056720000,1.097,1.0985,1.0969,1.098,146377.0
1783056780000,1.0982,1.0995,1.0977,1.0991,23973.0
1783056840000,1.0992,1.0996,1.0986,1.099,20972.0
1783056900000,1.0993,1.1008,1.0986,1.0999,54439.0
1783056960000,1.0999,1.1002,1.0996,1.0996,3484.0
1783057020000,1.0997,1.1007,1.0996,1.1005,3538.0
1783057080000,1.1005,1.1005,1.1001,1.1004,2112.0
1783057140000,1.1003,1.1003,1.0998,1.0998,10465.0
1783057200000,1.0998,1.0999,1.0988,1.099,4454.0
1783057260000,1.0989,1.0992,1.0982,1.0983,4247.0
1783057320000,1.0982,1.0983,1.0976,1.0981,37193.0
1783057380000,1.0984,1.0988,1.0982,1.0985,10598.0
1783057440000,1.0984,1.0988,1.0981,1.0981,2137.0
1783057500000,1.0981,1.0984,1.0978,1.0984,7685.0
1783057560000,1.0981,1.0983,1.0976,1.0982,16385.0
1783057620000,1.0981,1.0982,1.0978,1.0981,33599.0
1783057680000,1.0981,1.0989,1.0981,1.0989,3387.0
1783057740000,1.0989,1.0993,1.0984,1.0991,5446.0
1783057800000,1.0996,1.0997,1.0986,1.0987,34680.0
1783057860000,1.0986,1.0987,1.0979,1.0984,2496.0
1783057920000,1.0983,1.0988,1.0983,1.0985,5032.0
1783057980000,1.0985,1.0986,1.0985,1.0986,9776.0
1783058040000,1.0985,1.0993,1.0985,1.0992,2465.0
1783058100000,1.0992,1.0996,1.0992,1.0996,9018.0
1783058160000,1.0996,1.1001,1.0995,1.0995,433308.0
1783058220000,1.0995,1.0996,1.0992,1.0992,19117.0
1783058280000,1.0992,1.0993,1.0992,1.0992,2210.0
1783058340000,1.0993,1.0993,1.0992,1.0992,1546.0
1783058400000,1.0992,1.0996,1.0988,1.0988,10893.0
1783058460000,1.0988,1.0997,1.0988,1.0993,2656.0
1783058520000,1.0994,1.1008,1.0993,1.1006,12017.0
1783058580000,1.1006,1.1008,1.1004,1.1008,4678.0
1783058640000,1.1007,1.1018,1.1005,1.1014,3319.0
1783058700000,1.1014,1.1015,1.1007,1.1015,20543.0
1783058760000,1.1015,1.1021,1.1014,1.102,40574.0
1783058820000,1.102,1.1025,1.102,1.1022,13204.0
1783058880000,1.1022,1.1036,1.102,1.1029,9518.0
1783058940000,1.1029,1.1035,1.1028,1.1033,16906.0
1783059000000,1.1033,1.1033,1.1027,1.1027,3871.0
1783059060000,1.1028,1.1028,1.1023,1.1027,5572.0
1783059120000,1.1027,1.1027,1.102,1.102,1463.0
1783059180000,1.1021,1.1021,1.1007,1.1011,4200.0
1783059240000,1.1011,1.1023,1.101,1.1023,11227.0
1783059300000,1.1022,1.103,1.1022,1.1026,11043.0
1783059360000,1.1022,1.1039,1.1022,1.1035,34770.0
1783059420000,1.1036,1.1063,1.1035,1.1063,45210.0
1783059480000,1.1063,1.1063,1.105,1.105,8665.0
1783059540000,1.105,1.1052,1.104,1.104,6804.0
1783059600000,1.1036,1.1037,1.1033,1.1037,7304.0
1783059660000,1.1037,1.104,1.1032,1.1032,3547.0
1783059720000,1.1032,1.104,1.1032,1.1036,4197.0
1783059780000,1.1036,1.1037,1.103,1.1033,8705.0
1783059840000,1.1036,1.1038,1.1027,1.1038,10231.0
1783059900000,1.1037,1.1038,1.1034,1.1037,10057.0
1783059960000,1.1037,1.1038,1.1037,1.1037,1465.0
1783060020000,1.1038,1.1044,1.1037,1.1043,1473.0
1783060080000,1.1044,1.1047,1.1042,1.1045,1751.0
1783060140000,1.1045,1.1046,1.1035,1.1036,8850.0
1783060200000,1.1035,1.1038,1.1028,1.1031,3681.0
1783060260000,1.1032,1.1038,1.1031,1.1038,3745.0
1783060320000,1.1037,1.1041,1.1037,1.1038,1488.0
1783060380000,1.1039,1.1046,1.1033,1.1042,10863.0
1783060440000,1.1043,1.1043,1.1035,1.1036,4933.0
1783060500000,1.1035,1.1036,1.1035,1.1036,1979.0
1783060560000,1.1036,1.1043,1.103,1.1032,3436.0
1783060620000,1.1032,1.1032,1.1007,1.1009,51363.0
1783060680000,1.1007,1.1014,1.1004,1.1011,11450.0
1783060740000,1.1011,1.1012,1.1005,1.1005,17521.0
1783060800000,1.1006,1.101,1.1005,1.101,2405.0
1783060860000,1.1009,1.1017,1.1009,1.1016,3092.0
1783060920000,1.1016,1.103,1.1016,1.1025,4587.0
1783060980000,1.1026,1.1026,1.1014,1.1016,20780.0
1783061040000,1.1016,1.1018,1.1012,1.1017,9662.0
1783061100000,1.1018,1.1021,1.1017,1.1021,13409.0
1783061160000,1.1026,1.1028,1.1021,1.1021,2231.0
1783061220000,1.1022,1.1024,1.1017,1.1021,4634.0
1783061280000,1.1021,1.1022,1.1014,1.1017,10739.0
1783061340000,1.1015,1.1023,1.1015,1.1022,3830.0
1783061400000,1.1022,1.1023,1.1019,1.1019,7311.0
1783061460000,1.1019,1.102,1.1019,1.102,4314.0
1783061520000,1.1019,1.102,1.1017,1.1017,2291.0
1783061580000,1.1017,1.1024,1.1017,1.1024,3087.0
1783061640000,1.1024,1.1027,1.1023,1.1024,10321.0
1783061700000,1.1023,1.1024,1.1012,1.1012,26501.0
1783061760000,1.1012,1.1013,1.1012,1.1012,2045.0
1783061820000,1.1013,1.1013,1.1012,1.1012,2780.0
1783061880000,1.1013,1.1013,1.1011,1.1011,2402.0
1783061940000,1.1012,1.1012,1.1004,1.1004,87973.0
1783062000000,1.1004,1.1008,1.1003,1.1005,16515.0
1783062060000,1.1005,1.101,1.1003,1.1007,3871.0
1783062120000,1.1006,1.1007,1.1003,1.1004,2923.0
1783062180000,1.1003,1.1009,1.1003,1.1008,6713.0
1783062240000,1.1008,1.1009,1.0993,1.0994,61319.0
1783062300000,1.0993,1.0994,1.0989,1.0994,5246.0
1783062360000,1.0993,1.0997,1.0993,1.0997,7305.0
1783062420000,1.0996,1.1004,1.0996,1.1004,3764.0
1783062480000,1.1004,1.1004,1.0993,1.0994,8786.0
1783062540000,1.0993,1.0994,1.0988,1.0988,11398.0
1783062600000,1.099,1.099,1.098,1.098,32439.0
1783062660000,1.0981,1.0981,1.0976,1.0977,6616.0
1783062720000,1.0977,1.0981,1.0976,1.0978,6141.0
1783062780000,1.0978,1.0981,1.0971,1.0974,8241.0
1783062840000,1.0974,1.0979,1.0974,1.0979,13643.0
1783062900000,1.0979,1.0987,1.0978,1.0987,2064.0
1783062960000,1.0987,1.0987,1.0984,1.0987,5152.0
1783063020000,1.0986,1.0987,1.0984,1.0984,5036.0
1783063080000,1.0987,1.0989,1.0986,1.0988,13279.0
1783063140000,1.0989,1.099,1.0988,1.0989,62502.0
1783063200000,1.099,1.0994,1.0989,1.0993,3812.0
1783063260000,1.0994,1.0996,1.0993,1.0996,6594.0
1783063320000,1.0995,1.1001,1.0995,1.1001,15367.0
1783063380000,1.0999,1.1006,1.0999,1.1005,5903.0
1783063440000,1.1006,1.1009,1.1002,1.1003,2979.0
1783063500000,1.1002,1.1003,1.0996,1.0997,1600.0
1783063560000,1.0997,1.0997,1.0992,1.0994,1708.0
1783063620000,1.0994,1.0995,1.0991,1.0993,15821.0
1783063680000,1.0993,1.1,1.0991,1.0996,1955.0
1783063740000,1.0996,1.1006,1.0994,1.1006,1958.0
1783063800000,1.1006,1.1015,1.1005,1.1013,12575.0
1783063860000,1.1013,1.1014,1.1004,1.1005,37093.0
1783063920000,1.1005,1.1005,1.0994,1.0994,12692.0
1783063980000,1.0995,1.0999,1.099,1.0999,8087.0
1783064040000,1.0998,1.0999,1.0994,1.0995,1926.0
1783064100000,1.0998,1.1014,1.0997,1.1014,6888.0
1783064160000,1.1013,1.1014,1.1001,1.1002,4676.0
1783064220000,1.1001,1.1005,1.1001,1.1004,3111.0
1783064280000,1.1005,1.101,1.1003,1.1003,2608.0
1783064340000,1.1003,1.1006,1.0999,1.1005,8112.0
1783064400000,1.1006,1.101,1.1005,1.101,7162.0
1783064460000,1.101,1.1015,1.1009,1.1013,1777.0
1783064520000,1.1012,1.1024,1.1012,1.1023,4391.0
1783064580000,1.1018,1.1026,1.1018,1.1022,3908.0
1783064640000,1.1022,1.1027,1.1021,1.1026,8508.0
1783064700000,1.1026,1.1027,1.1018,1.1018,2220.0
1783064760000,1.1019,1.1022,1.1018,1.1022,7255.0
1783064820000,1.1022,1.1029,1.1021,1.1028,5611.0
1783064880000,1.1029,1.1029,1.1025,1.1027,2137.0
1783064940000,1.1027,1.1028,1.1027,1.1028,2305.0
1783065000000,1.1028,1.1036,1.1026,1.1032,4107.0
1783065060000,1.1036,1.1044,1.1033,1.1036,11481.0
1783065120000,1.1036,1.1037,1.1022,1.1028,2905.0
1783065180000,1.1028,1.1031,1.1023,1.1024,1585.0
1783065240000,1.1024,1.1024,1.102,1.102,6045.0
1783065300000,1.102,1.1032,1.1018,1.1032,2733.0
1783065360000,1.1032,1.1032,1.1028,1.1028,1873.0
1783065420000,1.1029,1.1029,1.1019,1.1024,7490.0
1783065480000,1.1024,1.1025,1.1024,1.1024,1729.0
1783065540000,1.1025,1.1025,1.1018,1.1018,2576.0
1783065600000,1.1018,1.1027,1.1018,1.1018,4857.0
1783065660000,1.1019,1.1024,1.1015,1.1024,14013.0
1783065720000,1.1024,1.1029,1.1019,1.1019,7839.0
1783065780000,1.1019,1.102,1.101,1.101,5558.0
1783065840000,1.101,1.1014,1.101,1.1014,1521.0
1783065900000,1.1013,1.1018,1.1012,1.1013,6637.0
1783065960000,1.1013,1.1018,1.1011,1.1015,3072.0
1783066020000,1.1015,1.1015,1.1006,1.1007,11833.0
1783066080000,1.1007,1.1008,1.1001,1.1006,19406.0
1783066140000,1.1006,1.1007,1.1001,1.1002,107400.0
1783066200000,1.1002,1.1006,1.0996,1.1,19315.0
1783066260000,1.0999,1.1003,1.0999,1.0999,2196.0
1783066320000,1.1,1.1,1.0999,1.1,2196.0
1783066380000,1.0999,1.1,1.0996,1.0997,2384.0
1783066440000,1.0996,1.0997,1.0996,1.0997,5592.0
1783066500000,1.0996,1.0997,1.0993,1.0995,6463.0
1783066560000,1.0995,1.1005,1.0994,1.1002,2445.0
1783066620000,1.1003,1.1008,1.1001,1.1001,19029.0
1783066680000,1.1002,1.1004,1.0998,1.0998,1838.0
1783066740000,1.0998,1.1007,1.0998,1.1003,1761.0
1783066800000,1.1003,1.1006,1.1003,1.1004,1938.0
1783066860000,1.1003,1.1009,1.1003,1.1008,1566.0
1783066920000,1.1008,1.1012,1.1003,1.1004,27810.0
1783066980000,1.1003,1.1009,1.1003,1.1007,6733.0
1783067040000,1.1006,1.1012,1.1006,1.1011,2561.0
1783067100000,1.1012,1.102,1.1012,1.1017,2504.0
1783067160000,1.1017,1.1026,1.1017,1.1025,2399.0
1783067220000,1.1026,1.1029,1.1015,1.1016,24370.0
1783067280000,1.1015,1.102,1.1012,1.1013,2402.0
1783067340000,1.1013,1.1016,1.1012,1.1016,2635.0
1783067400000,1.1015,1.1016,1.0992,1.0994,2125.0
1783067460000,1.0994,1.101,1.0992,1.1009,12290.0
1783067520000,1.101,1.1013,1.1009,1.1013,56490.0
1783067580000,1.1013,1.1013,1.1012,1.1012,1555.0
1783067640000,1.1012,1.1013,1.1004,1.1007,9694.0
1783067700000,1.1007,1.1012,1.1005,1.1011,5130.0
1783067760000,1.1011,1.1017,1.1011,1.1016,8207.0
1783067820000,1.1016,1.1017,1.1014,1.1015,2230.0
1783067880000,1.1014,1.1018,1.1014,1.1017,3536.0
1783067940000,1.1018,1.102,1.1016,1.1016,49706.0
1783068000000,1.1016,1.1017,1.1016,1.1017,2884.0
1783068060000,1.1016,1.1019,1.1013,1.1013,2004.0
1783068120000,1.1014,1.1025,1.1013,1.1025,4863.0
1783068180000,1.1023,1.1062,1.1023,1.106,24638.0
1783068240000,1.1057,1.1068,1.105,1.1066,19719.0
1783068300000,1.1066,1.1069,1.1051,1.1053,11185.0
1783068360000,1.1053,1.1056,1.1045,1.1045,6133.0
1783068420000,1.1046,1.1046,1.1033,1.1041,12088.0
1783068480000,1.1041,1.1042,1.1033,1.1034,31726.0
1783068540000,1.1034,1.1034,1.1018,1.102,26254.0
1783068600000,1.102,1.1021,1.1014,1.1015,24864.0
1783068660000,1.1014,1.1015,1.1005,1.1005,16062.0
1783068720000,1.1006,1.1006,1.0987,1.0993,107559.0
1783068780000,1.0993,1.1002,1.0992,1.0997,18366.0
1783068840000,1.0995,1.0997,1.0987,1.0988,7184.0
1783068900000,1.0988,1.0993,1.0987,1.0993,6093.0
1783068960000,1.0993,1.0996,1.0989,1.0994,4300.0
1783069020000,1.0994,1.0995,1.0992,1.0993,54813.0
1783069080000,1.0993,1.0993,1.0985,1.0989,22619.0
1783069140000,1.0989,1.0995,1.0988,1.0994,33603.0
1783069200000,1.0994,1.0995,1.098,1.0981,6981.0
1783069260000,1.0981,1.0996,1.098,1.0993,7104.0
1783069320000,1.0992,1.0999,1.0992,1.0995,3848.0
1783069380000,1.0995,1.0995,1.099,1.0993,5339.0
1783069440000,1.0995,1.0999,1.0991,1.0998,2752.0
1783069500000,1.0998,1.1017,1.0998,1.1009,3803.0
1783069560000,1.1009,1.1016,1.1006,1.1012,3562.0
1783069620000,1.1012,1.1015,1.1007,1.1014,43441.0
1783069680000,1.1014,1.1015,1.1007,1.1013,23374.0
1783069740000,1.1013,1.1014,1.101,1.1013,7345.0
1783069800000,1.1014,1.1014,1.1002,1.1009,2976.0
1783069860000,1.1008,1.1017,1.1008,1.1016,4222.0
1783069920000,1.1017,1.1017,1.1016,1.1017,12096.0
1783069980000,1.1017,1.1026,1.1016,1.1024,18975.0
1783070040000,1.1026,1.1033,1.1024,1.1033,3042.0
1783070100000,1.1032,1.1037,1.1028,1.1031,1576.0
1783070160000,1.103,1.1034,1.1024,1.1024,1419.0
1783070220000,1.1024,1.1025,1.1016,1.1021,28374.0
1783070280000,1.1017,1.102,1.1014,1.1018,10382.0
1783070340000,1.1017,1.1018,1.1012,1.1012,4053.0
1783070400000,1.1013,1.1019,1.1012,1.1019,1766.0
1783070460000,1.1018,1.1028,1.1018,1.1024,2595.0
1783070520000,1.1025,1.1025,1.102,1.1021,4261.0
1783070580000,1.102,1.1026,1.102,1.1025,3278.0
1783070640000,1.1025,1.1026,1.1022,1.1022,4897.0
1783070700000,1.1022,1.1023,1.1014,1.1016,11607.0
1783070760000,1.1016,1.1017,1.1012,1.1012,2352.0
1783070820000,1.1013,1.1015,1.1011,1.1014,8234.0
1783070880000,1.1018,1.1021,1.1015,1.1021,2035.0
1783070940000,1.102,1.1024,1.1016,1.1017,1670.0
1783071000000,1.1017,1.1017,1.1011,1.1012,1775.0
1783071060000,1.1012,1.1012,1.1007,1.1009,3896.0
1783071120000,1.1009,1.101,1.1009,1.101,2089.0
1783071180000,1.101,1.1018,1.1009,1.1017,21514.0
1783071240000,1.1018,1.1018,1.1005,1.1005,2951.0
1783071300000,1.1005,1.1012,1.1005,1.1008,1586.0
1783071360000,1.1009,1.1009,1.0997,1.0998,3156.0
1783071420000,1.0998,1.1001,1.0996,1.0997,1822.0
1783071480000,1.0997,1.0999,1.0992,1.0998,8981.0
1783071540000,1.0999,1.0999,1.0996,1.0997,3681.0
1783071600000,1.0996,1.0997,1.0988,1.0994,48922.0
1783071660000,1.0995,1.0995,1.0991,1.0994,2532.0
1783071720000,1.0994,1.0995,1.0994,1.0994,19641.0
1783071780000,1.0994,1.1003,1.0994,1.0997,2454.0
1783071840000,1.0997,1.1003,1.0997,1.1002,9723.0
1783071900000,1.1002,1.1006,1.1002,1.1004,2507.0
1783071960000,1.1004,1.1027,1.1003,1.1021,56962.0
1783072020000,1.1021,1.1031,1.1011,1.1014,5016.0
1783072080000,1.1015,1.1027,1.1011,1.1022,11262.0
1783072140000,1.1022,1.1022,1.1013,1.1016,47290.0
1783072200000,1.1016,1.102,1.1015,1.1015,9564.0
1783072260000,1.1016,1.1016,1.1009,1.1009,4308.0
1783072320000,1.1009,1.101,1.1009,1.101,3116.0
1783072380000,1.1009,1.1013,1.1009,1.101,4504.0
1783072440000,1.1009,1.101,1.1009,1.101,1383.0
1783072500000,1.101,1.1015,1.1009,1.1012,1533.0
1783072560000,1.1013,1.1016,1.1012,1.1012,4423.0
1783072620000,1.1012,1.1013,1.1012,1.1013,79341.0
1783072680000,1.1012,1.1013,1.1008,1.1008,13074.0
1783072740000,1.1008,1.1011,1.1008,1.1008,1918.0
1783072800000,1.1009,1.101,1.1002,1.101,6178.0
1783072860000,1.1009,1.1016,1.1006,1.1006,2421.0
1783072920000,1.1013,1.1016,1.1,1.1,3145.0
1783072980000,1.1,1.1003,1.1,1.1002,3776.0
1783073040000,1.1002,1.1009,1.1002,1.1006,1516.0
1783073100000,1.1006,1.1007,1.1003,1.1003,1704.0
1783073160000,1.1003,1.1004,1.0996,1.0996,2273180.0
1783073220000,1.0997,1.1,1.0996,1.0997,7438.0
1783073280000,1.0997,1.1004,1.0996,1.1002,1722.0
1783073340000,1.1001,1.1002,1.0991,1.0995,25244.0
1783073400000,1.0994,1.0995,1.099,1.0994,1721.0
1783073460000,1.0993,1.0994,1.099,1.0991,3652.0
1783073520000,1.099,1.1014,1.099,1.1004,7015.0
1783073580000,1.1001,1.1006,1.0994,1.1,3658.0
1783073640000,1.0999,1.1001,1.0995,1.1,3899.0
1783073700000,1.1,1.1003,1.0996,1.1002,2342.0
1783073760000,1.1002,1.1003,1.0994,1.0994,22142.0
1783073820000,1.0995,1.0998,1.0994,1.0998,1512.0
1783073880000,1.0997,1.1002,1.0996,1.0997,7338.0
1783073940000,1.0997,1.0997,1.0993,1.0993,2569.0
1783074000000,1.0993,1.1004,1.0993,1.1002,1714.0
1783074060000,1.1002,1.1013,1.1002,1.1013,3017.0
1783074120000,1.1016,1.1016,1.1011,1.1015,2942.0
1783074180000,1.1014,1.1025,1.1014,1.1018,28271.0
1783074240000,1.1017,1.1018,1.1011,1.1011,8043.0
1783074300000,1.1011,1.1015,1.1011,1.1011,1608.0
1783074360000,1.1011,1.1028,1.1011,1.1028,1736.0
1783074420000,1.1027,1.1028,1.1022,1.1028,8491.0
1783074480000,1.1028,1.1028,1.1025,1.1027,7929.0
1783074540000,1.1028,1.1033,1.1027,1.1031,15708.0
1783074600000,1.103,1.1031,1.1022,1.1023,12265.0
1783074660000,1.1022,1.1026,1.1018,1.1019,11880.0
1783074720000,1.1018,1.1024,1.1018,1.1024,3287.0
1783074780000,1.1024,1.1033,1.1021,1.1032,2500.0
1783074840000,1.1029,1.103,1.1021,1.1027,7905.0
1783074900000,1.1026,1.1031,1.1026,1.1029,1707.0
1783074960000,1.1032,1.1032,1.1028,1.1028,1903.0
1783075020000,1.1028,1.1043,1.1028,1.1043,110773.0
1783075080000,1.1043,1.1049,1.1042,1.1049,7868.0
1783075140000,1.1048,1.1049,1.1042,1.1046,3005.0
1783075200000,1.1045,1.1046,1.1042,1.1042,3114.0
1783075260000,1.1043,1.1043,1.1039,1.1042,6542.0
1783075320000,1.1042,1.1043,1.104,1.1043,1685.0
1783075380000,1.1043,1.1068,1.1042,1.1064,24083.0
1783075440000,1.1064,1.1098,1.1064,1.1093,133073.0
1783075500000,1.1093,1.1099,1.1076,1.1076,20954.0
1783075560000,1.1077,1.1087,1.1076,1.1078,20771.0
1783075620000,1.1078,1.1097,1.1078,1.1094,12424.0
1783075680000,1.1093,1.1099,1.109,1.109,162036.0
1783075740000,1.109,1.1098,1.109,1.1098,4386.0
1783075800000,1.1097,1.1098,1.1084,1.1085,25752.0
1783075860000,1.1085,1.1097,1.1084,1.1097,4068.0
1783075920000,1.1096,1.1108,1.1095,1.1107,40556.0
1783075980000,1.1108,1.1115,1.1104,1.1107,16003.0
1783076040000,1.1107,1.1114,1.1107,1.1114,74948.0
1783076100000,1.1113,1.1118,1.1112,1.1116,13041.0
1783076160000,1.1115,1.1125,1.1115,1.1118,27273.0
1783076220000,1.1118,1.1119,1.1105,1.1106,26904.0
1783076280000,1.1105,1.1106,1.1094,1.11,157925.0
1783076340000,1.11,1.11,1.1083,1.1087,17928.0
1783076400000,1.1087,1.1087,1.1067,1.107,72066.0
1783076460000,1.107,1.1078,1.107,1.1075,43310.0
1783076520000,1.1076,1.1087,1.1075,1.1083,20827.0
1783076580000,1.1083,1.1087,1.1081,1.1086,17238.0
1783076640000,1.1087,1.11,1.1086,1.1097,6417.0
1783076700000,1.1097,1.1108,1.1096,1.1098,6832.0
1783076760000,1.1097,1.1111,1.1094,1.1099,3680.0
1783076820000,1.1098,1.1106,1.1098,1.1101,4436.0
1783076880000,1.11,1.1101,1.1092,1.1097,4263.0
1783076940000,1.1097,1.1104,1.1097,1.11,17922.0
1783077000000,1.1101,1.1109,1.1096,1.1097,4172.0
1783077060000,1.1097,1.1097,1.1082,1.1083,8331.0
1783077120000,1.1083,1.1091,1.1073,1.109,7440.0
1783077180000,1.109,1.1094,1.1081,1.1091,17577.0
1783077240000,1.109,1.1091,1.1087,1.1087,21651.0
1783077300000,1.1088,1.1102,1.1087,1.1097,3638.0
1783077360000,1.1097,1.1109,1.1093,1.1109,7428.0
1783077420000,1.1108,1.1115,1.1099,1.1099,2822.0
1783077480000,1.11,1.1102,1.1092,1.1092,4063.0
1783077540000,1.1092,1.1093,1.1086,1.1087,3737.0
1783077600000,1.1092,1.1095,1.1089,1.1094,1531.0
1783077660000,1.1095,1.1101,1.109,1.1091,7057.0
1783077720000,1.109,1.1102,1.1087,1.1101,2562.0
1783077780000,1.1102,1.1104,1.1097,1.1099,2087.0
1783077840000,1.1099,1.111,1.1099,1.111,4164.0
1783077900000,1.1109,1.111,1.1085,1.1091,34189.0
1783077960000,1.1091,1.1094,1.108,1.1081,7273.0
1783078020000,1.108,1.1083,1.1077,1.1081,29893.0
1783078080000,1.1081,1.1088,1.108,1.1087,1782.0
1783078140000,1.1087,1.1092,1.108,1.1083,8041.0
1783078200000,1.1083,1.109,1.1077,1.1081,3945.0
1783078260000,1.1082,1.109,1.108,1.108,9047.0
1783078320000,1.1081,1.1086,1.108,1.1085,14976.0
1783078380000,1.1086,1.1098,1.1085,1.1093,5943.0
1783078440000,1.1093,1.1096,1.1091,1.1092,24038.0
1783078500000,1.1091,1.1095,1.1086,1.1087,5897.0
1783078560000,1.1086,1.1088,1.1082,1.1086,15152.0
1783078620000,1.1086,1.1086,1.1073,1.1074,3220.0
1783078680000,1.1073,1.1083,1.1073,1.108,34333.0
1783078740000,1.1079,1.108,1.1067,1.1067,3119.0
1783078800000,1.1067,1.1068,1.1062,1.1063,2054.0
1783078860000,1.1064,1.1069,1.1062,1.1066,10596.0
1783078920000,1.1065,1.1068,1.1065,1.1067,17451.0
1783078980000,1.1066,1.1067,1.1064,1.1064,5118.0
1783079040000,1.1065,1.1069,1.1064,1.1067,3752.0
1783079100000,1.1068,1.1078,1.1067,1.1077,2488.0
1783079160000,1.1078,1.1084,1.1075,1.1083,54778.0
1783079220000,1.1083,1.1098,1.1083,1.1095,7039.0
1783079280000,1.1094,1.1107,1.1094,1.1102,9015.0
1783079340000,1.1101,1.1109,1.1101,1.1106,14916.0
1783079400000,1.1106,1.1116,1.1105,1.1109,7971.0
1783079460000,1.1109,1.1119,1.1109,1.1113,44624.0
1783079520000,1.1113,1.1113,1.1096,1.1096,30700.0
1783079580000,1.1096,1.1097,1.1096,1.1097,19362.0
1783079640000,1.1096,1.1106,1.1096,1.1105,5690.0
1783079700000,1.1106,1.1106,1.1098,1.1099,1639.0
1783079760000,1.1099,1.1105,1.1098,1.1102,5785.0
1783079820000,1.1102,1.1103,1.1097,1.1097,15231.0
1783079880000,1.1097,1.1098,1.1097,1.1098,2871.0
1783079940000,1.1097,1.11,1.1096,1.1096,6771.0
1783080000000,1.1097,1.1105,1.1093,1.1105,16480.0
1783080060000,1.1104,1.1133,1.1104,1.1133,60768.0
1783080120000,1.1133,1.1134,1.1124,1.1132,44210.0
1783080180000,1.1132,1.1134,1.1125,1.1127,8147.0
1783080240000,1.1127,1.1134,1.1126,1.113,5462.0
1783080300000,1.1131,1.1131,1.1103,1.1107,20140.0
1783080360000,1.1106,1.1116,1.1105,1.1105,36715.0
1783080420000,1.1105,1.1115,1.1105,1.1108,2088.0
1783080480000,1.1109,1.1109,1.1089,1.1091,20192.0
1783080540000,1.1091,1.1098,1.1089,1.1096,34647.0
1783080600000,1.1096,1.1106,1.1095,1.1099,2249.0
1783080660000,1.1099,1.11,1.1092,1.1093,7125.0
1783080720000,1.1093,1.1097,1.1091,1.1092,1791.0
1783080780000,1.1091,1.1094,1.1088,1.1089,15470.0
1783080840000,1.1089,1.1095,1.1086,1.1089,32787.0
1783080900000,1.1089,1.1094,1.1066,1.1074,28947.0
1783080960000,1.1077,1.1077,1.1051,1.1053,21224.0
1783081020000,1.1051,1.1058,1.1047,1.1051,7002.0
1783081080000,1.105,1.1055,1.1037,1.1041,89121.0
1783081140000,1.1041,1.1047,1.1031,1.1034,14656.0
1783081200000,1.1034,1.1044,1.1034,1.104,43231.0
1783081260000,1.1041,1.105,1.1037,1.105,5832.0
1783081320000,1.105,1.105,1.1049,1.1049,2535.0
1783081380000,1.1049,1.1052,1.1047,1.1049,1920.0
1783081440000,1.1045,1.1053,1.1045,1.1051,18536.0
1783081500000,1.1051,1.1051,1.1044,1.1048,3160.0
1783081560000,1.1047,1.1048,1.104,1.104,3147.0
1783081620000,1.104,1.1048,1.104,1.1048,1369.0
1783081680000,1.1047,1.1048,1.1037,1.1038,6983.0
1783081740000,1.1038,1.1044,1.1037,1.1042,4749.0
1783081800000,1.1041,1.1042,1.1032,1.1041,16437.0
1783081860000,1.1041,1.1046,1.104,1.1044,3797.0
1783081920000,1.1044,1.1052,1.1044,1.1048,4633.0
1783081980000,1.1048,1.105,1.1042,1.1049,2468.0
1783082040000,1.105,1.1055,1.1049,1.1054,8223.0
1783082100000,1.1054,1.1055,1.1042,1.1043,1858.0
1783082160000,1.1042,1.1046,1.1041,1.1044,4371.0
1783082220000,1.1044,1.1044,1.1037,1.104,5520.0
1783082280000,1.1039,1.1047,1.1039,1.1043,2045.0
1783082340000,1.1043,1.1044,1.1034,1.1037,3964.0
1783082400000,1.1037,1.1046,1.1036,1.1046,12839.0
1783082460000,1.1046,1.1049,1.1045,1.1049,30573.0
1783082520000,1.1049,1.1058,1.1048,1.1051,23718.0
1783082580000,1.1051,1.1051,1.104,1.1041,1707.0
1783082640000,1.104,1.1045,1.104,1.1045,12566.0
1783082700000,1.1045,1.1049,1.1043,1.1043,2093.0
1783082760000,1.1043,1.1047,1.1043,1.1047,1741.0
1783082820000,1.1047,1.1047,1.104,1.104,7442.0
1783082880000,1.1041,1.1041,1.104,1.104,1948.0
1783082940000,1.1041,1.1047,1.104,1.1047,1668.0
1783083000000,1.1046,1.1061,1.1046,1.106,14769.0
1783083060000,1.1061,1.1061,1.1051,1.1051,6667.0
1783083120000,1.1052,1.1058,1.1051,1.1055,17843.0
1783083180000,1.1055,1.1064,1.1054,1.1063,9352.0
1783083240000,1.1064,1.1065,1.1061,1.1062,40654.0
1783083300000,1.1061,1.107,1.1061,1.1069,1832.0
1783083360000,1.107,1.107,1.106,1.106,25215.0
1783083420000,1.1061,1.1061,1.1057,1.106,2055.0
1783083480000,1.1059,1.1069,1.1059,1.1069,3867.0
1783083540000,1.1069,1.1072,1.1068,1.107,6138.0
1783083600000,1.107,1.108,1.107,1.1079,7436.0
1783083660000,1.1078,1.109,1.1078,1.1087,20554.0
1783083720000,1.1087,1.1089,1.108,1.108,7472.0
1783083780000,1.1081,1.1087,1.108,1.1085,8443.0
1783083840000,1.1085,1.1095,1.1083,1.1092,22667.0
1783083900000,1.1094,1.1094,1.1085,1.1089,2842.0
1783083960000,1.1088,1.1097,1.1084,1.1096,2480.0
1783084020000,1.1096,1.1096,1.1092,1.1092,2821.0
1783084080000,1.1092,1.1093,1.109,1.109,20236.0
1783084140000,1.1091,1.1092,1.1085,1.1091,2864.0
1783084200000,1.1091,1.1098,1.109,1.1098,3579.0
1783084260000,1.1097,1.1098,1.1087,1.1087,21089.0
1783084320000,1.1088,1.1097,1.1087,1.1097,52821.0
1783084380000,1.1096,1.1102,1.1096,1.1098,7407.0
1783084440000,1.1098,1.1103,1.1098,1.1102,33721.0
1783084500000,1.1102,1.1107,1.1102,1.1104,6959.0
1783084560000,1.1103,1.111,1.1103,1.1109,17926.0
1783084620000,1.1109,1.112,1.1109,1.1113,4029.0
1783084680000,1.1112,1.1115,1.1112,1.1114,12637.0
1783084740000,1.1115,1.1125,1.1114,1.1119,17346.0
1783084800000,1.112,1.1126,1.1119,1.1121,8555.0
1783084860000,1.1121,1.1127,1.1121,1.1126,620587.0
1783084920000,1.1126,1.113,1.111,1.112,1620846.0
1783084980000,1.112,1.1123,1.1116,1.1123,5536.0
1783085040000,1.1123,1.1125,1.1122,1.1123,8073.0
1783085100000,1.1122,1.1123,1.1112,1.1119,34219.0
1783085160000,1.1119,1.1123,1.1119,1.1123,1947.0
1783085220000,1.1122,1.1134,1.112,1.1134,1641287.0
1783085280000,1.1134,1.1149,1.1133,1.1143,78562.0
1783085340000,1.1143,1.1146,1.1136,1.1144,9964.0
1783085400000,1.1144,1.1146,1.1127,1.1134,8839.0
1783085460000,1.1134,1.1137,1.1133,1.1134,5818.0
1783085520000,1.1133,1.1134,1.1126,1.1132,7970.0
1783085580000,1.1132,1.1136,1.1125,1.1128,2853.0
1783085640000,1.1129,1.1134,1.1125,1.1125,6297.0
1783085700000,1.1125,1.1136,1.1125,1.1136,7343.0
1783085760000,1.1135,1.1136,1.1127,1.1132,3540.0
1783085820000,1.1132,1.1133,1.112,1.1121,5741.0
1783085880000,1.1121,1.1124,1.1119,1.1121,5391.0
1783085940000,1.1119,1.1123,1.1119,1.1122,16433.0
1783086000000,1.1123,1.1125,1.1122,1.1123,7406.0
1783086060000,1.1125,1.1145,1.1123,1.1144,6329.0
1783086120000,1.1144,1.1145,1.1134,1.1138,24767.0
1783086180000,1.1138,1.1148,1.1133,1.1134,11570.0
1783086240000,1.1133,1.1137,1.1129,1.113,1601.0
1783086300000,1.1129,1.1136,1.1129,1.1133,41465.0
1783086360000,1.1132,1.1134,1.1126,1.1126,15763.0
1783086420000,1.1126,1.1127,1.112,1.1121,5286.0
1783086480000,1.1121,1.113,1.1111,1.1111,31354.0
1783086540000,1.1112,1.1112,1.1098,1.1107,31417.0
1783086600000,1.1107,1.1113,1.1097,1.11,10086.0
1783086660000,1.11,1.111,1.1099,1.1107,28693.0
1783086720000,1.1106,1.111,1.1106,1.1107,3406.0
1783086780000,1.1106,1.1129,1.1106,1.1116,16080.0
1783086840000,1.1115,1.1116,1.1098,1.1102,12101.0
1783086900000,1.1102,1.1108,1.11,1.1108,2063.0
1783086960000,1.1107,1.1111,1.1105,1.1108,8598.0
1783087020000,1.1108,1.1113,1.1107,1.1109,1847.0
1783087080000,1.111,1.111,1.1101,1.1102,4012.0
1783087140000,1.1102,1.1111,1.1101,1.1109,5376.0
1783087200000,1.1108,1.111,1.1084,1.1085,33877.0
1783087260000,1.1085,1.11,1.1076,1.1095,42672.0
1783087320000,1.1095,1.1107,1.1094,1.1104,6493.0
1783087380000,1.1103,1.1113,1.1103,1.1113,175978.0
1783087440000,1.1108,1.1117,1.1108,1.1116,20888.0
1783087500000,1.1116,1.1117,1.111,1.1114,2989.0
1783087560000,1.1114,1.1115,1.1108,1.1113,6514.0
1783087620000,1.1115,1.1128,1.1113,1.1128,27790.0
1783087680000,1.1127,1.1133,1.1123,1.1124,9122.0
1783087740000,1.1124,1.1124,1.1113,1.1118,15275.0
1783087800000,1.1119,1.1119,1.1109,1.1109,6539.0
1783087860000,1.1109,1.1113,1.1109,1.1111,3989.0
1783087920000,1.1111,1.1116,1.1109,1.111,54490.0
1783087980000,1.1106,1.1107,1.1081,1.1082,13498.0
1783088040000,1.1083,1.109,1.1074,1.109,12633.0
1783088100000,1.109,1.1104,1.1084,1.1104,30320.0
1783088160000,1.1104,1.1117,1.1103,1.1116,48869.0
1783088220000,1.1117,1.1129,1.1114,1.1129,26655.0
1783088280000,1.1128,1.1129,1.1106,1.1106,6177.0
1783088340000,1.1106,1.1107,1.1084,1.1085,39767.0
1783088400000,1.1084,1.1085,1.1076,1.1082,34197.0
1783088460000,1.1083,1.1086,1.105,1.1066,16300.0
1783088520000,1.1065,1.1066,1.1056,1.1064,7381.0
1783088580000,1.1063,1.1078,1.1063,1.107,4052.0
1783088640000,1.1071,1.1078,1.1062,1.1063,3278.0
1783088700000,1.1062,1.1075,1.1062,1.1072,4013.0
1783088760000,1.1072,1.1073,1.1072,1.1072,6512.0
1783088820000,1.1072,1.1081,1.1067,1.1067,17759.0
1783088880000,1.1067,1.1076,1.1064,1.1076,4371.0
1783088940000,1.1076,1.1081,1.1075,1.1081,31569.0
1783089000000,1.1081,1.1081,1.1071,1.1076,22469.0
1783089060000,1.1076,1.1097,1.1076,1.1097,6703.0
1783089120000,1.1096,1.1097,1.1079,1.1092,10720.0
1783089180000,1.1095,1.1098,1.109,1.1093,18684.0
1783089240000,1.1093,1.1094,1.1079,1.1083,8636.0
1783089300000,1.1082,1.1088,1.1078,1.1085,6159.0
1783089360000,1.1084,1.1093,1.1084,1.1088,18020.0
1783089420000,1.1089,1.1099,1.1088,1.1098,5711.0
1783089480000,1.1098,1.1099,1.1075,1.1076,3116.0
1783089540000,1.1075,1.1095,1.1075,1.1095,6501.0
1783089600000,1.1096,1.1119,1.1093,1.1118,7580.0
1783089660000,1.1118,1.1124,1.1114,1.1117,8526.0
1783089720000,1.1117,1.1123,1.1114,1.1117,4115.0
1783089780000,1.1118,1.1118,1.1106,1.1107,2991.0
1783089840000,1.1106,1.111,1.1106,1.1109,5848.0
1783089900000,1.111,1.1121,1.1109,1.1116,9162.0
1783089960000,1.1115,1.1123,1.1112,1.1119,2333.0
1783090020000,1.112,1.1126,1.1113,1.1121,10085.0
1783090080000,1.1122,1.1122,1.1116,1.1119,39749.0
1783090140000,1.1118,1.1123,1.1118,1.1118,2497.0
1783090200000,1.1121,1.1122,1.1114,1.1121,1747.0
1783090260000,1.1121,1.1127,1.112,1.1126,38800.0
1783090320000,1.1126,1.1126,1.1115,1.1116,7833.0
1783090380000,1.1116,1.1123,1.1113,1.1113,29407.0
1783090440000,1.1113,1.1132,1.1111,1.1131,3795.0
1783090500000,1.1132,1.1138,1.1122,1.1126,24421.0
1783090560000,1.1127,1.1131,1.1126,1.1127,4101.0
1783090620000,1.1127,1.1131,1.1122,1.1123,3837.0
1783090680000,1.1123,1.1123,1.1117,1.1117,2182.0
1783090740000,1.1117,1.1118,1.1113,1.1118,1972.0
1783090800000,1.1117,1.1122,1.1115,1.1121,6637.0
1783090860000,1.1121,1.1139,1.1121,1.1138,12994.0
1783090920000,1.1138,1.1139,1.1132,1.1132,6147.0
1783090980000,1.1133,1.1133,1.1118,1.1124,7343.0
1783091040000,1.1124,1.113,1.1122,1.1128,3093.0
1783091100000,1.1134,1.114,1.113,1.1139,2738.0
1783091160000,1.1139,1.117,1.1133,1.1164,52979.0
1783091220000,1.1162,1.1194,1.1162,1.1192,64706.0
1783091280000,1.1192,1.1213,1.1187,1.1203,120895.0
1783091340000,1.1201,1.1211,1.1192,1.1209,16320.0
1783091400000,1.1209,1.1209,1.1196,1.1203,15101.0
1783091460000,1.1203,1.1204,1.1191,1.1194,23748.0
1783091520000,1.1195,1.1195,1.1188,1.1191,13512.0
1783091580000,1.1192,1.1195,1.1184,1.1187,27097.0
1783091640000,1.1188,1.1195,1.1184,1.1195,3713.0
1783091700000,1.1194,1.1209,1.1188,1.1194,38092.0
1783091760000,1.1194,1.1196,1.118,1.1196,45601.0
1783091820000,1.1196,1.1206,1.1192,1.1202,2415.0
1783091880000,1.1202,1.1209,1.1202,1.1207,8385.0
1783091940000,1.1206,1.1233,1.1206,1.1233,53266.0
1783092000000,1.1233,1.1233,1.1216,1.1218,43858.0
1783092060000,1.1217,1.1221,1.1198,1.1203,34223.0
1783092120000,1.1203,1.1208,1.1191,1.1198,12631.0
1783092180000,1.1197,1.1203,1.119,1.119,36579.0
1783092240000,1.119,1.1194,1.118,1.1187,29522.0
1783092300000,1.1191,1.1195,1.1184,1.1192,18373.0
1783092360000,1.1192,1.12,1.1188,1.1198,54447.0
1783092420000,1.1198,1.1198,1.1194,1.1195,2410.0
1783092480000,1.1194,1.1195,1.1181,1.1188,10222.0
1783092540000,1.1187,1.1209,1.1187,1.1202,24504.0
1783092600000,1.1202,1.1203,1.1189,1.119,29056.0
1783092660000,1.119,1.1201,1.119,1.1196,50538.0
1783092720000,1.1196,1.1198,1.1184,1.1189,23780.0
1783092780000,1.119,1.119,1.1183,1.1187,11517.0
1783092840000,1.1186,1.1191,1.1158,1.1167,9361.0
1783092900000,1.1167,1.1176,1.1166,1.1168,15757.0
1783092960000,1.1168,1.118,1.1167,1.118,3587.0
1783093020000,1.118,1.1188,1.118,1.1181,8242.0
1783093080000,1.118,1.1195,1.1176,1.119,2079.0
1783093140000,1.1189,1.1197,1.1188,1.1188,28125.0
1783093200000,1.1188,1.1189,1.1174,1.1183,3205.0
1783093260000,1.1182,1.1192,1.1174,1.1178,16039.0
1783093320000,1.1178,1.1182,1.1173,1.1182,2300.0
1783093380000,1.1182,1.1195,1.1181,1.1186,3422.0
1783093440000,1.1187,1.1198,1.1186,1.1188,8016.0
1783093500000,1.1188,1.1195,1.118,1.1187,12032.0
1783093560000,1.1186,1.1187,1.1178,1.1179,9900.0
1783093620000,1.1179,1.118,1.1175,1.1177,2697.0
1783093680000,1.1177,1.1182,1.1177,1.1178,2419.0
1783093740000,1.1177,1.1186,1.1174,1.1182,2246.0
1783093800000,1.1182,1.1192,1.1176,1.1191,1756.0
1783093860000,1.1191,1.1192,1.1176,1.1187,2832.0
1783093920000,1.119,1.121,1.1187,1.1209,32976.0
1783093980000,1.1207,1.1221,1.1207,1.1213,139004.0
1783094040000,1.1214,1.1223,1.1213,1.1223,8230.0
1783094100000,1.1223,1.1223,1.1204,1.1204,150540.0
1783094160000,1.1204,1.1205,1.1198,1.12,4791.0
1783094220000,1.1199,1.12,1.1192,1.1197,22684.0
1783094280000,1.1198,1.1198,1.1187,1.1196,20222.0
1783094340000,1.1195,1.1196,1.1195,1.1196,2345.0
1783094400000,1.1195,1.121,1.1177,1.1209,20064.0
1783094460000,1.1207,1.1209,1.1175,1.1185,2953.0
1783094520000,1.1184,1.1185,1.1175,1.1177,5039.0
1783094580000,1.1176,1.1195,1.1173,1.1195,1883.0
1783094640000,1.1195,1.1195,1.1179,1.1179,6649.0
1783094700000,1.118,1.1192,1.1179,1.1186,9234.0
1783094760000,1.1186,1.1186,1.1177,1.1186,27824.0
1783094820000,1.1185,1.1186,1.118,1.1181,2202.0
1783094880000,1.1181,1.1188,1.1177,1.1178,16282.0
1783094940000,1.1178,1.1181,1.1177,1.1181,16727.0
1783095000000,1.1181,1.1181,1.1172,1.1177,4731.0
1783095060000,1.1177,1.1181,1.1177,1.118,9172.0
1783095120000,1.118,1.1184,1.1176,1.1178,1666.0
1783095180000,1.1177,1.1177,1.1142,1.1142,42712.0
1783095240000,1.1142,1.115,1.1142,1.1144,6506.0
1783095300000,1.1142,1.115,1.114,1.1149,9041.0
1783095360000,1.1149,1.1152,1.1149,1.1151,3003.0
1783095420000,1.1151,1.1165,1.1151,1.1162,20366.0
1783095480000,1.1161,1.1176,1.1161,1.1176,3101.0
1783095540000,1.1176,1.1176,1.1175,1.1175,3236.0
1783095600000,1.1175,1.1176,1.1161,1.1161,2610.0
1783095660000,1.1162,1.117,1.1161,1.117,5236.0
1783095720000,1.117,1.1187,1.1169,1.1174,13765.0
1783095780000,1.1175,1.1193,1.1174,1.1192,2340.0
1783095840000,1.1193,1.1196,1.1182,1.1183,4276.0
1783095900000,1.1183,1.1183,1.1164,1.1165,6159.0
1783095960000,1.1165,1.1165,1.1148,1.1149,2575.0
1783096020000,1.1149,1.1158,1.1148,1.1155,1458.0
1783096080000,1.1155,1.1167,1.1155,1.1163,5776.0
1783096140000,1.1163,1.1167,1.1163,1.1165,6459.0
1783096200000,1.1165,1.1178,1.1161,1.1167,4765.0
1783096260000,1.1169,1.1169,1.1147,1.1147,2435.0
1783096320000,1.1147,1.1147,1.114,1.1141,3239.0
1783096380000,1.1145,1.1146,1.1139,1.1141,19341.0
1783096440000,1.1141,1.1156,1.1141,1.1155,3185.0
1783096500000,1.1156,1.1167,1.1155,1.1163,1872.0
1783096560000,1.1163,1.1168,1.1162,1.1165,2567.0
1783096620000,1.1165,1.1166,1.115,1.1156,1945.0
1783096680000,1.1156,1.116,1.1155,1.1155,2175.0
1783096740000,1.1156,1.1156,1.1152,1.1152,8409.0
1783096800000,1.1152,1.1153,1.1147,1.1147,1999.0
1783096860000,1.1148,1.1154,1.1147,1.1154,15048.0
1783096920000,1.1153,1.1158,1.1153,1.1158,2545.0
1783096980000,1.1157,1.1162,1.1157,1.1158,1744.0
1783097040000,1.1158,1.1167,1.1157,1.1166,5406.0
1783097100000,1.1166,1.1167,1.1157,1.1161,3514.0
1783097160000,1.116,1.1161,1.116,1.1161,18152.0
1783097220000,1.1161,1.1162,1.1156,1.1159,38388.0
1783097280000,1.1159,1.1167,1.1147,1.1147,108768.0
1783097340000,1.1147,1.1148,1.1143,1.1143,3808.0
1783097400000,1.1143,1.1144,1.1138,1.1144,6504.0
1783097460000,1.1143,1.1145,1.1141,1.1144,2802.0
1783097520000,1.1144,1.115,1.1141,1.115,3370.0
1783097580000,1.115,1.1152,1.1147,1.1151,6906.0
1783097640000,1.1152,1.1152,1.1141,1.1143,8669.0
1783097700000,1.1141,1.1148,1.1139,1.1148,1939.0
1783097760000,1.1148,1.1151,1.1147,1.1151,2005.0
1783097820000,1.115,1.1151,1.115,1.115,2305.0
1783097880000,1.1151,1.1151,1.1141,1.1142,4625.0
1783097940000,1.1142,1.1149,1.1141,1.1146,5398.0
1783098000000,1.1145,1.1151,1.114,1.115,2809.0
1783098060000,1.115,1.1161,1.115,1.116,8078.0
1783098120000,1.1161,1.1162,1.1151,1.1152,77841.0
1783098180000,1.1152,1.1152,1.1151,1.1151,3502.0
1783098240000,1.1151,1.1169,1.1151,1.1169,2103.0
1783098300000,1.1169,1.1171,1.1165,1.1171,31759.0
1783098360000,1.1171,1.1181,1.117,1.118,10657.0
1783098420000,1.118,1.1198,1.1175,1.1198,30395.0
1783098480000,1.1198,1.1198,1.1189,1.119,76152.0
1783098540000,1.1189,1.1197,1.1187,1.119,3142.0
1783098600000,1.1189,1.1196,1.1188,1.1192,2968.0
1783098660000,1.1192,1.1193,1.1189,1.1193,1526.0
1783098720000,1.1193,1.1197,1.1192,1.1193,2323.0
1783098780000,1.1194,1.1211,1.1193,1.1211,10532.0
1783098840000,1.1211,1.1211,1.1198,1.1198,27940.0
1783098900000,1.1198,1.1199,1.1179,1.1182,19682.0
1783098960000,1.1181,1.1185,1.1181,1.1185,1906.0
1783099020000,1.1184,1.1186,1.1181,1.1182,2911.0
1783099080000,1.1183,1.1194,1.1182,1.1194,1845.0
1783099140000,1.1193,1.1194,1.119,1.1192,2627.0
1783099200000,1.1192,1.1198,1.1192,1.1192,9709.0
1783099260000,1.1193,1.1196,1.118,1.118,1554.0
1783099320000,1.118,1.1189,1.118,1.1188,1546.0
1783099380000,1.1188,1.1189,1.1177,1.1178,14405.0
1783099440000,1.1177,1.1178,1.1166,1.1168,78239.0
1783099500000,1.1167,1.117,1.116,1.116,6130.0
1783099560000,1.116,1.118,1.116,1.118,3613.0
1783099620000,1.118,1.1182,1.1176,1.1176,11753.0
1783099680000,1.1176,1.1183,1.1171,1.1175,3471.0
1783099740000,1.1175,1.1176,1.1173,1.1174,1812.0
1783099800000,1.1174,1.1174,1.1165,1.1169,1601.0
1783099860000,1.1169,1.1185,1.1168,1.1182,46460.0
1783099920000,1.1183,1.1186,1.1179,1.1179,1544.0
1783099980000,1.1179,1.1186,1.1179,1.1186,13790.0
1783100040000,1.1186,1.1197,1.1185,1.1196,6395.0
1783100100000,1.1196,1.1209,1.1196,1.1207,2702.0
1783100160000,1.1204,1.1208,1.1199,1.1199,2431.0
1783100220000,1.12,1.1207,1.1199,1.1202,2505.0
1783100280000,1.1201,1.1205,1.1201,1.1201,1634.0
1783100340000,1.1202,1.1202,1.1192,1.1193,2948.0
1783100400000,1.1192,1.1197,1.1184,1.1197,16189.0
1783100460000,1.1197,1.1209,1.1196,1.1209,8180.0
1783100520000,1.1208,1.1216,1.1208,1.1211,87173.0
1783100580000,1.1211,1.124,1.121,1.1231,69370.0
1783100640000,1.1233,1.1233,1.1216,1.1217,38002.0
1783100700000,1.1217,1.1222,1.1212,1.1212,58953.0
1783100760000,1.1212,1.1219,1.1212,1.1216,8058.0
1783100820000,1.1217,1.1217,1.1204,1.1208,39160.0
1783100880000,1.1208,1.1208,1.1206,1.1207,14046.0
1783100940000,1.1206,1.121,1.1203,1.1209,22635.0
1783101000000,1.121,1.121,1.1199,1.1203,30171.0
1783101060000,1.1204,1.1214,1.1203,1.1213,11054.0
1783101120000,1.1213,1.1214,1.1213,1.1214,7829.0
1783101180000,1.1214,1.1218,1.1213,1.1217,15158.0
1783101240000,1.1218,1.1222,1.1217,1.1221,22482.0
1783101300000,1.1222,1.1222,1.1217,1.122,2347.0
1783101360000,1.1221,1.1221,1.1218,1.122,3076.0
1783101420000,1.1221,1.1221,1.1218,1.122,6259.0
1783101480000,1.122,1.1221,1.1217,1.1221,3479.0
1783101540000,1.122,1.1226,1.1218,1.1226,7424.0
1783101600000,1.1228,1.123,1.1212,1.1215,10481.0
1783101660000,1.1214,1.1224,1.1214,1.1224,1369.0
1783101720000,1.1224,1.1224,1.122,1.122,1530.0
1783101780000,1.122,1.1224,1.1217,1.1221,12940.0
1783101840000,1.1221,1.1222,1.1218,1.1222,7755.0
1783101900000,1.1222,1.1223,1.1214,1.1214,3308.0
1783101960000,1.1212,1.1216,1.1206,1.1211,20194.0
1783102020000,1.121,1.1211,1.1207,1.1211,4644.0
1783102080000,1.1211,1.1212,1.1207,1.1211,2360.0
1783102140000,1.1212,1.1212,1.1201,1.1205,1699.0
1783102200000,1.1205,1.1214,1.1204,1.1214,235899.0
1783102260000,1.1213,1.1214,1.1208,1.1212,5295.0
1783102320000,1.1212,1.1212,1.1201,1.1203,1625.0
1783102380000,1.1203,1.1207,1.1201,1.1207,5709.0
1783102440000,1.1207,1.1207,1.1204,1.1207,2486.0
1783102500000,1.1204,1.121,1.1201,1.1203,15164.0
1783102560000,1.1204,1.1208,1.1203,1.1204,1498.0
1783102620000,1.1204,1.1216,1.1204,1.1213,1462.0
1783102680000,1.1213,1.1217,1.121,1.1216,1750.0
1783102740000,1.1217,1.1217,1.1216,1.1216,4550.0
1783102800000,1.1217,1.1223,1.1216,1.1219,5443.0
1783102860000,1.1219,1.122,1.1214,1.1214,1955.0
1783102920000,1.1215,1.1215,1.1212,1.1213,2526.0
1783102980000,1.1213,1.1213,1.1207,1.121,1667.0
1783103040000,1.1209,1.121,1.1204,1.1204,2404.0
1783103100000,1.1205,1.1208,1.1203,1.1205,8430.0
1783103160000,1.1205,1.1209,1.1203,1.1209,1699.0
1783103220000,1.1209,1.1212,1.1208,1.1212,1894.0
1783103280000,1.1211,1.1212,1.1207,1.1207,3759.0
1783103340000,1.1207,1.1212,1.1207,1.1212,1641.0
1783103400000,1.1212,1.1215,1.1205,1.1209,2003.0
1783103460000,1.1208,1.1209,1.1201,1.1201,3518.0
1783103520000,1.1205,1.1211,1.1204,1.1211,4333.0
1783103580000,1.1211,1.1223,1.121,1.1222,5679.0
1783103640000,1.1223,1.1224,1.1217,1.122,1788.0
1783103700000,1.1221,1.1221,1.1216,1.122,2627.0
1783103760000,1.122,1.1244,1.1219,1.1243,42705.0
1783103820000,1.1244,1.125,1.1238,1.1239,20481.0
1783103880000,1.1238,1.1254,1.1235,1.1252,24539.0
1783103940000,1.1254,1.1259,1.1252,1.1258,25161.0
1783104000000,1.1259,1.1274,1.1258,1.1274,302441.0
1783104060000,1.1272,1.1289,1.1269,1.1279,55766.0
1783104120000,1.1282,1.1282,1.1269,1.1273,14556.0
1783104180000,1.1272,1.129,1.1272,1.1289,25138.0
1783104240000,1.1289,1.1289,1.1276,1.1276,29123.0
1783104300000,1.1276,1.1277,1.1261,1.1263,17751.0
1783104360000,1.1263,1.1278,1.1261,1.1277,1535.0
1783104420000,1.1277,1.1277,1.1263,1.1267,15500.0
1783104480000,1.1266,1.1271,1.1263,1.1263,17074.0
1783104540000,1.1263,1.1269,1.1259,1.1262,5016.0
1783104600000,1.1261,1.1262,1.1249,1.1254,38776.0
1783104660000,1.1255,1.1267,1.1254,1.1267,3100.0
1783104720000,1.1266,1.1275,1.1266,1.1272,14601.0
1783104780000,1.1272,1.1273,1.1259,1.1261,13996.0
1783104840000,1.1262,1.1266,1.1261,1.1262,3525.0
1783104900000,1.1262,1.1263,1.1259,1.1262,12726.0
1783104960000,1.1262,1.1275,1.1262,1.1271,2734.0
1783105020000,1.1271,1.1273,1.1268,1.1272,3764.0
1783105080000,1.1273,1.128,1.1267,1.1267,2887.0
1783105140000,1.1267,1.1268,1.1263,1.1264,6235.0
1783105200000,1.1263,1.1264,1.126,1.126,1465.0
1783105260000,1.1261,1.1261,1.1258,1.1258,33173.0
1783105320000,1.1258,1.1266,1.1258,1.1262,2133.0
1783105380000,1.1263,1.1272,1.1262,1.1271,3163.0
1783105440000,1.1272,1.1274,1.1264,1.1269,22704.0
1783105500000,1.1269,1.127,1.1256,1.1256,14891.0
1783105560000,1.1256,1.1283,1.1256,1.1281,8227.0
1783105620000,1.1281,1.1287,1.1272,1.1287,3754.0
1783105680000,1.1285,1.1287,1.1277,1.128,2035061.0
1783105740000,1.1283,1.1316,1.1282,1.1312,86784.0
1783105800000,1.1312,1.1328,1.1312,1.1326,119935.0
1783105860000,1.1325,1.1368,1.1325,1.1359,134559.0
1783105920000,1.1359,1.1375,1.1352,1.1367,12296.0
1783105980000,1.1367,1.1367,1.135,1.1361,48549.0
1783106040000,1.1361,1.1367,1.1355,1.1364,7007.0
1783106100000,1.1364,1.1408,1.1362,1.14,322351.0
1783106160000,1.1407,1.1422,1.14,1.142,105666.0
1783106220000,1.142,1.1448,1.1417,1.1445,67495.0
1783106280000,1.1443,1.1448,1.1397,1.1409,53182.0
1783106340000,1.1407,1.1424,1.1399,1.1419,67988.0
1783106400000,1.142,1.142,1.1382,1.1392,34215.0
1783106460000,1.1392,1.1393,1.1365,1.1375,20354.0
1783106520000,1.1375,1.139,1.1373,1.1387,49368.0
1783106580000,1.1386,1.139,1.1381,1.1384,20062.0
1783106640000,1.1383,1.1392,1.1374,1.1381,14458.0
1783106700000,1.1381,1.1382,1.1371,1.1379,3268.0
1783106760000,1.138,1.1407,1.138,1.1406,14707.0
1783106820000,1.1407,1.1423,1.1407,1.1418,7440.0
1783106880000,1.1417,1.1428,1.1417,1.142,5276.0
1783106940000,1.1421,1.1429,1.142,1.1421,15376.0
1783107000000,1.1422,1.1422,1.1379,1.1395,26643.0
1783107060000,1.1392,1.1395,1.1359,1.1377,38030.0
1783107120000,1.1376,1.1377,1.1367,1.1374,2121.0
1783107180000,1.1374,1.1402,1.1374,1.1402,38277.0
1783107240000,1.1401,1.1401,1.1383,1.1388,7637.0
1783107300000,1.1392,1.1392,1.137,1.1373,7028.0
1783107360000,1.1373,1.1374,1.1346,1.1351,44547.0
1783107420000,1.1352,1.1363,1.1351,1.1355,13270.0
1783107480000,1.1355,1.1388,1.135,1.1375,48749.0
1783107540000,1.1375,1.1375,1.1354,1.1354,11937.0
1783107600000,1.1354,1.1357,1.1349,1.1355,16399.0
1783107660000,1.1355,1.1365,1.1347,1.136,247558.0
1783107720000,1.1363,1.137,1.1359,1.1365,13178.0
1783107780000,1.1366,1.1366,1.1362,1.1362,11989.0
1783107840000,1.1362,1.1363,1.1353,1.1353,5956.0
1783107900000,1.1354,1.1354,1.1335,1.1339,20777.0
1783107960000,1.1342,1.1342,1.1335,1.1339,3500.0
1783108020000,1.1339,1.1339,1.133,1.1331,24895.0
1783108080000,1.133,1.133,1.1317,1.132,30204.0
1783108140000,1.1319,1.1328,1.1317,1.1319,28254.0
1783108200000,1.132,1.1327,1.1315,1.1317,55411.0
1783108260000,1.132,1.1323,1.1317,1.1321,9246.0
1783108320000,1.1321,1.1322,1.1315,1.1318,3942.0
1783108380000,1.1317,1.1323,1.1313,1.132,5370.0
1783108440000,1.132,1.132,1.1308,1.131,52733.0
1783108500000,1.131,1.131,1.1302,1.1308,55197.0
1783108560000,1.131,1.1315,1.1309,1.1311,415173.0
1783108620000,1.1312,1.1316,1.1311,1.1311,2082.0
1783108680000,1.1308,1.1317,1.1308,1.1317,35442.0
1783108740000,1.1316,1.1323,1.1312,1.1312,17407.0
1783108800000,1.1313,1.1316,1.13,1.1301,34388.0
1783108860000,1.1301,1.1304,1.1283,1.1283,38228.0
1783108920000,1.1284,1.1293,1.1284,1.1291,17955.0
1783108980000,1.1292,1.13,1.1288,1.1289,232085.0
1783109040000,1.1285,1.1286,1.1278,1.1283,11401.0
1783109100000,1.1283,1.1283,1.1275,1.1281,10895.0
1783109160000,1.1282,1.1323,1.1278,1.132,11011.0
1783109220000,1.132,1.1344,1.1318,1.1336,38522.0
1783109280000,1.1339,1.1339,1.1322,1.1322,50788.0
1783109340000,1.1322,1.1324,1.1315,1.1323,48174.0
1783109400000,1.1323,1.1329,1.132,1.1329,13841.0
1783109460000,1.1323,1.1328,1.1318,1.132,9455.0
1783109520000,1.1319,1.132,1.1309,1.1312,3131.0
1783109580000,1.1319,1.1319,1.1311,1.1315,15177367.0
1783109640000,1.1315,1.1344,1.1314,1.1341,23960.0
1783109700000,1.1344,1.1344,1.1326,1.1331,111529.0
1783109760000,1.1331,1.1336,1.1323,1.1336,4427.0
1783109820000,1.1334,1.1341,1.1332,1.1333,2001.0
1783109880000,1.1333,1.1343,1.1324,1.1343,3220.0
1783109940000,1.1343,1.1366,1.1342,1.1363,54622.0
1783110000000,1.136,1.1369,1.1356,1.1365,15198.0
1783110060000,1.1365,1.1369,1.1357,1.1358,19852.0
1783110120000,1.1358,1.1361,1.1357,1.1361,3218.0
1783110180000,1.136,1.1361,1.1341,1.1341,37196.0
1783110240000,1.1342,1.1367,1.133,1.1366,47134.0
1783110300000,1.1367,1.1385,1.1366,1.138,57389.0
1783110360000,1.138,1.1408,1.1375,1.1405,23243.0
1783110420000,1.1405,1.1406,1.1387,1.1391,39844.0
1783110480000,1.1387,1.1392,1.1382,1.1382,296975.0
1783110540000,1.1382,1.1383,1.1371,1.1374,29247.0
1783110600000,1.1375,1.1382,1.1369,1.1369,29529.0
1783110660000,1.1369,1.1376,1.1369,1.1373,12138.0
1783110720000,1.1373,1.1391,1.1373,1.1378,2981.0
1783110780000,1.1379,1.1379,1.1364,1.1369,9836.0
1783110840000,1.1369,1.1374,1.1362,1.1374,17876.0
1783110900000,1.1374,1.1396,1.1369,1.139,18242.0
1783110960000,1.1393,1.1434,1.139,1.1417,94692.0
1783111020000,1.1417,1.1417,1.1388,1.1389,27032.0
1783111080000,1.1388,1.1403,1.1381,1.1395,7071.0
1783111140000,1.1395,1.1395,1.1376,1.1379,117913.0
1783111200000,1.1379,1.1382,1.1371,1.1381,21527.0
1783111260000,1.1381,1.1398,1.1381,1.1394,9172.0
1783111320000,1.1393,1.14,1.1388,1.1394,3879.0
1783111380000,1.1394,1.1396,1.1388,1.1389,4482.0
1783111440000,1.1388,1.1392,1.1385,1.1386,33318.0
1783111500000,1.1385,1.1407,1.1379,1.1403,4101.0
1783111560000,1.14,1.1402,1.1388,1.1395,2158.0
1783111620000,1.1396,1.1402,1.1393,1.1395,1769.0
1783111680000,1.1395,1.1407,1.1394,1.1407,11551.0
1783111740000,1.1406,1.1413,1.1396,1.1396,49598.0
1783111800000,1.1396,1.1397,1.138,1.1383,15227.0
1783111860000,1.1384,1.1385,1.138,1.1381,3984.0
1783111920000,1.1382,1.1392,1.1382,1.1392,4568.0
1783111980000,1.1392,1.1396,1.1386,1.139,15361.0
1783112040000,1.1389,1.139,1.138,1.1389,1606.0
1783112100000,1.1388,1.1389,1.1371,1.138,28045.0
1783112160000,1.1383,1.1389,1.1379,1.138,1566.0
1783112220000,1.138,1.1384,1.1373,1.1374,12402.0
1783112280000,1.1374,1.1378,1.1373,1.1377,3254.0
1783112340000,1.1378,1.1392,1.1377,1.1389,2568.0
1783112400000,1.139,1.1397,1.1386,1.1387,3461.0
1783112460000,1.1386,1.1407,1.1386,1.1401,5287.0
1783112520000,1.1401,1.1402,1.1376,1.1381,3923.0
1783112580000,1.138,1.1393,1.138,1.1393,3629.0
1783112640000,1.1393,1.1393,1.1378,1.1378,1732.0
1783112700000,1.1379,1.1383,1.1363,1.1363,5443.0
1783112760000,1.1361,1.137,1.1361,1.1366,26104.0
1783112820000,1.1366,1.1369,1.1355,1.1357,259807.0
1783112880000,1.1356,1.136,1.1348,1.1349,15250.0
1783112940000,1.1348,1.136,1.1348,1.136,6211.0
1783113000000,1.136,1.136,1.1351,1.1351,4461.0
1783113060000,1.1351,1.1355,1.1351,1.1353,1680.0
1783113120000,1.1352,1.1363,1.1352,1.1363,2470.0
1783113180000,1.1362,1.1374,1.1355,1.1356,15591.0
1783113240000,1.1357,1.1357,1.1341,1.1349,5687.0
1783113300000,1.1349,1.135,1.1341,1.1349,4256.0
1783113360000,1.135,1.135,1.1332,1.1332,2062.0
1783113420000,1.1334,1.1339,1.1329,1.1333,13913.0
1783113480000,1.1332,1.1333,1.1316,1.1325,62225.0
1783113540000,1.1324,1.1325,1.131,1.1312,28077.0
1783113600000,1.1313,1.1318,1.1312,1.1315,46056.0
1783113660000,1.1314,1.1327,1.1314,1.1323,4458.0
1783113720000,1.1323,1.1326,1.1315,1.1316,38835.0
1783113780000,1.1315,1.1319,1.1315,1.1319,1773.0
1783113840000,1.1319,1.1319,1.1312,1.1313,8504.0
1783113900000,1.1313,1.1317,1.1305,1.1306,47639.0
1783113960000,1.1306,1.131,1.1305,1.1305,5580.0
1783114020000,1.1305,1.1306,1.1297,1.13,19867.0
1783114080000,1.1301,1.1305,1.13,1.1301,4575.0
1783114140000,1.1301,1.1308,1.1301,1.1305,32031.0
1783114200000,1.1304,1.1306,1.1297,1.13,1817.0
1783114260000,1.1299,1.13,1.129,1.1293,31007.0
1783114320000,1.1293,1.1294,1.1284,1.1284,410899.0
1783114380000,1.1285,1.129,1.1281,1.1289,3972.0
1783114440000,1.1293,1.1315,1.1289,1.1289,614115.0
1783114500000,1.1289,1.1297,1.1289,1.1293,6769.0
1783114560000,1.1289,1.1293,1.1289,1.1292,4952.0
1783114620000,1.1292,1.1297,1.1283,1.1283,10710.0
1783114680000,1.1283,1.1284,1.1273,1.1277,50393.0
1783114740000,1.1277,1.1278,1.1268,1.127,55626.0
1783114800000,1.1271,1.1277,1.1264,1.1272,6388.0
1783114860000,1.1272,1.1288,1.1271,1.1282,22116.0
1783114920000,1.1281,1.1284,1.1279,1.1281,16449.0
1783114980000,1.128,1.1284,1.1279,1.1283,1521.0
1783115040000,1.1283,1.1296,1.1282,1.1295,25684.0
1783115100000,1.1294,1.13,1.1291,1.1299,3967.0
1783115160000,1.1299,1.1319,1.1299,1.1314,28880.0
1783115220000,1.1314,1.1324,1.1313,1.1322,36576.0
1783115280000,1.1323,1.1329,1.1322,1.1323,8287.0
1783115340000,1.1323,1.1324,1.132,1.1324,8777.0
1783115400000,1.1324,1.1327,1.132,1.1325,4888.0
1783115460000,1.1325,1.1329,1.1324,1.1329,6269.0
1783115520000,1.1328,1.1329,1.1326,1.1328,10266.0
1783115580000,1.1328,1.1337,1.1328,1.1335,5679.0
1783115640000,1.1337,1.1349,1.1335,1.1339,19663.0
1783115700000,1.1338,1.1348,1.1338,1.1338,25240.0
1783115760000,1.1338,1.1339,1.1332,1.1333,8543.0
1783115820000,1.1333,1.1333,1.133,1.1331,55760.0
1783115880000,1.133,1.1332,1.1327,1.1329,28248.0
1783115940000,1.1329,1.133,1.1322,1.1329,6973.0
1783116000000,1.1328,1.134,1.1328,1.1336,6377.0
1783116060000,1.1335,1.1347,1.1335,1.134,8211.0
1783116120000,1.1339,1.1348,1.1339,1.1347,2527.0
1783116180000,1.1348,1.1348,1.1329,1.1335,8533.0
1783116240000,1.1335,1.1336,1.1328,1.1332,8268.0
1783116300000,1.1333,1.1336,1.1311,1.1311,38094.0
1783116360000,1.1312,1.1319,1.1307,1.1308,22027.0
1783116420000,1.1308,1.1318,1.1302,1.1315,34292.0
1783116480000,1.1314,1.1315,1.1303,1.1307,19849.0
1783116540000,1.1307,1.1308,1.1304,1.1304,3851.0
1783116600000,1.1304,1.1305,1.13,1.1304,3292.0
1783116660000,1.1303,1.1304,1.1292,1.1292,8766.0
1783116720000,1.1293,1.1295,1.1288,1.1291,7088.0
1783116780000,1.1292,1.1294,1.1291,1.1294,1985.0
1783116840000,1.1293,1.1294,1.1291,1.1291,10891.0
1783116900000,1.1291,1.1297,1.1291,1.1294,122863.0
1783116960000,1.1294,1.13,1.1293,1.1297,3553.0
1783117020000,1.1297,1.1299,1.1296,1.1298,10179.0
1783117080000,1.1298,1.1299,1.1293,1.1295,8912.0
1783117140000,1.1295,1.13,1.1295,1.1297,7767.0
1783117200000,1.1297,1.1297,1.1291,1.1291,2336.0
1783117260000,1.1291,1.1292,1.1287,1.1289,27894.0
1783117320000,1.1288,1.1289,1.1281,1.1281,4402.0
1783117380000,1.1283,1.1283,1.1275,1.1281,5367.0
1783117440000,1.1281,1.1296,1.128,1.1295,4138.0
1783117500000,1.1296,1.1303,1.1291,1.1291,16775.0
1783117560000,1.1292,1.1294,1.1291,1.1293,1870.0
1783117620000,1.1294,1.1294,1.1293,1.1293,2387.0
1783117680000,1.1294,1.1294,1.129,1.1294,1792.0
1783117740000,1.1294,1.1297,1.1293,1.1294,1672.0
1783117800000,1.1293,1.1294,1.1286,1.1286,17579.0
1783117860000,1.1287,1.1287,1.1274,1.1279,5498.0
1783117920000,1.128,1.128,1.1273,1.1279,2016.0
1783117980000,1.1279,1.128,1.1273,1.1273,3632.0
1783118040000,1.1273,1.1277,1.1272,1.1274,26606.0
1783118100000,1.1275,1.1279,1.1274,1.1278,6535.0
1783118160000,1.1278,1.1282,1.1275,1.1281,8015.0
1783118220000,1.1281,1.1285,1.1281,1.1285,2521.0
1783118280000,1.1284,1.1285,1.1284,1.1285,32623.0
1783118340000,1.1285,1.1285,1.1275,1.1275,2588.0
1783118400000,1.1276,1.128,1.1275,1.1279,1594.0
1783118460000,1.1279,1.128,1.1272,1.1272,3604.0
1783118520000,1.1273,1.128,1.1272,1.128,13193.0
1783118580000,1.128,1.1287,1.1279,1.1286,2564.0
1783118640000,1.1287,1.1296,1.1286,1.1295,14838.0
1783118700000,1.1295,1.1296,1.1291,1.1291,2070.0
1783118760000,1.1292,1.1301,1.1291,1.1301,4056.0
1783118820000,1.1295,1.1296,1.1289,1.1289,1517.0
1783118880000,1.129,1.129,1.1281,1.1285,2527.0
1783118940000,1.1285,1.1288,1.1284,1.1288,1531.0
1783119000000,1.1287,1.1288,1.1284,1.1284,4729.0
1783119060000,1.1284,1.1288,1.1282,1.1283,2332.0
1783119120000,1.1283,1.1292,1.128,1.1288,2196.0
1783119180000,1.1289,1.1289,1.1288,1.1289,6733.0
1783119240000,1.1288,1.129,1.1288,1.1289,29008.0
1783119300000,1.1289,1.1293,1.1289,1.129,2219.0
1783119360000,1.129,1.1291,1.1287,1.1289,1582.0
1783119420000,1.1289,1.1294,1.1289,1.1293,1460.0
1783119480000,1.1293,1.1303,1.1293,1.1298,2218.0
1783119540000,1.1299,1.1299,1.1298,1.1299,1702.0
1783119600000,1.1298,1.1303,1.1296,1.1297,9273.0
1783119660000,1.1296,1.1301,1.1296,1.1296,4897.0
1783119720000,1.1296,1.1306,1.1296,1.1303,2330.0
1783119780000,1.1302,1.1303,1.1302,1.1302,1767.0
1783119840000,1.1302,1.1303,1.1297,1.1297,15332.0
1783119900000,1.13,1.1304,1.1293,1.1294,3313.0
1783119960000,1.1294,1.1301,1.1293,1.13,2388.0
1783120020000,1.1301,1.1301,1.1295,1.1295,40487.0
1783120080000,1.1296,1.1297,1.1285,1.1286,46591.0
1783120140000,1.1285,1.1286,1.1282,1.1284,1968.0
1783120200000,1.1285,1.1291,1.1284,1.1291,1774.0
1783120260000,1.1291,1.1293,1.129,1.1293,4166.0
1783120320000,1.1292,1.1296,1.1292,1.1296,43680.0
1783120380000,1.1295,1.1299,1.1295,1.1297,11848.0
1783120440000,1.1296,1.1301,1.1296,1.1301,1995.0
1783120500000,1.1301,1.1301,1.1291,1.13,2931.0
1783120560000,1.13,1.1322,1.13,1.1321,28546.0
1783120620000,1.1321,1.1322,1.1308,1.1312,1463.0
1783120680000,1.1312,1.1315,1.1308,1.1312,1583.0
1783120740000,1.1311,1.1315,1.1311,1.1315,1463.0
1783120800000,1.1314,1.1321,1.1314,1.1321,26033.0
1783120860000,1.132,1.1322,1.1317,1.1321,2860.0
1783120920000,1.1321,1.1322,1.1315,1.1315,3546.0
1783120980000,1.1315,1.1316,1.1315,1.1316,3819.0
1783121040000,1.1315,1.1319,1.1315,1.1318,1455.0
1783121100000,1.1318,1.1333,1.1316,1.1328,9897.0
1783121160000,1.1328,1.1331,1.1322,1.1324,3366.0
1783121220000,1.1325,1.1328,1.1324,1.1328,2681.0
1783121280000,1.1327,1.1333,1.1327,1.1333,6265.0
1783121340000,1.1333,1.1343,1.1332,1.1343,29548.0
1783121400000,1.1343,1.1343,1.1333,1.1334,6930.0
1783121460000,1.1333,1.134,1.1333,1.134,4512.0
1783121520000,1.134,1.134,1.1335,1.1336,1488.0
1783121580000,1.1335,1.1338,1.1335,1.1335,2125.0
1783121640000,1.1335,1.134,1.1333,1.1333,1401.0
1783121700000,1.1334,1.1334,1.1333,1.1334,2590.0
1783121760000,1.1333,1.1343,1.1333,1.1342,3784.0
1783121820000,1.1342,1.1347,1.1339,1.1347,17895.0
1783121880000,1.1347,1.1347,1.1333,1.1333,3132.0
1783121940000,1.1333,1.1355,1.1333,1.1352,3996.0
1783122000000,1.1355,1.1362,1.1352,1.136,10848.0
1783122060000,1.136,1.1368,1.136,1.1364,4178.0
1783122120000,1.1365,1.1365,1.1358,1.136,2357.0
1783122180000,1.136,1.1369,1.136,1.1368,3410.0
1783122240000,1.1368,1.1369,1.1363,1.1364,1680.0
1783122300000,1.1364,1.1375,1.1363,1.1371,15355.0
1783122360000,1.1372,1.1372,1.1355,1.1356,2791.0
1783122420000,1.1356,1.136,1.1351,1.1355,3203.0
1783122480000,1.1354,1.1365,1.1354,1.1361,9596.0
1783122540000,1.1362,1.1362,1.1346,1.1347,32777.0
1783122600000,1.1347,1.1347,1.1337,1.1342,12273.0
1783122660000,1.1341,1.1346,1.1337,1.1345,1777.0
1783122720000,1.1345,1.1349,1.1341,1.1344,1823.0
1783122780000,1.1343,1.1344,1.1341,1.1341,1618.0
1783122840000,1.1342,1.1342,1.1339,1.1339,1968.0
1783122900000,1.1339,1.134,1.1338,1.134,42090.0
1783122960000,1.134,1.1345,1.1339,1.1345,1599.0
1783123020000,1.1345,1.1345,1.1342,1.1343,1503.0
1783123080000,1.1343,1.1343,1.1336,1.1339,12260.0
1783123140000,1.1339,1.1348,1.1336,1.1343,2331.0
1783123200000,1.1342,1.1343,1.1333,1.1337,2487.0
1783123260000,1.1336,1.134,1.1331,1.1334,4975.0
1783123320000,1.1334,1.1338,1.133,1.1336,9977.0
1783123380000,1.1337,1.1347,1.1336,1.1347,1939.0
1783123440000,1.1346,1.1347,1.1342,1.1342,1519.0
1783123500000,1.1343,1.1349,1.1342,1.1344,1498.0
1783123560000,1.1344,1.1351,1.1343,1.1351,9997.0
1783123620000,1.135,1.1356,1.1348,1.1355,4362.0
1783123680000,1.1356,1.137,1.1355,1.1369,9799.0
1783123740000,1.137,1.1382,1.1369,1.138,6825.0
1783123800000,1.138,1.138,1.1365,1.1369,7839.0
1783123860000,1.1368,1.1381,1.1368,1.1381,20231.0
1783123920000,1.138,1.1381,1.1374,1.1377,2442.0
1783123980000,1.1378,1.1388,1.1374,1.1388,7496.0
1783124040000,1.1388,1.1388,1.1368,1.1369,4368.0
1783124100000,1.1368,1.1369,1.1364,1.1367,4259.0
1783124160000,1.1368,1.1376,1.1367,1.1376,1530.0
1783124220000,1.1375,1.138,1.1372,1.1375,6488.0
1783124280000,1.1375,1.1377,1.1371,1.1376,38297.0
1783124340000,1.1376,1.1377,1.1372,1.1375,3293.0
1783124400000,1.1375,1.1375,1.1357,1.1358,1656.0
1783124460000,1.1358,1.1358,1.1339,1.1342,9300.0
1783124520000,1.1342,1.1349,1.1339,1.1347,48666.0
1783124580000,1.1348,1.1348,1.1339,1.134,2566.0
1783124640000,1.134,1.1348,1.1339,1.1348,2110.0
1783124700000,1.1348,1.1352,1.1347,1.1351,6202.0
1783124760000,1.1352,1.1353,1.1346,1.1348,5885.0
1783124820000,1.1349,1.1349,1.1345,1.1346,1857.0
1783124880000,1.1346,1.136,1.1345,1.1359,2430.0
1783124940000,1.136,1.1376,1.1359,1.1372,3010.0
1783125000000,1.1372,1.138,1.1367,1.1377,1532.0
1783125060000,1.1376,1.1377,1.1366,1.1372,2469.0
1783125120000,1.1376,1.1376,1.1365,1.1365,6978.0
1783125180000,1.1368,1.1379,1.1365,1.1378,1444.0
1783125240000,1.1379,1.138,1.137,1.138,2917.0
1783125300000,1.1379,1.138,1.1379,1.138,1410.0
1783125360000,1.1379,1.138,1.1376,1.1379,2644.0
1783125420000,1.1378,1.1385,1.1378,1.1383,42889.0
1783125480000,1.1383,1.1384,1.138,1.138,1621.0
1783125540000,1.1381,1.1384,1.1379,1.1379,15628.0
1783125600000,1.1379,1.138,1.1369,1.1376,1719.0
1783125660000,1.1377,1.138,1.1376,1.138,1890.0
1783125720000,1.1379,1.1397,1.1379,1.1392,11074.0
1783125780000,1.1391,1.1392,1.1379,1.1379,1397.0
1783125840000,1.138,1.1385,1.1374,1.1384,2122.0
1783125900000,1.1388,1.1388,1.1384,1.1388,1815.0
1783125960000,1.1388,1.1396,1.1381,1.1396,8948.0
1783126020000,1.1395,1.1419,1.1395,1.1414,93326.0
1783126080000,1.1414,1.1428,1.1411,1.1426,9073.0
1783126140000,1.1425,1.1426,1.1417,1.1424,3760.0
1783126200000,1.1423,1.1424,1.1417,1.1424,10035.0
1783126260000,1.1424,1.1424,1.1399,1.1403,5487.0
1783126320000,1.1402,1.1408,1.1389,1.1408,3321.0
1783126380000,1.1407,1.1413,1.1404,1.1404,2390.0
1783126440000,1.1404,1.1405,1.1401,1.1404,1793.0
1783126500000,1.1405,1.1417,1.1404,1.1417,3902.0
1783126560000,1.1417,1.1417,1.1409,1.141,23883.0
1783126620000,1.1411,1.1411,1.1403,1.1403,6215.0
1783126680000,1.1404,1.1409,1.1403,1.1409,5894.0
1783126740000,1.1409,1.1412,1.1407,1.1412,13358.0
1783126800000,1.1411,1.1411,1.1405,1.1406,3924.0
1783126860000,1.1406,1.1411,1.1402,1.1403,2211.0
1783126920000,1.1403,1.1403,1.1364,1.1365,21594.0
1783126980000,1.1365,1.1383,1.1364,1.1375,4552.0
1783127040000,1.1375,1.1379,1.1359,1.1367,167792.0
1783127100000,1.1367,1.1379,1.1364,1.1378,5717.0
1783127160000,1.1379,1.1387,1.1374,1.1381,53544.0
1783127220000,1.1376,1.1377,1.1365,1.1367,4816.0
1783127280000,1.1366,1.1387,1.1366,1.1383,4638.0
1783127340000,1.1386,1.1388,1.1364,1.1364,1828.0
1783127400000,1.1364,1.1367,1.1353,1.1367,5658.0
1783127460000,1.1365,1.137,1.1359,1.137,3406.0
1783127520000,1.1369,1.137,1.1359,1.1359,2774.0
1783127580000,1.136,1.136,1.1344,1.1344,6162.0
1783127640000,1.1344,1.1358,1.1344,1.1354,5080.0
1783127700000,1.1354,1.1355,1.1341,1.1348,166589.0
1783127760000,1.1348,1.1383,1.1348,1.1382,1749.0
1783127820000,1.1385,1.1388,1.138,1.1387,2065.0
1783127880000,1.1387,1.1388,1.138,1.138,3031.0
1783127940000,1.1384,1.139,1.1381,1.1382,4949.0
1783128000000,1.1381,1.1382,1.1371,1.1375,203489.0
1783128060000,1.1375,1.1379,1.1371,1.1379,3693.0
1783128120000,1.1378,1.1384,1.1378,1.1384,2505.0
1783128180000,1.1383,1.1387,1.1376,1.1382,4890.0
1783128240000,1.1383,1.1383,1.1372,1.1376,28792.0
1783128300000,1.1377,1.1377,1.1354,1.136,204698.0
1783128360000,1.136,1.1377,1.136,1.1375,18151.0
1783128420000,1.1377,1.1377,1.1361,1.1367,92359.0
1783128480000,1.1367,1.137,1.1364,1.1367,1588.0
1783128540000,1.1366,1.137,1.1365,1.1365,1670.0
1783128600000,1.1365,1.1373,1.1364,1.137,12122.0
1783128660000,1.137,1.1386,1.1367,1.1386,2726.0
1783128720000,1.1386,1.1387,1.1382,1.1386,59944.0
1783128780000,1.1386,1.1398,1.1381,1.1382,7820.0
1783128840000,1.1382,1.1388,1.137,1.1371,83435.0
1783128900000,1.1369,1.1376,1.1365,1.1371,5184.0
1783128960000,1.1371,1.1372,1.1363,1.1366,1754.0
1783129020000,1.1366,1.1367,1.136,1.136,15470.0
1783129080000,1.1361,1.1361,1.1347,1.1353,87594.0
1783129140000,1.1353,1.1356,1.1348,1.1353,30952.0
1783129200000,1.1353,1.1357,1.1347,1.1347,1946.0
1783129260000,1.1348,1.1359,1.1345,1.1359,59020.0
1783129320000,1.1358,1.1368,1.1358,1.1361,1874.0
1783129380000,1.136,1.1361,1.135,1.1354,9616.0
1783129440000,1.1353,1.1354,1.1346,1.1349,1943.0
1783129500000,1.1349,1.1353,1.1349,1.1353,2546.0
1783129560000,1.1353,1.1353,1.1321,1.1321,18236.0
1783129620000,1.1322,1.1325,1.1321,1.1325,1442.0
1783129680000,1.1325,1.1325,1.1318,1.1319,11562.0
1783129740000,1.132,1.132,1.131,1.131,69576.0
1783129800000,1.1311,1.1322,1.131,1.1319,5871.0
1783129860000,1.132,1.1329,1.1319,1.1327,9268.0
1783129920000,1.1329,1.1333,1.1327,1.1333,2067.0
1783129980000,1.1333,1.1333,1.1321,1.1322,3149.0
1783130040000,1.1322,1.1322,1.1321,1.1321,1821.0
1783130100000,1.1322,1.1325,1.1321,1.1321,1962.0
1783130160000,1.1322,1.1322,1.1321,1.1321,2021.0
1783130220000,1.1321,1.1328,1.1321,1.1328,3686.0
1783130280000,1.1327,1.133,1.1327,1.133,3003.0
1783130340000,1.1329,1.1333,1.1326,1.1328,1579.0
1783130400000,1.1327,1.1333,1.132,1.1325,2434.0
1783130460000,1.1326,1.1333,1.132,1.1321,1399.0
1783130520000,1.132,1.1338,1.1317,1.1338,1523.0
1783130580000,1.1338,1.1338,1.1328,1.1329,1442.0
1783130640000,1.1329,1.1331,1.1325,1.1326,1722.0
1783130700000,1.1325,1.1334,1.1325,1.1333,1977.0
1783130760000,1.1334,1.1334,1.1333,1.1334,4783.0
1783130820000,1.1333,1.1342,1.1333,1.1342,3627.0
1783130880000,1.1342,1.135,1.1341,1.1347,21737.0
1783130940000,1.1346,1.1352,1.1346,1.1352,3329.0
1783131000000,1.1351,1.1354,1.1349,1.1353,71663.0
1783131060000,1.1359,1.1368,1.1355,1.1368,69166.0
1783131120000,1.1368,1.1382,1.1367,1.1382,7090.0
1783131180000,1.1382,1.1382,1.1373,1.1374,5878.0
1783131240000,1.1373,1.1374,1.1366,1.1367,5269.0
1783131300000,1.1367,1.1367,1.1365,1.1365,6584.0
1783131360000,1.1365,1.1366,1.1354,1.1355,3517.0
1783131420000,1.1354,1.136,1.1354,1.1358,14157.0
1783131480000,1.1358,1.1358,1.1339,1.1339,17443.0
1783131540000,1.1339,1.1343,1.1338,1.1342,2593.0
1783131600000,1.1342,1.1346,1.1336,1.1339,1484.0
1783131660000,1.134,1.1342,1.1334,1.1334,1629.0
1783131720000,1.1335,1.1335,1.1325,1.1327,7243.0
1783131780000,1.1327,1.1327,1.1321,1.1321,7996.0
1783131840000,1.1321,1.1326,1.1321,1.1326,3502.0
1783131900000,1.1331,1.1331,1.1319,1.1329,4792.0
1783131960000,1.1329,1.1336,1.1328,1.1336,3785.0
1783132020000,1.1332,1.1339,1.1332,1.1338,2625.0
1783132080000,1.1338,1.1346,1.1338,1.1346,2173.0
1783132140000,1.1345,1.1346,1.1339,1.1344,2767.0
1783132200000,1.1345,1.1345,1.1332,1.1337,1838.0
1783132260000,1.1337,1.1349,1.1337,1.1345,11271.0
1783132320000,1.1345,1.1346,1.1328,1.133,2394.0
1783132380000,1.1331,1.1331,1.133,1.133,1477.0
1783132440000,1.1331,1.1331,1.132,1.1326,3289.0
1783132500000,1.1326,1.1339,1.1325,1.1339,1827.0
1783132560000,1.1342,1.1356,1.1341,1.1356,11509.0
1783132620000,1.1355,1.136,1.1352,1.1357,2659.0
1783132680000,1.1357,1.1363,1.1356,1.1362,2277.0
1783132740000,1.1363,1.1365,1.1346,1.1347,17044.0
1783132800000,1.1347,1.1355,1.1344,1.1355,88361.0
1783132860000,1.1355,1.1357,1.1354,1.1356,2428.0
1783132920000,1.1357,1.1357,1.1353,1.1355,1783.0
1783132980000,1.1355,1.1362,1.1353,1.1362,1579.0
1783133040000,1.1362,1.1365,1.1361,1.1364,2971.0
1783133100000,1.1364,1.1369,1.1361,1.1368,1602.0
1783133160000,1.1369,1.1375,1.1359,1.1365,2505.0
1783133220000,1.1361,1.1365,1.1354,1.1355,3974.0
1783133280000,1.1355,1.1355,1.1345,1.1345,1921.0
1783133340000,1.1345,1.1346,1.134,1.1346,2008.0
1783133400000,1.1345,1.1359,1.1345,1.1359,21604.0
1783133460000,1.1358,1.1373,1.1358,1.1371,2290.0
1783133520000,1.1371,1.1385,1.137,1.1385,47044.0
1783133580000,1.1384,1.1385,1.1364,1.1365,1510.0
1783133640000,1.1364,1.1365,1.1351,1.1352,1680.0
1783133700000,1.1351,1.1356,1.135,1.1353,1421.0
1783133760000,1.1352,1.1353,1.1352,1.1352,1538.0
1783133820000,1.1353,1.1353,1.1347,1.1347,2846.0
1783133880000,1.1347,1.1351,1.1347,1.1351,1487.0
1783133940000,1.135,1.1351,1.135,1.1351,2559.0
1783134000000,1.1351,1.1351,1.1346,1.1351,7963.0
1783134060000,1.1351,1.1357,1.1349,1.1349,1399.0
1783134120000,1.1349,1.136,1.1343,1.1359,2054.0
1783134180000,1.136,1.136,1.1345,1.1347,2228.0
1783134240000,1.1348,1.1348,1.1343,1.1343,1620.0
1783134300000,1.1344,1.1344,1.1329,1.1337,3271.0
1783134360000,1.1337,1.1338,1.1328,1.1328,2397.0
1783134420000,1.133,1.133,1.1318,1.132,5616.0
1783134480000,1.1321,1.1323,1.1311,1.1322,3151.0
1783134540000,1.1321,1.1333,1.1317,1.1332,6301.0
1783134600000,1.1329,1.134,1.1329,1.134,3926.0
1783134660000,1.134,1.1353,1.1339,1.1352,2746.0
1783134720000,1.1353,1.1359,1.1352,1.1355,2733.0
1783134780000,1.1356,1.1363,1.1353,1.1362,1557.0
1783134840000,1.1362,1.1363,1.1352,1.1358,1428.0
1783134900000,1.1358,1.1358,1.1348,1.1353,11314.0
1783134960000,1.1353,1.1366,1.1353,1.1366,8565.0
1783135020000,1.1365,1.1367,1.1363,1.1367,6419.0
1783135080000,1.1366,1.1367,1.1366,1.1367,2011.0
1783135140000,1.1367,1.1367,1.1355,1.1357,5937.0
1783135200000,1.1358,1.1364,1.1357,1.1363,3248.0
1783135260000,1.1363,1.137,1.1363,1.1368,1846.0
1783135320000,1.137,1.137,1.1366,1.1369,1770.0
1783135380000,1.137,1.1378,1.1369,1.1373,2505.0
1783135440000,1.1372,1.1376,1.1372,1.1376,16109.0
1783135500000,1.1376,1.1383,1.1373,1.1383,180066.0
1783135560000,1.1383,1.1391,1.1382,1.1385,6949.0
1783135620000,1.1386,1.1386,1.1371,1.1372,2882.0
1783135680000,1.1372,1.1375,1.1369,1.1371,4066.0
1783135740000,1.1372,1.1372,1.1363,1.1368,1690.0
1783135800000,1.1363,1.1364,1.1349,1.1356,4675.0
1783135860000,1.1356,1.1356,1.1341,1.1345,100874.0
1783135920000,1.1345,1.1367,1.1344,1.1367,1477.0
1783135980000,1.1367,1.1384,1.1366,1.1384,1803.0
1783136040000,1.1384,1.1385,1.1379,1.138,2437.0
1783136100000,1.1379,1.1387,1.1369,1.1384,1778.0
1783136160000,1.139,1.1393,1.1383,1.1387,4132.0
1783136220000,1.1385,1.1391,1.1382,1.1387,1961.0
1783136280000,1.1388,1.1393,1.1387,1.1393,2107.0
1783136340000,1.1392,1.1393,1.1388,1.1388,1491.0
1783136400000,1.1388,1.1398,1.1385,1.1397,4106.0
1783136460000,1.1397,1.1405,1.1397,1.1405,32425.0
1783136520000,1.1404,1.1408,1.1404,1.1406,22743.0
1783136580000,1.1406,1.1406,1.1387,1.139,21317.0
1783136640000,1.1391,1.1397,1.1387,1.1397,1885.0
1783136700000,1.1396,1.14,1.1394,1.1394,1953.0
1783136760000,1.1394,1.1395,1.1388,1.1389,1876.0
1783136820000,1.1388,1.1392,1.1385,1.1392,5610.0
1783136880000,1.1392,1.1392,1.1389,1.1391,2096.0
1783136940000,1.1391,1.1392,1.1386,1.1392,1446.0
1783137000000,1.1392,1.1392,1.1384,1.1386,1760.0
1783137060000,1.1386,1.1388,1.1385,1.1388,1716.0
1783137120000,1.1388,1.1388,1.1374,1.138,1528.0
1783137180000,1.138,1.138,1.1373,1.1377,4189.0
1783137240000,1.1376,1.1377,1.1372,1.1373,1860.0
1783137300000,1.1373,1.1373,1.1372,1.1373,1555.0
1783137360000,1.1373,1.1373,1.1368,1.1371,9865.0
1783137420000,1.137,1.1381,1.137,1.1379,1612.0
1783137480000,1.1378,1.1379,1.1374,1.1374,1471.0
1783137540000,1.1374,1.1375,1.1374,1.1375,1606.0
1783137600000,1.1374,1.1382,1.1374,1.1378,1773.0
1783137660000,1.1378,1.1382,1.1378,1.1381,2555.0
1783137720000,1.1382,1.1382,1.1368,1.1368,2644.0
1783137780000,1.1369,1.1384,1.1363,1.1383,1503.0
1783137840000,1.1383,1.1392,1.1383,1.1387,1764.0
1783137900000,1.1387,1.1391,1.1382,1.1382,1772.0
1783137960000,1.1382,1.1383,1.1373,1.1376,37354.0
1783138020000,1.1376,1.1399,1.1375,1.1383,2098.0
1783138080000,1.1383,1.1388,1.1378,1.1383,1800.0
1783138140000,1.1383,1.1383,1.1378,1.1381,2017.0
1783138200000,1.1383,1.1388,1.1382,1.1387,1398.0
1783138260000,1.1387,1.1401,1.1387,1.1398,16010.0
1783138320000,1.1398,1.1403,1.1396,1.1399,4751.0
1783138380000,1.1399,1.1399,1.1386,1.1387,5126.0
1783138440000,1.1387,1.1391,1.1386,1.139,1920.0
1783138500000,1.1391,1.1391,1.1378,1.1379,2137.0
1783138560000,1.1378,1.1384,1.1376,1.1382,1779.0
1783138620000,1.1382,1.1383,1.1375,1.1375,4771.0
1783138680000,1.1377,1.1377,1.1366,1.1366,1558.0
1783138740000,1.1367,1.1367,1.1365,1.1367,10567.0
1783138800000,1.1366,1.1367,1.1361,1.1362,2311.0
1783138860000,1.1362,1.1367,1.1361,1.1366,2219.0
1783138920000,1.1371,1.1385,1.137,1.1385,1839.0
1783138980000,1.1385,1.1395,1.1381,1.1394,2694.0
1783139040000,1.1394,1.1395,1.1387,1.1394,1612.0
1783139100000,1.1392,1.1399,1.1389,1.1395,11762.0
1783139160000,1.1394,1.1397,1.1389,1.1396,10790.0
1783139220000,1.1397,1.14,1.1393,1.1394,2335.0
1783139280000,1.1393,1.1394,1.1393,1.1394,2441.0
1783139340000,1.1393,1.1394,1.1377,1.1377,6558.0
1783139400000,1.1378,1.1378,1.1372,1.1374,1699.0
1783139460000,1.1374,1.1379,1.1374,1.1379,8774.0
1783139520000,1.1378,1.14,1.1378,1.1399,9081.0
1783139580000,1.14,1.1441,1.1399,1.1433,22278.0
1783139640000,1.1433,1.1433,1.141,1.1411,17108.0
1783139700000,1.141,1.1412,1.1403,1.1412,5236.0
1783139760000,1.1412,1.1415,1.1407,1.141,2677.0
1783139820000,1.141,1.1439,1.1408,1.1439,23931.0
1783139880000,1.1439,1.1439,1.1424,1.143,49579.0
1783139940000,1.143,1.144,1.1427,1.1431,11820.0
1783140000000,1.1431,1.1437,1.143,1.1432,21732.0
1783140060000,1.1432,1.1486,1.1432,1.1486,98177.0
1783140120000,1.1486,1.1486,1.1466,1.1475,4846.0
1783140180000,1.1474,1.1475,1.1466,1.1466,176185.0
1783140240000,1.1466,1.1469,1.1451,1.1452,35404.0
1783140300000,1.1451,1.1479,1.1451,1.1479,19886.0
1783140360000,1.1479,1.1479,1.1463,1.1471,4272.0
1783140420000,1.1471,1.1471,1.1457,1.1467,7044.0
1783140480000,1.1468,1.147,1.1463,1.1467,2405.0
1783140540000,1.1467,1.1479,1.1466,1.1474,2588.0
1783140600000,1.1474,1.1484,1.147,1.1482,4376.0
1783140660000,1.1482,1.1493,1.1478,1.1489,22512.0
1783140720000,1.1489,1.1489,1.1474,1.1474,171607.0
1783140780000,1.1474,1.1476,1.1471,1.1475,2583.0
1783140840000,1.1472,1.1473,1.1457,1.1459,2784.0
1783140900000,1.146,1.1463,1.1449,1.1459,23187.0
1783140960000,1.146,1.1463,1.1454,1.1457,7349.0
1783141020000,1.1457,1.1458,1.1444,1.1446,2565.0
1783141080000,1.1447,1.1464,1.1446,1.146,7443.0
1783141140000,1.1466,1.1478,1.1465,1.1475,1520.0
1783141200000,1.1473,1.1475,1.1433,1.1437,940410.0
1783141260000,1.1433,1.1446,1.143,1.143,4501.0
1783141320000,1.143,1.1445,1.1426,1.1441,8272.0
1783141380000,1.1442,1.1443,1.1436,1.144,4247.0
1783141440000,1.144,1.1446,1.1436,1.1446,15331.0
1783141500000,1.1445,1.1446,1.1436,1.1436,2930.0
1783141560000,1.1437,1.1437,1.1431,1.1431,25176.0
1783141620000,1.1432,1.1432,1.1427,1.1428,4185.0
1783141680000,1.1428,1.1428,1.1425,1.1428,1713.0
1783141740000,1.1427,1.1428,1.1408,1.1409,8457.0
1783141800000,1.1409,1.142,1.1408,1.1419,1942.0
1783141860000,1.142,1.142,1.1413,1.1417,1828.0
1783141920000,1.1417,1.1418,1.1406,1.1417,18552.0
1783141980000,1.1417,1.1426,1.1416,1.142,3439.0
1783142040000,1.1422,1.1427,1.142,1.1427,1791.0
1783142100000,1.1427,1.144,1.1423,1.144,352370.0
1783142160000,1.144,1.1444,1.1438,1.1439,6367.0
1783142220000,1.1438,1.1439,1.143,1.1436,1975.0
1783142280000,1.1436,1.1442,1.1433,1.1439,2761.0
1783142340000,1.1439,1.1439,1.1421,1.1422,2955.0
1783142400000,1.1422,1.1422,1.1416,1.1416,3105.0
1783142460000,1.1417,1.1417,1.1405,1.1406,2227.0
1783142520000,1.1406,1.1406,1.1395,1.1404,23441.0
1783142580000,1.1404,1.1408,1.1399,1.14,20201.0
1783142640000,1.1399,1.14,1.1386,1.1386,16405.0
1783142700000,1.1389,1.1398,1.1382,1.1387,16357.0
1783142760000,1.1387,1.1387,1.1378,1.1381,23682.0
1783142820000,1.1381,1.139,1.1381,1.1387,1830.0
1783142880000,1.1387,1.1388,1.1378,1.1388,61003.0
1783142940000,1.1387,1.1396,1.1387,1.1394,5270.0
1783143000000,1.1394,1.1401,1.139,1.1396,11907.0
1783143060000,1.1395,1.1399,1.1395,1.1395,1526.0
1783143120000,1.1395,1.1399,1.1388,1.1394,6083.0
1783143180000,1.1393,1.1399,1.1392,1.1392,1699.0
1783143240000,1.1392,1.1408,1.139,1.139,121921.0
1783143300000,1.1391,1.1406,1.139,1.1406,5117.0
1783143360000,1.1403,1.1404,1.1399,1.1403,1487.0
1783143420000,1.1403,1.1411,1.1403,1.1406,22207.0
1783143480000,1.1406,1.1407,1.1403,1.1404,2264.0
1783143540000,1.1403,1.1404,1.14,1.14,2249.0
1783143600000,1.1403,1.1419,1.14,1.1416,11625.0
1783143660000,1.1417,1.1417,1.1411,1.1416,1804.0
1783143720000,1.1416,1.142,1.14,1.1402,3120.0
1783143780000,1.1402,1.141,1.1393,1.141,6290.0
1783143840000,1.141,1.1417,1.1408,1.1411,4137.0
1783143900000,1.1411,1.1417,1.1402,1.1402,19216.0
1783143960000,1.1403,1.1403,1.1402,1.1402,16307.0
1783144020000,1.1403,1.1408,1.1394,1.1403,2426.0
1783144080000,1.1404,1.1405,1.1401,1.1404,14969.0
1783144140000,1.1404,1.1408,1.14,1.1401,27732.0
1783144200000,1.1401,1.1411,1.1398,1.1404,1476.0
1783144260000,1.1405,1.1406,1.1398,1.1405,1701.0
1783144320000,1.1406,1.1412,1.1402,1.1408,1528.0
1783144380000,1.1406,1.1408,1.1385,1.1387,9815.0
1783144440000,1.1387,1.1394,1.1382,1.1383,1685.0
1783144500000,1.1382,1.1387,1.1376,1.1377,12317.0
1783144560000,1.1377,1.1386,1.137,1.1381,14864.0
1783144620000,1.1382,1.1389,1.1381,1.1386,5130.0
1783144680000,1.1386,1.139,1.1385,1.1389,1795.0
1783144740000,1.139,1.139,1.1381,1.1387,1640.0
1783144800000,1.1386,1.1395,1.1386,1.1391,2427.0
1783144860000,1.1392,1.1392,1.1387,1.139,1491.0
1783144920000,1.1389,1.1408,1.1389,1.1404,1967.0
1783144980000,1.1404,1.1411,1.1403,1.1408,2415.0
1783145040000,1.1409,1.1414,1.1408,1.1414,2940.0
1783145100000,1.1414,1.1424,1.1411,1.1418,14601.0
1783145160000,1.1419,1.1431,1.1418,1.1429,22307.0
1783145220000,1.1431,1.146,1.1429,1.145,56524.0
1783145280000,1.145,1.146,1.145,1.1457,1956.0
1783145340000,1.1457,1.1463,1.1444,1.1444,11782.0
1783145400000,1.1445,1.1445,1.1432,1.1433,11449.0
1783145460000,1.1432,1.144,1.1432,1.1437,1769164.0
1783145520000,1.1438,1.1438,1.1427,1.143,1935.0
1783145580000,1.1431,1.1431,1.1411,1.1411,40152.0
1783145640000,1.1412,1.1423,1.141,1.1423,28316.0
1783145700000,1.1423,1.1431,1.1422,1.1426,19214.0
1783145760000,1.1426,1.1426,1.1418,1.1422,29763.0
1783145820000,1.1422,1.1422,1.1412,1.1412,1769.0
1783145880000,1.1413,1.1413,1.1397,1.1399,3316.0
1783145940000,1.1399,1.1406,1.1398,1.1402,17691.0
1783146000000,1.1402,1.1403,1.1397,1.1403,3771.0
1783146060000,1.1402,1.1402,1.1382,1.1393,28065.0
1783146120000,1.139,1.139,1.1357,1.1361,53462.0
1783146180000,1.136,1.1364,1.1358,1.1363,7387.0
1783146240000,1.1364,1.1364,1.1357,1.1362,21747.0
1783146300000,1.1362,1.1363,1.1351,1.1356,3830.0
1783146360000,1.1356,1.1357,1.1344,1.1356,86091.0
1783146420000,1.1356,1.1356,1.1333,1.1346,41366.0
1783146480000,1.1346,1.1352,1.1341,1.1349,15679.0
1783146540000,1.1352,1.136,1.1348,1.1357,3841.0
1783146600000,1.1356,1.1368,1.1356,1.1367,3067.0
1783146660000,1.1368,1.1376,1.1366,1.1367,3330.0
1783146720000,1.1366,1.1376,1.1366,1.1367,1689.0
1783146780000,1.1367,1.1371,1.1365,1.1368,7238.0
1783146840000,1.1368,1.1375,1.1367,1.1368,1469.0
1783146900000,1.1368,1.1371,1.1365,1.1371,3403.0
1783146960000,1.1371,1.1385,1.137,1.138,7889.0
1783147020000,1.1379,1.1388,1.1379,1.1386,1763.0
1783147080000,1.1386,1.1386,1.1375,1.1378,2003.0
1783147140000,1.1379,1.1386,1.1378,1.1386,9119.0
1783147200000,1.1385,1.1386,1.1375,1.1379,3693.0
1783147260000,1.1379,1.1395,1.1379,1.1395,3282.0
1783147320000,1.1395,1.1395,1.1388,1.1393,10226.0
1783147380000,1.1393,1.1393,1.1376,1.1377,3001.0
1783147440000,1.1376,1.138,1.1376,1.138,6070.0
1783147500000,1.1379,1.1383,1.1374,1.1378,6747.0
1783147560000,1.1378,1.1381,1.1376,1.1381,1393.0
1783147620000,1.138,1.1386,1.1374,1.1385,2024.0
1783147680000,1.1382,1.1386,1.1382,1.1385,3395.0
1783147740000,1.1385,1.1386,1.1375,1.138,3827.0
1783147800000,1.1379,1.1383,1.1375,1.1377,2476.0
1783147860000,1.1378,1.1385,1.1377,1.1384,3471.0
1783147920000,1.1385,1.1385,1.1372,1.1373,4617.0
1783147980000,1.1372,1.1378,1.1367,1.1376,251178.0
1783148040000,1.1376,1.1383,1.1375,1.1382,14822.0
1783148100000,1.1383,1.1383,1.1372,1.1373,3518.0
1783148160000,1.1372,1.1376,1.1372,1.1372,2161.0
1783148220000,1.1373,1.1376,1.1372,1.1375,4392.0
1783148280000,1.1375,1.1376,1.1375,1.1376,8381.0
1783148340000,1.1376,1.138,1.1371,1.1372,1991.0
1783148400000,1.1371,1.1375,1.1371,1.1371,2989.0
1783148460000,1.1372,1.1379,1.1371,1.1378,1656.0
1783148520000,1.1379,1.1379,1.136,1.1361,11053.0
1783148580000,1.136,1.1366,1.136,1.1366,5241.0
1783148640000,1.1365,1.1374,1.1364,1.1365,5600.0
1783148700000,1.1365,1.1365,1.1355,1.1358,2590.0
1783148760000,1.1357,1.1361,1.1357,1.1359,1949.0
1783148820000,1.1359,1.136,1.1354,1.1355,3688.0
1783148880000,1.1354,1.1355,1.1344,1.1347,11009.0
1783148940000,1.135,1.1357,1.1349,1.1357,2289.0
1783149000000,1.1356,1.1374,1.1356,1.1368,163306.0
1783149060000,1.1368,1.1373,1.1368,1.1372,54710.0
1783149120000,1.1371,1.1372,1.1357,1.1357,3398.0
1783149180000,1.1358,1.1358,1.1347,1.1352,6676.0
1783149240000,1.1352,1.1359,1.1349,1.1359,4307.0
1783149300000,1.1359,1.1359,1.1353,1.1354,2892.0
1783149360000,1.1353,1.1354,1.135,1.135,1519.0
1783149420000,1.1351,1.1351,1.1347,1.135,2057.0
1783149480000,1.1351,1.1351,1.1347,1.1348,24721.0
1783149540000,1.1348,1.1353,1.1347,1.1353,4591.0
1783149600000,1.1353,1.1358,1.1352,1.1357,5444.0
1783149660000,1.1357,1.1361,1.1354,1.136,2033.0
1783149720000,1.136,1.1369,1.136,1.1369,3258.0
1783149780000,1.1368,1.1372,1.1366,1.1366,2303.0
1783149840000,1.1366,1.138,1.1366,1.1375,84074.0
1783149900000,1.1376,1.1376,1.1369,1.1372,8442.0
1783149960000,1.1373,1.1373,1.1344,1.1344,5609.0
1783150020000,1.1344,1.1355,1.1344,1.1354,12957.0
1783150080000,1.1354,1.1355,1.135,1.1353,5627.0
1783150140000,1.1352,1.1353,1.135,1.135,4992.0
1783150200000,1.135,1.1358,1.135,1.1358,3416.0
1783150260000,1.1358,1.1364,1.1357,1.1361,5093.0
1783150320000,1.136,1.1362,1.1353,1.1362,20780.0
1783150380000,1.1361,1.1365,1.1357,1.1361,1983.0
1783150440000,1.1362,1.1362,1.1338,1.1338,83242.0
1783150500000,1.1339,1.1349,1.1335,1.1343,4167.0
1783150560000,1.1343,1.1344,1.1332,1.1336,10359.0
1783150620000,1.1336,1.1336,1.1333,1.1335,2312.0
1783150680000,1.1335,1.1342,1.1334,1.1335,4076.0
1783150740000,1.1334,1.1335,1.1332,1.1335,4444.0
1783150800000,1.1334,1.1338,1.133,1.133,3066.0
1783150860000,1.1331,1.1341,1.133,1.1341,1644.0
1783150920000,1.134,1.1343,1.1336,1.1337,7919.0
1783150980000,1.1336,1.1339,1.1335,1.1339,2625.0
1783151040000,1.1339,1.1339,1.1334,1.1334,2433.0
1783151100000,1.1335,1.1341,1.1326,1.1341,4953.0
1783151160000,1.1341,1.1344,1.134,1.1343,7669.0
1783151220000,1.1343,1.1353,1.1343,1.1351,15073.0
1783151280000,1.1351,1.1356,1.135,1.1355,4942.0
1783151340000,1.1355,1.1369,1.1355,1.1359,8989.0
1783151400000,1.1355,1.1361,1.1355,1.136,1982.0
1783151460000,1.136,1.1372,1.136,1.1371,41879.0
1783151520000,1.1372,1.1372,1.1367,1.1372,4769.0
1783151580000,1.1371,1.1372,1.1368,1.1368,1920.0
1783151640000,1.1369,1.1369,1.1365,1.1366,5903008.0
1783151700000,1.1366,1.1366,1.136,1.1363,2629.0
1783151760000,1.1364,1.1364,1.136,1.1361,1785.0
1783151820000,1.1361,1.1423,1.136,1.142,47514.0
1783151880000,1.142,1.1423,1.1398,1.1399,1922.0
1783151940000,1.1398,1.1401,1.1389,1.1389,3482.0
1783152000000,1.139,1.1405,1.1389,1.1402,4302.0
1783152060000,1.1401,1.1405,1.1391,1.1405,16118.0
1783152120000,1.1404,1.141,1.1399,1.14,15183.0
1783152180000,1.1404,1.141,1.1402,1.141,3333.0
1783152240000,1.1409,1.1414,1.1407,1.141,20915.0
1783152300000,1.1411,1.1423,1.141,1.1417,3333.0
1783152360000,1.1417,1.1423,1.1417,1.1419,2219.0
1783152420000,1.1418,1.1429,1.1418,1.1425,7947.0
1783152480000,1.1426,1.144,1.1425,1.1437,25457.0
1783152540000,1.1437,1.1442,1.1429,1.1433,3731.0
1783152600000,1.1433,1.1437,1.1428,1.1428,3974.0
1783152660000,1.1428,1.1436,1.1428,1.1435,7751.0
1783152720000,1.1433,1.1435,1.1431,1.1435,2833.0
1783152780000,1.1434,1.1438,1.1434,1.1438,5831.0
1783152840000,1.1438,1.145,1.1437,1.1444,7224.0
1783152900000,1.1444,1.1447,1.1432,1.1437,3875.0
1783152960000,1.1436,1.1437,1.1427,1.1427,2381.0
1783153020000,1.1428,1.1429,1.142,1.1428,21555.0
1783153080000,1.1428,1.1429,1.1417,1.1426,2532.0
1783153140000,1.1426,1.1434,1.1418,1.1418,6840.0
1783153200000,1.1418,1.1429,1.1414,1.1428,6468.0
1783153260000,1.1428,1.1445,1.1428,1.1443,6092.0
1783153320000,1.1443,1.1471,1.1443,1.147,68714.0
1783153380000,1.147,1.1487,1.1469,1.1473,116478.0
1783153440000,1.1477,1.1485,1.1473,1.1479,9973.0
1783153500000,1.1479,1.1483,1.147,1.1478,91074.0
1783153560000,1.1479,1.1479,1.1458,1.1462,54248.0
1783153620000,1.1462,1.1466,1.1459,1.1464,39108.0
1783153680000,1.1464,1.1464,1.1453,1.1462,8253.0
1783153740000,1.1462,1.1465,1.1451,1.1454,6865.0
1783153800000,1.1454,1.1455,1.1441,1.1448,11238.0
1783153860000,1.1449,1.1465,1.1448,1.1465,7798.0
1783153920000,1.1464,1.1465,1.1458,1.1461,12049.0
1783153980000,1.1461,1.1466,1.1452,1.1462,45870.0
1783154040000,1.1461,1.1464,1.1455,1.1463,5097.0
1783154100000,1.1464,1.1479,1.1463,1.1479,23419.0
1783154160000,1.1479,1.1482,1.1449,1.1454,35839.0
1783154220000,1.1453,1.1468,1.1453,1.1464,2823.0
1783154280000,1.1464,1.1464,1.1453,1.1462,1083889.0
1783154340000,1.1462,1.147,1.1441,1.1462,5195.0
1783154400000,1.146,1.1462,1.1443,1.1444,5625.0
1783154460000,1.1444,1.1448,1.1438,1.1438,28648.0
1783154520000,1.1438,1.1439,1.1423,1.143,2922.0
1783154580000,1.143,1.1433,1.1429,1.1433,14661.0
1783154640000,1.1433,1.1433,1.1421,1.1422,3305.0
1783154700000,1.1421,1.1429,1.1421,1.1428,2917.0
1783154760000,1.1429,1.1432,1.1428,1.1432,6020.0
1783154820000,1.1432,1.1432,1.1427,1.1429,2000.0
1783154880000,1.143,1.1449,1.1429,1.1449,4432.0
1783154940000,1.1445,1.1445,1.1432,1.1432,11437.0
1783155000000,1.1433,1.1436,1.1432,1.1435,7810.0
1783155060000,1.1436,1.1436,1.1426,1.1426,12069.0
1783155120000,1.1427,1.1428,1.1425,1.1426,5044.0
1783155180000,1.1426,1.1426,1.1424,1.1426,12796.0
1783155240000,1.1426,1.1426,1.1415,1.1424,19040.0
1783155300000,1.1424,1.1424,1.1396,1.1409,35663.0
1783155360000,1.1408,1.1416,1.1406,1.1406,7057.0
1783155420000,1.1406,1.1412,1.1404,1.141,5642.0
1783155480000,1.1409,1.141,1.1403,1.1407,2062.0
1783155540000,1.1406,1.1412,1.1406,1.1412,8807.0
1783155600000,1.1412,1.1424,1.1395,1.1396,49299.0
1783155660000,1.1396,1.1404,1.1391,1.1404,5830.0
1783155720000,1.1404,1.1405,1.1399,1.1402,5905.0
1783155780000,1.1402,1.1402,1.1398,1.1402,4822.0
1783155840000,1.1402,1.1402,1.1384,1.1384,57763.0
1783155900000,1.1384,1.1394,1.138,1.1393,13275.0
1783155960000,1.1393,1.1399,1.1393,1.1395,20101.0
1783156020000,1.1395,1.1399,1.1391,1.1392,9206.0
1783156080000,1.1392,1.1404,1.1392,1.1403,5512.0
1783156140000,1.1403,1.1408,1.1402,1.1403,1748.0
1783156200000,1.1402,1.1424,1.1402,1.1419,8916.0
1783156260000,1.1419,1.1433,1.1418,1.1427,11989.0
1783156320000,1.1427,1.1432,1.1422,1.1426,7204.0
1783156380000,1.1425,1.1429,1.1419,1.1422,5386.0
1783156440000,1.1422,1.1424,1.1417,1.1418,2010.0
1783156500000,1.1417,1.1418,1.1401,1.1412,4255.0
1783156560000,1.1411,1.1413,1.1411,1.1413,4394.0
1783156620000,1.1412,1.1416,1.1409,1.1409,4094.0
1783156680000,1.1409,1.1419,1.1409,1.1414,2796.0
1783156740000,1.1414,1.1419,1.1414,1.1418,1974.0
1783156800000,1.1419,1.1427,1.1416,1.1422,29136.0
1783156860000,1.1422,1.1423,1.1404,1.1409,2757.0
1783156920000,1.1408,1.1411,1.1405,1.1409,1680.0
1783156980000,1.141,1.141,1.14,1.1405,28287.0
1783157040000,1.141,1.1413,1.1401,1.1401,8827.0
1783157100000,1.1401,1.1402,1.1388,1.1388,1400.0
1783157160000,1.1389,1.1397,1.1388,1.1396,3682.0
1783157220000,1.1396,1.1401,1.1392,1.1392,2336.0
1783157280000,1.1392,1.1399,1.1381,1.1381,19919.0
1783157340000,1.138,1.1387,1.1377,1.1386,8614.0
1783157400000,1.1387,1.1389,1.1377,1.1377,2119.0
1783157460000,1.1377,1.1387,1.1377,1.1378,6131.0
1783157520000,1.1377,1.1388,1.1377,1.1388,1660.0
1783157580000,1.1387,1.1388,1.1381,1.1385,10438.0
1783157640000,1.1384,1.1385,1.1378,1.138,8559.0
1783157700000,1.1381,1.1384,1.1379,1.138,2788.0
1783157760000,1.1381,1.1381,1.1368,1.1368,3755.0
1783157820000,1.1368,1.1369,1.1345,1.1352,9731.0
1783157880000,1.1352,1.1362,1.1347,1.1358,8979.0
1783157940000,1.1357,1.1363,1.1355,1.1355,3983.0
1783158000000,1.1356,1.1357,1.135,1.1351,10061.0
1783158060000,1.135,1.1353,1.135,1.1353,1962.0
1783158120000,1.1352,1.1356,1.1345,1.1346,3423.0
1783158180000,1.1345,1.135,1.1345,1.1346,8067.0
1783158240000,1.1346,1.1351,1.1345,1.1351,2603.0
1783158300000,1.135,1.1356,1.135,1.1356,43694.0
1783158360000,1.1355,1.1363,1.1352,1.1362,14809.0
1783158420000,1.1365,1.1372,1.1362,1.1371,4299.0
1783158480000,1.1371,1.1373,1.1364,1.1372,1689.0
1783158540000,1.1372,1.1373,1.1365,1.1372,5652.0
1783158600000,1.1372,1.1376,1.1371,1.1375,5745.0
1783158660000,1.1376,1.1376,1.1371,1.1372,3064.0
1783158720000,1.1372,1.138,1.1371,1.1379,3068.0
1783158780000,1.1379,1.138,1.1367,1.1375,4907.0
1783158840000,1.1376,1.138,1.1373,1.138,2571.0
1783158900000,1.1379,1.138,1.1375,1.1379,3009.0
1783158960000,1.1379,1.1383,1.1376,1.1377,11973.0
1783159020000,1.1377,1.1377,1.1373,1.1373,2693.0
1783159080000,1.1374,1.1374,1.1367,1.1367,1632.0
1783159140000,1.1368,1.1371,1.1364,1.1364,1637.0
1783159200000,1.1366,1.1366,1.1358,1.1362,39879.0
1783159260000,1.1362,1.1362,1.1357,1.1358,1697.0
1783159320000,1.1358,1.136,1.1348,1.1352,13945.0
1783159380000,1.1353,1.1365,1.1352,1.1359,2796.0
1783159440000,1.1359,1.1364,1.1353,1.1363,3700.0
1783159500000,1.1365,1.1379,1.1365,1.1378,2301.0
1783159560000,1.1373,1.1382,1.1369,1.1382,5531.0
1783159620000,1.1381,1.1388,1.1378,1.1383,4784.0
1783159680000,1.1383,1.1391,1.1381,1.1391,7829.0
1783159740000,1.1391,1.1391,1.1384,1.1385,1987.0
1783159800000,1.1385,1.1387,1.1378,1.1379,1852.0
1783159860000,1.1379,1.1379,1.1375,1.1376,1609.0
1783159920000,1.1375,1.1386,1.1375,1.1386,1635.0
1783159980000,1.1385,1.1387,1.1383,1.1387,11849.0
1783160040000,1.1387,1.1391,1.1384,1.1384,2900.0
1783160100000,1.1384,1.1388,1.1381,1.1387,1724.0
1783160160000,1.1386,1.1392,1.1385,1.1391,11983.0
1783160220000,1.1391,1.1399,1.1391,1.1399,18774.0
1783160280000,1.1399,1.1399,1.1395,1.1396,3595.0
1783160340000,1.1395,1.1396,1.1395,1.1395,6100.0
1783160400000,1.1396,1.1396,1.1387,1.1387,3333.0
1783160460000,1.1388,1.1394,1.1387,1.1388,3465.0
1783160520000,1.1387,1.1392,1.1387,1.1392,5420.0
1783160580000,1.1392,1.1397,1.139,1.139,3757.0
1783160640000,1.1389,1.139,1.1385,1.1388,18657.0
1783160700000,1.1388,1.14,1.1388,1.1399,2220.0
1783160760000,1.1399,1.1407,1.1399,1.1404,15121.0
1783160820000,1.1405,1.1405,1.1398,1.1399,1886.0
1783160880000,1.1399,1.1403,1.1395,1.1396,11857.0
1783160940000,1.1395,1.1399,1.1395,1.1396,1844.0
1783161000000,1.1395,1.1396,1.1386,1.1387,1867.0
1783161060000,1.1387,1.1387,1.1379,1.1381,4665.0
1783161120000,1.1381,1.1389,1.1377,1.1385,90243.0
1783161180000,1.1388,1.1392,1.1384,1.1384,6053.0
1783161240000,1.1385,1.1385,1.1379,1.1384,167067.0
1783161300000,1.1384,1.1385,1.1378,1.1379,6539.0
1783161360000,1.138,1.138,1.1376,1.1378,12303.0
1783161420000,1.1378,1.1381,1.1376,1.1381,2455.0
1783161480000,1.1381,1.1381,1.137,1.1374,2283.0
1783161540000,1.1374,1.1378,1.137,1.1377,1900.0
1783161600000,1.1378,1.1378,1.1374,1.1377,1461715.0
1783161660000,1.1378,1.1378,1.1369,1.1375,5720.0
1783161720000,1.1373,1.1377,1.1373,1.1377,6588.0
1783161780000,1.1377,1.1386,1.1373,1.1386,2742.0
1783161840000,1.1388,1.1394,1.1381,1.1388,1656.0
1783161900000,1.139,1.14,1.1387,1.139,2698.0
1783161960000,1.1391,1.1391,1.1386,1.1386,1571.0
1783162020000,1.1387,1.1396,1.1386,1.1396,2049.0
1783162080000,1.1395,1.1404,1.1392,1.1404,2039.0
1783162140000,1.1404,1.1408,1.1403,1.1408,18009.0
1783162200000,1.1407,1.1408,1.1394,1.1394,2983.0
1783162260000,1.139,1.1395,1.1389,1.1394,1998.0
1783162320000,1.1394,1.1403,1.1394,1.1403,3390.0
1783162380000,1.1402,1.1403,1.1399,1.14,4657.0
1783162440000,1.14,1.1408,1.1399,1.1407,1929.0
1783162500000,1.1408,1.1408,1.1404,1.1408,2117.0
1783162560000,1.1407,1.1417,1.1407,1.141,2192.0
1783162620000,1.141,1.1411,1.141,1.1411,1571.0
1783162680000,1.141,1.1421,1.141,1.1418,1648.0
1783162740000,1.1417,1.1418,1.1411,1.1412,1855.0
1783162800000,1.1413,1.1419,1.1404,1.1414,10519.0
1783162860000,1.1414,1.1432,1.1414,1.1432,12431.0
1783162920000,1.1432,1.1437,1.1427,1.1429,4079.0
1783162980000,1.143,1.1434,1.1419,1.143,178690.0
1783163040000,1.1431,1.1434,1.1418,1.1419,9345.0
1783163100000,1.1419,1.1419,1.1413,1.1415,5040.0
1783163160000,1.1415,1.1419,1.1415,1.1416,3292.0
1783163220000,1.1416,1.1416,1.1408,1.1412,1560.0
1783163280000,1.1412,1.142,1.1412,1.1417,6276.0
1783163340000,1.1416,1.142,1.1416,1.1419,1478.0
1783163400000,1.1419,1.142,1.1416,1.1418,11520.0
1783163460000,1.1419,1.1419,1.1412,1.1415,7217.0
1783163520000,1.1415,1.1417,1.1415,1.1415,2078.0
1783163580000,1.1417,1.1417,1.1411,1.1412,6471.0
1783163640000,1.1411,1.1413,1.1408,1.1413,1850.0
1783163700000,1.1412,1.1413,1.1406,1.1413,5123.0
1783163760000,1.1412,1.1416,1.1412,1.1415,8220.0
1783163820000,1.1416,1.1416,1.1393,1.1397,2871.0
1783163880000,1.1397,1.14,1.1393,1.1396,83924.0
1783163940000,1.1393,1.1401,1.1393,1.1396,124904.0
1783164000000,1.1394,1.1396,1.1392,1.1393,1660.0
1783164060000,1.1393,1.1399,1.1392,1.1398,4207.0
1783164120000,1.1398,1.1399,1.139,1.1391,4065.0
1783164180000,1.139,1.1391,1.1386,1.1387,3798.0
1783164240000,1.1387,1.1389,1.1383,1.1384,4023.0
1783164300000,1.1384,1.1389,1.1383,1.1388,2805.0
1783164360000,1.1389,1.1392,1.1386,1.1386,62998.0
1783164420000,1.1386,1.1387,1.1386,1.1387,2392.0
1783164480000,1.1387,1.1387,1.1373,1.138,5930.0
1783164540000,1.138,1.1391,1.1373,1.1387,3227.0
1783164600000,1.1387,1.1391,1.1387,1.1391,3261.0
1783164660000,1.1391,1.1399,1.139,1.1396,71056.0
1783164720000,1.1395,1.14,1.1395,1.1398,3205.0
1783164780000,1.1398,1.1408,1.1398,1.1403,2280.0
1783164840000,1.1403,1.1411,1.1399,1.1409,12696.0
1783164900000,1.1409,1.1413,1.1404,1.141,7042.0
1783164960000,1.1409,1.1415,1.1408,1.1409,2515.0
1783165020000,1.1409,1.1409,1.1408,1.1409,2575.0
1783165080000,1.1409,1.1409,1.1396,1.1401,3340.0
1783165140000,1.14,1.1409,1.14,1.1408,4754.0
1783165200000,1.1408,1.1418,1.1408,1.1418,5489.0
1783165260000,1.1416,1.1418,1.1406,1.1408,1468.0
1783165320000,1.1407,1.1408,1.1407,1.1407,2351.0
1783165380000,1.1408,1.1418,1.1407,1.1417,4875.0
1783165440000,1.1417,1.142,1.1414,1.142,19249.0
1783165500000,1.142,1.1424,1.1417,1.1417,33542.0
1783165560000,1.1418,1.1421,1.1414,1.1415,31442.0
1783165620000,1.1414,1.1415,1.141,1.1414,11681.0
1783165680000,1.1414,1.1424,1.1414,1.1421,8727.0
1783165740000,1.1421,1.1425,1.1419,1.1423,12809.0
1783165800000,1.1424,1.1424,1.1417,1.1418,6381.0
1783165860000,1.1417,1.1418,1.1414,1.1418,4321.0
1783165920000,1.1418,1.1418,1.1412,1.1412,1985.0
1783165980000,1.1413,1.1413,1.1407,1.141,4497.0
1783166040000,1.1411,1.1411,1.1404,1.1404,4765.0
1783166100000,1.1404,1.1405,1.14,1.1403,5151.0
1783166160000,1.1403,1.1406,1.1403,1.1405,5525.0
1783166220000,1.1405,1.1406,1.1402,1.1406,2977.0
1783166280000,1.1405,1.1406,1.1405,1.1405,1591.0
1783166340000,1.1406,1.1406,1.1395,1.1396,16348.0
1783166400000,1.1395,1.1406,1.1395,1.1402,6029.0
1783166460000,1.1402,1.1402,1.1398,1.1398,10742.0
1783166520000,1.1398,1.1401,1.1398,1.14,3923.0
1783166580000,1.14,1.1413,1.14,1.1412,2179.0
1783166640000,1.1412,1.1416,1.1406,1.1406,11856.0
1783166700000,1.1407,1.1411,1.1406,1.1408,3253.0
1783166760000,1.1408,1.1412,1.1408,1.1411,23280.0
1783166820000,1.1411,1.1412,1.1405,1.1408,4108.0
1783166880000,1.1409,1.1413,1.1408,1.1412,1854.0
1783166940000,1.1412,1.1413,1.1412,1.1413,2288.0
1783167000000,1.1412,1.1415,1.1412,1.1415,5478.0
1783167060000,1.1415,1.1417,1.1414,1.1416,1740.0
1783167120000,1.1417,1.1434,1.1416,1.1433,13411.0
1783167180000,1.1434,1.1436,1.1432,1.1434,2010.0
1783167240000,1.1434,1.1435,1.1426,1.1427,17794.0
1783167300000,1.1426,1.1433,1.1421,1.1433,9227.0
1783167360000,1.1433,1.1439,1.1432,1.1432,6424.0
1783167420000,1.1433,1.1433,1.1432,1.1432,17572.0
1783167480000,1.1433,1.1435,1.1429,1.1432,1716.0
1783167540000,1.1435,1.1444,1.1432,1.144,10108.0
1783167600000,1.1441,1.1441,1.1429,1.1432,13539.0
1783167660000,1.1432,1.1437,1.1431,1.1436,12259.0
1783167720000,1.1436,1.1446,1.1436,1.1446,12159.0
1783167780000,1.1444,1.1452,1.1441,1.1451,22574.0
1783167840000,1.1451,1.1461,1.145,1.145,22550.0
1783167900000,1.145,1.1451,1.1447,1.1451,4971.0
1783167960000,1.145,1.1453,1.1445,1.1453,7860.0
1783168020000,1.1453,1.1468,1.1452,1.1467,12356.0
1783168080000,1.1468,1.1526,1.1468,1.1517,396580.0
1783168140000,1.1514,1.1525,1.1511,1.152,68109.0
1783168200000,1.152,1.1541,1.1504,1.1508,85995.0
1783168260000,1.1508,1.1517,1.1502,1.1502,40759.0
1783168320000,1.1502,1.1504,1.1493,1.1496,17856.0
1783168380000,1.1497,1.1514,1.1496,1.1499,27663.0
1783168440000,1.1501,1.1501,1.1479,1.149,35790.0
1783168500000,1.149,1.1494,1.1477,1.1478,31038.0
1783168560000,1.1478,1.1478,1.1468,1.1472,29106.0
1783168620000,1.1471,1.1472,1.1461,1.1468,32338.0
1783168680000,1.1469,1.1473,1.1465,1.1472,20321.0
1783168740000,1.1473,1.1476,1.1465,1.1471,4986.0
1783168800000,1.1471,1.1472,1.1453,1.1457,10360.0
1783168860000,1.1457,1.1458,1.1452,1.1457,7521.0
1783168920000,1.1456,1.1457,1.1456,1.1456,20298.0
1783168980000,1.1456,1.146,1.1451,1.1454,3500.0
1783169040000,1.1454,1.1457,1.1452,1.1456,153890.0
1783169100000,1.1456,1.1456,1.1448,1.145,7702.0
1783169160000,1.1451,1.1451,1.1433,1.1433,8083.0
1783169220000,1.1433,1.1448,1.1431,1.1447,51742.0
1783169280000,1.1447,1.1447,1.1436,1.144,2966.0
1783169340000,1.144,1.1442,1.1439,1.1441,4995.0
1783169400000,1.1441,1.1442,1.1435,1.1439,2921.0
1783169460000,1.1438,1.1446,1.1438,1.1444,7336.0
1783169520000,1.1445,1.1452,1.1439,1.1451,24819.0
1783169580000,1.1452,1.1458,1.1444,1.1457,4423.0
1783169640000,1.1457,1.1465,1.1454,1.1464,12525.0
1783169700000,1.1464,1.1465,1.1464,1.1464,3187.0
1783169760000,1.1464,1.1467,1.1458,1.1458,69218.0
1783169820000,1.1459,1.1473,1.1458,1.1471,7538.0
1783169880000,1.1473,1.1478,1.1471,1.1477,1951.0
1783169940000,1.1478,1.1478,1.1472,1.1472,3000.0
1783170000000,1.1472,1.1476,1.147,1.1472,6514.0
1783170060000,1.147,1.1475,1.147,1.1472,2353.0
1783170120000,1.1471,1.1495,1.1471,1.1495,5909.0
1783170180000,1.1495,1.153,1.1494,1.1528,67121.0
1783170240000,1.1533,1.1543,1.151,1.1513,20585.0
1783170300000,1.1513,1.1517,1.1481,1.1486,98107.0
1783170360000,1.1484,1.1489,1.148,1.1484,5609.0
1783170420000,1.1484,1.1484,1.1476,1.1479,12914.0
1783170480000,1.148,1.1498,1.1479,1.1489,4200.0
1783170540000,1.149,1.1497,1.1489,1.1496,3207.0
1783170600000,1.1497,1.1499,1.1491,1.1498,6209.0
1783170660000,1.1498,1.1499,1.1492,1.1498,7806.0
1783170720000,1.1498,1.1502,1.1495,1.1497,19285.0
1783170780000,1.1498,1.1505,1.1497,1.1505,4740.0
1783170840000,1.1503,1.1517,1.1503,1.1513,20798.0
1783170900000,1.1511,1.1515,1.1509,1.1512,4245.0
1783170960000,1.1512,1.1526,1.1506,1.1526,4426.0
1783171020000,1.1526,1.154,1.1525,1.1536,12040.0
1783171080000,1.1537,1.1574,1.1536,1.1549,127349.0
1783171140000,1.1549,1.1589,1.1549,1.1589,240282.0
1783171200000,1.1586,1.1599,1.1561,1.1599,117005.0
1783171260000,1.16,1.1603,1.1568,1.1571,128037.0
1783171320000,1.1571,1.1588,1.1553,1.1568,110802.0
1783171380000,1.1567,1.1578,1.1558,1.1561,17665.0
1783171440000,1.1562,1.1569,1.1544,1.1544,85653.0
1783171500000,1.1544,1.1558,1.1543,1.1547,41127.0
1783171560000,1.1547,1.1559,1.154,1.154,6382.0
1783171620000,1.154,1.1545,1.1535,1.1536,6523.0
1783171680000,1.1536,1.1537,1.1525,1.1527,6884.0
1783171740000,1.1528,1.1533,1.1522,1.1533,18564.0
1783171800000,1.1532,1.1537,1.151,1.1514,18499.0
1783171860000,1.1513,1.1514,1.1504,1.1506,19654.0
1783171920000,1.1505,1.1505,1.1488,1.1501,25220.0
1783171980000,1.1501,1.1502,1.1494,1.1499,40608.0
1783172040000,1.1498,1.1517,1.1495,1.1514,42761.0
1783172100000,1.1514,1.1516,1.1512,1.1513,21690.0
1783172160000,1.1512,1.1516,1.1512,1.1516,12621.0
1783172220000,1.1514,1.1516,1.1501,1.1508,77479.0
1783172280000,1.1509,1.1518,1.1498,1.151,4412.0
1783172340000,1.1511,1.1511,1.1496,1.1505,3856.0
1783172400000,1.1506,1.1506,1.1503,1.1503,2286.0
1783172460000,1.1504,1.1504,1.1493,1.1494,6408.0
1783172520000,1.1494,1.1511,1.1493,1.1509,7271.0
1783172580000,1.1503,1.1514,1.15,1.1507,13423.0
1783172640000,1.1508,1.1511,1.1505,1.1505,4328.0
1783172700000,1.1505,1.1506,1.1495,1.1496,11859.0
1783172760000,1.1495,1.1503,1.1488,1.1489,19417.0
1783172820000,1.1492,1.1493,1.1488,1.149,23330.0
1783172880000,1.1489,1.1493,1.1479,1.1479,22174.0
1783172940000,1.148,1.1487,1.1479,1.1486,3176.0
1783173000000,1.1487,1.149,1.1486,1.1486,16407.0
1783173060000,1.1486,1.1487,1.1483,1.1483,7562.0
1783173120000,1.1484,1.1486,1.1479,1.1485,6366.0
1783173180000,1.149,1.1491,1.1486,1.1491,2471.0
1783173240000,1.149,1.1493,1.149,1.1492,8543.0
1783173300000,1.1492,1.1493,1.1492,1.1493,2499.0
1783173360000,1.1493,1.152,1.1493,1.1514,47510.0
1783173420000,1.1513,1.1521,1.1513,1.152,8819.0
1783173480000,1.152,1.1528,1.1514,1.1522,30395.0
1783173540000,1.1523,1.1529,1.1522,1.1522,4914.0
1783173600000,1.1522,1.1532,1.1522,1.1531,10917.0
1783173660000,1.1532,1.157,1.1531,1.1562,46615.0
1783173720000,1.1563,1.1574,1.1562,1.1571,10935.0
1783173780000,1.1571,1.1571,1.1563,1.1566,4449.0
1783173840000,1.1566,1.1567,1.1561,1.1561,11569.0
1783173900000,1.1562,1.1587,1.1561,1.1581,53399.0
1783173960000,1.1581,1.16,1.158,1.16,39811.0
1783174020000,1.1598,1.1617,1.1598,1.1602,175981.0
1783174080000,1.1601,1.1608,1.1562,1.1568,65093.0
1783174140000,1.1568,1.1574,1.1567,1.157,16555.0
1783174200000,1.157,1.1577,1.1566,1.1576,9959.0
1783174260000,1.1576,1.1668,1.1575,1.1666,284351.0
1783174320000,1.1667,1.1685,1.165,1.1654,121628.0
1783174380000,1.165,1.1654,1.1621,1.1635,50714.0
1783174440000,1.1633,1.1651,1.1631,1.165,42509.0
1783174500000,1.1655,1.1673,1.1651,1.1673,136430.0
1783174560000,1.1673,1.1679,1.1665,1.1673,76225.0
1783174620000,1.1673,1.168,1.1657,1.1657,36560.0
1783174680000,1.1657,1.1661,1.1616,1.1624,73816.0
1783174740000,1.1628,1.1634,1.1618,1.1621,32622.0
1783174800000,1.1621,1.1623,1.1589,1.1589,15889.0
1783174860000,1.159,1.1596,1.1586,1.1595,17866.0
1783174920000,1.1595,1.162,1.1594,1.1613,74511.0
1783174980000,1.1612,1.1649,1.1612,1.1641,132716.0
1783175040000,1.1641,1.1641,1.1606,1.161,21174.0
1783175100000,1.161,1.1618,1.1605,1.1605,27010.0
1783175160000,1.1606,1.1606,1.1593,1.1597,18467.0
1783175220000,1.1597,1.1617,1.1596,1.1613,12865.0
1783175280000,1.1612,1.1624,1.1612,1.1623,114620.0
1783175340000,1.1624,1.1633,1.1616,1.1631,28577.0
1783175400000,1.1633,1.1655,1.1625,1.1651,13307.0
1783175460000,1.1653,1.1653,1.1623,1.1624,695691.0
1783175520000,1.1623,1.1634,1.1616,1.1629,16547.0
1783175580000,1.1629,1.1644,1.1627,1.1639,7070.0
1783175640000,1.164,1.1644,1.1612,1.1619,3805.0
1783175700000,1.1618,1.1633,1.1618,1.1633,76399.0
1783175760000,1.1633,1.1649,1.1618,1.1639,16908.0
1783175820000,1.1641,1.1642,1.1635,1.1635,8324.0
1783175880000,1.1636,1.1641,1.1623,1.164,13961.0
1783175940000,1.1635,1.1639,1.1627,1.1639,1663.0
1783176000000,1.1639,1.1648,1.1637,1.1645,20047.0
1783176060000,1.1645,1.1726,1.1645,1.1706,659676.0
1783176120000,1.1706,1.1728,1.1695,1.1716,22902.0
1783176180000,1.1715,1.1731,1.171,1.173,33065.0
1783176240000,1.173,1.1735,1.169,1.1695,209222.0
1783176300000,1.1695,1.1716,1.1691,1.1702,12520.0
1783176360000,1.1703,1.1703,1.1682,1.1685,50416.0
1783176420000,1.1685,1.169,1.1671,1.1683,14669.0
1783176480000,1.1683,1.1683,1.165,1.1672,122126.0
1783176540000,1.1667,1.1675,1.1658,1.1667,24773.0
1783176600000,1.1664,1.1676,1.1663,1.1669,5510.0
1783176660000,1.167,1.1699,1.1669,1.1699,8371.0
1783176720000,1.1697,1.17,1.1688,1.1694,14597.0
1783176780000,1.1695,1.1705,1.1693,1.1697,14267.0
1783176840000,1.1696,1.1725,1.1696,1.1718,72836.0
1783176900000,1.1718,1.1736,1.1709,1.173,31762.0
1783176960000,1.1732,1.1732,1.172,1.1724,19891.0
1783177020000,1.1726,1.1737,1.1715,1.1718,51242.0
1783177080000,1.1718,1.174,1.1712,1.173,58650.0
1783177140000,1.1732,1.1733,1.1722,1.1729,81921.0
1783177200000,1.1729,1.1735,1.1717,1.1721,118129.0
1783177260000,1.1721,1.1731,1.1717,1.1726,11102.0
1783177320000,1.1726,1.1732,1.1717,1.1717,41803.0
1783177380000,1.1718,1.1729,1.1715,1.1728,9464.0
1783177440000,1.1729,1.1744,1.1728,1.1737,81838.0
1783177500000,1.1738,1.1745,1.1726,1.1729,9345.0
1783177560000,1.1729,1.1744,1.1723,1.1738,14113.0
1783177620000,1.1736,1.1738,1.1723,1.1724,86357.0
1783177680000,1.1724,1.1742,1.1723,1.1723,17051.0
1783177740000,1.1729,1.1788,1.1725,1.1777,195042.0
1783177800000,1.1781,1.179,1.1759,1.1772,129112.0
1783177860000,1.1772,1.1772,1.1714,1.1719,55430.0
1783177920000,1.1721,1.1727,1.1697,1.1724,102895.0
1783177980000,1.1727,1.1727,1.17,1.1712,39340.0
1783178040000,1.1712,1.1716,1.1703,1.1705,21092.0
1783178100000,1.1703,1.1704,1.1686,1.169,31962.0
1783178160000,1.1691,1.1725,1.1687,1.1715,20019.0
1783178220000,1.1709,1.171,1.1688,1.1689,4784.0
1783178280000,1.1688,1.1693,1.1683,1.1684,8150.0
1783178340000,1.1684,1.1689,1.168,1.168,27254.0
1783178400000,1.168,1.1681,1.1665,1.1673,24522.0
1783178460000,1.1672,1.1699,1.1672,1.1689,15996.0
1783178520000,1.1686,1.1692,1.1679,1.1684,26279.0
1783178580000,1.1683,1.1688,1.1674,1.1682,11645.0
1783178640000,1.1683,1.1696,1.1682,1.1694,17706.0
1783178700000,1.1696,1.1704,1.1679,1.1683,30062.0
1783178760000,1.1686,1.1692,1.1681,1.1692,5039.0
1783178820000,1.1692,1.1692,1.1682,1.1683,4244.0
1783178880000,1.1682,1.1711,1.1676,1.17,46647.0
1783178940000,1.1702,1.1731,1.17,1.1725,67715.0
1783179000000,1.1732,1.1757,1.1717,1.1719,30344.0
1783179060000,1.1719,1.172,1.1706,1.1706,15940.0
1783179120000,1.1706,1.1706,1.1693,1.1705,57977.0
1783179180000,1.1706,1.1709,1.1696,1.1706,97119.0
1783179240000,1.1706,1.1718,1.1701,1.171,12656.0
1783179300000,1.171,1.1721,1.1708,1.1712,18251.0
1783179360000,1.1711,1.1713,1.1698,1.1701,27963.0
1783179420000,1.1702,1.1709,1.1697,1.1698,6677.0
1783179480000,1.1698,1.1713,1.1693,1.1713,7667.0
1783179540000,1.1713,1.1726,1.1712,1.1726,390817.0
1783179600000,1.1725,1.1728,1.1713,1.1722,51432.0
1783179660000,1.1722,1.1728,1.1714,1.1714,7387.0
1783179720000,1.1714,1.1727,1.1714,1.1719,2663.0
1783179780000,1.1718,1.1719,1.1707,1.1713,12149.0
1783179840000,1.1712,1.1739,1.1712,1.1731,45712.0
1783179900000,1.1731,1.1738,1.1713,1.1713,11551.0
1783179960000,1.1713,1.1727,1.1713,1.1723,2972.0
1783180020000,1.1721,1.1748,1.1721,1.1748,44659.0
1783180080000,1.1745,1.1749,1.1735,1.1738,22432.0
1783180140000,1.1738,1.1744,1.1725,1.1725,3888.0
1783180200000,1.1725,1.1726,1.1707,1.1712,21707.0
1783180260000,1.1712,1.1722,1.1711,1.1714,4823.0
1783180320000,1.1714,1.1716,1.1693,1.17,9003.0
1783180380000,1.17,1.1705,1.1696,1.1705,4577.0
1783180440000,1.1704,1.171,1.1704,1.171,2655.0
1783180500000,1.1709,1.1717,1.1704,1.1704,3217.0
1783180560000,1.1704,1.1712,1.1701,1.1711,12960.0
1783180620000,1.1711,1.1721,1.1711,1.1715,73460.0
1783180680000,1.1716,1.1716,1.1703,1.1703,6825.0
1783180740000,1.1704,1.172,1.1703,1.1718,42224.0
1783180800000,1.1719,1.1719,1.1695,1.17,18033.0
1783180860000,1.1696,1.17,1.1665,1.1671,20393.0
1783180920000,1.1671,1.1687,1.1666,1.1684,69498.0
1783180980000,1.1686,1.1687,1.1672,1.1673,13048.0
1783181040000,1.167,1.1682,1.167,1.1671,5998.0
1783181100000,1.1671,1.1679,1.167,1.1676,8522.0
1783181160000,1.1675,1.1676,1.1659,1.1669,65160.0
1783181220000,1.167,1.1676,1.1666,1.1667,10676.0
1783181280000,1.1663,1.1671,1.1652,1.1655,6802.0
1783181340000,1.1654,1.1659,1.1638,1.1644,54106.0
1783181400000,1.1642,1.1646,1.1633,1.1634,28649.0
1783181460000,1.1633,1.1649,1.163,1.1649,16151.0
1783181520000,1.1649,1.1655,1.1637,1.1644,13683.0
1783181580000,1.1644,1.1648,1.1638,1.1639,8322.0
1783181640000,1.1639,1.1647,1.1638,1.1647,12435.0
1783181700000,1.1647,1.1659,1.1646,1.1657,8185.0
1783181760000,1.1655,1.1663,1.1655,1.166,43888.0
1783181820000,1.1659,1.1672,1.1659,1.1667,22500.0
1783181880000,1.1666,1.1677,1.1661,1.1675,18987.0
1783181940000,1.1677,1.1686,1.1674,1.1685,28979.0
1783182000000,1.1685,1.1694,1.1683,1.1688,20639.0
1783182060000,1.1685,1.1689,1.1684,1.1688,12604.0
1783182120000,1.1689,1.1695,1.1683,1.1689,5377.0
1783182180000,1.1688,1.1692,1.1682,1.1683,46585.0
1783182240000,1.1683,1.1691,1.1677,1.1687,42721.0
1783182300000,1.1688,1.1688,1.1681,1.1681,4431.0
1783182360000,1.1681,1.17,1.1681,1.1699,6596.0
1783182420000,1.17,1.1705,1.1699,1.1705,15910.0
1783182480000,1.1701,1.1707,1.1691,1.1698,92959.0
1783182540000,1.1696,1.17,1.1691,1.1694,80490.0
1783182600000,1.1694,1.1704,1.1693,1.1704,26419.0
1783182660000,1.1704,1.171,1.1694,1.1697,125538.0
1783182720000,1.1697,1.1698,1.1691,1.1694,7920.0
1783182780000,1.1695,1.1695,1.1676,1.1683,7556.0
1783182840000,1.1682,1.1685,1.1678,1.1683,19727.0
1783182900000,1.1683,1.1688,1.1682,1.1684,1764.0
1783182960000,1.1684,1.1695,1.1684,1.1692,7300.0
1783183020000,1.1692,1.1693,1.1685,1.169,2111.0
1783183080000,1.1691,1.1691,1.1683,1.1683,2212.0
1783183140000,1.1684,1.1684,1.1676,1.1677,8158.0
1783183200000,1.1676,1.168,1.1676,1.168,2246.0
1783183260000,1.1679,1.1686,1.1666,1.1667,53847.0
1783183320000,1.1666,1.1679,1.1666,1.1678,12297.0
1783183380000,1.1679,1.1679,1.167,1.1675,29410.0
1783183440000,1.1675,1.1688,1.1675,1.1681,68273.0
1783183500000,1.1681,1.1685,1.168,1.1682,1536.0
1783183560000,1.1681,1.1693,1.1681,1.1692,28244.0
1783183620000,1.1693,1.1698,1.1687,1.1691,2005.0
1783183680000,1.169,1.1694,1.1688,1.1693,2693.0
1783183740000,1.1693,1.1728,1.1692,1.1725,17222.0
1783183800000,1.1726,1.1729,1.1715,1.1729,48780.0
1783183860000,1.1729,1.1766,1.1727,1.1747,44616.0
1783183920000,1.1748,1.1753,1.1723,1.1729,16174.0
1783183980000,1.1729,1.1732,1.1725,1.1732,21030.0
1783184040000,1.1731,1.174,1.1726,1.1727,6017.0
1783184100000,1.173,1.1739,1.1724,1.1733,36611.0
1783184160000,1.1735,1.1739,1.1726,1.1726,3999.0
1783184220000,1.1726,1.1738,1.1726,1.1738,31998.0
1783184280000,1.1737,1.1738,1.1731,1.1731,6611.0
1783184340000,1.1732,1.1735,1.1731,1.1734,2172.0
1783184400000,1.1734,1.1735,1.1715,1.172,59557.0
1783184460000,1.172,1.1721,1.1673,1.1685,24120.0
1783184520000,1.1679,1.169,1.1679,1.1685,54374.0
1783184580000,1.1685,1.169,1.1681,1.1689,3713.0
1783184640000,1.169,1.1697,1.1689,1.1694,11547.0
1783184700000,1.1693,1.1697,1.1682,1.1683,50963.0
1783184760000,1.1683,1.1689,1.1682,1.1689,3409.0
1783184820000,1.1689,1.171,1.1688,1.171,17502.0
1783184880000,1.1709,1.1723,1.1704,1.1722,28537.0
1783184940000,1.1723,1.1727,1.172,1.1723,16350.0
1783185000000,1.1723,1.1723,1.1705,1.1706,39148.0
1783185060000,1.1706,1.1712,1.1706,1.1711,3008.0
1783185120000,1.1711,1.1712,1.17,1.17,3643.0
1783185180000,1.17,1.17,1.1676,1.1677,30348.0
1783185240000,1.1676,1.1688,1.1676,1.1681,44039.0
1783185300000,1.1681,1.1701,1.1677,1.1701,34415.0
1783185360000,1.1701,1.171,1.1695,1.1706,22939.0
1783185420000,1.1707,1.1707,1.1693,1.1693,28373.0
1783185480000,1.1693,1.1704,1.1689,1.1702,19990.0
1783185540000,1.1701,1.1718,1.1699,1.1716,14110.0
1783185600000,1.1716,1.1725,1.1716,1.1724,12837.0
1783185660000,1.1725,1.1738,1.172,1.1728,11079.0
1783185720000,1.1727,1.173,1.1718,1.1718,4178.0
1783185780000,1.1718,1.1719,1.1701,1.1704,50811.0
1783185840000,1.1704,1.1704,1.1692,1.1692,44416.0
1783185900000,1.1693,1.1707,1.1692,1.1705,61640.0
1783185960000,1.1709,1.1714,1.1702,1.171,6353.0
1783186020000,1.1711,1.1718,1.1707,1.1711,1512.0
1783186080000,1.1712,1.172,1.1709,1.1716,3089.0
1783186140000,1.1715,1.1722,1.1715,1.1718,8880.0
1783186200000,1.1718,1.1726,1.1712,1.1715,180789.0
1783186260000,1.1714,1.1735,1.1714,1.1732,12666.0
1783186320000,1.1732,1.1747,1.1728,1.1742,21143.0
1783186380000,1.1743,1.1766,1.1742,1.1743,89595.0
1783186440000,1.1742,1.1747,1.1733,1.1733,121140.0
1783186500000,1.1735,1.1748,1.1733,1.1742,32504.0
1783186560000,1.1742,1.1751,1.1742,1.175,8761.0
1783186620000,1.1751,1.1751,1.1733,1.1733,37472.0
1783186680000,1.1734,1.176,1.1733,1.1754,32982.0
1783186740000,1.1754,1.1757,1.1746,1.1749,58156.0
1783186800000,1.1749,1.175,1.1741,1.1741,9151.0
1783186860000,1.1741,1.1762,1.1741,1.1755,2410.0
1783186920000,1.1754,1.176,1.1747,1.1752,17795.0
1783186980000,1.1752,1.1772,1.1751,1.1772,172384.0
1783187040000,1.1771,1.1772,1.1767,1.1767,4278.0
1783187100000,1.1768,1.1769,1.1758,1.1767,32039.0
1783187160000,1.1766,1.1767,1.175,1.1752,13987.0
1783187220000,1.1751,1.1754,1.1737,1.1744,25946.0
1783187280000,1.1743,1.1755,1.1737,1.1752,6147.0
1783187340000,1.1752,1.1763,1.175,1.1762,6830.0
1783187400000,1.1762,1.1777,1.1759,1.1776,64500.0
1783187460000,1.1775,1.1798,1.1764,1.1769,154920.0
1783187520000,1.1769,1.1794,1.1769,1.1793,280489.0
1783187580000,1.1793,1.1794,1.1777,1.1787,95728.0
1783187640000,1.1782,1.1787,1.1778,1.1787,8838.0
1783187700000,1.1787,1.1818,1.1786,1.1817,361958.0
1783187760000,1.1818,1.1835,1.1817,1.183,182391.0
1783187820000,1.183,1.1834,1.1803,1.1813,69192.0
1783187880000,1.1812,1.1813,1.1803,1.1809,42698.0
1783187940000,1.1809,1.1813,1.1798,1.1806,9074.0
1783188000000,1.1804,1.1814,1.1793,1.1794,15305.0
1783188060000,1.1794,1.1801,1.179,1.1801,26669.0
1783188120000,1.18,1.1801,1.1787,1.1788,61698.0
1783188180000,1.1788,1.1791,1.1777,1.1784,62744.0
1783188240000,1.1784,1.179,1.1778,1.1786,7284.0
1783188300000,1.1785,1.181,1.1785,1.1802,121799.0
1783188360000,1.1802,1.1817,1.1802,1.181,8412.0
1783188420000,1.1811,1.1811,1.1787,1.1791,8263.0
1783188480000,1.179,1.1807,1.179,1.1794,5217.0
1783188540000,1.1794,1.1799,1.1778,1.1784,20217.0
1783188600000,1.1784,1.1794,1.1781,1.1789,171630.0
1783188660000,1.1788,1.1805,1.1788,1.18,120735.0
1783188720000,1.1799,1.1809,1.1799,1.1802,53530.0
1783188780000,1.1802,1.181,1.1802,1.1809,2648.0
1783188840000,1.181,1.181,1.1805,1.1808,7323.0
1783188900000,1.1807,1.1808,1.1802,1.1803,6037.0
1783188960000,1.1802,1.1803,1.1789,1.1789,6699.0
1783189020000,1.1789,1.1809,1.1789,1.1809,10816.0
1783189080000,1.1809,1.1809,1.1791,1.1791,30520.0
1783189140000,1.1792,1.1799,1.1787,1.1798,11322.0
1783189200000,1.1799,1.1799,1.1784,1.1785,16595.0
1783189260000,1.1785,1.1788,1.1779,1.1788,12533.0
1783189320000,1.1787,1.1795,1.178,1.1784,3768.0
1783189380000,1.1785,1.1791,1.1782,1.1784,8511.0
1783189440000,1.1784,1.1789,1.1766,1.1788,904634.0
1783189500000,1.1789,1.1801,1.1785,1.1796,774415.0
1783189560000,1.1795,1.1796,1.1785,1.1786,29288.0
1783189620000,1.1786,1.1786,1.176,1.176,366001.0
1783189680000,1.176,1.1763,1.1744,1.1762,141232.0
1783189740000,1.1762,1.1764,1.1754,1.1763,8179.0
1783189800000,1.1764,1.1764,1.175,1.1759,116273.0
1783189860000,1.1758,1.1763,1.1756,1.1759,6692.0
1783189920000,1.176,1.1763,1.1754,1.1763,1783.0
1783189980000,1.1761,1.1763,1.1757,1.1761,5312.0
1783190040000,1.1761,1.1761,1.1751,1.1754,1749.0
1783190100000,1.1753,1.1754,1.1747,1.1749,16582.0
1783190160000,1.175,1.1765,1.1749,1.1765,30147.0
1783190220000,1.1765,1.1765,1.1761,1.1765,2175.0
1783190280000,1.1765,1.1769,1.1763,1.1763,159735.0
1783190340000,1.1764,1.1767,1.1763,1.1765,6100.0
1783190400000,1.1765,1.1769,1.1764,1.1768,22590.0
1783190460000,1.1768,1.1769,1.1762,1.1769,2223.0
1783190520000,1.1769,1.1774,1.1767,1.1767,2505.0
1783190580000,1.1768,1.1768,1.176,1.1762,2797.0
1783190640000,1.1763,1.1763,1.1751,1.1752,2490.0
1783190700000,1.1752,1.1758,1.1743,1.1758,4847.0
1783190760000,1.1758,1.1758,1.1751,1.1755,5073.0
1783190820000,1.1755,1.1766,1.1755,1.1766,8701.0
1783190880000,1.1766,1.1766,1.1737,1.1737,45842.0
1783190940000,1.1737,1.1738,1.1729,1.1735,114005.0
1783191000000,1.1734,1.174,1.1727,1.173,3216.0
1783191060000,1.173,1.174,1.173,1.1737,11690.0
1783191120000,1.1737,1.1748,1.1737,1.1746,43521.0
1783191180000,1.1747,1.1747,1.1746,1.1746,2795.0
1783191240000,1.1747,1.1747,1.1741,1.1745,2246.0
1783191300000,1.1744,1.1766,1.1744,1.1764,54251.0
1783191360000,1.1764,1.1764,1.1756,1.1756,4888.0
1783191420000,1.1757,1.1757,1.1745,1.1748,35124.0
1783191480000,1.1749,1.1752,1.1748,1.1752,7628.0
1783191540000,1.1751,1.1752,1.1743,1.1743,4140.0
1783191600000,1.1743,1.1743,1.1738,1.1742,2048.0
1783191660000,1.1743,1.1755,1.1742,1.1749,45164.0
1783191720000,1.1748,1.1773,1.1746,1.177,6838.0
1783191780000,1.177,1.1778,1.1768,1.1778,107408.0
1783191840000,1.1776,1.1778,1.1751,1.1753,13838.0
1783191900000,1.1751,1.1753,1.1739,1.1751,84610.0
1783191960000,1.175,1.1751,1.1745,1.1745,12094.0
1783192020000,1.1745,1.1746,1.1741,1.1741,1671.0
1783192080000,1.1742,1.1742,1.1729,1.1735,5225.0
1783192140000,1.1735,1.1735,1.1716,1.1725,163493.0
1783192200000,1.1726,1.1727,1.1719,1.1723,32500.0
1783192260000,1.1722,1.1731,1.1722,1.1729,66222.0
1783192320000,1.173,1.1734,1.1724,1.1728,3272.0
1783192380000,1.1727,1.1728,1.1701,1.1704,40867.0
1783192440000,1.1703,1.1704,1.17,1.1702,5729.0
1783192500000,1.1702,1.1702,1.17,1.1702,5562.0
1783192560000,1.17,1.171,1.1698,1.1704,3943.0
1783192620000,1.1704,1.1712,1.17,1.17,3938.0
1783192680000,1.1701,1.1706,1.17,1.1706,2506.0
1783192740000,1.1705,1.1707,1.1702,1.1707,4797.0
1783192800000,1.1707,1.171,1.1705,1.171,3735.0
1783192860000,1.171,1.1737,1.1709,1.1729,109239.0
1783192920000,1.1729,1.1735,1.1729,1.1734,28624.0
1783192980000,1.1735,1.1735,1.1733,1.1735,13978.0
1783193040000,1.1735,1.1735,1.1727,1.1728,3420.0
1783193100000,1.1727,1.1728,1.1724,1.1724,1829.0
1783193160000,1.1725,1.1725,1.1713,1.1714,73925.0
1783193220000,1.171,1.1711,1.1706,1.1711,6621.0
1783193280000,1.171,1.1715,1.1705,1.1705,9896.0
1783193340000,1.1705,1.1706,1.1701,1.1704,3480.0
1783193400000,1.1705,1.1705,1.1679,1.1684,171957.0
1783193460000,1.1685,1.1689,1.1681,1.1687,30074.0
1783193520000,1.1687,1.1688,1.168,1.1687,6589.0
1783193580000,1.1688,1.1693,1.1687,1.1693,57993.0
1783193640000,1.1692,1.1699,1.1689,1.1695,48779.0
1783193700000,1.1694,1.1703,1.1694,1.1698,12854.0
1783193760000,1.1695,1.1696,1.1686,1.1687,14431.0
1783193820000,1.1688,1.169,1.1681,1.1686,7036.0
1783193880000,1.1686,1.169,1.1685,1.1686,20270.0
1783193940000,1.1686,1.1686,1.1683,1.1684,9629.0
1783194000000,1.1683,1.1684,1.1673,1.1673,16213.0
1783194060000,1.1674,1.168,1.1673,1.1679,6669.0
1783194120000,1.1679,1.1707,1.1679,1.17,31159.0
1783194180000,1.1699,1.17,1.169,1.1697,93480.0
1783194240000,1.1698,1.1698,1.1694,1.1696,19081.0
1783194300000,1.1697,1.1698,1.1688,1.1688,16111.0
1783194360000,1.1689,1.1689,1.1678,1.1678,41730.0
1783194420000,1.1678,1.1685,1.1678,1.1684,3516.0
1783194480000,1.1683,1.1684,1.1679,1.168,2962.0
1783194540000,1.168,1.1687,1.1678,1.1679,1874.0
1783194600000,1.1679,1.1679,1.1678,1.1679,18552.0
1783194660000,1.1679,1.1682,1.1673,1.1673,2113.0
1783194720000,1.1673,1.1677,1.1667,1.1673,11988.0
1783194780000,1.1674,1.1677,1.167,1.167,2132.0
1783194840000,1.1671,1.1674,1.166,1.1664,13893.0
1783194900000,1.1665,1.1668,1.1664,1.1668,2034.0
1783194960000,1.1668,1.1668,1.1667,1.1668,2923.0
1783195020000,1.1668,1.1676,1.1664,1.1667,4411.0
1783195080000,1.1667,1.1681,1.1667,1.1678,42331.0
1783195140000,1.1678,1.1681,1.1674,1.1677,2434.0
1783195200000,1.1677,1.1678,1.1665,1.1667,18086.0
1783195260000,1.1667,1.168,1.1667,1.168,11347.0
1783195320000,1.168,1.1684,1.1675,1.168,58633.0
1783195380000,1.1679,1.1684,1.1676,1.1681,35548.0
1783195440000,1.168,1.1684,1.1677,1.1681,2063.0
1783195500000,1.1681,1.1685,1.1677,1.1681,15052.0
1783195560000,1.1682,1.1682,1.1676,1.1676,1443.0
1783195620000,1.1676,1.1686,1.1676,1.1682,1980.0
1783195680000,1.1681,1.1691,1.1681,1.1684,65352.0
1783195740000,1.1685,1.1685,1.1679,1.168,14443.0
1783195800000,1.1677,1.168,1.1677,1.1679,5651.0
1783195860000,1.1679,1.1688,1.1679,1.1685,2458.0
1783195920000,1.1685,1.1689,1.1684,1.1688,3209.0
1783195980000,1.1688,1.1693,1.1686,1.1686,6771.0
1783196040000,1.1686,1.169,1.1686,1.169,34602.0
1783196100000,1.1689,1.169,1.1684,1.1685,6275.0
1783196160000,1.1685,1.1685,1.1684,1.1684,2044.0
1783196220000,1.1684,1.1685,1.1678,1.1679,4150.0
1783196280000,1.1678,1.1679,1.1634,1.1639,99891.0
1783196340000,1.1638,1.1643,1.1616,1.163,132782.0
1783196400000,1.163,1.1631,1.1613,1.1616,40518.0
1783196460000,1.1615,1.1625,1.1615,1.1621,5019.0
1783196520000,1.1621,1.1624,1.1615,1.1616,17673.0
1783196580000,1.1616,1.1626,1.1615,1.162,40446.0
1783196640000,1.1621,1.1621,1.1615,1.1616,33692.0
1783196700000,1.1616,1.1616,1.1602,1.1602,20281.0
1783196760000,1.1603,1.1605,1.1595,1.1597,32030.0
1783196820000,1.1597,1.1606,1.1597,1.1599,4440.0
1783196880000,1.1598,1.1599,1.1593,1.1594,12349.0
1783196940000,1.1594,1.1598,1.1593,1.1597,16518.0
1783197000000,1.1597,1.1605,1.1597,1.1605,7549.0
1783197060000,1.1604,1.1608,1.1604,1.1604,48483.0
1783197120000,1.1604,1.1616,1.1604,1.1616,118706.0
1783197180000,1.1615,1.1619,1.1615,1.1616,26910.0
1783197240000,1.1615,1.162,1.1613,1.1613,46038.0
1783197300000,1.1613,1.1623,1.1613,1.162,52039.0
1783197360000,1.1621,1.1624,1.1617,1.1623,15934.0
1783197420000,1.1624,1.1624,1.1607,1.1609,14653.0
1783197480000,1.1609,1.1626,1.1609,1.1621,174242.0
1783197540000,1.1621,1.1621,1.161,1.1611,13553.0
1783197600000,1.161,1.1624,1.161,1.162,3273.0
1783197660000,1.1619,1.1624,1.1617,1.1618,1627.0
1783197720000,1.1617,1.1618,1.1615,1.1617,88778.0
1783197780000,1.1616,1.1622,1.1616,1.1621,1969.0
1783197840000,1.1621,1.1625,1.1621,1.1625,5463.0
1783197900000,1.1625,1.1626,1.1624,1.1625,46629.0
1783197960000,1.1625,1.1629,1.1625,1.1626,8380.0
1783198020000,1.1625,1.1626,1.1618,1.1618,2047.0
1783198080000,1.1619,1.1619,1.1618,1.1618,12910.0
1783198140000,1.1619,1.1623,1.1618,1.1622,18048.0
1783198200000,1.1622,1.1623,1.1622,1.1622,8562.0
1783198260000,1.1623,1.1623,1.1617,1.1617,1873.0
1783198320000,1.1617,1.1617,1.1613,1.1617,15769.0
1783198380000,1.1617,1.1617,1.1609,1.1611,87355.0
1783198440000,1.1611,1.1618,1.1611,1.1618,1631.0
1783198500000,1.1618,1.1621,1.1613,1.1617,7270.0
1783198560000,1.1616,1.1622,1.1611,1.1622,6444.0
1783198620000,1.1622,1.1627,1.162,1.1627,8543.0
1783198680000,1.1631,1.1631,1.1618,1.1619,3149.0
1783198740000,1.162,1.1623,1.1618,1.1621,1679.0
1783198800000,1.1621,1.1625,1.1615,1.1618,16292.0
1783198860000,1.1619,1.1619,1.1616,1.1617,10835.0
1783198920000,1.1617,1.1619,1.1611,1.1615,30143.0
1783198980000,1.1616,1.1621,1.1611,1.1621,1800.0
1783199040000,1.1621,1.1624,1.1617,1.1618,6867.0
1783199100000,1.1618,1.1626,1.1617,1.1622,6246.0
1783199160000,1.1623,1.1623,1.1619,1.1623,2297.0
1783199220000,1.1623,1.1623,1.1622,1.1623,4824.0
1783199280000,1.1623,1.1623,1.1619,1.1619,9967.0
1783199340000,1.162,1.1623,1.1613,1.1614,10716.0
1783199400000,1.1613,1.1619,1.1613,1.1616,5229.0
1783199460000,1.1616,1.162,1.1612,1.162,2788.0
1783199520000,1.1619,1.1626,1.1619,1.1625,3154.0
1783199580000,1.1626,1.1634,1.1623,1.1633,25752.0
1783199640000,1.1633,1.1641,1.1629,1.164,10091.0
1783199700000,1.1641,1.1643,1.1636,1.1636,3756.0
1783199760000,1.1637,1.1646,1.1635,1.1645,52704.0
1783199820000,1.1643,1.1645,1.1643,1.1645,4306.0
1783199880000,1.1645,1.1648,1.1641,1.1647,3030.0
1783199940000,1.1648,1.1655,1.1644,1.1655,96235.0
1783200000000,1.1655,1.1662,1.1653,1.1662,29282.0
1783200060000,1.1662,1.1663,1.1658,1.1662,64783.0
1783200120000,1.166,1.1666,1.1659,1.1666,5378.0
1783200180000,1.1666,1.1666,1.1664,1.1666,3821.0
1783200240000,1.1664,1.1666,1.1662,1.1662,2697.0
1783200300000,1.1662,1.1663,1.165,1.1656,7952.0
1783200360000,1.1656,1.1662,1.1654,1.1662,90889.0
1783200420000,1.1661,1.1665,1.1661,1.1663,6794.0
1783200480000,1.1663,1.1663,1.1654,1.1654,82666.0
1783200540000,1.1655,1.1656,1.165,1.1655,2616.0
1783200600000,1.1656,1.1656,1.1655,1.1655,1585.0
1783200660000,1.1656,1.1659,1.1652,1.1658,2548.0
1783200720000,1.1659,1.1666,1.1655,1.1664,3171.0
1783200780000,1.1663,1.1664,1.166,1.166,6986.0
1783200840000,1.166,1.1661,1.1653,1.1654,5279.0
1783200900000,1.1653,1.1657,1.1653,1.1656,1489.0
1783200960000,1.1657,1.1666,1.1656,1.1665,7040.0
1783201020000,1.1665,1.1665,1.1664,1.1664,1755.0
1783201080000,1.1665,1.1668,1.1661,1.1667,3501.0
1783201140000,1.1667,1.1668,1.1664,1.1667,12762.0
1783201200000,1.1667,1.1676,1.1667,1.1676,5725.0
1783201260000,1.1675,1.1676,1.1656,1.1657,1547.0
1783201320000,1.1656,1.1664,1.1656,1.1664,11283.0
1783201380000,1.1663,1.1666,1.1663,1.1663,2034.0
1783201440000,1.1663,1.1664,1.1651,1.1651,21538.0
1783201500000,1.1653,1.1659,1.1652,1.1656,1532.0
1783201560000,1.1655,1.1656,1.1649,1.1649,2973.0
1783201620000,1.1651,1.1654,1.1647,1.1654,76443.0
1783201680000,1.1654,1.1654,1.1647,1.1651,3530.0
1783201740000,1.165,1.1658,1.165,1.1653,13492.0
1783201800000,1.1653,1.1659,1.1652,1.1655,5997.0
1783201860000,1.1655,1.1656,1.1653,1.1653,3452.0
1783201920000,1.1654,1.1667,1.1653,1.1667,4158.0
1783201980000,1.1666,1.1667,1.1657,1.1661,8517.0
1783202040000,1.1661,1.1661,1.1655,1.1655,45556.0
1783202100000,1.1655,1.1671,1.1655,1.167,47241.0
1783202160000,1.1671,1.1671,1.1665,1.1668,4296.0
1783202220000,1.1668,1.1674,1.1667,1.1674,45301.0
1783202280000,1.1674,1.1674,1.167,1.167,1459.0
1783202340000,1.1671,1.1671,1.1658,1.1659,6942.0
1783202400000,1.1655,1.1656,1.1652,1.1656,5392.0
1783202460000,1.1656,1.1656,1.1643,1.1644,148782.0
1783202520000,1.1644,1.1644,1.1633,1.1644,7280.0
1783202580000,1.1644,1.1648,1.164,1.164,18364.0
1783202640000,1.164,1.1641,1.1633,1.1633,8179.0
1783202700000,1.1633,1.164,1.1633,1.1639,7752.0
1783202760000,1.1644,1.1644,1.164,1.164,29023.0
1783202820000,1.164,1.1644,1.164,1.1643,6687.0
1783202880000,1.1643,1.1644,1.1641,1.1641,1736.0
1783202940000,1.1642,1.1661,1.1641,1.1661,20670.0
1783203000000,1.166,1.1661,1.1645,1.1645,9105.0
1783203060000,1.1646,1.1647,1.1639,1.1644,4161.0
1783203120000,1.1643,1.1644,1.164,1.164,1535.0
1783203180000,1.1641,1.1647,1.164,1.1646,2113.0
1783203240000,1.1646,1.1647,1.1642,1.1642,2443.0
1783203300000,1.1643,1.1647,1.1636,1.1636,14525.0
1783203360000,1.1637,1.1637,1.1627,1.1634,2684.0
1783203420000,1.1633,1.1644,1.1633,1.1643,44211.0
1783203480000,1.1644,1.1644,1.1637,1.1637,2796.0
1783203540000,1.1641,1.1641,1.1633,1.1634,3355.0
1783203600000,1.1634,1.1634,1.1631,1.1632,2539.0
1783203660000,1.1631,1.1638,1.1631,1.1638,1824.0
1783203720000,1.1638,1.1638,1.1635,1.1635,2099.0
1783203780000,1.1636,1.1636,1.163,1.163,7099.0
1783203840000,1.1631,1.1631,1.1626,1.1628,9758.0
1783203900000,1.1626,1.1631,1.1622,1.1623,17679.0
1783203960000,1.1623,1.1626,1.1618,1.1625,73523.0
1783204020000,1.1625,1.1626,1.1622,1.1623,2658.0
1783204080000,1.1623,1.1623,1.1622,1.1622,2398.0
1783204140000,1.1623,1.1623,1.1622,1.1622,1881.0
1783204200000,1.1622,1.1623,1.1618,1.1618,15300.0
1783204260000,1.1618,1.1619,1.1618,1.1618,1986.0
1783204320000,1.1619,1.1619,1.1608,1.1614,24369.0
1783204380000,1.1615,1.1621,1.1614,1.1621,6021.0
1783204440000,1.1621,1.1623,1.1618,1.1621,47884.0
1783204500000,1.1622,1.1625,1.1621,1.1624,2158.0
1783204560000,1.1625,1.1628,1.1622,1.1623,5894.0
1783204620000,1.1623,1.1623,1.1622,1.1623,2013.0
1783204680000,1.1623,1.1623,1.1614,1.1615,3510.0
1783204740000,1.1615,1.1615,1.1609,1.1609,6953.0
1783204800000,1.161,1.1616,1.1609,1.1616,16779.0
1783204860000,1.1616,1.1616,1.1615,1.1615,1631.0
1783204920000,1.1616,1.1621,1.1615,1.1618,2579.0
1783204980000,1.1619,1.1619,1.1615,1.1615,9326.0
1783205040000,1.1615,1.1621,1.1613,1.1621,9208.0
1783205100000,1.1621,1.1627,1.1617,1.1627,2127.0
1783205160000,1.1627,1.1627,1.161,1.1611,2295.0
1783205220000,1.1615,1.1615,1.1607,1.1613,1817.0
1783205280000,1.1612,1.1613,1.1608,1.1611,4914.0
1783205340000,1.1612,1.1612,1.1597,1.1604,4194.0
1783205400000,1.1604,1.1606,1.1601,1.1603,1915.0
1783205460000,1.1603,1.1603,1.1599,1.1602,1846.0
1783205520000,1.1603,1.1603,1.1602,1.1602,4921.0
1783205580000,1.1603,1.1606,1.1602,1.1605,1887.0
1783205640000,1.1605,1.1606,1.1601,1.1601,8814.0
1783205700000,1.1601,1.1602,1.1601,1.1602,2734.0
1783205760000,1.1602,1.1602,1.1601,1.1601,1678.0
1783205820000,1.1602,1.1605,1.1601,1.1605,1550.0
1783205880000,1.1604,1.1605,1.1604,1.1605,1485.0
1783205940000,1.1604,1.1615,1.1604,1.1615,1789.0
1783206000000,1.1616,1.162,1.1606,1.1607,1780.0
1783206060000,1.1607,1.161,1.1601,1.1601,20831.0
1783206120000,1.1601,1.1602,1.1588,1.1592,151733.0
1783206180000,1.1593,1.1607,1.1592,1.1606,6395.0
1783206240000,1.1606,1.1607,1.1603,1.1607,6401.0
1783206300000,1.1606,1.1607,1.1601,1.1602,2394.0
1783206360000,1.1602,1.1604,1.1598,1.1604,1677.0
1783206420000,1.1604,1.1614,1.1603,1.1612,6171.0
1783206480000,1.1611,1.1615,1.1608,1.1608,14620.0
1783206540000,1.1608,1.1612,1.1608,1.1612,11183.0
1783206600000,1.1612,1.1612,1.1606,1.1607,1630.0
1783206660000,1.1607,1.1608,1.1604,1.1608,1868.0
1783206720000,1.1608,1.1608,1.1599,1.16,3492.0
1783206780000,1.16,1.16,1.1589,1.1595,3298.0
1783206840000,1.1598,1.1598,1.1563,1.1566,114093.0
1783206900000,1.1563,1.1566,1.1539,1.1543,42113.0
1783206960000,1.1543,1.1552,1.1535,1.1552,311640.0
1783207020000,1.1551,1.156,1.1551,1.1558,2401.0
1783207080000,1.1557,1.1565,1.1557,1.1557,190195.0
1783207140000,1.1557,1.1565,1.1554,1.1564,1773.0
1783207200000,1.1565,1.157,1.1561,1.157,1715.0
1783207260000,1.1569,1.1578,1.1565,1.1577,4109.0
1783207320000,1.1577,1.1579,1.1576,1.1578,3068.0
1783207380000,1.1578,1.1582,1.1576,1.1576,9723.0
1783207440000,1.1577,1.1577,1.1576,1.1577,1904.0
1783207500000,1.1576,1.1578,1.1574,1.1575,8663.0
1783207560000,1.1574,1.1575,1.1572,1.1572,2156.0
1783207620000,1.1573,1.1578,1.1572,1.1574,4036.0
1783207680000,1.1574,1.1575,1.1569,1.157,2127.0
1783207740000,1.1569,1.1573,1.1569,1.1572,1733.0
1783207800000,1.1572,1.1584,1.1569,1.1576,3283.0
1783207860000,1.1576,1.1583,1.1575,1.1583,2182.0
1783207920000,1.1582,1.1589,1.1582,1.1586,26133.0
1783207980000,1.1586,1.1587,1.1582,1.1585,104728.0
1783208040000,1.1585,1.159,1.158,1.159,27656.0
1783208100000,1.1589,1.1594,1.1589,1.1589,3237.0
1783208160000,1.1591,1.1591,1.1582,1.1582,3175.0
1783208220000,1.1582,1.1583,1.158,1.158,1986.0
1783208280000,1.1581,1.1581,1.1575,1.1576,3012.0
1783208340000,1.1575,1.1576,1.1572,1.1573,23610.0
1783208400000,1.1573,1.1573,1.1568,1.1569,1465.0
1783208460000,1.1568,1.1585,1.1568,1.1585,2306.0
1783208520000,1.1585,1.1585,1.1577,1.158,2984.0
1783208580000,1.158,1.159,1.158,1.1589,22378.0
1783208640000,1.159,1.159,1.1584,1.1589,2311.0
1783208700000,1.1588,1.1596,1.1584,1.1587,5655.0
1783208760000,1.1588,1.1588,1.158,1.1585,3931.0
1783208820000,1.1584,1.1585,1.1575,1.1578,2335.0
1783208880000,1.1578,1.1578,1.1573,1.1574,2075.0
1783208940000,1.1574,1.1576,1.1573,1.1576,1350.0
1783209000000,1.1575,1.1579,1.1572,1.1573,5737.0
1783209060000,1.1572,1.1573,1.1568,1.1569,2948.0
1783209120000,1.1568,1.1569,1.1567,1.1569,2516.0
1783209180000,1.1567,1.1572,1.1567,1.1567,2069.0
1783209240000,1.1568,1.1579,1.1567,1.1578,1982.0
1783209300000,1.1579,1.1579,1.1573,1.1573,1763.0
1783209360000,1.1573,1.1574,1.1569,1.1569,2460.0
1783209420000,1.157,1.157,1.1567,1.1568,2698.0
1783209480000,1.1567,1.1568,1.1559,1.1567,307510.0
1783209540000,1.1567,1.1568,1.1567,1.1567,11254.0
1783209600000,1.1568,1.1568,1.1552,1.1554,10467.0
1783209660000,1.1554,1.1555,1.1541,1.1541,6989.0
1783209720000,1.1542,1.1554,1.1541,1.1554,2263.0
1783209780000,1.1554,1.1556,1.1549,1.1555,1471.0
1783209840000,1.1555,1.1559,1.1546,1.1547,2954.0
1783209900000,1.1547,1.1553,1.1543,1.1549,115194.0
1783209960000,1.1549,1.1553,1.1545,1.1546,5821.0
1783210020000,1.1545,1.1553,1.1543,1.1543,3743.0
1783210080000,1.1543,1.1544,1.1538,1.1539,5115.0
1783210140000,1.1539,1.1547,1.1538,1.1544,36415.0
1783210200000,1.1544,1.1545,1.1541,1.1544,9483.0
1783210260000,1.1544,1.1544,1.154,1.1541,1666.0
1783210320000,1.154,1.1541,1.1536,1.1536,4757.0
1783210380000,1.1537,1.1541,1.1536,1.1538,93603.0
1783210440000,1.1537,1.1541,1.1533,1.1533,3700.0
1783210500000,1.1533,1.154,1.1524,1.1539,13726.0
1783210560000,1.1539,1.154,1.1537,1.1537,6593.0
1783210620000,1.1537,1.1538,1.1534,1.1537,1746.0
1783210680000,1.1537,1.1537,1.1533,1.1533,89346.0
1783210740000,1.1533,1.1541,1.1533,1.1533,2851.0
1783210800000,1.1533,1.1534,1.1528,1.1532,4311.0
1783210860000,1.1532,1.1532,1.1516,1.1519,7571.0
1783210920000,1.152,1.1521,1.1514,1.1517,11736.0
1783210980000,1.1518,1.1521,1.1514,1.1517,4348.0
1783211040000,1.1518,1.1518,1.1509,1.1509,2830.0
1783211100000,1.1513,1.1513,1.151,1.151,1697.0
1783211160000,1.1511,1.1515,1.151,1.1514,19485.0
1783211220000,1.1514,1.1515,1.1508,1.1511,7013.0
1783211280000,1.1508,1.1521,1.1508,1.1513,4068.0
1783211340000,1.1513,1.1522,1.1513,1.1517,5547.0
1783211400000,1.1518,1.1518,1.15,1.1501,50205.0
1783211460000,1.15,1.1502,1.1489,1.1493,50751.0
1783211520000,1.1492,1.1493,1.1474,1.1476,6065.0
1783211580000,1.1478,1.1478,1.147,1.1473,24053.0
1783211640000,1.1473,1.1478,1.147,1.1474,18264.0
1783211700000,1.1474,1.1481,1.147,1.1475,40228.0
1783211760000,1.1475,1.1482,1.1473,1.148,34188.0
1783211820000,1.1481,1.1488,1.148,1.1487,13241.0
1783211880000,1.1488,1.1497,1.1484,1.1496,8325.0
1783211940000,1.1496,1.1503,1.1496,1.1502,10423.0
1783212000000,1.1502,1.1505,1.15,1.1504,25268.0
1783212060000,1.1505,1.1511,1.1504,1.1507,5761.0
1783212120000,1.1507,1.1512,1.1507,1.1512,1908.0
1783212180000,1.1512,1.152,1.1511,1.152,46930.0
1783212240000,1.152,1.152,1.1512,1.1513,33571.0
1783212300000,1.1513,1.152,1.1512,1.1517,10218.0
1783212360000,1.1517,1.1517,1.1516,1.1516,5200.0
1783212420000,1.1516,1.1517,1.1504,1.1505,11195.0
1783212480000,1.1505,1.1505,1.1491,1.1495,28861.0
1783212540000,1.1494,1.1495,1.1494,1.1495,4292.0
1783212600000,1.1495,1.1499,1.1492,1.1495,110094.0
1783212660000,1.1496,1.1496,1.1492,1.1492,3674.0
1783212720000,1.1493,1.1493,1.149,1.1491,5153.0
1783212780000,1.149,1.1497,1.149,1.1492,6500.0
1783212840000,1.1491,1.1492,1.1487,1.1488,88291.0
1783212900000,1.1487,1.1488,1.1479,1.148,14910.0
1783212960000,1.1479,1.1482,1.1472,1.1472,3372.0
1783213020000,1.1473,1.1478,1.1472,1.1474,2411.0
1783213080000,1.1474,1.1479,1.1474,1.1478,2003.0
1783213140000,1.1478,1.1491,1.1478,1.149,18291.0
1783213200000,1.1491,1.1497,1.1488,1.1492,5222.0
1783213260000,1.1492,1.1495,1.149,1.149,117081.0
1783213320000,1.1491,1.1503,1.149,1.1502,8150.0
1783213380000,1.1502,1.1514,1.15,1.1504,3582.0
1783213440000,1.1505,1.1509,1.15,1.1501,2891.0
1783213500000,1.1501,1.1501,1.1489,1.1489,14742.0
1783213560000,1.1489,1.15,1.1489,1.1496,3195.0
1783213620000,1.1496,1.1501,1.1494,1.1497,1730.0
1783213680000,1.1496,1.1497,1.1486,1.1486,28019.0
1783213740000,1.1486,1.1487,1.1481,1.1481,7143.0
1783213800000,1.1482,1.1485,1.1477,1.1485,4228.0
1783213860000,1.1484,1.1485,1.1479,1.148,2865.0
1783213920000,1.148,1.1484,1.1479,1.148,2325.0
1783213980000,1.1479,1.148,1.1477,1.1478,7009.0
1783214040000,1.1478,1.1478,1.1472,1.1476,25457.0
1783214100000,1.1476,1.1476,1.1468,1.1469,3802.0
1783214160000,1.1469,1.1469,1.1451,1.1456,602125.0
1783214220000,1.1455,1.146,1.144,1.1444,674302.0
1783214280000,1.1444,1.1449,1.144,1.1442,16313.0
1783214340000,1.1441,1.1445,1.1431,1.1431,35461.0
1783214400000,1.1431,1.1443,1.1431,1.1442,3989.0
1783214460000,1.1443,1.1443,1.1437,1.144,2126.0
1783214520000,1.144,1.1441,1.1436,1.1437,8423.0
1783214580000,1.1436,1.1443,1.1434,1.1437,13735.0
1783214640000,1.1437,1.1441,1.1437,1.1441,5167.0
1783214700000,1.1441,1.1448,1.1438,1.1448,32800.0
1783214760000,1.1448,1.1453,1.1447,1.1448,34993.0
1783214820000,1.1449,1.1458,1.1448,1.1457,7055.0
1783214880000,1.1458,1.1469,1.1458,1.1469,16709.0
1783214940000,1.1468,1.1471,1.1461,1.1461,10654.0
1783215000000,1.1462,1.1462,1.144,1.1441,52088.0
1783215060000,1.144,1.1443,1.1434,1.1438,2378.0
1783215120000,1.1439,1.1455,1.1438,1.144,2591.0
1783215180000,1.1441,1.1441,1.1419,1.1424,208721.0
1783215240000,1.1423,1.1433,1.1423,1.1431,3024.0
1783215300000,1.1431,1.1439,1.143,1.1439,17102.0
1783215360000,1.1439,1.1444,1.1435,1.1438,16394.0
1783215420000,1.1437,1.1438,1.1431,1.1435,3654.0
1783215480000,1.1435,1.1435,1.1432,1.1433,1963.0
1783215540000,1.1432,1.1443,1.1432,1.1443,1809.0
1783215600000,1.1443,1.1444,1.1436,1.1439,19577.0
1783215660000,1.144,1.1443,1.1437,1.1438,57623.0
1783215720000,1.1438,1.1438,1.1437,1.1437,2035.0
1783215780000,1.1437,1.1441,1.1437,1.144,1767.0
1783215840000,1.1441,1.1441,1.1436,1.1439,25751.0
1783215900000,1.144,1.1447,1.1439,1.1445,1349.0
1783215960000,1.1448,1.1454,1.1443,1.1447,24377.0
1783216020000,1.1447,1.1447,1.1433,1.1434,6536.0
1783216080000,1.1436,1.1436,1.1435,1.1436,15678.0
1783216140000,1.1435,1.1436,1.1427,1.1431,3477.0
1783216200000,1.1432,1.144,1.1431,1.1439,1515.0
1783216260000,1.1439,1.1446,1.1439,1.1445,5526.0
1783216320000,1.1446,1.1446,1.144,1.1441,3701.0
1783216380000,1.1441,1.1444,1.144,1.1444,2706.0
1783216440000,1.1443,1.1444,1.1439,1.1439,2141.0
1783216500000,1.1439,1.1443,1.1438,1.1438,154028.0
1783216560000,1.1439,1.1442,1.1438,1.1442,28470.0
1783216620000,1.1442,1.1444,1.144,1.1441,89195.0
1783216680000,1.144,1.1445,1.144,1.1444,50100.0
1783216740000,1.1445,1.1451,1.1444,1.1451,12923.0
1783216800000,1.1451,1.1451,1.1446,1.1447,17117.0
1783216860000,1.1446,1.145,1.1438,1.1439,21671.0
1783216920000,1.1439,1.1439,1.1432,1.1436,89116.0
1783216980000,1.1435,1.1436,1.1433,1.1433,3616.0
1783217040000,1.1434,1.1434,1.143,1.1431,5538.0
1783217100000,1.143,1.1433,1.143,1.1433,20378.0
1783217160000,1.1432,1.1433,1.1429,1.1429,24003.0
1783217220000,1.1429,1.143,1.1415,1.1417,13366.0
1783217280000,1.1417,1.1421,1.1417,1.1417,3434.0
1783217340000,1.1418,1.1418,1.1409,1.1411,26939.0
1783217400000,1.1411,1.1414,1.141,1.1414,17357.0
1783217460000,1.1414,1.1414,1.1406,1.1406,5129.0
1783217520000,1.1407,1.1407,1.1391,1.1393,388977.0
1783217580000,1.1391,1.1393,1.1383,1.1383,78402.0
1783217640000,1.1383,1.1388,1.1383,1.1386,6350.0
1783217700000,1.1383,1.1385,1.1367,1.1369,26436.0
1783217760000,1.1369,1.1369,1.1357,1.1363,12222.0
1783217820000,1.1363,1.1367,1.1355,1.1366,13728.0
1783217880000,1.1367,1.1391,1.1366,1.1391,23228.0
1783217940000,1.139,1.1399,1.139,1.1399,21119.0
1783218000000,1.1399,1.1406,1.1399,1.1406,119401.0
1783218060000,1.1406,1.1406,1.1388,1.1392,32619.0
1783218120000,1.1392,1.1395,1.139,1.1394,2282.0
1783218180000,1.1393,1.1394,1.1376,1.1377,1673.0
1783218240000,1.1377,1.1377,1.1369,1.1369,3489.0
1783218300000,1.1369,1.138,1.1365,1.138,5455.0
1783218360000,1.138,1.1384,1.137,1.137,20252.0
1783218420000,1.1365,1.1366,1.1354,1.1358,1852.0
1783218480000,1.136,1.1364,1.1358,1.1358,3011.0
1783218540000,1.1359,1.1374,1.1358,1.1374,5704.0
1783218600000,1.1373,1.1377,1.1361,1.1363,4933.0
1783218660000,1.1362,1.1366,1.1356,1.1365,2099.0
1783218720000,1.1365,1.138,1.1364,1.1377,2966.0
1783218780000,1.1377,1.139,1.1376,1.1386,4212.0
1783218840000,1.1387,1.1387,1.1376,1.1378,2960.0
1783218900000,1.1378,1.1387,1.1378,1.138,27888.0
1783218960000,1.138,1.1381,1.1376,1.1376,64526.0
1783219020000,1.1376,1.138,1.1376,1.1377,14625.0
1783219080000,1.1376,1.1377,1.136,1.136,7914.0
1783219140000,1.136,1.1369,1.136,1.1366,1923.0
1783219200000,1.1366,1.1367,1.1366,1.1367,2896.0
1783219260000,1.1367,1.1375,1.1366,1.1372,11216.0
1783219320000,1.1372,1.1372,1.1346,1.1348,9673.0
1783219380000,1.1352,1.1352,1.1343,1.1346,10447.0
1783219440000,1.1346,1.1353,1.1342,1.1342,4519.0
1783219500000,1.1342,1.1353,1.1335,1.1352,22140.0
1783219560000,1.1352,1.1354,1.1342,1.1353,17608.0
1783219620000,1.1354,1.1354,1.1343,1.1345,2795.0
1783219680000,1.1345,1.1352,1.1337,1.1339,1933.0
1783219740000,1.1342,1.1348,1.134,1.1347,8401.0
1783219800000,1.1348,1.1354,1.1347,1.1354,1447.0
1783219860000,1.1353,1.1356,1.1351,1.1351,1840.0
1783219920000,1.1352,1.1352,1.134,1.1345,3349.0
1783219980000,1.1345,1.1347,1.134,1.1346,5692.0
1783220040000,1.1347,1.1351,1.1343,1.1347,1516.0
1783220100000,1.1348,1.1355,1.1347,1.1354,1500.0
1783220160000,1.1354,1.1359,1.1354,1.1359,2220.0
1783220220000,1.1359,1.1359,1.1355,1.1356,2054.0
1783220280000,1.1355,1.1365,1.1355,1.1364,4237.0
1783220340000,1.1368,1.1369,1.1367,1.1368,33647.0
1783220400000,1.1367,1.1377,1.1367,1.1368,4677.0
1783220460000,1.1372,1.1376,1.137,1.137,9659.0
1783220520000,1.1371,1.1374,1.1365,1.1369,3414.0
1783220580000,1.1368,1.1369,1.1357,1.1362,6968.0
1783220640000,1.1363,1.1376,1.1362,1.1375,7020.0
1783220700000,1.1376,1.1377,1.1371,1.1375,29944.0
1783220760000,1.1375,1.1381,1.1375,1.1381,5527.0
1783220820000,1.1379,1.1391,1.1379,1.138,2991.0
1783220880000,1.138,1.1387,1.138,1.1386,1997.0
1783220940000,1.1387,1.139,1.1383,1.139,3673.0
1783221000000,1.139,1.1397,1.1389,1.1391,37166.0
1783221060000,1.1391,1.1392,1.1386,1.1387,2323.0
1783221120000,1.1387,1.1392,1.1386,1.1391,2915.0
1783221180000,1.1392,1.1398,1.1391,1.1398,1846.0
1783221240000,1.1397,1.1401,1.1396,1.1398,2916.0
1783221300000,1.1399,1.14,1.1395,1.1399,1786.0
1783221360000,1.1399,1.1402,1.1399,1.1399,3069.0
1783221420000,1.1399,1.14,1.1396,1.14,1672.0
1783221480000,1.14,1.14,1.1396,1.14,3584.0
1783221540000,1.1399,1.1401,1.1399,1.14,41805.0
1783221600000,1.1401,1.1401,1.1392,1.1394,19142.0
1783221660000,1.1394,1.1394,1.1382,1.1382,10391.0
1783221720000,1.1383,1.1383,1.1372,1.1379,1707.0
1783221780000,1.138,1.1382,1.1361,1.1367,66953.0
1783221840000,1.1371,1.1377,1.1368,1.1377,2502.0
1783221900000,1.1376,1.1377,1.1372,1.1375,2841.0
1783221960000,1.1376,1.1376,1.1363,1.1367,1451.0
1783222020000,1.1366,1.1369,1.1364,1.1365,2267.0
1783222080000,1.1365,1.1365,1.136,1.1363,1775.0
1783222140000,1.1364,1.1364,1.136,1.136,6605.0
1783222200000,1.136,1.1367,1.1357,1.1367,1709.0
1783222260000,1.1366,1.1367,1.1362,1.1363,2410.0
1783222320000,1.1362,1.1367,1.1355,1.1355,1897.0
1783222380000,1.1356,1.1358,1.1354,1.1354,12956.0
1783222440000,1.1354,1.1358,1.1352,1.1358,2834.0
1783222500000,1.1358,1.1371,1.1357,1.1367,31739.0
1783222560000,1.1367,1.1368,1.1367,1.1368,9141.0
1783222620000,1.1367,1.137,1.1367,1.137,5174.0
1783222680000,1.137,1.1379,1.1369,1.1376,10187.0
1783222740000,1.1376,1.138,1.1375,1.138,2253.0
1783222800000,1.138,1.1382,1.1379,1.1382,5844.0
1783222860000,1.1382,1.1385,1.1381,1.1384,3174.0
1783222920000,1.1385,1.1388,1.1381,1.1382,1848.0
1783222980000,1.1382,1.1382,1.1369,1.1369,1491.0
1783223040000,1.137,1.1371,1.1364,1.1367,4344.0
1783223100000,1.1368,1.1368,1.1365,1.1368,2313.0
1783223160000,1.1367,1.1377,1.1367,1.1376,2487.0
1783223220000,1.1377,1.1381,1.1373,1.1377,1599.0
1783223280000,1.1377,1.1381,1.1377,1.1378,15659.0
1783223340000,1.1379,1.1381,1.1378,1.138,8515.0
1783223400000,1.1381,1.1381,1.1378,1.138,2629.0
1783223460000,1.138,1.1383,1.1378,1.1383,1985.0
1783223520000,1.1383,1.1383,1.1377,1.1377,17241.0
1783223580000,1.1378,1.1382,1.1373,1.1374,3750.0
1783223640000,1.1374,1.1381,1.1374,1.1379,1994.0
1783223700000,1.1379,1.1381,1.1376,1.138,2120.0
1783223760000,1.1379,1.138,1.1376,1.1377,1934.0
1783223820000,1.1377,1.1377,1.1376,1.1376,7956.0
1783223880000,1.1376,1.1378,1.1374,1.1378,1446.0
1783223940000,1.1377,1.1378,1.1374,1.1377,1751.0
1783224000000,1.1378,1.1378,1.1363,1.1363,13946.0
1783224060000,1.1364,1.1364,1.1363,1.1364,2490.0
1783224120000,1.1364,1.1364,1.1363,1.1363,1818.0
1783224180000,1.1364,1.1371,1.1363,1.137,2465.0
1783224240000,1.1371,1.1371,1.1367,1.137,3402.0
1783224300000,1.137,1.1377,1.1368,1.1371,3825.0
1783224360000,1.1373,1.1373,1.1365,1.1368,5351.0
1783224420000,1.1368,1.1379,1.1367,1.1376,2568.0
1783224480000,1.1376,1.138,1.1372,1.138,2379.0
1783224540000,1.138,1.138,1.1379,1.138,2905.0
1783224600000,1.1379,1.138,1.1379,1.1379,3773.0
1783224660000,1.1379,1.1385,1.1379,1.1384,185325.0
1783224720000,1.1384,1.1384,1.1379,1.1382,1923.0
1783224780000,1.1382,1.1383,1.1379,1.1379,10899.0
1783224840000,1.1379,1.1383,1.1379,1.1383,7209.0
1783224900000,1.1382,1.1389,1.1382,1.1385,4165.0
1783224960000,1.1385,1.1385,1.1379,1.1379,89543.0
1783225020000,1.138,1.138,1.1379,1.138,93358.0
1783225080000,1.138,1.1381,1.1377,1.1381,7209.0
1783225140000,1.138,1.1386,1.138,1.1384,178134.0
1783225200000,1.1383,1.1393,1.1383,1.1391,28213.0
1783225260000,1.1391,1.1399,1.1391,1.1396,42700.0
1783225320000,1.1395,1.1396,1.1387,1.1387,3981.0
1783225380000,1.139,1.1398,1.1389,1.1395,85494.0
1783225440000,1.1394,1.1407,1.1394,1.1406,8158.0
1783225500000,1.1406,1.1407,1.1403,1.1404,6316.0
1783225560000,1.1404,1.1408,1.1403,1.1403,13735.0
1783225620000,1.1403,1.1407,1.1401,1.1405,2806.0
1783225680000,1.1404,1.1408,1.1404,1.1407,2100.0
1783225740000,1.1407,1.1408,1.1407,1.1408,8799.0
1783225800000,1.1408,1.1413,1.1407,1.1412,6884.0
1783225860000,1.1412,1.1413,1.1404,1.1408,1629.0
1783225920000,1.1408,1.1415,1.1407,1.1414,15667.0
1783225980000,1.1411,1.1415,1.141,1.1411,10654.0
1783226040000,1.1411,1.1411,1.1404,1.1405,2830.0
1783226100000,1.1404,1.1405,1.1404,1.1405,4634.0
1783226160000,1.1405,1.1405,1.1401,1.1402,1784.0
1783226220000,1.1401,1.1403,1.14,1.1403,1717.0
1783226280000,1.1402,1.1407,1.1402,1.1407,2665.0
1783226340000,1.1406,1.1407,1.1404,1.1405,2328.0
1783226400000,1.1404,1.1405,1.1404,1.1405,2957.0
1783226460000,1.1404,1.141,1.1404,1.141,1866.0
1783226520000,1.141,1.1413,1.1409,1.1412,3268.0
1783226580000,1.1412,1.1417,1.1412,1.1416,2064.0
1783226640000,1.1417,1.1418,1.141,1.1411,2741.0
1783226700000,1.1411,1.1412,1.1406,1.141,2838.0
1783226760000,1.1411,1.1411,1.1402,1.1403,1941.0
1783226820000,1.1402,1.1404,1.1396,1.1396,15553.0
1783226880000,1.1396,1.1397,1.1393,1.1394,6386.0
1783226940000,1.1394,1.1399,1.1393,1.1398,1880.0
1783227000000,1.1398,1.1399,1.1392,1.1392,12700.0
1783227060000,1.1392,1.1396,1.1391,1.1392,4642.0
1783227120000,1.1392,1.1392,1.1388,1.1388,5509.0
1783227180000,1.1389,1.1389,1.1388,1.1389,1765.0
1783227240000,1.1388,1.1389,1.138,1.138,15887.0
1783227300000,1.1381,1.1386,1.138,1.1385,1500.0
1783227360000,1.1385,1.1386,1.1385,1.1386,1994.0
1783227420000,1.1385,1.1386,1.1382,1.1383,1612.0
1783227480000,1.1382,1.1383,1.138,1.138,2691.0
1783227540000,1.138,1.1381,1.1376,1.1376,24943.0
1783227600000,1.1376,1.1377,1.1365,1.137,1766.0
1783227660000,1.1369,1.137,1.1361,1.1363,1430.0
1783227720000,1.1366,1.1366,1.1365,1.1365,22531.0
1783227780000,1.1365,1.1366,1.136,1.1362,183701.0
1783227840000,1.1361,1.1362,1.1361,1.1362,5465.0
1783227900000,1.1364,1.137,1.1363,1.137,3393.0
1783227960000,1.137,1.137,1.1354,1.1354,6925.0
1783228020000,1.1355,1.1357,1.1343,1.1349,362175.0
1783228080000,1.1349,1.135,1.1345,1.135,155265.0
1783228140000,1.1349,1.135,1.1346,1.135,14023.0
1783228200000,1.1349,1.1354,1.1343,1.1354,2090.0
1783228260000,1.1354,1.1364,1.1353,1.1359,39930.0
1783228320000,1.1359,1.1362,1.1358,1.1359,3463.0
1783228380000,1.1359,1.1362,1.1359,1.1362,3008.0
1783228440000,1.1362,1.1362,1.1355,1.1355,1866.0
1783228500000,1.1356,1.1358,1.1351,1.1357,62379.0
1783228560000,1.1358,1.1358,1.1357,1.1358,2661.0
1783228620000,1.1357,1.1362,1.1357,1.1358,3316.0
1783228680000,1.1359,1.1359,1.1358,1.1358,3730.0
1783228740000,1.1359,1.1364,1.1358,1.1361,11527.0
1783228800000,1.1361,1.1364,1.1359,1.1359,1694.0
1783228860000,1.136,1.136,1.1357,1.1357,1522.0
1783228920000,1.1357,1.1358,1.1347,1.1351,45292.0
1783228980000,1.1352,1.1352,1.1348,1.1348,1786.0
1783229040000,1.1348,1.1352,1.1348,1.1349,2050.0
1783229100000,1.135,1.1353,1.1349,1.1353,3109.0
1783229160000,1.1352,1.1356,1.1352,1.1352,1909.0
1783229220000,1.1352,1.1356,1.1352,1.1356,2992.0
1783229280000,1.1356,1.1358,1.1355,1.1358,2189.0
1783229340000,1.1357,1.1363,1.1357,1.1358,3980.0
1783229400000,1.1357,1.1362,1.1357,1.1359,203614.0
1783229460000,1.1359,1.1367,1.1359,1.1366,5467.0
1783229520000,1.1366,1.1367,1.1359,1.1359,7737.0
1783229580000,1.136,1.136,1.1347,1.135,2037.0
1783229640000,1.135,1.1363,1.135,1.1362,4130.0
1783229700000,1.1363,1.1363,1.1362,1.1362,8884.0
1783229760000,1.1362,1.1367,1.1362,1.1367,1839.0
1783229820000,1.1367,1.1367,1.1363,1.1363,4022.0
1783229880000,1.1363,1.1364,1.136,1.1361,60161.0
1783229940000,1.1361,1.1361,1.136,1.1361,6049.0
1783230000000,1.1361,1.1361,1.1354,1.1354,2313.0
1783230060000,1.1354,1.1355,1.1339,1.1345,15408.0
1783230120000,1.1344,1.1345,1.1329,1.1339,319330.0
1783230180000,1.134,1.134,1.1339,1.1339,2877.0
1783230240000,1.1339,1.134,1.1326,1.1333,7471.0
1783230300000,1.1334,1.1334,1.1329,1.1333,12890.0
1783230360000,1.1333,1.1339,1.1333,1.1338,3087.0
1783230420000,1.1338,1.1344,1.1338,1.1339,94425.0
1783230480000,1.134,1.1344,1.1338,1.1338,151706.0
1783230540000,1.1338,1.1347,1.1338,1.1346,1559.0
1783230600000,1.1347,1.135,1.1344,1.1344,7566.0
1783230660000,1.1344,1.1354,1.1344,1.1353,1724.0
1783230720000,1.1353,1.136,1.1353,1.1356,8022.0
1783230780000,1.1355,1.136,1.1355,1.1357,41051.0
1783230840000,1.1357,1.1363,1.1357,1.1362,1777.0
1783230900000,1.1363,1.1363,1.1359,1.1363,1704.0
1783230960000,1.1362,1.1368,1.1362,1.1365,116307.0
1783231020000,1.1364,1.1365,1.1362,1.1362,1528.0
1783231080000,1.1363,1.1363,1.136,1.136,1609.0
1783231140000,1.1361,1.1361,1.1356,1.1358,1592.0
1783231200000,1.1359,1.1359,1.1351,1.1355,4521.0
1783231260000,1.1354,1.1355,1.135,1.135,11677.0
1783231320000,1.135,1.1354,1.1347,1.1351,1769.0
1783231380000,1.135,1.1351,1.1335,1.1338,1502.0
1783231440000,1.1337,1.1343,1.1336,1.134,4841.0
1783231500000,1.1339,1.135,1.1339,1.1349,2339.0
1783231560000,1.135,1.1352,1.1348,1.1349,2870.0
1783231620000,1.1349,1.1352,1.1347,1.1351,9065.0
1783231680000,1.135,1.1351,1.1348,1.1351,2784.0
1783231740000,1.1351,1.1352,1.1348,1.1348,1439.0
1783231800000,1.1348,1.1351,1.1344,1.1351,3379.0
1783231860000,1.1351,1.1357,1.135,1.1355,3524.0
1783231920000,1.1355,1.1358,1.1348,1.1352,1637.0
1783231980000,1.1352,1.1356,1.1352,1.1355,9489.0
1783232040000,1.1355,1.1356,1.1355,1.1355,9334.0
1783232100000,1.1356,1.1361,1.1355,1.1357,10426.0
1783232160000,1.1356,1.1361,1.1355,1.1355,6473.0
1783232220000,1.1356,1.1356,1.1345,1.1347,7762.0
1783232280000,1.1347,1.1353,1.1346,1.1353,5403.0
1783232340000,1.1352,1.1362,1.1352,1.1361,1513.0
1783232400000,1.1362,1.1362,1.1361,1.1361,3271.0
1783232460000,1.1361,1.1368,1.1361,1.1367,6392.0
1783232520000,1.1367,1.1372,1.136,1.136,2455.0
1783232580000,1.136,1.1361,1.136,1.136,11208.0
1783232640000,1.136,1.1363,1.136,1.1363,2650.0
1783232700000,1.1362,1.1363,1.1362,1.1362,1412.0
1783232760000,1.1362,1.1369,1.1362,1.1365,4134.0
1783232820000,1.1366,1.1366,1.1365,1.1365,1656.0
1783232880000,1.1365,1.1377,1.1365,1.1375,16088.0
1783232940000,1.1377,1.1377,1.1375,1.1377,5728.0
1783233000000,1.1375,1.1377,1.1373,1.1377,7978.0
1783233060000,1.1377,1.1377,1.1373,1.1376,10255.0
1783233120000,1.1376,1.1382,1.1375,1.1382,9271.0
1783233180000,1.1382,1.1385,1.1377,1.1384,2743.0
1783233240000,1.1384,1.1388,1.1384,1.1388,7958.0
1783233300000,1.1387,1.1388,1.1378,1.1379,1998.0
1783233360000,1.1379,1.1381,1.1375,1.138,14611.0
1783233420000,1.138,1.1381,1.1374,1.1375,6073.0
1783233480000,1.1375,1.1375,1.1371,1.1372,9847.0
1783233540000,1.1372,1.1379,1.1371,1.1371,18207.0
1783233600000,1.1371,1.1372,1.1368,1.1368,5845.0
1783233660000,1.1368,1.1372,1.1365,1.1368,5737.0
1783233720000,1.1369,1.1369,1.1365,1.1366,1619.0
1783233780000,1.1365,1.1368,1.1365,1.1368,1696.0
1783233840000,1.1367,1.1369,1.1367,1.1367,2157.0
1783233900000,1.1369,1.1373,1.1365,1.1372,3943.0
1783233960000,1.1372,1.1379,1.1372,1.1378,7797.0
1783234020000,1.1378,1.1382,1.1378,1.1382,1932.0
1783234080000,1.1382,1.1385,1.1381,1.1382,2070.0
1783234140000,1.1382,1.1382,1.1376,1.138,1979.0
1783234200000,1.1381,1.1381,1.1377,1.138,3823.0
1783234260000,1.1381,1.1384,1.1375,1.1376,6899.0
1783234320000,1.1375,1.138,1.1375,1.138,5200.0
1783234380000,1.1379,1.1383,1.1379,1.1383,1743.0
1783234440000,1.1383,1.1385,1.1382,1.1384,3327.0
1783234500000,1.1385,1.1388,1.1384,1.1386,3673.0
1783234560000,1.1385,1.1386,1.1375,1.1375,2025.0
1783234620000,1.1375,1.1379,1.1373,1.1378,10138.0
1783234680000,1.1378,1.1379,1.1376,1.1376,3369.0
1783234740000,1.1376,1.1379,1.1376,1.1378,25973.0
1783234800000,1.1379,1.1379,1.1375,1.1376,1548.0
1783234860000,1.1376,1.1378,1.1369,1.1377,7504.0
1783234920000,1.1377,1.1378,1.1377,1.1377,2724.0
1783234980000,1.1377,1.1378,1.1374,1.1375,10066.0
1783235040000,1.1374,1.1375,1.1368,1.1369,2049.0
1783235100000,1.1369,1.1377,1.1368,1.137,2014.0
1783235160000,1.1371,1.1371,1.1368,1.1368,1376.0
1783235220000,1.1368,1.1369,1.1368,1.1369,1856.0
1783235280000,1.1369,1.1371,1.1368,1.1371,1912.0
1783235340000,1.137,1.1371,1.1367,1.1369,1542.0
1783235400000,1.1369,1.1369,1.1368,1.1369,2104.0
1783235460000,1.1369,1.1369,1.1365,1.1369,2433.0
1783235520000,1.1369,1.1369,1.1368,1.1368,1545.0
1783235580000,1.1369,1.1369,1.1362,1.1365,4288.0
1783235640000,1.1365,1.1366,1.1365,1.1365,2289.0
1783235700000,1.1365,1.1366,1.1356,1.1357,30234.0
1783235760000,1.1357,1.1362,1.1356,1.1362,1849.0
1783235820000,1.1362,1.1368,1.1361,1.1368,1469.0
1783235880000,1.1367,1.1368,1.1367,1.1368,8776.0
1783235940000,1.1368,1.137,1.136,1.1365,2645.0
1783236000000,1.1365,1.1365,1.1356,1.1356,3293.0
1783236060000,1.1356,1.1357,1.1352,1.1353,3283.0
1783236120000,1.1353,1.1368,1.1352,1.1359,2378.0
1783236180000,1.136,1.1368,1.1359,1.1368,1841.0
1783236240000,1.1368,1.1368,1.1367,1.1368,1614.0
1783236300000,1.1367,1.1368,1.1367,1.1367,1525.0
1783236360000,1.1367,1.1368,1.1359,1.136,1806.0
1783236420000,1.1356,1.1357,1.1352,1.1353,4482.0
1783236480000,1.1352,1.1355,1.1352,1.1354,1984.0
1783236540000,1.1355,1.1355,1.1354,1.1355,1978.0
1783236600000,1.1354,1.1367,1.1354,1.1367,8093.0
1783236660000,1.1367,1.1373,1.1366,1.1372,7173.0
1783236720000,1.1373,1.1373,1.1372,1.1373,2333.0
1783236780000,1.1372,1.139,1.1372,1.1389,8765.0
1783236840000,1.139,1.139,1.1386,1.1388,6663.0
1783236900000,1.1389,1.1395,1.1388,1.1391,10522.0
1783236960000,1.1391,1.1392,1.1386,1.1389,6496.0
1783237020000,1.139,1.139,1.1385,1.1385,1515.0
1783237080000,1.1386,1.1386,1.1383,1.1384,1782.0
1783237140000,1.1384,1.1384,1.138,1.1381,2768.0
1783237200000,1.1381,1.1386,1.138,1.1386,23624.0
1783237260000,1.1385,1.1389,1.1382,1.1383,2874.0
1783237320000,1.1383,1.1383,1.1382,1.1382,1811.0
1783237380000,1.1383,1.1394,1.1382,1.1393,5126.0
1783237440000,1.1391,1.1393,1.1389,1.1389,3706.0
1783237500000,1.1389,1.139,1.1384,1.1387,2683.0
1783237560000,1.1386,1.1387,1.1386,1.1387,8983.0
1783237620000,1.1387,1.139,1.1384,1.1384,5742.0
1783237680000,1.138,1.1384,1.138,1.1383,4090.0
1783237740000,1.1383,1.1384,1.1383,1.1383,2973.0
1783237800000,1.1384,1.1393,1.1383,1.1392,14265.0
1783237860000,1.1393,1.1395,1.1389,1.1394,6342.0
1783237920000,1.1394,1.1398,1.1393,1.1394,10891.0
1783237980000,1.1394,1.1399,1.1393,1.1398,7375.0
1783238040000,1.1399,1.1401,1.1395,1.1401,2061.0
1783238100000,1.1401,1.1401,1.1396,1.1396,13431.0
1783238160000,1.1397,1.1402,1.1396,1.1402,7336.0
1783238220000,1.14,1.1402,1.14,1.1401,42575.0
1783238280000,1.1402,1.1406,1.1401,1.1406,26097.0
1783238340000,1.1404,1.1406,1.1391,1.1394,22055.0
1783238400000,1.1394,1.1403,1.1388,1.1403,3640.0
1783238460000,1.1401,1.1409,1.1394,1.1399,34878.0
1783238520000,1.1398,1.1408,1.1398,1.1408,14473.0
1783238580000,1.1408,1.1408,1.1405,1.1405,99649.0
1783238640000,1.1406,1.1406,1.1399,1.1401,12201.0
1783238700000,1.1401,1.1401,1.1393,1.1396,3324.0
1783238760000,1.1395,1.1399,1.1395,1.1396,2446.0
1783238820000,1.1395,1.1396,1.1388,1.1391,10506.0
1783238880000,1.1391,1.1391,1.139,1.1391,5478.0
1783238940000,1.1391,1.1391,1.139,1.1391,1921.0
1783239000000,1.139,1.1392,1.1388,1.1392,12204.0
1783239060000,1.1392,1.1392,1.1387,1.1388,10204.0
1783239120000,1.1388,1.1395,1.1387,1.1394,2346.0
1783239180000,1.1394,1.1403,1.1394,1.1399,9105.0
1783239240000,1.1399,1.14,1.1397,1.1398,22229.0
1783239300000,1.1397,1.1401,1.1397,1.14,9093.0
1783239360000,1.1401,1.1409,1.14,1.1404,8619.0
1783239420000,1.1404,1.1405,1.14,1.14,9299.0
1783239480000,1.1401,1.1401,1.14,1.1401,2170.0
1783239540000,1.1401,1.1401,1.14,1.1401,1972.0
1783239600000,1.14,1.1404,1.14,1.1404,4231.0
1783239660000,1.1403,1.1404,1.1399,1.14,4196.0
1783239720000,1.14,1.14,1.1394,1.1395,56725.0
1783239780000,1.1395,1.1395,1.1392,1.1392,7684.0
1783239840000,1.1393,1.1393,1.1392,1.1393,3434.0
1783239900000,1.1393,1.1393,1.1392,1.1393,2083.0
1783239960000,1.1393,1.1393,1.1386,1.1387,1857.0
1783240020000,1.1386,1.1387,1.1371,1.1371,31913.0
1783240080000,1.1371,1.1381,1.1371,1.138,31237.0
1783240140000,1.1381,1.1381,1.1377,1.1378,34575.0
1783240200000,1.1378,1.1381,1.1377,1.1381,4877.0
1783240260000,1.1381,1.1381,1.138,1.1381,1630.0
1783240320000,1.138,1.1381,1.138,1.1381,3718.0
1783240380000,1.1381,1.1381,1.138,1.1381,6401.0
1783240440000,1.138,1.1385,1.1379,1.1382,12725.0
1783240500000,1.1382,1.1382,1.1381,1.1382,11831.0
1783240560000,1.1381,1.1382,1.1371,1.1375,8670.0
1783240620000,1.1375,1.1377,1.137,1.1373,1421.0
1783240680000,1.1374,1.1382,1.1373,1.1381,11179.0
1783240740000,1.1381,1.1385,1.1381,1.1383,1773.0
1783240800000,1.1382,1.1383,1.1382,1.1383,1369.0
1783240860000,1.1383,1.1391,1.1382,1.139,6473.0
1783240920000,1.1391,1.1391,1.1387,1.1391,1663.0
1783240980000,1.139,1.1391,1.1387,1.1387,5549.0
1783241040000,1.1387,1.1388,1.1387,1.1388,1398.0
1783241100000,1.1387,1.1388,1.1387,1.1387,1826.0
1783241160000,1.1388,1.1388,1.1387,1.1388,14841.0
1783241220000,1.1388,1.1394,1.1387,1.1394,1742.0
1783241280000,1.1394,1.1401,1.1394,1.14,6017.0
1783241340000,1.14,1.1405,1.14,1.1401,5503.0
1783241400000,1.1401,1.1402,1.1383,1.1384,36093.0
1783241460000,1.1384,1.1384,1.1376,1.1379,1740.0
1783241520000,1.1379,1.1386,1.1379,1.1385,20315.0
1783241580000,1.1385,1.1386,1.1385,1.1385,2916.0
1783241640000,1.1385,1.1389,1.1385,1.1387,3225.0
1783241700000,1.1386,1.1387,1.1386,1.1387,4479.0
1783241760000,1.1387,1.1389,1.1386,1.1389,1481.0
1783241820000,1.1388,1.1392,1.1388,1.1392,1607.0
1783241880000,1.1391,1.1392,1.1383,1.1384,5721.0
1783241940000,1.1384,1.1387,1.1381,1.1381,2918.0
1783242000000,1.1382,1.1384,1.1377,1.1382,2226.0
1783242060000,1.1382,1.1382,1.1374,1.1375,1941.0
1783242120000,1.1375,1.1382,1.1374,1.1379,1661.0
1783242180000,1.138,1.138,1.1375,1.1376,2122.0
1783242240000,1.1376,1.1376,1.1375,1.1376,10937.0
1783242300000,1.1376,1.1383,1.1375,1.1383,6611.0
1783242360000,1.1382,1.1383,1.1377,1.1378,7656.0
1783242420000,1.1377,1.138,1.1377,1.138,1683.0
1783242480000,1.1379,1.1384,1.1379,1.1383,1460.0
1783242540000,1.1383,1.1387,1.1381,1.1387,6734.0
1783242600000,1.1386,1.1387,1.138,1.1381,2826.0
1783242660000,1.138,1.1381,1.1377,1.1381,3494.0
1783242720000,1.1381,1.1381,1.138,1.1381,1581.0
1783242780000,1.138,1.1381,1.138,1.1381,1602.0
1783242840000,1.1381,1.1381,1.1367,1.1367,13546.0
1783242900000,1.1367,1.1369,1.1361,1.1362,21111.0
1783242960000,1.1362,1.1368,1.1361,1.1367,15669.0
1783243020000,1.1368,1.1368,1.1367,1.1368,6400.0
1783243080000,1.1367,1.1368,1.1363,1.1363,10703.0
1783243140000,1.1363,1.1364,1.1363,1.1363,12931.0
1783243200000,1.1363,1.1364,1.1357,1.1358,5389.0
1783243260000,1.1358,1.1363,1.1357,1.1361,2024.0
1783243320000,1.1363,1.1363,1.1355,1.1359,4143.0
1783243380000,1.1355,1.1356,1.1338,1.1343,418599.0
1783243440000,1.1343,1.1343,1.133,1.1341,23672.0
1783243500000,1.1342,1.1348,1.1341,1.1342,11625.0
1783243560000,1.1347,1.135,1.1346,1.1347,16190.0
1783243620000,1.1347,1.1347,1.133,1.133,59210.0
1783243680000,1.133,1.1331,1.1324,1.1326,39437.0
1783243740000,1.1324,1.1327,1.1324,1.1327,19237.0
1783243800000,1.1326,1.1328,1.1321,1.1328,120356.0
1783243860000,1.1327,1.1334,1.1327,1.1328,3591.0
1783243920000,1.1327,1.1331,1.1327,1.1328,8338.0
1783243980000,1.1327,1.1333,1.1325,1.1333,4606.0
1783244040000,1.1332,1.1333,1.133,1.133,3220.0
1783244100000,1.133,1.1331,1.133,1.133,11639.0
1783244160000,1.1331,1.1343,1.133,1.1335,35656.0
1783244220000,1.1343,1.1343,1.1331,1.1331,26009.0
1783244280000,1.1331,1.1332,1.1318,1.132,117222.0
1783244340000,1.132,1.1327,1.1279,1.1285,194156.0
1783244400000,1.1285,1.1303,1.1285,1.1292,25005.0
1783244460000,1.1293,1.1299,1.1286,1.1287,14726.0
1783244520000,1.1286,1.1292,1.1278,1.1281,20901.0
1783244580000,1.1281,1.1283,1.1269,1.1275,67859.0
1783244640000,1.1275,1.1282,1.1269,1.1279,59558.0
1783244700000,1.1279,1.1285,1.1269,1.1285,56168.0
1783244760000,1.129,1.129,1.128,1.128,49190.0
1783244820000,1.128,1.1284,1.1276,1.1279,28800.0
1783244880000,1.128,1.1282,1.1277,1.1281,26850.0
1783244940000,1.1281,1.1282,1.126,1.1267,162650.0
1783245000000,1.127,1.1275,1.1267,1.1275,17636.0
1783245060000,1.1274,1.1277,1.1268,1.1269,63665.0
1783245120000,1.1262,1.1267,1.1262,1.1266,31888.0
1783245180000,1.1267,1.1278,1.1265,1.1266,52144.0
1783245240000,1.1265,1.1269,1.1264,1.1267,8200.0
1783245300000,1.1267,1.1274,1.1266,1.127,9394.0
1783245360000,1.127,1.1274,1.1269,1.1273,3801.0
1783245420000,1.1274,1.1274,1.127,1.1273,5418.0
1783245480000,1.1273,1.1277,1.127,1.1277,11030.0
1783245540000,1.1277,1.1278,1.1272,1.1276,94533.0
1783245600000,1.1272,1.1273,1.126,1.1261,7259.0
1783245660000,1.1261,1.1267,1.1256,1.1259,21269.0
1783245720000,1.1259,1.126,1.1246,1.125,37379.0
1783245780000,1.1249,1.127,1.1249,1.1269,3903.0
1783245840000,1.127,1.1275,1.1269,1.1274,23425.0
1783245900000,1.1274,1.1275,1.1264,1.1265,50636.0
1783245960000,1.1265,1.1279,1.1264,1.1279,2918.0
1783246020000,1.1279,1.1282,1.1275,1.1278,26710.0
1783246080000,1.1278,1.1281,1.1274,1.1275,2712.0
1783246140000,1.1275,1.1278,1.1275,1.1278,1801.0
1783246200000,1.1278,1.1284,1.1277,1.1283,21760.0
1783246260000,1.1284,1.1294,1.1283,1.1285,12664.0
1783246320000,1.1286,1.1286,1.1285,1.1285,8377.0
1783246380000,1.1285,1.1286,1.1285,1.1285,4677.0
1783246440000,1.1285,1.1286,1.1275,1.1276,11009.0
1783246500000,1.1275,1.1277,1.1273,1.1276,29089.0
1783246560000,1.1277,1.1277,1.1267,1.1271,23355.0
1783246620000,1.1272,1.1275,1.1271,1.1275,3680.0
1783246680000,1.1275,1.1278,1.1274,1.1277,2010.0
1783246740000,1.1277,1.1277,1.1276,1.1277,5048.0
1783246800000,1.1277,1.1282,1.1276,1.1282,8931.0
1783246860000,1.1281,1.1282,1.1281,1.1282,6908.0
1783246920000,1.1281,1.129,1.1281,1.129,6114.0
1783246980000,1.1289,1.129,1.1283,1.1284,7133.0
1783247040000,1.1283,1.1284,1.1283,1.1283,2875.0
1783247100000,1.1283,1.1284,1.128,1.1281,4289.0
1783247160000,1.1281,1.1281,1.128,1.128,3297.0
1783247220000,1.128,1.1281,1.1273,1.1277,27412.0
1783247280000,1.1276,1.1277,1.1276,1.1277,4377.0
1783247340000,1.1277,1.1277,1.1276,1.1277,3449.0
1783247400000,1.1276,1.1282,1.1272,1.1281,18511.0
1783247460000,1.1282,1.1282,1.1274,1.1274,8998.0
1783247520000,1.1278,1.1282,1.1274,1.1274,4176.0
1783247580000,1.1274,1.1275,1.1271,1.1275,2204.0
1783247640000,1.1275,1.1278,1.1274,1.1278,43046.0
1783247700000,1.1278,1.1278,1.1277,1.1278,1940.0
1783247760000,1.1278,1.1278,1.1275,1.1275,3472.0
1783247820000,1.1276,1.128,1.1275,1.1279,1462.0
1783247880000,1.128,1.1286,1.1279,1.1281,26648.0
1783247940000,1.1282,1.1282,1.1275,1.1275,6681.0
1783248000000,1.1275,1.1276,1.1275,1.1276,1975.0
1783248060000,1.1275,1.1283,1.1275,1.1283,6067.0
1783248120000,1.1282,1.1283,1.1282,1.1283,2831.0
1783248180000,1.1283,1.1283,1.1282,1.1282,2891.0
1783248240000,1.1282,1.1283,1.1282,1.1282,3592.0
1783248300000,1.1283,1.1285,1.1282,1.1282,2905.0
1783248360000,1.1283,1.1288,1.1282,1.1288,12522.0
1783248420000,1.1288,1.1291,1.1287,1.1287,5589.0
1783248480000,1.1287,1.1291,1.1284,1.129,4287.0
1783248540000,1.129,1.1291,1.129,1.1291,23088.0
1783248600000,1.1291,1.1293,1.129,1.1292,4693.0
1783248660000,1.1292,1.1293,1.1287,1.1287,2076.0
1783248720000,1.1288,1.1288,1.1282,1.1282,4873.0
1783248780000,1.1283,1.1283,1.1282,1.1283,12179.0
1783248840000,1.1282,1.1293,1.1282,1.1287,16377.0
1783248900000,1.1287,1.1289,1.1284,1.1285,1918.0
1783248960000,1.1285,1.1286,1.1282,1.1286,8477.0
1783249020000,1.1285,1.1286,1.1285,1.1285,13837.0
1783249080000,1.1286,1.1289,1.1284,1.1289,352746.0
1783249140000,1.1288,1.1289,1.1285,1.1289,10201.0
1783249200000,1.1288,1.1304,1.1288,1.1303,19437.0
1783249260000,1.1304,1.1309,1.1283,1.1284,33116.0
1783249320000,1.1283,1.1284,1.1275,1.128,16506.0
1783249380000,1.1279,1.1297,1.1279,1.1293,18761.0
1783249440000,1.1294,1.1294,1.1285,1.1289,3201.0
1783249500000,1.1288,1.1292,1.1288,1.1291,3489.0
1783249560000,1.1291,1.1297,1.1291,1.1293,1889.0
1783249620000,1.1293,1.1302,1.129,1.129,9396.0
1783249680000,1.1291,1.1297,1.129,1.1297,1636.0
1783249740000,1.1297,1.1301,1.1296,1.1296,2868.0
1783249800000,1.1296,1.1297,1.1296,1.1297,3298.0
1783249860000,1.1296,1.1297,1.1294,1.1295,1658.0
1783249920000,1.1294,1.1297,1.1294,1.1297,2551.0
1783249980000,1.1296,1.1298,1.1291,1.1291,5411.0
1783250040000,1.1291,1.1293,1.1291,1.1293,2014.0
1783250100000,1.1292,1.1293,1.1288,1.1289,11741.0
1783250160000,1.1289,1.1293,1.1288,1.1293,7352.0
1783250220000,1.1293,1.1309,1.1292,1.1305,7801.0
1783250280000,1.1303,1.1309,1.1303,1.1309,23628.0
1783250340000,1.1309,1.1309,1.1304,1.1307,4577.0
1783250400000,1.1308,1.1313,1.1304,1.1311,15829.0
1783250460000,1.1311,1.1326,1.1311,1.1324,18094.0
1783250520000,1.1323,1.1324,1.1309,1.1312,5180.0
1783250580000,1.1311,1.1312,1.1304,1.1307,7445.0
1783250640000,1.1308,1.1308,1.1307,1.1308,11032.0
1783250700000,1.1308,1.1308,1.1306,1.1306,14538.0
1783250760000,1.1306,1.1307,1.1301,1.1301,7212.0
1783250820000,1.1302,1.1302,1.1294,1.1299,3801.0
1783250880000,1.13,1.1304,1.1297,1.13,3212.0
1783250940000,1.13,1.1303,1.1294,1.1294,3057.0
1783251000000,1.1295,1.1295,1.1291,1.1294,3182.0
1783251060000,1.1295,1.1304,1.1294,1.1301,9925.0
1783251120000,1.1301,1.1311,1.1296,1.131,11025.0
1783251180000,1.131,1.1315,1.131,1.1315,1508.0
1783251240000,1.1314,1.1318,1.1314,1.1318,1672.0
1783251300000,1.1318,1.132,1.1317,1.1319,5495.0
1783251360000,1.1319,1.1321,1.1316,1.1316,2720.0
1783251420000,1.1316,1.1317,1.1314,1.1317,6179.0
1783251480000,1.1316,1.1317,1.1311,1.1311,3154.0
1783251540000,1.1312,1.1312,1.1311,1.1312,1749.0
1783251600000,1.1312,1.1312,1.1308,1.1309,2375.0
1783251660000,1.1309,1.1309,1.1308,1.1308,5326.0
1783251720000,1.1309,1.1311,1.1308,1.1311,17468.0
1783251780000,1.131,1.1311,1.131,1.131,10471.0
1783251840000,1.131,1.1319,1.131,1.1314,6350.0
1783251900000,1.1315,1.1318,1.1313,1.1314,2755.0
1783251960000,1.1313,1.1319,1.1313,1.1318,1517.0
1783252020000,1.1318,1.1324,1.1318,1.1323,6225.0
1783252080000,1.1324,1.1328,1.1323,1.1327,141642.0
1783252140000,1.1326,1.1327,1.132,1.132,4901.0
1783252200000,1.1321,1.1321,1.132,1.132,1679.0
1783252260000,1.1321,1.1324,1.132,1.1323,10587.0
1783252320000,1.1323,1.1324,1.1319,1.1321,1897.0
1783252380000,1.1321,1.1323,1.1319,1.132,3299.0
1783252440000,1.132,1.132,1.1317,1.1317,5201.0
1783252500000,1.1317,1.1321,1.1315,1.1319,4896.0
1783252560000,1.1319,1.1319,1.1318,1.1318,1729.0
1783252620000,1.1318,1.1319,1.1315,1.1318,3697.0
1783252680000,1.1319,1.1319,1.1315,1.1318,37219.0
1783252740000,1.1319,1.1321,1.1312,1.1313,2185.0
1783252800000,1.1313,1.1313,1.1304,1.1304,14889.0
1783252860000,1.1304,1.1306,1.129,1.1294,71618.0
1783252920000,1.129,1.1293,1.1287,1.1293,85512.0
1783252980000,1.1292,1.1296,1.128,1.1283,17692.0
1783253040000,1.1284,1.129,1.128,1.1286,13695.0
1783253100000,1.1287,1.1292,1.1284,1.1291,1467.0
1783253160000,1.1291,1.1292,1.1291,1.1292,1871.0
1783253220000,1.1292,1.1292,1.1291,1.1291,2157.0
1783253280000,1.1292,1.1292,1.1291,1.1291,5621.0
1783253340000,1.1291,1.1294,1.1287,1.1289,5220.0
1783253400000,1.1289,1.1294,1.1289,1.1293,2226.0
1783253460000,1.1294,1.1296,1.1293,1.1295,4185.0
1783253520000,1.1296,1.1296,1.1295,1.1296,3762.0
1783253580000,1.1296,1.1296,1.1295,1.1295,2611.0
1783253640000,1.1296,1.1296,1.1295,1.1296,5868.0
1783253700000,1.1296,1.1309,1.1295,1.1309,6118.0
1783253760000,1.1309,1.1312,1.1305,1.1308,155850.0
1783253820000,1.1308,1.1311,1.1301,1.1302,31608.0
1783253880000,1.1302,1.1302,1.1297,1.1297,56774.0
1783253940000,1.1297,1.1302,1.1297,1.1299,2435.0
1783254000000,1.1299,1.1302,1.1298,1.1301,1571.0
1783254060000,1.1302,1.1308,1.1301,1.1308,1860.0
1783254120000,1.1307,1.132,1.1307,1.132,12528.0
1783254180000,1.1319,1.132,1.131,1.1313,1727.0
1783254240000,1.1314,1.1323,1.1313,1.1323,32252.0
1783254300000,1.1323,1.1333,1.1322,1.1332,38321.0
1783254360000,1.1333,1.1336,1.1332,1.1333,41609.0
1783254420000,1.1333,1.1333,1.1324,1.1324,8303.0
1783254480000,1.1324,1.1327,1.1324,1.1327,2031.0
1783254540000,1.1326,1.1341,1.1326,1.1339,28140.0
1783254600000,1.1341,1.1349,1.1335,1.1349,26866.0
1783254660000,1.1346,1.1362,1.1344,1.1362,35829.0
1783254720000,1.1361,1.1362,1.1345,1.1348,34234.0
1783254780000,1.1348,1.1349,1.1341,1.1342,3717.0
1783254840000,1.1341,1.1344,1.1341,1.1344,5310.0
1783254900000,1.1343,1.135,1.1342,1.135,9814.0
1783254960000,1.1349,1.135,1.1338,1.1346,2622.0
1783255020000,1.1347,1.1355,1.1346,1.1352,3742.0
1783255080000,1.1353,1.1358,1.1349,1.1354,1532.0
1783255140000,1.1355,1.1355,1.1341,1.1345,6275.0
1783255200000,1.1344,1.1348,1.1333,1.1333,10099.0
1783255260000,1.1333,1.1339,1.1333,1.1338,5648.0
1783255320000,1.1339,1.1339,1.1335,1.1335,3259.0
1783255380000,1.1336,1.1339,1.1333,1.1338,1701.0
1783255440000,1.1339,1.1343,1.1338,1.1338,1513.0
1783255500000,1.1338,1.1339,1.1338,1.1339,1936.0
1783255560000,1.1339,1.1346,1.1338,1.1345,6861.0
1783255620000,1.1345,1.1349,1.1344,1.1347,2673.0
1783255680000,1.1348,1.1348,1.1347,1.1347,21839.0
1783255740000,1.1347,1.1348,1.1344,1.1348,14827.0
1783255800000,1.1347,1.1348,1.1344,1.1344,3343.0
1783255860000,1.1344,1.1353,1.1344,1.1353,2648.0
1783255920000,1.1353,1.1355,1.1351,1.1354,9453.0
1783255980000,1.1354,1.1355,1.1353,1.1353,12162.0
1783256040000,1.1354,1.1356,1.1353,1.1355,1623.0
1783256100000,1.1356,1.1359,1.1355,1.1356,1704.0
1783256160000,1.1356,1.1356,1.1353,1.1354,4013.0
1783256220000,1.1354,1.1354,1.1353,1.1354,2734.0
1783256280000,1.1353,1.1354,1.1353,1.1353,1379.0
1783256340000,1.1354,1.1356,1.1351,1.1351,2622.0
1783256400000,1.1351,1.1352,1.1339,1.134,3209.0
1783256460000,1.1343,1.1343,1.133,1.1333,25391.0
1783256520000,1.1334,1.135,1.1333,1.1346,1935.0
1783256580000,1.1346,1.1347,1.1338,1.1342,2186.0
1783256640000,1.1341,1.1347,1.1339,1.1343,6075.0
1783256700000,1.1343,1.1352,1.1343,1.1351,2244.0
1783256760000,1.1351,1.1352,1.1351,1.1352,4465.0
1783256820000,1.1352,1.1354,1.1351,1.1354,1384.0
1783256880000,1.1353,1.136,1.135,1.136,9286.0
1783256940000,1.1359,1.1364,1.1353,1.1354,91999.0
1783257000000,1.1354,1.1354,1.1348,1.1352,4885.0
1783257060000,1.1352,1.1352,1.1351,1.1351,1894.0
1783257120000,1.1351,1.1352,1.1347,1.1348,6226.0
1783257180000,1.1348,1.1353,1.1347,1.1348,2727.0
1783257240000,1.1348,1.1351,1.1347,1.1348,1605.0
1783257300000,1.1348,1.1348,1.1341,1.1341,12869.0
1783257360000,1.1342,1.1342,1.1341,1.1341,5011.0
1783257420000,1.1342,1.1342,1.1336,1.1337,26726.0
1783257480000,1.1338,1.1346,1.1337,1.1346,2494.0
1783257540000,1.1345,1.1351,1.1345,1.135,1909.0
1783257600000,1.135,1.1351,1.135,1.135,2578.0
1783257660000,1.135,1.1351,1.1346,1.1347,1806.0
1783257720000,1.1346,1.1347,1.1338,1.1338,2312.0
1783257780000,1.134,1.134,1.1336,1.1336,1478.0
1783257840000,1.1336,1.134,1.1326,1.1327,12715.0
1783257900000,1.1326,1.1332,1.1326,1.1326,1724.0
1783257960000,1.1326,1.1327,1.1317,1.1318,29250.0
1783258020000,1.1318,1.1322,1.1304,1.1309,48084.0
1783258080000,1.131,1.132,1.1309,1.132,9611.0
1783258140000,1.1319,1.1322,1.1312,1.1312,13095.0
1783258200000,1.1313,1.1313,1.1304,1.1308,9464.0
1783258260000,1.1307,1.1308,1.1304,1.1304,2601.0
1783258320000,1.1304,1.1308,1.1304,1.1307,11549.0
1783258380000,1.1307,1.1311,1.1307,1.1307,12885.0
1783258440000,1.1307,1.131,1.1304,1.1304,1571.0
1783258500000,1.1305,1.1314,1.1304,1.1312,12118.0
1783258560000,1.1312,1.1313,1.1312,1.1312,8188.0
1783258620000,1.1312,1.1316,1.1312,1.1315,3486.0
1783258680000,1.1316,1.1319,1.1315,1.1319,2718.0
1783258740000,1.1318,1.1319,1.1312,1.1312,1639.0
1783258800000,1.1313,1.1323,1.1312,1.1323,2830.0
1783258860000,1.1322,1.1323,1.1322,1.1322,3421.0
1783258920000,1.1323,1.1327,1.1322,1.1326,1860.0
1783258980000,1.1326,1.133,1.1323,1.1324,3045.0
1783259040000,1.1324,1.1324,1.1323,1.1324,2049.0
1783259100000,1.1323,1.1339,1.1323,1.1339,21952.0
1783259160000,1.1338,1.1339,1.1335,1.1336,9753.0
1783259220000,1.1336,1.1336,1.1334,1.1334,99569.0
1783259280000,1.1335,1.1338,1.1331,1.1331,4467.0
1783259340000,1.1332,1.1335,1.1331,1.1334,2268.0
1783259400000,1.1335,1.1335,1.1331,1.1334,3579.0
1783259460000,1.1334,1.1341,1.1334,1.1341,11160.0
1783259520000,1.1341,1.1343,1.1333,1.1333,13010.0
1783259580000,1.1334,1.134,1.1333,1.134,4663.0
1783259640000,1.1339,1.1346,1.1338,1.1345,6853.0
1783259700000,1.1346,1.1346,1.1345,1.1346,11111.0
1783259760000,1.1346,1.1346,1.1345,1.1345,1432.0
1783259820000,1.1345,1.1346,1.1345,1.1346,5636.0
1783259880000,1.1345,1.1346,1.1342,1.1345,2265.0
1783259940000,1.1346,1.1348,1.1345,1.1347,4493.0
1783260000000,1.1347,1.1348,1.1344,1.1347,2528.0
1783260060000,1.1347,1.1361,1.1347,1.1354,9266.0
1783260120000,1.1354,1.1355,1.1348,1.1348,3713.0
1783260180000,1.1348,1.1349,1.1341,1.1342,4101.0
1783260240000,1.1342,1.135,1.1342,1.1344,6092.0
1783260300000,1.1344,1.1347,1.1343,1.1346,5953.0
1783260360000,1.1346,1.1356,1.1346,1.1353,2207.0
1783260420000,1.1353,1.1353,1.1344,1.1344,4600.0
1783260480000,1.1345,1.1352,1.1344,1.1351,2769.0
1783260540000,1.1352,1.1352,1.1349,1.135,1837.0
1783260600000,1.135,1.1352,1.1346,1.1347,1852.0
1783260660000,1.1347,1.1348,1.1342,1.1345,2623.0
1783260720000,1.1344,1.1345,1.1342,1.1342,2548.0
1783260780000,1.1343,1.1345,1.1341,1.1344,6870.0
1783260840000,1.1344,1.1348,1.1344,1.1345,1623.0
1783260900000,1.1345,1.1345,1.1338,1.1343,1925.0
1783260960000,1.1343,1.1348,1.1341,1.1342,3305.0
1783261020000,1.1342,1.1342,1.1336,1.1336,12228.0
1783261080000,1.1336,1.134,1.1335,1.134,11145.0
1783261140000,1.134,1.134,1.133,1.1331,61763.0
1783261200000,1.133,1.1334,1.1328,1.1332,25098.0
1783261260000,1.1332,1.1339,1.133,1.1338,1728.0
1783261320000,1.1338,1.1344,1.1338,1.1343,1484.0
1783261380000,1.1343,1.1343,1.1337,1.1341,1999.0
1783261440000,1.1341,1.1344,1.134,1.1343,1894.0
1783261500000,1.1343,1.1351,1.1343,1.1351,25335.0
1783261560000,1.135,1.1351,1.1344,1.1344,7810.0
1783261620000,1.1344,1.1345,1.1338,1.1343,1597.0
1783261680000,1.1343,1.1345,1.1343,1.1345,4165.0
1783261740000,1.1341,1.1344,1.134,1.1344,4668.0
1783261800000,1.1344,1.1347,1.1343,1.1344,2920.0
1783261860000,1.1344,1.1353,1.1343,1.1346,6227.0
1783261920000,1.1346,1.1346,1.1336,1.1337,2453.0
1783261980000,1.1336,1.1343,1.1336,1.1342,1494.0
1783262040000,1.1342,1.1343,1.1336,1.1336,1726.0
1783262100000,1.1337,1.134,1.1336,1.134,2509.0
1783262160000,1.134,1.1348,1.1339,1.1347,1498.0
1783262220000,1.1348,1.1353,1.1344,1.1348,2266.0
1783262280000,1.1349,1.1361,1.1348,1.1359,20066.0
1783262340000,1.1359,1.1363,1.1359,1.1362,7194.0
1783262400000,1.1362,1.1363,1.135,1.135,5246.0
1783262460000,1.1351,1.1359,1.1349,1.1356,5532.0
1783262520000,1.1356,1.1361,1.1352,1.136,5718.0
1783262580000,1.136,1.1372,1.136,1.136,21819.0
1783262640000,1.136,1.1364,1.1357,1.1359,17658.0
1783262700000,1.1359,1.136,1.1348,1.1348,1750.0
1783262760000,1.1348,1.1359,1.1348,1.1351,2364.0
1783262820000,1.1352,1.1356,1.1351,1.1353,1456.0
1783262880000,1.1352,1.1356,1.1352,1.1355,2151.0
1783262940000,1.1355,1.1358,1.1354,1.1354,3748.0
1783263000000,1.1355,1.1355,1.135,1.1353,3023.0
1783263060000,1.1353,1.1356,1.1351,1.1353,117170.0
1783263120000,1.1353,1.1353,1.1352,1.1353,1680.0
1783263180000,1.1352,1.1353,1.1349,1.1352,2117.0
1783263240000,1.1353,1.1354,1.1351,1.1352,2387.0
1783263300000,1.1352,1.1356,1.1351,1.1356,9938.0
1783263360000,1.1355,1.1364,1.1355,1.1363,5353.0
1783263420000,1.1364,1.1364,1.136,1.1361,4705.0
1783263480000,1.1361,1.1361,1.136,1.1361,4993.0
1783263540000,1.1361,1.1363,1.1357,1.1363,4554.0
1783263600000,1.1362,1.1363,1.1362,1.1362,6220.0
1783263660000,1.1362,1.1366,1.136,1.1364,1923.0
1783263720000,1.1365,1.1367,1.1364,1.1367,7617.0
1783263780000,1.1367,1.1389,1.1366,1.1385,49692.0
1783263840000,1.1386,1.1389,1.1376,1.1389,21383.0
1783263900000,1.1388,1.1389,1.1385,1.1386,59033.0
1783263960000,1.1386,1.1393,1.1384,1.1391,10053.0
1783264020000,1.1393,1.1407,1.1393,1.1399,210730.0
1783264080000,1.14,1.1403,1.1388,1.1389,8784.0
1783264140000,1.1388,1.1389,1.1377,1.1381,26109.0
1783264200000,1.138,1.1384,1.1377,1.1381,12036.0
1783264260000,1.138,1.1381,1.1376,1.1377,8964.0
1783264320000,1.1377,1.1377,1.1369,1.1373,5389.0
1783264380000,1.1372,1.1373,1.1369,1.137,1687.0
1783264440000,1.1369,1.137,1.1363,1.1364,8451.0
1783264500000,1.1364,1.1364,1.1355,1.1358,17022.0
1783264560000,1.1358,1.1376,1.1358,1.1373,64284.0
1783264620000,1.1373,1.1374,1.1372,1.1372,41838.0
1783264680000,1.1372,1.1376,1.1372,1.1376,6825.0
1783264740000,1.1376,1.1376,1.1371,1.1375,5886.0
1783264800000,1.1375,1.1376,1.1372,1.1376,7770.0
1783264860000,1.1375,1.1376,1.1351,1.1354,16210.0
1783264920000,1.1354,1.1357,1.1353,1.1354,8767.0
1783264980000,1.1353,1.1357,1.135,1.1357,45859.0
1783265040000,1.1357,1.1357,1.135,1.1351,6790.0
1783265100000,1.1351,1.1355,1.135,1.1354,6914.0
1783265160000,1.1354,1.1363,1.1353,1.136,3008.0
1783265220000,1.136,1.1364,1.1356,1.1361,7642.0
1783265280000,1.136,1.1361,1.136,1.1361,2066.0
1783265340000,1.136,1.1361,1.1352,1.1352,9316.0
1783265400000,1.1352,1.1358,1.1352,1.1357,2810.0
1783265460000,1.1357,1.1363,1.1357,1.1363,6816.0
1783265520000,1.1363,1.1365,1.1361,1.1364,4508.0
1783265580000,1.1362,1.1362,1.1355,1.1359,30568.0
1783265640000,1.1358,1.1364,1.1358,1.136,5410.0
1783265700000,1.1361,1.1367,1.136,1.1367,7378.0
1783265760000,1.1367,1.1382,1.1365,1.138,82190.0
1783265820000,1.138,1.1384,1.1367,1.1367,6555.0
1783265880000,1.1368,1.1368,1.1362,1.1362,2116.0
1783265940000,1.1363,1.1368,1.1362,1.1367,2334.0
1783266000000,1.1368,1.1368,1.1363,1.1363,1680.0
1783266060000,1.1363,1.1364,1.1351,1.1352,27082.0
1783266120000,1.1352,1.1352,1.1341,1.1343,398754.0
1783266180000,1.1344,1.1346,1.1343,1.1344,57014.0
1783266240000,1.1344,1.1347,1.1342,1.1342,24148.0
1783266300000,1.1343,1.1345,1.134,1.134,3968.0
1783266360000,1.1342,1.1353,1.134,1.1353,4815.0
1783266420000,1.1353,1.1359,1.1351,1.1352,56631.0
1783266480000,1.1351,1.1356,1.1348,1.1353,27352.0
1783266540000,1.1353,1.1357,1.1352,1.1354,10003.0
1783266600000,1.1354,1.1363,1.1353,1.1361,26883.0
1783266660000,1.1362,1.1368,1.1361,1.1367,13215.0
1783266720000,1.1368,1.1371,1.1361,1.1362,2791.0
1783266780000,1.1362,1.137,1.1362,1.1366,2476.0
1783266840000,1.1366,1.1367,1.1357,1.1357,6262.0
1783266900000,1.1358,1.137,1.1357,1.1369,18013.0
1783266960000,1.137,1.1372,1.1368,1.1369,3480.0
1783267020000,1.1369,1.1369,1.1366,1.1366,6467.0
1783267080000,1.1366,1.1367,1.1362,1.1363,1383.0
1783267140000,1.1363,1.1363,1.1362,1.1362,2367.0
1783267200000,1.1363,1.1363,1.1359,1.1362,4631.0
1783267260000,1.1363,1.1366,1.1362,1.1363,19690.0
1783267320000,1.1362,1.137,1.1362,1.1366,5407.0
1783267380000,1.1366,1.1376,1.1365,1.1376,28575.0
1783267440000,1.1379,1.1385,1.1368,1.1368,75665.0
1783267500000,1.1369,1.1374,1.1368,1.1369,4376.0
1783267560000,1.1374,1.1378,1.1364,1.1364,11540.0
1783267620000,1.1364,1.1375,1.1363,1.1365,1535.0
1783267680000,1.1364,1.1365,1.136,1.1361,71803.0
1783267740000,1.1361,1.1361,1.136,1.1361,12932.0
1783267800000,1.136,1.1361,1.136,1.136,1690.0
1783267860000,1.136,1.1364,1.136,1.1363,1510.0
1783267920000,1.1364,1.1368,1.1363,1.1368,8166.0
1783267980000,1.1368,1.1368,1.1363,1.1364,1634.0
1783268040000,1.1364,1.1367,1.1363,1.1364,1816.0
1783268100000,1.1364,1.1364,1.1363,1.1364,7978.0
1783268160000,1.1363,1.1365,1.136,1.1364,9595.0
1783268220000,1.1365,1.1365,1.136,1.136,4624.0
1783268280000,1.136,1.1361,1.1357,1.1358,4211.0
1783268340000,1.1357,1.1374,1.1357,1.1368,1913.0
1783268400000,1.1371,1.1371,1.1362,1.1362,9902.0
1783268460000,1.1362,1.1363,1.1347,1.1349,85583.0
1783268520000,1.1349,1.1359,1.1349,1.1353,8175.0
1783268580000,1.1353,1.1358,1.1353,1.1354,1541.0
1783268640000,1.1352,1.1353,1.1349,1.1349,2249.0
1783268700000,1.135,1.1352,1.1345,1.1352,4386.0
1783268760000,1.1351,1.1358,1.135,1.1356,59123.0
1783268820000,1.1357,1.1357,1.1352,1.1355,35366.0
1783268880000,1.1355,1.1356,1.1352,1.1353,1880.0
1783268940000,1.1352,1.1353,1.1339,1.1341,46527.0
1783269000000,1.134,1.1347,1.1337,1.1341,18075.0
1783269060000,1.134,1.1345,1.1338,1.1342,2139.0
1783269120000,1.1341,1.1347,1.1338,1.1347,4041.0
1783269180000,1.1346,1.1348,1.1346,1.1347,2933.0
1783269240000,1.1347,1.135,1.1344,1.1346,2011.0
1783269300000,1.1347,1.1352,1.1346,1.1352,2048.0
1783269360000,1.1352,1.1352,1.1351,1.1352,4146.0
1783269420000,1.1352,1.1352,1.1344,1.1344,2268.0
1783269480000,1.1345,1.1345,1.1341,1.1341,12503.0
1783269540000,1.1341,1.1342,1.1341,1.1342,1464.0
1783269600000,1.1341,1.1347,1.1341,1.1347,1745.0
1783269660000,1.1346,1.1347,1.1346,1.1346,1806.0
1783269720000,1.1347,1.1347,1.1341,1.1342,6899.0
1783269780000,1.1341,1.1342,1.1339,1.1341,2221.0
1783269840000,1.1342,1.1349,1.1341,1.1349,10571.0
1783269900000,1.1349,1.1354,1.1348,1.1353,2266.0
1783269960000,1.1354,1.1354,1.1347,1.1347,1612.0
1783270020000,1.1347,1.1348,1.1341,1.1341,3415.0
1783270080000,1.1342,1.1345,1.1341,1.1341,5479.0
1783270140000,1.1341,1.1345,1.1337,1.1337,13984.0
1783270200000,1.1338,1.1338,1.1337,1.1338,1766.0
1783270260000,1.1337,1.1342,1.1337,1.1341,2142.0
1783270320000,1.134,1.1345,1.134,1.1344,1750.0
1783270380000,1.1345,1.1345,1.1341,1.1342,2437.0
1783270440000,1.1342,1.1345,1.1338,1.1345,6754.0
1783270500000,1.1344,1.1347,1.1339,1.134,5518.0
1783270560000,1.1339,1.134,1.1335,1.1338,2887.0
1783270620000,1.1338,1.1346,1.1338,1.1345,1569.0
1783270680000,1.1345,1.135,1.1345,1.1347,3719.0
1783270740000,1.1347,1.135,1.1343,1.1344,4714.0
1783270800000,1.1344,1.135,1.1343,1.135,6571.0
1783270860000,1.135,1.1357,1.1349,1.1353,6027.0
1783270920000,1.1353,1.1357,1.135,1.1352,5093.0
1783270980000,1.1352,1.136,1.1351,1.1355,1661.0
1783271040000,1.1355,1.137,1.1354,1.137,9898.0
1783271100000,1.137,1.1374,1.1364,1.1368,4271.0
1783271160000,1.1367,1.1368,1.1357,1.1358,5613.0
1783271220000,1.1357,1.1362,1.1357,1.1359,4418.0
1783271280000,1.1358,1.1359,1.1353,1.1354,1477.0
1783271340000,1.1353,1.1354,1.135,1.135,2328.0
1783271400000,1.135,1.1351,1.135,1.135,3404.0
1783271460000,1.135,1.1351,1.135,1.1351,2612.0
1783271520000,1.135,1.1351,1.135,1.1351,4418.0
1783271580000,1.135,1.1353,1.135,1.135,1956.0
1783271640000,1.1351,1.1351,1.135,1.135,1537.0
1783271700000,1.135,1.1356,1.135,1.1355,8321.0
1783271760000,1.1355,1.1356,1.1351,1.1352,3467.0
1783271820000,1.1351,1.136,1.1351,1.136,2772.0
1783271880000,1.136,1.136,1.1356,1.1357,1800.0
1783271940000,1.1357,1.136,1.1356,1.1357,1577.0
1783272000000,1.1357,1.1357,1.1351,1.1351,2343.0
1783272060000,1.1351,1.1352,1.1346,1.1346,9301.0
1783272120000,1.1346,1.1379,1.1346,1.1377,5087.0
1783272180000,1.1379,1.1379,1.1367,1.1376,5352.0
1783272240000,1.1376,1.1385,1.1373,1.1385,55804.0
1783272300000,1.1379,1.138,1.136,1.1363,5804.0
1783272360000,1.1362,1.1363,1.1362,1.1362,2124.0
1783272420000,1.1363,1.1363,1.1357,1.1358,2941.0
1783272480000,1.1357,1.1358,1.1349,1.135,4133.0
1783272540000,1.135,1.1353,1.1349,1.1349,7086.0
1783272600000,1.135,1.135,1.1346,1.135,6967.0
1783272660000,1.1351,1.1352,1.1349,1.135,1868.0
1783272720000,1.135,1.135,1.1326,1.1338,74768.0
1783272780000,1.1338,1.1345,1.1337,1.134,4331.0
1783272840000,1.134,1.134,1.133,1.133,4272.0
1783272900000,1.1331,1.1331,1.1327,1.1328,4372.0
1783272960000,1.1328,1.1334,1.1327,1.1331,11454.0
1783273020000,1.133,1.1339,1.133,1.1337,1560.0
1783273080000,1.1336,1.1337,1.1333,1.1334,2343.0
1783273140000,1.1334,1.1338,1.1331,1.1331,1900.0
1783273200000,1.1332,1.1333,1.1326,1.1333,3143.0
1783273260000,1.1332,1.1333,1.1325,1.1326,2011.0
1783273320000,1.1329,1.1329,1.1324,1.1328,11988.0
1783273380000,1.1328,1.1328,1.1315,1.1321,344850.0
1783273440000,1.132,1.1321,1.1316,1.132,22225.0
1783273500000,1.132,1.133,1.1318,1.133,2884.0
1783273560000,1.1327,1.1327,1.1323,1.1327,2500.0
1783273620000,1.1327,1.1334,1.1326,1.1334,6418.0
1783273680000,1.1334,1.134,1.1333,1.1337,4180.0
1783273740000,1.1337,1.1337,1.1336,1.1337,1866.0
1783273800000,1.1336,1.1337,1.1334,1.1335,6779.0
1783273860000,1.1335,1.1335,1.1334,1.1334,1415.0
1783273920000,1.1335,1.1335,1.1334,1.1334,1669.0
1783273980000,1.1334,1.1335,1.1334,1.1335,1414.0
1783274040000,1.1334,1.1338,1.133,1.1333,10113.0
1783274100000,1.1333,1.1334,1.1333,1.1334,10085.0
1783274160000,1.1333,1.1337,1.133,1.1336,1485.0
1783274220000,1.1336,1.1339,1.1336,1.1338,1980.0
1783274280000,1.1339,1.1344,1.1338,1.1343,69434.0
1783274340000,1.1344,1.1346,1.134,1.1341,138655.0
1783274400000,1.1341,1.1344,1.134,1.1344,9799.0
1783274460000,1.1344,1.1344,1.134,1.134,5604.0
1783274520000,1.1343,1.1363,1.1343,1.1355,52668.0
1783274580000,1.1355,1.1357,1.1351,1.1356,7589.0
1783274640000,1.1356,1.1357,1.1349,1.1356,1626.0
1783274700000,1.1355,1.1366,1.1355,1.1366,3627.0
1783274760000,1.1366,1.1374,1.1365,1.1367,12704.0
1783274820000,1.1368,1.1372,1.1367,1.1369,5149.0
1783274880000,1.1369,1.1373,1.136,1.136,12031.0
1783274940000,1.136,1.1367,1.136,1.1363,3153.0
1783275000000,1.1364,1.137,1.1363,1.1369,2381.0
1783275060000,1.1369,1.137,1.1369,1.137,2511.0
1783275120000,1.1369,1.137,1.1365,1.1365,2005.0
1783275180000,1.1365,1.1366,1.1361,1.1362,1624.0
1783275240000,1.1365,1.1365,1.1358,1.1362,14584.0
1783275300000,1.1361,1.1364,1.1361,1.1363,1653.0
1783275360000,1.1363,1.1374,1.1363,1.1374,2455.0
1783275420000,1.1374,1.1374,1.136,1.1361,2308.0
1783275480000,1.1361,1.1368,1.136,1.1365,5298.0
1783275540000,1.1365,1.1372,1.1364,1.137,4705.0
1783275600000,1.137,1.1373,1.1366,1.137,6970.0
1783275660000,1.1369,1.1371,1.1367,1.1371,3927.0
1783275720000,1.137,1.1371,1.137,1.137,2224.0
1783275780000,1.1371,1.1371,1.1368,1.1368,3067.0
1783275840000,1.1369,1.1369,1.1364,1.1364,1859.0
1783275900000,1.1364,1.1374,1.1364,1.1374,3221.0
1783275960000,1.1373,1.1377,1.1373,1.1375,5063.0
1783276020000,1.1375,1.1378,1.1372,1.1375,13866.0
1783276080000,1.1374,1.1375,1.1372,1.1373,3164.0
1783276140000,1.1373,1.1373,1.1363,1.1364,3833.0
1783276200000,1.1363,1.1366,1.1363,1.1365,1523.0
1783276260000,1.1366,1.1375,1.1365,1.1372,4334.0
1783276320000,1.1372,1.1375,1.1368,1.1371,6848.0
1783276380000,1.1371,1.1375,1.1368,1.1372,2292.0
1783276440000,1.1372,1.1373,1.1368,1.1371,53989.0
1783276500000,1.1372,1.1372,1.1368,1.1369,3983.0
1783276560000,1.1368,1.137,1.1368,1.137,52565.0
1783276620000,1.1369,1.137,1.1369,1.1369,3097.0
1783276680000,1.1369,1.1374,1.1369,1.1373,1504.0
1783276740000,1.1374,1.1384,1.1374,1.138,5463.0
1783276800000,1.1381,1.1384,1.138,1.1384,13018.0
1783276860000,1.1383,1.1384,1.138,1.1381,3185.0
1783276920000,1.138,1.1381,1.138,1.1381,6868.0
1783276980000,1.1381,1.1383,1.138,1.1382,1317.0
1783277040000,1.1383,1.1383,1.1379,1.1383,15914.0
1783277100000,1.1383,1.1383,1.1373,1.1373,1548.0
1783277160000,1.1374,1.1374,1.1373,1.1374,3240.0
1783277220000,1.1374,1.1374,1.1373,1.1374,1957.0
1783277280000,1.1373,1.1378,1.1373,1.1377,3554.0
1783277340000,1.1377,1.138,1.1377,1.138,2963.0
1783277400000,1.138,1.138,1.1376,1.138,4271.0
1783277460000,1.1379,1.1396,1.1379,1.1392,8457.0
1783277520000,1.1392,1.1395,1.1389,1.1389,8048.0
1783277580000,1.1389,1.139,1.1386,1.139,1811.0
1783277640000,1.139,1.1392,1.1389,1.1391,57764.0
1783277700000,1.1392,1.1392,1.1368,1.1369,11472.0
1783277760000,1.1368,1.1376,1.1368,1.1373,35579.0
1783277820000,1.1373,1.1373,1.1369,1.137,3981.0
1783277880000,1.1369,1.137,1.1366,1.137,11718.0
1783277940000,1.1366,1.137,1.1357,1.1357,19288.0
1783278000000,1.1357,1.1358,1.1353,1.1357,15377.0
1783278060000,1.1357,1.1358,1.1346,1.1354,10394.0
1783278120000,1.1355,1.1362,1.1354,1.1362,2303.0
1783278180000,1.1362,1.1367,1.1361,1.1367,31779.0
1783278240000,1.1367,1.1367,1.1358,1.1358,8442.0
1783278300000,1.1358,1.1359,1.1351,1.1351,6596.0
1783278360000,1.1352,1.1356,1.1351,1.1355,12800.0
1783278420000,1.1355,1.1356,1.1349,1.1353,2342.0
1783278480000,1.1352,1.1355,1.1352,1.1354,1448.0
1783278540000,1.1354,1.1355,1.1352,1.1354,1821.0
1783278600000,1.1355,1.1355,1.1354,1.1355,11010.0
1783278660000,1.1355,1.136,1.1354,1.136,2957.0
1783278720000,1.136,1.137,1.1359,1.1369,4506.0
1783278780000,1.1369,1.1373,1.1368,1.1373,4160.0
1783278840000,1.1373,1.1373,1.137,1.137,2183.0
1783278900000,1.137,1.1373,1.137,1.1372,5946.0
1783278960000,1.1373,1.1373,1.1367,1.137,3935.0
1783279020000,1.137,1.1371,1.1361,1.1362,371331.0
1783279080000,1.1362,1.1366,1.1359,1.1362,2366.0
1783279140000,1.1363,1.1367,1.1362,1.1364,1916.0
1783279200000,1.1365,1.1365,1.1357,1.1357,3624.0
1783279260000,1.1358,1.1358,1.1346,1.135,9933.0
1783279320000,1.135,1.1354,1.1349,1.1351,2735.0
1783279380000,1.1351,1.1356,1.1351,1.1356,1714.0
1783279440000,1.1355,1.1356,1.135,1.1354,2726.0
1783279500000,1.1354,1.1355,1.1334,1.1334,13730.0
1783279560000,1.1334,1.1335,1.1334,1.1334,2661.0
1783279620000,1.1335,1.1336,1.133,1.1335,74219.0
1783279680000,1.1336,1.1339,1.1333,1.1338,2517.0
1783279740000,1.1339,1.1346,1.1338,1.1346,1421.0
1783279800000,1.1346,1.1346,1.1339,1.1342,4296.0
1783279860000,1.1343,1.1348,1.1342,1.1348,2614.0
1783279920000,1.1348,1.1352,1.1347,1.1348,1433.0
1783279980000,1.1348,1.1357,1.1347,1.1354,10295.0
1783280040000,1.1354,1.1357,1.1353,1.1354,1908.0
1783280100000,1.1355,1.1355,1.1343,1.1343,2775.0
1783280160000,1.1344,1.1347,1.1343,1.1346,2665.0
1783280220000,1.1346,1.1352,1.1346,1.1351,10986.0
1783280280000,1.1351,1.1352,1.1351,1.1352,3828.0
1783280340000,1.1351,1.1352,1.1347,1.135,39526.0
1783280400000,1.135,1.1351,1.1347,1.135,1826.0
1783280460000,1.1351,1.1351,1.134,1.1341,3015.0
1783280520000,1.134,1.1344,1.1336,1.1344,8373.0
1783280580000,1.1344,1.1344,1.1339,1.1339,1842.0
1783280640000,1.134,1.1344,1.1339,1.1343,2141.0
1783280700000,1.1343,1.1345,1.1339,1.1345,56111.0
1783280760000,1.1344,1.1345,1.1344,1.1345,1790.0
1783280820000,1.1344,1.1355,1.1344,1.1355,3598.0
1783280880000,1.1354,1.1355,1.1351,1.1351,12232.0
1783280940000,1.1351,1.1355,1.1346,1.1346,1552.0
1783281000000,1.1347,1.1347,1.134,1.1341,3508.0
1783281060000,1.134,1.1344,1.134,1.1343,2104.0
1783281120000,1.1343,1.1347,1.1342,1.1343,1817.0
1783281180000,1.1343,1.1343,1.134,1.1341,1762.0
1783281240000,1.1341,1.1341,1.1336,1.1336,4141.0
1783281300000,1.1336,1.1337,1.1333,1.1333,2332.0
1783281360000,1.1334,1.1337,1.1333,1.1336,2009.0
1783281420000,1.1337,1.1338,1.1336,1.1337,72310.0
1783281480000,1.1337,1.1354,1.1337,1.1347,1490.0
1783281540000,1.1347,1.135,1.1345,1.1346,24754.0
1783281600000,1.1346,1.1354,1.1345,1.1353,1616.0
1783281660000,1.1354,1.1358,1.1353,1.1354,3875.0
1783281720000,1.1354,1.1364,1.1354,1.1362,2463.0
1783281780000,1.1361,1.1365,1.1353,1.1354,1917.0
1783281840000,1.1354,1.1356,1.1353,1.1356,2000.0
1783281900000,1.1357,1.1362,1.1356,1.1362,3268.0
1783281960000,1.1362,1.1365,1.1361,1.1362,91185.0
1783282020000,1.1361,1.1366,1.1361,1.1363,2529.0
1783282080000,1.1366,1.1366,1.1362,1.1362,2042.0
1783282140000,1.1363,1.1375,1.1362,1.1368,5962.0
1783282200000,1.1367,1.1374,1.1367,1.1369,3224.0
1783282260000,1.137,1.137,1.1365,1.1369,1893.0
1783282320000,1.1368,1.1374,1.1368,1.137,11095.0
1783282380000,1.1371,1.1371,1.1366,1.1366,2528.0
1783282440000,1.1366,1.1367,1.1363,1.1365,8568.0
1783282500000,1.1365,1.1367,1.1363,1.1364,2957.0
1783282560000,1.1363,1.1367,1.1363,1.1364,2710.0
1783282620000,1.1364,1.1369,1.1361,1.1368,11274.0
1783282680000,1.1369,1.1371,1.1364,1.1367,2297.0
1783282740000,1.1368,1.1368,1.1357,1.1357,2064.0
1783282800000,1.1357,1.136,1.1357,1.1357,2178.0
1783282860000,1.1358,1.1364,1.1356,1.1363,1736.0
1783282920000,1.1364,1.1364,1.136,1.1361,1392.0
1783282980000,1.1361,1.1361,1.136,1.136,1522.0
1783283040000,1.1361,1.1364,1.136,1.1363,1582.0
1783283100000,1.1363,1.1364,1.1363,1.1363,3792.0
1783283160000,1.1364,1.1364,1.1351,1.1353,11727.0
1783283220000,1.1352,1.1355,1.1352,1.1352,2450.0
1783283280000,1.1352,1.1353,1.1346,1.1351,1692.0
1783283340000,1.1351,1.1352,1.1346,1.1351,1838.0
1783283400000,1.1351,1.1352,1.1348,1.1351,1468.0
1783283460000,1.1351,1.1352,1.1345,1.1346,1676.0
1783283520000,1.1344,1.135,1.1344,1.1346,46432.0
1783283580000,1.1346,1.1347,1.1343,1.1345,8166.0
1783283640000,1.1345,1.135,1.1341,1.135,3738.0
1783283700000,1.135,1.135,1.1346,1.1346,1443.0
1783283760000,1.1346,1.135,1.1346,1.135,3616.0
1783283820000,1.135,1.135,1.1341,1.1342,15056.0
1783283880000,1.1342,1.1346,1.1341,1.1345,4147.0
1783283940000,1.1345,1.1348,1.1341,1.1341,1695.0
1783284000000,1.1341,1.1342,1.1341,1.1342,2885.0
1783284060000,1.1341,1.1342,1.1341,1.1342,1468.0
1783284120000,1.1342,1.1342,1.1341,1.1342,3006.0
1783284180000,1.1341,1.1344,1.1341,1.1343,2172.0
1783284240000,1.1344,1.1349,1.1343,1.1349,1992.0
1783284300000,1.1348,1.1349,1.1348,1.1349,3627.0
1783284360000,1.1349,1.1353,1.1348,1.1352,5036.0
1783284420000,1.1353,1.1353,1.1349,1.1353,1751.0
1783284480000,1.1352,1.1356,1.1352,1.1355,3405.0
1783284540000,1.1355,1.1356,1.1355,1.1355,2050.0
1783284600000,1.1356,1.1363,1.1355,1.1358,2771.0
1783284660000,1.1359,1.1362,1.1358,1.1362,2189.0
1783284720000,1.1361,1.1362,1.1356,1.1357,4187.0
1783284780000,1.1356,1.1357,1.1356,1.1356,3319.0
1783284840000,1.1357,1.1359,1.1354,1.1354,2665.0
1783284900000,1.1355,1.1363,1.1355,1.1363,4496.0
1783284960000,1.1362,1.1363,1.1362,1.1363,2589.0
1783285020000,1.1362,1.1375,1.1362,1.1374,7995.0
1783285080000,1.1374,1.1375,1.1367,1.1367,2151.0
1783285140000,1.1368,1.1368,1.1367,1.1367,2017.0
1783285200000,1.1367,1.1373,1.1365,1.1366,11026.0
1783285260000,1.1366,1.1366,1.1354,1.1364,18667.0
1783285320000,1.1365,1.1368,1.1362,1.1364,1645.0
1783285380000,1.1365,1.1368,1.1364,1.1365,2300.0
1783285440000,1.1364,1.1371,1.1364,1.1364,4331.0
1783285500000,1.1364,1.1368,1.1361,1.1364,1632.0
1783285560000,1.1364,1.1364,1.1358,1.1361,1690.0
1783285620000,1.1362,1.1362,1.1351,1.1351,22934.0
1783285680000,1.1352,1.1357,1.135,1.1356,2358.0
1783285740000,1.1357,1.136,1.1348,1.1349,2260.0
1783285800000,1.1348,1.1358,1.1348,1.1357,1712.0
1783285860000,1.1357,1.1358,1.1354,1.1355,1754.0
1783285920000,1.1354,1.1359,1.1354,1.1356,1575.0
1783285980000,1.135,1.1356,1.135,1.1351,1441.0
1783286040000,1.135,1.1351,1.1344,1.1344,2146.0
1783286100000,1.1344,1.1345,1.1344,1.1345,1525.0
1783286160000,1.1345,1.1359,1.1344,1.1358,1558.0
1783286220000,1.1358,1.1364,1.1355,1.1363,2091.0
1783286280000,1.1364,1.1377,1.1363,1.1377,3260.0
1783286340000,1.1377,1.1395,1.1375,1.1394,11118.0
1783286400000,1.1394,1.1398,1.1386,1.1397,4436.0
1783286460000,1.1397,1.1397,1.1391,1.1391,23214.0
1783286520000,1.1392,1.1403,1.1391,1.1399,143117.0
1783286580000,1.1398,1.1417,1.1398,1.1411,24284.0
1783286640000,1.1411,1.1412,1.1404,1.1405,40370.0
1783286700000,1.1404,1.1407,1.1396,1.1403,4817.0
1783286760000,1.1402,1.1405,1.1399,1.1405,11226.0
1783286820000,1.1405,1.1405,1.1401,1.1402,2119.0
1783286880000,1.1402,1.141,1.1401,1.141,2077.0
1783286940000,1.141,1.141,1.1407,1.1407,3190.0
1783287000000,1.1408,1.147,1.1404,1.1435,91578.0
1783287060000,1.1435,1.1449,1.1432,1.1439,36570.0
1783287120000,1.1439,1.144,1.1428,1.1437,41170.0
1783287180000,1.1436,1.1444,1.1436,1.1442,6471.0
1783287240000,1.1443,1.1443,1.1429,1.1429,17983.0
1783287300000,1.143,1.143,1.1414,1.1414,3754.0
1783287360000,1.1415,1.1425,1.1414,1.1424,6820.0
1783287420000,1.1424,1.1428,1.1421,1.1424,21284.0
1783287480000,1.1425,1.1425,1.141,1.1418,4355.0
1783287540000,1.1418,1.1424,1.1415,1.1421,1665.0
1783287600000,1.1421,1.1421,1.1417,1.1418,7343.0
1783287660000,1.1419,1.1424,1.1417,1.1417,3762.0
1783287720000,1.1418,1.1418,1.1412,1.1413,4270.0
1783287780000,1.1413,1.1428,1.1412,1.1427,1635.0
1783287840000,1.1427,1.1439,1.1424,1.1433,2281.0
1783287900000,1.1434,1.1437,1.1427,1.1431,2111.0
1783287960000,1.1431,1.1431,1.1422,1.1423,15824.0
1783288020000,1.1424,1.1435,1.1423,1.1426,2530.0
1783288080000,1.1428,1.1428,1.1424,1.1425,3614.0
1783288140000,1.1425,1.1425,1.1421,1.1421,4568.0
1783288200000,1.1422,1.1428,1.1421,1.1428,3576.0
1783288260000,1.1428,1.1428,1.1425,1.1425,3512.0
1783288320000,1.1425,1.1426,1.1425,1.1426,1905.0
1783288380000,1.1425,1.1426,1.1425,1.1426,3179.0
1783288440000,1.1426,1.1438,1.1425,1.1438,3461.0
1783288500000,1.1438,1.1453,1.1436,1.1451,5482.0
1783288560000,1.1451,1.1476,1.1451,1.1469,53479.0
1783288620000,1.1469,1.147,1.1454,1.1463,10346.0
1783288680000,1.1467,1.1467,1.1453,1.1454,92721.0
1783288740000,1.1453,1.1454,1.144,1.1441,15977.0
1783288800000,1.1441,1.1443,1.1418,1.1419,14096.0
1783288860000,1.1418,1.1428,1.1418,1.1426,25925.0
1783288920000,1.1428,1.1444,1.1428,1.1443,10950.0
1783288980000,1.1443,1.1468,1.1443,1.1452,1904.0
1783289040000,1.1453,1.1453,1.1432,1.1438,1908.0
1783289100000,1.1438,1.1456,1.1436,1.1456,6892.0
1783289160000,1.1458,1.1462,1.145,1.1452,2840.0
1783289220000,1.1453,1.1456,1.1447,1.1448,6485.0
1783289280000,1.1448,1.1448,1.1438,1.1442,2299.0
1783289340000,1.1442,1.1446,1.1438,1.1446,203633.0
1783289400000,1.1446,1.1453,1.1444,1.145,18494.0
1783289460000,1.145,1.1464,1.1449,1.1463,250565.0
1783289520000,1.1463,1.1469,1.1459,1.1467,17243.0
1783289580000,1.1467,1.1479,1.1467,1.1475,28013.0
1783289640000,1.1475,1.1477,1.147,1.1474,4277.0
1783289700000,1.1473,1.1477,1.1469,1.1475,12423.0
1783289760000,1.1475,1.152,1.1475,1.1517,58576.0
1783289820000,1.1517,1.1525,1.1504,1.152,70403.0
1783289880000,1.152,1.1526,1.1515,1.152,6486.0
1783289940000,1.152,1.1532,1.1517,1.1528,5554.0
1783290000000,1.1528,1.1568,1.1522,1.1553,53345.0
1783290060000,1.1548,1.1571,1.1547,1.1568,57928.0
1783290120000,1.157,1.1571,1.1537,1.1549,41845.0
1783290180000,1.155,1.1562,1.1548,1.1548,20514.0
1783290240000,1.1554,1.1572,1.1553,1.1561,29427.0
1783290300000,1.1561,1.1562,1.155,1.1558,150781.0
1783290360000,1.1558,1.1571,1.1555,1.1556,181177.0
1783290420000,1.1555,1.1564,1.1552,1.156,10220.0
1783290480000,1.156,1.158,1.1556,1.1575,50266.0
1783290540000,1.1576,1.1576,1.1561,1.157,110828.0
1783290600000,1.157,1.1617,1.1569,1.1602,108661.0
1783290660000,1.1605,1.1618,1.1602,1.1611,258354.0
1783290720000,1.1611,1.1613,1.1589,1.1595,53577.0
1783290780000,1.1593,1.1595,1.1572,1.1579,8671.0
1783290840000,1.1575,1.1576,1.1568,1.1575,3112.0
1783290900000,1.1574,1.1575,1.1536,1.1547,128136.0
1783290960000,1.1547,1.1553,1.1547,1.1549,4499.0
1783291020000,1.1554,1.1559,1.155,1.1556,4802.0
1783291080000,1.1556,1.1556,1.1548,1.1553,4935.0
1783291140000,1.1554,1.1568,1.1553,1.1562,11836.0
1783291200000,1.1562,1.157,1.1557,1.1569,3244.0
1783291260000,1.1568,1.1578,1.1557,1.1558,77200.0
1783291320000,1.1557,1.1558,1.1545,1.1545,8810.0
1783291380000,1.1545,1.155,1.1536,1.1549,29575.0
1783291440000,1.1549,1.155,1.1535,1.1538,3662.0
1783291500000,1.1539,1.1548,1.1536,1.1548,3803.0
1783291560000,1.1548,1.1548,1.1529,1.1533,216909.0
1783291620000,1.1533,1.1551,1.1533,1.1549,2414.0
1783291680000,1.1546,1.1547,1.1516,1.1517,58830.0
1783291740000,1.1517,1.1536,1.1517,1.1528,15079.0
1783291800000,1.1528,1.1536,1.1527,1.1536,1926.0
1783291860000,1.1536,1.1546,1.1533,1.1545,2921.0
1783291920000,1.1546,1.1546,1.1537,1.1541,5393.0
1783291980000,1.154,1.1546,1.154,1.1544,99527.0
1783292040000,1.1544,1.155,1.1536,1.155,1921.0
1783292100000,1.155,1.1552,1.1545,1.1548,7835.0
1783292160000,1.1548,1.1554,1.1545,1.1546,5873.0
1783292220000,1.1546,1.155,1.1538,1.1544,3346.0
1783292280000,1.1544,1.156,1.1544,1.1559,2236.0
1783292340000,1.156,1.1572,1.1555,1.157,17092.0
1783292400000,1.1571,1.1579,1.1557,1.1557,92689.0
1783292460000,1.1567,1.158,1.1557,1.158,2441.0
1783292520000,1.1578,1.159,1.1577,1.1587,3650.0
1783292580000,1.1587,1.1595,1.1585,1.1591,215090.0
1783292640000,1.1591,1.162,1.1587,1.1609,18400.0
1783292700000,1.1609,1.1619,1.1606,1.1613,19845.0
1783292760000,1.1613,1.1619,1.1608,1.1609,8003.0
1783292820000,1.1609,1.1609,1.1581,1.1588,11249.0
1783292880000,1.1589,1.1597,1.1588,1.1596,2223.0
1783292940000,1.1596,1.1599,1.1574,1.1578,34798.0
1783293000000,1.1578,1.1586,1.1577,1.1586,45361.0
1783293060000,1.1586,1.1598,1.1585,1.1594,4147.0
1783293120000,1.1595,1.162,1.1594,1.162,11967.0
1783293180000,1.1616,1.1632,1.1616,1.1631,116062.0
1783293240000,1.1631,1.1631,1.1618,1.1628,4129.0
1783293300000,1.1629,1.1666,1.1628,1.1666,117084.0
1783293360000,1.1666,1.1691,1.1662,1.1667,302940.0
1783293420000,1.166,1.1663,1.1641,1.1646,106538.0
1783293480000,1.1645,1.1656,1.164,1.165,9508.0
1783293540000,1.165,1.1655,1.1637,1.1644,8055.0
1783293600000,1.1644,1.1647,1.1618,1.1618,11131.0
1783293660000,1.1618,1.163,1.1614,1.163,5357.0
1783293720000,1.163,1.163,1.1593,1.1594,36722.0
1783293780000,1.1593,1.1594,1.1585,1.159,6334.0
1783293840000,1.1591,1.1591,1.1559,1.1562,216201.0
1783293900000,1.1558,1.1564,1.1548,1.1564,19836.0
1783293960000,1.1564,1.1574,1.1563,1.1574,14941.0
1783294020000,1.1573,1.1577,1.1558,1.1575,4180.0
1783294080000,1.1575,1.1583,1.1572,1.1577,5533.0
1783294140000,1.1577,1.1579,1.1567,1.1567,7611.0
1783294200000,1.1568,1.1568,1.156,1.1567,64998.0
1783294260000,1.1568,1.158,1.1564,1.1569,2201.0
1783294320000,1.157,1.157,1.1557,1.1559,4277.0
1783294380000,1.1559,1.1577,1.1559,1.1567,3347.0
1783294440000,1.1566,1.1567,1.1549,1.1552,2022.0
1783294500000,1.1552,1.1565,1.1548,1.1565,5734.0
1783294560000,1.1565,1.1568,1.1562,1.1565,2195.0
1783294620000,1.1565,1.1575,1.1558,1.1569,1899.0
1783294680000,1.1569,1.157,1.1562,1.1568,1877.0
1783294740000,1.1568,1.1569,1.1554,1.156,108999.0
1783294800000,1.1561,1.1566,1.1558,1.1561,17741.0
1783294860000,1.1561,1.1572,1.1561,1.1572,8911.0
1783294920000,1.1571,1.1585,1.157,1.1573,6143.0
1783294980000,1.1575,1.1584,1.1569,1.1584,3211.0
1783295040000,1.1583,1.1584,1.1577,1.1577,2113.0
1783295100000,1.1585,1.1588,1.1574,1.1581,14463.0
1783295160000,1.1576,1.1589,1.1573,1.158,92480.0
1783295220000,1.158,1.158,1.1561,1.1562,3302.0
1783295280000,1.1562,1.1575,1.1557,1.157,18466.0
1783295340000,1.1571,1.1584,1.157,1.1583,3786.0
1783295400000,1.1584,1.1584,1.1572,1.1584,2802.0
1783295460000,1.1588,1.1592,1.1581,1.1591,1656.0
1783295520000,1.1587,1.1588,1.1576,1.1579,5595.0
1783295580000,1.158,1.1582,1.157,1.1578,3074.0
1783295640000,1.1577,1.1585,1.1574,1.158,9408.0
1783295700000,1.158,1.158,1.1568,1.1568,1412.0
1783295760000,1.1569,1.1569,1.1549,1.1556,38482.0
1783295820000,1.1556,1.1556,1.1549,1.1552,19024.0
1783295880000,1.1552,1.1566,1.1551,1.1556,20837.0
1783295940000,1.1556,1.1568,1.1556,1.1568,31702.0
1783296000000,1.1566,1.1568,1.1551,1.1551,1855.0
1783296060000,1.1552,1.1558,1.155,1.1552,4445.0
1783296120000,1.1553,1.1571,1.1548,1.157,5109.0
1783296180000,1.1574,1.1582,1.157,1.1574,4297.0
1783296240000,1.1573,1.1581,1.1565,1.1577,6538.0
1783296300000,1.1577,1.1577,1.1555,1.1555,2087.0
1783296360000,1.1555,1.1566,1.1554,1.1556,1905.0
1783296420000,1.1555,1.1556,1.1535,1.1542,29941.0
1783296480000,1.1542,1.1549,1.1537,1.1537,15068.0
1783296540000,1.1537,1.154,1.1527,1.1538,38915.0
1783296600000,1.154,1.1541,1.1517,1.152,15605.0
1783296660000,1.1517,1.1522,1.1515,1.1521,32697.0
1783296720000,1.1522,1.1527,1.1519,1.1527,11068.0
1783296780000,1.1527,1.1528,1.1521,1.1526,14944.0
1783296840000,1.1526,1.1532,1.1524,1.1531,3127.0
1783296900000,1.1535,1.1555,1.1534,1.1554,27672.0
1783296960000,1.1552,1.1556,1.1536,1.1536,24422.0
1783297020000,1.1536,1.1537,1.153,1.153,12027.0
1783297080000,1.153,1.1535,1.1523,1.1524,17571.0
1783297140000,1.1523,1.1527,1.1508,1.1518,33536.0
1783297200000,1.1516,1.1521,1.1516,1.1521,10962.0
1783297260000,1.1521,1.1521,1.1513,1.1517,1629.0
1783297320000,1.1517,1.1518,1.1491,1.1495,80708.0
1783297380000,1.1494,1.1496,1.1485,1.1495,223649.0
1783297440000,1.1496,1.1498,1.1487,1.1488,18728.0
1783297500000,1.1487,1.1493,1.1473,1.1474,41675.0
1783297560000,1.1473,1.1481,1.1468,1.1477,20736.0
1783297620000,1.1478,1.148,1.1471,1.1477,184075.0
1783297680000,1.1477,1.1483,1.147,1.1483,23313.0
1783297740000,1.1483,1.1483,1.1474,1.1475,2400.0
1783297800000,1.1474,1.1476,1.1452,1.1476,37356.0
1783297860000,1.1472,1.1483,1.1471,1.1479,80016.0
1783297920000,1.1481,1.1487,1.1477,1.1484,10769.0
1783297980000,1.1483,1.1487,1.1478,1.1481,2259.0
1783298040000,1.148,1.1491,1.1472,1.1491,4422.0
1783298100000,1.1491,1.1495,1.1487,1.1494,1605.0
1783298160000,1.1493,1.1501,1.1488,1.1501,8085.0
1783298220000,1.1501,1.1506,1.15,1.1506,9660.0
1783298280000,1.1506,1.1518,1.1505,1.151,18125.0
1783298340000,1.151,1.1522,1.1501,1.1508,23848.0
1783298400000,1.1507,1.1526,1.1506,1.1525,4683.0
1783298460000,1.1526,1.1531,1.1522,1.1524,7362.0
1783298520000,1.1525,1.1531,1.152,1.152,7357.0
1783298580000,1.152,1.1529,1.152,1.1528,77381.0
1783298640000,1.1529,1.1532,1.1525,1.1529,3775.0
1783298700000,1.1532,1.1555,1.1532,1.155,20667.0
1783298760000,1.1549,1.155,1.1542,1.1543,14324.0
1783298820000,1.1543,1.1543,1.1512,1.1512,79533.0
1783298880000,1.1513,1.1545,1.1511,1.1535,4293.0
1783298940000,1.1535,1.1541,1.1527,1.1534,5548.0
1783299000000,1.1534,1.1545,1.1533,1.1545,4226.0
1783299060000,1.1544,1.1554,1.1544,1.1545,20944.0
1783299120000,1.1545,1.1545,1.1529,1.1539,2260.0
1783299180000,1.1536,1.1541,1.153,1.154,18148.0
1783299240000,1.1539,1.154,1.1531,1.1532,1807.0
1783299300000,1.1531,1.154,1.1531,1.154,1845.0
1783299360000,1.154,1.1547,1.1537,1.1545,3052.0
1783299420000,1.1545,1.1552,1.1545,1.1547,32866.0
1783299480000,1.1546,1.1549,1.1543,1.1549,8288.0
1783299540000,1.1549,1.1561,1.1548,1.1554,72934.0
1783299600000,1.1553,1.1554,1.1546,1.1552,25547.0
1783299660000,1.1552,1.1566,1.1546,1.1565,30130.0
1783299720000,1.1566,1.1576,1.1565,1.1568,36858.0
1783299780000,1.1568,1.1575,1.1567,1.1575,25814.0
1783299840000,1.1576,1.1582,1.1572,1.1576,6860.0
1783299900000,1.1576,1.1576,1.1567,1.1572,14274.0
1783299960000,1.1572,1.1576,1.1565,1.1575,3884.0
1783300020000,1.1575,1.158,1.1566,1.1579,17388.0
1783300080000,1.158,1.1604,1.1578,1.1603,32596.0
1783300140000,1.1603,1.1604,1.1591,1.1601,2361.0
1783300200000,1.1601,1.1602,1.1579,1.1587,78178.0
1783300260000,1.1587,1.1589,1.1577,1.1578,12954.0
1783300320000,1.1578,1.1583,1.1574,1.1583,7131.0
1783300380000,1.1583,1.1587,1.157,1.1587,3821.0
1783300440000,1.1586,1.159,1.1574,1.158,20306.0
1783300500000,1.158,1.158,1.1566,1.1575,1683.0
1783300560000,1.1575,1.1589,1.1569,1.1589,8697.0
1783300620000,1.1588,1.1597,1.1578,1.1578,7312.0
1783300680000,1.1579,1.1589,1.1578,1.1585,2703.0
1783300740000,1.1585,1.1592,1.1582,1.1591,1397.0
1783300800000,1.1591,1.16,1.1591,1.1592,8768.0
1783300860000,1.1592,1.1595,1.1586,1.1593,9345.0
1783300920000,1.1592,1.1593,1.1581,1.1581,3161.0
1783300980000,1.1575,1.1576,1.156,1.1564,1978.0
1783301040000,1.1564,1.1565,1.1545,1.1546,64900.0
1783301100000,1.1546,1.1549,1.1532,1.1538,2919.0
1783301160000,1.1543,1.1546,1.1534,1.1534,151423.0
1783301220000,1.1535,1.1547,1.153,1.1547,10835.0
1783301280000,1.1547,1.1554,1.1541,1.1553,2844.0
1783301340000,1.1553,1.1566,1.1553,1.1559,29519.0
1783301400000,1.1559,1.1561,1.1548,1.156,2965.0
1783301460000,1.156,1.1581,1.156,1.1581,6232.0
1783301520000,1.1584,1.1606,1.158,1.1592,32117.0
1783301580000,1.1592,1.1592,1.1576,1.158,1899.0
1783301640000,1.158,1.1598,1.1579,1.1598,23735.0
1783301700000,1.1598,1.1598,1.159,1.159,4617.0
1783301760000,1.1588,1.1598,1.1587,1.1597,1679.0
1783301820000,1.16,1.1608,1.1598,1.1604,2528.0
1783301880000,1.1603,1.1604,1.1582,1.1582,52836.0
1783301940000,1.1582,1.1584,1.1577,1.1583,4564.0
1783302000000,1.1583,1.1585,1.1577,1.1584,1471.0
1783302060000,1.1585,1.1585,1.1569,1.1574,5950.0
1783302120000,1.1574,1.1575,1.1553,1.1554,22039.0
1783302180000,1.1557,1.1561,1.1553,1.1557,1945.0
1783302240000,1.1557,1.1561,1.1553,1.1554,1464.0
1783302300000,1.1553,1.1554,1.1524,1.1537,150904.0
1783302360000,1.1536,1.1538,1.1527,1.1533,25774.0
1783302420000,1.1533,1.1543,1.1532,1.1541,25688.0
1783302480000,1.1541,1.1542,1.1526,1.1527,17214.0
1783302540000,1.1527,1.1529,1.1521,1.1527,23444.0
1783302600000,1.1527,1.1531,1.1525,1.1528,152209.0
1783302660000,1.1529,1.1535,1.1528,1.1535,11627.0
1783302720000,1.1535,1.1535,1.1522,1.1522,18429.0
1783302780000,1.1523,1.1533,1.1522,1.1529,2777.0
1783302840000,1.1529,1.1533,1.1526,1.1531,2751.0
1783302900000,1.153,1.1531,1.1521,1.1529,10520.0
1783302960000,1.1529,1.1532,1.1524,1.1528,11994.0
1783303020000,1.1527,1.1528,1.1517,1.1522,7532.0
1783303080000,1.1523,1.1523,1.1513,1.152,11178.0
1783303140000,1.152,1.1523,1.1516,1.1519,6973.0
1783303200000,1.1519,1.1524,1.1518,1.1523,12601.0
1783303260000,1.1522,1.1536,1.1522,1.1533,3474.0
1783303320000,1.1533,1.1536,1.1527,1.1535,5920.0
1783303380000,1.1536,1.1538,1.1527,1.1536,6260.0
1783303440000,1.1536,1.1542,1.1522,1.1526,128441.0
1783303500000,1.1526,1.1527,1.1507,1.1507,25124.0
1783303560000,1.1507,1.1508,1.1493,1.1498,33541.0
1783303620000,1.1498,1.1501,1.1484,1.1485,11661.0
1783303680000,1.1484,1.1484,1.1464,1.1476,107016.0
1783303740000,1.1476,1.1486,1.1472,1.1482,8557.0
1783303800000,1.1482,1.1487,1.1478,1.1486,2085.0
1783303860000,1.1487,1.1488,1.1474,1.1488,2700.0
1783303920000,1.1488,1.1489,1.1477,1.1478,53246.0
1783303980000,1.1478,1.1487,1.1477,1.1483,52424.0
1783304040000,1.1483,1.1487,1.1477,1.1482,101726.0
1783304100000,1.1479,1.1486,1.1476,1.1486,1882.0
1783304160000,1.1486,1.1491,1.1481,1.149,1764.0
1783304220000,1.149,1.1491,1.1481,1.1488,13115.0
1783304280000,1.1487,1.1499,1.1487,1.1499,1480.0
1783304340000,1.1498,1.1501,1.1486,1.1497,10548.0
1783304400000,1.1499,1.1511,1.1494,1.1511,1712.0
1783304460000,1.1508,1.1512,1.1507,1.1509,2568.0
1783304520000,1.1512,1.1537,1.1511,1.1533,23680.0
1783304580000,1.1532,1.1536,1.1524,1.1524,19993.0
1783304640000,1.1524,1.1525,1.1521,1.1521,3084.0
1783304700000,1.1521,1.1522,1.1515,1.1515,1922.0
1783304760000,1.1515,1.152,1.1514,1.1517,1512.0
1783304820000,1.1517,1.1523,1.1509,1.1509,2030.0
1783304880000,1.151,1.151,1.1502,1.1503,1552.0
1783304940000,1.1503,1.1503,1.1478,1.1484,14919.0
1783305000000,1.1483,1.1486,1.1476,1.1485,5818.0
1783305060000,1.1486,1.1498,1.1479,1.1492,5123.0
1783305120000,1.1492,1.1503,1.149,1.1493,6252.0
1783305180000,1.1493,1.1493,1.1475,1.1475,58139.0
1783305240000,1.1473,1.1483,1.1473,1.1482,8311.0
1783305300000,1.1483,1.1486,1.1481,1.1482,2077.0
1783305360000,1.1481,1.1489,1.1475,1.1485,1892.0
1783305420000,1.1484,1.1491,1.1483,1.149,2580.0
1783305480000,1.1489,1.1494,1.1486,1.1493,3288.0
1783305540000,1.1493,1.1498,1.1482,1.1482,2695.0
1783305600000,1.1483,1.1483,1.1467,1.1472,9317.0
1783305660000,1.1472,1.1475,1.1463,1.1475,2189.0
1783305720000,1.1475,1.148,1.1472,1.1477,8316.0
1783305780000,1.1477,1.1478,1.1468,1.1474,18106.0
1783305840000,1.1474,1.1476,1.1461,1.1465,13000.0
1783305900000,1.1464,1.1477,1.1464,1.1477,7234.0
1783305960000,1.1476,1.1482,1.1476,1.1481,1561.0
1783306020000,1.1482,1.1484,1.1471,1.1472,1575.0
1783306080000,1.1472,1.1472,1.1466,1.1469,2009.0
1783306140000,1.1469,1.1472,1.1468,1.1472,1877.0
1783306200000,1.1472,1.1472,1.1465,1.1469,1522.0
1783306260000,1.1468,1.147,1.1457,1.147,29474.0
1783306320000,1.147,1.1474,1.1466,1.1467,4247.0
1783306380000,1.1467,1.1475,1.1466,1.1473,1393.0
1783306440000,1.1473,1.1484,1.1472,1.148,22390.0
1783306500000,1.148,1.1484,1.1476,1.1479,2189.0
1783306560000,1.1479,1.1482,1.1465,1.1466,5998.0
1783306620000,1.1466,1.1478,1.1465,1.1478,2361.0
1783306680000,1.1477,1.1478,1.1474,1.1478,1896.0
1783306740000,1.1478,1.149,1.1477,1.1482,8714.0
1783306800000,1.1483,1.1487,1.1478,1.1484,12945.0
1783306860000,1.1485,1.149,1.1484,1.149,2373.0
1783306920000,1.1489,1.149,1.1478,1.1479,6611.0
1783306980000,1.1478,1.1491,1.1478,1.1488,8504.0
1783307040000,1.1487,1.1493,1.1486,1.1493,174323.0
1783307100000,1.1492,1.1493,1.1486,1.1487,30502.0
1783307160000,1.1487,1.1487,1.1478,1.1484,1563.0
1783307220000,1.1483,1.1487,1.1479,1.1486,1710.0
1783307280000,1.1486,1.1487,1.1477,1.1482,3819.0
1783307340000,1.1481,1.1485,1.1481,1.1485,2014.0
1783307400000,1.1485,1.1496,1.1484,1.1496,2138.0
1783307460000,1.1496,1.1501,1.1493,1.1494,1728.0
1783307520000,1.1494,1.1498,1.1484,1.1485,4407.0
1783307580000,1.1485,1.1485,1.1476,1.1476,1612.0
1783307640000,1.1477,1.1482,1.1473,1.1481,4315.0
1783307700000,1.148,1.1481,1.1465,1.147,9549.0
1783307760000,1.147,1.148,1.147,1.148,11294.0
1783307820000,1.148,1.1482,1.1476,1.1479,2453.0
1783307880000,1.1479,1.1479,1.1476,1.1477,2467.0
1783307940000,1.1476,1.1481,1.1475,1.1476,1800.0
1783308000000,1.1476,1.1476,1.147,1.147,7267.0
1783308060000,1.1474,1.1474,1.1468,1.147,4506.0
1783308120000,1.1469,1.147,1.1427,1.1433,474035.0
1783308180000,1.1432,1.1433,1.1423,1.1424,8929.0
1783308240000,1.1423,1.1431,1.141,1.1428,79060.0
1783308300000,1.1428,1.1438,1.1428,1.1436,32842.0
1783308360000,1.1436,1.1437,1.1426,1.1435,68919.0
1783308420000,1.1434,1.1447,1.1434,1.1439,16285.0
1783308480000,1.144,1.1441,1.1436,1.1439,32799.0
1783308540000,1.1439,1.1439,1.1428,1.1437,4807.0
1783308600000,1.1437,1.1439,1.1422,1.1424,35739.0
1783308660000,1.1424,1.1428,1.1414,1.1415,54625.0
1783308720000,1.1415,1.1424,1.1411,1.1424,12954.0
1783308780000,1.1424,1.1429,1.1422,1.1426,1942.0
1783308840000,1.1426,1.1431,1.1425,1.1431,8135.0
1783308900000,1.143,1.1443,1.143,1.1443,2687.0
1783308960000,1.1439,1.1446,1.1439,1.1445,4311.0
1783309020000,1.1445,1.1459,1.1444,1.1456,67340.0
1783309080000,1.1459,1.1461,1.1453,1.1455,52435.0
1783309140000,1.1454,1.1457,1.1445,1.1446,1982.0
1783309200000,1.1446,1.1453,1.1443,1.1444,1529.0
1783309260000,1.1444,1.1444,1.1443,1.1443,2836.0
1783309320000,1.1444,1.1444,1.144,1.1441,7717.0
1783309380000,1.1441,1.1442,1.1434,1.1434,6150.0
1783309440000,1.1435,1.1438,1.1434,1.1435,14252.0
1783309500000,1.1435,1.1444,1.1433,1.1442,7705.0
1783309560000,1.1442,1.1443,1.1439,1.1439,18851.0
1783309620000,1.144,1.1441,1.1433,1.1439,1559.0
1783309680000,1.1439,1.1443,1.1435,1.1443,1763.0
1783309740000,1.1443,1.1443,1.1442,1.1442,1806.0
1783309800000,1.1443,1.1448,1.1436,1.1444,1998.0
1783309860000,1.1444,1.1447,1.144,1.1447,71270.0
1783309920000,1.1447,1.1447,1.144,1.1442,70852.0
1783309980000,1.1442,1.1457,1.1441,1.1452,3368.0
1783310040000,1.1451,1.1457,1.1448,1.1451,2592.0
1783310100000,1.1451,1.1453,1.1448,1.1448,1491.0
1783310160000,1.1448,1.1455,1.1448,1.1455,5089.0
1783310220000,1.1454,1.1457,1.1454,1.1456,11410.0
1783310280000,1.1456,1.1467,1.1456,1.1464,4432.0
1783310340000,1.1464,1.1468,1.146,1.1467,3296.0
1783310400000,1.1468,1.1468,1.1458,1.1462,2032.0
1783310460000,1.1462,1.1469,1.1462,1.1465,1659.0
1783310520000,1.1461,1.1462,1.1452,1.1452,15245.0
1783310580000,1.1452,1.1457,1.1448,1.1456,2128.0
1783310640000,1.1456,1.1466,1.1456,1.1465,2551.0
1783310700000,1.1466,1.1466,1.1455,1.1456,2627.0
1783310760000,1.1456,1.1456,1.1448,1.1452,1493.0
1783310820000,1.1452,1.1452,1.1448,1.1448,1501.0
1783310880000,1.1449,1.1451,1.1448,1.145,1484.0
1783310940000,1.1451,1.1451,1.144,1.1441,42980.0
1783311000000,1.1441,1.1461,1.144,1.146,2786.0
1783311060000,1.146,1.1469,1.146,1.1469,1897.0
1783311120000,1.1469,1.1469,1.1462,1.1463,14852.0
1783311180000,1.1462,1.1467,1.1462,1.1465,15787.0
1783311240000,1.1466,1.1477,1.1465,1.1475,23805.0
1783311300000,1.1477,1.1477,1.1469,1.1471,1773.0
1783311360000,1.1472,1.1475,1.1469,1.1475,5086.0
1783311420000,1.1474,1.1475,1.1467,1.1467,2049.0
1783311480000,1.1468,1.1471,1.1467,1.147,1513.0
1783311540000,1.147,1.1474,1.147,1.1474,2465.0
1783311600000,1.1474,1.148,1.1473,1.148,64597.0
1783311660000,1.1479,1.148,1.1476,1.1477,23294.0
1783311720000,1.1476,1.1477,1.1474,1.1474,1593.0
1783311780000,1.1475,1.1475,1.1468,1.1469,13977.0
1783311840000,1.1469,1.1471,1.1462,1.1462,2913.0
1783311900000,1.1462,1.1463,1.1448,1.1448,46545.0
1783311960000,1.1448,1.1452,1.1448,1.1452,4312.0
1783312020000,1.1452,1.1452,1.1448,1.1449,1757.0
1783312080000,1.1448,1.1449,1.1446,1.1446,3470.0
1783312140000,1.1446,1.1449,1.1442,1.1447,5548.0
1783312200000,1.1446,1.1452,1.1442,1.1452,6062.0
1783312260000,1.1452,1.1456,1.1446,1.1447,3743.0
1783312320000,1.1446,1.1448,1.1441,1.1448,1494.0
1783312380000,1.1447,1.1454,1.1442,1.145,2137.0
1783312440000,1.145,1.1454,1.1443,1.1443,3971.0
1783312500000,1.1444,1.145,1.1441,1.1449,3972.0
1783312560000,1.1449,1.145,1.1446,1.1446,7633.0
1783312620000,1.1446,1.1456,1.1446,1.1456,3475.0
1783312680000,1.1457,1.146,1.1457,1.146,3380.0
1783312740000,1.146,1.1464,1.146,1.1464,15024.0
1783312800000,1.1463,1.1471,1.1463,1.147,3156.0
1783312860000,1.1469,1.1481,1.1469,1.1481,11794.0
1783312920000,1.148,1.1481,1.1474,1.1478,3049.0
1783312980000,1.1478,1.1478,1.147,1.1474,4071.0
1783313040000,1.1473,1.1477,1.1472,1.1473,1496.0
1783313100000,1.1472,1.1473,1.1469,1.147,1865.0
1783313160000,1.147,1.147,1.1469,1.147,1537.0
1783313220000,1.147,1.1473,1.1464,1.1464,4318.0
1783313280000,1.1465,1.147,1.1464,1.147,2809.0
1783313340000,1.1469,1.1478,1.1469,1.1473,3047.0
1783313400000,1.1473,1.1474,1.1466,1.1473,2140.0
1783313460000,1.1473,1.1481,1.1473,1.1478,34061.0
1783313520000,1.1478,1.1482,1.1477,1.1477,6363.0
1783313580000,1.1477,1.1478,1.1475,1.1478,1845.0
1783313640000,1.1477,1.1478,1.1475,1.1475,1870.0
1783313700000,1.1476,1.1476,1.1472,1.1472,1465.0
1783313760000,1.1473,1.1473,1.1472,1.1473,1838.0
1783313820000,1.1472,1.1473,1.1466,1.1466,2111.0
1783313880000,1.1466,1.1467,1.1453,1.1454,32989.0
1783313940000,1.1454,1.1454,1.1448,1.1452,62335.0
1783314000000,1.1453,1.1458,1.1447,1.1451,3376.0
1783314060000,1.1452,1.1452,1.1443,1.1447,48663.0
1783314120000,1.1447,1.145,1.1446,1.145,2261.0
1783314180000,1.1449,1.145,1.144,1.1445,9067.0
1783314240000,1.1446,1.1446,1.1435,1.1436,13386.0
1783314300000,1.1435,1.1437,1.1431,1.1436,22992.0
1783314360000,1.1436,1.144,1.1432,1.1439,4349.0
1783314420000,1.1439,1.144,1.143,1.143,16579.0
1783314480000,1.1431,1.1431,1.1418,1.1426,4938.0
1783314540000,1.1426,1.1426,1.1417,1.142,1924.0
1783314600000,1.142,1.1431,1.142,1.1431,5158.0
1783314660000,1.1431,1.1431,1.143,1.143,3730.0
1783314720000,1.143,1.143,1.1425,1.1426,10295.0
1783314780000,1.1426,1.1426,1.1418,1.1419,3910.0
1783314840000,1.1419,1.1424,1.1418,1.1424,3095.0
1783314900000,1.1423,1.1424,1.1407,1.1416,40462.0
1783314960000,1.1415,1.1424,1.1415,1.1423,2427.0
1783315020000,1.1423,1.1436,1.1423,1.1433,8645.0
1783315080000,1.1434,1.1434,1.1428,1.143,1607.0
1783315140000,1.1429,1.1435,1.1427,1.1431,2650.0
1783315200000,1.1432,1.1439,1.1431,1.1439,1750.0
1783315260000,1.1438,1.1438,1.1425,1.1426,2271.0
1783315320000,1.1425,1.1427,1.1422,1.1427,3158.0
1783315380000,1.1426,1.1427,1.142,1.1425,1900.0
1783315440000,1.1426,1.1426,1.1417,1.1425,1911.0
1783315500000,1.1425,1.1426,1.1418,1.1424,1471.0
1783315560000,1.1424,1.1424,1.1416,1.1417,3703.0
1783315620000,1.1416,1.142,1.141,1.1411,32549.0
1783315680000,1.141,1.1414,1.1382,1.139,155155.0
1783315740000,1.1389,1.1389,1.1366,1.1377,401449.0
1783315800000,1.1375,1.1379,1.1363,1.137,18488.0
1783315860000,1.1369,1.1371,1.1363,1.1364,14576.0
1783315920000,1.1363,1.1382,1.136,1.1379,135973.0
1783315980000,1.1379,1.1379,1.1372,1.1376,55750.0
1783316040000,1.1375,1.1379,1.137,1.1371,27173.0
1783316100000,1.137,1.1386,1.137,1.1383,112403.0
1783316160000,1.1382,1.1397,1.1382,1.1397,104366.0
1783316220000,1.1397,1.1406,1.1391,1.1406,6131.0
1783316280000,1.1405,1.1406,1.1394,1.1395,13263.0
1783316340000,1.1394,1.1395,1.1391,1.1391,8549.0
1783316400000,1.1391,1.1407,1.1391,1.1403,28942.0
1783316460000,1.1404,1.1404,1.1397,1.1398,18689.0
1783316520000,1.1398,1.1402,1.1397,1.1397,1594.0
1783316580000,1.1397,1.141,1.1397,1.1407,2114.0
1783316640000,1.1406,1.1413,1.1399,1.14,3396.0
1783316700000,1.14,1.1408,1.1399,1.1405,24223.0
1783316760000,1.1405,1.1406,1.1399,1.1406,1971.0
1783316820000,1.1406,1.1406,1.14,1.1403,1606.0
1783316880000,1.1403,1.1403,1.1402,1.1402,26730.0
1783316940000,1.1403,1.1409,1.1403,1.1408,11394.0
1783317000000,1.1408,1.141,1.1404,1.141,21328.0
1783317060000,1.141,1.141,1.1404,1.1408,12177.0
1783317120000,1.1407,1.141,1.1407,1.1409,13532.0
1783317180000,1.141,1.142,1.1409,1.1419,2065.0
1783317240000,1.142,1.1429,1.1419,1.142,42628.0
1783317300000,1.142,1.142,1.1415,1.1418,1719.0
1783317360000,1.1418,1.1418,1.1411,1.1411,2352.0
1783317420000,1.1412,1.1415,1.141,1.1411,1889.0
1783317480000,1.1411,1.1411,1.1406,1.1406,1633.0
1783317540000,1.1407,1.1407,1.1403,1.1403,1449.0
1783317600000,1.1404,1.1407,1.1403,1.1404,1549.0
1783317660000,1.1404,1.1407,1.1391,1.1395,1812.0
1783317720000,1.1394,1.1395,1.1389,1.1393,58285.0
1783317780000,1.1393,1.1404,1.1392,1.1403,23159.0
1783317840000,1.1403,1.1404,1.1395,1.1395,1933.0
1783317900000,1.1396,1.1396,1.1387,1.1388,14991.0
1783317960000,1.1388,1.1388,1.1377,1.1384,82459.0
1783318020000,1.1384,1.1388,1.1383,1.1388,3262.0
1783318080000,1.1387,1.1391,1.1383,1.1384,1624.0
1783318140000,1.1383,1.139,1.138,1.139,6292.0
1783318200000,1.1391,1.1393,1.1387,1.1388,1838.0
1783318260000,1.1388,1.1388,1.1387,1.1387,1478.0
1783318320000,1.1388,1.139,1.1381,1.139,1791.0
1783318380000,1.1389,1.139,1.1386,1.1386,1488.0
1783318440000,1.1386,1.1391,1.1386,1.1389,4494.0
1783318500000,1.1388,1.1396,1.1388,1.1392,2292.0
1783318560000,1.1392,1.1395,1.1385,1.1386,2651.0
1783318620000,1.1386,1.1386,1.1382,1.1385,1691.0
1783318680000,1.1385,1.1386,1.1378,1.1381,2106.0
1783318740000,1.1382,1.1382,1.1376,1.1378,1743.0
1783318800000,1.1378,1.1378,1.1369,1.1374,33878.0
1783318860000,1.1374,1.1377,1.137,1.1376,41482.0
1783318920000,1.1376,1.1387,1.1376,1.1383,3219.0
1783318980000,1.1382,1.1388,1.1382,1.1387,1700.0
1783319040000,1.1388,1.139,1.1381,1.1381,1640.0
1783319100000,1.1381,1.1384,1.1381,1.1383,2702.0
1783319160000,1.1383,1.1384,1.1378,1.1381,1847.0
1783319220000,1.1381,1.1385,1.1377,1.1384,11321.0
1783319280000,1.1385,1.1385,1.1374,1.1378,3504.0
1783319340000,1.1377,1.138,1.1377,1.1379,3156.0
1783319400000,1.1379,1.138,1.1374,1.1374,2162.0
1783319460000,1.1376,1.1376,1.1371,1.1372,1501.0
1783319520000,1.1371,1.1375,1.1371,1.1374,1816.0
1783319580000,1.1374,1.138,1.1367,1.1372,12423.0
1783319640000,1.1371,1.1372,1.1363,1.1363,11733.0
1783319700000,1.1364,1.1369,1.1363,1.1368,26171.0
1783319760000,1.1368,1.1369,1.1368,1.1368,3250.0
1783319820000,1.1368,1.1374,1.1367,1.1373,68771.0
1783319880000,1.1373,1.1378,1.1373,1.1378,11219.0
1783319940000,1.1376,1.1378,1.1373,1.1373,2305.0
1783320000000,1.1374,1.1377,1.1373,1.1376,3214.0
1783320060000,1.1377,1.1382,1.1376,1.1382,3655.0
1783320120000,1.1382,1.1382,1.1378,1.138,5831.0
1783320180000,1.138,1.1383,1.138,1.1382,3724.0
1783320240000,1.1382,1.1388,1.1382,1.1385,1814.0
1783320300000,1.1385,1.1388,1.1381,1.1382,5102.0
1783320360000,1.1381,1.1384,1.1381,1.1384,1660.0
1783320420000,1.1384,1.1384,1.1376,1.1376,1773.0
1783320480000,1.1376,1.138,1.1376,1.138,25276.0
1783320540000,1.138,1.138,1.1372,1.1375,8078.0
1783320600000,1.1376,1.1376,1.1369,1.137,1673.0
1783320660000,1.137,1.1375,1.1369,1.1374,1959.0
1783320720000,1.1373,1.1376,1.137,1.1375,1837.0
1783320780000,1.1376,1.1376,1.1369,1.1369,1513.0
1783320840000,1.137,1.137,1.1361,1.1362,25188.0
1783320900000,1.1362,1.1368,1.1362,1.1368,49978.0
1783320960000,1.137,1.137,1.1367,1.1368,1420.0
1783321020000,1.1367,1.1368,1.1364,1.1367,51544.0
1783321080000,1.1367,1.1379,1.1367,1.1376,10539.0
1783321140000,1.1375,1.1376,1.1375,1.1375,1747.0
1783321200000,1.1376,1.1376,1.1372,1.1373,1704.0
1783321260000,1.1373,1.1376,1.1361,1.1361,52139.0
1783321320000,1.1362,1.1367,1.1358,1.1366,9689.0
1783321380000,1.1367,1.137,1.1365,1.1366,4944.0
1783321440000,1.1366,1.1366,1.1362,1.1362,2898.0
1783321500000,1.1362,1.1379,1.1362,1.1374,2675.0
1783321560000,1.1374,1.1377,1.1371,1.1371,29319.0
1783321620000,1.1371,1.1373,1.1365,1.137,25209.0
1783321680000,1.137,1.138,1.1369,1.138,1775.0
1783321740000,1.1379,1.1388,1.1378,1.1382,3807.0
1783321800000,1.1379,1.1379,1.1373,1.1378,4304.0
1783321860000,1.1378,1.1379,1.1372,1.1373,1506.0
1783321920000,1.1373,1.1379,1.1372,1.1379,1576.0
1783321980000,1.1378,1.1379,1.1372,1.1373,1799.0
1783322040000,1.1373,1.1375,1.1366,1.1374,3242.0
1783322100000,1.1375,1.1382,1.1374,1.1377,12685.0
1783322160000,1.1378,1.1379,1.1375,1.1378,2865.0
1783322220000,1.1379,1.1383,1.1378,1.1383,29909.0
1783322280000,1.1383,1.1385,1.1381,1.1384,4523.0
1783322340000,1.1385,1.1388,1.1383,1.1387,2027.0
1783322400000,1.1388,1.1402,1.1388,1.1388,8728.0
1783322460000,1.1389,1.1399,1.1385,1.1399,6113.0
1783322520000,1.1398,1.1404,1.1398,1.1398,1842.0
1783322580000,1.1399,1.1402,1.1398,1.1401,11691.0
1783322640000,1.1401,1.1405,1.1401,1.1402,4459.0
1783322700000,1.1403,1.1406,1.1402,1.1404,5494.0
1783322760000,1.1406,1.1413,1.1404,1.1413,19748.0
1783322820000,1.1412,1.1413,1.1412,1.1413,1684.0
1783322880000,1.1412,1.1413,1.1406,1.1407,2104.0
1783322940000,1.1406,1.1407,1.1404,1.1404,13217.0
1783323000000,1.1404,1.1405,1.1394,1.1395,2365.0
1783323060000,1.1394,1.1401,1.139,1.1401,1914.0
1783323120000,1.14,1.1408,1.14,1.1408,2986.0
1783323180000,1.1408,1.1418,1.1407,1.1418,16398.0
1783323240000,1.1417,1.1426,1.1417,1.142,11281.0
1783323300000,1.142,1.1424,1.142,1.1423,2704.0
1783323360000,1.1423,1.1438,1.1423,1.1433,48509.0
1783323420000,1.1434,1.145,1.1428,1.1445,41483.0
1783323480000,1.1446,1.1446,1.1435,1.1441,6835.0
1783323540000,1.1441,1.1442,1.1441,1.1442,3071.0
1783323600000,1.1441,1.1444,1.1441,1.1442,27904.0
1783323660000,1.1442,1.1447,1.144,1.1441,6517.0
1783323720000,1.1441,1.1441,1.1438,1.1439,8575.0
1783323780000,1.1438,1.1449,1.1438,1.1444,136586.0
1783323840000,1.1443,1.1452,1.1443,1.1452,3772.0
1783323900000,1.1452,1.1458,1.1451,1.1452,9879.0
1783323960000,1.1451,1.1458,1.1451,1.1458,38051.0
1783324020000,1.1458,1.1464,1.1457,1.1463,13461.0
1783324080000,1.1463,1.1464,1.1457,1.1457,5377.0
1783324140000,1.1458,1.1458,1.1457,1.1457,1947.0
1783324200000,1.1457,1.1458,1.1454,1.1454,3349.0
1783324260000,1.1454,1.1455,1.1451,1.1452,4963.0
1783324320000,1.1452,1.1452,1.1444,1.1444,13819.0
1783324380000,1.1444,1.1448,1.1444,1.1448,2716.0
1783324440000,1.1448,1.1448,1.1444,1.1444,1442.0
1783324500000,1.1444,1.1448,1.1442,1.1447,4418.0
1783324560000,1.1448,1.1452,1.1447,1.1451,1473.0
1783324620000,1.1451,1.1459,1.1451,1.1459,1954.0
1783324680000,1.1458,1.1462,1.1458,1.1461,4366.0
1783324740000,1.1461,1.1462,1.1455,1.1456,2896.0
1783324800000,1.1456,1.1467,1.1455,1.1466,22532.0
1783324860000,1.1467,1.1479,1.1466,1.1478,19456.0
1783324920000,1.1479,1.1479,1.1465,1.147,5026.0
1783324980000,1.1471,1.1478,1.1462,1.1478,11826.0
1783325040000,1.1477,1.1484,1.1477,1.1481,41320.0
1783325100000,1.1481,1.151,1.148,1.1507,63069.0
1783325160000,1.1506,1.1508,1.1492,1.1492,70005.0
1783325220000,1.1492,1.1493,1.1486,1.149,7455.0
1783325280000,1.1491,1.1491,1.1482,1.1484,5903.0
1783325340000,1.1484,1.1487,1.1477,1.1477,13282.0
1783325400000,1.1477,1.1478,1.1471,1.1473,2919.0
1783325460000,1.1474,1.1474,1.1466,1.1467,7525.0
1783325520000,1.1468,1.1468,1.1458,1.1464,39429.0
1783325580000,1.1465,1.1465,1.1453,1.1463,5103.0
1783325640000,1.1463,1.1465,1.1462,1.1465,2251.0
1783325700000,1.1465,1.1469,1.1461,1.1461,6919.0
1783325760000,1.1462,1.1462,1.1435,1.1442,8950.0
1783325820000,1.1443,1.146,1.1442,1.1453,39445.0
1783325880000,1.1454,1.1454,1.1445,1.1445,2804.0
1783325940000,1.1446,1.145,1.1442,1.1449,2254.0
1783326000000,1.1449,1.1459,1.1449,1.1459,4959.0
1783326060000,1.1458,1.1462,1.1458,1.1461,33403.0
1783326120000,1.146,1.1461,1.1446,1.145,17166.0
1783326180000,1.145,1.1452,1.1449,1.1449,4568.0
1783326240000,1.145,1.1457,1.1449,1.1454,1997.0
1783326300000,1.1454,1.1454,1.1453,1.1453,2338.0
1783326360000,1.1454,1.1456,1.1447,1.1453,6918.0
1783326420000,1.1453,1.1454,1.1449,1.145,1722.0
1783326480000,1.145,1.1456,1.1449,1.1455,8969.0
1783326540000,1.1455,1.1455,1.1454,1.1455,1744.0
1783326600000,1.1455,1.1455,1.1441,1.1442,2715.0
1783326660000,1.1441,1.1442,1.1436,1.1436,2208.0
1783326720000,1.1436,1.1437,1.1423,1.1423,33388.0
1783326780000,1.1423,1.1431,1.1423,1.1428,9534.0
1783326840000,1.1428,1.1429,1.1413,1.1416,108612.0
1783326900000,1.1416,1.1416,1.1412,1.1415,1687.0
1783326960000,1.1416,1.1416,1.1393,1.1396,66942.0
1783327020000,1.1396,1.1405,1.1396,1.14,154040.0
1783327080000,1.1401,1.1405,1.14,1.1405,12735.0
1783327140000,1.1404,1.1405,1.1399,1.1404,50977.0
1783327200000,1.1403,1.1409,1.1403,1.1409,36205.0
1783327260000,1.1409,1.1419,1.1408,1.1418,14413.0
1783327320000,1.1418,1.1418,1.1413,1.1413,6946.0
1783327380000,1.1413,1.1414,1.1413,1.1413,2570.0
1783327440000,1.1414,1.1414,1.1413,1.1414,8707.0
1783327500000,1.1413,1.1417,1.1405,1.1406,26173.0
1783327560000,1.1406,1.141,1.1401,1.1409,8686.0
1783327620000,1.1409,1.1412,1.1409,1.1411,2091.0
1783327680000,1.1412,1.1412,1.1411,1.1412,2526.0
1783327740000,1.1412,1.1412,1.1402,1.1405,5659.0
1783327800000,1.1405,1.1408,1.1404,1.1405,1606.0
1783327860000,1.1405,1.1408,1.1405,1.1406,20709.0
1783327920000,1.1406,1.1409,1.1405,1.1408,1594.0
1783327980000,1.1408,1.1409,1.1406,1.1408,17967.0
1783328040000,1.1409,1.1409,1.1408,1.1408,1616.0
1783328100000,1.1409,1.1415,1.1408,1.1415,21900.0
1783328160000,1.1415,1.1415,1.1414,1.1415,2445.0
1783328220000,1.1415,1.1415,1.1411,1.1411,11170.0
1783328280000,1.1412,1.1417,1.1411,1.1416,2408.0
1783328340000,1.1417,1.142,1.1416,1.1419,3457.0
1783328400000,1.142,1.142,1.1414,1.1418,4689.0
1783328460000,1.1417,1.142,1.1412,1.1416,3702.0
1783328520000,1.1415,1.1419,1.1415,1.1415,5466.0
1783328580000,1.1415,1.1419,1.1415,1.1418,1796.0
1783328640000,1.1418,1.1419,1.141,1.1411,1325.0
1783328700000,1.141,1.1414,1.1407,1.1414,2454.0
1783328760000,1.1414,1.1414,1.1413,1.1413,1787.0
1783328820000,1.1413,1.1414,1.1409,1.1413,5485.0
1783328880000,1.1413,1.1416,1.1408,1.1409,4112.0
1783328940000,1.141,1.141,1.1405,1.1406,6102.0
1783329000000,1.1405,1.1407,1.1398,1.1399,151817.0
1783329060000,1.1399,1.14,1.1396,1.1399,28561.0
1783329120000,1.14,1.14,1.1399,1.14,22400.0
1783329180000,1.1399,1.1406,1.1399,1.1405,2826.0
1783329240000,1.1405,1.1406,1.1399,1.1399,1754.0
1783329300000,1.1399,1.14,1.1396,1.1396,3498.0
1783329360000,1.1396,1.1397,1.1396,1.1397,3225.0
1783329420000,1.1397,1.14,1.1396,1.1396,2298.0
1783329480000,1.1396,1.1399,1.1395,1.1399,4436.0
1783329540000,1.1398,1.1399,1.1393,1.1394,5245.0
1783329600000,1.1394,1.1394,1.139,1.1391,26680.0
1783329660000,1.1391,1.1396,1.1378,1.1379,34898.0
1783329720000,1.1379,1.1379,1.1378,1.1378,8366.0
1783329780000,1.1378,1.1388,1.1373,1.1388,88772.0
1783329840000,1.1388,1.139,1.1387,1.139,7817.0
1783329900000,1.139,1.139,1.1381,1.1381,6588.0
1783329960000,1.1382,1.1382,1.1372,1.1373,11202.0
1783330020000,1.1373,1.1379,1.1369,1.1378,34292.0
1783330080000,1.1378,1.1379,1.1378,1.1379,4836.0
1783330140000,1.1379,1.1385,1.1378,1.1385,1821.0
1783330200000,1.1385,1.1385,1.1378,1.1378,5141.0
1783330260000,1.1379,1.1379,1.136,1.1371,83711.0
1783330320000,1.137,1.1371,1.135,1.1354,548980.0
1783330380000,1.1354,1.1361,1.1352,1.1355,24810.0
1783330440000,1.1355,1.1356,1.1355,1.1355,14308.0
1783330500000,1.1355,1.1359,1.1355,1.1356,3413.0
1783330560000,1.1355,1.1356,1.1355,1.1355,3806.0
1783330620000,1.1356,1.1356,1.1342,1.1347,72497.0
1783330680000,1.1347,1.1347,1.1346,1.1346,7251.0
1783330740000,1.1347,1.1351,1.1346,1.1346,176805.0
1783330800000,1.1346,1.1354,1.1346,1.1353,19862.0
1783330860000,1.1354,1.1362,1.1353,1.1362,1658.0
1783330920000,1.1361,1.1363,1.1354,1.1355,63002.0
1783330980000,1.1355,1.1357,1.1353,1.1356,10105.0
1783331040000,1.1357,1.1357,1.135,1.135,22397.0
1783331100000,1.1351,1.1351,1.1338,1.1343,88511.0
1783331160000,1.1342,1.1345,1.1336,1.1343,11825.0
1783331220000,1.1342,1.1352,1.1342,1.1351,2169.0
1783331280000,1.1352,1.1353,1.1341,1.1342,22838.0
1783331340000,1.1341,1.1345,1.1333,1.1337,22846.0
1783331400000,1.1337,1.1347,1.1336,1.1346,2313.0
1783331460000,1.1347,1.1351,1.1346,1.1351,21924.0
1783331520000,1.1351,1.1351,1.135,1.1351,2272.0
1783331580000,1.1351,1.1356,1.135,1.1356,1673.0
1783331640000,1.1356,1.1359,1.1355,1.1358,2792.0
1783331700000,1.1358,1.136,1.1353,1.1354,8305.0
1783331760000,1.1353,1.1359,1.1353,1.1358,6353.0
1783331820000,1.1359,1.1359,1.1353,1.1356,3501.0
1783331880000,1.1356,1.1359,1.1356,1.1359,13198.0
1783331940000,1.1359,1.1359,1.1352,1.1356,2428.0
1783332000000,1.1355,1.1366,1.1355,1.136,21528.0
1783332060000,1.1361,1.1373,1.136,1.137,3812.0
1783332120000,1.137,1.137,1.1365,1.1366,13418.0
1783332180000,1.1366,1.1374,1.1365,1.137,10558.0
1783332240000,1.1371,1.1384,1.137,1.1379,67837.0
1783332300000,1.138,1.1382,1.1373,1.1381,8020.0
1783332360000,1.1381,1.1392,1.1379,1.1392,12899.0
1783332420000,1.1392,1.1392,1.1386,1.1388,8307.0
1783332480000,1.1388,1.1388,1.1384,1.1386,6125.0
1783332540000,1.1385,1.1395,1.1385,1.1393,246019.0
1783332600000,1.1392,1.1396,1.1391,1.1395,85528.0
1783332660000,1.1394,1.1395,1.139,1.1391,12588.0
1783332720000,1.1391,1.1398,1.1391,1.1397,212215.0
1783332780000,1.1397,1.14,1.1396,1.14,36331.0
1783332840000,1.1399,1.1404,1.1399,1.14,11237.0
1783332900000,1.1401,1.1404,1.14,1.1404,4288.0
1783332960000,1.1404,1.1408,1.14,1.14,80682.0
1783333020000,1.1401,1.1404,1.1398,1.1398,10435.0
1783333080000,1.1398,1.1402,1.1396,1.1401,6405.0
1783333140000,1.1401,1.1405,1.1398,1.1399,5363.0
1783333200000,1.1399,1.1402,1.1395,1.1401,24775.0
1783333260000,1.1401,1.1407,1.1401,1.1406,5597.0
1783333320000,1.1407,1.1428,1.1406,1.1424,25488.0
1783333380000,1.1427,1.1428,1.1424,1.1425,28579.0
1783333440000,1.1426,1.1426,1.1422,1.1426,23488.0
1783333500000,1.1426,1.1426,1.1424,1.1424,24515.0
1783333560000,1.1424,1.1425,1.1421,1.1421,3573.0
1783333620000,1.1422,1.1425,1.1421,1.1421,3305.0
1783333680000,1.1421,1.1422,1.1416,1.142,27371.0
1783333740000,1.1419,1.142,1.1417,1.1417,1786.0
1783333800000,1.1418,1.1418,1.1411,1.1416,14583.0
1783333860000,1.1417,1.1417,1.1416,1.1417,3955.0
1783333920000,1.1417,1.1422,1.1416,1.1422,2094.0
1783333980000,1.1421,1.1428,1.1421,1.1427,1724.0
1783334040000,1.1427,1.143,1.1424,1.1425,4623.0
1783334100000,1.1425,1.1425,1.1421,1.1421,1597.0
1783334160000,1.1422,1.1428,1.1421,1.1427,15581.0
1783334220000,1.1428,1.1431,1.1426,1.1431,6500.0
1783334280000,1.1431,1.1431,1.1429,1.1429,5858.0
1783334340000,1.1429,1.1442,1.1429,1.1442,11681.0
1783334400000,1.1441,1.1442,1.1425,1.1428,7321.0
1783334460000,1.1427,1.1432,1.1422,1.1422,2414.0
1783334520000,1.1423,1.1423,1.1413,1.1421,22127.0
1783334580000,1.142,1.1423,1.1419,1.142,4820.0
1783334640000,1.142,1.1424,1.1419,1.1424,1709.0
1783334700000,1.1423,1.1428,1.1421,1.1427,3256.0
1783334760000,1.1427,1.1431,1.1425,1.1427,6460.0
1783334820000,1.1427,1.1428,1.1427,1.1427,5342.0
1783334880000,1.1428,1.1428,1.1427,1.1427,9850.0
1783334940000,1.1427,1.1428,1.1415,1.1415,5885.0
1783335000000,1.1416,1.1421,1.1412,1.142,53481.0
1783335060000,1.1421,1.1426,1.142,1.1425,9013.0
1783335120000,1.1426,1.1428,1.1425,1.1427,8483.0
1783335180000,1.1427,1.1428,1.1415,1.1415,14854.0
1783335240000,1.1415,1.1418,1.1415,1.1418,8623.0
1783335300000,1.1418,1.1418,1.1417,1.1418,2004.0
1783335360000,1.1417,1.1418,1.1417,1.1417,2112.0
1783335420000,1.1418,1.1418,1.1417,1.1417,2454.0
1783335480000,1.1417,1.1418,1.1417,1.1417,3209.0
1783335540000,1.1417,1.1421,1.1417,1.1421,6644.0
1783335600000,1.1421,1.1433,1.142,1.1432,2700.0
1783335660000,1.1432,1.1433,1.1415,1.1422,4677.0
1783335720000,1.1423,1.1426,1.1418,1.1419,1944.0
1783335780000,1.1418,1.1425,1.1418,1.1425,8405.0
1783335840000,1.1425,1.1425,1.1424,1.1424,4491.0
1783335900000,1.1424,1.1428,1.1424,1.1425,2135.0
1783335960000,1.1425,1.1425,1.1418,1.1418,2446.0
1783336020000,1.1419,1.1419,1.1418,1.1418,3767.0
1783336080000,1.1418,1.1419,1.1418,1.1418,839.0
1783336140000,1.1418,1.1418,1.141,1.141,11177.0
1783336200000,1.1411,1.1411,1.1407,1.141,11421.0
1783336260000,1.1411,1.1411,1.1406,1.1408,3986.0
1783336320000,1.1407,1.1408,1.1402,1.1405,5792.0
1783336380000,1.1404,1.1409,1.1404,1.1409,2781.0
1783336440000,1.1408,1.1409,1.1406,1.1406,1594.0
1783336500000,1.1407,1.1412,1.1406,1.1408,1766.0
1783336560000,1.1409,1.1409,1.1403,1.1405,10388.0
1783336620000,1.1406,1.1406,1.1405,1.1406,2070.0
1783336680000,1.1406,1.1406,1.1402,1.1405,2938.0
1783336740000,1.1405,1.1406,1.1402,1.1402,3864.0
1783336800000,1.1407,1.1407,1.1403,1.1403,2029.0
1783336860000,1.1404,1.1413,1.1403,1.1413,10172.0
1783336920000,1.1413,1.1414,1.1409,1.1414,2522.0
1783336980000,1.1413,1.1427,1.1413,1.1423,9159.0
1783337040000,1.1423,1.1428,1.1411,1.1411,7360.0
1783337100000,1.1411,1.1417,1.1411,1.1412,1652.0
1783337160000,1.1413,1.1419,1.1412,1.1419,7057.0
1783337220000,1.1418,1.1419,1.1404,1.1404,1621.0
1783337280000,1.1405,1.1405,1.1401,1.1402,2465.0
1783337340000,1.1401,1.1402,1.1401,1.1402,3421.0
1783337400000,1.1402,1.1406,1.1401,1.1405,1559.0
1783337460000,1.1409,1.1409,1.1405,1.1408,4764.0
1783337520000,1.1409,1.1419,1.1408,1.1418,10653.0
1783337580000,1.1419,1.1424,1.1418,1.1421,2498.0
1783337640000,1.1421,1.1425,1.1418,1.1418,5499.0
1783337700000,1.1419,1.1419,1.1418,1.1418,1502.0
1783337760000,1.1419,1.1419,1.1418,1.1419,1393.0
1783337820000,1.1418,1.1427,1.1418,1.1421,2168.0
1783337880000,1.1421,1.1422,1.1406,1.1407,10690.0
1783337940000,1.1407,1.1413,1.1406,1.1408,9963.0
1783338000000,1.1407,1.1416,1.1407,1.1413,3126.0
1783338060000,1.1413,1.1413,1.1412,1.1412,2925.0
1783338120000,1.1413,1.1413,1.1406,1.141,2426.0
1783338180000,1.1409,1.1416,1.1409,1.1413,2141.0
1783338240000,1.1413,1.142,1.1413,1.1416,2242.0
1783338300000,1.1417,1.1424,1.1416,1.1422,4419.0
1783338360000,1.1421,1.1426,1.1421,1.1425,2177.0
1783338420000,1.1425,1.1425,1.1419,1.142,7354.0
1783338480000,1.1419,1.142,1.1415,1.1415,1491.0
1783338540000,1.1415,1.1416,1.1415,1.1415,12245.0
1783338600000,1.1415,1.1416,1.1415,1.1416,1557.0
1783338660000,1.1416,1.1416,1.1415,1.1416,4381.0
1783338720000,1.1416,1.1416,1.1412,1.1413,5639.0
1783338780000,1.1413,1.1416,1.1412,1.1415,3532.0
1783338840000,1.1416,1.1416,1.141,1.1416,1409.0
1783338900000,1.1415,1.1426,1.1415,1.1425,3958.0
1783338960000,1.1425,1.1426,1.1417,1.1418,4306.0
1783339020000,1.1417,1.1418,1.1367,1.1371,545867.0
1783339080000,1.1367,1.1374,1.1362,1.1368,123902.0
1783339140000,1.1364,1.1368,1.1344,1.1348,146381.0
1783339200000,1.1343,1.1344,1.1304,1.1316,167436.0
1783339260000,1.1317,1.1346,1.1316,1.1327,11466.0
1783339320000,1.1327,1.1332,1.1285,1.1301,567244.0
1783339380000,1.1297,1.1303,1.1234,1.1256,995958.0
1783339440000,1.1258,1.1278,1.1218,1.1221,239935.0
1783339500000,1.1227,1.1241,1.1217,1.1237,41678.0
1783339560000,1.1235,1.1272,1.1227,1.1256,239693.0
1783339620000,1.1256,1.1256,1.1222,1.1231,73164.0
1783339680000,1.1231,1.1264,1.123,1.1263,125319.0
1783339740000,1.1262,1.1269,1.1257,1.1264,17198.0
1783339800000,1.1264,1.1274,1.126,1.1261,15098.0
1783339860000,1.126,1.1276,1.126,1.1274,28795.0
1783339920000,1.1274,1.1298,1.1274,1.1296,81959.0
1783339980000,1.1298,1.1313,1.1296,1.1296,17870.0
1783340040000,1.1296,1.1296,1.1278,1.1278,11745.0
1783340100000,1.1279,1.1289,1.1273,1.1285,9115.0
1783340160000,1.1286,1.129,1.1263,1.128,12224.0
1783340220000,1.1276,1.1284,1.1273,1.1284,15205.0
1783340280000,1.128,1.1287,1.1277,1.1285,6599.0
1783340340000,1.1287,1.1299,1.1284,1.1288,7938.0
1783340400000,1.1285,1.1294,1.1284,1.1286,59066.0
1783340460000,1.1287,1.1291,1.1283,1.1283,9557.0
1783340520000,1.1283,1.1284,1.1273,1.1273,118080.0
1783340580000,1.1273,1.1274,1.1261,1.1264,3747.0
1783340640000,1.1264,1.1274,1.1263,1.1273,35050.0
1783340700000,1.1273,1.1279,1.127,1.1272,2913.0
1783340760000,1.1272,1.1279,1.1263,1.1269,8588.0
1783340820000,1.1269,1.1277,1.1268,1.1274,8092.0
1783340880000,1.1274,1.1279,1.1273,1.1276,5531.0
1783340940000,1.1276,1.1277,1.1271,1.1271,5218.0
1783341000000,1.1272,1.1275,1.126,1.1266,6424.0
1783341060000,1.1265,1.1274,1.1265,1.127,8995.0
1783341120000,1.1265,1.1279,1.1265,1.1278,43786.0
1783341180000,1.1278,1.1279,1.1263,1.1266,7297.0
1783341240000,1.1266,1.1281,1.1265,1.1279,2814.0
1783341300000,1.1279,1.1281,1.1275,1.1276,6890.0
1783341360000,1.1276,1.1276,1.1266,1.1272,3541.0
1783341420000,1.1272,1.1273,1.1257,1.126,2454.0
1783341480000,1.1261,1.1265,1.1257,1.1264,8615.0
1783341540000,1.1265,1.1265,1.1257,1.1258,16680.0
1783341600000,1.1257,1.1263,1.1252,1.1253,67821.0
1783341660000,1.1252,1.1263,1.1239,1.1245,55217.0
1783341720000,1.1244,1.125,1.1231,1.1231,13615.0
1783341780000,1.1231,1.1233,1.1201,1.1201,307378.0
1783341840000,1.1204,1.1205,1.1187,1.1189,299893.0
1783341900000,1.1187,1.1192,1.1175,1.1176,242085.0
1783341960000,1.1176,1.1178,1.1163,1.1166,129324.0
1783342020000,1.1165,1.1179,1.1165,1.1169,65766.0
1783342080000,1.1169,1.117,1.1145,1.1146,84842.0
1783342140000,1.1145,1.1147,1.1133,1.1136,492617.0
1783342200000,1.1136,1.1155,1.1134,1.115,86710.0
1783342260000,1.115,1.1151,1.114,1.1151,17563.0
1783342320000,1.1151,1.1164,1.1147,1.1163,22859.0
1783342380000,1.1164,1.1172,1.1163,1.1165,17415.0
1783342440000,1.1165,1.1175,1.1162,1.1175,37913.0
1783342500000,1.1175,1.118,1.1172,1.1172,60276.0
1783342560000,1.1173,1.1179,1.1172,1.1172,5256.0
1783342620000,1.1172,1.1175,1.1163,1.1163,61654.0
1783342680000,1.1164,1.1166,1.1155,1.1161,5821.0
1783342740000,1.116,1.1161,1.1142,1.1148,34554.0
1783342800000,1.1148,1.1159,1.114,1.1154,100608.0
1783342860000,1.1154,1.116,1.1146,1.1159,5850.0
1783342920000,1.1159,1.1166,1.1117,1.1118,89436.0
1783342980000,1.1118,1.1123,1.1102,1.1104,181796.0
1783343040000,1.1105,1.1111,1.109,1.1094,298579.0
1783343100000,1.1098,1.1112,1.109,1.111,60107.0
1783343160000,1.1109,1.113,1.1106,1.1129,80931.0
1783343220000,1.1128,1.1134,1.112,1.1132,5892.0
1783343280000,1.1131,1.1134,1.1125,1.1131,5904.0
1783343340000,1.113,1.1137,1.113,1.1137,3121.0
1783343400000,1.1137,1.115,1.1135,1.1146,19008.0
1783343460000,1.1145,1.1146,1.1135,1.114,9938.0
1783343520000,1.1139,1.1146,1.1135,1.1135,9686.0
1783343580000,1.1136,1.1136,1.1117,1.1118,9998.0
1783343640000,1.1118,1.1124,1.111,1.1111,10666.0
1783343700000,1.111,1.1123,1.111,1.1114,80465.0
1783343760000,1.1115,1.1118,1.1097,1.1099,20865.0
1783343820000,1.1098,1.1109,1.1098,1.1101,28109.0
1783343880000,1.11,1.1101,1.1096,1.1099,11473.0
1783343940000,1.1099,1.1111,1.1098,1.1111,2852.0
1783344000000,1.1111,1.1118,1.1098,1.1099,11198.0
1783344060000,1.1098,1.1122,1.1098,1.112,7162.0
1783344120000,1.1116,1.1117,1.1108,1.1117,21793.0
1783344180000,1.1116,1.1135,1.1116,1.113,7743.0
1783344240000,1.113,1.113,1.1118,1.1119,59599.0
1783344300000,1.1119,1.1119,1.1101,1.1108,5007.0
1783344360000,1.1109,1.1115,1.1104,1.1111,3229.0
1783344420000,1.1111,1.1111,1.1098,1.1099,5672.0
1783344480000,1.1099,1.1113,1.1094,1.1113,94249.0
1783344540000,1.1113,1.112,1.1105,1.1111,31719.0
1783344600000,1.1106,1.1145,1.11,1.1139,15433.0
1783344660000,1.114,1.1149,1.1107,1.1113,37090.0
1783344720000,1.1112,1.1145,1.1112,1.1141,16537.0
1783344780000,1.1142,1.1155,1.1136,1.1152,8159.0
1783344840000,1.1152,1.1161,1.115,1.1157,18133.0
1783344900000,1.1155,1.1155,1.1136,1.1149,20919.0
1783344960000,1.1149,1.1149,1.1113,1.1113,35381.0
1783345020000,1.1118,1.1131,1.1114,1.1125,12263.0
1783345080000,1.1125,1.113,1.1096,1.1111,24030.0
1783345140000,1.1113,1.1134,1.111,1.1133,12009.0
1783345200000,1.1133,1.1146,1.1123,1.1146,6105.0
1783345260000,1.1146,1.1151,1.114,1.1143,3363.0
1783345320000,1.1142,1.1142,1.113,1.1131,6435.0
1783345380000,1.113,1.1141,1.113,1.1141,5523.0
1783345440000,1.1141,1.116,1.114,1.1157,6717.0
1783345500000,1.1157,1.1173,1.1155,1.1169,80627.0
1783345560000,1.1168,1.1174,1.1157,1.1157,15616.0
1783345620000,1.1158,1.1189,1.1155,1.1181,9977.0
1783345680000,1.1181,1.119,1.118,1.1186,102147.0
1783345740000,1.1185,1.1197,1.1185,1.1196,27217.0
1783345800000,1.1197,1.1215,1.1197,1.1206,24258.0
1783345860000,1.1207,1.1216,1.1206,1.1215,11169.0
1783345920000,1.1215,1.1217,1.1191,1.1194,11809.0
1783345980000,1.119,1.1202,1.1182,1.1182,15954.0
1783346040000,1.1183,1.1189,1.1181,1.1181,17282.0
1783346100000,1.1182,1.1186,1.1178,1.1181,22960.0
1783346160000,1.1182,1.1182,1.117,1.117,61332.0
1783346220000,1.1171,1.1171,1.1162,1.1166,15301.0
1783346280000,1.1166,1.1167,1.1152,1.1156,22755.0
1783346340000,1.1156,1.1156,1.1153,1.1153,8817.0
1783346400000,1.1154,1.1158,1.1145,1.1157,8715.0
1783346460000,1.1157,1.1166,1.1152,1.1164,30886.0
1783346520000,1.1165,1.1165,1.1145,1.1145,51404.0
1783346580000,1.1145,1.1158,1.1141,1.1142,35998.0
1783346640000,1.1142,1.1155,1.1133,1.1147,19010.0
1783346700000,1.1147,1.1148,1.114,1.1143,11748.0
1783346760000,1.1144,1.1154,1.1143,1.1148,4449.0
1783346820000,1.1149,1.1154,1.1143,1.1151,49175.0
1783346880000,1.1151,1.1154,1.1147,1.1148,34269.0
1783346940000,1.1147,1.117,1.1147,1.1164,26953.0
1783347000000,1.1165,1.1176,1.116,1.1172,25238.0
1783347060000,1.1173,1.1173,1.1154,1.1154,16124.0
1783347120000,1.1156,1.1169,1.1152,1.1168,2761.0
1783347180000,1.1168,1.1185,1.1165,1.1184,4054.0
1783347240000,1.1183,1.1184,1.1171,1.1179,2458.0
1783347300000,1.118,1.118,1.1179,1.1179,6329.0
1783347360000,1.118,1.1186,1.1175,1.1186,14950.0
1783347420000,1.1186,1.1189,1.1172,1.1174,1723.0
1783347480000,1.1175,1.1175,1.1147,1.1153,17690.0
1783347540000,1.1153,1.1159,1.115,1.1159,3768.0
1783347600000,1.1159,1.1165,1.1151,1.1152,11154.0
1783347660000,1.1152,1.1159,1.1149,1.1154,1527.0
1783347720000,1.1155,1.1167,1.1149,1.1166,109106.0
1783347780000,1.1168,1.1208,1.1168,1.1207,26763.0
1783347840000,1.1208,1.1208,1.1176,1.1179,52162.0
1783347900000,1.1179,1.1257,1.1179,1.1256,51595.0
1783347960000,1.1257,1.126,1.1226,1.1248,89428.0
1783348020000,1.1243,1.1243,1.1222,1.1225,39130.0
1783348080000,1.1226,1.1229,1.1215,1.1217,9864.0
1783348140000,1.1218,1.1218,1.1207,1.1211,28962.0
1783348200000,1.121,1.1222,1.121,1.1212,5549.0
1783348260000,1.1211,1.124,1.1211,1.1236,199887.0
1783348320000,1.1236,1.1243,1.1227,1.1229,19103.0
1783348380000,1.123,1.1232,1.1216,1.1216,6562.0
1783348440000,1.1216,1.1223,1.1202,1.1207,14872.0
1783348500000,1.1207,1.1217,1.1203,1.1217,9683.0
1783348560000,1.1216,1.1217,1.1211,1.1211,2250.0
1783348620000,1.1213,1.1213,1.1195,1.1196,12856.0
1783348680000,1.1195,1.1215,1.1195,1.1212,16873.0
1783348740000,1.1212,1.1223,1.1205,1.1222,9160.0
1783348800000,1.1222,1.1236,1.1214,1.1228,4011.0
1783348860000,1.1228,1.1237,1.1221,1.1226,2451.0
1783348920000,1.1227,1.1227,1.1215,1.1218,1935.0
1783348980000,1.1219,1.1226,1.1218,1.1225,7071.0
1783349040000,1.1226,1.1229,1.1217,1.1218,4996.0
1783349100000,1.1217,1.1223,1.121,1.1214,6466.0
1783349160000,1.1215,1.1215,1.1207,1.1214,5218.0
1783349220000,1.1213,1.1227,1.1213,1.1226,25744.0
1783349280000,1.1226,1.1227,1.1219,1.1224,48734.0
1783349340000,1.1224,1.1228,1.1202,1.1205,13361.0
1783349400000,1.1205,1.1214,1.1199,1.1202,29502.0
1783349460000,1.1203,1.1203,1.1196,1.12,2131.0
1783349520000,1.12,1.1208,1.1192,1.1205,13524.0
1783349580000,1.1205,1.1222,1.1205,1.1222,15820.0
1783349640000,1.1221,1.123,1.1221,1.123,22551.0
1783349700000,1.1229,1.123,1.1222,1.1223,12534.0
1783349760000,1.1222,1.1226,1.122,1.1221,3025.0
1783349820000,1.122,1.1232,1.122,1.1232,8851.0
1783349880000,1.1232,1.1232,1.1222,1.1222,2652.0
1783349940000,1.1222,1.1229,1.1222,1.1229,1808.0
1783350000000,1.1229,1.1238,1.1228,1.1233,84686.0
1783350060000,1.1233,1.1248,1.1233,1.1237,4534.0
1783350120000,1.1236,1.1247,1.1236,1.1243,12938.0
1783350180000,1.1243,1.1251,1.1241,1.1248,10804.0
1783350240000,1.1248,1.1248,1.1243,1.1243,8148.0
1783350300000,1.1244,1.1251,1.1242,1.125,3347.0
1783350360000,1.125,1.1257,1.125,1.1256,8071.0
1783350420000,1.1256,1.1269,1.1252,1.1252,52281.0
1783350480000,1.1252,1.1266,1.1252,1.1265,2302.0
1783350540000,1.1264,1.1298,1.1264,1.1276,134568.0
1783350600000,1.1276,1.1286,1.127,1.128,10712.0
1783350660000,1.128,1.1284,1.1272,1.1272,10772.0
1783350720000,1.1273,1.1275,1.1267,1.1274,30586.0
1783350780000,1.1274,1.1281,1.1269,1.1272,42120.0
1783350840000,1.1271,1.1288,1.1268,1.1284,48672.0
1783350900000,1.1285,1.1293,1.1273,1.1293,23285.0
1783350960000,1.1292,1.1293,1.1267,1.127,27171.0
1783351020000,1.127,1.1275,1.1268,1.1275,4266.0
1783351080000,1.1275,1.1275,1.1265,1.1271,5149.0
1783351140000,1.1271,1.1282,1.1269,1.1279,30531.0
1783351200000,1.1279,1.1283,1.1269,1.1269,17105.0
1783351260000,1.1269,1.1274,1.1269,1.127,2243.0
1783351320000,1.1271,1.128,1.1266,1.1279,57694.0
1783351380000,1.128,1.128,1.1268,1.1268,3594.0
1783351440000,1.1268,1.1271,1.1267,1.1267,1846.0
1783351500000,1.1268,1.1271,1.1258,1.1269,25259.0
1783351560000,1.1266,1.128,1.1266,1.1275,17863.0
1783351620000,1.1275,1.1287,1.1273,1.1287,52253.0
1783351680000,1.1287,1.1295,1.1287,1.1292,26160.0
1783351740000,1.1292,1.1314,1.1291,1.1304,67724.0
1783351800000,1.1304,1.1304,1.1288,1.1291,5422.0
1783351860000,1.129,1.1295,1.1283,1.1287,3084.0
1783351920000,1.1287,1.1289,1.1275,1.128,13481.0
1783351980000,1.128,1.1281,1.1273,1.1274,192733.0
1783352040000,1.1273,1.1282,1.1273,1.1279,2610.0
1783352100000,1.1278,1.1279,1.1264,1.1267,60456.0
1783352160000,1.1268,1.1281,1.1267,1.128,3785.0
1783352220000,1.128,1.1281,1.1267,1.1275,53446.0
1783352280000,1.1275,1.1276,1.1259,1.1264,183694.0
1783352340000,1.1265,1.127,1.1263,1.1269,3290.0
1783352400000,1.127,1.1283,1.1269,1.1278,5691.0
1783352460000,1.1277,1.1344,1.1277,1.1333,72313.0
1783352520000,1.1335,1.1344,1.1324,1.1329,54351.0
1783352580000,1.1327,1.1344,1.1322,1.1342,16184.0
1783352640000,1.1341,1.1373,1.1341,1.1356,391622.0
1783352700000,1.1356,1.1356,1.1341,1.1343,41721.0
1783352760000,1.1344,1.1355,1.1337,1.1346,7475.0
1783352820000,1.1346,1.1354,1.1336,1.1353,10443.0
1783352880000,1.1353,1.1354,1.1326,1.1326,47681.0
1783352940000,1.133,1.1347,1.1326,1.1346,13146.0
1783353000000,1.1345,1.1393,1.1341,1.1393,73206.0
1783353060000,1.1389,1.1437,1.1389,1.1415,235518.0
1783353120000,1.1415,1.1418,1.1399,1.1417,32890.0
1783353180000,1.1418,1.143,1.1416,1.1429,24121.0
1783353240000,1.1429,1.1432,1.1419,1.1423,54066.0
1783353300000,1.1426,1.1438,1.1411,1.1429,124431.0
1783353360000,1.143,1.1438,1.1426,1.1438,6618.0
1783353420000,1.1434,1.1446,1.1434,1.1437,36207.0
1783353480000,1.144,1.1444,1.143,1.143,9110.0
1783353540000,1.143,1.1444,1.1428,1.1437,319933.0
1783353600000,1.1441,1.1447,1.1397,1.1401,66320.0
1783353660000,1.1401,1.1415,1.1392,1.1414,24025.0
1783353720000,1.1414,1.142,1.1407,1.1419,42896.0
1783353780000,1.1421,1.1424,1.1403,1.1404,15590.0
1783353840000,1.1403,1.1411,1.1396,1.1411,4086.0
1783353900000,1.1409,1.1423,1.1409,1.1414,25729.0
1783353960000,1.1414,1.1421,1.141,1.1411,11149.0
1783354020000,1.141,1.1453,1.141,1.1446,17248.0
1783354080000,1.1449,1.147,1.1444,1.1455,185348.0
1783354140000,1.1455,1.1462,1.1449,1.145,22592.0
1783354200000,1.1449,1.1473,1.1447,1.1469,26217.0
1783354260000,1.1469,1.1481,1.146,1.1475,75256.0
1783354320000,1.1475,1.1478,1.1462,1.1478,72649.0
1783354380000,1.1478,1.1493,1.1477,1.1485,107933.0
1783354440000,1.1485,1.1494,1.1476,1.1479,67657.0
1783354500000,1.1473,1.1494,1.1473,1.1485,213028.0
1783354560000,1.1486,1.1497,1.1476,1.1491,109835.0
1783354620000,1.1491,1.1494,1.147,1.1471,60864.0
1783354680000,1.1476,1.1492,1.1475,1.1477,108537.0
1783354740000,1.1478,1.15,1.1477,1.1499,13490.0
1783354800000,1.1499,1.1506,1.1497,1.1503,38499.0
1783354860000,1.1503,1.1503,1.1488,1.1488,55194.0
1783354920000,1.1489,1.1489,1.1476,1.1477,8737.0
1783354980000,1.1476,1.1477,1.146,1.1471,107899.0
1783355040000,1.147,1.1471,1.145,1.1455,96067.0
1783355100000,1.1455,1.1456,1.1437,1.1439,52095.0
1783355160000,1.1438,1.1446,1.1436,1.144,25582.0
1783355220000,1.144,1.1447,1.1434,1.1439,14168.0
1783355280000,1.144,1.1447,1.1439,1.1442,20207.0
1783355340000,1.1442,1.1461,1.1441,1.1458,11743.0
1783355400000,1.1452,1.1464,1.1449,1.1461,21099.0
1783355460000,1.1461,1.1483,1.146,1.1483,9548.0
1783355520000,1.1483,1.1483,1.1469,1.1473,17589.0
1783355580000,1.1469,1.1502,1.1469,1.1498,24860.0
1783355640000,1.1497,1.1504,1.1478,1.1481,10417.0
1783355700000,1.1481,1.1493,1.1481,1.1489,3800.0
1783355760000,1.1489,1.151,1.1484,1.1507,14960.0
1783355820000,1.1507,1.1536,1.1505,1.1518,95771.0
1783355880000,1.1518,1.1519,1.1505,1.1505,4677.0
1783355940000,1.1505,1.1514,1.1504,1.1513,59355.0
1783356000000,1.1513,1.1517,1.1506,1.1514,24143.0
1783356060000,1.1513,1.1526,1.1508,1.1511,17766.0
1783356120000,1.1511,1.1512,1.1504,1.1511,7424.0
1783356180000,1.1511,1.1517,1.1509,1.1509,22739.0
1783356240000,1.1509,1.1523,1.1509,1.1523,2890.0
1783356300000,1.1523,1.1529,1.1514,1.1519,4361.0
1783356360000,1.1519,1.1531,1.1519,1.1528,15255.0
1783356420000,1.1528,1.1536,1.1526,1.1531,24877.0
1783356480000,1.153,1.1535,1.152,1.1529,8498.0
1783356540000,1.1529,1.1529,1.1521,1.1524,25453.0
1783356600000,1.1525,1.1525,1.1517,1.1519,6232.0
1783356660000,1.1519,1.1529,1.1513,1.1517,7581.0
1783356720000,1.1516,1.1539,1.1513,1.1526,24576.0
1783356780000,1.1525,1.1526,1.1513,1.1517,17963.0
1783356840000,1.1516,1.1517,1.1501,1.1505,23871.0
1783356900000,1.1505,1.1513,1.1505,1.1513,3351.0
1783356960000,1.1513,1.1518,1.1509,1.1518,4823.0
1783357020000,1.1517,1.1525,1.1517,1.1523,11429.0
1783357080000,1.1522,1.1527,1.1516,1.152,18596.0
1783357140000,1.1521,1.1533,1.152,1.1528,10641.0
1783357200000,1.1529,1.1535,1.1526,1.1535,8094.0
1783357260000,1.1534,1.1536,1.1525,1.1535,23849.0
1783357320000,1.1531,1.1536,1.1527,1.1535,7783.0
1783357380000,1.1534,1.1565,1.1534,1.1564,60498.0
1783357440000,1.1565,1.1568,1.155,1.155,14962.0
1783357500000,1.155,1.156,1.1547,1.1559,7629.0
1783357560000,1.1563,1.1583,1.1559,1.1577,18002.0
1783357620000,1.1579,1.1579,1.156,1.1573,50167.0
1783357680000,1.1572,1.1573,1.1555,1.1569,12633.0
1783357740000,1.1568,1.1575,1.1568,1.1572,7395.0
1783357800000,1.1571,1.1572,1.1554,1.1554,22399.0
1783357860000,1.1555,1.1555,1.1532,1.1537,77211.0
1783357920000,1.1537,1.1558,1.1536,1.1554,5446.0
1783357980000,1.1555,1.1562,1.1554,1.1561,29773.0
1783358040000,1.1562,1.1566,1.1556,1.156,6180.0
1783358100000,1.156,1.1565,1.1557,1.1559,4623.0
1783358160000,1.1559,1.1561,1.1552,1.1558,5421.0
1783358220000,1.1558,1.1562,1.1548,1.1548,30262.0
1783358280000,1.1548,1.1554,1.1541,1.1542,42463.0
1783358340000,1.1543,1.1551,1.1542,1.1551,8149.0
1783358400000,1.155,1.1551,1.1533,1.1537,34464.0
1783358460000,1.1537,1.1537,1.1526,1.1526,19085.0
1783358520000,1.1526,1.153,1.1515,1.1527,31893.0
1783358580000,1.1526,1.1547,1.1526,1.1543,12963.0
1783358640000,1.1544,1.155,1.1542,1.1545,1815.0
1783358700000,1.1546,1.1553,1.1545,1.1549,10436.0
1783358760000,1.1548,1.1563,1.1548,1.1554,15918.0
1783358820000,1.1555,1.156,1.1551,1.1555,12281.0
1783358880000,1.1555,1.1561,1.1551,1.1561,14551.0
1783358940000,1.1561,1.1561,1.1549,1.1555,1795.0
1783359000000,1.1555,1.1558,1.1543,1.1545,2117.0
1783359060000,1.1543,1.1555,1.1543,1.155,3113.0
1783359120000,1.155,1.1557,1.155,1.1557,24401.0
1783359180000,1.1557,1.1567,1.1552,1.1567,2286.0
1783359240000,1.1567,1.1567,1.1531,1.1532,15272.0
1783359300000,1.1531,1.1533,1.1519,1.1523,13661.0
1783359360000,1.1522,1.1523,1.149,1.1492,30477.0
1783359420000,1.1492,1.1509,1.149,1.1508,39879.0
1783359480000,1.1505,1.1513,1.15,1.1504,3674.0
1783359540000,1.1504,1.151,1.15,1.1509,4017.0
1783359600000,1.1509,1.1513,1.1506,1.1511,10583.0
1783359660000,1.151,1.1511,1.151,1.1511,6402.0
1783359720000,1.1511,1.1518,1.1494,1.1496,429633.0
1783359780000,1.1496,1.1506,1.1496,1.1502,12730.0
1783359840000,1.1501,1.1507,1.1497,1.1497,11855.0
1783359900000,1.1497,1.1498,1.1486,1.1491,34038.0
1783359960000,1.1491,1.1501,1.1491,1.1496,5363.0
1783360020000,1.1496,1.15,1.1492,1.15,2283.0
1783360080000,1.15,1.1507,1.1492,1.1494,198126.0
1783360140000,1.1494,1.1495,1.1486,1.1489,14985.0
1783360200000,1.1489,1.1509,1.1489,1.1507,6087.0
1783360260000,1.1506,1.1512,1.1505,1.1506,3892.0
1783360320000,1.1506,1.151,1.1477,1.1477,12579.0
1783360380000,1.1477,1.1481,1.1463,1.1466,30669.0
1783360440000,1.1466,1.1472,1.1463,1.1468,12700.0
1783360500000,1.1468,1.1474,1.1468,1.1468,11518.0
1783360560000,1.1469,1.1473,1.1465,1.1465,11222.0
1783360620000,1.1465,1.147,1.1464,1.1464,6018.0
1783360680000,1.1464,1.1466,1.146,1.1461,3905.0
1783360740000,1.1461,1.1465,1.146,1.1464,18388.0
1783360800000,1.1464,1.1464,1.1454,1.1458,6091.0
1783360860000,1.1459,1.1464,1.1457,1.1457,7738.0
1783360920000,1.1458,1.147,1.1457,1.1467,49156.0
1783360980000,1.1467,1.1476,1.1466,1.1474,2321.0
1783361040000,1.1474,1.1476,1.1471,1.1473,25890.0
1783361100000,1.1474,1.1478,1.1468,1.1469,7491.0
1783361160000,1.1468,1.1475,1.1463,1.1464,7160.0
1783361220000,1.1465,1.1471,1.146,1.1467,15453.0
1783361280000,1.1466,1.1467,1.1452,1.1454,21667.0
1783361340000,1.1454,1.1454,1.1444,1.1444,14706.0
1783361400000,1.1445,1.1449,1.1437,1.1445,13662.0
1783361460000,1.1446,1.1447,1.1439,1.1442,2517.0
1783361520000,1.1442,1.1445,1.1437,1.1441,2610.0
1783361580000,1.144,1.1441,1.1417,1.1421,44202.0
1783361640000,1.1422,1.1428,1.1421,1.1425,6499.0
1783361700000,1.1425,1.1437,1.1424,1.1437,5022.0
1783361760000,1.1437,1.1441,1.143,1.143,5341.0
1783361820000,1.143,1.1431,1.1426,1.143,6307.0
1783361880000,1.1429,1.143,1.141,1.1419,3406.0
1783361940000,1.1419,1.1424,1.1416,1.1423,5562.0
1783362000000,1.1423,1.144,1.1423,1.144,17777.0
1783362060000,1.144,1.1447,1.144,1.1446,71146.0
1783362120000,1.1447,1.1457,1.1446,1.1457,11148.0
1783362180000,1.1457,1.146,1.1453,1.1459,13081.0
1783362240000,1.1459,1.1463,1.1457,1.1457,6826.0
1783362300000,1.1457,1.1458,1.1452,1.1455,3460.0
1783362360000,1.1454,1.1477,1.1454,1.1477,22212.0
1783362420000,1.1475,1.1477,1.1461,1.1462,15682.0
1783362480000,1.1461,1.1462,1.1441,1.1441,16198.0
1783362540000,1.1441,1.1447,1.1441,1.1445,6933.0
1783362600000,1.1445,1.1448,1.144,1.1447,2617.0
1783362660000,1.1447,1.1448,1.1442,1.1444,2150.0
1783362720000,1.1445,1.1447,1.144,1.1446,1516.0
1783362780000,1.1446,1.1447,1.1442,1.1447,1933.0
1783362840000,1.1446,1.1451,1.1442,1.1443,4331.0
1783362900000,1.1443,1.145,1.1434,1.1449,10743.0
1783362960000,1.145,1.1461,1.1448,1.1458,2282.0
1783363020000,1.1458,1.1466,1.1455,1.1462,11749.0
1783363080000,1.1463,1.147,1.1457,1.1458,2933.0
1783363140000,1.1457,1.1458,1.1447,1.1453,1858.0
1783363200000,1.1453,1.1456,1.1448,1.1455,2088.0
1783363260000,1.1455,1.1458,1.1451,1.1458,3710.0
1783363320000,1.1457,1.1464,1.1457,1.146,1574.0
1783363380000,1.146,1.1465,1.146,1.1464,21070.0
1783363440000,1.1463,1.1464,1.1456,1.1458,13380.0
1783363500000,1.1458,1.1462,1.1458,1.1462,1904.0
1783363560000,1.1461,1.1472,1.1456,1.1471,4179.0
1783363620000,1.1471,1.1476,1.1463,1.1463,3450.0
1783363680000,1.1464,1.1466,1.1461,1.1462,2271.0
1783363740000,1.1461,1.1468,1.1461,1.1464,2408.0
1783363800000,1.1464,1.1481,1.1464,1.1481,3777.0
1783363860000,1.148,1.1495,1.148,1.1491,17402.0
1783363920000,1.1488,1.1494,1.1488,1.1494,2439.0
1783363980000,1.1494,1.1499,1.1493,1.1497,8995.0
1783364040000,1.1497,1.1498,1.1488,1.1493,2027.0
1783364100000,1.1493,1.1499,1.1477,1.1486,2236.0
1783364160000,1.1486,1.1494,1.1482,1.1493,2117.0
1783364220000,1.1493,1.1494,1.1483,1.1484,3981.0
1783364280000,1.1484,1.1484,1.1476,1.1478,4000.0
1783364340000,1.1478,1.1479,1.1475,1.1476,2661.0
1783364400000,1.1476,1.148,1.1473,1.148,2957.0
1783364460000,1.148,1.148,1.1471,1.1476,4292.0
1783364520000,1.1475,1.148,1.147,1.147,1500.0
1783364580000,1.1471,1.1475,1.1463,1.1463,1545.0
1783364640000,1.1464,1.1464,1.1453,1.1459,7608.0
1783364700000,1.1458,1.1463,1.1453,1.1463,3986.0
1783364760000,1.1463,1.1468,1.1462,1.1466,1873.0
1783364820000,1.1466,1.1467,1.146,1.146,8607.0
1783364880000,1.146,1.1461,1.1447,1.1455,7203.0
1783364940000,1.1452,1.1464,1.1452,1.1461,31715.0
1783365000000,1.146,1.1464,1.1457,1.146,9121.0
1783365060000,1.146,1.1461,1.1447,1.1452,3196.0
1783365120000,1.1453,1.1456,1.1451,1.1454,1860.0
1783365180000,1.1454,1.1455,1.1441,1.1451,25914.0
1783365240000,1.145,1.1464,1.145,1.146,2765.0
1783365300000,1.146,1.1461,1.1455,1.146,2622.0
1783365360000,1.1459,1.146,1.1451,1.1452,11242.0
1783365420000,1.1452,1.1454,1.145,1.145,2738.0
1783365480000,1.1451,1.1467,1.145,1.1461,4982.0
1783365540000,1.1461,1.1474,1.1459,1.1467,2681.0
1783365600000,1.1468,1.1477,1.1467,1.1477,11123.0
1783365660000,1.1475,1.1488,1.1475,1.1477,24276.0
1783365720000,1.1477,1.1478,1.147,1.1475,4594.0
1783365780000,1.1475,1.1482,1.1475,1.1481,4613.0
1783365840000,1.1481,1.1488,1.1481,1.1484,1783.0
1783365900000,1.1484,1.1492,1.1481,1.1491,9677.0
1783365960000,1.1492,1.1493,1.1488,1.1488,55042.0
1783366020000,1.1489,1.1489,1.1478,1.1478,9788.0
1783366080000,1.1478,1.1479,1.1476,1.1479,1726.0
1783366140000,1.1478,1.1481,1.1478,1.1478,5803.0
1783366200000,1.1479,1.1493,1.1478,1.1487,1819.0
1783366260000,1.1487,1.1487,1.1475,1.1478,44986.0
1783366320000,1.1479,1.1495,1.1478,1.1495,3431.0
1783366380000,1.1495,1.1498,1.1487,1.1491,7141.0
1783366440000,1.1492,1.1499,1.1491,1.1497,1587.0
1783366500000,1.1498,1.1505,1.1498,1.1501,7660.0
1783366560000,1.1501,1.1506,1.15,1.1506,28537.0
1783366620000,1.1506,1.1506,1.15,1.1504,2001.0
1783366680000,1.1504,1.1526,1.1504,1.1523,4869.0
1783366740000,1.1523,1.1523,1.1514,1.1519,4691.0
1783366800000,1.1519,1.1519,1.1501,1.1501,45568.0
1783366860000,1.1502,1.1506,1.1499,1.1499,3206.0
1783366920000,1.1501,1.1506,1.1498,1.1498,14207.0
1783366980000,1.1495,1.1496,1.1489,1.1489,10775.0
1783367040000,1.1489,1.1492,1.1489,1.1492,7410.0
1783367100000,1.1492,1.1496,1.1488,1.1496,1521.0
1783367160000,1.1495,1.1496,1.1485,1.1489,7565.0
1783367220000,1.1489,1.149,1.1489,1.1489,2211.0
1783367280000,1.149,1.1502,1.1489,1.1501,15374.0
1783367340000,1.1501,1.1506,1.1492,1.1492,16127.0
1783367400000,1.1488,1.1488,1.1465,1.1478,17722.0
1783367460000,1.1478,1.1478,1.1472,1.1473,15255.0
1783367520000,1.1477,1.1482,1.1475,1.1476,22434.0
1783367580000,1.1476,1.1481,1.1476,1.148,6272.0
1783367640000,1.148,1.1484,1.1468,1.1468,13886.0
1783367700000,1.1469,1.1471,1.1464,1.1471,11189.0
1783367760000,1.1471,1.1473,1.1469,1.147,19913.0
1783367820000,1.147,1.147,1.1462,1.1463,39607.0
1783367880000,1.1462,1.1464,1.1454,1.1455,5717.0
1783367940000,1.1455,1.1488,1.1455,1.1482,5556.0
1783368000000,1.1482,1.1486,1.1462,1.1467,3281.0
1783368060000,1.1466,1.1467,1.1432,1.1436,41633.0
1783368120000,1.1431,1.144,1.1417,1.1438,28387.0
1783368180000,1.1432,1.1437,1.1425,1.1434,1837.0
1783368240000,1.1434,1.1436,1.1428,1.1431,8665.0
1783368300000,1.1431,1.1435,1.1425,1.1435,2313.0
1783368360000,1.1433,1.1435,1.1427,1.1434,5928.0
1783368420000,1.1433,1.1438,1.1429,1.1434,12951.0
1783368480000,1.1434,1.1436,1.1433,1.1436,2155.0
1783368540000,1.1436,1.1436,1.1429,1.1431,2853.0
1783368600000,1.143,1.1431,1.1423,1.1424,3767.0
1783368660000,1.1424,1.1425,1.1414,1.142,7634.0
1783368720000,1.1421,1.1425,1.142,1.1424,3039.0
1783368780000,1.1424,1.1426,1.1421,1.1425,3674.0
1783368840000,1.1425,1.1428,1.1421,1.1422,1872.0
1783368900000,1.1421,1.1429,1.1421,1.1429,3294.0
1783368960000,1.1429,1.1431,1.1425,1.1431,24235.0
1783369020000,1.1431,1.1431,1.1422,1.1423,2949.0
1783369080000,1.1422,1.1429,1.1418,1.1425,2488.0
1783369140000,1.1424,1.1428,1.1422,1.1423,21845.0
1783369200000,1.1422,1.1426,1.1422,1.1423,1718.0
1783369260000,1.1423,1.1438,1.1422,1.1438,1565.0
1783369320000,1.1437,1.1445,1.1433,1.1434,3903.0
1783369380000,1.1434,1.1439,1.1433,1.1437,1602.0
1783369440000,1.1436,1.144,1.1436,1.1437,3966.0
1783369500000,1.1436,1.1448,1.143,1.1443,3598.0
1783369560000,1.1442,1.1445,1.1441,1.1441,2344.0
1783369620000,1.1442,1.1444,1.1439,1.144,4338.0
1783369680000,1.144,1.1445,1.1435,1.1437,3554.0
1783369740000,1.1435,1.144,1.1435,1.1435,1885.0
1783369800000,1.1436,1.144,1.1433,1.1439,3982.0
1783369860000,1.1438,1.146,1.1438,1.145,440782.0
1783369920000,1.145,1.1463,1.145,1.1455,5876.0
1783369980000,1.1455,1.1455,1.1441,1.1446,6197.0
1783370040000,1.1445,1.1459,1.1445,1.1459,2817.0
1783370100000,1.1458,1.1459,1.1453,1.1454,2383.0
1783370160000,1.1454,1.1454,1.1446,1.145,5438.0
1783370220000,1.145,1.1451,1.1445,1.1445,12735.0
1783370280000,1.1445,1.1453,1.144,1.1453,14172.0
1783370340000,1.1452,1.1453,1.1448,1.1452,1755.0
1783370400000,1.1451,1.1457,1.1451,1.1457,8118.0
1783370460000,1.1456,1.1457,1.1452,1.1453,1772.0
1783370520000,1.1453,1.1453,1.1446,1.1446,5161.0
1783370580000,1.1446,1.1447,1.1444,1.1445,1426.0
1783370640000,1.1445,1.1445,1.1441,1.1442,1739.0
1783370700000,1.1441,1.1442,1.1428,1.1431,14922.0
1783370760000,1.1432,1.1435,1.1426,1.1434,2763.0
1783370820000,1.1434,1.1437,1.1434,1.1437,11525.0
1783370880000,1.1436,1.1437,1.1433,1.1434,1454.0
1783370940000,1.1434,1.1436,1.143,1.1435,2901.0
1783371000000,1.1436,1.1436,1.1432,1.1436,3153.0
1783371060000,1.1436,1.1441,1.1435,1.144,1359.0
1783371120000,1.144,1.1447,1.1436,1.1439,7715.0
1783371180000,1.1439,1.1456,1.1438,1.1451,13702.0
1783371240000,1.1453,1.1457,1.1448,1.1454,2393.0
1783371300000,1.1453,1.1454,1.1435,1.1436,7043.0
1783371360000,1.1435,1.1439,1.1435,1.1436,2612.0
1783371420000,1.1435,1.1444,1.1435,1.1443,1513.0
1783371480000,1.1444,1.1444,1.1439,1.1439,2768.0
1783371540000,1.1441,1.1443,1.1435,1.1436,1588.0
1783371600000,1.1436,1.1441,1.1435,1.1441,2173.0
1783371660000,1.144,1.1441,1.1434,1.1434,2064.0
1783371720000,1.1434,1.1442,1.1433,1.1433,2046.0
1783371780000,1.1434,1.1434,1.143,1.1434,2091.0
1783371840000,1.1434,1.144,1.1433,1.1437,1434.0
1783371900000,1.1437,1.144,1.1433,1.1436,2104.0
1783371960000,1.1437,1.1442,1.1436,1.1442,2386.0
1783372020000,1.1441,1.1451,1.1441,1.145,4834.0
1783372080000,1.1451,1.1455,1.1447,1.1455,30641.0
1783372140000,1.1456,1.1596,1.1456,1.1577,609878.0
1783372200000,1.1583,1.1643,1.1581,1.1595,1479340.0
1783372260000,1.1596,1.1614,1.1583,1.1592,303784.0
1783372320000,1.1591,1.1596,1.1581,1.1587,8842.0
1783372380000,1.1586,1.1592,1.1579,1.1579,7948.0
1783372440000,1.1576,1.1579,1.1563,1.1563,42538.0
1783372500000,1.1564,1.1576,1.1563,1.1575,16729.0
1783372560000,1.1576,1.1585,1.1572,1.158,3598.0
1783372620000,1.1568,1.1571,1.1563,1.1568,95791.0
1783372680000,1.1568,1.1572,1.1561,1.1563,23135.0
1783372740000,1.1564,1.1578,1.1557,1.1558,115370.0
1783372800000,1.1558,1.1562,1.1554,1.1555,53926.0
1783372860000,1.1555,1.1558,1.1541,1.1556,21910.0
1783372920000,1.1556,1.156,1.1552,1.156,184154.0
1783372980000,1.1559,1.156,1.1554,1.1554,5953.0
1783373040000,1.1555,1.1555,1.1536,1.1537,50517.0
1783373100000,1.1536,1.1539,1.1515,1.1522,15600.0
1783373160000,1.1522,1.1524,1.1516,1.1522,11636.0
1783373220000,1.1522,1.1525,1.1514,1.1525,3107.0
1783373280000,1.1524,1.1526,1.1516,1.1525,25774.0
1783373340000,1.153,1.1531,1.1522,1.1522,5996.0
1783373400000,1.152,1.152,1.1491,1.1492,13453.0
1783373460000,1.1491,1.1513,1.1491,1.1512,1968.0
1783373520000,1.1511,1.1519,1.1506,1.1514,5439.0
1783373580000,1.1516,1.1524,1.1513,1.1513,50744.0
1783373640000,1.1512,1.1521,1.1508,1.1513,2923.0
1783373700000,1.1513,1.152,1.1511,1.1515,349213.0
1783373760000,1.1515,1.1524,1.1507,1.1508,26809.0
1783373820000,1.1508,1.1511,1.1497,1.1497,21615.0
1783373880000,1.1498,1.1505,1.1497,1.1502,2752.0
1783373940000,1.1503,1.1511,1.1501,1.1511,8477.0
1783374000000,1.151,1.1515,1.1508,1.1508,14638.0
1783374060000,1.1508,1.1509,1.1504,1.1505,3055.0
1783374120000,1.1504,1.1512,1.1504,1.1512,1505.0
1783374180000,1.1511,1.1517,1.151,1.1514,1729.0
1783374240000,1.1517,1.152,1.1513,1.152,2056.0
1783374300000,1.152,1.1526,1.1518,1.1522,12371.0
1783374360000,1.1522,1.1525,1.1513,1.1513,15602.0
1783374420000,1.1513,1.1514,1.1509,1.1512,40780.0
1783374480000,1.1513,1.1513,1.1512,1.1512,1933.0
1783374540000,1.1513,1.1517,1.1512,1.1516,1795.0
1783374600000,1.1516,1.1544,1.1516,1.1542,16175.0
1783374660000,1.1541,1.1547,1.1541,1.1546,25696.0
1783374720000,1.1547,1.1556,1.154,1.1541,277998.0
1783374780000,1.1541,1.1542,1.1541,1.1542,2220.0
1783374840000,1.1541,1.1542,1.1528,1.1538,90917.0
1783374900000,1.1539,1.1547,1.1538,1.1547,7671.0
1783374960000,1.1547,1.1547,1.1532,1.1532,6160.0
1783375020000,1.1532,1.1535,1.153,1.153,2261.0
1783375080000,1.1531,1.1532,1.1529,1.1531,2282.0
1783375140000,1.1532,1.1535,1.1526,1.1531,4145.0
1783375200000,1.153,1.1543,1.153,1.1533,2563.0
1783375260000,1.1534,1.1537,1.1533,1.1533,1622.0
1783375320000,1.1534,1.1534,1.1527,1.1532,1547.0
1783375380000,1.1531,1.1531,1.1523,1.1529,38547.0
1783375440000,1.1528,1.1535,1.1515,1.1516,38468.0
1783375500000,1.1516,1.1517,1.1511,1.1511,2487.0
1783375560000,1.1512,1.1512,1.1504,1.1504,23396.0
1783375620000,1.1504,1.1505,1.15,1.1501,1748.0
1783375680000,1.15,1.1502,1.1492,1.1493,3522.0
1783375740000,1.1493,1.15,1.1492,1.1497,2201.0
1783375800000,1.1498,1.1508,1.1497,1.1508,1606.0
1783375860000,1.1508,1.1508,1.1498,1.1502,1527.0
1783375920000,1.1502,1.151,1.1502,1.1509,6512.0
1783375980000,1.151,1.1521,1.1509,1.1518,4064.0
1783376040000,1.1519,1.1525,1.1518,1.1521,4936.0
1783376100000,1.1522,1.1522,1.1508,1.1517,4906.0
1783376160000,1.1516,1.1517,1.1516,1.1517,4410.0
1783376220000,1.1516,1.1517,1.1513,1.1514,1585.0
1783376280000,1.1514,1.1533,1.1513,1.1525,4387.0
1783376340000,1.1525,1.1526,1.1512,1.1512,14245.0
1783376400000,1.1513,1.1513,1.1509,1.151,1960.0
1783376460000,1.1509,1.153,1.1509,1.1523,2820.0
1783376520000,1.1523,1.1524,1.1511,1.1512,16679.0
1783376580000,1.1512,1.1516,1.1511,1.1511,1876.0
1783376640000,1.1511,1.152,1.151,1.1518,7415.0
1783376700000,1.1518,1.1521,1.1513,1.152,2870.0
1783376760000,1.152,1.1521,1.1517,1.1518,7948.0
1783376820000,1.1518,1.1518,1.15,1.1505,17055.0
1783376880000,1.1505,1.1506,1.1494,1.1497,174353.0
1783376940000,1.1497,1.1498,1.1494,1.1497,3486.0
1783377000000,1.1497,1.1498,1.1495,1.1498,5986.0
1783377060000,1.1498,1.1501,1.1483,1.1485,10635.0
1783377120000,1.1485,1.1485,1.1478,1.1479,19041.0
1783377180000,1.1479,1.1482,1.1478,1.1481,6392.0
1783377240000,1.1482,1.1482,1.1476,1.1478,6331.0
1783377300000,1.1478,1.1478,1.1476,1.1476,15349.0
1783377360000,1.1478,1.1478,1.147,1.147,1875.0
1783377420000,1.1471,1.1474,1.1465,1.1473,2330.0
1783377480000,1.1473,1.1474,1.1468,1.1468,1908.0
1783377540000,1.1469,1.1488,1.1468,1.1488,65214.0
1783377600000,1.1488,1.15,1.1487,1.1499,2940.0
1783377660000,1.1499,1.15,1.1496,1.1496,1506.0
1783377720000,1.1497,1.1497,1.149,1.1491,2959.0
1783377780000,1.1494,1.1494,1.1483,1.1483,9152.0
1783377840000,1.1483,1.1491,1.1483,1.1491,1508.0
1783377900000,1.149,1.1491,1.1478,1.1478,2884.0
1783377960000,1.1479,1.1482,1.147,1.1474,34924.0
1783378020000,1.1473,1.1484,1.1473,1.1476,18225.0
1783378080000,1.1477,1.1485,1.1474,1.1484,4211.0
1783378140000,1.1487,1.1491,1.1483,1.149,11874.0
1783378200000,1.1491,1.1493,1.1487,1.1492,1802.0
1783378260000,1.1492,1.1493,1.1489,1.1489,1850.0
1783378320000,1.149,1.149,1.1479,1.1479,1747.0
1783378380000,1.148,1.148,1.147,1.147,3359.0
1783378440000,1.147,1.1471,1.1467,1.1467,1549.0
1783378500000,1.1468,1.1472,1.1466,1.1467,14711.0
1783378560000,1.1467,1.147,1.1462,1.1462,4674.0
1783378620000,1.1462,1.1469,1.1462,1.1466,10332.0
1783378680000,1.1466,1.1467,1.1463,1.1467,1884.0
1783378740000,1.1466,1.1473,1.1466,1.1472,1452.0
1783378800000,1.1472,1.1479,1.1471,1.1473,3729.0
1783378860000,1.1472,1.1477,1.147,1.1473,52377.0
1783378920000,1.1474,1.1482,1.1473,1.1482,2368.0
1783378980000,1.1482,1.1488,1.1478,1.1484,2236.0
1783379040000,1.1484,1.1485,1.148,1.1481,2106.0
1783379100000,1.148,1.1495,1.148,1.1495,1753.0
1783379160000,1.1494,1.1495,1.1494,1.1495,1719.0
1783379220000,1.1495,1.1495,1.1494,1.1494,1763.0
1783379280000,1.1495,1.1495,1.1494,1.1494,10956.0
1783379340000,1.1494,1.1495,1.1475,1.1475,1938.0
1783379400000,1.1475,1.1481,1.1475,1.1477,1661.0
1783379460000,1.148,1.148,1.1476,1.1476,1671.0
1783379520000,1.1476,1.1482,1.1476,1.1478,2309.0
1783379580000,1.1478,1.148,1.1476,1.1477,4676.0
1783379640000,1.1476,1.1477,1.1473,1.1474,1553.0
1783379700000,1.1474,1.1474,1.147,1.147,5251.0
1783379760000,1.147,1.1471,1.1461,1.1461,7501.0
1783379820000,1.1461,1.1462,1.1455,1.1458,22421.0
1783379880000,1.1459,1.1462,1.1456,1.1457,2963.0
1783379940000,1.1457,1.1462,1.1456,1.1462,1475.0
1783380000000,1.1462,1.1462,1.1456,1.146,3698.0
1783380060000,1.1459,1.146,1.1456,1.1456,5082.0
1783380120000,1.1457,1.146,1.1454,1.1454,1646.0
1783380180000,1.1454,1.1455,1.1453,1.1453,3636.0
1783380240000,1.1453,1.1455,1.145,1.145,6411.0
1783380300000,1.1451,1.1451,1.1445,1.1445,6367.0
1783380360000,1.1445,1.145,1.1445,1.1448,56081.0
1783380420000,1.1448,1.1454,1.1448,1.1453,1797.0
1783380480000,1.1453,1.1455,1.145,1.1454,3725.0
1783380540000,1.1454,1.1457,1.1454,1.1454,5352.0
1783380600000,1.1455,1.1458,1.1454,1.1458,1677.0
1783380660000,1.1457,1.1459,1.1455,1.1455,2875.0
1783380720000,1.1455,1.1456,1.1451,1.1451,1620.0
1783380780000,1.1447,1.1448,1.1445,1.1445,6188.0
1783380840000,1.1445,1.1454,1.1445,1.1453,1584.0
1783380900000,1.1454,1.1469,1.1453,1.1468,5397.0
1783380960000,1.1468,1.1469,1.1463,1.1464,4624.0
1783381020000,1.1463,1.1469,1.1463,1.1468,2136.0
1783381080000,1.1468,1.1469,1.1457,1.1459,2450.0
1783381140000,1.1457,1.1459,1.1452,1.1452,1478.0
1783381200000,1.1452,1.1459,1.1452,1.1458,1724.0
1783381260000,1.1458,1.1459,1.1455,1.1459,1772.0
1783381320000,1.1459,1.1459,1.1455,1.1456,2269.0
1783381380000,1.1455,1.1458,1.1455,1.1456,1511.0
1783381440000,1.1455,1.1459,1.1455,1.1459,5103.0
1783381500000,1.1459,1.1459,1.1452,1.1453,2395.0
1783381560000,1.1452,1.1454,1.1444,1.1454,64576.0
1783381620000,1.1454,1.1454,1.1444,1.1448,1782.0
1783381680000,1.1447,1.1448,1.1441,1.1443,4372.0
1783381740000,1.1445,1.145,1.1443,1.1449,2087.0
1783381800000,1.145,1.145,1.1441,1.1444,2160.0
1783381860000,1.1445,1.1445,1.144,1.1441,1802.0
1783381920000,1.144,1.1441,1.144,1.1441,1940.0
1783381980000,1.144,1.1443,1.144,1.1442,2496.0
1783382040000,1.1443,1.1443,1.1439,1.1439,2644.0
1783382100000,1.1439,1.1441,1.1436,1.1436,1809.0
1783382160000,1.1437,1.1437,1.1435,1.1435,3615.0
1783382220000,1.1435,1.1443,1.1435,1.1438,1622.0
1783382280000,1.1438,1.1439,1.1438,1.1439,1670.0
1783382340000,1.1439,1.1445,1.1438,1.1444,6536.0
1783382400000,1.1444,1.1452,1.1444,1.1452,14505.0
1783382460000,1.1451,1.146,1.1449,1.1456,3608.0
1783382520000,1.1456,1.1456,1.1442,1.1454,1733.0
1783382580000,1.1454,1.1456,1.1454,1.1456,1985.0
1783382640000,1.1456,1.1456,1.1448,1.1454,2872.0
1783382700000,1.1454,1.146,1.1451,1.1458,1886.0
1783382760000,1.146,1.1463,1.1457,1.1457,4658.0
1783382820000,1.1458,1.146,1.145,1.1456,3832.0
1783382880000,1.1457,1.1457,1.1443,1.1443,1611.0
1783382940000,1.1443,1.1448,1.1443,1.1448,3372.0
1783383000000,1.1448,1.1455,1.1447,1.1455,1678.0
1783383060000,1.1455,1.1455,1.145,1.145,2838.0
1783383120000,1.1452,1.1455,1.145,1.1455,9144.0
1783383180000,1.1454,1.1458,1.1454,1.1457,1859.0
1783383240000,1.1457,1.1458,1.1454,1.1454,2100.0
1783383300000,1.1454,1.1459,1.1449,1.1459,3737.0
1783383360000,1.1459,1.147,1.1458,1.147,11915.0
1783383420000,1.1469,1.147,1.1463,1.1466,15053.0
1783383480000,1.1465,1.1466,1.1459,1.146,17357.0
1783383540000,1.146,1.147,1.146,1.1469,8395.0
1783383600000,1.147,1.1479,1.1469,1.1477,16906.0
1783383660000,1.1477,1.1487,1.1476,1.1481,3431.0
1783383720000,1.148,1.1488,1.148,1.1484,15506.0
1783383780000,1.1484,1.1485,1.1476,1.1484,12558.0
1783383840000,1.1484,1.1498,1.1484,1.1494,10969.0
1783383900000,1.1494,1.1505,1.149,1.15,19922.0
1783383960000,1.1504,1.1505,1.1501,1.1504,16842.0
1783384020000,1.1503,1.1508,1.15,1.1507,91155.0
1783384080000,1.1507,1.1508,1.1501,1.1502,35428.0
1783384140000,1.1502,1.1502,1.1493,1.1494,7951.0
1783384200000,1.1494,1.1498,1.1478,1.1487,6033.0
1783384260000,1.1487,1.1494,1.1487,1.1487,5891.0
1783384320000,1.1487,1.1494,1.1487,1.1487,2995.0
1783384380000,1.1488,1.1495,1.1482,1.1493,13251.0
1783384440000,1.1495,1.1499,1.1493,1.1499,6668.0
1783384500000,1.1499,1.1502,1.1498,1.1501,8237.0
1783384560000,1.15,1.1504,1.1491,1.1491,9083.0
1783384620000,1.1492,1.1492,1.1478,1.1478,17004.0
1783384680000,1.1478,1.1479,1.1464,1.1464,61366.0
1783384740000,1.1464,1.1466,1.146,1.1464,2088.0
1783384800000,1.1465,1.1465,1.1457,1.1459,66697.0
1783384860000,1.1458,1.1459,1.1458,1.1458,116664.0
1783384920000,1.1458,1.1459,1.1458,1.1458,1622.0
1783384980000,1.1458,1.1459,1.1458,1.1459,15873.0
1783385040000,1.1459,1.1459,1.1456,1.1456,2946.0
1783385100000,1.1457,1.1474,1.1452,1.147,12414.0
1783385160000,1.1469,1.147,1.1457,1.1457,25313.0
1783385220000,1.1457,1.1464,1.1457,1.1461,2518.0
1783385280000,1.1458,1.1475,1.1454,1.1475,4005.0
1783385340000,1.1475,1.1475,1.1473,1.1473,2133.0
1783385400000,1.1473,1.1475,1.1464,1.1465,3336.0
1783385460000,1.1464,1.1472,1.1464,1.1471,4231.0
1783385520000,1.1471,1.1482,1.1471,1.148,2435.0
1783385580000,1.148,1.1488,1.1479,1.1484,2074.0
1783385640000,1.1484,1.1493,1.1483,1.1493,3392.0
1783385700000,1.1492,1.1493,1.1486,1.1486,4724.0
1783385760000,1.1487,1.1488,1.1484,1.1487,5026.0
1783385820000,1.1488,1.1488,1.148,1.1486,7150.0
1783385880000,1.1485,1.1486,1.1482,1.1483,1547.0
1783385940000,1.1482,1.1487,1.1481,1.1481,1834.0
1783386000000,1.1481,1.1482,1.1472,1.1476,2552.0
1783386060000,1.1476,1.1476,1.1458,1.1459,1968.0
1783386120000,1.1458,1.1461,1.1449,1.1449,2053.0
1783386180000,1.145,1.1454,1.1446,1.1451,1822.0
1783386240000,1.1452,1.1452,1.1425,1.1425,46901.0
1783386300000,1.1425,1.143,1.1416,1.1429,33398.0
1783386360000,1.143,1.1434,1.1424,1.1433,2376.0
1783386420000,1.1433,1.144,1.143,1.1433,2044.0
1783386480000,1.1432,1.1435,1.1422,1.1425,4569.0
1783386540000,1.1426,1.1429,1.1425,1.1427,1843.0
1783386600000,1.1428,1.1443,1.1427,1.1438,2364.0
1783386660000,1.1438,1.1438,1.1433,1.1435,1761.0
1783386720000,1.1434,1.144,1.1432,1.1439,2270.0
1783386780000,1.144,1.144,1.143,1.1432,2641.0
1783386840000,1.1432,1.144,1.1432,1.1434,18909.0
1783386900000,1.1435,1.1443,1.143,1.1431,1630.0
1783386960000,1.143,1.1431,1.1419,1.1431,2577.0
1783387020000,1.1431,1.1431,1.1424,1.1428,2454.0
1783387080000,1.1427,1.1433,1.1426,1.1431,1992.0
1783387140000,1.143,1.1431,1.1427,1.143,1931.0
1783387200000,1.143,1.1431,1.1423,1.1424,11305.0
1783387260000,1.1424,1.1429,1.142,1.1428,11753.0
1783387320000,1.1428,1.143,1.1426,1.143,8795.0
1783387380000,1.143,1.1443,1.1429,1.1443,4087.0
1783387440000,1.1442,1.1443,1.1432,1.1433,7949.0
1783387500000,1.1433,1.1436,1.1418,1.1425,2153.0
1783387560000,1.1424,1.1432,1.1424,1.1432,2749.0
1783387620000,1.1431,1.1432,1.1423,1.1424,2715.0
1783387680000,1.1424,1.1424,1.1416,1.142,4264.0
1783387740000,1.142,1.142,1.1405,1.1412,94870.0
1783387800000,1.1412,1.1415,1.1409,1.1414,3389.0
1783387860000,1.1414,1.1415,1.1408,1.1408,1839.0
1783387920000,1.1404,1.1407,1.139,1.1406,115716.0
1783387980000,1.1406,1.1415,1.1405,1.1415,6379.0
1783388040000,1.1414,1.1418,1.1409,1.1409,3290.0
1783388100000,1.1409,1.1413,1.1409,1.1412,14684.0
1783388160000,1.1412,1.1413,1.1395,1.1396,4807.0
1783388220000,1.1396,1.1396,1.1392,1.1396,12694.0
1783388280000,1.1396,1.1402,1.1396,1.1398,1754.0
1783388340000,1.1399,1.1399,1.1395,1.1395,2496.0
1783388400000,1.1395,1.1398,1.1392,1.1396,5028.0
1783388460000,1.1395,1.1399,1.1395,1.1399,7484.0
1783388520000,1.1399,1.1399,1.1393,1.1394,1981.0
1783388580000,1.1394,1.1409,1.1393,1.1409,31833.0
1783388640000,1.1408,1.1409,1.1408,1.1409,1556.0
1783388700000,1.1408,1.1419,1.1408,1.1419,2968.0
1783388760000,1.1419,1.1424,1.1415,1.1423,4632.0
1783388820000,1.1423,1.1433,1.1423,1.1429,3652.0
1783388880000,1.1426,1.1431,1.1425,1.1426,14343.0
1783388940000,1.1427,1.1427,1.1423,1.1426,2797.0
1783389000000,1.1426,1.143,1.1426,1.1429,4046.0
1783389060000,1.143,1.1433,1.1429,1.1433,1801.0
1783389120000,1.1432,1.1433,1.1427,1.143,2092.0
1783389180000,1.1429,1.1432,1.1422,1.1423,1528.0
1783389240000,1.1422,1.1426,1.1422,1.1425,6325.0
1783389300000,1.1423,1.1423,1.1417,1.1417,1687.0
1783389360000,1.1418,1.1421,1.1417,1.142,1621.0
1783389420000,1.142,1.1421,1.1418,1.1419,1723.0
1783389480000,1.1419,1.1421,1.1412,1.1413,1477.0
1783389540000,1.1413,1.1413,1.1405,1.1406,14523.0
1783389600000,1.1406,1.1406,1.1396,1.1401,2017.0
1783389660000,1.14,1.1417,1.14,1.1405,3972.0
1783389720000,1.1405,1.1411,1.1398,1.1399,3147.0
1783389780000,1.1399,1.1402,1.1398,1.1398,2029.0
1783389840000,1.1398,1.1403,1.1396,1.1402,11655.0
1783389900000,1.1403,1.1403,1.1399,1.1401,1809.0
1783389960000,1.1401,1.1402,1.1393,1.1394,23124.0
1783390020000,1.1393,1.1398,1.1392,1.1398,6598.0
1783390080000,1.1398,1.1403,1.1397,1.1403,3075.0
1783390140000,1.1402,1.1404,1.1392,1.1393,73047.0
1783390200000,1.1392,1.1395,1.1392,1.1392,1537.0
1783390260000,1.1392,1.1399,1.1391,1.1399,2484.0
1783390320000,1.1398,1.1399,1.1395,1.1395,5357.0
1783390380000,1.1395,1.1396,1.1395,1.1396,1461.0
1783390440000,1.1396,1.1399,1.1392,1.1398,2665.0
1783390500000,1.1399,1.1399,1.1393,1.1396,2962.0
1783390560000,1.1397,1.1408,1.1396,1.1401,19705.0
1783390620000,1.1402,1.1402,1.1385,1.1388,99328.0
1783390680000,1.1387,1.1394,1.1387,1.1393,4869.0
1783390740000,1.1394,1.1394,1.1386,1.139,18872.0
1783390800000,1.139,1.1393,1.1385,1.1386,19827.0
1783390860000,1.1386,1.1387,1.1384,1.1386,13523.0
1783390920000,1.1387,1.139,1.137,1.1371,14263.0
1783390980000,1.137,1.1376,1.137,1.137,4926.0
1783391040000,1.1371,1.1374,1.1362,1.1364,50259.0
1783391100000,1.1362,1.1366,1.1362,1.1362,9918.0
1783391160000,1.1363,1.1365,1.1361,1.1364,7609.0
1783391220000,1.1364,1.1365,1.1364,1.1365,1445.0
1783391280000,1.1364,1.1365,1.1361,1.1361,3347.0
1783391340000,1.1362,1.1367,1.1358,1.1359,37139.0
1783391400000,1.1358,1.136,1.1343,1.1346,21328.0
1783391460000,1.1346,1.1346,1.1335,1.1339,9331.0
1783391520000,1.1339,1.1343,1.1333,1.1333,24497.0
1783391580000,1.1333,1.1338,1.133,1.1331,4252.0
1783391640000,1.133,1.1331,1.1323,1.1331,89567.0
1783391700000,1.1331,1.1334,1.1326,1.1333,11819.0
1783391760000,1.1333,1.1334,1.133,1.1331,7085.0
1783391820000,1.133,1.1343,1.1327,1.1335,18835.0
1783391880000,1.1335,1.1336,1.1325,1.133,2313.0
1783391940000,1.133,1.1342,1.1329,1.1341,32764.0
1783392000000,1.1342,1.1342,1.1338,1.1341,7969.0
1783392060000,1.134,1.1341,1.1332,1.1333,9315.0
1783392120000,1.1332,1.1333,1.1327,1.1327,1733.0
1783392180000,1.1328,1.1337,1.1327,1.1337,7230.0
1783392240000,1.1336,1.1337,1.1336,1.1337,1943.0
1783392300000,1.1336,1.1342,1.1333,1.1342,8390.0
1783392360000,1.1341,1.1342,1.1334,1.1334,2882.0
1783392420000,1.1335,1.1335,1.1324,1.1325,11806.0
1783392480000,1.1326,1.133,1.1323,1.1326,1454.0
1783392540000,1.1326,1.1326,1.1313,1.1318,52035.0
1783392600000,1.1318,1.1321,1.1317,1.1321,14822.0
1783392660000,1.1321,1.1321,1.1298,1.13,64269.0
1783392720000,1.1298,1.1302,1.1292,1.1301,78844.0
1783392780000,1.1301,1.1308,1.1296,1.1305,18515.0
1783392840000,1.1305,1.1306,1.13,1.1301,1864.0
1783392900000,1.1301,1.1301,1.1293,1.1296,9146.0
1783392960000,1.1297,1.1301,1.1293,1.1297,2198.0
1783393020000,1.1298,1.1301,1.1297,1.13,2532.0
1783393080000,1.13,1.1305,1.129,1.1303,38406.0
1783393140000,1.1303,1.1303,1.1299,1.1302,1965.0
1783393200000,1.1302,1.1308,1.1302,1.1306,6327.0
1783393260000,1.1305,1.1312,1.1295,1.1301,2670.0
1783393320000,1.1297,1.131,1.1297,1.1309,10063.0
1783393380000,1.1309,1.1319,1.1309,1.1313,7743.0
1783393440000,1.1312,1.1327,1.1312,1.1323,2191.0
1783393500000,1.1323,1.1323,1.1318,1.132,15041.0
1783393560000,1.132,1.132,1.1316,1.1318,6394.0
1783393620000,1.1319,1.1326,1.1318,1.1325,9026.0
1783393680000,1.1325,1.1326,1.1322,1.1325,10364.0
1783393740000,1.1326,1.1329,1.1325,1.1329,3330.0
1783393800000,1.1327,1.1329,1.1326,1.1326,9313.0
1783393860000,1.1327,1.1327,1.1319,1.1319,22564.0
1783393920000,1.1319,1.1324,1.1319,1.1323,2464.0
1783393980000,1.1324,1.1324,1.1319,1.1319,15567.0
1783394040000,1.1319,1.132,1.1308,1.1308,40635.0
1783394100000,1.1308,1.132,1.1308,1.1309,4538.0
1783394160000,1.1309,1.131,1.13,1.1307,8059.0
1783394220000,1.1306,1.1315,1.1306,1.1315,1670.0
1783394280000,1.1314,1.1315,1.131,1.131,11189.0
1783394340000,1.1311,1.1314,1.1308,1.1308,4263.0
1783394400000,1.1309,1.1313,1.1303,1.1313,2530.0
1783394460000,1.1312,1.1313,1.1306,1.1307,2571.0
1783394520000,1.1306,1.1307,1.1303,1.1307,35139.0
1783394580000,1.1306,1.1307,1.1284,1.1284,67561.0
1783394640000,1.1284,1.1293,1.1284,1.1293,9946.0
1783394700000,1.1292,1.1297,1.1292,1.1297,1868.0
1783394760000,1.1296,1.1297,1.1279,1.1279,125206.0
1783394820000,1.128,1.1281,1.1273,1.1281,7605.0
1783394880000,1.1281,1.129,1.1277,1.1283,3947.0
1783394940000,1.1284,1.1294,1.1279,1.1294,27926.0
1783395000000,1.1293,1.1303,1.1293,1.1302,24037.0
1783395060000,1.1303,1.1303,1.13,1.1301,4568.0
1783395120000,1.13,1.1307,1.13,1.1306,12349.0
1783395180000,1.1306,1.1309,1.1304,1.1305,3316.0
1783395240000,1.1305,1.1305,1.13,1.1301,2621.0
1783395300000,1.1301,1.1304,1.13,1.1303,1547.0
1783395360000,1.1301,1.1308,1.1301,1.1307,1434.0
1783395420000,1.1308,1.131,1.1301,1.1302,1686.0
1783395480000,1.1301,1.1309,1.1301,1.1303,3858.0
1783395540000,1.1304,1.1304,1.1301,1.1302,1548.0
1783395600000,1.1301,1.1302,1.1293,1.1297,7061.0
1783395660000,1.1296,1.1297,1.129,1.129,32316.0
1783395720000,1.1291,1.1291,1.1282,1.1283,2312.0
1783395780000,1.1282,1.1283,1.128,1.1281,1550.0
1783395840000,1.128,1.1289,1.128,1.1289,2188.0
1783395900000,1.1289,1.1289,1.1281,1.1282,1489.0
1783395960000,1.1281,1.1282,1.1268,1.1275,23305.0
1783396020000,1.1274,1.1277,1.1274,1.1276,1889.0
1783396080000,1.1277,1.1277,1.1272,1.1273,4798.0
1783396140000,1.1273,1.1274,1.1268,1.1274,1517.0
1783396200000,1.1274,1.1276,1.1273,1.1276,37053.0
1783396260000,1.1276,1.1279,1.127,1.127,8316.0
1783396320000,1.1272,1.1278,1.127,1.1273,13402.0
1783396380000,1.1273,1.1276,1.1272,1.1273,1894.0
1783396440000,1.1272,1.1273,1.1272,1.1273,1845.0
1783396500000,1.1272,1.1275,1.1271,1.1272,27269.0
1783396560000,1.1271,1.1272,1.1271,1.1271,6052.0
1783396620000,1.1272,1.1279,1.1271,1.1278,4281.0
1783396680000,1.1279,1.1279,1.1278,1.1278,2663.0
1783396740000,1.1278,1.1288,1.1278,1.1288,17783.0
1783396800000,1.1282,1.1288,1.1277,1.1283,6343.0
1783396860000,1.1284,1.1288,1.1283,1.1284,8104.0
1783396920000,1.1285,1.1285,1.1266,1.1274,26693.0
1783396980000,1.1269,1.1276,1.1266,1.127,8360.0
1783397040000,1.127,1.1278,1.1269,1.1274,1936.0
1783397100000,1.1275,1.1284,1.1274,1.1282,216431.0
1783397160000,1.1282,1.1282,1.1273,1.1273,3115.0
1783397220000,1.1273,1.1279,1.1273,1.1279,2101.0
1783397280000,1.1279,1.1279,1.1278,1.1278,1989.0
1783397340000,1.1279,1.1279,1.1276,1.1276,4194.0
1783397400000,1.1277,1.128,1.1276,1.1279,1478.0
1783397460000,1.1279,1.1282,1.1277,1.1278,2064.0
1783397520000,1.1278,1.1283,1.1277,1.1282,2325.0
1783397580000,1.1283,1.1287,1.127,1.127,3944.0
1783397640000,1.127,1.1273,1.1268,1.1268,4413.0
1783397700000,1.1268,1.1272,1.1268,1.1272,1546.0
1783397760000,1.1271,1.1272,1.1271,1.1271,6122.0
1783397820000,1.1272,1.1272,1.1258,1.1264,32564.0
1783397880000,1.1264,1.1267,1.1262,1.1262,6119.0
1783397940000,1.1262,1.1263,1.1253,1.1256,5252.0
1783398000000,1.1257,1.1269,1.1256,1.1265,47996.0
1783398060000,1.1265,1.1267,1.1257,1.1266,9561.0
1783398120000,1.1267,1.1267,1.1262,1.1262,3355.0
1783398180000,1.1262,1.1263,1.1245,1.1248,92371.0
1783398240000,1.1248,1.1251,1.1248,1.1251,3196.0
1783398300000,1.1251,1.1251,1.125,1.125,3306.0
1783398360000,1.1251,1.1254,1.125,1.1254,10664.0
1783398420000,1.1254,1.1257,1.1253,1.1257,1636.0
1783398480000,1.1257,1.1268,1.1256,1.1263,3601.0
1783398540000,1.1265,1.1265,1.1258,1.1259,2048.0
1783398600000,1.1258,1.1259,1.125,1.1256,25038.0
1783398660000,1.1256,1.1271,1.1256,1.1267,1433.0
1783398720000,1.1266,1.127,1.1266,1.1267,3700.0
1783398780000,1.1267,1.1271,1.1264,1.1271,3535.0
1783398840000,1.127,1.1271,1.1267,1.1271,9342.0
1783398900000,1.127,1.1271,1.1268,1.1268,12556.0
1783398960000,1.1268,1.1269,1.1268,1.1269,1928.0
1783399020000,1.1268,1.1269,1.1257,1.1261,10547.0
1783399080000,1.1261,1.1273,1.1259,1.1265,26472.0
1783399140000,1.1264,1.1265,1.1259,1.1264,1656.0
1783399200000,1.1265,1.1265,1.1259,1.1259,8659.0
1783399260000,1.1265,1.1266,1.1259,1.126,2511.0
1783399320000,1.126,1.126,1.1255,1.1255,6561.0
1783399380000,1.1255,1.1257,1.1255,1.1255,1506.0
1783399440000,1.1256,1.1256,1.125,1.1251,3071.0
1783399500000,1.125,1.1257,1.1246,1.1254,4459.0
1783399560000,1.1253,1.1254,1.1253,1.1254,3657.0
1783399620000,1.1254,1.1254,1.1245,1.1246,3083.0
1783399680000,1.1246,1.1248,1.124,1.1241,7401.0
1783399740000,1.1242,1.1242,1.1226,1.123,78875.0
1783399800000,1.1229,1.1234,1.1229,1.1232,5484.0
1783399860000,1.1232,1.124,1.1232,1.1237,9807.0
1783399920000,1.1236,1.124,1.1236,1.124,1985.0
1783399980000,1.124,1.1244,1.1239,1.1243,5240.0
1783400040000,1.1243,1.1244,1.1239,1.1239,3348.0
1783400100000,1.124,1.124,1.1239,1.124,6050.0
1783400160000,1.1239,1.124,1.1236,1.1236,5444.0
1783400220000,1.1236,1.1244,1.1236,1.1244,8902.0
1783400280000,1.1244,1.1247,1.1243,1.1247,2992.0
1783400340000,1.1247,1.125,1.1246,1.1249,2139.0
1783400400000,1.125,1.1253,1.1249,1.1251,1783.0
1783400460000,1.1251,1.1256,1.1242,1.1242,11087.0
1783400520000,1.1237,1.1245,1.1234,1.1242,5774.0
1783400580000,1.1242,1.1247,1.1241,1.1247,2798.0
1783400640000,1.1247,1.1247,1.1243,1.1245,12070.0
1783400700000,1.1244,1.1248,1.1244,1.1247,1775.0
1783400760000,1.1247,1.1248,1.1247,1.1248,2385.0
1783400820000,1.1247,1.1248,1.1232,1.1239,1689.0
1783400880000,1.1238,1.1244,1.1238,1.1239,2562.0
1783400940000,1.1239,1.1239,1.1232,1.1236,1882.0
1783401000000,1.1235,1.1246,1.1235,1.1246,2090.0
1783401060000,1.1245,1.1246,1.1237,1.1241,1627.0
1783401120000,1.1241,1.1241,1.1234,1.1234,1993.0
1783401180000,1.1234,1.1237,1.1219,1.1221,7000.0
1783401240000,1.1221,1.1221,1.1204,1.1209,15824.0
1783401300000,1.1208,1.1216,1.1208,1.1214,9317.0
1783401360000,1.1213,1.122,1.1213,1.1219,6770.0
1783401420000,1.122,1.1223,1.1219,1.1222,1376.0
1783401480000,1.1223,1.1227,1.1217,1.1221,13899.0
1783401540000,1.1221,1.1221,1.121,1.1215,1725.0
1783401600000,1.1211,1.1215,1.121,1.121,3327.0
1783401660000,1.1211,1.1211,1.121,1.121,15542.0
1783401720000,1.1211,1.122,1.121,1.122,1880.0
1783401780000,1.1219,1.1228,1.1219,1.1225,26217.0
1783401840000,1.1224,1.1232,1.1224,1.1226,11106.0
1783401900000,1.1226,1.1226,1.1222,1.1223,2131.0
1783401960000,1.1222,1.1226,1.1222,1.1223,13883.0
1783402020000,1.1224,1.1225,1.1215,1.1215,2224.0
1783402080000,1.1215,1.1219,1.1215,1.1219,3315.0
1783402140000,1.1219,1.1228,1.1218,1.1225,1870.0
1783402200000,1.1225,1.1245,1.1221,1.1242,356889.0
1783402260000,1.1241,1.1252,1.1238,1.125,18146.0
1783402320000,1.1252,1.1257,1.1248,1.1257,9332.0
1783402380000,1.1256,1.1266,1.1255,1.1258,11779.0
1783402440000,1.1258,1.1265,1.1258,1.1264,22351.0
1783402500000,1.1263,1.127,1.1257,1.1257,9362.0
1783402560000,1.1262,1.1267,1.1258,1.1267,9311.0
1783402620000,1.1266,1.1275,1.1266,1.1272,56909.0
1783402680000,1.1271,1.1272,1.1265,1.1269,4974.0
1783402740000,1.1269,1.1276,1.1266,1.1276,1993.0
1783402800000,1.1276,1.1279,1.1272,1.1278,14272.0
1783402860000,1.1278,1.1279,1.1278,1.1278,8361.0
1783402920000,1.1279,1.1283,1.1274,1.1277,1932.0
1783402980000,1.1277,1.1279,1.1277,1.1279,6431.0
1783403040000,1.1279,1.1279,1.1274,1.1275,2600.0
1783403100000,1.1274,1.1279,1.1272,1.1272,94077.0
1783403160000,1.1272,1.1275,1.1272,1.1275,3702.0
1783403220000,1.1275,1.1275,1.1271,1.1271,2721.0
1783403280000,1.1272,1.1273,1.1268,1.1269,11129.0
1783403340000,1.1268,1.1269,1.1263,1.1266,2659.0
1783403400000,1.1265,1.1271,1.1265,1.127,1903.0
1783403460000,1.1271,1.1279,1.127,1.1278,1652.0
1783403520000,1.1279,1.1282,1.1278,1.1282,12140.0
1783403580000,1.1282,1.1282,1.1281,1.1281,4516.0
1783403640000,1.1281,1.1282,1.1281,1.1282,9436.0
1783403700000,1.1281,1.1291,1.1281,1.1288,12278.0
1783403760000,1.1287,1.1288,1.1279,1.128,11482.0
1783403820000,1.128,1.128,1.1271,1.1271,7085.0
1783403880000,1.1271,1.1272,1.1266,1.1269,4445.0
1783403940000,1.1269,1.127,1.1269,1.1269,1499.0
1783404000000,1.1269,1.127,1.1269,1.1269,2807.0
1783404060000,1.1269,1.1272,1.1269,1.127,10019.0
1783404120000,1.127,1.1282,1.1269,1.1279,3908.0
1783404180000,1.1274,1.1275,1.1264,1.1265,41309.0
1783404240000,1.1265,1.1268,1.1261,1.1267,2400.0
1783404300000,1.1267,1.1268,1.1259,1.1259,9112.0
1783404360000,1.1259,1.1261,1.1257,1.1257,2606.0
1783404420000,1.1257,1.1262,1.1255,1.1258,3112.0
1783404480000,1.1259,1.1262,1.1258,1.1261,18714.0
1783404540000,1.1261,1.1265,1.1261,1.1265,2848.0
1783404600000,1.1265,1.1265,1.1256,1.1256,1915.0
1783404660000,1.1257,1.1257,1.1253,1.1253,3507.0
1783404720000,1.1254,1.1254,1.1251,1.1251,12365.0
1783404780000,1.1251,1.1253,1.1242,1.1244,18456.0
1783404840000,1.1244,1.1248,1.1244,1.1247,8903.0
1783404900000,1.1247,1.1264,1.1247,1.1261,6654.0
1783404960000,1.1261,1.1261,1.1254,1.1256,1581.0
1783405020000,1.1254,1.1262,1.1254,1.1259,2538.0
1783405080000,1.1258,1.1259,1.1255,1.1255,5414.0
1783405140000,1.1256,1.126,1.1255,1.1259,1539.0
1783405200000,1.126,1.1261,1.1259,1.126,602467.0
1783405260000,1.126,1.1265,1.126,1.1265,3368.0
1783405320000,1.1265,1.1266,1.126,1.126,9826.0
1783405380000,1.126,1.1264,1.1259,1.1261,2076.0
1783405440000,1.1261,1.1266,1.1261,1.1265,4128.0
1783405500000,1.1266,1.1269,1.1262,1.1262,1350.0
1783405560000,1.1263,1.1267,1.1262,1.1267,2644.0
1783405620000,1.1267,1.127,1.1266,1.127,1801.0
1783405680000,1.1269,1.127,1.1269,1.1269,1542.0
1783405740000,1.127,1.1275,1.1269,1.1274,2695.0
1783405800000,1.1274,1.1275,1.1266,1.1269,2729.0
1783405860000,1.1268,1.1278,1.1268,1.1277,1993.0
1783405920000,1.1278,1.1284,1.1277,1.1283,1728.0
1783405980000,1.1283,1.129,1.1283,1.1289,7899.0
1783406040000,1.1289,1.1296,1.1289,1.1293,1635.0
1783406100000,1.1293,1.1297,1.1292,1.1297,6442.0
1783406160000,1.1297,1.1297,1.1289,1.1289,7352.0
1783406220000,1.129,1.1307,1.1289,1.1307,20294.0
1783406280000,1.1307,1.1307,1.1301,1.1305,22433.0
1783406340000,1.1305,1.1307,1.1302,1.1303,2200.0
1783406400000,1.1302,1.1303,1.1302,1.1303,1737.0
1783406460000,1.1302,1.1305,1.1302,1.1305,1747.0
1783406520000,1.1304,1.1305,1.1301,1.1302,11942.0
1783406580000,1.1301,1.1306,1.1301,1.1306,4280.0
1783406640000,1.1306,1.1306,1.1305,1.1306,1728.0
1783406700000,1.1306,1.1307,1.1305,1.1305,13378.0
1783406760000,1.1306,1.1306,1.1303,1.1303,3766.0
1783406820000,1.1304,1.1304,1.13,1.13,2738.0
1783406880000,1.1301,1.1305,1.13,1.1305,5084.0
1783406940000,1.1304,1.1311,1.1304,1.1311,2361.0
1783407000000,1.131,1.1312,1.1309,1.131,3950.0
1783407060000,1.131,1.1313,1.1309,1.1312,1984.0
1783407120000,1.1313,1.1314,1.1312,1.1314,1795.0
1783407180000,1.1312,1.1324,1.1312,1.1323,8707.0
1783407240000,1.1319,1.1328,1.1314,1.1319,132307.0
1783407300000,1.1319,1.1322,1.1319,1.132,35309.0
1783407360000,1.132,1.1326,1.1319,1.1326,5512.0
1783407420000,1.1326,1.1326,1.1318,1.1322,52675.0
1783407480000,1.1321,1.1322,1.1317,1.1318,2519.0
1783407540000,1.1317,1.1318,1.1317,1.1317,16567.0
1783407600000,1.1318,1.1318,1.1306,1.1318,4930.0
1783407660000,1.1317,1.1327,1.1317,1.1327,2398.0
1783407720000,1.1326,1.1329,1.1322,1.1327,3610.0
1783407780000,1.1327,1.1329,1.1316,1.1317,10236.0
1783407840000,1.1317,1.1317,1.1316,1.1316,14626.0
1783407900000,1.1316,1.1321,1.1316,1.1317,1807.0
1783407960000,1.1317,1.1322,1.1317,1.1318,7274.0
1783408020000,1.1317,1.1318,1.1317,1.1317,1636.0
1783408080000,1.1317,1.1318,1.1308,1.1309,1679.0
1783408140000,1.1309,1.1316,1.1309,1.1315,3738.0
1783408200000,1.1315,1.1322,1.1314,1.1322,3878.0
1783408260000,1.1321,1.133,1.1319,1.1319,4833.0
1783408320000,1.1319,1.1326,1.1319,1.1323,11390.0
1783408380000,1.1322,1.1345,1.1321,1.1342,58463.0
1783408440000,1.1342,1.1342,1.1337,1.1337,1883.0
1783408500000,1.1338,1.1338,1.1334,1.1334,3947.0
1783408560000,1.1334,1.1344,1.1334,1.1342,1912.0
1783408620000,1.1342,1.1344,1.1337,1.1337,7660.0
1783408680000,1.1337,1.1338,1.133,1.1332,4287.0
1783408740000,1.1332,1.1332,1.133,1.1332,1667.0
1783408800000,1.133,1.1332,1.1327,1.1327,5832.0
1783408860000,1.1327,1.1332,1.1325,1.1326,1880.0
1783408920000,1.1326,1.133,1.1325,1.1329,12950.0
1783408980000,1.133,1.133,1.1324,1.1325,5488.0
1783409040000,1.1324,1.1325,1.1321,1.1321,3013.0
1783409100000,1.1321,1.1322,1.1316,1.132,1718.0
1783409160000,1.132,1.132,1.1316,1.1317,1862.0
1783409220000,1.1316,1.1317,1.1313,1.1317,10306.0
1783409280000,1.1317,1.1317,1.1316,1.1317,4108.0
1783409340000,1.1316,1.1316,1.131,1.1311,43725.0
1783409400000,1.1311,1.1311,1.1306,1.1307,17358.0
1783409460000,1.1306,1.1307,1.1303,1.1304,1591.0
1783409520000,1.1303,1.1304,1.1303,1.1304,2064.0
1783409580000,1.1304,1.1304,1.1298,1.1299,9179.0
1783409640000,1.1298,1.1299,1.1291,1.1291,9412.0
1783409700000,1.1291,1.1293,1.1272,1.1274,42997.0
1783409760000,1.1272,1.1277,1.1265,1.1277,7187.0
1783409820000,1.1277,1.128,1.1266,1.1267,57819.0
1783409880000,1.1271,1.1276,1.1267,1.1272,2355.0
1783409940000,1.1272,1.1275,1.1271,1.1274,1738.0
1783410000000,1.1273,1.128,1.1273,1.1276,2203.0
1783410060000,1.1276,1.128,1.1276,1.1276,1556.0
1783410120000,1.1276,1.1285,1.1276,1.1282,1874.0
1783410180000,1.1282,1.1285,1.1277,1.1281,11238.0
1783410240000,1.1281,1.1291,1.128,1.1285,8824.0
1783410300000,1.1286,1.1286,1.1283,1.1283,3493.0
1783410360000,1.1284,1.1286,1.1282,1.1284,1941.0
1783410420000,1.1284,1.1288,1.1282,1.1286,11785.0
1783410480000,1.1285,1.1286,1.1285,1.1286,6282.0
1783410540000,1.1285,1.1289,1.1285,1.1288,3562.0
1783410600000,1.1288,1.1289,1.1286,1.1287,8231.0
1783410660000,1.1287,1.1292,1.1286,1.1289,2957.0
1783410720000,1.1289,1.1289,1.1273,1.1274,13343.0
1783410780000,1.1274,1.128,1.1272,1.1272,3426.0
1783410840000,1.1271,1.1275,1.1271,1.1274,2141.0
1783410900000,1.1275,1.1278,1.1274,1.1275,1860.0
1783410960000,1.1274,1.1276,1.1271,1.1271,5607.0
1783411020000,1.1271,1.1272,1.1268,1.1269,5365.0
1783411080000,1.1269,1.1272,1.1265,1.1265,2688.0
1783411140000,1.1269,1.1269,1.1261,1.1261,6743.0
1783411200000,1.1263,1.1263,1.1252,1.1255,27383.0
1783411260000,1.1255,1.1262,1.125,1.1259,7055.0
1783411320000,1.1258,1.1259,1.125,1.1251,10135.0
1783411380000,1.125,1.1262,1.125,1.1258,3403.0
1783411440000,1.1259,1.1259,1.125,1.1251,3624.0
1783411500000,1.125,1.1255,1.1248,1.1248,12531.0
1783411560000,1.1248,1.1252,1.1247,1.1247,2464.0
1783411620000,1.1247,1.1251,1.1246,1.1248,1694.0
1783411680000,1.1249,1.1251,1.1248,1.125,3088.0
1783411740000,1.1251,1.1251,1.1248,1.1251,3695.0
1783411800000,1.125,1.1257,1.125,1.1257,2632.0
1783411860000,1.1257,1.1266,1.1256,1.1266,2024.0
1783411920000,1.1266,1.1269,1.1265,1.1268,4337.0
1783411980000,1.1269,1.1269,1.1253,1.1254,1630.0
1783412040000,1.1253,1.1258,1.1253,1.1258,24900.0
1783412100000,1.1255,1.1256,1.1255,1.1255,8127.0
1783412160000,1.1255,1.1256,1.1253,1.1254,2405.0
1783412220000,1.1254,1.1258,1.1253,1.1258,8346.0
1783412280000,1.1258,1.1263,1.1257,1.1263,3502.0
1783412340000,1.1263,1.1267,1.1262,1.1266,2821.0
1783412400000,1.1267,1.1267,1.1261,1.1264,3295.0
1783412460000,1.1264,1.1268,1.1263,1.1267,3177.0
1783412520000,1.1267,1.1272,1.1267,1.127,2226.0
1783412580000,1.1269,1.1273,1.1269,1.1272,3638.0
1783412640000,1.1272,1.1275,1.1266,1.1266,1812.0
1783412700000,1.1266,1.127,1.1264,1.1267,7703.0
1783412760000,1.1266,1.1267,1.1258,1.1258,11531.0
1783412820000,1.1258,1.1259,1.1258,1.1258,1608.0
1783412880000,1.1258,1.1259,1.1254,1.1259,22373.0
1783412940000,1.1259,1.126,1.1258,1.126,2399.0
