timestamp_ms,open,high,low,close,volume
1774773000000,2003.8,2005.39,2003.78,2004.13,708.31
1774773900000,2004.15,2004.71,2001.97,2003.22,940.77
1774774800000,2003.22,2004.62,1999.1,2002.66,1396.28
1774775700000,2002.68,2003.55,1999.84,2001.53,985.96
1774776600000,2001.55,2002.89,1994.83,1997.76,2726.68
1774777500000,1997.78,1999.61,1997.67,1998.09,962.0
1774778400000,1998.11,1998.11,1994.27,1995.67,1391.02
1774779300000,1995.67,1995.69,1990.51,1993.04,2788.58
1774780200000,1993.04,1995.75,1990.98,1995.03,2115.72
1774781100000,1995.06,1996.88,1994.79,1994.91,1175.21
1774782000000,1994.89,2006.75,1994.42,2001.84,3258.56
1774782900000,2001.84,2003.93,1999.62,2002.93,1187.43
1774783800000,2002.94,2005.91,2002.14,2005.0,1558.69
1774784700000,2005.01,2007.05,2001.42,2002.65,1577.0
1774785600000,2002.65,2004.0,2000.65,2001.22,1155.02
1774786500000,2001.22,2002.54,2000.45,2001.74,878.74
1774787400000,2001.76,2002.83,1996.77,1998.12,1815.72
1774788300000,1998.12,2002.03,1996.48,2000.75,1094.47
1774789200000,2000.77,2001.22,1982.73,1988.55,8691.24
1774790100000,1988.55,1992.68,1985.0,1990.28,3356.52
1774791000000,1990.3,1992.6,1989.28,1990.97,1693.71
1774791900000,1990.99,1991.67,1984.53,1986.26,3017.01
1774792800000,1986.24,2001.24,1983.0,1994.23,6772.25
1774793700000,1994.25,1995.21,1990.24,1991.0,2153.62
1774794600000,1991.01,1993.99,1990.07,1993.97,1341.93
1774795500000,1993.97,1994.01,1990.08,1993.12,1302.36
1774796400000,1993.1,1998.0,1988.27,1992.79,4889.49
1774797300000,1992.79,1996.79,1985.32,1988.78,3565.75
1774798200000,1988.76,1990.9,1986.75,1990.01,1931.93
1774799100000,1989.99,1993.27,1988.86,1991.89,1794.72
1774800000000,1991.91,1993.8,1990.89,1992.36,1177.16
1774800900000,1992.36,2002.85,1992.01,1999.92,6422.71
1774801800000,1999.94,1999.94,1995.84,1996.09,2238.55
1774802700000,1996.07,1998.66,1995.39,1996.74,918.49
1774803600000,1996.76,1999.32,1991.9,1992.97,2435.86
1774804500000,1992.99,1993.21,1986.72,1989.49,3609.04
1774805400000,1989.49,1996.5,1988.77,1995.77,1663.56
1774806300000,1995.73,1996.07,1993.11,1994.16,901.26
1774807200000,1994.28,1995.25,1990.0,1992.93,1504.41
1774808100000,1992.91,1995.26,1990.0,1992.78,1198.57
1774809000000,1992.78,2000.43,1992.23,1997.92,1618.85
1774809900000,1997.92,1998.26,1995.16,1996.44,1180.39
1774810800000,1996.42,1997.48,1995.07,1997.19,955.27
1774811700000,1997.19,1999.41,1996.12,1996.86,860.05
1774812600000,1996.88,1998.65,1993.32,1994.45,1350.56
1774813500000,1994.47,1996.0,1993.78,1994.93,829.52
1774814400000,1994.93,1998.56,1994.73,1996.51,1088.22
1774815300000,1996.53,2008.41,1996.39,2005.29,4532.34
1774816200000,2005.27,2005.78,2000.53,2000.56,1606.05
1774817100000,2000.59,2001.89,1999.0,2001.55,813.01
1774818000000,2001.55,2004.26,2000.46,2001.3,884.11
1774818900000,2001.3,2004.29,2000.56,2003.27,767.94
1774819800000,2003.25,2006.41,2002.66,2003.56,1679.23
1774820700000,2003.56,2006.18,2003.03,2005.42,572.07
1774821600000,2005.4,2005.46,1986.92,1991.29,5973.27
1774822500000,1991.27,1997.26,1989.31,1993.6,1212.05
1774823400000,1993.58,1995.0,1962.51,1965.62,11736.15
1774824300000,1965.64,1976.25,1936.38,1972.71,22740.09
1774825200000,1972.68,1993.61,1971.02,1985.22,9677.03
1774826100000,1985.2,1992.96,1980.17,1982.15,4226.57
1774827000000,1982.11,1986.36,1977.56,1984.6,3130.29
1774827900000,1984.62,1990.27,1974.58,1983.43,3672.53
1774828800000,1983.45,1985.64,1978.79,1982.62,2150.51
1774829700000,1982.55,2021.41,1980.57,2006.72,12792.77
1774830600000,2006.72,2012.47,1993.63,1997.76,4256.23
1774831500000,1997.75,2001.0,1990.5,1996.2,3217.58
1774832400000,1996.4,2007.05,1996.2,2000.29,2489.66
1774833300000,2000.37,2010.09,1997.5,2006.55,2423.49
1774834200000,2006.54,2012.87,2005.08,2008.82,2383.87
1774835100000,2009.3,2015.64,2008.15,2009.56,2500.01
1774836000000,2009.56,2018.71,2007.62,2017.85,2489.22
1774836900000,2017.89,2020.5,2011.7,2013.55,2132.64
1774837800000,2013.55,2019.52,2006.88,2018.26,2614.21
1774838700000,2018.3,2042.62,2017.69,2029.05,14368.4
1774839600000,2028.98,2032.82,2026.76,2028.87,2544.83
1774840500000,2028.87,2039.12,2028.14,2036.98,2682.46
1774841400000,2036.99,2038.26,2032.5,2035.01,1751.01
1774842300000,2035.01,2041.28,2033.36,2035.17,1919.95
1774843200000,2035.17,2047.69,2035.06,2043.49,4441.41
1774844100000,2043.49,2051.67,2041.44,2046.1,5200.65
1774845000000,2046.12,2050.0,2041.98,2043.05,2655.61
1774845900000,2043.05,2049.82,2042.65,2047.44,2051.12
1774846800000,2047.46,2057.86,2047.14,2052.28,5946.58
1774847700000,2052.29,2055.82,2051.52,2053.6,2276.4
1774848600000,2053.62,2055.85,2048.37,2049.78,3417.82
1774849500000,2049.77,2051.0,2045.0,2046.92,2457.98
1774850400000,2046.92,2051.54,2044.09,2044.5,3121.57
1774851300000,2044.49,2045.95,2042.29,2044.55,2880.17
1774852200000,2044.54,2047.2,2043.23,2046.4,1581.03
1774853100000,2046.38,2048.66,2040.58,2041.53,2090.11
1774854000000,2041.53,2048.55,2040.0,2046.1,2034.33
1774854900000,2046.12,2047.36,2042.34,2043.66,1294.74
1774855800000,2043.68,2045.74,2040.57,2042.86,1469.83
1774856700000,2042.86,2065.0,2042.56,2058.73,9818.39
1774857600000,2058.67,2065.98,2057.17,2062.17,4743.52
1774858500000,2062.17,2064.77,2058.0,2059.2,4007.29
1774859400000,2059.2,2074.32,2058.96,2065.65,5556.83
1774860300000,2065.62,2067.47,2061.3,2061.38,2362.85
1774861200000,2061.37,2062.47,2058.0,2058.79,2128.35
1774862100000,2058.79,2061.56,2054.82,2055.43,2890.63
1774863000000,2055.45,2056.85,2053.13,2054.7,2936.68
1774863900000,2054.72,2056.93,2053.1,2054.21,1451.79
1774864800000,2054.23,2055.89,2051.21,2052.54,1724.59
1774865700000,2052.52,2057.5,2052.0,2052.87,2044.15
1774866600000,2052.85,2053.23,2047.83,2050.63,2572.05
1774867500000,2050.63,2057.99,2049.83,2057.12,2035.5
1774868400000,2057.1,2062.14,2056.36,2059.57,2766.24
1774869300000,2059.57,2081.82,2057.12,2065.6,9688.54
1774870200000,2065.58,2071.81,2064.35,2065.02,4446.68
1774871100000,2065.01,2075.0,2063.73,2070.2,3697.95
1774872000000,2070.2,2075.4,2068.68,2071.59,3451.68
1774872900000,2071.57,2073.49,2068.05,2069.95,2423.48
1774873800000,2069.97,2077.93,2069.87,2073.4,3054.71
1774874700000,2073.38,2075.14,2071.09,2073.65,1626.84
1774875600000,2073.65,2075.53,2069.46,2072.17,4620.09
1774876500000,2072.15,2083.3,2070.42,2072.43,5884.08
1774877400000,2072.43,2076.8,2065.67,2067.14,6945.52
1774878300000,2067.14,2072.51,2057.12,2059.84,6266.54
1774879200000,2059.86,2069.51,2057.03,2067.07,5816.49
1774880100000,2067.09,2067.97,2050.23,2052.87,5154.66
1774881000000,2052.91,2058.4,2043.63,2048.47,8716.8
1774881900000,2048.54,2075.0,2046.26,2070.72,9390.42
1774882800000,2070.74,2077.55,2064.02,2065.88,6127.17
1774883700000,2065.88,2069.85,2060.88,2066.72,3481.75
1774884600000,2066.72,2078.67,2064.59,2074.74,4719.39
1774885500000,2074.74,2078.54,2071.05,2073.58,2930.63
1774886400000,2073.36,2073.99,2065.52,2067.86,3585.92
1774887300000,2067.86,2068.65,2061.55,2063.18,2165.44
1774888200000,2063.15,2066.6,2060.76,2064.17,1928.03
1774889100000,2064.17,2066.53,2057.84,2065.16,3042.01
1774890000000,2065.18,2071.43,2058.39,2059.01,3127.15
1774890900000,2059.03,2059.55,2031.46,2040.26,13311.14
1774891800000,2040.24,2046.25,2035.0,2045.82,5806.63
1774892700000,2045.8,2049.17,2039.17,2040.77,3425.84
1774893600000,2040.77,2043.03,2034.1,2038.84,3481.6
1774894500000,2038.82,2043.16,2031.43,2035.0,3932.15
1774895400000,2035.02,2040.49,2029.53,2036.24,4824.44
1774896300000,2036.26,2038.71,2027.0,2031.67,3971.44
1774897200000,2031.62,2031.78,2013.84,2018.13,9646.01
1774898100000,2018.17,2020.68,2012.22,2015.16,4558.43
1774899000000,2015.18,2019.72,2013.18,2017.49,2868.53
1774899900000,2017.49,2026.0,2015.56,2022.76,3680.43
1774900800000,2022.78,2026.94,2022.37,2024.0,2357.4
1774901700000,2023.99,2025.61,2020.88,2024.65,1440.95
1774902600000,2024.63,2025.25,2020.15,2023.77,1782.97
1774903500000,2023.79,2025.65,2022.21,2022.41,1036.51
1774904400000,2022.43,2038.81,2020.1,2037.71,4325.58
1774905300000,2037.72,2048.0,2035.09,2041.05,6183.48
1774906200000,2041.07,2045.75,2040.0,2042.85,1325.45
1774907100000,2042.83,2043.69,2034.84,2034.96,1576.34
1774908000000,2034.98,2043.42,2031.12,2033.91,3746.06
1774908900000,2033.91,2038.85,2032.08,2036.12,1482.76
1774909800000,2036.09,2036.11,2032.89,2034.7,709.26
1774910700000,2034.7,2035.37,2027.48,2032.19,1564.15
1774911600000,2032.21,2032.22,2012.8,2020.18,6743.65
1774912500000,2020.17,2024.38,2019.0,2024.07,2405.34
1774913400000,2024.07,2026.66,2022.11,2025.34,1847.11
1774914300000,2025.32,2025.72,2021.97,2025.72,812.39
1774915200000,2025.72,2027.01,2015.32,2020.26,2455.54
1774916100000,2020.26,2026.59,2016.39,2025.97,2860.91
1774917000000,2025.93,2029.77,2022.75,2028.9,2449.11
1774917900000,2028.94,2040.33,2028.8,2035.91,5273.24
1774918800000,2035.96,2039.32,2031.23,2038.9,1912.69
1774919700000,2038.85,2061.66,2038.83,2060.56,11254.45
1774920600000,2060.56,2091.14,2057.04,2073.39,20916.53
1774921500000,2073.07,2076.08,2068.69,2072.18,3560.35
1774922400000,2072.14,2077.09,2066.33,2074.82,3292.18
1774923300000,2074.86,2081.65,2074.68,2076.93,2648.31
1774924200000,2076.91,2078.51,2071.19,2074.43,1833.38
1774925100000,2074.32,2078.45,2071.44,2072.25,1622.44
1774926000000,2072.19,2075.93,2067.0,2070.9,2583.56
1774926900000,2070.9,2072.3,2064.05,2066.08,2519.26
1774927800000,2065.91,2068.8,2060.85,2063.01,2503.51
1774928700000,2063.2,2068.67,2062.54,2065.82,2241.88
1774929600000,2065.81,2069.49,2062.21,2064.81,2249.05
1774930500000,2064.83,2071.61,2056.8,2059.76,5582.07
1774931400000,2059.76,2061.36,2056.36,2060.9,1953.1
1774932300000,2060.9,2065.97,2058.88,2059.89,1936.06
1774933200000,2059.87,2062.99,2054.15,2055.69,2827.76
1774934100000,2055.69,2065.06,2054.18,2064.01,2745.97
1774935000000,2064.0,2066.2,2062.17,2064.5,2409.84
1774935900000,2064.48,2068.18,2062.01,2063.43,2895.77
1774936800000,2063.43,2064.05,2057.47,2058.08,2329.67
1774937700000,2058.08,2059.72,2054.6,2056.68,2531.8
1774938600000,2056.68,2059.64,2054.36,2057.72,1614.31
1774939500000,2057.74,2062.12,2057.72,2061.4,1381.56
1774940400000,2061.4,2062.01,2048.82,2050.44,3964.21
1774941300000,2050.42,2052.0,2041.14,2049.48,6602.96
1774942200000,2049.43,2053.66,2047.53,2052.05,2901.7
1774943100000,2052.07,2056.47,2052.06,2054.93,1818.49
1774944000000,2054.95,2057.98,2050.54,2053.0,2998.62
1774944900000,2053.0,2058.26,2051.34,2053.35,1508.27
1774945800000,2053.37,2053.52,2038.65,2040.09,6171.92
1774946700000,2040.09,2043.0,2035.23,2039.09,5974.71
1774947600000,2039.1,2043.2,2032.39,2036.58,5238.78
1774948500000,2036.59,2037.69,2022.25,2025.37,9146.06
1774949400000,2025.38,2030.75,2023.61,2029.62,3823.55
1774950300000,2029.6,2029.76,2011.14,2017.39,10120.87
1774951200000,2017.35,2024.46,2016.0,2023.92,5498.83
1774952100000,2023.94,2027.85,2022.76,2025.01,2979.45
1774953000000,2024.99,2026.5,2020.33,2022.64,2663.37
1774953900000,2022.66,2029.2,2022.1,2025.43,2964.72
1774954800000,2025.45,2034.8,2021.69,2032.6,4688.42
1774955700000,2032.62,2042.14,2030.91,2036.72,8296.3
1774956600000,2036.72,2043.59,2035.08,2041.46,3462.64
1774957500000,2041.42,2041.47,2035.94,2040.2,2210.98
1774958400000,2040.22,2046.22,2035.99,2036.52,4493.0
1774959300000,2036.52,2052.0,2034.31,2050.66,5969.83
1774960200000,2050.64,2057.26,2047.9,2055.53,5813.12
1774961100000,2055.53,2057.07,2044.54,2046.69,4094.75
1774962000000,2046.67,2059.66,2046.67,2058.99,4386.79
1774962900000,2059.02,2064.11,2055.36,2057.35,4174.38
1774963800000,2057.33,2068.64,2055.2,2062.01,6365.18
1774964700000,2062.01,2079.29,2061.75,2074.03,9022.57
1774965600000,2074.14,2083.75,2067.07,2078.28,9942.83
1774966500000,2078.26,2091.34,2077.81,2085.52,11111.75
1774967400000,2085.61,2087.82,2062.35,2067.53,8762.06
1774968300000,2067.55,2067.7,2036.04,2044.99,18174.57
1774969200000,2044.97,2077.21,2044.43,2074.6,14124.01
1774970100000,2074.52,2077.0,2057.81,2059.63,8496.84
1774971000000,2059.63,2066.63,2055.98,2058.32,5445.63
1774971900000,2058.3,2063.9,2052.6,2053.78,3407.0
1774972800000,2053.77,2065.99,2053.33,2063.47,3950.19
1774973700000,2063.4,2070.24,2060.89,2065.42,3268.18
1774974600000,2065.29,2107.59,2060.29,2093.28,20770.09
1774975500000,2093.27,2102.5,2084.38,2090.73,16245.12
1774976400000,2090.71,2114.98,2087.72,2113.64,11920.75
1774977300000,2113.52,2122.0,2106.39,2107.13,17619.12
1774978200000,2107.11,2113.43,2093.44,2098.3,8993.74
1774979100000,2098.33,2102.3,2089.58,2092.52,6898.5
1774980000000,2092.52,2107.6,2092.52,2106.9,5802.61
1774980900000,2106.9,2114.38,2095.64,2101.47,5799.45
1774981800000,2101.49,2105.3,2096.91,2099.38,2553.65
1774982700000,2099.36,2103.03,2095.59,2098.92,2190.34
1774983600000,2098.92,2103.04,2096.88,2100.74,1810.22
1774984500000,2100.74,2103.12,2095.5,2097.21,1695.2
1774985400000,2097.21,2099.27,2090.95,2095.24,2999.57
1774986300000,2095.24,2098.75,2091.69,2095.52,2197.06
1774987200000,2095.59,2105.71,2095.48,2104.81,3107.58
1774988100000,2104.81,2105.9,2100.71,2102.74,2025.53
1774989000000,2102.72,2106.95,2100.31,2103.58,2327.95
1774989900000,2103.58,2109.1,2101.9,2106.68,2131.11
1774990800000,2106.7,2106.7,2094.58,2096.51,3531.96
1774991700000,2096.49,2099.81,2092.6,2099.15,2156.28
1774992600000,2099.17,2102.8,2098.16,2100.07,1307.8
1774993500000,2100.07,2107.74,2098.13,2101.44,1815.97
1774994400000,2101.44,2103.39,2092.8,2099.13,4079.08
1774995300000,2099.0,2101.37,2095.76,2095.78,1576.28
1774996200000,2095.76,2098.93,2087.43,2096.33,5653.14
1774997100000,2096.29,2096.32,2092.47,2095.53,1016.26
1774998000000,2095.64,2100.22,2091.91,2095.69,2218.35
1774998900000,2095.69,2105.0,2094.17,2099.47,2261.02
1774999800000,2099.49,2104.66,2099.0,2103.81,1669.7
1775000700000,2103.79,2107.26,2099.85,2104.5,2391.31
1775001600000,2104.49,2105.95,2099.22,2101.34,1956.96
1775002500000,2101.32,2106.5,2095.9,2100.41,1825.76
1775003400000,2100.41,2102.55,2095.71,2102.55,1804.89
1775004300000,2102.55,2116.41,2099.39,2113.81,6292.59
1775005200000,2113.87,2114.88,2103.58,2106.29,3284.07
1775006100000,2106.27,2106.29,2098.61,2099.0,2756.13
1775007000000,2099.01,2101.14,2090.58,2094.94,3211.64
1775007900000,2095.6,2096.49,2091.39,2091.97,3004.47
1775008800000,2091.97,2095.8,2087.73,2091.62,4633.89
1775009700000,2091.62,2095.55,2082.26,2084.71,5752.29
1775010600000,2084.73,2089.85,2081.86,2087.08,1917.91
1775011500000,2087.08,2090.4,2085.17,2087.6,2919.25
1775012400000,2087.6,2105.93,2087.6,2100.24,4868.83
1775013300000,2100.24,2101.75,2095.7,2097.57,2367.36
1775014200000,2097.59,2100.64,2094.6,2099.72,1412.07
1775015100000,2099.72,2106.03,2099.72,2101.74,1976.56
1775016000000,2101.76,2104.4,2099.0,2100.78,1911.11
1775016900000,2100.8,2109.69,2099.56,2109.23,2441.51
1775017800000,2109.23,2111.11,2106.88,2108.66,1969.35
1775018700000,2108.66,2115.6,2108.0,2110.27,3115.27
1775019600000,2110.27,2114.41,2105.24,2112.94,2825.54
1775020500000,2112.94,2134.59,2111.48,2126.38,14499.71
1775021400000,2126.53,2130.58,2122.51,2124.7,4233.24
1775022300000,2124.71,2127.33,2121.62,2121.7,2455.69
1775023200000,2121.68,2142.55,2121.62,2137.31,8668.01
1775024100000,2137.29,2144.11,2134.13,2142.88,6124.46
1775025000000,2142.88,2154.62,2140.65,2153.89,9385.81
1775025900000,2153.96,2155.26,2145.64,2150.15,6704.62
1775026800000,2150.15,2156.25,2147.55,2148.66,6510.61
1775027700000,2148.63,2148.94,2136.58,2138.34,5799.02
1775028600000,2138.34,2140.89,2136.51,2138.77,3550.83
1775029500000,2138.77,2140.0,2129.2,2130.05,4343.82
1775030400000,2130.03,2135.06,2124.02,2125.35,6196.52
1775031300000,2125.32,2136.35,2125.0,2135.39,4576.93
1775032200000,2135.38,2142.27,2133.7,2138.8,3593.44
1775033100000,2138.79,2141.91,2131.65,2135.97,3471.93
1775034000000,2135.97,2139.39,2130.26,2132.66,2470.6
1775034900000,2132.66,2134.76,2127.34,2132.68,2724.46
1775035800000,2132.68,2135.79,2127.5,2129.56,2287.78
1775036700000,2129.67,2137.42,2129.0,2135.42,1967.43
1775037600000,2135.42,2136.96,2130.04,2130.07,1626.88
1775038500000,2130.07,2134.0,2129.24,2129.85,1720.72
1775039400000,2129.77,2132.0,2125.15,2130.21,2160.45
1775040300000,2130.21,2135.19,2127.5,2131.52,1995.81
1775041200000,2131.54,2138.24,2129.61,2136.41,1248.1
1775042100000,2136.43,2136.69,2130.93,2133.09,1902.1
1775043000000,2133.11,2136.21,2131.21,2135.06,1016.64
1775043900000,2135.06,2135.99,2132.93,2134.49,1336.62
1775044800000,2134.49,2135.77,2128.04,2133.38,2062.35
1775045700000,2133.38,2135.47,2130.24,2131.84,2568.1
1775046600000,2131.84,2146.6,2120.79,2142.58,8526.69
1775047500000,2142.43,2142.43,2126.34,2129.88,8994.09
1775048400000,2129.93,2130.75,2112.29,2126.55,10574.54
1775049300000,2126.54,2133.58,2126.46,2132.0,5242.64
1775050200000,2132.07,2134.28,2108.17,2115.08,8599.86
1775051100000,2115.09,2123.66,2110.19,2118.48,10069.81
1775052000000,2118.32,2122.89,2112.84,2120.69,4397.36
1775052900000,2120.71,2127.0,2119.52,2124.29,3917.36
1775053800000,2124.29,2128.88,2114.12,2120.53,5980.68
1775054700000,2120.51,2129.84,2118.47,2125.86,4401.08
1775055600000,2125.88,2130.24,2122.36,2123.82,3919.05
1775056500000,2123.84,2136.67,2121.11,2130.42,5634.39
1775057400000,2130.44,2134.0,2128.36,2130.89,3504.12
1775058300000,2130.89,2136.75,2130.89,2134.21,2746.05
1775059200000,2134.2,2134.57,2123.84,2125.94,3328.01
1775060100000,2125.96,2139.07,2125.12,2135.2,3794.92
1775061000000,2135.18,2150.87,2131.95,2149.03,7893.9
1775061900000,2149.05,2149.54,2143.0,2145.0,4620.5
1775062800000,2145.02,2166.94,2144.53,2151.4,12647.31
1775063700000,2151.43,2155.65,2138.91,2140.64,5579.76
1775064600000,2140.66,2144.01,2132.83,2139.21,5277.81
1775065500000,2139.24,2139.77,2132.64,2135.9,2153.15
1775066400000,2135.79,2136.75,2122.37,2130.12,6372.91
1775067300000,2130.1,2131.95,2124.16,2126.57,3358.13
1775068200000,2126.57,2133.99,2124.39,2131.09,2380.09
1775069100000,2131.22,2131.74,2124.79,2128.0,2770.85
1775070000000,2127.99,2133.44,2127.58,2129.63,1267.82
1775070900000,2129.62,2141.39,2126.66,2140.74,1605.7
1775071800000,2141.04,2141.59,2133.55,2137.88,5153.28
1775072700000,2137.88,2144.46,2137.8,2140.29,2313.38
1775073600000,2140.29,2142.48,2129.41,2135.49,3612.1
1775074500000,2135.47,2139.33,2132.48,2132.81,2753.81
1775075400000,2132.83,2140.59,2129.63,2140.07,2637.66
1775076300000,2140.03,2146.32,2139.56,2142.43,2824.18
1775077200000,2142.43,2154.4,2141.4,2150.0,4043.94
1775078100000,2150.0,2158.93,2148.59,2154.48,2981.66
1775079000000,2154.48,2157.88,2153.61,2154.94,2032.41
1775079900000,2154.94,2164.52,2150.3,2155.53,3533.72
1775080800000,2155.52,2157.47,2146.41,2149.56,3404.08
1775081700000,2149.56,2150.03,2141.22,2146.01,4500.39
1775082600000,2145.99,2147.88,2141.96,2144.3,1646.52
1775083500000,2144.23,2145.19,2135.08,2138.67,2157.08
1775084400000,2138.76,2144.86,2137.64,2140.54,1726.55
1775085300000,2140.53,2141.39,2137.39,2139.1,1318.61
1775086200000,2139.12,2142.68,2133.82,2141.01,2426.68
1775087100000,2141.04,2141.32,2135.83,2138.8,1144.54
1775088000000,2138.78,2140.2,2134.54,2138.82,1725.19
1775088900000,2138.8,2141.79,2135.53,2136.93,1226.13
1775089800000,2136.93,2156.03,2136.0,2152.6,4546.96
1775090700000,2152.56,2157.96,2148.52,2154.64,2884.93
1775091600000,2154.62,2154.63,2119.95,2139.16,13275.14
1775092500000,2139.19,2139.33,2104.09,2110.83,16857.67
1775093400000,2110.69,2110.73,2090.29,2090.7,13565.49
1775094300000,2090.8,2100.63,2088.15,2098.51,7520.34
1775095200000,2098.2,2098.2,2077.66,2077.81,8027.13
1775096100000,2077.83,2086.45,2077.0,2081.42,7388.34
1775097000000,2081.42,2087.8,2064.18,2065.13,6812.58
1775097900000,2065.23,2074.81,2063.82,2072.81,6898.22
1775098800000,2072.81,2075.9,2066.42,2068.46,3697.74
1775099700000,2068.47,2074.96,2063.62,2073.05,3202.01
1775100600000,2073.08,2074.39,2045.0,2053.24,10883.73
1775101500000,2053.41,2056.65,2050.8,2054.91,5054.26
1775102400000,2054.91,2057.5,2051.41,2052.66,2970.34
1775103300000,2052.66,2056.65,2046.81,2050.2,4416.34
1775104200000,2050.2,2052.2,2040.89,2044.5,9308.87
1775105100000,2044.42,2046.93,2040.53,2043.82,4916.94
1775106000000,2043.83,2048.38,2038.03,2042.09,4743.61
1775106900000,2042.14,2047.91,2042.04,2045.55,2332.37
1775107800000,2045.55,2048.96,2042.7,2048.37,2730.83
1775108700000,2048.37,2050.5,2045.04,2049.07,3310.76
1775109600000,2049.09,2050.43,2045.02,2045.4,2453.98
1775110500000,2045.4,2052.86,2045.0,2049.29,2595.99
1775111400000,2049.29,2050.33,2044.33,2044.59,1805.75
1775112300000,2044.59,2049.29,2044.59,2048.95,1248.73
1775113200000,2048.93,2049.74,2043.17,2044.29,4250.61
1775114100000,2044.29,2049.57,2044.22,2046.09,1381.65
1775115000000,2046.09,2053.21,2045.85,2052.76,2583.72
1775115900000,2052.74,2055.43,2052.74,2054.76,2979.78
1775116800000,2054.76,2054.76,2048.57,2050.49,2794.3
1775117700000,2050.49,2052.69,2045.93,2049.01,1944.72
1775118600000,2049.01,2051.93,2044.85,2045.2,3947.6
1775119500000,2045.2,2047.0,2044.83,2045.25,1380.16
1775120400000,2045.23,2046.68,2038.68,2042.73,6665.22
1775121300000,2042.75,2047.15,2041.08,2045.8,2095.26
1775122200000,2045.8,2046.72,2042.09,2044.01,1314.34
1775123100000,2044.01,2044.03,2041.5,2043.0,1008.97
1775124000000,2042.98,2044.0,2031.76,2033.68,12981.48
1775124900000,2033.68,2036.26,2031.64,2035.24,3122.83
1775125800000,2035.24,2039.72,2033.95,2038.49,5083.85
1775126700000,2038.49,2038.99,2036.47,2037.78,2107.87
1775127600000,2037.76,2039.4,2030.2,2031.08,4430.52
1775128500000,2031.25,2037.1,2024.45,2036.77,9107.43
1775129400000,2036.77,2037.95,2031.37,2033.44,2717.17
1775130300000,2033.46,2035.15,2030.87,2032.0,2652.93
1775131200000,2031.98,2032.28,2025.25,2028.48,4611.48
1775132100000,2028.46,2032.35,2023.14,2030.04,6379.8
1775133000000,2030.04,2030.98,2026.69,2029.79,2696.69
1775133900000,2029.79,2031.64,2025.09,2025.98,1779.74
1775134800000,2026.0,2029.45,2020.0,2020.97,8245.73
1775135700000,2020.97,2032.89,2019.03,2029.45,5319.59
1775136600000,2029.38,2031.9,2015.57,2019.2,8380.38
1775137500000,2019.22,2039.14,2017.46,2037.84,9709.4
1775138400000,2037.84,2041.31,2031.7,2038.0,7969.77
1775139300000,2038.0,2048.19,2035.83,2037.28,10885.44
1775140200000,2037.28,2070.5,2036.02,2068.53,21472.59
1775141100000,2068.74,2070.84,2055.24,2062.5,10486.31
1775142000000,2062.5,2066.6,2057.2,2062.28,7193.43
1775142900000,2062.3,2062.56,2047.23,2055.15,7625.44
1775143800000,2055.24,2064.0,2050.62,2063.58,4774.75
1775144700000,2063.63,2064.51,2054.0,2058.51,3126.84
1775145600000,2058.49,2060.1,2054.89,2056.87,2591.91
1775146500000,2056.87,2058.2,2050.96,2057.01,3221.04
1775147400000,2057.01,2074.21,2056.23,2066.31,8188.34
1775148300000,2066.29,2069.82,2061.96,2062.01,2771.85
1775149200000,2061.99,2065.36,2054.12,2063.74,5061.61
1775150100000,2063.76,2070.83,2063.49,2064.4,3048.81
1775151000000,2064.42,2066.0,2056.0,2058.27,2773.56
1775151900000,2058.27,2058.46,2043.72,2046.05,4895.74
1775152800000,2046.05,2050.24,2042.56,2046.41,3423.53
1775153700000,2046.39,2049.98,2043.33,2043.67,1818.37
1775154600000,2043.67,2049.76,2043.67,2048.85,1355.47
1775155500000,2048.85,2061.09,2048.23,2057.44,5643.5
1775156400000,2057.44,2060.07,2055.54,2058.46,1961.32
1775157300000,2058.46,2061.87,2055.12,2059.68,1779.56
1775158200000,2059.66,2060.8,2053.7,2057.8,1993.44
1775159100000,2057.8,2065.76,2056.52,2064.35,1854.21
1775160000000,2064.33,2069.8,2059.89,2064.63,2849.22
1775160900000,2064.65,2070.68,2064.64,2070.07,2259.35
1775161800000,2070.03,2073.25,2067.5,2070.38,2220.25
1775162700000,2070.38,2070.88,2066.46,2067.29,1781.32
1775163600000,2067.31,2069.59,2054.75,2058.59,3289.79
1775164500000,2058.57,2062.5,2056.93,2058.52,1667.32
1775165400000,2058.5,2061.4,2056.09,2057.13,1112.17
1775166300000,2057.13,2062.61,2056.51,2062.2,997.58
1775167200000,2062.2,2063.9,2059.46,2060.83,1633.49
1775168100000,2060.83,2063.66,2052.49,2056.12,2033.3
1775169000000,2056.15,2061.23,2056.15,2060.32,759.5
1775169900000,2060.32,2060.88,2057.38,2059.02,669.04
1775170800000,2059.04,2060.7,2054.6,2056.68,1407.59
1775171700000,2056.66,2060.56,2053.57,2054.06,1604.75
1775172600000,2054.03,2055.95,2052.67,2054.42,1222.63
1775173500000,2054.42,2056.62,2053.12,2055.99,651.79
1775174400000,2056.22,2058.32,2052.01,2054.77,1069.25
1775175300000,2054.7,2058.69,2052.5,2054.02,1260.91
1775176200000,2054.02,2057.08,2051.31,2052.48,913.94
1775177100000,2052.48,2052.5,2049.0,2052.03,1429.72
1775178000000,2052.03,2054.5,2050.5,2053.29,899.44
1775178900000,2053.3,2059.07,2050.0,2058.37,1891.7
1775179800000,2058.37,2061.64,2044.18,2047.01,5378.46
1775180700000,2047.03,2049.95,2044.37,2049.43,5606.35
1775181600000,2049.43,2049.67,2043.48,2048.47,1842.25
1775182500000,2048.45,2058.92,2047.36,2047.86,5615.93
1775183400000,2047.86,2048.9,2040.0,2043.06,7043.95
1775184300000,2043.06,2053.37,2042.42,2051.4,2517.65
1775185200000,2051.4,2054.7,2049.0,2054.7,3286.36
1775186100000,2054.69,2056.38,2050.27,2051.74,2127.87
1775187000000,2051.72,2055.25,2049.94,2052.2,1170.12
1775187900000,2052.2,2054.2,2050.26,2053.0,816.34
1775188800000,2053.0,2055.0,2051.86,2054.29,888.89
1775189700000,2054.29,2057.0,2050.03,2050.07,983.74
1775190600000,2050.05,2052.2,2048.1,2050.86,1125.72
1775191500000,2050.84,2055.27,2050.65,2053.57,880.21
1775192400000,2053.55,2055.63,2052.25,2052.47,1411.69
1775193300000,2052.47,2052.93,2046.64,2052.75,1005.36
1775194200000,2052.75,2063.41,2052.73,2059.73,4580.34
1775195100000,2059.73,2060.14,2054.83,2056.17,1713.93
1775196000000,2056.15,2059.19,2053.69,2059.03,1549.23
1775196900000,2059.03,2062.09,2057.23,2058.9,2165.27
1775197800000,2058.9,2065.76,2056.0,2061.9,3414.44
1775198700000,2061.92,2063.64,2061.0,2062.63,1796.39
1775199600000,2062.63,2066.93,2061.0,2063.35,1673.33
1775200500000,2063.37,2065.0,2061.84,2064.67,1396.11
1775201400000,2064.65,2074.45,2063.36,2068.0,5265.99
1775202300000,2067.99,2068.14,2063.36,2065.08,2528.41
1775203200000,2065.12,2071.21,2063.63,2067.16,2412.7
1775204100000,2067.14,2067.98,2063.78,2064.77,2136.76
1775205000000,2064.77,2066.6,2057.58,2059.39,3213.85
1775205900000,2059.37,2061.27,2057.44,2059.87,2737.94
1775206800000,2059.85,2061.96,2058.96,2060.95,1014.78
1775207700000,2060.93,2063.12,2055.86,2058.24,2798.02
1775208600000,2058.26,2062.22,2057.36,2061.24,1315.85
1775209500000,2061.28,2061.62,2057.81,2060.12,642.95
1775210400000,2060.12,2060.14,2056.43,2057.41,1221.81
1775211300000,2057.43,2058.98,2054.6,2055.0,1097.14
1775212200000,2055.0,2056.5,2052.06,2055.85,1966.73
1775213100000,2055.83,2059.7,2055.83,2058.71,1370.74
1775214000000,2058.71,2060.62,2057.22,2058.06,1409.46
1775214900000,2058.11,2060.83,2056.68,2059.63,1099.42
1775215800000,2059.61,2063.85,2058.79,2062.11,1898.21
1775216700000,2062.11,2063.46,2060.75,2061.89,1228.16
1775217600000,2061.89,2063.11,2057.89,2059.89,1372.5
1775218500000,2059.77,2066.81,2057.58,2066.53,3031.05
1775219400000,2066.51,2079.0,2055.37,2057.6,11650.34
1775220300000,2057.58,2059.35,2044.05,2049.05,6827.01
1775221200000,2049.07,2050.26,2041.0,2044.39,5636.68
1775222100000,2044.39,2048.89,2043.24,2047.6,3025.19
1775223000000,2047.61,2048.41,2043.8,2046.09,2391.72
1775223900000,2046.09,2048.34,2040.55,2047.07,4210.9
1775224800000,2047.07,2052.36,2044.16,2048.83,3180.58
1775225700000,2048.83,2055.99,2046.47,2052.51,3338.21
1775226600000,2052.51,2053.27,2047.74,2049.51,2571.78
1775227500000,2049.52,2056.0,2049.51,2053.34,1607.86
1775228400000,2053.34,2056.8,2052.57,2054.85,1519.69
1775229300000,2054.85,2054.88,2049.91,2052.58,1317.68
1775230200000,2052.58,2053.78,2048.1,2049.61,1368.65
1775231100000,2049.61,2051.71,2048.11,2050.25,913.89
1775232000000,2050.25,2052.93,2048.57,2051.72,1303.29
1775232900000,2051.7,2055.0,2051.0,2054.66,2329.97
1775233800000,2054.64,2054.64,2050.0,2051.35,992.55
1775234700000,2051.35,2055.77,2050.52,2053.69,1574.52
1775235600000,2053.69,2054.55,2050.94,2050.94,1683.95
1775236500000,2050.95,2051.12,2042.86,2046.52,3040.77
1775237400000,2046.5,2049.71,2046.5,2048.51,747.11
1775238300000,2048.53,2050.35,2046.23,2049.12,1281.43
1775239200000,2049.12,2050.74,2046.77,2049.1,722.18
1775240100000,2049.1,2052.42,2048.68,2049.23,1281.46
1775241000000,2049.21,2052.17,2048.16,2049.64,675.28
1775241900000,2049.64,2050.13,2047.32,2048.28,983.9
1775242800000,2048.26,2048.77,2044.68,2046.58,736.4
1775243700000,2046.6,2049.73,2046.53,2047.8,712.19
1775244600000,2047.8,2049.9,2047.39,2049.35,894.21
1775245500000,2049.35,2053.28,2049.35,2051.48,1726.91
1775246400000,2051.52,2053.0,2050.75,2052.71,1205.79
1775247300000,2052.73,2053.71,2050.94,2051.57,929.91
1775248200000,2051.57,2053.53,2050.77,2052.85,477.34
1775249100000,2052.76,2053.63,2051.55,2051.67,1302.11
1775250000000,2051.67,2059.53,2051.53,2057.87,1278.56
1775250900000,2057.81,2058.5,2055.15,2056.1,1618.24
1775251800000,2056.1,2058.87,2055.63,2057.3,2030.55
1775252700000,2057.32,2058.74,2055.99,2057.31,2179.65
1775253600000,2057.33,2058.88,2053.48,2054.12,2187.65
1775254500000,2054.12,2055.94,2052.5,2053.91,661.5
1775255400000,2053.93,2054.84,2052.74,2053.38,821.07
1775256300000,2053.33,2053.58,2048.49,2051.07,1556.48
1775257200000,2051.05,2051.54,2049.2,2050.43,936.43
1775258100000,2050.43,2050.93,2048.31,2049.37,543.22
1775259000000,2049.39,2051.41,2048.36,2049.92,858.61
1775259900000,2049.92,2053.25,2049.92,2052.87,1146.02
1775260800000,2052.89,2052.89,2050.42,2051.65,512.2
1775261700000,2051.65,2052.86,2050.59,2051.18,483.45
1775262600000,2051.18,2053.06,2050.88,2052.51,695.32
1775263500000,2052.51,2052.53,2050.88,2051.24,908.89
1775264400000,2051.22,2053.1,2049.76,2050.0,813.19
1775265300000,2050.02,2050.4,2048.26,2049.22,751.03
1775266200000,2049.22,2051.02,2048.74,2049.86,548.81
1775267100000,2049.86,2051.0,2049.74,2050.58,448.48
1775268000000,2050.58,2052.63,2047.76,2049.02,1289.46
1775268900000,2049.05,2049.12,2046.89,2048.27,1316.38
1775269800000,2048.27,2049.74,2048.14,2048.27,615.34
1775270700000,2048.27,2049.32,2047.31,2049.32,938.82
1775271600000,2049.32,2051.24,2049.15,2050.86,629.74
1775272500000,2050.84,2050.9,2049.58,2050.21,622.46
1775273400000,2050.19,2050.38,2048.71,2048.96,541.82
1775274300000,2048.94,2050.23,2048.88,2049.27,15755.7
1775275200000,2049.27,2049.53,2047.63,2047.89,574.43
1775276100000,2047.89,2049.98,2047.54,2049.98,445.98
1775277000000,2049.98,2050.86,2049.34,2050.47,597.53
1775277900000,2050.47,2050.75,2048.16,2050.22,487.57
1775278800000,2050.2,2051.38,2049.67,2050.38,537.28
1775279700000,2050.38,2051.95,2050.36,2051.27,793.73
1775280600000,2051.31,2054.14,2051.08,2051.96,2088.89
1775281500000,2051.98,2053.5,2051.98,2052.83,796.78
1775282400000,2052.83,2054.13,2052.48,2054.04,953.67
1775283300000,2054.04,2055.15,2051.72,2053.16,1019.72
1775284200000,2053.14,2053.56,2051.9,2053.56,750.37
1775285100000,2053.54,2057.22,2053.54,2055.36,1676.57
1775286000000,2055.35,2056.05,2052.15,2053.04,1103.19
1775286900000,2052.98,2053.19,2051.59,2052.01,662.54
1775287800000,2052.06,2053.0,2051.69,2051.78,629.15
1775288700000,2051.77,2053.49,2050.33,2052.8,1582.01
1775289600000,2052.8,2054.19,2052.31,2052.87,865.24
1775290500000,2052.85,2054.37,2052.8,2053.84,535.65
1775291400000,2053.84,2053.84,2050.53,2050.69,916.35
1775292300000,2050.69,2050.8,2048.5,2049.54,1173.88
1775293200000,2049.54,2050.55,2048.5,2050.53,854.78
1775294100000,2050.51,2050.99,2048.26,2049.16,7621.49
1775295000000,2049.16,2049.46,2048.08,2048.36,758.77
1775295900000,2048.38,2049.58,2048.31,2049.4,722.01
1775296800000,2049.4,2050.33,2046.43,2046.75,1274.09
1775297700000,2046.75,2048.06,2046.44,2047.77,1012.32
1775298600000,2047.75,2053.75,2046.8,2051.57,1777.43
1775299500000,2051.57,2054.02,2051.05,2053.3,1651.15
1775300400000,2053.28,2054.24,2051.04,2052.0,1455.98
1775301300000,2052.0,2052.31,2050.85,2051.35,671.08
1775302200000,2051.35,2051.66,2050.0,2050.57,889.37
1775303100000,2050.57,2051.0,2050.27,2050.97,618.46
1775304000000,2050.99,2052.5,2048.68,2049.21,1283.76
1775304900000,2049.23,2051.57,2049.06,2050.34,604.2
1775305800000,2050.34,2050.66,2047.02,2047.39,1386.23
1775306700000,2047.41,2049.1,2047.3,2049.05,1294.1
1775307600000,2049.05,2049.93,2048.75,2049.09,655.21
1775308500000,2049.07,2050.29,2048.53,2049.11,744.89
1775309400000,2049.13,2053.2,2048.44,2051.9,1282.38
1775310300000,2051.92,2053.83,2049.95,2052.36,1666.6
1775311200000,2052.24,2053.7,2051.12,2052.26,1781.64
1775312100000,2052.26,2052.88,2050.73,2050.83,942.02
1775313000000,2050.83,2050.83,2043.15,2048.4,3982.77
1775313900000,2048.4,2052.79,2048.09,2052.08,1704.44
1775314800000,2052.08,2060.52,2051.28,2055.54,8090.65
1775315700000,2055.54,2057.93,2052.12,2053.93,2947.48
1775316600000,2053.95,2054.7,2052.27,2053.11,1133.76
1775317500000,2053.11,2055.57,2051.5,2055.15,900.15
1775318400000,2055.15,2055.57,2052.81,2053.0,1059.47
1775319300000,2052.98,2061.27,2052.19,2058.7,2518.34
1775320200000,2058.71,2060.0,2056.31,2058.82,2127.47
1775321100000,2058.85,2060.2,2053.85,2054.64,1665.58
1775322000000,2054.66,2055.56,2051.69,2055.56,2330.05
1775322900000,2055.56,2057.82,2054.42,2056.38,2296.87
1775323800000,2056.35,2056.5,2054.03,2054.05,719.97
1775324700000,2054.03,2056.43,2053.7,2055.82,542.5
1775325600000,2055.8,2056.59,2054.8,2055.72,1179.66
1775326500000,2055.7,2057.45,2055.61,2055.88,603.01
1775327400000,2055.88,2055.9,2054.19,2054.54,702.98
1775328300000,2054.52,2055.53,2053.84,2054.25,713.49
1775329200000,2054.27,2078.9,2053.67,2077.59,8806.64
1775330100000,2077.59,2082.97,2066.98,2067.47,8087.27
1775331000000,2067.45,2068.68,2063.52,2064.14,2134.27
1775331900000,2064.16,2066.65,2063.17,2063.89,1140.93
1775332800000,2063.89,2064.15,2058.93,2060.71,2054.06
1775333700000,2060.71,2063.72,2060.69,2062.8,968.98
1775334600000,2062.82,2063.14,2061.5,2062.38,505.91
1775335500000,2062.38,2062.62,2060.9,2061.99,457.53
1775336400000,2061.97,2063.47,2061.67,2062.32,624.99
1775337300000,2062.32,2066.65,2062.28,2066.56,986.87
1775338200000,2066.56,2068.0,2065.0,2066.11,1223.43
1775339100000,2066.11,2070.9,2066.11,2067.77,1057.98
1775340000000,2067.79,2069.74,2067.31,2068.73,1016.3
1775340900000,2068.71,2071.23,2068.41,2070.19,807.97
1775341800000,2070.19,2070.7,2068.17,2070.7,492.04
1775342700000,2070.68,2070.75,2067.67,2068.09,557.32
1775343600000,2068.03,2068.22,2064.08,2065.04,1360.73
1775344500000,2065.04,2065.15,2063.0,2063.13,1025.34
1775345400000,2063.13,2064.03,2061.62,2062.97,1355.04
1775346300000,2062.95,2065.28,2061.56,2064.56,851.98
1775347200000,2064.56,2065.32,2062.09,2062.11,792.35
1775348100000,2062.09,2063.72,2062.0,2063.68,721.05
1775349000000,2063.66,2064.71,2062.56,2064.14,910.77
1775349900000,2064.12,2064.45,2059.15,2061.28,1441.28
1775350800000,2061.28,2061.55,2056.17,2059.66,2035.89
1775351700000,2059.64,2059.67,2057.33,2058.19,620.29
1775352600000,2058.17,2058.39,2056.13,2057.09,1262.75
1775353500000,2057.07,2058.14,2056.18,2056.33,775.17
1775354400000,2056.31,2056.34,2053.18,2053.64,2054.28
1775355300000,2053.68,2058.56,2053.0,2057.35,1693.0
1775356200000,2057.35,2059.01,2056.73,2057.36,875.49
1775357100000,2057.36,2058.95,2057.0,2058.89,475.6
1775358000000,2058.87,2059.52,2058.14,2059.11,940.46
1775358900000,2059.13,2059.13,2056.19,2057.14,558.61
1775359800000,2057.12,2057.14,2054.07,2056.0,1005.77
1775360700000,2056.02,2056.27,2054.68,2055.6,481.57
1775361600000,2055.6,2055.63,2052.91,2053.65,1060.31
1775362500000,2053.65,2057.39,2053.08,2056.95,1178.05
1775363400000,2056.93,2056.95,2053.69,2054.21,809.01
1775364300000,2054.21,2055.72,2053.23,2054.21,1325.22
1775365200000,2054.19,2055.99,2053.19,2053.45,629.18
1775366100000,2053.43,2053.88,2049.99,2051.99,5315.61
1775367000000,2051.9,2053.35,2050.65,2052.14,1725.31
1775367900000,2052.16,2052.51,2045.96,2047.7,3746.21
1775368800000,2047.68,2048.1,2030.35,2032.06,14559.02
1775369700000,2032.06,2035.32,2026.08,2034.28,8199.28
1775370600000,2034.29,2039.17,2033.42,2038.27,3128.91
1775371500000,2038.29,2039.0,2037.07,2037.09,1279.63
1775372400000,2037.11,2041.12,2037.09,2040.6,2887.94
1775373300000,2040.62,2041.92,2037.72,2038.86,2206.01
1775374200000,2038.86,2038.96,2033.12,2035.07,2801.54
1775375100000,2035.09,2036.74,2033.84,2036.11,1354.8
1775376000000,2036.11,2037.8,2034.72,2037.19,1469.53
1775376900000,2037.19,2038.34,2036.02,2036.37,1021.55
1775377800000,2036.35,2038.16,2036.02,2036.42,571.73
1775378700000,2036.44,2038.61,2036.28,2038.0,848.49
1775379600000,2038.0,2041.18,2037.0,2039.03,2370.88
1775380500000,2039.05,2043.57,2038.83,2042.73,2120.93
1775381400000,2042.75,2044.61,2041.61,2044.18,1465.08
1775382300000,2044.18,2044.9,2042.79,2043.13,767.69
1775383200000,2043.13,2044.42,2041.81,2042.13,1185.59
1775384100000,2042.15,2044.0,2041.46,2043.9,811.9
1775385000000,2043.9,2051.6,2043.0,2046.1,4789.44
1775385900000,2046.1,2046.1,2042.83,2043.6,1289.29
1775386800000,2043.58,2044.79,2041.71,2043.9,1357.14
1775387700000,2043.86,2044.88,2040.49,2041.66,1516.7
1775388600000,2041.66,2042.0,2039.3,2040.13,1169.3
1775389500000,2040.14,2041.59,2039.31,2040.87,858.27
1775390400000,2040.87,2042.0,2037.02,2037.72,2122.99
1775391300000,2037.72,2038.96,2036.32,2036.34,1572.32
1775392200000,2036.32,2036.88,2020.97,2023.75,12376.92
1775393100000,2023.75,2028.32,2021.76,2027.09,5769.87
1775394000000,2027.1,2029.64,2025.2,2025.47,3019.65
1775394900000,2025.47,2031.79,2024.51,2024.7,3336.71
1775395800000,2024.65,2030.2,2024.09,2028.68,2302.99
1775396700000,2028.68,2036.35,2028.55,2035.34,4642.05
1775397600000,2035.34,2040.99,2034.08,2035.47,4957.79
1775398500000,2035.22,2040.28,2034.35,2039.01,3823.08
1775399400000,2039.01,2042.33,2037.4,2039.62,2493.96
1775400300000,2039.62,2039.79,2036.81,2037.44,1559.93
1775401200000,2037.42,2040.54,2033.17,2039.59,2979.22
1775402100000,2039.61,2062.5,2039.1,2059.64,13255.63
1775403000000,2059.64,2068.91,2052.27,2058.5,15384.56
1775403900000,2058.49,2058.73,2052.04,2052.98,3412.94
1775404800000,2053.0,2056.43,2052.28,2054.59,2390.37
1775405700000,2054.59,2056.54,2053.7,2053.7,1536.12
1775406600000,2053.69,2058.47,2053.09,2055.11,1663.13
1775407500000,2055.11,2055.14,2049.25,2051.1,2610.09
1775408400000,2051.08,2056.24,2047.81,2055.07,2218.23
1775409300000,2055.07,2055.85,2050.83,2055.2,1167.51
1775410200000,2055.18,2059.95,2053.96,2059.93,2556.96
1775411100000,2059.95,2061.43,2057.44,2061.38,2950.56
1775412000000,2061.36,2061.82,2055.87,2057.66,2058.43
1775412900000,2057.66,2058.65,2056.42,2056.67,955.24
1775413800000,2056.67,2065.6,2056.65,2063.84,2064.55
1775414700000,2063.83,2065.37,2060.57,2061.86,1100.59
1775415600000,2061.94,2062.95,2060.81,2062.13,621.07
1775416500000,2062.15,2068.85,2061.58,2065.44,2745.57
1775417400000,2065.46,2065.49,2057.41,2058.03,1790.45
1775418300000,2058.05,2061.0,2056.91,2061.0,1169.75
1775419200000,2060.99,2063.2,2060.67,2061.8,760.76
1775420100000,2061.8,2065.51,2061.78,2064.72,683.99
1775421000000,2064.72,2073.96,2064.19,2066.3,5777.4
1775421900000,2066.32,2069.61,2065.77,2067.9,1399.5
1775422800000,2067.92,2069.0,2058.17,2059.73,2183.91
1775423700000,2059.73,2061.24,2057.15,2059.51,1323.13
1775424600000,2059.56,2060.32,2055.64,2059.09,1636.82
1775425500000,2059.09,2064.78,2057.98,2059.08,1670.15
1775426400000,2059.1,2066.54,2049.53,2053.87,3991.79
1775427300000,2053.85,2056.0,2048.69,2052.95,2232.14
1775428200000,2052.97,2071.18,2051.76,2069.42,2979.5
1775429100000,2069.37,2087.34,2068.79,2084.89,11613.86
1775430000000,2084.89,2096.56,2081.08,2096.53,7818.57
1775430900000,2096.47,2117.11,2096.33,2107.23,15016.76
1775431800000,2107.25,2122.41,2107.0,2110.31,8977.2
1775432700000,2110.29,2115.32,2107.5,2108.94,3729.3
1775433600000,2109.38,2134.46,2109.02,2118.79,13746.34
1775434500000,2118.81,2124.87,2114.48,2122.18,4088.19
1775435400000,2122.16,2131.1,2119.21,2127.57,4353.06
1775436300000,2127.55,2128.91,2120.42,2121.09,2227.07
1775437200000,2121.09,2123.57,2114.74,2114.81,3568.37
1775438100000,2114.85,2118.87,2111.47,2118.75,2893.19
1775439000000,2118.75,2119.63,2113.39,2114.69,4390.71
1775439900000,2114.69,2117.86,2113.41,2114.24,1571.72
1775440800000,2114.26,2145.84,2113.54,2132.51,8670.13
1775441700000,2132.5,2139.96,2129.48,2134.09,3303.51
1775442600000,2134.11,2140.45,2130.68,2132.86,2917.04
1775443500000,2132.91,2136.25,2131.8,2132.67,1524.24
1775444400000,2132.69,2135.61,2130.38,2130.9,1982.0
1775445300000,2130.9,2136.43,2127.63,2134.68,2292.69
1775446200000,2134.67,2136.3,2129.78,2130.81,1265.5
1775447100000,2130.81,2132.3,2125.63,2128.49,1997.56
1775448000000,2128.49,2133.0,2125.0,2127.81,2777.87
1775448900000,2127.81,2127.98,2124.15,2126.44,1296.66
1775449800000,2126.42,2133.88,2125.59,2131.84,2006.48
1775450700000,2131.84,2133.14,2129.53,2130.1,905.86
1775451600000,2130.1,2131.08,2128.97,2130.05,813.63
1775452500000,2130.05,2133.76,2128.0,2129.87,1156.74
1775453400000,2129.87,2131.5,2128.53,2130.78,694.88
1775454300000,2130.52,2131.67,2127.44,2130.4,761.39
1775455200000,2130.4,2138.04,2126.99,2135.71,3399.44
1775456100000,2135.73,2135.73,2119.58,2120.47,3474.88
1775457000000,2120.49,2124.38,2119.1,2122.47,2544.57
1775457900000,2122.49,2129.6,2122.05,2126.44,2895.14
1775458800000,2126.42,2127.48,2121.76,2124.06,1260.71
1775459700000,2124.06,2135.78,2124.04,2133.44,2610.81
1775460600000,2133.42,2136.36,2129.75,2130.13,2019.1
1775461500000,2130.26,2140.26,2129.52,2134.05,3555.01
1775462400000,2134.04,2137.34,2132.54,2135.97,1469.05
1775463300000,2136.11,2139.44,2133.6,2135.64,1579.26
1775464200000,2135.64,2146.95,2134.85,2139.78,5444.89
1775465100000,2139.78,2140.69,2136.39,2137.5,1762.37
1775466000000,2137.51,2153.85,2137.28,2147.56,5570.63
1775466900000,2147.57,2173.42,2147.42,2158.02,17544.15
1775467800000,2158.01,2161.6,2148.63,2151.22,5373.81
1775468700000,2151.22,2153.18,2147.69,2149.97,2328.66
1775469600000,2150.0,2155.88,2149.52,2154.08,2047.23
1775470500000,2154.06,2156.51,2151.0,2153.45,1551.33
1775471400000,2153.43,2156.61,2152.27,2154.4,1272.4
1775472300000,2154.42,2154.54,2148.28,2152.37,2646.12
1775473200000,2152.35,2152.7,2147.0,2148.21,3091.43
1775474100000,2148.22,2151.01,2145.75,2150.2,1829.74
1775475000000,2150.18,2152.81,2148.61,2150.19,1532.54
1775475900000,2150.19,2152.88,2149.0,2150.67,1187.32
1775476800000,2150.69,2151.74,2146.43,2147.88,1636.06
1775477700000,2147.86,2149.75,2146.32,2147.64,2575.62
1775478600000,2147.66,2152.79,2145.83,2150.43,2315.41
1775479500000,2150.43,2153.77,2141.14,2142.46,4149.69
1775480400000,2142.46,2145.46,2140.94,2143.16,2721.37
1775481300000,2143.18,2143.51,2138.0,2142.78,3096.99
1775482200000,2142.75,2148.45,2136.88,2141.0,6037.5
1775483100000,2141.0,2147.51,2139.93,2144.92,2787.44
1775484000000,2144.92,2156.34,2136.31,2141.01,5971.75
1775484900000,2141.02,2164.35,2141.02,2153.72,8820.75
1775485800000,2153.71,2161.61,2141.48,2146.83,9343.56
1775486700000,2146.81,2157.85,2142.49,2155.33,4720.63
1775487600000,2155.31,2166.96,2154.13,2166.0,7083.53
1775488500000,2166.0,2167.52,2157.72,2164.75,4356.89
1775489400000,2164.75,2168.38,2159.35,2163.27,3159.59
1775490300000,2163.27,2165.7,2161.72,2163.52,1983.73
1775491200000,2163.48,2167.34,2159.07,2165.27,4445.21
1775492100000,2165.25,2165.85,2156.94,2157.2,1626.81
1775493000000,2157.21,2162.86,2155.68,2160.87,1892.49
1775493900000,2161.0,2167.48,2139.03,2139.17,8544.7
1775494800000,2139.19,2140.94,2124.72,2126.36,15860.87
1775495700000,2126.4,2135.19,2122.5,2133.37,5771.1
1775496600000,2133.39,2137.96,2130.4,2131.94,2292.67
1775497500000,2132.05,2135.15,2130.03,2133.84,1282.75
1775498400000,2133.84,2145.33,2130.08,2141.0,5000.26
1775499300000,2141.0,2147.58,2140.11,2145.35,2323.92
1775500200000,2145.33,2146.8,2140.28,2141.26,924.52
1775501100000,2141.26,2145.03,2138.5,2143.64,979.37
1775502000000,2143.63,2143.74,2134.64,2138.48,1444.33
1775502900000,2138.5,2143.92,2138.1,2142.49,1156.56
1775503800000,2142.49,2144.57,2137.9,2140.43,996.17
1775504700000,2140.43,2144.8,2138.33,2143.4,1200.39
1775505600000,2143.21,2144.75,2139.1,2144.64,1138.0
1775506500000,2144.64,2153.92,2144.58,2151.33,2477.82
1775507400000,2151.35,2152.5,2148.84,2149.1,1869.47
1775508300000,2149.1,2149.98,2146.52,2147.57,769.42
1775509200000,2147.57,2147.57,2143.78,2145.15,806.76
1775510100000,2145.15,2145.83,2143.82,2144.13,679.16
1775511000000,2144.13,2144.58,2137.7,2137.86,1240.41
1775511900000,2137.86,2140.67,2136.31,2138.38,1005.82
1775512800000,2138.13,2139.46,2135.0,2139.13,1207.82
1775513700000,2139.15,2139.64,2129.24,2133.87,2531.27
1775514600000,2133.89,2133.89,2127.28,2127.95,1736.63
1775515500000,2127.75,2129.22,2104.02,2104.03,7683.14
1775516400000,2104.03,2104.03,2086.88,2096.92,16409.07
1775517300000,2096.92,2098.65,2087.14,2090.37,4042.46
1775518200000,2090.35,2106.0,2087.66,2102.16,5535.94
1775519100000,2102.16,2109.43,2101.97,2106.06,2909.63
1775520000000,2106.13,2118.95,2104.57,2114.6,4770.47
1775520900000,2114.52,2118.22,2109.73,2113.36,2992.25
1775521800000,2113.38,2117.9,2106.67,2110.86,2468.04
1775522700000,2110.86,2116.44,2110.04,2111.47,1621.2
1775523600000,2111.47,2111.49,2103.23,2106.39,2998.83
1775524500000,2106.39,2118.89,2106.39,2111.82,3378.61
1775525400000,2111.8,2113.52,2104.75,2108.75,1898.92
1775526300000,2108.75,2109.7,2096.25,2098.22,3966.32
1775527200000,2098.24,2101.13,2092.13,2097.99,2570.69
1775528100000,2097.99,2105.3,2097.31,2104.96,2896.49
1775529000000,2104.94,2110.62,2102.5,2104.74,2639.76
1775529900000,2104.74,2106.37,2101.35,2105.55,1659.14
1775530800000,2105.57,2108.81,2103.34,2105.45,1284.73
1775531700000,2105.45,2108.66,2102.59,2108.07,1546.8
1775532600000,2108.05,2108.64,2106.47,2107.97,785.35
1775533500000,2107.95,2108.39,2105.25,2107.19,701.49
1775534400000,2107.19,2107.98,2103.64,2104.71,1054.15
1775535300000,2104.71,2106.66,2102.11,2104.6,1274.79
1775536200000,2104.58,2112.62,2104.58,2112.2,1990.91
1775537100000,2112.18,2118.35,2111.39,2113.03,2886.7
1775538000000,2113.05,2113.55,2109.59,2110.0,1310.49
1775538900000,2110.01,2111.48,2105.35,2105.54,1637.33
1775539800000,2105.53,2105.93,2102.62,2103.34,1697.15
1775540700000,2103.36,2105.2,2102.68,2104.61,932.49
1775541600000,2104.43,2104.78,2098.17,2099.31,3226.59
1775542500000,2099.31,2101.22,2095.29,2100.52,2514.51
1775543400000,2100.53,2100.95,2097.04,2100.65,1436.61
1775544300000,2100.65,2105.36,2099.73,2102.99,1654.58
1775545200000,2103.01,2104.09,2097.91,2100.64,1562.47
1775546100000,2100.66,2103.21,2097.9,2100.12,1160.09
1775547000000,2100.12,2105.2,2100.12,2102.33,1250.53
1775547900000,2102.33,2104.46,2100.38,2102.92,1202.76
1775548800000,2102.92,2111.38,2102.27,2107.16,3411.91
1775549700000,2107.18,2112.34,2105.11,2108.51,2572.93
1775550600000,2108.51,2114.63,2108.24,2114.06,3269.35
1775551500000,2114.08,2116.27,2111.76,2113.89,2626.44
1775552400000,2113.91,2133.0,2113.15,2125.46,9662.5
1775553300000,2125.46,2127.5,2122.25,2124.5,2940.36
1775554200000,2124.5,2130.28,2123.81,2127.33,2410.43
1775555100000,2127.2,2128.34,2125.34,2127.32,1502.5
1775556000000,2127.37,2130.54,2115.13,2116.27,4719.81
1775556900000,2116.27,2121.96,2103.58,2105.51,6620.25
1775557800000,2105.52,2107.88,2095.55,2098.1,6673.17
1775558700000,2098.1,2098.86,2085.21,2088.26,8842.22
1775559600000,2088.26,2089.92,2081.17,2087.97,9352.15
1775560500000,2087.87,2092.66,2085.29,2090.76,3830.78
1775561400000,2090.76,2091.56,2085.77,2089.07,2792.4
1775562300000,2089.05,2089.37,2086.51,2088.5,1535.66
1775563200000,2088.48,2091.67,2073.03,2082.71,10538.46
1775564100000,2082.71,2086.55,2077.57,2083.89,3227.63
1775565000000,2083.89,2085.27,2074.2,2075.88,2264.13
1775565900000,2075.86,2090.84,2073.09,2085.8,6796.83
1775566800000,2085.78,2092.26,2083.5,2089.08,3571.02
1775567700000,2089.1,2089.53,2082.5,2083.52,2344.94
1775568600000,2083.5,2088.95,2075.51,2077.92,4382.13
1775569500000,2077.85,2082.32,2073.59,2073.94,4467.98
1775570400000,2073.92,2076.21,2060.0,2066.51,21111.13
1775571300000,2066.51,2077.27,2061.2,2075.84,7087.61
1775572200000,2075.82,2077.2,2069.3,2071.18,4466.9
1775573100000,2071.18,2080.19,2068.38,2068.49,4826.99
1775574000000,2068.52,2072.0,2063.75,2069.77,5023.85
1775574900000,2069.82,2080.29,2069.34,2079.44,4380.52
1775575800000,2079.42,2081.9,2074.9,2075.88,3975.12
1775576700000,2075.96,2082.42,2074.82,2079.31,2274.88
1775577600000,2079.3,2088.64,2076.11,2078.4,5873.37
1775578500000,2078.41,2084.0,2076.47,2083.61,3372.95
1775579400000,2083.61,2086.5,2081.35,2086.1,2483.17
1775580300000,2086.09,2089.41,2080.96,2082.72,3019.77
1775581200000,2082.72,2086.94,2081.03,2081.66,1680.21
1775582100000,2081.66,2085.0,2078.65,2084.46,4533.34
1775583000000,2084.46,2113.0,2084.2,2096.15,16607.09
1775583900000,2096.15,2101.68,2095.67,2098.4,3916.84
1775584800000,2098.4,2100.66,2093.32,2095.98,4131.83
1775585700000,2096.0,2096.0,2092.43,2093.98,2050.45
1775586600000,2093.98,2097.34,2089.08,2089.89,2414.1
1775587500000,2089.89,2090.52,2081.36,2085.41,3989.15
1775588400000,2085.41,2089.05,2083.27,2087.19,2157.77
1775589300000,2087.19,2104.36,2087.19,2095.68,5398.34
1775590200000,2095.64,2095.67,2089.52,2093.74,1856.47
1775591100000,2093.87,2115.78,2093.02,2112.64,9943.27
1775592000000,2112.6,2124.8,2111.34,2118.67,8706.03
1775592900000,2118.66,2120.5,2112.5,2114.93,2893.89
1775593800000,2114.91,2118.59,2112.01,2114.61,3465.89
1775594700000,2114.61,2114.99,2109.66,2114.62,2182.83
1775595600000,2114.6,2151.77,2114.54,2141.41,21744.36
1775596500000,2141.4,2143.67,2127.05,2129.83,5010.95
1775597400000,2129.81,2142.34,2129.81,2142.34,4492.34
1775598300000,2142.34,2149.85,2140.24,2144.32,4936.48
1775599200000,2144.58,2165.12,2144.58,2158.33,13204.33
1775600100000,2158.35,2160.57,2152.5,2158.55,3832.81
1775601000000,2158.54,2191.7,2158.54,2177.04,27310.81
1775601900000,2176.96,2219.24,2176.08,2219.24,21010.08
1775602800000,2219.24,2241.38,2214.18,2229.82,23817.69
1775603700000,2229.82,2269.86,2220.32,2269.86,21595.07
1775604600000,2269.67,2272.85,2240.26,2247.59,14998.6
1775605500000,2247.53,2260.0,2237.74,2239.16,8308.21
1775606400000,2239.16,2249.76,2236.65,2242.52,6125.16
1775607300000,2242.52,2248.38,2237.2,2239.35,5619.07
1775608200000,2239.43,2242.1,2231.48,2235.64,5226.97
1775609100000,2235.66,2236.55,2227.78,2235.33,4957.24
1775610000000,2235.33,2241.69,2230.96,2240.38,2813.94
1775610900000,2240.38,2240.38,2229.42,2231.79,2180.85
1775611800000,2231.79,2238.61,2230.96,2235.89,2292.5
1775612700000,2235.91,2239.02,2232.87,2233.21,1425.81
1775613600000,2233.38,2246.42,2231.87,2244.63,3973.16
1775614500000,2244.66,2244.8,2229.79,2234.97,3457.55
1775615400000,2235.24,2236.36,2230.06,2232.25,1958.1
1775616300000,2232.27,2236.4,2230.62,2236.38,1859.87
1775617200000,2236.38,2237.2,2232.55,2232.59,1623.87
1775618100000,2232.62,2238.8,2231.22,2238.28,1287.54
1775619000000,2238.3,2238.3,2234.08,2236.21,1747.7
1775619900000,2236.23,2236.46,2232.7,2233.84,899.72
1775620800000,2233.84,2248.64,2233.84,2242.89,4356.87
1775621700000,2242.89,2247.21,2241.26,2244.22,2184.41
1775622600000,2244.11,2251.8,2242.68,2248.04,3239.21
1775623500000,2248.03,2249.5,2239.66,2239.7,2399.58
1775624400000,2239.78,2243.83,2239.52,2240.87,2719.15
1775625300000,2240.87,2244.34,2239.95,2243.27,1409.11
1775626200000,2243.25,2243.67,2238.48,2239.58,1584.05
1775627100000,2239.54,2244.34,2237.59,2239.81,1619.58
1775628000000,2239.83,2241.35,2234.5,2240.63,2012.68
1775628900000,2240.63,2252.57,2239.52,2249.91,4713.09
1775629800000,2249.82,2249.97,2245.72,2248.18,1818.42
1775630700000,2248.18,2249.53,2243.92,2244.88,1852.47
1775631600000,2244.88,2250.5,2243.4,2249.48,1897.97
1775632500000,2249.48,2259.66,2247.67,2255.43,5075.08
1775633400000,2255.39,2255.39,2246.5,2249.77,2463.75
1775634300000,2249.77,2252.73,2248.57,2252.68,1300.58
1775635200000,2252.7,2258.0,2250.98,2252.59,2540.23
1775636100000,2252.6,2257.69,2251.7,2254.93,1324.48
1775637000000,2254.93,2258.0,2249.04,2251.82,2258.05
1775637900000,2251.69,2256.7,2251.01,2255.26,1479.08
1775638800000,2255.26,2262.0,2255.24,2256.47,3512.64
1775639700000,2256.45,2257.96,2249.2,2249.4,2053.81
1775640600000,2249.4,2252.15,2245.25,2245.42,2672.66
1775641500000,2245.46,2250.17,2245.27,2248.63,2070.05
1775642400000,2248.61,2253.0,2245.8,2247.2,1649.48
1775643300000,2247.21,2251.08,2245.81,2249.13,1371.08
1775644200000,2249.13,2249.44,2241.64,2243.92,2590.87
1775645100000,2243.92,2247.57,2241.6,2241.65,1651.81
1775646000000,2241.65,2248.5,2240.28,2247.27,3865.08
1775646900000,2247.27,2254.09,2243.77,2252.73,2493.71
1775647800000,2252.77,2252.79,2237.22,2240.6,4972.82
1775648700000,2240.61,2247.44,2238.7,2246.38,2786.72
1775649600000,2246.44,2253.01,2246.44,2252.94,2642.09
1775650500000,2252.94,2253.73,2241.5,2247.17,2806.65
1775651400000,2247.17,2255.78,2246.51,2253.68,2972.25
1775652300000,2253.68,2257.94,2252.4,2254.69,2427.72
1775653200000,2254.69,2269.66,2254.26,2260.66,9664.52
1775654100000,2260.63,2266.02,2252.16,2259.52,5223.85
1775655000000,2259.54,2264.66,2233.43,2234.46,12141.73
1775655900000,2234.46,2244.6,2230.47,2235.0,8297.23
1775656800000,2234.85,2240.19,2221.0,2230.64,8079.8
1775657700000,2230.62,2233.24,2223.77,2224.92,3806.22
1775658600000,2224.92,2227.0,2201.69,2206.08,14046.87
1775659500000,2206.0,2208.0,2185.8,2194.62,16838.7
1775660400000,2194.61,2204.08,2192.18,2203.99,7772.4
1775661300000,2204.0,2208.17,2199.77,2205.69,4737.62
1775662200000,2205.69,2217.2,2203.33,2210.74,5760.07
1775663100000,2210.72,2215.82,2210.52,2214.65,2788.61
1775664000000,2214.59,2217.37,2211.61,2214.72,4011.39
1775664900000,2214.76,2221.69,2212.1,2218.21,4183.13
1775665800000,2218.21,2218.4,2210.36,2216.18,2482.78
1775666700000,2216.18,2223.75,2214.49,2219.84,3197.37
1775667600000,2219.86,2226.0,2219.43,2224.47,2648.58
1775668500000,2224.43,2224.72,2212.01,2218.43,3311.3
1775669400000,2218.41,2238.76,2218.41,2233.09,7307.14
1775670300000,2233.09,2234.13,2229.27,2230.79,1585.26
1775671200000,2230.79,2231.79,2223.67,2226.38,1840.3
1775672100000,2226.38,2227.78,2211.0,2212.18,5230.74
1775673000000,2212.16,2219.09,2206.33,2207.11,3423.18
1775673900000,2207.11,2209.79,2198.51,2200.67,4608.2
1775674800000,2200.69,2206.03,2197.07,2204.77,5026.71
1775675700000,2204.77,2205.45,2198.66,2198.74,1403.56
1775676600000,2198.72,2208.02,2196.48,2205.4,3137.29
1775677500000,2205.4,2211.18,2204.69,2210.8,1627.15
1775678400000,2210.28,2215.4,2210.0,2214.14,2107.81
1775679300000,2214.12,2216.14,2211.64,2213.61,1086.05
1775680200000,2213.61,2213.92,2204.98,2206.22,1644.77
1775681100000,2206.22,2209.39,2204.84,2208.97,908.03
1775682000000,2208.97,2218.68,2206.93,2213.89,1826.26
1775682900000,2213.87,2221.6,2213.36,2219.57,1490.63
1775683800000,2219.57,2220.46,2214.02,2214.92,1287.45
1775684700000,2214.9,2217.11,2212.06,2214.01,743.64
1775685600000,2214.01,2214.39,2207.77,2209.14,1485.85
1775686500000,2209.14,2210.36,2191.3,2192.74,4336.84
1775687400000,2192.76,2200.9,2187.0,2197.0,4391.11
1775688300000,2197.01,2198.4,2188.46,2188.87,2189.17
1775689200000,2188.9,2192.83,2182.0,2192.39,5881.23
1775690100000,2192.39,2193.16,2178.09,2183.82,3678.99
1775691000000,2183.8,2188.94,2181.29,2186.94,1687.96
1775691900000,2186.91,2191.5,2186.36,2188.89,1307.79
1775692800000,2188.97,2193.0,2187.36,2190.39,1635.94
1775693700000,2190.4,2191.39,2183.67,2184.15,1326.09
1775694600000,2184.13,2186.49,2178.3,2182.12,3109.99
1775695500000,2182.11,2185.95,2178.71,2182.0,2617.24
1775696400000,2182.0,2184.4,2161.19,2170.74,10429.8
1775697300000,2170.74,2172.9,2164.37,2169.32,3007.82
1775698200000,2169.32,2177.48,2167.91,2173.67,2979.12
1775699100000,2173.65,2178.9,2170.46,2177.86,2190.71
1775700000000,2177.88,2181.6,2173.48,2173.96,2391.74
1775700900000,2174.05,2183.0,2173.1,2180.8,1687.78
1775701800000,2180.78,2182.95,2175.68,2178.51,1598.89
1775702700000,2178.51,2184.59,2177.78,2180.68,1894.08
1775703600000,2180.66,2182.61,2178.52,2179.78,1064.83
1775704500000,2179.76,2180.65,2175.33,2177.54,1341.47
1775705400000,2177.52,2180.23,2175.75,2177.03,994.44
1775706300000,2177.01,2183.0,2174.53,2181.45,2345.86
1775707200000,2181.44,2181.6,2177.78,2178.58,1336.94
1775708100000,2178.58,2179.28,2175.68,2177.44,1485.28
1775709000000,2177.44,2180.7,2176.86,2178.77,971.43
1775709900000,2178.77,2180.1,2175.58,2176.87,1189.14
1775710800000,2176.85,2178.08,2174.56,2177.1,2519.4
1775711700000,2177.12,2181.14,2175.68,2180.54,1806.0
1775712600000,2180.52,2188.24,2180.0,2186.61,3774.78
1775713500000,2186.61,2186.63,2178.94,2181.26,1852.55
1775714400000,2181.26,2185.16,2181.26,2182.13,1267.78
1775715300000,2182.13,2182.13,2175.26,2176.43,1824.47
1775716200000,2176.43,2178.88,2174.47,2177.39,1461.23
1775717100000,2177.39,2180.58,2176.17,2180.56,986.78
1775718000000,2180.56,2184.88,2180.56,2183.59,1647.76
1775718900000,2183.6,2183.68,2179.35,2180.28,1073.61
1775719800000,2180.26,2182.86,2179.19,2180.82,1001.3
1775720700000,2180.8,2181.67,2178.67,2179.97,929.15
1775721600000,2179.97,2182.63,2175.9,2177.94,2003.93
1775722500000,2177.94,2179.81,2175.4,2179.25,1757.12
1775723400000,2179.25,2188.7,2179.23,2187.79,2946.87
1775724300000,2187.81,2189.84,2182.2,2185.14,4899.63
1775725200000,2185.12,2185.14,2178.33,2181.98,2525.37
1775726100000,2182.0,2186.0,2181.68,2183.59,2044.22
1775727000000,2183.6,2187.08,2182.75,2184.67,1148.36
1775727900000,2184.65,2195.82,2184.17,2192.97,4047.19
1775728800000,2192.95,2193.36,2186.91,2187.44,2402.64
1775729700000,2187.49,2192.34,2187.26,2191.55,1853.76
1775730600000,2191.55,2194.76,2189.51,2193.94,1235.15
1775731500000,2193.92,2194.9,2188.31,2189.61,1689.77
1775732400000,2189.59,2192.06,2184.4,2184.64,2188.01
1775733300000,2184.59,2184.59,2177.65,2179.36,4403.3
1775734200000,2179.38,2182.5,2177.21,2180.21,3233.07
1775735100000,2180.22,2182.08,2178.5,2179.01,2000.24
1775736000000,2179.01,2182.01,2178.6,2180.06,1001.41
1775736900000,2180.06,2185.66,2173.07,2183.8,3936.73
1775737800000,2183.83,2186.0,2178.22,2182.61,2976.69
1775738700000,2182.61,2182.89,2176.71,2182.53,2082.2
1775739600000,2182.53,2185.0,2176.61,2176.87,2105.6
1775740500000,2176.89,2178.52,2173.69,2177.7,2416.06
1775741400000,2177.7,2179.18,2163.57,2169.09,9280.05
1775742300000,2169.09,2169.59,2157.98,2164.42,9127.01
1775743200000,2164.43,2171.65,2160.82,2168.93,4720.21
1775744100000,2168.93,2169.85,2156.56,2162.46,5436.74
1775745000000,2162.47,2172.0,2160.15,2170.95,4303.13
1775745900000,2170.97,2181.58,2170.94,2176.95,7847.69
1775746800000,2176.93,2186.48,2169.21,2185.0,6069.16
1775747700000,2185.0,2193.75,2183.25,2183.61,12469.73
1775748600000,2183.63,2219.35,2180.77,2212.0,23389.17
1775749500000,2212.0,2224.11,2210.0,2217.08,10766.87
1775750400000,2217.09,2228.0,2214.23,2214.55,9802.55
1775751300000,2214.5,2220.95,2209.12,2209.14,6057.34
1775752200000,2209.12,2209.66,2193.75,2201.5,11477.69
1775753100000,2201.5,2207.7,2192.29,2207.38,7907.1
1775754000000,2207.4,2223.78,2206.43,2223.11,12433.82
1775754900000,2223.11,2224.82,2211.32,2214.5,5316.57
1775755800000,2214.5,2223.88,2205.5,2220.02,6824.13
1775756700000,2220.04,2223.23,2216.64,2221.99,3317.83
1775757600000,2221.99,2222.9,2202.96,2206.53,7084.62
1775758500000,2206.55,2211.4,2200.78,2208.11,3507.17
1775759400000,2208.13,2209.93,2201.32,2204.31,5338.1
1775760300000,2204.33,2207.44,2200.3,2206.18,4162.79
1775761200000,2206.18,2219.5,2203.73,2214.36,4948.08
1775762100000,2214.34,2215.31,2203.6,2206.53,4103.78
1775763000000,2206.53,2218.43,2206.53,2216.73,3718.0
1775763900000,2216.73,2223.64,2214.01,2215.51,5219.82
1775764800000,2215.54,2219.04,2212.69,2218.62,2627.77
1775765700000,2218.62,2221.21,2216.28,2217.12,1910.99
1775766600000,2217.12,2219.7,2214.81,2216.93,1900.66
1775767500000,2216.93,2216.95,2210.09,2212.17,1813.62
1775768400000,2212.17,2225.77,2207.88,2213.01,5496.12
1775769300000,2212.99,2213.54,2207.13,2208.87,945.91
1775770200000,2208.85,2215.64,2207.01,2215.16,1155.68
1775771100000,2215.23,2216.63,2209.0,2209.82,908.98
1775772000000,2209.82,2218.28,2208.88,2217.89,1819.29
1775772900000,2217.89,2245.0,2217.64,2220.71,13935.21
1775773800000,2220.68,2221.78,2210.05,2210.77,6090.73
1775774700000,2210.77,2213.65,2196.6,2196.77,7548.84
1775775600000,2196.77,2201.5,2186.7,2189.63,8520.64
1775776500000,2189.61,2195.85,2182.05,2190.78,6021.03
1775777400000,2190.78,2190.8,2182.35,2188.25,3582.43
1775778300000,2188.27,2190.7,2185.1,2188.98,2788.49
1775779200000,2188.96,2190.35,2183.9,2187.45,3450.64
1775780100000,2187.45,2189.0,2180.55,2188.84,4021.07
1775781000000,2188.86,2195.0,2186.63,2191.85,3782.93
1775781900000,2191.83,2196.28,2189.87,2194.14,1792.32
1775782800000,2194.16,2195.82,2188.0,2193.21,1551.02
1775783700000,2193.16,2194.94,2176.64,2185.32,5429.28
1775784600000,2185.3,2203.22,2184.02,2198.52,5085.61
1775785500000,2198.5,2201.57,2193.05,2193.62,2340.34
1775786400000,2193.64,2197.83,2191.12,2194.73,1508.84
1775787300000,2194.73,2196.4,2192.68,2195.09,799.37
1775788200000,2195.07,2196.57,2192.86,2194.84,926.77
1775789100000,2194.86,2194.86,2185.94,2188.08,2692.53
1775790000000,2188.08,2191.0,2185.66,2185.88,1291.32
1775790900000,2185.86,2188.88,2182.21,2182.22,1631.55
1775791800000,2182.21,2187.0,2181.51,2186.3,1247.71
1775792700000,2186.25,2188.02,2184.18,2185.3,856.15
1775793600000,2185.3,2187.89,2184.26,2186.5,946.25
1775794500000,2186.5,2191.33,2185.89,2189.69,1013.69
1775795400000,2189.71,2191.8,2187.74,2189.53,1204.36
1775796300000,2189.53,2198.35,2188.28,2194.84,2179.43
1775797200000,2194.82,2196.81,2191.53,2193.81,1196.54
1775798100000,2193.79,2202.18,2192.52,2200.66,3384.15
1775799000000,2200.66,2201.35,2196.8,2197.24,1326.74
1775799900000,2197.24,2199.7,2194.65,2196.04,1615.09
1775800800000,2196.04,2197.57,2194.16,2196.27,850.1
1775801700000,2196.29,2196.29,2188.92,2189.75,2049.74
1775802600000,2189.77,2190.89,2186.02,2187.2,1724.96
1775803500000,2187.18,2189.0,2182.87,2185.4,2728.72
1775804400000,2185.43,2187.64,2183.13,2183.18,1650.25
1775805300000,2183.16,2187.54,2182.88,2186.28,1365.66
1775806200000,2186.28,2187.58,2181.47,2182.57,2747.95
1775807100000,2182.59,2183.55,2175.27,2178.72,4081.4
1775808000000,2178.72,2182.8,2176.0,2180.32,3311.49
1775808900000,2180.33,2184.59,2179.07,2183.07,3165.74
1775809800000,2183.08,2189.3,2182.31,2185.89,2509.36
1775810700000,2185.89,2185.91,2180.68,2184.84,2404.18
1775811600000,2184.84,2188.78,2184.78,2187.4,1226.75
1775812500000,2187.4,2196.68,2187.14,2193.12,3746.43
1775813400000,2193.12,2194.35,2191.12,2192.51,1146.6
1775814300000,2192.53,2196.1,2190.84,2195.12,1483.25
1775815200000,2195.14,2195.33,2189.89,2192.6,1720.48
1775816100000,2192.62,2193.58,2190.31,2190.55,2104.96
1775817000000,2190.57,2194.63,2189.68,2192.73,2836.87
1775817900000,2192.73,2197.4,2192.01,2196.22,1855.02
1775818800000,2196.22,2211.92,2196.05,2209.98,8349.13
1775819700000,2209.98,2217.14,2209.35,2216.17,5327.94
1775820600000,2216.19,2220.52,2213.5,2216.75,6359.77
1775821500000,2216.75,2223.08,2214.24,2214.62,4372.91
1775822400000,2214.62,2220.43,2214.53,2215.57,2855.86
1775823300000,2215.55,2220.5,2209.5,2217.19,4273.84
1775824200000,2216.69,2227.59,2207.02,2223.56,12130.9
1775825100000,2223.56,2225.35,2216.7,2217.91,3219.05
1775826000000,2217.91,2219.84,2215.05,2217.89,2319.06
1775826900000,2217.91,2220.58,2215.05,2218.95,2290.71
1775827800000,2218.95,2221.76,2207.16,2214.58,7858.64
1775828700000,2214.58,2224.28,2212.33,2221.68,5282.62
1775829600000,2221.74,2234.29,2219.65,2232.95,10556.31
1775830500000,2232.94,2250.91,2232.94,2243.59,22157.63
1775831400000,2243.54,2252.28,2235.14,2238.28,12179.68
1775832300000,2238.26,2246.4,2235.2,2241.29,6451.37
1775833200000,2241.27,2248.3,2237.85,2243.27,3768.35
1775834100000,2243.27,2256.54,2235.92,2236.41,9264.41
1775835000000,2236.31,2239.13,2227.38,2231.74,7327.61
1775835900000,2231.73,2232.03,2218.22,2223.3,9604.12
1775836800000,2223.28,2231.34,2220.07,2230.18,5490.65
1775837700000,2230.16,2242.4,2229.23,2240.13,7989.89
1775838600000,2240.13,2240.93,2233.7,2235.74,2187.33
1775839500000,2235.72,2246.3,2235.72,2244.14,4405.28
1775840400000,2244.12,2246.38,2239.39,2241.08,3119.95
1775841300000,2241.1,2245.97,2238.99,2243.23,3059.72
1775842200000,2243.23,2243.26,2237.83,2241.28,3159.7
1775843100000,2241.26,2248.16,2240.61,2247.18,2238.26
1775844000000,2247.16,2247.92,2237.53,2247.09,3264.06
1775844900000,2247.13,2250.5,2242.18,2246.83,3499.43
1775845800000,2246.83,2248.35,2242.48,2244.17,1478.72
1775846700000,2244.19,2249.21,2243.58,2248.02,1101.23
1775847600000,2248.02,2254.76,2247.31,2253.16,4674.72
1775848500000,2253.16,2253.86,2246.62,2246.81,1810.14
1775849400000,2246.81,2246.81,2242.36,2243.69,1592.73
1775850300000,2243.69,2253.61,2242.0,2251.81,4009.75
1775851200000,2251.86,2254.15,2250.01,2252.45,1289.28
1775852100000,2252.27,2254.29,2249.8,2251.28,1540.99
1775853000000,2251.3,2255.42,2241.5,2246.49,4358.95
1775853900000,2246.49,2256.18,2243.26,2254.18,2376.06
1775854800000,2254.18,2255.2,2243.41,2245.01,1948.26
1775855700000,2245.0,2249.07,2243.91,2246.02,1403.04
1775856600000,2246.0,2249.0,2241.75,2248.17,1495.52
1775857500000,2248.16,2254.54,2246.15,2253.73,1970.99
1775858400000,2253.73,2254.21,2249.79,2251.41,1527.88
1775859300000,2251.41,2252.73,2246.01,2246.4,1301.79
1775860200000,2246.38,2246.54,2234.93,2239.91,3565.63
1775861100000,2239.91,2242.43,2239.89,2241.24,1367.05
1775862000000,2241.26,2241.65,2238.1,2240.74,2308.76
1775862900000,2240.72,2243.58,2239.35,2242.17,969.47
1775863800000,2242.15,2242.91,2240.14,2242.51,703.71
1775864700000,2242.51,2244.65,2242.03,2244.03,890.28
1775865600000,2244.01,2244.04,2238.23,2240.71,1232.95
1775866500000,2240.69,2241.36,2237.27,2238.55,883.87
1775867400000,2238.55,2239.31,2235.5,2236.45,1254.62
1775868300000,2236.45,2238.75,2234.71,2237.74,1004.64
1775869200000,2237.72,2240.2,2235.56,2237.76,766.19
1775870100000,2237.78,2238.49,2233.62,2237.88,921.24
1775871000000,2237.88,2242.61,2237.55,2240.39,1322.48
1775871900000,2240.39,2245.57,2240.39,2243.37,1202.71
1775872800000,2243.37,2245.93,2240.94,2243.52,1646.02
1775873700000,2243.52,2248.47,2242.67,2248.09,1251.51
1775874600000,2248.09,2250.44,2245.25,2245.59,1569.7
1775875500000,2245.59,2247.0,2244.06,2246.99,1124.55
1775876400000,2247.0,2249.61,2245.42,2248.64,1611.9
1775877300000,2248.62,2248.82,2246.25,2246.53,752.5
1775878200000,2246.55,2246.96,2243.03,2243.88,763.88
1775879100000,2243.85,2244.34,2234.68,2236.19,2735.91
1775880000000,2236.19,2241.89,2234.31,2237.28,1763.92
1775880900000,2237.3,2238.98,2235.26,2238.26,1662.69
1775881800000,2238.18,2241.2,2238.18,2239.43,790.25
1775882700000,2239.43,2240.71,2238.48,2240.0,629.71
1775883600000,2240.0,2240.83,2229.34,2230.21,2694.5
1775884500000,2230.3,2234.72,2227.77,2234.72,2675.29
1775885400000,2234.73,2236.6,2233.23,2233.93,1196.31
1775886300000,2233.95,2234.53,2231.68,2231.7,943.3
1775887200000,2231.68,2233.36,2228.75,2230.89,2211.63
1775888100000,2230.89,2233.1,2228.8,2230.97,1123.62
1775889000000,2230.97,2233.64,2230.68,2233.01,935.47
1775889900000,2233.03,2235.71,2232.15,2234.82,1090.25
1775890800000,2234.82,2235.18,2232.2,2233.47,737.43
1775891700000,2233.3,2235.72,2232.61,2234.54,899.98
1775892600000,2234.37,2234.44,2231.08,2231.44,715.44
1775893500000,2231.46,2231.86,2229.92,2231.86,1032.66
1775894400000,2231.86,2234.32,2231.37,2233.16,941.3
1775895300000,2233.16,2234.5,2232.69,2232.77,789.22
1775896200000,2232.83,2234.13,2230.89,2232.77,1249.41
1775897100000,2232.77,2234.17,2231.25,2231.78,889.24
1775898000000,2231.78,2234.29,2231.09,2234.26,991.33
1775898900000,2234.26,2248.36,2234.26,2244.57,7669.91
1775899800000,2244.55,2244.88,2239.5,2241.39,2145.87
1775900700000,2241.39,2243.48,2241.16,2242.57,1166.13
1775901600000,2242.55,2244.12,2236.94,2238.85,1656.72
1775902500000,2238.87,2241.0,2236.48,2240.26,1070.43
1775903400000,2240.24,2241.0,2237.38,2237.8,999.01
1775904300000,2237.78,2239.85,2236.92,2239.23,883.87
1775905200000,2239.19,2241.24,2238.19,2239.37,837.79
1775906100000,2239.37,2240.27,2237.48,2238.01,875.68
1775907000000,2238.01,2242.26,2237.58,2241.76,874.26
1775907900000,2241.74,2245.93,2240.86,2244.88,2291.37
1775908800000,2244.88,2245.04,2242.27,2243.26,975.69
1775909700000,2243.32,2243.74,2239.86,2241.37,1510.32
1775910600000,2241.37,2245.77,2240.85,2244.26,1743.78
1775911500000,2244.24,2245.09,2243.44,2244.27,926.66
1775912400000,2244.29,2244.29,2232.35,2234.6,5316.89
1775913300000,2234.65,2241.25,2233.75,2236.44,2245.88
1775914200000,2236.46,2240.43,2235.55,2238.71,1016.36
1775915100000,2238.69,2240.37,2238.26,2238.46,1676.22
1775916000000,2238.48,2242.99,2237.07,2240.96,977.41
1775916900000,2240.94,2242.18,2239.79,2239.82,978.22
1775917800000,2239.8,2241.16,2237.18,2238.76,1312.57
1775918700000,2238.76,2241.53,2238.33,2240.88,879.53
1775919600000,2240.9,2242.61,2240.1,2242.59,728.04
1775920500000,2242.61,2255.35,2242.09,2247.06,7719.4
1775921400000,2247.08,2248.95,2244.93,2245.37,1509.31
1775922300000,2245.39,2249.44,2244.17,2248.42,1476.43
1775923200000,2248.44,2249.12,2245.67,2248.17,1232.87
1775924100000,2248.19,2249.94,2245.0,2246.35,2231.03
1775925000000,2246.35,2272.51,2245.55,2262.4,13285.16
1775925900000,2262.41,2265.01,2257.28,2257.64,4552.35
1775926800000,2257.62,2260.13,2254.96,2255.35,2356.84
1775927700000,2255.28,2258.92,2252.55,2257.32,4004.77
1775928600000,2257.3,2264.2,2257.3,2260.87,4162.55
1775929500000,2260.87,2261.97,2257.3,2258.6,1169.91
1775930400000,2258.6,2259.8,2255.63,2259.61,1959.23
1775931300000,2259.63,2263.28,2259.56,2261.82,2130.81
1775932200000,2261.82,2310.82,2261.82,2294.67,36396.17
1775933100000,2294.87,2308.46,2294.38,2303.99,8562.54
1775934000000,2303.99,2327.2,2303.99,2313.45,14188.37
1775934900000,2313.48,2321.95,2309.4,2320.19,4795.22
1775935800000,2320.19,2328.66,2315.98,2317.95,6649.22
1775936700000,2317.93,2317.95,2311.69,2315.17,2755.18
1775937600000,2315.16,2316.31,2304.3,2306.13,4635.15
1775938500000,2306.11,2309.52,2301.19,2302.23,4059.94
1775939400000,2302.23,2302.34,2287.4,2294.97,6846.88
1775940300000,2294.96,2301.89,2293.65,2297.42,2649.3
1775941200000,2297.42,2303.27,2291.38,2302.21,2988.16
1775942100000,2302.23,2302.29,2296.88,2297.33,1052.72
1775943000000,2297.35,2301.52,2295.17,2296.9,1356.23
1775943900000,2296.88,2302.25,2296.86,2298.45,1712.03
1775944800000,2298.23,2304.35,2295.81,2302.7,1896.67
1775945700000,2302.68,2307.04,2301.05,2305.07,1941.26
1775946600000,2305.07,2305.3,2288.18,2295.82,3540.73
1775947500000,2295.82,2296.66,2290.95,2295.8,1325.61
1775948400000,2295.8,2295.82,2275.56,2283.07,5958.06
1775949300000,2283.09,2287.92,2282.57,2286.17,1539.04
1775950200000,2286.14,2288.6,2283.4,2283.46,1197.58
1775951100000,2283.46,2286.43,2282.67,2283.84,990.52
1775952000000,2283.86,2287.22,2276.31,2283.07,2552.71
1775952900000,2283.07,2285.87,2281.45,2282.97,1179.24
1775953800000,2282.99,2284.94,2277.8,2279.49,1487.55
1775954700000,2279.53,2284.89,2279.48,2284.65,2789.37
1775955600000,2284.65,2287.6,2278.48,2283.23,1499.59
1775956500000,2283.23,2285.45,2281.44,2282.55,910.57
1775957400000,2282.57,2282.61,2217.5,2226.38,25596.27
1775958300000,2226.3,2226.56,2208.0,2217.92,15081.4
1775959200000,2217.92,2228.88,2205.84,2224.08,10683.82
1775960100000,2224.15,2232.59,2217.3,2223.05,5601.45
1775961000000,2223.05,2227.76,2222.82,2225.14,1761.83
1775961900000,2225.14,2225.43,2221.83,2222.44,1751.9
1775962800000,2222.44,2226.39,2216.28,2221.51,2779.69
1775963700000,2221.03,2222.33,2217.22,2218.62,1926.34
1775964600000,2218.62,2221.08,2211.43,2215.55,3244.68
1775965500000,2215.55,2216.55,2212.25,2212.89,1569.19
1775966400000,2212.87,2215.45,2210.81,2213.99,3025.24
1775967300000,2213.99,2215.33,2209.16,2211.59,2977.16
1775968200000,2211.59,2213.11,2210.28,2212.41,1189.3
1775969100000,2212.41,2213.2,2209.35,2211.26,2199.16
1775970000000,2211.26,2213.05,2207.69,2210.7,2183.8
1775970900000,2210.7,2217.83,2208.78,2217.72,3899.95
1775971800000,2217.72,2218.82,2213.27,2214.56,1864.38
1775972700000,2214.56,2218.19,2214.01,2216.0,994.12
1775973600000,2216.0,2219.79,2215.89,2219.45,1524.5
1775974500000,2219.47,2219.66,2216.3,2218.35,1453.65
1775975400000,2218.33,2218.35,2213.77,2214.19,1068.08
1775976300000,2214.17,2216.01,2213.54,2214.85,851.11
1775977200000,2214.85,2215.53,2211.41,2212.9,1864.12
1775978100000,2212.9,2214.36,2211.89,2213.83,842.04
1775979000000,2213.85,2218.09,2213.63,2217.83,1043.48
1775979900000,2217.83,2219.45,2216.89,2216.89,1190.86
1775980800000,2216.89,2217.37,2214.04,2214.88,899.93
1775981700000,2214.86,2217.7,2214.79,2217.68,766.15
1775982600000,2217.68,2219.61,2214.81,2216.99,1216.48
1775983500000,2216.96,2216.98,2210.47,2212.93,2041.33
1775984400000,2212.93,2213.61,2210.16,2213.58,1956.56
1775985300000,2213.58,2215.13,2213.15,2213.2,697.96
1775986200000,2213.21,2214.51,2211.22,2212.46,1439.52
1775987100000,2212.46,2214.04,2210.94,2212.97,1116.85
1775988000000,2212.99,2216.33,2212.07,2213.44,1102.01
1775988900000,2213.42,2214.93,2213.04,2213.52,592.02
1775989800000,2213.5,2213.75,2211.37,2211.84,978.7
1775990700000,2211.82,2212.05,2192.86,2200.72,15666.72
1775991600000,2200.7,2206.36,2196.37,2204.3,6743.27
1775992500000,2204.32,2204.96,2202.05,2204.76,1583.9
1775993400000,2204.76,2205.0,2201.55,2203.0,1413.53
1775994300000,2203.01,2203.82,2201.97,2203.26,1068.71
1775995200000,2203.28,2204.0,2199.13,2201.81,1955.22
1775996100000,2201.81,2204.1,2201.36,2203.69,1453.9
1775997000000,2203.69,2207.03,2198.94,2205.61,3802.79
1775997900000,2205.63,2206.37,2187.79,2193.41,9229.86
1775998800000,2193.3,2198.02,2186.58,2190.83,7933.23
1775999700000,2190.85,2195.3,2190.8,2193.75,2024.73
1776000600000,2193.77,2195.08,2186.46,2189.52,3443.41
1776001500000,2189.52,2190.12,2184.0,2185.83,4794.93
1776002400000,2185.81,2191.16,2183.65,2187.89,4466.62
1776003300000,2187.92,2192.75,2187.9,2191.28,3096.82
1776004200000,2191.26,2191.54,2178.0,2182.46,5835.21
1776005100000,2182.51,2183.7,2177.44,2179.77,3989.46
1776006000000,2179.79,2183.23,2178.66,2183.12,2068.04
1776006900000,2183.1,2183.27,2177.75,2180.01,2077.77
1776007800000,2180.0,2183.21,2174.41,2181.8,4379.73
1776008700000,2181.78,2187.44,2180.62,2185.42,3901.27
1776009600000,2185.42,2189.44,2183.25,2186.81,2730.52
1776010500000,2186.79,2187.4,2181.77,2185.46,1652.23
1776011400000,2185.48,2186.17,2182.62,2184.48,1365.3
1776012300000,2184.46,2187.0,2183.13,2186.2,1148.16
1776013200000,2186.18,2190.27,2186.18,2186.36,2790.19
1776014100000,2186.34,2191.97,2186.25,2191.96,1533.96
1776015000000,2191.97,2196.37,2191.96,2194.05,2913.87
1776015900000,2194.05,2204.09,2190.81,2202.03,6505.46
1776016800000,2202.05,2205.0,2200.21,2203.43,3642.22
1776017700000,2203.43,2205.96,2198.4,2199.44,2049.45
1776018600000,2199.44,2205.62,2199.42,2201.83,1729.97
1776019500000,2201.81,2202.03,2198.56,2199.39,1115.4
1776020400000,2199.38,2204.1,2199.04,2201.3,1793.36
1776021300000,2201.3,2203.7,2200.52,2203.68,1032.18
1776022200000,2203.7,2204.05,2199.44,2200.2,1216.22
1776023100000,2200.22,2200.66,2196.24,2197.24,1536.15
1776024000000,2197.24,2198.73,2192.99,2194.51,2279.67
1776024900000,2194.51,2197.11,2192.1,2196.51,1001.4
1776025800000,2196.51,2217.15,2196.27,2211.54,5599.02
1776026700000,2211.54,2214.73,2206.14,2212.34,4583.26
1776027600000,2212.34,2216.72,2205.02,2206.63,2288.3
1776028500000,2206.63,2211.3,2206.62,2207.82,1331.33
1776029400000,2207.82,2211.43,2203.89,2209.25,1485.09
1776030300000,2209.25,2210.87,2205.64,2210.61,1259.49
1776031200000,2209.63,2210.0,2185.68,2195.49,8685.57
1776032100000,2195.47,2197.09,2183.47,2187.29,3602.01
1776033000000,2187.13,2200.48,2182.49,2195.56,4104.29
1776033900000,2195.31,2199.44,2192.4,2198.32,1474.88
1776034800000,2198.34,2198.34,2187.08,2188.01,1863.84
1776035700000,2187.86,2193.03,2186.18,2190.55,2026.2
1776036600000,2190.57,2190.57,2185.0,2189.8,1456.45
1776037500000,2189.8,2193.19,2185.21,2190.54,1415.97
1776038400000,2190.54,2195.75,2186.0,2194.92,1716.16
1776039300000,2194.88,2203.96,2192.53,2199.2,2446.54
1776040200000,2199.15,2203.39,2195.78,2197.55,2177.79
1776041100000,2197.53,2207.5,2196.61,2204.11,2927.37
1776042000000,2204.11,2207.66,2201.99,2202.43,1939.99
1776042900000,2202.43,2203.68,2200.04,2202.13,1161.1
1776043800000,2202.13,2206.32,2199.23,2203.0,1214.44
1776044700000,2203.0,2204.17,2200.97,2202.51,1467.13
1776045600000,2202.51,2204.74,2191.33,2193.16,1857.26
1776046500000,2193.15,2202.92,2193.15,2200.49,1940.69
1776047400000,2200.47,2203.0,2192.2,2192.77,1265.29
1776048300000,2192.69,2194.92,2191.48,2193.14,1303.41
1776049200000,2193.12,2195.17,2189.81,2191.4,1403.84
1776050100000,2191.38,2195.12,2190.13,2192.59,1022.1
1776051000000,2192.53,2193.95,2189.28,2192.74,1172.68
1776051900000,2192.66,2194.0,2191.0,2193.22,702.25
1776052800000,2193.22,2194.66,2190.34,2192.18,888.85
1776053700000,2192.16,2194.85,2190.5,2193.9,1117.77
1776054600000,2193.9,2198.41,2193.67,2195.28,1619.54
1776055500000,2195.28,2195.28,2186.38,2189.23,2557.99
1776056400000,2189.23,2190.0,2185.0,2186.17,1551.05
1776057300000,2186.19,2188.1,2183.44,2187.61,1807.99
1776058200000,2187.61,2187.88,2181.05,2184.23,2229.72
1776059100000,2184.25,2190.5,2184.25,2190.41,2026.36
1776060000000,2190.34,2195.35,2189.69,2194.25,2604.42
1776060900000,2194.25,2198.7,2193.41,2195.53,2112.17
1776061800000,2195.51,2198.65,2193.86,2198.6,1322.0
1776062700000,2198.62,2200.83,2195.83,2197.43,2512.54
1776063600000,2197.45,2198.93,2191.55,2191.8,1870.58
1776064500000,2191.82,2191.82,2181.89,2183.56,3748.58
1776065400000,2183.57,2187.43,2183.31,2185.51,1794.78
1776066300000,2185.51,2188.71,2185.04,2185.55,1559.1
1776067200000,2185.55,2188.66,2182.74,2182.78,2590.83
1776068100000,2182.8,2186.0,2180.66,2184.88,2878.0
1776069000000,2184.88,2185.0,2178.99,2180.75,2210.28
1776069900000,2180.73,2184.61,2179.46,2184.29,1767.51
1776070800000,2184.31,2194.58,2184.29,2188.29,3134.58
1776071700000,2188.31,2191.0,2186.72,2189.26,1014.59
1776072600000,2189.26,2190.0,2187.07,2188.58,1033.79
1776073500000,2188.6,2188.87,2186.18,2187.06,1285.08
1776074400000,2187.06,2188.01,2184.17,2186.26,1152.37
1776075300000,2186.26,2186.28,2181.64,2181.74,1664.75
1776076200000,2181.72,2184.91,2178.19,2182.27,2382.33
1776077100000,2182.29,2184.93,2180.12,2182.58,1424.38
1776078000000,2182.58,2186.95,2181.57,2185.13,1931.72
1776078900000,2185.14,2186.62,2183.54,2185.64,1328.01
1776079800000,2185.64,2189.0,2184.0,2188.24,1863.57
1776080700000,2188.26,2190.31,2186.22,2186.37,2698.85
1776081600000,2186.39,2188.0,2182.46,2185.61,2419.26
1776082500000,2185.61,2186.0,2179.35,2179.39,1663.75
1776083400000,2179.37,2182.29,2172.54,2178.8,5180.0
1776084300000,2178.82,2197.82,2178.8,2191.32,8384.33
1776085200000,2191.43,2199.45,2191.43,2199.1,3833.44
1776086100000,2199.1,2201.12,2194.34,2195.69,4485.5
1776087000000,2195.71,2197.49,2180.15,2186.82,8411.65
1776087900000,2186.87,2214.45,2181.85,2214.06,15779.62
1776088800000,2214.05,2217.2,2202.3,2206.6,8600.28
1776089700000,2206.62,2211.93,2202.59,2210.17,3691.74
1776090600000,2210.24,2226.78,2209.56,2224.53,9572.11
1776091500000,2224.53,2233.88,2216.97,2232.74,10544.21
1776092400000,2232.76,2235.28,2214.48,2218.86,10365.15
1776093300000,2218.87,2219.67,2209.99,2212.23,5945.55
1776094200000,2212.21,2212.23,2197.9,2205.43,8158.57
1776095100000,2205.55,2208.91,2200.57,2208.2,3473.53
1776096000000,2208.18,2218.39,2199.08,2218.27,5431.1
1776096900000,2218.27,2226.48,2214.16,2225.37,5505.4
1776097800000,2225.28,2232.9,2222.44,2226.95,6914.01
1776098700000,2226.96,2233.25,2220.9,2224.72,4269.29
1776099600000,2224.72,2229.78,2221.1,2224.67,2818.97
1776100500000,2224.56,2231.65,2223.29,2231.5,2446.56
1776101400000,2231.5,2241.63,2231.31,2234.66,6608.11
1776102300000,2234.64,2236.66,2221.28,2223.99,3705.82
1776103200000,2224.05,2229.83,2222.75,2226.39,2403.2
1776104100000,2226.37,2228.0,2217.42,2221.0,2702.67
1776105000000,2220.98,2232.76,2220.87,2230.67,2286.78
1776105900000,2230.52,2232.66,2226.72,2231.25,3153.77
1776106800000,2231.25,2234.0,2226.8,2227.08,2390.65
1776107700000,2227.1,2244.0,2227.1,2240.88,6553.23
1776108600000,2240.84,2255.68,2239.55,2250.2,10750.37
1776109500000,2250.26,2268.12,2250.06,2261.08,9536.09
1776110400000,2261.07,2262.42,2248.51,2248.54,6057.22
1776111300000,2248.5,2253.35,2246.47,2253.15,3056.06
1776112200000,2253.17,2258.49,2250.72,2254.32,2445.16
1776113100000,2254.32,2256.5,2248.64,2251.47,2120.51
1776114000000,2251.45,2258.29,2248.69,2255.2,2575.87
1776114900000,2255.22,2258.5,2250.83,2252.86,2243.26
1776115800000,2252.86,2266.22,2252.61,2260.44,2977.03
1776116700000,2260.48,2263.62,2255.97,2258.82,1510.85
1776117600000,2258.82,2303.63,2258.6,2294.18,11272.23
1776118500000,2294.19,2336.92,2294.02,2324.65,29091.28
1776119400000,2324.68,2346.12,2324.68,2343.21,12013.98
1776120300000,2343.22,2362.56,2340.12,2351.89,13644.95
1776121200000,2351.92,2358.84,2340.5,2352.51,7450.14
1776122100000,2352.52,2393.9,2346.56,2386.71,23105.74
1776123000000,2386.71,2389.55,2370.67,2371.82,8613.07
1776123900000,2371.85,2375.31,2367.36,2368.36,3762.53
1776124800000,2368.23,2374.39,2363.19,2366.46,9419.33
1776125700000,2366.48,2374.33,2363.45,2365.49,7139.69
1776126600000,2365.51,2370.0,2362.18,2368.88,3664.51
1776127500000,2368.87,2369.04,2358.9,2360.07,2900.45
1776128400000,2360.05,2364.53,2353.5,2364.32,3929.95
1776129300000,2364.34,2368.19,2360.94,2362.5,2573.35
1776130200000,2362.49,2367.43,2359.85,2366.14,1542.76
1776131100000,2366.14,2372.39,2365.34,2367.46,2616.22
1776132000000,2367.46,2374.34,2367.35,2373.56,1802.84
1776132900000,2373.54,2376.7,2369.22,2369.22,2089.63
1776133800000,2369.24,2374.1,2365.23,2371.42,1668.71
1776134700000,2371.42,2372.14,2366.03,2366.41,1617.17
1776135600000,2366.43,2369.34,2365.26,2365.89,1386.92
1776136500000,2365.89,2366.69,2361.15,2362.22,2610.59
1776137400000,2362.2,2367.88,2361.83,2367.27,1864.73
1776138300000,2367.25,2367.99,2363.69,2364.52,2224.91
1776139200000,2364.52,2367.11,2362.58,2364.96,1452.35
1776140100000,2364.98,2367.13,2363.2,2365.24,1682.76
1776141000000,2365.24,2365.94,2362.45,2363.34,1102.65
1776141900000,2363.45,2364.63,2361.14,2363.26,1077.96
1776142800000,2363.28,2363.63,2360.92,2361.6,1087.36
1776143700000,2361.6,2368.35,2359.19,2366.0,2998.95
1776144600000,2366.0,2366.01,2360.8,2361.42,1063.84
1776145500000,2361.4,2361.41,2353.7,2354.73,2797.29
1776146400000,2354.72,2362.52,2354.72,2360.08,2863.37
1776147300000,2360.08,2366.39,2358.76,2365.12,1785.57
1776148200000,2365.1,2368.47,2363.72,2366.57,1925.73
1776149100000,2366.57,2375.26,2365.72,2371.87,4241.79
1776150000000,2371.85,2388.45,2369.9,2381.14,7855.13
1776150900000,2381.12,2382.58,2377.0,2379.04,3679.38
1776151800000,2379.04,2379.51,2370.13,2370.2,3110.39
1776152700000,2370.18,2376.79,2369.41,2376.69,2743.79
1776153600000,2376.71,2378.88,2373.16,2376.13,2205.18
1776154500000,2376.13,2379.36,2375.0,2379.06,1425.63
1776155400000,2379.06,2395.25,2377.34,2386.79,10299.78
1776156300000,2386.81,2389.19,2384.91,2386.68,2810.38
1776157200000,2386.71,2392.0,2384.68,2391.4,3266.27
1776158100000,2391.38,2394.0,2386.08,2388.87,3066.77
1776159000000,2388.87,2392.0,2385.3,2385.92,2228.61
1776159900000,2385.91,2387.71,2383.56,2386.16,2197.94
1776160800000,2386.16,2386.85,2381.59,2383.99,1673.75
1776161700000,2383.97,2384.95,2380.31,2382.32,1461.81
1776162600000,2382.3,2384.0,2374.09,2374.71,4194.23
1776163500000,2374.71,2377.01,2372.03,2374.03,2637.34
1776164400000,2374.05,2375.24,2372.31,2372.69,1910.66
1776165300000,2372.69,2375.33,2367.9,2368.41,1942.55
1776166200000,2368.39,2373.67,2366.54,2370.99,3792.3
1776167100000,2370.99,2377.01,2370.56,2373.19,2769.28
1776168000000,2373.19,2376.43,2368.5,2368.86,2120.29
1776168900000,2368.86,2372.79,2367.89,2371.93,2925.09
1776169800000,2372.1,2376.97,2369.17,2369.74,2486.95
1776170700000,2369.74,2374.33,2369.74,2372.87,1263.23
1776171600000,2372.92,2380.4,2371.37,2380.0,3456.35
1776172500000,2380.01,2383.2,2372.55,2372.55,3824.62
1776173400000,2372.52,2394.45,2372.52,2388.61,12218.78
1776174300000,2388.38,2392.0,2383.45,2390.16,6911.52
1776175200000,2390.16,2393.0,2376.52,2381.84,8133.81
1776176100000,2381.82,2392.23,2378.73,2390.91,5882.7
1776177000000,2390.93,2414.58,2365.0,2369.88,36820.67
1776177900000,2369.84,2372.01,2351.11,2351.64,15169.81
1776178800000,2351.67,2356.69,2332.0,2340.85,22672.26
1776179700000,2340.85,2346.62,2337.61,2340.08,7396.63
1776180600000,2340.08,2365.72,2339.32,2364.97,10621.28
1776181500000,2365.01,2370.67,2360.47,2363.3,6685.22
1776182400000,2363.21,2369.9,2357.22,2359.77,5610.33
1776183300000,2359.75,2360.83,2347.1,2351.4,6380.81
1776184200000,2351.38,2353.22,2343.88,2349.62,3068.97
1776185100000,2349.64,2350.11,2328.32,2332.89,8870.45
1776186000000,2332.66,2338.9,2328.19,2337.43,4907.49
1776186900000,2337.41,2344.07,2333.41,2333.58,3549.86
1776187800000,2333.6,2335.93,2322.04,2331.56,6589.33
1776188700000,2331.58,2337.36,2329.83,2337.35,2059.99
1776189600000,2337.4,2343.24,2335.93,2337.72,4634.3
1776190500000,2337.74,2340.86,2328.59,2333.56,5434.18
1776191400000,2333.56,2337.27,2321.56,2325.33,4874.53
1776192300000,2325.35,2326.73,2308.14,2312.61,10127.77
1776193200000,2312.19,2321.65,2309.47,2316.27,3777.69
1776194100000,2316.27,2320.41,2301.65,2312.55,4666.03
1776195000000,2312.57,2317.61,2307.74,2309.46,2417.31
1776195900000,2309.46,2313.31,2307.74,2312.1,1476.89
1776196800000,2312.29,2321.4,2309.35,2319.64,3554.79
1776197700000,2319.55,2320.47,2307.41,2310.33,1702.63
1776198600000,2310.35,2313.92,2307.43,2313.36,1303.44
1776199500000,2313.36,2316.48,2309.01,2313.92,1322.8
1776200400000,2313.9,2324.6,2313.54,2318.94,2830.28
1776201300000,2318.91,2320.79,2313.85,2320.16,1240.19
1776202200000,2320.16,2321.0,2314.96,2318.36,1770.36
1776203100000,2318.36,2324.85,2316.1,2322.31,2575.7
1776204000000,2322.29,2330.9,2319.23,2326.92,3509.94
1776204900000,2326.92,2327.6,2312.01,2313.0,4725.08
1776205800000,2313.02,2318.8,2310.55,2311.18,2456.83
1776206700000,2311.2,2316.32,2310.61,2313.86,1185.77
1776207600000,2313.86,2319.82,2313.1,2317.71,1674.69
1776208500000,2317.69,2322.09,2316.0,2318.43,1525.61
1776209400000,2318.43,2324.89,2318.25,2323.13,1941.36
1776210300000,2323.15,2325.21,2318.23,2321.25,2047.92
1776211200000,2321.25,2341.72,2320.49,2337.1,8531.76
1776212100000,2337.08,2340.29,2329.5,2336.95,2569.61
1776213000000,2336.97,2338.17,2330.28,2332.07,1490.79
1776213900000,2332.05,2334.08,2327.31,2332.51,5081.79
1776214800000,2332.51,2338.75,2330.22,2338.62,3046.83
1776215700000,2338.62,2339.49,2331.94,2335.25,1946.85
1776216600000,2335.38,2337.45,2330.07,2337.01,1159.24
1776217500000,2336.96,2341.87,2332.69,2334.62,1314.84
1776218400000,2334.62,2337.4,2331.14,2333.42,1136.32
1776219300000,2333.42,2335.01,2324.41,2324.77,1877.99
1776220200000,2324.77,2325.11,2316.56,2320.81,5833.53
1776221100000,2320.81,2324.45,2317.4,2323.76,1477.07
1776222000000,2323.78,2323.98,2319.9,2321.83,975.55
1776222900000,2321.81,2327.88,2319.3,2325.84,1354.82
1776223800000,2325.84,2328.12,2321.21,2323.05,957.74
1776224700000,2323.03,2328.78,2322.4,2327.66,922.02
1776225600000,2327.63,2333.16,2327.57,2330.09,1607.84
1776226500000,2330.09,2332.69,2326.5,2328.76,1487.52
1776227400000,2328.76,2332.5,2326.93,2330.27,889.17
1776228300000,2330.29,2333.32,2327.1,2332.28,1503.03
1776229200000,2332.11,2337.04,2327.5,2328.97,2307.46
1776230100000,2328.97,2330.22,2319.28,2321.01,3393.38
1776231000000,2321.01,2322.04,2313.01,2316.87,4421.06
1776231900000,2316.9,2319.73,2315.0,2318.34,1412.09
1776232800000,2318.34,2320.2,2314.5,2316.64,1694.98
1776233700000,2316.64,2319.92,2316.38,2316.47,1086.59
1776234600000,2316.47,2318.16,2314.39,2317.5,2034.44
1776235500000,2317.5,2319.15,2314.75,2316.24,1379.36
1776236400000,2316.24,2322.7,2316.22,2319.22,2299.18
1776237300000,2319.22,2319.38,2308.23,2313.59,4320.71
1776238200000,2313.57,2313.63,2309.0,2312.02,2268.0
1776239100000,2312.02,2318.02,2308.57,2315.52,4239.67
1776240000000,2315.5,2320.16,2312.77,2318.51,2674.76
1776240900000,2318.49,2323.5,2317.24,2322.9,2163.4
1776241800000,2322.88,2332.0,2322.78,2326.01,4893.39
1776242700000,2326.03,2328.97,2322.31,2326.48,2024.44
1776243600000,2326.48,2328.83,2319.65,2322.91,2018.98
1776244500000,2322.93,2325.78,2318.13,2319.34,1243.65
1776245400000,2319.34,2322.0,2317.58,2319.85,1438.22
1776246300000,2319.85,2320.32,2317.37,2318.96,1051.94
1776247200000,2318.96,2324.45,2316.7,2321.12,1797.6
1776248100000,2321.24,2321.31,2312.16,2313.18,2555.81
1776249000000,2313.18,2321.4,2311.0,2321.3,3084.41
1776249900000,2321.32,2327.52,2314.43,2315.68,3258.9
1776250800000,2315.71,2330.09,2315.44,2325.41,3146.95
1776251700000,2325.41,2326.1,2322.22,2323.69,1664.09
1776252600000,2323.67,2327.99,2323.02,2327.99,1156.02
1776253500000,2327.97,2337.74,2327.28,2336.09,6831.46
1776254400000,2336.11,2337.98,2330.6,2333.1,3238.02
1776255300000,2333.13,2333.5,2328.36,2330.61,13590.14
1776256200000,2330.59,2338.61,2330.55,2335.26,2563.6
1776257100000,2335.26,2336.36,2331.35,2331.39,4509.72
1776258000000,2331.39,2332.7,2326.5,2330.43,3201.58
1776258900000,2330.41,2333.64,2326.07,2331.14,1888.82
1776259800000,2331.2,2332.5,2316.84,2317.36,11575.25
1776260700000,2317.32,2328.6,2316.21,2325.68,5032.95
1776261600000,2325.67,2332.0,2320.89,2331.81,2499.61
1776262500000,2332.11,2343.63,2330.05,2338.89,15368.44
1776263400000,2338.89,2340.79,2326.18,2327.81,7247.92
1776264300000,2327.89,2339.03,2327.89,2337.24,4176.25
1776265200000,2337.39,2348.73,2330.81,2346.42,11080.46
1776266100000,2346.26,2347.79,2333.49,2335.24,9027.11
1776267000000,2335.24,2335.25,2319.28,2331.36,12109.06
1776267900000,2331.36,2336.45,2327.61,2330.68,3234.75
1776268800000,2330.63,2340.5,2328.3,2340.5,3298.36
1776269700000,2340.49,2346.09,2338.78,2343.16,9733.96
1776270600000,2343.16,2349.0,2334.94,2336.89,4861.63
1776271500000,2336.95,2343.0,2334.0,2340.37,3652.0
1776272400000,2340.33,2347.0,2338.78,2344.41,2175.81
1776273300000,2344.41,2356.95,2339.36,2351.12,6546.38
1776274200000,2351.1,2354.52,2338.37,2341.51,4812.55
1776275100000,2341.53,2348.15,2340.39,2347.57,2092.02
1776276000000,2347.39,2354.92,2345.12,2352.93,3080.98
1776276900000,2352.91,2354.36,2346.19,2347.91,1876.73
1776277800000,2347.91,2353.77,2347.05,2352.7,939.74
1776278700000,2352.7,2358.8,2351.76,2357.18,3147.34
1776279600000,2357.16,2367.5,2355.97,2363.81,6983.91
1776280500000,2363.81,2365.18,2358.66,2363.85,2387.96
1776281400000,2363.85,2384.9,2363.41,2374.21,14216.04
1776282300000,2374.34,2377.1,2368.93,2373.63,3294.52
1776283200000,2373.67,2375.0,2358.14,2361.78,4585.08
1776284100000,2361.78,2361.8,2352.62,2359.39,3414.55
1776285000000,2359.39,2365.57,2355.15,2356.73,3020.97
1776285900000,2356.73,2363.25,2356.73,2361.68,1920.93
1776286800000,2361.68,2362.3,2352.56,2352.67,2998.25
1776287700000,2352.69,2353.12,2347.27,2352.0,3572.92
1776288600000,2352.01,2359.53,2348.72,2356.92,1844.01
1776289500000,2356.9,2362.62,2356.32,2360.1,1464.77
1776290400000,2360.12,2379.29,2358.95,2372.51,5311.5
1776291300000,2372.51,2374.0,2363.42,2367.51,3752.78
1776292200000,2367.49,2379.51,2364.12,2368.01,2588.23
1776293100000,2367.96,2372.43,2361.68,2362.53,2460.97
1776294000000,2362.53,2363.25,2354.5,2356.58,3125.66
1776294900000,2356.57,2356.89,2348.75,2354.67,3193.69
1776295800000,2354.65,2355.5,2348.92,2352.43,1586.72
1776296700000,2352.41,2360.58,2351.89,2358.92,2171.61
1776297600000,2358.92,2359.16,2350.55,2352.08,1653.23
1776298500000,2352.21,2354.95,2349.0,2353.58,1248.37
1776299400000,2353.58,2362.67,2353.58,2357.54,2343.95
1776300300000,2357.5,2361.89,2354.49,2359.29,1131.76
1776301200000,2359.29,2359.29,2344.86,2349.21,3875.95
1776302100000,2349.22,2355.56,2347.05,2350.02,1921.98
1776303000000,2350.02,2354.49,2348.74,2353.77,1270.24
1776303900000,2353.77,2354.71,2347.61,2350.85,1068.9
1776304800000,2350.83,2355.73,2350.42,2351.33,1215.7
1776305700000,2351.33,2358.27,2348.92,2357.68,1416.54
1776306600000,2357.75,2368.33,2357.73,2365.09,5275.19
1776307500000,2365.07,2367.1,2353.32,2355.47,2520.85
1776308400000,2355.47,2361.8,2354.57,2356.55,1816.87
1776309300000,2356.57,2364.64,2356.55,2359.95,3171.97
1776310200000,2359.93,2360.96,2355.98,2359.29,3045.63
1776311100000,2359.29,2360.32,2355.89,2356.49,1195.68
1776312000000,2356.4,2360.17,2353.85,2357.87,2497.88
1776312900000,2357.89,2359.92,2355.62,2357.19,1071.81
1776313800000,2357.16,2362.5,2354.07,2360.39,2522.7
1776314700000,2360.39,2360.5,2347.35,2352.82,9727.21
1776315600000,2352.84,2354.81,2349.0,2351.08,2051.83
1776316500000,2351.1,2358.56,2350.07,2356.2,6111.59
1776317400000,2356.22,2360.5,2355.0,2356.81,1281.16
1776318300000,2356.79,2357.09,2354.05,2355.53,752.38
1776319200000,2355.56,2359.44,2354.39,2355.2,1276.04
1776320100000,2355.2,2357.85,2353.96,2354.35,2000.08
1776321000000,2354.35,2355.0,2348.44,2352.02,4142.61
1776321900000,2352.04,2354.9,2350.21,2354.74,1245.05
1776322800000,2354.74,2356.07,2349.92,2351.11,1329.03
1776323700000,2351.13,2353.32,2349.36,2351.49,947.04
1776324600000,2351.47,2352.25,2348.44,2349.01,1344.2
1776325500000,2349.01,2349.27,2334.52,2340.45,9943.36
1776326400000,2340.47,2341.84,2333.48,2333.91,4374.69
1776327300000,2333.89,2340.53,2333.84,2340.0,3705.18
1776328200000,2340.0,2343.22,2338.95,2341.96,4775.47
1776329100000,2341.98,2344.79,2336.56,2337.91,2239.67
1776330000000,2337.91,2342.89,2336.6,2342.51,1900.75
1776330900000,2342.51,2347.02,2342.51,2345.14,3984.77
1776331800000,2345.14,2346.0,2337.53,2338.49,1896.37
1776332700000,2338.49,2339.87,2336.51,2337.01,1931.84
1776333600000,2337.03,2339.13,2328.15,2329.43,7107.62
1776334500000,2329.43,2336.25,2327.15,2334.0,3884.93
1776335400000,2333.92,2336.24,2331.04,2331.7,3023.24
1776336300000,2331.72,2333.84,2327.35,2331.09,2121.64
1776337200000,2331.09,2332.88,2328.74,2330.03,1528.09
1776338100000,2330.03,2331.68,2328.19,2331.21,1615.09
1776339000000,2331.21,2334.16,2330.32,2331.17,1908.83
1776339900000,2331.17,2335.13,2330.53,2334.53,1576.07
1776340800000,2334.51,2347.88,2333.73,2342.99,9197.92
1776341700000,2343.03,2344.85,2337.09,2339.67,4300.1
1776342600000,2339.73,2340.98,2335.24,2338.11,2443.53
1776343500000,2338.09,2340.48,2336.22,2339.18,1216.8
1776344400000,2339.18,2344.23,2336.44,2343.2,7789.06
1776345300000,2343.22,2351.0,2342.32,2347.99,5528.1
1776346200000,2347.81,2349.0,2329.54,2335.78,16619.85
1776347100000,2335.76,2335.96,2290.57,2306.97,46021.69
1776348000000,2306.91,2310.52,2296.31,2304.76,20734.55
1776348900000,2304.76,2307.04,2283.49,2293.81,28796.01
1776349800000,2293.75,2306.06,2292.67,2303.71,11153.42
1776350700000,2303.76,2314.94,2302.5,2308.54,12907.2
1776351600000,2308.29,2328.99,2307.03,2323.8,18005.92
1776352500000,2323.88,2327.68,2315.09,2317.52,13858.91
1776353400000,2317.36,2348.86,2316.77,2337.62,35378.16
1776354300000,2337.62,2342.5,2330.41,2337.62,5118.13
1776355200000,2337.62,2347.5,2332.59,2334.38,6474.84
1776356100000,2334.57,2341.0,2330.73,2330.82,4887.47
1776357000000,2330.84,2333.55,2315.91,2320.13,13911.58
1776357900000,2320.11,2323.65,2308.38,2315.38,10690.31
1776358800000,2315.48,2319.64,2310.24,2310.24,3265.48
1776359700000,2310.22,2324.45,2308.73,2323.41,3975.34
1776360600000,2323.4,2328.22,2317.0,2326.88,2605.83
1776361500000,2326.88,2328.22,2318.26,2324.51,2291.36
1776362400000,2324.51,2333.54,2318.89,2326.16,3622.78
1776363300000,2326.16,2329.67,2321.4,2324.78,2240.55
1776364200000,2324.78,2334.29,2323.42,2332.11,2641.66
1776365100000,2332.11,2345.85,2332.11,2342.21,4367.96
1776366000000,2342.19,2344.72,2333.84,2336.25,10113.21
1776366900000,2336.27,2346.74,2334.05,2344.35,4761.25
1776367800000,2344.35,2359.2,2341.65,2357.2,17990.72
1776368700000,2357.2,2360.88,2353.65,2358.61,14111.28
1776369600000,2358.64,2363.88,2352.85,2357.91,13529.31
1776370500000,2357.92,2360.0,2348.14,2350.13,7918.07
1776371400000,2350.08,2350.8,2338.78,2343.97,12339.99
1776372300000,2343.99,2349.83,2342.52,2348.84,2047.56
1776373200000,2348.84,2355.97,2346.32,2349.72,1924.85
1776374100000,2349.72,2350.95,2334.65,2339.53,3715.13
1776375000000,2339.53,2342.39,2336.05,2338.73,1019.01
1776375900000,2338.73,2340.37,2337.6,2340.22,872.57
1776376800000,2340.22,2349.59,2340.01,2342.63,2266.72
1776377700000,2342.63,2344.62,2337.89,2342.36,1554.78
1776378600000,2342.36,2344.96,2340.33,2343.76,1460.92
1776379500000,2343.76,2346.55,2339.79,2341.38,1427.24
1776380400000,2341.36,2345.28,2340.42,2343.94,1159.56
1776381300000,2343.96,2351.52,2340.85,2347.07,1777.66
1776382200000,2347.07,2354.35,2346.8,2351.51,2367.04
1776383100000,2351.51,2351.9,2345.0,2347.51,1072.38
1776384000000,2347.51,2349.75,2341.09,2341.81,1749.09
1776384900000,2341.81,2345.27,2339.72,2344.68,1429.49
1776385800000,2344.7,2349.42,2344.17,2344.33,1326.96
1776386700000,2344.31,2345.7,2342.32,2343.28,963.02
1776387600000,2343.26,2347.99,2340.48,2342.7,2038.69
1776388500000,2342.63,2343.91,2328.35,2332.26,8393.82
1776389400000,2332.28,2334.9,2327.06,2331.44,2962.62
1776390300000,2331.51,2337.93,2326.0,2333.93,3593.09
1776391200000,2333.93,2337.71,2328.78,2331.64,1722.78
1776392100000,2331.62,2331.99,2326.33,2326.46,1376.11
1776393000000,2326.44,2333.16,2323.37,2329.46,4462.75
1776393900000,2329.46,2330.95,2327.83,2330.76,697.96
1776394800000,2330.75,2330.85,2326.17,2327.7,990.63
1776395700000,2327.7,2329.66,2325.73,2327.36,847.37
1776396600000,2327.36,2329.9,2321.95,2327.22,11003.89
1776397500000,2327.22,2329.28,2324.1,2324.43,1581.72
1776398400000,2324.43,2326.65,2322.75,2326.55,1006.21
1776399300000,2326.53,2331.13,2326.5,2328.91,1130.49
1776400200000,2328.9,2332.04,2328.32,2331.34,950.25
1776401100000,2331.34,2332.68,2326.82,2327.8,876.05
1776402000000,2327.8,2328.14,2316.23,2320.0,9486.02
1776402900000,2319.99,2324.19,2319.28,2320.98,1709.61
1776403800000,2320.98,2323.12,2318.8,2320.17,2153.76
1776404700000,2320.17,2321.25,2317.31,2318.18,1204.88
1776405600000,2318.18,2323.85,2316.39,2322.83,4270.68
1776406500000,2322.85,2325.26,2322.34,2324.75,4136.54
1776407400000,2324.59,2328.4,2322.75,2328.18,1807.54
1776408300000,2328.15,2331.28,2326.01,2329.96,4194.09
1776409200000,2329.98,2340.8,2329.81,2338.58,6371.86
1776410100000,2338.58,2338.58,2333.25,2336.21,2635.59
1776411000000,2336.25,2337.78,2331.96,2334.12,2499.25
1776411900000,2334.11,2334.12,2328.62,2333.31,2300.07
1776412800000,2333.29,2340.0,2332.0,2335.28,2429.49
1776413700000,2335.28,2340.74,2334.16,2339.28,1924.53
1776414600000,2339.26,2353.61,2338.71,2347.9,8221.87
1776415500000,2347.9,2358.0,2343.75,2353.69,6132.24
1776416400000,2353.63,2355.31,2346.83,2355.02,4953.68
1776417300000,2355.0,2376.09,2350.15,2370.29,10822.36
1776418200000,2370.26,2373.44,2348.64,2353.97,10320.25
1776419100000,2353.99,2360.55,2350.52,2357.59,11599.86
1776420000000,2357.53,2360.48,2350.87,2352.39,5188.93
1776420900000,2352.39,2355.86,2341.33,2341.34,7443.53
1776421800000,2341.34,2345.03,2334.83,2337.66,11431.17
1776422700000,2337.64,2343.32,2335.02,2342.59,5339.93
1776423600000,2342.57,2348.15,2341.65,2345.24,3985.71
1776424500000,2345.24,2352.71,2345.17,2350.5,2507.73
1776425400000,2350.49,2353.66,2347.41,2348.52,2341.19
1776426300000,2348.52,2355.69,2348.5,2353.51,1721.33
1776427200000,2353.53,2358.12,2347.93,2355.66,7326.07
1776428100000,2355.64,2364.7,2352.33,2358.12,3721.06
1776429000000,2358.12,2364.48,2353.03,2355.15,2418.52
1776429900000,2355.13,2381.0,2354.33,2370.52,13893.42
1776430800000,2370.65,2408.77,2365.43,2405.85,20827.96
1776431700000,2405.72,2425.8,2395.56,2403.73,55479.93
1776432600000,2403.74,2419.76,2388.21,2416.94,25366.62
1776433500000,2417.21,2439.58,2407.15,2435.77,36587.71
1776434400000,2435.79,2446.86,2425.08,2429.05,21180.17
1776435300000,2429.07,2438.99,2424.5,2431.32,7974.87
1776436200000,2431.37,2456.39,2431.29,2446.81,26874.56
1776437100000,2446.53,2453.26,2439.23,2445.65,17471.7
1776438000000,2445.61,2447.9,2431.73,2440.43,14203.97
1776438900000,2440.52,2447.55,2437.84,2442.94,4358.9
1776439800000,2442.94,2448.24,2434.25,2437.83,5509.5
1776440700000,2437.83,2444.44,2433.82,2440.54,3942.96
1776441600000,2440.52,2451.28,2440.07,2443.64,4266.2
1776442500000,2443.7,2454.52,2439.66,2452.06,6076.28
1776443400000,2452.06,2463.29,2450.75,2457.86,13555.06
1776444300000,2457.86,2458.6,2447.15,2450.01,4314.04
1776445200000,2450.01,2451.0,2429.87,2435.89,6893.37
1776446100000,2435.99,2441.29,2422.0,2427.05,7754.68
1776447000000,2427.03,2436.99,2427.01,2434.14,3229.78
1776447900000,2433.84,2443.28,2433.54,2438.85,3775.3
1776448800000,2438.87,2441.25,2416.32,2418.17,6264.78
1776449700000,2418.14,2426.62,2413.74,2419.18,5303.64
1776450600000,2419.16,2429.16,2418.2,2428.62,1930.64
1776451500000,2428.62,2428.85,2416.59,2418.63,1920.52
1776452400000,2418.65,2425.48,2416.19,2422.27,2382.6
1776453300000,2422.25,2428.42,2421.94,2423.07,2044.98
1776454200000,2423.07,2431.19,2423.07,2429.42,1951.57
1776455100000,2429.4,2430.21,2422.76,2426.18,1277.33
1776456000000,2426.25,2434.01,2426.25,2431.16,2944.49
1776456900000,2431.14,2431.5,2426.17,2426.94,980.58
1776457800000,2426.94,2427.5,2415.39,2420.28,2655.37
1776458700000,2420.27,2425.98,2418.84,2425.12,1535.37
1776459600000,2425.12,2430.26,2424.97,2427.92,1588.22
1776460500000,2427.94,2432.15,2424.55,2428.6,1200.31
1776461400000,2428.6,2428.6,2417.77,2426.98,2032.8
1776462300000,2427.0,2430.03,2425.0,2428.12,850.85
1776463200000,2428.14,2430.21,2424.11,2424.63,1428.31
1776464100000,2424.63,2430.4,2421.53,2429.82,1724.06
1776465000000,2429.82,2440.73,2427.8,2434.9,3091.72
1776465900000,2434.88,2437.0,2431.08,2431.62,889.25
1776466800000,2431.62,2431.87,2426.58,2427.71,1085.81
1776467700000,2427.73,2427.73,2413.98,2419.8,3609.22
1776468600000,2419.82,2423.26,2416.4,2419.02,5632.5
1776469500000,2419.01,2421.72,2416.3,2417.48,792.48
1776470400000,2417.46,2422.13,2415.32,2416.36,1725.99
1776471300000,2416.36,2420.57,2415.96,2420.11,774.44
1776472200000,2420.11,2421.19,2407.72,2412.8,10647.69
1776473100000,2412.8,2422.14,2412.28,2419.83,3213.63
1776474000000,2419.9,2426.4,2415.76,2425.34,1754.61
1776474900000,2425.32,2427.17,2422.08,2422.63,898.47
1776475800000,2422.63,2422.65,2417.52,2418.59,1028.3
1776476700000,2418.57,2422.68,2416.96,2419.79,932.13
1776477600000,2419.77,2420.3,2415.34,2419.74,838.26
1776478500000,2419.74,2423.5,2419.72,2420.74,689.67
1776479400000,2420.72,2421.92,2418.03,2419.55,2651.64
1776480300000,2419.55,2419.79,2417.92,2418.14,547.43
1776481200000,2418.12,2418.14,2414.19,2415.65,2191.85
1776482100000,2415.63,2418.3,2414.75,2415.62,1044.02
1776483000000,2415.62,2416.54,2413.13,2414.39,3394.09
1776483900000,2414.41,2419.0,2398.22,2404.0,10233.83
1776484800000,2403.99,2409.13,2400.0,2408.73,5435.22
1776485700000,2408.75,2409.08,2399.99,2401.5,2906.83
1776486600000,2401.52,2406.58,2398.44,2403.59,5362.97
1776487500000,2403.59,2408.42,2402.85,2406.26,1728.5
1776488400000,2406.26,2412.36,2405.76,2410.48,1416.11
1776489300000,2410.5,2410.5,2407.43,2407.51,1358.27
1776490200000,2407.51,2407.69,2404.34,2406.18,970.75
1776491100000,2406.16,2407.84,2405.64,2407.64,752.44
1776492000000,2407.64,2409.68,2406.62,2407.92,808.93
1776492900000,2407.92,2407.99,2403.75,2407.4,741.39
1776493800000,2407.42,2410.25,2406.92,2409.9,1432.28
1776494700000,2409.92,2410.55,2407.61,2408.31,615.48
1776495600000,2408.29,2409.6,2406.99,2407.67,709.63
1776496500000,2407.67,2407.87,2404.72,2404.72,829.48
1776497400000,2404.73,2406.06,2401.59,2404.17,1247.4
1776498300000,2404.15,2405.0,2400.4,2402.49,6108.83
1776499200000,2402.49,2403.8,2396.34,2397.49,6789.75
1776500100000,2397.49,2397.49,2378.38,2386.23,29815.32
1776501000000,2386.23,2386.74,2367.02,2373.12,9688.79
1776501900000,2373.12,2380.94,2372.08,2379.53,4892.75
1776502800000,2379.54,2379.8,2368.56,2374.99,5804.11
1776503700000,2374.98,2377.06,2368.75,2376.9,4620.14
1776504600000,2376.9,2379.7,2374.64,2375.45,2455.49
1776505500000,2375.47,2376.21,2371.82,2374.86,1287.92
1776506400000,2374.94,2374.94,2353.2,2360.89,14799.38
1776507300000,2360.89,2363.64,2357.5,2360.23,4718.9
1776508200000,2360.25,2360.61,2355.45,2355.95,1869.57
1776509100000,2355.97,2360.56,2355.9,2358.16,3165.42
1776510000000,2358.16,2359.3,2350.0,2350.88,9495.54
1776510900000,2350.89,2357.67,2349.66,2355.14,3811.82
1776511800000,2355.13,2357.98,2342.39,2347.33,12073.02
1776512700000,2347.31,2353.5,2345.85,2351.78,5651.59
1776513600000,2351.78,2358.75,2350.44,2357.31,5127.96
1776514500000,2357.31,2361.29,2353.61,2353.78,2514.45
1776515400000,2353.78,2356.95,2350.83,2355.64,2488.04
1776516300000,2355.64,2358.19,2354.31,2356.67,2154.66
1776517200000,2356.67,2357.29,2354.36,2354.62,1265.42
1776518100000,2354.64,2359.07,2350.34,2352.73,3460.64
1776519000000,2352.8,2353.18,2343.99,2349.25,9277.55
1776519900000,2349.25,2356.65,2347.35,2354.13,4187.61
1776520800000,2354.13,2356.64,2351.28,2355.16,1451.81
1776521700000,2355.12,2356.4,2347.57,2354.67,2198.43
1776522600000,2354.67,2360.0,2354.0,2358.79,3084.97
1776523500000,2358.81,2364.19,2357.52,2363.66,4774.56
1776524400000,2363.66,2367.9,2357.41,2362.57,5208.1
1776525300000,2362.57,2364.49,2358.43,2363.06,1125.14
1776526200000,2363.06,2364.96,2359.37,2359.85,1009.73
1776527100000,2359.87,2363.24,2356.82,2362.02,1163.96
1776528000000,2362.02,2364.91,2356.89,2364.47,1795.5
1776528900000,2364.48,2373.58,2353.5,2366.41,6097.31
1776529800000,2366.41,2367.5,2361.85,2362.77,1442.53
1776530700000,2362.75,2365.03,2356.18,2359.05,2286.45
1776531600000,2358.86,2361.53,2351.84,2355.96,3052.59
1776532500000,2355.96,2360.44,2355.96,2360.29,1226.55
1776533400000,2360.29,2363.0,2359.99,2360.39,1312.28
1776534300000,2360.39,2363.26,2359.76,2359.97,905.24
1776535200000,2359.95,2362.08,2354.8,2359.15,2613.41
1776536100000,2359.15,2359.2,2352.39,2353.65,2151.99
1776537000000,2353.63,2354.01,2336.99,2344.0,9738.87
1776537900000,2343.99,2350.8,2342.44,2345.77,2775.2
1776538800000,2345.77,2354.18,2345.0,2352.35,2054.57
1776539700000,2352.37,2353.59,2346.32,2349.64,1110.25
1776540600000,2349.64,2350.49,2345.3,2345.6,707.74
1776541500000,2345.57,2348.8,2345.02,2346.9,978.13
1776542400000,2346.9,2349.56,2343.16,2348.17,1192.93
1776543300000,2348.17,2351.14,2346.42,2347.05,1224.12
1776544200000,2347.03,2351.83,2345.2,2350.69,1006.59
1776545100000,2350.71,2353.4,2349.39,2350.93,2467.74
1776546000000,2350.97,2353.75,2348.75,2351.0,602.41
1776546900000,2350.79,2351.62,2346.0,2351.08,1336.76
1776547800000,2351.06,2351.08,2347.27,2350.99,934.18
1776548700000,2350.99,2353.95,2349.88,2353.95,631.3
1776549600000,2353.95,2354.18,2347.08,2348.01,848.77
1776550500000,2348.0,2352.65,2346.6,2352.1,544.08
1776551400000,2352.08,2356.13,2351.25,2352.79,2753.57
1776552300000,2352.81,2357.99,2352.48,2355.08,872.06
1776553200000,2355.08,2358.0,2353.94,2353.97,1236.47
1776554100000,2353.95,2355.26,2352.49,2353.23,1277.47
1776555000000,2353.25,2353.25,2350.26,2351.63,627.49
1776555900000,2351.65,2352.27,2348.44,2349.18,847.46
1776556800000,2349.16,2354.11,2348.01,2350.35,742.73
1776557700000,2350.35,2350.35,2345.1,2346.81,2830.77
1776558600000,2346.83,2347.93,2342.9,2344.51,2246.62
1776559500000,2344.51,2349.23,2344.28,2347.7,845.03
1776560400000,2347.7,2351.63,2344.13,2347.25,2235.21
1776561300000,2347.23,2347.34,2342.68,2342.68,1077.08
1776562200000,2342.69,2345.0,2340.12,2343.57,1446.92
1776563100000,2343.55,2348.7,2343.55,2346.4,967.36
1776564000000,2346.4,2346.81,2343.5,2345.06,742.89
1776564900000,2345.07,2348.0,2332.13,2336.74,5857.93
1776565800000,2336.74,2346.61,2334.25,2343.15,4665.88
1776566700000,2343.13,2345.42,2336.83,2336.85,1423.08
1776567600000,2336.85,2340.68,2330.92,2340.2,5782.37
1776568500000,2340.17,2342.12,2336.27,2342.02,1816.89
1776569400000,2342.04,2342.66,2339.76,2341.83,887.5
1776570300000,2341.81,2342.93,2337.47,2338.58,942.52
1776571200000,2338.52,2344.91,2338.28,2342.9,915.49
1776572100000,2342.92,2343.99,2339.98,2340.48,1076.48
1776573000000,2340.48,2340.69,2320.11,2327.1,10174.3
1776573900000,2327.09,2332.69,2325.6,2331.99,2309.88
1776574800000,2331.99,2333.13,2327.5,2330.87,1089.58
1776575700000,2330.85,2333.0,2328.12,2332.57,1035.54
1776576600000,2332.61,2337.39,2331.2,2334.65,1815.43
1776577500000,2334.65,2334.71,2330.13,2331.37,1274.4
1776578400000,2331.37,2331.92,2321.15,2322.37,2713.25
1776579300000,2322.4,2330.6,2320.68,2326.71,3823.24
1776580200000,2326.73,2331.0,2326.66,2328.8,1586.54
1776581100000,2328.8,2328.82,2323.7,2326.03,1127.83
1776582000000,2326.11,2326.21,2318.24,2319.59,5228.84
1776582900000,2319.57,2321.4,2296.1,2301.7,17780.72
1776583800000,2301.7,2315.8,2300.8,2314.01,6009.23
1776584700000,2314.01,2318.07,2311.41,2314.44,2623.53
1776585600000,2314.42,2316.79,2310.35,2315.3,2148.24
1776586500000,2315.28,2318.3,2314.1,2314.12,1996.37
1776587400000,2314.08,2319.32,2309.2,2317.78,2439.38
1776588300000,2317.8,2319.26,2315.84,2317.22,1397.48
1776589200000,2317.24,2317.96,2315.0,2316.16,959.01
1776590100000,2316.18,2316.5,2308.45,2313.68,2079.28
1776591000000,2313.7,2315.31,2308.93,2310.24,1366.0
1776591900000,2310.24,2310.84,2304.81,2308.88,2109.99
1776592800000,2308.9,2311.38,2305.2,2308.34,1690.98
1776593700000,2308.32,2311.1,2306.15,2310.34,1314.66
1776594600000,2310.32,2313.38,2309.83,2313.35,1397.12
1776595500000,2313.35,2318.82,2312.27,2316.67,2315.68
1776596400000,2316.65,2327.14,2315.94,2326.15,5524.13
1776597300000,2326.14,2329.81,2321.25,2324.14,4561.71
1776598200000,2324.09,2328.0,2324.05,2326.34,1473.25
1776599100000,2326.34,2328.75,2325.81,2327.81,2103.21
1776600000000,2327.82,2334.39,2326.25,2331.92,5085.61
1776600900000,2331.93,2332.5,2325.68,2326.78,2527.74
1776601800000,2326.78,2327.89,2322.79,2324.53,2077.61
1776602700000,2324.5,2336.08,2323.2,2329.54,3509.81
1776603600000,2329.54,2337.68,2328.97,2334.5,11341.53
1776604500000,2334.5,2348.5,2332.46,2340.28,19225.95
1776605400000,2340.22,2342.97,2336.73,2340.48,5396.24
1776606300000,2340.5,2340.74,2335.03,2336.79,2732.31
1776607200000,2336.79,2339.14,2325.49,2330.0,5219.0
1776608100000,2329.98,2340.17,2328.8,2337.42,2731.71
1776609000000,2337.4,2338.67,2332.5,2336.63,1908.41
1776609900000,2336.6,2342.0,2335.42,2336.5,2299.16
1776610800000,2336.52,2337.01,2330.86,2335.01,1674.99
1776611700000,2335.0,2340.27,2331.25,2333.59,6290.88
1776612600000,2333.61,2334.66,2314.28,2323.67,20607.23
1776613500000,2323.57,2330.76,2322.0,2329.5,2995.85
1776614400000,2329.52,2329.8,2322.85,2324.41,2230.31
1776615300000,2324.4,2326.72,2317.2,2318.97,4067.69
1776616200000,2318.97,2324.69,2316.08,2317.96,1913.55
1776617100000,2317.92,2321.4,2303.0,2310.39,8846.19
1776618000000,2310.39,2311.0,2293.67,2306.39,11417.0
1776618900000,2306.42,2316.15,2305.33,2311.07,3983.39
1776619800000,2311.24,2314.81,2302.75,2307.97,2848.85
1776620700000,2307.95,2309.76,2293.0,2294.99,6846.99
1776621600000,2295.0,2299.37,2288.73,2296.23,7626.1
1776622500000,2296.21,2300.52,2288.72,2296.86,4579.25
1776623400000,2296.88,2298.2,2289.41,2290.94,2991.75
1776624300000,2290.96,2295.52,2286.25,2294.85,2927.14
1776625200000,2294.85,2300.79,2294.85,2299.02,3155.98
1776626100000,2299.02,2304.02,2293.23,2298.21,3036.42
1776627000000,2298.19,2302.02,2294.68,2295.96,1208.79
1776627900000,2295.94,2299.89,2294.9,2298.75,805.94
1776628800000,2298.77,2299.28,2289.38,2294.11,2431.7
1776629700000,2294.09,2294.12,2287.53,2291.55,1816.92
1776630600000,2291.52,2296.17,2276.15,2280.8,8056.4
1776631500000,2280.73,2285.52,2269.95,2279.32,13334.45
1776632400000,2279.3,2284.9,2277.77,2284.12,1957.32
1776633300000,2284.14,2286.7,2278.25,2285.23,3157.7
1776634200000,2285.23,2289.2,2284.51,2286.49,2159.47
1776635100000,2286.49,2289.17,2273.48,2274.77,3674.54
1776636000000,2274.75,2274.75,2251.19,2258.96,18050.68
1776636900000,2258.96,2265.46,2248.5,2262.31,24770.65
1776637800000,2262.25,2272.57,2261.28,2272.3,16814.16
1776638700000,2272.28,2274.83,2268.33,2268.8,11058.83
1776639600000,2268.65,2268.65,2259.35,2263.93,4946.06
1776640500000,2264.0,2264.9,2256.32,2263.51,2195.44
1776641400000,2263.51,2268.0,2261.61,2266.6,2367.96
1776642300000,2266.65,2269.0,2261.31,2262.15,1890.8
1776643200000,2262.38,2273.72,2258.8,2268.2,4174.46
1776644100000,2268.2,2276.6,2268.2,2275.14,2603.52
1776645000000,2275.11,2278.92,2272.09,2274.36,7689.98
1776645900000,2274.38,2281.99,2273.45,2278.59,13001.36
1776646800000,2278.57,2283.7,2277.11,2283.56,6002.07
1776647700000,2283.56,2283.62,2276.63,2279.53,1966.59
1776648600000,2279.55,2293.18,2279.42,2290.4,4460.43
1776649500000,2290.47,2291.76,2284.4,2284.88,1844.9
1776650400000,2284.88,2286.05,2269.96,2274.28,5583.7
1776651300000,2274.28,2277.87,2270.7,2276.48,4902.33
1776652200000,2276.46,2278.24,2274.47,2277.56,1230.43
1776653100000,2277.53,2280.4,2275.0,2276.4,1757.66
1776654000000,2276.4,2281.16,2274.72,2281.03,1331.61
1776654900000,2281.05,2282.76,2277.79,2279.1,2270.84
1776655800000,2279.1,2280.6,2277.77,2280.3,727.5
1776656700000,2280.3,2287.17,2279.1,2285.1,1597.6
1776657600000,2285.1,2286.07,2280.8,2282.21,8274.41
1776658500000,2282.23,2283.64,2278.56,2280.64,1322.77
1776659400000,2280.66,2280.66,2277.5,2278.66,1025.28
1776660300000,2278.66,2284.14,2278.58,2282.14,1362.61
1776661200000,2282.14,2282.14,2267.46,2272.17,11148.88
1776662100000,2272.17,2272.17,2263.43,2264.88,6808.13
1776663000000,2264.56,2269.3,2263.06,2263.25,1832.36
1776663900000,2263.27,2271.14,2261.86,2269.02,1934.69
1776664800000,2269.04,2275.4,2268.95,2269.66,1726.31
1776665700000,2269.64,2274.19,2267.49,2273.55,1607.12
1776666600000,2273.53,2288.3,2273.0,2283.59,9383.33
1776667500000,2283.52,2286.35,2279.42,2284.97,4353.41
1776668400000,2284.99,2287.7,2281.56,2285.65,2028.91
1776669300000,2285.65,2331.35,2283.86,2313.75,25812.66
1776670200000,2313.69,2316.23,2293.05,2296.29,12138.43
1776671100000,2296.29,2301.41,2285.7,2296.7,11319.41
1776672000000,2296.69,2300.24,2290.0,2298.45,3211.49
1776672900000,2298.43,2306.81,2292.27,2298.24,4887.06
1776673800000,2298.26,2299.54,2291.6,2294.07,1627.53
1776674700000,2294.29,2295.42,2288.26,2292.8,2550.03
1776675600000,2292.76,2305.39,2292.0,2302.08,3327.56
1776676500000,2302.08,2306.0,2300.92,2303.39,1589.73
1776677400000,2303.35,2312.69,2302.36,2309.69,3839.89
1776678300000,2309.68,2312.24,2305.45,2307.72,2478.11
1776679200000,2307.72,2317.22,2306.69,2314.41,3825.9
1776680100000,2314.26,2318.98,2313.1,2314.14,2240.64
1776681000000,2314.12,2314.12,2305.73,2307.86,12321.99
1776681900000,2307.84,2308.7,2301.57,2302.07,8159.19
1776682800000,2302.09,2308.0,2298.34,2307.99,5020.47
1776683700000,2307.99,2310.0,2302.15,2305.01,7566.24
1776684600000,2305.01,2308.36,2301.05,2307.02,2863.41
1776685500000,2307.02,2311.33,2305.58,2306.99,5916.99
1776686400000,2307.05,2313.22,2303.28,2311.18,3841.56
1776687300000,2311.18,2322.42,2308.7,2314.27,17030.33
1776688200000,2314.27,2316.54,2305.05,2309.76,13736.25
1776689100000,2309.78,2320.05,2309.78,2317.69,12774.69
1776690000000,2317.67,2325.4,2312.11,2318.29,20092.26
1776690900000,2318.27,2320.71,2306.4,2315.27,24842.22
1776691800000,2315.39,2317.97,2300.27,2311.43,18581.89
1776692700000,2311.26,2315.8,2301.12,2309.57,13491.51
1776693600000,2309.54,2309.82,2295.51,2299.04,18446.57
1776694500000,2299.03,2320.3,2297.32,2309.67,13647.09
1776695400000,2309.65,2313.75,2294.58,2301.5,14182.32
1776696300000,2301.5,2306.71,2281.59,2289.56,32747.62
1776697200000,2289.51,2293.32,2277.42,2291.71,24620.9
1776698100000,2291.73,2317.59,2290.95,2317.25,24107.85
1776699000000,2316.6,2316.6,2305.57,2306.51,5224.79
1776699900000,2306.53,2313.18,2304.6,2312.65,3166.49
1776700800000,2312.67,2314.0,2305.61,2306.5,2741.98
1776701700000,2306.48,2307.31,2298.75,2302.53,3374.97
1776702600000,2302.53,2307.5,2298.66,2305.55,2059.05
1776703500000,2305.52,2308.11,2296.89,2298.8,2666.65
1776704400000,2298.78,2314.4,2296.39,2312.37,4567.05
1776705300000,2312.14,2321.53,2309.52,2312.96,15822.51
1776706200000,2312.96,2316.83,2305.95,2311.86,18892.16
1776707100000,2311.82,2320.52,2310.01,2315.97,2308.68
1776708000000,2315.99,2331.94,2315.99,2330.13,8560.22
1776708900000,2330.15,2334.71,2326.0,2327.22,5425.66
1776709800000,2327.2,2340.65,2323.17,2334.0,8705.68
1776710700000,2334.0,2343.13,2328.05,2332.66,5772.91
1776711600000,2332.97,2334.69,2329.29,2332.58,2796.31
1776712500000,2332.6,2332.6,2325.7,2327.92,2436.57
1776713400000,2327.91,2329.36,2325.67,2327.13,1085.18
1776714300000,2327.11,2332.52,2325.94,2330.36,1794.15
1776715200000,2330.33,2332.85,2327.2,2330.52,1543.38
1776716100000,2330.53,2338.66,2329.23,2329.81,2666.12
1776717000000,2329.81,2331.2,2326.41,2326.55,1272.09
1776717900000,2326.55,2338.06,2324.02,2336.02,3065.02
1776718800000,2336.02,2345.56,2319.27,2323.83,8309.97
1776719700000,2323.83,2325.58,2314.81,2318.6,2968.63
1776720600000,2318.6,2320.99,2312.94,2316.06,1964.51
1776721500000,2316.08,2321.4,2315.8,2320.05,1331.25
1776722400000,2320.06,2327.35,2320.06,2321.93,1606.09
1776723300000,2321.95,2324.21,2314.99,2317.42,1746.51
1776724200000,2317.42,2324.34,2316.52,2319.38,935.94
1776725100000,2319.36,2319.61,2316.66,2317.98,764.94
1776726000000,2317.97,2318.04,2308.73,2310.53,3387.18
1776726900000,2310.53,2311.73,2306.45,2308.45,3584.47
1776727800000,2308.45,2313.55,2306.45,2311.63,4821.11
1776728700000,2311.63,2314.0,2309.78,2312.49,955.11
1776729600000,2312.39,2316.65,2310.2,2314.1,2626.19
1776730500000,2314.05,2315.78,2311.5,2314.66,1351.27
1776731400000,2314.68,2317.5,2312.93,2314.88,2053.54
1776732300000,2314.79,2323.43,2314.79,2320.67,2600.61
1776733200000,2320.62,2324.85,2317.84,2321.33,1671.29
1776734100000,2321.31,2321.9,2316.94,2321.68,1032.84
1776735000000,2321.67,2324.96,2318.47,2320.61,4010.33
1776735900000,2320.59,2320.61,2311.09,2313.75,2494.06
1776736800000,2313.73,2314.39,2307.22,2308.96,8009.52
1776737700000,2308.94,2311.0,2305.14,2308.94,3541.17
1776738600000,2308.92,2312.18,2306.56,2307.08,1359.91
1776739500000,2307.1,2308.75,2305.53,2307.1,2106.97
1776740400000,2307.1,2307.1,2298.71,2302.61,4629.94
1776741300000,2302.56,2306.66,2298.71,2305.15,3486.03
1776742200000,2305.17,2308.76,2302.81,2305.53,4981.35
1776743100000,2305.53,2311.6,2305.28,2310.09,4182.8
1776744000000,2310.09,2311.84,2304.78,2304.85,4313.95
1776744900000,2304.84,2309.24,2302.93,2306.88,5806.88
1776745800000,2306.88,2308.66,2303.76,2308.42,3961.7
1776746700000,2308.65,2314.6,2307.53,2313.17,6910.5
1776747600000,2313.15,2320.27,2312.27,2315.63,17207.34
1776748500000,2315.61,2317.89,2313.39,2316.4,1282.6
1776749400000,2316.38,2316.61,2313.14,2313.57,859.06
1776750300000,2313.57,2314.0,2311.3,2312.84,800.45
1776751200000,2312.84,2313.36,2308.68,2309.51,1588.41
1776752100000,2309.59,2310.1,2306.52,2308.78,1082.89
1776753000000,2308.81,2325.92,2308.69,2318.46,9305.53
1776753900000,2318.44,2319.52,2315.8,2315.98,1416.65
1776754800000,2315.96,2316.34,2309.97,2312.94,1873.68
1776755700000,2312.94,2323.0,2311.58,2320.08,3299.16
1776756600000,2320.13,2322.59,2314.36,2320.17,2886.16
1776757500000,2320.13,2323.46,2316.7,2316.85,1551.58
1776758400000,2316.87,2320.45,2312.55,2314.77,1804.36
1776759300000,2314.77,2322.68,2314.1,2321.6,2000.65
1776760200000,2321.59,2327.78,2318.0,2325.31,2555.64
1776761100000,2325.27,2337.49,2319.51,2322.1,7269.15
1776762000000,2322.1,2323.87,2318.88,2322.9,2725.81
1776762900000,2322.92,2326.84,2317.0,2318.33,2596.24
1776763800000,2318.3,2323.85,2317.08,2323.83,1962.99
1776764700000,2323.81,2324.74,2321.27,2323.99,1491.34
1776765600000,2324.0,2329.27,2324.0,2326.63,2322.62
1776766500000,2326.63,2329.66,2323.55,2326.67,1749.95
1776767400000,2326.67,2332.71,2325.93,2331.89,957.02
1776768300000,2331.91,2335.91,2329.53,2329.63,4390.73
1776769200000,2329.61,2329.99,2314.59,2316.44,8048.82
1776770100000,2316.49,2328.73,2315.0,2325.29,4303.64
1776771000000,2325.31,2326.79,2320.67,2321.33,1860.39
1776771900000,2321.33,2321.47,2316.88,2318.87,1878.65
1776772800000,2318.85,2322.79,2314.3,2315.04,3090.55
1776773700000,2315.06,2317.21,2313.26,2316.64,2673.52
1776774600000,2316.64,2319.97,2293.31,2297.07,12659.82
1776775500000,2297.2,2310.16,2292.74,2307.0,7695.18
1776776400000,2307.01,2307.94,2302.08,2304.17,3140.31
1776777300000,2304.17,2309.83,2303.2,2306.72,1989.11
1776778200000,2306.51,2316.04,2299.78,2309.79,5903.4
1776779100000,2309.79,2313.63,2306.58,2311.56,2775.1
1776780000000,2311.6,2312.82,2303.51,2305.02,2531.7
1776780900000,2305.02,2322.4,2305.02,2313.08,5324.27
1776781800000,2313.06,2326.41,2312.48,2321.05,4454.54
1776782700000,2320.96,2321.55,2293.61,2298.11,9071.08
1776783600000,2297.85,2306.82,2289.47,2304.24,10142.64
1776784500000,2304.19,2309.96,2295.54,2300.9,5874.93
1776785400000,2300.91,2308.67,2294.01,2302.87,7980.14
1776786300000,2303.0,2309.24,2301.21,2309.24,3192.04
1776787200000,2309.22,2316.22,2306.78,2314.14,5696.56
1776788100000,2314.14,2316.34,2308.06,2311.08,10783.74
1776789000000,2311.0,2323.7,2310.41,2312.19,4629.54
1776789900000,2312.19,2315.78,2303.5,2306.13,6970.13
1776790800000,2306.15,2308.02,2294.8,2299.72,6036.83
1776791700000,2299.69,2299.87,2283.98,2294.5,11108.71
1776792600000,2294.5,2317.76,2292.09,2313.51,8050.44
1776793500000,2313.48,2314.72,2302.4,2305.02,4960.13
1776794400000,2305.02,2307.38,2300.37,2304.55,2046.08
1776795300000,2304.59,2308.69,2299.38,2304.41,2631.88
1776796200000,2304.33,2309.4,2302.79,2304.45,2289.61
1776797100000,2304.5,2312.29,2299.77,2311.65,4054.77
1776798000000,2311.61,2321.24,2311.35,2314.17,6191.16
1776798900000,2314.17,2331.0,2311.26,2323.65,6964.22
1776799800000,2323.71,2323.92,2285.76,2287.92,11481.02
1776800700000,2288.01,2298.37,2287.25,2297.12,5682.47
1776801600000,2297.2,2320.68,2294.8,2317.8,9920.19
1776802500000,2317.8,2323.97,2314.87,2316.93,6278.68
1776803400000,2316.93,2324.87,2314.66,2315.08,4286.13
1776804300000,2315.06,2319.94,2309.69,2313.75,1960.99
1776805200000,2313.4,2317.24,2308.58,2312.27,1371.95
1776806100000,2312.29,2316.0,2310.6,2311.83,766.03
1776807000000,2311.81,2314.34,2309.16,2309.16,622.86
1776807900000,2309.05,2312.8,2309.04,2311.18,2559.01
1776808800000,2311.16,2315.8,2308.87,2314.45,1186.96
1776809700000,2314.45,2314.72,2303.2,2305.79,2050.8
1776810600000,2305.77,2310.9,2300.74,2310.49,2055.64
1776811500000,2310.49,2311.05,2306.25,2310.14,722.77
1776812400000,2310.14,2320.57,2309.67,2317.0,3210.65
1776813300000,2316.97,2319.61,2313.79,2315.11,1114.26
1776814200000,2315.09,2324.63,2314.21,2322.7,2080.53
1776815100000,2322.58,2328.66,2322.36,2326.17,3349.02
1776816000000,2326.19,2329.42,2323.81,2326.37,1991.77
1776816900000,2326.35,2328.88,2321.34,2323.47,1382.22
1776817800000,2323.52,2327.74,2321.22,2325.45,1610.21
1776818700000,2325.42,2326.41,2321.53,2324.3,2364.53
1776819600000,2324.3,2327.5,2321.31,2326.09,1032.38
1776820500000,2326.09,2326.09,2312.84,2312.84,3864.4
1776821400000,2312.85,2320.75,2312.0,2318.5,1919.91
1776822300000,2318.5,2324.53,2316.61,2321.41,1511.62
1776823200000,2321.41,2340.78,2319.09,2333.91,6640.61
1776824100000,2333.91,2355.67,2333.91,2354.38,13189.56
1776825000000,2354.38,2365.91,2348.06,2362.61,12325.95
1776825900000,2362.59,2374.0,2356.88,2369.5,11168.71
1776826800000,2369.42,2378.61,2365.55,2369.96,10118.45
1776827700000,2369.96,2370.45,2361.33,2364.06,4807.37
1776828600000,2364.06,2364.8,2356.9,2363.17,4550.17
1776829500000,2363.17,2365.65,2359.78,2362.6,2238.9
1776830400000,2362.6,2366.44,2361.24,2361.4,1813.44
1776831300000,2361.38,2362.31,2357.22,2360.87,2542.4
1776832200000,2360.85,2368.37,2358.31,2363.94,2839.95
1776833100000,2363.94,2363.94,2360.23,2362.81,1354.92
1776834000000,2362.81,2367.24,2360.72,2365.32,1371.23
1776834900000,2365.35,2396.23,2364.89,2386.71,23180.24
1776835800000,2386.71,2401.58,2385.8,2396.22,14676.69
1776836700000,2396.22,2412.41,2393.47,2395.39,13665.45
1776837600000,2395.4,2396.77,2389.0,2391.1,4344.95
1776838500000,2391.1,2393.55,2388.19,2390.96,3024.01
1776839400000,2391.25,2393.34,2389.01,2390.3,2577.04
1776840300000,2390.3,2392.33,2388.39,2392.05,2340.0
1776841200000,2392.05,2396.45,2390.44,2396.05,2253.98
1776842100000,2396.0,2396.0,2383.23,2385.92,4902.52
1776843000000,2385.94,2393.33,2385.07,2392.86,2133.26
1776843900000,2392.86,2393.36,2387.88,2388.93,1704.59
1776844800000,2388.91,2392.67,2387.88,2389.7,1827.97
1776845700000,2389.7,2391.2,2384.5,2384.51,2042.11
1776846600000,2384.52,2386.71,2382.45,2382.83,3016.29
1776847500000,2382.82,2389.04,2381.95,2387.2,2837.88
1776848400000,2387.2,2392.64,2385.7,2390.81,2400.78
1776849300000,2390.79,2393.24,2387.91,2392.46,1364.45
1776850200000,2392.46,2392.66,2388.21,2390.89,1061.61
1776851100000,2390.89,2390.91,2383.69,2386.68,7824.1
1776852000000,2386.7,2389.31,2384.0,2389.04,1417.86
1776852900000,2389.0,2390.69,2386.66,2389.78,1105.89
1776853800000,2389.74,2392.48,2386.13,2389.03,6443.38
1776854700000,2389.05,2390.58,2387.14,2388.99,859.91
1776855600000,2388.99,2391.93,2385.11,2388.54,1731.71
1776856500000,2388.52,2391.55,2388.42,2391.3,1382.78
1776857400000,2391.33,2395.6,2387.65,2391.37,3745.45
1776858300000,2391.37,2399.55,2391.31,2397.4,3210.49
1776859200000,2397.38,2403.21,2395.11,2401.04,4412.55
1776860100000,2400.96,2405.02,2395.3,2396.88,4452.83
1776861000000,2396.86,2401.71,2394.92,2399.09,3039.18
1776861900000,2399.09,2405.99,2399.09,2403.66,3305.48
1776862800000,2403.68,2412.7,2400.82,2407.61,6059.36
1776863700000,2407.63,2414.81,2405.07,2408.44,5203.36
1776864600000,2408.35,2417.26,2399.93,2412.21,8808.41
1776865500000,2412.18,2422.53,2408.39,2416.14,13522.13
1776866400000,2416.09,2422.2,2410.58,2421.68,6432.2
1776867300000,2421.7,2421.85,2408.52,2410.06,5410.63
1776868200000,2410.03,2410.96,2390.57,2394.65,10949.6
1776869100000,2394.47,2404.44,2393.83,2401.78,4168.19
1776870000000,2401.8,2402.6,2393.53,2397.09,4997.1
1776870900000,2397.1,2399.41,2389.46,2397.75,4532.23
1776871800000,2397.72,2411.72,2393.51,2410.67,8870.45
1776872700000,2410.67,2412.76,2401.59,2402.61,4040.66
1776873600000,2402.73,2412.45,2399.84,2403.47,4903.8
1776874500000,2403.47,2404.07,2391.53,2392.83,4299.08
1776875400000,2392.85,2395.26,2386.33,2389.34,5505.52
1776876300000,2389.17,2391.25,2383.51,2385.23,5461.18
1776877200000,2385.21,2398.0,2385.21,2392.61,4566.54
1776878100000,2392.61,2394.18,2385.63,2391.16,2034.25
1776879000000,2391.16,2399.35,2390.3,2396.2,2881.77
1776879900000,2396.22,2401.78,2390.86,2398.05,3491.8
1776880800000,2398.03,2403.56,2396.88,2400.67,2140.35
1776881700000,2400.78,2401.35,2395.39,2396.88,1514.31
1776882600000,2396.86,2402.93,2393.74,2397.04,3261.09
1776883500000,2397.02,2403.34,2395.13,2395.95,1797.21
1776884400000,2396.05,2396.43,2388.05,2393.63,3939.76
1776885300000,2393.63,2406.27,2392.78,2403.74,5673.03
1776886200000,2403.72,2404.58,2391.24,2394.62,2807.08
1776887100000,2394.6,2399.18,2392.82,2396.48,1358.42
1776888000000,2396.48,2401.2,2395.52,2398.51,2335.96
1776888900000,2398.51,2398.6,2390.3,2396.59,3391.39
1776889800000,2396.59,2398.13,2392.43,2392.47,1291.99
1776890700000,2392.45,2394.34,2389.5,2390.62,2316.79
1776891600000,2390.66,2394.89,2390.42,2392.83,3380.51
1776892500000,2392.85,2397.0,2392.34,2395.65,1546.68
1776893400000,2395.63,2405.0,2395.63,2404.9,9185.31
1776894300000,2404.9,2404.92,2399.84,2401.48,10636.14
1776895200000,2401.43,2404.22,2398.49,2401.3,1055.6
1776896100000,2401.32,2402.18,2394.86,2395.91,1189.84
1776897000000,2395.93,2398.4,2393.15,2394.76,1119.77
1776897900000,2394.76,2399.4,2393.0,2398.72,1032.61
1776898800000,2398.76,2399.31,2391.45,2396.34,1211.99
1776899700000,2396.32,2396.93,2379.0,2384.91,7221.87
1776900600000,2384.91,2384.93,2373.51,2376.24,13555.53
1776901500000,2376.26,2379.37,2372.56,2372.9,3126.77
1776902400000,2373.03,2377.68,2358.51,2359.45,12475.69
1776903300000,2359.44,2373.62,2343.35,2372.49,15457.32
1776904200000,2372.51,2380.65,2366.83,2372.78,16813.21
1776905100000,2372.78,2375.5,2366.99,2371.85,12039.26
1776906000000,2371.88,2371.9,2363.12,2366.44,4086.82
1776906900000,2366.42,2368.68,2359.65,2361.94,3421.92
1776907800000,2361.96,2368.75,2359.86,2365.76,13846.28
1776908700000,2365.74,2368.71,2363.48,2365.81,1377.86
1776909600000,2365.81,2365.97,2359.46,2359.5,1916.14
1776910500000,2359.5,2363.57,2346.82,2354.29,7076.6
1776911400000,2354.27,2356.74,2342.69,2348.01,5472.89
1776912300000,2348.06,2354.46,2345.49,2350.87,4344.73
1776913200000,2350.87,2352.19,2339.9,2339.92,5349.7
1776914100000,2339.91,2343.17,2335.39,2337.98,6468.78
1776915000000,2338.0,2339.57,2330.52,2337.28,5141.85
1776915900000,2337.34,2341.21,2333.86,2339.84,4827.78
1776916800000,2339.86,2343.56,2336.09,2342.39,3741.95
1776917700000,2342.39,2343.93,2340.0,2342.21,1889.7
1776918600000,2342.19,2346.88,2342.12,2344.74,7290.18
1776919500000,2344.72,2347.6,2343.93,2346.52,2130.87
1776920400000,2346.5,2351.74,2345.85,2350.01,6482.94
1776921300000,2350.01,2350.8,2345.0,2345.42,7706.35
1776922200000,2345.42,2345.65,2339.23,2343.71,8101.05
1776923100000,2343.69,2350.83,2343.41,2347.79,1965.85
1776924000000,2347.79,2355.66,2347.79,2350.18,4617.3
1776924900000,2350.18,2357.4,2349.2,2355.33,8129.13
1776925800000,2355.31,2357.4,2351.51,2352.32,1987.93
1776926700000,2352.28,2354.31,2347.92,2353.25,1729.26
1776927600000,2353.32,2355.65,2351.5,2352.33,1911.29
1776928500000,2352.35,2352.79,2347.6,2349.58,2350.28
1776929400000,2349.57,2351.59,2346.27,2350.69,1123.46
1776930300000,2350.71,2352.33,2339.68,2343.07,4156.21
1776931200000,2343.05,2343.8,2337.3,2342.02,8229.64
1776932100000,2342.0,2343.8,2336.33,2337.94,1824.78
1776933000000,2338.13,2338.19,2333.88,2334.76,4331.86
1776933900000,2334.76,2339.91,2334.49,2338.83,1989.26
1776934800000,2338.83,2338.83,2313.0,2321.06,22398.56
1776935700000,2321.09,2327.0,2318.55,2320.66,4826.57
1776936600000,2320.66,2325.72,2319.3,2324.07,2882.09
1776937500000,2324.07,2325.6,2313.16,2315.27,4861.95
1776938400000,2315.05,2318.6,2304.13,2307.04,9831.07
1776939300000,2307.04,2313.32,2306.61,2312.92,6000.82
1776940200000,2312.9,2314.83,2310.41,2311.55,2383.59
1776941100000,2311.6,2315.13,2310.49,2313.19,1659.78
1776942000000,2313.24,2317.39,2313.21,2316.17,3098.65
1776942900000,2316.19,2320.56,2315.26,2319.16,2606.67
1776943800000,2319.14,2325.19,2315.66,2324.26,3566.14
1776944700000,2324.29,2330.67,2323.96,2327.98,5397.16
1776945600000,2327.98,2334.21,2327.36,2331.02,3705.24
1776946500000,2330.98,2331.99,2324.39,2329.23,2827.08
1776947400000,2329.23,2331.32,2327.51,2327.78,1555.71
1776948300000,2327.78,2330.27,2320.2,2327.77,4943.66
1776949200000,2327.79,2331.33,2321.77,2323.16,2685.54
1776950100000,2323.25,2324.93,2317.34,2321.83,9721.1
1776951000000,2321.85,2324.95,2318.46,2319.52,3896.02
1776951900000,2319.4,2322.78,2313.95,2318.52,5931.31
1776952800000,2318.52,2323.57,2315.01,2318.72,3323.98
1776953700000,2318.72,2333.27,2317.59,2325.91,5824.44
1776954600000,2325.91,2331.0,2324.51,2329.31,4262.84
1776955500000,2329.31,2333.24,2327.17,2332.82,4121.02
1776956400000,2332.84,2333.72,2322.71,2328.09,4031.26
1776957300000,2328.09,2341.91,2326.73,2330.93,21285.77
1776958200000,2331.08,2338.18,2327.01,2335.13,6332.8
1776959100000,2335.15,2335.25,2326.59,2332.11,4772.93
1776960000000,2332.11,2333.12,2327.25,2329.3,2948.07
1776960900000,2329.27,2334.42,2327.34,2329.01,1872.21
1776961800000,2329.0,2333.18,2327.75,2329.87,2259.76
1776962700000,2329.89,2331.38,2319.69,2324.96,9066.91
1776963600000,2325.05,2328.12,2310.54,2317.25,10478.32
1776964500000,2317.31,2317.31,2305.4,2308.07,9385.52
1776965400000,2308.07,2310.94,2286.76,2293.0,19337.62
1776966300000,2293.03,2311.08,2282.0,2308.93,17000.52
1776967200000,2308.95,2318.15,2306.73,2311.93,9060.92
1776968100000,2312.15,2315.75,2307.11,2308.73,4420.14
1776969000000,2308.74,2315.31,2308.74,2312.55,3779.23
1776969900000,2312.55,2313.02,2303.3,2303.9,2456.39
1776970800000,2303.93,2309.39,2299.38,2307.3,5159.21
1776971700000,2307.28,2313.31,2307.28,2312.2,2338.11
1776972600000,2312.2,2313.75,2306.63,2308.93,2261.36
1776973500000,2308.93,2317.89,2308.93,2311.9,2964.82
1776974400000,2311.78,2324.3,2311.71,2319.67,3947.78
1776975300000,2319.67,2321.93,2316.59,2317.82,2204.89
1776976200000,2317.8,2327.85,2316.61,2326.52,2347.79
1776977100000,2326.52,2327.49,2321.02,2324.13,1848.44
1776978000000,2324.13,2325.13,2319.62,2319.73,2467.65
1776978900000,2319.75,2323.52,2319.56,2323.52,1609.31
1776979800000,2323.53,2327.7,2323.51,2327.12,3242.78
1776980700000,2327.12,2327.22,2320.51,2320.51,1303.63
1776981600000,2320.42,2331.12,2320.0,2328.84,8637.93
1776982500000,2328.84,2337.61,2327.58,2329.54,4708.85
1776983400000,2329.54,2334.84,2329.54,2334.82,990.35
1776984300000,2334.84,2335.99,2329.61,2330.52,1650.17
1776985200000,2330.52,2332.08,2325.57,2326.01,1274.78
1776986100000,2326.04,2328.09,2323.03,2325.89,2045.88
1776987000000,2325.91,2330.79,2325.64,2329.74,1148.09
1776987900000,2329.76,2331.8,2328.34,2329.0,682.31
1776988800000,2329.28,2331.49,2325.39,2330.31,1942.54
1776989700000,2330.31,2336.42,2328.28,2332.56,2077.36
1776990600000,2332.54,2335.81,2331.09,2331.15,1353.36
1776991500000,2331.17,2335.0,2328.65,2331.2,1447.86
1776992400000,2331.2,2331.6,2322.36,2324.61,2343.5
1776993300000,2324.59,2325.35,2320.08,2320.47,2393.95
1776994200000,2320.45,2324.79,2317.17,2320.48,2534.5
1776995100000,2320.48,2333.0,2320.0,2331.63,2914.58
1776996000000,2331.63,2334.16,2325.65,2328.01,1980.57
1776996900000,2328.01,2329.0,2323.24,2323.92,1085.78
1776997800000,2323.92,2328.48,2323.89,2328.22,1451.62
1776998700000,2328.26,2329.25,2313.66,2318.49,4538.6
1776999600000,2318.51,2321.08,2315.5,2318.51,2419.84
1777000500000,2318.51,2318.53,2307.5,2309.48,3861.77
1777001400000,2309.58,2310.03,2299.93,2304.01,5489.83
1777002300000,2304.01,2307.87,2303.71,2307.5,1826.78
1777003200000,2307.5,2309.19,2305.33,2308.0,2103.27
1777004100000,2307.98,2310.49,2303.11,2303.31,1763.63
1777005000000,2303.29,2305.99,2299.25,2303.7,2123.51
1777005900000,2303.72,2307.46,2303.6,2305.0,1440.13
1777006800000,2304.98,2305.79,2301.11,2301.82,1602.74
1777007700000,2301.83,2303.97,2298.74,2303.9,2113.9
1777008600000,2303.9,2310.93,2303.9,2308.07,9903.8
1777009500000,2308.05,2316.23,2308.05,2313.8,3442.93
1777010400000,2313.8,2314.48,2311.06,2314.06,1994.76
1777011300000,2314.08,2315.75,2311.6,2312.09,1534.36
1777012200000,2312.09,2312.93,2307.22,2308.48,1841.21
1777013100000,2308.33,2311.76,2307.4,2308.04,1048.43
1777014000000,2308.06,2315.5,2307.45,2312.67,1880.45
1777014900000,2312.69,2313.7,2310.0,2313.05,1912.56
1777015800000,2313.03,2314.09,2310.62,2311.62,1646.87
1777016700000,2311.64,2313.91,2307.31,2310.64,2990.68
1777017600000,2310.63,2311.49,2306.7,2309.55,1873.36
1777018500000,2309.57,2321.98,2309.57,2315.04,5092.74
1777019400000,2315.04,2315.23,2311.13,2311.82,2800.69
1777020300000,2311.86,2316.74,2311.84,2313.93,2103.19
1777021200000,2313.93,2314.52,2302.53,2307.18,5543.52
1777022100000,2307.31,2309.01,2305.26,2307.12,1479.89
1777023000000,2307.14,2310.57,2306.63,2310.06,1394.81
1777023900000,2310.08,2310.09,2305.44,2308.84,3021.4
1777024800000,2308.84,2309.14,2304.51,2307.63,1593.14
1777025700000,2307.62,2314.94,2307.21,2312.55,2236.1
1777026600000,2312.57,2315.84,2311.47,2312.56,1604.75
1777027500000,2312.58,2318.13,2311.17,2314.65,2030.18
1777028400000,2314.65,2330.0,2314.65,2327.07,9978.26
1777029300000,2327.07,2330.02,2323.79,2329.83,6356.41
1777030200000,2329.84,2331.2,2326.76,2329.62,4426.58
1777031100000,2329.58,2329.59,2325.41,2326.8,2771.04
1777032000000,2326.78,2330.4,2325.6,2329.63,2607.87
1777032900000,2329.61,2330.46,2324.17,2327.06,2261.68
1777033800000,2327.04,2327.09,2321.8,2322.66,3376.18
1777034700000,2322.66,2325.8,2316.87,2323.92,3498.66
1777035600000,2323.94,2330.4,2323.84,2326.0,3205.3
1777036500000,2326.0,2327.9,2321.2,2322.11,2271.93
1777037400000,2322.04,2324.98,2318.01,2319.18,4222.51
1777038300000,2319.38,2320.64,2309.45,2315.93,6921.49
1777039200000,2315.93,2315.93,2306.49,2309.75,4926.93
1777040100000,2309.75,2313.99,2302.61,2305.47,5514.37
1777041000000,2305.58,2315.81,2304.6,2314.91,5114.39
1777041900000,2314.91,2317.17,2309.75,2312.41,2221.25
1777042800000,2312.39,2312.65,2300.08,2307.25,5526.76
1777043700000,2307.42,2313.72,2305.29,2311.27,2133.52
1777044600000,2311.25,2325.53,2310.94,2324.07,3352.89
1777045500000,2324.15,2328.75,2318.08,2322.84,6647.43
1777046400000,2322.81,2323.28,2315.71,2315.77,2161.6
1777047300000,2315.75,2316.2,2310.56,2314.45,2707.15
1777048200000,2314.43,2320.73,2308.8,2312.39,2835.84
1777049100000,2312.39,2315.91,2310.35,2315.56,1545.1
1777050000000,2315.52,2318.49,2311.66,2318.17,1268.64
1777050900000,2318.17,2318.3,2312.5,2314.16,866.49
1777051800000,2314.16,2315.21,2307.38,2313.29,1975.08
1777052700000,2313.31,2320.63,2311.35,2318.73,2798.12
1777053600000,2318.76,2320.38,2313.18,2313.32,1600.0
1777054500000,2313.32,2316.05,2308.74,2313.64,3080.8
1777055400000,2313.64,2319.15,2313.25,2317.2,1441.46
1777056300000,2317.18,2319.4,2315.96,2318.78,1072.15
1777057200000,2318.78,2324.15,2318.32,2320.65,1969.63
1777058100000,2320.65,2322.57,2317.92,2319.67,1101.07
1777059000000,2319.65,2321.99,2318.4,2320.35,956.69
1777059900000,2320.35,2321.32,2318.62,2320.46,1036.86
1777060800000,2320.28,2320.71,2316.49,2319.07,2234.85
1777061700000,2319.0,2319.39,2314.18,2315.82,1140.82
1777062600000,2315.82,2325.0,2315.82,2323.51,2683.04
1777063500000,2323.51,2327.29,2323.36,2325.43,2929.56
1777064400000,2325.43,2326.62,2314.47,2314.48,3103.94
1777065300000,2314.48,2318.92,2313.92,2316.3,3471.05
1777066200000,2316.3,2317.59,2310.68,2313.96,3452.66
1777067100000,2313.94,2316.91,2313.01,2314.03,552.82
1777068000000,2314.03,2314.96,2312.5,2313.99,728.46
1777068900000,2314.0,2314.41,2311.89,2312.03,471.64
1777069800000,2312.04,2312.19,2305.95,2308.94,2209.5
1777070700000,2308.96,2311.79,2308.94,2310.93,840.1
1777071600000,2310.93,2313.93,2310.86,2313.8,797.98
1777072500000,2313.82,2314.0,2311.38,2313.74,755.4
1777073400000,2313.72,2314.98,2313.67,2313.89,1501.35
1777074300000,2313.87,2314.57,2312.9,2313.93,545.43
1777075200000,2313.88,2315.02,2311.56,2311.81,1840.74
1777076100000,2311.83,2312.72,2310.73,2310.93,633.75
1777077000000,2310.91,2313.76,2310.31,2312.67,1069.46
1777077900000,2312.67,2315.1,2312.64,2314.84,971.55
1777078800000,2314.9,2317.64,2314.41,2316.99,925.23
1777079700000,2316.99,2319.04,2316.23,2316.73,3447.3
1777080600000,2316.73,2318.53,2316.45,2318.48,694.7
1777081500000,2318.46,2320.15,2316.79,2316.79,3811.85
1777082400000,2316.81,2318.2,2312.69,2316.25,5362.4
1777083300000,2316.23,2317.65,2315.21,2317.27,922.04
1777084200000,2317.25,2317.62,2315.52,2316.19,511.24
1777085100000,2316.19,2316.77,2315.42,2316.38,520.61
1777086000000,2316.38,2319.5,2316.15,2316.61,4346.13
1777086900000,2316.63,2317.72,2314.31,2315.13,597.92
1777087800000,2315.15,2317.18,2315.12,2316.99,498.96
1777088700000,2316.99,2318.4,2316.68,2317.5,852.32
1777089600000,2317.5,2318.11,2316.07,2317.68,428.37
1777090500000,2317.7,2317.91,2316.33,2316.64,534.25
1777091400000,2316.66,2316.76,2314.96,2315.62,588.34
1777092300000,2315.64,2316.24,2315.49,2315.49,411.17
1777093200000,2315.49,2315.51,2312.09,2313.13,1245.14
1777094100000,2313.11,2314.05,2312.12,2313.23,611.11
1777095000000,2313.25,2315.31,2313.21,2314.38,866.71
1777095900000,2314.38,2315.05,2313.97,2315.03,545.03
1777096800000,2315.03,2317.04,2314.4,2315.72,537.56
1777097700000,2315.72,2315.85,2313.6,2314.02,535.22
1777098600000,2314.04,2316.0,2313.75,2314.86,731.18
1777099500000,2314.88,2316.63,2314.09,2314.97,644.97
1777100400000,2314.97,2314.97,2313.07,2313.37,1083.34
1777101300000,2313.37,2314.84,2313.03,2314.8,807.48
1777102200000,2314.78,2316.07,2314.23,2315.39,681.74
1777103100000,2315.41,2317.39,2314.4,2315.27,738.14
1777104000000,2315.23,2317.29,2314.71,2316.62,637.42
1777104900000,2316.6,2317.74,2316.29,2317.38,756.08
1777105800000,2317.36,2319.78,2317.36,2318.34,1739.61
1777106700000,2318.32,2318.43,2317.64,2318.19,566.55
1777107600000,2318.19,2318.62,2316.75,2318.26,2308.82
1777108500000,2318.24,2318.81,2315.8,2316.01,761.63
1777109400000,2315.99,2321.25,2315.93,2320.45,1631.88
1777110300000,2320.45,2322.04,2317.72,2317.89,2489.71
1777111200000,2317.91,2320.01,2317.5,2318.52,2901.54
1777112100000,2318.5,2320.99,2318.43,2319.71,896.53
1777113000000,2319.71,2321.61,2318.48,2319.23,1430.17
1777113900000,2319.23,2320.0,2317.89,2319.19,1542.09
1777114800000,2319.18,2319.18,2315.64,2316.04,1957.81
1777115700000,2316.06,2316.75,2311.95,2313.76,2762.62
1777116600000,2313.78,2314.19,2311.54,2311.66,1893.38
1777117500000,2311.68,2313.29,2309.56,2312.69,4409.29
1777118400000,2312.76,2315.71,2310.75,2314.61,2163.72
1777119300000,2314.62,2316.0,2312.95,2312.97,1691.25
1777120200000,2312.97,2315.46,2310.28,2312.11,1141.07
1777121100000,2312.11,2313.73,2312.06,2312.19,543.52
1777122000000,2312.27,2316.17,2312.27,2315.92,1783.89
1777122900000,2315.94,2316.23,2314.7,2315.32,529.82
1777123800000,2315.34,2316.2,2314.46,2316.16,1078.68
1777124700000,2316.16,2316.79,2315.0,2315.01,836.2
1777125600000,2315.02,2317.85,2313.75,2317.0,1465.31
1777126500000,2317.0,2317.08,2314.4,2316.22,936.29
1777127400000,2316.22,2316.93,2315.62,2316.11,617.22
1777128300000,2316.11,2317.39,2314.61,2314.76,1441.52
1777129200000,2314.76,2316.2,2313.93,2315.27,761.49
1777130100000,2315.27,2316.99,2315.09,2316.67,587.89
1777131000000,2316.67,2317.34,2315.5,2315.51,670.88
1777131900000,2315.5,2315.51,2302.35,2306.81,8634.88
1777132800000,2306.79,2309.43,2304.01,2309.2,3647.29
1777133700000,2309.24,2310.0,2304.8,2307.61,2990.03
1777134600000,2307.59,2308.23,2299.51,2307.41,4393.93
1777135500000,2307.41,2309.05,2306.93,2308.7,1860.28
1777136400000,2308.68,2308.7,2306.13,2307.52,1027.04
1777137300000,2307.54,2312.58,2306.16,2308.03,2989.33
1777138200000,2308.01,2311.14,2306.72,2310.19,1561.0
1777139100000,2310.21,2310.43,2307.5,2308.21,727.03
1777140000000,2308.19,2311.29,2307.32,2309.51,1119.53
1777140900000,2309.53,2311.41,2308.01,2311.16,1025.82
1777141800000,2311.2,2313.19,2310.84,2310.84,1036.99
1777142700000,2310.8,2312.56,2310.2,2310.6,588.76
1777143600000,2310.6,2310.95,2309.0,2310.9,784.92
1777144500000,2310.97,2311.42,2307.94,2307.97,574.91
1777145400000,2307.97,2308.44,2306.1,2306.15,1079.72
1777146300000,2306.17,2309.71,2306.13,2309.01,747.61
1777147200000,2309.03,2310.77,2307.5,2309.36,1378.45
1777148100000,2309.36,2311.25,2308.54,2310.62,616.16
1777149000000,2310.62,2311.14,2310.15,2310.2,577.0
1777149900000,2310.2,2312.26,2309.69,2311.99,643.11
1777150800000,2311.97,2316.1,2311.97,2315.37,1571.67
1777151700000,2315.37,2316.3,2313.7,2314.85,1016.59
1777152600000,2314.85,2315.1,2311.73,2313.43,588.24
1777153500000,2313.41,2315.16,2313.41,2314.76,510.88
1777154400000,2314.78,2316.58,2314.01,2314.85,780.17
1777155300000,2314.82,2316.45,2314.43,2315.72,669.91
1777156200000,2315.72,2319.67,2315.7,2317.87,2141.67
1777157100000,2317.89,2318.47,2316.36,2316.77,627.88
1777158000000,2316.77,2318.6,2315.71,2317.77,629.74
1777158900000,2317.77,2318.49,2316.68,2318.17,630.08
1777159800000,2318.17,2318.68,2317.09,2317.83,744.8
1777160700000,2317.85,2319.21,2316.38,2318.48,3755.37
1777161600000,2318.48,2318.87,2314.02,2315.69,4058.19
1777162500000,2315.68,2315.68,2313.57,2314.23,749.96
1777163400000,2314.23,2316.35,2312.11,2316.35,4554.83
1777164300000,2316.33,2317.17,2311.1,2314.14,1113.47
1777165200000,2314.12,2314.62,2312.26,2314.03,766.64
1777166100000,2314.03,2315.79,2313.99,2314.92,727.51
1777167000000,2314.92,2317.05,2314.16,2314.87,571.2
1777167900000,2314.87,2315.63,2312.42,2312.84,734.29
1777168800000,2312.86,2317.1,2312.45,2316.66,978.13
1777169700000,2316.66,2317.21,2315.34,2316.3,747.24
1777170600000,2316.32,2317.46,2314.45,2314.47,565.21
1777171500000,2314.43,2314.96,2313.48,2314.22,1243.57
1777172400000,2314.22,2315.36,2312.84,2315.16,848.69
1777173300000,2315.14,2315.58,2310.71,2311.31,884.69
1777174200000,2311.33,2311.62,2305.44,2308.2,2851.67
1777175100000,2308.2,2309.5,2307.12,2308.94,848.2
1777176000000,2308.94,2311.64,2307.92,2310.03,900.96
1777176900000,2310.01,2310.96,2309.35,2309.76,606.16
1777177800000,2309.76,2312.39,2309.07,2311.61,616.73
1777178700000,2311.61,2318.92,2311.61,2316.36,3751.06
1777179600000,2316.36,2331.21,2316.34,2327.6,14669.54
1777180500000,2327.51,2334.59,2325.57,2329.85,9771.34
1777181400000,2329.86,2334.08,2326.55,2327.9,4421.91
1777182300000,2327.9,2329.0,2325.7,2326.76,1653.88
1777183200000,2326.78,2330.66,2326.76,2329.21,1460.5
1777184100000,2329.19,2330.0,2326.7,2328.39,1281.92
1777185000000,2328.41,2332.0,2327.81,2330.64,1743.94
1777185900000,2330.64,2331.99,2326.44,2328.95,1545.11
1777186800000,2328.95,2329.63,2327.51,2328.25,945.54
1777187700000,2328.27,2330.04,2328.26,2328.78,947.47
1777188600000,2328.78,2329.1,2327.0,2327.45,728.65
1777189500000,2327.43,2331.27,2327.43,2330.2,1052.72
1777190400000,2330.2,2332.92,2330.0,2331.64,7421.71
1777191300000,2331.64,2332.23,2329.16,2330.55,974.36
1777192200000,2330.5,2336.8,2330.13,2330.58,3340.29
1777193100000,2330.58,2332.43,2330.4,2331.3,1136.0
1777194000000,2331.28,2331.3,2328.5,2330.02,1283.88
1777194900000,2330.02,2332.69,2329.32,2330.93,1291.24
1777195800000,2330.91,2332.64,2330.05,2332.16,824.18
1777196700000,2332.16,2334.33,2331.26,2333.34,1243.54
1777197600000,2333.32,2335.27,2331.2,2333.52,1084.32
1777198500000,2333.51,2334.31,2331.62,2332.01,825.34
1777199400000,2332.02,2332.27,2330.62,2331.33,749.39
1777200300000,2331.33,2331.76,2330.29,2331.63,868.95
1777201200000,2331.61,2334.32,2331.41,2332.89,929.98
1777202100000,2332.88,2336.47,2331.96,2335.11,1316.45
1777203000000,2335.11,2336.36,2333.45,2333.9,1865.29
1777203900000,2333.9,2335.6,2332.63,2334.9,1324.31
1777204800000,2334.88,2336.0,2328.45,2329.4,2320.78
1777205700000,2329.38,2332.08,2328.33,2330.19,1658.35
1777206600000,2330.21,2331.44,2329.47,2329.47,1163.42
1777207500000,2329.47,2329.49,2324.15,2327.83,5986.33
1777208400000,2327.89,2331.23,2326.82,2330.05,1760.02
1777209300000,2330.03,2330.66,2327.77,2329.18,881.62
1777210200000,2329.18,2333.99,2328.9,2333.82,1665.45
1777211100000,2333.83,2334.82,2332.15,2333.92,1424.43
1777212000000,2333.92,2334.99,2332.17,2334.38,1357.38
1777212900000,2334.36,2351.58,2333.31,2348.99,14299.74
1777213800000,2349.1,2350.26,2344.08,2345.89,6747.63
1777214700000,2345.89,2349.8,2343.07,2345.09,11473.62
1777215600000,2345.07,2347.82,2343.62,2345.01,3534.41
1777216500000,2345.03,2347.51,2343.45,2347.49,1176.06
1777217400000,2347.46,2347.95,2344.0,2344.45,1832.47
1777218300000,2344.43,2347.28,2343.09,2347.26,1321.06
1777219200000,2347.26,2348.51,2343.31,2344.07,2085.24
1777220100000,2344.05,2346.91,2344.05,2345.83,978.99
1777221000000,2345.83,2346.94,2343.96,2343.96,1368.85
1777221900000,2343.96,2346.0,2341.69,2341.7,1608.97
1777222800000,2341.71,2344.8,2339.3,2344.17,2329.82
1777223700000,2344.15,2346.56,2343.99,2345.3,816.19
1777224600000,2345.28,2346.48,2342.84,2346.02,1232.81
1777225500000,2346.02,2349.03,2345.19,2348.36,1231.04
1777226400000,2348.36,2365.65,2346.14,2361.9,10884.66
1777227300000,2361.77,2367.68,2358.48,2359.58,5770.85
1777228200000,2359.6,2362.31,2356.71,2359.04,1803.56
1777229100000,2359.02,2361.21,2357.8,2360.55,1739.3
1777230000000,2360.42,2366.11,2358.18,2364.43,2039.89
1777230900000,2364.51,2375.65,2362.0,2364.46,9442.47
1777231800000,2364.48,2365.1,2362.06,2364.47,1426.23
1777232700000,2364.45,2369.9,2364.14,2366.37,1403.64
1777233600000,2366.38,2367.76,2363.99,2364.09,1180.86
1777234500000,2364.09,2366.5,2363.01,2365.25,2167.07
1777235400000,2365.27,2371.56,2364.01,2365.11,3568.67
1777236300000,2365.11,2366.07,2360.67,2361.23,10996.85
1777237200000,2361.25,2367.87,2361.12,2365.14,1171.21
1777238100000,2365.14,2366.97,2364.16,2364.21,801.88
1777239000000,2364.23,2364.29,2351.18,2356.11,5416.61
1777239900000,2356.11,2369.24,2347.33,2363.16,6674.43
1777240800000,2363.19,2370.36,2361.41,2368.99,3635.32
1777241700000,2368.98,2379.54,2365.82,2366.69,18551.79
1777242600000,2366.63,2366.63,2351.86,2359.37,13130.57
1777243500000,2359.25,2365.21,2358.8,2360.39,1423.92
1777244400000,2360.37,2361.14,2355.5,2359.96,2018.27
1777245300000,2359.96,2367.47,2358.0,2360.25,2569.16
1777246200000,2360.23,2371.85,2357.43,2371.41,2878.59
1777247100000,2371.41,2377.6,2366.91,2368.39,5094.86
1777248000000,2368.54,2374.72,2365.07,2365.51,2625.2
1777248900000,2365.53,2366.86,2358.32,2361.89,3069.16
1777249800000,2361.89,2373.75,2359.8,2371.19,2943.13
1777250700000,2371.19,2390.5,2369.6,2388.76,17100.8
1777251600000,2389.0,2405.17,2385.55,2386.08,20289.69
1777252500000,2386.08,2386.24,2376.27,2381.67,5496.26
1777253400000,2381.64,2388.37,2378.6,2385.86,2660.73
1777254300000,2385.86,2395.87,2385.84,2393.57,4182.98
1777255200000,2393.6,2395.0,2386.04,2388.79,1918.06
1777256100000,2388.81,2393.02,2386.64,2391.93,1411.59
1777257000000,2391.93,2395.91,2389.5,2390.72,2113.5
1777257900000,2390.72,2394.91,2390.32,2391.15,1499.95
1777258800000,2390.96,2396.97,2389.36,2394.66,2692.01
1777259700000,2394.68,2397.73,2392.09,2396.84,5947.95
1777260600000,2396.96,2399.5,2393.79,2398.93,3704.31
1777261500000,2398.9,2399.17,2392.41,2393.58,4008.51
1777262400000,2393.56,2395.48,2388.8,2389.74,9301.71
1777263300000,2389.7,2391.71,2387.33,2390.33,3402.07
1777264200000,2390.33,2391.15,2385.69,2386.45,1974.91
1777265100000,2386.45,2387.23,2379.57,2382.06,13021.55
1777266000000,2382.06,2382.6,2362.0,2362.01,15303.79
1777266900000,2362.0,2362.16,2327.51,2333.33,32200.95
1777267800000,2333.32,2334.91,2319.38,2324.28,18517.08
1777268700000,2324.28,2325.47,2317.36,2321.73,8941.83
1777269600000,2321.75,2322.48,2315.67,2322.0,5895.4
1777270500000,2322.0,2327.65,2320.5,2324.51,4779.63
1777271400000,2324.51,2324.51,2311.28,2317.82,7070.67
1777272300000,2317.84,2323.57,2317.26,2319.6,4517.73
1777273200000,2319.61,2322.01,2316.11,2317.02,2443.73
1777274100000,2317.02,2320.13,2313.2,2318.65,3961.22
1777275000000,2318.65,2319.48,2314.51,2319.27,3635.28
1777275900000,2319.25,2320.09,2314.58,2314.58,6382.6
1777276800000,2314.55,2318.63,2312.84,2315.05,2878.03
1777277700000,2315.05,2316.52,2309.37,2309.4,4955.72
1777278600000,2309.4,2314.14,2307.34,2311.36,3746.29
1777279500000,2311.38,2318.5,2311.36,2318.5,3372.65
1777280400000,2318.48,2320.34,2317.45,2320.29,2265.35
1777281300000,2320.29,2320.79,2314.0,2317.85,2310.22
1777282200000,2317.85,2323.72,2317.09,2322.37,3763.08
1777283100000,2322.38,2324.48,2320.33,2320.7,1887.3
1777284000000,2320.72,2322.74,2318.13,2320.18,7280.99
1777284900000,2320.16,2320.93,2316.86,2318.71,1023.39
1777285800000,2318.71,2320.26,2317.79,2318.19,1006.44
1777286700000,2318.19,2321.4,2318.12,2318.65,908.89
1777287600000,2318.65,2320.68,2315.22,2317.13,3274.4
1777288500000,2317.13,2321.05,2316.42,2320.07,1128.29
1777289400000,2320.07,2321.34,2317.02,2318.37,1109.76
1777290300000,2318.35,2319.49,2317.07,2318.82,902.64
1777291200000,2318.84,2319.8,2315.13,2318.53,1262.17
1777292100000,2318.55,2319.5,2313.67,2315.29,1757.23
1777293000000,2315.27,2316.42,2311.6,2314.55,2257.3
1777293900000,2314.55,2316.4,2311.28,2312.97,1533.82
1777294800000,2312.99,2316.35,2312.03,2313.25,1795.32
1777295700000,2313.2,2316.14,2312.3,2314.05,1435.2
1777296600000,2314.05,2319.39,2309.92,2314.88,4072.76
1777297500000,2314.88,2315.5,2302.17,2311.14,12738.65
1777298400000,2311.11,2316.02,2307.39,2313.26,4131.64
1777299300000,2313.25,2314.71,2309.93,2312.19,1679.51
1777300200000,2312.21,2326.57,2310.3,2325.01,11423.72
1777301100000,2325.01,2328.45,2311.61,2313.8,8282.76
1777302000000,2313.83,2313.99,2291.83,2293.51,25810.06
1777302900000,2293.61,2293.61,2264.03,2275.32,31099.59
1777303800000,2275.39,2283.26,2274.27,2281.38,7912.49
1777304700000,2281.35,2281.35,2271.57,2273.63,5268.94
1777305600000,2273.57,2277.17,2268.84,2276.75,12107.93
1777306500000,2276.75,2279.37,2274.55,2275.1,5166.74
1777307400000,2275.08,2278.16,2272.53,2273.87,2068.92
1777308300000,2273.81,2277.85,2273.08,2276.57,1390.4
1777309200000,2276.57,2282.11,2276.55,2280.26,2798.02
1777310100000,2280.5,2288.74,2277.94,2286.43,6994.45
1777311000000,2286.43,2291.37,2284.98,2289.34,3684.62
1777311900000,2289.34,2289.86,2285.23,2285.51,2221.8
1777312800000,2285.46,2288.19,2283.96,2286.72,2254.79
1777313700000,2286.67,2290.59,2282.83,2284.73,1769.23
1777314600000,2284.5,2288.29,2283.64,2287.66,5537.04
1777315500000,2287.65,2290.64,2286.58,2287.28,9945.2
1777316400000,2287.28,2289.86,2284.0,2288.98,888.9
1777317300000,2288.98,2289.62,2278.79,2278.95,2823.16
1777318200000,2278.97,2286.83,2273.37,2285.77,3098.82
1777319100000,2285.77,2287.48,2285.17,2287.48,1633.8
1777320000000,2287.48,2295.28,2287.48,2289.96,4337.23
1777320900000,2289.94,2292.07,2289.94,2291.65,905.75
1777321800000,2291.63,2294.1,2290.64,2291.29,1329.1
1777322700000,2291.27,2291.48,2289.74,2290.17,830.06
1777323600000,2290.19,2290.19,2285.46,2287.81,2182.48
1777324500000,2287.79,2289.66,2286.41,2288.19,1123.6
1777325400000,2288.19,2291.11,2288.19,2289.55,3185.8
1777326300000,2289.57,2289.77,2285.42,2286.04,1972.59
1777327200000,2286.05,2288.79,2283.16,2287.88,3919.85
1777328100000,2287.88,2290.81,2287.25,2290.81,3547.99
1777329000000,2290.81,2293.0,2289.61,2292.06,4201.35
1777329900000,2292.08,2294.59,2292.0,2293.18,1330.15
1777330800000,2293.18,2294.33,2289.86,2290.14,6360.91
1777331700000,2290.14,2294.8,2290.13,2292.12,1539.89
1777332600000,2292.12,2298.48,2292.11,2298.0,6569.52
1777333500000,2298.0,2307.4,2296.46,2302.44,5727.33
1777334400000,2302.44,2305.65,2299.09,2302.72,3069.56
1777335300000,2302.7,2304.97,2298.05,2298.84,1719.38
1777336200000,2298.84,2306.83,2298.08,2305.62,1599.08
1777337100000,2305.48,2309.57,2304.72,2305.45,4397.22
1777338000000,2305.35,2307.38,2304.22,2306.08,2292.58
1777338900000,2306.06,2306.72,2302.51,2303.86,1435.28
1777339800000,2303.86,2303.86,2296.53,2297.65,5479.06
1777340700000,2297.65,2300.34,2296.15,2297.4,2709.16
1777341600000,2297.38,2299.55,2295.0,2297.18,1233.16
1777342500000,2297.16,2299.43,2291.61,2291.8,2277.9
1777343400000,2291.82,2293.5,2280.19,2280.19,5753.25
1777344300000,2280.19,2288.34,2279.32,2287.53,3550.79
1777345200000,2287.53,2288.08,2281.25,2283.7,2109.36
1777346100000,2283.72,2285.02,2282.0,2283.7,1043.51
1777347000000,2283.7,2287.93,2283.46,2285.25,1267.84
1777347900000,2285.25,2289.7,2284.47,2289.51,2155.59
1777348800000,2289.51,2291.18,2287.02,2291.06,3457.86
1777349700000,2290.96,2293.39,2281.86,2284.97,6699.35
1777350600000,2284.97,2290.25,2281.32,2287.26,8478.69
1777351500000,2287.26,2289.81,2287.15,2287.33,1172.97
1777352400000,2287.33,2293.16,2287.33,2288.51,4897.09
1777353300000,2288.51,2295.7,2285.51,2293.16,4029.42
1777354200000,2293.16,2293.67,2285.13,2287.0,2138.16
1777355100000,2287.0,2289.48,2286.82,2286.82,1427.87
1777356000000,2286.83,2289.67,2286.32,2288.54,1152.11
1777356900000,2288.56,2288.86,2282.21,2284.77,1803.61
1777357800000,2284.75,2285.54,2268.62,2270.72,8047.53
1777358700000,2270.73,2278.19,2268.75,2276.39,5024.58
1777359600000,2276.39,2277.8,2272.05,2272.95,2340.85
1777360500000,2272.95,2277.96,2269.04,2276.88,3986.3
1777361400000,2276.92,2283.36,2276.02,2281.45,2757.86
1777362300000,2281.47,2287.47,2280.59,2286.56,3383.26
1777363200000,2286.56,2286.71,2282.39,2285.34,2020.98
1777364100000,2285.34,2289.64,2283.6,2289.4,2573.59
1777365000000,2289.67,2290.8,2283.71,2284.55,5875.67
1777365900000,2284.54,2286.99,2282.53,2286.0,3461.31
1777366800000,2286.02,2286.44,2283.43,2286.06,2813.59
1777367700000,2286.06,2287.51,2284.51,2287.19,1329.7
1777368600000,2287.19,2287.19,2281.7,2281.72,2861.77
1777369500000,2281.71,2282.0,2275.39,2281.3,13488.43
1777370400000,2281.3,2285.07,2280.71,2280.72,7080.05
1777371300000,2280.72,2282.75,2279.49,2281.67,1218.18
1777372200000,2281.61,2285.0,2281.35,2284.74,4997.77
1777373100000,2284.74,2286.33,2282.15,2283.25,2902.95
1777374000000,2283.23,2284.17,2275.67,2276.53,4432.49
1777374900000,2276.55,2278.19,2272.0,2275.61,5727.74
1777375800000,2275.59,2275.85,2270.39,2274.02,3485.12
1777376700000,2274.04,2275.0,2269.22,2274.41,3207.13
1777377600000,2274.42,2279.0,2272.95,2276.73,3104.5
1777378500000,2276.77,2279.84,2271.61,2272.64,3490.78
1777379400000,2272.63,2277.33,2270.45,2276.35,2691.48
1777380300000,2276.35,2278.74,2275.34,2277.2,1555.01
1777381200000,2277.18,2277.21,2256.76,2266.6,25539.08
1777382100000,2266.61,2275.44,2263.38,2270.86,10291.38
1777383000000,2270.77,2277.62,2264.55,2275.82,5995.7
1777383900000,2275.76,2284.74,2269.44,2275.25,14932.67
1777384800000,2275.45,2275.46,2267.81,2271.6,5070.39
1777385700000,2271.58,2272.05,2262.51,2265.85,4186.57
1777386600000,2265.85,2271.42,2259.54,2270.76,5862.23
1777387500000,2270.74,2272.46,2263.11,2272.44,3315.93
1777388400000,2272.46,2276.32,2268.03,2272.71,3967.35
1777389300000,2272.71,2275.28,2270.7,2272.27,1460.36
1777390200000,2272.27,2275.62,2269.0,2272.35,2626.6
1777391100000,2272.33,2279.58,2271.36,2278.5,2995.77
1777392000000,2278.52,2280.78,2274.69,2277.23,2277.78
1777392900000,2277.18,2279.76,2274.81,2276.43,1526.39
1777393800000,2276.41,2277.99,2273.07,2274.01,1179.88
1777394700000,2274.0,2287.16,2273.76,2284.87,4596.62
1777395600000,2284.89,2287.21,2279.64,2281.0,2663.92
1777396500000,2281.0,2285.49,2277.71,2283.94,1644.37
1777397400000,2283.95,2292.31,2283.95,2290.01,4608.14
1777398300000,2290.03,2291.56,2286.52,2289.3,2135.05
1777399200000,2289.28,2292.92,2286.11,2287.51,1863.48
1777400100000,2287.5,2294.41,2287.5,2292.99,2908.06
1777401000000,2292.97,2293.99,2289.56,2289.56,2184.88
1777401900000,2289.56,2297.29,2287.23,2295.83,4022.65
1777402800000,2295.85,2297.11,2290.5,2291.04,2602.86
1777403700000,2291.06,2292.4,2289.08,2290.92,1792.64
1777404600000,2290.9,2298.4,2289.95,2297.99,2243.15
1777405500000,2297.99,2304.58,2296.39,2300.75,7302.34
1777406400000,2300.73,2304.75,2298.11,2299.38,2861.48
1777407300000,2299.39,2299.39,2295.77,2296.13,1671.0
1777408200000,2296.13,2298.18,2294.58,2294.85,2485.49
1777409100000,2294.85,2298.2,2294.24,2294.26,1170.27
1777410000000,2294.26,2296.31,2288.93,2290.36,1785.98
1777410900000,2290.41,2291.26,2286.42,2286.84,1168.67
1777411800000,2286.84,2289.74,2285.62,2286.4,1194.63
1777412700000,2286.42,2291.05,2284.84,2289.22,1370.23
1777413600000,2289.22,2293.69,2288.66,2289.07,1016.22
1777414500000,2288.99,2289.98,2287.56,2288.38,936.63
1777415400000,2288.36,2288.9,2285.81,2286.1,655.52
1777416300000,2286.1,2286.95,2284.14,2285.25,1566.3
1777417200000,2285.27,2287.65,2282.74,2287.17,3502.25
1777418100000,2287.15,2288.18,2284.4,2285.05,724.7
1777419000000,2285.05,2286.39,2283.94,2285.96,977.98
1777419900000,2285.8,2289.11,2285.8,2288.22,718.89
1777420800000,2288.24,2289.97,2286.21,2287.59,1159.77
1777421700000,2287.59,2288.21,2285.42,2285.78,873.02
1777422600000,2285.78,2289.17,2284.39,2288.05,887.81
1777423500000,2288.08,2293.0,2287.45,2291.56,1395.82
1777424400000,2291.58,2291.6,2280.73,2283.37,4073.37
1777425300000,2283.35,2285.02,2279.6,2281.01,5469.25
1777426200000,2281.0,2286.14,2277.44,2285.87,4068.28
1777427100000,2285.85,2296.36,2284.21,2291.6,4463.58
1777428000000,2291.6,2294.71,2290.18,2291.65,1323.23
1777428900000,2291.63,2292.96,2288.46,2288.6,842.01
1777429800000,2288.6,2288.91,2283.78,2285.7,4649.77
1777430700000,2285.7,2287.96,2285.31,2287.96,743.27
1777431600000,2287.94,2291.24,2286.8,2290.87,1091.24
1777432500000,2290.79,2301.49,2290.75,2299.7,9662.04
1777433400000,2299.7,2315.71,2297.21,2313.19,16344.67
1777434300000,2313.17,2314.82,2307.8,2310.55,7321.17
1777435200000,2310.55,2311.11,2307.85,2308.71,3012.25
1777436100000,2308.69,2314.9,2308.69,2313.26,2378.81
1777437000000,2313.24,2342.75,2311.97,2333.03,42771.18
1777437900000,2333.02,2335.4,2325.36,2325.94,5999.9
1777438800000,2325.94,2328.86,2321.28,2324.38,8065.65
1777439700000,2324.4,2325.93,2322.38,2325.93,1593.98
1777440600000,2325.99,2326.34,2323.0,2325.63,1516.82
1777441500000,2325.62,2331.2,2324.54,2327.91,7224.24
1777442400000,2327.89,2335.24,2327.31,2330.1,6139.55
1777443300000,2330.12,2331.74,2325.0,2327.81,7627.81
1777444200000,2327.81,2329.73,2323.77,2325.2,2311.82
1777445100000,2325.2,2327.0,2319.88,2323.61,6824.68
1777446000000,2323.64,2325.5,2321.69,2325.42,1337.68
1777446900000,2325.51,2325.81,2321.44,2322.31,1058.79
1777447800000,2322.25,2329.43,2322.2,2326.06,2004.98
1777448700000,2326.08,2326.34,2320.74,2322.71,3150.22
1777449600000,2322.82,2324.47,2320.12,2323.29,1389.28
1777450500000,2323.29,2328.0,2322.63,2324.93,1206.36
1777451400000,2324.92,2324.94,2320.29,2324.52,1845.02
1777452300000,2324.54,2325.05,2322.39,2324.3,5096.18
1777453200000,2324.3,2327.41,2321.78,2326.3,1651.64
1777454100000,2326.28,2329.94,2325.41,2326.66,2462.99
1777455000000,2326.66,2332.24,2325.0,2329.83,2684.29
1777455900000,2329.83,2345.93,2329.13,2338.55,12526.07
1777456800000,2338.57,2342.94,2338.0,2342.9,4239.3
1777457700000,2342.88,2345.5,2339.6,2344.53,3223.91
1777458600000,2344.53,2345.19,2328.83,2330.9,4548.13
1777459500000,2330.88,2335.53,2330.68,2332.19,2192.23
1777460400000,2332.18,2334.25,2327.32,2332.36,2905.65
1777461300000,2332.37,2333.94,2328.22,2328.9,1489.25
1777462200000,2328.88,2334.79,2328.38,2329.49,1467.13
1777463100000,2329.47,2332.39,2329.16,2330.48,5796.72
1777464000000,2330.48,2330.9,2318.97,2319.02,4287.09
1777464900000,2319.05,2323.4,2306.83,2313.69,10623.82
1777465800000,2313.69,2314.41,2307.51,2313.22,3693.78
1777466700000,2313.24,2316.5,2311.61,2315.18,3204.93
1777467600000,2315.18,2317.32,2311.45,2314.04,1766.18
1777468500000,2314.02,2315.7,2304.24,2306.09,5831.02
1777469400000,2306.04,2307.84,2292.69,2293.6,12689.18
1777470300000,2293.56,2304.27,2288.6,2301.94,6430.28
1777471200000,2301.94,2301.96,2292.83,2296.04,3653.72
1777472100000,2296.06,2305.45,2293.44,2303.36,3037.12
1777473000000,2303.24,2307.21,2298.57,2300.02,2507.47
1777473900000,2300.0,2302.62,2296.5,2298.37,1698.53
1777474800000,2298.44,2300.0,2282.36,2284.33,10590.7
1777475700000,2284.35,2290.9,2281.32,2289.61,4375.06
1777476600000,2289.62,2292.69,2272.51,2272.78,8755.44
1777477500000,2272.78,2275.08,2262.21,2271.31,10575.94
1777478400000,2271.41,2278.4,2268.0,2275.0,5224.33
1777479300000,2275.0,2277.81,2270.2,2273.0,2712.84
1777480200000,2273.0,2273.8,2262.03,2266.83,4190.66
1777481100000,2266.81,2268.78,2264.5,2266.2,1987.47
1777482000000,2266.44,2271.59,2265.0,2267.8,2873.53
1777482900000,2267.8,2275.95,2265.79,2269.74,4008.67
1777483800000,2269.82,2274.84,2269.0,2274.77,1385.55
1777484700000,2274.75,2282.52,2271.37,2282.52,1696.75
1777485600000,2282.3,2285.1,2225.74,2240.47,33142.6
1777486500000,2240.21,2246.05,2225.11,2231.1,12075.99
1777487400000,2231.03,2231.03,2218.63,2223.03,13692.82
1777488300000,2223.03,2238.55,2221.34,2238.14,8624.62
1777489200000,2238.1,2241.56,2225.68,2237.48,11481.17
1777490100000,2237.23,2239.16,2230.28,2233.51,2844.19
1777491000000,2233.49,2233.49,2223.8,2226.69,7922.32
1777491900000,2226.67,2233.97,2225.71,2232.47,1720.72
1777492800000,2232.4,2241.02,2229.28,2230.03,3077.53
1777493700000,2230.05,2239.18,2229.24,2238.99,1874.46
1777494600000,2238.99,2245.81,2237.18,2244.63,2723.42
1777495500000,2244.58,2247.67,2239.4,2239.42,1964.7
1777496400000,2239.42,2247.91,2237.5,2245.93,1986.33
1777497300000,2245.95,2248.65,2245.06,2246.41,1193.59
1777498200000,2246.41,2251.13,2244.12,2250.56,1657.78
1777499100000,2250.54,2263.0,2250.54,2251.71,3204.16
1777500000000,2251.92,2254.86,2248.78,2254.78,1705.78
1777500900000,2254.76,2256.4,2250.68,2251.73,1339.53
1777501800000,2251.71,2257.96,2251.69,2257.17,985.75
1777502700000,2257.17,2257.71,2254.1,2256.47,893.11
1777503600000,2256.47,2260.27,2251.67,2258.91,5500.38
1777504500000,2258.91,2259.54,2249.24,2252.14,1612.59
1777505400000,2252.12,2256.11,2252.12,2255.65,1204.35
1777506300000,2255.63,2256.68,2251.53,2251.78,654.01
1777507200000,2251.8,2255.8,2251.54,2252.0,770.85
1777508100000,2251.98,2254.37,2248.82,2253.52,1692.56
1777509000000,2253.53,2267.95,2253.53,2263.37,7591.65
1777509900000,2263.37,2274.0,2263.35,2271.27,3443.39
1777510800000,2271.27,2275.9,2266.06,2267.59,2374.33
1777511700000,2267.59,2276.17,2266.0,2274.55,1528.65
1777512600000,2274.53,2278.25,2269.02,2272.24,1691.32
1777513500000,2272.26,2275.6,2266.78,2268.21,1368.6
1777514400000,2268.21,2272.33,2268.21,2269.43,1054.03
1777515300000,2269.45,2271.92,2261.39,2261.91,2293.47
1777516200000,2261.91,2261.95,2234.33,2240.45,10084.09
1777517100000,2240.47,2245.75,2236.18,2244.02,2745.29
1777518000000,2243.77,2248.07,2242.67,2245.57,2395.96
1777518900000,2245.55,2249.7,2243.49,2249.23,1161.3
1777519800000,2249.1,2254.58,2245.85,2253.07,2371.96
1777520700000,2253.07,2255.68,2251.87,2251.89,1027.71
1777521600000,2251.87,2253.07,2243.56,2249.45,1897.26
1777522500000,2249.47,2249.98,2241.65,2245.06,2162.43
1777523400000,2245.03,2245.23,2235.4,2236.33,2521.36
1777524300000,2236.32,2240.23,2236.0,2237.94,1588.52
1777525200000,2237.96,2243.79,2237.44,2242.8,1297.54
1777526100000,2242.82,2243.72,2230.22,2235.5,2868.7
1777527000000,2235.5,2247.42,2235.33,2243.74,2320.36
1777527900000,2243.72,2246.64,2241.31,2241.68,1146.06
1777528800000,2241.66,2244.81,2240.72,2243.0,1365.43
1777529700000,2242.97,2246.0,2242.84,2245.79,1247.13
1777530600000,2245.81,2251.52,2244.17,2244.92,2153.54
1777531500000,2244.9,2248.18,2243.64,2246.83,1733.68
1777532400000,2246.81,2250.64,2242.36,2248.78,1690.76
1777533300000,2248.76,2252.77,2248.25,2252.21,1818.6
1777534200000,2252.21,2258.5,2251.52,2257.27,3380.76
1777535100000,2257.27,2261.27,2255.38,2259.04,2335.78
1777536000000,2259.04,2261.15,2254.8,2258.65,1782.94
1777536900000,2258.67,2259.23,2253.96,2256.61,1473.82
1777537800000,2256.53,2259.49,2255.39,2259.08,1721.13
1777538700000,2259.1,2260.0,2254.8,2255.17,1206.31
1777539600000,2255.1,2257.77,2254.62,2257.58,1119.34
1777540500000,2257.58,2263.93,2254.71,2263.93,1409.11
1777541400000,2264.0,2270.45,2261.17,2261.33,6444.7
1777542300000,2261.39,2264.26,2260.58,2260.62,1868.08
1777543200000,2260.62,2264.47,2259.36,2260.2,1233.21
1777544100000,2260.22,2260.38,2255.41,2255.79,1389.58
1777545000000,2255.77,2262.3,2255.77,2260.04,1806.28
1777545900000,2260.04,2262.0,2257.88,2260.47,1257.61
1777546800000,2260.48,2272.41,2260.48,2266.53,3999.23
1777547700000,2266.48,2268.6,2264.16,2265.72,1725.39
1777548600000,2265.72,2265.99,2256.38,2257.19,2202.72
1777549500000,2257.21,2259.58,2250.02,2257.22,5658.45
1777550400000,2257.22,2261.17,2256.57,2259.37,1242.78
1777551300000,2259.37,2269.88,2259.05,2266.12,3196.65
1777552200000,2266.13,2267.55,2262.89,2263.08,1603.18
1777553100000,2263.1,2267.58,2262.75,2264.21,1007.89
1777554000000,2264.21,2267.0,2261.23,2262.71,1540.73
1777554900000,2262.71,2263.8,2256.27,2257.98,2426.72
1777555800000,2257.5,2270.65,2253.32,2270.0,5695.95
1777556700000,2269.99,2271.32,2260.1,2262.65,3322.73
1777557600000,2262.8,2269.77,2256.74,2260.67,3145.05
1777558500000,2260.67,2260.91,2245.45,2257.49,8413.13
1777559400000,2256.74,2267.08,2253.37,2259.89,3870.96
1777560300000,2259.85,2266.91,2258.88,2260.98,2185.28
1777561200000,2261.0,2265.62,2256.28,2264.72,2360.06
1777562100000,2264.79,2266.45,2261.87,2266.25,1662.4
1777563000000,2266.25,2274.48,2260.87,2263.23,4042.74
1777563900000,2263.12,2267.15,2258.56,2264.56,1356.4
1777564800000,2264.57,2266.05,2261.13,2264.32,1661.91
1777565700000,2264.32,2264.41,2258.04,2260.92,1550.71
1777566600000,2261.02,2261.88,2258.5,2259.12,1284.96
1777567500000,2259.13,2260.77,2254.13,2255.8,1606.91
1777568400000,2255.8,2258.43,2251.83,2254.45,1561.16
1777569300000,2254.45,2255.32,2250.2,2254.46,2021.61
1777570200000,2254.46,2259.51,2253.76,2254.45,1437.64
1777571100000,2254.47,2258.61,2254.32,2257.02,995.94
1777572000000,2256.96,2261.67,2254.0,2255.16,1270.16
1777572900000,2255.16,2260.96,2254.5,2254.65,1369.51
1777573800000,2254.65,2261.26,2253.28,2259.89,887.67
1777574700000,2259.89,2264.2,2258.57,2258.59,1790.95
1777575600000,2258.59,2263.97,2256.92,2262.51,901.53
1777576500000,2262.53,2265.21,2261.37,2264.26,1009.56
1777577400000,2264.26,2265.87,2262.32,2264.06,1087.37
1777578300000,2264.04,2264.06,2259.43,2260.79,688.03
1777579200000,2260.76,2263.62,2259.27,2262.82,744.16
1777580100000,2262.82,2266.26,2260.73,2264.28,1417.68
1777581000000,2263.51,2264.96,2263.16,2263.23,445.46
1777581900000,2263.25,2264.64,2262.17,2263.0,623.41
1777582800000,2263.0,2263.51,2260.2,2262.99,800.53
1777583700000,2262.99,2262.99,2255.88,2256.9,1199.2
1777584600000,2256.91,2259.62,2256.47,2258.75,971.02
1777585500000,2258.75,2258.75,2253.24,2255.17,1718.26
1777586400000,2255.09,2258.18,2254.87,2257.84,819.61
1777587300000,2257.85,2260.3,2257.49,2259.43,555.04
1777588200000,2259.43,2259.64,2253.27,2256.17,932.68
1777589100000,2256.15,2256.31,2251.11,2253.27,891.37
1777590000000,2253.27,2255.79,2252.62,2255.19,764.61
1777590900000,2255.2,2256.3,2254.47,2255.42,542.99
1777591800000,2255.43,2257.65,2255.12,2257.11,549.74
1777592700000,2257.09,2258.1,2255.08,2256.63,719.26
1777593600000,2256.63,2263.07,2256.14,2261.53,1552.15
1777594500000,2261.55,2264.99,2259.88,2261.15,1180.09
1777595400000,2261.15,2262.94,2260.08,2262.42,642.54
1777596300000,2262.42,2264.64,2257.33,2258.84,908.34
1777597200000,2258.84,2263.91,2258.79,2262.52,1029.18
1777598100000,2262.56,2264.43,2260.56,2261.39,862.42
1777599000000,2261.4,2264.75,2260.94,2264.64,521.99
1777599900000,2264.62,2269.44,2263.76,2266.42,2599.68
1777600800000,2266.42,2268.96,2264.3,2265.75,1567.0
1777601700000,2265.73,2267.25,2264.01,2265.33,708.05
1777602600000,2265.35,2266.81,2263.63,2265.02,774.71
1777603500000,2265.02,2266.67,2263.89,2265.82,905.83
1777604400000,2265.84,2269.62,2264.88,2268.24,1188.98
1777605300000,2268.24,2294.46,2268.24,2283.74,13611.19
1777606200000,2283.72,2287.0,2278.09,2282.84,3276.84
1777607100000,2282.84,2284.74,2280.48,2281.78,1680.27
1777608000000,2281.8,2283.64,2279.86,2281.99,1633.4
1777608900000,2281.99,2284.88,2276.33,2278.19,2100.81
1777609800000,2278.17,2279.92,2276.43,2279.83,1687.6
1777610700000,2279.76,2280.41,2278.06,2278.95,1052.53
1777611600000,2278.93,2285.76,2277.5,2283.35,2500.74
1777612500000,2283.35,2283.62,2280.9,2280.9,1502.92
1777613400000,2280.9,2283.0,2280.5,2282.94,1190.6
1777614300000,2282.92,2285.24,2281.71,2282.37,1150.4
1777615200000,2282.35,2285.48,2281.84,2283.85,1617.35
1777616100000,2283.87,2285.47,2282.9,2283.18,1453.97
1777617000000,2283.18,2284.78,2276.57,2279.29,1946.69
1777617900000,2279.36,2279.68,2271.06,2276.21,3708.84
1777618800000,2276.18,2278.84,2274.41,2276.38,1418.28
1777619700000,2276.36,2277.77,2272.77,2273.09,1775.85
1777620600000,2273.09,2276.25,2272.05,2274.47,1522.8
1777621500000,2274.45,2279.93,2274.45,2278.45,1101.1
1777622400000,2278.45,2282.99,2276.02,2282.82,1493.72
1777623300000,2282.81,2287.41,2281.85,2285.02,2878.32
1777624200000,2285.04,2285.91,2283.06,2283.81,1212.65
1777625100000,2283.81,2285.96,2282.2,2285.6,934.1
1777626000000,2285.59,2285.9,2281.48,2284.3,1287.08
1777626900000,2284.3,2284.32,2281.47,2283.25,1162.14
1777627800000,2283.23,2283.23,2281.1,2282.53,1143.14
1777628700000,2282.53,2282.53,2278.51,2280.61,1891.89
1777629600000,2280.61,2280.86,2275.75,2277.5,1650.47
1777630500000,2277.49,2284.86,2277.49,2282.37,1856.35
1777631400000,2282.37,2283.33,2278.38,2279.46,1158.25
1777632300000,2279.46,2281.51,2279.04,2281.27,654.32
1777633200000,2281.27,2282.84,2280.09,2282.83,1052.64
1777634100000,2282.83,2292.2,2281.92,2283.51,4012.5
1777635000000,2283.6,2286.0,2282.18,2285.95,980.38
1777635900000,2285.95,2286.41,2281.95,2285.33,1663.16
1777636800000,2285.35,2292.6,2282.7,2287.78,1848.12
1777637700000,2287.79,2304.55,2286.88,2303.77,14322.53
1777638600000,2303.68,2310.98,2302.17,2303.14,12219.15
1777639500000,2303.14,2304.8,2299.63,2300.01,3332.04
1777640400000,2299.99,2314.99,2299.98,2310.77,7848.79
1777641300000,2310.77,2312.39,2305.83,2306.28,3533.71
1777642200000,2306.31,2316.56,2304.5,2307.69,6523.77
1777643100000,2307.71,2322.88,2305.0,2316.94,15634.87
1777644000000,2316.94,2324.41,2315.12,2318.01,6245.9
1777644900000,2318.0,2319.55,2306.46,2307.74,5488.34
1777645800000,2307.88,2308.79,2300.0,2304.95,6139.81
1777646700000,2304.97,2310.89,2303.34,2306.73,2704.73
1777647600000,2306.69,2309.42,2300.44,2308.64,2976.02
1777648500000,2308.64,2310.65,2305.96,2308.07,2299.1
1777649400000,2308.07,2315.66,2307.82,2312.64,2684.85
1777650300000,2312.64,2313.3,2297.41,2306.73,4950.32
1777651200000,2306.64,2313.32,2304.14,2304.14,3006.92
1777652100000,2304.11,2307.85,2298.0,2302.36,4982.19
1777653000000,2302.38,2304.02,2298.2,2300.51,2262.48
1777653900000,2300.5,2304.97,2297.04,2300.69,1908.1
1777654800000,2300.69,2306.66,2297.61,2305.98,1965.1
1777655700000,2305.98,2306.81,2300.8,2302.51,1393.94
1777656600000,2302.49,2309.82,2300.91,2306.71,1923.77
1777657500000,2306.69,2312.53,2304.92,2310.64,2036.53
1777658400000,2310.66,2311.29,2306.92,2307.58,1658.01
1777659300000,2307.6,2310.39,2305.39,2309.41,932.58
1777660200000,2309.38,2309.4,2303.67,2304.38,1779.87
1777661100000,2304.4,2306.71,2302.34,2303.42,868.19
1777662000000,2303.44,2306.78,2301.96,2305.13,1042.71
1777662900000,2305.11,2306.59,2301.12,2305.08,895.94
1777663800000,2305.08,2305.18,2303.05,2303.55,828.08
1777664700000,2303.55,2305.89,2302.64,2303.76,618.36
1777665600000,2303.76,2304.68,2301.9,2302.86,1972.86
1777666500000,2302.88,2303.25,2295.5,2298.92,4273.36
1777667400000,2298.92,2299.0,2290.48,2293.29,4485.19
1777668300000,2293.31,2294.54,2277.58,2283.79,8892.16
1777669200000,2283.79,2288.5,2282.36,2285.23,1982.03
1777670100000,2285.25,2290.47,2284.81,2288.9,1140.79
1777671000000,2288.88,2293.14,2286.11,2287.92,1518.26
1777671900000,2288.13,2291.5,2287.73,2291.44,643.61
1777672800000,2291.42,2295.46,2291.19,2294.6,848.51
1777673700000,2294.62,2298.33,2294.5,2295.68,1786.76
1777674600000,2295.68,2296.45,2292.26,2293.71,754.1
1777675500000,2293.73,2293.73,2289.39,2292.1,882.65
1777676400000,2292.12,2294.0,2289.94,2291.12,855.5
1777677300000,2291.12,2292.29,2287.77,2288.09,783.92
1777678200000,2288.09,2294.0,2288.09,2291.17,1246.32
1777679100000,2291.15,2295.0,2291.15,2294.45,595.59
1777680000000,2294.45,2295.4,2292.57,2292.81,628.68
1777680900000,2292.79,2296.96,2291.44,2294.51,828.53
1777681800000,2294.51,2296.97,2293.14,2296.72,548.45
1777682700000,2296.72,2298.38,2294.41,2296.55,836.14
1777683600000,2296.53,2298.84,2294.54,2297.44,857.6
1777684500000,2297.44,2297.44,2295.0,2296.35,619.47
1777685400000,2296.35,2299.43,2296.28,2297.88,892.76
1777686300000,2297.93,2298.17,2296.63,2297.61,549.14
1777687200000,2297.63,2298.37,2295.81,2295.81,909.97
1777688100000,2295.83,2297.1,2294.28,2294.77,978.97
1777689000000,2294.79,2299.31,2294.24,2297.93,998.09
1777689900000,2297.91,2306.69,2297.91,2302.28,3430.44
1777690800000,2302.28,2304.27,2300.0,2300.58,938.38
1777691700000,2300.6,2306.4,2299.8,2304.15,2497.14
1777692600000,2304.15,2307.29,2302.21,2302.48,970.76
1777693500000,2302.48,2304.93,2301.73,2303.14,752.81
1777694400000,2303.16,2303.99,2299.88,2301.45,855.29
1777695300000,2301.41,2302.46,2300.81,2301.63,584.37
1777696200000,2301.61,2302.97,2299.92,2300.28,884.73
1777697100000,2300.26,2300.99,2298.22,2300.2,876.16
1777698000000,2300.18,2300.59,2296.63,2297.72,955.56
1777698900000,2297.72,2299.0,2295.9,2298.7,850.85
1777699800000,2298.68,2300.19,2298.45,2299.0,804.4
1777700700000,2299.0,2301.41,2298.31,2298.36,1420.86
1777701600000,2298.36,2302.06,2298.34,2298.46,715.15
1777702500000,2298.44,2299.69,2296.09,2296.39,885.95
1777703400000,2296.39,2300.9,2296.0,2300.68,676.25
1777704300000,2300.68,2304.78,2300.47,2304.16,1182.26
1777705200000,2304.14,2305.11,2303.08,2303.48,1486.43
1777706100000,2303.5,2304.86,2303.41,2303.89,980.56
1777707000000,2303.89,2304.15,2300.52,2301.18,853.92
1777707900000,2301.2,2302.0,2299.72,2299.88,775.77
1777708800000,2299.88,2300.5,2297.68,2300.33,773.01
1777709700000,2300.31,2302.19,2299.41,2301.55,572.28
1777710600000,2301.55,2303.34,2301.53,2302.68,1293.41
1777711500000,2302.66,2303.41,2301.6,2302.16,590.01
1777712400000,2302.16,2303.99,2302.11,2303.73,679.44
1777713300000,2303.76,2304.99,2303.76,2304.12,868.25
1777714200000,2304.14,2306.81,2302.2,2304.55,974.49
1777715100000,2304.55,2304.98,2303.66,2304.15,483.44
1777716000000,2304.17,2304.17,2302.64,2303.65,704.66
1777716900000,2303.63,2304.95,2302.56,2303.52,825.07
1777717800000,2303.54,2303.54,2300.73,2302.44,1195.11
1777718700000,2302.44,2303.22,2301.71,2302.27,527.12
1777719600000,2302.27,2302.27,2300.08,2300.53,605.45
1777720500000,2300.53,2303.97,2300.52,2303.36,687.86
1777721400000,2303.34,2303.63,2300.25,2301.63,1040.49
1777722300000,2301.65,2301.71,2299.02,2300.99,833.59
1777723200000,2301.01,2301.85,2299.93,2301.21,708.51
1777724100000,2301.23,2304.34,2300.93,2303.94,904.89
1777725000000,2303.94,2304.44,2302.05,2303.37,755.74
1777725900000,2303.39,2303.39,2301.74,2302.38,534.58
1777726800000,2302.4,2310.77,2302.38,2309.31,3061.07
1777727700000,2309.3,2309.31,2306.25,2306.57,1362.03
1777728600000,2306.57,2308.17,2305.42,2307.77,962.77
1777729500000,2307.79,2308.06,2305.9,2306.99,597.27
1777730400000,2307.01,2308.0,2304.45,2304.64,1167.8
1777731300000,2304.62,2307.3,2303.95,2305.31,851.04
1777732200000,2305.31,2307.02,2304.15,2304.75,706.79
1777733100000,2304.73,2307.17,2304.71,2305.22,1392.48
1777734000000,2305.22,2308.22,2304.73,2306.56,740.85
1777734900000,2306.56,2306.57,2303.95,2305.2,703.91
1777735800000,2305.18,2306.81,2304.61,2306.16,1184.47
1777736700000,2306.14,2308.67,2305.4,2307.76,1354.45
1777737600000,2307.77,2311.27,2306.73,2310.06,2167.87
1777738500000,2310.06,2312.52,2306.99,2307.65,1767.46
1777739400000,2307.67,2309.25,2306.43,2306.84,660.9
1777740300000,2306.82,2309.86,2306.74,2308.05,958.77
1777741200000,2308.04,2308.91,2307.21,2307.74,1168.41
1777742100000,2307.72,2308.07,2305.8,2305.87,1375.86
1777743000000,2305.85,2307.34,2304.73,2305.51,662.84
1777743900000,2305.51,2305.56,2304.22,2304.81,734.61
1777744800000,2304.83,2305.0,2302.95,2304.99,1408.57
1777745700000,2304.97,2309.03,2304.78,2308.03,953.71
1777746600000,2308.03,2310.17,2307.57,2308.22,753.91
1777747500000,2308.22,2309.85,2307.95,2308.81,462.57
1777748400000,2308.82,2311.41,2307.78,2310.73,867.81
1777749300000,2310.68,2311.13,2309.51,2309.87,893.71
1777750200000,2309.87,2311.67,2309.0,2310.67,662.97
1777751100000,2310.67,2311.04,2309.77,2310.18,664.41
1777752000000,2310.22,2310.22,2307.94,2308.78,454.02
1777752900000,2308.76,2309.95,2308.32,2309.31,451.29
1777753800000,2309.29,2310.69,2309.27,2309.44,669.45
1777754700000,2309.46,2310.71,2309.23,2310.36,572.94
1777755600000,2310.36,2311.0,2309.73,2309.73,689.08
1777756500000,2309.73,2312.34,2309.68,2312.03,538.93
1777757400000,2312.03,2341.87,2312.01,2327.25,14343.44
1777758300000,2327.51,2330.1,2323.59,2324.59,3166.93
1777759200000,2324.59,2326.97,2322.09,2324.63,2373.5
1777760100000,2324.63,2326.0,2316.92,2317.7,2032.73
1777761000000,2317.7,2324.06,2317.6,2320.59,1231.92
1777761900000,2320.57,2327.3,2320.07,2325.84,1339.04
1777762800000,2325.84,2325.85,2320.86,2321.51,1032.97
1777763700000,2321.51,2322.32,2320.16,2321.72,776.08
1777764600000,2321.72,2322.49,2316.65,2317.2,1618.17
1777765500000,2317.2,2317.96,2313.74,2315.99,1387.19
1777766400000,2316.01,2316.68,2311.11,2312.54,1731.08
1777767300000,2312.52,2315.04,2307.98,2314.97,2922.55
1777768200000,2314.97,2316.18,2312.35,2312.78,914.53
1777769100000,2312.78,2313.74,2309.5,2312.92,2231.83
1777770000000,2312.92,2313.36,2304.64,2308.5,3925.73
1777770900000,2308.52,2309.5,2303.63,2306.37,1897.1
1777771800000,2306.37,2306.59,2302.07,2303.85,3221.58
1777772700000,2303.83,2305.49,2302.26,2302.7,2247.17
1777773600000,2302.7,2305.63,2297.93,2301.76,4560.06
1777774500000,2301.79,2302.65,2298.32,2298.59,3839.46
1777775400000,2298.59,2301.3,2298.32,2299.53,2616.06
1777776300000,2299.53,2303.35,2299.19,2302.26,2136.25
1777777200000,2302.28,2302.92,2299.15,2299.48,1575.09
1777778100000,2299.48,2300.53,2298.51,2299.22,844.0
1777779000000,2299.24,2303.0,2299.22,2299.52,1313.06
1777779900000,2299.5,2301.39,2299.5,2300.83,913.89
1777780800000,2300.78,2301.52,2296.14,2299.85,3829.32
1777781700000,2299.83,2303.21,2299.42,2302.82,975.09
1777782600000,2302.82,2303.48,2300.6,2300.81,676.13
1777783500000,2300.81,2301.65,2299.31,2300.49,1906.21
1777784400000,2300.52,2303.95,2298.98,2302.96,704.67
1777785300000,2302.96,2303.58,2301.41,2301.74,1221.42
1777786200000,2301.74,2302.23,2300.87,2300.9,503.35
1777787100000,2300.68,2303.24,2300.53,2303.04,585.43
1777788000000,2303.04,2303.29,2300.29,2300.31,596.65
1777788900000,2300.29,2300.78,2298.52,2299.97,2182.28
1777789800000,2299.95,2301.69,2299.79,2300.67,1260.96
1777790700000,2300.67,2305.35,2300.67,2303.33,1207.46
1777791600000,2303.33,2310.73,2303.27,2306.62,6927.72
1777792500000,2306.62,2311.74,2306.59,2310.05,3787.94
1777793400000,2310.05,2313.36,2309.24,2309.37,6797.87
1777794300000,2309.35,2310.41,2307.6,2308.31,1084.1
1777795200000,2308.31,2311.59,2307.7,2309.84,923.78
1777796100000,2309.84,2310.39,2307.49,2307.64,756.31
1777797000000,2307.64,2309.39,2306.06,2309.07,948.84
1777797900000,2309.09,2310.01,2307.14,2307.14,509.12
1777798800000,2307.14,2308.64,2306.08,2307.39,873.11
1777799700000,2307.37,2312.64,2307.31,2311.12,1512.94
1777800600000,2311.14,2320.57,2309.95,2315.03,9373.67
1777801500000,2315.01,2316.57,2313.86,2315.42,1359.36
1777802400000,2315.42,2315.63,2310.69,2312.71,1207.56
1777803300000,2312.73,2312.79,2310.13,2310.39,835.22
1777804200000,2310.37,2314.95,2310.25,2313.42,2501.38
1777805100000,2313.44,2313.44,2310.36,2310.42,1135.75
1777806000000,2310.42,2315.31,2309.13,2313.46,4005.1
1777806900000,2313.48,2314.05,2311.77,2312.41,649.92
1777807800000,2312.43,2323.0,2312.41,2320.54,3136.41
1777808700000,2320.54,2326.67,2318.32,2318.75,4649.03
1777809600000,2318.73,2331.72,2318.73,2328.38,4340.47
1777810500000,2328.38,2329.37,2323.78,2325.65,2489.52
1777811400000,2325.63,2326.33,2322.7,2324.32,1526.76
1777812300000,2324.34,2325.89,2322.07,2324.47,1039.69
1777813200000,2324.47,2327.83,2323.19,2326.18,1020.44
1777814100000,2326.18,2326.51,2322.65,2323.88,1114.09
1777815000000,2323.88,2326.37,2319.42,2321.43,2312.16
1777815900000,2321.45,2323.43,2320.48,2321.03,1339.28
1777816800000,2321.01,2325.74,2321.01,2324.76,1142.64
1777817700000,2324.76,2325.8,2320.27,2323.55,1198.95
1777818600000,2323.55,2325.03,2322.46,2324.99,1110.93
1777819500000,2324.99,2328.46,2322.51,2327.15,1474.25
1777820400000,2327.13,2329.62,2325.88,2327.4,1300.22
1777821300000,2327.42,2331.35,2327.2,2330.34,1583.32
1777822200000,2330.34,2332.58,2325.53,2326.22,2037.73
1777823100000,2326.22,2328.11,2323.61,2327.27,1951.36
1777824000000,2327.29,2329.61,2323.65,2324.24,1948.29
1777824900000,2324.22,2327.19,2321.31,2326.83,1924.76
1777825800000,2326.81,2333.97,2326.59,2329.31,2697.07
1777826700000,2329.28,2329.83,2326.79,2327.21,613.43
1777827600000,2327.23,2328.13,2322.82,2327.28,1655.36
1777828500000,2327.28,2333.66,2326.81,2331.24,2674.46
1777829400000,2331.24,2334.5,2331.22,2332.3,1408.51
1777830300000,2332.32,2332.34,2328.99,2330.62,2446.79
1777831200000,2330.64,2331.46,2327.77,2328.47,1523.62
1777832100000,2328.47,2332.52,2326.89,2331.05,2040.33
1777833000000,2331.03,2331.51,2328.63,2329.83,1009.05
1777833900000,2329.83,2332.03,2329.47,2329.83,615.46
1777834800000,2329.83,2331.47,2328.71,2328.87,1304.07
1777835700000,2328.85,2329.35,2327.18,2327.68,678.16
1777836600000,2327.7,2336.89,2327.68,2333.83,2200.96
1777837500000,2333.83,2335.08,2331.85,2334.39,655.12
1777838400000,2334.37,2337.19,2332.34,2332.38,1063.71
1777839300000,2332.38,2337.99,2330.11,2334.34,2134.09
1777840200000,2334.34,2343.41,2334.15,2335.14,5387.72
1777841100000,2335.14,2336.18,2326.98,2328.44,2341.35
1777842000000,2328.44,2333.08,2324.01,2331.67,3990.82
1777842900000,2331.69,2331.93,2328.34,2328.89,972.78
1777843800000,2328.89,2331.46,2313.21,2318.5,3498.1
1777844700000,2318.57,2323.5,2314.75,2323.0,3862.97
1777845600000,2323.01,2351.03,2321.72,2346.97,9633.15
1777846500000,2346.89,2355.72,2334.0,2337.58,9637.71
1777847400000,2337.58,2346.18,2333.83,2345.51,2420.01
1777848300000,2345.53,2350.58,2340.73,2342.9,3853.69
1777849200000,2342.87,2346.56,2335.6,2337.69,2041.84
1777850100000,2337.75,2337.99,2320.4,2325.58,4239.62
1777851000000,2325.6,2328.0,2322.95,2323.33,2324.56
1777851900000,2323.22,2324.61,2318.62,2321.88,5530.94
1777852800000,2321.86,2321.86,2313.71,2317.03,3690.83
1777853700000,2317.05,2317.39,2307.62,2311.89,6265.37
1777854600000,2311.9,2315.15,2309.32,2311.41,3341.01
1777855500000,2311.39,2319.4,2311.39,2318.06,2040.08
1777856400000,2318.06,2320.36,2311.84,2315.91,1989.12
1777857300000,2315.91,2319.21,2312.06,2319.03,2559.91
1777858200000,2319.24,2339.44,2318.69,2325.85,11526.69
1777859100000,2325.87,2353.44,2325.5,2350.04,6447.09
1777860000000,2350.19,2362.0,2344.17,2359.13,12461.26
1777860900000,2359.15,2371.42,2354.67,2362.9,9191.04
1777861800000,2363.0,2383.45,2363.0,2379.47,9825.39
1777862700000,2379.67,2386.79,2373.22,2373.85,5528.85
1777863600000,2373.86,2385.61,2370.67,2383.64,5771.54
1777864500000,2383.64,2390.0,2377.63,2378.86,4760.93
1777865400000,2378.84,2384.35,2374.74,2377.59,2669.8
1777866300000,2377.59,2384.93,2376.58,2383.92,3428.57
1777867200000,2383.92,2387.4,2383.01,2384.71,3216.78
1777868100000,2384.71,2397.99,2383.42,2388.99,8923.32
1777869000000,2388.99,2392.68,2388.06,2391.03,2345.53
1777869900000,2391.04,2393.99,2388.06,2389.1,3121.52
1777870800000,2389.1,2390.16,2382.06,2383.17,3680.26
1777871700000,2383.19,2383.72,2375.7,2376.64,6902.0
1777872600000,2376.64,2380.67,2374.08,2379.07,4045.53
1777873500000,2379.09,2379.09,2374.32,2375.26,4695.74
1777874400000,2375.26,2377.55,2370.33,2370.82,4676.09
1777875300000,2370.8,2372.77,2352.56,2361.02,11511.24
1777876200000,2361.04,2364.88,2358.13,2362.68,3832.65
1777877100000,2362.68,2371.92,2362.67,2367.27,5730.55
1777878000000,2367.27,2371.15,2365.65,2371.07,1374.87
1777878900000,2371.07,2372.68,2367.13,2368.27,1651.86
1777879800000,2368.27,2368.59,2362.93,2366.96,5350.05
1777880700000,2366.98,2368.99,2361.46,2361.85,1460.45
1777881600000,2361.85,2364.09,2356.74,2362.76,2984.18
1777882500000,2362.74,2363.34,2357.33,2359.43,1675.51
1777883400000,2359.44,2361.88,2357.12,2359.59,3017.53
1777884300000,2359.61,2362.86,2356.59,2359.12,3496.33
1777885200000,2359.12,2361.76,2357.0,2359.88,1336.5
1777886100000,2359.86,2364.39,2359.82,2361.43,1102.95
1777887000000,2361.41,2369.68,2360.6,2368.67,3434.91
1777887900000,2368.67,2369.78,2365.0,2367.4,3178.02
1777888800000,2367.4,2368.49,2322.0,2327.81,29881.03
1777889700000,2327.81,2328.26,2312.52,2323.0,18768.76
1777890600000,2323.0,2344.41,2320.71,2340.1,12511.85
1777891500000,2340.11,2342.66,2334.18,2336.99,4478.9
1777892400000,2337.01,2341.95,2335.0,2340.3,2340.84
1777893300000,2340.32,2343.39,2334.87,2335.94,2608.54
1777894200000,2335.96,2337.88,2331.65,2332.89,3069.6
1777895100000,2332.89,2338.11,2332.6,2336.12,1308.07
1777896000000,2336.12,2337.59,2332.0,2336.54,1578.77
1777896900000,2336.54,2342.7,2334.07,2339.53,2399.8
1777897800000,2339.55,2340.53,2335.58,2340.12,862.68
1777898700000,2340.12,2341.02,2334.48,2334.51,1026.98
1777899600000,2334.23,2339.81,2324.33,2335.98,5535.35
1777900500000,2335.96,2339.49,2335.12,2337.58,1626.79
1777901400000,2337.54,2343.64,2334.65,2335.13,2885.36
1777902300000,2335.13,2341.39,2332.4,2335.33,2432.2
1777903200000,2335.33,2340.72,2326.2,2339.34,4029.79
1777904100000,2339.39,2351.1,2338.64,2344.44,7278.4
1777905000000,2344.42,2357.59,2343.93,2351.45,8021.96
1777905900000,2351.56,2380.6,2350.63,2370.12,17183.73
1777906800000,2370.21,2373.24,2360.2,2364.94,9128.76
1777907700000,2364.93,2369.44,2338.12,2347.1,15280.94
1777908600000,2347.29,2352.86,2340.79,2352.49,4755.02
1777909500000,2352.23,2352.23,2334.71,2348.77,6221.51
1777910400000,2348.79,2351.0,2335.6,2339.46,4213.42
1777911300000,2339.41,2364.16,2336.0,2356.7,8402.67
1777912200000,2356.7,2361.4,2353.0,2358.27,2866.5
1777913100000,2358.23,2358.99,2350.49,2353.98,3109.8
1777914000000,2353.96,2364.15,2352.61,2362.47,4182.64
1777914900000,2362.47,2368.96,2360.14,2365.81,2753.81
1777915800000,2365.83,2369.14,2362.74,2366.27,1713.46
1777916700000,2366.29,2378.54,2365.42,2369.04,4792.52
1777917600000,2369.04,2373.96,2366.08,2370.9,2749.48
1777918500000,2370.85,2370.87,2357.97,2362.55,3765.25
1777919400000,2362.57,2365.09,2361.06,2361.57,1188.76
1777920300000,2361.13,2361.61,2355.8,2360.31,1811.22
1777921200000,2360.31,2363.14,2354.6,2361.32,1450.36
1777922100000,2361.34,2361.34,2354.2,2355.81,1367.38
1777923000000,2355.81,2357.47,2352.73,2354.6,1013.67
1777923900000,2354.6,2357.28,2353.3,2355.29,1462.18
1777924800000,2355.3,2356.25,2352.41,2355.61,964.48
1777925700000,2355.63,2358.27,2348.63,2351.34,2201.98
1777926600000,2351.36,2352.32,2346.24,2347.94,1161.2
1777927500000,2347.94,2350.76,2347.59,2348.7,852.77
1777928400000,2348.72,2356.12,2348.65,2356.04,1097.03
1777929300000,2356.04,2360.31,2354.58,2357.8,1575.13
1777930200000,2357.82,2362.01,2357.68,2359.77,2974.98
1777931100000,2359.79,2363.38,2359.5,2359.5,675.14
1777932000000,2359.51,2364.87,2359.12,2362.67,691.28
1777932900000,2362.69,2364.47,2357.81,2358.64,655.13
1777933800000,2358.62,2358.88,2353.63,2353.8,980.81
1777934700000,2353.82,2358.15,2352.65,2353.22,1310.38
1777935600000,2353.2,2353.49,2347.4,2349.69,2108.73
1777936500000,2349.71,2352.03,2347.32,2351.69,1395.51
1777937400000,2351.69,2351.71,2343.57,2343.8,1150.74
1777938300000,2343.77,2346.43,2343.47,2346.05,867.82
1777939200000,2346.03,2351.04,2343.46,2350.05,1861.69
1777940100000,2350.03,2350.03,2346.71,2347.01,591.2
1777941000000,2347.01,2355.38,2346.5,2353.79,1595.0
1777941900000,2353.79,2357.94,2353.28,2357.59,1250.56
1777942800000,2357.59,2359.9,2353.9,2358.32,1353.74
1777943700000,2358.34,2360.85,2357.33,2359.92,1331.6
1777944600000,2359.94,2362.77,2355.38,2360.67,1272.76
1777945500000,2360.69,2363.38,2359.56,2360.67,815.64
1777946400000,2360.64,2372.32,2358.13,2368.31,3806.12
1777947300000,2368.29,2371.8,2364.64,2366.24,2060.15
1777948200000,2366.22,2374.89,2366.07,2373.18,2765.79
1777949100000,2373.16,2376.17,2362.05,2366.5,3796.2
1777950000000,2366.52,2373.46,2363.3,2371.48,1474.26
1777950900000,2371.48,2377.02,2369.5,2375.63,2512.51
1777951800000,2375.61,2388.32,2374.61,2384.17,6224.67
1777952700000,2384.16,2385.47,2379.17,2381.0,2565.91
1777953600000,2380.98,2384.67,2377.01,2378.85,2604.48
1777954500000,2378.83,2383.21,2377.8,2378.58,1529.81
1777955400000,2378.58,2380.94,2376.93,2377.8,1287.54
1777956300000,2377.82,2383.09,2375.03,2379.79,1595.88
1777957200000,2379.77,2380.43,2376.16,2378.21,1261.98
1777958100000,2378.21,2385.97,2376.5,2383.57,5994.51
1777959000000,2383.53,2389.79,2380.87,2380.97,6323.28
1777959900000,2380.95,2381.23,2376.11,2378.93,6175.38
1777960800000,2378.93,2380.37,2375.25,2376.65,1298.56
1777961700000,2376.65,2377.19,2366.22,2370.09,8765.14
1777962600000,2370.03,2375.01,2369.66,2372.72,6772.41
1777963500000,2372.72,2378.17,2372.72,2377.86,3145.56
1777964400000,2377.84,2382.0,2374.79,2380.16,16386.18
1777965300000,2380.21,2384.53,2378.61,2381.84,13247.14
1777966200000,2381.86,2388.04,2381.44,2384.5,16893.57
1777967100000,2384.53,2385.56,2378.03,2379.33,12193.85
1777968000000,2379.37,2383.34,2378.69,2382.68,8006.68
1777968900000,2382.68,2383.38,2374.66,2377.23,6227.21
1777969800000,2376.9,2379.3,2370.25,2372.68,33221.61
1777970700000,2372.68,2376.49,2372.64,2375.6,8386.16
1777971600000,2375.58,2375.74,2367.76,2367.85,2108.77
1777972500000,2367.69,2370.83,2365.44,2370.38,14009.6
1777973400000,2370.36,2373.35,2366.04,2368.08,3164.74
1777974300000,2368.08,2370.14,2366.16,2368.75,1937.23
1777975200000,2368.41,2371.63,2366.15,2368.99,2052.79
1777976100000,2368.99,2374.33,2368.99,2373.19,4766.41
1777977000000,2373.17,2378.42,2370.39,2375.27,7998.96
1777977900000,2375.27,2377.47,2372.19,2377.34,2150.42
1777978800000,2377.34,2378.2,2373.8,2377.06,1741.64
1777979700000,2377.06,2377.89,2371.68,2376.75,3792.09
1777980600000,2376.73,2382.34,2374.49,2379.37,8301.37
1777981500000,2379.35,2380.64,2373.43,2378.24,3270.52
1777982400000,2378.24,2381.59,2374.92,2380.97,1489.91
1777983300000,2380.95,2386.61,2380.29,2385.13,4757.22
1777984200000,2385.13,2388.3,2383.65,2387.52,3252.16
1777985100000,2387.5,2388.92,2384.23,2387.1,2310.15
1777986000000,2387.08,2396.81,2386.82,2393.76,8891.6
1777986900000,2393.74,2398.6,2387.26,2388.98,8415.95
1777987800000,2388.98,2395.06,2380.43,2388.07,18664.97
1777988700000,2388.07,2396.75,2382.07,2387.27,15010.83
1777989600000,2387.18,2391.48,2380.27,2380.5,13290.66
1777990500000,2380.6,2384.45,2367.57,2382.23,36131.17
1777991400000,2382.23,2385.87,2370.76,2375.95,4962.94
1777992300000,2375.95,2380.77,2372.18,2377.53,2708.85
1777993200000,2377.51,2386.37,2374.25,2382.48,3632.48
1777994100000,2382.46,2384.29,2379.01,2383.67,2083.57
1777995000000,2383.71,2385.26,2381.2,2384.35,1761.26
1777995900000,2384.37,2386.39,2379.52,2380.09,1786.54
1777996800000,2380.11,2382.12,2378.09,2379.01,1916.43
1777997700000,2379.01,2381.46,2373.0,2375.26,1888.0
1777998600000,2375.28,2376.0,2359.42,2360.91,10214.22
1777999500000,2360.93,2368.7,2360.37,2364.69,3486.18
1778000400000,2364.68,2368.66,2358.31,2364.89,5254.36
1778001300000,2364.87,2367.6,2362.68,2364.78,1813.63
1778002200000,2364.8,2364.8,2358.79,2361.64,3147.94
1778003100000,2361.64,2363.13,2359.86,2361.88,1047.48
1778004000000,2362.03,2372.91,2361.93,2371.81,2193.94
1778004900000,2371.83,2372.38,2368.85,2371.01,1973.96
1778005800000,2370.79,2371.48,2367.96,2370.55,882.38
1778006700000,2370.55,2373.78,2368.92,2370.93,1552.74
1778007600000,2370.98,2371.75,2368.15,2369.17,1298.96
1778008500000,2369.17,2373.0,2368.02,2370.16,1310.18
1778009400000,2370.06,2373.41,2368.93,2373.14,8047.92
1778010300000,2373.2,2376.22,2368.11,2370.64,11131.95
1778011200000,2370.54,2382.26,2370.02,2379.57,11890.16
1778012100000,2379.42,2386.05,2375.37,2380.03,7511.87
1778013000000,2380.03,2386.12,2378.8,2382.78,9896.44
1778013900000,2382.8,2383.62,2380.49,2381.25,6663.15
1778014800000,2381.3,2388.91,2377.0,2377.0,7117.27
1778015700000,2376.93,2379.78,2373.46,2374.64,2838.85
1778016600000,2374.59,2374.59,2367.31,2370.24,2941.35
1778017500000,2370.24,2376.83,2369.67,2374.28,1538.06
1778018400000,2374.28,2380.62,2372.29,2373.8,1046.09
1778019300000,2373.8,2378.37,2371.42,2375.65,4231.57
1778020200000,2375.65,2375.72,2352.91,2360.49,13702.17
1778021100000,2360.49,2374.22,2357.06,2366.25,10099.59
1778022000000,2366.25,2368.79,2362.29,2368.63,1268.91
1778022900000,2368.63,2368.65,2356.39,2357.33,1758.61
1778023800000,2357.33,2359.72,2353.39,2358.08,8830.94
1778024700000,2358.15,2362.5,2358.02,2359.44,2363.5
1778025600000,2359.3,2364.85,2357.35,2362.88,2716.97
1778026500000,2362.88,2365.58,2355.55,2356.19,3913.47
1778027400000,2356.28,2361.8,2355.77,2359.79,2496.67
1778028300000,2359.83,2366.41,2353.0,2363.24,7019.59
1778029200000,2363.24,2367.77,2361.0,2367.5,1187.61
1778030100000,2367.48,2373.33,2366.98,2368.8,2695.71
1778031000000,2368.82,2372.28,2367.88,2369.06,1906.42
1778031900000,2369.04,2375.5,2368.52,2371.94,3651.87
1778032800000,2371.94,2372.41,2367.53,2370.42,1177.65
1778033700000,2370.4,2370.77,2361.4,2362.1,2425.03
1778034600000,2362.12,2364.76,2358.64,2362.88,13888.67
1778035500000,2362.86,2368.82,2362.36,2368.3,3227.98
1778036400000,2368.32,2372.07,2366.55,2366.98,1770.5
1778037300000,2366.98,2379.82,2366.71,2375.03,5702.2
1778038200000,2375.03,2378.59,2372.71,2375.07,2072.26
1778039100000,2375.1,2376.88,2372.72,2375.44,1826.14
1778040000000,2375.44,2378.16,2373.24,2376.06,1998.65
1778040900000,2376.08,2376.75,2371.38,2371.45,1350.5
1778041800000,2371.43,2372.03,2367.54,2370.03,2061.74
1778042700000,2370.01,2373.3,2360.65,2364.92,5581.61
1778043600000,2364.84,2366.09,2361.28,2363.3,11713.68
1778044500000,2363.3,2365.02,2361.82,2364.3,2245.75
1778045400000,2364.32,2364.32,2352.69,2359.23,15104.63
1778046300000,2359.23,2365.07,2358.98,2364.06,5505.87
1778047200000,2364.06,2365.62,2360.07,2362.09,4370.31
1778048100000,2362.09,2365.28,2359.65,2364.24,2187.89
1778049000000,2364.24,2369.27,2363.29,2369.23,7332.6
1778049900000,2369.29,2371.07,2366.93,2369.43,7048.14
1778050800000,2369.43,2372.71,2367.43,2369.03,1478.32
1778051700000,2369.03,2374.17,2368.14,2372.73,2359.51
1778052600000,2372.73,2372.81,2368.83,2370.48,3130.43
1778053500000,2370.46,2372.22,2368.38,2370.37,2590.54
1778054400000,2370.35,2377.64,2368.06,2375.29,7908.37
1778055300000,2375.29,2376.62,2373.8,2376.3,2393.81
1778056200000,2376.3,2385.22,2376.19,2381.39,14903.41
1778057100000,2381.39,2395.0,2378.67,2393.0,16722.46
1778058000000,2392.99,2396.43,2388.04,2390.56,8810.72
1778058900000,2390.56,2392.64,2383.42,2389.02,6560.85
1778059800000,2389.0,2417.07,2388.21,2416.56,25552.46
1778060700000,2416.48,2416.81,2405.22,2411.54,7370.72
1778061600000,2411.8,2412.89,2404.68,2409.85,7382.06
1778062500000,2409.76,2412.92,2407.3,2410.05,4777.21
1778063400000,2410.05,2413.28,2408.16,2408.56,3004.78
1778064300000,2408.56,2413.35,2406.66,2409.07,2996.22
1778065200000,2408.92,2413.24,2407.44,2412.59,2805.6
1778066100000,2412.59,2423.0,2411.8,2413.77,12971.5
1778067000000,2413.77,2417.71,2408.2,2408.7,3976.69
1778067900000,2408.59,2413.09,2406.91,2409.47,3248.2
1778068800000,2409.46,2412.18,2401.85,2401.94,4195.69
1778069700000,2401.93,2412.74,2398.55,2408.64,5328.16
1778070600000,2408.64,2411.0,2406.22,2408.03,1544.45
1778071500000,2408.07,2410.0,2399.06,2404.02,3199.92
1778072400000,2403.98,2403.98,2382.92,2388.77,12950.74
1778073300000,2388.75,2392.48,2379.19,2382.24,8433.27
1778074200000,2382.26,2386.15,2373.67,2376.33,10007.76
1778075100000,2376.35,2376.35,2363.46,2367.65,16009.02
1778076000000,2367.5,2368.27,2344.38,2357.3,22493.94
1778076900000,2357.3,2366.78,2353.72,2361.8,10886.19
1778077800000,2361.79,2369.14,2360.89,2368.79,6699.58
1778078700000,2368.79,2371.94,2355.89,2358.32,7482.16
1778079600000,2358.31,2361.13,2353.52,2355.99,4004.32
1778080500000,2355.64,2365.12,2355.48,2358.88,3697.66
1778081400000,2358.86,2361.51,2353.24,2358.6,3519.5
1778082300000,2358.66,2361.4,2355.5,2357.76,6860.81
1778083200000,2357.78,2366.27,2354.28,2362.21,7069.34
1778084100000,2362.23,2363.73,2349.79,2350.26,5637.96
1778085000000,2350.41,2358.64,2349.18,2357.85,5317.2
1778085900000,2357.83,2361.0,2355.68,2356.9,3365.78
1778086800000,2356.88,2359.81,2355.77,2358.25,1348.59
1778087700000,2358.25,2358.25,2350.61,2352.61,1686.36
1778088600000,2352.61,2353.67,2348.85,2352.17,3135.53
1778089500000,2352.16,2352.3,2346.23,2348.78,2861.18
1778090400000,2348.79,2350.14,2335.78,2348.4,10174.67
1778091300000,2348.4,2351.45,2343.79,2343.79,3834.42
1778092200000,2343.75,2346.96,2340.25,2345.2,1947.23
1778093100000,2345.2,2347.54,2342.34,2343.93,1560.07
1778094000000,2343.91,2347.0,2342.01,2344.08,1130.81
1778094900000,2344.08,2348.33,2341.89,2343.95,1165.5
1778095800000,2343.9,2346.29,2341.03,2344.52,1386.97
1778096700000,2344.54,2348.94,2344.16,2347.5,1343.35
1778097600000,2347.52,2353.77,2347.52,2352.13,2657.61
1778098500000,2352.26,2356.09,2350.1,2351.66,2199.71
1778099400000,2351.68,2351.99,2343.81,2346.36,2180.7
1778100300000,2346.51,2349.9,2344.28,2349.85,779.93
1778101200000,2349.85,2351.44,2344.58,2347.74,1356.31
1778102100000,2347.74,2350.87,2347.4,2350.49,1127.91
1778103000000,2350.51,2356.43,2349.0,2354.24,4764.28
1778103900000,2354.26,2355.16,2350.78,2353.4,2989.06
1778104800000,2353.49,2353.87,2347.62,2349.53,4007.12
1778105700000,2349.53,2349.89,2343.79,2344.5,1487.68
1778106600000,2344.5,2348.14,2344.2,2347.11,733.48
1778107500000,2347.11,2348.6,2344.0,2346.19,1009.23
1778108400000,2346.19,2346.2,2337.3,2343.47,6373.49
1778109300000,2343.45,2348.53,2342.04,2348.5,1021.1
1778110200000,2348.5,2348.9,2345.71,2347.88,740.27
1778111100000,2347.88,2350.57,2346.2,2349.85,751.78
1778112000000,2349.85,2351.45,2347.03,2348.95,1317.54
1778112900000,2348.95,2349.32,2343.66,2343.66,1610.32
1778113800000,2343.66,2345.68,2333.54,2335.52,7619.08
1778114700000,2335.54,2338.2,2327.73,2328.09,7879.64
1778115600000,2328.08,2329.08,2311.9,2328.02,20934.05
1778116500000,2328.0,2330.9,2318.93,2330.87,2889.77
1778117400000,2330.72,2334.03,2326.86,2333.23,2659.31
1778118300000,2333.23,2333.38,2324.62,2326.04,1818.19
1778119200000,2326.06,2326.69,2314.09,2314.65,4399.88
1778120100000,2314.63,2318.75,2312.0,2316.9,4438.05
1778121000000,2316.88,2320.25,2315.44,2316.44,4515.27
1778121900000,2316.42,2322.55,2315.36,2321.09,2242.77
1778122800000,2321.11,2322.66,2318.22,2318.82,1703.76
1778123700000,2318.84,2321.34,2314.4,2319.23,1977.12
1778124600000,2319.25,2322.35,2317.25,2322.28,1941.53
1778125500000,2322.25,2324.88,2320.51,2321.25,1626.94
1778126400000,2321.35,2324.02,2316.88,2323.14,2117.71
1778127300000,2323.23,2326.57,2322.76,2324.99,2018.67
1778128200000,2324.99,2326.58,2322.0,2323.17,1448.92
1778129100000,2323.17,2326.67,2323.15,2326.55,2016.36
1778130000000,2326.53,2332.67,2326.12,2330.26,4138.83
1778130900000,2330.24,2331.85,2328.57,2330.87,2832.8
1778131800000,2330.87,2333.08,2328.53,2330.36,1432.91
1778132700000,2330.36,2330.71,2327.74,2330.38,1338.57
1778133600000,2330.4,2331.21,2320.17,2320.74,3212.45
1778134500000,2320.68,2322.75,2318.46,2322.73,3769.1
1778135400000,2322.75,2336.31,2322.73,2335.41,5628.58
1778136300000,2335.41,2337.27,2331.73,2336.37,2554.79
1778137200000,2336.37,2342.91,2335.69,2342.61,4083.25
1778138100000,2342.61,2344.46,2338.35,2339.31,3853.12
1778139000000,2339.31,2346.06,2339.01,2344.51,3318.36
1778139900000,2344.55,2345.83,2340.68,2343.55,1991.85
1778140800000,2343.53,2345.83,2339.87,2340.81,3578.41
1778141700000,2340.81,2341.11,2334.06,2336.67,6193.93
1778142600000,2336.69,2340.04,2332.66,2333.38,2306.78
1778143500000,2333.38,2339.04,2330.88,2332.91,4144.21
1778144400000,2333.0,2335.0,2330.81,2334.86,1803.29
1778145300000,2335.0,2336.21,2327.71,2330.42,4783.59
1778146200000,2330.42,2332.88,2326.0,2327.38,2941.5
1778147100000,2327.34,2329.54,2326.11,2328.02,1218.18
1778148000000,2328.07,2330.95,2321.26,2324.78,3783.27
1778148900000,2324.78,2327.76,2316.32,2317.56,4515.55
1778149800000,2317.54,2327.62,2317.18,2327.12,7925.07
1778150700000,2327.14,2328.56,2323.69,2325.9,10472.39
1778151600000,2326.01,2330.46,2324.49,2328.61,6186.51
1778152500000,2328.61,2330.31,2327.01,2327.2,1640.62
1778153400000,2327.22,2330.93,2327.18,2329.74,1071.17
1778154300000,2329.74,2330.43,2324.58,2329.36,1422.84
1778155200000,2329.36,2335.35,2328.17,2335.07,2344.85
1778156100000,2335.09,2336.14,2331.2,2332.26,2107.33
1778157000000,2332.2,2335.38,2330.79,2332.35,1596.67
1778157900000,2332.39,2333.86,2329.45,2332.0,4805.17
1778158800000,2332.0,2332.0,2320.73,2322.99,8961.79
1778159700000,2322.97,2329.15,2321.94,2323.95,2119.29
1778160600000,2323.82,2324.02,2314.05,2314.07,9995.84
1778161500000,2314.05,2316.81,2303.75,2313.39,19549.59
1778162400000,2313.46,2317.9,2306.76,2316.0,6649.92
1778163300000,2316.12,2316.33,2308.0,2309.21,4425.21
1778164200000,2309.24,2310.06,2287.06,2295.58,26925.55
1778165100000,2295.67,2301.27,2293.4,2298.11,6311.41
1778166000000,2298.13,2303.87,2295.01,2297.49,4690.22
1778166900000,2297.49,2300.24,2284.19,2290.31,10236.87
1778167800000,2290.12,2298.26,2288.55,2295.27,6985.0
1778168700000,2295.27,2297.88,2291.67,2293.77,2559.43
1778169600000,2293.77,2294.42,2286.43,2289.28,4299.51
1778170500000,2289.3,2297.62,2284.54,2296.71,4833.56
1778171400000,2296.69,2297.74,2289.97,2294.38,2578.45
1778172300000,2294.38,2295.56,2288.71,2291.0,1519.45
1778173200000,2291.0,2294.42,2289.81,2292.75,1402.22
1778174100000,2292.72,2294.57,2278.35,2287.47,9401.78
1778175000000,2287.51,2292.47,2285.22,2290.99,2847.58
1778175900000,2290.88,2300.87,2288.72,2298.92,4375.06
1778176800000,2298.92,2303.29,2296.73,2299.36,2950.57
1778177700000,2299.51,2301.27,2298.43,2298.78,1190.7
1778178600000,2298.76,2303.43,2293.25,2295.17,2235.6
1778179500000,2295.21,2298.8,2290.54,2295.07,2349.09
1778180400000,2295.07,2296.89,2289.11,2294.62,1546.08
1778181300000,2294.62,2295.54,2288.98,2289.78,1178.98
1778182200000,2289.78,2295.86,2289.78,2293.12,1427.15
1778183100000,2293.07,2296.19,2287.12,2295.15,1983.98
1778184000000,2295.25,2301.84,2293.4,2294.35,2291.9
1778184900000,2294.4,2295.41,2291.26,2293.71,2314.63
1778185800000,2293.67,2294.0,2287.09,2289.3,2173.36
1778186700000,2289.3,2290.05,2287.57,2288.43,1026.88
1778187600000,2288.43,2290.02,2280.43,2285.56,4133.91
1778188500000,2285.56,2293.2,2284.31,2293.13,4899.88
1778189400000,2293.2,2293.49,2289.5,2289.95,1275.09
1778190300000,2289.96,2291.79,2286.27,2286.9,3374.29
1778191200000,2286.86,2288.39,2280.0,2286.73,16947.67
1778192100000,2286.7,2289.57,2285.29,2285.29,2112.84
1778193000000,2285.31,2288.77,2280.82,2283.02,6179.08
1778193900000,2283.0,2287.61,2282.34,2286.26,931.71
1778194800000,2286.27,2290.87,2285.71,2289.06,1103.25
1778195700000,2289.06,2290.18,2286.01,2288.6,2040.47
1778196600000,2288.6,2290.88,2286.5,2290.76,945.18
1778197500000,2290.76,2292.76,2289.82,2290.33,3947.22
1778198400000,2290.51,2293.59,2289.51,2292.79,872.37
1778199300000,2292.81,2293.8,2289.0,2289.8,1279.42
1778200200000,2289.78,2290.62,2286.25,2287.22,986.33
1778201100000,2287.22,2287.23,2282.78,2286.26,1563.32
1778202000000,2286.24,2288.63,2282.03,2282.38,1751.94
1778202900000,2282.38,2285.26,2279.23,2284.89,2536.42
1778203800000,2284.91,2287.58,2283.41,2285.05,828.15
1778204700000,2285.03,2286.32,2282.29,2284.36,1380.18
1778205600000,2284.36,2284.89,2272.03,2276.84,9332.58
1778206500000,2276.83,2279.08,2266.58,2275.55,5793.8
1778207400000,2275.57,2282.3,2274.35,2278.47,2345.85
1778208300000,2278.45,2281.26,2275.79,2278.06,816.33
1778209200000,2278.08,2278.25,2264.27,2272.04,6995.89
1778210100000,2272.04,2278.61,2271.64,2277.99,3038.1
1778211000000,2277.99,2280.7,2277.9,2279.92,3515.81
1778211900000,2279.92,2280.91,2278.0,2278.0,1427.68
1778212800000,2278.0,2282.55,2278.0,2281.87,1102.39
1778213700000,2281.87,2283.89,2280.16,2281.86,1316.2
1778214600000,2281.88,2281.93,2275.47,2276.68,3233.4
1778215500000,2276.73,2281.62,2276.71,2280.67,2692.64
1778216400000,2280.67,2281.56,2278.93,2279.94,1094.49
1778217300000,2279.94,2281.75,2278.0,2279.31,1495.73
1778218200000,2279.31,2282.82,2279.27,2282.29,1508.55
1778219100000,2282.27,2283.26,2275.19,2275.19,2175.84
1778220000000,2275.15,2276.64,2268.59,2275.5,5794.23
1778220900000,2275.48,2277.88,2274.06,2274.14,3906.4
1778221800000,2274.23,2276.83,2267.62,2274.78,6656.67
1778222700000,2274.78,2275.28,2272.16,2274.39,1622.99
1778223600000,2274.41,2274.46,2266.67,2267.65,4750.82
1778224500000,2267.65,2271.04,2266.15,2269.98,1594.04
1778225400000,2270.0,2279.11,2270.0,2278.23,3371.12
1778226300000,2278.21,2281.32,2277.5,2280.08,2240.07
1778227200000,2280.1,2281.95,2278.69,2280.52,1508.61
1778228100000,2280.52,2281.9,2279.32,2280.44,2390.8
1778229000000,2280.46,2285.94,2280.32,2284.51,4581.88
1778229900000,2284.47,2288.41,2282.47,2282.56,9073.07
1778230800000,2282.53,2288.63,2279.17,2288.44,4091.21
1778231700000,2288.42,2291.7,2286.01,2286.67,3981.84
1778232600000,2286.65,2287.6,2284.33,2284.62,3145.64
1778233500000,2284.64,2284.69,2280.75,2283.22,4826.12
1778234400000,2283.22,2286.82,2280.65,2281.71,2125.45
1778235300000,2281.71,2284.19,2280.04,2282.52,2277.1
1778236200000,2282.52,2289.4,2282.45,2289.24,3113.04
1778237100000,2289.24,2289.88,2285.85,2286.85,1946.83
1778238000000,2286.89,2291.63,2286.89,2289.78,3003.62
1778238900000,2289.8,2293.64,2288.74,2291.84,2539.9
1778239800000,2291.87,2293.07,2288.47,2289.38,2166.63
1778240700000,2289.43,2296.14,2288.9,2294.26,2436.84
1778241600000,2294.26,2296.22,2289.45,2292.36,2666.73
1778242500000,2292.36,2293.46,2288.24,2292.34,1512.31
1778243400000,2292.45,2301.0,2288.0,2290.62,5889.44
1778244300000,2290.6,2290.62,2281.42,2283.65,5275.85
1778245200000,2283.65,2286.03,2273.44,2275.08,6049.95
1778246100000,2275.23,2279.06,2272.23,2273.23,4941.36
1778247000000,2273.25,2277.94,2268.6,2270.95,5593.45
1778247900000,2270.95,2276.65,2270.14,2275.45,2661.53
1778248800000,2275.45,2284.63,2273.88,2280.3,4050.51
1778249700000,2280.32,2291.86,2279.24,2280.8,6343.35
1778250600000,2280.82,2288.14,2272.06,2287.19,5056.42
1778251500000,2287.17,2289.47,2282.33,2284.89,3267.57
1778252400000,2284.57,2287.07,2278.83,2280.08,2847.8
1778253300000,2280.02,2281.53,2274.16,2276.89,3044.51
1778254200000,2276.91,2286.2,2274.0,2284.18,3020.32
1778255100000,2284.2,2293.7,2283.51,2292.31,5328.16
1778256000000,2292.34,2293.63,2287.44,2289.52,3778.5
1778256900000,2289.52,2292.43,2287.47,2289.11,2751.82
1778257800000,2289.11,2291.16,2285.34,2290.54,1858.18
1778258700000,2290.54,2291.88,2287.99,2288.99,1911.02
1778259600000,2288.99,2297.47,2288.34,2295.1,4142.76
1778260500000,2295.08,2301.78,2293.98,2300.72,4156.56
1778261400000,2300.84,2314.29,2300.84,2309.03,12012.6
1778262300000,2309.03,2314.88,2299.75,2304.11,5403.47
1778263200000,2304.11,2312.39,2304.11,2311.7,5748.1
1778264100000,2311.86,2319.72,2309.2,2317.52,6617.0
1778265000000,2317.4,2320.62,2314.8,2317.7,4051.55
1778265900000,2317.71,2320.43,2312.64,2312.8,2604.84
1778266800000,2312.74,2318.7,2311.52,2316.71,3168.25
1778267700000,2316.71,2319.75,2313.76,2314.8,1925.89
1778268600000,2314.78,2318.24,2314.04,2315.24,2287.78
1778269500000,2315.24,2315.46,2312.86,2315.25,1176.44
1778270400000,2315.18,2316.09,2311.42,2312.7,1318.53
1778271300000,2312.7,2313.85,2309.62,2311.77,1498.99
1778272200000,2311.75,2311.77,2306.54,2307.79,1643.66
1778273100000,2307.79,2309.37,2304.49,2306.1,1985.64
1778274000000,2306.1,2308.36,2303.42,2305.18,2149.33
1778274900000,2305.19,2309.69,2304.8,2308.24,868.91
1778275800000,2308.24,2313.18,2308.24,2313.04,863.39
1778276700000,2313.02,2314.4,2309.46,2313.8,711.41
1778277600000,2313.82,2318.12,2313.57,2316.98,1679.12
1778278500000,2316.98,2318.18,2312.01,2312.49,1116.4
1778279400000,2312.47,2314.5,2311.19,2311.47,1190.65
1778280300000,2311.43,2312.41,2309.77,2310.16,784.72
1778281200000,2310.08,2310.27,2306.19,2306.25,1738.22
1778282100000,2306.25,2309.23,2305.25,2307.2,1470.74
1778283000000,2307.18,2307.18,2302.28,2303.77,1367.75
1778283900000,2303.79,2306.61,2303.2,2306.33,1187.72
1778284800000,2306.33,2306.6,2303.43,2305.72,956.56
1778285700000,2305.7,2310.18,2305.23,2307.82,2460.79
1778286600000,2307.84,2311.2,2307.84,2309.58,919.59
1778287500000,2309.75,2311.43,2306.46,2307.81,1011.47
1778288400000,2307.81,2312.72,2307.48,2312.69,959.98
1778289300000,2312.69,2313.74,2308.35,2310.45,1207.93
1778290200000,2310.47,2316.05,2310.25,2314.71,1301.2
1778291100000,2314.7,2317.37,2313.17,2313.36,1206.23
1778292000000,2313.36,2317.57,2312.96,2315.81,1341.85
1778292900000,2315.79,2316.21,2313.94,2315.39,875.69
1778293800000,2315.39,2319.5,2315.37,2317.2,2153.55
1778294700000,2317.2,2317.49,2315.55,2316.04,918.51
1778295600000,2316.04,2318.42,2313.86,2317.25,843.17
1778296500000,2317.26,2319.87,2314.89,2315.91,1497.91
1778297400000,2315.91,2315.91,2311.7,2312.79,1729.14
1778298300000,2312.81,2315.28,2312.41,2314.31,1461.68
1778299200000,2314.31,2324.52,2314.31,2320.31,4111.11
1778300100000,2320.31,2320.65,2314.73,2316.05,1482.28
1778301000000,2316.05,2316.65,2312.0,2312.58,1462.2
1778301900000,2312.6,2314.33,2310.46,2311.72,1864.11
1778302800000,2311.72,2314.08,2310.04,2312.98,1238.18
1778303700000,2313.0,2316.87,2312.3,2314.86,927.92
1778304600000,2314.86,2317.66,2314.23,2316.11,1133.82
1778305500000,2316.13,2316.18,2313.46,2313.77,887.5
1778306400000,2313.75,2318.11,2313.75,2317.62,1227.0
1778307300000,2317.62,2317.62,2314.17,2315.93,827.77
1778308200000,2315.93,2318.0,2312.16,2313.79,1457.89
1778309100000,2313.79,2314.75,2311.55,2313.43,1679.0
1778310000000,2313.43,2314.75,2309.87,2312.2,2430.88
1778310900000,2312.18,2317.6,2312.12,2315.23,1301.53
1778311800000,2315.25,2317.09,2314.28,2314.91,921.54
1778312700000,2314.91,2314.93,2312.99,2313.6,670.24
1778313600000,2313.6,2318.3,2313.15,2317.74,1780.19
1778314500000,2317.72,2318.78,2316.63,2317.9,1605.34
1778315400000,2317.88,2319.37,2316.25,2316.58,1940.65
1778316300000,2316.6,2316.77,2315.26,2316.22,758.37
1778317200000,2316.24,2316.59,2313.82,2314.58,1157.42
1778318100000,2314.58,2314.6,2310.0,2312.38,2470.52
1778319000000,2312.38,2314.52,2312.03,2312.72,1075.35
1778319900000,2312.72,2313.29,2311.3,2312.34,1074.96
1778320800000,2312.36,2312.56,2309.19,2312.08,2350.34
1778321700000,2312.08,2313.71,2310.1,2310.75,1201.18
1778322600000,2310.74,2314.49,2310.65,2313.24,831.63
1778323500000,2313.24,2313.49,2311.63,2311.81,642.5
1778324400000,2311.81,2314.5,2311.46,2313.66,1174.57
1778325300000,2313.64,2314.78,2312.69,2314.35,1676.16
1778326200000,2314.35,2314.78,2312.3,2312.83,880.78
1778327100000,2312.85,2314.85,2312.7,2313.74,1087.33
1778328000000,2313.72,2316.08,2313.19,2313.29,1131.99
1778328900000,2313.31,2317.6,2312.32,2316.19,1444.58
1778329800000,2316.08,2316.1,2313.47,2314.44,669.9
1778330700000,2314.44,2316.02,2314.02,2315.67,555.55
1778331600000,2315.65,2315.74,2314.17,2315.0,677.33
1778332500000,2314.98,2315.13,2312.09,2313.18,2189.98
1778333400000,2313.16,2314.09,2310.35,2312.14,1659.88
1778334300000,2312.14,2313.65,2311.55,2313.65,1029.45
1778335200000,2313.67,2314.55,2311.66,2312.65,718.17
1778336100000,2312.63,2313.02,2304.69,2307.23,4555.59
1778337000000,2307.24,2308.32,2304.4,2308.16,3081.65
1778337900000,2308.16,2310.13,2305.01,2307.24,1817.22
1778338800000,2307.26,2308.95,2298.41,2303.19,7556.47
1778339700000,2303.21,2310.08,2303.1,2309.66,3442.48
1778340600000,2309.66,2315.82,2309.25,2312.7,4339.72
1778341500000,2312.7,2316.63,2312.68,2316.45,2633.14
1778342400000,2316.43,2320.95,2314.02,2320.1,4559.6
1778343300000,2320.1,2324.3,2318.5,2318.54,3881.5
1778344200000,2318.54,2320.84,2316.3,2319.63,3042.5
1778345100000,2319.61,2320.08,2317.07,2318.94,1785.28
1778346000000,2318.99,2332.85,2318.99,2329.47,11355.18
1778346900000,2329.49,2331.09,2326.33,2330.96,3674.41
1778347800000,2330.94,2332.47,2329.78,2329.78,2839.15
1778348700000,2329.8,2330.39,2326.03,2328.71,3859.98
1778349600000,2328.72,2332.16,2328.4,2329.33,2133.58
1778350500000,2329.33,2337.75,2328.57,2335.61,4277.74
1778351400000,2335.58,2336.92,2329.65,2330.45,4720.74
1778352300000,2330.43,2330.44,2327.79,2329.18,1414.41
1778353200000,2329.16,2330.54,2327.46,2329.02,1286.13
1778354100000,2329.02,2330.63,2325.22,2327.7,1445.15
1778355000000,2327.7,2327.97,2326.34,2327.42,777.73
1778355900000,2327.42,2332.19,2326.46,2331.15,2296.84
1778356800000,2331.16,2331.99,2327.03,2327.03,997.79
1778357700000,2327.05,2328.43,2326.7,2327.72,1063.85
1778358600000,2327.74,2329.25,2326.18,2328.45,1111.17
1778359500000,2328.43,2329.23,2327.68,2328.27,702.77
1778360400000,2328.25,2330.59,2327.98,2329.54,1268.31
1778361300000,2329.56,2330.31,2327.61,2329.65,796.97
1778362200000,2329.67,2330.06,2328.3,2328.94,873.19
1778363100000,2328.92,2330.71,2327.87,2329.91,1099.54
1778364000000,2329.93,2330.74,2328.42,2329.17,559.58
1778364900000,2329.19,2330.93,2329.1,2329.85,722.05
1778365800000,2329.72,2332.65,2326.18,2331.69,1975.9
1778366700000,2331.69,2332.15,2328.4,2328.96,1257.92
1778367600000,2328.96,2330.9,2326.07,2327.25,1200.08
1778368500000,2327.27,2327.31,2324.67,2325.3,994.1
1778369400000,2325.3,2327.64,2322.86,2324.01,2857.41
1778370300000,2324.01,2327.23,2323.22,2325.33,664.61
1778371200000,2325.36,2327.3,2322.81,2326.14,1194.13
1778372100000,2326.14,2328.9,2325.67,2326.41,926.09
1778373000000,2326.41,2327.77,2324.66,2326.46,2346.84
1778373900000,2326.31,2326.6,2320.77,2322.87,4387.32
1778374800000,2322.89,2322.97,2320.28,2321.33,2309.02
1778375700000,2321.33,2323.5,2318.22,2318.99,2358.8
1778376600000,2318.99,2320.89,2317.27,2319.12,1220.07
1778377500000,2319.12,2323.7,2319.08,2322.29,2493.05
1778378400000,2322.29,2322.5,2319.05,2320.8,4152.02
1778379300000,2320.78,2326.44,2320.31,2324.97,2743.3
1778380200000,2324.97,2326.49,2323.5,2325.38,1654.88
1778381100000,2325.4,2327.3,2324.63,2326.9,1219.75
1778382000000,2326.85,2328.92,2326.18,2327.32,967.55
1778382900000,2327.32,2327.41,2324.24,2325.05,2202.86
1778383800000,2325.1,2332.26,2322.75,2328.05,7011.79
1778384700000,2328.05,2329.13,2326.47,2326.85,780.1
1778385600000,2326.85,2329.0,2325.2,2326.69,934.97
1778386500000,2326.71,2328.3,2325.16,2328.28,2069.71
1778387400000,2328.3,2331.17,2326.9,2326.92,856.21
1778388300000,2326.92,2328.61,2326.17,2327.34,903.76
1778389200000,2327.36,2329.49,2325.87,2327.45,860.58
1778390100000,2327.45,2329.32,2327.16,2327.95,1004.46
1778391000000,2327.95,2329.23,2327.13,2327.3,589.23
1778391900000,2327.3,2328.5,2325.6,2326.27,915.52
1778392800000,2326.29,2328.14,2326.23,2328.11,739.83
1778393700000,2328.11,2328.13,2325.85,2325.87,730.03
1778394600000,2325.85,2329.65,2325.85,2328.39,1327.91
1778395500000,2328.39,2329.89,2327.79,2328.6,474.9
1778396400000,2328.6,2331.24,2326.54,2326.56,1113.5
1778397300000,2326.56,2329.8,2326.56,2328.59,667.29
1778398200000,2328.6,2329.49,2327.38,2328.28,506.82
1778399100000,2328.28,2328.95,2326.43,2326.5,931.5
1778400000000,2326.5,2330.21,2324.77,2327.57,2057.09
1778400900000,2327.57,2331.09,2326.53,2329.66,1411.91
1778401800000,2329.66,2330.79,2328.06,2328.19,830.98
1778402700000,2328.19,2329.33,2327.9,2329.19,403.58
1778403600000,2329.19,2332.76,2328.72,2329.64,1455.87
1778404500000,2329.62,2330.07,2328.23,2328.24,717.3
1778405400000,2328.24,2328.95,2326.17,2326.81,1506.54
1778406300000,2326.81,2328.23,2325.99,2327.34,1283.32
1778407200000,2327.32,2327.95,2323.16,2323.89,1885.94
1778408100000,2323.91,2326.2,2322.37,2325.64,2100.99
1778409000000,2325.64,2326.21,2322.5,2323.23,976.98
1778409900000,2323.23,2325.42,2322.38,2324.63,1795.48
1778410800000,2324.61,2326.94,2322.51,2323.27,1590.55
1778411700000,2323.27,2325.0,2318.0,2321.05,3612.01
1778412600000,2321.07,2321.68,2319.36,2320.47,950.19
1778413500000,2320.45,2322.66,2319.05,2321.57,1095.24
1778414400000,2321.57,2322.96,2319.58,2322.62,1513.61
1778415300000,2322.62,2324.41,2321.87,2323.64,1256.24
1778416200000,2323.64,2324.57,2321.56,2323.02,1395.55
1778417100000,2323.02,2323.79,2322.07,2323.14,799.55
1778418000000,2323.14,2328.01,2322.44,2327.49,2173.95
1778418900000,2327.47,2331.17,2325.85,2328.45,4481.38
1778419800000,2328.41,2330.08,2326.92,2328.62,3145.08
1778420700000,2328.64,2329.54,2327.47,2329.01,1152.65
1778421600000,2329.01,2329.77,2327.16,2327.81,992.42
1778422500000,2327.79,2328.07,2325.96,2326.72,1161.49
1778423400000,2326.72,2334.33,2326.34,2329.55,2830.01
1778424300000,2329.57,2331.99,2326.15,2330.05,2387.51
1778425200000,2330.03,2336.99,2330.03,2334.24,5604.12
1778426100000,2334.25,2335.25,2332.39,2333.47,3434.11
1778427000000,2333.47,2342.5,2333.47,2340.84,7462.11
1778427900000,2340.81,2350.65,2339.55,2346.84,12768.24
1778428800000,2346.84,2350.16,2343.75,2345.0,5978.68
1778429700000,2345.14,2345.88,2339.21,2344.57,3784.87
1778430600000,2344.68,2349.19,2343.45,2345.44,2777.83
1778431500000,2345.46,2349.72,2344.33,2348.89,4024.51
1778432400000,2348.87,2354.05,2344.33,2348.93,8593.84
1778433300000,2348.95,2357.41,2348.08,2354.86,9523.57
1778434200000,2354.84,2358.56,2351.57,2354.99,4092.85
1778435100000,2354.99,2367.3,2353.38,2363.3,10651.24
1778436000000,2363.28,2365.93,2361.12,2364.62,2663.29
1778436900000,2364.56,2364.74,2360.0,2360.89,3721.44
1778437800000,2360.91,2362.86,2355.56,2355.59,2439.61
1778438700000,2355.61,2358.99,2355.56,2357.35,1191.02
1778439600000,2357.35,2357.75,2349.68,2356.59,2812.81
1778440500000,2356.59,2365.8,2356.42,2365.55,2200.02
1778441400000,2365.5,2365.83,2359.37,2363.9,1879.8
1778442300000,2363.9,2364.31,2357.81,2364.19,3491.99
1778443200000,2364.19,2368.78,2352.94,2353.54,4269.96
1778444100000,2353.56,2355.68,2345.77,2352.22,6322.57
1778445000000,2352.24,2352.39,2334.01,2334.26,9059.36
1778445900000,2334.17,2334.17,2310.22,2327.3,19263.66
1778446800000,2326.93,2333.49,2322.83,2324.78,4864.87
1778447700000,2324.81,2334.11,2323.15,2333.89,4374.08
1778448600000,2333.89,2335.85,2328.27,2333.77,5251.74
1778449500000,2333.89,2335.27,2329.47,2329.65,3362.34
1778450400000,2329.65,2346.16,2326.66,2342.01,12153.39
1778451300000,2342.02,2361.19,2338.54,2354.14,14296.2
1778452200000,2354.14,2373.5,2351.3,2365.77,13981.67
1778453100000,2365.78,2376.91,2365.78,2373.02,11356.26
1778454000000,2373.05,2382.24,2373.05,2378.19,9945.44
1778454900000,2378.21,2381.14,2369.57,2373.44,6937.9
1778455800000,2373.44,2379.35,2370.94,2377.79,3534.45
1778456700000,2377.82,2378.78,2366.8,2370.3,2756.08
1778457600000,2370.28,2373.93,2361.96,2362.31,3516.33
1778458500000,2362.42,2362.59,2349.8,2354.79,11867.44
1778459400000,2354.79,2363.1,2350.34,2353.88,3083.89
1778460300000,2353.88,2356.55,2343.37,2351.69,5580.94
1778461200000,2351.69,2359.42,2344.29,2355.44,3400.44
1778462100000,2355.44,2364.91,2353.85,2361.11,5890.28
1778463000000,2361.09,2364.55,2356.2,2357.61,3002.55
1778463900000,2357.59,2361.28,2354.02,2357.85,4728.62
1778464800000,2357.87,2360.08,2350.17,2354.32,1863.01
1778465700000,2354.32,2354.32,2346.2,2349.36,2200.04
1778466600000,2349.36,2350.07,2342.55,2344.15,2306.61
1778467500000,2344.15,2346.83,2342.55,2344.68,1679.79
1778468400000,2344.68,2344.74,2325.44,2325.95,7676.28
1778469300000,2326.02,2331.25,2321.19,2324.68,8200.85
1778470200000,2324.68,2328.85,2318.93,2328.6,4345.87
1778471100000,2328.6,2329.8,2327.0,2329.58,1972.87
1778472000000,2329.56,2330.37,2325.61,2327.5,3076.17
1778472900000,2327.51,2331.49,2327.51,2330.81,1494.44
1778473800000,2330.82,2334.28,2329.87,2334.05,2389.47
1778474700000,2334.07,2335.07,2328.61,2332.05,2448.52
1778475600000,2332.0,2334.88,2331.05,2332.37,1178.33
1778476500000,2332.35,2337.84,2331.08,2336.83,3318.67
1778477400000,2336.82,2339.68,2333.14,2333.24,1559.03
1778478300000,2333.24,2336.79,2332.74,2334.12,1475.39
1778479200000,2334.14,2339.43,2332.28,2336.34,1488.73
1778480100000,2336.32,2339.74,2333.68,2338.27,2197.13
1778481000000,2338.27,2341.24,2330.32,2332.17,2299.29
1778481900000,2332.17,2333.57,2329.1,2332.59,2559.08
1778482800000,2332.57,2332.74,2328.12,2329.53,1892.32
1778483700000,2329.55,2332.5,2327.16,2329.16,1570.65
1778484600000,2329.16,2330.61,2327.15,2328.21,1781.69
1778485500000,2328.21,2330.65,2328.0,2329.62,1474.48
1778486400000,2329.6,2331.74,2325.9,2329.48,1323.03
1778487300000,2329.5,2332.89,2326.91,2327.08,2265.42
1778488200000,2326.63,2333.55,2325.42,2332.9,2037.0
1778489100000,2332.9,2333.89,2328.76,2329.47,2297.06
1778490000000,2329.41,2335.85,2329.26,2335.55,2320.7
1778490900000,2335.55,2336.46,2334.34,2334.97,919.72
1778491800000,2334.97,2336.23,2332.13,2334.04,2794.89
1778492700000,2334.04,2337.86,2333.81,2335.08,1032.1
1778493600000,2335.06,2338.67,2333.94,2335.88,2347.93
1778494500000,2335.86,2338.91,2335.19,2336.37,1112.13
1778495400000,2336.38,2337.14,2328.88,2331.42,2637.81
1778496300000,2331.44,2333.53,2329.0,2329.0,1671.48
1778497200000,2329.01,2331.8,2326.44,2330.01,1969.35
1778498100000,2330.0,2334.16,2329.77,2332.73,1740.43
1778499000000,2332.7,2335.07,2332.63,2334.13,1432.71
1778499900000,2334.13,2334.85,2331.01,2334.81,1990.82
1778500800000,2334.84,2335.47,2328.05,2329.08,4218.53
1778501700000,2329.08,2338.1,2328.2,2336.06,3582.23
1778502600000,2336.1,2337.8,2331.62,2331.85,3553.08
1778503500000,2331.85,2334.31,2327.39,2328.6,3654.33
1778504400000,2328.6,2332.11,2327.75,2330.05,2069.09
1778505300000,2330.05,2331.25,2324.12,2326.48,3993.45
1778506200000,2326.57,2328.52,2313.41,2324.75,24784.3
1778507100000,2324.68,2326.11,2318.63,2320.94,6242.3
1778508000000,2320.92,2327.87,2320.7,2325.3,3041.18
1778508900000,2325.38,2326.25,2311.48,2311.88,7117.84
1778509800000,2311.95,2317.0,2303.0,2311.68,18988.3
1778510700000,2311.68,2316.97,2308.54,2315.25,5088.19
1778511600000,2315.25,2322.5,2312.28,2320.21,4569.25
1778512500000,2320.33,2334.47,2318.43,2331.72,12834.38
1778513400000,2331.72,2334.83,2326.28,2326.66,9265.47
1778514300000,2326.65,2333.95,2325.69,2332.36,3321.37
1778515200000,2332.38,2340.43,2329.49,2338.59,6515.38
1778516100000,2338.63,2340.67,2333.64,2335.78,5561.53
1778517000000,2335.8,2337.97,2326.07,2328.64,6143.98
1778517900000,2328.48,2333.19,2328.13,2328.75,2175.02
1778518800000,2328.74,2329.6,2322.76,2327.1,4068.46
1778519700000,2327.09,2329.91,2326.99,2328.76,1352.77
1778520600000,2328.76,2340.86,2326.88,2339.24,4174.03
1778521500000,2339.26,2342.96,2335.25,2335.57,4026.57
1778522400000,2335.57,2342.95,2335.08,2340.02,2730.13
1778523300000,2340.0,2341.46,2335.1,2340.44,2764.33
1778524200000,2340.44,2343.26,2337.95,2338.07,1901.76
1778525100000,2338.07,2343.42,2333.35,2334.38,2256.87
1778526000000,2334.45,2338.95,2330.7,2337.6,2007.76
1778526900000,2337.58,2342.1,2334.86,2336.43,1730.88
1778527800000,2336.45,2343.0,2336.2,2340.64,1323.54
1778528700000,2340.64,2340.91,2337.76,2339.41,988.98
1778529600000,2339.44,2344.99,2333.58,2337.29,2566.18
1778530500000,2337.27,2339.12,2335.44,2337.36,1141.79
1778531400000,2337.38,2340.32,2335.0,2336.95,1491.82
1778532300000,2336.95,2340.31,2336.12,2336.95,1936.71
1778533200000,2336.95,2339.8,2336.28,2339.46,749.24
1778534100000,2339.46,2340.11,2335.24,2336.29,1075.76
1778535000000,2336.27,2340.33,2336.02,2339.28,861.13
1778535900000,2339.28,2341.43,2337.05,2339.72,1273.2
1778536800000,2339.74,2344.71,2338.88,2340.97,2256.57
1778537700000,2340.97,2342.37,2335.21,2337.7,1320.77
1778538600000,2337.7,2339.99,2337.52,2339.81,1079.07
1778539500000,2339.81,2343.89,2338.83,2340.18,925.74
1778540400000,2340.2,2340.31,2335.98,2338.09,1246.35
1778541300000,2338.11,2338.63,2334.78,2335.28,1379.77
1778542200000,2335.28,2341.12,2333.86,2340.08,2325.69
1778543100000,2340.08,2340.94,2338.27,2338.7,547.98
1778544000000,2338.78,2340.58,2334.64,2335.24,1037.42
1778544900000,2335.25,2336.79,2332.26,2333.95,2346.82
1778545800000,2333.95,2335.13,2331.0,2331.17,1358.47
1778546700000,2331.17,2334.9,2330.86,2332.52,1217.79
1778547600000,2332.52,2334.66,2324.56,2324.87,5693.76
1778548500000,2324.91,2326.45,2318.01,2323.01,5012.64
1778549400000,2323.0,2323.97,2293.91,2307.53,23793.08
1778550300000,2307.53,2314.89,2305.39,2310.21,7098.05
1778551200000,2310.21,2316.0,2308.03,2314.75,3608.33
1778552100000,2314.73,2314.75,2305.97,2313.69,2534.47
1778553000000,2313.67,2313.94,2306.87,2309.01,1296.04
1778553900000,2309.01,2314.85,2309.01,2314.69,1245.28
1778554800000,2314.69,2316.19,2310.88,2312.16,2365.97
1778555700000,2312.16,2312.8,2309.7,2310.68,1615.39
1778556600000,2310.7,2312.93,2310.46,2312.26,954.54
1778557500000,2312.2,2312.2,2306.2,2308.34,2143.82
1778558400000,2308.32,2309.03,2305.73,2305.82,2166.51
1778559300000,2305.82,2311.63,2304.38,2310.91,3159.64
1778560200000,2311.01,2312.65,2310.56,2310.78,1824.67
1778561100000,2310.83,2313.6,2309.03,2309.83,1288.94
1778562000000,2309.83,2312.35,2308.65,2310.01,2203.86
1778562900000,2310.03,2312.96,2309.84,2312.08,795.75
1778563800000,2312.1,2313.05,2308.74,2311.11,4685.38
1778564700000,2311.13,2313.0,2309.16,2309.16,1375.98
1778565600000,2309.18,2311.07,2307.68,2310.9,2158.88
1778566500000,2310.9,2313.25,2309.38,2309.39,1544.93
1778567400000,2309.41,2310.04,2305.06,2305.66,1905.25
1778568300000,2305.66,2307.41,2301.83,2302.86,4933.93
1778569200000,2302.81,2303.92,2294.25,2302.41,8576.4
1778570100000,2302.41,2303.31,2297.49,2300.05,2466.13
1778571000000,2300.03,2300.72,2295.76,2295.86,2874.32
1778571900000,2295.84,2298.98,2289.54,2294.0,11395.95
1778572800000,2294.02,2295.13,2283.06,2284.1,13252.32
1778573700000,2284.02,2287.89,2278.58,2286.68,13654.25
1778574600000,2286.52,2291.25,2286.38,2291.21,5870.96
1778575500000,2291.17,2291.8,2285.22,2287.17,3019.58
1778576400000,2287.03,2288.18,2282.24,2283.04,2680.8
1778577300000,2283.06,2285.0,2280.26,2283.94,5254.64
1778578200000,2283.95,2293.79,2283.95,2292.93,4870.74
1778579100000,2292.91,2294.61,2288.8,2291.66,2792.68
1778580000000,2291.62,2293.16,2290.38,2290.64,1185.36
1778580900000,2290.66,2292.79,2287.29,2288.24,2001.79
1778581800000,2288.24,2289.53,2282.66,2284.29,3420.97
1778582700000,2284.31,2286.22,2281.05,2285.37,3201.95
1778583600000,2285.76,2286.26,2276.66,2282.48,8505.51
1778584500000,2282.51,2283.78,2277.83,2282.59,3752.1
1778585400000,2282.6,2285.94,2282.44,2285.79,3016.72
1778586300000,2285.81,2286.14,2283.13,2285.85,1692.09
1778587200000,2285.83,2288.1,2281.19,2287.0,3621.56
1778588100000,2287.0,2290.38,2284.7,2290.23,2860.36
1778589000000,2290.38,2293.57,2280.01,2285.81,8342.94
1778589900000,2285.85,2289.0,2285.14,2287.81,2220.41
1778590800000,2287.83,2291.23,2287.04,2287.04,3948.0
1778591700000,2287.04,2287.12,2281.8,2283.95,3327.64
1778592600000,2283.97,2284.46,2274.23,2279.3,8742.48
1778593500000,2279.35,2283.1,2267.45,2270.96,10613.07
1778594400000,2270.99,2279.67,2268.34,2278.46,8356.84
1778595300000,2278.43,2280.75,2270.28,2272.6,3620.33
1778596200000,2272.6,2279.2,2261.0,2276.59,15903.14
1778597100000,2276.57,2276.57,2264.58,2267.87,5531.21
1778598000000,2267.87,2273.46,2265.52,2271.38,3673.76
1778598900000,2271.28,2271.28,2255.65,2258.75,12840.71
1778599800000,2258.87,2267.7,2258.81,2262.82,6578.42
1778600700000,2262.84,2266.21,2259.06,2260.99,3473.86
1778601600000,2261.05,2267.69,2258.36,2266.88,3760.28
1778602500000,2266.86,2270.34,2264.3,2266.95,3599.35
1778603400000,2267.11,2267.98,2260.59,2263.6,4446.89
1778604300000,2263.58,2264.91,2255.29,2263.13,8460.41
1778605200000,2263.11,2269.76,2263.11,2269.64,3213.88
1778606100000,2269.64,2274.9,2269.62,2273.78,4845.47
1778607000000,2273.8,2277.04,2273.05,2275.97,2769.31
1778607900000,2275.97,2276.97,2273.24,2275.82,2408.78
1778608800000,2275.82,2278.05,2273.51,2276.37,3312.4
1778609700000,2276.39,2277.5,2275.08,2276.69,1166.46
1778610600000,2276.71,2282.17,2276.19,2280.49,2999.52
1778611500000,2280.51,2283.57,2278.01,2278.44,2872.42
1778612400000,2278.44,2285.0,2278.16,2283.23,3939.68
1778613300000,2283.21,2284.32,2280.49,2281.25,1725.48
1778614200000,2281.27,2286.01,2279.66,2282.15,2572.2
1778615100000,2282.15,2286.41,2282.15,2283.99,1563.86
1778616000000,2284.13,2286.45,2282.91,2284.24,1099.13
1778616900000,2284.24,2285.32,2283.07,2284.27,800.96
1778617800000,2284.27,2284.34,2280.81,2282.63,1457.17
1778618700000,2282.65,2284.19,2280.12,2283.84,1262.68
1778619600000,2283.84,2286.64,2282.91,2284.72,1470.86
1778620500000,2284.7,2286.92,2283.92,2285.86,593.66
1778621400000,2285.87,2286.5,2283.2,2283.73,896.17
1778622300000,2283.87,2285.29,2281.24,2284.34,1314.45
1778623200000,2284.32,2290.4,2284.32,2285.44,3067.05
1778624100000,2285.44,2288.13,2284.55,2284.91,752.27
1778625000000,2284.93,2286.0,2282.77,2283.51,1467.16
1778625900000,2283.51,2284.54,2281.0,2281.26,622.1
1778626800000,2281.23,2283.01,2277.76,2279.24,1703.01
1778627700000,2279.26,2282.49,2278.62,2281.94,1342.54
1778628600000,2281.94,2282.23,2276.03,2277.13,1528.07
1778629500000,2277.13,2277.13,2272.6,2273.79,3047.51
1778630400000,2273.82,2277.5,2272.19,2276.61,1352.66
1778631300000,2276.61,2285.74,2276.18,2282.18,1932.83
1778632200000,2282.25,2285.3,2281.0,2283.49,1482.04
1778633100000,2283.49,2283.75,2279.15,2280.53,1244.49
1778634000000,2280.53,2291.52,2279.92,2288.03,2967.9
1778634900000,2288.04,2293.23,2285.7,2290.77,3464.3
1778635800000,2290.77,2293.96,2289.1,2291.67,2291.28
1778636700000,2291.68,2294.5,2287.64,2288.95,2254.22
1778637600000,2288.95,2294.0,2286.17,2291.12,1613.72
1778638500000,2291.14,2299.15,2289.8,2293.96,3386.96
1778639400000,2293.98,2296.01,2292.64,2294.24,2618.32
1778640300000,2294.22,2295.78,2291.52,2292.96,1834.61
1778641200000,2292.93,2295.69,2291.12,2292.18,1770.28
1778642100000,2292.16,2297.68,2292.16,2296.7,1943.25
1778643000000,2296.72,2302.06,2296.16,2301.37,2917.48
1778643900000,2301.35,2302.83,2299.79,2300.64,2116.1
1778644800000,2300.64,2303.53,2298.87,2299.13,1972.47
1778645700000,2299.11,2302.32,2297.34,2300.38,1694.68
1778646600000,2300.4,2306.97,2300.4,2303.81,4263.89
1778647500000,2303.81,2307.83,2302.55,2305.94,1737.76
1778648400000,2305.92,2306.97,2302.66,2302.74,1633.55
1778649300000,2302.72,2302.74,2299.48,2300.93,2604.7
1778650200000,2300.88,2301.17,2296.05,2296.11,2745.2
1778651100000,2296.1,2299.0,2294.69,2296.78,2368.13
1778652000000,2296.78,2302.5,2296.4,2302.5,1884.54
1778652900000,2302.5,2304.28,2300.2,2302.59,1281.56
1778653800000,2302.61,2304.13,2300.82,2304.02,1377.0
1778654700000,2304.02,2304.17,2300.0,2300.88,1051.84
1778655600000,2300.86,2302.07,2299.03,2300.32,2143.82
1778656500000,2300.32,2301.6,2295.83,2297.67,1486.72
1778657400000,2297.69,2300.0,2296.88,2299.92,1362.13
1778658300000,2299.94,2300.75,2297.55,2300.24,668.21
1778659200000,2300.26,2302.84,2300.03,2300.96,2662.78
1778660100000,2300.96,2304.96,2300.88,2302.08,2092.82
1778661000000,2302.04,2315.07,2299.64,2312.74,8270.32
1778661900000,2312.73,2315.86,2311.1,2315.74,4258.66
1778662800000,2315.74,2321.73,2313.31,2318.41,8890.2
1778663700000,2318.54,2320.74,2316.03,2317.32,3325.89
1778664600000,2317.32,2322.58,2317.32,2320.55,2572.25
1778665500000,2320.55,2322.78,2318.42,2320.16,1401.74
1778666400000,2320.15,2320.68,2313.62,2313.98,3646.17
1778667300000,2313.98,2316.26,2308.15,2308.92,4156.44
1778668200000,2308.9,2311.0,2304.68,2306.2,4276.98
1778669100000,2306.2,2309.29,2305.14,2307.5,2374.5
1778670000000,2307.48,2308.12,2297.99,2299.78,7200.24
1778670900000,2299.76,2304.74,2298.04,2300.27,3058.74
1778671800000,2300.26,2305.86,2300.2,2305.84,1919.1
1778672700000,2305.84,2306.98,2299.02,2300.87,2130.42
1778673600000,2300.89,2308.19,2300.38,2304.42,2869.53
1778674500000,2304.63,2305.71,2291.54,2297.31,6018.4
1778675400000,2297.32,2297.53,2269.01,2280.5,26832.3
1778676300000,2280.52,2285.67,2279.53,2283.23,6577.37
1778677200000,2283.21,2287.3,2282.32,2284.82,3784.46
1778678100000,2284.84,2286.35,2278.45,2278.72,3738.35
1778679000000,2278.7,2282.47,2265.61,2269.48,13962.61
1778679900000,2269.46,2269.51,2257.55,2261.25,15858.36
1778680800000,2261.27,2265.39,2250.0,2262.26,17522.33
1778681700000,2262.26,2269.87,2260.32,2266.83,4849.99
1778682600000,2266.83,2267.88,2263.37,2264.16,3134.81
1778683500000,2264.16,2267.91,2260.92,2266.47,2753.83
1778684400000,2266.52,2269.47,2255.29,2256.45,5516.24
1778685300000,2256.43,2258.86,2250.38,2252.63,7892.75
1778686200000,2252.65,2255.51,2250.81,2251.55,3996.76
1778687100000,2251.56,2252.49,2233.17,2235.64,21644.93
1778688000000,2235.64,2245.45,2234.58,2244.57,11326.91
1778688900000,2244.55,2249.57,2242.01,2248.54,4978.04
1778689800000,2248.54,2252.66,2246.68,2251.32,5382.89
1778690700000,2251.32,2252.57,2248.43,2249.96,3157.64
1778691600000,2249.99,2255.67,2249.99,2253.61,2654.42
1778692500000,2253.6,2258.25,2251.57,2256.41,3653.81
1778693400000,2256.41,2257.11,2253.54,2256.48,2596.18
1778694300000,2256.5,2261.25,2255.44,2257.37,2975.78
1778695200000,2257.42,2262.44,2257.42,2261.13,1892.36
1778696100000,2261.11,2267.47,2260.13,2264.54,3145.92
1778697000000,2264.54,2266.06,2261.25,2261.25,1619.42
1778697900000,2261.25,2262.15,2257.52,2258.41,2033.14
1778698800000,2258.39,2259.79,2251.7,2254.25,2485.03
1778699700000,2254.21,2254.45,2249.65,2253.33,1846.69
1778700600000,2253.35,2258.37,2253.15,2254.93,1637.34
1778701500000,2254.95,2256.48,2253.53,2255.76,1088.94
1778702400000,2255.76,2260.82,2255.59,2258.11,1227.46
1778703300000,2258.11,2261.66,2258.09,2259.34,925.69
1778704200000,2259.32,2263.17,2259.32,2262.31,832.48
1778705100000,2262.29,2263.68,2260.44,2262.88,879.22
1778706000000,2262.88,2263.15,2252.75,2256.85,1791.27
1778706900000,2256.85,2256.95,2253.94,2254.55,797.57
1778707800000,2254.51,2256.76,2254.21,2256.14,974.45
1778708700000,2256.12,2258.77,2253.89,2255.05,725.13
1778709600000,2255.05,2256.45,2249.91,2255.21,1495.18
1778710500000,2255.21,2255.21,2250.71,2253.21,933.9
1778711400000,2253.23,2256.63,2250.95,2256.35,822.32
1778712300000,2256.35,2259.76,2256.21,2258.35,821.24
1778713200000,2258.35,2260.54,2257.33,2259.04,667.68
1778714100000,2259.04,2260.95,2254.25,2256.68,1212.36
1778715000000,2256.66,2257.82,2253.61,2256.56,2237.4
1778715900000,2256.54,2258.5,2255.21,2257.82,606.73
1778716800000,2257.82,2265.46,2257.17,2265.46,1921.26
1778717700000,2265.44,2266.96,2261.38,2262.77,1569.61
1778718600000,2262.78,2267.75,2262.78,2267.05,1545.08
1778719500000,2267.08,2268.73,2264.5,2265.52,1236.92
1778720400000,2265.37,2268.57,2263.36,2264.81,912.8
1778721300000,2264.81,2265.03,2260.61,2261.8,872.81
1778722200000,2261.83,2263.41,2258.68,2261.97,1048.82
1778723100000,2261.99,2266.25,2259.6,2263.97,939.11
1778724000000,2263.94,2265.91,2260.93,2260.93,827.2
1778724900000,2260.95,2262.93,2259.5,2262.66,1005.32
1778725800000,2262.68,2262.68,2258.01,2259.91,843.03
1778726700000,2259.91,2261.36,2246.38,2250.56,5526.23
1778727600000,2250.56,2254.23,2242.0,2248.41,4449.72
1778728500000,2248.39,2250.74,2237.84,2249.36,4441.54
1778729400000,2249.36,2251.68,2243.6,2246.3,2475.5
1778730300000,2246.24,2246.39,2237.39,2241.1,3651.55
1778731200000,2241.12,2248.65,2238.42,2248.6,3203.51
1778732100000,2248.6,2252.7,2247.48,2250.74,3009.74
1778733000000,2250.74,2253.6,2250.32,2252.55,1527.61
1778733900000,2252.57,2257.35,2251.2,2255.59,2616.05
1778734800000,2255.59,2257.67,2254.63,2255.71,1008.66
1778735700000,2255.73,2260.56,2254.35,2260.32,2187.37
1778736600000,2260.32,2264.05,2260.32,2262.89,2282.33
1778737500000,2262.97,2272.88,2262.97,2267.26,6957.61
1778738400000,2267.24,2274.14,2266.13,2272.9,3397.55
1778739300000,2272.9,2273.28,2268.9,2268.92,1953.61
1778740200000,2268.92,2270.0,2265.57,2268.16,3313.54
1778741100000,2268.16,2268.73,2266.12,2266.69,1092.2
1778742000000,2266.67,2269.23,2262.68,2263.99,2209.58
1778742900000,2263.99,2266.96,2262.88,2265.21,1544.84
1778743800000,2265.23,2269.87,2265.17,2268.27,1783.72
1778744700000,2268.29,2268.61,2263.83,2264.31,1701.8
1778745600000,2264.31,2268.98,2260.82,2267.44,2237.95
1778746500000,2267.47,2268.33,2264.3,2265.17,864.13
1778747400000,2265.19,2270.04,2265.17,2267.89,2484.04
1778748300000,2267.89,2268.12,2264.35,2265.45,931.72
1778749200000,2265.47,2266.96,2263.0,2263.37,1400.91
1778750100000,2263.35,2263.77,2258.63,2260.24,1892.91
1778751000000,2260.22,2260.24,2251.38,2255.39,4571.7
1778751900000,2255.39,2257.95,2253.38,2256.73,2018.84
1778752800000,2256.71,2263.85,2256.04,2260.14,2577.5
1778753700000,2260.16,2264.6,2260.16,2262.75,1584.85
1778754600000,2262.73,2262.81,2254.67,2256.5,1620.72
1778755500000,2256.57,2262.68,2256.57,2261.19,2005.4
1778756400000,2261.21,2263.18,2257.94,2258.09,1395.2
1778757300000,2258.07,2260.56,2254.02,2255.86,2023.16
1778758200000,2255.86,2256.77,2252.88,2253.04,1720.3
1778759100000,2253.04,2255.12,2251.49,2252.77,1666.8
1778760000000,2252.56,2254.85,2250.76,2251.94,1743.74
1778760900000,2251.94,2254.24,2247.04,2253.16,3897.22
1778761800000,2253.17,2262.5,2252.42,2258.81,4332.63
1778762700000,2258.81,2260.91,2257.92,2260.57,2710.74
1778763600000,2260.55,2263.0,2258.26,2261.6,2436.55
1778764500000,2261.58,2264.53,2255.02,2260.08,3180.08
1778765400000,2260.06,2261.14,2248.27,2254.59,5750.73
1778766300000,2254.59,2261.21,2247.52,2248.41,2987.25
1778767200000,2248.17,2257.87,2245.15,2255.78,5231.38
1778768100000,2255.78,2268.1,2254.8,2263.86,9098.09
1778769000000,2263.88,2270.99,2262.14,2269.96,4657.73
1778769900000,2269.96,2287.7,2269.96,2285.95,17347.68
1778770800000,2285.93,2289.76,2279.09,2282.22,11481.29
1778771700000,2282.2,2291.8,2280.55,2286.52,7552.7
1778772600000,2286.5,2289.5,2281.32,2287.46,4441.72
1778773500000,2287.59,2298.69,2286.92,2297.35,10154.43
1778774400000,2297.35,2312.27,2295.58,2307.27,18035.12
1778775300000,2307.25,2308.75,2302.37,2305.34,8161.52
1778776200000,2305.35,2311.91,2300.48,2309.39,6927.62
1778777100000,2309.36,2317.79,2292.56,2315.45,15534.19
1778778000000,2315.45,2318.5,2307.73,2308.51,11148.82
1778778900000,2308.51,2308.61,2295.12,2297.25,7580.44
1778779800000,2297.27,2307.42,2295.57,2305.17,5150.19
1778780700000,2305.15,2313.36,2305.15,2307.13,4585.3
1778781600000,2307.09,2314.51,2301.82,2314.35,3575.8
1778782500000,2314.35,2315.85,2309.8,2313.65,3648.84
1778783400000,2313.65,2313.82,2305.63,2306.86,3530.51
1778784300000,2306.88,2311.23,2306.02,2308.38,1419.59
1778785200000,2308.4,2311.27,2303.58,2304.79,2065.51
1778786100000,2304.79,2305.0,2296.24,2296.52,4665.43
1778787000000,2296.52,2301.97,2296.34,2298.91,1710.29
1778787900000,2298.91,2300.08,2296.63,2297.51,1106.75
1778788800000,2297.58,2300.48,2292.16,2292.16,2034.64
1778789700000,2292.16,2296.22,2287.83,2290.09,4341.74
1778790600000,2290.1,2292.3,2287.57,2292.21,1964.99
1778791500000,2292.19,2297.97,2292.19,2297.0,1546.78
1778792400000,2296.99,2298.49,2291.66,2292.0,1146.86
1778793300000,2291.98,2295.46,2288.7,2294.04,1324.88
1778794200000,2294.04,2299.39,2293.76,2297.49,1764.11
1778795100000,2297.47,2298.1,2295.07,2296.06,637.23
1778796000000,2296.19,2299.38,2294.12,2298.86,1070.96
1778796900000,2298.86,2298.86,2294.12,2295.32,697.09
1778797800000,2295.32,2299.66,2294.95,2298.41,809.38
1778798700000,2298.41,2300.51,2296.3,2296.99,1800.72
1778799600000,2297.01,2297.01,2289.07,2292.33,2204.14
1778800500000,2292.33,2296.06,2289.69,2295.06,1855.89
1778801400000,2295.04,2295.64,2290.67,2291.12,945.65
1778802300000,2291.14,2291.14,2279.46,2282.29,5604.05
1778803200000,2282.29,2290.78,2280.68,2290.75,2630.0
1778804100000,2290.76,2292.65,2288.49,2292.0,2731.18
1778805000000,2292.0,2299.41,2283.26,2286.3,4593.43
1778805900000,2286.3,2291.53,2286.16,2290.17,1746.44
1778806800000,2290.15,2293.85,2289.25,2290.66,1588.58
1778807700000,2290.64,2293.27,2284.9,2285.16,1411.3
1778808600000,2285.21,2288.99,2278.37,2284.72,3807.63
1778809500000,2284.72,2286.92,2273.6,2274.74,3966.4
1778810400000,2274.74,2277.73,2265.9,2267.77,7177.26
1778811300000,2267.77,2270.49,2262.73,2263.98,6355.68
1778812200000,2264.03,2271.91,2259.54,2270.94,4957.81
1778813100000,2270.99,2278.48,2269.37,2275.71,4393.35
1778814000000,2275.73,2278.61,2270.45,2273.88,2086.49
1778814900000,2273.88,2276.18,2271.93,2275.91,1229.74
1778815800000,2275.91,2276.05,2267.13,2270.67,2830.32
1778816700000,2270.67,2273.35,2268.72,2272.33,1176.22
1778817600000,2272.33,2272.86,2268.04,2270.44,1050.08
1778818500000,2270.42,2272.52,2265.81,2267.22,1079.99
1778819400000,2267.2,2269.88,2265.72,2266.29,1248.22
1778820300000,2266.29,2267.47,2261.41,2262.11,2117.19
1778821200000,2262.11,2265.09,2260.34,2265.09,3427.69
1778822100000,2265.19,2266.07,2261.68,2262.82,1957.13
1778823000000,2262.82,2263.22,2236.1,2245.79,24129.81
1778823900000,2245.79,2248.69,2240.72,2244.05,5906.68
1778824800000,2244.07,2249.71,2242.54,2247.62,4426.31
1778825700000,2247.62,2252.19,2246.17,2252.19,4710.12
1778826600000,2252.19,2255.0,2251.39,2254.7,3151.89
1778827500000,2254.68,2255.83,2252.91,2254.08,1895.37
1778828400000,2254.26,2261.45,2252.31,2261.18,3000.39
1778829300000,2261.16,2270.39,2257.39,2265.94,6821.77
1778830200000,2265.92,2266.1,2262.26,2265.19,3274.88
1778831100000,2265.19,2266.55,2262.25,2264.04,1311.25
1778832000000,2264.08,2264.35,2257.44,2259.15,3062.82
1778832900000,2259.15,2259.35,2251.66,2252.97,4375.08
1778833800000,2253.06,2257.64,2248.75,2256.81,4240.24
1778834700000,2256.81,2257.06,2253.12,2256.42,1302.59
1778835600000,2256.49,2259.02,2253.91,2254.83,1603.04
1778836500000,2254.85,2256.77,2251.95,2256.68,1639.84
1778837400000,2256.68,2258.52,2251.75,2252.04,1932.66
1778838300000,2252.03,2254.06,2249.48,2253.39,2418.11
1778839200000,2253.39,2258.52,2251.13,2257.62,3234.46
1778840100000,2257.62,2257.71,2252.08,2253.27,1200.02
1778841000000,2253.29,2255.54,2251.74,2255.54,1163.63
1778841900000,2255.63,2263.52,2254.82,2261.43,4491.72
1778842800000,2261.41,2262.95,2256.36,2259.51,2015.78
1778843700000,2259.53,2261.1,2256.8,2259.02,816.89
1778844600000,2259.0,2259.77,2256.37,2257.48,3694.55
1778845500000,2257.48,2261.3,2256.07,2256.43,2863.72
1778846400000,2256.41,2257.11,2250.75,2250.75,3193.57
1778847300000,2250.68,2259.75,2249.73,2257.85,3565.59
1778848200000,2257.85,2257.85,2252.25,2252.51,1826.63
1778849100000,2252.41,2254.38,2250.68,2253.12,1571.58
1778850000000,2253.12,2253.14,2243.91,2246.27,6296.62
1778850900000,2246.27,2249.69,2243.9,2246.33,2562.15
1778851800000,2246.46,2246.46,2222.69,2223.49,25792.44
1778852700000,2223.49,2230.3,2208.96,2212.64,30576.59
1778853600000,2212.64,2222.94,2204.0,2220.41,17755.6
1778854500000,2220.43,2223.12,2210.54,2212.2,7794.08
1778855400000,2212.64,2217.91,2209.18,2212.94,6441.15
1778856300000,2212.94,2216.33,2206.51,2212.42,5171.18
1778857200000,2212.42,2216.43,2208.75,2214.97,2589.75
1778858100000,2214.97,2221.52,2211.9,2214.71,4674.91
1778859000000,2214.78,2220.09,2214.78,2217.52,2443.01
1778859900000,2217.52,2223.13,2215.04,2221.76,2897.45
1778860800000,2221.78,2223.77,2219.74,2222.82,2534.09
1778861700000,2222.76,2228.74,2222.0,2227.3,4893.19
1778862600000,2227.33,2230.28,2223.54,2224.0,3655.89
1778863500000,2224.0,2224.72,2217.65,2223.58,2460.35
1778864400000,2223.58,2231.94,2222.98,2226.15,2506.26
1778865300000,2226.13,2229.15,2223.74,2226.33,3218.03
1778866200000,2226.35,2229.05,2225.26,2226.82,1927.6
1778867100000,2226.82,2228.99,2225.78,2228.35,1273.96
1778868000000,2228.35,2231.74,2228.27,2230.76,3130.63
1778868900000,2230.73,2231.59,2224.04,2227.99,1814.83
1778869800000,2227.99,2228.96,2223.73,2227.34,1522.72
1778870700000,2227.36,2228.15,2224.37,2226.93,830.43
1778871600000,2226.93,2227.45,2221.34,2222.69,1811.38
1778872500000,2222.69,2224.71,2221.86,2224.17,768.67
1778873400000,2224.15,2227.28,2222.0,2222.47,1651.31
1778874300000,2222.47,2224.43,2221.1,2222.18,850.44
1778875200000,2222.18,2224.88,2218.28,2222.29,2065.54
1778876100000,2222.27,2224.34,2218.55,2224.34,963.41
1778877000000,2224.36,2224.87,2218.3,2219.35,1424.74
1778877900000,2219.07,2219.82,2215.7,2219.0,1258.33
1778878800000,2219.0,2224.23,2218.92,2223.61,3421.44
1778879700000,2223.63,2223.83,2219.56,2220.13,781.12
1778880600000,2220.11,2220.98,2218.01,2219.97,797.77
1778881500000,2220.0,2220.66,2213.55,2216.09,2254.67
1778882400000,2216.07,2221.44,2215.0,2219.95,1039.44
1778883300000,2219.93,2221.69,2218.56,2220.13,525.39
1778884200000,2220.13,2222.67,2219.78,2221.97,852.54
1778885100000,2221.96,2223.39,2221.77,2222.93,542.74
1778886000000,2222.91,2223.28,2221.72,2221.76,504.1
1778886900000,2221.76,2224.84,2221.65,2223.95,711.23
1778887800000,2223.93,2225.32,2221.98,2224.93,709.13
1778888700000,2224.93,2224.93,2223.16,2223.67,537.25
1778889600000,2223.65,2227.5,2222.5,2227.19,1090.11
1778890500000,2227.17,2230.64,2225.53,2229.44,1385.06
1778891400000,2229.46,2230.05,2226.98,2226.98,985.55
1778892300000,2227.0,2228.04,2225.05,2225.84,973.58
1778893200000,2226.06,2227.73,2225.09,2227.71,653.21
1778894100000,2227.71,2229.18,2223.15,2223.22,1441.04
1778895000000,2223.11,2224.89,2222.53,2223.36,1116.32
1778895900000,2223.38,2229.87,2223.36,2228.56,1106.31
1778896800000,2228.56,2230.52,2227.71,2229.43,1291.5
1778897700000,2229.45,2229.52,2226.85,2227.26,689.63
1778898600000,2227.28,2228.5,2225.0,2227.05,897.77
1778899500000,2227.03,2229.49,2226.69,2228.7,626.63
1778900400000,2228.7,2229.88,2228.34,2228.76,593.38
1778901300000,2228.78,2229.39,2227.28,2229.12,807.42
1778902200000,2229.12,2229.37,2226.26,2226.26,484.99
1778903100000,2226.25,2227.6,2225.82,2226.78,678.55
1778904000000,2226.67,2227.84,2224.92,2224.94,664.4
1778904900000,2224.94,2226.15,2223.91,2224.1,702.52
1778905800000,2224.1,2224.77,2217.12,2222.25,2539.08
1778906700000,2222.25,2225.42,2221.71,2224.92,854.09
1778907600000,2224.92,2225.51,2221.7,2224.96,859.85
1778908500000,2224.96,2226.21,2224.0,2225.49,889.85
1778909400000,2225.47,2226.18,2222.83,2224.64,974.96
1778910300000,2224.67,2226.03,2223.27,2224.48,617.26
1778911200000,2224.48,2225.93,2220.84,2221.79,1473.02
1778912100000,2221.77,2222.24,2217.25,2219.1,2318.78
1778913000000,2219.18,2221.14,2214.6,2215.53,2326.18
1778913900000,2215.53,2217.61,2208.42,2214.54,7049.62
1778914800000,2214.52,2214.9,2181.74,2190.71,23561.37
1778915700000,2190.77,2194.65,2180.86,2191.84,13309.64
1778916600000,2191.83,2199.6,2187.79,2197.07,7009.06
1778917500000,2197.05,2197.44,2192.11,2193.59,3009.02
1778918400000,2193.58,2195.92,2193.0,2193.25,2069.53
1778919300000,2193.23,2194.85,2190.94,2194.19,2827.46
1778920200000,2194.19,2195.6,2192.0,2194.14,2327.0
1778921100000,2194.14,2194.36,2191.42,2192.22,2604.04
1778922000000,2192.22,2192.98,2182.5,2185.07,5328.73
1778922900000,2185.09,2186.08,2160.92,2169.31,28072.48
1778923800000,2169.29,2176.46,2168.53,2174.62,7909.62
1778924700000,2174.64,2176.59,2170.01,2172.48,4464.61
1778925600000,2172.46,2173.52,2166.33,2170.65,6646.2
1778926500000,2170.65,2172.31,2161.54,2166.11,6459.93
1778927400000,2166.02,2174.16,2165.88,2170.57,5428.04
1778928300000,2170.57,2173.69,2169.28,2173.31,2485.22
1778929200000,2173.31,2178.56,2173.31,2176.35,3760.7
1778930100000,2176.34,2178.51,2174.65,2177.68,2199.1
1778931000000,2177.68,2180.5,2176.68,2178.14,2529.28
1778931900000,2178.14,2178.54,2175.07,2175.42,1829.16
1778932800000,2175.42,2178.0,2174.52,2176.42,1808.86
1778933700000,2176.42,2178.5,2172.81,2175.07,2870.18
1778934600000,2175.07,2177.59,2175.01,2177.59,1980.81
1778935500000,2177.59,2178.56,2175.46,2175.46,2014.41
1778936400000,2175.46,2176.23,2171.64,2172.36,2051.48
1778937300000,2172.36,2176.92,2171.38,2176.37,1537.49
1778938200000,2176.23,2178.99,2172.76,2176.57,1855.47
1778939100000,2176.57,2177.84,2175.0,2176.26,949.22
1778940000000,2176.24,2178.3,2172.71,2174.61,1407.46
1778940900000,2174.61,2177.49,2173.24,2175.92,940.92
1778941800000,2175.99,2181.79,2175.99,2181.77,4654.39
1778942700000,2181.77,2187.36,2177.13,2179.05,7540.79
1778943600000,2179.05,2182.97,2177.21,2178.5,1608.8
1778944500000,2178.48,2179.58,2176.01,2176.94,1204.85
1778945400000,2176.96,2182.0,2176.95,2181.38,1456.28
1778946300000,2181.36,2182.77,2178.27,2179.14,2466.59
1778947200000,2179.12,2183.13,2174.78,2175.26,2289.68
1778948100000,2175.24,2178.44,2173.63,2176.66,1503.51
1778949000000,2176.58,2177.16,2169.4,2171.19,3533.11
1778949900000,2171.21,2174.6,2171.09,2173.48,2171.64
1778950800000,2173.48,2177.02,2173.33,2176.13,1473.4
1778951700000,2176.13,2178.32,2174.76,2177.77,1355.85
1778952600000,2177.79,2178.9,2177.23,2178.36,1181.12
1778953500000,2178.36,2180.21,2177.38,2177.98,892.55
1778954400000,2177.98,2180.14,2176.63,2177.53,952.92
1778955300000,2177.52,2178.21,2175.28,2177.44,829.82
1778956200000,2177.44,2179.6,2175.39,2178.44,828.44
1778957100000,2178.46,2184.0,2178.44,2180.65,1855.87
1778958000000,2180.65,2181.08,2179.43,2179.91,590.18
1778958900000,2179.93,2180.68,2178.62,2180.25,630.8
1778959800000,2180.21,2180.54,2179.27,2179.74,519.06
1778960700000,2179.76,2182.08,2178.18,2178.78,1211.28
1778961600000,2178.78,2182.18,2178.78,2181.03,886.38
1778962500000,2181.11,2182.14,2180.93,2180.93,642.58
1778963400000,2180.93,2181.25,2178.46,2179.99,695.04
1778964300000,2179.99,2181.16,2179.5,2180.38,464.81
1778965200000,2180.38,2182.67,2179.91,2181.73,590.29
1778966100000,2181.75,2181.75,2180.08,2181.0,676.55
1778967000000,2181.0,2181.91,2180.27,2181.88,619.41
1778967900000,2181.88,2182.65,2180.85,2181.61,493.93
1778968800000,2181.61,2182.25,2178.69,2181.02,854.23
1778969700000,2181.02,2182.1,2179.73,2181.22,592.72
1778970600000,2181.22,2181.59,2180.14,2180.55,472.9
1778971500000,2180.53,2180.89,2179.1,2179.29,805.2
1778972400000,2179.31,2179.74,2178.2,2179.36,603.86
1778973300000,2179.36,2182.0,2179.0,2181.0,817.83
1778974200000,2181.01,2181.73,2180.34,2180.98,448.14
1778975100000,2180.98,2181.98,2178.87,2179.7,834.49
1778976000000,2179.72,2187.05,2179.7,2183.1,1348.66
1778976900000,2183.08,2184.01,2181.11,2182.78,879.15
1778977800000,2182.78,2183.35,2179.78,2180.36,542.54
1778978700000,2180.44,2181.25,2172.67,2176.68,2929.99
1778979600000,2176.72,2182.69,2173.41,2180.55,3517.23
1778980500000,2180.53,2181.2,2175.0,2176.66,1682.52
1778981400000,2176.66,2177.14,2166.53,2169.72,5469.38
1778982300000,2169.73,2173.88,2168.32,2168.33,2177.33
1778983200000,2168.35,2174.66,2168.0,2171.77,1735.33
1778984100000,2171.77,2174.45,2170.47,2174.14,945.56
1778985000000,2174.16,2175.38,2172.52,2173.69,1044.02
1778985900000,2173.69,2174.46,2171.32,2173.38,1269.54
1778986800000,2173.4,2177.67,2173.22,2176.39,1024.35
1778987700000,2176.4,2178.5,2176.19,2177.54,1241.12
1778988600000,2177.52,2181.32,2177.14,2179.23,1555.9
1778989500000,2179.23,2183.52,2178.91,2180.61,1103.1
1778990400000,2180.61,2184.32,2180.05,2182.06,1911.27
1778991300000,2182.06,2187.02,2181.57,2184.88,2267.89
1778992200000,2184.88,2188.72,2182.74,2187.28,2254.76
1778993100000,2187.35,2189.01,2186.18,2186.33,1932.54
1778994000000,2186.31,2194.0,2185.88,2189.96,3988.49
1778994900000,2189.95,2189.98,2187.4,2187.41,1640.15
1778995800000,2187.43,2189.6,2186.4,2187.06,1001.52
1778996700000,2187.06,2188.36,2184.53,2184.92,1191.85
1778997600000,2184.9,2187.0,2183.62,2185.78,1011.72
1778998500000,2185.76,2186.31,2180.41,2183.0,2590.46
1778999400000,2183.0,2184.6,2181.32,2181.54,869.39
1779000300000,2181.54,2184.1,2181.54,2184.08,922.31
1779001200000,2184.1,2184.3,2182.68,2183.04,1292.71
1779002100000,2183.04,2185.45,2181.34,2183.87,915.85
1779003000000,2183.87,2187.41,2182.87,2184.86,1447.02
1779003900000,2184.86,2186.0,2184.74,2185.28,771.15
1779004800000,2185.3,2186.52,2184.29,2184.52,740.56
1779005700000,2184.54,2184.63,2181.96,2183.55,677.4
1779006600000,2183.55,2185.61,2183.12,2185.09,968.54
1779007500000,2185.09,2185.37,2183.76,2185.1,646.36
1779008400000,2185.1,2188.41,2184.79,2187.77,1001.16
1779009300000,2187.75,2189.19,2187.11,2188.22,1309.81
1779010200000,2188.04,2188.07,2186.08,2186.95,864.72
1779011100000,2186.93,2190.57,2186.7,2189.04,5562.91
1779012000000,2189.06,2196.06,2189.02,2193.48,7483.49
1779012900000,2193.48,2197.47,2192.54,2194.39,2767.13
1779013800000,2194.39,2196.8,2192.5,2193.53,1873.95
1779014700000,2193.55,2193.95,2191.71,2193.33,2629.72
1779015600000,2193.31,2194.0,2189.53,2189.62,2110.94
1779016500000,2189.6,2190.9,2187.51,2187.99,4828.35
1779017400000,2187.99,2193.48,2186.98,2191.64,3605.01
1779018300000,2191.66,2192.6,2190.11,2191.14,618.2
1779019200000,2191.14,2192.84,2190.3,2191.59,748.29
1779020100000,2191.59,2193.73,2190.9,2193.05,1148.88
1779021000000,2193.05,2197.13,2192.82,2196.25,2311.65
1779021900000,2196.25,2197.33,2192.56,2193.53,1860.51
1779022800000,2193.53,2194.26,2189.71,2189.81,2365.74
1779023700000,2189.83,2191.25,2186.5,2191.23,2824.98
1779024600000,2191.25,2193.7,2189.82,2192.69,1284.16
1779025500000,2192.69,2194.07,2189.25,2191.14,1715.09
1779026400000,2191.14,2191.6,2186.46,2186.66,1887.47
1779027300000,2186.65,2189.03,2177.65,2186.43,8173.5
1779028200000,2186.45,2188.09,2182.4,2184.69,1797.58
1779029100000,2184.69,2187.61,2184.04,2185.73,1397.76
1779030000000,2185.71,2187.77,2183.67,2185.97,1385.64
1779030900000,2185.97,2185.97,2180.12,2182.19,2102.55
1779031800000,2182.19,2185.95,2181.79,2184.96,1370.15
1779032700000,2184.96,2186.5,2184.29,2185.44,1317.07
1779033600000,2185.45,2188.26,2183.85,2184.27,1487.98
1779034500000,2184.33,2186.45,2182.62,2186.05,841.01
1779035400000,2186.07,2187.2,2184.8,2186.37,847.93
1779036300000,2186.37,2186.98,2181.28,2181.64,1126.66
1779037200000,2181.64,2183.0,2177.04,2178.15,3161.44
1779038100000,2178.15,2180.0,2175.44,2178.92,2610.97
1779039000000,2178.92,2181.84,2175.83,2181.45,2789.03
1779039900000,2181.45,2184.24,2180.23,2182.81,1961.33
1779040800000,2182.81,2187.04,2182.14,2182.68,1679.37
1779041700000,2182.7,2183.62,2178.09,2182.93,1525.73
1779042600000,2182.95,2184.95,2182.11,2182.61,832.51
1779043500000,2182.61,2187.78,2181.62,2187.53,1591.21
1779044400000,2187.55,2189.43,2186.47,2187.74,1634.25
1779045300000,2187.72,2190.68,2186.89,2187.78,1170.78
1779046200000,2187.78,2192.84,2187.71,2191.07,1418.36
1779047100000,2191.09,2192.71,2189.54,2191.4,1017.07
1779048000000,2191.38,2192.97,2187.83,2189.03,1430.51
1779048900000,2189.03,2189.06,2185.87,2188.03,1150.84
1779049800000,2188.03,2190.0,2186.82,2188.26,743.44
1779050700000,2188.26,2188.95,2187.45,2188.35,503.0
1779051600000,2188.33,2188.7,2186.12,2188.31,1078.65
1779052500000,2188.29,2191.97,2187.68,2191.32,780.72
1779053400000,2191.33,2194.01,2190.26,2192.0,1959.13
1779054300000,2192.02,2192.46,2190.71,2190.79,693.77
1779055200000,2190.72,2190.75,2177.5,2182.87,5097.97
1779056100000,2182.85,2184.45,2176.25,2180.24,3128.79
1779057000000,2180.26,2183.85,2177.21,2181.38,1318.9
1779057900000,2181.4,2181.52,2172.73,2178.75,3469.79
1779058800000,2178.75,2178.97,2169.31,2173.17,4439.27
1779059700000,2173.08,2175.91,2165.75,2170.03,6834.65
1779060600000,2170.03,2172.17,2088.11,2119.72,64080.53
1779061500000,2120.08,2130.72,2115.53,2129.82,15118.53
1779062400000,2129.82,2131.0,2110.71,2119.64,11554.51
1779063300000,2119.64,2125.25,2107.33,2112.03,10444.87
1779064200000,2112.05,2115.0,2103.73,2108.36,8725.11
1779065100000,2108.27,2114.49,2105.72,2114.47,5640.72
1779066000000,2114.49,2119.17,2111.11,2112.01,4723.99
1779066900000,2112.0,2112.86,2105.31,2110.1,5119.11
1779067800000,2110.1,2112.5,2108.31,2110.24,3211.71
1779068700000,2110.22,2120.45,2106.45,2116.6,5256.59
1779069600000,2116.62,2123.17,2114.69,2122.48,3240.51
1779070500000,2122.5,2123.0,2116.92,2119.19,2660.66
1779071400000,2118.79,2120.55,2113.53,2116.72,2953.99
1779072300000,2116.75,2119.59,2111.62,2115.57,3311.31
1779073200000,2115.57,2122.87,2115.09,2116.9,3353.97
1779074100000,2116.88,2120.17,2116.36,2119.13,1389.12
1779075000000,2119.08,2120.95,2114.79,2120.36,1871.44
1779075900000,2120.36,2120.79,2116.03,2117.51,1872.48
1779076800000,2117.53,2121.83,2116.89,2121.02,1561.26
1779077700000,2121.03,2121.35,2113.14,2114.89,2080.45
1779078600000,2114.91,2121.07,2113.7,2121.07,2299.05
1779079500000,2121.07,2124.65,2119.02,2123.74,3380.78
1779080400000,2123.74,2124.85,2121.48,2122.72,1825.57
1779081300000,2122.74,2123.95,2118.94,2123.14,13230.38
1779082200000,2123.12,2124.48,2116.52,2118.68,3178.5
1779083100000,2118.72,2120.31,2116.09,2117.45,1643.24
1779084000000,2117.45,2120.09,2110.29,2117.5,4949.3
1779084900000,2117.52,2121.0,2108.99,2112.15,5221.56
1779085800000,2112.24,2116.97,2109.37,2116.81,2582.97
1779086700000,2116.84,2118.95,2115.67,2118.01,1940.39
1779087600000,2118.06,2120.84,2115.04,2116.6,2272.03
1779088500000,2116.6,2120.5,2110.78,2118.95,3267.4
1779089400000,2118.97,2122.71,2114.21,2114.86,2789.09
1779090300000,2114.86,2121.06,2114.7,2119.53,1741.09
1779091200000,2119.62,2122.94,2119.57,2120.0,1757.69
1779092100000,2119.92,2121.85,2118.92,2120.03,1546.6
1779093000000,2120.03,2120.55,2116.02,2117.2,2280.36
1779093900000,2117.2,2120.8,2116.34,2120.26,1020.38
1779094800000,2120.28,2120.79,2114.79,2117.06,2277.03
1779095700000,2117.09,2118.62,2115.72,2116.77,784.98
1779096600000,2116.77,2119.31,2115.11,2116.53,1017.89
1779097500000,2116.51,2118.18,2115.49,2115.87,913.01
1779098400000,2115.85,2116.52,2111.4,2112.78,2857.23
1779099300000,2112.78,2116.68,2112.58,2114.99,2160.1
1779100200000,2114.99,2116.62,2112.28,2113.33,1225.91
1779101100000,2113.33,2116.5,2113.31,2113.38,1256.28
1779102000000,2113.4,2114.22,2109.32,2112.22,3505.71
1779102900000,2112.2,2115.37,2111.66,2113.54,1531.3
1779103800000,2113.54,2138.94,2112.03,2135.98,12852.2
1779104700000,2135.98,2137.0,2131.0,2133.0,5439.99
1779105600000,2133.0,2147.37,2133.0,2143.09,9617.1
1779106500000,2143.14,2149.55,2141.16,2143.89,5726.3
1779107400000,2143.89,2155.0,2141.83,2154.08,6005.32
1779108300000,2154.06,2156.22,2148.72,2150.05,4641.39
1779109200000,2150.05,2150.4,2143.78,2146.59,5093.03
1779110100000,2146.61,2146.85,2141.22,2141.63,2629.58
1779111000000,2141.43,2141.73,2119.4,2124.74,17284.63
1779111900000,2124.72,2136.35,2121.78,2129.96,5944.44
1779112800000,2130.03,2130.03,2122.18,2123.41,4258.02
1779113700000,2123.43,2127.19,2114.23,2116.22,7571.08
1779114600000,2116.22,2118.16,2097.82,2112.51,18151.12
1779115500000,2112.53,2113.85,2105.38,2109.36,6238.45
1779116400000,2109.5,2110.35,2094.03,2102.74,13893.26
1779117300000,2102.76,2104.01,2094.34,2096.91,10368.99
1779118200000,2096.81,2107.92,2092.29,2106.23,11503.26
1779119100000,2106.22,2109.77,2102.66,2106.67,6623.29
1779120000000,2106.67,2110.56,2100.61,2106.19,4835.51
1779120900000,2106.19,2109.95,2091.46,2092.57,6213.49
1779121800000,2092.57,2099.27,2089.38,2097.53,6028.05
1779122700000,2097.68,2101.11,2096.34,2096.67,2715.77
1779123600000,2096.65,2107.07,2094.34,2101.5,3912.19
1779124500000,2101.48,2106.53,2101.48,2106.49,1765.08
1779125400000,2106.51,2107.5,2102.41,2106.51,2069.83
1779126300000,2106.53,2109.46,2105.27,2107.1,2593.67
1779127200000,2107.08,2108.28,2099.36,2099.88,2936.44
1779128100000,2099.9,2100.03,2076.55,2087.47,16930.33
1779129000000,2087.47,2091.51,2083.41,2086.36,4105.13
1779129900000,2086.34,2089.48,2078.41,2080.25,3302.03
1779130800000,2080.25,2112.75,2078.95,2105.02,14518.35
1779131700000,2104.99,2108.58,2101.42,2105.02,2779.65
1779132600000,2105.02,2116.68,2104.14,2115.82,3166.36
1779133500000,2115.92,2128.0,2115.0,2124.37,8268.99
1779134400000,2124.62,2129.02,2122.12,2126.45,3697.24
1779135300000,2126.42,2128.4,2123.71,2127.76,2020.18
1779136200000,2127.74,2130.14,2121.19,2121.48,2624.25
1779137100000,2121.48,2121.48,2114.1,2116.55,3523.4
1779138000000,2116.57,2123.54,2113.55,2120.96,2302.31
1779138900000,2120.94,2132.5,2120.94,2129.92,1900.53
1779139800000,2129.9,2141.68,2129.9,2136.96,6408.49
1779140700000,2136.96,2138.35,2132.31,2136.19,1856.53
1779141600000,2136.17,2138.35,2132.34,2135.62,2556.38
1779142500000,2135.58,2141.22,2134.53,2138.67,2758.98
1779143400000,2138.74,2140.77,2133.04,2133.99,2312.64
1779144300000,2133.99,2135.05,2129.32,2134.69,2366.71
1779145200000,2134.67,2138.58,2134.02,2134.13,1138.03
1779146100000,2134.15,2134.35,2131.51,2131.51,954.4
1779147000000,2131.51,2133.8,2129.05,2133.47,1144.01
1779147900000,2133.45,2133.47,2126.45,2129.03,1162.18
1779148800000,2129.03,2133.34,2127.31,2131.51,1732.22
1779149700000,2131.52,2146.0,2130.5,2138.67,3022.16
1779150600000,2138.67,2140.56,2134.22,2136.52,1307.34
1779151500000,2136.54,2141.47,2134.67,2135.03,1254.28
1779152400000,2135.03,2137.42,2130.79,2134.46,1883.04
1779153300000,2134.54,2135.04,2122.49,2124.88,3545.92
1779154200000,2124.86,2132.02,2122.86,2130.04,2223.85
1779155100000,2130.02,2130.37,2123.87,2123.87,1375.07
1779156000000,2123.87,2126.0,2118.26,2124.32,3593.31
1779156900000,2124.34,2134.78,2122.73,2130.26,3112.62
1779157800000,2130.26,2130.69,2124.54,2125.43,1555.22
1779158700000,2125.44,2127.27,2121.22,2122.21,1340.58
1779159600000,2122.21,2128.0,2121.1,2127.96,1459.33
1779160500000,2127.98,2131.96,2125.83,2127.38,5128.86
1779161400000,2127.38,2131.95,2127.36,2131.68,3368.26
1779162300000,2131.7,2133.72,2129.97,2130.6,6032.52
1779163200000,2130.58,2135.82,2128.29,2134.52,6920.97
1779164100000,2134.52,2134.89,2127.05,2128.79,5177.21
1779165000000,2128.77,2133.55,2128.2,2132.3,6590.6
1779165900000,2132.32,2134.59,2132.3,2132.95,3920.33
1779166800000,2132.93,2134.01,2127.83,2130.13,3842.23
1779167700000,2130.13,2130.15,2122.46,2129.1,12046.57
1779168600000,2129.12,2136.78,2127.61,2132.01,22744.95
1779169500000,2131.99,2136.57,2131.6,2134.15,4668.75
1779170400000,2134.15,2135.7,2132.37,2135.16,941.55
1779171300000,2135.14,2135.85,2131.43,2134.44,1755.61
1779172200000,2134.44,2139.28,2133.06,2138.8,1522.48
1779173100000,2138.8,2139.79,2135.79,2136.34,12708.11
1779174000000,2136.34,2140.77,2134.25,2138.03,8015.35
1779174900000,2138.05,2139.92,2136.02,2137.67,5083.71
1779175800000,2137.69,2142.23,2136.62,2141.07,12174.97
1779176700000,2141.09,2144.82,2139.16,2139.82,11977.8
1779177600000,2139.82,2140.35,2132.36,2134.15,8622.45
1779178500000,2134.17,2136.88,2129.43,2133.08,2375.78
1779179400000,2133.1,2140.52,2132.04,2136.29,1801.49
1779180300000,2136.29,2137.93,2132.13,2132.47,1352.42
1779181200000,2132.45,2133.37,2130.07,2130.92,2554.0
1779182100000,2130.9,2130.92,2113.55,2114.95,21540.55
1779183000000,2114.96,2118.21,2110.94,2115.02,20904.31
1779183900000,2115.02,2115.66,2110.21,2113.5,3051.02
1779184800000,2113.5,2115.35,2108.04,2114.5,4632.05
1779185700000,2114.49,2115.73,2111.88,2115.6,2207.06
1779186600000,2115.58,2121.31,2108.06,2108.95,6881.58
1779187500000,2108.96,2119.7,2105.76,2117.41,8587.14
1779188400000,2117.41,2119.82,2116.2,2117.51,3256.4
1779189300000,2117.51,2118.46,2111.89,2113.97,4312.67
1779190200000,2113.97,2115.0,2108.18,2108.29,2119.12
1779191100000,2108.27,2112.13,2108.27,2109.75,2277.66
1779192000000,2109.77,2113.43,2107.71,2113.04,2117.95
1779192900000,2113.04,2116.27,2112.23,2116.19,2525.62
1779193800000,2116.11,2118.71,2115.54,2116.72,6444.72
1779194700000,2116.74,2118.41,2115.98,2117.36,1636.13
1779195600000,2117.36,2118.98,2109.79,2113.73,4542.89
1779196500000,2113.73,2114.06,2106.61,2107.07,4853.15
1779197400000,2107.18,2126.61,2106.62,2111.92,12247.91
1779198300000,2111.92,2124.37,2111.5,2118.09,5795.35
1779199200000,2118.1,2122.78,2109.35,2109.4,6109.28
1779200100000,2109.4,2110.95,2097.77,2106.07,12347.59
1779201000000,2106.09,2111.55,2099.8,2105.69,7223.35
1779201900000,2105.69,2106.66,2093.3,2105.59,11642.4
1779202800000,2105.57,2110.75,2103.6,2109.46,4623.42
1779203700000,2109.5,2111.92,2102.5,2105.47,4010.41
1779204600000,2105.49,2112.72,2104.84,2109.0,2439.59
1779205500000,2109.02,2111.48,2106.34,2109.34,1863.4
1779206400000,2109.34,2111.51,2106.17,2107.45,1658.84
1779207300000,2107.43,2111.79,2107.43,2111.37,1732.19
1779208200000,2111.37,2117.3,2111.07,2117.3,3359.13
1779209100000,2117.28,2121.58,2115.07,2120.15,4437.91
1779210000000,2120.18,2122.8,2118.47,2121.89,2969.28
1779210900000,2121.91,2125.01,2118.23,2118.64,4549.26
1779211800000,2118.64,2119.71,2112.85,2116.1,3601.44
1779212700000,2116.1,2116.1,2111.77,2114.86,2432.15
1779213600000,2114.88,2117.98,2113.03,2116.98,1952.94
1779214500000,2117.0,2118.86,2110.68,2111.88,2726.02
1779215400000,2111.86,2115.89,2109.52,2114.58,2763.28
1779216300000,2114.6,2116.93,2112.8,2114.28,1464.17
1779217200000,2114.24,2121.76,2114.22,2121.63,1797.63
1779218100000,2121.63,2122.38,2110.38,2111.43,1891.28
1779219000000,2111.41,2115.37,2109.31,2113.24,2303.32
1779219900000,2113.24,2114.01,2109.83,2112.36,1084.95
1779220800000,2112.36,2116.09,2111.41,2114.5,2123.5
1779221700000,2114.48,2115.56,2113.56,2114.85,886.84
1779222600000,2114.85,2117.65,2114.34,2115.37,1368.13
1779223500000,2115.39,2118.12,2115.37,2117.36,2001.63
1779224400000,2117.29,2119.76,2115.0,2118.67,3130.07
1779225300000,2118.65,2119.46,2116.91,2117.69,1146.96
1779226200000,2117.69,2119.79,2117.14,2117.4,787.04
1779227100000,2117.4,2119.03,2115.76,2116.15,617.18
1779228000000,2116.15,2116.15,2108.48,2108.51,2547.68
1779228900000,2108.49,2109.04,2102.27,2103.29,4231.27
1779229800000,2103.29,2107.42,2101.16,2106.72,3623.85
1779230700000,2106.72,2107.46,2105.15,2105.24,2326.71
1779231600000,2105.26,2111.28,2103.56,2110.41,3748.79
1779232500000,2110.41,2115.42,2110.03,2114.99,899.41
1779233400000,2114.97,2117.83,2113.76,2114.7,1476.61
1779234300000,2114.68,2114.85,2110.37,2110.98,1592.55
1779235200000,2111.0,2113.06,2103.81,2103.83,2874.2
1779236100000,2103.81,2108.22,2102.29,2108.21,4143.51
1779237000000,2108.23,2114.98,2105.96,2109.12,2135.18
1779237900000,2109.13,2111.62,2108.16,2110.64,1727.91
1779238800000,2110.62,2116.54,2107.55,2114.45,3524.68
1779239700000,2114.47,2114.47,2102.15,2102.76,3128.11
1779240600000,2102.78,2108.65,2102.43,2106.2,2618.25
1779241500000,2106.27,2118.02,2105.28,2114.23,3264.4
1779242400000,2114.23,2115.43,2110.41,2112.72,941.99
1779243300000,2112.7,2116.31,2111.15,2111.35,1016.09
1779244200000,2111.33,2111.34,2105.11,2106.32,1641.52
1779245100000,2106.31,2109.25,2105.34,2108.51,1023.67
1779246000000,2108.48,2108.48,2104.99,2106.82,939.34
1779246900000,2106.82,2115.41,2106.49,2114.39,1612.54
1779247800000,2114.39,2114.48,2110.57,2111.25,1011.55
1779248700000,2111.23,2111.79,2109.33,2110.65,528.13
1779249600000,2110.65,2113.75,2110.65,2113.46,1007.7
1779250500000,2113.42,2113.85,2111.69,2111.96,1027.1
1779251400000,2112.02,2112.39,2106.06,2109.72,3089.38
1779252300000,2109.72,2112.4,2109.5,2112.36,1704.5
1779253200000,2112.38,2126.02,2112.36,2123.48,9699.95
1779254100000,2123.48,2124.74,2120.95,2123.21,2759.24
1779255000000,2123.22,2129.63,2123.22,2124.99,7983.17
1779255900000,2125.01,2126.16,2123.5,2124.62,1460.43
1779256800000,2124.62,2127.04,2124.35,2126.11,1505.44
1779257700000,2126.09,2132.0,2126.09,2128.25,4433.47
1779258600000,2128.25,2130.88,2125.73,2130.39,2004.75
1779259500000,2130.37,2133.45,2128.07,2132.96,3347.64
1779260400000,2132.94,2133.63,2129.37,2130.44,2535.28
1779261300000,2130.43,2135.61,2128.64,2133.64,3139.58
1779262200000,2133.36,2133.78,2130.6,2131.79,1416.15
1779263100000,2131.78,2132.3,2127.24,2128.7,2548.69
1779264000000,2128.7,2131.64,2127.68,2129.14,1890.6
1779264900000,2129.12,2130.86,2127.78,2130.52,1869.25
1779265800000,2130.63,2137.33,2130.59,2135.51,3470.76
1779266700000,2135.51,2136.14,2129.86,2130.72,2841.79
1779267600000,2130.7,2131.53,2127.5,2128.36,1640.92
1779268500000,2128.38,2130.87,2126.62,2130.5,1185.06
1779269400000,2130.52,2132.14,2129.87,2129.94,1483.29
1779270300000,2129.94,2129.98,2127.38,2128.47,2436.62
1779271200000,2128.47,2133.23,2128.45,2131.45,2003.51
1779272100000,2131.43,2133.11,2130.44,2132.48,1312.42
1779273000000,2132.46,2136.21,2131.01,2131.62,3605.03
1779273900000,2131.62,2132.7,2129.7,2129.77,946.48
1779274800000,2129.75,2131.23,2128.46,2128.56,2717.2
1779275700000,2128.56,2129.99,2127.14,2127.32,1451.15
1779276600000,2127.34,2129.61,2124.0,2125.67,2695.59
1779277500000,2125.65,2127.69,2123.09,2127.31,2082.27
1779278400000,2127.31,2131.49,2126.0,2129.86,3807.0
1779279300000,2129.84,2132.31,2126.18,2130.21,5846.17
1779280200000,2130.23,2132.63,2130.0,2130.88,2835.95
1779281100000,2130.9,2139.46,2130.42,2133.14,5574.97
1779282000000,2133.16,2135.5,2129.45,2130.11,2267.82
1779282900000,2130.09,2130.61,2124.58,2125.85,2517.58
1779283800000,2125.82,2127.17,2114.59,2120.22,11729.83
1779284700000,2120.2,2127.84,2116.9,2119.9,7764.11
1779285600000,2119.92,2125.43,2112.57,2121.91,7234.56
1779286500000,2121.93,2138.59,2121.93,2130.39,12094.77
1779287400000,2130.42,2135.83,2127.42,2132.55,3426.21
1779288300000,2132.51,2137.62,2131.46,2134.25,5620.2
1779289200000,2134.06,2135.09,2127.88,2128.67,2567.57
1779290100000,2128.68,2148.2,2128.66,2138.0,15441.36
1779291000000,2138.0,2140.12,2131.47,2134.73,3216.24
1779291900000,2134.71,2139.91,2133.24,2135.78,2192.71
1779292800000,2135.8,2139.7,2135.69,2137.03,1821.15
1779293700000,2137.01,2137.01,2123.02,2125.87,5143.49
1779294600000,2125.89,2135.27,2124.07,2134.57,3396.36
1779295500000,2134.67,2136.89,2132.02,2134.38,2054.24
1779296400000,2134.41,2140.35,2131.06,2137.99,3306.95
1779297300000,2137.99,2147.74,2136.36,2144.28,4039.29
1779298200000,2144.28,2147.95,2141.02,2143.52,4542.99
1779299100000,2143.5,2145.09,2138.45,2139.45,2500.76
1779300000000,2139.43,2140.06,2136.2,2136.94,1823.73
1779300900000,2136.92,2139.54,2132.67,2134.51,2933.32
1779301800000,2134.51,2136.65,2132.87,2133.74,984.35
1779302700000,2133.67,2134.03,2130.09,2131.21,1333.12
1779303600000,2131.19,2132.75,2128.07,2130.95,3425.47
1779304500000,2130.97,2136.9,2130.01,2136.7,3244.54
1779305400000,2136.72,2140.5,2135.8,2139.29,3853.31
1779306300000,2139.31,2140.4,2136.43,2138.33,1063.7
1779307200000,2138.29,2139.95,2134.55,2139.28,2494.89
1779308100000,2139.28,2139.75,2128.39,2135.45,3347.44
1779309000000,2135.46,2136.27,2132.7,2134.44,2121.5
1779309900000,2134.42,2136.2,2133.33,2134.92,669.96
1779310800000,2134.94,2138.3,2133.04,2136.66,845.72
1779311700000,2136.64,2137.1,2132.02,2132.04,1537.22
1779312600000,2132.06,2133.27,2130.48,2131.69,1252.11
1779313500000,2131.69,2133.32,2129.51,2129.61,1088.4
1779314400000,2129.65,2130.01,2118.24,2121.41,4957.3
1779315300000,2121.41,2126.19,2117.33,2125.48,2707.64
1779316200000,2125.46,2127.82,2122.19,2124.8,1191.67
1779317100000,2124.78,2127.44,2124.72,2127.38,1067.96
1779318000000,2127.22,2127.22,2122.99,2124.17,1384.0
1779318900000,2124.15,2124.92,2121.73,2124.45,786.06
1779319800000,2124.43,2127.26,2123.73,2126.17,761.12
1779320700000,2126.15,2129.46,2125.11,2128.57,953.25
1779321600000,2128.57,2132.39,2127.62,2131.69,1540.45
1779322500000,2131.69,2134.31,2129.96,2134.31,1927.5
1779323400000,2134.29,2136.55,2132.68,2136.02,975.4
1779324300000,2136.02,2144.69,2135.49,2141.94,5569.53
1779325200000,2141.94,2147.5,2141.92,2147.42,3904.51
1779326100000,2147.5,2156.67,2141.08,2142.29,9092.88
1779327000000,2142.27,2143.44,2138.97,2141.11,2103.17
1779327900000,2141.13,2145.86,2138.14,2140.16,1908.04
1779328800000,2140.16,2142.04,2138.51,2140.74,1418.87
1779329700000,2140.74,2147.38,2140.04,2144.22,2181.41
1779330600000,2144.22,2145.78,2142.79,2143.76,708.22
1779331500000,2143.76,2143.76,2140.57,2140.84,1283.23
1779332400000,2140.82,2142.8,2139.79,2141.21,1090.18
1779333300000,2141.21,2145.61,2140.21,2144.58,1857.6
1779334200000,2144.6,2145.09,2143.48,2144.94,619.53
1779335100000,2144.94,2146.08,2143.57,2144.86,1316.35
1779336000000,2144.85,2147.92,2143.23,2143.97,1611.19
1779336900000,2143.97,2145.93,2142.14,2144.4,1068.39
1779337800000,2144.38,2145.07,2141.55,2142.54,951.42
1779338700000,2142.56,2144.99,2141.58,2143.87,1551.57
1779339600000,2143.89,2147.38,2140.63,2141.35,2620.6
1779340500000,2141.37,2143.75,2140.35,2140.71,1427.83
1779341400000,2140.71,2141.05,2138.4,2139.06,1274.37
1779342300000,2139.06,2139.73,2132.32,2135.5,3570.96
1779343200000,2135.51,2138.0,2133.0,2134.03,2034.73
1779344100000,2134.03,2137.25,2131.81,2134.4,2231.97
1779345000000,2134.42,2136.19,2129.93,2130.67,3045.98
1779345900000,2130.67,2131.0,2126.35,2127.72,4686.61
1779346800000,2127.74,2130.06,2125.93,2128.48,2595.68
1779347700000,2128.45,2129.15,2123.34,2127.86,4607.1
1779348600000,2127.86,2131.43,2127.84,2130.99,2276.54
1779349500000,2130.99,2136.09,2130.99,2134.08,2640.58
1779350400000,2134.1,2145.56,2134.02,2145.38,6026.33
1779351300000,2145.38,2147.55,2137.35,2140.62,5372.6
1779352200000,2140.64,2140.71,2135.54,2136.58,1923.95
1779353100000,2136.56,2137.91,2134.87,2136.92,1527.93
1779354000000,2136.92,2140.06,2135.68,2137.31,1984.28
1779354900000,2137.29,2138.68,2136.14,2136.73,680.67
1779355800000,2136.73,2137.5,2126.88,2127.89,3859.47
1779356700000,2127.91,2129.91,2126.87,2127.09,2278.87
1779357600000,2127.11,2128.75,2125.98,2127.68,3320.67
1779358500000,2127.66,2129.26,2110.5,2115.87,11173.52
1779359400000,2115.85,2118.98,2108.67,2115.14,7557.46
1779360300000,2115.13,2115.61,2110.78,2113.38,2759.62
1779361200000,2113.43,2117.46,2111.12,2116.92,3457.11
1779362100000,2116.92,2118.74,2115.0,2117.16,3172.59
1779363000000,2117.18,2118.91,2114.26,2115.4,1703.47
1779363900000,2115.42,2116.88,2114.02,2114.13,986.34
1779364800000,2114.13,2117.0,2111.48,2112.53,2986.78
1779365700000,2112.51,2114.81,2111.31,2112.27,1766.7
1779366600000,2112.3,2118.7,2111.07,2116.53,3163.13
1779367500000,2116.51,2118.86,2115.9,2116.26,1127.88
1779368400000,2116.28,2119.0,2115.27,2116.64,1585.53
1779369300000,2116.66,2118.06,2114.44,2118.06,1813.62
1779370200000,2118.2,2118.6,2104.0,2105.82,8574.8
1779371100000,2105.82,2123.39,2105.82,2119.53,10234.68
1779372000000,2119.55,2124.33,2116.58,2119.75,5961.57
1779372900000,2119.83,2119.98,2109.76,2119.49,4257.35
1779373800000,2119.49,2124.76,2116.94,2118.23,4153.91
1779374700000,2118.25,2122.37,2115.0,2121.1,2309.8
1779375600000,2121.08,2133.46,2118.19,2129.36,6559.18
1779376500000,2129.36,2136.53,2128.36,2134.75,6424.11
1779377400000,2134.79,2135.91,2125.33,2130.5,4120.55
1779378300000,2130.53,2137.24,2129.06,2131.4,3034.69
1779379200000,2131.4,2135.59,2130.72,2132.41,2024.67
1779380100000,2132.43,2132.9,2127.17,2129.93,2731.62
1779381000000,2129.93,2133.53,2122.73,2123.05,3064.59
1779381900000,2123.05,2127.16,2121.77,2126.9,2367.8
1779382800000,2126.9,2138.3,2124.94,2135.12,5111.56
1779383700000,2135.15,2147.24,2134.38,2146.64,11269.01
1779384600000,2146.64,2150.7,2143.44,2146.32,7817.45
1779385500000,2146.32,2153.0,2141.51,2145.75,5180.24
1779386400000,2145.73,2147.28,2138.44,2139.31,4663.64
1779387300000,2139.29,2143.37,2137.59,2138.58,3399.48
1779388200000,2138.56,2140.33,2137.15,2138.34,2204.12
1779389100000,2138.32,2138.84,2120.59,2126.04,11787.85
1779390000000,2126.04,2134.01,2125.43,2132.06,4966.08
1779390900000,2132.06,2134.25,2131.33,2132.61,1481.84
1779391800000,2132.63,2138.94,2132.61,2136.3,1539.19
1779392700000,2136.28,2144.72,2136.13,2141.95,4352.96
1779393600000,2142.21,2142.61,2138.55,2139.77,2084.22
1779394500000,2139.79,2140.28,2136.74,2137.47,2053.57
1779395400000,2137.45,2140.4,2136.02,2137.54,2297.47
1779396300000,2137.56,2140.99,2136.14,2137.74,2079.65
1779397200000,2137.74,2140.14,2136.75,2137.48,941.74
1779398100000,2137.48,2138.1,2136.59,2138.08,929.24
1779399000000,2138.08,2138.27,2135.28,2135.95,1533.28
1779399900000,2135.97,2136.06,2133.18,2134.54,1838.02
1779400800000,2134.55,2136.1,2131.69,2133.59,1682.39
1779401700000,2133.57,2134.08,2131.82,2133.82,1296.8
1779402600000,2133.82,2135.05,2129.76,2131.91,1301.81
1779403500000,2131.91,2132.69,2130.25,2130.86,1110.94
1779404400000,2130.84,2133.5,2127.53,2127.92,1571.88
1779405300000,2127.92,2132.62,2126.19,2132.08,1208.99
1779406200000,2132.1,2135.99,2131.64,2134.75,865.73
1779407100000,2134.75,2135.73,2132.07,2132.88,561.38
1779408000000,2132.8,2135.0,2129.31,2129.51,841.33
1779408900000,2129.51,2133.0,2128.72,2130.52,1248.72
1779409800000,2130.52,2134.22,2128.84,2130.53,742.56
1779410700000,2130.51,2132.07,2128.12,2128.27,1605.05
1779411600000,2128.29,2132.97,2126.41,2132.43,987.97
1779412500000,2132.45,2133.07,2127.52,2128.53,984.5
1779413400000,2128.51,2130.88,2124.51,2130.77,3247.8
1779414300000,2130.77,2136.3,2130.73,2135.07,1640.54
1779415200000,2135.07,2138.32,2135.03,2137.11,1554.65
1779416100000,2137.13,2139.28,2134.27,2136.11,1114.21
1779417000000,2136.09,2137.23,2133.18,2135.69,1163.05
1779417900000,2135.71,2138.66,2134.49,2136.88,1366.72
1779418800000,2136.88,2140.56,2135.36,2135.82,1681.49
1779419700000,2135.84,2137.24,2134.11,2136.96,1672.11
1779420600000,2136.96,2138.1,2136.07,2136.5,602.57
1779421500000,2136.52,2137.99,2135.98,2137.0,843.59
1779422400000,2137.02,2140.09,2137.02,2139.49,1067.87
1779423300000,2139.47,2140.43,2136.48,2136.82,1601.77
1779424200000,2136.82,2137.06,2133.38,2133.54,1718.26
1779425100000,2133.54,2134.32,2131.59,2132.87,1566.27
1779426000000,2132.85,2135.44,2130.63,2133.57,1942.71
1779426900000,2133.57,2134.74,2129.66,2131.33,2461.04
1779427800000,2131.33,2132.5,2127.15,2130.35,2056.94
1779428700000,2130.35,2133.28,2126.33,2128.44,1269.21
1779429600000,2128.48,2130.15,2126.21,2129.32,1428.41
1779430500000,2129.32,2129.84,2125.72,2127.02,1423.62
1779431400000,2126.96,2127.52,2124.8,2126.88,1860.53
1779432300000,2126.75,2127.25,2122.88,2124.75,2095.2
1779433200000,2124.75,2127.83,2121.01,2126.65,2911.76
1779434100000,2126.65,2131.2,2126.61,2130.37,2001.71
1779435000000,2130.39,2131.87,2127.99,2129.71,1214.56
1779435900000,2129.69,2129.92,2127.41,2127.58,1017.78
1779436800000,2127.6,2129.19,2124.92,2127.35,1210.3
1779437700000,2127.35,2132.4,2127.35,2131.14,2081.84
1779438600000,2131.24,2131.6,2119.02,2123.43,4174.22
1779439500000,2123.41,2124.71,2120.78,2121.55,2713.97
1779440400000,2121.57,2123.11,2119.52,2119.73,2502.3
1779441300000,2119.73,2124.13,2118.14,2121.5,2495.85
1779442200000,2121.5,2123.37,2118.84,2122.45,1517.61
1779443100000,2122.45,2124.97,2120.05,2123.17,1369.24
1779444000000,2123.0,2124.36,2121.23,2122.75,774.19
1779444900000,2122.73,2123.7,2120.08,2123.36,1534.15
1779445800000,2123.36,2125.0,2121.17,2123.57,1421.67
1779446700000,2123.55,2123.7,2121.48,2122.27,1187.61
1779447600000,2122.27,2124.4,2121.8,2122.19,973.1
1779448500000,2122.17,2125.0,2119.12,2123.6,1491.26
1779449400000,2123.62,2126.93,2123.58,2125.33,1685.79
1779450300000,2125.33,2129.94,2125.03,2129.74,2570.69
1779451200000,2129.74,2136.4,2128.28,2134.57,6097.67
1779452100000,2134.59,2137.19,2130.04,2130.6,4645.63
1779453000000,2130.58,2131.78,2129.2,2131.57,2332.59
1779453900000,2131.59,2134.56,2131.57,2134.1,1441.99
1779454800000,2134.12,2134.71,2130.98,2133.02,4036.53
1779455700000,2133.0,2134.85,2128.6,2128.6,1765.29
1779456600000,2128.6,2131.82,2122.81,2127.45,5047.35
1779457500000,2127.45,2129.76,2125.15,2129.22,2458.15
1779458400000,2129.0,2129.0,2119.8,2122.95,7472.93
1779459300000,2122.98,2124.28,2111.2,2117.15,11760.39
1779460200000,2117.17,2120.74,2116.28,2118.73,3362.51
1779461100000,2118.75,2119.69,2115.28,2116.01,2520.47
1779462000000,2116.01,2122.58,2113.71,2116.25,7272.74
1779462900000,2116.25,2120.15,2111.39,2120.15,4335.33
1779463800000,2120.15,2124.76,2115.8,2117.38,4613.37
1779464700000,2117.38,2120.28,2115.11,2118.59,3257.57
1779465600000,2118.57,2121.86,2117.23,2119.78,2245.54
1779466500000,2119.78,2121.48,2117.13,2119.83,1337.92
1779467400000,2119.85,2121.41,2118.03,2118.74,1256.21
1779468300000,2118.76,2123.14,2118.76,2122.03,1590.92
1779469200000,2122.03,2126.29,2121.93,2124.22,2242.49
1779470100000,2124.22,2128.39,2118.32,2127.77,4162.71
1779471000000,2127.76,2129.2,2123.01,2125.43,4492.49
1779471900000,2125.41,2125.7,2118.46,2118.75,2113.34
1779472800000,2118.73,2119.13,2114.29,2118.94,3182.55
1779473700000,2118.94,2120.85,2117.13,2117.72,1384.09
1779474600000,2117.74,2118.14,2106.57,2107.29,6466.51
1779475500000,2107.29,2107.31,2083.8,2099.08,24850.04
1779476400000,2099.09,2102.35,2085.57,2088.76,8570.12
1779477300000,2088.62,2092.84,2081.71,2084.36,7229.89
1779478200000,2084.36,2085.08,2056.52,2064.56,36445.56
1779479100000,2064.54,2068.88,2060.84,2064.6,6716.02
1779480000000,2064.53,2075.0,2062.75,2070.88,6659.19
1779480900000,2071.14,2073.86,2068.38,2072.02,1934.22
1779481800000,2072.0,2073.26,2065.97,2071.32,3256.29
1779482700000,2071.32,2078.13,2069.12,2072.3,3983.56
1779483600000,2072.3,2074.23,2070.56,2071.95,1940.94
1779484500000,2071.95,2074.92,2070.81,2074.9,1577.28
1779485400000,2074.92,2078.41,2073.93,2075.84,2855.1
1779486300000,2075.82,2078.84,2075.82,2077.31,1588.1
1779487200000,2077.33,2078.79,2074.47,2076.32,1096.01
1779488100000,2076.32,2076.49,2071.22,2071.88,2492.79
1779489000000,2071.86,2074.01,2065.61,2068.3,2780.75
1779489900000,2068.34,2072.86,2067.72,2071.91,2026.91
1779490800000,2071.89,2076.31,2071.89,2076.26,1649.19
1779491700000,2076.26,2076.69,2067.98,2067.98,1377.91
1779492600000,2067.98,2073.63,2067.0,2072.62,1275.85
1779493500000,2072.64,2072.64,2056.67,2065.02,7318.4
1779494400000,2065.07,2069.86,2062.5,2065.76,4530.87
1779495300000,2065.79,2067.98,2063.09,2067.45,2046.61
1779496200000,2067.45,2067.45,2052.66,2060.06,9273.62
1779497100000,2059.79,2065.19,2059.23,2063.74,2604.44
1779498000000,2063.76,2068.96,2063.06,2063.56,2889.29
1779498900000,2063.56,2067.91,2061.74,2067.73,1449.13
1779499800000,2067.74,2067.98,2065.09,2066.51,1425.88
1779500700000,2066.59,2069.12,2062.8,2068.04,2101.54
1779501600000,2068.02,2069.6,2065.23,2065.72,1681.6
1779502500000,2065.86,2067.64,2064.58,2065.67,1061.96
1779503400000,2065.67,2066.69,2063.95,2065.93,673.59
1779504300000,2065.95,2068.29,2065.55,2067.48,893.34
1779505200000,2067.39,2068.99,2067.05,2068.93,947.29
1779506100000,2068.93,2069.43,2067.99,2069.08,1575.37
1779507000000,2069.01,2070.6,2069.01,2070.24,1114.27
1779507900000,2070.22,2071.17,2069.45,2069.89,826.71
1779508800000,2069.89,2070.18,2068.83,2069.9,894.2
1779509700000,2069.88,2069.98,2065.58,2066.34,2059.33
1779510600000,2066.36,2068.71,2064.37,2064.77,1103.67
1779511500000,2064.79,2066.74,2064.77,2066.25,907.95
1779512400000,2066.23,2067.04,2064.11,2064.78,1405.08
1779513300000,2064.8,2066.61,2061.02,2062.72,1852.88
1779514200000,2062.7,2065.49,2062.5,2065.37,673.61
1779515100000,2065.37,2065.55,2063.12,2064.01,749.73
1779516000000,2064.01,2064.94,2062.53,2063.16,1510.9
1779516900000,2063.18,2064.03,2061.26,2061.48,1130.2
1779517800000,2061.48,2063.24,2060.53,2062.02,1179.41
1779518700000,2062.02,2062.37,2059.66,2060.98,1653.82
1779519600000,2060.98,2062.29,2055.84,2059.75,3461.06
1779520500000,2059.73,2059.75,2056.15,2057.35,1816.89
1779521400000,2057.35,2059.1,2052.79,2056.87,4334.28
1779522300000,2056.85,2056.87,2008.1,2027.49,46929.31
1779523200000,2027.49,2031.25,2021.49,2028.79,6008.77
1779524100000,2028.77,2031.18,2026.31,2026.31,3671.63
1779525000000,2026.33,2027.0,2020.17,2023.02,4572.83
1779525900000,2023.0,2029.84,2021.75,2029.41,3407.29
1779526800000,2029.43,2030.11,2027.13,2027.35,1913.2
1779527700000,2027.35,2029.73,2027.35,2028.37,937.31
1779528600000,2028.37,2029.21,2026.18,2028.24,2645.81
1779529500000,2028.23,2029.14,2026.12,2026.42,1419.66
1779530400000,2026.44,2029.67,2025.98,2029.18,806.8
1779531300000,2029.21,2029.81,2027.52,2028.95,705.64
1779532200000,2028.95,2031.76,2028.27,2031.6,1421.18
1779533100000,2031.6,2032.66,2029.87,2030.5,1047.72
1779534000000,2030.52,2034.42,2029.87,2032.38,2638.07
1779534900000,2032.38,2034.17,2032.08,2032.94,1701.88
1779535800000,2032.94,2033.02,2029.4,2030.22,1973.57
1779536700000,2030.22,2031.89,2029.65,2030.35,919.34
1779537600000,2030.37,2031.07,2027.53,2028.1,1195.17
1779538500000,2028.12,2029.26,2026.1,2028.32,2534.18
1779539400000,2028.32,2030.56,2028.3,2029.49,1512.65
1779540300000,2029.51,2030.5,2028.74,2030.12,885.44
1779541200000,2030.14,2038.81,2030.08,2037.98,5751.65
1779542100000,2037.96,2045.33,2037.96,2041.89,8164.28
1779543000000,2041.89,2043.32,2037.26,2039.17,2844.82
1779543900000,2039.15,2045.08,2039.15,2043.87,3854.23
1779544800000,2043.87,2045.95,2039.92,2045.14,3040.16
1779545700000,2045.12,2046.53,2042.77,2045.56,3126.47
1779546600000,2045.56,2052.75,2044.81,2052.17,5934.6
1779547500000,2052.17,2064.38,2051.41,2060.56,10699.77
1779548400000,2060.56,2067.75,2059.04,2066.42,7845.28
1779549300000,2066.48,2066.87,2059.64,2060.66,5462.7
1779550200000,2060.66,2060.68,2054.68,2056.52,6836.34
1779551100000,2056.5,2059.89,2056.5,2059.48,2156.62
1779552000000,2059.48,2064.33,2058.49,2058.51,2234.23
1779552900000,2058.51,2060.22,2056.3,2058.02,2416.88
1779553800000,2058.02,2063.24,2057.81,2061.25,2107.59
1779554700000,2061.23,2063.88,2059.59,2060.72,1471.69
1779555600000,2060.72,2062.7,2058.31,2062.34,1308.23
1779556500000,2062.32,2063.8,2060.0,2063.24,1157.97
1779557400000,2063.24,2064.37,2060.76,2061.57,1816.26
1779558300000,2061.59,2064.71,2059.62,2063.13,991.96
1779559200000,2063.25,2078.87,2062.77,2073.48,7059.52
1779560100000,2073.48,2082.55,2071.45,2075.09,8695.96
1779561000000,2075.11,2081.21,2075.09,2077.37,3238.65
1779561900000,2077.37,2077.55,2072.35,2073.23,3008.75
1779562800000,2073.23,2073.99,2068.71,2070.94,2134.31
1779563700000,2070.94,2079.2,2070.94,2078.21,1859.03
1779564600000,2078.22,2079.82,2074.75,2076.18,1196.38
1779565500000,2076.18,2077.94,2074.57,2076.47,1342.14
1779566400000,2076.47,2082.37,2073.64,2079.23,3230.35
1779567300000,2079.23,2082.54,2076.01,2076.01,3288.39
1779568200000,2076.01,2131.75,2075.2,2129.63,32696.68
1779569100000,2129.65,2145.9,2123.48,2145.2,31869.75
1779570000000,2145.2,2149.0,2125.6,2125.86,13129.48
1779570900000,2125.84,2129.9,2114.77,2114.79,6339.28
1779571800000,2114.79,2123.15,2105.2,2113.5,9138.35
1779572700000,2113.5,2117.67,2108.6,2115.8,2979.53
1779573600000,2115.8,2119.28,2114.25,2114.48,1634.26
1779574500000,2114.46,2117.04,2109.99,2110.96,2307.19
1779575400000,2110.96,2113.53,2101.99,2112.98,4463.97
1779576300000,2112.96,2117.01,2110.54,2115.59,1510.58
1779577200000,2115.59,2118.6,2113.26,2117.06,1392.21
1779578100000,2117.05,2119.48,2115.17,2116.04,1006.22
1779579000000,2116.02,2120.93,2116.02,2118.09,1069.62
1779579900000,2118.09,2119.01,2116.48,2116.61,1474.33
1779580800000,2116.67,2117.81,2114.07,2114.8,1233.31
1779581700000,2114.78,2116.45,2111.86,2114.75,2083.01
1779582600000,2114.73,2119.18,2114.35,2115.59,1987.54
1779583500000,2115.59,2120.53,2115.0,2118.46,2454.82
1779584400000,2118.46,2120.56,2117.11,2119.28,2286.76
1779585300000,2119.28,2124.42,2118.05,2122.11,2310.03
1779586200000,2122.11,2123.15,2118.53,2119.39,1275.21
1779587100000,2119.41,2121.94,2118.19,2121.43,762.94
1779588000000,2121.41,2124.21,2119.93,2122.93,977.87
1779588900000,2122.95,2124.5,2116.68,2119.21,4256.61
1779589800000,2119.21,2123.18,2118.9,2122.41,7483.13
1779590700000,2122.41,2123.97,2121.36,2121.54,1934.26
1779591600000,2121.56,2126.57,2120.24,2122.83,2607.39
1779592500000,2122.83,2123.23,2121.45,2122.91,1102.67
1779593400000,2122.89,2123.0,2115.87,2116.75,3043.51
1779594300000,2116.75,2118.98,2116.72,2117.97,889.2
1779595200000,2118.11,2121.9,2118.11,2121.71,875.7
1779596100000,2121.65,2122.9,2119.75,2119.87,740.79
1779597000000,2119.87,2121.31,2117.93,2120.55,493.22
1779597900000,2120.57,2120.64,2118.72,2119.09,505.91
1779598800000,2119.09,2119.4,2116.95,2117.76,854.82
1779599700000,2117.76,2117.76,2113.78,2115.67,1341.57
1779600600000,2115.65,2116.57,2112.72,2112.99,1157.42
1779601500000,2112.97,2120.57,2112.97,2119.01,1673.27
1779602400000,2119.03,2122.28,2118.84,2121.26,1138.09
1779603300000,2121.26,2121.28,2117.45,2117.87,647.68
1779604200000,2117.87,2120.52,2116.56,2120.03,792.65
1779605100000,2120.03,2129.37,2119.57,2127.17,4886.75
1779606000000,2127.17,2128.78,2122.64,2123.57,6656.26
1779606900000,2123.57,2124.39,2121.73,2122.73,656.45
1779607800000,2122.73,2122.84,2120.66,2121.26,1009.83
1779608700000,2121.26,2121.48,2118.66,2120.26,1451.86
1779609600000,2120.26,2121.26,2118.43,2118.54,926.7
1779610500000,2118.56,2122.59,2118.35,2120.42,1353.2
1779611400000,2120.42,2122.46,2119.13,2119.37,1416.32
1779612300000,2119.35,2120.65,2118.95,2119.56,620.64
1779613200000,2119.54,2121.92,2118.16,2120.14,932.01
1779614100000,2120.14,2123.33,2118.96,2120.37,755.74
1779615000000,2120.34,2123.11,2118.99,2122.22,1334.12
1779615900000,2122.24,2123.03,2121.07,2122.58,888.76
1779616800000,2122.56,2122.78,2118.43,2119.53,932.61
1779617700000,2119.55,2129.24,2118.51,2124.33,2872.63
1779618600000,2124.35,2124.41,2119.19,2119.99,2245.62
1779619500000,2119.99,2121.92,2118.63,2121.45,1077.72
1779620400000,2121.45,2125.95,2121.2,2124.52,1210.53
1779621300000,2124.56,2126.71,2122.92,2124.26,2037.95
1779622200000,2124.25,2126.31,2123.41,2124.53,838.61
1779623100000,2124.51,2126.2,2123.19,2125.16,1094.41
1779624000000,2125.13,2125.56,2121.29,2123.07,1150.39
1779624900000,2123.07,2123.33,2117.41,2117.41,3043.84
1779625800000,2117.34,2120.83,2116.25,2120.38,2928.71
1779626700000,2120.38,2120.53,2118.21,2119.12,823.16
1779627600000,2119.12,2120.13,2117.13,2117.89,1056.71
1779628500000,2117.89,2119.91,2114.93,2117.01,1277.89
1779629400000,2117.01,2119.76,2114.53,2118.25,2334.54
1779630300000,2118.25,2119.03,2104.91,2109.35,5418.61
1779631200000,2109.37,2111.42,2090.18,2094.47,11099.27
1779632100000,2094.46,2100.08,2078.52,2093.45,14897.52
1779633000000,2093.47,2096.97,2092.55,2094.42,2526.82
1779633900000,2094.42,2098.35,2093.24,2097.24,2492.83
1779634800000,2097.22,2099.25,2095.24,2098.01,1971.85
1779635700000,2098.03,2099.15,2093.74,2096.35,1539.89
1779636600000,2096.33,2098.28,2093.3,2094.88,1753.65
1779637500000,2094.89,2096.9,2093.15,2095.0,1385.63
1779638400000,2095.0,2102.58,2094.13,2102.34,5341.24
1779639300000,2102.34,2108.12,2099.04,2100.99,4472.25
1779640200000,2101.01,2101.35,2094.56,2097.12,2489.51
1779641100000,2097.12,2104.35,2096.56,2102.75,2322.02
1779642000000,2102.73,2105.35,2101.62,2102.45,1374.56
1779642900000,2102.45,2103.65,2100.51,2101.13,1664.52
1779643800000,2101.21,2104.98,2100.23,2104.72,1375.36
1779644700000,2104.74,2105.75,2101.89,2101.93,1573.74
1779645600000,2101.93,2103.74,2101.01,2102.5,1039.26
1779646500000,2102.52,2103.97,2099.43,2099.69,978.85
1779647400000,2099.69,2101.08,2096.81,2098.52,1008.41
1779648300000,2098.54,2099.82,2096.48,2098.89,1277.18
1779649200000,2098.87,2101.68,2097.56,2097.56,1047.74
1779650100000,2097.58,2099.42,2095.46,2096.32,1194.9
1779651000000,2096.34,2098.09,2095.26,2097.11,783.45
1779651900000,2097.13,2100.88,2096.73,2099.85,1374.96
1779652800000,2099.85,2101.34,2092.5,2094.24,2118.53
1779653700000,2094.19,2097.2,2090.92,2093.93,1477.59
1779654600000,2093.91,2095.65,2092.24,2094.23,839.69
1779655500000,2094.23,2095.84,2090.62,2092.05,890.22
1779656400000,2092.08,2097.96,2091.69,2097.95,1187.57
1779657300000,2097.93,2097.95,2085.58,2087.9,1320.04
1779658200000,2087.9,2089.67,2066.18,2068.4,12683.35
1779659100000,2068.45,2074.07,2061.15,2069.62,6840.32
1779660000000,2069.63,2098.72,2069.6,2097.1,10867.32
1779660900000,2097.07,2098.26,2092.2,2094.81,3158.84
1779661800000,2094.76,2098.6,2085.88,2090.51,3205.18
1779662700000,2090.51,2097.4,2089.45,2091.36,2995.96
1779663600000,2091.38,2096.25,2091.29,2094.13,1308.86
1779664500000,2094.15,2095.88,2090.52,2091.99,1820.41
1779665400000,2092.01,2105.61,2091.99,2105.22,3468.94
1779666300000,2105.24,2105.24,2098.63,2098.98,3258.12
1779667200000,2098.96,2106.9,2098.67,2104.22,2059.82
1779668100000,2104.22,2106.4,2102.41,2105.57,1019.16
1779669000000,2105.57,2108.29,2103.06,2104.0,1400.22
1779669900000,2104.02,2108.15,2101.35,2104.26,2475.45
1779670800000,2104.26,2105.76,2101.33,2105.61,2709.91
1779671700000,2105.61,2107.27,2103.68,2105.05,2089.88
1779672600000,2105.07,2105.89,2101.11,2101.62,5923.98
1779673500000,2101.66,2102.99,2092.52,2093.37,7669.02
1779674400000,2093.39,2112.57,2093.39,2106.98,14895.96
1779675300000,2106.96,2106.98,2095.66,2099.6,7455.05
1779676200000,2099.62,2101.11,2095.53,2098.37,2346.6
1779677100000,2098.37,2099.14,2096.02,2097.33,1309.81
1779678000000,2097.31,2099.26,2093.9,2095.1,1511.1
1779678900000,2095.08,2096.73,2093.67,2094.81,1056.63
1779679800000,2094.82,2096.66,2091.64,2095.73,1926.06
1779680700000,2095.75,2096.42,2092.69,2094.6,850.76
1779681600000,2094.58,2096.36,2092.55,2093.15,2159.91
1779682500000,2093.13,2097.74,2091.12,2097.72,3375.55
1779683400000,2097.72,2102.2,2096.53,2102.07,2211.27
1779684300000,2102.09,2107.34,2101.15,2105.11,2296.19
1779685200000,2105.11,2110.43,2103.32,2108.87,2318.81
1779686100000,2108.85,2110.82,2107.23,2108.21,1944.07
1779687000000,2108.21,2109.99,2106.87,2109.4,2179.89
1779687900000,2109.42,2109.62,2106.71,2107.26,1430.36
1779688800000,2107.26,2110.3,2102.0,2102.11,3972.23
1779689700000,2102.07,2102.79,2098.23,2100.56,2920.61
1779690600000,2100.58,2107.15,2100.33,2105.6,1962.69
1779691500000,2105.6,2108.8,2105.28,2108.07,1685.35
1779692400000,2108.09,2116.91,2108.09,2110.85,8443.09
1779693300000,2110.85,2113.2,2105.47,2106.59,2399.43
1779694200000,2106.57,2110.32,2105.67,2108.83,2101.36
1779695100000,2108.82,2115.3,2108.61,2115.3,2889.29
1779696000000,2115.31,2115.95,2110.82,2111.28,3356.36
1779696900000,2111.3,2112.41,2110.66,2111.52,1929.86
1779697800000,2111.52,2114.77,2111.51,2114.05,1162.36
1779698700000,2114.05,2116.93,2112.74,2115.77,2276.05
1779699600000,2115.77,2120.9,2115.01,2117.74,3828.91
1779700500000,2117.67,2118.79,2116.35,2118.61,2182.1
1779701400000,2118.59,2123.72,2117.09,2117.65,5212.73
1779702300000,2117.63,2119.88,2115.76,2115.78,1576.57
1779703200000,2115.76,2118.18,2114.57,2117.86,2418.23
1779704100000,2117.88,2120.35,2114.38,2116.26,1877.13
1779705000000,2116.26,2117.95,2114.56,2115.13,4746.43
1779705900000,2115.11,2116.79,2113.81,2115.9,1250.92
1779706800000,2115.9,2116.13,2113.86,2115.09,1302.47
1779707700000,2115.09,2115.52,2113.93,2114.88,777.55
1779708600000,2114.88,2119.47,2114.59,2117.75,3369.09
1779709500000,2117.77,2119.08,2113.02,2113.92,1471.16
1779710400000,2113.92,2114.17,2111.14,2113.98,2816.52
1779711300000,2113.96,2117.65,2112.82,2116.86,4823.2
1779712200000,2116.88,2117.83,2115.05,2116.51,1103.49
1779713100000,2116.51,2118.67,2113.7,2116.16,1485.57
1779714000000,2116.18,2119.05,2113.61,2114.98,1284.99
1779714900000,2114.98,2116.04,2113.29,2114.21,1140.38
1779715800000,2114.21,2115.94,2113.93,2115.77,1862.67
1779716700000,2115.79,2116.04,2114.0,2115.33,1210.47
1779717600000,2115.35,2121.89,2114.71,2118.69,3974.05
1779718500000,2118.69,2126.93,2118.39,2126.9,6438.36
1779719400000,2126.8,2126.82,2121.77,2123.57,3560.12
1779720300000,2123.57,2129.42,2123.43,2127.52,7739.53
1779721200000,2127.49,2137.57,2126.79,2129.32,10511.54
1779722100000,2129.37,2130.98,2123.83,2124.01,4609.66
1779723000000,2124.03,2126.93,2121.48,2124.72,3477.13
1779723900000,2124.72,2127.29,2122.18,2126.08,1611.52
1779724800000,2126.08,2127.5,2124.0,2124.11,1388.24
1779725700000,2124.11,2127.49,2124.09,2126.42,2031.92
1779726600000,2126.5,2129.76,2125.74,2129.25,1486.72
1779727500000,2129.27,2141.3,2128.51,2135.52,8879.9
1779728400000,2135.5,2139.85,2133.68,2133.71,3716.26
1779729300000,2133.73,2134.65,2130.52,2134.65,3224.45
1779730200000,2134.63,2135.34,2130.73,2131.58,1290.73
1779731100000,2131.56,2132.01,2127.27,2127.81,2005.54
1779732000000,2127.81,2133.15,2127.35,2131.14,1298.88
1779732900000,2131.16,2131.67,2128.83,2131.0,811.57
1779733800000,2131.0,2131.07,2126.56,2127.52,3566.78
1779734700000,2127.5,2128.24,2125.71,2125.89,2466.82
1779735600000,2125.89,2126.13,2121.07,2124.5,8371.31
1779736500000,2124.5,2124.97,2122.65,2124.68,1309.73
1779737400000,2124.68,2125.0,2115.49,2119.12,6431.14
1779738300000,2119.12,2120.91,2118.88,2120.41,3331.61
1779739200000,2120.39,2122.4,2119.35,2120.41,1514.04
1779740100000,2120.41,2121.75,2117.66,2117.67,941.22
1779741000000,2117.69,2118.93,2109.03,2111.71,7364.19
1779741900000,2111.74,2115.18,2106.34,2107.68,5635.41
1779742800000,2107.66,2112.14,2106.85,2110.32,3288.03
1779743700000,2110.34,2111.25,2107.94,2111.25,1439.89
1779744600000,2111.23,2111.77,2107.6,2108.55,1459.48
1779745500000,2108.55,2110.98,2107.56,2109.97,1864.42
1779746400000,2109.95,2115.2,2106.81,2112.91,3477.26
1779747300000,2112.91,2114.28,2108.59,2109.94,1123.33
1779748200000,2109.96,2109.96,2101.5,2106.03,7364.56
1779749100000,2106.05,2108.26,2102.53,2102.68,1702.89
1779750000000,2102.7,2108.55,2101.32,2107.9,2886.55
1779750900000,2107.92,2109.32,2106.64,2107.71,1288.38
1779751800000,2107.69,2111.95,2106.98,2110.52,923.43
1779752700000,2110.52,2112.5,2109.63,2111.7,1373.32
1779753600000,2111.7,2112.96,2109.15,2109.83,2050.48
1779754500000,2109.83,2110.99,2105.31,2105.32,2494.36
1779755400000,2105.3,2107.88,2093.55,2095.14,7015.45
1779756300000,2095.19,2098.73,2083.51,2096.49,10646.2
1779757200000,2096.48,2099.52,2089.27,2097.88,5109.26
1779758100000,2097.9,2099.32,2093.4,2095.98,3459.06
1779759000000,2096.0,2096.01,2087.06,2089.99,3167.19
1779759900000,2090.0,2095.47,2089.62,2093.31,2097.89
1779760800000,2093.31,2094.79,2088.86,2092.6,1878.72
1779761700000,2092.6,2092.98,2087.56,2088.28,1972.15
1779762600000,2088.28,2091.22,2086.12,2086.92,2947.76
1779763500000,2086.9,2090.76,2083.69,2088.0,3794.52
1779764400000,2088.0,2089.01,2084.52,2084.65,1746.86
1779765300000,2084.65,2087.5,2083.34,2087.5,3208.84
1779766200000,2087.55,2093.0,2086.61,2091.07,3178.39
1779767100000,2091.09,2092.8,2090.0,2092.41,1767.27
1779768000000,2092.41,2094.11,2089.01,2089.98,2287.59
1779768900000,2090.0,2093.48,2087.69,2092.79,1784.99
1779769800000,2092.92,2094.83,2090.6,2094.05,2784.49
1779770700000,2094.05,2095.53,2092.65,2092.67,1561.51
1779771600000,2092.67,2095.01,2090.8,2094.28,1515.63
1779772500000,2094.26,2098.66,2094.2,2097.79,2949.72
1779773400000,2097.75,2102.68,2097.32,2101.68,5673.77
1779774300000,2101.68,2101.68,2097.37,2099.83,5467.92
1779775200000,2099.83,2100.17,2097.01,2099.16,1780.88
1779776100000,2099.18,2099.68,2094.04,2096.18,2682.18
1779777000000,2096.13,2103.78,2095.89,2101.81,6098.19
1779777900000,2101.81,2102.21,2100.27,2100.87,1087.36
1779778800000,2100.89,2101.69,2092.28,2093.27,2663.92
1779779700000,2093.29,2096.92,2089.77,2096.31,4718.69
1779780600000,2096.33,2096.7,2092.25,2094.92,1692.85
1779781500000,2094.92,2100.48,2092.56,2094.33,2932.5
1779782400000,2094.36,2098.67,2094.0,2097.35,1925.04
1779783300000,2097.37,2099.15,2095.98,2097.45,1532.05
1779784200000,2097.41,2099.2,2095.21,2098.37,3090.13
1779785100000,2098.39,2098.55,2094.41,2096.36,3258.85
1779786000000,2096.36,2097.01,2094.18,2094.48,2323.04
1779786900000,2094.48,2098.85,2093.0,2096.87,2431.77
1779787800000,2096.85,2098.49,2094.61,2096.01,912.67
1779788700000,2096.01,2097.0,2094.25,2095.7,773.74
1779789600000,2095.7,2099.9,2093.18,2099.12,1765.88
1779790500000,2099.14,2122.29,2099.12,2120.41,22476.95
1779791400000,2120.41,2136.59,2120.08,2133.36,19232.03
1779792300000,2133.34,2134.6,2125.84,2126.71,9706.94
1779793200000,2126.73,2129.77,2124.88,2125.28,4306.12
1779794100000,2125.25,2125.3,2117.7,2119.41,6140.86
1779795000000,2119.38,2123.39,2117.65,2120.7,3417.72
1779795900000,2120.61,2122.44,2119.5,2120.03,1822.25
1779796800000,2120.01,2122.29,2110.17,2116.86,11467.08
1779797700000,2116.86,2118.39,2112.18,2115.14,7594.29
1779798600000,2115.15,2119.7,2114.44,2118.6,4085.75
1779799500000,2118.62,2126.18,2118.0,2125.58,4644.75
1779800400000,2125.6,2125.88,2120.98,2122.38,2662.41
1779801300000,2122.38,2122.47,2113.12,2114.98,3763.36
1779802200000,2115.0,2119.89,2108.38,2116.87,6871.55
1779803100000,2116.87,2131.08,2116.87,2124.44,10366.09
1779804000000,2124.45,2130.93,2123.12,2130.91,3786.82
1779804900000,2130.93,2139.52,2128.45,2137.1,12229.32
1779805800000,2137.12,2138.06,2105.21,2110.64,19111.89
1779806700000,2110.75,2117.72,2106.0,2108.18,10071.74
1779807600000,2108.2,2111.22,2098.09,2109.86,11853.18
1779808500000,2109.86,2110.6,2094.66,2097.88,22720.67
1779809400000,2097.67,2098.77,2085.12,2090.94,24970.12
1779810300000,2090.96,2090.96,2077.41,2086.05,21684.61
1779811200000,2086.05,2088.83,2072.47,2077.64,23349.48
1779812100000,2077.66,2084.18,2077.02,2081.46,4210.32
1779813000000,2081.46,2084.05,2074.78,2078.86,7288.39
1779813900000,2078.85,2081.93,2073.39,2078.59,4207.3
1779814800000,2078.59,2083.14,2076.45,2078.85,3294.05
1779815700000,2078.87,2078.99,2063.05,2063.35,11509.83
1779816600000,2063.37,2065.99,2053.68,2065.13,15566.53
1779817500000,2065.13,2072.8,2064.25,2069.73,6564.06
1779818400000,2069.75,2076.67,2067.5,2074.78,4604.98
1779819300000,2074.8,2079.95,2073.9,2074.9,6466.74
1779820200000,2074.92,2075.54,2066.46,2066.69,2779.54
1779821100000,2066.69,2071.43,2065.55,2067.91,2600.27
1779822000000,2067.91,2069.77,2066.01,2066.51,1590.46
1779822900000,2066.47,2071.14,2064.32,2070.34,2259.13
1779823800000,2070.36,2075.56,2070.14,2074.59,7577.61
1779824700000,2074.59,2076.14,2072.77,2073.47,1382.78
1779825600000,2073.55,2076.22,2073.19,2075.33,992.38
1779826500000,2075.33,2077.18,2073.09,2076.9,2276.43
1779827400000,2076.9,2077.72,2072.71,2075.49,3262.86
1779828300000,2075.51,2077.68,2075.07,2077.42,3012.71
1779829200000,2077.44,2077.83,2068.23,2070.36,8274.42
1779830100000,2070.36,2074.86,2069.5,2074.58,3775.29
1779831000000,2074.58,2078.15,2071.4,2076.49,12529.77
1779831900000,2076.49,2079.04,2070.44,2072.14,8227.83
1779832800000,2072.16,2075.66,2068.69,2070.82,8029.4
1779833700000,2070.82,2071.58,2068.5,2069.4,3697.93
1779834600000,2069.4,2071.0,2066.8,2067.42,1186.56
1779835500000,2067.4,2068.78,2064.74,2067.97,2154.01
1779836400000,2067.95,2073.72,2067.95,2072.46,4456.35
1779837300000,2072.48,2073.35,2071.05,2072.95,3150.56
1779838200000,2072.95,2075.95,2072.65,2075.19,799.01
1779839100000,2075.19,2075.94,2071.81,2072.82,972.32
1779840000000,2072.91,2079.7,2072.69,2077.91,2364.28
1779840900000,2077.91,2077.91,2072.22,2076.88,14703.68
1779841800000,2076.88,2081.51,2076.0,2078.64,10473.96
1779842700000,2078.63,2083.41,2077.31,2082.37,7730.73
1779843600000,2082.37,2083.19,2078.98,2080.53,2736.16
1779844500000,2080.47,2080.47,2071.7,2073.95,3076.54
1779845400000,2073.95,2075.38,2070.58,2072.81,1116.47
1779846300000,2072.79,2076.37,2072.5,2073.5,1140.33
1779847200000,2073.5,2074.57,2070.2,2073.2,1377.52
1779848100000,2073.27,2074.16,2067.88,2070.39,1694.72
1779849000000,2070.39,2073.17,2068.09,2069.29,1481.24
1779849900000,2069.31,2075.21,2069.29,2075.21,906.37
1779850800000,2075.21,2079.4,2074.37,2076.08,2449.63
1779851700000,2076.08,2077.05,2073.9,2076.06,1359.39
1779852600000,2076.06,2077.14,2071.81,2072.49,1571.01
1779853500000,2072.49,2072.74,2067.94,2068.81,2473.41
1779854400000,2068.79,2070.26,2067.15,2067.46,1385.13
1779855300000,2067.44,2067.83,2062.0,2063.8,4797.89
1779856200000,2063.78,2064.43,2055.3,2062.51,8615.26
1779857100000,2062.53,2072.29,2062.53,2071.14,9067.31
1779858000000,2071.16,2072.93,2070.89,2072.19,2315.41
1779858900000,2072.17,2076.56,2070.43,2074.97,3074.46
1779859800000,2074.97,2076.5,2071.69,2073.48,2760.3
1779860700000,2073.48,2077.85,2072.9,2076.26,1577.53
1779861600000,2076.34,2078.49,2074.42,2074.91,1567.77
1779862500000,2074.91,2077.21,2073.84,2076.92,950.14
1779863400000,2076.95,2079.99,2076.66,2079.58,1464.62
1779864300000,2079.6,2080.45,2076.62,2078.68,1851.98
1779865200000,2078.7,2079.66,2074.36,2076.23,4951.33
1779866100000,2076.22,2078.89,2075.26,2078.89,1926.09
1779867000000,2078.87,2081.63,2076.74,2078.68,3277.07
1779867900000,2078.7,2083.32,2078.68,2082.62,3092.04
1779868800000,2082.64,2086.72,2082.44,2084.99,4968.16
1779869700000,2084.99,2095.77,2082.8,2092.77,13272.96
1779870600000,2092.79,2094.08,2090.3,2091.81,7189.66
1779871500000,2091.81,2091.99,2082.78,2083.92,10211.15
1779872400000,2083.9,2084.5,2077.9,2079.77,4295.17
1779873300000,2079.75,2083.06,2077.25,2080.35,2215.11
1779874200000,2080.41,2086.94,2079.77,2085.2,4521.41
1779875100000,2085.22,2085.94,2081.0,2082.44,4592.67
1779876000000,2082.46,2085.78,2080.02,2085.41,1662.85
1779876900000,2085.39,2087.06,2083.79,2084.51,1340.72
1779877800000,2084.51,2085.63,2079.98,2080.53,1981.88
1779878700000,2080.55,2081.07,2078.3,2078.63,1473.31
1779879600000,2078.63,2083.85,2077.78,2081.1,1783.6
1779880500000,2081.08,2084.36,2080.73,2081.96,1132.77
1779881400000,2081.96,2084.24,2077.59,2081.36,1885.58
1779882300000,2081.34,2081.35,2078.57,2079.68,1089.03
1779883200000,2079.73,2079.98,2073.32,2075.6,5990.65
1779884100000,2075.6,2096.64,2074.32,2084.04,12688.93
1779885000000,2084.06,2086.97,2082.24,2084.27,2878.01
1779885900000,2084.25,2084.25,2076.96,2077.71,4664.18
1779886800000,2077.73,2080.34,2071.05,2074.15,5936.55
1779887700000,2074.17,2074.97,2067.16,2067.87,5000.89
1779888600000,2067.62,2071.43,2051.0,2052.59,22620.21
1779889500000,2052.61,2064.65,2052.15,2063.63,12763.22
1779890400000,2063.65,2071.14,2060.0,2061.41,11410.5
1779891300000,2061.39,2067.24,2054.27,2056.48,6873.41
1779892200000,2056.46,2062.55,2053.93,2059.24,7465.61
1779893100000,2059.23,2063.44,2058.74,2061.73,2557.22
1779894000000,2061.71,2068.09,2060.3,2065.92,3316.23
1779894900000,2065.84,2075.58,2065.47,2072.4,9665.64
1779895800000,2072.43,2078.0,2067.7,2069.32,6272.75
1779896700000,2069.3,2075.7,2067.0,2070.73,3666.32
1779897600000,2070.75,2073.83,2066.77,2070.13,2737.87
1779898500000,2070.14,2070.24,2061.09,2064.45,6214.14
1779899400000,2064.45,2066.31,2059.1,2064.6,4007.23
1779900300000,2064.62,2070.4,2063.81,2069.35,1732.13
1779901200000,2069.37,2069.58,2054.03,2055.88,7170.72
1779902100000,2055.88,2061.33,2053.47,2057.85,5695.04
1779903000000,2057.85,2058.95,2051.32,2053.94,2885.75
1779903900000,2053.92,2057.46,2044.1,2051.29,9302.89
1779904800000,2051.29,2053.17,2042.42,2045.54,5331.97
1779905700000,2045.6,2052.09,2043.92,2051.45,3350.35
1779906600000,2051.45,2054.59,2049.14,2053.47,2946.11
1779907500000,2053.47,2056.17,2052.5,2055.8,1838.18
1779908400000,2055.8,2057.66,2053.42,2057.32,2233.28
1779909300000,2057.32,2059.45,2054.43,2057.28,1662.59
1779910200000,2057.28,2060.45,2055.21,2056.34,1410.98
1779911100000,2056.32,2057.8,2053.45,2056.79,1654.64
1779912000000,2056.81,2062.88,2056.31,2062.53,2115.1
1779912900000,2062.53,2065.14,2058.53,2059.94,2293.6
1779913800000,2059.96,2061.39,2057.54,2061.39,879.92
1779914700000,2061.4,2063.6,2061.3,2062.25,886.88
1779915600000,2062.25,2062.27,2057.7,2058.5,1355.34
1779916500000,2058.5,2059.64,2055.13,2055.15,1374.87
1779917400000,2055.15,2055.25,2022.97,2031.69,16514.21
1779918300000,2031.8,2033.6,2014.52,2020.17,15228.41
1779919200000,2020.19,2034.11,2015.0,2023.94,9088.39
1779920100000,2023.92,2029.5,2018.56,2028.11,3822.11
1779921000000,2028.0,2032.0,2022.99,2029.5,5307.38
1779921900000,2029.5,2030.18,2024.01,2024.3,1957.43
1779922800000,2024.3,2026.49,2022.04,2025.62,2679.48
1779923700000,2025.62,2029.37,2017.05,2018.42,5211.06
1779924600000,2018.37,2023.21,2017.83,2021.71,5229.02
1779925500000,2021.71,2025.1,2019.47,2023.85,2392.85
1779926400000,2023.83,2026.0,2020.55,2020.73,2221.24
1779927300000,2020.75,2027.08,2019.74,2023.71,2560.05
1779928200000,2023.69,2027.14,2022.9,2026.65,1411.84
1779929100000,2026.63,2028.42,2023.37,2027.34,1760.98
1779930000000,2027.36,2028.33,2023.67,2025.57,1102.76
1779930900000,2025.55,2027.07,2011.0,2016.11,9064.5
1779931800000,2016.04,2021.56,2013.17,2018.62,4454.56
1779932700000,2018.61,2022.88,2018.0,2019.5,1726.04
1779933600000,2019.5,2021.05,2015.55,2020.13,1605.14
1779934500000,2019.93,2020.82,2015.02,2016.77,1630.01
1779935400000,2016.75,2019.65,2014.25,2017.17,1704.09
1779936300000,2017.15,2019.67,2016.0,2016.77,1402.38
1779937200000,2016.75,2020.0,2009.59,2013.1,4199.95
1779938100000,2013.1,2013.71,1970.33,1987.75,46142.52
1779939000000,1987.77,1992.28,1982.52,1983.85,8617.42
1779939900000,1983.87,1987.99,1976.73,1980.77,8967.44
1779940800000,1980.71,1985.73,1966.0,1978.35,15286.97
1779941700000,1978.35,1980.0,1972.94,1979.5,6786.09
1779942600000,1979.5,1984.46,1978.0,1982.01,4101.32
1779943500000,1982.01,1982.01,1977.76,1981.2,2702.67
1779944400000,1981.2,1982.46,1977.94,1978.8,1759.0
1779945300000,1978.82,1979.5,1974.4,1974.91,2740.78
1779946200000,1974.91,1979.65,1974.36,1979.0,2262.61
1779947100000,1978.98,1979.78,1974.35,1977.68,2058.42
1779948000000,1977.68,1979.2,1976.61,1978.26,2690.08
1779948900000,1978.24,1979.9,1974.88,1976.81,2351.96
1779949800000,1976.83,1977.26,1970.0,1975.47,3267.04
1779950700000,1975.4,1983.85,1975.32,1983.17,4378.69
1779951600000,1983.17,1986.34,1981.53,1986.02,3090.74
1779952500000,1986.08,1990.74,1985.81,1987.86,5250.12
1779953400000,1988.1,1995.51,1988.08,1994.23,3929.6
1779954300000,1994.16,1994.64,1991.49,1994.2,2386.49
1779955200000,1994.22,1994.86,1989.06,1991.86,3809.13
1779956100000,1991.88,1992.43,1984.31,1985.69,3063.44
