timestamp_ms,open,high,low,close,volume
1769589000000,88994.9,89080.8,88970.0,89058.2,70.2352
1769589900000,89058.3,89058.3,88846.8,88892.9,142.5154
1769590800000,88892.8,88979.5,88827.5,88904.0,108.4215
1769591700000,88904.0,88984.8,88822.4,88960.1,81.3304
1769592600000,88960.0,89416.8,88956.8,89284.0,299.3937
1769593500000,89283.8,89548.1,89244.5,89542.1,255.6541
1769594400000,89542.1,89593.7,89399.9,89539.6,405.5906
1769595300000,89539.6,89680.2,89297.1,89304.7,316.5905
1769596200000,89304.8,89468.0,89304.8,89458.3,145.3395
1769597100000,89458.3,89477.5,89370.9,89370.9,75.5508
1769598000000,89371.0,89425.0,89278.0,89300.7,126.036
1769598900000,89300.8,89428.5,89279.8,89418.6,58.1012
1769599800000,89418.6,89634.1,89308.0,89626.8,160.0714
1769600700000,89626.7,90121.0,89568.2,90035.3,1051.7134
1769601600000,90035.3,90136.1,89875.6,89887.6,554.8694
1769602500000,89888.3,89951.4,89752.2,89828.5,255.7254
1769603400000,89828.3,89961.1,89772.0,89869.5,154.0973
1769604300000,89869.5,89990.0,89740.4,89957.1,224.1585
1769605200000,89957.1,90325.9,89922.2,90138.1,471.8341
1769606100000,90138.1,90240.0,90004.7,90091.8,241.6519
1769607000000,90091.9,90436.0,90054.4,90359.2,320.7057
1769607900000,90359.2,90412.7,90125.0,90219.8,349.4298
1769608800000,90219.8,90219.9,90091.7,90099.8,131.4149
1769609700000,90099.6,90144.7,89881.9,89957.9,246.0893
1769610600000,89952.5,90100.0,89600.0,89664.1,560.6886
1769611500000,89664.2,89737.5,89409.3,89568.8,531.5213
1769612400000,89568.8,89820.4,89060.0,89062.6,654.5516
1769613300000,89060.0,89300.0,88860.0,89223.3,766.2004
1769614200000,89224.2,89499.1,89177.5,89463.9,251.7307
1769615100000,89463.9,89592.2,89277.0,89443.4,241.1192
1769616000000,89443.4,89491.2,89204.7,89228.3,169.8237
1769616900000,89228.3,89730.6,89206.9,89712.7,238.855
1769617800000,89712.7,89791.5,89422.1,89505.2,230.1707
1769618700000,89506.9,89712.5,89462.5,89589.6,99.3624
1769619600000,89589.4,89751.5,89542.6,89688.9,116.4142
1769620500000,89689.0,89708.4,89520.0,89553.3,82.3803
1769621400000,89553.4,89950.6,89250.0,89815.1,339.6251
1769622300000,89815.3,90585.0,89805.1,90140.6,1015.4936
1769623200000,90140.6,90145.7,89454.9,89782.2,849.4413
1769624100000,89782.2,89911.8,89673.4,89735.9,206.0002
1769625000000,89736.0,89778.1,89528.7,89599.6,175.4258
1769625900000,89599.6,89625.9,89296.2,89501.9,266.5667
1769626800000,89500.0,89685.2,89041.5,89336.6,611.0414
1769627700000,89336.4,89588.0,89240.0,89364.9,123.339
1769628600000,89364.8,89506.9,88960.0,89006.9,321.2277
1769629500000,89011.3,89555.0,88993.5,89358.0,267.443
1769630400000,89358.2,89586.0,89285.0,89542.9,141.337
1769631300000,89542.9,89845.4,89426.5,89760.3,216.3665
1769632200000,89760.3,89778.4,89146.3,89201.4,374.2124
1769633100000,89200.9,89221.8,88962.4,89101.2,302.5442
1769634000000,89115.9,89169.8,88827.0,89169.5,366.5901
1769634900000,89169.3,89230.7,89096.9,89138.6,104.6591
1769635800000,89138.5,89446.4,89025.8,89378.8,195.5377
1769636700000,89379.0,89438.5,89279.6,89366.6,81.1469
1769637600000,89367.9,89428.0,89216.1,89241.6,78.3412
1769638500000,89241.6,89246.1,89090.7,89246.0,85.9675
1769639400000,89245.9,89259.6,89154.2,89226.5,48.7418
1769640300000,89226.4,89378.2,89226.4,89342.4,57.3804
1769641200000,89342.4,89422.1,89300.0,89305.7,68.7316
1769642100000,89305.7,89436.7,89219.9,89256.1,90.2722
1769643000000,89256.1,89295.9,89162.1,89270.6,75.1439
1769643900000,89270.7,89364.2,89187.6,89263.0,71.6412
1769644800000,89262.5,89300.0,89051.9,89052.0,150.8218
1769645700000,89053.1,89114.2,88959.0,88996.4,125.5739
1769646600000,88996.4,89117.0,88925.5,88931.4,101.6669
1769647500000,88931.4,89124.6,88859.5,89113.1,186.9638
1769648400000,89113.1,89123.7,88971.9,89068.6,72.3925
1769649300000,89068.9,89068.9,88570.0,88798.5,329.6814
1769650200000,88798.5,88856.4,88693.5,88798.2,177.0939
1769651100000,88798.3,88856.9,88512.0,88562.1,324.6935
1769652000000,88562.2,88719.2,88425.8,88651.0,289.1553
1769652900000,88651.0,88704.5,88525.7,88572.7,108.4577
1769653800000,88572.6,88576.0,88007.3,88109.4,941.2424
1769654700000,88109.3,88110.2,87655.0,87861.9,794.8457
1769655600000,87864.1,88221.0,87725.0,88036.4,435.3674
1769656500000,88038.6,88151.0,87948.6,88002.1,260.3963
1769657400000,88001.9,88084.9,87913.6,88080.3,127.3252
1769658300000,88080.3,88120.0,87933.2,88013.3,136.2999
1769659200000,88013.3,88049.6,87923.6,87938.9,91.9282
1769660100000,87938.9,88026.6,87860.0,88026.5,109.1962
1769661000000,88026.6,88200.0,88026.5,88120.6,143.9868
1769661900000,88120.4,88300.0,88117.2,88267.4,133.6963
1769662800000,88267.3,88365.0,88220.1,88268.0,132.6184
1769663700000,88267.9,88307.1,88150.0,88168.6,73.7433
1769664600000,88168.5,88328.6,88164.4,88269.0,76.6484
1769665500000,88269.0,88276.3,88107.2,88146.2,83.0046
1769666400000,88146.2,88276.9,88128.3,88206.7,78.8401
1769667300000,88206.5,88267.6,88152.9,88243.7,57.0508
1769668200000,88243.7,88297.1,88216.7,88286.2,59.2149
1769669100000,88286.2,88297.7,88212.8,88274.7,39.9301
1769670000000,88274.6,88339.0,88262.7,88286.9,54.1781
1769670900000,88286.9,88304.2,88215.7,88223.3,61.9708
1769671800000,88223.2,88324.7,88208.9,88299.1,53.4997
1769672700000,88299.1,88390.5,88246.9,88309.3,143.0874
1769673600000,88309.2,88309.3,87912.1,87912.2,353.4204
1769674500000,87912.1,88433.1,87871.0,88410.3,291.1664
1769675400000,88410.5,88450.0,88058.4,88075.3,340.5587
1769676300000,88075.3,88166.2,87900.0,88021.6,264.8884
1769677200000,88021.6,88114.4,87944.3,87955.1,87.7929
1769678100000,87955.0,88037.2,87955.0,87981.6,60.0804
1769679000000,87981.7,88079.5,87925.0,87982.0,138.848
1769679900000,87982.2,87988.5,87845.2,87845.2,137.3393
1769680800000,87845.2,87928.6,87791.5,87889.4,154.9603
1769681700000,87889.6,87937.4,87852.5,87917.3,101.5289
1769682600000,87917.1,87934.3,87873.8,87878.2,51.8149
1769683500000,87878.4,87972.0,87777.0,87912.3,126.7957
1769684400000,87912.3,88023.1,87805.0,87982.0,115.869
1769685300000,87981.9,87997.1,87740.4,87752.5,159.5851
1769686200000,87752.5,87860.0,87736.5,87751.9,177.0038
1769687100000,87751.9,87812.3,87705.6,87789.4,151.5074
1769688000000,87789.4,88009.5,87775.0,87970.5,180.5078
1769688900000,87970.3,88056.8,87889.5,87891.2,178.2008
1769689800000,87891.1,88022.9,87795.0,87949.6,110.919
1769690700000,87949.6,88075.3,87944.6,88068.3,77.5569
1769691600000,88068.3,88100.0,88039.1,88078.6,118.9563
1769692500000,88078.4,88119.0,88035.6,88118.1,59.2203
1769693400000,88119.0,88120.0,88010.3,88035.3,89.6104
1769694300000,88035.5,88051.2,87905.2,88003.0,81.4936
1769695200000,88003.0,88031.8,87900.0,87950.9,75.2619
1769696100000,87950.9,88023.3,87780.0,87780.6,131.4631
1769697000000,87780.6,87904.0,87510.0,87640.6,866.7183
1769697900000,87640.7,87830.3,86966.3,86981.8,1089.4245
1769698800000,86981.7,87000.0,85285.0,85291.6,3647.6849
1769699700000,85291.1,85768.4,85173.7,85433.5,2172.4387
1769700600000,85433.5,85611.0,84390.1,84581.3,2284.5681
1769701500000,84581.3,85120.9,84326.1,84892.9,1618.8772
1769702400000,84892.9,84944.4,84410.0,84743.7,963.974
1769703300000,84743.9,84900.0,84444.6,84473.3,622.734
1769704200000,84471.9,84787.9,84232.7,84600.2,991.9717
1769705100000,84600.2,85363.6,84556.0,85236.4,770.1952
1769706000000,85237.9,85430.0,85050.0,85197.1,845.0368
1769706900000,85196.9,85598.8,85010.0,85016.9,856.3797
1769707800000,85017.1,85100.0,84691.0,84846.3,622.3165
1769708700000,84846.3,84873.4,83990.2,84220.0,1259.0758
1769709600000,84220.0,84600.0,84197.4,84486.1,593.1192
1769710500000,84486.1,84510.2,83660.7,83833.7,1074.8956
1769711400000,83833.6,84071.9,83550.5,83982.5,801.2151
1769712300000,83982.5,83996.4,83366.0,83435.4,883.0721
1769713200000,83435.1,83638.0,83339.2,83625.5,461.3855
1769714100000,83625.5,83884.4,83511.2,83758.2,421.2417
1769715000000,83758.6,84257.1,83758.4,84118.0,656.6687
1769715900000,84118.0,84200.0,83940.5,83972.2,217.4839
1769716800000,83972.4,84070.2,83852.3,83875.3,208.2032
1769717700000,83875.3,84180.0,83875.3,83960.1,142.1087
1769718600000,83960.1,84114.9,83780.9,84062.3,192.1198
1769719500000,84061.5,84364.2,83985.2,84177.7,240.4135
1769720400000,84184.2,84428.0,84169.1,84385.8,237.4507
1769721300000,84383.9,84383.9,84181.4,84326.9,129.3482
1769722200000,84329.2,84440.4,84247.9,84406.9,111.121
1769723100000,84406.8,84615.2,84398.3,84486.5,166.0437
1769724000000,84488.9,84590.2,84266.3,84309.2,151.9636
1769724900000,84309.1,84427.1,84309.1,84399.6,102.7679
1769725800000,84399.5,84444.9,84348.3,84400.0,78.8044
1769726700000,84400.0,84545.2,84350.8,84525.8,66.8015
1769727600000,84525.8,84540.2,84400.0,84438.8,84.9726
1769728500000,84438.7,84627.7,84419.6,84537.3,89.9196
1769729400000,84537.1,84695.3,84537.1,84639.8,225.5415
1769730300000,84639.8,84692.0,84598.6,84605.9,65.1302
1769731200000,84605.9,84694.3,84490.2,84492.4,116.635
1769732100000,84492.4,84510.0,84272.7,84335.2,177.3826
1769733000000,84335.3,84390.0,84224.6,84352.8,142.3981
1769733900000,84352.8,84479.8,84125.0,84148.7,234.3686
1769734800000,84148.8,84151.3,83947.6,84098.2,187.6208
1769735700000,84098.2,84151.9,83474.2,83733.3,534.2993
1769736600000,83733.3,83862.1,81021.2,81994.8,3508.1159
1769737500000,81987.4,82517.8,81562.4,82433.6,1449.6504
1769738400000,82440.7,82510.8,81852.7,81863.0,522.7318
1769739300000,81886.8,82092.4,81205.1,81439.8,973.8764
1769740200000,81440.0,82078.6,81112.4,81950.3,850.6394
1769741100000,81950.3,82125.1,81838.3,82124.7,321.3704
1769742000000,82124.7,82370.3,81996.0,82349.0,319.0806
1769742900000,82349.0,82373.1,82184.3,82320.8,233.6042
1769743800000,82320.6,82488.2,82315.9,82449.4,151.3347
1769744700000,82449.4,82696.5,82384.3,82639.0,310.2061
1769745600000,82639.0,82982.5,82635.1,82981.1,291.1434
1769746500000,82982.0,83277.7,82884.3,82993.9,411.0844
1769747400000,82993.7,83157.8,82843.9,82870.4,242.7458
1769748300000,82870.3,82958.4,82843.5,82896.4,119.3756
1769749200000,82896.4,83000.0,82853.2,82930.4,133.4165
1769750100000,82930.3,83290.0,82875.6,83213.2,197.9314
1769751000000,83213.3,83266.2,83062.2,83062.2,137.7644
1769751900000,83062.2,83097.0,82855.7,82865.2,129.6302
1769752800000,82865.3,82874.4,82716.2,82745.1,293.4433
1769753700000,82745.3,82757.3,82325.5,82373.5,377.7474
1769754600000,82373.1,82450.2,82117.6,82122.3,363.1574
1769755500000,82122.2,82639.0,82022.9,82555.6,469.1878
1769756400000,82555.5,83061.8,82555.5,82906.4,422.3462
1769757300000,82906.1,82963.0,82614.0,82622.7,231.005
1769758200000,82622.6,82690.9,82434.9,82516.8,285.0018
1769759100000,82516.8,82900.9,82500.0,82764.3,222.031
1769760000000,82764.3,82861.0,82548.4,82844.1,190.758
1769760900000,82848.3,82937.8,82648.9,82649.1,166.8709
1769761800000,82649.0,82649.2,82400.8,82550.4,223.347
1769762700000,82550.3,82636.0,82444.0,82624.3,121.9868
1769763600000,82624.4,82791.4,82553.7,82587.2,119.6536
1769764500000,82587.0,82617.8,82200.0,82365.2,306.5258
1769765400000,82365.2,82600.0,82365.2,82434.2,135.8703
1769766300000,82434.1,82434.2,82114.6,82320.0,222.1867
1769767200000,82320.0,82372.5,82132.1,82277.8,168.6989
1769768100000,82277.8,82566.2,82200.0,82474.6,201.8036
1769769000000,82474.6,82610.6,82438.8,82545.1,95.3467
1769769900000,82545.1,82847.8,82523.2,82784.4,253.796
1769770800000,82784.9,82821.3,82695.4,82821.3,119.7632
1769771700000,82821.3,82882.1,82647.6,82692.3,107.4993
1769772600000,82692.4,82930.0,82681.7,82742.3,131.6583
1769773500000,82742.3,83250.0,82633.2,83102.8,361.0541
1769774400000,83101.6,83270.0,82880.8,82886.5,276.4146
1769775300000,82886.8,82913.1,82590.1,82700.3,242.6573
1769776200000,82700.3,82835.9,82625.5,82688.5,121.5543
1769777100000,82688.6,82880.4,82651.9,82747.5,97.6847
1769778000000,82747.5,82812.4,82500.0,82713.8,175.1561
1769778900000,82713.7,82769.1,82602.5,82667.3,70.9252
1769779800000,82675.0,83048.1,82380.0,82881.1,424.7901
1769780700000,82881.1,82884.0,82600.0,82702.6,126.3133
1769781600000,82702.5,83083.4,82693.3,82935.7,226.3733
1769782500000,82935.7,83078.8,82900.0,82949.5,150.6609
1769783400000,82949.6,83611.0,82733.6,83610.8,802.6984
1769784300000,83610.8,83754.0,82863.6,83060.4,816.9482
1769785200000,83060.6,83578.1,82970.8,83275.2,478.4442
1769786100000,83273.9,83532.4,82568.5,82583.0,599.9275
1769787000000,82583.2,83326.5,82338.3,83230.4,770.4626
1769787900000,83230.4,83232.2,82816.8,82852.5,212.1159
1769788800000,82849.0,83128.6,82658.1,83046.2,282.7966
1769789700000,83046.2,83212.9,82512.3,83128.1,383.9574
1769790600000,83126.1,83459.0,83012.1,83352.8,289.5208
1769791500000,83352.7,83360.5,83009.3,83113.5,193.2273
1769792400000,83113.4,83125.3,82602.5,82709.9,303.7408
1769793300000,82709.8,83444.0,82600.0,83342.6,423.0115
1769794200000,83342.6,83342.6,82828.2,83118.8,296.0144
1769795100000,83118.8,83195.0,82901.8,82905.5,107.3056
1769796000000,82905.4,83201.7,82720.0,82829.2,235.2097
1769796900000,82829.2,82860.0,81839.7,82464.4,1016.4741
1769797800000,82464.8,83133.0,82149.0,83098.8,402.0196
1769798700000,83098.8,84140.0,83000.5,83894.2,1032.5306
1769799600000,83894.2,84333.0,83876.5,84101.8,707.2942
1769800500000,84101.8,84490.0,84056.8,84272.8,424.1885
1769801400000,84271.8,84532.0,84107.9,84209.4,351.8849
1769802300000,84209.3,84598.6,84088.9,84200.0,254.4901
1769803200000,84200.0,84227.2,83638.9,83867.1,419.2472
1769804100000,83867.1,84164.9,83503.9,83930.9,414.4159
1769805000000,83928.0,84269.5,83532.4,83942.8,483.6913
1769805900000,83942.8,84086.4,83676.0,83882.0,283.112
1769806800000,83880.7,84028.4,83757.6,84024.4,143.4075
1769807700000,84024.3,84480.3,84022.5,84235.0,282.3303
1769808600000,84234.8,84373.3,84000.9,84185.3,176.0689
1769809500000,84185.1,84390.0,84100.2,84245.3,94.7696
1769810400000,84245.1,84293.7,83973.0,83973.0,87.8663
1769811300000,83973.0,84077.3,83878.5,83904.1,88.0115
1769812200000,83904.0,84052.2,83898.8,83957.5,60.2745
1769813100000,83957.5,84180.6,83909.0,84180.6,67.3989
1769814000000,84180.6,84191.1,83899.3,83979.3,144.161
1769814900000,83979.3,84150.0,83934.4,83999.5,64.9949
1769815800000,83999.4,84192.1,83960.0,84192.1,52.5663
1769816700000,84192.0,84264.3,84155.9,84215.2,115.7758
1769817600000,84215.2,84222.9,84070.0,84134.3,112.7097
1769818500000,84134.2,84200.0,84070.4,84126.9,87.2387
1769819400000,84127.0,84236.0,84089.8,84206.6,51.1402
1769820300000,84206.6,84206.6,83976.0,84030.2,95.0706
1769821200000,84030.2,84210.0,84027.9,84172.5,66.2538
1769822100000,84172.5,84199.6,84089.2,84089.2,41.1304
1769823000000,84089.2,84090.2,83863.4,84011.0,164.243
1769823900000,84011.0,84011.7,83901.3,83968.4,55.3968
1769824800000,83968.5,84007.7,83888.0,83986.3,132.105
1769825700000,83986.3,83990.8,83797.4,83848.7,80.7341
1769826600000,83848.7,84119.7,83775.1,84099.9,136.4574
1769827500000,84100.0,84150.5,84065.0,84086.1,57.5669
1769828400000,84086.0,84175.0,84068.4,84142.0,53.1479
1769829300000,84141.9,84184.6,84093.9,84112.3,44.044
1769830200000,84112.3,84151.2,84017.7,84031.6,58.5281
1769831100000,84031.6,84052.1,83984.5,83984.6,46.3661
1769832000000,83984.6,84053.3,83978.7,84053.2,37.5
1769832900000,84053.1,84102.1,83955.4,84101.7,41.3127
1769833800000,84101.6,84106.3,84029.6,84029.7,26.0902
1769834700000,84029.6,84032.5,83899.8,83960.4,79.125
1769835600000,83960.4,83991.8,83875.7,83991.8,79.874
1769836500000,83991.8,83991.8,83859.0,83949.4,72.8205
1769837400000,83949.3,84049.3,83949.3,83970.1,44.4497
1769838300000,83970.1,84012.5,83933.7,83959.9,22.1595
1769839200000,83959.9,84000.0,83870.9,83947.7,47.0796
1769840100000,83947.8,83997.0,83601.5,83623.1,186.2983
1769841000000,83623.1,83740.0,83623.1,83732.0,144.2185
1769841900000,83731.9,83806.0,83646.5,83740.4,60.4421
1769842800000,83740.4,83765.5,83653.1,83710.0,52.6523
1769843700000,83710.0,83739.0,83635.1,83654.6,72.9427
1769844600000,83654.0,83678.3,83364.0,83439.5,485.1608
1769845500000,83439.5,83535.2,83439.4,83511.1,100.2349
1769846400000,83510.9,83588.9,83144.9,83317.5,644.2247
1769847300000,83317.5,83327.2,83018.0,83062.6,363.3379
1769848200000,83062.7,83083.1,82532.9,82749.9,909.5085
1769849100000,82750.0,83188.5,82674.0,83030.7,565.5497
1769850000000,83030.6,83253.1,83030.6,83102.8,389.6633
1769850900000,83102.6,83150.0,82850.0,82989.5,189.6891
1769851800000,82990.2,83265.5,82990.0,83177.1,172.5286
1769852700000,83177.2,83193.1,83049.6,83074.6,108.4996
1769853600000,83074.6,83136.6,82920.0,82965.1,133.7464
1769854500000,82965.0,83042.8,82877.9,83024.2,112.8955
1769855400000,83024.2,83165.6,83000.4,83138.4,106.0746
1769856300000,83138.3,83150.0,83018.7,83122.1,79.3833
1769857200000,83122.1,83122.1,82950.0,82977.9,87.6526
1769858100000,82977.9,83049.2,82955.9,82961.8,43.8505
1769859000000,82962.4,83034.8,82927.2,82938.1,50.9614
1769859900000,82940.4,82983.1,82813.9,82975.0,113.6948
1769860800000,82975.0,83117.0,82766.2,82806.0,177.5705
1769861700000,82806.0,83049.2,82806.0,82959.1,119.9549
1769862600000,82959.0,82960.0,82773.6,82886.8,88.0054
1769863500000,82887.0,82920.7,82686.0,82736.5,174.942
1769864400000,82736.5,82873.7,82657.4,82761.1,123.1022
1769865300000,82761.1,82880.8,82741.8,82800.2,73.7193
1769866200000,82800.0,82815.8,82427.7,82619.9,422.1979
1769867100000,82619.9,82740.0,82566.7,82736.8,125.7405
1769868000000,82736.6,82898.2,82308.6,82418.9,356.3677
1769868900000,82418.9,82486.5,81236.6,81561.4,1854.0581
1769869800000,81560.5,81598.3,80789.7,80960.3,1688.0675
1769870700000,80960.7,81527.4,80848.6,81450.0,814.6876
1769871600000,81450.0,81737.5,81153.3,81224.3,694.0836
1769872500000,81224.3,81299.0,81054.5,81268.9,455.2154
1769873400000,81268.7,81338.1,81116.2,81301.2,211.5934
1769874300000,81301.0,81480.3,81197.1,81258.0,345.4463
1769875200000,81258.0,81417.6,80691.4,80954.5,767.4443
1769876100000,80954.5,82195.5,80460.9,81066.9,2591.9144
1769877000000,81079.4,81247.3,80879.1,80955.7,477.0485
1769877900000,80955.7,81008.2,80052.0,80321.3,1633.0756
1769878800000,80320.9,80505.4,78090.9,78798.1,4151.3538
1769879700000,78816.1,79384.5,78608.0,79081.7,1348.8014
1769880600000,79081.9,79245.1,78448.1,78882.0,879.805
1769881500000,78882.0,79050.0,78608.4,78857.1,447.6213
1769882400000,78857.1,79107.2,78546.4,78593.8,433.8685
1769883300000,78593.8,78624.4,77967.7,78400.2,911.5849
1769884200000,78400.2,78693.8,75600.0,77508.2,3231.6149
1769885100000,77519.0,78292.5,77062.7,77996.8,2535.0786
1769886000000,77996.6,78522.0,77749.8,78186.8,845.2063
1769886900000,78185.8,78342.1,77777.7,77937.6,451.8148
1769887800000,77937.6,78023.4,77147.5,77484.6,661.5567
1769888700000,77483.1,77952.8,77415.8,77713.0,420.9257
1769889600000,77712.8,77900.0,77459.6,77492.4,282.9305
1769890500000,77488.7,78095.2,77334.5,77345.5,380.743
1769891400000,77345.7,77530.1,77045.0,77479.1,389.5587
1769892300000,77479.5,78055.2,77289.6,77955.7,307.4479
1769893200000,77952.1,78116.8,77575.3,77627.2,344.8268
1769894100000,77627.0,77936.0,77326.8,77792.2,339.9351
1769895000000,77792.0,78226.2,77682.4,78126.9,322.8368
1769895900000,78125.3,78327.1,78054.6,78255.0,225.2131
1769896800000,78257.1,78440.8,78113.1,78146.5,269.768
1769897700000,78146.7,78315.6,78030.8,78300.2,125.5203
1769898600000,78300.4,78389.3,78008.8,78051.7,220.1649
1769899500000,78051.7,78223.6,77935.9,78117.8,140.1499
1769900400000,78118.0,78312.1,78031.9,78188.2,237.4324
1769901300000,78188.4,79199.9,78114.6,78933.3,794.0322
1769902200000,78933.5,79136.8,78724.8,78796.2,282.023
1769903100000,78796.0,78912.1,78611.2,78702.7,217.1509
1769904000000,78702.9,79353.9,78600.0,79301.3,328.2412
1769904900000,79301.3,79384.0,78930.2,79054.4,266.8513
1769905800000,79054.6,79175.5,78714.3,78717.2,231.7478
1769906700000,78719.7,79072.8,78706.5,78852.9,173.4763
1769907600000,78853.1,78901.1,78435.7,78661.3,252.3731
1769908500000,78661.3,78836.8,78345.3,78793.8,238.4438
1769909400000,78793.8,78833.7,78262.3,78301.4,180.4224
1769910300000,78301.2,78522.1,78274.9,78492.0,143.1852
1769911200000,78494.3,78818.1,78337.6,78782.4,132.6191
1769912100000,78780.5,78852.9,78475.0,78596.6,114.3658
1769913000000,78596.6,78772.8,78570.0,78713.9,96.4036
1769913900000,78713.9,79015.4,78681.7,78851.7,130.2664
1769914800000,78855.5,78967.0,78702.0,78825.6,103.4077
1769915700000,78825.6,78854.1,78635.0,78702.0,87.6608
1769916600000,78702.0,78824.9,78639.8,78684.5,69.3853
1769917500000,78687.3,78871.9,78687.3,78826.1,90.3156
1769918400000,78826.1,78969.2,78682.0,78920.8,109.9973
1769919300000,78920.8,79074.8,78854.2,78889.8,151.864
1769920200000,78890.0,78978.2,78869.9,78967.3,62.8978
1769921100000,78967.3,79025.5,78925.1,78925.1,67.3736
1769922000000,78934.8,78970.5,78687.0,78803.7,169.6714
1769922900000,78803.9,78943.9,78685.9,78900.9,124.5968
1769923800000,78900.9,78907.7,78505.8,78539.3,174.194
1769924700000,78539.3,78604.0,78490.7,78577.7,134.2896
1769925600000,78578.4,78683.5,78566.8,78673.4,77.3027
1769926500000,78673.4,78781.3,78647.1,78674.8,77.5436
1769927400000,78674.1,78752.6,78360.2,78482.7,145.7831
1769928300000,78482.9,78482.9,78225.0,78260.1,328.4077
1769929200000,78259.8,78326.2,77940.0,78089.8,425.2187
1769930100000,78088.0,78184.8,77962.9,78180.6,153.6455
1769931000000,78180.6,78685.6,78140.6,78535.0,251.034
1769931900000,78535.0,78553.9,78305.0,78316.6,154.5574
1769932800000,78316.6,78507.3,78315.8,78409.1,109.6448
1769933700000,78408.9,78466.0,78224.7,78465.8,212.451
1769934600000,78465.8,78830.0,78422.0,78829.8,186.5363
1769935500000,78828.9,78830.0,78517.6,78565.8,103.5632
1769936400000,78566.0,78800.0,78510.3,78717.4,85.6399
1769937300000,78717.4,78750.0,78590.6,78641.3,60.4772
1769938200000,78641.3,78877.7,78638.6,78830.6,82.8697
1769939100000,78830.4,79100.0,78700.0,78998.3,174.8456
1769940000000,78998.1,79188.9,78840.6,79138.1,226.5352
1769940900000,79138.1,79138.1,78951.2,78979.5,136.86
1769941800000,78979.4,78991.5,78340.0,78340.0,480.7008
1769942700000,78340.0,78493.0,78109.3,78242.9,364.2139
1769943600000,78244.5,78471.2,78244.5,78465.0,128.1224
1769944500000,78465.1,78465.2,78278.0,78384.7,81.4644
1769945400000,78385.7,78837.5,78385.7,78803.1,241.0171
1769946300000,78803.1,78840.9,78670.5,78703.9,109.2141
1769947200000,78703.9,78730.7,78460.0,78527.5,122.164
1769948100000,78527.7,78586.8,78200.0,78402.7,225.3539
1769949000000,78402.7,78631.0,78314.0,78338.4,148.2828
1769949900000,78338.5,78468.6,78338.5,78420.1,101.3658
1769950800000,78420.2,78700.0,78420.1,78631.3,113.6945
1769951700000,78631.2,78732.3,78560.0,78652.7,69.7547
1769952600000,78652.8,78657.3,78425.3,78495.7,118.2627
1769953500000,78495.7,78626.3,78158.4,78278.5,231.0001
1769954400000,78278.4,78408.0,78065.9,78147.5,281.0033
1769955300000,78147.4,78187.5,77783.4,77828.0,385.4396
1769956200000,77828.0,78109.9,77206.1,77856.6,1178.9057
1769957100000,77856.6,78501.1,77776.5,78180.6,688.5215
1769958000000,78180.4,78224.9,77492.8,77588.1,368.9841
1769958900000,77588.4,77657.9,76900.6,76962.8,879.0689
1769959800000,76958.5,77366.8,76750.0,77136.0,779.8983
1769960700000,77136.5,77850.1,77120.8,77552.6,455.0313
1769961600000,77552.6,77558.7,77063.2,77541.5,483.6181
1769962500000,77541.5,77800.0,77109.3,77499.8,428.6379
1769963400000,77499.7,77724.4,77137.6,77222.9,241.8706
1769964300000,77222.9,77525.0,77096.4,77459.5,222.9122
1769965200000,77459.5,77709.0,77374.8,77603.1,200.2265
1769966100000,77602.9,77709.0,77301.9,77529.5,163.3849
1769967000000,77529.3,77615.9,77262.0,77439.2,144.6667
1769967900000,77439.0,77709.0,77331.2,77709.0,133.8997
1769968800000,77709.0,78249.0,77690.6,78205.7,525.8756
1769969700000,78205.9,78406.6,77960.6,78122.6,311.4889
1769970600000,78122.6,78157.0,77915.4,77953.1,135.349
1769971500000,77953.2,78022.5,77690.0,78000.0,207.8956
1769972400000,78000.0,78073.2,77702.7,77703.7,147.808
1769973300000,77703.9,77774.1,77570.3,77671.0,135.8629
1769974200000,77671.2,77764.1,77458.0,77510.2,134.7906
1769975100000,77510.2,77510.4,76955.8,77142.7,367.4444
1769976000000,77142.9,77275.0,76839.4,77164.2,359.4557
1769976900000,77164.4,77392.5,76570.8,76653.8,473.2219
1769977800000,76655.3,77717.0,76655.3,77384.1,566.7519
1769978700000,77383.9,77400.0,77035.1,77071.6,247.5897
1769979600000,77071.6,77110.7,76419.6,76709.5,652.1067
1769980500000,76709.5,77032.4,76507.6,76957.9,267.6696
1769981400000,76957.7,77140.0,76766.8,76815.9,202.7867
1769982300000,76815.9,76831.4,76320.7,76491.9,592.7499
1769983200000,76491.9,77746.0,76412.9,77452.5,537.9922
1769984100000,77452.5,77460.6,76670.6,77161.8,469.5758
1769985000000,77161.8,77581.8,77104.4,77419.5,241.2341
1769985900000,77419.7,77511.5,77126.7,77215.1,193.5424
1769986800000,77215.1,77300.0,75672.0,76602.0,1971.0726
1769987700000,76600.8,76972.2,76122.5,76774.4,971.7028
1769988600000,76769.9,77606.9,76680.2,77292.6,669.5969
1769989500000,77294.7,77295.9,76851.5,76937.7,405.7031
1769990400000,76937.9,77683.0,76580.4,77513.6,558.7199
1769991300000,77515.6,78062.0,77452.5,77905.4,721.8377
1769992200000,77901.9,78104.6,77713.8,77833.2,305.7582
1769993100000,77835.0,77945.4,77553.5,77638.9,240.2294
1769994000000,77638.9,77920.0,76778.8,76793.8,433.0223
1769994900000,76793.6,77890.7,76579.2,77739.3,586.4836
1769995800000,77739.5,77800.0,77393.3,77679.3,248.9459
1769996700000,77679.3,77722.4,77338.9,77484.6,159.8192
1769997600000,77484.6,77517.2,76932.3,77169.7,275.9189
1769998500000,77169.5,77518.6,77000.0,77090.2,272.8481
1769999400000,77090.0,77225.4,76740.5,76944.8,306.5412
1770000300000,76946.8,76996.4,76412.3,76452.3,409.0876
1770001200000,76451.5,76540.2,75812.0,75852.0,488.4334
1770002100000,75853.4,75886.5,75031.7,75050.6,1854.8923
1770003000000,75052.6,75175.6,74567.1,74605.9,1590.1226
1770003900000,74606.6,76428.4,74570.0,76262.2,1491.4316
1770004800000,76262.2,76283.0,75284.2,75485.6,651.857
1770005700000,75485.6,76476.8,75440.3,76447.5,602.1884
1770006600000,76447.7,76580.0,76127.6,76142.5,375.8796
1770007500000,76142.7,76156.9,75746.7,75854.8,324.007
1770008400000,75854.8,75960.0,75354.2,75483.3,418.817
1770009300000,75483.3,75503.2,74873.0,75047.4,603.1608
1770010200000,75045.7,75344.8,74862.3,75214.7,413.8662
1770011100000,75214.5,75635.9,75062.5,75449.7,345.8412
1770012000000,75449.4,75620.0,75116.8,75600.0,309.5499
1770012900000,75600.0,76043.2,75349.4,75659.4,472.0468
1770013800000,75656.2,76789.6,74904.1,76466.9,1072.871
1770014700000,76465.1,76661.4,76050.0,76500.0,588.2644
1770015600000,76500.0,76800.0,76317.8,76501.4,377.9294
1770016500000,76500.1,76690.0,76284.0,76400.0,382.0678
1770017400000,76400.0,76672.0,76379.6,76524.9,213.8388
1770018300000,76524.7,76925.7,76506.3,76609.0,317.5405
1770019200000,76609.0,76948.9,76580.0,76829.8,228.8474
1770020100000,76831.3,77153.9,76660.9,76747.7,389.2018
1770021000000,76747.5,77016.8,76619.1,76871.5,209.0327
1770021900000,76871.1,77050.0,76800.0,76831.4,126.5019
1770022800000,76835.1,76929.1,76614.8,76754.9,201.8584
1770023700000,76754.7,77328.8,76650.0,77321.2,270.1909
1770024600000,77321.1,77671.7,77178.5,77398.9,477.5737
1770025500000,77398.9,77778.1,77389.4,77666.0,517.3007
1770026400000,77666.0,77816.8,77533.7,77613.4,316.2974
1770027300000,77613.6,77664.3,77421.1,77615.3,208.0284
1770028200000,77615.3,77798.4,77450.9,77557.2,178.8242
1770029100000,77557.0,77572.9,77420.3,77459.6,109.472
1770030000000,77459.7,77729.0,77406.2,77703.0,219.9093
1770030900000,77702.8,77777.0,77557.9,77776.8,107.5149
1770031800000,77777.0,77924.7,77717.1,77798.3,241.2266
1770032700000,77797.4,77923.6,77656.4,77719.1,191.8632
1770033600000,77717.7,77940.0,77665.7,77928.8,178.5258
1770034500000,77928.6,78366.7,77858.2,78131.5,664.4965
1770035400000,78131.5,78155.5,77800.0,77817.2,291.0044
1770036300000,77815.8,78012.5,77768.2,77948.8,183.9672
1770037200000,77948.8,77976.2,77750.8,77940.0,186.2915
1770038100000,77940.0,78089.8,77790.0,77876.0,187.6904
1770039000000,77875.5,77982.5,77773.7,77840.0,160.8571
1770039900000,77839.8,78399.9,77785.1,78174.8,271.4451
1770040800000,78174.4,78256.7,77692.2,77748.2,406.6464
1770041700000,77748.2,78067.1,77588.0,77978.9,319.6491
1770042600000,77978.0,78837.1,77936.6,78467.5,1199.6243
1770043500000,78467.6,78718.8,77674.5,77797.8,796.3206
1770044400000,77802.5,78342.7,77516.6,78246.5,695.4419
1770045300000,78242.9,78894.4,78102.4,78569.5,825.3277
1770046200000,78569.3,79289.5,78382.3,78976.1,974.8012
1770047100000,78976.8,79162.5,78580.3,78797.7,480.0634
1770048000000,78797.3,79138.9,78545.1,79015.0,404.0089
1770048900000,79017.3,79243.7,78816.6,79125.8,392.3619
1770049800000,79125.8,79168.7,78754.6,79013.5,360.5649
1770050700000,79013.3,79027.3,78531.0,78587.5,337.8236
1770051600000,78584.2,78956.5,78550.0,78926.7,245.5103
1770052500000,78926.9,79166.0,78850.6,78916.3,243.2349
1770053400000,78916.3,79152.5,78730.0,78824.2,297.2833
1770054300000,78824.2,79035.0,78743.3,78935.0,113.7598
1770055200000,78935.0,78939.0,78609.3,78658.2,172.0842
1770056100000,78658.2,78691.3,78317.8,78382.4,321.6719
1770057000000,78382.6,78822.4,78355.6,78533.9,218.2046
1770057900000,78533.7,78661.2,78507.7,78523.8,85.6494
1770058800000,78523.7,78655.2,78344.5,78482.3,139.831
1770059700000,78482.3,78575.0,78269.0,78437.9,112.7409
1770060600000,78437.9,78510.4,78280.7,78503.8,114.6287
1770061500000,78504.0,78511.0,78236.0,78303.6,107.6557
1770062400000,78293.0,78634.9,78086.3,78391.2,249.5595
1770063300000,78398.7,78504.0,78313.1,78365.2,88.5864
1770064200000,78365.2,78400.0,78109.1,78150.1,141.6619
1770065100000,78148.5,78228.1,77862.5,77964.6,246.3409
1770066000000,77965.9,78371.0,77875.6,78311.9,250.9336
1770066900000,78312.1,78422.9,78166.1,78251.2,66.1064
1770067800000,78251.2,78517.7,78220.4,78336.1,79.5956
1770068700000,78335.9,78499.4,78294.5,78490.1,109.9939
1770069600000,78493.2,78819.4,78484.2,78712.1,148.4351
1770070500000,78711.9,78713.7,78536.5,78625.0,81.6818
1770071400000,78624.8,78806.1,78595.3,78794.2,58.1083
1770072300000,78794.2,78814.8,78620.0,78761.1,73.0814
1770073200000,78761.1,78796.6,78625.0,78706.8,98.4378
1770074100000,78706.6,78785.1,78519.1,78581.6,121.1336
1770075000000,78581.2,78929.0,78556.1,78860.3,160.7922
1770075900000,78860.5,78860.5,78658.0,78694.5,107.2844
1770076800000,78694.7,78752.9,78368.7,78536.8,160.5608
1770077700000,78537.0,78900.8,78497.4,78881.2,149.5346
1770078600000,78881.2,78930.9,78725.0,78920.6,116.469
1770079500000,78920.4,79080.6,78803.0,79037.6,146.3553
1770080400000,79037.4,79162.4,78762.4,78903.3,253.7317
1770081300000,78903.7,78964.8,78674.6,78872.3,107.3286
1770082200000,78872.1,78914.4,78760.0,78907.1,97.8992
1770083100000,78907.3,78990.0,78820.0,78979.3,63.1472
1770084000000,78979.5,78981.2,78431.0,78494.7,137.1753
1770084900000,78497.8,78810.0,78471.7,78664.0,98.6174
1770085800000,78664.0,78680.3,78340.0,78353.7,150.8841
1770086700000,78353.9,78353.9,77757.9,77771.9,566.054
1770087600000,77774.9,78074.0,77621.4,77995.9,481.202
1770088500000,77995.9,78273.2,77750.0,78263.9,308.2102
1770089400000,78263.9,78588.8,78206.7,78522.9,328.0772
1770090300000,78522.4,78860.0,78472.6,78709.4,406.0457
1770091200000,78709.5,78760.2,78502.5,78725.1,214.607
1770092100000,78723.4,78729.7,78448.9,78472.8,112.7039
1770093000000,78472.6,78960.0,78472.6,78946.7,267.8521
1770093900000,78946.5,78950.0,78751.0,78762.4,124.9385
1770094800000,78762.2,78770.1,78461.3,78464.2,127.4674
1770095700000,78464.0,78487.8,78238.0,78391.3,195.3402
1770096600000,78391.5,78466.4,78266.9,78329.1,90.8472
1770097500000,78329.1,78460.9,78180.9,78198.2,110.7123
1770098400000,78201.8,78280.2,77908.7,78031.8,310.0928
1770099300000,78030.8,78607.5,78002.4,78524.4,339.2208
1770100200000,78524.6,78606.3,78387.5,78429.6,486.941
1770101100000,78429.6,78636.0,78428.6,78558.0,93.7389
1770102000000,78557.2,78850.0,78450.1,78707.6,201.1832
1770102900000,78707.6,78766.7,78526.7,78635.8,146.079
1770103800000,78635.8,78886.7,78606.0,78799.1,137.0201
1770104700000,78798.2,78821.5,78665.0,78749.9,95.7318
1770105600000,78749.9,78880.0,78432.0,78451.6,464.8454
1770106500000,78451.6,78935.7,78420.6,78846.8,289.7167
1770107400000,78846.8,79046.0,78747.2,78968.1,267.1338
1770108300000,78968.0,78973.8,78640.0,78707.5,150.9497
1770109200000,78707.5,78811.2,78130.5,78145.7,430.2425
1770110100000,78146.1,78342.0,77922.0,77922.0,597.2071
1770111000000,77922.0,78376.4,77894.0,78266.3,328.7214
1770111900000,78266.3,78410.9,78169.2,78350.4,157.0127
1770112800000,78350.6,78528.9,78295.0,78490.7,122.6302
1770113700000,78490.5,78521.5,78348.5,78421.6,122.4642
1770114600000,78421.0,78421.0,78075.6,78120.0,218.2836
1770115500000,78120.0,78186.6,78018.8,78072.6,126.0607
1770116400000,78072.8,78216.7,78033.5,78183.5,175.6042
1770117300000,78183.3,78236.5,77977.0,78012.7,163.918
1770118200000,78010.8,78234.7,77954.5,78176.6,174.1582
1770119100000,78176.3,78307.7,78018.9,78036.8,175.3538
1770120000000,78036.6,78275.8,77947.6,78179.2,242.097
1770120900000,78179.4,78294.4,78100.0,78279.8,118.3566
1770121800000,78278.8,78307.0,78163.5,78205.2,122.6247
1770122700000,78205.2,78378.5,78200.0,78290.6,174.9686
1770123600000,78290.6,78424.8,78200.0,78367.9,133.8324
1770124500000,78367.9,78415.0,78150.7,78385.6,138.5284
1770125400000,78385.4,78415.4,78241.3,78256.3,202.7018
1770126300000,78256.5,78375.7,78145.7,78259.9,125.776
1770127200000,78260.1,78371.0,78225.0,78311.4,164.1079
1770128100000,78311.6,78392.6,78040.2,78383.6,315.608
1770129000000,78383.4,78383.4,77630.7,77838.4,1189.2111
1770129900000,77836.8,78167.0,77137.4,77164.4,1567.4838
1770130800000,77164.4,77638.3,77052.6,77137.5,1061.5748
1770131700000,77143.2,78067.1,77004.9,77696.7,1442.4774
1770132600000,77697.8,78172.4,77444.2,77444.4,828.8722
1770133500000,77444.2,78157.2,77283.1,78096.1,707.8153
1770134400000,78096.3,78099.4,77302.2,77319.4,606.9476
1770135300000,77332.4,77376.2,76650.3,76654.4,1681.7718
1770136200000,76653.0,76872.8,76508.5,76730.0,986.2305
1770137100000,76730.0,76839.4,76448.4,76458.4,548.3432
1770138000000,76458.6,76518.8,75653.9,75666.0,1259.5621
1770138900000,75667.1,76071.9,75663.2,75863.5,1001.5138
1770139800000,75863.3,75926.4,75116.7,75116.9,1049.3246
1770140700000,75116.7,75363.8,74850.0,74872.7,1262.5414
1770141600000,74875.9,75271.8,74650.0,74650.1,1288.7125
1770142500000,74650.0,74822.8,73970.5,74076.8,2578.8062
1770143400000,74076.7,74278.5,73680.4,73698.8,1425.1655
1770144300000,73698.2,73780.0,73112.5,73116.8,1841.2518
1770145200000,73116.0,74845.0,72873.1,74539.6,2375.6608
1770146100000,74536.0,75212.7,74221.1,74890.8,1815.4576
1770147000000,74894.3,75200.0,74750.1,74869.0,750.4402
1770147900000,74868.2,75022.6,74320.0,74893.7,845.1012
1770148800000,74893.2,75049.3,74555.0,74672.5,363.7682
1770149700000,74671.9,75824.0,74543.9,75620.2,981.9258
1770150600000,75620.1,76572.5,75595.3,76351.7,1618.0435
1770151500000,76351.7,76678.7,76144.5,76430.6,416.0901
1770152400000,76430.4,76916.3,76410.2,76744.8,672.3701
1770153300000,76745.0,76776.6,76325.0,76458.2,355.5405
1770154200000,76458.4,76617.6,76193.3,76329.7,264.8267
1770155100000,76329.5,76435.0,76091.3,76199.9,197.7492
1770156000000,76199.7,76266.3,75729.0,75809.3,545.0198
1770156900000,75806.7,76046.1,75476.2,75995.1,411.1858
1770157800000,75995.9,76058.6,75761.3,75773.2,202.0757
1770158700000,75772.0,75777.6,75370.6,75674.2,321.4073
1770159600000,75674.2,75735.0,75390.8,75734.9,299.5119
1770160500000,75734.8,75920.0,75605.9,75712.8,198.3973
1770161400000,75712.6,75963.7,75643.8,75825.2,194.4956
1770162300000,75825.3,75833.0,75514.6,75733.0,174.1072
1770163200000,75733.0,75742.9,75422.7,75432.3,213.1375
1770164100000,75432.3,76015.8,75432.1,75985.8,235.6616
1770165000000,75985.6,76229.0,75911.4,76021.2,229.4062
1770165900000,76028.4,76218.6,75842.7,75875.7,175.077
1770166800000,75875.7,76529.0,75875.7,76489.9,323.0194
1770167700000,76489.7,76553.1,76310.0,76425.0,155.2227
1770168600000,76424.8,76749.9,76392.3,76662.0,266.6147
1770169500000,76662.8,76680.1,76239.7,76391.1,221.7841
1770170400000,76391.1,76566.4,76301.9,76343.2,231.8594
1770171300000,76350.0,76571.5,76142.2,76157.0,211.7782
1770172200000,76156.8,76156.8,75670.8,75964.2,284.8762
1770173100000,75958.6,76050.0,75729.7,75927.4,190.3956
1770174000000,75927.4,76635.6,75874.6,76605.5,287.0103
1770174900000,76603.0,76673.0,76343.2,76353.0,208.506
1770175800000,76353.0,76943.0,76349.6,76652.7,418.2348
1770176700000,76652.6,76742.3,76616.3,76665.9,125.4295
1770177600000,76665.9,76797.1,76574.8,76700.1,117.1461
1770178500000,76700.1,76700.3,76491.7,76558.9,90.7555
1770179400000,76559.1,76731.9,76556.9,76559.0,91.3032
1770180300000,76558.8,76559.0,76383.6,76447.8,129.6825
1770181200000,76449.6,76499.2,76385.2,76449.1,76.243
1770182100000,76449.1,76497.8,76321.0,76435.6,116.7305
1770183000000,76434.3,76434.8,76212.7,76223.4,105.882
1770183900000,76223.6,76300.0,76074.0,76256.5,148.4782
1770184800000,76256.5,76548.2,76228.9,76520.4,186.6311
1770185700000,76520.4,76536.7,76366.3,76453.4,162.68
1770186600000,76452.5,76715.5,76404.9,76682.5,226.4635
1770187500000,76682.7,76755.1,76542.4,76617.5,217.0936
1770188400000,76617.5,76628.3,76310.0,76584.2,233.3491
1770189300000,76584.0,76585.3,76358.5,76417.9,127.9074
1770190200000,76418.1,76594.0,76343.0,76519.9,138.9366
1770191100000,76519.9,76561.4,76415.0,76481.5,80.4313
1770192000000,76482.1,76504.0,76183.7,76368.7,226.5072
1770192900000,76366.0,76479.8,76050.0,76087.9,222.7448
1770193800000,76087.7,76358.8,76038.0,76335.3,272.4063
1770194700000,76335.2,76560.0,76328.1,76545.8,189.761
1770195600000,76546.0,76566.0,76275.9,76279.1,773.5886
1770196500000,76279.1,76309.6,76074.1,76120.4,244.5543
1770197400000,76120.6,76201.9,75921.2,76060.7,355.6586
1770198300000,76057.6,76200.0,76038.5,76086.1,529.3295
1770199200000,76086.1,76194.6,76030.0,76119.8,136.7231
1770200100000,76119.8,76197.7,76067.4,76072.8,87.4953
1770201000000,76072.8,76300.4,76065.4,76234.4,164.5044
1770201900000,76234.4,76300.0,76180.3,76266.2,91.8285
1770202800000,76266.4,76266.8,75694.8,75784.7,603.6747
1770203700000,75784.7,76035.6,75630.8,75816.8,368.1058
1770204600000,75816.6,76206.1,75808.0,75999.8,233.864
1770205500000,75999.8,76177.0,75942.2,75991.3,181.8669
1770206400000,75991.3,76193.6,75987.8,76091.1,190.1692
1770207300000,76092.0,76234.9,75976.4,76040.8,189.7002
1770208200000,76040.8,76227.2,76024.4,76152.1,221.5422
1770209100000,76152.1,76166.4,76037.1,76151.3,89.0824
1770210000000,76151.1,76160.8,76040.0,76075.2,152.8729
1770210900000,76075.2,76089.6,75728.7,75828.3,354.0724
1770211800000,75828.5,75913.5,75268.2,75323.7,614.7766
1770212700000,75323.7,75417.3,74827.8,74835.6,956.768
1770213600000,74834.2,75322.6,74766.0,75312.8,736.6861
1770214500000,75312.9,75539.7,75175.2,75261.7,508.2392
1770215400000,75261.5,75738.7,74660.0,75167.3,1394.2027
1770216300000,75167.5,75489.0,74210.2,74316.9,1175.8583
1770217200000,74320.0,75077.0,73816.4,74826.5,1880.4768
1770218100000,74826.4,75280.8,74471.5,74874.4,878.2033
1770219000000,74872.0,74955.9,73759.9,74319.1,1317.8854
1770219900000,74321.9,74408.0,73848.7,74096.3,689.4975
1770220800000,74103.1,74182.7,73570.9,73856.3,992.9375
1770221700000,73858.7,74201.7,73361.6,74105.6,1042.42
1770222600000,74107.7,74195.2,73058.0,73075.5,996.5609
1770223500000,73074.4,73845.0,73038.0,73610.9,869.878
1770224400000,73611.1,73824.3,72791.1,73568.7,1260.7136
1770225300000,73570.1,73816.6,72377.2,72450.8,1418.1051
1770226200000,72452.1,72935.9,72151.6,72732.6,1686.0852
1770227100000,72732.5,72872.5,72239.0,72543.4,767.6513
1770228000000,72543.4,73250.0,72233.6,72840.1,1122.9984
1770228900000,72840.1,73579.2,72630.7,73386.1,708.6279
1770229800000,73386.3,74099.3,73239.0,73968.2,1192.7597
1770230700000,73967.1,73992.0,73361.0,73398.3,451.7116
1770231600000,73398.3,73895.0,73360.5,73504.0,380.6918
1770232500000,73504.4,73746.7,73061.5,73128.7,463.3304
1770233400000,73128.9,73603.4,73007.1,73578.1,334.994
1770234300000,73578.1,73981.7,73400.0,73894.2,427.8868
1770235200000,73893.2,74122.5,73453.7,73503.0,436.6582
1770236100000,73502.9,73809.1,73502.9,73566.9,197.5037
1770237000000,73564.7,73679.7,73400.0,73622.0,172.0915
1770237900000,73621.8,73658.8,73465.0,73485.4,107.4627
1770238800000,73482.8,73627.5,73274.5,73533.0,243.2355
1770239700000,73534.6,73557.4,73056.3,73056.5,204.9688
1770240600000,73056.3,73322.5,72509.4,72611.2,299.0852
1770241500000,72612.3,72826.1,72169.8,72773.9,773.1502
1770242400000,72774.0,72832.7,71840.0,72308.1,1012.5717
1770243300000,72305.1,73650.0,72296.8,73476.2,689.5444
1770244200000,73476.2,73501.0,72675.0,72760.6,572.4069
1770245100000,72757.4,73058.4,72394.8,72511.0,338.0152
1770246000000,72506.6,72827.0,72430.0,72822.3,272.8242
1770246900000,72819.0,73353.5,72741.8,73348.2,502.5921
1770247800000,73348.2,73480.0,73190.2,73343.6,305.9901
1770248700000,73343.6,73483.5,73110.0,73138.0,196.1088
1770249600000,73137.7,73194.6,72742.1,72751.3,274.1236
1770250500000,72751.3,73298.0,72721.0,73219.7,325.1705
1770251400000,73211.2,73211.2,72870.0,73070.2,196.4984
1770252300000,73070.0,73140.8,72783.5,72836.4,167.046
1770253200000,72836.2,73309.0,72780.0,73135.2,229.8305
1770254100000,73135.2,73135.4,71947.0,72933.4,949.8147
1770255000000,72934.1,73159.5,72233.3,72594.4,603.9237
1770255900000,72594.4,72764.8,72370.0,72386.1,244.0243
1770256800000,72384.8,72522.0,71989.6,72008.7,577.3355
1770257700000,72008.5,72351.2,71650.0,72290.7,1008.5773
1770258600000,72295.1,72817.7,72230.0,72545.6,451.7293
1770259500000,72545.3,72583.0,71271.5,71432.3,1106.6159
1770260400000,71431.8,71850.0,71321.9,71490.1,1048.0371
1770261300000,71489.9,71740.0,71250.0,71492.3,617.268
1770262200000,71492.9,71585.6,71262.0,71416.5,451.2712
1770263100000,71416.5,71499.1,71122.8,71196.2,518.3724
1770264000000,71196.1,71408.5,70699.0,70913.2,1349.3034
1770264900000,70918.1,71323.9,70684.3,70997.9,894.3501
1770265800000,70993.8,71370.9,70840.1,71325.5,635.0881
1770266700000,71325.5,71336.4,70706.0,70848.2,545.3016
1770267600000,70851.2,71047.6,70622.6,70807.0,710.1725
1770268500000,70805.0,70939.1,70112.3,70399.7,1409.7595
1770269400000,70396.3,71120.8,70299.4,70982.6,867.9817
1770270300000,70981.5,71017.8,70552.9,70695.7,624.4879
1770271200000,70695.7,70870.0,70432.4,70630.0,389.313
1770272100000,70630.0,70803.1,70402.9,70489.9,393.3788
1770273000000,70489.9,70950.1,70486.6,70851.1,360.0742
1770273900000,70851.3,70949.1,70543.7,70912.8,363.3194
1770274800000,70913.0,71596.9,70874.2,71065.5,823.1466
1770275700000,71065.5,71541.8,70962.0,71378.9,391.9644
1770276600000,71378.9,71402.8,70912.8,71110.1,378.8937
1770277500000,71110.1,71174.3,70603.4,70712.4,356.4991
1770278400000,70714.7,71067.2,70644.1,71046.2,377.2701
1770279300000,71046.2,71469.4,70922.6,71308.7,394.333
1770280200000,71307.6,71500.0,71210.6,71215.0,373.1426
1770281100000,71212.1,71299.8,71001.5,71024.0,227.3293
1770282000000,71023.8,71831.7,71008.3,71782.0,676.8744
1770282900000,71782.5,71936.0,71590.9,71701.7,491.5913
1770283800000,71700.5,71782.1,71413.3,71449.6,404.9642
1770284700000,71449.8,71702.4,71410.0,71531.6,202.4315
1770285600000,71531.4,71623.5,71280.5,71460.8,278.9756
1770286500000,71460.6,71690.7,71390.0,71684.9,199.4782
1770287400000,71682.4,71694.5,71324.2,71327.7,177.1044
1770288300000,71327.5,71346.5,70615.3,70819.5,871.0515
1770289200000,70819.5,71020.0,70666.4,70750.4,415.5501
1770290100000,70750.4,70926.4,69926.2,70034.4,1791.4327
1770291000000,70034.2,70691.2,69850.0,70451.0,1184.1248
1770291900000,70450.8,70564.5,70158.8,70291.5,509.5719
1770292800000,70291.5,70573.0,69880.7,69887.1,665.175
1770293700000,69885.6,69909.3,69124.3,69608.7,2543.1159
1770294600000,69609.4,69813.1,69180.0,69306.1,932.0298
1770295500000,69305.6,69728.8,69174.2,69535.9,815.0289
1770296400000,69536.2,69834.0,69384.6,69455.0,436.7774
1770297300000,69455.2,69569.7,69225.3,69259.2,401.2514
1770298200000,69257.3,69628.1,69231.0,69399.5,595.1432
1770299100000,69399.3,69721.1,69351.9,69655.6,393.4124
1770300000000,69655.6,70287.4,69655.6,69711.5,1144.8919
1770300900000,69717.9,70114.6,69456.0,70077.0,575.2798
1770301800000,70077.4,70821.6,69891.7,70402.8,1325.0074
1770302700000,70402.6,70741.9,69257.5,69368.8,1245.3551
1770303600000,69366.1,69568.1,67951.9,67961.1,3305.6216
1770304500000,67959.5,68679.4,66751.4,66805.3,4411.5616
1770305400000,66805.7,67777.0,66666.3,67464.1,2991.29
1770306300000,67474.2,68225.2,66964.9,67451.3,2008.765
1770307200000,67452.6,67737.7,66910.6,67015.9,1257.6387
1770308100000,67016.3,68217.5,67010.0,68129.1,1380.8362
1770309000000,68129.0,68422.9,67782.5,67828.0,1070.1192
1770309900000,67829.5,68647.0,67534.0,68266.3,1075.04
1770310800000,68266.3,68357.2,67130.0,67225.6,1209.1959
1770311700000,67227.1,67636.3,66408.5,67380.2,1981.0843
1770312600000,67377.4,67500.0,66500.0,67081.7,1230.7361
1770313500000,67081.1,67300.0,66125.7,66152.6,1161.6512
1770314400000,66153.8,66511.8,66135.6,66414.7,948.5303
1770315300000,66414.7,66500.0,65444.5,65797.6,2128.9988
1770316200000,65800.0,65998.6,65463.0,65738.8,960.6032
1770317100000,65730.6,66441.8,65355.5,66312.9,1075.1688
1770318000000,66311.4,66611.8,65997.5,66284.2,711.6816
1770318900000,66276.7,66545.3,65583.9,65819.7,713.9178
1770319800000,65821.6,66132.8,65655.0,65783.9,524.0447
1770320700000,65783.9,65903.8,65155.5,65236.5,883.1656
1770321600000,65236.6,65673.6,64961.8,65013.9,951.5529
1770322500000,65014.0,65060.9,63341.8,63829.3,3923.7436
1770323400000,63821.2,64114.1,63079.3,63641.8,2319.5661
1770324300000,63633.2,63849.6,62290.0,63753.0,2844.2602
1770325200000,63745.6,64749.8,63372.0,63409.9,2383.816
1770326100000,63409.9,64196.1,62855.0,63947.6,1326.1681
1770327000000,63952.2,64221.8,63281.0,63669.8,1006.7528
1770327900000,63670.6,63992.7,63010.6,63195.3,770.3628
1770328800000,63195.2,63730.8,62680.6,63502.8,766.2739
1770329700000,63506.4,64279.0,62657.4,64080.4,850.5722
1770330600000,64082.2,64577.8,63600.0,64001.8,857.1881
1770331500000,64001.8,64500.0,63686.9,63882.4,563.1006
1770332400000,63880.9,64859.0,63763.2,64543.0,873.8532
1770333300000,64543.1,64689.4,64000.0,64369.1,442.418
1770334200000,64352.1,64483.6,63418.7,63432.4,599.1475
1770335100000,63432.0,63571.1,62685.1,62872.7,847.7667
1770336000000,62871.8,63033.2,60000.0,60228.8,3060.0913
1770336900000,60228.8,61759.4,59809.1,61315.7,3193.7207
1770337800000,61307.0,63369.0,61266.0,62916.0,1842.7308
1770338700000,62915.8,63810.9,62472.1,63460.9,1355.2335
1770339600000,63461.1,64877.0,63458.8,64279.2,1413.9861
1770340500000,64280.0,64458.8,63940.0,64060.0,642.5066
1770341400000,64060.0,64760.3,63975.0,64690.0,496.8509
1770342300000,64689.8,65698.0,64533.1,65664.4,1140.9812
1770343200000,65664.4,65967.0,64676.1,64824.4,978.1969
1770344100000,64828.1,65088.0,64211.0,64573.8,814.527
1770345000000,64573.6,65369.0,64413.8,65148.9,597.9528
1770345900000,65147.8,65238.3,64665.9,64957.3,445.2151
1770346800000,64958.2,65123.1,64338.0,64395.4,378.4881
1770347700000,64395.4,64889.0,64379.7,64665.8,342.2711
1770348600000,64664.7,64899.7,64425.7,64455.7,207.6482
1770349500000,64455.7,64491.3,63750.0,64140.6,831.8725
1770350400000,64140.6,64554.6,63930.5,64462.2,459.3203
1770351300000,64462.0,64981.0,64390.4,64873.4,352.1984
1770352200000,64872.3,64897.2,64522.8,64736.5,259.6668
1770353100000,64736.5,64957.6,64729.1,64879.2,181.9697
1770354000000,64873.5,65574.6,64769.1,65495.3,540.4802
1770354900000,65489.5,65669.3,65260.6,65424.2,405.3108
1770355800000,65424.2,65959.2,65350.0,65932.6,425.1419
1770356700000,65932.6,66780.0,65724.3,66366.0,1208.3172
1770357600000,66366.0,66742.3,66123.8,66136.5,580.953
1770358500000,66136.7,66145.9,65540.0,65798.9,540.8281
1770359400000,65797.4,65809.1,64914.7,65046.6,663.6812
1770360300000,65046.4,65213.8,64818.2,64950.6,651.7761
1770361200000,64948.8,65047.8,64600.0,64999.9,655.3237
1770362100000,64999.9,65317.6,64761.8,64956.4,557.7479
1770363000000,64956.4,65500.3,64869.7,65165.4,480.6688
1770363900000,65162.6,65181.6,64610.0,64808.5,420.9443
1770364800000,64811.8,65157.5,64458.7,65063.6,525.2878
1770365700000,65065.1,65164.4,64716.8,64775.8,299.0735
1770366600000,64780.2,64880.6,64480.0,64724.0,451.4597
1770367500000,64724.2,65096.0,64675.0,64855.4,280.9054
1770368400000,64855.6,65170.6,64719.6,65075.6,210.5671
1770369300000,65070.6,65626.1,64974.6,65585.5,497.4933
1770370200000,65585.3,66054.8,65545.0,65829.7,639.9891
1770371100000,65828.7,66125.9,65567.4,65757.8,398.5551
1770372000000,65758.0,65900.0,65507.6,65780.9,314.7134
1770372900000,65780.9,66184.3,65780.8,65985.8,800.4988
1770373800000,65984.9,66117.3,65913.7,66030.2,274.0179
1770374700000,66030.2,66062.6,65770.2,65927.4,265.2232
1770375600000,65926.8,65965.9,65738.0,65908.9,203.2805
1770376500000,65906.9,66055.0,65812.0,66025.3,221.0002
1770377400000,66025.1,66380.4,65975.0,66275.8,716.7958
1770378300000,66275.8,66694.8,66123.3,66587.9,1004.1219
1770379200000,66585.1,66585.1,66200.0,66376.6,338.9498
1770380100000,66376.4,66442.1,66170.0,66351.7,233.7547
1770381000000,66351.1,66369.6,66075.6,66301.3,271.2132
1770381900000,66303.7,66569.0,66272.2,66520.4,236.8692
1770382800000,66524.9,67047.7,66441.4,66997.1,799.1525
1770383700000,66996.4,67444.0,66777.0,66897.5,868.0163
1770384600000,66895.3,67341.5,66732.5,67200.1,621.4509
1770385500000,67200.0,67650.0,67185.2,67273.3,577.8182
1770386400000,67273.3,67367.0,66847.6,67152.3,499.8177
1770387300000,67152.7,67155.2,66603.5,67065.0,499.8748
1770388200000,67076.3,68326.0,67000.9,68257.8,1909.4759
1770389100000,68257.0,68587.9,67874.9,68143.7,1126.6743
1770390000000,68145.7,68546.7,67728.4,67887.5,849.8954
1770390900000,67887.8,68490.0,67791.6,68127.3,624.3356
1770391800000,68129.2,68806.3,68007.9,68762.7,742.5022
1770392700000,68765.5,69150.0,68306.0,68580.0,988.2712
1770393600000,68579.3,69410.2,68374.2,69225.6,830.9491
1770394500000,69225.6,69757.9,69099.3,69470.6,1015.5873
1770395400000,69465.9,69763.9,69366.8,69750.3,699.9365
1770396300000,69751.4,70188.0,69608.9,69906.7,1161.4078
1770397200000,69903.2,70287.2,69546.1,70185.2,754.6371
1770398100000,70185.2,70985.4,70109.4,70871.3,1091.2684
1770399000000,70871.3,71450.0,70700.0,71031.6,1237.7119
1770399900000,71031.5,71230.0,70490.0,70711.6,670.5993
1770400800000,70711.6,70776.7,69638.5,70012.1,1183.9962
1770401700000,70012.1,70068.4,69300.0,69522.8,689.4013
1770402600000,69522.8,70249.3,69355.0,69950.8,616.2728
1770403500000,69950.8,70167.8,69711.2,69728.7,341.1409
1770404400000,69728.7,70153.9,69679.9,69789.5,290.5658
1770405300000,69788.1,70444.6,69616.6,70218.3,416.9958
1770406200000,70219.2,70460.0,70101.2,70354.4,207.0446
1770407100000,70354.4,70900.0,70354.0,70681.7,431.9799
1770408000000,70680.4,70801.2,70331.1,70456.4,333.8487
1770408900000,70456.2,70632.0,70179.1,70535.7,212.5143
1770409800000,70535.9,70947.5,70115.4,70223.3,453.0754
1770410700000,70233.6,70550.0,69946.6,69946.7,318.827
1770411600000,69946.6,70168.8,69782.1,69958.2,279.3902
1770412500000,69958.5,70459.2,69900.0,70351.5,226.6699
1770413400000,70349.7,70350.0,70064.0,70237.9,123.8577
1770414300000,70237.7,70402.3,70206.4,70317.6,84.5579
1770415200000,70317.6,70731.6,70230.6,70395.4,283.2441
1770416100000,70395.2,70779.4,70379.7,70773.0,219.9423
1770417000000,70778.9,71430.5,70769.0,71149.5,563.0405
1770417900000,71149.5,71541.0,71020.0,71313.4,550.6649
1770418800000,71313.4,71714.9,71022.9,71083.1,485.8784
1770419700000,71084.9,71084.9,70500.0,70535.8,487.2836
1770420600000,70537.1,70830.0,70517.7,70608.3,187.8962
1770421500000,70608.3,70737.6,70465.6,70537.7,129.47
1770422400000,70532.1,70561.4,69974.6,70232.2,492.4991
1770423300000,70236.6,70410.0,70026.0,70067.2,262.3887
1770424200000,70064.7,70134.0,69680.0,69681.9,414.4722
1770425100000,69682.0,70291.8,69663.8,69916.5,367.5139
1770426000000,69916.7,70050.4,69700.1,69807.8,251.1652
1770426900000,69807.8,70139.1,69787.0,69949.2,192.4921
1770427800000,69949.4,70298.7,69897.8,70246.7,172.6768
1770428700000,70246.5,70641.4,70225.5,70431.8,320.3212
1770429600000,70429.6,70589.7,70302.3,70384.6,150.3632
1770430500000,70384.8,70544.0,70271.8,70402.6,116.9222
1770431400000,70402.6,70511.6,70355.1,70409.1,101.5197
1770432300000,70409.1,70409.3,70107.7,70315.2,191.0468
1770433200000,70316.5,70767.6,70230.4,70699.6,238.4561
1770434100000,70699.3,70846.8,70531.2,70817.0,262.9378
1770435000000,70817.0,70817.0,70538.0,70687.5,362.2947
1770435900000,70687.3,70884.6,70580.7,70881.5,162.0065
1770436800000,70881.5,71270.0,70794.6,71178.8,615.3487
1770437700000,71175.2,71641.0,71040.0,71111.8,714.5521
1770438600000,71109.8,71222.2,70630.1,70664.5,472.0262
1770439500000,70664.3,70762.7,70560.0,70726.4,232.7173
1770440400000,70723.9,70899.9,70620.2,70875.6,222.6007
1770441300000,70875.8,71149.0,70136.6,70232.3,589.0487
1770442200000,70227.4,70379.1,70073.1,70198.8,588.2067
1770443100000,70199.0,70256.6,69918.4,70127.5,403.7971
1770444000000,70127.3,70279.6,69938.6,70073.4,333.7305
1770444900000,70069.6,70244.7,69849.7,70181.4,289.5734
1770445800000,70180.0,70273.2,69950.0,70043.8,220.4493
1770446700000,70043.7,70051.8,68718.3,68734.4,1773.0608
1770447600000,68738.5,69056.6,67919.0,67919.0,1794.5419
1770448500000,67919.1,68200.0,67300.0,67991.8,2203.5326
1770449400000,67991.3,68663.4,67521.0,68441.1,1172.7493
1770450300000,68445.3,68446.9,67872.0,68055.0,677.0503
1770451200000,68057.7,68442.4,67731.3,68219.9,761.8542
1770452100000,68219.9,68636.4,68082.2,68383.0,584.1833
1770453000000,68382.8,68758.2,68303.8,68322.6,478.1183
1770453900000,68322.6,68689.7,68322.6,68468.0,220.7996
1770454800000,68468.4,68737.2,68408.1,68728.9,266.289
1770455700000,68724.3,68740.0,68436.4,68440.7,213.0755
1770456600000,68440.5,68450.0,67988.3,68100.1,511.0117
1770457500000,68100.1,68145.0,67870.6,68113.8,388.7804
1770458400000,68110.9,68271.9,67876.0,67938.0,295.1201
1770459300000,67939.8,68106.0,67831.0,67923.3,253.1199
1770460200000,67918.9,68045.0,67593.1,67771.4,377.3644
1770461100000,67771.6,68018.4,67579.9,67964.9,308.2889
1770462000000,67962.7,68129.5,67875.0,67925.0,248.0196
1770462900000,67925.0,68072.0,67842.5,67902.4,148.8812
1770463800000,67901.0,68024.4,67766.6,67793.9,141.8093
1770464700000,67800.1,68003.0,67678.1,67947.8,306.645
1770465600000,67942.8,68938.1,67881.2,68818.0,1282.8378
1770466500000,68817.8,69966.8,68691.1,69286.3,1613.6619
1770467400000,69285.3,69920.0,69099.4,69124.0,874.9068
1770468300000,69125.0,69284.7,68771.8,68993.4,652.169
1770469200000,68996.8,69228.0,68867.4,68956.4,362.3545
1770470100000,68957.1,69238.7,68894.4,69215.7,273.8292
1770471000000,69216.7,69332.6,68782.1,68866.3,379.4823
1770471900000,68866.3,69083.9,68835.6,69059.9,187.3191
1770472800000,69060.0,69150.0,68909.1,68980.7,188.4169
1770473700000,68977.1,69117.4,68817.9,68931.0,236.6745
1770474600000,68929.0,69007.3,68427.4,68774.4,558.4308
1770475500000,68774.5,68800.0,68342.7,68616.1,456.0471
1770476400000,68616.3,69149.9,68527.0,69074.3,514.7017
1770477300000,69085.3,69445.0,68942.2,69233.3,599.5245
1770478200000,69234.2,69713.8,69142.4,69274.4,595.195
1770479100000,69285.5,69448.7,69026.6,69120.4,358.89
1770480000000,69120.4,69849.4,68979.0,69421.0,2163.8805
1770480900000,69422.4,69710.0,69233.5,69272.3,713.3184
1770481800000,69272.3,69445.0,69104.0,69299.8,162.311
1770482700000,69301.2,69330.0,68810.0,68923.9,313.1343
1770483600000,68923.9,69056.7,68622.5,68723.0,337.4559
1770484500000,68723.0,69101.9,68552.0,69038.1,255.3487
1770485400000,69050.0,69382.4,68914.8,69269.6,343.7642
1770486300000,69269.6,69304.0,69024.5,69157.1,244.0437
1770487200000,69157.1,69250.0,68976.6,68982.3,125.4409
1770488100000,69013.7,69501.2,68989.7,69322.0,242.1352
1770489000000,69323.2,69626.0,69236.2,69480.2,223.5727
1770489900000,69476.4,69659.0,69382.4,69475.1,164.9386
1770490800000,69475.1,69543.7,69252.8,69322.1,152.116
1770491700000,69315.9,69511.8,69308.2,69393.3,100.5425
1770492600000,69393.5,69461.4,69252.0,69315.5,91.7068
1770493500000,69310.0,69468.0,69233.1,69340.3,106.2446
1770494400000,69340.3,69388.8,69213.1,69280.4,100.8885
1770495300000,69280.2,69451.5,69255.6,69405.8,77.5342
1770496200000,69405.8,69595.0,69340.0,69506.1,92.8563
1770497100000,69506.1,69689.2,69480.0,69596.9,122.8175
1770498000000,69596.9,69664.6,69416.8,69494.1,88.6712
1770498900000,69492.8,69578.1,69383.0,69462.1,76.9893
1770499800000,69459.0,69615.0,69430.0,69430.1,75.608
1770500700000,69430.0,69468.9,69314.3,69468.9,115.3167
1770501600000,69468.7,69663.8,69421.3,69516.8,106.3464
1770502500000,69516.8,69539.2,69377.0,69539.2,69.4853
1770503400000,69539.2,69539.8,69328.4,69366.5,59.1963
1770504300000,69366.5,69450.9,69285.0,69371.1,65.0369
1770505200000,69376.6,69398.8,68824.8,69032.2,365.2846
1770506100000,69032.4,69089.5,68739.8,69000.5,219.7836
1770507000000,69000.5,69258.1,69000.3,69219.2,177.0261
1770507900000,69219.4,69427.0,69213.5,69253.9,130.1304
1770508800000,69254.6,69397.5,69128.0,69324.4,112.0087
1770509700000,69324.4,69324.6,68971.4,69009.9,161.1546
1770510600000,69009.7,69133.1,68847.2,68930.2,146.2131
1770511500000,68931.6,69161.1,68865.5,69101.4,123.2203
1770512400000,69101.4,69366.0,69064.6,69346.8,155.8252
1770513300000,69346.5,69346.7,69089.2,69117.9,97.8464
1770514200000,69118.0,69332.0,69056.3,69295.2,87.0592
1770515100000,69295.2,69472.8,69225.6,69345.5,136.2748
1770516000000,69345.8,69462.0,69206.9,69377.2,131.2627
1770516900000,69376.7,69675.6,69326.4,69398.9,267.7604
1770517800000,69401.2,69506.2,69222.0,69289.5,155.034
1770518700000,69289.3,69361.7,69133.2,69338.7,109.0105
1770519600000,69338.5,69401.0,69161.9,69220.0,139.2137
1770520500000,69220.0,69350.4,69185.0,69300.0,81.7824
1770521400000,69300.0,69388.0,69200.0,69227.6,90.1055
1770522300000,69226.3,69272.4,69026.7,69065.8,119.7603
1770523200000,69065.8,69186.7,69010.6,69032.8,83.0723
1770524100000,69030.5,69296.0,68934.0,69202.0,216.135
1770525000000,69204.1,69256.7,69083.9,69205.6,66.45
1770525900000,69205.6,69324.4,69158.0,69308.3,48.0523
1770526800000,69308.3,69368.0,69200.0,69343.7,140.6142
1770527700000,69343.9,69389.5,69184.0,69239.3,77.3325
1770528600000,69239.3,69239.3,69114.5,69156.6,86.3742
1770529500000,69156.6,69216.3,69130.6,69192.1,71.2899
1770530400000,69192.1,69345.0,69053.9,69302.5,132.7536
1770531300000,69305.4,69371.9,69193.2,69325.7,230.403
1770532200000,69325.7,69325.7,69211.8,69289.5,73.984
1770533100000,69289.5,69373.8,69240.0,69317.9,82.4412
1770534000000,69318.1,69381.7,69180.8,69347.9,166.1423
1770534900000,69347.9,69450.0,69300.2,69419.1,163.8349
1770535800000,69419.3,69577.4,69371.9,69465.4,177.2168
1770536700000,69465.6,69675.5,69465.4,69665.0,204.5616
1770537600000,69664.9,69845.9,69525.0,69572.9,425.9257
1770538500000,69573.1,70381.7,69469.9,70163.4,1068.4064
1770539400000,70163.4,70740.0,70027.1,70314.0,1202.8392
1770540300000,70313.9,70678.0,70246.6,70622.7,408.5017
1770541200000,70622.7,70675.1,70306.3,70367.7,295.1618
1770542100000,70370.7,70472.0,70265.1,70412.3,184.0653
1770543000000,70418.0,70562.5,70090.3,70091.5,411.8387
1770543900000,70091.7,70257.8,70056.9,70069.8,278.3688
1770544800000,70071.0,70418.9,70071.0,70292.0,278.3293
1770545700000,70291.8,70380.8,69852.9,70011.8,813.8614
1770546600000,70011.9,70280.9,69976.7,70196.0,250.8781
1770547500000,70196.0,70390.7,70173.3,70234.7,190.1175
1770548400000,70234.7,70610.1,70178.5,70596.4,368.2475
1770549300000,70596.4,70900.0,70510.1,70666.8,619.533
1770550200000,70664.7,71040.2,70630.1,70851.9,507.6291
1770551100000,70852.3,71179.7,70790.0,70953.6,535.1724
1770552000000,70954.0,71022.7,70790.0,70822.2,326.1026
1770552900000,70822.2,70926.7,70720.8,70916.5,205.669
1770553800000,70916.5,71000.0,70668.0,70709.4,254.1711
1770554700000,70709.2,71238.9,70668.0,71205.7,632.9258
1770555600000,71204.0,71259.2,70935.5,71067.5,391.6839
1770556500000,71067.5,71460.8,71048.7,71409.6,562.4668
1770557400000,71412.4,71445.3,71156.0,71180.0,325.7567
1770558300000,71180.2,71481.7,71178.3,71475.1,314.9084
1770559200000,71475.9,71518.0,71245.9,71343.6,400.7576
1770560100000,71342.2,71416.3,71120.8,71201.5,350.0503
1770561000000,71201.5,71313.8,71058.6,71104.4,221.7438
1770561900000,71104.2,71232.3,71086.9,71219.9,157.0405
1770562800000,71219.9,71415.0,71168.7,71324.1,282.5355
1770563700000,71323.4,71421.8,70744.5,70871.7,635.0226
1770564600000,70867.2,71239.9,70831.8,71099.5,420.3535
1770565500000,71099.5,71152.4,70913.8,71152.2,215.1754
1770566400000,71152.2,71222.0,70945.4,70957.2,243.0713
1770567300000,70963.9,71187.2,70963.9,71114.0,195.9026
1770568200000,71114.0,71114.1,70713.2,70761.6,254.804
1770569100000,70761.4,70810.8,70220.7,70390.0,1037.7211
1770570000000,70387.3,70708.1,70376.7,70554.1,346.6904
1770570900000,70553.9,70833.0,70427.1,70529.0,328.5387
1770571800000,70533.2,70798.3,70533.2,70776.5,157.505
1770572700000,70776.7,70852.6,70601.1,70756.1,180.3314
1770573600000,70756.3,70961.5,70715.5,70868.4,230.5948
1770574500000,70868.4,71039.6,70778.4,70953.2,208.6534
1770575400000,70953.2,71384.4,70948.3,71275.2,572.2456
1770576300000,71275.2,71371.9,71106.9,71106.9,241.2456
1770577200000,71106.9,71308.6,71104.9,71258.5,160.7066
1770578100000,71259.5,71333.0,71128.1,71167.9,133.8841
1770579000000,71167.9,71305.1,71112.0,71266.8,108.4425
1770579900000,71269.2,71487.0,71189.9,71385.5,253.0701
1770580800000,71385.3,71387.0,70887.2,71050.7,290.8345
1770581700000,71050.6,71157.7,70902.9,70994.7,156.2379
1770582600000,70995.8,71153.2,70958.3,71060.1,137.1343
1770583500000,71060.1,71107.0,70666.2,70805.7,320.5542
1770584400000,70805.5,71033.0,70694.6,70977.4,184.5826
1770585300000,70977.4,71101.8,70908.6,70936.2,163.0497
1770586200000,70936.9,70977.5,70604.1,70732.5,255.9478
1770587100000,70732.7,70845.0,70513.0,70665.8,231.861
1770588000000,70665.6,70824.0,70658.3,70802.6,127.0137
1770588900000,70802.6,70947.1,70754.9,70819.5,165.6316
1770589800000,70819.5,70955.7,70622.8,70878.3,161.4587
1770590700000,70878.3,71072.1,70789.3,71036.9,154.9095
1770591600000,71039.1,72256.3,71007.6,71319.9,2374.6288
1770592500000,71320.3,71455.0,70300.0,70482.2,1431.7314
1770593400000,70481.9,70481.9,69942.6,70428.8,1328.8722
1770594300000,70429.0,70777.0,70211.1,70289.1,709.7902
1770595200000,70289.1,70607.1,70233.3,70569.5,426.6557
1770596100000,70568.2,70737.9,70319.3,70441.2,287.8369
1770597000000,70440.7,70584.9,70107.8,70241.9,380.7453
1770597900000,70241.9,70500.0,70083.1,70458.7,235.481
1770598800000,70458.8,70623.3,70253.3,70378.6,224.8873
1770599700000,70379.1,70885.5,70250.0,70683.8,398.1772
1770600600000,70683.8,70756.8,70020.0,70201.6,478.5937
1770601500000,70201.6,70470.0,70029.3,70330.0,439.053
1770602400000,70330.0,70470.5,70178.7,70301.2,172.0884
1770603300000,70300.0,70465.4,70250.0,70419.5,176.0283
1770604200000,70419.7,70975.5,70402.0,70837.3,469.6043
1770605100000,70843.2,70874.3,70557.5,70591.2,214.7985
1770606000000,70591.2,70822.1,70577.0,70724.2,139.8299
1770606900000,70724.2,70923.9,70671.7,70790.9,177.2344
1770607800000,70790.7,71273.9,70790.7,71097.7,455.1777
1770608700000,71097.7,71424.0,71000.0,71267.7,497.8731
1770609600000,71267.9,71317.4,70988.0,70996.7,272.7879
1770610500000,70996.7,71246.7,70990.2,71210.6,151.7233
1770611400000,71210.6,71210.6,70875.0,70996.2,269.6232
1770612300000,70996.2,71086.0,70918.4,70961.1,161.5968
1770613200000,70960.9,70973.8,70771.0,70785.8,223.1266
1770614100000,70785.8,71013.6,70772.0,70988.6,147.6625
1770615000000,70988.6,71089.6,70875.4,70939.0,111.654
1770615900000,70938.8,71021.7,70812.5,71010.3,105.6287
1770616800000,71010.3,71010.3,70710.1,70855.6,250.9197
1770617700000,70855.6,70855.8,70288.0,70380.6,652.1854
1770618600000,70380.6,70555.8,70342.3,70512.5,211.5688
1770619500000,70512.7,70685.3,70487.1,70628.0,156.0639
1770620400000,70628.0,70793.3,70423.3,70759.0,189.4181
1770621300000,70759.2,70858.6,70608.4,70682.1,225.3336
1770622200000,70681.9,70711.5,70332.0,70399.2,293.6101
1770623100000,70399.4,70494.7,70315.7,70389.9,228.4924
1770624000000,70389.9,70580.0,70296.0,70499.5,240.5401
1770624900000,70499.5,70519.8,70017.0,70054.5,505.092
1770625800000,70054.5,70070.0,69354.4,69767.3,1278.6908
1770626700000,69767.5,69985.0,69700.0,69842.0,361.243
1770627600000,69842.1,70081.0,69834.8,69835.6,300.7663
1770628500000,69835.6,69931.4,69680.3,69860.5,286.8039
1770629400000,69857.7,69938.7,69526.7,69654.3,290.9878
1770630300000,69654.5,69773.0,69435.2,69587.3,378.1325
1770631200000,69587.3,69688.0,69327.3,69492.1,459.5267
1770632100000,69491.1,69517.2,68950.0,69002.1,1018.0731
1770633000000,69002.1,69002.1,68371.9,68591.4,1216.9923
1770633900000,68590.7,68818.4,68405.5,68700.0,724.892
1770634800000,68699.9,68955.0,68565.2,68579.0,487.7763
1770635700000,68578.8,68917.7,68549.4,68836.6,347.3887
1770636600000,68838.0,68986.4,68749.5,68881.8,312.4771
1770637500000,68881.6,68950.0,68666.0,68899.8,310.9034
1770638400000,68899.8,69211.1,68826.1,69152.4,703.6454
1770639300000,69152.6,69154.5,68942.7,69003.7,380.0324
1770640200000,69003.7,69201.4,68900.9,69108.7,374.5028
1770641100000,69108.5,69161.2,68966.9,69110.1,243.863
1770642000000,69110.1,69267.9,68907.3,69208.4,340.8455
1770642900000,69208.6,69243.0,68961.0,69237.9,209.8834
1770643800000,69237.7,69237.7,69007.1,69038.5,145.2447
1770644700000,69038.3,69117.3,68539.8,68557.6,514.3557
1770645600000,68560.0,68797.6,68266.0,68569.9,753.2459
1770646500000,68569.8,69011.9,68364.9,68952.9,601.5001
1770647400000,68955.2,69720.6,68461.0,69140.5,1655.5904
1770648300000,69138.6,69406.1,68912.2,69234.1,656.01
1770649200000,69233.1,69838.7,69228.8,69440.1,914.7548
1770650100000,69439.9,69619.0,68782.8,68890.0,714.306
1770651000000,68890.0,69600.0,68814.4,69500.1,663.793
1770651900000,69500.0,69589.6,69140.6,69537.5,382.0514
1770652800000,69531.4,69685.8,69055.7,69166.0,353.0761
1770653700000,69166.0,69583.0,69115.5,69561.3,259.7572
1770654600000,69560.6,69986.7,69295.2,69899.0,491.2313
1770655500000,69895.2,70373.0,69886.8,70050.8,1023.7874
1770656400000,70048.8,70293.8,69832.0,69883.1,395.6388
1770657300000,69883.1,70172.4,69837.6,70009.2,300.9511
1770658200000,70005.9,70953.4,69941.7,70813.7,812.0437
1770659100000,70810.2,70893.3,70553.5,70576.8,510.1803
1770660000000,70576.4,70985.4,70445.7,70508.3,448.0422
1770660900000,70506.5,70561.4,70055.1,70248.4,468.3817
1770661800000,70248.4,70472.0,70102.2,70401.6,300.9883
1770662700000,70401.4,70525.2,70217.5,70383.1,293.086
1770663600000,70383.5,70493.8,70221.4,70445.8,136.3797
1770664500000,70445.8,70667.0,70415.7,70636.4,185.1002
1770665400000,70626.7,70933.5,70589.5,70883.1,266.9142
1770666300000,70883.1,71036.0,70747.5,70921.7,322.8145
1770667200000,70921.4,71091.0,70677.7,70949.1,282.984
1770668100000,70948.9,70959.4,70456.2,70516.4,281.8564
1770669000000,70516.4,70798.3,70467.5,70792.2,183.2512
1770669900000,70792.2,70830.8,70654.4,70697.3,177.1983
1770670800000,70697.7,70769.1,70350.0,70379.8,207.6953
1770671700000,70379.6,70470.5,70257.8,70289.2,150.9397
1770672600000,70289.0,70339.7,69851.0,69976.6,398.6059
1770673500000,69976.6,70465.8,69785.8,70365.8,373.1386
1770674400000,70367.6,70696.6,70250.0,70611.9,180.8578
1770675300000,70606.8,70606.8,70336.0,70415.9,175.3538
1770676200000,70416.1,70526.5,70364.4,70483.7,159.8475
1770677100000,70489.5,70579.0,70308.5,70339.8,122.0056
1770678000000,70339.8,70559.0,70280.7,70405.8,121.4486
1770678900000,70414.0,70472.0,70227.0,70247.1,85.7496
1770679800000,70246.9,70410.0,70225.1,70359.0,89.0517
1770680700000,70359.0,70360.0,70051.1,70112.0,162.414
1770681600000,70112.0,70228.3,69934.6,70153.9,226.328
1770682500000,70149.5,70173.5,69850.0,69959.8,191.9347
1770683400000,69960.6,70080.0,69731.2,69746.6,174.4129
1770684300000,69746.6,69881.4,69706.1,69795.4,146.6404
1770685200000,69795.4,70121.1,69795.4,70084.1,164.1603
1770686100000,70084.3,70438.8,70026.0,70333.4,255.5068
1770687000000,70333.4,70494.3,70211.8,70429.9,228.2732
1770687900000,70430.0,70457.4,70256.0,70457.4,141.066
1770688800000,70453.6,70453.6,70250.0,70324.1,98.0222
1770689700000,70327.9,70431.9,70211.7,70214.8,104.5497
1770690600000,70214.6,70267.2,70016.0,70021.0,165.9292
1770691500000,70021.2,70160.0,69940.5,70074.7,161.0268
1770692400000,70075.7,70141.9,69722.1,69811.7,264.0638
1770693300000,69810.2,69882.5,69450.2,69513.6,551.954
1770694200000,69513.8,69513.8,69188.0,69339.5,408.4998
1770695100000,69339.7,69564.0,69315.9,69475.7,187.5878
1770696000000,69475.5,69820.0,69449.8,69757.5,248.5843
1770696900000,69757.5,69789.9,69578.0,69789.7,151.2432
1770697800000,69789.4,69834.0,69598.1,69662.0,110.6204
1770698700000,69661.8,69871.8,69622.1,69800.1,138.5228
1770699600000,69800.1,69820.0,69646.0,69774.9,135.1876
1770700500000,69772.5,69772.5,69456.5,69491.0,179.8299
1770701400000,69491.0,69660.0,69251.4,69340.8,290.8936
1770702300000,69340.9,69447.8,69175.1,69415.2,264.4534
1770703200000,69415.4,69461.6,69278.3,69304.9,137.7674
1770704100000,69304.9,69372.1,69061.5,69171.9,308.0372
1770705000000,69171.9,69260.9,68970.9,68998.0,238.1286
1770705900000,68998.1,69024.2,68647.2,68881.4,631.4198
1770706800000,68881.5,69175.9,68809.2,69084.2,358.6748
1770707700000,69084.2,69104.1,68915.0,69052.3,159.0926
1770708600000,69052.5,69100.0,68829.8,68918.3,145.0088
1770709500000,68918.1,69009.5,68866.3,68886.5,139.4624
1770710400000,68886.5,68960.6,68788.3,68800.6,183.1296
1770711300000,68800.4,69070.2,68688.7,69000.9,289.7123
1770712200000,69001.1,69100.0,68800.0,69034.6,214.9422
1770713100000,69034.6,69187.9,69032.0,69091.4,183.462
1770714000000,69091.4,69320.0,69050.1,69220.7,305.1505
1770714900000,69220.9,69379.3,69190.0,69242.1,155.7625
1770715800000,69242.1,69251.0,69083.4,69169.9,156.149
1770716700000,69169.6,69218.1,68930.0,69113.3,188.5271
1770717600000,69113.5,69189.7,69054.8,69115.7,96.6903
1770718500000,69115.9,69226.7,68975.0,69139.3,117.2321
1770719400000,69136.9,69137.1,68914.0,68963.5,120.0142
1770720300000,68963.7,69021.9,68883.3,68885.6,90.0413
1770721200000,68885.8,68964.9,68785.2,68871.8,210.0602
1770722100000,68871.8,68972.9,68850.8,68901.5,118.5071
1770723000000,68901.8,69047.0,68435.2,68629.6,281.4218
1770723900000,68629.6,68746.5,68414.9,68489.9,611.9121
1770724800000,68489.7,68785.9,68489.7,68589.9,310.4989
1770725700000,68590.1,68741.3,68505.0,68717.1,150.868
1770726600000,68717.1,68814.9,68517.1,68530.6,179.6219
1770727500000,68530.6,68648.6,68396.7,68568.1,217.0602
1770728400000,68566.4,68575.4,68332.6,68545.8,297.1768
1770729300000,68546.2,68764.9,68488.9,68692.6,182.9555
1770730200000,68692.6,69023.8,68658.0,68986.9,434.3473
1770731100000,68986.9,69100.0,68848.3,68984.8,288.2766
1770732000000,68984.8,69150.0,68840.3,69090.7,298.109
1770732900000,69090.7,69565.5,69088.5,69176.2,751.3833
1770733800000,69176.2,69396.3,67888.1,68196.8,1930.7594
1770734700000,68196.8,68559.2,67888.0,68426.4,1018.0991
1770735600000,68421.9,69135.2,68258.6,68612.4,957.5942
1770736500000,68604.7,69293.4,68500.0,69181.7,674.5047
1770737400000,69181.9,69473.8,69142.7,69250.0,588.668
1770738300000,69247.6,69387.6,69066.8,69250.6,440.9787
1770739200000,69250.2,69670.6,68898.3,69625.8,671.4925
1770740100000,69629.9,69776.9,69232.6,69388.2,458.659
1770741000000,69387.3,69633.0,69225.2,69441.4,201.6769
1770741900000,69443.8,69569.2,69257.6,69475.8,193.807
1770742800000,69475.6,69500.6,69280.0,69362.4,140.2281
1770743700000,69362.1,69769.9,69312.9,69629.9,189.8002
1770744600000,69629.4,69960.0,69580.1,69839.4,275.2839
1770745500000,69839.2,69900.0,69671.2,69885.0,132.462
1770746400000,69884.9,69905.7,69518.0,69543.7,191.64
1770747300000,69541.9,69559.5,68840.0,68865.9,436.5804
1770748200000,68866.1,69076.4,68739.8,68957.6,283.7297
1770749100000,68957.7,69012.6,68570.8,68859.9,243.5582
1770750000000,68855.0,68958.2,68655.1,68879.5,170.1712
1770750900000,68878.3,68917.4,68700.0,68898.7,119.2074
1770751800000,68898.1,69244.3,68850.5,69171.5,240.3317
1770752700000,69171.3,69268.6,68957.7,69031.7,108.5863
1770753600000,69031.9,69104.1,68677.3,68728.4,148.7501
1770754500000,68728.4,68881.9,68677.0,68786.3,115.1276
1770755400000,68786.3,68929.8,68600.0,68867.9,88.9211
1770756300000,68868.0,68944.1,68675.3,68719.6,95.4894
1770757200000,68724.5,68983.2,68690.0,68799.8,135.1789
1770758100000,68800.2,68899.9,68620.5,68620.5,55.6449
1770759000000,68620.6,68620.6,68321.4,68430.0,396.0541
1770759900000,68430.0,68688.0,68429.1,68626.2,84.4375
1770760800000,68629.0,68765.3,68567.0,68584.2,74.5059
1770761700000,68584.7,68677.2,68527.2,68656.1,44.7226
1770762600000,68656.3,68833.0,68625.9,68633.5,76.0915
1770763500000,68633.5,68735.2,68598.8,68664.7,41.6828
1770764400000,68661.6,68729.1,68560.4,68682.4,56.2041
1770765300000,68681.9,68681.9,68475.5,68630.0,114.2165
1770766200000,68630.1,68756.9,68546.1,68747.6,92.1198
1770767100000,68747.8,68829.3,68686.3,68803.9,156.9874
1770768000000,68804.1,68934.3,68748.6,68760.2,216.2312
1770768900000,68760.2,69218.2,68759.7,69150.0,217.1821
1770769800000,69150.0,69191.6,68987.1,69027.8,106.1551
1770770700000,69027.6,69201.1,68982.4,69160.3,63.2012
1770771600000,69160.1,69264.7,69054.0,69190.7,89.7454
1770772500000,69190.7,69233.6,68897.7,68919.9,118.0105
1770773400000,68919.9,69077.3,68875.8,69042.5,72.0824
1770774300000,69039.7,69090.1,68918.4,68949.9,54.4064
1770775200000,68950.1,69125.0,68906.1,68906.3,67.904
1770776100000,68911.9,69095.9,68911.9,69026.5,61.9396
1770777000000,69026.5,69096.7,68800.8,68834.8,100.8021
1770777900000,68835.0,68837.7,68566.2,68647.2,219.1786
1770778800000,68649.0,68721.2,68483.3,68488.6,116.6487
1770779700000,68489.4,68520.3,67970.0,68251.6,582.3969
1770780600000,68251.8,68519.6,68218.5,68390.0,177.3002
1770781500000,68392.2,68490.0,68135.0,68150.0,172.481
1770782400000,68149.8,68289.4,67984.8,68000.7,145.3401
1770783300000,68001.4,68143.1,67520.0,67537.0,557.2144
1770784200000,67537.7,67682.6,67325.1,67472.6,613.9906
1770785100000,67472.8,67649.9,67350.0,67548.3,259.2786
1770786000000,67550.5,67752.6,67544.8,67680.7,220.5817
1770786900000,67680.5,67769.1,67511.9,67546.7,369.5405
1770787800000,67546.7,67564.8,67356.4,67410.8,310.3916
1770788700000,67409.6,67550.0,67364.3,67372.0,186.2168
1770789600000,67379.1,67463.5,66779.8,66887.1,820.3708
1770790500000,66881.9,67140.2,66667.0,67085.9,506.5414
1770791400000,67086.1,67150.0,66813.6,66819.8,235.7724
1770792300000,66819.8,66864.8,66515.4,66776.2,434.2871
1770793200000,66776.5,66945.9,66615.8,66710.5,304.91
1770794100000,66709.2,66990.7,66637.1,66966.4,189.4823
1770795000000,66965.5,67183.2,66908.2,67132.8,249.6584
1770795900000,67131.4,67222.0,66988.8,67000.6,165.5652
1770796800000,67000.4,67094.5,66810.9,66876.2,230.3741
1770797700000,66876.3,67067.9,66781.8,66892.4,147.1904
1770798600000,66881.1,67024.4,66752.8,67000.1,145.3824
1770799500000,67000.1,67006.6,66879.6,66952.7,85.7688
1770800400000,66952.7,67083.8,66803.0,66896.6,157.954
1770801300000,66896.3,66945.5,66772.1,66945.4,98.0595
1770802200000,66945.4,66969.0,66769.3,66820.1,101.0855
1770803100000,66820.2,66847.1,66690.8,66847.0,213.5036
1770804000000,66846.8,66846.8,66610.9,66715.0,188.9903
1770804900000,66715.0,66858.8,66636.8,66839.5,100.7157
1770805800000,66840.2,66850.0,66526.6,66694.9,225.7863
1770806700000,66694.9,66746.5,66350.0,66500.0,560.7226
1770807600000,66497.0,66690.6,66485.5,66636.0,209.0989
1770808500000,66636.0,67080.0,66598.3,66962.7,389.1683
1770809400000,66962.5,67016.9,66856.0,66896.9,182.933
1770810300000,66897.0,67062.5,66896.9,67028.6,107.4545
1770811200000,67024.8,67282.5,66930.1,67062.7,426.9315
1770812100000,67062.7,67395.0,67042.8,67188.2,387.0925
1770813000000,67188.2,67271.3,66990.3,67053.9,240.8471
1770813900000,67054.1,67149.3,66980.7,67100.0,159.3327
1770814800000,67099.9,67179.9,66807.7,66894.3,263.1954
1770815700000,66894.5,66990.0,66773.1,66990.0,219.1727
1770816600000,66990.7,67630.7,66846.7,67191.5,950.0656
1770817500000,67192.4,67520.0,66877.8,67423.9,423.0364
1770818400000,67421.5,68800.0,67410.1,68419.4,1908.7916
1770819300000,68419.4,68544.0,67897.6,67973.8,652.2184
1770820200000,67974.0,68215.0,66914.8,67200.1,1172.9493
1770821100000,67200.1,67395.2,66412.3,66553.8,803.5931
1770822000000,66554.4,66768.1,65707.3,66062.6,1279.8562
1770822900000,66070.0,66520.9,65862.9,66162.2,783.368
1770823800000,66162.5,66780.3,66086.2,66728.6,518.516
1770824700000,66728.7,66786.3,66024.0,66487.8,465.7121
1770825600000,66487.6,67208.7,66381.2,67124.0,506.4007
1770826500000,67120.3,67150.0,66544.4,66574.7,377.2166
1770827400000,66574.7,66700.3,66090.7,66103.3,368.6987
1770828300000,66103.3,66289.8,65919.7,66005.8,390.2555
1770829200000,66005.9,66325.0,65844.5,66234.7,281.0264
1770830100000,66234.6,66715.0,66234.6,66626.0,288.1722
1770831000000,66626.2,66884.8,66512.0,66585.4,312.1528
1770831900000,66587.0,66751.3,66420.4,66488.8,225.948
1770832800000,66488.8,66528.6,66119.8,66438.7,263.354
1770833700000,66438.3,67068.0,66422.8,66892.4,322.7526
1770834600000,66892.4,67171.4,66769.6,66999.0,241.9155
1770835500000,66999.2,67281.3,66969.8,67241.0,220.3893
1770836400000,67241.0,67643.4,67080.0,67602.5,403.0903
1770837300000,67598.6,67726.0,67380.0,67393.9,230.0989
1770838200000,67394.1,67831.8,67270.6,67754.7,230.8359
1770839100000,67754.7,67794.9,67486.9,67551.5,152.3557
1770840000000,67551.3,67688.3,67393.0,67620.7,404.1831
1770840900000,67620.7,67720.5,67177.3,67179.2,147.121
1770841800000,67179.2,67408.0,67147.5,67279.2,219.1813
1770842700000,67279.2,67621.8,67255.7,67522.7,127.6314
1770843600000,67523.3,67726.7,67377.1,67651.5,194.3636
1770844500000,67652.8,68190.0,67550.0,68154.6,563.8016
1770845400000,68154.6,68315.8,67895.1,67954.5,417.8356
1770846300000,67959.1,67985.4,67767.2,67775.8,121.0373
1770847200000,67775.7,67853.2,67563.5,67634.1,150.4646
1770848100000,67634.1,67747.4,67355.9,67532.8,160.0753
1770849000000,67533.5,67659.0,67357.0,67600.6,121.6541
1770849900000,67600.4,67682.5,67371.4,67390.3,81.729
1770850800000,67396.4,67526.8,67203.4,67294.3,172.1755
1770851700000,67290.7,67368.6,66861.7,66984.7,285.3125
1770852600000,66984.5,67097.8,66757.8,67055.9,221.8853
1770853500000,67056.9,67076.7,66849.9,67048.6,97.9338
1770854400000,67055.2,67348.5,67016.5,67331.5,199.7825
1770855300000,67331.5,67479.0,67283.6,67360.0,139.7449
1770856200000,67360.2,67668.4,67360.1,67553.9,158.5517
1770857100000,67554.1,67652.7,67431.7,67431.7,101.6685
1770858000000,67432.8,67674.0,67432.8,67673.5,102.3333
1770858900000,67673.5,67849.7,67527.0,67775.4,355.2925
1770859800000,67775.2,68015.0,67728.0,67824.4,234.7578
1770860700000,67824.4,67845.2,67559.5,67667.0,261.9019
1770861600000,67664.9,67768.9,67456.7,67463.3,242.2143
1770862500000,67463.8,67543.4,67382.9,67496.0,163.37
1770863400000,67496.0,67729.9,67447.6,67706.4,119.3197
1770864300000,67706.3,67726.0,67391.7,67408.9,101.2596
1770865200000,67408.9,67531.9,67317.9,67463.0,91.7046
1770866100000,67463.5,67496.0,67282.8,67357.1,90.6698
1770867000000,67357.3,67510.4,67301.6,67469.0,135.3376
1770867900000,67468.8,67569.2,67409.8,67552.8,51.8922
1770868800000,67552.8,67657.5,67464.0,67551.3,85.6957
1770869700000,67551.1,67567.3,67168.4,67182.2,335.6581
1770870600000,67182.4,67267.9,67032.2,67205.0,186.3558
1770871500000,67203.6,67254.7,66971.1,66991.0,202.0348
1770872400000,66991.0,67178.8,66732.1,66775.4,219.6582
1770873300000,66777.6,66960.5,66635.9,66849.5,254.6152
1770874200000,66849.2,67104.0,66830.3,67058.7,206.7063
1770875100000,67058.7,67134.3,66966.7,67112.1,79.0616
1770876000000,67112.1,67215.7,66975.0,67087.5,110.1035
1770876900000,67087.5,67320.0,67061.1,67260.7,134.0781
1770877800000,67260.6,67318.1,67119.5,67202.2,101.0853
1770878700000,67200.5,67270.0,67054.0,67092.3,72.686
1770879600000,67091.8,67121.5,66902.0,66963.9,129.465
1770880500000,66964.1,67308.4,66920.9,67192.3,177.6855
1770881400000,67192.1,67224.7,67096.9,67097.4,76.4683
1770882300000,67097.2,67205.9,67055.5,67180.3,67.7336
1770883200000,67180.3,67310.0,67040.5,67215.0,225.5294
1770884100000,67215.2,67215.2,66856.5,66898.1,167.8582
1770885000000,66898.4,67039.8,66880.0,66943.2,112.0014
1770885900000,66943.2,67125.0,66943.2,67109.0,69.3761
1770886800000,67109.0,67196.8,67004.5,67160.0,112.6027
1770887700000,67160.0,67292.4,67136.6,67263.9,151.3596
1770888600000,67264.1,67441.0,67211.0,67393.9,187.5856
1770889500000,67393.9,67682.4,67317.3,67519.3,273.1652
1770890400000,67517.5,67599.8,67447.0,67535.3,150.9641
1770891300000,67536.9,67584.5,67387.7,67575.2,148.9586
1770892200000,67575.1,67813.3,67575.1,67633.3,248.5582
1770893100000,67633.2,67990.0,67620.0,67981.3,270.6155
1770894000000,67981.0,68092.5,67729.2,67876.6,416.6185
1770894900000,67876.6,68235.0,67802.3,68174.8,214.1337
1770895800000,68174.6,68249.9,68005.4,68060.1,252.6776
1770896700000,68061.1,68153.4,67980.0,68050.0,149.306
1770897600000,68050.0,68132.7,67852.7,67996.4,281.4134
1770898500000,67996.6,68030.7,67826.9,67954.1,273.6589
1770899400000,67954.1,67976.6,67823.0,67845.1,102.0241
1770900300000,67845.1,67920.0,67689.0,67836.5,230.7258
1770901200000,67836.7,67859.7,67639.0,67817.7,196.2965
1770902100000,67817.7,68031.3,67658.3,67740.9,443.9629
1770903000000,67740.7,68130.4,67697.8,68088.2,277.7713
1770903900000,68088.2,68381.4,67950.0,68339.9,353.8271
1770904800000,68340.0,68385.0,67821.2,67978.8,376.8544
1770905700000,67978.8,68050.0,67838.3,67964.5,178.3561
1770906600000,67962.0,68250.3,67570.1,67591.5,501.5245
1770907500000,67591.5,67970.9,67464.8,67553.0,856.7448
1770908400000,67558.1,67784.0,66978.1,67383.2,898.6881
1770909300000,67383.2,67909.6,67321.3,67826.0,558.7347
1770910200000,67823.9,67972.3,67213.2,67370.8,563.148
1770911100000,67373.7,67516.1,67036.9,67100.9,396.9261
1770912000000,67103.9,67200.0,66457.6,66523.6,1120.1869
1770912900000,66523.6,66759.7,65958.3,66034.1,723.8903
1770913800000,66033.1,66501.6,65915.4,66243.1,778.8833
1770914700000,66241.0,66336.7,65525.9,65825.9,876.5376
1770915600000,65825.4,65968.5,65538.0,65704.3,463.3547
1770916500000,65704.2,66234.1,65587.0,66099.3,452.2776
1770917400000,66099.6,66176.0,65801.6,65951.0,300.8532
1770918300000,65951.3,66017.5,65317.8,65377.2,523.8791
1770919200000,65377.2,65760.6,65335.2,65664.4,368.7647
1770920100000,65664.4,65688.1,65197.3,65273.1,417.6118
1770921000000,65273.3,65505.5,65080.0,65403.6,324.4733
1770921900000,65403.6,65671.3,65376.2,65558.9,208.3832
1770922800000,65559.9,65716.8,65229.1,65414.7,188.7025
1770923700000,65414.7,65933.5,65377.9,65741.2,263.6686
1770924600000,65740.5,66079.5,65726.3,65947.9,221.2207
1770925500000,65947.9,66092.0,65744.5,65760.7,148.1977
1770926400000,65760.7,66012.6,65575.4,65676.8,171.5763
1770927300000,65677.4,65771.3,65456.0,65475.7,127.144
1770928200000,65476.0,65652.9,65366.7,65517.4,164.9489
1770929100000,65522.7,65559.6,65189.5,65402.0,182.045
1770930000000,65399.2,65645.1,65399.2,65645.1,118.1705
1770930900000,65644.9,65770.6,65444.0,65575.9,126.4024
1770931800000,65576.0,65824.2,65550.0,65788.5,103.7522
1770932700000,65788.5,65874.5,65705.3,65814.2,130.546
1770933600000,65813.2,65850.0,65710.2,65788.5,96.7575
1770934500000,65788.5,65930.2,65611.2,65925.8,83.2156
1770935400000,65925.6,66176.8,65847.9,66171.1,171.7728
1770936300000,66171.3,66375.0,66112.5,66258.6,243.4721
1770937200000,66258.9,66442.0,66175.0,66282.5,256.623
1770938100000,66280.8,66458.7,66227.0,66368.5,107.3712
1770939000000,66370.8,66453.8,66179.0,66210.8,99.2971
1770939900000,66210.8,66280.0,66132.7,66243.9,94.9402
1770940800000,66242.6,66489.2,66134.1,66344.7,152.0955
1770941700000,66344.6,66349.6,65972.2,65997.2,149.1173
1770942600000,65997.4,66110.7,65865.2,65920.9,142.9047
1770943500000,65920.7,66036.0,65833.1,65887.7,93.6034
1770944400000,65887.7,66238.8,65887.7,66221.5,119.189
1770945300000,66221.7,66268.8,66060.0,66194.2,101.7634
1770946200000,66200.5,66475.0,66200.5,66388.9,160.1289
1770947100000,66389.3,66597.1,66297.4,66420.0,208.0135
1770948000000,66419.9,66537.1,66351.6,66532.3,96.5716
1770948900000,66528.0,66620.0,66347.7,66500.0,110.8005
1770949800000,66500.0,66605.5,66431.0,66559.7,109.6072
1770950700000,66555.7,66727.3,66513.3,66633.6,192.9941
1770951600000,66643.0,66749.5,66468.0,66487.4,136.0474
1770952500000,66495.7,66655.8,66455.0,66650.5,58.1304
1770953400000,66650.5,66770.0,66586.5,66613.6,149.557
1770954300000,66611.5,66645.9,66427.1,66528.6,149.1131
1770955200000,66528.6,66570.0,66404.8,66500.0,72.5212
1770956100000,66500.0,66647.4,66420.0,66421.2,79.8794
1770957000000,66421.0,66447.5,66318.9,66339.8,119.389
1770957900000,66339.8,66426.6,66280.0,66304.0,147.7976
1770958800000,66304.4,66427.6,66197.0,66217.9,201.7575
1770959700000,66219.1,66377.8,66200.8,66292.2,71.6253
1770960600000,66289.5,66447.5,66277.2,66442.5,96.1641
1770961500000,66442.5,66479.0,66152.0,66152.0,119.6437
1770962400000,66152.0,66285.0,66135.0,66206.1,125.0028
1770963300000,66206.1,66275.7,66011.0,66097.1,152.9997
1770964200000,66092.7,66096.4,65976.5,66059.9,119.386
1770965100000,66059.9,66374.3,66026.9,66338.6,137.3502
1770966000000,66338.6,66544.9,66310.7,66504.3,184.5105
1770966900000,66503.3,66540.3,66389.4,66484.9,86.4554
1770967800000,66484.9,66484.9,66100.0,66110.5,206.295
1770968700000,66100.0,66298.5,66020.0,66185.0,213.0606
1770969600000,66185.5,66459.9,66159.5,66239.0,219.2899
1770970500000,66239.1,66414.7,66181.8,66383.7,89.7254
1770971400000,66383.7,66514.2,66344.0,66480.5,156.6048
1770972300000,66480.5,66724.0,66480.3,66672.4,271.7239
1770973200000,66666.2,66829.0,66578.3,66652.6,219.319
1770974100000,66652.9,66809.8,66605.3,66789.4,123.1946
1770975000000,66787.3,66904.7,66735.1,66822.6,176.4011
1770975900000,66822.8,67035.3,66822.6,66925.0,282.2374
1770976800000,66925.2,66932.0,66792.0,66873.1,202.5554
1770977700000,66873.1,67054.1,66770.0,66880.8,190.5766
1770978600000,66880.6,67091.0,66811.9,66995.8,150.8993
1770979500000,66996.0,67059.9,66936.6,66944.7,119.189
1770980400000,66944.5,66999.2,66812.6,66853.0,186.7296
1770981300000,66853.2,66981.6,66829.4,66947.1,85.7952
1770982200000,66947.1,66995.5,66749.6,66964.1,154.908
1770983100000,66964.1,67197.4,66933.5,67138.4,252.7493
1770984000000,67137.8,67156.8,66911.3,66954.3,241.3233
1770984900000,66955.0,67091.3,66888.4,67061.6,102.8868
1770985800000,67061.4,67102.2,67000.2,67061.5,99.1853
1770986700000,67061.5,67179.2,66973.6,67048.8,115.2813
1770987600000,67048.6,67155.5,66909.2,66939.7,194.8761
1770988500000,66939.5,67372.7,66939.5,67310.3,394.1334
1770989400000,67310.3,67590.0,67162.6,67295.0,856.6377
1770990300000,67279.5,67391.7,67076.4,67239.1,330.8822
1770991200000,67239.1,67280.6,67100.0,67129.2,179.8218
1770992100000,67129.0,67368.9,67128.3,67284.0,131.4573
1770993000000,67285.4,67559.3,66824.0,67292.0,806.101
1770993900000,67294.9,67981.8,67294.9,67701.6,1240.8367
1770994800000,67709.7,68574.5,67659.1,68344.3,1355.8145
1770995700000,68339.9,68865.8,68091.3,68864.4,1082.9181
1770996600000,68864.0,69271.3,68681.9,68690.2,1191.5117
1770997500000,68690.0,68764.5,68350.0,68653.2,676.8049
1770998400000,68653.2,69120.5,68502.1,69015.0,758.0838
1770999300000,69015.0,69129.4,68790.7,69042.9,366.6637
1771000200000,69040.8,69429.7,68944.3,69203.9,646.3895
1771001100000,69203.7,69229.2,68869.2,68920.4,287.1638
1771002000000,68920.6,69009.9,68595.7,68947.1,324.1099
1771002900000,68947.1,69111.4,68825.0,68941.7,272.6597
1771003800000,68941.6,69186.4,68920.4,69100.0,140.4002
1771004700000,69094.1,69209.5,68972.4,69004.4,139.5064
1771005600000,69004.4,69178.8,68862.5,68983.4,175.7906
1771006500000,68983.4,69122.6,68900.0,69038.8,112.5605
1771007400000,69039.5,69256.9,68971.9,69226.9,150.8865
1771008300000,69227.1,69369.0,69047.0,69089.0,184.4464
1771009200000,69089.2,69155.6,68921.7,69118.2,116.7484
1771010100000,69118.2,69199.2,68968.3,68970.9,91.4404
1771011000000,68970.7,69088.9,68882.6,68894.5,114.9869
1771011900000,68900.0,69049.7,68900.0,68900.7,106.3461
1771012800000,68902.7,68937.5,68765.0,68768.5,117.077
1771013700000,68768.9,68877.0,68682.6,68792.6,217.697
1771014600000,68788.4,68920.0,68691.2,68810.5,94.6694
1771015500000,68806.5,68828.5,68644.0,68744.4,305.7215
1771016400000,68744.2,68990.7,68699.3,68964.2,160.9721
1771017300000,68964.2,69047.6,68850.0,68870.7,179.1106
1771018200000,68870.7,68914.6,68768.1,68905.8,158.7089
1771019100000,68905.8,68909.9,68759.7,68863.5,107.6414
1771020000000,68863.3,68960.1,68697.1,68706.8,133.5921
1771020900000,68707.0,68852.2,68706.8,68843.6,76.2698
1771021800000,68843.6,68879.6,68756.6,68849.8,43.4141
1771022700000,68849.8,68979.7,68790.7,68966.4,80.8762
1771023600000,68966.3,68972.5,68815.6,68892.0,55.8247
1771024500000,68891.8,68960.0,68847.8,68872.5,36.0907
1771025400000,68872.7,68947.5,68798.0,68822.7,45.5539
1771026300000,68822.0,68916.0,68800.6,68818.9,49.441
1771027200000,68818.9,68860.8,68752.5,68847.5,90.1856
1771028100000,68847.3,68870.1,68733.6,68870.1,44.9054
1771029000000,68870.1,69000.0,68851.3,68992.8,89.9218
1771029900000,68992.8,69110.5,68944.2,69063.5,114.2354
1771030800000,69055.8,69058.6,68942.1,69056.2,79.561
1771031700000,69055.1,69077.7,68940.2,69018.2,60.8926
1771032600000,69017.9,69018.0,68925.5,68951.0,86.0059
1771033500000,68951.1,68998.4,68888.9,68927.6,34.0888
1771034400000,68927.6,68975.9,68881.6,68959.1,28.0973
1771035300000,68959.1,68962.9,68834.4,68873.8,48.576
1771036200000,68874.0,68911.9,68834.0,68910.0,33.4529
1771037100000,68910.0,68915.0,68823.1,68855.0,134.2409
1771038000000,68855.1,68885.8,68816.5,68876.5,45.1966
1771038900000,68876.5,68920.6,68823.1,68904.5,42.8276
1771039800000,68904.3,68969.4,68889.9,68917.3,55.5255
1771040700000,68917.5,68980.0,68852.2,68943.4,81.3979
1771041600000,68943.6,68964.0,68826.9,68859.7,69.5875
1771042500000,68859.9,68898.3,68835.7,68878.4,22.6909
1771043400000,68878.4,68893.4,68800.0,68827.5,74.6929
1771044300000,68827.7,68828.2,68757.8,68761.5,64.9919
1771045200000,68761.5,68855.7,68730.0,68835.1,88.5447
1771046100000,68835.1,68875.0,68823.1,68842.4,21.2922
1771047000000,68842.4,68844.7,68754.2,68791.2,43.2931
1771047900000,68791.4,68817.6,68716.9,68736.4,54.5355
1771048800000,68736.6,68769.0,68697.4,68748.4,69.381
1771049700000,68748.6,68858.6,68748.4,68857.6,94.1776
1771050600000,68857.6,68875.0,68820.0,68839.0,67.9176
1771051500000,68839.0,68899.1,68823.8,68897.8,49.3841
1771052400000,68897.8,68900.0,68853.7,68863.1,40.6461
1771053300000,68863.3,68926.7,68855.5,68924.6,56.9703
1771054200000,68924.5,69163.1,68914.1,69148.3,154.9505
1771055100000,69148.3,69314.9,69097.7,69182.6,328.2382
1771056000000,69182.4,69758.4,69175.4,69526.4,657.6622
1771056900000,69526.6,69609.6,69430.7,69460.3,167.6193
1771057800000,69460.3,69698.9,69429.1,69626.9,272.6748
1771058700000,69626.9,69840.8,69626.4,69709.1,275.9727
1771059600000,69709.1,69864.8,69649.7,69672.0,186.4852
1771060500000,69672.0,69726.9,69535.0,69550.8,173.2353
1771061400000,69550.6,69728.4,69550.6,69686.4,77.0996
1771062300000,69686.4,69720.4,69633.2,69674.3,64.6792
1771063200000,69674.3,69674.5,69547.2,69611.3,75.9744
1771064100000,69611.3,69626.8,69548.3,69584.0,75.6741
1771065000000,69584.2,69641.8,69569.3,69569.9,60.4728
1771065900000,69569.9,69648.9,69565.0,69637.9,58.5621
1771066800000,69637.7,70145.8,69637.7,70060.6,493.9212
1771067700000,70060.6,70450.1,69943.0,70155.7,763.2283
1771068600000,70155.7,70282.9,70028.2,70274.2,204.4628
1771069500000,70274.1,70528.8,70187.3,70467.1,381.407
1771070400000,70466.2,70497.0,70330.0,70455.7,212.1941
1771071300000,70455.5,70460.3,70270.0,70325.6,150.7796
1771072200000,70325.6,70334.3,69980.0,70060.3,382.2254
1771073100000,70060.5,70086.2,69586.6,69611.1,747.3766
1771074000000,69610.9,69696.0,69376.9,69679.1,559.7137
1771074900000,69679.4,69744.0,69201.6,69241.7,577.9366
1771075800000,69241.5,69529.5,69238.1,69420.4,261.1352
1771076700000,69420.4,69558.6,69277.7,69440.8,219.9089
1771077600000,69440.4,69476.6,69308.0,69438.3,140.9588
1771078500000,69438.2,69609.3,69366.1,69428.6,223.5761
1771079400000,69430.0,69650.0,69429.8,69641.0,167.1283
1771080300000,69640.9,69835.0,69553.6,69673.4,311.2037
1771081200000,69673.4,69765.8,69584.3,69584.4,147.5407
1771082100000,69584.3,70016.6,69532.7,69838.4,376.0041
1771083000000,69838.4,69934.0,69737.3,69835.4,163.4988
1771083900000,69835.3,69866.8,69690.9,69754.9,94.1666
1771084800000,69754.9,69789.7,69621.0,69658.6,109.8951
1771085700000,69657.4,69657.6,69300.0,69399.0,296.3314
1771086600000,69399.2,69637.1,69258.5,69624.5,213.2088
1771087500000,69624.4,69767.3,69518.3,69731.3,177.6901
1771088400000,69730.6,69837.0,69581.6,69834.3,123.8563
1771089300000,69834.1,69896.2,69732.4,69794.2,107.0349
1771090200000,69794.0,69854.3,69632.2,69753.5,86.6672
1771091100000,69753.3,69788.4,69662.0,69712.4,43.4887
1771092000000,69712.4,69834.3,69642.0,69734.9,68.3138
1771092900000,69735.1,69813.6,69696.9,69712.1,63.4237
1771093800000,69711.7,69777.9,69651.9,69705.1,66.1651
1771094700000,69704.9,69766.9,69673.8,69743.4,27.9912
1771095600000,69743.9,69825.0,69685.3,69723.8,60.2498
1771096500000,69723.8,69853.4,69581.6,69809.5,127.1124
1771097400000,69809.3,69870.6,69773.0,69849.9,46.0248
1771098300000,69850.0,69883.0,69790.8,69847.0,47.4446
1771099200000,69847.0,69966.3,69775.0,69796.1,102.1971
1771100100000,69796.3,69878.7,69711.0,69798.4,42.8032
1771101000000,69797.1,69945.1,69779.2,69918.7,49.9387
1771101900000,69918.7,70000.8,69910.7,69991.6,94.34
1771102800000,69991.6,70217.6,69991.4,70178.5,224.2917
1771103700000,70178.5,70220.9,69951.0,69965.3,174.2904
1771104600000,69965.5,69988.1,69649.5,69832.1,162.3192
1771105500000,69832.1,69902.8,69769.8,69902.5,55.275
1771106400000,69900.0,70013.7,69815.9,69973.3,56.9862
1771107300000,69973.5,69973.5,69747.6,69907.2,79.4762
1771108200000,69907.2,70000.0,69889.9,69952.4,39.0399
1771109100000,69952.4,70070.3,69908.5,69932.5,39.4966
1771110000000,69930.7,69978.7,69870.7,69948.0,41.0014
1771110900000,69948.0,69993.2,69683.5,69797.3,114.7554
1771111800000,69797.5,69829.8,69743.5,69783.8,55.373
1771112700000,69784.0,69833.2,69739.7,69792.1,45.4667
1771113600000,69792.0,69829.9,69627.3,69652.7,73.0499
1771114500000,69651.7,69739.2,69599.8,69667.0,90.8813
1771115400000,69663.2,69730.0,69591.4,69597.6,55.2996
1771116300000,69597.4,69769.8,69566.7,69747.5,76.271
1771117200000,69747.7,69870.0,69701.6,69869.9,54.4085
1771118100000,69869.9,69870.0,69423.6,69496.4,166.9541
1771119000000,69496.6,69642.0,69320.0,69378.1,172.3
1771119900000,69378.1,69696.5,69354.4,69685.9,107.0702
1771120800000,69684.3,69727.7,69443.9,69524.0,104.1743
1771121700000,69524.1,69595.5,69370.0,69445.1,64.3001
1771122600000,69445.0,69540.0,69319.9,69484.8,91.0934
1771123500000,69484.8,69551.5,69406.1,69453.6,46.8336
1771124400000,69453.5,69572.7,69436.2,69436.2,35.6771
1771125300000,69436.6,69555.5,69416.1,69416.1,45.9813
1771126200000,69416.1,69506.6,69227.7,69330.1,185.1364
1771127100000,69330.8,69966.0,69330.8,69924.1,425.5745
1771128000000,69924.1,70438.8,69923.9,70399.9,689.7215
1771128900000,70399.9,70498.4,70140.0,70173.1,291.9017
1771129800000,70172.9,70341.7,70160.4,70204.8,102.2761
1771130700000,70204.7,70319.5,70078.0,70149.9,103.3625
1771131600000,70150.0,70264.0,70100.3,70168.8,67.724
1771132500000,70170.0,70444.4,70136.3,70295.6,179.3641
1771133400000,70295.4,70380.0,70243.2,70324.4,76.4799
1771134300000,70324.6,70409.0,70230.4,70232.3,73.6648
1771135200000,70232.1,70255.6,70149.3,70198.4,80.2594
1771136100000,70198.4,70500.0,70167.3,70344.8,158.1389
1771137000000,70344.8,70501.3,70321.3,70328.0,164.0388
1771137900000,70328.2,70400.0,70252.1,70368.1,118.8622
1771138800000,70368.1,70400.0,70270.0,70382.1,73.7297
1771139700000,70380.4,70841.0,70356.6,70637.6,552.3619
1771140600000,70637.9,70893.7,70550.0,70697.3,290.923
1771141500000,70697.2,70783.9,70641.1,70782.2,123.4933
1771142400000,70782.2,70931.0,70672.1,70702.0,241.4621
1771143300000,70696.6,70787.2,70526.4,70533.7,148.5243
1771144200000,70533.6,70571.7,70132.8,70290.6,474.9282
1771145100000,70290.6,70419.3,70254.2,70406.4,136.6969
1771146000000,70406.2,70627.7,70344.3,70550.1,147.868
1771146900000,70550.0,70596.6,70471.2,70591.9,96.1935
1771147800000,70592.1,70594.4,70406.8,70464.8,79.2929
1771148700000,70465.0,70481.1,70329.6,70385.9,77.2228
1771149600000,70385.9,70427.5,70180.0,70263.1,131.7033
1771150500000,70263.3,70422.2,70190.0,70398.2,115.2256
1771151400000,70397.7,70422.1,70259.5,70419.9,70.1097
1771152300000,70422.2,70490.0,70384.4,70389.3,101.7982
1771153200000,70392.5,70509.8,70379.6,70387.3,66.0488
1771154100000,70387.3,70451.1,70317.3,70354.3,87.9213
1771155000000,70354.3,70356.0,70260.3,70332.0,62.8451
1771155900000,70332.0,70356.5,70235.9,70268.4,63.1442
1771156800000,70268.4,70300.0,70137.7,70193.5,144.5572
1771157700000,70193.5,70368.3,70013.9,70336.0,359.7899
1771158600000,70336.2,70384.9,70112.1,70232.2,153.8473
1771159500000,70232.4,70232.4,69280.6,69282.3,866.0294
1771160400000,69283.0,69522.1,69264.0,69476.9,464.2632
1771161300000,69477.1,69588.4,68973.4,69005.8,647.8071
1771162200000,69013.0,69143.5,68845.5,68896.8,671.0859
1771163100000,68896.8,69038.1,68738.0,68899.9,513.3338
1771164000000,68900.0,69085.6,68811.7,68930.2,313.7815
1771164900000,68928.2,69065.0,68921.2,69061.7,135.1832
1771165800000,69061.7,69184.0,68944.0,69134.2,223.3322
1771166700000,69134.8,69156.7,69021.9,69137.8,99.6753
1771167600000,69132.2,69223.0,69067.4,69170.9,139.9491
1771168500000,69170.8,69170.8,68850.1,68862.2,176.8414
1771169400000,68862.3,69045.2,68850.0,69041.6,99.8684
1771170300000,69033.7,69068.6,68925.4,69064.3,72.0326
1771171200000,69062.7,69062.9,68753.7,68958.9,232.976
1771172100000,68958.9,69045.4,68850.0,69043.9,101.4107
1771173000000,69043.7,69071.5,68889.9,69000.2,94.4159
1771173900000,68999.8,69050.0,68974.5,68985.1,50.548
1771174800000,68990.5,69048.9,68932.3,69032.7,134.8331
1771175700000,69021.4,69021.4,68886.3,68957.5,60.5148
1771176600000,68957.5,69021.3,68800.0,68800.0,156.0871
1771177500000,68800.0,68800.0,68180.7,68608.8,1244.4097
1771178400000,68607.9,68713.6,68407.0,68657.6,272.0192
1771179300000,68657.6,68762.6,68521.0,68523.7,156.1644
1771180200000,68523.7,68692.4,68362.0,68675.2,356.6404
1771181100000,68675.2,68684.3,68321.3,68421.6,180.024
1771182000000,68421.6,68498.7,68053.6,68159.8,381.8557
1771182900000,68159.8,68543.5,68072.2,68522.9,223.7527
1771183800000,68524.7,68527.5,68181.6,68217.5,121.6331
1771184700000,68217.5,68415.1,68214.0,68265.0,84.8521
1771185600000,68265.1,68413.5,68105.9,68390.9,115.7734
1771186500000,68391.1,68460.9,68272.5,68456.0,77.3268
1771187400000,68456.0,68532.2,68396.6,68475.7,86.4012
1771188300000,68463.5,68472.4,68370.0,68420.7,48.5219
1771189200000,68421.4,68744.8,68421.2,68708.0,169.499
1771190100000,68708.0,68780.3,68628.4,68765.0,80.186
1771191000000,68764.4,68922.0,68693.3,68703.9,245.6708
1771191900000,68698.4,68895.6,68675.8,68820.0,83.3294
1771192800000,68824.7,68938.2,68762.9,68763.6,97.8424
1771193700000,68763.8,69016.0,68763.6,68980.0,99.3097
1771194600000,68980.1,69053.0,68931.8,68999.9,62.9585
1771195500000,68988.9,69049.3,68890.2,68964.2,61.9199
1771196400000,68955.7,68955.7,68293.2,68459.0,307.7483
1771197300000,68459.1,68642.6,68362.7,68614.1,129.0482
1771198200000,68613.9,68770.9,68513.6,68645.7,98.6879
1771199100000,68642.7,68810.4,68635.8,68797.9,60.5517
1771200000000,68797.7,68969.4,68700.0,68905.7,123.8082
1771200900000,68908.9,69036.4,68735.9,68819.1,113.4831
1771201800000,68819.1,68939.4,68721.4,68721.8,64.0057
1771202700000,68721.8,68920.5,68662.2,68813.1,75.8263
1771203600000,68813.8,69008.9,68750.0,68827.2,81.2877
1771204500000,68827.2,68889.0,68625.4,68693.4,78.0758
1771205400000,68692.8,68735.8,68415.6,68560.8,120.9749
1771206300000,68560.8,68646.3,68544.5,68596.6,42.7089
1771207200000,68596.6,68702.0,68437.9,68539.7,69.9898
1771208100000,68538.4,68547.7,68309.1,68325.1,115.4114
1771209000000,68325.1,68493.5,68300.5,68427.3,90.8257
1771209900000,68430.0,68495.4,68212.0,68296.2,125.7776
1771210800000,68296.2,68417.9,68279.2,68352.3,64.4047
1771211700000,68353.5,68389.4,68141.3,68155.5,161.1422
1771212600000,68155.7,68330.0,68124.1,68327.1,105.6288
1771213500000,68327.1,68437.5,68294.3,68392.7,95.7372
1771214400000,68392.7,68636.9,68384.2,68605.2,168.3317
1771215300000,68605.2,68767.9,68585.9,68744.0,231.5018
1771216200000,68744.0,68786.5,68655.5,68663.2,108.5912
1771217100000,68663.4,68863.9,68661.1,68834.1,78.2597
1771218000000,68834.0,68866.6,68425.2,68440.4,140.2719
1771218900000,68441.3,68496.0,68357.9,68427.3,110.0494
1771219800000,68427.0,68466.5,68258.6,68312.2,122.2871
1771220700000,68312.2,68400.0,68300.7,68353.3,80.6608
1771221600000,68353.3,68411.9,68325.0,68332.8,52.1024
1771222500000,68332.8,68365.7,68202.2,68320.0,104.3856
1771223400000,68319.9,68501.1,68310.9,68439.5,92.503
1771224300000,68439.5,68448.0,68363.8,68421.3,54.2295
1771225200000,68421.5,68599.0,68343.6,68577.2,127.1849
1771226100000,68577.0,68642.1,68507.3,68544.3,102.54
1771227000000,68544.1,68620.0,68402.7,68470.0,98.2137
1771227900000,68470.1,68588.7,68470.0,68553.9,58.3196
1771228800000,68553.9,68638.1,68513.6,68517.0,93.473
1771229700000,68516.2,68716.6,68510.0,68698.9,75.4674
1771230600000,68699.1,68738.3,68597.6,68736.2,81.5751
1771231500000,68736.2,68765.0,68645.3,68728.0,101.8047
1771232400000,68728.0,68927.4,68710.6,68858.1,211.6326
1771233300000,68858.1,68948.7,68771.1,68931.1,69.5721
1771234200000,68930.3,69025.6,68840.0,68988.7,157.1616
1771235100000,68988.9,69010.0,68906.0,68959.1,121.8806
1771236000000,68959.1,68959.1,68848.6,68916.1,123.8645
1771236900000,68916.1,68922.0,68663.1,68763.2,130.3667
1771237800000,68761.3,68908.0,68710.0,68751.3,95.648
1771238700000,68751.3,68811.0,68735.1,68762.0,65.6434
1771239600000,68762.0,68820.0,68432.8,68483.4,214.7939
1771240500000,68483.4,68652.7,68301.2,68633.5,264.4497
1771241400000,68633.3,68689.1,68526.3,68545.3,116.8653
1771242300000,68545.1,68888.0,68543.5,68775.7,199.6559
1771243200000,68771.8,68955.0,68743.6,68868.9,353.4471
1771244100000,68868.7,69581.0,68781.5,69460.9,1187.8894
1771245000000,69467.8,69521.6,69259.3,69402.1,391.0658
1771245900000,69402.3,69816.0,69340.0,69732.6,583.4119
1771246800000,69732.7,70095.3,69586.5,69625.9,826.5401
1771247700000,69625.9,69720.0,68483.3,68587.0,863.6695
1771248600000,68584.0,68853.6,68232.2,68397.6,829.3699
1771249500000,68398.1,68460.0,68182.5,68360.4,374.7976
1771250400000,68360.6,68519.4,68221.9,68380.1,443.447
1771251300000,68380.0,68613.9,68232.4,68277.1,504.6055
1771252200000,68277.0,68596.3,68258.6,68474.9,229.5445
1771253100000,68475.5,68680.0,68252.0,68391.0,348.892
1771254000000,68390.6,68565.5,68290.0,68304.9,301.1388
1771254900000,68305.4,68369.4,68205.0,68205.0,198.1698
1771255800000,68205.0,68223.2,67253.8,67412.2,1389.908
1771256700000,67412.0,67698.9,67322.2,67501.9,389.9696
1771257600000,67501.9,67805.9,67473.2,67701.0,329.3988
1771258500000,67700.0,67775.6,67540.3,67738.3,174.4411
1771259400000,67738.3,67893.1,67569.6,67880.0,130.9659
1771260300000,67886.8,67945.6,67757.3,67850.0,207.0926
1771261200000,67849.8,67946.8,67665.3,67710.2,166.2407
1771262100000,67712.2,67937.3,67565.4,67891.2,169.3501
1771263000000,67891.0,68038.1,67855.0,67991.1,146.6993
1771263900000,67991.1,67991.1,67862.6,67909.4,109.3103
1771264800000,67909.2,68128.3,67865.6,68092.6,248.6703
1771265700000,68084.2,68215.0,68034.5,68092.8,423.5047
1771266600000,68088.7,68100.6,67937.7,67964.4,171.9141
1771267500000,67964.7,68001.0,67807.5,67838.6,502.5869
1771268400000,67838.4,67951.8,67834.2,67951.6,67.4882
1771269300000,67951.8,68012.4,67785.2,67937.3,234.3534
1771270200000,67941.8,68104.6,67941.8,68062.2,67.5637
1771271100000,68062.4,68075.1,67866.2,67881.1,55.7018
1771272000000,67881.1,67929.2,67791.6,67924.6,85.6855
1771272900000,67924.8,68211.0,67885.7,68193.9,147.1659
1771273800000,68193.9,68251.8,68065.7,68199.9,131.529
1771274700000,68200.0,68535.0,68166.6,68494.0,266.9458
1771275600000,68494.1,68562.6,68395.4,68542.1,202.7687
1771276500000,68542.2,68602.2,68427.2,68499.9,156.1746
1771277400000,68498.7,68552.4,68423.4,68515.2,78.1081
1771278300000,68515.1,68910.0,68428.2,68833.6,233.3834
1771279200000,68833.8,68862.4,68650.1,68727.5,190.3953
1771280100000,68727.5,68788.4,68550.6,68578.5,70.9986
1771281000000,68575.1,68698.2,68482.7,68568.3,101.9528
1771281900000,68568.3,68647.1,68477.7,68560.1,74.5245
1771282800000,68560.1,68731.8,68504.4,68706.4,83.308
1771283700000,68706.4,68810.3,68609.5,68615.8,84.9496
1771284600000,68615.6,68705.6,68586.9,68653.2,76.9492
1771285500000,68653.0,68988.0,68650.6,68862.2,176.4
1771286400000,68863.2,68884.8,68730.1,68869.9,78.5979
1771287300000,68870.0,68900.0,68666.2,68847.5,101.3652
1771288200000,68847.5,68933.3,68803.7,68842.5,118.3699
1771289100000,68842.5,69009.0,68803.9,68852.8,160.2191
1771290000000,68852.8,68971.2,68753.0,68900.0,110.7176
1771290900000,68899.9,68925.5,68806.1,68842.3,91.0946
1771291800000,68842.4,68962.3,68794.1,68821.9,113.5768
1771292700000,68822.0,68856.5,68535.8,68583.8,215.4868
1771293600000,68583.2,69228.0,68356.5,69094.4,432.9164
1771294500000,69091.4,69155.0,68961.2,69017.1,157.9773
1771295400000,69017.1,69048.3,68875.5,68920.2,89.3594
1771296300000,68920.2,69010.0,68811.4,68811.5,54.6453
1771297200000,68811.4,68832.0,68606.4,68697.8,213.5537
1771298100000,68688.8,68739.8,68555.2,68619.5,119.8693
1771299000000,68619.7,68635.6,68459.8,68539.3,92.4264
1771299900000,68539.4,68559.3,68436.4,68444.0,78.4379
1771300800000,68443.8,68596.2,68366.0,68557.0,88.5452
1771301700000,68557.0,68682.1,68452.7,68573.0,85.0319
1771302600000,68571.0,68571.2,68250.1,68399.9,168.0418
1771303500000,68400.0,68473.3,68358.2,68448.9,78.3529
1771304400000,68449.1,68481.2,68303.8,68320.5,89.2583
1771305300000,68320.3,68333.8,67905.7,68019.9,450.9955
1771306200000,68020.1,68160.0,67861.6,68130.1,200.467
1771307100000,68130.1,68245.0,68079.6,68209.1,210.9674
1771308000000,68209.1,68420.0,68180.0,68340.4,122.4333
1771308900000,68340.4,68443.9,68264.3,68400.7,128.017
1771309800000,68400.5,68497.0,68355.9,68420.2,172.0092
1771310700000,68420.2,68442.0,68365.5,68365.5,57.3302
1771311600000,68364.6,68370.7,68241.8,68285.9,118.0442
1771312500000,68286.1,68358.8,68165.9,68178.8,76.0665
1771313400000,68178.6,68449.6,68136.6,68377.9,178.1803
1771314300000,68377.9,68441.7,68340.0,68349.8,56.5214
1771315200000,68350.0,68445.1,68340.0,68357.7,77.105
1771316100000,68357.9,68359.9,68194.9,68263.6,121.9922
1771317000000,68263.3,68319.6,68114.2,68187.4,126.1468
1771317900000,68187.4,68230.5,68089.0,68137.6,107.4951
1771318800000,68137.4,68275.3,68027.5,68070.4,146.7497
1771319700000,68070.4,68131.8,67955.8,67995.1,411.1798
1771320600000,67995.3,68064.9,67962.0,68041.4,131.2936
1771321500000,68041.4,68136.3,68015.6,68089.3,162.3122
1771322400000,68089.1,68162.4,68037.8,68100.0,100.0912
1771323300000,68100.0,68100.4,67758.5,67880.1,435.2484
1771324200000,67880.0,67914.4,67732.9,67759.2,205.8757
1771325100000,67759.5,67826.7,67678.0,67818.4,211.0599
1771326000000,67818.4,67890.9,67655.5,67860.7,139.6338
1771326900000,67860.6,67904.5,67705.8,67874.4,96.2223
1771327800000,67874.6,67889.0,67706.2,67708.8,120.7096
1771328700000,67709.0,67891.1,67687.8,67823.2,97.747
1771329600000,67823.1,68134.0,67801.7,68042.9,341.0789
1771330500000,68042.9,68153.8,67952.4,68081.8,506.3056
1771331400000,68081.6,68290.0,68054.4,68148.4,251.8046
1771332300000,68148.2,68161.9,67829.7,67890.9,303.9821
1771333200000,67890.7,68081.8,67709.4,68065.5,379.578
1771334100000,68065.5,68337.6,67953.2,68089.0,290.3329
1771335000000,68088.8,68096.6,67918.8,67989.0,142.3468
1771335900000,67989.0,68325.0,67956.0,68104.2,247.2607
1771336800000,68104.4,68312.6,68023.2,68068.2,146.02
1771337700000,68068.2,68164.4,67955.7,67995.1,121.2007
1771338600000,67995.3,68221.7,66921.3,67067.7,1559.4528
1771339500000,67067.7,67100.5,66708.2,66844.7,1049.1396
1771340400000,66849.7,67179.4,66776.0,66776.0,524.2554
1771341300000,66776.0,67132.9,66705.2,66814.2,459.6282
1771342200000,66813.8,66977.8,66579.6,66977.8,417.4717
1771343100000,66977.6,67375.0,66960.2,67358.4,653.8882
1771344000000,67358.4,67942.8,67284.4,67717.9,818.3838
1771344900000,67713.6,67916.9,67452.5,67497.1,472.1135
1771345800000,67497.1,68125.3,67400.0,67674.8,1035.9816
1771346700000,67674.8,67768.8,67446.9,67493.7,241.6596
1771347600000,67494.4,67694.2,67043.5,67232.2,356.6772
1771348500000,67232.4,67439.4,67163.7,67435.9,223.421
1771349400000,67435.9,67462.0,66934.3,66977.4,328.1494
1771350300000,66973.6,67277.6,66854.7,67208.6,278.2227
1771351200000,67208.6,67360.1,67091.4,67313.5,138.3614
1771352100000,67313.3,67782.1,67201.3,67696.9,536.3584
1771353000000,67697.4,68071.7,67656.9,67939.2,405.9694
1771353900000,67939.0,68185.6,67814.4,68057.9,523.39
1771354800000,68057.7,68162.7,67950.9,68136.9,138.5536
1771355700000,68136.6,68204.6,67824.5,67849.0,205.9008
1771356600000,67849.0,67963.4,67762.0,67959.1,159.2948
1771357500000,67959.3,68042.3,67717.4,67764.8,112.6199
1771358400000,67764.8,67817.0,67511.1,67571.4,260.1003
1771359300000,67571.6,67764.3,67453.0,67706.2,211.9163
1771360200000,67700.0,67888.6,67498.0,67821.8,134.7094
1771361100000,67821.6,67855.4,67694.4,67734.4,63.8711
1771362000000,67735.2,67858.1,67629.9,67852.3,144.104
1771362900000,67852.1,67900.9,67542.4,67555.8,116.2697
1771363800000,67555.6,67580.9,67499.0,67563.8,47.8883
1771364700000,67563.6,67662.0,67534.2,67644.0,33.5249
1771365600000,67643.8,67659.5,67500.0,67560.5,58.0086
1771366500000,67560.5,67671.9,67492.8,67671.7,53.8226
1771367400000,67671.9,67754.7,67575.7,67592.7,50.1059
1771368300000,67592.5,67615.5,67466.9,67500.0,48.9193
1771369200000,67500.0,67534.5,67351.4,67434.7,116.9753
1771370100000,67434.9,67589.7,67403.5,67405.1,75.2943
1771371000000,67405.1,67506.7,67355.6,67496.4,61.4933
1771371900000,67496.2,67550.7,67455.1,67477.3,26.9625
1771372800000,67477.3,67595.6,67464.3,67587.8,66.2091
1771373700000,67587.8,67593.0,67412.4,67468.7,64.0737
1771374600000,67469.4,67580.3,67424.4,67424.4,62.141
1771375500000,67424.4,67424.6,67257.6,67263.6,391.9883
1771376400000,67269.2,67342.5,67015.5,67070.1,226.4402
1771377300000,67070.1,67204.3,67014.0,67017.0,98.8097
1771378200000,67016.9,67156.0,66859.0,67137.8,247.763
1771379100000,67137.9,67163.7,67029.6,67136.4,100.5157
1771380000000,67136.4,67366.4,67117.6,67242.8,135.3733
1771380900000,67242.8,67296.8,67183.0,67185.6,133.6042
1771381800000,67185.6,67390.1,67177.5,67334.6,98.4312
1771382700000,67334.4,67344.2,67240.0,67300.3,120.1071
1771383600000,67300.1,67436.3,67295.4,67382.7,75.7022
1771384500000,67382.5,67517.0,67360.4,67506.1,66.3402
1771385400000,67506.1,67620.9,67472.9,67590.7,277.1437
1771386300000,67588.3,67670.2,67550.0,67590.0,106.0294
1771387200000,67593.8,67700.0,67464.5,67521.0,273.2761
1771388100000,67521.0,67643.0,67517.5,67642.0,82.2667
1771389000000,67642.2,67718.1,67572.0,67658.1,286.1468
1771389900000,67658.1,67865.7,67614.1,67791.1,168.9157
1771390800000,67790.9,67859.3,67713.1,67834.7,100.0327
1771391700000,67834.7,67900.0,67674.1,67693.4,133.5463
1771392600000,67693.4,67730.4,67579.6,67609.9,203.3997
1771393500000,67609.9,67695.3,67568.0,67615.4,93.0762
1771394400000,67615.4,67761.0,67574.9,67761.0,95.9721
1771395300000,67761.8,67864.0,67705.8,67833.4,93.1523
1771396200000,67833.4,67917.1,67783.9,67876.0,95.6049
1771397100000,67876.0,67944.7,67780.6,67813.4,98.8492
1771398000000,67813.2,67850.4,67708.4,67717.7,60.8713
1771398900000,67717.5,67748.3,67661.3,67712.8,45.838
1771399800000,67713.0,68068.0,67706.0,68037.1,226.1288
1771400700000,68037.1,68188.0,67985.7,68080.8,205.2441
1771401600000,68080.3,68245.0,68061.1,68189.6,168.6108
1771402500000,68189.8,68437.5,68167.3,68252.8,386.0092
1771403400000,68253.0,68268.8,68097.1,68135.9,151.255
1771404300000,68135.7,68185.0,68035.1,68099.2,139.4978
1771405200000,68099.2,68185.5,67975.0,68162.6,152.7459
1771406100000,68162.6,68227.1,68112.0,68119.5,137.6621
1771407000000,68119.7,68252.2,68098.6,68250.9,111.1567
1771407900000,68251.1,68251.1,68116.8,68130.0,88.1023
1771408800000,68130.1,68157.2,68051.1,68135.1,85.0893
1771409700000,68135.0,68137.0,67940.3,68007.9,147.6661
1771410600000,68007.8,68009.5,67705.4,67756.8,275.9311
1771411500000,67756.8,67824.2,67727.2,67773.0,183.2727
1771412400000,67773.0,67775.6,67037.6,67355.6,815.4843
1771413300000,67355.6,67460.0,67197.9,67416.6,296.5511
1771414200000,67416.4,67541.0,67378.4,67519.8,180.3321
1771415100000,67519.8,67565.7,67334.0,67339.7,151.3757
1771416000000,67339.8,67659.7,67336.3,67557.5,202.4553
1771416900000,67557.3,67614.7,67455.5,67534.0,81.7698
1771417800000,67534.0,67560.6,67308.6,67512.7,158.4952
1771418700000,67512.7,67570.7,67418.4,67429.4,114.0364
1771419600000,67438.0,67550.0,67355.0,67506.0,168.4869
1771420500000,67506.7,67565.9,67383.9,67443.7,75.7125
1771421400000,67443.9,67455.0,67183.1,67262.6,206.9753
1771422300000,67262.6,67286.0,67019.3,67207.2,305.7751
1771423200000,67207.4,67329.3,67187.2,67248.5,175.872
1771424100000,67248.5,67270.2,67025.6,67051.1,193.0963
1771425000000,67051.0,67289.0,66932.6,67115.0,707.6971
1771425900000,67115.0,67284.2,66686.0,67192.0,808.5534
1771426800000,67190.7,67520.4,67158.5,67339.9,595.4521
1771427700000,67341.2,67496.4,67285.3,67291.4,307.1602
1771428600000,67290.2,68323.7,67265.6,68079.1,1151.0256
1771429500000,68079.0,68093.2,67586.4,67669.1,720.9917
1771430400000,67668.9,67683.7,66967.8,67038.8,1064.0261
1771431300000,67042.0,67340.0,66966.4,67228.8,533.2303
1771432200000,67230.2,67308.1,67012.8,67197.8,301.2028
1771433100000,67196.8,67241.2,67002.7,67105.1,227.0824
1771434000000,67105.1,67452.1,67027.9,67053.4,434.8865
1771434900000,67053.3,67172.1,67030.0,67103.1,202.4053
1771435800000,67105.3,67209.2,67058.3,67070.7,79.5384
1771436700000,67070.5,67198.5,67058.5,67155.5,91.1599
1771437600000,67155.7,67203.7,67054.8,67095.1,98.9118
1771438500000,67094.9,67139.7,66617.5,66848.4,800.1204
1771439400000,66847.2,66911.4,66300.0,66305.4,563.239
1771440300000,66305.0,66514.2,66177.9,66329.1,545.2998
1771441200000,66327.7,66584.3,66274.5,66337.3,266.1167
1771442100000,66337.3,66441.9,66065.8,66237.5,398.9657
1771443000000,66237.5,66300.0,65821.7,66121.7,821.8069
1771443900000,66121.7,66333.1,65999.3,66138.4,353.29
1771444800000,66139.8,66318.9,66100.1,66219.9,231.121
1771445700000,66219.7,66339.8,66123.0,66263.3,157.1144
1771446600000,66263.3,66506.9,66258.2,66387.1,320.4641
1771447500000,66387.1,66492.2,66150.0,66233.0,350.894
1771448400000,66232.8,66307.9,66068.6,66171.3,206.9543
1771449300000,66171.5,66374.9,66161.3,66374.8,82.8539
1771450200000,66374.8,66467.8,66317.5,66400.1,107.6781
1771451100000,66400.1,66445.6,66230.2,66302.0,193.3882
1771452000000,66302.0,66375.0,66200.0,66227.3,105.3942
1771452900000,66227.3,66345.0,66202.6,66287.8,74.0628
1771453800000,66287.8,66442.3,66287.6,66361.8,71.0847
1771454700000,66362.0,66454.9,66358.8,66375.0,49.3166
1771455600000,66383.2,66423.0,66250.0,66352.8,71.1254
1771456500000,66352.6,66372.6,66255.8,66290.4,57.4825
1771457400000,66290.4,66455.3,66290.2,66436.7,102.9247
1771458300000,66438.4,66476.7,66392.3,66426.4,51.9419
1771459200000,66427.3,66570.6,66368.2,66384.5,241.5854
1771460100000,66384.5,66508.9,66307.8,66370.5,125.9251
1771461000000,66370.7,66520.7,66321.5,66493.9,56.397
1771461900000,66493.9,66525.0,66355.3,66410.8,59.1221
1771462800000,66410.6,66740.4,66408.1,66672.0,200.3354
1771463700000,66671.5,66710.0,66500.1,66670.0,139.6362
1771464600000,66670.2,66793.6,66591.2,66767.0,149.0316
1771465500000,66766.8,66845.5,66717.6,66833.1,309.3515
1771466400000,66833.0,66839.8,66716.7,66797.9,116.3726
1771467300000,66797.9,66931.2,66773.4,66907.7,119.62
1771468200000,66909.8,66910.2,66609.2,66633.7,194.7694
1771469100000,66633.5,66875.1,66633.5,66805.7,117.4464
1771470000000,66805.5,66858.5,66690.8,66772.1,89.8205
1771470900000,66772.3,66938.9,66770.9,66930.6,69.5569
1771471800000,66930.6,66930.8,66820.2,66879.9,90.6291
1771472700000,66879.9,66970.9,66822.4,66950.6,62.6955
1771473600000,66950.8,67043.7,66904.7,66961.4,168.4716
1771474500000,66961.4,66961.6,66825.0,66861.3,80.5893
1771475400000,66861.3,66925.0,66785.5,66785.8,67.9645
1771476300000,66785.6,66852.3,66726.4,66775.0,111.8424
1771477200000,66775.1,66815.2,66660.0,66747.1,129.5688
1771478100000,66747.1,66863.4,66658.0,66707.3,86.0111
1771479000000,66707.5,66787.5,66681.6,66741.2,64.2901
1771479900000,66741.4,66852.6,66700.0,66849.1,67.9838
1771480800000,66847.5,66981.3,66835.4,66967.8,128.1414
1771481700000,66967.6,67187.7,66932.9,67144.7,230.591
1771482600000,67144.7,67269.8,67059.7,67071.3,227.6133
1771483500000,67071.3,67187.3,67065.3,67122.8,123.4615
1771484400000,67122.8,67176.0,66993.9,67109.3,116.376
1771485300000,67109.4,67237.0,67109.3,67185.1,98.426
1771486200000,67185.0,67296.0,67080.4,67155.6,124.2134
1771487100000,67155.6,67189.6,67107.1,67178.5,59.5979
1771488000000,67176.3,67176.3,67007.4,67033.0,244.4715
1771488900000,67033.1,67075.0,66839.3,66886.4,202.3308
1771489800000,66886.4,66930.0,66765.1,66899.9,171.179
1771490700000,66900.0,66940.0,66800.0,66935.3,106.0221
1771491600000,66937.3,67010.5,66843.4,66995.0,156.3259
1771492500000,66994.2,67158.8,66955.2,67102.8,210.5662
1771493400000,67102.8,67125.8,67004.6,67046.3,100.365
1771494300000,67046.1,67051.6,66724.1,66804.6,261.9596
1771495200000,66804.6,66894.2,66707.9,66838.3,151.7047
1771496100000,66838.5,66905.8,66824.4,66825.4,196.2357
1771497000000,66825.2,66932.9,66771.6,66921.7,79.4536
1771497900000,66921.7,66921.7,66741.7,66808.9,76.7805
1771498800000,66808.9,66885.5,66790.3,66884.7,55.7185
1771499700000,66884.7,66908.3,66806.9,66813.0,64.4005
1771500600000,66813.0,66827.5,66622.2,66639.4,293.9787
1771501500000,66638.9,66690.0,66438.1,66468.6,462.5698
1771502400000,66468.4,66544.4,66293.5,66536.4,420.7264
1771503300000,66536.0,66650.2,66459.7,66637.6,239.3358
1771504200000,66637.4,66650.0,66448.1,66580.0,193.5062
1771505100000,66580.0,66603.9,66461.2,66488.8,119.6776
1771506000000,66488.8,66528.0,66197.1,66357.7,485.7443
1771506900000,66357.7,66390.7,66106.3,66143.1,367.1659
1771507800000,66143.1,66272.2,65890.8,65929.6,641.8987
1771508700000,65929.8,65980.9,65730.0,65884.0,785.6318
1771509600000,65881.4,66066.2,65801.7,66005.3,364.9943
1771510500000,66005.5,66038.2,65847.0,65943.9,223.0201
1771511400000,65943.9,66349.6,65600.0,66222.7,1034.0094
1771512300000,66220.9,66640.0,66062.6,66387.0,1135.5783
1771513200000,66390.5,66720.0,66005.3,66052.9,709.5462
1771514100000,66052.7,66366.9,65938.0,66015.9,546.7795
1771515000000,66015.5,66524.2,65938.0,66445.5,505.9801
1771515900000,66445.5,66569.0,66120.8,66370.5,388.6464
1771516800000,66370.5,66370.7,65870.7,66126.9,390.5226
1771517700000,66127.1,66388.1,66077.2,66157.4,241.1047
1771518600000,66157.4,66489.9,66157.4,66384.4,298.9337
1771519500000,66384.2,66448.2,66164.7,66270.4,178.4046
1771520400000,66270.2,66662.7,66235.8,66632.4,182.037
1771521300000,66632.2,67034.0,66550.0,66590.5,689.6111
1771522200000,66590.5,66701.9,66456.0,66579.7,422.0422
1771523100000,66579.7,66646.1,66150.0,66337.7,357.7626
1771524000000,66337.7,66629.3,66217.1,66610.5,197.6304
1771524900000,66610.1,66888.0,66447.2,66876.4,478.4506
1771525800000,66876.4,67000.0,66684.2,66981.3,265.7643
1771526700000,66981.1,67077.5,66864.9,67007.1,432.7134
1771527600000,67007.1,67173.8,66839.8,66882.8,536.2657
1771528500000,66882.6,67056.9,66826.2,66913.0,275.3382
1771529400000,66912.8,66935.4,66669.3,66846.1,240.9795
1771530300000,66846.3,67105.9,66758.6,67024.8,300.3301
1771531200000,67024.8,67098.8,66913.3,66955.4,148.3691
1771532100000,66955.4,66966.7,66805.2,66906.7,140.9074
1771533000000,66906.8,67021.0,66871.5,66920.1,81.833
1771533900000,66919.9,67147.5,66919.9,67110.0,189.8197
1771534800000,67107.1,67142.8,66993.6,66993.6,120.9905
1771535700000,66993.7,67045.4,66952.9,67013.5,127.376
1771536600000,67013.3,67048.1,66921.8,66927.3,45.1238
1771537500000,66927.3,66964.9,66862.3,66893.2,91.2629
1771538400000,66893.2,66908.1,66741.1,66872.0,137.0592
1771539300000,66872.1,66872.1,66740.1,66740.3,84.2476
1771540200000,66740.1,66820.0,66620.6,66819.9,215.7011
1771541100000,66819.5,66976.9,66730.0,66882.9,108.9567
1771542000000,66883.0,66954.2,66786.2,66816.4,77.7835
1771542900000,66816.4,66999.8,66816.4,66974.6,59.2981
1771543800000,66972.2,66982.4,66879.9,66936.2,48.064
1771544700000,66936.4,66999.8,66878.5,66974.3,47.4372
1771545600000,66972.9,67171.1,66917.5,67161.4,86.1418
1771546500000,67161.6,67469.0,67114.4,67355.9,620.749
1771547400000,67355.0,67358.2,67220.0,67249.9,139.4863
1771548300000,67249.9,67268.3,67173.9,67199.5,81.2387
1771549200000,67197.6,67327.9,67188.2,67304.1,256.2334
1771550100000,67301.9,67301.9,67125.0,67185.0,106.7982
1771551000000,67184.8,67334.2,67161.0,67304.7,139.1757
1771551900000,67303.3,67303.3,67140.3,67250.4,96.5467
1771552800000,67250.8,67321.1,67215.1,67252.8,68.9083
1771553700000,67253.0,67272.6,67150.2,67169.5,94.4591
1771554600000,67169.7,67287.0,67168.2,67272.7,97.9523
1771555500000,67272.7,67300.0,67209.4,67211.3,59.6063
1771556400000,67210.3,67288.0,67209.0,67249.2,46.4964
1771557300000,67249.2,67459.6,67210.5,67384.9,166.9298
1771558200000,67384.9,67469.0,67282.0,67298.1,153.4502
1771559100000,67297.9,67365.0,67280.0,67333.0,90.3809
1771560000000,67333.0,67362.3,67222.4,67299.5,123.2704
1771560900000,67299.3,67320.0,67077.2,67198.4,281.9053
1771561800000,67196.0,67307.0,67133.5,67276.7,100.4303
1771562700000,67272.3,67272.3,67188.4,67231.7,54.0998
1771563600000,67231.5,67248.6,67169.5,67220.3,51.669
1771564500000,67220.1,67420.8,67212.0,67376.8,136.9902
1771565400000,67376.8,67922.0,67376.8,67878.8,938.2266
1771566300000,67879.0,67992.4,67708.6,67758.2,512.5065
1771567200000,67759.9,67865.7,67670.5,67828.8,195.71
1771568100000,67828.8,67860.3,67666.0,67693.7,125.5629
1771569000000,67693.7,67820.1,67636.0,67727.3,130.0278
1771569900000,67727.3,67866.5,67691.7,67812.6,93.6111
1771570800000,67812.4,67836.3,67733.4,67790.4,81.2723
1771571700000,67790.4,67960.0,67790.4,67913.5,238.3825
1771572600000,67911.8,67922.5,67826.5,67846.6,172.6311
1771573500000,67846.4,67900.0,67739.1,67796.0,228.8513
1771574400000,67795.9,67872.7,67771.1,67836.2,109.1354
1771575300000,67836.2,67922.0,67808.2,67833.2,92.0616
1771576200000,67833.2,67866.8,67716.9,67760.0,104.0956
1771577100000,67760.0,67870.0,67742.7,67847.5,72.9088
1771578000000,67846.8,68170.0,67845.4,68098.6,520.3781
1771578900000,68098.6,68166.7,68067.4,68161.9,247.7456
1771579800000,68161.7,68192.8,68076.2,68101.1,154.8873
1771580700000,68101.1,68190.0,68093.2,68177.2,104.9838
1771581600000,68177.0,68280.0,68051.7,68140.6,231.1267
1771582500000,68140.6,68249.9,68082.6,68216.3,124.1135
1771583400000,68216.5,68249.9,68105.0,68122.0,105.2549
1771584300000,68122.0,68147.9,67769.5,67906.9,420.4883
1771585200000,67907.0,67946.6,67755.0,67833.7,283.004
1771586100000,67833.5,67850.0,67750.0,67841.3,183.8188
1771587000000,67841.3,67864.8,67392.4,67420.4,467.301
1771587900000,67416.8,67579.0,67250.0,67296.6,658.3266
1771588800000,67296.6,67473.1,67246.9,67448.9,357.0469
1771589700000,67448.9,67499.3,67249.7,67300.1,360.3181
1771590600000,67300.1,67478.1,67278.2,67448.2,171.7956
1771591500000,67448.2,67562.6,67431.9,67508.5,222.3061
1771592400000,67508.5,67510.8,67041.4,67113.1,814.6618
1771593300000,67113.1,67217.9,66940.0,67173.7,405.8371
1771594200000,67173.9,67177.4,66423.8,66603.0,1177.8148
1771595100000,66602.8,66923.0,66591.5,66789.8,736.4014
1771596000000,66789.8,67006.4,66740.2,66897.0,327.7539
1771596900000,66897.1,67053.4,66650.0,66972.8,455.4487
1771597800000,66974.4,67304.1,66829.9,67046.2,692.2765
1771598700000,67050.0,67129.9,66849.6,67045.5,362.9648
1771599600000,67045.3,68083.4,66835.1,66862.7,1812.5377
1771600500000,66863.1,67548.7,66514.7,67428.7,1286.8725
1771601400000,67425.3,67450.0,66900.7,67198.7,582.996
1771602300000,67196.9,67648.3,67088.9,67550.0,777.5349
1771603200000,67550.2,67762.3,67463.1,67697.9,550.3316
1771604100000,67697.9,67888.0,67279.7,67292.0,593.1504
1771605000000,67291.8,67495.0,67254.1,67467.7,321.5548
1771605900000,67467.7,67888.0,67456.6,67767.3,171.4893
1771606800000,67767.3,67767.3,67000.0,67038.2,514.141
1771607700000,67038.2,67222.0,66984.2,66998.3,438.5119
1771608600000,66998.1,67282.0,66915.0,67203.6,275.9343
1771609500000,67203.6,67670.8,67089.0,67584.8,653.9629
1771610400000,67584.8,67752.7,67446.1,67546.3,286.8744
1771611300000,67546.1,67666.0,67433.2,67638.4,161.1358
1771612200000,67635.6,67974.0,67498.0,67767.9,464.1639
1771613100000,67767.9,67950.0,67660.0,67901.1,180.6326
1771614000000,67901.3,67982.1,67647.2,67683.1,224.749
1771614900000,67683.1,67774.2,67533.0,67598.6,101.366
1771615800000,67598.7,67815.2,67520.9,67586.5,178.5716
1771616700000,67586.5,67680.0,67542.5,67617.4,87.4516
1771617600000,67617.2,67802.2,67605.8,67779.7,104.5727
1771618500000,67779.2,67779.2,67533.0,67548.8,74.664
1771619400000,67549.3,67700.0,67488.6,67699.4,94.0357
1771620300000,67699.2,67734.7,67600.0,67720.7,41.6102
1771621200000,67718.7,67767.2,67600.4,67686.2,66.7155
1771622100000,67686.2,67725.5,67632.7,67714.8,32.0849
1771623000000,67715.0,67811.6,67666.9,67729.6,59.2531
1771623900000,67729.4,67799.6,67696.3,67793.7,56.0394
1771624800000,67788.7,67799.6,67608.4,67628.8,66.6713
1771625700000,67628.8,67973.2,67626.9,67903.8,200.1437
1771626600000,67903.8,68091.6,67860.3,67932.8,218.3884
1771627500000,67932.8,68078.6,67889.0,68050.3,178.7412
1771628400000,68048.4,68200.0,67964.9,67996.7,249.4854
1771629300000,67996.5,68030.9,67913.8,67969.2,83.3993
1771630200000,67969.4,68000.0,67880.7,67942.2,77.7907
1771631100000,67942.0,68010.6,67929.4,67984.2,34.323
1771632000000,67986.1,68022.2,67920.3,67982.4,68.7384
1771632900000,67981.3,67989.9,67858.5,67898.3,89.0606
1771633800000,67898.3,67920.6,67822.0,67822.1,77.3115
1771634700000,67822.1,67847.7,67770.4,67809.7,89.5007
1771635600000,67811.5,67901.3,67807.9,67901.3,48.4269
1771636500000,67898.2,67898.2,67833.1,67833.2,33.3391
1771637400000,67833.1,67974.4,67831.6,67944.6,62.3736
1771638300000,67944.8,67979.2,67914.0,67921.4,28.9879
1771639200000,67927.9,67998.9,67878.5,67960.5,63.0173
1771640100000,67960.3,68042.3,67947.5,68033.2,61.113
1771641000000,68033.4,68076.4,67992.6,68049.9,69.9415
1771641900000,68050.0,68050.0,67954.0,67975.1,43.8103
1771642800000,67975.1,67975.1,67630.6,67734.7,320.0021
1771643700000,67734.7,67798.4,67708.5,67774.3,56.6662
1771644600000,67779.0,67815.1,67505.0,67594.4,240.7701
1771645500000,67594.6,67643.9,67556.6,67639.9,87.7334
1771646400000,67640.0,67678.0,67573.7,67627.3,91.4061
1771647300000,67627.3,67695.4,67560.1,67691.2,140.0987
1771648200000,67691.0,67734.7,67666.0,67666.0,58.2674
1771649100000,67667.3,67816.8,67667.3,67786.3,56.6565
1771650000000,67786.5,67866.2,67761.6,67814.2,63.0115
1771650900000,67814.2,67853.3,67793.0,67833.0,35.8471
1771651800000,67833.1,67856.7,67773.5,67830.0,43.4794
1771652700000,67829.9,67840.0,67790.2,67823.9,28.4129
1771653600000,67823.9,67896.9,67816.8,67888.4,66.1635
1771654500000,67888.2,67889.3,67836.5,67837.4,21.8284
1771655400000,67837.4,67837.4,67723.1,67747.4,65.6587
1771656300000,67747.4,67764.8,67723.0,67757.0,33.9835
1771657200000,67756.9,67823.3,67715.5,67796.5,75.3016
1771658100000,67796.5,67828.1,67794.7,67823.6,25.4109
1771659000000,67823.4,67850.0,67786.1,67800.0,22.7202
1771659900000,67799.9,67825.0,67799.9,67822.3,25.6345
1771660800000,67822.5,67880.0,67780.0,67879.8,48.4436
1771661700000,67879.8,67958.8,67879.6,67941.2,90.1401
1771662600000,67941.4,67983.5,67904.4,67963.9,78.5666
1771663500000,67963.7,68045.0,67928.7,68018.0,89.2689
1771664400000,68018.0,68040.0,67934.9,67961.4,82.754
1771665300000,67961.4,68243.0,67961.2,68200.3,406.4453
1771666200000,68200.3,68285.3,68108.9,68159.5,260.3377
1771667100000,68161.9,68190.2,68105.2,68115.3,78.1434
1771668000000,68113.1,68220.0,68112.2,68150.4,99.1414
1771668900000,68150.4,68180.0,68110.9,68162.4,54.5239
1771669800000,68162.4,68200.0,68150.3,68200.0,49.3695
1771670700000,68200.0,68200.0,68125.0,68179.9,79.4591
1771671600000,68179.9,68256.6,68166.7,68240.0,154.1763
1771672500000,68239.9,68251.0,68140.3,68147.5,96.5786
1771673400000,68146.9,68167.7,68061.1,68066.4,122.1758
1771674300000,68067.2,68094.4,68046.1,68063.2,110.1703
1771675200000,68063.4,68106.0,67930.3,67959.9,259.2814
1771676100000,67959.9,67985.0,67925.0,67936.6,151.6443
1771677000000,67936.4,68009.8,67895.0,68003.1,144.7354
1771677900000,68003.3,68194.1,68003.1,68180.1,238.7139
1771678800000,68180.1,68182.1,68099.3,68119.7,157.3444
1771679700000,68119.7,68238.6,68078.0,68218.4,345.8058
1771680600000,68217.9,68219.0,68104.9,68140.1,261.0499
1771681500000,68140.3,68234.0,68125.8,68227.5,428.9929
1771682400000,68226.9,68235.0,68150.0,68235.0,300.9318
1771683300000,68233.3,68601.3,68187.2,68409.3,1058.4006
1771684200000,68409.4,68597.1,68375.6,68502.3,413.383
1771685100000,68502.5,68562.3,68390.3,68416.1,261.1451
1771686000000,68416.1,68486.9,68388.5,68456.9,99.2654
1771686900000,68456.9,68543.0,68420.0,68420.4,98.0287
1771687800000,68420.4,68684.0,68384.0,68594.4,277.0579
1771688700000,68594.3,68661.5,68549.8,68571.9,263.9736
1771689600000,68576.1,68599.4,68245.0,68324.9,676.6664
1771690500000,68327.5,68334.0,68069.7,68243.0,918.8424
1771691400000,68242.8,68333.0,68104.0,68323.6,343.9816
1771692300000,68320.5,68333.0,68278.4,68296.9,64.1369
1771693200000,68296.9,68347.6,68156.8,68234.2,281.606
1771694100000,68239.9,68302.7,68170.8,68254.0,187.8067
1771695000000,68253.8,68437.0,68240.3,68397.9,186.7636
1771695900000,68397.9,68436.9,68360.5,68410.0,68.6717
1771696800000,68407.9,68419.1,68345.4,68376.9,46.8455
1771697700000,68376.9,68525.0,68376.9,68462.5,107.9248
1771698600000,68462.7,68550.0,68457.6,68523.6,66.8293
1771699500000,68523.8,68619.9,68460.3,68546.9,90.9871
1771700400000,68547.2,68632.3,68494.6,68554.6,71.5193
1771701300000,68554.6,68594.9,68507.5,68539.7,42.9016
1771702200000,68539.7,68623.2,68527.1,68600.7,36.4817
1771703100000,68598.0,68598.0,68489.9,68516.6,51.9963
1771704000000,68516.6,68523.6,68445.7,68461.4,57.341
1771704900000,68461.2,68574.3,68457.8,68535.1,49.6388
1771705800000,68537.3,68544.5,68311.0,68360.4,112.451
1771706700000,68360.4,68392.3,68188.0,68188.1,94.5357
1771707600000,68188.1,68309.5,68160.0,68258.3,144.7463
1771708500000,68258.2,68347.5,68247.3,68314.5,50.1025
1771709400000,68314.5,68351.2,68254.5,68254.5,39.3585
1771710300000,68254.7,68356.5,68254.4,68355.2,28.298
1771711200000,68355.2,68389.2,68185.1,68224.2,66.131
1771712100000,68224.0,68300.0,68208.7,68231.9,37.598
1771713000000,68235.2,68257.3,67935.3,68070.0,180.7509
1771713900000,68070.0,68153.7,67857.0,67935.6,262.7136
1771714800000,67935.4,67990.0,67904.9,67915.0,134.0335
1771715700000,67915.4,68058.7,67915.4,68039.0,120.6935
1771716600000,68039.0,68087.1,68025.0,68027.5,63.4272
1771717500000,68027.3,68031.1,67934.1,67945.1,79.2171
1771718400000,67945.0,68005.0,67900.0,67980.6,66.2565
1771719300000,67980.4,68032.1,67768.5,67822.7,197.1999
1771720200000,67822.5,67894.1,67815.0,67815.0,108.0784
1771721100000,67815.0,67924.1,67809.3,67912.1,91.0222
1771722000000,67912.3,68039.0,67906.4,67995.0,355.5671
1771722900000,67994.9,68084.9,67976.9,68082.9,107.0864
1771723800000,68083.1,68125.0,68005.4,68098.3,134.0752
1771724700000,68090.6,68146.0,68052.4,68130.3,72.6756
1771725600000,68127.1,68188.0,68084.6,68186.0,69.4281
1771726500000,68184.6,68184.6,68015.0,68015.2,61.3321
1771727400000,68015.2,68085.0,67942.0,67950.4,111.8196
1771728300000,67950.5,68002.8,67850.0,67875.0,125.3456
1771729200000,67875.0,68000.0,67864.2,67985.1,176.5013
1771730100000,67985.1,68015.0,67788.3,67935.1,221.8733
1771731000000,67935.0,67970.0,67860.8,67958.5,88.5691
1771731900000,67958.3,68035.3,67911.4,68012.7,82.3139
1771732800000,68012.7,68056.6,68000.0,68038.9,49.7407
1771733700000,68039.1,68040.2,67936.0,67976.5,38.0726
1771734600000,67976.7,68020.8,67934.8,67956.4,35.5099
1771735500000,67956.6,67981.6,67932.5,67952.6,28.9892
1771736400000,67952.4,67990.0,67850.0,67879.9,94.3578
1771737300000,67879.9,67940.0,67865.2,67919.0,50.5612
1771738200000,67919.0,67919.2,67889.6,67905.8,24.2539
1771739100000,67905.8,67948.5,67852.5,67946.0,71.6175
1771740000000,67946.0,68022.8,67934.3,68015.7,85.5061
1771740900000,68015.7,68207.1,67990.0,68080.1,187.0342
1771741800000,68080.1,68143.2,68001.0,68022.7,184.7969
1771742700000,68022.5,68047.6,68000.0,68006.9,44.1614
1771743600000,68006.9,68007.4,67953.7,68002.9,57.0851
1771744500000,68002.9,68024.0,67972.7,67998.2,64.6935
1771745400000,67998.3,68072.0,67986.8,68058.7,45.1779
1771746300000,68058.7,68058.7,67972.5,67979.7,54.452
1771747200000,67979.7,67991.6,67941.1,67955.0,58.8715
1771748100000,67955.0,67981.8,67882.3,67931.9,128.5164
1771749000000,67932.0,67961.2,67884.7,67926.6,49.061
1771749900000,67926.8,67962.8,67916.3,67922.0,47.7247
1771750800000,67922.0,68015.0,67922.0,68015.0,51.8549
1771751700000,68014.9,68030.4,67981.1,67994.2,74.5223
1771752600000,67994.0,68020.0,67950.0,68019.9,33.5699
1771753500000,68019.9,68070.0,68019.9,68020.2,50.5963
1771754400000,68020.4,68020.4,67979.3,68011.2,46.0824
1771755300000,68011.0,68098.3,67990.7,68057.0,74.169
1771756200000,68056.8,68092.8,68035.8,68062.1,62.0279
1771757100000,68061.9,68122.3,68060.0,68095.7,73.9587
1771758000000,68095.7,68218.8,68095.7,68179.5,179.6752
1771758900000,68179.5,68220.2,68128.5,68192.3,157.5944
1771759800000,68192.5,68202.8,68130.0,68156.8,66.9727
1771760700000,68157.0,68186.8,68150.7,68186.5,33.8004
1771761600000,68186.5,68203.2,67953.0,67977.8,243.1766
1771762500000,67977.6,68066.5,67945.0,68044.0,114.5835
1771763400000,68043.9,68044.0,67855.4,67859.5,182.683
1771764300000,67865.1,67952.3,67829.4,67896.5,137.9599
1771765200000,67896.7,67990.0,67896.7,67956.9,77.1139
1771766100000,67956.9,68014.4,67887.6,67896.3,74.8799
1771767000000,67896.1,67938.1,67539.7,67605.8,730.9567
1771767900000,67608.6,67681.5,67567.0,67625.7,271.5246
1771768800000,67624.7,67644.6,67450.0,67619.6,341.8287
1771769700000,67619.4,67653.2,67539.0,67603.2,144.0389
1771770600000,67597.9,67653.0,67358.1,67413.0,288.8271
1771771500000,67413.4,67543.2,67330.0,67420.3,355.5419
1771772400000,67420.1,67465.8,67273.3,67391.1,346.7302
1771773300000,67391.1,67588.6,67310.7,67570.2,326.1477
1771774200000,67570.2,67787.1,67514.2,67752.4,390.875
1771775100000,67752.6,67788.4,67644.0,67658.4,210.1112
1771776000000,67658.4,67694.5,67553.0,67553.6,159.1506
1771776900000,67554.0,67617.2,67509.9,67511.1,197.5558
1771777800000,67512.4,67549.1,67483.7,67540.9,90.9118
1771778700000,67540.9,67617.1,67533.9,67601.2,87.0602
1771779600000,67601.2,67607.0,67495.6,67537.6,89.5396
1771780500000,67538.8,67545.7,67460.6,67460.6,63.102
1771781400000,67460.6,67506.4,67150.0,67230.0,477.8714
1771782300000,67230.0,67373.3,67221.0,67350.8,143.9449
1771783200000,67350.7,67398.0,67301.8,67373.6,107.1141
1771784100000,67373.9,67441.4,67298.2,67311.6,100.6237
1771785000000,67311.6,67363.0,67286.1,67349.2,60.5693
1771785900000,67349.0,67429.3,67349.0,67388.9,58.9584
1771786800000,67388.8,67469.1,67375.8,67378.2,115.469
1771787700000,67378.2,67430.8,67373.3,67404.1,41.3823
1771788600000,67404.3,67450.9,67381.0,67450.0,54.4333
1771789500000,67448.2,67448.2,67381.7,67395.9,45.4899
1771790400000,67396.1,67430.5,67329.8,67354.4,40.742
1771791300000,67354.2,67461.2,67354.2,67420.6,32.8847
1771792200000,67420.6,67425.0,67363.1,67381.5,49.7054
1771793100000,67384.5,67456.2,67319.6,67368.8,93.8502
1771794000000,67368.7,67446.0,67368.7,67418.6,31.6582
1771794900000,67418.6,67486.8,67414.2,67427.2,32.2467
1771795800000,67427.4,67591.7,67427.4,67560.1,125.8624
1771796700000,67560.1,67613.6,67540.3,67574.8,53.3949
1771797600000,67574.9,67581.3,67445.7,67473.8,80.2685
1771798500000,67474.0,67661.0,67473.8,67562.3,72.4762
1771799400000,67562.5,67683.7,67502.5,67647.2,102.439
1771800300000,67647.0,67728.5,67617.2,67635.1,235.3028
1771801200000,67635.4,67708.2,67452.2,67464.2,204.8104
1771802100000,67464.4,67634.9,67433.5,67580.0,252.7709
1771803000000,67580.0,67580.7,67458.0,67478.7,44.8093
1771803900000,67478.7,67695.7,67462.1,67614.2,120.4695
1771804800000,67614.3,67673.8,67562.7,67595.6,92.4639
1771805700000,67595.6,67600.0,67367.7,67442.7,136.3372
1771806600000,67442.6,67443.1,67137.8,67158.9,420.5531
1771807500000,67158.8,67158.9,66677.7,66702.8,692.1294
1771808400000,66702.8,66702.8,65218.9,65443.7,2523.5087
1771809300000,65445.1,65466.4,64905.1,65010.0,1141.5616
1771810200000,65010.1,65380.4,64949.9,65082.0,766.2237
1771811100000,65082.0,65130.0,64256.6,64387.5,1619.7513
1771812000000,64388.6,64756.3,64281.3,64708.8,518.8036
1771812900000,64719.9,64777.9,64486.8,64714.4,335.5877
1771813800000,64721.7,64877.7,64647.5,64804.9,296.0499
1771814700000,64805.1,64850.0,64664.6,64744.6,211.2683
1771815600000,64744.8,65020.0,64740.1,64896.4,286.3422
1771816500000,64896.4,64896.6,64659.7,64728.0,169.0621
1771817400000,64727.8,64973.0,64682.8,64973.0,178.3031
1771818300000,64972.9,64975.9,64869.5,64897.8,139.0625
1771819200000,64897.6,64994.0,64786.5,64986.2,255.3242
1771820100000,64986.2,64986.4,64678.6,64737.4,147.6195
1771821000000,64737.4,64780.0,64637.3,64687.8,104.1972
1771821900000,64687.6,64794.4,64672.4,64779.9,90.4962
1771822800000,64779.9,65143.0,64772.3,65060.0,331.6413
1771823700000,65060.1,65188.0,64893.0,65009.9,298.1425
1771824600000,65009.7,65095.2,64976.4,64986.7,127.4596
1771825500000,64986.7,65050.0,64923.9,65033.0,90.6251
1771826400000,65033.0,65342.5,64994.3,65325.5,257.4785
1771827300000,65327.6,65425.1,65268.6,65271.5,287.4365
1771828200000,65271.3,65642.9,65247.9,65502.5,417.6943
1771829100000,65502.5,65777.6,65490.8,65720.1,321.0051
1771830000000,65720.3,65865.7,65660.8,65753.7,416.5922
1771830900000,65753.5,65795.1,65629.2,65655.0,188.3329
1771831800000,65655.4,65979.8,65644.4,65913.7,302.2731
1771832700000,65913.7,65953.7,65855.0,65919.4,121.0374
1771833600000,65919.3,65924.5,65636.8,65803.3,446.9427
1771834500000,65803.3,65835.6,65581.1,65647.9,194.4094
1771835400000,65647.7,65706.2,65550.9,65585.8,118.6192
1771836300000,65586.0,65667.2,65532.5,65640.1,165.5837
1771837200000,65638.7,65800.0,65637.9,65787.6,139.1915
1771838100000,65787.5,65844.7,65676.8,65806.5,95.0012
1771839000000,65806.5,66293.5,65779.2,66248.1,635.5915
1771839900000,66248.3,66428.9,66200.2,66374.8,320.7158
1771840800000,66374.6,66566.0,66270.0,66284.7,354.635
1771841700000,66284.9,66479.5,66201.6,66329.1,202.5254
1771842600000,66329.1,66354.8,66190.0,66306.9,126.5144
1771843500000,66306.7,66379.4,66210.5,66291.5,100.9565
1771844400000,66291.6,66354.9,66213.1,66341.6,71.9332
1771845300000,66341.4,66459.3,66276.1,66287.6,149.0137
1771846200000,66287.6,66293.7,66080.4,66100.0,300.9624
1771847100000,66100.0,66191.8,66068.7,66169.5,119.606
1771848000000,66169.7,66225.0,66130.0,66188.4,82.9468
1771848900000,66188.6,66206.4,66008.9,66109.6,130.1396
1771849800000,66109.6,66472.2,65861.9,66390.7,606.1455
1771850700000,66390.9,66475.0,66200.0,66246.7,206.3679
1771851600000,66246.7,66352.6,66180.0,66189.5,114.1473
1771852500000,66189.3,66233.5,66094.5,66194.0,173.0143
1771853400000,66193.8,66394.0,66110.0,66320.1,167.4118
1771854300000,66320.1,66340.6,66061.1,66099.4,179.0751
1771855200000,66099.4,66250.8,66083.4,66217.9,104.907
1771856100000,66217.7,66224.8,66011.3,66052.2,153.9472
1771857000000,66052.0,66188.5,65502.7,65802.1,938.4999
1771857900000,65801.5,66086.8,65585.0,65891.1,532.3095
1771858800000,65893.8,66049.9,65685.1,65922.8,479.113
1771859700000,65922.6,66224.9,65717.4,65784.8,355.7202
1771860600000,65784.8,65910.0,65676.7,65769.5,269.4221
1771861500000,65769.8,65888.8,65548.6,65629.3,291.2785
1771862400000,65629.4,65656.0,65154.2,65196.9,770.7996
1771863300000,65200.1,65644.0,65181.8,65604.8,624.2267
1771864200000,65604.8,65699.0,65420.0,65545.0,229.5998
1771865100000,65544.8,65580.1,65277.4,65338.3,212.2775
1771866000000,65343.1,65425.1,65025.0,65050.3,327.1865
1771866900000,65051.7,65151.7,64536.9,64544.6,1540.8662
1771867800000,64544.8,64655.8,64289.4,64434.9,697.1366
1771868700000,64434.9,64779.4,64115.3,64779.4,707.5272
1771869600000,64779.1,64831.5,64603.0,64743.0,303.4078
1771870500000,64742.9,64883.1,64567.2,64781.8,233.5865
1771871400000,64782.3,65140.0,64689.1,64854.4,307.8832
1771872300000,64854.4,64855.3,64545.9,64596.3,221.5297
1771873200000,64596.1,64814.7,64558.7,64666.5,211.5098
1771874100000,64666.3,64676.5,64329.5,64431.5,282.1427
1771875000000,64429.5,64513.9,64059.4,64187.5,519.6328
1771875900000,64189.7,64335.2,64079.9,64269.1,211.037
1771876800000,64268.9,64345.4,63885.4,63934.1,526.8516
1771877700000,63935.3,64145.0,63856.6,63973.3,472.3538
1771878600000,63973.3,64293.8,63960.1,64237.5,231.3598
1771879500000,64240.5,64459.3,64203.2,64445.8,164.063
1771880400000,64444.3,64673.6,64426.2,64570.4,352.1557
1771881300000,64570.4,64643.5,64482.1,64525.3,75.6402
1771882200000,64525.3,64754.0,64499.3,64612.9,91.1865
1771883100000,64617.8,64699.6,64542.4,64552.4,115.364
1771884000000,64552.4,64966.1,64522.2,64931.0,215.8205
1771884900000,64931.2,64970.6,64811.7,64911.4,112.6809
1771885800000,64911.2,64911.4,64725.1,64768.6,89.5716
1771886700000,64768.4,64850.0,64613.0,64697.3,174.7333
1771887600000,64697.1,64870.1,64660.0,64825.8,100.2529
1771888500000,64825.8,64868.6,64750.0,64809.0,84.6447
1771889400000,64808.8,64852.4,64576.2,64588.8,97.9097
1771890300000,64588.6,64657.9,64500.1,64622.7,128.9465
1771891200000,64622.5,64861.0,64622.5,64860.5,192.4978
1771892100000,64858.5,64976.2,64765.9,64832.3,209.6775
1771893000000,64832.1,64954.6,64782.6,64885.2,82.5532
1771893900000,64880.5,64969.2,64838.7,64906.4,41.4519
1771894800000,64906.2,64906.2,64203.9,64295.7,370.1709
1771895700000,64295.7,64505.1,63400.2,64402.0,1440.1017
1771896600000,64401.8,64575.0,64045.1,64307.2,572.193
1771897500000,64307.0,64384.0,64033.4,64126.6,296.2191
1771898400000,64126.6,64293.9,63960.8,64211.7,191.2309
1771899300000,64211.7,64289.5,63990.4,64284.9,113.787
1771900200000,64285.0,64478.2,64071.3,64096.5,160.7495
1771901100000,64096.5,64155.0,64048.0,64077.9,142.0222
1771902000000,64077.9,64078.1,63530.0,63656.3,423.1738
1771902900000,63651.0,63827.8,63555.2,63676.5,184.9492
1771903800000,63676.3,63768.1,63603.8,63649.5,119.8012
1771904700000,63649.7,63661.8,63315.0,63563.5,379.8508
1771905600000,63563.5,63600.0,62916.0,62971.2,703.5595
1771906500000,62971.0,63350.3,62828.0,63184.9,748.477
1771907400000,63184.9,63352.4,62950.0,63304.5,292.0228
1771908300000,63304.5,63368.1,63196.4,63339.7,204.9706
1771909200000,63339.7,63510.6,63236.0,63459.0,204.6236
1771910100000,63458.9,63459.2,62660.6,62797.9,636.1699
1771911000000,62798.0,63028.7,62684.0,62954.3,343.257
1771911900000,62954.1,63073.5,62914.7,63067.8,122.6727
1771912800000,63067.6,63189.0,62852.4,63111.5,188.0801
1771913700000,63111.5,63275.6,63069.1,63173.3,143.1492
1771914600000,63173.1,63288.6,63137.4,63223.8,116.233
1771915500000,63223.8,63226.6,62915.0,63050.2,217.7487
1771916400000,63050.4,63331.2,62888.0,63292.7,265.9675
1771917300000,63292.6,63307.0,63117.9,63248.4,129.8487
1771918200000,63248.2,63270.4,63052.0,63060.6,135.4436
1771919100000,63060.6,63165.4,62969.4,63157.4,188.3725
1771920000000,63157.1,63242.7,62970.3,63184.1,170.3519
1771920900000,63185.1,63288.0,63043.3,63267.7,178.4131
1771921800000,63267.8,63385.2,63234.9,63348.9,115.8332
1771922700000,63349.1,63400.4,63306.5,63356.3,116.8703
1771923600000,63356.3,63383.9,63177.6,63249.9,100.2189
1771924500000,63250.0,63273.2,63059.0,63107.8,131.6453
1771925400000,63107.6,63165.4,62895.8,63115.7,207.4886
1771926300000,63115.5,63229.9,63016.2,63216.6,119.748
1771927200000,63217.4,63249.4,63073.3,63180.8,69.0334
1771928100000,63180.8,63280.0,63120.0,63239.6,63.5204
1771929000000,63239.6,63268.0,63107.9,63170.1,52.4856
1771929900000,63170.1,63332.4,63131.1,63250.7,80.6818
1771930800000,63250.7,63294.2,63150.6,63167.1,77.2636
1771931700000,63167.1,63209.2,63120.0,63145.4,54.4141
1771932600000,63145.4,63261.1,63016.6,63164.5,148.2657
1771933500000,63164.5,63211.0,63123.1,63193.1,98.4816
1771934400000,63193.3,63262.0,63080.2,63226.2,127.233
1771935300000,63225.1,63313.2,63189.3,63287.4,232.1844
1771936200000,63287.6,63313.2,63051.6,63085.5,210.6745
1771937100000,63084.0,63110.0,62933.0,62935.2,253.2441
1771938000000,62935.2,63067.9,62880.0,63050.0,184.6584
1771938900000,63050.1,63069.3,62836.1,62889.3,168.9989
1771939800000,62889.3,63060.0,62449.4,62902.3,861.1462
1771940700000,62902.5,63008.8,62860.2,62874.8,197.1098
1771941600000,62874.8,62996.9,62732.8,62919.5,240.2687
1771942500000,62919.5,63000.1,62779.1,62974.0,135.8282
1771943400000,62974.5,63445.5,62738.5,63301.1,767.2274
1771944300000,63304.4,63800.0,63240.1,63425.3,926.9086
1771945200000,63428.6,63633.0,63279.9,63541.4,449.6135
1771946100000,63543.8,63934.2,63515.8,63896.2,816.7935
1771947000000,63891.4,63944.5,63628.2,63716.0,559.5375
1771947900000,63714.3,63991.6,63687.2,63938.4,241.8244
1771948800000,63938.4,64388.5,63919.3,64127.8,870.531
1771949700000,64127.7,64182.3,63843.7,63919.1,345.8915
1771950600000,63919.1,64083.2,63663.0,64010.2,456.8739
1771951500000,64010.4,64250.0,63783.6,64226.5,271.3987
1771952400000,64226.0,64492.2,64122.4,64381.8,422.7959
1771953300000,64377.9,64377.9,64098.7,64121.2,179.1865
1771954200000,64121.4,64237.2,64068.8,64069.8,89.5151
1771955100000,64069.8,64230.3,64011.0,64185.5,109.1598
1771956000000,64185.3,64372.9,63902.0,63940.5,163.1146
1771956900000,63940.7,64320.9,63900.1,64257.3,131.938
1771957800000,64259.2,64468.8,64255.3,64337.3,138.1425
1771958700000,64337.3,64470.2,64332.6,64390.7,80.4551
1771959600000,64390.8,64705.1,64231.1,64280.4,281.5263
1771960500000,64280.6,64394.6,64208.0,64278.2,133.0836
1771961400000,64278.2,64487.0,64261.9,64433.4,101.8194
1771962300000,64433.4,64454.2,64345.9,64395.9,36.6921
1771963200000,64395.9,64450.0,64282.0,64364.0,62.2933
1771964100000,64364.0,64478.4,64359.3,64436.6,60.1213
1771965000000,64436.8,64549.0,64352.8,64463.0,87.5993
1771965900000,64462.8,64483.8,64355.0,64433.4,42.3072
1771966800000,64430.8,64430.8,64107.3,64205.3,137.57
1771967700000,64205.3,64210.8,63807.9,63885.0,435.8939
1771968600000,63885.2,64035.1,63840.0,63982.5,169.0601
1771969500000,63985.9,64057.4,63957.7,64006.0,115.417
1771970400000,64005.8,64199.2,63940.0,64187.6,122.7512
1771971300000,64187.6,64189.4,64051.0,64113.3,42.512
1771972200000,64113.1,64160.0,64039.4,64057.9,36.6859
1771973100000,64057.9,64118.6,63955.6,64089.9,42.1499
1771974000000,64089.7,64120.9,63810.7,64040.7,123.0836
1771974900000,64040.5,64185.5,64037.9,64154.1,66.2766
1771975800000,64154.1,64218.2,64093.6,64108.8,77.0003
1771976700000,64108.6,64113.2,63987.9,64029.6,44.4818
1771977600000,64029.6,64052.9,63873.4,63883.2,70.6432
1771978500000,63883.0,64032.6,63877.1,63928.3,50.2319
1771979400000,63928.3,64227.7,63928.3,64214.8,73.3144
1771980300000,64213.2,64280.9,64106.8,64186.5,90.7722
1771981200000,64186.5,65909.5,64108.2,65574.6,1424.3034
1771982100000,65568.8,66276.1,65393.3,65920.0,922.0386
1771983000000,65920.0,66257.3,65752.8,65779.9,409.6759
1771983900000,65776.9,66038.7,65724.1,65863.5,280.5329
1771984800000,65863.3,66302.8,65858.7,66201.6,386.0554
1771985700000,66202.1,66228.4,66006.0,66082.6,136.6243
1771986600000,66082.8,66148.0,65860.0,65903.2,201.7585
1771987500000,65903.0,66000.0,65838.0,65856.3,113.2328
1771988400000,65856.4,65925.2,65783.0,65809.9,181.0983
1771989300000,65810.0,65819.8,65467.5,65559.3,377.8102
1771990200000,65559.1,65622.0,65357.0,65433.1,176.67
1771991100000,65432.9,65531.0,65318.0,65365.7,150.6695
1771992000000,65366.9,65500.0,65100.0,65407.7,319.1446
1771992900000,65407.5,65592.5,65290.8,65562.9,230.6383
1771993800000,65564.3,65625.3,65500.1,65602.9,91.6201
1771994700000,65602.9,65607.9,65377.1,65431.7,72.8705
1771995600000,65431.9,65484.4,65277.2,65308.5,81.3625
1771996500000,65308.3,65345.4,65137.9,65174.3,151.0729
1771997400000,65174.3,65215.3,64724.3,64811.7,473.6798
1771998300000,64811.5,64961.7,64737.8,64851.7,190.0641
1771999200000,64851.7,64983.4,64845.3,64962.9,106.0774
1772000100000,64962.9,65095.0,64880.0,64993.0,100.8677
1772001000000,64991.5,65090.0,64944.9,65058.5,62.6947
1772001900000,65058.5,65066.5,64828.0,64862.1,110.8814
1772002800000,64862.3,65052.2,64748.9,64996.2,143.6613
1772003700000,64996.2,65162.9,64968.0,65083.0,116.9845
1772004600000,65083.2,65161.9,64857.1,64921.9,147.212
1772005500000,64921.7,65036.3,64898.8,65003.9,58.117
1772006400000,65004.1,65063.8,64929.7,64998.0,75.8125
1772007300000,64998.0,65216.0,64986.7,65159.7,152.1578
1772008200000,65159.7,65440.0,65153.7,65389.6,248.0679
1772009100000,65389.6,65553.1,65339.0,65492.8,308.6589
1772010000000,65493.0,65659.7,65421.7,65518.9,190.6915
1772010900000,65518.9,65610.0,65467.5,65534.7,133.441
1772011800000,65534.9,65536.3,65400.0,65435.6,151.1968
1772012700000,65435.6,65546.9,65412.9,65522.7,100.8885
1772013600000,65522.7,65584.2,65434.6,65537.5,136.222
1772014500000,65537.5,65637.5,65298.1,65337.3,173.6278
1772015400000,65336.8,65394.0,65318.0,65392.3,75.8248
1772016300000,65392.4,65487.6,65324.0,65365.9,94.8012
1772017200000,65366.1,65376.9,65168.0,65211.5,177.5337
1772018100000,65211.6,65370.0,65160.0,65325.6,109.619
1772019000000,65325.8,65454.5,65300.0,65401.8,107.5757
1772019900000,65401.8,65427.6,65341.6,65395.2,89.0723
1772020800000,65396.1,65500.9,65289.2,65466.4,142.7017
1772021700000,65468.1,65899.8,65456.3,65740.9,390.4608
1772022600000,65740.7,65849.3,65711.9,65798.5,167.711
1772023500000,65798.7,66209.5,65781.0,66037.7,521.7431
1772024400000,66037.7,66249.5,65994.5,66016.5,310.3862
1772025300000,66014.7,66221.7,65989.5,66141.6,340.4211
1772026200000,66141.6,66384.5,66100.0,66279.8,401.9819
1772027100000,66279.6,66637.5,66191.5,66206.2,562.4626
1772028000000,66206.4,66460.4,66171.2,66446.3,211.5642
1772028900000,66446.5,66592.8,66388.2,66544.2,187.7722
1772029800000,66542.8,66750.0,66178.1,66228.3,582.3562
1772030700000,66228.1,66985.2,66221.6,66944.0,678.872
1772031600000,66938.3,67220.1,66738.7,66814.0,736.4465
1772032500000,66814.0,67030.0,66680.8,67030.0,273.0746
1772033400000,67030.0,67488.6,66924.6,67474.3,613.4422
1772034300000,67473.0,67539.3,67183.4,67366.0,512.3405
1772035200000,67365.6,67734.6,67363.1,67561.2,601.5733
1772036100000,67561.4,68032.3,67538.0,67829.6,673.8622
1772037000000,67829.8,67969.4,67777.6,67912.6,242.0051
1772037900000,67912.6,68282.9,67904.3,68255.5,516.927
1772038800000,68256.8,68609.2,67988.1,68477.1,1358.8281
1772039700000,68477.3,68650.0,68239.4,68533.0,534.4586
1772040600000,68532.8,68735.5,68358.5,68698.0,375.7991
1772041500000,68698.1,68842.8,68558.4,68631.7,364.3259
1772042400000,68626.6,68886.3,68341.2,68827.2,443.095
1772043300000,68826.8,69455.6,68669.0,69300.6,822.8504
1772044200000,69304.0,69527.5,69165.9,69440.7,893.4123
1772045100000,69440.3,69468.4,69229.0,69293.6,800.037
1772046000000,69293.6,69376.4,68742.4,68885.0,426.6076
1772046900000,68885.0,69120.4,68818.7,68941.7,251.6947
1772047800000,68941.7,68976.2,68746.1,68859.4,534.0154
1772048700000,68859.2,69061.4,68820.9,68999.9,145.1561
1772049600000,69005.6,69061.3,68592.0,68611.7,381.6013
1772050500000,68611.7,68843.5,68548.7,68769.2,132.478
1772051400000,68769.2,69166.0,68740.3,69088.6,224.224
1772052300000,69088.6,69342.2,69056.4,69107.8,171.6433
1772053200000,69104.9,69194.5,68905.0,68950.7,89.7406
1772054100000,68950.9,69036.4,68769.8,68770.1,302.3656
1772055000000,68770.1,69993.9,68740.9,69188.9,1268.8759
1772055900000,69189.1,69189.1,68778.3,68880.5,440.8209
1772056800000,68880.7,69153.1,68843.4,69045.6,206.1591
1772057700000,69045.4,69082.8,68801.5,68845.9,108.7116
1772058600000,68845.9,68876.5,68235.4,68383.8,418.8114
1772059500000,68383.8,68496.5,68027.4,68419.9,300.5449
1772060400000,68403.6,68663.7,68199.8,68485.0,380.1013
1772061300000,68485.0,68495.0,68221.6,68249.6,140.6102
1772062200000,68249.6,68269.7,67571.2,67672.3,773.2285
1772063100000,67672.1,67966.0,67610.0,67958.2,370.1967
1772064000000,67958.4,68141.5,67696.2,68130.2,485.4581
1772064900000,68130.4,68421.3,68080.0,68250.1,463.0486
1772065800000,68250.1,68573.1,67946.0,68175.8,429.9577
1772066700000,68175.8,68352.4,68096.8,68307.8,93.1359
1772067600000,68307.9,68680.9,68186.6,68533.0,210.2874
1772068500000,68533.2,68578.3,68268.9,68357.6,433.2636
1772069400000,68357.6,68525.0,68189.1,68317.5,106.9825
1772070300000,68319.0,68371.3,68186.0,68220.1,80.2698
1772071200000,68220.1,68232.5,67781.2,67839.3,365.2222
1772072100000,67842.2,68129.7,67842.1,67920.0,220.446
1772073000000,67920.0,68185.7,67915.0,68162.4,117.6716
1772073900000,68159.3,68327.4,68074.5,68227.7,115.4749
1772074800000,68227.9,68350.0,68027.9,68118.2,119.8526
1772075700000,68118.4,68159.0,68042.0,68073.4,54.427
1772076600000,68073.6,68267.5,68027.0,68209.9,76.7757
1772077500000,68209.6,68297.8,68155.6,68193.0,77.5037
1772078400000,68193.0,68570.5,68155.0,68497.4,173.3274
1772079300000,68497.4,68661.3,68388.2,68528.8,370.619
1772080200000,68528.8,68852.6,68517.9,68699.7,317.9442
1772081100000,68699.6,68712.2,68528.4,68539.4,104.7416
1772082000000,68539.7,68543.5,68200.6,68273.5,257.1884
1772082900000,68273.1,68375.0,68102.0,68320.2,184.1626
1772083800000,68320.2,68445.6,68222.6,68381.0,322.7994
1772084700000,68380.8,68465.5,68314.4,68411.3,307.0997
1772085600000,68411.3,68493.0,68255.0,68430.1,105.8009
1772086500000,68429.9,68430.0,68217.9,68217.9,269.336
1772087400000,68217.9,68229.7,68088.0,68092.6,157.1243
1772088300000,68092.6,68186.7,68032.5,68146.7,90.0254
1772089200000,68146.7,68251.5,68133.3,68201.0,132.3943
1772090100000,68201.0,68268.3,68067.2,68149.2,91.6987
1772091000000,68149.2,68172.7,67965.5,67968.3,152.4579
1772091900000,67968.5,67995.0,67799.0,67803.9,441.609
1772092800000,67803.9,68021.4,67763.2,68015.0,172.7288
1772093700000,68015.0,68217.9,67926.4,67998.9,250.6091
1772094600000,67998.8,68114.0,67900.3,67964.6,319.5075
1772095500000,67964.8,68090.1,67888.0,67927.7,77.392
1772096400000,67927.7,68377.6,67898.7,68295.1,221.7663
1772097300000,68295.1,68304.3,68123.5,68157.9,119.6306
1772098200000,68157.2,68449.7,68115.6,68372.3,272.6995
1772099100000,68372.1,68608.9,68372.1,68551.4,416.8817
1772100000000,68551.6,68680.0,68460.7,68487.3,352.0709
1772100900000,68487.5,68498.4,68297.8,68298.9,209.8758
1772101800000,68299.1,68446.6,68238.0,68408.9,151.4524
1772102700000,68408.9,68424.2,68201.6,68269.8,304.3858
1772103600000,68269.6,68364.4,68220.3,68316.8,142.6702
1772104500000,68316.6,68318.2,68112.0,68125.0,73.6196
1772105400000,68125.2,68218.6,68034.0,68051.0,158.7306
1772106300000,68051.2,68066.0,67952.8,68018.6,218.3381
1772107200000,68018.7,68209.5,68000.0,68167.8,137.3994
1772108100000,68167.8,68264.1,68104.4,68119.4,95.1243
1772109000000,68119.2,68257.2,68044.7,68045.1,278.3593
1772109900000,68045.0,68195.3,67975.9,68139.8,89.8487
1772110800000,68139.6,68179.7,67950.0,67994.4,109.0123
1772111700000,67994.4,68131.0,67905.4,68125.4,154.9951
1772112600000,68125.6,68156.2,67950.0,68049.4,76.897
1772113500000,68049.6,68163.2,67810.7,67873.1,333.5826
1772114400000,67873.3,68021.2,67633.6,67956.7,754.1019
1772115300000,67956.9,68123.1,67779.6,68076.5,169.6409
1772116200000,68076.7,68245.9,67703.9,67766.3,602.813
1772117100000,67765.1,67788.6,67234.7,67663.5,962.7728
1772118000000,67663.0,67709.8,67211.4,67343.1,501.2977
1772118900000,67345.9,67380.0,66817.5,66948.9,876.4334
1772119800000,66948.9,67435.8,66734.0,67319.5,509.9688
1772120700000,67319.7,67560.1,67192.3,67354.0,277.057
1772121600000,67354.0,67408.9,67018.8,67119.8,234.583
1772122500000,67118.1,67527.8,67070.0,67416.6,244.5442
1772123400000,67415.9,67426.6,66858.9,67005.8,356.8127
1772124300000,67005.8,67032.6,66470.0,66616.6,879.4467
1772125200000,66614.7,66979.4,66565.8,66855.9,387.4024
1772126100000,66855.9,67020.4,66730.1,66903.1,146.4666
1772127000000,66903.3,66992.3,66680.0,66711.3,351.0802
1772127900000,66711.5,66823.0,66578.4,66800.0,161.4695
1772128800000,66800.1,66860.0,66550.3,66743.5,232.2379
1772129700000,66743.6,66997.3,66716.8,66832.7,305.4341
1772130600000,66832.7,67347.0,66812.6,67230.4,387.2468
1772131500000,67230.2,67324.9,67150.0,67274.4,98.1978
1772132400000,67274.5,67869.7,67251.1,67469.5,367.8728
1772133300000,67481.4,67742.9,67456.9,67546.2,131.0271
1772134200000,67539.2,67673.7,67373.0,67449.8,130.1863
1772135100000,67449.6,67650.0,67449.6,67555.0,80.6981
1772136000000,67555.0,67793.2,67553.0,67650.4,114.2258
1772136900000,67650.5,67789.4,67515.2,67530.8,91.9169
1772137800000,67530.8,67533.2,67325.0,67444.4,146.9939
1772138700000,67444.4,67444.4,67261.0,67390.4,215.5576
1772139600000,67390.2,67419.9,67111.0,67324.9,136.6268
1772140500000,67325.0,67464.8,67293.9,67448.7,55.645
1772141400000,67446.7,67496.5,67336.8,67406.0,63.886
1772142300000,67406.0,67550.0,67366.3,67434.8,67.297
1772143200000,67434.8,67555.3,67373.5,67514.5,69.2818
1772144100000,67514.5,67529.2,67283.1,67379.3,49.362
1772145000000,67379.5,67585.0,67368.6,67560.7,60.7338
1772145900000,67560.5,67593.8,67462.2,67533.8,39.4707
1772146800000,67525.2,67538.5,67362.0,67489.1,41.3187
1772147700000,67489.1,67594.7,67415.2,67529.5,66.1239
1772148600000,67529.7,67623.9,67445.9,67470.8,66.2003
1772149500000,67471.0,67485.2,67377.1,67448.1,42.2527
1772150400000,67448.1,67500.0,67270.4,67327.9,94.9084
1772151300000,67328.4,67359.7,67134.3,67279.1,93.4594
1772152200000,67279.3,67286.6,67018.2,67099.6,179.3764
1772153100000,67099.3,67253.7,66977.3,67194.7,100.5004
1772154000000,67194.7,67209.4,66847.3,66964.8,233.5395
1772154900000,66964.8,67120.0,66932.8,67035.4,99.0266
1772155800000,67031.3,67329.6,66987.7,67125.5,424.7513
1772156700000,67125.3,67349.2,67076.1,67320.0,112.8368
1772157600000,67319.9,67445.6,67275.5,67287.6,170.4179
1772158500000,67287.6,67495.5,67250.0,67375.3,107.3237
1772159400000,67375.3,67500.0,67256.3,67380.7,353.3114
1772160300000,67380.5,67437.5,67224.5,67226.1,75.5862
1772161200000,67231.7,67259.8,67080.0,67145.1,148.7875
1772162100000,67145.1,67200.0,67061.5,67076.8,59.7224
1772163000000,67077.0,67358.0,67074.6,67357.9,74.8775
1772163900000,67357.9,67676.4,67299.6,67563.8,465.8246
1772164800000,67563.8,67923.7,67536.2,67888.6,367.1193
1772165700000,67888.0,68187.0,67865.0,67912.8,418.9809
1772166600000,67912.6,67931.2,67672.5,67727.1,183.1831
1772167500000,67727.1,67912.3,67651.0,67711.3,126.1203
1772168400000,67707.9,67885.0,67674.6,67821.1,109.9261
1772169300000,67821.1,67847.2,67647.9,67762.8,81.8409
1772170200000,67762.6,67842.7,67731.0,67801.6,69.6761
1772171100000,67801.6,67820.0,67648.0,67689.5,90.6308
1772172000000,67688.7,67744.0,67611.8,67622.7,72.7218
1772172900000,67622.7,67667.3,67489.2,67565.1,121.9789
1772173800000,67565.3,67741.0,67560.2,67706.2,113.439
1772174700000,67706.2,67787.5,67600.0,67616.8,89.1591
1772175600000,67616.8,67682.9,67526.8,67615.9,63.8791
1772176500000,67615.5,67624.9,67441.3,67470.7,392.0423
1772177400000,67470.7,67596.6,67422.4,67509.6,259.7511
1772178300000,67509.6,67730.9,67476.4,67646.3,418.7343
1772179200000,67646.1,68011.1,67622.9,67852.7,251.0891
1772180100000,67853.1,67951.3,67821.5,67927.9,154.1666
1772181000000,67927.9,67995.3,67710.0,67890.4,164.4099
1772181900000,67890.4,68036.0,67861.0,67899.9,153.8411
1772182800000,67899.7,68022.6,67810.1,67940.7,190.4303
1772183700000,67940.5,68117.2,67852.5,67992.9,245.4631
1772184600000,67992.8,68012.5,67572.0,67575.3,165.6533
1772185500000,67575.3,67576.0,67253.6,67324.1,478.3172
1772186400000,67324.0,67385.0,66815.0,66845.1,644.7528
1772187300000,66844.9,67022.6,66650.0,66752.6,486.9535
1772188200000,66752.6,66921.1,66669.9,66780.0,207.21
1772189100000,66778.9,66812.2,66537.5,66572.4,340.9069
1772190000000,66572.4,66744.9,66571.2,66671.8,140.1425
1772190900000,66668.7,66670.5,66338.0,66491.6,554.0287
1772191800000,66491.8,66534.1,65923.0,65966.0,1001.6907
1772192700000,65966.2,66150.0,65952.3,66091.4,547.724
1772193600000,66090.3,66172.3,65890.5,65958.9,365.5169
1772194500000,65958.9,66102.1,65862.8,65882.6,285.6132
1772195400000,65882.8,66010.9,65831.1,65869.4,164.3956
1772196300000,65868.6,65901.4,65712.7,65899.9,463.07
1772197200000,65901.0,66139.0,65875.8,66009.8,282.124
1772198100000,66016.3,66125.6,65900.2,65988.3,163.7023
1772199000000,65980.9,66027.7,65608.9,65999.8,488.9075
1772199900000,66001.8,66311.3,65995.9,66238.8,383.603
1772200800000,66238.2,66291.5,66108.3,66288.7,265.8874
1772201700000,66288.9,66288.9,65967.2,66087.7,289.0296
1772202600000,66087.7,66293.2,65760.0,65849.1,530.117
1772203500000,65849.0,65961.0,65658.4,65862.3,401.0728
1772204400000,65860.7,66204.9,65812.5,66002.4,431.9724
1772205300000,66002.2,66198.4,65867.1,66085.2,218.8265
1772206200000,66085.2,66102.2,65836.0,66044.7,221.3021
1772207100000,66045.2,66285.4,66029.5,66071.7,260.1337
1772208000000,66071.6,66095.5,65741.0,65871.0,382.8106
1772208900000,65869.5,66035.3,65817.6,65968.0,168.1382
1772209800000,65967.8,66025.0,65670.4,65698.6,240.1682
1772210700000,65698.4,65780.0,65433.2,65447.4,634.7041
1772211600000,65447.2,65640.0,65382.2,65423.9,271.7861
1772212500000,65424.0,65517.6,65159.7,65179.9,537.9774
1772213400000,65179.7,65505.7,65092.4,65389.3,517.608
1772214300000,65389.3,65726.6,65348.4,65673.8,262.8254
1772215200000,65673.7,65772.0,65479.0,65515.3,236.4711
1772216100000,65515.3,65585.3,65361.5,65550.7,143.1819
1772217000000,65550.9,65654.3,65484.5,65541.4,104.1914
1772217900000,65541.4,65552.2,65181.4,65283.6,307.8828
1772218800000,65283.6,65410.7,65135.0,65257.2,172.6648
1772219700000,65257.4,65393.5,65183.5,65304.8,96.9968
1772220600000,65304.6,65400.1,65220.2,65264.3,178.7183
1772221500000,65264.1,65452.8,65223.4,65365.6,232.5476
1772222400000,65365.4,65568.8,65357.6,65536.2,220.3955
1772223300000,65536.0,65610.6,65516.3,65546.7,76.3142
1772224200000,65545.9,65630.4,65436.7,65600.9,64.1657
1772225100000,65601.6,65636.4,65526.8,65563.5,41.3815
1772226000000,65565.6,65678.9,65466.2,65547.3,86.3673
1772226900000,65547.5,65714.0,65547.3,65666.3,56.3838
1772227800000,65666.2,65684.9,65546.4,65593.9,108.1617
1772228700000,65593.9,65593.9,65365.9,65502.3,94.2021
1772229600000,65502.3,65559.0,65414.5,65511.8,55.6337
1772230500000,65511.8,65587.9,65409.0,65441.0,58.7271
1772231400000,65435.8,65569.8,64892.0,65563.5,697.126
1772232300000,65560.8,65690.6,65478.4,65607.0,159.8957
1772233200000,65606.8,65838.8,65515.2,65702.7,204.2978
1772234100000,65702.7,65868.4,65694.2,65852.0,108.1044
1772235000000,65852.0,65928.5,65786.1,65795.3,120.1158
1772235900000,65795.1,65880.0,65785.1,65836.7,51.5502
1772236800000,65836.9,65988.4,65795.7,65969.9,119.1774
1772237700000,65969.9,65981.6,65691.2,65742.1,200.2303
1772238600000,65742.1,65934.6,65706.9,65919.6,61.3661
1772239500000,65919.8,65950.7,65860.0,65907.2,51.2665
1772240400000,65907.2,65942.2,65795.4,65829.9,75.9632
1772241300000,65829.9,65937.4,65787.9,65806.0,169.3147
1772242200000,65806.9,65819.5,65711.2,65759.8,149.4237
1772243100000,65759.8,65822.8,65720.9,65744.9,43.8677
1772244000000,65744.7,65900.3,65728.0,65843.0,235.7364
1772244900000,65843.8,65940.0,65843.8,65884.7,77.6673
1772245800000,65884.9,65956.7,65879.3,65929.9,51.6233
1772246700000,65929.9,65990.0,65920.3,65927.2,40.9395
1772247600000,65929.3,65935.0,65813.8,65823.4,45.7714
1772248500000,65825.6,65949.4,65825.6,65858.2,37.299
1772249400000,65858.2,65886.6,65713.6,65728.7,91.2342
1772250300000,65730.2,65817.6,65724.9,65761.9,42.8146
1772251200000,65761.7,65789.8,65681.3,65713.7,69.3823
1772252100000,65713.7,65778.4,65618.3,65631.9,242.6764
1772253000000,65632.4,65644.3,65452.2,65616.4,212.7724
1772253900000,65616.4,65673.2,65570.7,65630.8,67.5017
1772254800000,65630.8,65708.6,65592.2,65690.1,39.5695
1772255700000,65689.9,65698.9,65608.0,65612.2,32.365
1772256600000,65612.0,65612.2,65477.6,65530.1,94.5736
1772257500000,65530.1,65562.6,65465.3,65557.4,107.9294
1772258400000,65557.6,65573.6,65430.5,65464.2,47.547
1772259300000,65464.4,65470.4,64356.2,64530.7,1640.7747
1772260200000,64527.9,64546.1,63539.7,64007.9,1474.6113
1772261100000,64007.9,64032.1,62981.4,63178.7,1038.4862
1772262000000,63177.8,63792.2,62990.0,63720.1,766.0916
1772262900000,63725.1,63865.6,63325.0,63471.8,777.1564
1772263800000,63471.2,64290.7,63422.8,64027.6,581.168
1772264700000,64027.6,64033.7,63769.7,63789.7,250.2667
1772265600000,63786.0,63846.5,63520.0,63588.6,528.1106
1772266500000,63588.6,63772.5,63390.0,63600.1,240.953
1772267400000,63600.0,63736.4,63489.8,63581.0,125.6494
1772268300000,63581.2,63654.2,63367.9,63437.4,201.0733
1772269200000,63437.1,63683.4,63329.4,63673.3,237.9687
1772270100000,63674.6,63900.0,63555.0,63810.0,282.7524
1772271000000,63810.0,63810.1,63518.0,63588.0,200.977
1772271900000,63587.8,63693.5,63503.5,63621.4,103.8382
1772272800000,63621.4,63621.4,63433.7,63529.3,147.6118
1772273700000,63529.3,63916.8,63504.7,63803.7,236.5674
1772274600000,63805.4,64013.7,63796.9,63907.5,183.8594
1772275500000,63907.4,63998.0,63834.2,63966.5,110.6597
1772276400000,63966.7,64182.6,63918.7,64045.1,245.6589
1772277300000,64044.2,64263.5,63991.5,64214.1,186.6116
1772278200000,64214.1,64269.0,63945.9,63977.1,172.5155
1772279100000,63977.1,64042.2,63759.2,63807.7,196.2976
1772280000000,63812.5,63940.3,63799.3,63901.6,87.1678
1772280900000,63901.8,64050.3,63901.6,63963.1,86.4671
1772281800000,63963.2,64037.4,63940.0,63980.1,59.7997
1772282700000,63980.0,64018.0,63788.5,63979.1,121.7056
1772283600000,63979.1,64088.9,63871.5,64042.4,98.4651
1772284500000,64042.4,64149.4,63941.4,64003.6,126.545
1772285400000,64003.6,64073.4,63872.5,64027.2,120.6308
1772286300000,64027.2,65189.0,64027.1,65072.6,1320.6525
1772287200000,65072.6,65323.6,64722.2,64787.9,849.8891
1772288100000,64787.9,64885.4,64610.4,64758.5,330.9202
1772289000000,64758.7,65129.1,64637.1,64892.3,340.6768
1772289900000,64892.3,64998.1,64241.7,64396.1,499.1191
1772290800000,64401.0,64563.1,64173.1,64189.5,222.726
1772291700000,64191.7,64812.5,64164.8,64714.9,285.3763
1772292600000,64715.0,64989.2,64601.4,64796.1,227.9768
1772293500000,64795.9,64870.0,64695.3,64800.8,72.1444
1772294400000,64800.6,64930.0,64633.0,64855.9,113.7121
1772295300000,64855.7,64962.7,64713.5,64891.8,92.0547
1772296200000,64891.7,65174.5,64856.1,65129.3,162.7249
1772297100000,65129.1,65160.2,64955.7,65056.0,137.0933
1772298000000,65055.8,65075.6,64899.9,64915.7,82.1301
1772298900000,64915.7,65098.1,64857.2,65067.5,101.2521
1772299800000,65067.5,65162.1,64866.7,64920.0,80.1543
1772300700000,64919.9,65537.4,64807.8,65399.9,339.3182
1772301600000,65399.9,65421.6,65225.2,65242.2,168.2083
1772302500000,65242.2,65314.6,65148.9,65155.0,133.7024
1772303400000,65155.1,65776.6,65147.9,65630.5,422.3235
1772304300000,65630.8,66133.3,65587.1,65874.6,554.3077
1772305200000,65872.4,65927.9,65560.9,65724.2,225.6239
1772306100000,65724.0,65780.1,65623.7,65695.0,178.35
1772307000000,65695.1,66639.0,65679.5,66344.1,954.8796
1772307900000,66344.1,66615.6,66231.0,66320.1,346.3262
1772308800000,66319.0,66593.2,66150.1,66532.7,313.9352
1772309700000,66530.8,67000.0,66420.6,66711.0,525.1258
1772310600000,66715.7,66882.6,66577.0,66745.9,141.1675
1772311500000,66746.4,67116.9,66731.1,66924.3,205.7128
1772312400000,66924.3,66958.3,66363.8,66539.0,271.6089
1772313300000,66538.8,66558.3,66335.3,66440.2,153.8158
1772314200000,66440.2,66988.0,66370.0,66807.4,213.2303
1772315100000,66807.2,66910.0,66505.0,66687.6,158.9443
1772316000000,66687.6,66952.0,66580.3,66898.9,142.3623
1772316900000,66899.1,67101.9,66847.4,66958.6,119.3317
1772317800000,66958.6,67728.9,66916.2,67300.3,439.1009
1772318700000,67300.5,67590.0,67059.5,67079.2,162.6629
1772319600000,67079.2,67205.1,66887.6,66927.4,420.766
1772320500000,66927.0,67029.0,66853.4,66868.3,113.6491
1772321400000,66868.5,66987.7,66713.6,66852.0,115.9597
1772322300000,66852.0,67015.0,66852.0,66938.1,103.3624
1772323200000,66938.1,67079.2,66772.9,66878.1,111.5693
1772324100000,66878.1,66995.9,66720.0,66743.0,60.2113
1772325000000,66743.0,66800.0,66592.2,66608.1,123.7718
1772325900000,66606.7,66844.8,66600.0,66756.5,60.1648
1772326800000,66756.5,66764.3,65855.0,66266.4,278.6697
1772327700000,66270.8,66427.9,66017.3,66309.4,187.4031
1772328600000,66313.6,66741.4,66251.0,66588.1,175.5624
1772329500000,66588.1,67687.0,66580.0,67311.8,911.7531
1772330400000,67312.0,68181.3,67307.1,67850.0,779.2084
1772331300000,67860.8,68067.1,67600.9,67734.5,348.1305
1772332200000,67734.7,68075.5,67626.2,68037.7,205.5852
1772333100000,68037.5,68139.1,67581.0,67587.0,220.7133
1772334000000,67587.2,67779.9,67581.0,67693.1,96.5618
1772334900000,67693.1,67729.3,67363.4,67533.2,177.932
1772335800000,67533.2,67621.2,67404.2,67609.2,72.7695
1772336700000,67609.0,67660.4,67402.2,67474.0,82.6467
1772337600000,67473.8,67580.0,67251.2,67254.8,144.2016
1772338500000,67254.1,67313.9,67046.6,67292.6,281.0927
1772339400000,67292.6,67404.6,67228.6,67365.6,124.1115
1772340300000,67365.4,67384.4,67256.9,67313.5,39.9899
1772341200000,67313.5,67425.0,67177.0,67297.3,98.8542
1772342100000,67297.5,67543.8,67291.9,67423.2,76.1119
1772343000000,67423.4,67520.0,67338.0,67349.8,58.9317
1772343900000,67349.8,67410.0,67248.1,67264.6,78.1275
1772344800000,67264.6,67319.5,66900.0,67049.7,301.0543
1772345700000,67049.7,67135.9,66944.1,67020.8,128.441
1772346600000,67020.8,67058.8,66777.7,66897.8,159.8912
1772347500000,66897.8,66942.6,66767.9,66897.3,132.8334
1772348400000,66897.3,67043.8,66761.8,66990.4,105.8601
1772349300000,66990.4,67051.1,66923.2,66959.6,65.7657
1772350200000,66959.6,67206.7,66886.0,67070.5,140.4774
1772351100000,67070.3,67149.2,67059.9,67115.8,65.7812
1772352000000,67115.8,67264.5,66882.7,67243.7,163.957
1772352900000,67243.7,67271.8,67091.5,67200.2,93.3329
1772353800000,67200.4,67232.0,67100.0,67104.8,88.5013
1772354700000,67104.8,67119.2,66434.5,66535.7,503.6459
1772355600000,66535.7,66665.0,66326.9,66558.4,287.3221
1772356500000,66558.2,66745.6,66510.6,66584.5,155.3164
1772357400000,66584.3,66622.8,66235.3,66265.7,225.779
1772358300000,66265.9,66416.7,66212.7,66379.8,125.2056
1772359200000,66380.0,66507.1,66184.4,66491.6,152.2609
1772360100000,66491.5,66576.4,66403.7,66546.1,90.0851
1772361000000,66546.3,66706.6,66360.5,66370.2,164.0707
1772361900000,66370.2,66494.7,66330.9,66431.9,78.2516
1772362800000,66431.7,66521.7,66411.3,66479.4,61.5796
1772363700000,66479.4,66632.0,66479.1,66521.8,80.5821
1772364600000,66521.7,66548.4,66346.0,66359.0,60.7627
1772365500000,66360.1,66478.9,66356.5,66440.5,54.5506
1772366400000,66440.3,66512.0,66412.3,66484.0,63.0354
1772367300000,66484.0,66526.8,66380.6,66384.2,46.7817
1772368200000,66384.0,66487.3,66203.8,66458.2,214.2486
1772369100000,66458.4,66470.8,66263.5,66268.3,96.9438
1772370000000,66268.3,66392.0,66175.7,66280.8,144.8973
1772370900000,66282.5,66383.2,66105.0,66293.1,166.2316
1772371800000,66292.9,66354.6,66214.3,66324.5,89.5686
1772372700000,66324.5,67341.2,66320.0,66908.8,863.3309
1772373600000,66909.2,67282.5,66800.0,67038.0,417.2305
1772374500000,67038.0,67091.2,66712.0,66898.4,209.6311
1772375400000,66898.4,67045.0,66731.0,66808.0,144.8528
1772376300000,66807.1,66950.0,66745.0,66839.5,82.4311
1772377200000,66826.7,67084.3,66800.0,67084.3,150.1819
1772378100000,67084.2,67219.2,66961.6,67042.1,234.372
1772379000000,67042.3,67199.4,67042.3,67174.2,77.3304
1772379900000,67174.4,67214.4,66787.9,66810.9,275.5521
1772380800000,66812.7,66995.7,66657.3,66913.6,251.5036
1772381700000,66913.5,67078.3,66783.5,66993.1,106.9407
1772382600000,66993.1,67038.9,66801.2,66801.3,55.3898
1772383500000,66801.2,66810.0,65769.6,66099.9,978.9473
1772384400000,66099.9,66195.0,65948.9,66080.3,182.9181
1772385300000,66080.3,66090.0,65688.3,65985.7,299.7641
1772386200000,65985.7,66105.4,65900.5,65984.7,171.4479
1772387100000,65984.5,66084.8,65902.5,65955.0,129.5939
1772388000000,65955.0,66568.7,65953.1,66358.5,280.7623
1772388900000,66358.7,66630.2,66332.5,66386.6,112.6525
1772389800000,66386.6,66418.2,66213.0,66340.2,102.0307
1772390700000,66340.2,66400.0,66211.0,66286.7,45.7275
1772391600000,66286.7,66314.3,66036.6,66038.2,110.9586
1772392500000,66039.5,66091.8,65873.2,65978.5,121.8552
1772393400000,65979.1,66085.6,65740.6,65790.0,94.5511
1772394300000,65790.0,65975.5,65780.1,65924.9,391.6582
1772395200000,65924.9,65927.2,65346.6,65424.9,567.9048
1772396100000,65424.9,65574.3,65270.0,65270.1,248.7275
1772397000000,65270.0,65333.0,65035.1,65213.8,497.1937
1772397900000,65212.1,65359.3,65162.4,65258.4,148.2308
1772398800000,65258.4,65504.4,65242.2,65477.4,189.5749
1772399700000,65477.4,65651.9,65437.5,65562.0,150.7706
1772400600000,65562.2,65666.0,65501.5,65634.8,82.5018
1772401500000,65635.0,65714.0,65541.4,65628.3,426.181
1772402400000,65627.2,66956.9,65475.1,65970.4,512.641
1772403300000,65970.6,66160.2,65730.6,65841.6,588.8701
1772404200000,65841.8,65925.1,65101.6,65370.6,372.4377
1772405100000,65370.6,65387.0,65011.2,65241.0,198.1932
1772406000000,65246.7,66047.6,65100.0,65774.4,687.2344
1772406900000,65772.0,65850.9,65583.2,65607.3,230.9265
1772407800000,65607.1,65837.8,65576.3,65719.4,269.701
1772408700000,65719.6,65843.8,65630.0,65743.4,88.5535
1772409600000,65745.6,66190.8,65721.2,65949.6,426.8589
1772410500000,65949.5,66037.5,65767.9,65904.6,81.529
1772411400000,65904.6,66549.9,65896.4,66540.5,152.7902
1772412300000,66549.9,66761.0,66423.8,66475.7,545.6672
1772413200000,66477.8,67041.2,66333.7,66893.8,414.7332
1772414100000,66896.7,66975.7,66456.7,66527.8,224.7992
1772415000000,66529.1,66668.7,66501.9,66550.9,122.7215
1772415900000,66551.1,66638.7,66385.5,66499.9,104.6605
1772416800000,66500.0,66586.7,65854.4,66064.1,256.4219
1772417700000,66065.3,66227.5,66001.0,66160.9,143.8414
1772418600000,66160.9,66423.0,66125.0,66281.3,86.7813
1772419500000,66281.2,66369.5,66191.0,66244.3,68.1057
1772420400000,66244.3,66573.4,66072.0,66459.2,178.1596
1772421300000,66459.3,66834.9,66430.2,66742.3,192.6709
1772422200000,66742.4,67000.0,66670.4,66854.4,257.5916
1772423100000,66853.1,66987.8,66779.8,66790.5,95.7831
1772424000000,66790.4,66814.6,66650.0,66713.8,118.3572
1772424900000,66713.8,66921.8,66638.2,66906.8,88.1277
1772425800000,66906.8,66942.9,66730.6,66787.2,128.7664
1772426700000,66786.8,66834.1,66587.4,66831.0,122.5695
1772427600000,66830.2,66871.3,66524.2,66680.6,130.6038
1772428500000,66680.6,66797.1,66565.0,66642.0,90.4216
1772429400000,66641.9,66950.0,66636.7,66944.3,186.0236
1772430300000,66944.3,66950.0,66650.0,66699.9,123.2002
1772431200000,66699.9,66707.5,66486.2,66572.8,166.8168
1772432100000,66572.8,66600.0,66029.0,66251.1,319.8475
1772433000000,66251.1,66283.8,66154.5,66237.9,111.3668
1772433900000,66237.9,66240.2,66030.2,66175.6,84.636
1772434800000,66175.4,66179.0,65596.3,65665.2,375.2313
1772435700000,65665.0,65827.1,65516.1,65765.5,235.4035
1772436600000,65765.3,65958.0,65750.0,65940.1,141.7376
1772437500000,65939.9,65965.9,65864.8,65965.9,78.3733
1772438400000,65966.0,66037.7,65636.8,66031.7,233.5413
1772439300000,66034.9,66080.0,65621.4,65708.0,197.1439
1772440200000,65708.0,65994.1,65692.6,65943.4,171.333
1772441100000,65948.6,66278.1,65941.4,66249.9,203.2467
1772442000000,66242.3,66470.2,66170.1,66365.1,265.2781
1772442900000,66364.9,66695.2,66362.9,66374.1,272.3798
1772443800000,66373.9,66500.0,66302.9,66354.5,154.5536
1772444700000,66354.3,66354.4,66134.0,66134.2,173.8425
1772445600000,66134.0,66328.3,66042.9,66111.3,176.5083
1772446500000,66111.5,66228.0,66098.1,66224.6,93.0618
1772447400000,66224.6,66358.5,66102.8,66249.5,110.5597
1772448300000,66249.4,66291.0,66106.2,66284.8,65.9736
1772449200000,66284.6,66284.8,66024.0,66061.3,111.723
1772450100000,66061.5,66211.4,66004.1,66044.1,110.5964
1772451000000,66044.3,66334.0,65974.3,66265.0,141.789
1772451900000,66265.0,66437.8,66219.4,66335.0,127.4577
1772452800000,66334.5,66384.7,66222.3,66314.2,75.3929
1772453700000,66314.4,66314.4,66058.0,66106.3,240.7138
1772454600000,66106.5,66120.0,65933.4,65958.5,150.3749
1772455500000,65958.5,66027.1,65883.1,65934.6,193.4446
1772456400000,65934.1,65977.0,65760.0,65828.8,225.9151
1772457300000,65829.2,66109.9,65719.4,65784.5,243.6563
1772458200000,65785.1,65913.4,65501.0,65560.9,314.5423
1772459100000,65561.1,65616.6,65322.0,65414.3,559.1897
1772460000000,65414.3,65588.6,65250.0,65519.1,365.5217
1772460900000,65518.9,65629.9,65342.2,65560.0,286.412
1772461800000,65560.1,66630.0,65551.8,66587.6,1035.3573
1772462700000,66584.6,67190.5,66452.7,67138.6,1266.9896
1772463600000,67117.8,68429.9,66949.6,68398.1,1444.7615
1772464500000,68398.7,68770.0,68240.1,68519.9,1204.757
1772465400000,68520.0,69492.3,68400.0,69471.9,1244.751
1772466300000,69472.1,69567.0,68742.9,69089.3,1240.2124
1772467200000,69089.1,69738.9,68889.4,69619.7,1175.121
1772468100000,69619.3,69716.2,69253.3,69344.5,350.4504
1772469000000,69339.3,69844.7,69007.5,69823.5,541.9259
1772469900000,69822.8,70084.8,69377.0,69402.9,795.6336
1772470800000,69402.6,69544.4,69221.6,69379.1,471.6224
1772471700000,69379.2,69509.8,69142.9,69369.9,174.0821
1772472600000,69369.4,69400.0,68772.2,68811.8,349.7742
1772473500000,68811.7,69171.3,68752.9,69165.1,314.0583
1772474400000,69164.1,69164.1,68700.1,69160.8,233.6792
1772475300000,69160.8,69162.2,68925.4,69058.7,114.1075
1772476200000,69058.5,69242.3,68895.3,69093.5,164.3176
1772477100000,69093.5,69144.2,68806.0,68851.4,167.4232
1772478000000,68851.6,68909.3,68539.8,68717.1,284.718
1772478900000,68717.0,68928.3,68710.6,68785.5,129.9277
1772479800000,68785.7,69020.9,68694.0,68743.3,136.5049
1772480700000,68743.5,68978.8,68723.1,68928.9,75.0599
1772481600000,68928.9,69170.0,68540.6,68696.0,238.4902
1772482500000,68692.6,69028.3,68630.6,68908.1,108.3073
1772483400000,68909.2,69180.0,68865.7,69174.2,104.7964
1772484300000,69174.2,69475.7,69046.9,69046.9,221.7927
1772485200000,69057.6,69260.6,68956.0,69235.3,104.297
1772486100000,69235.3,69394.0,69128.7,69379.2,65.9311
1772487000000,69379.4,69420.0,69292.0,69416.6,70.1566
1772487900000,69416.4,69500.0,69334.8,69369.5,137.6242
1772488800000,69369.7,69455.2,69170.4,69205.8,154.699
1772489700000,69205.6,69344.9,69110.0,69328.9,67.0443
1772490600000,69328.9,69403.8,69253.2,69380.7,63.0977
1772491500000,69380.7,69408.4,69225.0,69405.7,48.3181
1772492400000,69403.6,69452.0,69178.0,69189.7,82.7006
1772493300000,69191.7,69228.3,68953.2,68969.0,141.1663
1772494200000,68969.4,68979.5,68722.1,68763.8,150.161
1772495100000,68763.3,68930.4,68704.8,68799.1,96.6794
1772496000000,68799.2,68974.0,68712.9,68779.9,219.6113
1772496900000,68779.9,68852.5,68618.6,68771.9,119.6033
1772497800000,68771.9,69126.9,68666.1,69068.5,393.1233
1772498700000,69068.8,69130.0,68873.2,69051.0,500.6451
1772499600000,69051.0,69216.0,68888.0,69091.4,335.0129
1772500500000,69091.4,69107.1,68840.6,68871.4,77.7802
1772501400000,68871.4,69031.3,68719.5,68990.3,95.3538
1772502300000,68987.0,69017.1,68711.3,68719.6,78.1688
1772503200000,68719.8,68731.3,68353.5,68589.5,491.9038
1772504100000,68596.6,68618.5,68201.0,68425.2,285.8738
1772505000000,68425.5,68500.0,68331.4,68428.6,87.0536
1772505900000,68428.6,68597.0,68401.5,68477.4,113.1681
1772506800000,68477.4,68511.0,68300.0,68426.5,107.8572
1772507700000,68426.5,68455.5,68200.1,68389.5,106.3366
1772508600000,68389.5,68522.1,68320.3,68384.9,103.6954
1772509500000,68385.1,68399.9,68279.4,68345.1,49.203
1772510400000,68349.0,68427.3,68290.6,68340.5,76.2841
1772511300000,68341.1,68379.5,68257.7,68294.3,77.1556
1772512200000,68294.5,68360.0,68130.5,68167.5,172.6765
1772513100000,68167.3,68182.2,68014.4,68092.3,180.0356
1772514000000,68092.5,68364.7,68014.1,68360.5,166.3457
1772514900000,68360.6,68539.6,68287.2,68378.1,202.0546
1772515800000,68376.2,68397.8,68033.0,68049.4,186.4167
1772516700000,68048.3,68092.4,67816.0,67912.2,416.981
1772517600000,67912.2,68004.4,67800.0,67934.8,140.8871
1772518500000,67934.6,67966.5,67847.0,67864.0,100.3906
1772519400000,67864.0,67970.8,67825.0,67964.6,114.7628
1772520300000,67964.4,68175.5,67762.4,68072.2,185.7676
1772521200000,68072.2,68131.6,67915.1,68131.0,154.2212
1772522100000,68131.0,68239.6,68042.3,68207.9,336.335
1772523000000,68207.9,68211.1,68029.0,68183.7,89.4198
1772523900000,68183.7,68223.8,68091.6,68140.0,61.1971
1772524800000,68140.2,68277.8,67945.5,67977.9,184.5895
1772525700000,67977.9,68076.1,67686.6,67719.7,335.3922
1772526600000,67719.5,67736.6,67278.5,67311.7,495.6216
1772527500000,67311.8,67330.0,66872.9,66975.7,684.4951
1772528400000,66975.0,67157.9,66842.4,67060.8,423.6081
1772529300000,67061.0,67100.5,66555.0,66605.3,526.6406
1772530200000,66605.3,66676.2,66311.0,66510.0,580.5514
1772531100000,66510.2,66642.0,66373.5,66619.8,270.2187
1772532000000,66618.8,66627.3,66431.2,66467.5,206.8093
1772532900000,66467.5,66663.0,66408.6,66487.3,165.3262
1772533800000,66487.9,66683.7,66424.2,66680.0,120.3372
1772534700000,66680.8,66985.1,66671.5,66827.6,377.8797
1772535600000,66827.4,67040.9,66774.1,66929.5,239.1728
1772536500000,66930.5,66970.1,66725.0,66800.9,152.2148
1772537400000,66800.7,67053.9,66785.6,67039.1,186.9525
1772538300000,67039.3,67136.6,66914.0,67000.4,240.1351
1772539200000,67000.2,67933.1,67000.0,67706.7,749.7715
1772540100000,67706.7,67722.3,67370.6,67545.4,300.4935
1772541000000,67539.8,67558.9,67249.6,67327.8,270.2742
1772541900000,67327.6,67455.9,67220.3,67362.2,290.0174
1772542800000,67363.0,67400.7,66944.0,66944.0,325.6008
1772543700000,66944.0,67166.0,66944.0,67076.1,191.6068
1772544600000,67076.1,67076.1,66809.9,66821.3,190.4214
1772545500000,66820.0,66937.1,66600.1,66896.6,336.9624
1772546400000,66896.4,67219.9,66821.2,67128.6,355.4874
1772547300000,67127.3,67319.7,66978.2,67080.0,171.807
1772548200000,67080.0,67555.8,66340.0,66422.6,1058.6773
1772549100000,66425.9,66780.0,66115.0,66538.7,781.0475
1772550000000,66537.5,66869.3,66451.4,66837.6,292.1257
1772550900000,66837.6,66979.3,66429.7,66789.5,328.0093
1772551800000,66789.7,67800.4,66777.4,67494.0,735.1593
1772552700000,67495.5,67779.6,67454.5,67695.1,361.4921
1772553600000,67695.4,68592.0,67623.9,68434.2,938.9432
1772554500000,68430.1,68949.7,68222.6,68790.4,923.1573
1772555400000,68790.6,68790.6,67437.4,67696.8,1147.6683
1772556300000,67698.0,68433.9,67666.5,68131.7,546.8371
1772557200000,68133.7,68192.3,67585.0,67903.3,365.7249
1772558100000,67903.5,68247.7,67839.7,68194.2,200.4556
1772559000000,68191.6,68195.1,67726.9,68109.1,209.5967
1772559900000,68108.3,68364.8,67969.4,68276.4,214.6137
1772560800000,68276.2,68407.5,67939.3,68044.4,210.8814
1772561700000,68047.5,68564.9,68043.0,68430.4,259.8811
1772562600000,68430.6,68877.2,68396.9,68645.7,245.8685
1772563500000,68645.7,68736.7,68500.0,68591.8,133.8992
1772564400000,68591.6,68655.8,68287.6,68577.4,189.7556
1772565300000,68577.5,68845.5,68440.8,68612.5,200.955
1772566200000,68617.3,68761.0,68310.1,68666.3,205.9719
1772567100000,68666.3,68715.5,68390.5,68398.3,99.3253
1772568000000,68400.0,68473.1,68186.0,68194.5,153.6703
1772568900000,68192.0,68450.2,68065.1,68353.2,116.8307
1772569800000,68355.6,68557.2,68301.9,68438.3,104.5954
1772570700000,68436.9,68459.0,68050.2,68229.3,124.236
1772571600000,68228.1,68228.1,67814.1,68002.9,263.3547
1772572500000,68002.8,68077.5,67783.7,67900.6,89.5891
1772573400000,67900.4,68013.8,67851.1,67994.3,48.0715
1772574300000,67994.1,68062.5,67931.6,67979.5,44.7386
1772575200000,67979.7,68485.0,67979.5,68268.8,199.5981
1772576100000,68270.4,68355.7,68125.2,68214.8,64.9037
1772577000000,68214.8,68365.4,68139.7,68365.2,41.4629
1772577900000,68365.2,68403.2,68170.0,68273.8,42.3402
1772578800000,68274.0,68824.8,68208.8,68651.7,182.7521
1772579700000,68651.7,68680.9,68397.6,68451.9,79.2341
1772580600000,68451.7,68554.5,68366.3,68420.9,54.743
1772581500000,68420.9,68482.5,68215.8,68295.8,102.3112
1772582400000,68296.0,68296.0,68050.0,68076.1,76.6939
1772583300000,68076.1,68388.4,68073.0,68266.5,102.8414
1772584200000,68266.3,68303.5,67828.3,67931.0,192.6898
1772585100000,67931.0,68225.0,67931.0,68065.0,71.9897
1772586000000,68065.0,68245.0,68014.6,68091.6,96.0677
1772586900000,68092.3,68307.4,67922.9,68212.0,97.4112
1772587800000,68210.5,68874.3,68172.9,68673.7,278.4637
1772588700000,68673.7,68684.9,68335.4,68386.7,235.0377
1772589600000,68383.0,68421.5,68148.1,68196.8,142.3193
1772590500000,68196.8,68269.0,68018.5,68041.3,97.3387
1772591400000,68041.3,68126.8,67953.1,68102.1,112.4769
1772592300000,68102.3,68377.6,68072.4,68285.6,162.1831
1772593200000,68282.8,68320.0,68053.5,68235.3,98.1137
1772594100000,68235.3,68355.7,67914.6,67944.7,164.631
1772595000000,67944.7,67978.5,67365.0,67536.0,548.1344
1772595900000,67537.8,67721.1,67405.2,67699.2,386.1501
1772596800000,67699.2,67922.9,67527.2,67778.5,254.2903
1772597700000,67778.3,67819.9,67475.6,67558.4,256.8517
1772598600000,67556.5,67655.0,67422.9,67605.1,152.4502
1772599500000,67605.1,67810.9,67562.0,67753.5,110.0588
1772600400000,67753.5,67888.9,67644.8,67883.1,99.8364
1772601300000,67884.3,67920.0,67635.2,67796.4,109.6554
1772602200000,67796.4,68275.8,67695.4,68171.0,231.6237
1772603100000,68171.2,68345.6,68080.7,68170.3,263.1096
1772604000000,68170.2,68195.2,68039.5,68153.4,130.2727
1772604900000,68153.3,68176.8,68005.0,68092.9,82.0966
1772605800000,68094.0,68634.6,68089.9,68634.6,254.5358
1772606700000,68635.0,68647.6,68423.4,68468.1,205.7445
1772607600000,68469.9,68588.8,68347.9,68364.9,113.0481
1772608500000,68364.9,68737.7,68316.3,68737.1,107.1713
1772609400000,68737.2,68932.2,68613.7,68929.9,335.149
1772610300000,68929.2,69600.0,68844.6,69458.4,1051.6486
1772611200000,69458.2,69682.0,69325.5,69389.1,685.4345
1772612100000,69389.1,69389.1,69112.0,69282.8,334.3148
1772613000000,69282.8,69888.0,69261.1,69880.0,390.3411
1772613900000,69871.4,71154.8,69863.5,70988.0,1501.4781
1772614800000,70987.5,71254.0,70702.2,71047.2,1000.4191
1772615700000,71047.8,71496.8,71044.0,71288.8,699.1328
1772616600000,71291.1,71850.0,71183.4,71733.5,780.4649
1772617500000,71733.3,71875.4,71319.4,71488.4,520.168
1772618400000,71488.6,71841.7,71400.0,71619.6,384.376
1772619300000,71619.7,71666.0,71311.7,71494.0,275.8483
1772620200000,71493.6,71520.0,71240.3,71284.7,282.3923
1772621100000,71284.7,71422.0,71161.3,71299.9,235.6163
1772622000000,71300.0,71422.0,71180.0,71392.6,168.8752
1772622900000,71395.3,71466.2,71181.6,71200.0,171.9057
1772623800000,71200.1,71284.9,70900.0,71077.6,418.0436
1772624700000,71077.8,71205.2,70955.4,71087.5,230.0663
1772625600000,71087.6,71122.8,70799.0,70857.3,253.8386
1772626500000,70857.1,70888.7,70600.0,70604.3,344.4756
1772627400000,70600.0,71020.4,70567.0,70942.8,333.9486
1772628300000,70943.0,71324.6,70855.9,71308.5,324.6213
1772629200000,71310.2,71580.0,71233.5,71266.0,453.0349
1772630100000,71266.0,71390.1,71176.3,71327.0,199.4941
1772631000000,71325.9,71532.4,71218.0,71409.5,181.6461
1772631900000,71409.2,71492.8,71289.7,71448.4,136.1796
1772632800000,71448.5,71798.9,71363.5,71763.9,310.6013
1772633700000,71763.9,71982.0,71542.5,71704.0,636.6467
1772634600000,71702.7,72610.2,71376.2,71383.3,1931.4419
1772635500000,71383.9,71765.5,71275.1,71575.2,587.6298
1772636400000,71571.4,72195.2,71554.0,71958.1,590.2369
1772637300000,71948.5,72951.4,71931.0,72930.1,1063.543
1772638200000,72930.7,73059.1,72527.3,72648.8,737.3483
1772639100000,72662.4,73426.0,72644.1,73345.0,633.1057
1772640000000,73344.8,73474.9,72703.6,72797.9,697.4853
1772640900000,72799.1,73000.0,72495.7,72923.1,463.8128
1772641800000,72923.1,73270.6,72850.0,73095.5,324.7016
1772642700000,73095.1,73420.0,73026.1,73244.6,171.2057
1772643600000,73244.6,73657.7,73131.3,73493.4,399.7703
1772644500000,73493.4,73700.0,72902.5,73011.0,478.3616
1772645400000,73010.7,73239.2,73010.4,73098.4,178.661
1772646300000,73098.4,73363.3,73067.4,73176.2,157.739
1772647200000,73176.2,73352.0,72870.8,72992.9,198.7199
1772648100000,72991.1,73380.1,72973.8,73359.4,118.7399
1772649000000,73359.2,73498.1,73105.6,73475.8,170.4761
1772649900000,73475.7,73666.0,73379.4,73649.8,253.5294
1772650800000,73649.6,73988.7,73518.0,73836.3,528.2445
1772651700000,73835.3,74021.5,73485.8,73525.9,397.5279
1772652600000,73526.7,73833.9,73471.0,73677.8,221.067
1772653500000,73682.4,73745.2,73558.0,73580.0,104.7847
1772654400000,73579.9,73671.1,73267.5,73392.4,153.8068
1772655300000,73392.4,73558.0,73229.4,73432.6,110.5509
1772656200000,73432.6,73529.3,73272.5,73455.6,70.3994
1772657100000,73455.4,73492.2,72993.0,72993.0,143.3519
1772658000000,72993.1,73114.1,72838.3,73022.2,204.0811
1772658900000,73021.8,73178.4,72914.2,73123.4,132.0605
1772659800000,73120.2,73265.6,73020.2,73197.4,79.5113
1772660700000,73198.0,73283.4,73132.6,73270.4,76.3948
1772661600000,73270.6,73494.4,73200.0,73200.1,132.1871
1772662500000,73200.0,73326.3,73130.5,73225.5,85.0126
1772663400000,73225.5,73271.2,72830.4,72884.9,118.8719
1772664300000,72884.9,72885.1,72601.2,72673.0,140.7787
1772665200000,72676.0,72789.9,72604.3,72689.7,100.5941
1772666100000,72689.5,72833.2,72438.5,72508.2,171.3314
1772667000000,72508.2,72733.8,72289.3,72720.1,263.102
1772667900000,72720.6,72795.4,72569.3,72641.1,127.5225
1772668800000,72641.1,72823.0,72513.2,72664.3,84.6745
1772669700000,72664.3,72936.0,72648.3,72787.2,137.8328
1772670600000,72788.0,72955.7,72690.5,72867.3,99.2865
1772671500000,72867.3,72969.4,72670.5,72726.4,75.4538
1772672400000,72726.4,73250.5,72641.7,73083.5,183.5705
1772673300000,73083.2,73189.8,72741.6,72909.9,121.7455
1772674200000,72909.9,72934.6,72550.0,72618.1,101.7181
1772675100000,72618.1,72657.7,72378.3,72503.2,176.2606
1772676000000,72503.0,72827.9,72483.3,72772.0,107.4242
1772676900000,72772.2,72854.6,72604.9,72679.8,58.4113
1772677800000,72679.8,72684.2,72310.0,72324.0,111.2237
1772678700000,72324.3,72554.2,72304.1,72469.9,85.8167
1772679600000,72471.9,72716.4,72447.5,72593.7,103.5016
1772680500000,72593.7,72639.5,72449.7,72500.3,60.0582
1772681400000,72500.3,72517.0,72307.6,72326.4,80.1714
1772682300000,72326.4,72520.0,72315.9,72465.2,69.5191
1772683200000,72464.7,72678.7,72409.1,72630.9,104.3852
1772684100000,72630.7,72807.5,72520.9,72764.2,85.9372
1772685000000,72764.0,72933.8,72496.5,72892.4,127.9345
1772685900000,72891.1,73062.8,72657.6,72783.5,206.3202
1772686800000,72783.5,72890.0,72680.3,72784.3,156.8091
1772687700000,72784.1,72786.1,72418.2,72445.9,126.985
1772688600000,72445.9,72539.5,72319.7,72379.1,167.9758
1772689500000,72379.2,72472.6,72221.8,72374.3,181.2953
1772690400000,72375.4,72417.4,72000.0,72116.1,322.0148
1772691300000,72116.3,72518.9,72040.0,72369.3,541.3903
1772692200000,72369.5,72494.2,72267.2,72400.1,96.3966
1772693100000,72400.1,72631.8,72367.1,72519.3,106.5675
1772694000000,72518.0,72629.8,72392.0,72611.6,107.8755
1772694900000,72611.6,72632.4,72500.0,72500.0,384.7794
1772695800000,72500.0,72500.1,72149.3,72160.6,271.7491
1772696700000,72163.2,72222.6,71738.0,72027.3,1029.3367
1772697600000,72027.1,72047.4,71760.0,71803.6,304.4974
1772698500000,71803.6,72027.7,71720.7,71807.4,435.9669
1772699400000,71807.6,72180.7,71765.7,72159.9,228.714
1772700300000,72159.9,72341.6,72085.8,72304.5,443.4691
1772701200000,72304.5,72746.8,72272.5,72581.0,364.5925
1772702100000,72581.3,72706.4,72448.2,72660.8,165.947
1772703000000,72661.0,72844.4,72450.0,72536.2,265.8401
1772703900000,72536.2,72588.0,72400.0,72566.3,163.6233
1772704800000,72566.5,72734.8,72475.1,72692.8,166.4332
1772705700000,72692.6,73387.8,72624.0,73127.2,675.3175
1772706600000,73127.5,73483.2,73119.9,73259.3,653.2636
1772707500000,73258.6,73523.7,73201.2,73352.4,300.5497
1772708400000,73351.5,73402.7,73024.3,73165.1,466.295
1772709300000,73165.3,73167.6,72880.4,73089.7,406.8568
1772710200000,73089.7,73089.8,72745.5,72812.1,183.0459
1772711100000,72812.3,72925.0,72771.2,72883.1,311.5336
1772712000000,72882.9,72982.8,72629.6,72913.6,511.8233
1772712900000,72913.6,72938.8,72669.6,72780.0,235.3406
1772713800000,72780.0,72909.9,72656.6,72867.9,190.2576
1772714700000,72868.1,73050.0,72850.0,72860.0,271.2476
1772715600000,72860.0,72903.6,72547.3,72642.9,410.0503
1772716500000,72643.0,72737.5,72294.3,72492.0,491.3863
1772717400000,72490.8,72510.2,72160.0,72485.4,452.6071
1772718300000,72485.4,72653.3,72361.0,72428.0,456.0733
1772719200000,72428.0,72599.8,72277.8,72575.6,223.8407
1772720100000,72576.1,72593.5,72371.0,72514.8,108.2091
1772721000000,72514.8,72798.1,71932.8,71966.9,678.3367
1772721900000,71969.2,72750.6,71934.2,72564.7,656.4394
1772722800000,72576.0,72736.0,71568.3,71758.0,771.5762
1772723700000,71758.4,71873.4,71216.1,71244.5,672.3617
1772724600000,71244.7,71633.0,71134.0,71420.0,740.2206
1772725500000,71419.9,71708.7,71275.0,71621.6,347.5536
1772726400000,71616.9,71625.2,70757.0,70977.4,1024.2098
1772727300000,70977.4,71088.0,70774.5,70958.8,392.7193
1772728200000,70956.8,71586.0,70950.0,71296.3,396.0753
1772729100000,71295.9,71381.0,71167.9,71268.9,124.476
1772730000000,71268.9,71526.0,70991.2,71137.3,229.4473
1772730900000,71137.1,71169.0,70854.0,70897.8,215.15
1772731800000,70897.8,70990.9,70685.5,70826.9,597.0312
1772732700000,70826.9,70900.0,70612.2,70671.0,342.7421
1772733600000,70671.2,71020.9,70625.1,70989.7,253.1655
1772734500000,70989.8,71030.4,70750.0,70786.0,186.1381
1772735400000,70784.1,71056.4,70767.9,70912.4,107.6434
1772736300000,70912.4,70991.3,70777.5,70964.5,82.9363
1772737200000,70964.5,71378.8,70953.8,71330.8,229.1442
1772738100000,71330.2,71397.0,71022.0,71072.0,167.9089
1772739000000,71072.2,71137.0,70900.8,70980.2,103.4454
1772739900000,70979.6,71092.1,70838.8,70888.0,133.2791
1772740800000,70888.0,71084.4,70809.4,71065.9,90.2878
1772741700000,71066.1,71318.7,71050.0,71152.4,128.0079
1772742600000,71153.0,71357.1,71097.6,71129.9,96.7687
1772743500000,71129.7,71319.1,71003.9,71209.6,101.6622
1772744400000,71205.0,71322.7,71197.8,71266.5,62.2136
1772745300000,71266.5,71490.8,71258.6,71478.6,116.7601
1772746200000,71478.4,71522.8,71068.0,71149.8,139.6256
1772747100000,71149.8,71289.0,70949.1,71097.0,161.0177
1772748000000,71097.2,71218.6,71053.4,71128.4,52.0845
1772748900000,71128.4,71252.5,71028.8,71119.0,60.9258
1772749800000,71119.2,71334.4,71104.5,71239.7,62.9061
1772750700000,71240.0,71312.1,71169.1,71169.1,56.6581
1772751600000,71169.1,71248.5,71141.2,71163.6,31.3548
1772752500000,71163.6,71265.4,71116.7,71184.3,62.2874
1772753400000,71184.5,71189.7,70815.4,70885.9,141.5759
1772754300000,70885.9,70899.9,70750.0,70848.2,104.131
1772755200000,70851.7,71024.0,70792.8,70985.3,121.7907
1772756100000,70985.3,71005.5,70837.3,70882.7,54.7701
1772757000000,70882.9,70975.3,70840.8,70871.9,49.7762
1772757900000,70872.1,70974.1,70744.3,70954.0,70.5601
1772758800000,70952.7,70981.5,70713.9,70762.3,94.7468
1772759700000,70762.3,70860.0,70348.1,70426.5,381.114
1772760600000,70426.5,71133.6,70416.7,71121.8,319.4527
1772761500000,71122.0,71260.0,71034.0,71216.7,198.6848
1772762400000,71216.7,71335.3,71125.0,71287.7,142.1949
1772763300000,71286.5,71383.0,70976.0,71298.8,265.387
1772764200000,71298.8,71319.1,71096.4,71306.4,97.1495
1772765100000,71306.4,71334.1,71144.7,71206.4,98.6603
1772766000000,71206.6,71251.2,70986.0,71032.8,54.3793
1772766900000,71036.9,71224.5,70956.3,71138.8,79.9866
1772767800000,71138.8,71186.5,71029.4,71052.5,47.3163
1772768700000,71052.5,71113.6,70982.8,71044.9,77.0984
1772769600000,71045.1,71086.3,70869.0,70869.7,92.9962
1772770500000,70869.7,70939.3,70830.7,70841.2,84.5893
1772771400000,70841.4,70937.2,70256.0,70487.7,446.0414
1772772300000,70490.0,70589.4,70449.9,70589.4,147.9901
1772773200000,70583.3,70630.9,70356.0,70508.7,169.1637
1772774100000,70508.7,70616.1,70290.1,70363.2,172.1491
1772775000000,70363.1,70469.6,70127.1,70172.1,288.4527
1772775900000,70172.0,70474.0,70104.6,70401.1,260.7523
1772776800000,70401.2,70413.2,70234.0,70277.5,103.3052
1772777700000,70277.5,70507.3,70275.7,70400.0,134.7785
1772778600000,70400.0,70645.4,70350.0,70631.3,147.6488
1772779500000,70631.3,70820.0,70551.3,70569.7,237.3668
1772780400000,70570.0,70782.3,70440.4,70519.3,207.7919
1772781300000,70519.5,70851.0,70513.0,70831.1,133.7875
1772782200000,70831.1,71048.0,70830.3,71040.0,502.2056
1772783100000,71039.9,71151.2,71011.2,71029.1,174.8359
1772784000000,71029.1,71030.0,70860.8,70907.1,151.5945
1772784900000,70907.1,70962.8,70800.0,70902.2,172.4851
1772785800000,70901.4,70999.5,70844.0,70883.3,257.9721
1772786700000,70883.5,70919.8,70706.0,70754.5,196.7857
1772787600000,70754.6,70782.1,70489.5,70539.2,157.2813
1772788500000,70539.2,70577.5,70330.0,70377.6,257.5238
1772789400000,70377.4,70520.0,70265.0,70513.8,271.4501
1772790300000,70513.6,70594.3,70412.7,70526.2,154.6057
1772791200000,70526.4,70678.2,70485.0,70650.0,185.9245
1772792100000,70650.0,70775.0,70607.7,70744.9,130.6275
1772793000000,70745.1,70758.1,70472.0,70535.4,129.5993
1772793900000,70535.2,70584.3,70431.8,70505.9,129.8479
1772794800000,70505.9,70586.6,70390.8,70528.1,205.9338
1772795700000,70528.3,70557.4,70479.8,70532.3,42.6503
1772796600000,70524.8,70618.0,70332.9,70354.7,157.7407
1772797500000,70354.5,70365.5,70160.0,70185.9,210.9722
1772798400000,70185.6,70200.0,69754.4,69900.9,800.8616
1772799300000,69901.1,70173.1,69897.6,69978.6,328.9243
1772800200000,69978.8,70023.6,69672.0,69729.0,421.5679
1772801100000,69725.7,70038.5,69632.0,69896.0,334.2503
1772802000000,69896.1,70011.9,69874.9,69968.4,144.9873
1772802900000,69968.3,70184.4,69802.6,70040.1,216.5952
1772803800000,70040.0,70317.9,69755.0,70050.0,551.292
1772804700000,70050.0,70050.0,69181.7,69188.1,762.2433
1772805600000,69189.7,69253.4,68610.0,68788.3,1343.4373
1772806500000,68788.5,69055.2,68683.6,68944.6,348.4741
1772807400000,68944.6,69051.4,68353.3,68703.1,812.6098
1772808300000,68702.9,68861.5,68134.0,68379.1,1017.3689
1772809200000,68379.1,68623.0,68284.9,68593.3,435.9495
1772810100000,68596.1,68982.7,68530.6,68846.6,415.9124
1772811000000,68846.5,69069.0,68654.8,68709.2,289.6779
1772811900000,68709.2,68720.7,68273.7,68464.1,386.8669
1772812800000,68461.7,68759.5,68228.0,68302.9,392.7037
1772813700000,68303.2,68528.9,68182.9,68502.4,340.0844
1772814600000,68503.7,68640.0,68311.5,68555.8,175.4157
1772815500000,68555.8,68679.9,68305.4,68415.1,197.4055
1772816400000,68414.8,68617.6,68361.9,68370.1,95.7888
1772817300000,68370.9,68550.9,68161.0,68221.1,247.1536
1772818200000,68217.8,68310.0,67720.0,67806.8,787.0246
1772819100000,67806.8,68030.1,67794.1,67926.8,224.5827
1772820000000,67926.9,68351.7,67915.5,68294.2,253.3372
1772820900000,68294.2,68394.9,68217.8,68250.6,153.9619
1772821800000,68250.8,68435.2,68232.0,68402.5,106.5636
1772822700000,68402.5,68435.2,68123.6,68143.7,181.9412
1772823600000,68143.7,68405.0,68143.7,68402.3,84.9455
1772824500000,68402.3,68444.8,68104.2,68186.4,127.4145
1772825400000,68186.4,68276.7,68101.8,68109.3,101.0715
1772826300000,68109.1,68131.3,67972.1,68095.4,190.7517
1772827200000,68095.4,68254.2,67962.0,67981.3,228.116
1772828100000,67981.3,68109.6,67730.0,67803.4,245.6245
1772829000000,67803.2,68039.4,67773.7,67957.1,131.3677
1772829900000,67956.7,68137.0,67946.8,68076.3,86.5091
1772830800000,68073.9,68155.0,68037.9,68118.4,69.1343
1772831700000,68118.5,68140.5,67896.0,67972.7,104.5801
1772832600000,67972.9,68209.1,67946.2,68199.4,67.6222
1772833500000,68199.4,68300.0,68154.2,68257.6,97.017
1772834400000,68257.6,68324.2,68233.5,68255.2,43.9089
1772835300000,68255.2,68348.0,68200.0,68256.3,32.9831
1772836200000,68256.1,68395.7,68180.0,68338.2,123.8263
1772837100000,68338.0,68403.9,68257.6,68289.4,80.1615
1772838000000,68291.5,68307.2,68200.0,68290.9,93.0348
1772838900000,68291.1,68336.6,68266.7,68315.7,30.2605
1772839800000,68315.7,68315.7,68129.0,68205.1,82.9709
1772840700000,68203.0,68203.0,68059.0,68079.6,44.9082
1772841600000,68079.4,68233.4,68074.5,68180.0,51.6136
1772842500000,68180.0,68223.0,68077.4,68177.3,48.5626
1772843400000,68177.3,68363.5,68175.9,68254.0,126.6542
1772844300000,68253.5,68319.2,68243.9,68252.0,26.7044
1772845200000,68252.0,68325.0,68159.1,68197.5,76.7466
1772846100000,68197.5,68229.6,68140.0,68195.1,46.0267
1772847000000,68195.1,68244.6,68152.6,68244.6,34.635
1772847900000,68245.0,68299.2,68200.0,68222.2,62.884
1772848800000,68222.2,68280.0,68178.1,68200.7,49.4061
1772849700000,68200.5,68233.8,68068.8,68070.9,68.3882
1772850600000,68070.9,68162.1,68020.4,68129.7,99.0523
1772851500000,68129.7,68336.4,68120.0,68314.9,79.4793
1772852400000,68315.1,68525.4,68296.1,68484.7,184.2865
1772853300000,68484.3,68484.3,68198.4,68200.1,200.937
1772854200000,68200.1,68235.9,68137.4,68143.7,55.3749
1772855100000,68143.9,68193.4,68065.3,68065.4,79.8118
1772856000000,68065.4,68089.5,67782.4,67917.1,294.2708
1772856900000,67917.3,68036.5,67890.0,68000.0,79.2874
1772857800000,68000.1,68118.4,67936.5,68105.5,118.9091
1772858700000,68105.5,68105.7,68026.4,68028.7,65.4227
1772859600000,68028.7,68109.3,67924.0,67976.9,71.8764
1772860500000,67976.8,68018.1,67871.6,67989.6,102.09
1772861400000,67989.3,68069.4,67916.7,68053.8,70.1505
1772862300000,68054.0,68084.4,67947.2,67988.1,69.1514
1772863200000,67987.8,67994.3,67900.0,67920.2,102.6435
1772864100000,67920.4,67962.6,67820.0,67835.6,147.5123
1772865000000,67835.8,67908.5,67728.1,67903.1,186.7464
1772865900000,67902.9,67925.3,67573.3,67662.6,386.2542
1772866800000,67663.1,67679.0,67408.6,67600.5,523.1256
1772867700000,67600.3,67733.3,67574.0,67696.4,121.5567
1772868600000,67696.2,67763.4,67627.2,67762.9,128.7063
1772869500000,67762.7,67835.0,67738.0,67812.1,122.1489
1772870400000,67812.1,67842.6,67738.0,67840.4,98.209
1772871300000,67840.2,68003.1,67838.2,67909.4,176.459
1772872200000,67909.6,67990.2,67851.5,67870.0,118.4938
1772873100000,67870.0,67890.6,67690.0,67764.5,109.9068
1772874000000,67764.5,67954.1,67695.0,67945.3,207.1611
1772874900000,67945.5,68037.7,67894.5,67931.0,149.005
1772875800000,67931.0,67999.5,67906.0,67936.8,68.3315
1772876700000,67936.8,68009.3,67930.6,67966.7,55.0444
1772877600000,67966.7,68066.0,67929.6,68062.0,179.6401
1772878500000,68061.9,68062.0,67880.3,67939.9,142.4295
1772879400000,67944.4,67974.5,67877.4,67922.1,63.3823
1772880300000,67922.1,67957.4,67833.4,67850.4,78.0813
1772881200000,67850.4,68173.7,67811.5,68159.0,164.2795
1772882100000,68159.2,68202.9,68065.9,68117.4,213.2315
1772883000000,68117.2,68138.8,68020.9,68096.8,76.0187
1772883900000,68096.7,68100.0,67973.0,67974.3,55.8788
1772884800000,67974.3,68059.4,67928.0,67964.3,110.9805
1772885700000,67964.1,68037.0,67943.8,67989.6,79.5537
1772886600000,67989.6,67998.8,67878.3,67897.8,96.6667
1772887500000,67897.8,67990.0,67858.2,67955.5,81.9942
1772888400000,67955.7,68030.0,67900.0,68003.1,102.6568
1772889300000,68003.1,68045.0,67927.5,67955.3,91.6582
1772890200000,67955.1,68013.8,67818.7,67850.0,114.5256
1772891100000,67850.1,67928.1,67831.0,67893.2,42.7999
1772892000000,67893.2,67893.6,67576.5,67715.2,457.1751
1772892900000,67715.2,67798.2,67671.4,67770.9,142.1585
1772893800000,67770.9,68058.5,67763.4,67975.2,185.6364
1772894700000,67975.2,68044.0,67937.0,67982.5,88.947
1772895600000,67982.5,67989.8,67888.0,67896.5,90.8512
1772896500000,67896.7,67964.3,67809.3,67920.0,98.4669
1772897400000,67919.9,68000.0,67725.8,67789.5,164.7194
1772898300000,67789.5,67892.5,67736.0,67847.7,73.1893
1772899200000,67847.8,67860.9,67760.1,67849.9,49.1035
1772900100000,67850.0,67850.0,67715.0,67746.9,76.0113
1772901000000,67746.9,67802.0,67668.8,67752.6,56.1649
1772901900000,67752.8,67803.0,67724.9,67758.0,32.596
1772902800000,67758.0,67828.7,67756.9,67802.9,72.8823
1772903700000,67802.9,67911.5,67780.2,67845.9,62.3447
1772904600000,67846.1,67851.4,67830.0,67848.6,19.7215
1772905500000,67848.4,67853.1,67731.4,67752.7,49.6489
1772906400000,67752.5,67752.9,67425.2,67592.4,273.1269
1772907300000,67591.0,67669.7,67553.0,67622.1,88.7802
1772908200000,67622.3,67630.3,67456.4,67628.5,95.5931
1772909100000,67628.7,67631.2,67512.8,67534.2,54.4889
1772910000000,67534.4,67541.8,67472.2,67473.9,69.7687
1772910900000,67473.9,67532.1,67126.4,67188.7,603.0851
1772911800000,67188.9,67316.3,67158.7,67191.2,121.4413
1772912700000,67185.5,67246.4,66870.8,67046.1,498.8392
1772913600000,67046.3,67263.8,67028.4,67205.0,162.4111
1772914500000,67205.0,67269.0,67155.9,67208.3,78.9676
1772915400000,67208.5,67388.0,67200.0,67359.3,143.7452
1772916300000,67359.3,67401.4,67260.4,67356.1,1184.4065
1772917200000,67356.8,67437.4,67301.4,67366.6,72.5899
1772918100000,67366.6,67448.4,67346.6,67418.5,34.6266
1772919000000,67418.5,67419.7,67234.0,67334.6,67.2051
1772919900000,67334.6,67416.3,67255.1,67415.2,47.5937
1772920800000,67415.2,67434.5,67285.7,67292.9,34.4989
1772921700000,67292.9,67335.5,67227.5,67238.8,41.9737
1772922600000,67239.0,67276.0,67061.0,67213.6,120.5168
1772923500000,67213.7,67328.0,67179.8,67222.2,48.1685
1772924400000,67222.4,67348.1,67148.0,67293.4,89.5638
1772925300000,67293.6,67371.2,67277.5,67335.4,36.1273
1772926200000,67335.4,67362.5,67279.3,67311.8,26.5703
1772927100000,67311.6,67333.6,67197.0,67228.1,47.3381
1772928000000,67228.5,67430.9,67228.3,67366.3,77.6816
1772928900000,67366.5,67447.0,67286.4,67310.9,61.7881
1772929800000,67310.9,67334.5,67202.1,67278.2,55.4374
1772930700000,67280.0,67286.8,67144.2,67159.7,63.1204
1772931600000,67159.7,67275.6,67123.9,67247.3,78.2612
1772932500000,67247.5,67293.5,67200.0,67200.0,34.7858
1772933400000,67200.0,67283.4,67063.0,67274.4,174.4044
1772934300000,67274.6,67325.9,67250.1,67263.3,70.5085
1772935200000,67263.5,67283.2,67186.8,67283.0,40.5632
1772936100000,67283.0,67319.7,67172.7,67184.8,46.0604
1772937000000,67184.6,67393.9,67075.1,67372.2,119.4132
1772937900000,67366.4,67366.4,66800.0,66893.6,373.4402
1772938800000,66894.7,66993.6,66810.9,66943.4,178.6736
1772939700000,66943.6,67059.3,66921.4,66971.3,93.8284
1772940600000,66971.5,67016.0,66906.3,66966.7,59.6584
1772941500000,66966.7,67047.1,66956.1,66976.3,53.1539
1772942400000,66976.9,67047.1,66900.0,66990.3,74.2704
1772943300000,66990.4,67055.0,66939.4,66966.1,106.5379
1772944200000,66966.1,66984.6,66884.9,66921.6,60.4111
1772945100000,66921.4,66933.0,66512.2,66605.0,502.8639
1772946000000,66605.0,66964.1,66590.0,66948.3,204.5489
1772946900000,66948.5,67158.5,66926.9,67092.4,260.9359
1772947800000,67092.2,67175.0,67062.6,67154.3,100.5938
1772948700000,67154.1,67212.0,67095.4,67113.0,85.7573
1772949600000,67113.2,67198.7,67049.8,67065.7,99.6353
1772950500000,67065.7,67133.0,67008.3,67022.3,73.4784
1772951400000,67022.3,67120.4,67004.2,67092.6,53.888
1772952300000,67092.6,67193.0,67077.0,67133.1,72.6574
1772953200000,67133.1,67389.3,67120.2,67352.9,304.9674
1772954100000,67352.9,67428.0,67244.9,67320.8,155.8104
1772955000000,67320.8,67334.9,67258.4,67278.2,66.2458
1772955900000,67278.2,67303.4,67218.3,67277.7,56.3696
1772956800000,67277.0,67332.4,67214.7,67215.2,61.9852
1772957700000,67215.2,67255.4,67120.4,67237.7,79.8866
1772958600000,67237.7,67523.4,67188.9,67456.3,141.0783
1772959500000,67455.1,67546.9,67400.9,67495.0,233.968
1772960400000,67494.8,67809.8,67429.1,67729.0,250.6665
1772961300000,67729.4,67866.4,67667.7,67811.0,329.6333
1772962200000,67810.9,67823.6,67667.7,67712.3,232.3063
1772963100000,67712.1,67726.0,67650.0,67658.9,82.5378
1772964000000,67659.1,67855.5,67656.1,67841.3,118.8465
1772964900000,67840.9,68168.0,67815.0,68016.2,395.8228
1772965800000,68016.4,68041.8,67902.4,67943.0,158.0113
1772966700000,67943.0,67943.0,67839.3,67865.9,113.8871
1772967600000,67865.9,67865.9,67417.7,67526.8,450.0102
1772968500000,67526.8,67696.8,67521.9,67640.4,122.2003
1772969400000,67640.4,67772.4,67364.5,67460.1,290.8411
1772970300000,67461.9,67540.0,67390.6,67483.3,100.0588
1772971200000,67483.3,67623.4,66950.2,67016.7,543.7965
1772972100000,67018.6,67408.4,66852.3,67392.7,466.2914
1772973000000,67392.7,67457.9,67252.8,67380.6,206.639
1772973900000,67380.4,67383.4,67242.6,67285.2,98.4615
1772974800000,67285.2,67400.0,66909.3,66942.0,256.8771
1772975700000,66941.8,67180.5,66781.0,67124.3,451.1181
1772976600000,67123.4,67130.1,66811.4,67031.3,204.4883
1772977500000,67030.3,67259.6,67015.7,67202.3,154.6778
1772978400000,67202.3,67368.5,67159.1,67260.3,128.8273
1772979300000,67260.1,67396.2,67208.0,67228.5,194.6566
1772980200000,67228.5,67345.0,67006.8,67096.1,202.892
1772981100000,67096.1,67322.0,67003.8,67304.1,145.08
1772982000000,67303.9,67337.0,67171.8,67327.6,122.8458
1772982900000,67327.4,67327.8,67102.1,67136.7,80.7839
1772983800000,67134.3,67204.4,67081.5,67129.0,91.234
1772984700000,67128.7,67200.0,67039.0,67176.3,90.6379
1772985600000,67176.3,67228.8,67044.8,67057.2,129.4693
1772986500000,67057.2,67117.5,66994.9,67075.1,91.2038
1772987400000,67075.3,67083.9,66805.8,66966.2,237.7097
1772988300000,66966.3,66966.3,66765.1,66836.7,139.1904
1772989200000,66836.5,67146.8,66761.7,67100.0,316.7925
1772990100000,67100.0,67130.3,67012.7,67032.1,66.1536
1772991000000,67032.1,67082.9,66927.5,67021.2,72.5605
1772991900000,67021.4,67093.2,66905.1,67016.0,52.068
1772992800000,67015.9,67039.6,66858.7,66882.3,54.7333
1772993700000,66882.3,66956.0,66724.0,66889.5,133.6739
1772994600000,66889.5,66956.0,66753.1,66776.6,115.1898
1772995500000,66779.2,66864.5,66714.6,66780.4,73.6207
1772996400000,66780.6,67051.4,66746.5,66985.5,175.2628
1772997300000,66985.6,67236.7,66963.9,67168.8,156.6142
1772998200000,67168.8,67344.2,67168.6,67323.5,389.0099
1772999100000,67323.7,67445.8,67236.4,67299.9,129.5543
1773000000000,67300.0,67300.0,67059.6,67066.4,83.3521
1773000900000,67066.4,67195.8,67004.2,67004.2,81.5529
1773001800000,67004.3,67485.0,67000.7,67313.6,189.0812
1773002700000,67311.8,67363.6,67163.9,67191.9,79.1845
1773003600000,67196.0,67230.0,66674.0,66737.4,226.9057
1773004500000,66737.3,66962.3,66737.3,66902.3,106.528
1773005400000,66902.3,66994.3,66855.2,66984.5,64.0374
1773006300000,66984.5,67012.9,66878.3,66977.3,84.4922
1773007200000,66977.4,66977.5,65636.0,66040.3,1445.6114
1773008100000,66040.5,66145.1,65579.1,65874.7,544.4646
1773009000000,65874.9,66250.0,65682.6,66012.5,464.1692
1773009900000,66012.3,66283.3,65998.2,66201.2,262.167
1773010800000,66201.2,66410.0,66075.0,66297.9,269.1838
1773011700000,66297.7,66534.6,66209.2,66435.1,263.3589
1773012600000,66435.1,66484.4,66072.8,66080.1,212.0476
1773013500000,66080.3,66185.0,65881.9,65945.2,269.2887
1773014400000,65945.2,66371.0,65904.6,66285.2,204.5662
1773015300000,66285.4,66340.3,65781.7,66139.1,240.5178
1773016200000,66136.4,66731.9,66136.3,66414.0,405.041
1773017100000,66415.8,66529.1,66244.7,66330.8,144.7822
1773018000000,66330.6,66399.8,66083.3,66317.3,154.7139
1773018900000,66321.7,66595.4,66206.8,66440.4,212.8841
1773019800000,66440.4,66656.3,66359.1,66584.0,174.5823
1773020700000,66583.9,66600.0,66134.2,66156.2,197.63
1773021600000,66156.0,66324.9,66022.5,66137.3,178.2616
1773022500000,66137.3,66138.5,65921.6,66086.0,157.4296
1773023400000,66084.5,66553.8,66051.0,66535.5,211.0453
1773024300000,66535.3,66679.6,66492.8,66499.9,167.8938
1773025200000,66500.0,67423.5,66484.0,67416.7,660.723
1773026100000,67417.3,67640.7,67069.5,67189.8,379.1585
1773027000000,67190.0,67345.0,67034.3,67064.8,157.5417
1773027900000,67064.8,67223.0,67010.3,67168.0,109.8181
1773028800000,67168.2,67257.4,67128.5,67141.3,92.8025
1773029700000,67141.1,67579.8,67134.0,67540.2,230.3125
1773030600000,67540.2,67543.4,67378.4,67470.7,160.9103
1773031500000,67470.7,67494.8,67066.6,67100.8,166.4424
1773032400000,67100.9,67226.9,67079.4,67129.7,162.7796
1773033300000,67129.7,67385.2,67098.5,67357.0,151.4969
1773034200000,67356.6,67933.0,67315.1,67888.8,540.3006
1773035100000,67892.3,68021.2,67769.6,67872.0,458.2924
1773036000000,67872.0,67895.0,67550.2,67583.5,188.618
1773036900000,67583.5,67703.5,67439.5,67467.8,130.8505
1773037800000,67468.0,67523.3,67233.9,67326.9,145.2528
1773038700000,67326.7,67349.3,67207.6,67230.7,93.4632
1773039600000,67230.7,67281.0,67089.0,67160.0,181.434
1773040500000,67150.0,67247.5,66837.1,67171.9,246.5501
1773041400000,67171.9,67434.6,67171.9,67380.8,198.8586
1773042300000,67380.8,67532.0,67335.7,67505.8,143.3275
1773043200000,67505.8,67622.0,67397.3,67524.5,513.9248
1773044100000,67524.5,67790.2,67339.4,67771.7,215.5129
1773045000000,67771.1,67844.0,67640.8,67749.6,135.7675
1773045900000,67749.6,67888.0,67705.3,67773.5,144.7032
1773046800000,67773.5,67795.9,67530.6,67791.5,173.2348
1773047700000,67791.5,68014.0,67753.1,67966.6,237.3857
1773048600000,67966.5,68410.0,67862.6,68310.3,642.0926
1773049500000,68310.1,68400.0,67913.0,67944.9,356.3646
1773050400000,67944.9,68050.0,67837.6,67899.0,392.8466
1773051300000,67899.5,67950.9,67758.5,67759.7,185.322
1773052200000,67759.7,67810.6,67555.0,67640.7,213.7166
1773053100000,67640.7,67668.5,67516.5,67572.8,135.4874
1773054000000,67572.6,67748.8,67536.8,67664.2,142.4915
1773054900000,67664.2,67691.2,67303.0,67436.3,283.566
1773055800000,67437.0,67639.3,67419.5,67599.9,116.0355
1773056700000,67599.9,67828.8,67540.4,67726.7,157.5993
1773057600000,67726.7,67882.0,67708.5,67875.4,126.7631
1773058500000,67875.4,68134.6,67833.6,68123.4,179.7244
1773059400000,68123.5,68308.5,67947.1,68089.0,330.3004
1773060300000,68089.2,68180.0,67979.0,68122.0,121.4142
1773061200000,68122.2,68577.6,68100.0,68426.3,354.0432
1773062100000,68426.1,68740.0,68157.9,68733.8,442.8045
1773063000000,68733.6,69234.0,68687.2,69200.0,836.2079
1773063900000,69198.2,69268.9,68760.0,68940.6,594.9214
1773064800000,68940.3,69220.7,68656.0,68800.0,473.34
1773065700000,68800.0,69237.3,68799.9,69117.8,360.0491
1773066600000,69116.3,69445.3,69052.8,69378.5,588.7786
1773067500000,69380.3,69386.3,69032.7,69111.2,238.4496
1773068400000,69111.8,69216.6,68931.1,69132.4,204.1432
1773069300000,69133.4,69205.4,68943.2,69041.9,142.6589
1773070200000,69042.0,69139.8,68712.5,68727.3,400.6679
1773071100000,68727.4,69032.7,68700.0,68828.7,220.9974
1773072000000,68828.7,69024.5,68707.9,68730.0,174.9212
1773072900000,68737.9,68993.8,68702.7,68927.5,152.3809
1773073800000,68929.0,69088.0,68589.5,69037.3,275.3873
1773074700000,69037.4,69190.7,68850.0,68919.4,222.8226
1773075600000,68919.4,69050.0,68839.6,68951.7,88.0703
1773076500000,68951.5,69027.1,68570.9,68586.5,210.674
1773077400000,68583.0,68731.0,68238.5,68368.1,413.1361
1773078300000,68368.1,68636.7,68358.7,68563.2,147.7224
1773079200000,68563.4,68585.9,68203.0,68402.5,282.7193
1773080100000,68402.3,68626.8,68380.6,68511.6,108.7295
1773081000000,68511.9,68679.0,68439.8,68452.0,152.7162
1773081900000,68452.0,68523.5,68285.5,68322.7,181.9567
1773082800000,68322.9,68478.4,68322.9,68365.4,102.5866
1773083700000,68365.2,69331.7,68334.1,69320.0,556.2516
1773084600000,69322.2,69483.2,68769.0,68920.5,452.1329
1773085500000,68920.4,69020.3,68776.4,68948.6,130.4476
1773086400000,68948.8,69104.1,68826.6,68961.6,158.1252
1773087300000,68961.8,69042.6,68879.2,68918.8,83.0063
1773088200000,68918.8,68928.9,68768.5,68844.1,63.7722
1773089100000,68844.1,68999.9,68709.9,68916.9,79.4173
1773090000000,68915.7,69062.2,68903.3,68990.7,90.8544
1773090900000,68991.3,68996.4,68796.6,68806.4,61.0697
1773091800000,68806.2,68970.6,68614.2,68909.2,96.2883
1773092700000,68909.1,68999.8,68859.0,68881.1,32.5922
1773093600000,68881.0,69000.0,68638.1,68783.3,101.5512
1773094500000,68783.1,68834.4,68671.9,68793.1,63.0043
1773095400000,68793.1,68835.0,68562.5,68700.1,83.0716
1773096300000,68700.1,68719.5,68559.7,68598.2,91.5714
1773097200000,68598.2,68665.4,68510.4,68617.3,77.9915
1773098100000,68617.3,68620.0,68491.5,68566.6,65.4216
1773099000000,68566.4,68592.5,68479.0,68509.7,66.1866
1773099900000,68509.9,68528.0,68340.6,68390.8,114.1128
1773100800000,68390.8,68473.7,68353.5,68383.5,84.6916
1773101700000,68383.7,68989.9,68362.0,68940.0,199.0396
1773102600000,68939.8,69174.0,68851.3,69150.8,266.585
1773103500000,69150.8,69250.0,69020.8,69119.0,288.2408
1773104400000,69116.5,69217.1,69023.4,69072.3,116.7886
1773105300000,69072.1,69120.7,68810.3,68934.5,231.3064
1773106200000,68934.3,69048.6,68774.5,68939.1,156.5206
1773107100000,68939.1,69351.4,68897.1,69226.4,345.0622
1773108000000,69226.4,69359.8,69066.4,69191.3,118.4546
1773108900000,69191.5,69354.9,69098.9,69333.0,75.4613
1773109800000,69333.0,70390.0,69333.0,70287.7,1119.9163
1773110700000,70288.0,70545.0,70209.6,70237.4,541.0544
1773111600000,70232.5,70335.6,69996.4,70143.6,312.3215
1773112500000,70143.6,70247.0,70059.5,70086.5,84.2861
1773113400000,70086.5,70093.2,69810.0,69815.5,168.6794
1773114300000,69815.2,69815.3,69350.0,69393.2,475.9895
1773115200000,69393.2,69722.0,69393.2,69694.0,153.26
1773116100000,69693.8,69784.9,69547.5,69707.3,141.7908
1773117000000,69706.4,69984.6,69706.2,69912.1,204.5961
1773117900000,69912.1,70099.4,69814.4,70037.6,141.9498
1773118800000,70039.3,70327.8,69976.3,70137.1,232.8696
1773119700000,70137.1,70285.4,69983.5,70009.9,169.5957
1773120600000,70010.0,70095.9,69886.1,69886.1,155.3618
1773121500000,69886.1,69949.6,69856.1,69939.6,65.5028
1773122400000,69939.6,69946.2,69802.9,69846.1,100.0111
1773123300000,69846.3,70156.7,69720.0,70108.9,225.8325
1773124200000,70108.9,70134.7,69913.2,69936.1,135.6743
1773125100000,69931.7,70019.2,69831.7,69883.3,143.2791
1773126000000,69883.3,70399.6,69799.1,70206.5,384.053
1773126900000,70206.5,70493.3,70191.2,70289.9,265.5939
1773127800000,70289.7,70374.3,70249.1,70300.0,103.3412
1773128700000,70300.0,70455.5,70239.1,70375.0,148.2714
1773129600000,70375.0,70903.2,70337.0,70864.0,733.5392
1773130500000,70863.9,70950.5,70698.0,70807.4,305.2489
1773131400000,70807.4,71050.9,70794.0,70875.9,339.1969
1773132300000,70875.7,70875.9,70574.0,70645.8,349.9648
1773133200000,70646.4,70855.6,70609.1,70767.8,229.8395
1773134100000,70767.6,71247.7,70706.1,71187.7,443.283
1773135000000,71187.9,71264.1,71015.0,71039.9,235.8917
1773135900000,71039.9,71068.0,70907.5,71027.4,139.9144
1773136800000,71027.2,71049.4,70811.2,70850.0,211.1681
1773137700000,70850.0,70875.5,70704.3,70734.0,151.5225
1773138600000,70732.4,70898.1,70650.0,70701.8,211.6428
1773139500000,70699.7,70839.0,70633.6,70742.1,111.6337
1773140400000,70740.2,70835.4,70562.6,70580.5,123.8254
1773141300000,70578.9,70727.4,70530.6,70618.6,141.7732
1773142200000,70618.4,70630.9,70508.6,70548.5,98.2248
1773143100000,70548.5,70659.7,70508.9,70565.4,155.2728
1773144000000,70565.6,70600.0,70321.0,70390.7,389.2892
1773144900000,70390.5,70531.1,70330.0,70350.4,120.2745
1773145800000,70350.4,70441.0,70256.1,70412.3,221.1112
1773146700000,70412.3,70555.5,70406.6,70485.4,317.7775
1773147600000,70485.7,70720.9,70485.7,70720.7,183.53
1773148500000,70720.9,70869.0,70618.9,70821.5,230.7417
1773149400000,70821.7,70881.1,69676.0,69879.9,1205.5011
1773150300000,69881.3,70236.0,69749.7,69881.1,652.3438
1773151200000,69881.3,70117.9,69384.1,69450.7,1065.4606
1773152100000,69450.8,69897.5,69250.5,69758.6,925.641
1773153000000,69758.4,70440.0,69758.3,70413.5,866.8295
1773153900000,70411.4,71499.4,70352.2,71430.9,1390.5431
1773154800000,71431.0,71742.0,71052.1,71166.1,2004.9395
1773155700000,71164.3,71423.2,70943.7,71316.0,1513.5232
1773156600000,71311.7,71585.4,70923.9,71080.9,561.1533
1773157500000,71081.0,71321.1,70868.6,71304.1,621.6099
1773158400000,71304.8,71389.6,70916.8,71107.8,658.2184
1773159300000,71107.6,71659.9,71094.8,71321.5,609.6239
1773160200000,71326.6,71414.3,71137.0,71349.1,368.0004
1773161100000,71349.1,71360.7,71124.6,71228.2,452.4821
1773162000000,71228.2,71419.1,71163.2,71223.1,558.5466
1773162900000,71223.1,71334.3,70951.8,71016.3,451.9917
1773163800000,71015.2,71196.5,70484.0,70656.8,879.708
1773164700000,70657.0,70931.0,70524.3,70827.0,324.5505
1773165600000,70827.0,70877.1,70324.4,70335.4,172.4712
1773166500000,70335.6,70542.1,70093.7,70285.7,452.6423
1773167400000,70286.0,70410.5,69947.4,70009.4,421.5858
1773168300000,70008.1,70192.5,69854.9,69976.7,320.0377
1773169200000,69976.5,70122.8,69828.0,70025.2,271.4669
1773170100000,70025.0,70249.3,69859.3,69931.6,260.7454
1773171000000,69932.1,70070.7,69690.3,69950.0,268.1046
1773171900000,69950.0,70045.0,69902.3,70004.4,110.686
1773172800000,70003.7,70213.7,69970.6,70069.7,121.3836
1773173700000,70069.4,70221.1,69965.0,70200.0,78.9722
1773174600000,70200.0,70312.2,70158.8,70249.9,111.3885
1773175500000,70249.9,70259.6,70171.6,70194.4,55.1855
1773176400000,70194.2,70371.3,70030.5,70051.9,120.9007
1773177300000,70051.8,70129.4,69888.0,69899.2,113.5457
1773178200000,69899.4,70007.9,69553.3,69704.5,354.8867
1773179100000,69704.3,69790.6,69472.0,69714.9,144.2624
1773180000000,69714.9,69829.5,69411.3,69564.4,291.0125
1773180900000,69564.6,69722.2,69433.0,69565.9,95.8972
1773181800000,69565.6,69650.8,69450.0,69572.4,78.1442
1773182700000,69572.4,69727.0,69536.5,69660.0,70.8726
1773183600000,69658.7,69806.0,69650.4,69753.4,160.5421
1773184500000,69753.4,69832.1,69653.4,69768.8,74.074
1773185400000,69768.8,69921.2,69735.3,69889.3,123.0584
1773186300000,69889.3,69931.5,69792.5,69907.7,57.991
1773187200000,69907.7,70050.0,69707.9,70004.5,167.541
1773188100000,70004.5,70111.1,69830.5,70006.8,118.98
1773189000000,70006.6,70006.8,69760.9,69792.9,87.1322
1773189900000,69792.9,70137.0,69792.9,69998.7,98.0722
1773190800000,69999.1,70102.2,69935.5,70008.0,53.9531
1773191700000,70008.1,70099.1,69925.6,70044.7,85.783
1773192600000,70044.7,70053.8,69833.9,69912.7,100.2038
1773193500000,69912.7,70080.0,69860.2,70030.2,77.6943
1773194400000,70030.2,70079.9,69950.7,69954.7,57.667
1773195300000,69954.7,70008.7,69885.8,69929.6,71.9552
1773196200000,69929.8,69929.8,69571.1,69658.4,297.7615
1773197100000,69658.4,69777.5,69590.0,69777.4,94.8677
1773198000000,69777.5,69861.6,69635.0,69659.1,143.0259
1773198900000,69659.1,69674.1,69464.7,69493.0,237.8936
1773199800000,69493.0,69598.2,69480.3,69507.8,105.0922
1773200700000,69507.8,69609.6,69452.0,69521.7,186.0314
1773201600000,69522.0,69635.9,69467.1,69611.4,114.037
1773202500000,69611.4,69961.6,69590.3,69947.4,435.1135
1773203400000,69947.2,69980.0,69864.9,69959.1,289.3889
1773204300000,69959.1,70235.9,69934.9,70090.8,288.831
1773205200000,70090.8,70163.7,69958.2,69974.4,237.0965
1773206100000,69974.4,69989.3,69837.8,69907.2,98.9647
1773207000000,69907.4,69907.4,69369.6,69497.6,309.586
1773207900000,69497.8,69589.0,69450.0,69465.5,273.8177
1773208800000,69465.4,69689.5,69456.7,69682.5,141.9751
1773209700000,69679.9,69786.8,69634.5,69760.2,178.1995
1773210600000,69760.2,69986.7,69747.9,69795.8,405.9287
1773211500000,69795.8,69972.4,69668.7,69908.1,172.571
1773212400000,69908.1,69990.0,69837.7,69858.3,91.6353
1773213300000,69858.4,69878.3,69738.4,69748.9,76.3682
1773214200000,69748.6,69751.5,69466.0,69507.5,256.036
1773215100000,69507.6,69710.0,69477.4,69622.7,169.9886
1773216000000,69622.9,69737.0,69555.3,69602.3,99.5301
1773216900000,69602.3,69611.9,69467.8,69467.8,121.1896
1773217800000,69467.8,69741.7,69465.9,69645.4,212.8251
1773218700000,69645.3,69652.1,69470.0,69619.8,106.8046
1773219600000,69619.4,69632.1,69500.0,69505.0,77.6709
1773220500000,69505.0,69632.7,69494.3,69499.5,75.5057
1773221400000,69499.5,69600.0,69356.1,69528.2,260.0398
1773222300000,69528.2,69714.2,69363.5,69433.2,168.1612
1773223200000,69433.0,69501.3,69358.2,69464.6,113.4937
1773224100000,69464.4,69566.9,69405.2,69464.9,105.6536
1773225000000,69464.9,69688.0,69437.0,69649.8,105.2177
1773225900000,69649.8,69671.3,69540.0,69574.1,90.9522
1773226800000,69575.1,69645.1,69503.6,69573.4,110.6159
1773227700000,69573.4,69620.0,69391.1,69421.5,69.1647
1773228600000,69421.5,69521.3,69359.7,69412.4,90.6551
1773229500000,69412.4,69456.8,69124.9,69141.8,534.4744
1773230400000,69141.8,69217.1,68940.9,69126.5,382.7802
1773231300000,69126.1,69412.0,69123.0,69397.4,331.4554
1773232200000,69397.9,69744.0,69135.4,69216.8,629.5664
1773233100000,69216.8,69366.5,69114.2,69318.1,161.5325
1773234000000,69318.1,69947.7,69292.9,69817.8,348.3797
1773234900000,69815.9,70346.2,69757.9,70176.1,904.2095
1773235800000,70175.9,71055.5,70164.4,70409.0,1319.87
1773236700000,70407.1,70565.4,69745.0,70138.1,903.494
1773237600000,70137.9,70750.0,69927.5,70186.6,736.8292
1773238500000,70186.6,70658.4,70132.4,70614.3,417.5556
1773239400000,70614.3,70920.9,70397.4,70800.3,527.788
1773240300000,70800.6,70936.9,70450.2,70534.5,272.7865
1773241200000,70535.7,70611.0,69945.0,70105.9,581.6113
1773242100000,70105.7,70425.0,69986.3,70160.6,352.6637
1773243000000,70160.6,70224.9,69642.0,70024.7,767.6916
1773243900000,70024.4,70289.0,69839.8,70193.4,240.9088
1773244800000,70193.4,70441.6,70118.5,70413.8,241.1499
1773245700000,70413.5,70546.8,70237.4,70419.9,329.3404
1773246600000,70419.9,70740.0,70413.5,70717.7,337.1875
1773247500000,70717.8,70796.7,70460.7,70539.5,235.0142
1773248400000,70539.7,70970.0,70521.5,70830.5,339.3794
1773249300000,70832.9,71287.5,70820.0,71226.4,487.8409
1773250200000,71222.7,71288.0,70469.8,70794.7,689.2314
1773251100000,70792.8,70931.8,70590.2,70748.6,277.0059
1773252000000,70746.5,70845.0,70607.0,70718.5,118.4515
1773252900000,70718.5,70867.7,70590.0,70678.4,122.3264
1773253800000,70678.2,70721.0,70380.7,70473.8,230.3707
1773254700000,70474.0,70745.4,70385.6,70585.3,133.2647
1773255600000,70585.3,70598.4,70347.2,70435.8,124.8014
1773256500000,70435.8,70540.9,70332.4,70492.1,70.8625
1773257400000,70492.1,70706.1,70437.9,70643.9,155.3166
1773258300000,70639.1,70688.3,70534.8,70602.8,134.0497
1773259200000,70603.6,70615.4,70391.2,70391.2,82.5162
1773260100000,70391.2,70477.2,70350.8,70401.4,77.7737
1773261000000,70401.4,70529.6,70396.5,70506.0,35.1425
1773261900000,70506.0,70652.7,70407.8,70589.1,80.1503
1773262800000,70589.1,70738.6,70452.9,70502.2,108.9791
1773263700000,70502.0,70557.8,70470.5,70511.1,42.0663
1773264600000,70511.3,70642.2,70498.3,70509.1,85.5949
1773265500000,70507.3,70740.9,70502.1,70701.8,50.6482
1773266400000,70701.8,70907.5,70620.0,70764.2,153.9874
1773267300000,70764.2,70770.5,70433.3,70451.2,118.8029
1773268200000,70451.2,70490.6,70239.2,70321.8,258.7462
1773269100000,70321.8,70457.3,70167.6,70327.8,216.1978
1773270000000,70327.8,70469.7,70319.4,70419.8,53.1898
1773270900000,70417.5,70417.5,70268.1,70323.0,60.4485
1773271800000,70322.9,70377.4,70173.0,70204.2,69.5777
1773272700000,70204.4,70255.8,70079.3,70150.6,105.9875
1773273600000,70150.5,70275.3,70089.3,70222.3,104.4335
1773274500000,70221.0,70322.0,70136.5,70212.0,67.7591
1773275400000,70211.3,70297.7,70100.0,70240.4,73.908
1773276300000,70240.2,70253.1,70150.0,70176.8,45.3135
1773277200000,70177.0,70187.6,69814.8,69868.4,245.014
1773278100000,69867.6,69961.5,69830.9,69865.2,104.3155
1773279000000,69865.0,69947.8,69748.8,69928.9,139.1476
1773279900000,69928.7,69957.2,69711.1,69788.6,128.2924
1773280800000,69804.3,69850.0,69713.6,69745.3,80.411
1773281700000,69745.3,69794.1,69466.9,69561.4,288.2902
1773282600000,69560.7,69581.8,69309.1,69420.3,250.741
1773283500000,69420.7,69466.3,69180.9,69241.0,251.6454
1773284400000,69241.0,69375.0,69200.0,69325.9,124.5622
1773285300000,69326.1,69454.6,69322.9,69380.9,112.4509
1773286200000,69380.9,69576.8,69350.8,69515.4,168.4389
1773287100000,69515.4,69522.5,69240.5,69400.0,176.5332
1773288000000,69399.9,69632.4,69399.9,69546.0,149.1424
1773288900000,69546.0,69571.6,69415.0,69443.0,95.4049
1773289800000,69442.9,69455.0,69254.1,69342.9,145.4299
1773290700000,69342.7,69375.5,69271.0,69329.9,78.5077
1773291600000,69329.4,69436.0,69290.0,69307.6,106.056
1773292500000,69307.5,69366.4,69167.7,69222.8,181.6405
1773293400000,69222.8,69508.1,69218.2,69469.6,171.9436
1773294300000,69469.8,69486.2,69362.5,69432.6,114.7285
1773295200000,69432.4,69440.0,69321.5,69421.4,117.6374
1773296100000,69421.4,69523.0,69370.9,69503.4,110.2592
1773297000000,69503.4,69534.0,69364.6,69453.4,76.8214
1773297900000,69453.2,69486.5,69393.9,69462.0,52.5929
1773298800000,69465.6,69496.9,69380.0,69462.9,55.2083
1773299700000,69462.9,69588.0,69455.0,69570.0,158.0286
1773300600000,69570.2,69732.6,69560.3,69643.8,267.1915
1773301500000,69643.8,69816.7,69642.0,69784.2,173.8971
1773302400000,69784.0,69882.0,69676.2,69728.6,282.2369
1773303300000,69728.6,70078.4,69702.8,69766.4,394.8842
1773304200000,69766.6,69874.4,69663.7,69788.0,227.5452
1773305100000,69787.8,69872.8,69722.2,69871.0,133.8988
1773306000000,69871.1,69871.1,69647.7,69732.1,130.7844
1773306900000,69734.0,69746.0,69540.0,69650.5,273.1787
1773307800000,69650.5,70285.0,69650.5,70238.7,371.6441
1773308700000,70238.4,70364.4,69818.4,69916.6,437.7732
1773309600000,69916.8,70025.7,69815.9,69933.9,195.9753
1773310500000,69934.1,70177.5,69913.4,70113.3,176.9615
1773311400000,70113.5,70422.7,70104.6,70337.5,309.9925
1773312300000,70337.7,70481.0,70233.3,70375.4,318.4477
1773313200000,70375.4,70509.5,70327.7,70373.8,216.6973
1773314100000,70374.0,70598.0,70344.2,70511.6,286.3008
1773315000000,70511.6,70705.4,70437.2,70644.9,248.6051
1773315900000,70644.9,70756.4,70370.0,70390.3,299.4392
1773316800000,70386.2,70424.2,70240.6,70338.2,255.9335
1773317700000,70338.2,70446.0,70294.4,70384.3,155.7937
1773318600000,70384.3,70450.9,70250.2,70428.4,182.872
1773319500000,70428.2,70583.4,70303.0,70350.1,210.1412
1773320400000,70349.9,70495.0,70305.4,70376.6,101.4785
1773321300000,70376.8,70396.6,69962.1,70075.5,495.699
1773322200000,70074.3,70424.9,69902.0,70045.6,530.1076
1773323100000,70045.2,70116.0,69649.7,69937.0,888.1532
1773324000000,69936.8,70379.3,69924.2,70345.1,491.4922
1773324900000,70344.9,70623.1,69873.8,69907.9,736.3852
1773325800000,69907.5,69960.7,69336.4,69550.5,845.6466
1773326700000,69552.0,69731.7,69300.0,69548.8,518.2723
1773327600000,69548.8,69732.1,69430.9,69708.3,483.218
1773328500000,69708.5,70385.0,69657.5,70243.8,2219.8068
1773329400000,70243.8,70531.3,70097.4,70337.3,484.8474
1773330300000,70334.8,70463.0,70184.2,70287.0,263.954
1773331200000,70287.0,70460.2,69865.0,70086.5,433.1002
1773332100000,70086.5,70538.0,70005.0,70021.3,507.2056
1773333000000,70021.4,70423.2,69991.1,70334.3,238.0536
1773333900000,70334.3,70480.0,70189.2,70334.4,211.7545
1773334800000,70334.4,70506.6,70300.7,70388.5,179.0036
1773335700000,70388.6,70467.5,70160.8,70259.6,188.7143
1773336600000,70259.8,70406.6,70234.3,70330.5,105.5722
1773337500000,70330.7,70379.8,70019.0,70171.0,285.6737
1773338400000,70171.0,70264.9,70033.0,70164.5,133.0191
1773339300000,70164.5,70236.1,69833.5,69986.7,217.7341
1773340200000,69986.7,70066.2,69831.9,69893.3,109.095
1773341100000,69893.3,69910.1,69759.9,69783.8,142.1347
1773342000000,69783.8,69910.0,69735.0,69893.3,197.7311
1773342900000,69893.1,70189.9,69893.1,70172.8,263.6118
1773343800000,70172.8,70313.2,70163.0,70264.4,195.3161
1773344700000,70264.4,70513.9,70218.6,70392.7,231.4696
1773345600000,70391.3,70511.6,70307.6,70354.4,151.4702
1773346500000,70354.6,70395.6,70224.3,70268.8,96.3939
1773347400000,70267.0,70267.2,70087.6,70100.9,105.7075
1773348300000,70100.9,70207.6,70084.7,70128.2,76.3005
1773349200000,70128.0,70439.2,70128.0,70359.2,110.3338
1773350100000,70358.5,70379.0,70220.6,70254.9,38.2372
1773351000000,70254.9,70266.8,70150.1,70244.3,90.8981
1773351900000,70244.1,70351.4,70195.6,70250.1,44.4054
1773352800000,70250.1,70275.0,70135.0,70170.7,76.1342
1773353700000,70170.7,70250.0,70082.5,70147.3,80.9945
1773354600000,70147.5,70196.9,69995.4,70026.7,81.3354
1773355500000,70026.8,70140.0,69969.6,70135.7,65.5384
1773356400000,70135.7,70453.8,70121.9,70429.6,180.3577
1773357300000,70428.9,70700.0,70425.3,70499.7,321.9731
1773358200000,70499.9,70624.4,70427.6,70592.1,100.2554
1773359100000,70591.9,70621.1,70435.8,70482.4,131.9021
1773360000000,70480.5,71086.6,70346.0,71085.4,516.0066
1773360900000,71085.5,71722.5,71020.7,71448.6,968.1939
1773361800000,71448.4,71982.1,71448.4,71475.6,756.959
1773362700000,71475.1,71520.0,71203.5,71443.7,304.9072
1773363600000,71443.9,71665.0,71434.8,71558.3,254.9638
1773364500000,71558.5,71716.9,71436.0,71492.6,132.8627
1773365400000,71492.6,71677.5,71255.0,71572.0,201.5339
1773366300000,71572.2,71670.6,71521.1,71629.9,103.2924
1773367200000,71629.7,71680.0,71468.7,71522.4,92.6757
1773368100000,71522.2,71580.2,71400.0,71426.4,65.1011
1773369000000,71426.4,71457.7,71121.7,71139.5,265.708
1773369900000,71139.5,71251.3,71004.5,71115.3,204.7879
1773370800000,71115.3,71236.7,71064.8,71144.0,143.7956
1773371700000,71144.0,71267.6,71055.0,71067.3,140.3162
1773372600000,71067.4,71156.7,70923.2,71125.1,151.8952
1773373500000,71125.0,71481.3,71105.5,71369.5,213.6984
1773374400000,71369.7,71455.7,71311.7,71332.8,110.6737
1773375300000,71332.6,71333.7,71209.8,71283.1,96.8868
1773376200000,71283.1,71386.3,71232.8,71366.4,85.4361
1773377100000,71366.6,71405.6,71273.6,71352.5,65.2943
1773378000000,71352.5,71400.0,71203.4,71240.7,98.8483
1773378900000,71240.7,71415.9,71228.8,71380.0,103.8105
1773379800000,71379.9,71589.1,71379.9,71562.4,185.8908
1773380700000,71562.5,71600.0,71443.0,71516.3,156.2372
1773381600000,71516.3,71561.6,71417.2,71435.4,84.1864
1773382500000,71435.4,71470.8,71193.1,71206.1,192.256
1773383400000,71206.3,71305.0,71152.7,71228.3,199.5033
1773384300000,71228.4,71352.9,71162.5,71314.6,139.2468
1773385200000,71314.0,71473.2,71202.5,71395.0,164.9775
1773386100000,71395.0,71556.4,71370.1,71480.0,98.0971
1773387000000,71480.1,71550.5,71348.6,71545.7,218.8912
1773387900000,71545.7,71643.8,71492.0,71587.2,206.6789
1773388800000,71587.4,71619.8,71355.4,71438.6,161.3293
1773389700000,71438.8,71566.1,71401.8,71549.0,117.9999
1773390600000,71549.0,72125.5,71541.2,71900.0,911.2927
1773391500000,71896.0,71930.0,71694.6,71792.8,288.1322
1773392400000,71792.5,71945.1,71708.0,71722.7,345.4958
1773393300000,71723.7,71800.0,71553.7,71783.0,238.4514
1773394200000,71783.0,71905.1,71753.9,71833.5,189.2069
1773395100000,71833.3,72061.7,71810.5,71968.6,264.0188
1773396000000,71968.6,72235.2,71938.3,72228.0,392.6128
1773396900000,72228.3,72464.8,72220.1,72317.3,579.7427
1773397800000,72317.4,72538.1,72289.5,72462.4,375.4101
1773398700000,72462.6,72549.4,72326.2,72422.4,323.3625
1773399600000,72422.6,72495.1,72200.7,72260.6,358.0807
1773400500000,72260.4,72459.5,72259.6,72288.7,184.4947
1773401400000,72288.7,72330.0,72220.0,72274.1,134.6953
1773402300000,72274.6,72318.6,72170.2,72193.9,138.2942
1773403200000,72191.8,72410.1,72180.0,72378.7,142.5653
1773404100000,72378.7,72476.1,72294.3,72375.0,133.0605
1773405000000,72374.9,72602.0,72284.3,72309.9,263.1113
1773405900000,72310.0,72845.0,72300.2,72737.7,681.3166
1773406800000,72737.9,72875.0,72639.8,72755.1,519.6899
1773407700000,72754.9,73266.0,72671.6,72991.4,989.0759
1773408600000,72992.9,73290.8,72728.6,73238.2,691.0597
1773409500000,73238.1,73558.0,73202.2,73341.6,836.6976
1773410400000,73341.8,73555.0,73232.9,73467.0,406.5749
1773411300000,73467.0,73840.0,73302.8,73685.8,720.8527
1773412200000,73685.4,73865.8,72883.6,72895.9,850.6388
1773413100000,72896.2,72944.0,72333.0,72344.3,1109.0517
1773414000000,72349.2,72664.7,72163.8,72615.2,662.3596
1773414900000,72615.2,72793.7,72431.2,72439.4,334.4057
1773415800000,72441.9,72566.1,71855.0,71957.5,775.6286
1773416700000,71957.1,72219.0,71700.7,71796.5,621.5026
1773417600000,71796.5,71908.4,71548.3,71691.2,597.1685
1773418500000,71692.3,71733.8,71123.0,71356.2,759.3141
1773419400000,71356.2,71836.6,71347.2,71791.7,439.5786
1773420300000,71791.5,72063.2,71718.7,71842.8,410.125
1773421200000,71843.0,72098.3,71831.3,72072.5,246.7898
1773422100000,72072.4,72211.7,71561.2,71622.3,392.8171
1773423000000,71622.2,71652.3,71020.3,71152.7,401.8401
1773423900000,71159.9,71249.8,70871.0,70995.2,587.5622
1773424800000,70995.4,71184.1,70889.2,71173.4,324.7987
1773425700000,71173.4,71200.0,70804.5,71152.2,322.4381
1773426600000,71152.2,71315.4,71138.0,71195.0,204.4687
1773427500000,71195.2,71219.3,70964.3,71016.0,165.7885
1773428400000,71016.0,71240.0,70963.0,71183.1,154.7389
1773429300000,71183.1,71267.9,70977.9,71047.7,118.9007
1773430200000,71048.7,71168.2,71004.5,71102.3,116.0022
1773431100000,71102.8,71219.8,71050.9,71138.9,111.8312
1773432000000,71150.5,71320.8,71113.9,71309.3,137.7336
1773432900000,71309.3,71427.4,71222.3,71265.6,144.8745
1773433800000,71265.6,71308.1,71232.0,71276.5,41.6347
1773434700000,71276.7,71426.2,71229.0,71308.6,67.2992
1773435600000,71308.4,71452.7,71307.3,71370.4,112.5453
1773436500000,71370.2,71392.8,71096.5,71125.6,117.5395
1773437400000,71125.6,71267.4,71024.0,71080.4,80.5201
1773438300000,71080.4,71200.0,71059.6,71059.6,32.5251
1773439200000,71059.8,71151.4,70647.9,70812.9,358.8217
1773440100000,70812.9,70813.2,70611.5,70640.7,159.3795
1773441000000,70641.7,70744.1,70520.0,70687.7,153.2748
1773441900000,70687.5,70802.5,70637.9,70788.0,123.9235
1773442800000,70786.4,70794.7,70660.0,70780.7,102.3651
1773443700000,70780.6,70967.9,70761.6,70859.4,117.1204
1773444600000,70859.6,70934.6,70822.5,70906.2,52.3238
1773445500000,70906.2,70950.0,70866.5,70899.5,39.9996
1773446400000,70899.4,70899.5,70708.4,70855.6,97.284
1773447300000,70856.0,70920.3,70751.2,70873.3,83.2896
1773448200000,70873.3,70893.6,70524.7,70540.1,125.7597
1773449100000,70540.0,70686.4,70525.0,70601.9,119.318
1773450000000,70602.1,70739.7,70601.9,70658.1,66.8426
1773450900000,70658.1,70771.3,70657.9,70748.4,41.4133
1773451800000,70749.3,70794.0,70437.8,70779.6,211.3671
1773452700000,70779.6,70868.3,70774.5,70790.2,92.5635
1773453600000,70790.2,70864.0,70742.2,70814.7,72.1278
1773454500000,70814.7,70835.7,70718.9,70769.1,90.8978
1773455400000,70769.1,70810.1,70700.0,70733.3,78.7157
1773456300000,70733.1,70844.6,70698.8,70752.4,72.699
1773457200000,70752.5,70970.0,70752.3,70960.0,118.5299
1773458100000,70960.0,71081.3,70918.4,71003.2,144.1389
1773459000000,71003.2,71132.6,71003.0,71107.3,172.1612
1773459900000,71107.3,71112.5,71008.2,71038.1,63.9428
1773460800000,71038.1,71171.0,71019.0,71155.0,112.1979
1773461700000,71155.0,71171.0,71057.7,71156.2,75.9616
1773462600000,71156.4,71263.3,71086.0,71241.5,126.4214
1773463500000,71243.2,71264.0,70981.5,71001.9,161.5587
1773464400000,71001.7,71090.2,70944.7,71069.9,124.7366
1773465300000,71069.9,71116.7,71017.2,71076.4,61.5633
1773466200000,71076.2,71083.3,70876.7,70963.3,133.589
1773467100000,70963.1,71008.8,70936.6,70981.6,70.7865
1773468000000,70981.6,70981.8,70855.9,70881.7,111.9268
1773468900000,70881.7,70884.7,70651.1,70671.5,198.0465
1773469800000,70671.5,70720.2,70272.2,70424.4,436.8752
1773470700000,70424.4,70654.1,70384.8,70590.0,202.0998
1773471600000,70590.3,70689.3,70554.5,70669.2,192.2107
1773472500000,70669.2,70669.6,70515.7,70649.5,106.2866
1773473400000,70649.3,70696.7,70468.0,70505.5,380.2701
1773474300000,70505.5,70586.1,70445.2,70562.1,154.5352
1773475200000,70562.3,70664.4,70525.1,70662.4,70.0907
1773476100000,70662.2,70677.5,70551.0,70637.9,265.4125
1773477000000,70637.7,70646.3,70520.0,70520.0,82.3709
1773477900000,70520.2,70557.3,70498.0,70548.3,88.8337
1773478800000,70548.5,70668.0,70518.2,70661.3,125.3017
1773479700000,70661.5,70691.5,70586.1,70650.3,63.4102
1773480600000,70650.3,70676.8,70511.7,70582.1,154.228
1773481500000,70582.3,70582.9,70356.9,70473.1,238.9081
1773482400000,70473.3,70533.0,70435.1,70500.0,95.2745
1773483300000,70500.0,70504.5,70381.2,70429.9,142.0617
1773484200000,70430.0,70507.0,70344.5,70473.8,129.2689
1773485100000,70473.8,70535.5,70473.2,70526.6,93.7379
1773486000000,70526.6,70662.0,70518.0,70628.6,122.6513
1773486900000,70628.4,70679.6,70603.2,70633.5,68.144
1773487800000,70633.5,70693.8,70587.0,70662.0,87.3267
1773488700000,70661.8,70738.3,70654.2,70703.8,101.6529
1773489600000,70703.8,70799.5,70669.0,70711.2,116.8179
1773490500000,70711.2,70742.7,70665.7,70676.8,51.4728
1773491400000,70676.8,70700.0,70562.3,70601.0,164.8069
1773492300000,70601.0,70731.1,70600.8,70730.9,74.5681
1773493200000,70730.9,70735.0,70667.5,70720.2,60.0136
1773494100000,70719.8,70884.8,70719.2,70869.9,172.7173
1773495000000,70870.0,70875.2,70820.0,70828.7,49.4105
1773495900000,70828.7,70865.2,70750.0,70820.1,82.6244
1773496800000,70820.0,70905.9,70680.6,70700.6,139.0291
1773497700000,70700.6,70785.0,70657.6,70780.2,65.4652
1773498600000,70780.2,70801.1,70545.9,70567.5,93.9556
1773499500000,70567.3,70635.4,70539.0,70555.0,98.2632
1773500400000,70554.9,70687.4,70519.4,70615.8,89.8249
1773501300000,70615.6,70691.3,70587.1,70628.3,55.6154
1773502200000,70628.7,70628.7,70455.0,70504.5,145.3772
1773503100000,70504.4,70593.0,70488.1,70552.7,62.736
1773504000000,70552.4,70610.2,70454.6,70542.6,103.8723
1773504900000,70542.6,70625.0,70530.8,70620.7,43.43
1773505800000,70620.7,70657.6,70594.1,70614.7,54.6665
1773506700000,70614.7,70676.8,70555.3,70638.9,45.163
1773507600000,70637.5,70660.8,70596.2,70656.6,37.8895
1773508500000,70656.8,70700.0,70631.8,70698.0,37.7151
1773509400000,70698.0,70698.4,70597.4,70625.6,39.7774
1773510300000,70625.4,70630.0,70544.0,70584.8,62.0346
1773511200000,70584.8,70588.4,70526.0,70541.9,39.7443
1773512100000,70541.9,70598.9,70518.1,70578.1,32.0245
1773513000000,70577.9,70641.3,70577.9,70611.4,34.5223
1773513900000,70611.2,70655.0,70599.4,70623.1,62.8387
1773514800000,70622.9,70655.0,70557.8,70653.3,32.9198
1773515700000,70653.1,70671.8,70617.6,70633.3,41.1416
1773516600000,70633.2,70687.7,70601.8,70687.0,34.9602
1773517500000,70686.8,70700.7,70649.4,70664.4,23.1946
1773518400000,70664.6,70673.2,70606.9,70650.8,43.2549
1773519300000,70650.8,70721.4,70648.3,70696.5,43.5306
1773520200000,70696.7,70824.3,70684.0,70803.2,40.525
1773521100000,70803.4,70815.5,70750.0,70764.2,57.1524
1773522000000,70764.2,70764.2,70620.5,70620.7,46.051
1773522900000,70620.7,70681.5,70620.5,70651.7,25.1233
1773523800000,70651.5,70731.6,70639.1,70702.0,21.4889
1773524700000,70702.2,70790.0,70664.9,70765.8,33.4453
1773525600000,70765.6,70771.3,70672.5,70672.5,25.4737
1773526500000,70672.5,70733.1,70665.2,70698.8,27.9294
1773527400000,70699.0,70770.5,70695.3,70715.2,13.8226
1773528300000,70715.2,70717.0,70658.7,70675.3,16.9914
1773529200000,70675.3,71066.2,70673.5,70966.7,389.8521
1773530100000,70966.7,71021.7,70868.4,70991.2,75.0563
1773531000000,70991.4,71180.1,70984.4,71141.1,183.4187
1773531900000,71141.3,71218.4,71063.6,71172.9,126.3742
1773532800000,71173.1,71176.5,70988.9,71048.9,136.8538
1773533700000,71048.7,71181.3,70959.3,71031.3,98.88
1773534600000,71031.4,71082.3,70935.0,71034.8,78.357
1773535500000,71034.6,71044.4,70931.6,70948.6,72.1468
1773536400000,70948.6,70999.7,70856.0,70910.5,65.6883
1773537300000,70910.3,70970.0,70866.4,70899.9,56.541
1773538200000,70900.6,70915.0,70822.2,70893.4,54.8641
1773539100000,70893.4,71001.7,70853.6,70970.2,68.6103
1773540000000,70970.1,71355.0,70959.6,71264.8,277.0603
1773540900000,71264.6,71300.4,71154.9,71229.6,83.8349
1773541800000,71229.4,71384.2,71121.0,71384.2,94.0698
1773542700000,71381.2,71593.5,71326.6,71406.8,400.8358
1773543600000,71407.0,71493.9,71368.0,71408.3,133.7479
1773544500000,71408.5,71424.0,71291.0,71295.9,154.3019
1773545400000,71295.9,71399.2,71191.6,71290.3,158.9525
1773546300000,71290.5,71322.4,71241.1,71318.3,51.0473
1773547200000,71318.1,71588.7,71293.2,71551.6,158.3465
1773548100000,71551.8,71635.7,71458.4,71498.9,193.6472
1773549000000,71498.8,71550.6,71414.0,71544.7,72.8192
1773549900000,71545.1,71545.1,71454.3,71539.9,49.607
1773550800000,71539.9,71540.0,71431.6,71508.6,55.0094
1773551700000,71508.6,71752.1,71479.7,71599.2,335.5005
1773552600000,71599.0,71663.0,71540.0,71609.1,137.4392
1773553500000,71608.9,71621.2,71450.0,71453.9,157.8603
1773554400000,71453.9,71556.0,71444.0,71525.8,84.4427
1773555300000,71525.8,71550.0,71420.8,71431.6,78.4103
1773556200000,71431.6,71434.2,71356.5,71383.1,92.8026
1773557100000,71383.1,71448.1,71376.4,71419.8,52.6143
1773558000000,71420.0,71624.4,71390.0,71575.7,134.4917
1773558900000,71577.0,71635.1,71529.6,71529.6,120.3843
1773559800000,71529.6,71529.8,71408.5,71410.1,69.8651
1773560700000,71410.3,71439.5,71358.0,71423.8,122.615
1773561600000,71423.6,71603.2,71423.6,71559.4,79.6517
1773562500000,71559.4,71625.0,71514.0,71545.7,118.8605
1773563400000,71545.7,71547.8,71456.5,71538.8,40.668
1773564300000,71538.8,71685.2,71538.7,71681.3,102.8816
1773565200000,71681.3,71873.6,71677.5,71782.9,313.6894
1773566100000,71781.6,71900.0,71754.1,71810.7,189.9672
1773567000000,71810.5,71843.8,71699.8,71714.5,92.6823
1773567900000,71714.5,71802.7,71680.0,71751.8,80.8366
1773568800000,71752.0,71804.3,71680.0,71768.0,84.1456
1773569700000,71768.0,71879.2,71750.4,71821.3,110.9696
1773570600000,71821.3,71828.0,71746.4,71787.5,66.977
1773571500000,71787.5,71789.9,71739.0,71747.8,31.4725
1773572400000,71747.9,71759.2,71654.4,71668.8,100.5522
1773573300000,71668.8,71777.6,71628.2,71662.3,109.3879
1773574200000,71662.3,71727.1,71626.0,71715.8,83.0809
1773575100000,71715.8,71856.9,71696.0,71802.7,176.1162
1773576000000,71802.9,71803.7,71661.7,71672.3,82.648
1773576900000,71672.3,71738.0,71636.0,71675.4,125.9819
1773577800000,71675.4,71702.6,71537.1,71539.8,189.5828
1773578700000,71539.6,71635.0,71537.1,71577.5,95.5064
1773579600000,71577.7,71646.6,71225.5,71415.5,497.0424
1773580500000,71415.7,71504.4,71227.8,71491.7,258.4304
1773581400000,71491.6,71536.5,71258.0,71418.3,228.8361
1773582300000,71416.0,71582.0,71356.6,71570.9,127.6453
1773583200000,71571.1,71587.0,71496.1,71544.0,99.2329
1773584100000,71543.8,71544.0,71370.0,71421.3,160.4306
1773585000000,71421.3,71458.0,71309.3,71457.9,105.6137
1773585900000,71458.0,71590.1,71397.6,71586.7,106.0363
1773586800000,71586.8,71587.9,71464.6,71509.6,74.2842
1773587700000,71509.6,71578.1,71419.0,71438.5,72.6307
1773588600000,71438.3,71514.1,71376.0,71458.4,76.6686
1773589500000,71458.4,71484.4,71431.8,71446.9,26.9207
1773590400000,71447.1,71550.0,71411.8,71529.1,63.2848
1773591300000,71529.1,71533.7,71271.9,71360.0,131.9497
1773592200000,71360.1,71462.9,71291.2,71406.9,120.3209
1773593100000,71406.9,71436.4,71296.3,71402.5,50.8983
1773594000000,71402.5,71480.8,71372.7,71446.4,59.6077
1773594900000,71446.4,71502.5,71406.4,71474.0,192.2989
1773595800000,71474.0,71514.0,71441.5,71490.7,47.17
1773596700000,71490.6,71960.6,71488.5,71785.0,442.7381
1773597600000,71785.0,71855.1,71664.7,71684.4,172.1665
1773598500000,71684.4,71748.2,71655.0,71693.9,66.5101
1773599400000,71693.9,71797.2,71654.0,71655.7,75.827
1773600300000,71655.7,71673.7,71279.6,71347.3,492.899
1773601200000,71347.3,71489.3,71304.0,71442.5,109.7259
1773602100000,71442.5,71510.9,71381.8,71480.1,67.4783
1773603000000,71479.9,71543.6,71418.9,71450.5,38.9939
1773603900000,71450.5,71523.2,71417.5,71514.6,29.2167
1773604800000,71514.6,71527.5,71460.0,71495.3,48.2323
1773605700000,71495.3,71540.1,71391.9,71451.5,38.1309
1773606600000,71451.3,71896.7,71451.3,71807.8,213.8895
1773607500000,71807.8,71849.4,71683.9,71688.8,56.4396
1773608400000,71688.6,71727.1,71588.0,71606.5,73.0576
1773609300000,71606.7,71773.0,71593.5,71727.4,68.4968
1773610200000,71727.4,72182.2,71727.4,72074.6,481.1445
1773611100000,72074.4,72193.3,71974.6,72074.7,147.4981
1773612000000,72076.5,72278.3,71734.7,71766.5,391.2473
1773612900000,71766.7,71933.6,71681.1,71895.6,203.702
1773613800000,71895.6,72468.6,71895.4,72343.2,489.9006
1773614700000,72343.2,73100.0,72343.2,72715.7,687.1391
1773615600000,72715.7,73179.4,72703.7,72966.7,431.2761
1773616500000,72966.5,73098.2,72431.4,72451.0,465.1251
1773617400000,72451.2,72720.0,72367.3,72669.6,353.9456
1773618300000,72669.8,72800.0,72514.2,72776.2,233.6592
1773619200000,72776.4,72978.9,72675.4,72675.4,266.6124
1773620100000,72677.6,72839.9,72467.4,72481.3,213.422
1773621000000,72479.4,72653.6,72410.9,72484.6,91.3662
1773621900000,72484.6,72631.9,72479.8,72494.0,50.7687
1773622800000,72493.8,72586.8,72250.0,72285.4,191.3072
1773623700000,72285.4,72655.0,72285.4,72617.2,152.3501
1773624600000,72617.2,72628.1,72442.4,72559.5,116.2555
1773625500000,72560.0,72812.0,72549.5,72721.0,136.676
1773626400000,72721.2,72817.8,72630.0,72659.5,152.7818
1773627300000,72661.9,72706.0,72350.0,72419.1,201.8138
1773628200000,72419.0,72447.4,72334.3,72406.0,155.7058
1773629100000,72406.0,72560.0,72384.5,72480.3,204.0418
1773630000000,72480.2,72559.8,72395.7,72486.8,92.3162
1773630900000,72486.8,72852.4,72453.0,72819.9,313.6705
1773631800000,72819.9,74290.0,72819.9,73741.5,2105.5683
1773632700000,73741.4,73841.9,73511.6,73538.9,472.5129
1773633600000,73538.7,73770.0,73538.6,73652.4,310.1393
1773634500000,73655.5,74000.0,73552.0,73571.2,348.872
1773635400000,73571.4,73795.6,73554.3,73596.7,195.2146
1773636300000,73596.9,74429.1,73566.5,73801.4,816.7856
1773637200000,73801.6,74062.0,73703.7,73830.7,323.387
1773638100000,73830.8,73941.8,73752.2,73878.1,205.5272
1773639000000,73877.9,74064.9,73682.1,74014.4,183.5517
1773639900000,74014.6,74221.3,73961.7,74168.5,343.2536
1773640800000,74168.5,74199.8,73572.6,73674.5,312.5198
1773641700000,73674.5,73804.3,73655.0,73682.2,151.3712
1773642600000,73682.2,73827.4,73664.2,73789.5,92.5629
1773643500000,73789.5,73800.0,73680.0,73680.0,61.5491
1773644400000,73680.0,73888.6,73633.3,73819.0,113.9782
1773645300000,73816.6,73819.1,73665.0,73799.2,130.6915
1773646200000,73799.2,73822.1,73399.3,73449.5,268.9293
1773647100000,73449.5,73498.8,73358.5,73427.1,222.0398
1773648000000,73427.1,73743.8,73427.1,73479.7,189.4145
1773648900000,73479.7,73534.7,73326.6,73326.8,207.524
1773649800000,73326.8,73343.1,72854.2,72863.9,511.7531
1773650700000,72868.3,73160.0,72854.0,73101.8,367.3732
1773651600000,73101.8,73180.3,73027.5,73100.0,155.0982
1773652500000,73100.1,73243.0,73100.0,73237.1,100.7606
1773653400000,73237.3,73243.0,73144.7,73163.4,86.4875
1773654300000,73163.6,73300.0,73160.0,73227.3,101.8974
1773655200000,73227.3,73418.3,73227.3,73305.0,200.7814
1773656100000,73305.2,73472.5,73270.0,73406.9,111.3193
1773657000000,73406.9,73409.9,73165.8,73226.7,127.5389
1773657900000,73227.5,73749.5,73195.9,73749.3,348.261
1773658800000,73749.5,73793.5,73570.0,73572.3,321.7015
1773659700000,73572.3,73714.4,73500.0,73514.3,210.8119
1773660600000,73514.5,73624.1,73484.3,73577.9,111.8587
1773661500000,73578.0,73636.2,73488.1,73513.4,89.5221
1773662400000,73513.4,73750.0,73417.9,73554.3,239.8551
1773663300000,73554.3,73857.6,73444.2,73847.6,243.8717
1773664200000,73839.8,74000.0,73717.3,73769.1,482.7996
1773665100000,73769.1,73839.3,73657.5,73829.0,130.1309
1773666000000,73829.2,73980.0,73795.0,73929.9,193.0696
1773666900000,73930.0,73954.1,73745.8,73863.5,140.1022
1773667800000,73863.3,74480.7,73793.1,74043.3,1105.9487
1773668700000,74043.3,74365.2,73828.0,74076.5,680.1618
1773669600000,74076.5,74428.1,73921.2,74260.0,596.0223
1773670500000,74256.8,74341.5,73579.0,73579.0,445.2189
1773671400000,73579.1,73600.0,72955.3,73105.1,1141.701
1773672300000,73105.1,73548.2,72966.0,73523.3,372.8477
1773673200000,73523.3,73746.0,73281.3,73637.4,287.1498
1773674100000,73633.6,73865.7,73517.0,73795.8,301.8602
1773675000000,73795.6,73979.5,73449.7,73510.1,438.1367
1773675900000,73510.1,73574.8,73157.0,73237.7,286.6101
1773676800000,73237.7,73453.7,73117.9,73299.9,217.149
1773677700000,73300.0,73464.0,73294.5,73382.5,120.2061
1773678600000,73382.5,73643.3,73288.2,73629.6,154.379
1773679500000,73629.6,73875.0,73561.5,73722.8,243.9664
1773680400000,73722.8,73900.0,73653.7,73797.7,187.3041
1773681300000,73802.1,73850.0,73641.7,73652.1,89.876
1773682200000,73652.1,73934.0,73609.7,73859.1,141.8353
1773683100000,73858.9,74020.8,73723.9,73911.0,173.1039
1773684000000,73909.5,74300.0,73869.4,74174.5,332.6812
1773684900000,74174.5,74276.4,74071.0,74207.6,171.2575
1773685800000,74207.7,74326.8,73996.9,74172.6,206.8743
1773686700000,74172.8,74174.9,73828.5,73883.2,192.5473
1773687600000,73883.4,74389.0,73764.2,74135.6,386.0501
1773688500000,74135.6,74237.9,73928.6,74082.3,95.6918
1773689400000,74082.3,74225.6,74072.8,74114.0,54.63
1773690300000,74114.0,74125.6,73813.3,73928.5,244.9371
1773691200000,73932.7,73954.8,73824.0,73875.6,127.5761
1773692100000,73875.6,74035.5,73810.9,73951.1,69.2628
1773693000000,73951.2,74086.4,73951.1,74008.6,43.5123
1773693900000,74008.6,74210.7,74007.7,74198.3,82.2442
1773694800000,74196.3,74473.0,74105.9,74323.9,491.9733
1773695700000,74324.1,74440.8,74172.1,74239.9,396.1787
1773696600000,74239.7,74764.3,74220.5,74404.5,666.76
1773697500000,74404.5,74590.4,74334.4,74363.0,225.0793
1773698400000,74361.1,74880.0,74334.8,74839.3,419.9202
1773699300000,74839.3,74863.1,74542.1,74618.3,315.69
1773700200000,74618.3,74748.1,74578.0,74727.2,71.7613
1773701100000,74727.2,74832.1,74640.0,74723.1,304.4797
1773702000000,74723.3,74727.5,74208.2,74360.2,519.2168
1773702900000,74360.0,74580.0,74360.0,74574.9,177.0723
1773703800000,74568.6,74860.0,74558.0,74836.7,249.222
1773704700000,74836.5,74881.4,74633.0,74844.9,194.3397
1773705600000,74844.9,75441.7,74578.1,75378.2,1266.227
1773706500000,75378.2,75491.2,74794.1,75052.8,1073.266
1773707400000,75052.8,75204.4,74877.8,74962.2,379.2153
1773708300000,74962.4,75289.8,74867.2,75287.0,189.7974
1773709200000,75287.2,75952.9,75031.9,75805.7,950.7319
1773710100000,75807.6,75940.0,75580.0,75896.2,364.5453
1773711000000,75896.2,75993.3,75480.5,75636.3,401.6231
1773711900000,75636.5,75747.9,75408.8,75584.3,238.1204
1773712800000,75584.3,75643.4,75093.3,75211.9,379.295
1773713700000,75213.3,75252.5,75090.0,75120.0,123.4864
1773714600000,75119.9,75434.3,75079.0,75364.9,152.7395
1773715500000,75364.9,75388.9,75105.0,75164.6,88.4206
1773716400000,75164.4,75306.3,74910.1,74920.0,175.7287
1773717300000,74920.1,74971.3,74701.2,74800.0,256.2855
1773718200000,74800.1,74825.7,74313.1,74396.8,574.1399
1773719100000,74396.6,74479.0,74228.9,74432.6,340.9158
1773720000000,74432.8,74642.5,74396.7,74639.1,250.776
1773720900000,74639.1,74651.0,74261.0,74390.0,214.9847
1773721800000,74390.0,74469.3,73954.5,74027.2,493.0971
1773722700000,74026.7,74264.7,74017.5,74210.5,184.358
1773723600000,74210.5,74352.0,74060.0,74247.8,165.4922
1773724500000,74248.0,74388.5,74172.3,74373.0,158.2696
1773725400000,74373.0,74425.0,73899.0,73921.1,246.3819
1773726300000,73909.0,74075.5,73745.1,74000.0,299.0899
1773727200000,74000.0,74133.6,73848.2,74113.3,214.629
1773728100000,74113.3,74234.0,74050.0,74180.4,170.0532
1773729000000,74178.7,74240.0,73939.7,73971.6,139.6304
1773729900000,73971.4,74067.8,73913.6,74047.6,151.4676
1773730800000,74047.6,74315.5,74029.8,74290.8,171.3952
1773731700000,74290.8,74406.5,74275.1,74363.6,199.6358
1773732600000,74363.7,74374.7,74246.2,74361.2,100.5351
1773733500000,74361.2,74361.3,74192.7,74216.8,89.3234
1773734400000,74216.8,74425.4,74132.7,74188.7,144.9792
1773735300000,74188.7,74368.2,74066.6,74276.2,92.0561
1773736200000,74276.2,74399.6,74131.6,74358.9,85.2722
1773737100000,74358.7,74389.9,74110.0,74155.0,94.0163
1773738000000,74155.0,74234.0,73985.8,74013.3,146.2015
1773738900000,74013.4,74371.3,73958.0,74274.3,214.8059
1773739800000,74274.3,74288.1,74096.0,74150.2,91.3195
1773740700000,74150.2,74150.2,73805.0,73901.7,234.3448
1773741600000,73901.9,73929.9,73521.0,73651.8,354.9944
1773742500000,73651.6,73800.0,73545.7,73718.6,166.287
1773743400000,73718.4,73757.9,73561.7,73709.3,164.5511
1773744300000,73709.0,73748.1,73609.9,73698.4,161.2839
1773745200000,73700.0,73931.7,73645.6,73897.3,287.6087
1773746100000,73897.1,74042.6,73850.5,73974.7,147.3072
1773747000000,73974.6,74098.0,73905.9,74078.9,122.719
1773747900000,74079.1,74179.7,73974.8,73993.7,128.3378
1773748800000,73993.5,74143.5,73970.7,74022.3,144.5768
1773749700000,74022.1,74110.7,73738.4,73761.4,177.0028
1773750600000,73761.4,73883.9,73660.0,73806.2,167.2859
1773751500000,73805.3,73805.3,73634.7,73703.7,126.0046
1773752400000,73708.5,73802.0,73660.0,73801.9,85.618
1773753300000,73802.0,73849.2,73625.0,73673.4,120.2441
1773754200000,73673.6,74119.6,73656.3,73685.2,507.7453
1773755100000,73684.4,73840.9,73370.0,73580.4,476.3034
1773756000000,73581.4,73767.3,73388.8,73683.5,253.9221
1773756900000,73681.8,73900.9,73488.0,73853.6,184.3095
1773757800000,73853.6,74243.8,73853.4,74200.5,463.905
1773758700000,74200.5,74370.0,74065.3,74339.9,407.8699
1773759600000,74339.9,74848.0,74043.3,74072.9,939.0123
1773760500000,74073.1,74249.0,73944.2,74011.4,240.8318
1773761400000,74011.5,74113.2,73619.1,73861.7,331.894
1773762300000,73860.0,74024.6,73685.0,73880.7,178.8681
1773763200000,73880.7,74119.5,73824.7,73931.7,136.5264
1773764100000,73931.7,74312.0,73909.0,74162.7,210.77
1773765000000,74162.7,74200.6,73946.8,74095.9,183.777
1773765900000,74095.9,74220.7,73969.9,74119.9,136.9967
1773766800000,74120.0,74267.6,73964.0,74169.7,208.3463
1773767700000,74169.5,74404.9,74121.6,74249.3,286.6846
1773768600000,74249.1,74452.7,74180.0,74385.0,185.2409
1773769500000,74386.1,74562.6,74326.2,74486.3,275.9217
1773770400000,74486.3,74640.0,74407.7,74560.0,188.2517
1773771300000,74551.5,74618.3,74341.3,74377.7,204.5055
1773772200000,74377.9,74687.7,74372.0,74575.6,149.5093
1773773100000,74575.6,74731.1,74540.0,74641.1,97.6562
1773774000000,74641.3,74768.3,74594.4,74702.2,79.7591
1773774900000,74702.1,74767.1,74494.9,74587.8,115.5386
1773775800000,74587.8,74734.1,74481.6,74631.5,94.5169
1773776700000,74631.5,74655.4,74388.0,74468.4,172.0249
1773777600000,74468.1,74476.2,74331.7,74338.3,205.3987
1773778500000,74338.5,74683.5,74338.3,74620.4,169.2182
1773779400000,74620.2,74636.8,74462.2,74513.1,47.5634
1773780300000,74512.9,74546.0,74444.1,74474.6,38.3055
1773781200000,74474.8,74756.9,74422.7,74668.5,89.8193
1773782100000,74668.7,74689.1,74525.1,74525.1,95.7351
1773783000000,74525.1,74760.0,74460.1,74702.2,145.3574
1773783900000,74702.2,74751.7,74611.4,74651.0,48.7054
1773784800000,74651.2,74742.8,74525.3,74546.9,70.9762
1773785700000,74546.9,74558.7,74329.4,74329.5,72.7253
1773786600000,74329.3,74350.0,73888.0,74125.2,457.3934
1773787500000,74125.2,74317.1,74098.5,74268.6,94.1422
1773788400000,74268.6,74360.3,74178.5,74282.1,147.765
1773789300000,74282.3,74293.7,74049.6,74151.8,121.0554
1773790200000,74147.7,74147.7,73883.0,73906.0,135.1063
1773791100000,73901.4,74023.6,73828.8,73868.3,239.0349
1773792000000,73868.3,74031.5,73777.0,73951.8,308.4178
1773792900000,73951.8,73973.7,73622.1,73735.7,282.6021
1773793800000,73735.7,73762.9,73500.0,73685.5,191.481
1773794700000,73685.5,73834.6,73685.5,73822.2,235.4305
1773795600000,73822.2,73950.0,73780.0,73865.6,288.5433
1773796500000,73865.6,74008.9,73811.4,73971.6,83.1969
1773797400000,73971.6,74167.5,73969.8,74104.3,143.3246
1773798300000,74104.1,74170.6,73971.0,74034.4,93.2107
1773799200000,74034.4,74244.7,74008.7,74243.1,113.5883
1773800100000,74243.1,74258.0,74134.8,74184.3,69.0695
1773801000000,74184.3,74377.3,74153.5,74375.9,107.5434
1773801900000,74375.9,74434.0,74284.8,74300.0,107.3301
1773802800000,74300.0,74360.0,74209.4,74231.4,72.5353
1773803700000,74231.5,74580.0,74223.9,74488.4,189.9637
1773804600000,74488.3,74634.5,74405.1,74450.8,229.8317
1773805500000,74450.8,74484.4,74377.5,74415.2,109.0187
1773806400000,74415.2,74456.8,74357.7,74396.4,80.6614
1773807300000,74396.6,74398.7,74210.8,74222.4,147.2723
1773808200000,74222.4,74235.5,74133.2,74192.5,150.6816
1773809100000,74192.5,74228.8,74091.8,74140.0,106.9892
1773810000000,74142.2,74269.7,74129.1,74247.4,94.7847
1773810900000,74247.4,74272.2,74018.0,74032.0,98.125
1773811800000,74032.2,74119.5,73947.2,73960.0,113.1768
1773812700000,73960.2,74028.2,73801.4,73916.7,197.791
1773813600000,73916.6,74066.8,73904.0,74054.9,126.5224
1773814500000,74054.9,74193.3,74000.0,74142.4,120.1714
1773815400000,74142.6,74179.8,73970.4,74013.7,83.8507
1773816300000,74013.3,74070.2,73898.3,73913.1,63.659
1773817200000,73913.8,73960.0,73819.1,73944.9,102.5665
1773818100000,73944.7,73954.3,73766.8,73807.4,96.9938
1773819000000,73807.4,73807.4,73666.6,73683.3,199.4979
1773819900000,73683.3,73874.3,73656.9,73846.4,121.9131
1773820800000,73846.2,74000.7,73825.0,73976.3,144.2286
1773821700000,73976.3,74034.0,73929.8,74001.5,81.9608
1773822600000,74001.5,74053.6,73934.4,74043.9,85.8147
1773823500000,74043.7,74080.0,73976.3,73999.1,104.615
1773824400000,73999.1,74156.0,73995.3,74127.0,129.7383
1773825300000,74127.0,74187.1,74073.0,74116.6,104.886
1773826200000,74116.6,74247.4,74083.1,74204.0,100.0311
1773827100000,74204.0,74238.3,74070.0,74138.5,89.8201
1773828000000,74138.5,74225.0,74049.5,74206.1,101.7827
1773828900000,74205.9,74206.1,74120.0,74136.2,68.7626
1773829800000,74136.2,74168.6,73822.4,73841.1,198.5058
1773830700000,73841.0,73908.1,73763.0,73896.7,185.3195
1773831600000,73896.7,74032.4,73693.4,73911.8,208.4449
1773832500000,73911.8,73977.0,73528.8,73557.1,203.6948
1773833400000,73558.7,73566.9,72747.4,73060.1,1477.3405
1773834300000,73067.9,73104.0,72846.6,72907.7,342.0186
1773835200000,72907.7,72944.9,72634.5,72715.8,509.8301
1773836100000,72715.7,72857.0,72662.6,72782.5,303.8391
1773837000000,72782.5,72782.5,72274.1,72389.6,756.1754
1773837900000,72388.3,72456.1,72232.6,72324.1,404.9071
1773838800000,72324.3,72410.0,72081.9,72393.9,589.1252
1773839700000,72393.9,72503.0,72264.1,72440.7,260.912
1773840600000,72440.9,72530.0,72182.6,72291.2,422.9192
1773841500000,72291.2,72339.2,71937.0,72100.1,570.7813
1773842400000,72100.0,72193.8,71814.2,71841.3,494.2846
1773843300000,71841.3,71994.6,71592.1,71617.2,441.7318
1773844200000,71617.2,71826.8,71450.0,71462.2,546.4739
1773845100000,71462.2,71583.5,71040.0,71157.1,731.9579
1773846000000,71155.2,71424.5,70821.0,71035.9,1200.4478
1773846900000,71035.9,71300.0,70981.7,71262.1,452.9283
1773847800000,71262.1,71444.0,71181.9,71326.7,390.8845
1773848700000,71326.5,71492.0,71182.6,71438.3,265.356
1773849600000,71438.5,71535.1,71150.0,71214.5,347.4193
1773850500000,71214.8,71300.0,71062.8,71198.0,258.1083
1773851400000,71197.8,71264.9,71002.6,71253.3,230.1475
1773852300000,71253.1,71410.0,71224.9,71285.6,171.1339
1773853200000,71285.6,71350.0,71161.0,71251.4,130.2522
1773854100000,71258.9,71478.4,71170.6,71444.0,232.1532
1773855000000,71444.0,71684.7,71309.0,71553.9,283.4157
1773855900000,71553.7,71721.2,71530.0,71557.7,186.1355
1773856800000,71555.8,71949.7,71553.5,71838.1,405.4228
1773857700000,71838.9,71838.9,71524.0,71642.6,212.2235
1773858600000,71642.6,71811.1,71433.2,71575.9,219.6327
1773859500000,71576.4,71576.4,70907.2,71061.9,511.2209
1773860400000,71062.0,71381.9,71040.0,71300.1,256.0084
1773861300000,71300.1,71448.1,71158.6,71244.4,106.9349
1773862200000,71244.6,71319.1,70957.3,71028.8,156.5045
1773863100000,71028.6,71115.0,70889.2,71027.4,217.9252
1773864000000,71027.4,71027.4,70455.0,70714.2,785.7193
1773864900000,70714.0,70996.8,70675.0,70942.1,172.8988
1773865800000,70941.7,71266.2,70911.4,71131.0,185.0876
1773866700000,71130.8,71293.7,71092.0,71186.1,76.9085
1773867600000,71180.8,71376.5,71149.9,71245.1,90.4233
1773868500000,71245.0,71336.2,71199.7,71202.5,51.4198
1773869400000,71202.5,71373.7,71125.2,71291.9,71.6719
1773870300000,71291.7,71332.9,71222.1,71222.1,42.8639
1773871200000,71223.2,71232.9,70923.4,70965.0,160.9962
1773872100000,70964.8,71091.8,70929.0,71060.3,92.4496
1773873000000,71060.3,71088.8,70905.2,71027.1,77.8355
1773873900000,71026.9,71124.4,70985.2,71118.8,44.0265
1773874800000,71118.6,71223.8,71028.4,71125.4,83.3929
1773875700000,71125.4,71184.7,71041.1,71174.5,34.9184
1773876600000,71174.3,71316.6,71174.3,71250.1,70.1855
1773877500000,71250.0,71332.6,71177.6,71210.1,56.0944
1773878400000,71210.1,71271.8,71050.9,71151.3,154.8801
1773879300000,71151.3,71280.3,71059.8,71263.0,78.7991
1773880200000,71263.0,71268.0,71009.9,71031.1,69.5474
1773881100000,71031.1,71086.7,70941.4,70970.1,72.9737
1773882000000,70970.4,71076.8,70938.0,70972.7,72.7993
1773882900000,70972.7,71050.0,70924.6,71039.4,90.3129
1773883800000,71039.5,71130.7,70980.0,71106.6,68.8806
1773884700000,71106.8,71153.2,71049.1,71081.2,47.6629
1773885600000,71081.4,71181.0,70862.9,71147.7,125.2171
1773886500000,71147.7,71215.5,71101.4,71213.8,60.7764
1773887400000,71215.0,71225.0,71130.0,71178.0,60.2454
1773888300000,71178.2,71186.4,71002.2,71019.5,61.0803
1773889200000,71019.3,71201.8,71019.3,71154.8,68.533
1773890100000,71155.0,71580.4,71150.0,71461.6,381.6144
1773891000000,71461.8,71505.0,71200.8,71224.0,139.9295
1773891900000,71224.1,71299.0,71171.4,71178.9,106.4512
1773892800000,71178.9,71179.0,70707.8,70836.3,327.6022
1773893700000,70836.3,70908.7,70630.7,70702.8,266.6857
1773894600000,70702.8,70801.7,70615.0,70758.8,175.0739
1773895500000,70758.8,70849.4,70703.1,70791.9,122.9883
1773896400000,70791.9,70872.0,70721.3,70781.2,90.2337
1773897300000,70781.2,70875.0,70646.0,70661.1,76.8459
1773898200000,70661.3,70846.2,70628.8,70752.1,99.4879
1773899100000,70752.1,70825.3,70688.0,70794.9,86.2562
1773900000000,70794.7,70915.5,70692.0,70838.3,107.7274
1773900900000,70838.0,70905.0,70694.9,70694.9,74.7025
1773901800000,70695.1,70728.4,70531.2,70686.5,257.1907
1773902700000,70686.8,70702.9,70478.2,70550.5,187.2637
1773903600000,70550.7,70571.9,69940.3,69952.6,1064.034
1773904500000,69952.5,70027.4,69441.9,69777.9,1177.0852
1773905400000,69777.9,70203.0,69755.6,70045.3,466.8549
1773906300000,70049.4,70273.0,69964.9,70149.9,281.2221
1773907200000,70150.1,70260.0,70063.8,70133.9,151.8643
1773908100000,70134.1,70197.8,70024.5,70028.8,135.0768
1773909000000,70028.8,70132.6,69852.9,69985.8,465.5472
1773909900000,69985.8,70101.7,69904.0,69955.3,156.2434
1773910800000,69955.3,70149.8,69941.1,70010.6,137.4054
1773911700000,70002.7,70425.2,69961.3,70220.2,327.1556
1773912600000,70220.2,70429.4,70080.8,70412.8,339.3532
1773913500000,70412.8,70534.4,70376.5,70454.5,332.9524
1773914400000,70456.5,70490.0,70359.3,70381.0,237.3002
1773915300000,70381.0,70468.5,70337.5,70369.0,87.64
1773916200000,70369.2,70385.9,70146.2,70186.2,177.3976
1773917100000,70186.2,70240.0,70076.0,70096.2,153.0458
1773918000000,70096.4,70226.9,70034.2,70102.4,172.7301
1773918900000,70102.2,70204.5,70080.3,70163.9,143.8711
1773919800000,70163.7,70210.2,69962.2,69990.8,163.6384
1773920700000,69990.6,70029.8,69872.8,69922.5,219.4506
1773921600000,69922.5,69922.5,69590.0,69770.9,693.1529
1773922500000,69770.8,69781.7,69511.2,69578.4,266.6274
1773923400000,69578.6,69723.9,69512.0,69610.8,214.5643
1773924300000,69610.9,69637.8,69080.0,69262.5,890.0028
1773925200000,69262.9,69415.1,69044.4,69064.5,546.6716
1773926100000,69064.3,69488.9,69055.7,69311.0,378.369
1773927000000,69311.0,69790.0,69212.0,69680.2,509.41
1773927900000,69679.8,70053.5,69520.0,69873.1,517.1129
1773928800000,69872.9,70137.2,69475.6,69477.6,481.6154
1773929700000,69475.7,69527.0,69101.7,69133.9,502.8317
1773930600000,69134.0,69335.4,69061.4,69259.5,434.1222
1773931500000,69259.5,69550.0,69163.7,69455.9,312.7392
1773932400000,69455.9,69889.3,69412.9,69669.8,380.5499
1773933300000,69669.8,69780.0,69166.6,69167.9,413.9959
1773934200000,69167.9,69354.8,68858.8,68866.7,709.8723
1773935100000,68867.6,69527.4,68754.7,69375.5,755.4305
1773936000000,69375.5,69508.0,69172.0,69310.8,283.6627
1773936900000,69310.8,69571.5,69141.9,69494.4,322.4537
1773937800000,69494.1,69612.1,69219.4,69482.4,292.7567
1773938700000,69482.3,69507.8,69259.8,69424.5,148.6862
1773939600000,69424.7,69459.2,69090.2,69195.4,283.4709
1773940500000,69194.1,69702.8,69152.1,69628.0,328.8953
1773941400000,69628.0,69736.4,69465.4,69549.6,159.9257
1773942300000,69549.6,69911.6,69511.4,69819.9,211.3901
1773943200000,69820.1,69899.9,69694.8,69798.4,243.9477
1773944100000,69798.2,69882.1,69606.3,69624.4,100.8912
1773945000000,69624.3,69732.5,69563.1,69682.6,106.1256
1773945900000,69682.6,69822.3,69542.3,69787.2,85.8753
1773946800000,69787.0,70508.8,69767.4,70327.3,726.1925
1773947700000,70323.1,70558.0,70201.8,70246.2,301.7653
1773948600000,70251.1,70460.6,70128.0,70408.8,166.6478
1773949500000,70408.8,70411.0,70150.0,70234.8,101.8276
1773950400000,70233.7,70292.5,70161.3,70254.1,70.8941
1773951300000,70253.9,70444.4,70253.9,70301.7,72.7784
1773952200000,70301.9,70641.3,70280.0,70472.2,158.394
1773953100000,70472.2,70497.1,70391.5,70447.1,68.0302
1773954000000,70447.3,70660.5,70420.6,70651.4,85.0316
1773954900000,70651.4,70651.6,70472.0,70511.8,77.0765
1773955800000,70511.8,70551.7,70395.8,70422.3,62.5134
1773956700000,70422.3,70510.0,70336.9,70372.3,88.7663
1773957600000,70372.3,70472.0,70261.4,70407.8,113.3175
1773958500000,70408.0,70414.0,70321.9,70341.7,35.9135
1773959400000,70341.5,70343.4,69916.6,70036.6,254.9058
1773960300000,70036.8,70154.7,69959.8,70154.7,102.7341
1773961200000,70154.7,70255.7,70148.4,70162.7,73.4188
1773962100000,70163.8,70165.2,69935.2,70112.0,117.4445
1773963000000,70112.0,70154.7,69680.7,69815.1,259.0078
1773963900000,69815.1,69947.4,69774.2,69884.7,83.363
1773964800000,69884.9,70093.8,69800.9,70050.0,99.5473
1773965700000,70050.0,70144.9,69904.0,70072.9,133.6998
1773966600000,70073.1,70231.5,70022.0,70186.4,93.4931
1773967500000,70186.6,70279.1,70138.0,70162.9,65.3038
1773968400000,70162.9,70408.8,70150.2,70367.5,177.0109
1773969300000,70367.5,70419.4,70300.0,70358.5,71.2622
1773970200000,70358.5,70556.5,70358.3,70539.2,170.352
1773971100000,70539.2,70549.2,70343.6,70370.0,114.455
1773972000000,70370.0,70459.0,70260.7,70319.7,111.493
1773972900000,70319.9,70319.9,70140.0,70211.7,171.1464
1773973800000,70211.3,70252.9,70029.0,70237.5,385.1572
1773974700000,70237.3,70490.0,70189.0,70376.6,300.5596
1773975600000,70376.5,70455.9,70347.5,70378.4,87.7017
1773976500000,70378.2,70634.4,70358.0,70633.8,117.0017
1773977400000,70634.0,70770.0,70539.0,70570.0,235.1011
1773978300000,70570.0,70748.7,70530.2,70695.3,134.147
1773979200000,70695.3,70930.1,70663.4,70886.6,275.3412
1773980100000,70886.6,70888.6,70776.9,70885.1,207.6615
1773981000000,70885.1,70889.7,70520.1,70568.5,194.1123
1773981900000,70568.9,70766.2,70538.9,70743.4,98.4489
1773982800000,70743.3,70817.6,70696.2,70810.4,99.7985
1773983700000,70810.4,70838.0,70575.1,70593.8,94.601
1773984600000,70594.3,70694.5,70531.6,70670.0,77.5341
1773985500000,70670.0,70685.3,70488.5,70568.5,95.2576
1773986400000,70567.4,70617.8,70460.1,70500.0,137.2652
1773987300000,70500.0,70511.9,70380.4,70441.8,131.9412
1773988200000,70448.4,70500.0,70315.1,70428.3,142.6177
1773989100000,70428.5,70508.0,70400.1,70463.8,83.5506
1773990000000,70464.8,70464.8,70177.3,70247.2,306.7877
1773990900000,70247.4,70520.7,70221.8,70420.6,154.676
1773991800000,70420.6,70825.9,70391.7,70824.1,199.3995
1773992700000,70824.1,70904.6,70785.0,70814.1,182.8385
1773993600000,70814.1,71336.0,70757.2,71241.1,699.1633
1773994500000,71241.1,71254.0,71116.2,71215.1,255.9846
1773995400000,71215.1,71215.1,71059.5,71074.1,143.255
1773996300000,71073.9,71124.3,70976.8,71004.9,123.0784
1773997200000,71004.9,71015.0,70806.0,70808.7,149.9583
1773998100000,70808.7,70825.4,70377.8,70474.0,473.3743
1773999000000,70474.0,70692.2,70452.9,70606.5,204.1173
1773999900000,70606.3,70606.3,70427.9,70548.7,127.3
1774000800000,70548.7,70568.0,70255.3,70332.0,233.044
1774001700000,70332.2,70413.0,70184.5,70295.3,206.8277
1774002600000,70295.3,70640.1,70272.6,70496.3,212.6847
1774003500000,70496.3,70620.0,70485.6,70580.6,84.0805
1774004400000,70580.4,70762.0,70530.4,70742.8,146.6057
1774005300000,70742.7,70749.0,70541.1,70672.6,99.8572
1774006200000,70672.6,70683.8,70271.2,70361.9,183.525
1774007100000,70361.9,70446.8,70267.8,70444.4,134.2095
1774008000000,70444.0,70647.9,70374.1,70538.9,172.5846
1774008900000,70538.9,70618.7,70382.2,70408.5,159.844
1774009800000,70408.7,70426.5,70207.8,70319.9,369.9096
1774010700000,70320.0,70340.5,70217.4,70307.1,148.409
1774011600000,70306.9,70414.3,70207.0,70288.8,149.1984
1774012500000,70289.0,70580.7,70282.8,70454.0,157.9772
1774013400000,70458.3,70479.8,69807.1,70295.1,918.4497
1774014300000,70295.3,70360.0,69757.4,69831.2,598.048
1774015200000,69831.2,70057.4,69642.9,69782.4,562.9498
1774016100000,69782.4,69956.6,69559.0,69913.7,450.3001
1774017000000,69913.3,70240.7,69911.9,69955.2,731.198
1774017900000,69956.0,70086.3,69618.4,69705.3,342.6677
1774018800000,69704.9,69846.3,69447.4,69737.5,420.0325
1774019700000,69737.5,69974.8,69554.7,69793.2,311.5137
1774020600000,69792.1,69965.4,69715.8,69879.2,216.8486
1774021500000,69879.0,69972.2,69741.9,69833.0,152.3303
1774022400000,69832.9,70058.5,69821.3,69957.7,244.5384
1774023300000,69957.5,70066.3,69856.0,69993.0,98.2722
1774024200000,69992.8,69999.9,69645.3,69733.2,173.6906
1774025100000,69737.6,69862.4,69574.0,69797.6,165.9958
1774026000000,69797.9,69934.0,69657.9,69775.7,144.4999
1774026900000,69775.7,69862.9,69603.7,69624.4,98.1102
1774027800000,69623.4,69665.8,69353.9,69539.1,262.3093
1774028700000,69538.9,69984.4,69533.6,69969.5,151.7703
1774029600000,69969.9,70046.5,69857.2,69938.9,158.3588
1774030500000,69938.9,69993.6,69614.0,69638.1,156.2796
1774031400000,69637.9,69762.9,69492.0,69663.4,175.4519
1774032300000,69663.4,69872.4,69646.7,69732.2,115.398
1774033200000,69733.6,69884.5,69662.8,69846.0,81.4377
1774034100000,69845.8,69944.5,69745.3,69842.7,125.0459
1774035000000,69842.7,69982.8,69633.2,69967.2,171.5796
1774035900000,69967.2,70156.0,69868.0,70143.9,223.958
1774036800000,70146.8,70222.0,70050.0,70169.7,140.5847
1774037700000,70169.5,70169.8,69908.6,69941.2,109.6744
1774038600000,69941.4,69957.2,69718.8,69890.3,207.6499
1774039500000,69890.1,70060.5,69868.7,70019.3,133.8601
1774040400000,70019.3,70120.0,69909.9,70099.2,49.5705
1774041300000,70099.0,70548.6,70050.0,70474.3,410.2391
1774042200000,70474.3,70677.8,70345.2,70371.5,228.9954
1774043100000,70371.4,70574.8,70368.2,70510.0,84.6904
1774044000000,70510.3,70887.7,70498.0,70775.2,455.3905
1774044900000,70774.3,70838.0,70651.9,70654.9,79.0281
1774045800000,70654.9,70738.6,70591.5,70665.3,66.624
1774046700000,70665.3,70804.0,70623.7,70736.1,64.2427
1774047600000,70735.9,70740.8,70466.9,70491.5,242.2106
1774048500000,70491.5,70529.0,70390.0,70448.5,70.799
1774049400000,70448.5,70513.8,70428.8,70503.6,136.5691
1774050300000,70503.4,70572.9,70435.5,70474.7,57.3845
1774051200000,70474.9,70566.7,70433.6,70557.2,150.9279
1774052100000,70557.7,70790.4,70542.2,70622.7,147.5711
1774053000000,70622.7,70650.0,70543.8,70564.9,39.0548
1774053900000,70564.9,70697.5,70530.5,70648.1,44.3766
1774054800000,70648.3,70731.0,70612.5,70641.7,69.6089
1774055700000,70641.9,70646.4,70539.8,70575.3,75.1288
1774056600000,70575.5,70617.4,70485.9,70489.6,49.3744
1774057500000,70489.8,70554.3,70440.0,70440.1,149.1587
1774058400000,70440.0,70480.9,70399.2,70459.9,58.4857
1774059300000,70460.1,70667.3,70459.9,70614.2,75.713
1774060200000,70614.4,70704.3,70544.3,70679.0,73.7426
1774061100000,70678.8,70755.1,70653.1,70704.7,163.0254
1774062000000,70704.9,70755.5,70633.8,70668.0,107.9344
1774062900000,70667.8,70693.5,70621.3,70673.6,33.2267
1774063800000,70673.4,70673.4,70595.3,70613.6,53.5172
1774064700000,70613.4,70674.6,70593.6,70638.3,36.582
1774065600000,70638.3,70754.3,70634.0,70718.7,80.4571
1774066500000,70718.9,70780.4,70686.0,70716.2,87.5657
1774067400000,70715.8,70715.8,70582.7,70602.0,56.0062
1774068300000,70602.0,70626.0,70584.3,70604.6,52.8914
1774069200000,70604.6,70671.1,70591.5,70614.9,159.177
1774070100000,70615.1,70758.6,70605.3,70738.4,329.3632
1774071000000,70738.4,70797.5,70680.0,70733.4,284.2264
1774071900000,70733.4,70739.2,70644.0,70670.7,37.9573
1774072800000,70670.7,70715.1,70659.3,70690.8,34.8694
1774073700000,70690.7,70781.9,70680.0,70767.8,187.1145
1774074600000,70767.8,70782.9,70710.0,70749.0,163.308
1774075500000,70749.2,70757.8,70715.1,70737.9,54.0623
1774076400000,70737.8,70751.0,70696.5,70704.8,48.6688
1774077300000,70704.8,70850.0,70703.1,70847.1,149.5086
1774078200000,70847.0,70862.4,70715.1,70716.4,110.5094
1774079100000,70716.4,70728.0,70637.5,70684.7,180.8789
1774080000000,70684.9,70720.5,70644.9,70664.0,39.6901
1774080900000,70664.0,70684.7,70478.0,70487.8,303.4099
1774081800000,70487.8,70605.6,70456.9,70575.1,86.5504
1774082700000,70575.3,70603.6,70529.9,70561.7,48.3744
1774083600000,70561.7,70712.7,70534.6,70688.1,128.5684
1774084500000,70687.9,70691.4,70552.5,70552.7,66.7071
1774085400000,70552.6,70664.6,70535.7,70602.7,54.3981
1774086300000,70602.7,70640.7,70599.4,70630.7,27.6674
1774087200000,70630.9,70660.0,70565.1,70599.1,38.8089
1774088100000,70599.1,70600.7,70528.0,70541.9,52.3101
1774089000000,70541.7,70597.4,70541.7,70554.4,35.1823
1774089900000,70554.5,70582.9,70530.0,70574.4,38.8785
1774090800000,70574.6,70577.8,70530.0,70530.0,37.7393
1774091700000,70530.0,70577.1,70528.0,70571.2,39.732
1774092600000,70571.4,70620.0,70536.7,70607.9,89.1802
1774093500000,70608.1,70617.8,70576.1,70617.8,29.5277
1774094400000,70617.6,70697.0,70600.0,70694.4,78.3862
1774095300000,70694.2,70765.3,70650.5,70739.5,86.2839
1774096200000,70739.5,70749.3,70668.3,70717.3,66.1923
1774097100000,70717.3,70725.9,70667.4,70677.4,117.9251
1774098000000,70677.2,70731.5,70660.9,70708.1,36.0985
1774098900000,70708.0,70777.0,70680.0,70700.1,84.1421
1774099800000,70700.1,70751.4,70680.0,70685.2,50.2741
1774100700000,70685.2,70726.8,70675.5,70697.8,35.3829
1774101600000,70697.8,71068.9,70697.6,70988.3,389.9484
1774102500000,70989.7,71034.1,70872.6,70889.9,251.6562
1774103400000,70889.9,70980.9,70885.0,70901.6,90.3439
1774104300000,70901.6,70902.1,70552.4,70591.0,442.8078
1774105200000,70591.0,70627.5,70535.1,70612.4,142.2321
1774106100000,70612.4,70647.6,70419.2,70638.7,237.991
1774107000000,70638.7,70725.0,70572.6,70593.7,139.5512
1774107900000,70593.7,70648.1,70593.1,70600.0,67.8128
1774108800000,70600.1,70620.6,70520.7,70527.2,55.9336
1774109700000,70527.2,70602.6,70300.0,70383.7,229.816
1774110600000,70383.7,70444.7,70295.3,70340.1,131.3406
1774111500000,70340.1,70400.0,70211.8,70271.1,178.3697
1774112400000,70271.1,70336.7,70175.0,70239.4,123.275
1774113300000,70239.4,70371.5,70214.7,70327.1,101.2321
1774114200000,70327.1,70394.0,70315.0,70361.5,63.2904
1774115100000,70361.5,70383.4,70235.9,70276.4,64.4256
1774116000000,70276.4,70347.9,70265.0,70340.7,42.0479
1774116900000,70340.0,70408.8,70308.0,70372.0,45.9527
1774117800000,70371.8,70497.0,70369.7,70445.3,80.4843
1774118700000,70445.3,70445.3,70342.2,70356.8,36.472
1774119600000,70356.8,70411.9,70354.8,70395.5,27.5917
1774120500000,70395.7,70418.8,70358.7,70384.7,39.6637
1774121400000,70382.4,70393.4,70283.5,70314.1,43.3823
1774122300000,70314.3,70363.5,70308.2,70361.6,25.8797
1774123200000,70361.6,70401.0,70325.6,70367.0,26.1502
1774124100000,70367.0,70442.7,70326.7,70418.6,38.9977
1774125000000,70419.2,70450.0,70401.2,70425.0,29.5628
1774125900000,70425.0,70470.7,70404.8,70427.2,72.3525
1774126800000,70427.2,70477.6,70316.2,70331.2,42.8568
1774127700000,70331.4,70379.8,70315.0,70320.6,26.81
1774128600000,70320.4,70360.1,70304.4,70309.7,26.0167
1774129500000,70309.9,70335.3,70225.2,70318.4,76.0263
1774130400000,70318.4,70350.0,70230.9,70280.2,41.1012
1774131300000,70280.2,70321.6,70244.1,70253.4,23.9736
1774132200000,70253.6,70345.8,70232.7,70270.0,89.8364
1774133100000,70269.8,70282.6,70236.4,70250.4,27.8778
1774134000000,70250.6,70259.9,70087.6,70117.5,158.6831
1774134900000,70117.5,70183.9,70083.1,70084.7,83.8063
1774135800000,70084.7,70167.3,70067.7,70130.2,73.2341
1774136700000,70130.2,70130.2,68528.1,68876.8,1731.0389
1774137600000,68876.9,68898.0,68200.0,68649.9,1041.7032
1774138500000,68649.9,69030.1,68620.2,68861.5,470.7648
1774139400000,68861.5,69118.2,68861.3,69028.9,295.1907
1774140300000,69028.7,69101.2,68745.2,68905.5,204.168
1774141200000,68905.5,69059.9,68807.0,68932.0,174.9411
1774142100000,68931.8,69050.0,68862.1,68990.7,137.5415
1774143000000,68990.9,69036.4,68730.0,68802.0,152.9641
1774143900000,68802.2,68948.0,68802.0,68925.7,68.4262
1774144800000,68925.7,69037.0,68903.5,69005.7,88.3893
1774145700000,69005.7,69375.7,68915.8,69304.1,208.1414
1774146600000,69308.5,69320.9,69161.6,69196.7,149.3817
1774147500000,69196.9,69323.0,69161.9,69236.6,87.2268
1774148400000,69236.4,69300.0,69086.4,69267.6,114.2862
1774149300000,69267.6,69491.9,69213.4,69397.4,154.8045
1774150200000,69397.6,69554.0,69280.0,69322.6,194.1295
1774151100000,69322.4,69328.7,69228.6,69305.4,93.8739
1774152000000,69305.4,69450.8,69280.0,69406.0,124.7661
1774152900000,69406.0,69480.0,69184.0,69229.3,125.6798
1774153800000,69229.5,69337.0,69172.0,69311.7,76.2332
1774154700000,69311.7,69369.7,69262.4,69309.4,63.8643
1774155600000,69309.4,69316.9,69170.3,69192.1,93.8088
1774156500000,69191.9,69237.0,69122.9,69135.9,105.7121
1774157400000,69136.1,69196.9,69105.2,69163.4,59.1999
1774158300000,69163.2,69225.0,69111.4,69113.7,79.7902
1774159200000,69113.9,69139.2,69035.0,69100.2,104.5573
1774160100000,69100.0,69203.4,69050.0,69203.4,110.3592
1774161000000,69203.4,69211.0,69134.6,69169.5,62.604
1774161900000,69169.5,69169.9,69117.6,69126.3,56.996
1774162800000,69126.5,69216.1,69079.5,69120.0,56.5019
1774163700000,69120.0,69168.6,69094.3,69143.4,60.7376
1774164600000,69143.4,69144.7,68887.1,68910.6,225.4801
1774165500000,68910.6,69060.0,68850.0,68884.0,115.3261
1774166400000,68884.0,68950.6,68674.9,68949.5,310.3261
1774167300000,68949.5,68951.7,68512.2,68585.5,393.9313
1774168200000,68585.3,68750.0,68528.4,68703.0,177.7372
1774169100000,68703.2,68791.4,68638.8,68762.0,135.0779
1774170000000,68762.0,68843.9,68714.9,68829.7,176.0804
1774170900000,68829.7,68854.0,68537.5,68610.1,175.4743
1774171800000,68610.3,68789.3,68601.4,68740.0,100.9345
1774172700000,68739.4,68811.1,68720.0,68779.9,131.18
1774173600000,68780.1,68822.3,68632.8,68705.3,79.6171
1774174500000,68705.3,68707.6,68614.1,68691.8,52.0582
1774175400000,68691.8,68731.4,68546.4,68579.0,208.3839
1774176300000,68579.0,68650.0,68550.0,68601.6,66.9472
1774177200000,68601.6,68651.9,68521.5,68616.0,120.2563
1774178100000,68616.0,68645.1,68345.0,68385.5,256.3005
1774179000000,68385.6,68478.7,68245.0,68368.0,276.4028
1774179900000,68367.8,68387.4,68100.0,68180.6,408.2232
1774180800000,68180.8,68316.3,68160.6,68276.5,279.7712
1774181700000,68276.3,68718.0,68270.4,68619.8,445.5949
1774182600000,68620.6,68635.5,68546.4,68565.8,157.519
1774183500000,68565.7,68657.5,68512.8,68620.1,86.8544
1774184400000,68620.0,68908.9,68620.0,68774.1,281.3603
1774185300000,68774.2,68832.6,68710.0,68767.2,91.109
1774186200000,68767.2,68810.6,68501.2,68595.6,177.5262
1774187100000,68595.6,68721.4,68552.5,68661.6,99.6115
1774188000000,68661.6,68777.2,68490.8,68743.8,189.4909
1774188900000,68743.8,68873.1,68688.7,68800.0,141.0282
1774189800000,68806.6,68878.5,68740.5,68802.9,82.7688
1774190700000,68802.4,68804.9,68605.6,68676.8,117.9943
1774191600000,68676.8,68908.1,68674.9,68867.3,197.7121
1774192500000,68867.3,68977.4,68767.9,68862.1,181.4365
1774193400000,68861.9,68876.0,68677.1,68771.1,97.6534
1774194300000,68770.9,68825.0,68714.8,68814.3,63.1295
1774195200000,68814.5,68854.2,68729.8,68754.6,95.3185
1774196100000,68754.8,68790.8,68648.6,68673.7,101.1982
1774197000000,68673.7,68743.4,68627.0,68696.7,73.8577
1774197900000,68696.5,68820.4,68696.5,68763.9,53.4369
1774198800000,68764.1,68822.1,68698.4,68787.8,47.3535
1774199700000,68787.6,68823.5,68725.2,68779.0,68.4141
1774200600000,68779.2,68800.0,68638.3,68641.3,83.56
1774201500000,68641.1,68709.0,68633.0,68634.6,64.4546
1774202400000,68634.8,68688.6,68555.0,68688.6,133.0177
1774203300000,68688.4,68700.3,68625.2,68661.0,75.5556
1774204200000,68661.0,68709.7,68316.5,68432.2,338.418
1774205100000,68432.2,68590.0,68400.0,68579.8,114.3739
1774206000000,68579.8,68593.7,68238.7,68295.9,129.3123
1774206900000,68295.7,68360.0,68242.4,68247.0,130.9967
1774207800000,68246.8,68383.7,68186.0,68353.1,217.9958
1774208700000,68353.1,68371.6,68090.2,68166.6,286.6159
1774209600000,68166.6,68325.8,68166.6,68295.7,109.6732
1774210500000,68295.5,68462.5,68236.8,68280.0,133.3989
1774211400000,68279.9,68337.0,68151.1,68327.2,92.0611
1774212300000,68327.4,68327.4,68033.1,68133.9,208.1377
1774213200000,68134.1,68191.9,67515.2,67734.2,897.7304
1774214100000,67739.0,67824.0,67303.1,67765.7,670.4968
1774215000000,67763.8,67948.8,67630.1,67834.4,296.6563
1774215900000,67834.4,67864.0,67719.7,67859.4,107.9134
1774216800000,67859.6,68098.1,67529.2,67870.5,334.9381
1774217700000,67870.5,68335.6,67820.7,68221.4,340.3633
1774218600000,68221.6,68303.1,68061.2,68100.0,162.999
1774219500000,68100.0,68365.5,68100.0,68303.7,79.7473
1774220400000,68303.7,68433.2,68161.4,68294.1,114.012
1774221300000,68293.8,68306.7,68066.2,68068.8,122.6584
1774222200000,68070.4,68143.7,67960.0,68092.3,117.7566
1774223100000,68092.1,68115.8,67803.8,67829.3,127.4788
1774224000000,67829.5,68090.3,67740.7,67923.0,193.6784
1774224900000,67923.0,68131.3,67763.9,67963.1,136.9446
1774225800000,67963.4,67972.2,67413.6,67658.4,345.7006
1774226700000,67658.5,67856.2,67589.0,67641.7,141.2445
1774227600000,67640.7,67912.8,67502.8,67810.4,164.8747
1774228500000,67810.4,68090.7,67810.4,68049.9,161.7103
1774229400000,68051.1,68125.0,67941.3,68015.6,69.0009
1774230300000,68016.0,68095.7,67868.7,67877.2,109.5044
1774231200000,67877.2,68050.3,67804.0,67820.8,101.0775
1774232100000,67820.4,68268.6,67762.9,68236.2,178.5203
1774233000000,68236.2,68365.7,68162.1,68201.8,148.0907
1774233900000,68201.9,68293.3,68134.1,68280.3,122.4242
1774234800000,68280.3,68557.9,68200.0,68201.2,355.6463
1774235700000,68201.3,68246.7,68134.4,68172.5,108.9462
1774236600000,68172.5,68197.7,68067.3,68173.2,100.211
1774237500000,68173.0,68199.4,68023.2,68046.9,110.4259
1774238400000,68046.7,68181.3,68022.0,68139.0,85.3679
1774239300000,68139.0,68198.2,68082.0,68196.8,70.9598
1774240200000,68196.6,68343.8,68187.8,68227.4,130.2129
1774241100000,68227.4,68519.0,68227.4,68508.2,144.2061
1774242000000,68508.0,68773.8,68508.0,68731.1,349.7695
1774242900000,68731.2,68847.4,68635.7,68656.9,154.7153
1774243800000,68656.9,68805.0,68550.1,68584.1,208.6671
1774244700000,68584.0,68876.8,68539.0,68867.3,251.7295
1774245600000,68867.1,68868.1,68529.7,68572.4,175.8332
1774246500000,68572.4,68662.1,68467.7,68540.7,151.7384
1774247400000,68540.8,68541.3,67668.2,67788.5,660.8893
1774248300000,67788.5,67920.5,67668.6,67846.9,385.7786
1774249200000,67846.9,67956.7,67477.0,67910.3,516.9266
1774250100000,67910.5,67968.5,67615.5,67775.8,237.4267
1774251000000,67775.7,68306.3,67750.0,68291.7,392.863
1774251900000,68291.5,68417.2,68252.6,68296.5,496.4267
1774252800000,68304.0,68651.0,68304.0,68619.6,278.3612
1774253700000,68622.7,68666.0,68411.6,68434.4,171.9561
1774254600000,68434.4,68613.8,68366.0,68507.7,293.1743
1774255500000,68507.6,68530.6,68299.1,68400.7,232.5296
1774256400000,68400.7,68442.1,68182.1,68249.0,183.5269
1774257300000,68249.0,68333.4,68115.3,68221.1,133.6483
1774258200000,68220.9,68221.1,67878.7,68114.2,326.3016
1774259100000,68114.0,68310.9,68107.7,68309.4,158.5835
1774260000000,68309.6,68688.0,68262.6,68568.6,250.2498
1774260900000,68568.4,68594.1,68374.4,68428.4,152.6098
1774261800000,68428.4,68455.4,68261.3,68387.2,111.2014
1774262700000,68387.4,68547.6,68335.0,68511.9,95.8427
1774263600000,68511.7,71466.6,68511.0,70910.4,3099.3851
1774264500000,70915.3,71223.0,70267.8,70674.8,1277.147
1774265400000,70674.8,71183.7,70361.3,70634.2,768.8783
1774266300000,70637.1,70668.5,70026.8,70097.1,641.8977
1774267200000,70097.3,70245.7,69643.7,69967.9,729.4628
1774268100000,69955.1,70477.9,69929.2,70310.4,425.3067
1774269000000,70310.4,70750.0,70133.1,70678.3,380.7775
1774269900000,70682.6,70844.3,70532.9,70707.9,385.0684
1774270800000,70708.0,70870.8,70560.8,70713.0,241.6109
1774271700000,70713.0,70875.0,70713.0,70784.0,218.0137
1774272600000,70784.2,71387.9,70625.2,71189.1,698.8001
1774273500000,71186.0,71551.4,70981.9,71449.6,719.3201
1774274400000,71450.0,71778.7,71351.5,71485.1,771.0765
1774275300000,71485.8,71696.5,71261.2,71315.2,363.7993
1774276200000,71313.7,71505.1,71180.2,71346.3,299.1449
1774277100000,71346.1,71474.2,71090.3,71414.9,288.6525
1774278000000,71414.9,71626.7,71325.2,71336.5,280.9906
1774278900000,71336.5,71366.6,70840.7,70863.9,354.812
1774279800000,70863.9,70929.1,70546.1,70632.0,377.56
1774280700000,70632.0,70835.0,70069.5,70098.6,886.9566
1774281600000,70098.6,70510.2,70098.6,70491.2,441.6816
1774282500000,70485.5,70528.7,70181.0,70187.0,234.8973
1774283400000,70186.6,70490.9,70118.1,70439.1,263.0453
1774284300000,70436.8,70738.0,70400.4,70540.2,295.1623
1774285200000,70540.2,70713.3,70441.2,70598.1,165.2785
1774286100000,70597.9,70628.9,70320.2,70505.0,168.3223
1774287000000,70505.0,71052.2,70487.3,70849.8,441.9376
1774287900000,70849.8,71091.0,70835.9,71050.0,135.0592
1774288800000,71050.0,71138.5,70878.8,70934.4,207.7689
1774289700000,70935.4,71013.8,70842.3,70851.3,108.5555
1774290600000,70851.3,71130.7,70851.1,71014.3,131.1438
1774291500000,71014.1,71167.5,70942.5,71049.0,284.0926
1774292400000,71049.0,71214.3,70854.6,70902.1,188.1674
1774293300000,70901.8,71050.0,70787.3,71000.7,91.5686
1774294200000,71000.7,71030.0,70818.0,70874.9,52.4693
1774295100000,70874.7,70963.8,70612.7,70641.1,138.3174
1774296000000,70641.1,70767.4,70532.4,70766.1,189.0183
1774296900000,70766.2,70798.1,70706.0,70769.6,44.651
1774297800000,70769.4,70955.0,70755.2,70909.2,78.5743
1774298700000,70907.1,70922.3,70832.0,70877.7,40.6617
1774299600000,70877.9,70950.0,70782.4,70788.9,45.9477
1774300500000,70789.1,70890.4,70788.9,70858.3,23.3622
1774301400000,70858.5,70967.0,70837.2,70901.8,50.861
1774302300000,70902.0,70948.8,70787.2,70813.0,51.1781
1774303200000,70813.0,70861.5,70523.8,70685.3,196.5234
1774304100000,70685.3,70693.3,70562.8,70598.1,54.3886
1774305000000,70598.1,70686.4,70473.7,70686.4,111.9515
1774305900000,70686.3,70768.1,70643.7,70743.6,97.0934
1774306800000,70743.8,70776.3,70512.9,70515.0,86.0228
1774307700000,70515.2,70676.2,70369.3,70676.2,133.5212
1774308600000,70677.5,70766.7,70576.8,70734.0,61.3639
1774309500000,70734.0,70963.5,70680.0,70864.5,130.9667
1774310400000,70864.5,71069.9,70742.8,70743.0,172.2996
1774311300000,70743.2,70797.1,70606.4,70682.5,148.6806
1774312200000,70682.5,70701.9,70382.8,70554.8,184.8804
1774313100000,70554.8,70783.6,70545.6,70647.7,90.341
1774314000000,70647.7,70680.0,70482.2,70529.1,75.9109
1774314900000,70529.1,70845.3,70466.4,70797.8,142.0105
1774315800000,70797.6,70830.7,70257.0,70358.4,582.9229
1774316700000,70358.4,70546.1,70316.4,70481.6,242.9512
1774317600000,70480.2,70661.1,70399.7,70427.7,136.0168
1774318500000,70427.7,70600.0,70370.5,70530.1,225.6634
1774319400000,70530.1,70600.0,70331.7,70499.1,162.1745
1774320300000,70499.3,70564.0,70398.7,70418.2,118.2549
1774321200000,70418.2,70519.8,70366.9,70473.3,61.5818
1774322100000,70473.1,70559.3,70444.8,70511.9,76.8734
1774323000000,70511.9,70529.1,70399.0,70456.1,50.9912
1774323900000,70456.4,70545.4,70416.2,70512.8,83.5388
1774324800000,70513.0,70716.0,70483.7,70608.1,161.0072
1774325700000,70608.1,70629.3,70496.4,70496.6,54.7859
1774326600000,70496.4,70496.6,70270.2,70307.4,161.9395
1774327500000,70307.6,70424.1,70216.3,70344.7,159.7124
1774328400000,70345.1,70350.5,70130.7,70144.1,217.5856
1774329300000,70143.4,70318.0,70087.0,70149.5,173.1109
1774330200000,70149.5,70349.1,70116.6,70294.7,159.34
1774331100000,70294.7,70338.2,70218.9,70250.9,96.2355
1774332000000,70250.9,70376.1,70219.6,70327.9,118.6413
1774332900000,70327.7,70423.4,70293.0,70347.8,125.7514
1774333800000,70347.6,70479.4,70347.6,70437.1,154.7707
1774334700000,70437.1,70548.4,70399.1,70506.8,113.0968
1774335600000,70506.6,70878.8,70447.5,70794.8,462.2102
1774336500000,70795.0,70986.4,70747.1,70892.9,587.1589
1774337400000,70893.1,70926.6,70787.8,70879.8,155.7402
1774338300000,70879.8,71379.3,70802.6,71261.6,530.334
1774339200000,71261.6,71315.7,71052.1,71103.5,212.5747
1774340100000,71103.7,71105.2,70829.9,70885.8,205.2132
1774341000000,70885.8,71045.2,70828.0,71045.1,148.3914
1774341900000,71045.0,71073.1,70855.1,70934.5,163.2428
1774342800000,70934.7,71006.8,70839.1,70841.8,97.9581
1774343700000,70841.8,71040.9,70810.7,70986.5,174.4236
1774344600000,70982.6,71218.4,70934.7,71213.9,110.2173
1774345500000,71213.7,71341.1,71123.9,71291.8,200.4214
1774346400000,71291.8,71300.4,71188.6,71229.2,150.1395
1774347300000,71229.1,71250.3,71078.0,71082.2,137.7898
1774348200000,71082.0,71248.6,71060.8,71215.6,90.3432
1774349100000,71215.8,71267.6,71116.7,71242.5,80.3723
1774350000000,71242.3,71243.6,70947.1,71085.4,195.1591
1774350900000,71084.0,71094.5,70919.9,71033.9,97.2784
1774351800000,71033.9,71295.7,71001.3,71206.7,126.5415
1774352700000,71206.9,71288.2,70990.9,71121.1,134.5911
1774353600000,71121.4,71152.0,70939.1,71035.3,109.8425
1774354500000,71035.3,71100.0,70963.7,71055.4,74.9397
1774355400000,71055.4,71055.4,70826.5,70864.8,169.9145
1774356300000,70864.8,71000.0,70839.8,70928.6,89.7081
1774357200000,70928.6,71031.2,70617.7,70794.5,347.3788
1774358100000,70794.4,70832.0,70533.0,70565.6,361.028
1774359000000,70569.9,70750.0,70235.0,70289.3,657.1408
1774359900000,70287.9,70406.8,69940.5,70069.5,961.1614
1774360800000,70069.5,70430.2,69720.0,69831.0,764.0443
1774361700000,69830.9,70057.6,69757.0,69969.1,380.724
1774362600000,69968.9,70106.3,69731.2,69816.9,361.7525
1774363500000,69817.5,70030.0,69464.2,69843.5,895.9019
1774364400000,69844.8,70029.2,69817.5,69926.0,312.0701
1774365300000,69927.3,70226.9,69881.4,69996.5,417.9531
1774366200000,69996.5,70138.8,69732.0,70019.9,304.174
1774367100000,70019.4,70165.8,69822.4,69833.9,196.729
1774368000000,69833.9,69911.6,69760.1,69880.7,186.3081
1774368900000,69881.6,69976.0,69637.5,69769.9,231.0582
1774369800000,69771.1,69815.3,69333.0,69537.1,537.5101
1774370700000,69537.1,69600.0,69379.8,69447.4,239.5868
1774371600000,69447.2,69487.3,69089.9,69204.8,643.9382
1774372500000,69204.6,69261.4,69070.7,69149.1,383.1734
1774373400000,69149.1,69302.3,68905.0,68909.7,467.4849
1774374300000,68909.6,69230.5,68901.3,69204.3,628.4615
1774375200000,69204.3,69352.4,69137.7,69331.1,326.5396
1774376100000,69331.1,69450.0,69240.3,69381.5,366.3081
1774377000000,69381.5,69717.0,69350.0,69491.0,423.0251
1774377900000,69491.0,69555.0,69383.6,69395.3,160.4792
1774378800000,69392.1,69610.0,69390.8,69606.0,143.7484
1774379700000,69605.8,69666.4,69484.8,69504.1,235.2347
1774380600000,69504.1,69504.1,69327.1,69408.1,117.7492
1774381500000,69408.1,69408.1,69233.4,69339.2,100.2579
1774382400000,69338.6,69388.2,69253.8,69381.4,97.1321
1774383300000,69381.6,70257.2,69341.0,69972.7,767.6053
1774384200000,69972.9,70168.5,69925.2,70023.1,375.6573
1774385100000,70023.1,70213.2,69873.5,70066.2,211.5168
1774386000000,70066.0,70190.0,69900.0,69960.0,102.9585
1774386900000,69961.7,70064.5,69873.5,70025.9,153.3316
1774387800000,70026.1,70380.0,69990.3,70243.0,309.8067
1774388700000,70245.0,70367.1,70170.7,70295.8,174.4214
1774389600000,70296.0,70554.8,70182.8,70503.2,528.1227
1774390500000,70502.0,70508.2,70157.8,70203.5,107.8827
1774391400000,70207.4,70288.4,70101.7,70252.2,179.6851
1774392300000,70252.2,70350.0,70208.1,70277.1,79.0677
1774393200000,70277.1,70547.7,70230.5,70499.6,191.3154
1774394100000,70499.4,70737.3,70434.6,70717.7,435.9797
1774395000000,70717.7,70805.0,70626.5,70626.5,283.7356
1774395900000,70626.5,70655.8,70500.0,70522.0,70.0017
1774396800000,70521.8,70738.1,70490.5,70691.6,179.9864
1774397700000,70691.8,70697.6,70533.1,70633.3,47.5241
1774398600000,70633.1,71014.2,70435.2,70891.4,317.0994
1774399500000,70891.2,70964.3,70751.9,70804.0,127.544
1774400400000,70804.0,70945.7,70670.0,70770.1,114.7629
1774401300000,70770.2,70816.8,70655.2,70732.3,117.4899
1774402200000,70732.5,70795.0,70595.8,70711.8,117.3819
1774403100000,70711.8,70794.2,70650.0,70650.0,57.871
1774404000000,70650.0,70670.2,70518.5,70573.4,134.227
1774404900000,70574.4,70634.9,70492.3,70564.2,79.3217
1774405800000,70560.1,70733.0,70479.6,70663.4,107.015
1774406700000,70663.6,70716.7,70460.4,70500.3,114.3018
1774407600000,70500.5,70546.4,70389.2,70468.4,121.199
1774408500000,70468.6,70520.0,70379.6,70501.3,124.5358
1774409400000,70501.3,70785.8,70464.2,70721.5,236.2103
1774410300000,70721.8,70779.6,70680.0,70688.6,68.6223
1774411200000,70688.6,70875.0,70661.0,70818.2,152.6307
1774412100000,70818.2,70922.0,70748.8,70840.6,102.0762
1774413000000,70840.6,70855.5,70707.6,70742.4,108.0514
1774413900000,70742.2,70957.3,70705.1,70936.5,228.6326
1774414800000,70936.5,71315.6,70900.0,71202.4,529.7532
1774415700000,71204.3,71225.6,71061.1,71166.7,163.5578
1774416600000,71166.7,71223.9,71072.2,71191.2,123.147
1774417500000,71191.2,71215.2,71040.6,71084.7,159.8168
1774418400000,71084.5,71130.0,70975.2,71046.3,144.4572
1774419300000,71046.3,71241.4,71046.1,71197.7,119.9029
1774420200000,71197.7,71218.8,71131.4,71156.0,85.5308
1774421100000,71156.5,71190.3,70950.0,70951.7,124.6205
1774422000000,70954.1,71114.0,70926.1,71106.6,138.2413
1774422900000,71106.6,71120.0,71008.5,71029.8,71.2516
1774423800000,71029.8,71232.0,71020.0,71022.7,149.9477
1774424700000,71023.2,71049.2,70849.0,70898.4,242.0091
1774425600000,70898.2,70980.4,70757.1,70774.1,202.9734
1774426500000,70773.9,71220.0,70773.9,71155.4,266.8408
1774427400000,71156.9,71478.7,71141.6,71440.4,563.9611
1774428300000,71440.6,71440.7,71178.1,71207.1,205.9736
1774429200000,71207.3,71336.1,71177.9,71289.9,130.6393
1774430100000,71289.9,71362.0,71128.4,71223.6,181.8293
1774431000000,71223.6,71288.6,71186.4,71224.7,75.8786
1774431900000,71224.9,71377.5,71051.6,71302.3,170.3111
1774432800000,71302.3,71415.3,71251.6,71384.8,171.7715
1774433700000,71385.0,71449.7,71330.8,71367.3,140.8741
1774434600000,71367.5,71400.0,71277.5,71399.8,151.2828
1774435500000,71399.6,71585.9,71393.1,71462.3,246.9952
1774436400000,71462.3,71569.4,71428.5,71562.0,125.7094
1774437300000,71561.8,71899.9,71561.8,71830.7,375.9733
1774438200000,71830.8,71988.7,71733.0,71769.8,702.6046
1774439100000,71769.8,71773.1,71484.8,71646.3,491.6079
1774440000000,71646.3,71814.5,71646.2,71715.8,153.5544
1774440900000,71715.6,71720.0,71084.7,71309.4,746.0326
1774441800000,71309.6,71445.0,71150.0,71327.9,415.853
1774442700000,71327.9,71926.0,71252.5,71685.2,447.0972
1774443600000,71683.0,71824.6,71600.1,71673.4,194.264
1774444500000,71673.2,71680.4,71543.1,71590.5,111.0609
1774445400000,71588.0,71920.0,71583.2,71694.5,730.3332
1774446300000,71694.7,71788.0,71470.6,71541.5,250.752
1774447200000,71541.5,71660.4,71268.3,71361.5,387.0464
1774448100000,71361.5,71503.3,71224.6,71332.1,254.7657
1774449000000,71332.8,71525.7,71269.0,71326.3,166.4166
1774449900000,71326.3,71414.5,71183.9,71197.2,132.5102
1774450800000,71199.8,71276.0,70710.0,70793.2,805.0482
1774451700000,70793.4,70994.1,70541.3,70985.6,788.2454
1774452600000,70986.3,71054.4,70779.3,70848.3,369.807
1774453500000,70851.6,70919.9,70737.5,70800.1,232.3935
1774454400000,70800.0,70957.7,70687.5,70841.4,357.2333
1774455300000,70841.4,71718.4,70800.0,71466.8,803.7641
1774456200000,71466.8,71602.5,71349.9,71433.8,381.8791
1774457100000,71433.6,71437.0,71210.5,71290.0,284.0266
1774458000000,71290.0,71361.9,71066.6,71120.5,146.6249
1774458900000,71120.3,71180.5,70919.2,71039.3,259.0965
1774459800000,71039.1,71043.8,70810.0,70883.6,190.5598
1774460700000,70883.4,70948.1,70687.0,70750.3,167.1681
1774461600000,70750.1,70914.0,70709.9,70896.4,236.4852
1774462500000,70896.2,71115.0,70893.6,70934.9,171.903
1774463400000,70935.1,70978.2,70758.2,70811.6,119.1463
1774464300000,70811.6,70945.7,70620.7,70786.3,193.809
1774465200000,70786.5,70980.3,70740.3,70820.0,142.1301
1774466100000,70820.0,70946.3,70791.2,70930.6,76.8546
1774467000000,70928.5,71060.9,70830.6,70910.0,89.1436
1774467900000,70910.0,70967.9,70741.7,70853.5,60.1439
1774468800000,70853.5,70874.2,70634.5,70711.6,138.5809
1774469700000,70711.6,70776.9,70605.7,70681.8,59.6087
1774470600000,70681.9,70916.7,70666.7,70916.7,70.8292
1774471500000,70916.7,71028.0,70858.4,70966.0,194.4806
1774472400000,70966.0,71143.1,70918.4,71133.2,111.5888
1774473300000,71133.2,71147.8,70912.5,70948.2,64.727
1774474200000,70948.2,71071.1,70920.9,71027.3,70.1071
1774475100000,71027.1,71077.1,70931.3,70999.4,35.9861
1774476000000,70999.4,71101.7,70927.2,70958.1,48.157
1774476900000,70958.1,71052.9,70902.2,71005.1,43.2003
1774477800000,71005.3,71538.8,70992.3,71344.6,228.171
1774478700000,71344.6,71426.1,71283.6,71334.0,80.8451
1774479600000,71334.0,71400.0,71284.0,71284.1,52.6436
1774480500000,71284.0,71400.0,71204.2,71331.0,83.4537
1774481400000,71331.0,71345.3,71164.6,71189.4,72.3477
1774482300000,71189.2,71350.0,71150.0,71302.6,153.0635
1774483200000,71302.6,71361.8,71162.0,71217.9,56.0436
1774484100000,71217.9,71349.7,71201.7,71265.2,67.6904
1774485000000,71265.0,71368.3,71250.0,71321.1,97.2448
1774485900000,71321.1,71411.1,71103.6,71268.6,112.648
1774486800000,71268.6,71345.0,71147.0,71235.1,73.2676
1774487700000,71235.1,71347.1,71126.0,71286.3,55.7906
1774488600000,71286.3,71327.3,71202.7,71219.5,52.4669
1774489500000,71219.3,71267.9,71161.0,71215.8,83.7991
1774490400000,71216.0,71260.1,71018.0,71060.0,111.822
1774491300000,71060.0,71060.0,70855.3,70870.4,220.9798
1774492200000,70870.4,70900.0,70647.8,70839.3,236.2329
1774493100000,70838.8,70892.3,70805.1,70857.3,110.8532
1774494000000,70857.2,70945.5,70700.0,70945.5,185.9239
1774494900000,70945.3,70945.5,70652.1,70682.4,123.6724
1774495800000,70682.4,70872.5,70682.4,70829.6,76.4325
1774496700000,70828.8,70880.8,70765.2,70871.6,63.1348
1774497600000,70877.5,70880.8,70695.0,70717.2,86.0472
1774498500000,70717.4,70840.0,70650.2,70838.8,90.6037
1774499400000,70839.0,70865.7,70794.3,70813.4,55.1922
1774500300000,70813.2,70853.5,70738.4,70738.4,76.9705
1774501200000,70738.4,70770.6,70440.3,70531.3,401.0387
1774502100000,70531.3,70610.4,70478.9,70551.0,176.9177
1774503000000,70551.1,70600.0,70252.3,70279.9,251.5448
1774503900000,70279.9,70346.2,69917.3,69988.5,721.6246
1774504800000,69988.6,70074.4,69828.7,70036.2,356.2097
1774505700000,70036.2,70111.1,69856.1,70028.1,256.7694
1774506600000,70027.9,70069.9,69951.2,69962.2,115.9998
1774507500000,69962.0,70122.0,69961.0,70059.7,112.6858
1774508400000,70059.7,70139.5,69983.0,70008.9,131.8157
1774509300000,70008.9,70065.6,69861.4,69934.1,143.3623
1774510200000,69934.3,70071.8,69750.0,70036.1,276.668
1774511100000,70036.1,70130.0,70014.4,70056.0,113.4871
1774512000000,70056.2,70094.9,69856.1,69889.9,182.9097
1774512900000,69890.0,69975.0,69788.5,69789.8,174.0017
1774513800000,69790.0,69914.3,69768.0,69906.8,133.234
1774514700000,69907.0,70015.4,69863.3,69989.2,234.0949
1774515600000,69989.0,70113.2,69900.0,70002.9,190.4128
1774516500000,70002.7,70010.0,69846.6,69988.1,401.0441
1774517400000,69988.0,69988.0,69406.6,69478.5,944.1051
1774518300000,69477.3,69598.0,69371.7,69545.0,298.2787
1774519200000,69545.2,69608.1,69466.8,69551.3,213.8708
1774520100000,69552.1,69678.6,69546.2,69621.2,130.8353
1774521000000,69620.9,69629.8,69470.4,69509.8,152.3146
1774521900000,69509.8,69537.6,69428.0,69484.2,127.5381
1774522800000,69484.4,69625.4,69390.3,69526.1,136.4782
1774523700000,69526.3,69548.2,69160.0,69283.9,353.3654
1774524600000,69284.0,69430.5,69279.0,69357.8,193.1946
1774525500000,69357.8,69401.2,69225.2,69237.6,177.4354
1774526400000,69238.4,69379.7,69184.9,69340.2,216.1907
1774527300000,69340.6,69401.9,69298.5,69387.3,153.8296
1774528200000,69387.3,69426.0,69208.2,69332.7,204.1465
1774529100000,69332.9,69431.6,69332.7,69400.1,108.4315
1774530000000,69400.1,69496.5,69376.9,69451.0,150.7971
1774530900000,69450.8,69494.5,69337.6,69364.0,146.0877
1774531800000,69364.0,69527.4,69185.6,69520.4,386.3162
1774532700000,69522.4,69841.0,69466.3,69609.3,691.7601
1774533600000,69611.7,69795.7,69484.0,69573.0,265.585
1774534500000,69573.0,69686.0,69369.2,69577.4,224.7198
1774535400000,69577.4,69746.9,69460.3,69478.9,178.9355
1774536300000,69478.7,69523.6,69204.8,69449.8,461.7914
1774537200000,69446.1,69466.8,68878.4,68917.7,544.6454
1774538100000,68916.7,69056.3,68584.4,68999.0,988.1018
1774539000000,69002.9,69042.0,68868.8,68961.6,246.9168
1774539900000,68962.2,69201.8,68950.2,69060.1,221.9488
1774540800000,69055.1,69055.3,68911.0,68998.3,222.709
1774541700000,68998.3,69035.7,68825.8,68857.4,308.8584
1774542600000,68857.4,68966.0,68793.9,68890.1,181.8426
1774543500000,68890.0,68959.0,68820.6,68903.2,101.9301
1774544400000,68903.0,69017.6,68865.6,68887.4,274.4815
1774545300000,68887.6,69060.0,68878.0,69060.0,57.9292
1774546200000,69060.0,69138.4,68900.2,68924.7,134.0276
1774547100000,68924.6,68972.4,68341.7,68455.7,679.6936
1774548000000,68455.9,68584.2,68278.7,68428.3,479.7359
1774548900000,68427.8,68462.1,68118.0,68171.8,418.6411
1774549800000,68171.8,68326.4,68147.6,68300.1,196.7286
1774550700000,68300.1,68461.8,68274.8,68459.0,170.4998
1774551600000,68458.9,68490.1,68354.5,68414.8,203.3696
1774552500000,68414.8,68554.6,68346.2,68403.5,180.3755
1774553400000,68403.6,68647.4,68326.8,68593.4,172.1902
1774554300000,68593.4,68650.0,68464.1,68502.7,180.7625
1774555200000,68502.8,69455.9,68408.6,69170.8,776.9819
1774556100000,69166.7,69331.5,69040.0,69144.1,525.7194
1774557000000,69144.1,69278.4,69050.0,69134.5,171.4581
1774557900000,69134.3,69175.9,68897.5,68972.9,204.5533
1774558800000,68972.9,68979.2,68844.4,68882.1,115.516
1774559700000,68882.1,69163.6,68850.3,69054.5,178.3567
1774560600000,69054.3,69119.0,68936.7,68994.4,216.5288
1774561500000,68994.2,69011.0,68870.0,68886.2,41.6362
1774562400000,68886.2,68999.6,68835.5,68929.0,65.3565
1774563300000,68929.2,68950.0,68577.2,68720.0,168.0398
1774564200000,68720.2,68799.3,68674.9,68768.7,61.2168
1774565100000,68768.9,68864.4,68739.9,68864.4,52.4037
1774566000000,68865.3,68966.9,68760.0,68788.9,132.0686
1774566900000,68788.9,68823.1,68606.3,68711.4,90.2938
1774567800000,68711.5,68759.5,68632.2,68723.7,56.7673
1774568700000,68723.9,68820.3,68705.1,68793.7,100.1871
1774569600000,68793.7,68949.2,68700.5,68902.3,106.2043
1774570500000,68902.2,68931.6,68700.0,68700.0,69.6443
1774571400000,68700.0,68755.5,68492.1,68683.0,144.7781
1774572300000,68682.9,68758.3,68564.7,68749.9,71.6642
1774573200000,68749.9,68849.5,68666.0,68834.2,157.7871
1774574100000,68834.4,68921.6,68800.0,68879.1,99.9877
1774575000000,68879.1,68914.2,68810.7,68871.6,40.67
1774575900000,68871.4,69035.2,68823.5,69019.9,95.5848
1774576800000,69020.0,69145.0,69001.1,69023.6,128.5926
1774577700000,69023.8,69023.8,68917.6,68994.0,70.2075
1774578600000,68994.2,69050.5,68827.8,68889.1,64.1931
1774579500000,68887.2,68949.5,68839.1,68872.2,50.65
1774580400000,68872.0,68892.9,68639.4,68718.8,152.1676
1774581300000,68718.8,68813.4,68686.2,68801.0,47.4328
1774582200000,68801.0,68891.0,68770.8,68831.2,48.8624
1774583100000,68828.6,68851.3,68724.2,68735.2,102.7874
1774584000000,68735.2,68763.4,68261.5,68373.1,653.6631
1774584900000,68374.1,68535.0,68350.0,68499.8,140.4109
1774585800000,68499.6,68593.1,68467.4,68546.8,78.1901
1774586700000,68546.8,68598.4,68528.9,68541.2,62.386
1774587600000,68541.2,68787.5,68514.5,68775.0,193.0201
1774588500000,68775.0,68841.7,68553.8,68570.2,181.6433
1774589400000,68570.0,68670.5,68476.3,68565.8,162.2083
1774590300000,68565.6,68619.1,68523.3,68592.2,46.2537
1774591200000,68592.2,68727.4,68532.4,68719.8,121.3444
1774592100000,68719.8,68814.8,68680.0,68755.8,91.5194
1774593000000,68756.0,68799.6,68700.0,68705.4,92.7767
1774593900000,68705.6,68705.6,68605.2,68624.7,68.3514
1774594800000,68624.9,68872.2,68570.0,68824.3,136.6925
1774595700000,68826.3,68928.2,68775.0,68889.5,169.4039
1774596600000,68889.7,68915.0,68503.6,68565.0,288.2806
1774597500000,68565.0,68603.8,68417.7,68494.1,274.7589
1774598400000,68494.0,68595.5,68415.3,68433.0,211.8561
1774599300000,68433.0,68475.4,68186.3,68201.3,356.2762
1774600200000,68201.1,68274.9,67572.1,67784.9,1189.895
1774601100000,67784.3,68018.5,67723.5,67877.6,406.9152
1774602000000,67876.8,67904.9,67501.1,67716.6,625.2844
1774602900000,67716.6,67917.1,67705.0,67901.0,261.032
1774603800000,67901.2,67901.8,67672.7,67687.9,342.7952
1774604700000,67687.7,67843.3,67634.1,67653.6,165.9385
1774605600000,67653.6,67735.4,67566.3,67629.5,174.798
1774606500000,67629.6,67742.8,67619.9,67729.8,156.1428
1774607400000,67729.8,67751.1,66756.8,66857.8,1714.8997
1774608300000,66856.0,66927.5,66263.9,66461.8,1149.7482
1774609200000,66461.8,66588.2,66192.8,66579.2,632.7885
1774610100000,66579.1,66700.0,66559.5,66676.8,345.9733
1774611000000,66679.6,66735.0,66608.9,66726.5,177.3111
1774611900000,66726.6,66815.0,66633.0,66663.3,207.684
1774612800000,66663.3,66745.0,66564.0,66602.4,165.8172
1774613700000,66602.4,66681.6,66480.4,66500.3,189.1376
1774614600000,66499.9,66606.4,66388.0,66581.9,285.7092
1774615500000,66582.9,66714.0,66441.1,66577.1,188.6687
1774616400000,66577.0,66690.0,66478.1,66498.8,126.1345
1774617300000,66498.8,66685.7,66450.0,66660.0,180.1685
1774618200000,66659.8,66690.0,66100.5,66464.9,778.3187
1774619100000,66465.1,66535.0,65980.9,66150.1,654.0564
1774620000000,66150.1,66370.5,66058.0,66316.5,381.2266
1774620900000,66315.7,66346.1,65682.8,65694.7,866.4998
1774621800000,65694.2,65945.3,65692.3,65869.0,545.2532
1774622700000,65870.8,66208.9,65742.0,66160.4,682.6278
1774623600000,66160.4,66261.7,66056.0,66206.6,401.0062
1774624500000,66206.6,66434.1,65932.0,66296.2,511.5899
1774625400000,66296.2,66609.9,66253.2,66368.8,600.0904
1774626300000,66368.7,66438.8,66071.4,66089.6,288.5004
1774627200000,66089.6,66089.9,65774.8,65946.8,756.9187
1774628100000,65944.8,66072.2,65778.4,65923.8,303.4673
1774629000000,65925.8,65999.7,65768.7,65991.0,268.1539
1774629900000,65988.6,66147.4,65815.6,65946.3,343.2778
1774630800000,65946.5,66247.0,65901.6,66178.1,280.8662
1774631700000,66178.1,66245.0,65828.7,65829.8,318.1042
1774632600000,65829.8,65901.0,65556.6,65590.0,533.3022
1774633500000,65590.0,65713.8,65559.9,65602.6,312.2934
1774634400000,65602.3,65766.7,65542.0,65589.1,242.2151
1774635300000,65589.2,65823.0,65516.4,65728.5,233.1182
1774636200000,65728.7,65840.0,65695.6,65770.5,140.0998
1774637100000,65770.5,65919.4,65757.6,65804.6,95.5567
1774638000000,65804.6,65823.3,65664.9,65747.5,114.946
1774638900000,65747.5,65913.0,65706.4,65894.8,113.5787
1774639800000,65894.8,66007.5,65834.7,65897.1,181.208
1774640700000,65897.1,66127.3,65840.1,66011.3,115.7883
1774641600000,66007.5,66129.0,65962.9,65966.1,189.3747
1774642500000,65966.1,66054.7,65791.9,65867.7,93.0364
1774643400000,65867.7,65924.9,65791.9,65864.0,105.1752
1774644300000,65863.8,66064.0,65850.0,65990.1,60.8504
1774645200000,65990.3,66154.9,65974.7,66120.4,58.2966
1774646100000,66120.6,66144.2,66073.2,66118.1,69.8421
1774647000000,66118.1,66145.7,66005.3,66090.4,60.1999
1774647900000,66090.6,66106.4,65997.7,66048.5,39.3474
1774648800000,66048.8,66059.7,65919.9,65976.4,60.8498
1774649700000,65976.2,65994.5,65907.3,65981.1,32.697
1774650600000,65981.1,66030.1,65879.0,66014.0,49.2845
1774651500000,66011.8,66046.6,65982.4,65988.9,57.2674
1774652400000,65988.9,66069.4,65934.2,66056.6,60.1323
1774653300000,66056.6,66190.0,66032.2,66151.0,64.0055
1774654200000,66154.4,66264.0,66124.1,66251.1,96.29
1774655100000,66250.9,66388.7,66250.7,66367.4,182.9734
1774656000000,66367.4,66445.0,66251.0,66269.2,186.5602
1774656900000,66269.4,66363.1,66269.2,66340.1,51.3077
1774657800000,66340.1,66487.3,66307.7,66449.9,148.9999
1774658700000,66449.9,66461.6,66375.0,66395.0,56.0401
1774659600000,66395.0,66395.5,66072.6,66119.1,131.258
1774660500000,66119.0,66251.5,66092.8,66184.5,68.2939
1774661400000,66184.5,66253.5,66013.8,66109.1,113.1149
1774662300000,66109.3,66158.5,66069.3,66143.2,39.9432
1774663200000,66143.2,66220.3,66119.7,66158.6,51.529
1774664100000,66158.6,66192.6,65989.7,66013.8,93.2199
1774665000000,66013.6,66039.8,65890.5,66002.6,98.4825
1774665900000,66002.6,66035.1,65931.8,66020.9,69.9999
1774666800000,66020.9,66119.1,65958.2,66095.1,84.0037
1774667700000,66095.1,66156.6,66094.4,66134.7,56.6677
1774668600000,66134.7,66209.6,66101.3,66199.0,81.217
1774669500000,66199.0,66209.0,66145.8,66196.3,60.7665
1774670400000,66196.5,66200.0,66069.8,66087.0,72.5694
1774671300000,66086.8,66261.3,66086.8,66238.0,83.2984
1774672200000,66238.0,66277.0,66206.9,66247.6,64.5783
1774673100000,66247.6,66269.1,66196.9,66248.4,37.9142
1774674000000,66248.6,66267.0,66170.0,66217.3,28.0337
1774674900000,66217.5,66350.0,66192.1,66308.1,81.247
1774675800000,66308.1,66338.7,66253.4,66295.7,53.3593
1774676700000,66295.8,66335.8,66282.8,66308.6,64.5159
1774677600000,66308.5,66371.1,66240.8,66321.7,260.2344
1774678500000,66321.7,66465.0,66314.8,66432.4,147.4896
1774679400000,66432.4,66446.4,66380.0,66393.4,56.8754
1774680300000,66393.6,66419.9,66320.0,66355.5,59.3887
1774681200000,66355.5,66427.8,66344.0,66403.1,57.4766
1774682100000,66403.3,66452.6,66395.9,66429.7,92.924
1774683000000,66429.5,66429.5,66357.2,66411.3,73.3966
1774683900000,66411.9,66544.0,66407.8,66528.1,150.3141
1774684800000,66528.1,66533.5,66440.0,66469.5,117.3872
1774685700000,66469.5,66528.9,66463.9,66516.8,40.0245
1774686600000,66516.6,66519.6,66389.2,66389.3,130.4368
1774687500000,66389.2,66431.3,66353.6,66375.8,81.5128
1774688400000,66375.6,66375.8,66275.7,66318.5,72.5599
1774689300000,66318.5,66371.2,66255.0,66320.1,91.0234
1774690200000,66320.3,66330.9,66223.0,66227.5,79.3466
1774691100000,66227.5,66288.2,66204.8,66272.5,158.6638
1774692000000,66272.7,66386.7,66254.2,66284.8,73.8858
1774692900000,66284.8,66333.6,66116.2,66134.4,168.9736
1774693800000,66134.2,66202.7,66089.4,66159.8,150.5247
1774694700000,66159.6,66202.7,66140.5,66187.9,82.3776
1774695600000,66187.7,66250.7,66163.5,66217.0,84.4625
1774696500000,66216.9,66286.9,66194.9,66285.8,52.0983
1774697400000,66285.6,66300.1,66263.6,66284.4,53.6532
1774698300000,66284.4,66329.4,66264.7,66289.8,67.3317
1774699200000,66289.6,66375.0,66195.7,66367.5,78.5818
1774700100000,66367.6,66488.4,66367.5,66409.4,321.3309
1774701000000,66409.6,66412.9,66255.9,66329.9,85.3872
1774701900000,66329.7,66447.1,66312.9,66417.5,78.0137
1774702800000,66417.5,66479.5,66389.8,66440.4,131.6292
1774703700000,66440.2,66463.3,66369.2,66430.0,60.8968
1774704600000,66429.9,67137.6,66419.2,66901.6,1191.5125
1774705500000,66901.4,66975.0,66727.0,66809.0,293.5588
1774706400000,66809.0,66886.1,66710.0,66750.7,300.4846
1774707300000,66750.5,66824.9,66684.8,66782.7,137.6683
1774708200000,66782.9,66915.3,66670.5,66856.5,136.409
1774709100000,66856.3,66936.8,66624.5,66712.8,175.541
1774710000000,66713.0,66868.4,66678.3,66847.5,135.4685
1774710900000,66847.3,67259.5,66822.5,66995.4,890.5487
1774711800000,66995.4,67116.1,66939.3,67017.9,120.4836
1774712700000,67017.9,67037.1,66901.0,66983.5,90.1476
1774713600000,66983.5,67065.9,66889.1,66998.3,103.8034
1774714500000,66998.5,67067.7,66996.2,67042.6,63.9064
1774715400000,67042.6,67042.6,66856.3,66869.0,115.2476
1774716300000,66869.0,66900.0,66817.9,66894.9,84.43
1774717200000,66895.0,66956.6,66844.8,66887.6,80.4715
1774718100000,66887.6,66887.8,66726.4,66740.8,134.2018
1774719000000,66740.8,66887.6,66666.0,66778.4,126.042
1774719900000,66778.5,66840.0,66729.7,66809.2,62.7923
1774720800000,66809.1,66902.2,66809.0,66899.9,90.9115
1774721700000,66899.9,66909.0,66834.5,66847.1,53.8231
1774722600000,66846.9,66920.5,66798.2,66916.3,39.503
1774723500000,66916.2,66917.9,66846.4,66875.7,64.3805
1774724400000,66875.8,66929.4,66762.7,66808.7,35.8078
1774725300000,66808.7,66840.0,66779.2,66827.6,18.7857
1774726200000,66827.8,66869.2,66800.0,66800.0,41.3208
1774727100000,66800.0,66877.4,66800.0,66877.2,31.0787
1774728000000,66877.4,66985.5,66876.6,66964.1,78.8119
1774728900000,66963.9,66974.6,66873.6,66884.8,34.8313
1774729800000,66885.0,66960.0,66843.7,66874.9,37.6407
1774730700000,66875.0,66950.0,66874.9,66885.0,25.74
1774731600000,66885.1,66891.9,66749.7,66797.3,49.6622
1774732500000,66797.3,66840.0,66772.1,66815.1,61.7
1774733400000,66814.9,66860.0,66771.4,66825.5,21.6709
1774734300000,66825.7,66826.1,66556.3,66645.3,167.6452
1774735200000,66645.0,66711.0,66564.4,66566.1,78.0142
1774736100000,66566.7,66753.8,66564.2,66742.6,59.7323
1774737000000,66750.0,66773.1,66663.2,66666.7,34.4592
1774737900000,66666.7,66740.1,66666.5,66724.1,31.0493
1774738800000,66723.9,66724.1,66251.7,66359.4,263.223
1774739700000,66358.8,66408.5,66244.0,66356.8,150.2476
1774740600000,66356.8,66461.9,66340.4,66358.3,74.2303
1774741500000,66358.1,66389.5,66279.0,66339.6,84.6664
1774742400000,66339.6,66441.6,66318.0,66379.3,61.0783
1774743300000,66379.1,66450.0,66246.1,66358.4,72.4693
1774744200000,66358.6,66434.4,66327.9,66363.5,71.6603
1774745100000,66363.5,66469.0,66356.5,66450.9,84.7678
1774746000000,66449.3,66568.7,66436.5,66520.0,104.0085
1774746900000,66520.0,66586.0,66483.8,66519.4,46.6522
1774747800000,66519.2,66523.0,66345.1,66440.9,124.8336
1774748700000,66440.9,66575.1,66384.7,66537.5,67.7956
1774749600000,66537.7,66617.9,66501.2,66606.2,72.3572
1774750500000,66606.0,66676.2,66545.1,66618.8,79.6056
1774751400000,66619.0,66709.0,66537.2,66678.3,130.57
1774752300000,66678.3,66817.3,66651.6,66776.9,153.3319
1774753200000,66776.9,66780.0,66726.1,66762.2,55.6292
1774754100000,66762.3,67100.0,66748.0,66942.7,326.1244
1774755000000,66942.7,67002.6,66869.7,66885.9,178.7767
1774755900000,66885.9,66915.0,66826.5,66875.4,100.7496
1774756800000,66875.4,66908.1,66814.9,66877.7,88.8124
1774757700000,66877.9,66877.9,66740.9,66784.2,68.3492
1774758600000,66784.0,66818.6,66744.2,66762.7,85.3479
1774759500000,66762.5,66766.5,66678.8,66701.4,53.3578
1774760400000,66701.2,66718.2,66635.6,66663.1,46.6104
1774761300000,66663.1,66719.9,66566.0,66601.8,112.445
1774762200000,66601.6,66650.2,66563.8,66636.6,26.66
1774763100000,66636.9,66798.9,66600.0,66741.0,75.3464
1774764000000,66741.0,66845.2,66741.0,66790.6,59.8779
1774764900000,66790.6,66837.5,66592.7,66661.3,90.159
1774765800000,66661.5,66691.1,66627.5,66641.6,43.4844
1774766700000,66641.6,66758.7,66620.0,66699.8,40.8986
1774767600000,66699.0,66699.0,66517.3,66568.9,99.3303
1774768500000,66568.8,66651.8,66546.9,66642.8,39.3794
1774769400000,66642.7,66683.4,66576.5,66604.8,57.1923
1774770300000,66604.6,66720.0,66568.1,66629.7,77.1635
1774771200000,66629.9,66716.0,66582.2,66615.5,97.4751
1774772100000,66615.5,66647.8,66555.2,66643.4,53.3619
