timestamp_ms,open,high,low,close,volume
1769589000000,2994.44,2995.75,2987.25,2993.3,5809.1
1769589900000,2993.31,2994.37,2987.09,2989.35,3820.38
1769590800000,2989.34,2992.21,2985.83,2988.84,2763.99
1769591700000,2988.85,2994.15,2985.4,2993.23,3440.25
1769592600000,2993.23,3011.85,2993.18,3008.7,9132.39
1769593500000,3008.59,3016.54,3006.37,3016.29,6451.38
1769594400000,3016.31,3030.0,3012.0,3029.7,16318.86
1769595300000,3029.7,3038.52,3018.45,3019.8,11428.57
1769596200000,3019.9,3026.45,3019.9,3025.08,3961.42
1769597100000,3025.07,3031.03,3023.84,3024.61,3398.85
1769598000000,3024.61,3025.86,3015.77,3016.78,5055.63
1769598900000,3016.78,3020.15,3013.74,3019.54,3075.92
1769599800000,3019.53,3026.24,3014.44,3025.82,3125.75
1769600700000,3025.82,3044.55,3024.55,3038.44,18916.78
1769601600000,3038.41,3039.26,3022.68,3025.89,10364.86
1769602500000,3025.87,3030.93,3022.66,3028.02,4401.6
1769603400000,3028.04,3033.63,3023.94,3028.45,3256.04
1769604300000,3028.43,3033.64,3022.42,3029.92,5998.68
1769605200000,3029.9,3038.5,3027.98,3035.02,4197.52
1769606100000,3034.99,3038.5,3029.93,3034.99,4571.49
1769607000000,3035.0,3043.6,3032.01,3040.41,4287.96
1769607900000,3040.4,3041.27,3030.9,3032.91,4403.03
1769608800000,3032.9,3033.28,3027.29,3028.99,3103.73
1769609700000,3028.98,3029.27,3016.41,3023.6,6724.21
1769610600000,3023.39,3033.23,3016.46,3019.45,9274.44
1769611500000,3019.47,3020.48,3005.84,3011.47,12001.06
1769612400000,3011.47,3019.85,2987.87,2989.18,14958.76
1769613300000,2989.18,3003.18,2981.47,2998.19,19974.59
1769614200000,2998.29,3010.2,2995.54,3008.86,7295.27
1769615100000,3008.89,3012.0,3000.66,3006.24,7278.7
1769616000000,3006.22,3006.8,2994.36,2995.98,4909.82
1769616900000,2995.97,3016.46,2994.86,3014.47,4911.36
1769617800000,3014.47,3016.91,2995.28,3000.14,5985.75
1769618700000,3000.24,3005.85,2997.0,2998.32,3199.47
1769619600000,2998.31,3007.14,2997.24,3004.95,2518.42
1769620500000,3004.95,3007.46,2999.41,3002.72,3306.27
1769621400000,3002.71,3017.82,2987.65,3011.74,11043.78
1769622300000,3011.74,3030.54,3011.63,3013.45,11614.04
1769623200000,3013.44,3018.0,2998.71,3016.97,12327.34
1769624100000,3016.99,3023.13,3009.31,3014.04,5118.66
1769625000000,3014.04,3016.75,3005.74,3009.28,3423.84
1769625900000,3009.11,3014.91,3003.89,3014.2,5177.27
1769626800000,3013.75,3023.32,2995.85,3009.01,16254.22
1769627700000,3008.99,3017.58,3005.73,3010.8,3834.49
1769628600000,3010.85,3016.53,2995.8,2998.8,9946.92
1769629500000,2999.1,3023.1,2998.29,3015.15,6402.37
1769630400000,3015.2,3025.79,3011.73,3020.77,5982.32
1769631300000,3020.78,3037.0,3013.25,3030.78,6605.38
1769632200000,3030.77,3032.34,3011.31,3012.67,10104.49
1769633100000,3012.5,3016.87,3006.84,3010.75,3764.51
1769634000000,3010.75,3016.15,2995.07,3014.9,10842.47
1769634900000,3014.9,3018.57,3011.99,3013.15,1925.14
1769635800000,3013.15,3022.28,3006.86,3018.86,2532.54
1769636700000,3018.86,3021.64,3015.01,3020.0,1564.86
1769637600000,3019.99,3026.57,3011.84,3012.04,3495.98
1769638500000,3012.03,3014.68,3007.05,3014.68,2583.46
1769639400000,3014.68,3015.36,3008.0,3009.53,1315.34
1769640300000,3009.53,3018.55,3009.52,3017.22,1024.9
1769641200000,3017.22,3021.66,3013.61,3013.67,1868.92
1769642100000,3013.69,3021.09,3010.08,3012.06,1426.44
1769643000000,3012.04,3013.5,3007.4,3012.09,1871.3
1769643900000,3012.1,3014.8,3006.56,3009.21,1815.58
1769644800000,3009.21,3012.01,3001.84,3002.05,2175.99
1769645700000,3002.08,3007.68,3000.24,3004.67,2095.87
1769646600000,3004.69,3007.92,2997.85,2998.21,2851.3
1769647500000,2998.21,3009.61,2995.45,3007.89,3090.42
1769648400000,3007.92,3010.25,3002.54,3005.39,1754.36
1769649300000,3005.48,3005.48,2985.36,2994.82,4354.34
1769650200000,2994.77,2999.42,2991.65,2998.9,3416.14
1769651100000,2998.86,3001.52,2986.57,2991.26,4115.1
1769652000000,2991.25,2997.47,2989.19,2993.42,2536.67
1769652900000,2993.44,2997.96,2988.33,2994.99,2484.55
1769653800000,2994.95,2995.6,2962.36,2964.8,22551.45
1769654700000,2964.81,2966.0,2943.26,2957.89,21271.43
1769655600000,2957.89,2970.81,2951.32,2965.47,10148.71
1769656500000,2965.49,2967.8,2952.68,2953.01,5362.52
1769657400000,2952.93,2956.87,2947.14,2956.55,5208.87
1769658300000,2956.87,2958.0,2946.03,2951.24,5411.78
1769659200000,2951.24,2952.87,2944.43,2947.56,3669.48
1769660100000,2947.56,2951.68,2936.23,2945.35,11176.09
1769661000000,2945.35,2954.41,2945.35,2952.85,4056.77
1769661900000,2952.86,2959.05,2952.67,2958.03,3597.54
1769662800000,2958.03,2964.4,2956.17,2959.11,4872.49
1769663700000,2959.11,2960.61,2955.63,2956.11,1564.12
1769664600000,2956.11,2961.22,2954.28,2955.49,2145.42
1769665500000,2955.48,2956.01,2946.56,2949.95,4066.23
1769666400000,2949.95,2956.28,2948.73,2953.34,2654.07
1769667300000,2953.34,2956.77,2949.4,2955.65,2816.17
1769668200000,2955.65,2958.23,2951.43,2955.26,2099.24
1769669100000,2955.27,2955.83,2950.97,2954.8,1381.07
1769670000000,2954.8,2958.4,2954.11,2955.85,1373.2
1769670900000,2955.84,2958.7,2954.14,2955.22,2256.4
1769671800000,2955.23,2960.0,2954.9,2959.07,1271.32
1769672700000,2959.08,2963.2,2958.16,2959.99,3155.49
1769673600000,2959.99,2959.99,2943.77,2946.29,7424.62
1769674500000,2946.29,2968.65,2941.88,2966.78,8367.23
1769675400000,2966.81,2967.38,2950.17,2953.74,6434.39
1769676300000,2953.73,2956.71,2947.3,2951.28,3392.8
1769677200000,2951.28,2953.94,2945.4,2945.52,3072.83
1769678100000,2945.52,2949.47,2945.1,2948.42,2019.28
1769679000000,2948.41,2950.31,2945.16,2948.49,2271.73
1769679900000,2948.51,2948.94,2941.04,2941.05,2746.93
1769680800000,2941.18,2945.58,2940.15,2942.81,3160.35
1769681700000,2942.79,2948.14,2942.79,2946.7,2105.13
1769682600000,2946.72,2947.61,2944.12,2945.45,3117.4
1769683500000,2945.45,2948.1,2941.27,2943.55,2760.36
1769684400000,2943.55,2944.24,2926.64,2939.51,14267.38
1769685300000,2939.5,2939.72,2922.26,2923.32,15183.95
1769686200000,2923.33,2929.18,2922.47,2926.91,6336.1
1769687100000,2926.89,2932.97,2925.1,2928.2,4378.63
1769688000000,2928.2,2932.89,2928.0,2931.3,2898.42
1769688900000,2931.3,2932.73,2928.18,2929.79,2986.58
1769689800000,2929.78,2936.72,2924.35,2930.88,4350.75
1769690700000,2930.94,2935.83,2930.35,2935.13,1644.06
1769691600000,2935.13,2937.89,2932.39,2933.67,3494.45
1769692500000,2933.73,2937.1,2932.4,2937.1,2660.66
1769693400000,2936.27,2937.1,2934.48,2935.01,1723.74
1769694300000,2935.01,2936.01,2930.12,2934.73,1801.68
1769695200000,2934.83,2935.66,2930.12,2931.01,3875.49
1769696100000,2931.01,2933.06,2916.13,2917.1,8355.49
1769697000000,2917.06,2922.97,2904.52,2908.18,30058.06
1769697900000,2908.18,2913.11,2874.18,2874.66,31319.18
1769698800000,2874.92,2875.92,2810.39,2811.06,79796.43
1769699700000,2811.68,2839.98,2803.79,2834.32,50511.05
1769700600000,2834.3,2841.78,2794.78,2800.49,35731.88
1769701500000,2800.47,2832.37,2799.46,2822.73,28371.83
1769702400000,2822.82,2824.87,2800.32,2817.31,21902.11
1769703300000,2817.31,2824.41,2806.47,2810.35,13622.67
1769704200000,2810.25,2819.0,2808.08,2810.99,12427.43
1769705100000,2810.99,2835.48,2808.88,2833.78,14777.2
1769706000000,2833.93,2847.2,2832.87,2839.98,19649.64
1769706900000,2839.97,2859.72,2835.68,2838.91,17384.29
1769707800000,2838.91,2846.53,2826.49,2832.03,8849.43
1769708700000,2832.03,2833.38,2817.41,2823.03,14284.25
1769709600000,2823.04,2833.67,2821.42,2826.09,7881.41
1769710500000,2826.08,2827.24,2800.31,2801.6,20276.02
1769711400000,2801.65,2811.19,2771.83,2802.5,45084.89
1769712300000,2802.5,2802.58,2752.61,2762.39,40367.88
1769713200000,2762.41,2775.45,2756.87,2775.32,12927.51
1769714100000,2775.35,2787.25,2768.75,2779.8,14179.01
1769715000000,2779.8,2809.86,2779.49,2799.43,19989.7
1769715900000,2799.34,2803.02,2792.71,2796.3,4073.04
1769716800000,2796.3,2799.24,2789.29,2789.68,6571.78
1769717700000,2789.94,2802.18,2789.94,2794.62,5192.73
1769718600000,2794.63,2799.58,2787.92,2797.08,4790.88
1769719500000,2797.03,2811.48,2794.43,2804.75,5662.77
1769720400000,2804.81,2818.65,2804.17,2817.04,6616.25
1769721300000,2816.55,2816.6,2808.47,2813.42,2600.25
1769722200000,2813.61,2818.51,2810.32,2815.35,2352.7
1769723100000,2815.35,2824.0,2815.02,2818.58,3298.17
1769724000000,2818.56,2824.29,2808.67,2811.46,2970.74
1769724900000,2811.47,2815.14,2810.21,2813.81,1721.5
1769725800000,2813.79,2816.6,2810.13,2813.31,1501.51
1769726700000,2813.34,2820.9,2813.12,2818.72,1187.65
1769727600000,2818.75,2822.75,2811.37,2813.45,2047.28
1769728500000,2813.44,2822.88,2812.7,2818.36,1795.24
1769729400000,2818.36,2827.0,2818.36,2823.34,2562.56
1769730300000,2823.32,2825.11,2820.88,2820.9,1707.15
1769731200000,2820.9,2827.26,2818.66,2818.9,3239.68
1769732100000,2818.9,2819.72,2801.2,2805.82,5988.42
1769733000000,2805.96,2813.88,2801.0,2811.5,3682.8
1769733900000,2811.5,2815.57,2802.95,2803.48,3443.88
1769734800000,2803.5,2811.42,2800.4,2809.25,3552.74
1769735700000,2809.26,2812.0,2789.06,2799.11,8039.5
1769736600000,2799.11,2807.46,2680.96,2723.94,58420.88
1769737500000,2723.63,2751.01,2715.64,2745.61,29553.83
1769738400000,2745.62,2749.7,2727.0,2728.32,13825.96
1769739300000,2729.45,2734.98,2698.17,2714.38,18803.92
1769740200000,2714.4,2745.68,2702.29,2737.79,19868.5
1769741100000,2737.54,2742.96,2720.9,2735.31,9618.58
1769742000000,2735.29,2746.39,2732.72,2742.61,5662.96
1769742900000,2742.73,2744.41,2736.3,2736.69,3101.93
1769743800000,2736.69,2739.88,2732.99,2739.12,3000.82
1769744700000,2739.1,2742.03,2735.27,2739.52,2562.76
1769745600000,2739.52,2757.04,2736.64,2755.25,6433.84
1769746500000,2755.27,2773.68,2750.6,2760.81,9982.23
1769747400000,2760.79,2765.7,2753.92,2755.72,6699.1
1769748300000,2755.72,2758.0,2748.61,2751.64,2492.98
1769749200000,2751.64,2753.89,2745.68,2748.01,3885.02
1769750100000,2748.01,2759.39,2747.41,2757.77,3817.54
1769751000000,2757.78,2759.04,2750.49,2750.59,2295.75
1769751900000,2750.59,2754.99,2745.68,2745.75,1909.42
1769752800000,2745.73,2747.34,2734.6,2736.91,6508.83
1769753700000,2736.91,2737.12,2717.76,2720.84,10820.86
1769754600000,2720.83,2722.8,2705.4,2705.62,7348.91
1769755500000,2705.63,2723.77,2695.48,2716.91,16229.62
1769756400000,2716.92,2749.49,2716.6,2744.25,11703.15
1769757300000,2744.27,2748.64,2737.24,2737.41,5891.06
1769758200000,2737.42,2737.91,2723.94,2729.27,7038.18
1769759100000,2729.32,2744.69,2727.15,2738.57,5453.77
1769760000000,2738.58,2744.2,2732.18,2744.09,3357.66
1769760900000,2744.15,2747.16,2737.85,2737.87,3092.41
1769761800000,2737.85,2737.9,2721.33,2732.04,8890.26
1769762700000,2732.0,2737.98,2728.47,2736.22,4088.47
1769763600000,2736.23,2742.82,2729.61,2731.47,3834.62
1769764500000,2731.47,2732.61,2720.06,2723.78,5502.79
1769765400000,2723.78,2730.85,2723.78,2726.22,3459.19
1769766300000,2726.23,2726.24,2709.15,2720.67,11058.57
1769767200000,2720.66,2724.26,2709.95,2718.68,4540.44
1769768100000,2718.42,2729.37,2711.45,2726.07,5820.8
1769769000000,2726.08,2730.43,2722.84,2725.6,2187.57
1769769900000,2725.55,2735.74,2725.33,2734.82,3431.09
1769770800000,2734.82,2738.38,2733.17,2736.1,3004.29
1769771700000,2736.09,2740.0,2734.8,2737.35,3334.55
1769772600000,2737.34,2745.39,2735.24,2738.88,3996.54
1769773500000,2738.88,2767.64,2733.95,2758.37,13974.98
1769774400000,2758.39,2764.99,2749.92,2750.29,6292.68
1769775300000,2750.32,2754.6,2736.56,2742.4,6719.25
1769776200000,2742.42,2746.92,2739.72,2740.43,3284.88
1769777100000,2740.43,2745.41,2736.36,2739.23,3222.51
1769778000000,2739.23,2741.84,2726.45,2736.72,6835.11
1769778900000,2736.74,2739.63,2729.14,2734.27,2444.65
1769779800000,2734.77,2749.6,2718.54,2736.87,13948.48
1769780700000,2736.87,2737.0,2722.56,2728.62,4450.28
1769781600000,2728.64,2741.49,2728.11,2735.38,5834.46
1769782500000,2735.38,2739.89,2730.11,2732.12,3008.23
1769783400000,2732.08,2760.76,2723.1,2757.69,17917.79
1769784300000,2757.39,2763.39,2728.38,2736.0,13214.64
1769785200000,2735.99,2751.73,2731.42,2736.25,8174.61
1769786100000,2736.12,2743.73,2707.0,2708.83,21209.82
1769787000000,2708.84,2742.67,2692.31,2736.65,29741.78
1769787900000,2736.68,2737.14,2725.38,2727.62,6120.47
1769788800000,2727.46,2736.71,2715.72,2735.1,8813.46
1769789700000,2735.1,2738.31,2704.18,2732.04,14372.66
1769790600000,2731.85,2742.92,2724.48,2736.0,8035.21
1769791500000,2735.98,2736.27,2720.83,2725.19,6468.25
1769792400000,2725.21,2726.47,2704.69,2710.76,10939.97
1769793300000,2710.74,2739.68,2707.8,2732.13,10705.89
1769794200000,2731.82,2732.51,2712.57,2719.73,6979.3
1769795100000,2719.62,2723.93,2710.12,2711.21,4383.26
1769796000000,2711.21,2720.52,2695.62,2700.26,11679.52
1769796900000,2700.11,2700.78,2635.0,2674.39,53981.35
1769797800000,2674.64,2714.21,2661.25,2713.46,15432.78
1769798700000,2713.57,2748.82,2704.45,2739.17,27240.43
1769799600000,2739.17,2755.0,2734.29,2740.01,16841.26
1769800500000,2740.0,2760.76,2738.47,2746.81,11169.66
1769801400000,2746.8,2756.92,2733.35,2740.08,8081.69
1769802300000,2740.08,2753.54,2736.86,2741.12,3490.62
1769803200000,2741.11,2741.58,2709.07,2718.15,12560.7
1769804100000,2718.15,2724.66,2675.05,2681.81,28741.09
1769805000000,2681.48,2696.24,2663.31,2683.52,20443.9
1769805900000,2683.5,2691.92,2672.63,2678.82,10260.33
1769806800000,2678.82,2699.6,2675.63,2695.96,7065.12
1769807700000,2695.94,2712.46,2694.73,2696.1,11082.44
1769808600000,2695.95,2702.75,2685.12,2693.92,6025.41
1769809500000,2693.94,2708.74,2693.93,2703.62,7050.02
1769810400000,2703.5,2706.49,2694.2,2694.2,4379.65
1769811300000,2694.21,2699.93,2691.11,2693.48,2751.27
1769812200000,2693.46,2704.8,2692.7,2701.14,2052.12
1769813100000,2701.14,2708.4,2699.01,2708.39,1940.19
1769814000000,2708.4,2710.63,2696.06,2698.1,4905.68
1769814900000,2698.1,2705.76,2692.8,2695.59,1936.35
1769815800000,2695.59,2706.64,2693.23,2706.05,2409.25
1769816700000,2706.04,2708.0,2704.02,2705.61,1666.54
1769817600000,2705.61,2707.8,2701.39,2707.37,1628.1
1769818500000,2707.37,2709.27,2704.62,2708.52,1842.24
1769819400000,2708.52,2713.16,2705.12,2712.31,1754.28
1769820300000,2712.32,2712.32,2703.43,2704.93,1720.13
1769821200000,2704.93,2711.9,2703.88,2710.97,1462.9
1769822100000,2710.97,2713.24,2708.44,2708.79,1580.35
1769823000000,2708.78,2708.92,2699.08,2703.74,2827.81
1769823900000,2703.74,2703.74,2697.42,2698.57,2055.39
1769824800000,2698.58,2698.58,2690.3,2695.13,3784.94
1769825700000,2695.12,2695.5,2682.84,2690.12,4235.43
1769826600000,2690.1,2706.65,2688.67,2704.01,2919.02
1769827500000,2703.98,2707.07,2700.07,2700.48,1831.42
1769828400000,2700.48,2703.4,2696.33,2701.78,1983.09
1769829300000,2701.78,2705.3,2699.88,2701.13,1410.68
1769830200000,2701.13,2701.92,2695.19,2697.21,1302.32
1769831100000,2697.22,2697.32,2693.2,2694.5,1357.23
1769832000000,2694.44,2700.07,2693.53,2700.05,1267.92
1769832900000,2700.05,2703.65,2695.76,2703.43,1969.47
1769833800000,2703.38,2703.38,2696.8,2696.81,1344.89
1769834700000,2696.8,2697.44,2691.83,2694.44,2139.08
1769835600000,2694.45,2695.93,2689.44,2695.92,2717.32
1769836500000,2695.92,2701.9,2690.9,2699.56,3023.71
1769837400000,2699.55,2702.32,2697.41,2697.43,1466.44
1769838300000,2697.43,2699.32,2695.57,2696.96,1615.69
1769839200000,2696.96,2699.95,2692.19,2696.59,1694.54
1769840100000,2696.57,2697.99,2683.44,2686.11,6533.45
1769841000000,2686.1,2690.73,2684.58,2690.03,3940.9
1769841900000,2690.04,2692.88,2688.0,2691.94,1969.79
1769842800000,2691.95,2692.87,2688.98,2691.86,1240.91
1769843700000,2691.87,2692.23,2687.52,2689.15,2090.75
1769844600000,2689.16,2689.56,2666.86,2673.8,17015.41
1769845500000,2673.8,2678.94,2673.7,2678.92,3574.74
1769846400000,2678.92,2682.16,2665.45,2671.57,10648.42
1769847300000,2671.49,2671.49,2652.66,2662.64,19629.11
1769848200000,2662.64,2662.83,2607.25,2630.49,58249.35
1769849100000,2630.41,2648.48,2624.2,2642.42,26843.8
1769850000000,2642.42,2649.44,2641.5,2644.0,6175.14
1769850900000,2644.09,2645.4,2632.01,2638.23,8820.12
1769851800000,2638.27,2658.08,2638.27,2649.25,12163.23
1769852700000,2649.24,2651.48,2644.12,2647.06,4565.44
1769853600000,2647.2,2650.0,2634.92,2641.99,4795.4
1769854500000,2641.99,2646.68,2638.94,2645.28,4499.86
1769855400000,2645.28,2654.3,2644.79,2653.59,5907.76
1769856300000,2653.61,2654.55,2649.52,2650.18,2737.65
1769857200000,2650.19,2650.2,2640.5,2641.83,6585.44
1769858100000,2641.81,2649.13,2641.78,2646.8,4885.54
1769859000000,2646.8,2648.0,2638.13,2638.43,2174.34
1769859900000,2638.66,2641.11,2633.06,2639.1,8771.26
1769860800000,2639.11,2643.17,2627.06,2630.06,9480.99
1769861700000,2630.08,2642.0,2629.12,2638.78,7245.22
1769862600000,2638.64,2641.69,2630.02,2640.34,9946.33
1769863500000,2640.37,2642.18,2628.48,2631.95,12521.33
1769864400000,2631.93,2635.28,2627.81,2630.91,8695.5
1769865300000,2630.91,2635.71,2625.98,2629.55,6462.54
1769866200000,2629.55,2630.93,2617.0,2625.94,17547.01
1769867100000,2625.96,2628.0,2621.12,2627.74,5636.39
1769868000000,2627.72,2635.13,2597.8,2609.41,18503.99
1769868900000,2609.41,2611.33,2512.68,2532.77,105254.41
1769869800000,2532.08,2541.15,2508.06,2520.96,50286.69
1769870700000,2520.96,2542.54,2511.51,2536.82,26131.01
1769871600000,2536.8,2553.92,2524.41,2545.04,24054.19
1769872500000,2545.04,2549.0,2536.0,2545.0,14353.87
1769873400000,2544.98,2548.0,2534.99,2541.73,8840.86
1769874300000,2541.76,2545.98,2525.8,2532.58,7219.65
1769875200000,2532.57,2534.26,2512.84,2521.01,21656.6
1769876100000,2521.01,2549.28,2504.04,2527.86,48983.53
1769877000000,2527.87,2531.0,2516.06,2520.51,11757.49
1769877900000,2520.49,2521.72,2466.73,2480.97,56870.37
1769878800000,2481.04,2492.5,2357.55,2403.99,112933.72
1769879700000,2405.63,2430.06,2405.0,2418.66,38884.47
1769880600000,2418.96,2428.41,2381.9,2408.84,34571.36
1769881500000,2409.16,2416.47,2392.67,2401.44,17413.87
1769882400000,2401.3,2415.37,2397.56,2401.04,13227.96
1769883300000,2401.04,2403.68,2374.67,2396.52,25625.38
1769884200000,2396.52,2404.98,2230.0,2350.15,86713.9
1769885100000,2350.25,2393.55,2323.36,2378.58,64145.77
1769886000000,2378.76,2425.28,2370.2,2413.75,34214.43
1769886900000,2413.43,2431.42,2401.4,2408.98,21790.49
1769887800000,2408.98,2413.0,2371.06,2386.77,23217.31
1769888700000,2386.77,2400.0,2381.14,2381.39,11596.33
1769889600000,2381.51,2388.53,2364.8,2365.58,10184.62
1769890500000,2365.2,2405.74,2364.85,2366.87,14455.65
1769891400000,2366.66,2376.63,2353.44,2375.56,16204.41
1769892300000,2375.33,2384.74,2363.12,2381.27,9173.67
1769893200000,2381.26,2394.0,2371.45,2386.48,11822.66
1769894100000,2386.59,2412.41,2380.41,2406.76,14163.88
1769895000000,2406.76,2419.87,2396.11,2408.39,9968.38
1769895900000,2408.35,2422.82,2404.51,2418.09,5996.16
1769896800000,2417.99,2423.6,2408.76,2412.02,6284.25
1769897700000,2412.02,2418.03,2404.46,2417.94,3735.88
1769898600000,2417.96,2420.5,2410.0,2411.91,4886.4
1769899500000,2411.9,2422.51,2409.08,2417.89,4144.28
1769900400000,2417.91,2430.28,2415.26,2420.35,8911.06
1769901300000,2420.35,2472.63,2417.99,2453.33,38052.55
1769902200000,2453.33,2461.02,2442.45,2445.92,9445.47
1769903100000,2445.96,2452.6,2433.08,2450.55,7945.01
1769904000000,2450.48,2465.98,2444.46,2463.76,8479.65
1769904900000,2463.75,2474.3,2453.93,2454.77,15454.85
1769905800000,2454.77,2462.92,2446.73,2448.79,7565.29
1769906700000,2448.79,2457.77,2447.96,2450.65,4002.6
1769907600000,2450.65,2454.3,2430.91,2439.42,10824.09
1769908500000,2439.43,2452.63,2428.04,2451.02,7553.72
1769909400000,2451.02,2451.79,2433.45,2435.47,4853.87
1769910300000,2435.47,2445.91,2434.09,2443.14,2811.45
1769911200000,2443.22,2457.0,2438.75,2455.44,3277.78
1769912100000,2455.38,2456.81,2442.88,2444.92,3663.21
1769913000000,2444.92,2454.0,2444.59,2450.12,2388.13
1769913900000,2450.12,2460.41,2449.83,2451.12,3576.21
1769914800000,2451.13,2455.33,2445.0,2448.13,2962.73
1769915700000,2448.13,2449.67,2436.78,2441.78,4099.4
1769916600000,2441.8,2445.24,2437.5,2439.53,3320.51
1769917500000,2439.52,2444.69,2439.18,2444.15,2211.37
1769918400000,2444.16,2452.5,2440.13,2451.09,2695.31
1769919300000,2451.08,2453.48,2444.54,2447.03,2336.7
1769920200000,2447.01,2452.02,2446.12,2451.48,1843.15
1769921100000,2451.48,2452.94,2446.81,2446.82,1811.98
1769922000000,2447.0,2448.2,2434.04,2439.83,4847.84
1769922900000,2439.8,2447.83,2434.69,2446.26,3356.2
1769923800000,2446.27,2447.1,2423.21,2425.86,5812.4
1769924700000,2426.02,2431.3,2424.63,2429.49,6754.7
1769925600000,2429.48,2437.23,2429.48,2436.29,2651.02
1769926500000,2436.3,2439.0,2432.06,2432.45,2027.94
1769927400000,2432.45,2434.88,2407.28,2417.96,13584.87
1769928300000,2417.84,2422.25,2410.02,2417.26,6376.52
1769929200000,2417.26,2418.29,2395.83,2398.31,16186.59
1769930100000,2398.29,2407.45,2392.36,2406.39,14926.14
1769931000000,2406.39,2437.1,2403.92,2429.99,14430.05
1769931900000,2429.98,2430.34,2407.0,2410.12,10242.46
1769932800000,2410.12,2416.5,2408.18,2411.51,7937.98
1769933700000,2411.38,2413.06,2395.5,2403.31,10223.45
1769934600000,2403.3,2426.66,2402.0,2424.91,9865.87
1769935500000,2424.55,2424.87,2410.9,2412.0,5432.37
1769936400000,2412.01,2419.66,2405.57,2416.16,3931.62
1769937300000,2416.16,2417.29,2408.68,2412.12,2089.25
1769938200000,2412.12,2427.67,2411.76,2425.4,3257.09
1769939100000,2425.4,2436.54,2420.21,2431.1,5336.46
1769940000000,2431.1,2437.93,2425.29,2436.48,5183.3
1769940900000,2436.33,2436.33,2425.7,2428.79,3695.73
1769941800000,2428.83,2429.82,2383.74,2384.52,21177.9
1769942700000,2384.1,2394.45,2375.0,2379.61,14355.74
1769943600000,2379.62,2392.56,2379.62,2391.99,6197.46
1769944500000,2392.0,2392.25,2382.26,2385.96,3381.24
1769945400000,2385.98,2422.75,2385.98,2418.86,11333.26
1769946300000,2418.85,2421.48,2408.18,2410.75,9225.89
1769947200000,2410.74,2411.38,2404.35,2405.32,4945.97
1769948100000,2405.32,2405.5,2382.74,2393.43,12539.37
1769949000000,2393.44,2407.91,2390.82,2391.58,6137.22
1769949900000,2391.58,2397.65,2391.58,2394.75,3551.15
1769950800000,2394.75,2409.34,2394.66,2404.07,5140.53
1769951700000,2404.07,2408.68,2396.51,2398.31,3435.19
1769952600000,2398.31,2400.6,2385.57,2391.77,5984.32
1769953500000,2391.8,2394.29,2368.19,2379.93,12832.04
1769954400000,2379.93,2388.24,2371.07,2375.83,11288.49
1769955300000,2375.79,2377.88,2354.45,2359.22,14646.82
1769956200000,2358.89,2365.29,2326.08,2349.73,37536.26
1769957100000,2349.72,2386.64,2344.22,2371.74,24957.22
1769958000000,2371.66,2371.9,2334.58,2336.54,16101.45
1769958900000,2336.55,2342.04,2305.4,2307.14,31927.33
1769959800000,2307.06,2316.64,2285.54,2300.19,41852.91
1769960700000,2300.2,2335.14,2295.77,2314.59,20247.38
1769961600000,2314.82,2324.56,2291.93,2309.41,21195.43
1769962500000,2309.45,2331.23,2282.67,2319.34,20320.02
1769963400000,2319.31,2329.66,2298.19,2304.01,10371.11
1769964300000,2304.01,2314.31,2294.6,2303.01,9020.9
1769965200000,2302.99,2320.0,2301.23,2316.78,6944.02
1769966100000,2316.78,2319.98,2295.59,2311.67,8352.81
1769967000000,2311.66,2315.41,2295.95,2301.81,9797.52
1769967900000,2301.81,2313.39,2296.5,2313.12,4980.74
1769968800000,2313.24,2364.0,2312.29,2355.93,24266.08
1769969700000,2355.91,2376.47,2348.05,2359.16,17675.88
1769970600000,2359.16,2361.88,2341.57,2343.8,7504.14
1769971500000,2343.64,2351.44,2335.14,2350.03,6729.08
1769972400000,2350.03,2355.33,2335.4,2339.67,5629.41
1769973300000,2339.69,2344.75,2329.42,2339.96,6447.72
1769974200000,2339.96,2347.26,2333.99,2337.52,4735.3
1769975100000,2337.52,2337.52,2305.84,2319.47,17036.95
1769976000000,2319.48,2329.36,2310.65,2317.72,8154.6
1769976900000,2317.72,2329.12,2297.53,2299.48,9245.06
1769977800000,2299.77,2348.34,2299.74,2332.87,13391.0
1769978700000,2332.86,2333.9,2312.22,2315.19,9675.09
1769979600000,2315.19,2316.81,2291.01,2300.28,9938.14
1769980500000,2300.13,2311.61,2294.07,2308.41,6608.75
1769981400000,2308.41,2318.42,2300.85,2307.0,5226.33
1769982300000,2307.01,2307.01,2278.28,2289.34,14795.12
1769983200000,2289.34,2333.6,2286.01,2323.42,17003.15
1769984100000,2323.7,2323.7,2291.36,2313.58,14135.8
1769985000000,2313.61,2328.31,2311.43,2320.34,6353.17
1769985900000,2320.33,2325.3,2310.0,2317.93,6483.68
1769986800000,2317.95,2320.28,2218.79,2257.81,64426.13
1769987700000,2257.89,2265.88,2225.63,2256.55,32867.44
1769988600000,2256.21,2300.82,2246.45,2294.92,22294.86
1769989500000,2294.89,2295.95,2263.76,2269.2,13302.48
1769990400000,2269.2,2297.88,2241.02,2289.78,22759.19
1769991300000,2289.79,2320.79,2288.0,2312.51,25272.66
1769992200000,2312.83,2322.22,2305.22,2310.17,16506.5
1769993100000,2310.25,2312.54,2286.44,2291.64,19610.45
1769994000000,2291.64,2307.01,2255.63,2257.2,16439.91
1769994900000,2257.21,2316.67,2248.57,2309.57,25419.13
1769995800000,2309.57,2310.0,2292.55,2301.39,8947.95
1769996700000,2301.37,2302.72,2286.08,2289.68,6059.29
1769997600000,2289.69,2293.84,2273.7,2281.29,10197.95
1769998500000,2281.29,2298.61,2279.26,2292.21,8752.13
1769999400000,2292.21,2297.5,2268.0,2273.58,9144.82
1770000300000,2273.59,2277.04,2258.1,2260.77,9769.11
1770001200000,2260.77,2266.2,2227.41,2229.89,15478.67
1770002100000,2229.99,2233.7,2165.1,2171.26,64306.23
1770003000000,2171.39,2199.74,2163.83,2178.73,28410.17
1770003900000,2178.76,2248.0,2177.64,2237.67,35543.11
1770004800000,2237.67,2238.29,2206.3,2212.48,19323.94
1770005700000,2212.24,2266.48,2210.97,2262.09,19968.22
1770006600000,2261.98,2263.91,2252.01,2254.24,8885.25
1770007500000,2254.24,2256.0,2239.32,2239.58,9590.06
1770008400000,2239.58,2241.99,2213.32,2217.39,11778.06
1770009300000,2217.51,2218.57,2184.4,2193.35,23672.09
1770010200000,2193.42,2207.21,2183.48,2199.5,15439.15
1770011100000,2199.55,2212.87,2187.92,2197.0,12585.06
1770012000000,2197.03,2201.29,2177.3,2193.4,16662.91
1770012900000,2193.35,2214.32,2188.27,2197.18,14572.72
1770013800000,2197.15,2238.15,2156.48,2219.94,46117.74
1770014700000,2219.84,2235.48,2205.72,2226.26,21769.71
1770015600000,2226.39,2246.62,2217.59,2226.95,17472.13
1770016500000,2226.91,2237.2,2216.31,2226.79,9039.54
1770017400000,2226.9,2240.26,2223.47,2234.86,7741.18
1770018300000,2234.87,2251.54,2226.97,2227.27,12280.58
1770019200000,2227.41,2246.62,2227.41,2242.08,9651.52
1770020100000,2242.18,2254.91,2235.36,2239.63,10866.29
1770021000000,2239.61,2253.07,2238.38,2246.09,7404.46
1770021900000,2246.09,2257.26,2243.13,2248.11,6903.03
1770022800000,2248.16,2250.72,2236.42,2242.77,8675.69
1770023700000,2242.99,2280.0,2237.19,2279.26,12633.04
1770024600000,2279.19,2301.48,2273.0,2288.85,32816.84
1770025500000,2288.85,2316.64,2286.38,2289.98,24927.69
1770026400000,2290.0,2298.24,2284.02,2286.9,8750.3
1770027300000,2286.9,2290.0,2274.58,2286.6,11904.26
1770028200000,2286.81,2292.47,2273.0,2278.24,9223.63
1770029100000,2278.21,2280.29,2273.55,2276.58,7200.74
1770030000000,2276.6,2286.91,2272.27,2281.82,15066.51
1770030900000,2281.84,2282.96,2273.19,2282.29,5179.87
1770031800000,2282.29,2291.55,2280.72,2287.69,9870.99
1770032700000,2287.69,2296.49,2278.0,2281.25,9998.51
1770033600000,2281.27,2299.12,2280.91,2297.66,6318.36
1770034500000,2297.58,2317.09,2292.91,2307.55,17710.13
1770035400000,2307.55,2310.1,2296.21,2299.17,7912.79
1770036300000,2299.14,2316.51,2297.36,2310.21,8640.33
1770037200000,2310.15,2312.41,2300.58,2309.85,6187.32
1770038100000,2309.87,2324.0,2302.33,2312.23,10172.27
1770039000000,2312.23,2326.86,2305.18,2320.43,8096.35
1770039900000,2320.43,2334.46,2315.44,2326.54,11510.09
1770040800000,2326.54,2330.0,2298.99,2305.5,18802.15
1770041700000,2305.5,2319.49,2298.0,2315.7,12478.16
1770042600000,2315.7,2366.0,2314.76,2351.02,37532.04
1770043500000,2351.01,2361.36,2323.48,2327.27,16970.74
1770044400000,2327.17,2352.62,2320.41,2347.43,17562.31
1770045300000,2347.43,2379.63,2342.27,2366.21,24647.38
1770046200000,2366.23,2394.57,2359.02,2375.83,24305.48
1770047100000,2375.83,2383.12,2360.57,2370.83,12868.29
1770048000000,2370.73,2380.06,2361.19,2373.84,9907.1
1770048900000,2374.03,2385.64,2369.27,2382.92,8827.55
1770049800000,2382.87,2384.81,2366.39,2370.38,8849.98
1770050700000,2370.39,2371.01,2348.08,2357.09,12128.04
1770051600000,2357.03,2376.85,2355.08,2373.04,9155.9
1770052500000,2373.04,2379.87,2363.08,2365.03,5591.12
1770053400000,2365.03,2372.24,2345.07,2352.33,10396.11
1770054300000,2352.35,2358.91,2345.07,2354.98,5952.69
1770055200000,2354.98,2355.5,2337.74,2342.73,7524.03
1770056100000,2342.75,2345.19,2332.78,2335.01,6655.83
1770057000000,2335.01,2358.5,2335.0,2344.47,9885.24
1770057900000,2344.47,2350.15,2342.2,2343.06,4600.8
1770058800000,2343.04,2348.95,2337.56,2344.33,5643.04
1770059700000,2344.35,2348.97,2334.59,2340.83,3991.27
1770060600000,2340.85,2341.92,2330.68,2340.26,6085.14
1770061500000,2340.26,2340.49,2325.95,2330.44,5219.32
1770062400000,2330.0,2338.82,2323.02,2325.41,8164.39
1770063300000,2325.63,2332.42,2320.34,2326.63,5283.62
1770064200000,2326.65,2326.75,2312.02,2316.83,8896.24
1770065100000,2316.75,2322.8,2311.91,2320.02,5605.92
1770066000000,2320.5,2341.59,2317.81,2333.56,10272.31
1770066900000,2333.58,2338.68,2327.35,2331.25,2145.96
1770067800000,2331.25,2343.67,2330.48,2338.73,3679.71
1770068700000,2338.73,2343.48,2337.12,2340.84,2908.8
1770069600000,2340.84,2351.01,2340.65,2341.87,4446.21
1770070500000,2341.87,2343.3,2334.44,2341.41,2117.42
1770071400000,2341.39,2353.61,2340.89,2350.6,2624.95
1770072300000,2350.62,2352.0,2344.17,2349.93,2601.47
1770073200000,2349.91,2354.0,2344.99,2350.21,3640.08
1770074100000,2350.21,2352.85,2338.17,2340.12,3590.15
1770075000000,2340.14,2352.94,2339.09,2347.76,4087.28
1770075900000,2347.76,2349.63,2342.15,2345.6,2148.65
1770076800000,2345.44,2347.08,2323.66,2332.52,6617.54
1770077700000,2332.54,2345.32,2330.92,2344.99,4131.91
1770078600000,2345.0,2346.65,2336.55,2345.89,3995.66
1770079500000,2345.87,2354.42,2340.83,2352.63,4021.75
1770080400000,2352.56,2358.0,2342.18,2347.11,5812.31
1770081300000,2347.13,2350.97,2336.36,2350.09,3627.66
1770082200000,2350.02,2351.24,2342.3,2351.03,2311.58
1770083100000,2351.05,2354.69,2346.64,2353.32,2407.88
1770084000000,2353.42,2353.6,2326.54,2327.58,5910.25
1770084900000,2327.58,2339.87,2326.21,2329.03,5715.95
1770085800000,2329.03,2329.05,2314.0,2314.98,10637.4
1770086700000,2314.98,2317.66,2295.52,2297.19,14341.85
1770087600000,2297.29,2306.26,2284.02,2302.98,17506.78
1770088500000,2302.98,2315.19,2291.0,2313.53,9961.92
1770089400000,2313.48,2331.84,2311.15,2327.16,11271.38
1770090300000,2327.07,2343.75,2321.53,2342.73,11234.0
1770091200000,2342.77,2350.69,2335.48,2345.82,12321.16
1770092100000,2345.82,2346.83,2332.01,2332.56,6565.55
1770093000000,2332.58,2353.18,2332.56,2352.57,7690.4
1770093900000,2352.57,2354.0,2343.53,2344.65,5336.34
1770094800000,2344.65,2344.85,2325.07,2325.65,7558.12
1770095700000,2325.54,2329.75,2317.04,2328.12,9557.16
1770096600000,2328.1,2331.68,2318.64,2321.86,4923.38
1770097500000,2321.86,2326.52,2314.05,2314.95,5498.75
1770098400000,2315.3,2321.32,2297.39,2305.65,17797.42
1770099300000,2305.65,2327.4,2302.16,2323.1,9392.76
1770100200000,2323.01,2325.48,2316.64,2317.1,4502.34
1770101100000,2317.12,2323.42,2315.62,2319.2,3153.52
1770102000000,2319.18,2332.0,2311.52,2322.08,10315.75
1770102900000,2322.08,2324.9,2316.36,2320.55,4514.33
1770103800000,2320.55,2331.94,2319.02,2327.19,6427.76
1770104700000,2327.17,2327.84,2319.63,2322.05,3282.23
1770105600000,2322.06,2324.2,2309.12,2311.04,7341.92
1770106500000,2311.2,2331.63,2309.1,2326.24,10626.09
1770107400000,2326.24,2329.38,2319.34,2327.91,7729.24
1770108300000,2327.91,2328.39,2313.31,2314.62,6802.9
1770109200000,2314.64,2317.8,2281.46,2281.91,22855.31
1770110100000,2282.1,2289.72,2261.12,2272.49,45034.34
1770111000000,2272.48,2297.26,2272.48,2292.62,15532.29
1770111900000,2292.62,2296.35,2288.14,2290.87,4858.96
1770112800000,2290.87,2298.59,2286.74,2293.67,5955.81
1770113700000,2293.65,2295.04,2282.57,2291.05,5788.23
1770114600000,2291.05,2291.08,2275.19,2278.75,9737.71
1770115500000,2278.73,2283.66,2277.29,2280.5,4469.98
1770116400000,2280.5,2286.73,2276.98,2279.4,5752.16
1770117300000,2279.35,2283.79,2271.4,2271.91,9778.62
1770118200000,2271.93,2280.69,2269.27,2276.76,11342.51
1770119100000,2276.76,2287.05,2274.71,2275.51,7893.9
1770120000000,2275.56,2296.75,2270.98,2290.84,11448.65
1770120900000,2290.84,2295.6,2284.07,2293.56,8064.02
1770121800000,2293.37,2297.71,2287.52,2291.62,5352.8
1770122700000,2291.62,2304.69,2291.19,2300.06,10980.81
1770123600000,2300.0,2308.0,2296.97,2302.79,6600.11
1770124500000,2302.81,2305.6,2294.92,2304.92,5350.2
1770125400000,2304.98,2312.8,2300.61,2306.07,8658.48
1770126300000,2306.03,2316.16,2302.07,2310.96,6941.71
1770127200000,2310.94,2315.92,2307.15,2310.76,6045.89
1770128100000,2310.78,2313.67,2298.27,2307.57,12951.82
1770129000000,2307.59,2309.16,2273.17,2281.46,30830.59
1770129900000,2281.41,2295.47,2254.13,2255.75,30466.25
1770130800000,2255.71,2276.82,2251.5,2257.13,24353.07
1770131700000,2257.25,2308.53,2253.55,2293.12,32406.53
1770132600000,2293.17,2312.94,2280.16,2280.16,22193.71
1770133500000,2280.03,2306.8,2275.2,2302.25,16289.01
1770134400000,2302.13,2302.29,2273.85,2276.55,14068.84
1770135300000,2276.68,2279.54,2251.81,2251.89,27279.02
1770136200000,2251.83,2259.18,2237.67,2247.38,36634.97
1770137100000,2247.12,2250.31,2234.61,2239.92,22433.39
1770138000000,2239.87,2243.7,2218.0,2221.1,28571.44
1770138900000,2221.2,2236.14,2216.14,2228.01,22421.74
1770139800000,2228.0,2233.55,2203.85,2205.01,25844.89
1770140700000,2205.01,2220.59,2193.28,2194.36,29130.88
1770141600000,2194.51,2206.19,2172.57,2174.42,58235.41
1770142500000,2174.0,2182.91,2126.09,2135.87,98388.81
1770143400000,2135.75,2148.54,2121.62,2126.0,34408.98
1770144300000,2125.87,2133.01,2108.42,2119.13,46773.56
1770145200000,2119.12,2186.04,2111.17,2178.06,50340.67
1770146100000,2178.06,2198.74,2167.13,2188.86,45857.07
1770147000000,2188.82,2217.43,2185.89,2197.24,38786.92
1770147900000,2197.35,2213.57,2186.25,2204.18,21674.49
1770148800000,2204.08,2208.0,2188.0,2192.13,11382.86
1770149700000,2191.9,2254.14,2187.17,2247.41,38900.68
1770150600000,2247.43,2347.76,2245.34,2295.5,65975.09
1770151500000,2295.52,2318.1,2286.94,2298.91,17567.84
1770152400000,2298.81,2337.73,2296.56,2317.99,22843.84
1770153300000,2317.88,2320.79,2298.55,2300.11,13698.2
1770154200000,2299.95,2306.46,2288.32,2294.66,7903.61
1770155100000,2294.64,2298.52,2278.47,2282.83,8158.91
1770156000000,2282.85,2285.28,2255.0,2260.46,14777.38
1770156900000,2260.42,2275.74,2251.84,2265.92,10390.38
1770157800000,2265.94,2270.43,2252.5,2254.13,6557.93
1770158700000,2253.95,2254.08,2228.0,2235.28,18413.04
1770159600000,2235.12,2237.48,2211.82,2235.75,18347.72
1770160500000,2235.79,2242.45,2225.0,2233.73,11593.63
1770161400000,2233.73,2247.56,2231.5,2237.58,6618.44
1770162300000,2237.61,2237.87,2216.51,2232.31,14161.66
1770163200000,2232.39,2232.69,2222.76,2224.94,4467.87
1770164100000,2224.94,2248.03,2224.75,2246.17,8287.84
1770165000000,2246.17,2255.49,2241.55,2247.26,7356.55
1770165900000,2247.48,2252.22,2237.31,2239.87,6620.9
1770166800000,2239.84,2273.95,2239.84,2272.32,11683.11
1770167700000,2272.3,2275.71,2263.52,2270.53,6134.75
1770168600000,2270.33,2280.71,2268.11,2274.51,5132.6
1770169500000,2274.54,2274.88,2257.44,2267.29,8650.13
1770170400000,2267.23,2274.85,2262.93,2264.5,4932.56
1770171300000,2265.56,2275.94,2257.75,2259.52,7129.26
1770172200000,2259.45,2260.98,2244.32,2254.44,6588.62
1770173100000,2254.35,2257.86,2241.21,2250.74,4659.3
1770174000000,2250.71,2278.15,2247.61,2275.5,10884.4
1770174900000,2275.36,2277.97,2264.0,2266.47,4593.14
1770175800000,2266.49,2294.83,2265.56,2282.32,12572.44
1770176700000,2282.34,2284.57,2278.65,2282.27,4087.95
1770177600000,2282.27,2288.9,2277.53,2284.43,3177.42
1770178500000,2284.41,2284.81,2271.86,2274.82,3441.46
1770179400000,2274.83,2281.18,2273.54,2273.72,4810.06
1770180300000,2273.7,2276.6,2269.7,2272.74,4973.85
1770181200000,2272.72,2279.18,2269.56,2277.72,3035.73
1770182100000,2277.73,2279.4,2266.64,2272.44,4704.76
1770183000000,2272.21,2272.21,2260.93,2263.08,4753.18
1770183900000,2263.13,2267.42,2255.66,2264.32,5923.86
1770184800000,2264.33,2276.78,2257.36,2273.77,7725.87
1770185700000,2273.77,2274.51,2263.24,2268.99,4521.37
1770186600000,2268.99,2282.21,2265.0,2277.31,6169.65
1770187500000,2277.28,2283.42,2273.02,2276.5,6055.15
1770188400000,2276.52,2282.29,2262.41,2281.47,9979.41
1770189300000,2281.59,2282.14,2273.16,2279.05,6394.89
1770190200000,2279.03,2292.14,2277.66,2286.69,10793.89
1770191100000,2286.71,2288.78,2280.23,2282.88,5116.17
1770192000000,2282.88,2284.78,2272.98,2279.43,4909.46
1770192900000,2279.25,2284.91,2267.5,2269.29,5645.11
1770193800000,2269.31,2277.34,2265.61,2277.32,4281.82
1770194700000,2277.33,2283.5,2275.59,2278.81,3760.23
1770195600000,2278.83,2278.95,2269.04,2269.52,3700.57
1770196500000,2269.52,2270.72,2256.89,2259.92,7570.35
1770197400000,2259.94,2263.65,2250.66,2254.28,6795.2
1770198300000,2254.11,2264.31,2254.06,2259.91,5714.06
1770199200000,2259.91,2261.91,2248.81,2253.54,5199.97
1770200100000,2253.54,2259.19,2252.63,2254.81,3415.03
1770201000000,2254.79,2261.85,2254.4,2259.09,3703.18
1770201900000,2259.09,2263.28,2257.59,2259.66,2873.47
1770202800000,2259.66,2260.52,2225.92,2232.81,28314.31
1770203700000,2232.74,2245.69,2227.22,2240.01,14024.37
1770204600000,2240.01,2266.29,2237.28,2254.18,15579.54
1770205500000,2254.15,2260.0,2250.75,2253.76,7410.49
1770206400000,2253.77,2258.05,2250.65,2253.96,4205.54
1770207300000,2253.94,2261.77,2233.03,2233.99,10378.16
1770208200000,2233.99,2244.43,2231.03,2240.55,7697.31
1770209100000,2240.55,2246.0,2236.0,2242.99,5267.07
1770210000000,2242.88,2245.0,2237.07,2240.43,3905.36
1770210900000,2240.43,2243.08,2226.09,2233.27,8985.04
1770211800000,2233.25,2235.72,2208.23,2211.36,21154.45
1770212700000,2211.37,2216.21,2196.28,2197.53,29558.84
1770213600000,2197.52,2207.55,2190.72,2202.94,20662.57
1770214500000,2202.87,2208.62,2198.18,2201.67,13365.13
1770215400000,2201.55,2224.86,2176.82,2198.06,49729.95
1770216300000,2198.08,2212.1,2167.51,2170.75,28106.24
1770217200000,2170.9,2187.68,2149.82,2177.55,46484.61
1770218100000,2177.41,2196.32,2163.0,2180.38,20946.48
1770219000000,2180.35,2183.93,2135.07,2154.9,36438.11
1770219900000,2155.18,2160.36,2141.24,2150.52,22739.8
1770220800000,2150.67,2159.72,2128.22,2142.81,33202.5
1770221700000,2143.04,2144.55,2108.6,2136.4,42808.51
1770222600000,2136.39,2139.0,2104.36,2115.09,27099.51
1770223500000,2115.07,2138.71,2110.84,2134.2,20657.77
1770224400000,2134.18,2150.87,2113.29,2139.41,27118.13
1770225300000,2139.39,2153.81,2106.1,2107.64,25285.55
1770226200000,2107.93,2127.57,2092.01,2118.03,37590.64
1770227100000,2117.97,2132.78,2108.68,2125.31,17605.16
1770228000000,2125.33,2126.3,2085.56,2088.34,43438.21
1770228900000,2088.53,2141.99,2075.48,2122.58,33951.19
1770229800000,2122.5,2185.97,2115.05,2167.33,53038.52
1770230700000,2167.33,2169.0,2143.94,2147.19,16970.83
1770231600000,2147.17,2168.02,2145.25,2151.01,12410.85
1770232500000,2150.99,2162.0,2132.77,2134.98,14340.39
1770233400000,2134.98,2155.51,2132.56,2152.75,10494.57
1770234300000,2152.78,2194.17,2151.63,2187.75,29280.87
1770235200000,2187.48,2192.14,2162.62,2166.04,19269.74
1770236100000,2165.96,2177.75,2165.11,2170.7,6517.75
1770237000000,2170.66,2175.6,2160.99,2172.11,5963.63
1770237900000,2172.12,2175.0,2166.0,2171.0,4150.27
1770238800000,2170.98,2179.24,2157.79,2162.74,10188.83
1770239700000,2162.48,2163.78,2138.22,2142.58,12874.02
1770240600000,2142.55,2148.75,2117.24,2122.95,10179.7
1770241500000,2122.98,2131.32,2107.22,2128.55,22430.87
1770242400000,2128.55,2131.69,2086.9,2112.78,23889.65
1770243300000,2112.77,2167.21,2112.04,2162.53,21695.15
1770244200000,2162.56,2162.81,2124.85,2128.97,15013.43
1770245100000,2128.99,2140.12,2114.85,2119.09,9666.6
1770246000000,2119.11,2132.56,2114.33,2132.44,8537.61
1770246900000,2132.46,2156.85,2130.05,2154.07,12424.95
1770247800000,2154.07,2164.68,2150.58,2155.4,8584.52
1770248700000,2155.42,2159.38,2145.0,2147.03,5848.67
1770249600000,2146.89,2147.47,2135.69,2136.66,6871.43
1770250500000,2136.63,2163.41,2135.69,2161.07,7706.89
1770251400000,2160.8,2161.13,2144.41,2155.03,7393.3
1770252300000,2155.01,2156.48,2145.91,2148.99,3625.63
1770253200000,2148.99,2168.92,2147.29,2165.06,8448.38
1770254100000,2165.07,2168.46,2122.04,2162.61,21702.13
1770255000000,2162.57,2173.28,2142.25,2155.76,17980.25
1770255900000,2155.83,2159.83,2145.12,2147.67,6542.47
1770256800000,2147.55,2152.18,2124.18,2125.44,12603.66
1770257700000,2125.42,2138.87,2112.0,2136.79,17860.83
1770258600000,2137.03,2162.62,2135.19,2157.21,17158.52
1770259500000,2157.07,2158.87,2119.25,2123.34,16401.46
1770260400000,2123.34,2136.26,2112.82,2116.91,20961.48
1770261300000,2116.81,2126.33,2098.28,2112.09,20944.24
1770262200000,2112.12,2117.5,2103.28,2114.16,10733.92
1770263100000,2114.09,2117.6,2105.57,2109.12,8208.1
1770264000000,2109.12,2115.14,2083.17,2091.49,24144.3
1770264900000,2091.35,2106.77,2078.74,2097.03,29654.21
1770265800000,2096.59,2124.62,2091.63,2121.63,18954.44
1770266700000,2121.76,2122.52,2095.6,2103.03,12912.75
1770267600000,2103.15,2115.2,2095.15,2107.74,12400.03
1770268500000,2107.87,2112.44,2076.62,2093.82,28277.67
1770269400000,2093.68,2123.59,2084.27,2117.88,22403.91
1770270300000,2118.1,2118.84,2091.13,2100.59,19967.58
1770271200000,2100.81,2106.66,2078.07,2092.13,21485.17
1770272100000,2092.15,2097.94,2076.69,2079.44,12825.08
1770273000000,2079.24,2093.53,2079.2,2088.45,13380.87
1770273900000,2088.45,2097.47,2065.48,2086.5,23186.71
1770274800000,2086.5,2121.85,2084.63,2104.82,23246.61
1770275700000,2104.85,2123.17,2099.52,2115.01,11968.2
1770276600000,2114.97,2117.31,2096.17,2102.08,12056.92
1770277500000,2102.06,2104.55,2085.78,2090.32,10209.35
1770278400000,2090.48,2104.64,2090.48,2102.4,8439.77
1770279300000,2102.47,2118.51,2096.6,2111.44,10006.25
1770280200000,2111.16,2120.0,2107.75,2113.83,8360.9
1770281100000,2113.83,2119.23,2108.04,2110.79,6126.27
1770282000000,2110.82,2145.0,2110.27,2138.3,23494.87
1770282900000,2138.32,2148.5,2133.43,2137.04,11383.52
1770283800000,2136.93,2142.0,2127.66,2129.09,7233.15
1770284700000,2129.07,2135.93,2126.33,2132.62,4184.01
1770285600000,2132.62,2135.92,2120.34,2130.56,8823.38
1770286500000,2130.53,2139.57,2128.5,2138.08,7684.38
1770287400000,2138.0,2138.61,2121.77,2122.23,6022.97
1770288300000,2122.3,2123.84,2086.0,2096.69,28539.35
1770289200000,2096.67,2104.08,2083.46,2086.45,14309.53
1770290100000,2086.47,2096.05,2060.72,2067.96,35865.1
1770291000000,2067.93,2097.31,2064.86,2087.7,22908.69
1770291900000,2087.8,2091.99,2072.54,2078.79,11512.59
1770292800000,2078.71,2091.92,2070.45,2070.73,14720.11
1770293700000,2070.73,2079.62,2050.0,2068.89,43158.37
1770294600000,2069.01,2077.0,2051.5,2056.77,19280.38
1770295500000,2056.59,2069.0,2042.24,2062.95,23475.01
1770296400000,2062.9,2079.67,2057.18,2057.95,14786.51
1770297300000,2057.97,2062.71,2049.01,2052.66,11768.24
1770298200000,2052.43,2065.66,2048.42,2055.71,12352.02
1770299100000,2055.96,2063.02,2051.18,2057.83,7363.13
1770300000000,2057.81,2084.19,2057.8,2064.72,20559.07
1770300900000,2064.85,2078.61,2054.23,2076.26,13106.66
1770301800000,2076.4,2105.64,2067.39,2085.5,37847.87
1770302700000,2085.62,2096.05,2041.46,2045.47,28356.15
1770303600000,2045.4,2052.12,1992.5,1995.68,69771.9
1770304500000,1995.74,2013.7,1930.65,1932.33,95480.21
1770305400000,1932.23,1971.95,1925.48,1963.49,73670.71
1770306300000,1963.46,1984.43,1940.95,1959.41,46748.05
1770307200000,1959.63,1966.39,1943.1,1950.87,29640.67
1770308100000,1951.05,1992.99,1949.25,1985.59,29016.49
1770309000000,1986.0,1999.03,1970.96,1973.5,19957.87
1770309900000,1973.53,2017.04,1960.54,1997.42,31157.41
1770310800000,1997.48,2000.19,1966.4,1974.42,21016.98
1770311700000,1974.31,1992.74,1941.75,1980.12,32332.95
1770312600000,1979.76,1984.82,1953.07,1972.06,22230.46
1770313500000,1971.95,1979.18,1952.61,1953.59,14918.33
1770314400000,1953.7,1967.58,1948.21,1960.68,12668.19
1770315300000,1960.67,1966.84,1927.76,1935.23,37290.99
1770316200000,1935.25,1942.1,1920.27,1923.06,25301.91
1770317100000,1922.87,1955.78,1913.14,1948.9,29066.76
1770318000000,1948.85,1952.0,1929.36,1936.27,18010.92
1770318900000,1936.0,1947.0,1925.41,1936.0,10800.15
1770319800000,1936.04,1945.26,1931.08,1932.49,10221.52
1770320700000,1932.47,1934.98,1916.5,1927.56,13436.02
1770321600000,1927.56,1941.72,1918.43,1921.17,15594.89
1770322500000,1921.47,1921.78,1853.79,1874.01,62200.01
1770323400000,1873.46,1878.95,1841.25,1866.49,44942.05
1770324300000,1866.46,1871.78,1824.28,1868.84,46668.05
1770325200000,1868.93,1911.11,1866.66,1875.19,38789.6
1770326100000,1875.0,1899.56,1855.19,1879.18,25908.38
1770327000000,1879.29,1890.0,1850.5,1857.45,15970.16
1770327900000,1857.56,1866.36,1838.79,1849.21,16011.76
1770328800000,1849.03,1869.0,1829.62,1852.7,18416.82
1770329700000,1853.05,1880.82,1815.0,1875.12,24232.02
1770330600000,1875.14,1888.8,1859.16,1874.01,17483.47
1770331500000,1874.04,1883.17,1861.42,1869.61,8630.63
1770332400000,1869.56,1906.22,1861.04,1899.17,18691.41
1770333300000,1898.94,1903.13,1869.01,1880.65,12959.79
1770334200000,1880.66,1887.4,1838.6,1843.82,18295.59
1770335100000,1843.73,1850.52,1818.42,1825.4,21023.55
1770336000000,1825.42,1832.0,1753.56,1766.85,53447.7
1770336900000,1766.87,1796.74,1741.12,1784.13,66729.52
1770337800000,1784.21,1872.26,1782.09,1861.28,45221.95
1770338700000,1861.32,1891.55,1849.24,1869.37,38093.53
1770339600000,1869.27,1913.03,1868.54,1893.57,30720.82
1770340500000,1894.37,1904.67,1885.6,1896.27,15638.1
1770341400000,1896.07,1927.4,1890.08,1920.27,18729.94
1770342300000,1919.84,1939.47,1914.17,1930.94,19128.89
1770343200000,1931.07,1946.77,1907.3,1910.72,17474.85
1770344100000,1910.72,1919.91,1891.4,1905.79,14612.71
1770345000000,1905.79,1927.0,1903.15,1918.09,12475.83
1770345900000,1918.08,1921.34,1898.76,1906.64,9280.25
1770346800000,1906.63,1916.55,1893.67,1894.29,8392.33
1770347700000,1894.49,1906.46,1887.51,1895.58,9760.85
1770348600000,1895.63,1908.25,1887.08,1889.58,6513.09
1770349500000,1889.85,1894.46,1878.63,1891.2,11445.96
1770350400000,1891.18,1904.12,1885.13,1899.93,8376.47
1770351300000,1899.94,1917.01,1898.56,1910.93,8942.59
1770352200000,1910.91,1915.09,1899.21,1905.65,8131.21
1770353100000,1905.66,1911.84,1905.43,1908.24,4230.26
1770354000000,1907.95,1924.86,1905.62,1922.57,9190.49
1770354900000,1922.21,1925.89,1911.83,1917.15,5696.85
1770355800000,1917.15,1939.84,1915.23,1937.6,10179.16
1770356700000,1937.61,1974.9,1932.62,1957.56,21987.76
1770357600000,1957.64,1966.31,1945.46,1946.45,13487.0
1770358500000,1946.47,1948.24,1932.68,1939.57,9530.91
1770359400000,1939.44,1940.0,1915.49,1918.29,8711.81
1770360300000,1918.28,1924.56,1906.17,1907.69,14696.67
1770361200000,1907.7,1908.74,1886.33,1898.04,16254.14
1770362100000,1898.08,1908.13,1888.88,1902.4,11945.47
1770363000000,1902.32,1913.9,1899.62,1904.64,8583.11
1770363900000,1904.62,1906.67,1890.7,1898.47,8987.11
1770364800000,1898.35,1906.33,1887.0,1901.1,9596.17
1770365700000,1901.09,1901.55,1868.5,1874.4,18356.11
1770366600000,1874.43,1882.5,1865.91,1868.14,12703.93
1770367500000,1868.07,1882.0,1865.57,1874.01,8173.38
1770368400000,1873.99,1890.52,1870.48,1885.73,6556.68
1770369300000,1885.51,1904.5,1879.68,1903.41,24445.68
1770370200000,1903.41,1916.86,1902.15,1914.01,19185.54
1770371100000,1913.86,1928.76,1907.49,1918.38,14288.48
1770372000000,1918.36,1929.52,1909.28,1914.15,13804.12
1770372900000,1914.14,1934.39,1913.76,1925.66,13631.83
1770373800000,1925.66,1931.08,1922.73,1925.68,5414.91
1770374700000,1925.7,1929.59,1920.4,1926.27,7026.63
1770375600000,1926.14,1929.54,1919.0,1928.7,5052.43
1770376500000,1928.68,1935.5,1923.21,1926.7,5856.48
1770377400000,1926.68,1936.35,1923.84,1926.52,9055.2
1770378300000,1926.52,1937.75,1921.09,1931.8,8076.05
1770379200000,1931.65,1931.65,1918.74,1924.96,8523.53
1770380100000,1924.96,1925.66,1914.73,1921.27,7642.04
1770381000000,1921.25,1924.44,1914.01,1921.64,4813.53
1770381900000,1921.65,1923.86,1917.49,1920.15,3974.56
1770382800000,1920.57,1943.37,1918.63,1941.92,12891.69
1770383700000,1941.98,1956.52,1932.16,1943.12,19351.46
1770384600000,1942.16,1955.54,1937.12,1951.08,9010.54
1770385500000,1951.13,1961.39,1948.2,1949.29,9282.78
1770386400000,1949.27,1952.0,1936.77,1943.84,9229.79
1770387300000,1943.82,1949.37,1932.28,1948.57,8929.65
1770388200000,1948.69,1988.42,1947.55,1984.23,36429.85
1770389100000,1984.09,2001.9,1968.82,1977.74,32356.89
1770390000000,1978.06,1985.92,1961.86,1962.1,18775.36
1770390900000,1962.06,1980.52,1959.94,1971.73,13323.69
1770391800000,1971.81,1989.95,1968.56,1986.5,11630.45
1770392700000,1986.74,1996.59,1973.16,1979.46,13151.9
1770393600000,1979.48,2006.24,1970.26,1997.1,18032.49
1770394500000,1997.11,2044.6,1990.29,2031.33,30766.99
1770395400000,2031.29,2040.37,2022.38,2032.86,18658.48
1770396300000,2032.88,2046.15,2024.36,2035.05,16958.97
1770397200000,2034.96,2051.87,2027.04,2041.28,17413.4
1770398100000,2041.26,2071.33,2039.82,2069.05,21273.55
1770399000000,2069.22,2089.38,2062.5,2078.21,28292.63
1770399900000,2078.2,2082.56,2057.3,2066.4,15154.27
1770400800000,2066.38,2069.42,2030.29,2048.53,26691.86
1770401700000,2048.56,2049.0,2029.54,2037.82,13046.8
1770402600000,2037.81,2061.29,2032.82,2053.89,12582.18
1770403500000,2053.87,2059.14,2041.27,2043.95,9262.77
1770404400000,2044.11,2051.65,2036.71,2041.37,6394.17
1770405300000,2041.28,2057.96,2032.76,2051.5,9812.86
1770406200000,2051.66,2055.86,2047.5,2053.44,4691.34
1770407100000,2053.44,2071.32,2051.26,2064.87,9674.7
1770408000000,2064.82,2067.6,2048.82,2051.83,5896.14
1770408900000,2051.83,2055.29,2042.75,2053.24,4441.52
1770409800000,2053.26,2093.36,2050.76,2066.73,19965.64
1770410700000,2067.33,2074.08,2051.72,2053.04,7338.37
1770411600000,2053.07,2061.4,2041.75,2048.13,8782.43
1770412500000,2048.08,2058.88,2046.53,2056.59,3335.56
1770413400000,2056.61,2056.78,2045.25,2049.53,2989.02
1770414300000,2049.51,2055.37,2048.76,2053.28,2073.05
1770415200000,2053.28,2068.3,2045.06,2051.57,7587.37
1770416100000,2051.59,2065.45,2050.51,2063.51,5361.68
1770417000000,2063.49,2084.42,2061.8,2069.99,10933.58
1770417900000,2069.98,2082.48,2066.69,2073.89,5002.8
1770418800000,2073.64,2086.7,2067.17,2067.37,8833.01
1770419700000,2067.35,2068.82,2050.08,2068.82,10222.63
1770420600000,2068.83,2077.99,2062.85,2063.33,5592.73
1770421500000,2063.31,2068.77,2058.94,2062.42,2936.48
1770422400000,2062.4,2063.43,2046.45,2051.35,7063.61
1770423300000,2051.36,2057.55,2042.64,2045.21,4904.51
1770424200000,2045.21,2049.02,2036.11,2036.58,6500.84
1770425100000,2036.4,2054.56,2036.3,2042.75,6575.33
1770426000000,2042.69,2046.62,2031.74,2034.79,4474.27
1770426900000,2034.8,2048.42,2033.49,2043.88,5035.37
1770427800000,2043.86,2056.05,2042.58,2049.81,4356.35
1770428700000,2049.83,2065.66,2049.2,2060.71,5902.46
1770429600000,2060.54,2063.0,2053.92,2058.58,4643.76
1770430500000,2058.56,2064.36,2055.43,2058.19,2581.56
1770431400000,2058.21,2061.74,2052.94,2055.36,4490.92
1770432300000,2055.34,2059.81,2048.0,2058.3,3891.46
1770433200000,2058.27,2081.24,2056.63,2075.1,13489.78
1770434100000,2075.07,2080.18,2067.75,2077.16,7192.58
1770435000000,2077.16,2079.18,2068.22,2077.44,3642.79
1770435900000,2077.23,2084.81,2073.03,2079.49,7329.73
1770436800000,2079.45,2107.71,2077.52,2103.69,24628.8
1770437700000,2103.51,2118.11,2092.9,2095.78,21754.94
1770438600000,2095.71,2103.22,2078.04,2079.56,13691.96
1770439500000,2079.46,2087.18,2078.33,2086.35,6777.97
1770440400000,2086.35,2095.47,2084.31,2092.23,6503.41
1770441300000,2092.23,2103.04,2084.08,2085.87,8755.43
1770442200000,2085.78,2090.99,2082.08,2084.7,6305.16
1770443100000,2084.7,2086.7,2076.94,2082.66,6115.78
1770444000000,2082.5,2092.39,2077.9,2081.74,7062.3
1770444900000,2081.64,2082.17,2070.54,2078.0,8970.08
1770445800000,2078.02,2084.09,2075.0,2076.41,3957.97
1770446700000,2076.39,2077.52,2046.18,2046.56,16925.47
1770447600000,2046.66,2054.98,2013.34,2013.78,32559.94
1770448500000,2013.75,2023.11,1993.59,2022.76,43326.36
1770449400000,2022.76,2041.76,2006.77,2033.53,21200.87
1770450300000,2033.7,2034.02,2021.24,2026.28,10073.52
1770451200000,2026.26,2031.37,2016.47,2022.81,10335.13
1770452100000,2022.87,2028.75,2014.41,2019.34,7928.69
1770453000000,2019.34,2028.71,2016.27,2019.38,6386.61
1770453900000,2019.45,2027.18,2018.24,2018.25,4571.32
1770454800000,2018.83,2028.81,2018.18,2028.32,4408.39
1770455700000,2028.2,2028.84,2020.24,2021.11,4068.62
1770456600000,2021.11,2022.56,2007.07,2010.88,11762.11
1770457500000,2010.88,2013.74,2004.2,2013.62,6559.05
1770458400000,2013.38,2018.86,2003.29,2007.67,8043.67
1770459300000,2007.73,2013.34,2004.1,2008.24,5492.57
1770460200000,2008.06,2010.02,1998.62,2004.57,8286.26
1770461100000,2004.59,2011.68,2000.62,2009.86,5290.37
1770462000000,2009.78,2015.8,2006.68,2010.01,4797.15
1770462900000,2010.01,2014.26,2006.27,2007.46,3007.32
1770463800000,2007.39,2013.17,2005.74,2006.07,3194.64
1770464700000,2006.72,2020.55,2006.72,2017.64,5793.41
1770465600000,2017.64,2048.0,2015.81,2039.8,28459.23
1770466500000,2039.78,2075.07,2036.33,2053.81,30999.55
1770467400000,2053.8,2068.63,2039.21,2041.84,14455.47
1770468300000,2042.01,2051.68,2036.12,2040.54,15471.86
1770469200000,2041.17,2050.0,2035.0,2038.8,8618.6
1770470100000,2038.82,2046.89,2037.56,2046.0,5680.13
1770471000000,2046.04,2048.77,2027.63,2032.42,13777.12
1770471900000,2032.49,2040.8,2031.43,2040.71,7042.23
1770472800000,2040.69,2045.88,2037.04,2042.4,4337.82
1770473700000,2042.14,2048.4,2037.2,2041.42,3899.89
1770474600000,2041.11,2044.51,2022.5,2029.54,16228.42
1770475500000,2029.52,2030.43,2009.39,2019.41,15436.01
1770476400000,2019.44,2040.74,2013.38,2038.41,14957.56
1770477300000,2038.61,2052.2,2032.41,2045.38,11234.89
1770478200000,2045.54,2063.05,2043.37,2046.36,14574.76
1770479100000,2046.52,2053.0,2041.24,2051.42,6693.75
1770480000000,2051.44,2125.14,2006.71,2055.92,202963.6
1770480900000,2056.12,2069.86,2041.27,2052.38,153529.34
1770481800000,2052.55,2058.32,2045.41,2055.65,7858.32
1770482700000,2055.72,2056.48,2046.41,2049.09,5690.27
1770483600000,2049.07,2051.85,2031.68,2040.1,8600.57
1770484500000,2040.12,2057.06,2037.71,2054.77,7190.7
1770485400000,2054.86,2072.32,2050.04,2067.13,8589.8
1770486300000,2067.15,2071.0,2055.53,2060.13,4806.62
1770487200000,2060.1,2070.97,2058.0,2064.86,4426.26
1770488100000,2064.86,2094.94,2064.6,2089.73,17020.24
1770489000000,2089.79,2104.06,2084.19,2099.54,15789.01
1770489900000,2099.31,2108.8,2094.08,2096.03,7955.48
1770490800000,2096.07,2100.54,2085.82,2087.69,8144.46
1770491700000,2087.26,2096.56,2087.26,2091.96,3875.38
1770492600000,2092.0,2094.39,2082.62,2093.8,3681.97
1770493500000,2093.57,2096.0,2086.9,2090.13,4962.35
1770494400000,2090.01,2097.56,2082.81,2086.4,4293.83
1770495300000,2086.4,2097.85,2084.66,2094.96,3084.66
1770496200000,2094.96,2101.0,2091.41,2093.52,4024.02
1770497100000,2093.51,2112.82,2093.5,2104.03,12245.57
1770498000000,2104.03,2108.56,2097.36,2105.26,4948.12
1770498900000,2104.55,2108.26,2098.65,2105.04,3873.37
1770499800000,2105.03,2109.51,2102.19,2102.19,5876.25
1770500700000,2102.18,2102.37,2096.42,2099.67,3584.36
1770501600000,2099.67,2106.61,2094.27,2099.48,3745.27
1770502500000,2099.48,2099.96,2091.94,2098.1,2947.0
1770503400000,2098.16,2098.71,2088.3,2089.91,3408.76
1770504300000,2089.89,2092.81,2086.66,2087.77,2220.15
1770505200000,2088.04,2090.66,2076.35,2083.02,6994.7
1770506100000,2083.03,2084.91,2072.03,2080.16,5135.12
1770507000000,2080.2,2087.73,2080.09,2087.08,3037.9
1770507900000,2087.06,2094.43,2085.78,2086.02,3904.51
1770508800000,2086.89,2093.08,2084.52,2089.18,3001.4
1770509700000,2089.24,2090.06,2077.57,2079.3,4629.14
1770510600000,2079.26,2086.71,2075.64,2077.05,3375.24
1770511500000,2077.15,2083.25,2075.64,2083.23,3053.5
1770512400000,2083.25,2091.26,2081.98,2090.23,3339.94
1770513300000,2090.23,2090.29,2081.39,2083.01,2299.67
1770514200000,2083.01,2093.87,2080.94,2089.12,3564.68
1770515100000,2089.12,2096.7,2087.58,2094.9,3812.72
1770516000000,2094.91,2101.04,2090.25,2097.86,4078.67
1770516900000,2097.81,2106.28,2093.31,2094.76,7705.39
1770517800000,2094.95,2097.99,2085.03,2088.61,4796.83
1770518700000,2088.61,2089.87,2081.34,2087.9,3002.37
1770519600000,2087.93,2090.06,2080.88,2084.67,4635.31
1770520500000,2084.69,2090.47,2081.52,2088.32,3181.08
1770521400000,2088.32,2092.63,2082.88,2084.29,2273.1
1770522300000,2084.26,2085.51,2076.0,2077.76,4332.53
1770523200000,2077.78,2081.63,2071.3,2072.75,4364.31
1770524100000,2072.59,2081.88,2065.64,2079.52,10748.08
1770525000000,2079.58,2081.14,2073.93,2077.46,2253.64
1770525900000,2077.57,2087.5,2075.33,2086.43,2821.62
1770526800000,2086.45,2086.71,2078.76,2085.93,6331.12
1770527700000,2085.93,2087.49,2082.54,2083.9,3043.98
1770528600000,2083.9,2084.0,2077.41,2082.76,3130.06
1770529500000,2082.74,2084.96,2080.94,2083.54,1030.21
1770530400000,2083.54,2085.88,2076.67,2085.72,1975.67
1770531300000,2085.71,2087.8,2082.34,2085.94,3471.08
1770532200000,2085.96,2085.96,2078.91,2080.51,1924.36
1770533100000,2080.51,2083.04,2076.36,2078.37,2960.82
1770534000000,2078.77,2081.09,2067.34,2074.83,7934.34
1770534900000,2074.83,2077.59,2068.28,2073.5,4391.61
1770535800000,2073.44,2080.2,2071.56,2077.5,3840.5
1770536700000,2077.5,2083.59,2076.55,2083.56,2772.9
1770537600000,2083.56,2087.82,2077.59,2079.83,4075.39
1770538500000,2079.94,2105.0,2076.92,2101.45,19555.7
1770539400000,2101.4,2123.23,2097.28,2107.73,23552.13
1770540300000,2107.79,2116.91,2106.47,2115.01,7277.14
1770541200000,2115.01,2122.18,2103.46,2107.48,12678.25
1770542100000,2107.48,2110.37,2105.0,2106.13,4471.75
1770543000000,2106.13,2113.52,2094.75,2097.51,10691.93
1770543900000,2097.51,2103.2,2096.0,2099.3,4792.31
1770544800000,2099.28,2113.0,2099.28,2105.75,6461.76
1770545700000,2105.77,2108.96,2083.0,2089.69,17926.52
1770546600000,2089.69,2096.69,2088.0,2094.25,6167.97
1770547500000,2094.19,2099.07,2093.46,2094.87,3364.03
1770548400000,2094.89,2109.99,2093.11,2109.89,7350.17
1770549300000,2109.87,2119.0,2105.6,2113.16,9905.16
1770550200000,2113.15,2137.0,2112.25,2122.61,22475.22
1770551100000,2122.7,2133.98,2120.59,2130.92,14360.6
1770552000000,2131.08,2132.5,2124.48,2125.88,5354.62
1770552900000,2125.87,2138.0,2125.05,2137.44,9212.64
1770553800000,2137.46,2144.0,2127.61,2130.2,18094.23
1770554700000,2130.18,2137.01,2124.71,2130.06,13403.76
1770555600000,2130.03,2140.0,2119.27,2124.24,25025.43
1770556500000,2124.24,2136.24,2122.92,2131.89,6894.82
1770557400000,2131.89,2133.0,2117.42,2118.86,11012.73
1770558300000,2118.86,2125.53,2118.8,2125.46,9823.19
1770559200000,2125.49,2128.39,2117.5,2119.59,6310.19
1770560100000,2119.44,2123.0,2115.07,2119.51,7213.29
1770561000000,2119.51,2124.67,2117.03,2121.29,5181.06
1770561900000,2121.3,2128.21,2119.7,2127.81,4060.53
1770562800000,2127.81,2129.84,2124.04,2128.8,5297.2
1770563700000,2128.29,2128.29,2096.13,2101.57,24272.31
1770564600000,2101.41,2114.89,2100.7,2111.2,10393.71
1770565500000,2111.25,2111.94,2103.38,2107.32,5522.93
1770566400000,2107.34,2113.81,2104.63,2105.73,6724.69
1770567300000,2106.25,2115.0,2106.25,2111.98,3729.91
1770568200000,2111.96,2114.45,2093.29,2095.03,9807.02
1770569100000,2094.98,2096.95,2071.49,2079.95,21736.21
1770570000000,2079.77,2092.8,2079.01,2088.5,11792.5
1770570900000,2088.47,2097.97,2081.28,2084.82,8997.08
1770571800000,2084.93,2093.86,2084.84,2092.87,3944.66
1770572700000,2092.85,2094.47,2086.12,2091.16,3695.44
1770573600000,2091.1,2097.83,2089.75,2093.65,3584.68
1770574500000,2093.65,2098.39,2090.34,2097.15,4910.13
1770575400000,2097.18,2120.89,2097.13,2113.88,18046.78
1770576300000,2113.87,2118.33,2106.55,2108.06,4922.69
1770577200000,2108.06,2115.18,2106.19,2108.33,3099.31
1770578100000,2108.58,2115.45,2108.58,2111.66,3869.98
1770579000000,2111.84,2118.66,2110.9,2118.4,3045.04
1770579900000,2118.4,2128.67,2115.68,2125.83,7875.85
1770580800000,2125.83,2126.11,2112.99,2116.25,6071.78
1770581700000,2116.25,2121.12,2110.07,2112.89,5299.57
1770582600000,2112.93,2117.15,2111.0,2111.0,2704.76
1770583500000,2111.56,2114.15,2099.07,2103.52,9812.07
1770584400000,2103.52,2111.68,2100.79,2109.59,4053.94
1770585300000,2109.72,2113.27,2107.33,2107.5,3461.04
1770586200000,2107.64,2109.91,2090.65,2094.42,11506.97
1770587100000,2094.4,2100.38,2088.41,2092.64,5215.8
1770588000000,2094.46,2101.34,2093.08,2100.36,4211.67
1770588900000,2100.36,2105.51,2098.15,2099.44,3799.4
1770589800000,2099.46,2104.15,2092.5,2098.12,2758.78
1770590700000,2098.0,2111.02,2098.0,2107.32,3592.93
1770591600000,2106.95,2150.47,2106.41,2117.99,33392.5
1770592500000,2117.99,2121.89,2080.51,2091.46,24705.68
1770593400000,2091.05,2095.33,2071.19,2091.66,20896.68
1770594300000,2091.66,2103.99,2086.6,2088.65,13737.83
1770595200000,2088.65,2096.05,2085.88,2092.79,7631.93
1770596100000,2092.89,2096.4,2079.44,2081.4,6374.63
1770597000000,2081.38,2087.43,2075.0,2080.81,13571.44
1770597900000,2080.8,2086.67,2075.2,2083.19,4263.12
1770598800000,2083.0,2089.25,2076.02,2080.7,5916.3
1770599700000,2080.79,2100.17,2076.7,2090.74,8034.89
1770600600000,2090.76,2091.56,2056.65,2063.8,27503.81
1770601500000,2063.78,2079.14,2054.0,2070.0,22821.13
1770602400000,2069.9,2075.81,2064.55,2068.94,5488.33
1770603300000,2068.83,2074.89,2066.81,2071.58,4191.73
1770604200000,2071.58,2094.88,2071.08,2089.58,11989.83
1770605100000,2089.55,2090.85,2078.8,2080.52,4399.41
1770606000000,2080.52,2087.22,2080.52,2082.76,4172.2
1770606900000,2082.78,2089.44,2080.78,2085.95,3736.37
1770607800000,2085.97,2097.49,2085.75,2092.61,7796.41
1770608700000,2092.61,2101.86,2090.19,2099.03,7308.7
1770609600000,2099.03,2100.93,2089.21,2089.75,6457.02
1770610500000,2089.73,2097.4,2088.8,2095.51,3067.21
1770611400000,2095.52,2095.73,2085.24,2089.18,3590.88
1770612300000,2089.21,2092.53,2086.88,2089.31,2866.83
1770613200000,2089.22,2089.47,2082.61,2082.92,4670.86
1770614100000,2082.92,2091.57,2082.67,2091.57,2577.74
1770615000000,2091.57,2096.19,2088.19,2091.68,3233.6
1770615900000,2091.7,2095.0,2087.11,2094.73,3207.24
1770616800000,2094.71,2094.71,2083.42,2089.37,6530.98
1770617700000,2089.37,2089.39,2071.3,2073.42,11135.16
1770618600000,2073.42,2079.86,2072.41,2078.18,5525.67
1770619500000,2078.2,2083.42,2076.8,2080.53,3058.53
1770620400000,2080.55,2085.93,2073.01,2084.49,4360.96
1770621300000,2084.47,2086.96,2079.75,2080.23,3493.65
1770622200000,2080.23,2080.23,2063.62,2066.17,11316.2
1770623100000,2066.12,2071.51,2064.19,2064.67,5793.01
1770624000000,2064.68,2069.5,2060.47,2066.13,10389.11
1770624900000,2066.11,2067.62,2048.5,2051.92,14524.82
1770625800000,2051.94,2052.41,2033.6,2049.13,26136.32
1770626700000,2049.32,2055.15,2047.79,2048.95,9828.73
1770627600000,2048.82,2056.49,2048.13,2048.16,6179.73
1770628500000,2048.09,2050.04,2043.16,2046.41,7124.79
1770629400000,2046.4,2048.67,2035.27,2039.79,7886.08
1770630300000,2039.82,2041.74,2032.56,2041.33,8451.47
1770631200000,2041.27,2046.09,2034.4,2038.54,6980.12
1770632100000,2038.54,2039.82,2024.18,2027.01,16134.88
1770633000000,2027.25,2027.49,2012.6,2019.87,22582.76
1770633900000,2019.76,2023.98,2015.0,2021.66,10160.07
1770634800000,2021.75,2035.99,2021.75,2022.09,13011.07
1770635700000,2022.14,2029.45,2020.0,2026.82,7597.81
1770636600000,2026.86,2032.36,2022.78,2026.65,5854.46
1770637500000,2026.62,2028.99,2020.14,2027.37,5213.34
1770638400000,2027.39,2037.82,2026.42,2035.9,8095.85
1770639300000,2035.89,2035.89,2030.03,2032.11,4782.3
1770640200000,2032.09,2038.44,2029.21,2035.79,5903.75
1770641100000,2035.79,2036.54,2032.5,2034.7,3616.96
1770642000000,2034.7,2047.35,2029.91,2045.0,8660.25
1770642900000,2044.99,2049.0,2037.92,2046.83,6443.2
1770643800000,2046.84,2046.84,2036.0,2038.94,4310.37
1770644700000,2038.92,2040.56,2021.65,2021.67,10110.94
1770645600000,2021.64,2026.68,2008.01,2013.6,15245.04
1770646500000,2013.67,2026.49,2009.04,2024.56,15209.4
1770647400000,2024.87,2048.16,2012.11,2034.77,26636.49
1770648300000,2035.0,2048.75,2031.84,2042.6,13488.36
1770649200000,2042.58,2072.73,2042.44,2055.27,29096.32
1770650100000,2055.58,2062.5,2031.52,2035.93,16777.28
1770651000000,2035.93,2064.56,2034.25,2060.36,12469.03
1770651900000,2060.5,2066.38,2050.7,2060.7,8408.95
1770652800000,2060.54,2064.72,2046.38,2049.74,6323.59
1770653700000,2049.82,2061.23,2047.69,2059.53,4256.69
1770654600000,2059.47,2085.02,2050.61,2080.06,10840.13
1770655500000,2079.97,2108.4,2079.97,2090.2,32100.98
1770656400000,2090.38,2098.33,2078.61,2082.62,11567.3
1770657300000,2082.69,2089.67,2077.15,2085.01,5461.32
1770658200000,2084.32,2136.1,2082.73,2130.98,26373.03
1770659100000,2130.82,2134.62,2120.17,2126.54,11869.0
1770660000000,2126.51,2142.38,2124.19,2125.09,12893.21
1770660900000,2126.12,2130.47,2108.49,2115.31,14607.5
1770661800000,2115.39,2133.0,2113.11,2128.39,9103.2
1770662700000,2128.39,2136.96,2120.93,2129.96,7426.63
1770663600000,2129.65,2130.64,2121.6,2124.78,3838.01
1770664500000,2124.76,2128.56,2117.89,2126.48,3854.58
1770665400000,2125.7,2137.73,2124.57,2129.49,6261.04
1770666300000,2129.49,2135.47,2126.43,2130.4,4017.13
1770667200000,2130.07,2146.43,2121.95,2139.74,13984.82
1770668100000,2139.73,2139.98,2117.19,2118.92,6851.0
1770669000000,2118.87,2129.87,2117.44,2128.42,4259.21
1770669900000,2128.43,2131.43,2123.22,2123.51,3532.3
1770670800000,2123.6,2126.14,2113.39,2116.25,4307.11
1770671700000,2116.35,2117.92,2109.52,2112.07,4031.26
1770672600000,2112.05,2113.46,2087.88,2098.09,14419.14
1770673500000,2098.11,2128.27,2090.66,2121.11,11408.52
1770674400000,2121.36,2125.13,2115.99,2122.82,3898.99
1770675300000,2122.23,2122.23,2112.94,2116.99,4768.21
1770676200000,2117.0,2119.59,2114.66,2115.63,2910.55
1770677100000,2115.65,2118.54,2110.29,2114.21,2292.17
1770678000000,2114.21,2121.66,2110.34,2112.3,3420.55
1770678900000,2112.99,2114.78,2104.89,2107.73,3186.7
1770679800000,2107.71,2112.34,2105.06,2110.19,2930.48
1770680700000,2110.02,2110.44,2101.07,2103.97,3597.89
1770681600000,2103.97,2109.88,2099.38,2109.17,3193.68
1770682500000,2109.05,2111.68,2099.5,2103.17,2808.43
1770683400000,2103.17,2106.79,2096.65,2097.51,2576.12
1770684300000,2097.51,2101.68,2095.5,2095.64,3336.97
1770685200000,2095.97,2111.62,2095.2,2110.07,5196.56
1770686100000,2110.01,2119.64,2107.5,2115.8,8770.27
1770687000000,2115.78,2121.31,2109.48,2120.0,4429.17
1770687900000,2120.0,2123.83,2113.48,2116.31,3857.11
1770688800000,2116.07,2118.33,2112.61,2114.76,1840.62
1770689700000,2115.24,2121.0,2108.47,2109.1,2900.75
1770690600000,2109.32,2110.62,2103.25,2103.78,3057.86
1770691500000,2103.76,2110.0,2101.4,2107.15,2534.67
1770692400000,2107.34,2109.91,2095.17,2098.37,5622.08
1770693300000,2098.1,2101.06,2067.59,2070.22,23314.18
1770694200000,2070.22,2070.22,2051.34,2060.48,19670.5
1770695100000,2060.48,2065.0,2058.85,2063.8,7172.67
1770696000000,2063.8,2073.25,2062.94,2071.88,7213.92
1770696900000,2071.88,2072.55,2062.54,2069.22,6682.81
1770697800000,2069.24,2072.69,2061.8,2064.22,3275.2
1770698700000,2064.22,2070.91,2063.1,2069.66,3142.34
1770699600000,2069.68,2071.0,2065.99,2069.06,2177.31
1770700500000,2069.09,2069.6,2061.42,2062.16,3342.55
1770701400000,2062.16,2070.8,2053.51,2055.37,9649.4
1770702300000,2055.37,2056.52,2043.97,2051.97,11093.99
1770703200000,2051.99,2056.51,2048.3,2050.64,7791.61
1770704100000,2050.66,2053.13,2038.17,2040.26,12213.25
1770705000000,2040.24,2043.97,2026.14,2028.52,15134.45
1770705900000,2028.62,2029.1,1996.61,2007.98,50638.9
1770706800000,2008.04,2018.03,2005.1,2010.54,14243.0
1770707700000,2010.54,2013.5,1998.85,2012.44,10629.54
1770708600000,2012.42,2014.89,2004.88,2010.01,5091.3
1770709500000,2010.04,2012.15,2005.54,2006.67,4680.78
1770710400000,2006.67,2009.08,2001.33,2003.57,10122.12
1770711300000,2003.55,2016.0,1994.49,2010.12,13378.75
1770712200000,2010.11,2012.12,2000.14,2008.12,11481.56
1770713100000,2008.1,2016.52,2007.78,2013.74,13741.5
1770714000000,2013.76,2029.0,2012.0,2020.65,14542.65
1770714900000,2020.65,2026.45,2020.57,2021.69,4715.41
1770715800000,2021.71,2022.27,2017.28,2021.9,3767.2
1770716700000,2021.9,2022.93,2009.45,2016.02,7292.33
1770717600000,2016.0,2018.61,2011.57,2014.83,3258.45
1770718500000,2014.85,2021.19,2008.29,2017.01,5242.22
1770719400000,2016.97,2017.06,2011.55,2013.95,2608.24
1770720300000,2013.93,2016.63,2012.22,2012.9,2795.52
1770721200000,2012.88,2015.96,2009.02,2011.64,4676.8
1770722100000,2011.64,2017.08,2010.21,2016.45,3356.26
1770723000000,2016.47,2021.54,2003.07,2008.08,9175.82
1770723900000,2007.96,2012.27,2000.03,2002.01,12311.31
1770724800000,2002.0,2015.83,2002.0,2010.22,7716.49
1770725700000,2010.24,2016.0,2010.09,2013.29,3352.1
1770726600000,2013.28,2016.48,2004.5,2005.45,4550.63
1770727500000,2005.5,2009.06,2001.75,2006.88,4171.05
1770728400000,2006.84,2013.26,1997.61,2009.95,13158.19
1770729300000,2010.05,2015.57,2008.06,2012.4,4318.05
1770730200000,2012.42,2026.51,2009.79,2022.2,13947.44
1770731100000,2022.19,2025.1,2017.08,2021.22,5420.7
1770732000000,2021.2,2021.77,2013.02,2021.06,6619.22
1770732900000,2021.08,2038.44,2020.68,2026.4,16781.82
1770733800000,2026.33,2034.27,1988.15,2002.46,38325.79
1770734700000,2002.61,2015.05,1990.87,2008.48,20242.52
1770735600000,2008.37,2026.54,2002.96,2009.49,17757.16
1770736500000,2009.46,2026.91,2005.87,2020.78,11680.85
1770737400000,2020.73,2028.85,2019.24,2024.3,6879.77
1770738300000,2024.13,2027.72,2015.56,2021.6,7875.65
1770739200000,2021.55,2036.79,2011.22,2033.41,7223.22
1770740100000,2033.55,2036.01,2020.57,2026.32,8365.58
1770741000000,2026.31,2035.51,2022.22,2030.22,5280.05
1770741900000,2030.14,2033.07,2020.51,2025.04,5299.77
1770742800000,2024.59,2026.8,2018.48,2023.55,3581.46
1770743700000,2023.57,2035.26,2022.54,2029.89,5906.55
1770744600000,2029.9,2045.97,2028.68,2042.29,8550.6
1770745500000,2042.29,2042.76,2034.38,2039.09,2430.59
1770746400000,2039.07,2041.24,2025.86,2026.99,5334.2
1770747300000,2026.95,2029.78,2002.86,2006.13,10531.37
1770748200000,2006.08,2013.9,2002.01,2009.09,5102.57
1770749100000,2009.09,2014.63,1994.81,2008.27,8000.52
1770750000000,2008.18,2014.02,2003.65,2010.95,2882.73
1770750900000,2010.85,2012.12,2002.52,2009.33,2538.49
1770751800000,2009.35,2024.59,2008.84,2021.15,4861.53
1770752700000,2021.21,2023.54,2013.83,2017.01,2021.54
1770753600000,2017.03,2020.5,2006.21,2007.24,3385.79
1770754500000,2007.21,2012.02,2006.31,2008.71,2192.08
1770755400000,2008.73,2015.2,2003.62,2013.51,2689.07
1770756300000,2013.52,2014.42,2007.31,2010.69,1547.76
1770757200000,2010.64,2016.94,2009.76,2012.2,1830.12
1770758100000,2011.89,2014.79,2006.44,2006.44,997.59
1770759000000,2006.44,2006.89,1996.0,2002.58,6152.33
1770759900000,2002.6,2009.66,2002.0,2007.61,1900.74
1770760800000,2007.75,2012.11,2006.07,2006.16,3523.65
1770761700000,2006.16,2014.09,2006.16,2013.6,1772.4
1770762600000,2013.63,2019.67,2012.67,2015.8,2108.36
1770763500000,2015.78,2017.75,2010.81,2016.63,1031.13
1770764400000,2014.16,2017.03,2012.0,2016.51,1426.75
1770765300000,2016.16,2016.76,2011.54,2013.04,2598.79
1770766200000,2013.04,2020.84,2011.86,2019.65,1996.78
1770767100000,2019.61,2021.8,2017.13,2021.67,1575.27
1770768000000,2021.45,2024.67,2018.1,2019.01,2843.35
1770768900000,2019.01,2028.58,2019.01,2026.03,4335.25
1770769800000,2026.05,2026.18,2019.35,2020.88,2374.03
1770770700000,2020.9,2026.99,2019.51,2024.28,2545.18
1770771600000,2024.28,2030.32,2021.46,2024.73,2649.18
1770772500000,2024.73,2027.26,2016.66,2017.0,1720.94
1770773400000,2017.01,2027.1,2015.3,2025.4,2672.23
1770774300000,2025.37,2027.18,2020.68,2023.43,2062.95
1770775200000,2023.23,2029.99,2023.23,2023.48,2049.75
1770776100000,2023.52,2031.18,2023.49,2028.74,1940.39
1770777000000,2028.72,2030.45,2021.82,2021.82,2226.76
1770777900000,2021.82,2021.9,2013.49,2016.68,4398.86
1770778800000,2016.73,2017.9,2008.64,2009.1,2729.64
1770779700000,2009.05,2016.18,1996.74,2010.04,10000.52
1770780600000,2010.04,2020.26,2009.04,2015.81,4441.92
1770781500000,2015.83,2017.6,2008.4,2008.44,3209.21
1770782400000,2008.42,2010.2,2000.31,2000.83,4912.19
1770783300000,2000.83,2003.11,1975.9,1983.36,23677.21
1770784200000,1983.49,1986.23,1965.52,1973.02,19372.86
1770785100000,1972.91,1977.44,1962.63,1970.59,9978.95
1770786000000,1970.87,1979.2,1970.34,1976.65,3701.75
1770786900000,1976.65,1980.43,1971.96,1978.24,3189.68
1770787800000,1977.66,1979.35,1971.31,1973.08,3160.74
1770788700000,1973.08,1977.0,1970.59,1973.4,2224.51
1770789600000,1973.65,1976.61,1949.0,1952.56,12287.55
1770790500000,1952.42,1959.51,1938.2,1958.01,29491.95
1770791400000,1958.03,1960.0,1950.99,1951.97,6451.89
1770792300000,1951.95,1953.5,1942.32,1947.46,8032.01
1770793200000,1947.89,1956.45,1944.19,1948.33,8017.2
1770794100000,1948.58,1953.23,1944.35,1951.28,7205.27
1770795000000,1951.05,1957.08,1947.6,1953.91,7707.86
1770795900000,1953.62,1957.48,1948.48,1949.69,5489.57
1770796800000,1949.69,1952.35,1935.48,1943.21,11874.57
1770797700000,1943.38,1950.62,1941.5,1947.19,5072.15
1770798600000,1947.01,1951.81,1943.76,1950.27,4300.08
1770799500000,1950.22,1951.0,1945.39,1949.03,2667.57
1770800400000,1949.01,1953.33,1946.3,1950.44,2546.65
1770801300000,1949.18,1950.8,1945.23,1950.3,2025.21
1770802200000,1950.26,1952.56,1944.1,1945.97,2549.94
1770803100000,1945.97,1947.52,1942.0,1945.71,2858.09
1770804000000,1945.73,1945.78,1936.73,1939.4,5244.24
1770804900000,1939.38,1945.36,1937.53,1944.69,2646.56
1770805800000,1944.71,1945.0,1931.08,1937.05,9363.9
1770806700000,1937.05,1939.31,1932.33,1938.26,5484.31
1770807600000,1937.43,1943.44,1936.73,1941.16,4375.83
1770808500000,1941.16,1952.79,1940.11,1950.19,8281.09
1770809400000,1950.19,1951.25,1946.59,1948.2,3868.99
1770810300000,1948.2,1955.37,1947.8,1952.53,3946.11
1770811200000,1952.33,1966.1,1949.76,1957.36,11404.64
1770812100000,1957.36,1965.65,1956.7,1958.81,7907.75
1770813000000,1958.81,1959.81,1947.7,1949.09,5388.6
1770813900000,1949.09,1952.96,1948.14,1951.15,5620.73
1770814800000,1951.17,1953.58,1941.37,1944.95,7734.81
1770815700000,1944.97,1949.39,1942.0,1948.32,4872.89
1770816600000,1947.58,1967.77,1941.68,1954.03,16886.86
1770817500000,1954.06,1963.23,1945.4,1959.57,11024.34
1770818400000,1959.57,2015.0,1958.48,2002.79,34677.17
1770819300000,2002.79,2006.54,1982.02,1986.64,23742.53
1770820200000,1986.83,1995.8,1951.33,1962.49,28370.85
1770821100000,1962.49,1967.4,1936.63,1942.17,24716.71
1770822000000,1942.19,1949.27,1901.55,1916.12,39385.53
1770822900000,1916.12,1929.44,1907.7,1921.18,21351.83
1770823800000,1921.25,1938.71,1917.82,1935.87,17145.93
1770824700000,1936.07,1938.1,1915.34,1928.04,14784.92
1770825600000,1928.04,1955.0,1926.86,1952.38,11126.51
1770826500000,1952.3,1953.73,1933.82,1934.97,19250.08
1770827400000,1934.73,1939.78,1917.0,1917.12,20256.77
1770828300000,1917.02,1923.44,1909.28,1913.99,13089.65
1770829200000,1913.99,1922.06,1907.86,1917.61,7832.42
1770830100000,1917.76,1934.62,1915.47,1931.41,12836.82
1770831000000,1931.41,1939.47,1928.9,1932.97,9499.25
1770831900000,1932.97,1941.48,1928.16,1928.73,6851.85
1770832800000,1928.81,1930.32,1914.5,1923.47,6571.03
1770833700000,1923.36,1943.05,1923.04,1937.37,6852.68
1770834600000,1937.39,1944.46,1932.68,1938.0,4612.62
1770835500000,1938.0,1947.79,1936.61,1943.15,6222.04
1770836400000,1943.15,1958.36,1939.18,1952.01,8895.4
1770837300000,1952.14,1956.87,1942.8,1943.26,4954.41
1770838200000,1943.26,1956.8,1937.29,1954.76,4695.96
1770839100000,1954.79,1958.66,1949.0,1951.22,3262.2
1770840000000,1951.18,1957.32,1943.66,1955.87,3531.92
1770840900000,1955.85,1957.92,1939.13,1940.96,3547.7
1770841800000,1941.0,1947.57,1940.15,1946.12,2186.61
1770842700000,1946.12,1957.6,1945.37,1953.08,2962.11
1770843600000,1953.45,1957.9,1949.87,1953.74,2774.92
1770844500000,1953.73,1977.18,1951.0,1973.83,8965.74
1770845400000,1973.85,1987.52,1968.04,1972.65,14151.18
1770846300000,1973.7,1977.93,1969.19,1969.42,3541.5
1770847200000,1969.4,1972.39,1956.11,1960.77,5126.71
1770848100000,1960.77,1964.32,1953.08,1959.05,6575.4
1770849000000,1959.2,1962.8,1954.24,1959.79,3202.47
1770849900000,1959.73,1962.64,1946.89,1950.3,3465.12
1770850800000,1950.44,1955.84,1943.12,1946.54,4558.19
1770851700000,1946.41,1948.7,1931.2,1935.75,6640.83
1770852600000,1935.75,1943.35,1932.11,1943.19,3071.27
1770853500000,1943.0,1944.14,1937.98,1940.81,1757.41
1770854400000,1940.8,1952.38,1940.27,1951.93,4570.02
1770855300000,1951.96,1954.28,1947.25,1950.95,2787.71
1770856200000,1951.09,1962.3,1950.23,1958.85,3661.95
1770857100000,1958.89,1962.3,1957.33,1957.69,3384.83
1770858000000,1958.23,1967.72,1958.15,1967.24,4196.95
1770858900000,1967.24,1973.28,1962.12,1968.73,6428.93
1770859800000,1968.75,1976.87,1966.22,1971.01,4499.49
1770860700000,1970.99,1971.34,1963.55,1964.63,4573.86
1770861600000,1964.59,1970.88,1957.12,1957.98,5630.14
1770862500000,1957.97,1962.48,1955.0,1961.81,3652.93
1770863400000,1961.79,1969.08,1960.29,1965.9,2444.7
1770864300000,1965.88,1966.0,1956.92,1957.92,2377.13
1770865200000,1957.94,1964.26,1956.04,1962.33,1958.77
1770866100000,1962.33,1963.07,1956.83,1961.15,2163.55
1770867000000,1961.15,1967.67,1959.69,1965.79,1763.13
1770867900000,1965.77,1968.34,1963.37,1967.73,1335.41
1770868800000,1967.68,1974.0,1965.0,1972.39,3845.3
1770869700000,1972.37,1973.46,1962.03,1962.79,4186.6
1770870600000,1962.81,1974.43,1959.06,1970.83,4359.52
1770871500000,1970.81,1972.54,1964.6,1964.82,2418.71
1770872400000,1964.74,1969.14,1955.5,1956.5,4612.82
1770873300000,1956.5,1964.54,1952.21,1960.65,7488.49
1770874200000,1960.52,1969.69,1959.35,1968.12,2996.68
1770875100000,1968.12,1971.27,1965.85,1969.77,2180.57
1770876000000,1969.45,1974.34,1965.0,1970.14,2480.0
1770876900000,1970.12,1982.0,1967.95,1978.38,5930.93
1770877800000,1978.37,1980.91,1972.03,1972.86,3756.28
1770878700000,1972.82,1976.95,1970.0,1974.16,2051.67
1770879600000,1973.94,1974.66,1965.42,1968.6,3543.75
1770880500000,1968.62,1977.31,1966.04,1975.01,3709.6
1770881400000,1974.99,1975.24,1968.81,1969.0,2077.83
1770882300000,1969.0,1970.15,1966.64,1967.21,1496.43
1770883200000,1967.37,1973.16,1965.39,1969.2,3257.77
1770884100000,1969.18,1969.18,1956.47,1958.9,5778.95
1770885000000,1958.95,1962.8,1957.47,1959.14,3651.61
1770885900000,1959.16,1965.97,1959.09,1964.72,2903.07
1770886800000,1964.72,1971.28,1962.34,1968.41,3383.02
1770887700000,1968.39,1976.1,1967.83,1975.24,4291.2
1770888600000,1975.23,1980.88,1973.29,1976.78,4645.03
1770889500000,1976.12,1988.89,1973.12,1981.38,9457.57
1770890400000,1981.35,1987.63,1978.51,1979.99,5215.61
1770891300000,1980.0,1982.9,1976.48,1982.0,5020.59
1770892200000,1982.11,1987.85,1980.06,1981.06,3352.15
1770893100000,1981.06,1994.74,1980.12,1993.24,7784.19
1770894000000,1993.24,1993.99,1982.96,1987.66,6016.77
1770894900000,1987.64,2000.35,1985.89,1997.45,7392.37
1770895800000,1997.47,1999.91,1991.0,1992.76,8376.73
1770896700000,1992.74,1994.09,1987.68,1988.01,2986.99
1770897600000,1988.0,1989.93,1980.34,1985.62,6957.53
1770898500000,1985.64,1986.86,1979.69,1983.87,3142.14
1770899400000,1983.89,1984.68,1979.23,1981.7,2417.59
1770900300000,1981.87,1986.07,1974.02,1979.96,7190.13
1770901200000,1979.96,1985.36,1974.55,1983.43,6937.04
1770902100000,1983.44,1987.27,1976.34,1979.99,6040.02
1770903000000,1980.0,1991.41,1978.73,1990.36,5064.35
1770903900000,1990.35,1995.6,1985.65,1994.12,4838.05
1770904800000,1994.08,1995.16,1980.05,1983.73,7431.31
1770905700000,1983.75,1986.17,1979.5,1985.48,4264.82
1770906600000,1985.39,1993.93,1975.46,1976.06,9848.08
1770907500000,1976.0,1986.69,1972.5,1977.25,8923.06
1770908400000,1977.77,1983.75,1952.93,1966.01,21886.14
1770909300000,1966.04,1978.82,1963.95,1973.07,9673.98
1770910200000,1973.0,1976.66,1948.6,1954.74,15366.52
1770911100000,1955.02,1960.23,1943.94,1947.4,10644.0
1770912000000,1947.54,1948.81,1917.31,1918.35,28057.08
1770912900000,1918.42,1930.91,1902.57,1907.85,28241.95
1770913800000,1907.79,1921.54,1896.56,1915.83,25640.37
1770914700000,1915.75,1918.87,1896.78,1908.04,14369.81
1770915600000,1908.03,1918.18,1901.3,1907.98,9664.36
1770916500000,1908.0,1920.22,1905.44,1914.62,8551.48
1770917400000,1914.66,1926.45,1911.0,1919.04,8465.52
1770918300000,1919.12,1921.41,1905.79,1909.28,7287.49
1770919200000,1909.28,1920.0,1907.21,1916.64,5938.78
1770920100000,1916.64,1917.67,1901.84,1906.7,9336.97
1770921000000,1906.7,1916.8,1900.54,1914.3,6171.39
1770921900000,1914.3,1923.82,1911.84,1917.6,6504.88
1770922800000,1917.73,1922.86,1910.44,1916.81,5582.91
1770923700000,1916.81,1936.33,1915.25,1929.77,9450.6
1770924600000,1929.61,1940.0,1928.07,1930.7,6952.19
1770925500000,1930.7,1936.71,1922.69,1924.42,3972.47
1770926400000,1924.44,1931.13,1915.85,1920.31,3709.84
1770927300000,1920.39,1923.15,1915.78,1917.37,2225.75
1770928200000,1917.37,1923.29,1915.45,1919.34,2828.75
1770929100000,1919.41,1920.59,1907.97,1914.89,5255.0
1770930000000,1914.84,1921.54,1913.23,1919.92,2115.95
1770930900000,1919.94,1924.72,1916.22,1919.96,3081.74
1770931800000,1920.13,1926.83,1918.0,1924.03,3620.96
1770932700000,1924.0,1925.57,1921.03,1922.51,1355.07
1770933600000,1922.51,1925.34,1920.62,1924.35,2430.74
1770934500000,1924.14,1928.2,1919.29,1928.18,2353.51
1770935400000,1928.2,1935.47,1926.63,1934.01,3631.12
1770936300000,1934.03,1944.84,1933.96,1941.98,6449.72
1770937200000,1941.98,1949.6,1938.32,1942.02,6169.66
1770938100000,1941.99,1951.73,1940.64,1947.55,3425.67
1770939000000,1947.85,1951.92,1943.64,1945.15,2995.76
1770939900000,1945.09,1949.57,1943.5,1947.0,2038.32
1770940800000,1947.0,1953.7,1942.55,1946.21,4055.11
1770941700000,1946.26,1946.43,1933.09,1934.21,7287.67
1770942600000,1934.19,1938.83,1930.55,1931.51,3036.75
1770943500000,1931.51,1935.3,1926.63,1932.3,4060.21
1770944400000,1932.25,1944.65,1932.25,1943.94,4128.99
1770945300000,1943.92,1945.24,1935.72,1940.1,3042.74
1770946200000,1940.08,1949.0,1939.2,1945.43,3571.86
1770947100000,1945.43,1949.22,1938.86,1942.79,2987.07
1770948000000,1942.79,1948.0,1941.28,1947.19,2502.49
1770948900000,1946.87,1947.85,1940.45,1945.17,3063.61
1770949800000,1945.31,1947.29,1940.13,1946.43,1736.93
1770950700000,1945.85,1951.35,1943.31,1947.27,3750.78
1770951600000,1947.5,1950.76,1943.3,1944.28,3013.67
1770952500000,1944.31,1950.7,1943.36,1950.49,3361.67
1770953400000,1950.46,1958.48,1950.29,1953.24,15077.39
1770954300000,1953.22,1954.17,1949.04,1952.44,2113.43
1770955200000,1952.43,1954.14,1948.57,1950.86,2410.19
1770956100000,1950.75,1954.85,1947.5,1950.29,2288.65
1770957000000,1950.3,1951.6,1946.0,1946.71,2421.07
1770957900000,1946.65,1951.17,1942.34,1943.81,3154.46
1770958800000,1943.79,1946.04,1936.35,1936.41,5460.06
1770959700000,1936.46,1942.15,1934.35,1938.31,6166.98
1770960600000,1938.21,1943.29,1937.68,1942.38,1818.89
1770961500000,1942.38,1943.96,1932.32,1933.13,3489.35
1770962400000,1933.13,1936.69,1933.0,1934.02,2652.59
1770963300000,1934.0,1938.46,1927.16,1930.18,5622.96
1770964200000,1930.07,1930.07,1923.59,1929.1,3570.15
1770965100000,1929.1,1936.83,1927.47,1935.7,3723.31
1770966000000,1935.68,1947.7,1934.95,1946.02,9838.08
1770966900000,1946.01,1946.81,1942.61,1945.27,2488.22
1770967800000,1945.26,1945.26,1932.06,1932.91,4807.79
1770968700000,1932.91,1938.41,1931.75,1934.88,2847.23
1770969600000,1934.94,1943.55,1932.83,1937.79,7499.01
1770970500000,1937.7,1946.64,1936.1,1944.33,9567.04
1770971400000,1944.31,1949.88,1943.24,1948.04,6542.71
1770972300000,1948.06,1962.99,1948.03,1958.27,16513.44
1770973200000,1958.23,1961.0,1952.27,1953.56,4405.06
1770974100000,1953.56,1962.01,1953.36,1959.91,6987.94
1770975000000,1959.87,1965.73,1958.98,1959.46,6300.91
1770975900000,1959.44,1966.0,1959.44,1961.05,4448.86
1770976800000,1961.07,1963.59,1956.17,1958.13,4312.07
1770977700000,1958.11,1968.16,1956.43,1957.7,8222.93
1770978600000,1957.68,1962.89,1955.61,1960.61,3189.72
1770979500000,1960.63,1962.7,1956.8,1958.69,1708.55
1770980400000,1958.69,1959.55,1952.54,1954.77,5546.12
1770981300000,1954.77,1956.97,1952.21,1955.38,4236.34
1770982200000,1955.32,1961.17,1945.44,1957.67,12478.26
1770983100000,1957.67,1960.61,1955.2,1959.4,2677.8
1770984000000,1959.34,1960.05,1951.6,1954.74,3722.35
1770984900000,1954.74,1962.59,1952.8,1961.74,2757.83
1770985800000,1961.76,1963.58,1958.11,1959.64,3234.53
1770986700000,1959.63,1963.96,1957.7,1959.98,2078.72
1770987600000,1960.04,1963.74,1955.36,1957.51,2935.45
1770988500000,1957.46,1972.17,1957.07,1968.16,9223.2
1770989400000,1968.16,1980.0,1966.0,1970.39,25184.34
1770990300000,1970.38,1975.53,1964.81,1969.65,5619.65
1770991200000,1969.63,1971.57,1962.2,1963.05,6766.97
1770992100000,1963.03,1975.74,1962.97,1974.97,4137.12
1770993000000,1974.97,1989.27,1966.31,1982.92,19214.74
1770993900000,1982.93,2000.38,1982.93,1989.88,22915.35
1770994800000,1989.99,2030.4,1986.23,2019.86,30075.54
1770995700000,2019.99,2039.38,2013.44,2038.74,21417.3
1770996600000,2038.69,2049.55,2031.82,2032.43,21807.8
1770997500000,2032.55,2034.87,2023.34,2033.83,13238.11
1770998400000,2033.85,2061.83,2030.23,2050.12,19251.71
1770999300000,2050.12,2057.4,2042.5,2055.18,8097.01
1771000200000,2054.94,2072.4,2053.37,2063.47,14160.55
1771001100000,2063.47,2069.38,2058.4,2060.54,6900.61
1771002000000,2060.49,2061.16,2048.65,2058.39,10249.46
1771002900000,2058.44,2061.14,2052.69,2056.86,4271.24
1771003800000,2057.03,2066.71,2056.36,2061.8,3500.37
1771004700000,2061.68,2064.68,2056.43,2058.31,3300.43
1771005600000,2058.31,2060.67,2051.8,2055.0,4951.39
1771006500000,2055.01,2057.5,2049.6,2054.36,2657.12
1771007400000,2054.46,2063.6,2052.44,2058.27,7844.39
1771008300000,2058.29,2063.12,2054.55,2056.4,2775.42
1771009200000,2056.4,2060.14,2053.63,2057.45,2195.24
1771010100000,2057.45,2060.78,2052.92,2052.93,2711.24
1771011000000,2052.9,2055.91,2051.01,2051.6,3078.5
1771011900000,2052.59,2060.51,2052.59,2056.77,1928.1
1771012800000,2056.74,2058.74,2051.07,2051.4,3158.93
1771013700000,2051.39,2052.93,2043.01,2044.92,7112.07
1771014600000,2044.86,2049.36,2038.18,2044.64,4044.4
1771015500000,2044.57,2048.09,2042.32,2044.7,2448.65
1771016400000,2044.5,2057.55,2043.92,2055.76,4119.53
1771017300000,2055.69,2055.76,2049.18,2050.46,3289.14
1771018200000,2050.46,2053.22,2050.06,2052.23,1036.59
1771019100000,2052.23,2053.38,2048.3,2052.84,873.2
1771020000000,2052.84,2058.44,2044.74,2044.75,2341.67
1771020900000,2044.74,2051.26,2044.74,2050.93,3136.1
1771021800000,2050.93,2051.3,2046.04,2048.81,885.13
1771022700000,2048.81,2053.31,2046.78,2053.29,1887.58
1771023600000,2053.29,2053.34,2048.27,2050.53,1259.96
1771024500000,2050.53,2052.73,2048.86,2049.37,811.52
1771025400000,2049.36,2051.1,2045.41,2046.08,1518.51
1771026300000,2046.11,2049.84,2045.96,2047.7,1063.65
1771027200000,2047.68,2048.94,2044.6,2046.88,1363.54
1771028100000,2046.9,2047.36,2041.57,2045.9,1892.1
1771029000000,2045.92,2050.67,2045.15,2050.45,2544.89
1771029900000,2050.46,2055.2,2048.87,2054.22,2906.2
1771030800000,2054.07,2054.07,2049.41,2052.96,1636.21
1771031700000,2052.88,2056.76,2050.73,2054.3,1869.26
1771032600000,2054.3,2056.0,2051.85,2053.65,1305.97
1771033500000,2053.65,2055.84,2052.5,2053.28,861.62
1771034400000,2053.28,2053.47,2050.78,2052.88,797.8
1771035300000,2052.88,2053.25,2046.96,2048.88,2132.06
1771036200000,2048.86,2051.0,2047.88,2049.77,910.79
1771037100000,2049.97,2050.59,2047.83,2049.29,1896.2
1771038000000,2049.29,2051.2,2047.5,2050.79,1200.06
1771038900000,2050.9,2051.64,2048.05,2050.47,866.2
1771039800000,2050.45,2053.02,2050.43,2052.06,1273.71
1771040700000,2052.04,2054.85,2050.12,2053.4,2087.9
1771041600000,2053.38,2053.88,2051.47,2052.21,631.71
1771042500000,2052.21,2056.47,2052.0,2055.9,1987.82
1771043400000,2055.87,2056.64,2053.3,2056.42,1085.68
1771044300000,2056.44,2057.09,2052.11,2052.45,1195.09
1771045200000,2052.41,2053.71,2050.18,2053.01,2029.08
1771046100000,2053.01,2055.0,2052.99,2053.66,1404.27
1771047000000,2053.68,2054.37,2051.45,2052.46,755.43
1771047900000,2052.46,2054.24,2049.59,2050.0,1950.15
1771048800000,2050.02,2051.5,2047.21,2049.46,3338.94
1771049700000,2049.46,2051.5,2048.04,2050.81,1316.32
1771050600000,2050.81,2053.04,2049.78,2052.34,1035.98
1771051500000,2052.34,2053.58,2051.54,2052.55,1276.07
1771052400000,2052.55,2053.9,2051.3,2052.62,902.51
1771053300000,2052.62,2054.55,2051.59,2054.01,1202.76
1771054200000,2054.01,2054.93,2049.45,2054.72,2498.88
1771055100000,2054.73,2059.69,2053.09,2056.02,5366.17
1771056000000,2056.02,2089.24,2054.88,2071.44,24690.64
1771056900000,2071.44,2076.66,2066.77,2066.87,7145.31
1771057800000,2066.87,2079.92,2066.87,2075.0,7313.52
1771058700000,2075.0,2083.38,2074.99,2081.0,6762.47
1771059600000,2081.05,2087.77,2078.06,2078.95,5788.7
1771060500000,2078.95,2082.78,2074.84,2075.77,5560.16
1771061400000,2075.77,2081.81,2075.35,2081.18,2798.9
1771062300000,2081.2,2082.41,2076.98,2077.19,1807.49
1771063200000,2077.17,2077.59,2072.0,2074.51,2886.07
1771064100000,2074.53,2075.33,2071.39,2073.73,2355.65
1771065000000,2073.73,2076.92,2072.87,2074.68,1166.13
1771065900000,2074.68,2076.56,2073.0,2076.19,1683.71
1771066800000,2076.21,2093.92,2076.13,2092.39,9823.23
1771067700000,2092.23,2107.0,2087.15,2095.35,20138.77
1771068600000,2095.35,2101.68,2091.78,2099.98,8228.19
1771069500000,2100.14,2103.37,2096.55,2098.27,7525.0
1771070400000,2098.24,2099.04,2093.48,2096.88,3851.74
1771071300000,2096.9,2097.47,2089.0,2090.7,2977.77
1771072200000,2090.72,2091.26,2074.23,2077.48,12932.71
1771073100000,2077.5,2080.31,2067.42,2070.11,10515.62
1771074000000,2070.11,2073.46,2064.35,2072.9,7720.69
1771074900000,2072.94,2073.87,2066.63,2068.02,5145.01
1771075800000,2068.0,2073.69,2065.33,2070.68,4574.24
1771076700000,2070.59,2075.12,2067.63,2070.74,3474.55
1771077600000,2070.72,2073.88,2069.58,2072.47,2050.04
1771078500000,2072.47,2076.56,2068.48,2070.58,5826.16
1771079400000,2070.58,2076.81,2070.56,2075.12,2891.01
1771080300000,2075.12,2087.77,2072.42,2083.99,8626.79
1771081200000,2084.01,2087.75,2080.51,2081.31,5588.81
1771082100000,2081.32,2092.63,2079.68,2087.4,6550.71
1771083000000,2087.35,2089.61,2083.36,2086.45,4373.26
1771083900000,2086.47,2088.37,2083.05,2086.4,1867.95
1771084800000,2086.4,2087.03,2077.21,2078.68,3231.87
1771085700000,2078.68,2078.9,2066.66,2071.54,6898.15
1771086600000,2071.54,2080.06,2066.56,2078.83,4708.86
1771087500000,2078.83,2083.8,2075.97,2081.93,5543.49
1771088400000,2081.83,2086.06,2076.68,2084.69,2597.41
1771089300000,2084.72,2088.39,2082.67,2083.73,2983.04
1771090200000,2083.73,2086.84,2077.15,2082.0,3028.13
1771091100000,2082.0,2082.89,2077.48,2079.29,1651.05
1771092000000,2079.29,2083.95,2077.63,2081.79,2044.13
1771092900000,2081.79,2084.61,2080.22,2081.06,1763.98
1771093800000,2081.08,2085.59,2079.48,2083.04,2596.18
1771094700000,2083.08,2085.8,2081.89,2084.52,715.14
1771095600000,2084.55,2086.6,2082.24,2082.24,1205.78
1771096500000,2082.26,2086.56,2077.29,2084.47,2579.71
1771097400000,2084.47,2087.21,2083.38,2086.38,1146.01
1771098300000,2086.2,2089.72,2085.18,2087.53,2644.21
1771099200000,2087.55,2091.63,2083.22,2084.09,2596.57
1771100100000,2084.09,2086.53,2080.02,2084.11,1299.7
1771101000000,2084.04,2087.81,2082.88,2086.83,790.15
1771101900000,2086.83,2089.05,2086.4,2088.77,976.79
1771102800000,2088.77,2097.57,2088.61,2094.18,6793.85
1771103700000,2094.2,2096.0,2083.32,2083.72,3372.97
1771104600000,2083.74,2084.14,2077.64,2082.95,4897.63
1771105500000,2082.97,2085.64,2081.09,2084.96,1273.05
1771106400000,2084.95,2091.88,2084.36,2091.68,2424.28
1771107300000,2091.68,2091.78,2082.47,2088.57,2069.6
1771108200000,2088.57,2094.7,2087.1,2092.58,5178.88
1771109100000,2092.58,2093.95,2086.78,2089.5,3252.39
1771110000000,2089.5,2091.93,2087.35,2089.85,1800.39
1771110900000,2089.9,2092.17,2082.56,2087.57,4982.86
1771111800000,2087.61,2089.53,2083.91,2086.41,963.63
1771112700000,2086.39,2087.77,2084.55,2085.59,802.58
1771113600000,2085.57,2088.28,2080.31,2082.44,7305.63
1771114500000,2082.47,2087.26,2080.73,2080.85,1561.68
1771115400000,2080.75,2083.1,2074.41,2075.17,9036.21
1771116300000,2075.17,2080.71,2071.82,2079.11,5725.28
1771117200000,2079.11,2084.12,2077.94,2082.78,1835.35
1771118100000,2082.64,2082.65,2056.04,2061.61,16022.08
1771119000000,2061.59,2065.7,2052.49,2055.39,9232.87
1771119900000,2055.42,2063.96,2054.38,2063.01,4194.97
1771120800000,2062.88,2071.46,2054.84,2059.16,8925.58
1771121700000,2059.16,2062.85,2050.6,2056.21,4487.58
1771122600000,2056.21,2062.1,2045.2,2057.5,9121.75
1771123500000,2057.5,2062.63,2057.5,2058.6,2197.02
1771124400000,2058.6,2062.51,2056.39,2056.39,1694.2
1771125300000,2056.43,2059.38,2054.22,2054.37,1345.81
1771126200000,2054.37,2059.08,2035.5,2042.39,17014.81
1771127100000,2042.53,2059.86,2042.53,2058.13,7946.22
1771128000000,2058.19,2084.29,2058.17,2080.78,13342.71
1771128900000,2080.78,2086.5,2068.26,2072.0,7915.86
1771129800000,2072.0,2080.44,2071.3,2077.17,3383.16
1771130700000,2077.15,2080.0,2073.09,2075.54,2177.59
1771131600000,2075.53,2085.41,2074.17,2082.77,3385.79
1771132500000,2082.77,2092.3,2082.32,2089.51,4000.57
1771133400000,2089.49,2094.06,2086.72,2089.91,2898.63
1771134300000,2089.87,2095.4,2087.86,2087.86,3302.83
1771135200000,2087.86,2090.33,2084.5,2086.21,2106.7
1771136100000,2086.23,2093.61,2085.32,2089.26,2070.19
1771137000000,2089.26,2094.06,2087.45,2087.47,2483.18
1771137900000,2087.44,2088.49,2081.35,2084.99,2550.23
1771138800000,2085.0,2087.44,2082.61,2084.01,1808.29
1771139700000,2084.0,2089.59,2082.28,2084.9,3094.76
1771140600000,2084.9,2102.84,2082.76,2089.25,6957.48
1771141500000,2089.27,2092.56,2087.97,2090.67,2724.13
1771142400000,2090.69,2096.12,2083.48,2084.13,4319.47
1771143300000,2084.14,2088.75,2075.21,2075.55,4382.84
1771144200000,2075.58,2077.0,2054.79,2062.64,12097.67
1771145100000,2062.66,2069.09,2060.38,2068.12,4150.38
1771146000000,2068.12,2077.27,2065.1,2072.96,4365.47
1771146900000,2072.98,2074.36,2069.64,2074.26,3423.82
1771147800000,2074.26,2075.07,2067.0,2070.14,2418.04
1771148700000,2070.12,2070.89,2066.08,2067.74,1472.92
1771149600000,2067.72,2069.34,2053.42,2057.07,5809.53
1771150500000,2057.07,2063.61,2054.02,2062.0,4080.26
1771151400000,2062.0,2062.58,2056.04,2062.58,2204.32
1771152300000,2062.61,2064.45,2058.5,2060.41,3745.56
1771153200000,2060.61,2065.49,2059.81,2062.75,1598.67
1771154100000,2062.75,2066.05,2058.79,2061.28,2098.36
1771155000000,2061.26,2062.23,2057.62,2061.39,1238.82
1771155900000,2061.36,2062.0,2058.09,2061.02,1271.76
1771156800000,2061.05,2062.07,2055.63,2058.75,1977.89
1771157700000,2058.75,2065.75,2055.82,2065.29,3580.37
1771158600000,2065.31,2067.03,2057.05,2060.44,3243.49
1771159500000,2060.42,2060.48,2009.47,2009.5,25684.15
1771160400000,2009.52,2024.72,2009.33,2018.97,16388.7
1771161300000,2018.83,2026.69,2006.32,2006.94,8648.41
1771162200000,2007.33,2013.35,2002.4,2006.21,15244.38
1771163100000,2006.21,2010.91,1992.98,2001.38,14472.71
1771164000000,2001.36,2005.58,1992.07,1996.64,7492.27
1771164900000,1996.71,2003.56,1995.48,2001.75,5642.95
1771165800000,2001.84,2010.94,1997.97,2010.28,6748.6
1771166700000,2010.29,2011.1,2006.2,2009.42,3704.82
1771167600000,2009.18,2014.18,2007.2,2012.18,3676.11
1771168500000,2012.19,2013.0,2002.28,2002.64,4409.94
1771169400000,2002.64,2008.9,2001.76,2008.9,3513.28
1771170300000,2008.47,2011.7,2005.01,2010.37,3277.41
1771171200000,2010.35,2010.35,1993.72,2003.47,10262.05
1771172100000,2003.47,2006.9,1999.03,2006.85,3626.77
1771173000000,2006.85,2008.46,2001.03,2008.1,2033.08
1771173900000,2008.16,2009.62,2004.0,2005.42,2409.14
1771174800000,2005.69,2008.17,2003.16,2004.45,2408.42
1771175700000,2004.19,2004.19,1995.08,1997.54,4090.08
1771176600000,1997.56,1999.65,1986.22,1986.37,8895.42
1771177500000,1986.22,1986.22,1956.81,1970.12,30086.8
1771178400000,1970.18,1978.72,1961.54,1973.41,11147.24
1771179300000,1973.43,1980.0,1970.0,1970.2,4550.85
1771180200000,1970.2,1970.97,1956.0,1965.62,15857.6
1771181100000,1965.73,1965.99,1952.99,1958.44,12141.05
1771182000000,1958.44,1961.03,1933.85,1941.31,21787.25
1771182900000,1941.34,1951.24,1935.28,1948.94,7856.55
1771183800000,1948.95,1949.21,1927.71,1934.45,10567.32
1771184700000,1934.45,1945.59,1934.21,1941.11,4795.9
1771185600000,1941.11,1948.49,1933.25,1946.99,5803.43
1771186500000,1947.01,1948.77,1939.44,1948.55,3050.1
1771187400000,1948.55,1956.77,1946.6,1952.34,7271.91
1771188300000,1952.04,1954.0,1944.47,1949.25,2859.7
1771189200000,1949.27,1957.93,1949.05,1956.14,3821.74
1771190100000,1956.12,1959.5,1952.05,1954.5,2583.76
1771191000000,1954.47,1964.41,1953.62,1954.96,3677.55
1771191900000,1954.47,1959.34,1952.66,1957.3,1794.82
1771192800000,1957.44,1963.78,1955.34,1959.13,2044.51
1771193700000,1959.11,1967.72,1958.66,1962.52,2674.54
1771194600000,1962.5,1967.05,1961.77,1965.75,2150.95
1771195500000,1965.26,1974.41,1961.82,1969.51,4612.43
1771196400000,1968.79,1969.63,1943.81,1950.82,9751.6
1771197300000,1950.82,1958.28,1946.52,1957.45,3870.82
1771198200000,1957.43,1967.09,1957.28,1961.23,4373.16
1771199100000,1961.09,1966.45,1961.08,1965.52,1902.43
1771200000000,1965.49,1976.08,1963.29,1972.48,5220.54
1771200900000,1972.67,1978.0,1964.65,1967.89,5548.47
1771201800000,1967.92,1973.65,1963.88,1964.14,4079.32
1771202700000,1964.13,1971.61,1962.14,1968.36,2806.31
1771203600000,1968.39,1980.0,1966.55,1971.41,5755.47
1771204500000,1971.41,1974.7,1964.0,1966.45,3947.25
1771205400000,1966.45,1967.99,1955.75,1960.43,3867.24
1771206300000,1960.41,1963.72,1960.0,1962.02,1615.35
1771207200000,1962.02,1966.33,1957.0,1962.93,2666.86
1771208100000,1962.77,1963.35,1954.13,1955.62,4921.84
1771209000000,1955.62,1960.73,1954.22,1958.65,2401.81
1771209900000,1958.65,1960.96,1951.52,1956.08,2722.07
1771210800000,1956.21,1958.72,1955.33,1955.41,1953.85
1771211700000,1955.58,1956.61,1948.0,1950.48,4048.31
1771212600000,1950.46,1954.96,1948.0,1954.3,3925.5
1771213500000,1954.28,1958.5,1953.18,1957.78,2799.47
1771214400000,1957.8,1966.95,1957.46,1965.17,4516.07
1771215300000,1965.19,1969.49,1964.18,1967.15,3293.75
1771216200000,1967.17,1968.28,1963.61,1964.72,2146.57
1771217100000,1964.72,1972.26,1964.04,1972.04,3342.76
1771218000000,1972.02,1973.34,1959.66,1959.96,4075.93
1771218900000,1960.12,1960.86,1953.42,1957.61,4779.32
1771219800000,1957.55,1958.49,1952.02,1955.19,3082.71
1771220700000,1955.19,1958.49,1954.7,1957.32,2270.76
1771221600000,1957.33,1960.19,1956.0,1958.93,1230.38
1771222500000,1958.91,1960.48,1954.78,1959.14,1784.66
1771223400000,1959.08,1965.67,1958.52,1965.02,2526.74
1771224300000,1965.0,1966.85,1962.67,1965.94,1477.99
1771225200000,1965.92,1974.0,1963.36,1972.02,3321.87
1771226100000,1972.02,1977.76,1970.24,1973.09,5119.03
1771227000000,1973.09,1975.71,1964.11,1966.97,5204.22
1771227900000,1967.03,1971.46,1967.03,1970.18,2100.62
1771228800000,1970.39,1974.42,1969.0,1969.08,2251.84
1771229700000,1969.09,1977.02,1968.87,1973.76,2347.72
1771230600000,1973.76,1974.64,1969.75,1973.48,1779.69
1771231500000,1973.41,1977.73,1972.43,1976.22,2989.39
1771232400000,1976.14,1988.93,1975.17,1985.88,11410.72
1771233300000,1985.88,1987.37,1982.58,1985.06,3152.27
1771234200000,1985.08,1992.39,1981.31,1989.83,6480.65
1771235100000,1989.81,1990.43,1984.78,1986.68,2579.34
1771236000000,1986.48,1988.03,1982.82,1986.64,2277.88
1771236900000,1986.64,1986.9,1977.41,1980.19,2789.35
1771237800000,1980.16,1982.79,1976.44,1979.88,3044.85
1771238700000,1979.88,1981.96,1977.73,1977.91,1301.19
1771239600000,1977.93,1982.54,1962.54,1965.26,10782.51
1771240500000,1965.26,1971.77,1956.05,1971.62,10984.22
1771241400000,1971.61,1972.12,1965.2,1967.0,3392.55
1771242300000,1967.0,1978.28,1966.99,1975.22,3893.87
1771243200000,1975.49,1977.93,1973.26,1975.59,2475.25
1771244100000,1975.59,1995.37,1971.29,1991.39,9728.54
1771245000000,1991.32,1997.14,1986.08,1996.6,9942.4
1771245900000,1996.72,2008.4,1994.09,2005.54,20260.24
1771246800000,2005.52,2022.33,2002.8,2007.99,21613.76
1771247700000,2008.0,2013.72,1969.18,1975.71,19304.53
1771248600000,1975.73,1985.87,1965.27,1973.83,17338.38
1771249500000,1973.87,1975.52,1960.07,1966.74,12674.33
1771250400000,1966.74,1972.46,1961.59,1966.95,7484.9
1771251300000,1966.97,1973.51,1953.09,1959.09,12521.32
1771252200000,1959.09,1974.91,1958.0,1969.8,7414.04
1771253100000,1969.89,1981.97,1965.48,1971.99,7659.34
1771254000000,1972.0,1984.95,1971.61,1972.01,7296.18
1771254900000,1972.0,1972.17,1962.38,1965.34,6088.13
1771255800000,1965.06,1965.47,1936.41,1950.1,23083.68
1771256700000,1950.16,1959.6,1947.37,1955.71,6440.33
1771257600000,1955.71,1979.23,1955.17,1969.75,10475.52
1771258500000,1969.67,1973.4,1962.77,1970.42,4038.31
1771259400000,1970.42,1973.2,1960.56,1973.1,3758.34
1771260300000,1973.1,1974.77,1969.23,1972.68,3049.43
1771261200000,1972.66,1976.12,1966.49,1971.22,3474.45
1771262100000,1971.33,1977.42,1963.32,1976.08,4313.15
1771263000000,1976.1,1987.53,1975.11,1985.16,6717.46
1771263900000,1985.16,1985.18,1976.58,1977.94,3115.65
1771264800000,1977.94,1983.54,1977.81,1981.48,1861.35
1771265700000,1981.4,1984.85,1977.31,1978.35,2300.92
1771266600000,1978.2,1980.0,1972.7,1973.93,2496.56
1771267500000,1974.09,1975.69,1966.23,1968.05,2661.08
1771268400000,1968.08,1970.96,1966.08,1970.61,2499.08
1771269300000,1970.54,1973.41,1965.14,1970.68,2036.27
1771270200000,1970.83,1979.0,1970.46,1976.96,2477.43
1771271100000,1976.88,1978.69,1972.08,1973.29,1515.19
1771272000000,1973.29,1975.48,1970.04,1973.58,1690.04
1771272900000,1973.58,1981.97,1970.96,1981.97,1839.59
1771273800000,1981.97,1984.11,1978.06,1982.79,2186.88
1771274700000,1982.78,1993.44,1981.23,1992.22,7318.26
1771275600000,1992.24,1993.14,1987.12,1993.0,2734.27
1771276500000,1993.0,1993.94,1986.3,1987.79,2149.49
1771277400000,1987.65,1989.9,1985.46,1988.14,1473.86
1771278300000,1987.85,2003.22,1985.4,1998.15,4573.1
1771279200000,1998.1,2001.63,1991.24,1991.88,4048.77
1771280100000,1991.88,1994.8,1989.03,1992.72,1612.93
1771281000000,1992.18,1994.65,1987.77,1989.99,2674.03
1771281900000,1990.01,1992.34,1984.22,1989.04,2659.0
1771282800000,1988.94,1997.0,1987.68,1995.41,1585.97
1771283700000,1995.41,1999.11,1992.82,1994.59,2610.41
1771284600000,1994.59,1996.65,1991.81,1993.48,1281.13
1771285500000,1993.64,2001.62,1993.64,1997.35,2749.28
1771286400000,1997.35,1998.75,1993.42,1997.99,1848.29
1771287300000,1998.0,2000.69,1992.5,1997.62,1565.87
1771288200000,1997.6,2001.29,1994.5,1997.38,2535.3
1771289100000,1997.38,2004.99,1996.47,1997.52,3538.29
1771290000000,1997.5,2001.94,1994.0,2000.73,2869.7
1771290900000,2000.69,2003.57,1997.52,1999.46,1713.14
1771291800000,1999.45,2006.88,1997.89,2001.47,3506.04
1771292700000,2001.6,2002.51,1989.88,1991.0,4704.89
1771293600000,1991.01,2007.85,1979.51,2002.98,11774.43
1771294500000,2002.88,2006.46,2000.51,2004.0,3380.84
1771295400000,2003.8,2005.01,1998.54,2001.29,2175.72
1771296300000,2001.31,2004.32,1997.6,1997.69,1238.15
1771297200000,1997.65,1998.33,1989.08,1991.15,5295.48
1771298100000,1991.1,1993.88,1986.71,1989.74,2023.84
1771299000000,1989.76,1989.76,1984.57,1988.11,2641.13
1771299900000,1988.1,1990.13,1983.81,1984.88,1952.72
1771300800000,1984.88,1988.67,1981.97,1985.79,1889.83
1771301700000,1985.79,1997.31,1982.85,1992.46,3642.5
1771302600000,1992.46,1992.46,1981.04,1987.9,3659.26
1771303500000,1987.92,1990.16,1986.44,1988.5,1663.71
1771304400000,1988.48,1989.76,1982.64,1983.28,1611.53
1771305300000,1983.24,1984.19,1969.65,1972.94,8559.48
1771306200000,1972.95,1974.57,1963.55,1972.64,7008.13
1771307100000,1972.64,1975.79,1971.22,1974.64,2855.64
1771308000000,1974.64,1980.39,1974.4,1977.59,2509.37
1771308900000,1977.69,1983.63,1975.87,1981.72,2085.05
1771309800000,1981.74,1982.63,1979.18,1980.16,1789.21
1771310700000,1980.16,1982.09,1978.74,1979.85,1034.6
1771311600000,1979.82,1980.13,1974.06,1975.11,2354.63
1771312500000,1975.09,1977.9,1972.15,1973.5,1369.91
1771313400000,1973.5,1982.7,1972.53,1980.98,3108.73
1771314300000,1981.0,1987.32,1979.73,1984.73,3221.58
1771315200000,1984.75,1989.8,1984.53,1987.55,2852.9
1771316100000,1987.53,1987.74,1981.82,1982.75,3398.63
1771317000000,1982.74,1985.0,1972.55,1977.18,6940.19
1771317900000,1977.2,1978.16,1973.45,1976.01,2486.54
1771318800000,1976.0,1979.16,1968.63,1970.64,5076.14
1771319700000,1970.74,1974.13,1969.51,1972.13,2346.18
1771320600000,1972.13,1974.14,1969.41,1972.61,1522.33
1771321500000,1972.61,1976.41,1971.62,1974.89,3979.7
1771322400000,1974.91,1976.57,1971.0,1972.18,1687.88
1771323300000,1972.21,1972.21,1962.88,1965.69,5683.21
1771324200000,1965.66,1968.32,1961.8,1962.96,4673.52
1771325100000,1962.96,1966.0,1960.51,1965.96,6700.1
1771326000000,1965.94,1970.66,1963.0,1970.1,4507.99
1771326900000,1970.08,1971.7,1963.46,1969.51,3182.67
1771327800000,1969.51,1970.75,1965.16,1965.56,1398.71
1771328700000,1965.58,1969.59,1964.15,1967.56,1726.43
1771329600000,1967.56,1977.49,1966.71,1972.02,7604.95
1771330500000,1972.02,1972.9,1969.12,1971.33,2459.68
1771331400000,1971.33,1976.0,1968.76,1973.43,2067.02
1771332300000,1973.45,1974.17,1966.07,1968.83,2561.87
1771333200000,1968.81,1983.27,1963.44,1979.05,6971.13
1771334100000,1979.05,1988.91,1975.95,1982.99,6790.98
1771335000000,1983.0,1984.95,1980.26,1982.08,3132.59
1771335900000,1982.06,1998.76,1980.0,1989.52,17898.79
1771336800000,1989.52,2003.41,1987.35,1993.12,10018.81
1771337700000,1993.1,1994.79,1986.92,1987.19,4801.5
1771338600000,1987.17,1996.26,1953.36,1960.65,25048.49
1771339500000,1960.7,1961.34,1942.92,1947.36,21503.02
1771340400000,1947.44,1962.25,1945.71,1951.68,12329.16
1771341300000,1951.63,1965.83,1945.59,1950.01,10279.19
1771342200000,1949.94,1953.85,1940.04,1953.36,10775.26
1771343100000,1953.38,1969.14,1952.66,1967.55,10641.6
1771344000000,1967.56,1994.78,1966.56,1987.16,23800.89
1771344900000,1987.04,1993.54,1980.88,1983.59,7074.13
1771345800000,1983.59,2009.78,1980.79,1991.85,20749.63
1771346700000,1991.84,1992.62,1978.73,1979.36,11954.81
1771347600000,1979.42,1983.47,1957.56,1964.35,12957.17
1771348500000,1964.33,1973.07,1962.26,1972.8,7673.47
1771349400000,1972.88,1973.56,1958.69,1959.45,5624.89
1771350300000,1959.05,1965.65,1952.46,1965.19,7977.43
1771351200000,1965.16,1968.0,1960.49,1966.91,2646.66
1771352100000,1966.89,1990.36,1962.55,1988.57,10466.97
1771353000000,1988.94,2006.41,1986.58,2000.18,20024.17
1771353900000,2000.19,2003.87,1994.6,1997.96,7111.28
1771354800000,1997.98,2013.67,1996.2,2011.53,8621.18
1771355700000,2010.99,2014.7,1998.94,2000.8,8450.97
1771356600000,2000.8,2004.51,1994.0,2004.0,8920.76
1771357500000,2003.9,2008.28,1996.35,1997.38,5660.02
1771358400000,1997.34,2000.53,1990.67,1993.12,5928.97
1771359300000,1993.14,1996.5,1988.21,1994.62,4387.25
1771360200000,1994.45,2000.74,1986.68,1998.02,4341.32
1771361100000,1998.0,1999.21,1993.56,1993.88,2385.8
1771362000000,1993.87,2000.83,1991.77,2000.23,2537.69
1771362900000,2000.25,2002.36,1992.59,1994.64,1686.7
1771363800000,1994.73,1996.88,1992.0,1995.59,1436.41
1771364700000,1995.59,1999.92,1994.18,1998.81,916.97
1771365600000,1998.81,2000.0,1995.47,1999.91,1141.57
1771366500000,1999.91,2002.51,1996.68,2000.4,1263.61
1771367400000,2000.4,2003.36,1997.13,1998.33,2702.99
1771368300000,1998.31,2000.48,1992.0,1992.96,1820.5
1771369200000,1992.92,1995.51,1988.67,1991.7,1911.23
1771370100000,1991.69,1997.45,1990.75,1991.75,1257.36
1771371000000,1991.69,1994.7,1989.58,1994.08,1066.72
1771371900000,1994.09,1994.65,1989.57,1990.86,1484.91
1771372800000,1990.84,1996.15,1990.32,1995.02,1918.37
1771373700000,1995.04,1997.0,1988.4,1990.93,2057.95
1771374600000,1991.01,1995.8,1990.2,1991.34,1364.31
1771375500000,1991.36,1991.44,1980.26,1980.48,5853.79
1771376400000,1980.57,1983.1,1970.18,1973.0,7690.32
1771377300000,1973.01,1977.9,1972.26,1973.4,3036.39
1771378200000,1973.2,1978.17,1967.4,1977.4,12822.89
1771379100000,1977.41,1978.46,1973.98,1976.97,2114.12
1771380000000,1976.99,1988.78,1976.35,1984.59,5947.62
1771380900000,1984.6,1986.24,1981.73,1982.46,2522.47
1771381800000,1982.44,1991.87,1982.0,1989.89,3077.24
1771382700000,1989.91,1990.39,1986.22,1986.44,1496.47
1771383600000,1986.47,1990.14,1985.59,1988.26,1558.67
1771384500000,1988.28,1994.16,1987.88,1993.02,2026.15
1771385400000,1993.0,1998.66,1992.14,1996.87,3931.09
1771386300000,1996.77,1999.32,1994.87,1995.75,2124.8
1771387200000,1996.33,2001.76,1992.72,1996.45,3722.02
1771388100000,1996.47,1999.38,1994.61,1995.7,2842.47
1771389000000,1995.7,1996.95,1991.29,1993.21,3192.76
1771389900000,1993.2,1999.92,1992.15,1998.25,2088.1
1771390800000,1998.27,2000.23,1995.65,1998.06,1706.31
1771391700000,1998.06,2001.55,1996.76,1996.84,2486.75
1771392600000,1996.83,1999.84,1994.86,1997.79,2037.55
1771393500000,1997.79,2000.48,1995.1,1995.21,1377.72
1771394400000,1995.18,2000.35,1994.44,1999.07,1133.4
1771395300000,1999.09,2005.7,1997.83,2004.3,3250.95
1771396200000,2004.33,2005.26,2001.41,2003.96,2329.3
1771397100000,2003.98,2007.22,2000.7,2001.15,3212.17
1771398000000,2001.16,2004.25,1998.51,1998.6,2201.05
1771398900000,1998.58,1999.73,1995.5,1998.63,1978.11
1771399800000,1998.61,2012.67,1998.16,2010.91,5747.84
1771400700000,2010.93,2022.0,2009.39,2017.13,11927.98
1771401600000,2017.13,2021.5,2016.09,2017.7,5240.5
1771402500000,2017.7,2038.0,2017.0,2029.21,15565.88
1771403400000,2029.22,2030.0,2020.0,2021.62,7218.49
1771404300000,2021.63,2023.54,2018.31,2019.67,3297.62
1771405200000,2019.65,2020.1,2015.58,2018.32,3734.25
1771406100000,2018.34,2020.41,2017.2,2018.93,2220.81
1771407000000,2018.93,2021.95,2017.27,2021.12,2482.1
1771407900000,2021.03,2021.03,2014.74,2015.62,2328.57
1771408800000,2015.64,2017.0,2012.55,2015.81,2246.03
1771409700000,2015.83,2016.59,2008.83,2011.0,4182.22
1771410600000,2010.99,2011.0,1998.12,1999.04,8638.86
1771411500000,1999.04,2000.32,1994.34,1996.34,6836.46
1771412400000,1996.34,1997.2,1975.52,1984.18,14137.5
1771413300000,1984.17,1985.12,1979.11,1981.94,5150.02
1771414200000,1981.92,1985.29,1980.34,1983.98,3022.69
1771415100000,1983.98,1988.25,1980.05,1980.2,3746.64
1771416000000,1980.2,1988.26,1978.27,1984.12,4523.86
1771416900000,1984.13,1985.8,1976.8,1980.64,4995.54
1771417800000,1980.62,1983.42,1971.0,1982.91,7740.56
1771418700000,1982.91,1985.56,1980.53,1981.43,2669.88
1771419600000,1981.54,1987.97,1979.14,1986.02,3750.53
1771420500000,1986.0,1990.65,1983.37,1984.78,5034.92
1771421400000,1984.68,1986.78,1972.34,1974.58,5173.6
1771422300000,1974.6,1975.49,1960.25,1969.53,15076.12
1771423200000,1969.52,1973.12,1968.03,1971.09,4881.16
1771424100000,1971.11,1971.95,1964.1,1964.1,4865.56
1771425000000,1964.1,1975.67,1962.47,1969.08,8817.84
1771425900000,1969.21,1975.02,1953.18,1973.66,20030.45
1771426800000,1973.7,1993.0,1972.38,1983.43,18061.34
1771427700000,1983.65,1989.24,1978.55,1981.1,5781.05
1771428600000,1980.86,2009.44,1978.88,2000.97,16806.73
1771429500000,2001.02,2001.51,1981.16,1984.46,10817.16
1771430400000,1984.46,1984.78,1963.9,1967.52,16174.91
1771431300000,1967.59,1977.28,1965.06,1975.35,6473.77
1771432200000,1975.33,1977.59,1967.25,1972.78,4443.56
1771433100000,1972.75,1974.4,1966.73,1970.69,2314.03
1771434000000,1970.69,1986.58,1969.76,1974.97,7302.11
1771434900000,1974.97,1977.99,1970.32,1973.82,2353.99
1771435800000,1973.8,1979.08,1973.44,1973.98,1900.73
1771436700000,1974.0,1975.96,1971.04,1973.44,1852.69
1771437600000,1973.44,1976.79,1970.19,1971.8,1752.34
1771438500000,1971.8,1972.29,1955.02,1967.59,11027.91
1771439400000,1967.48,1971.07,1948.36,1951.18,8199.57
1771440300000,1951.24,1959.64,1948.22,1951.41,9652.76
1771441200000,1951.36,1960.69,1950.0,1954.05,5160.25
1771442100000,1954.06,1956.86,1943.34,1950.81,7947.75
1771443000000,1950.66,1952.46,1922.45,1934.07,22186.57
1771443900000,1934.07,1941.62,1929.54,1939.95,5508.51
1771444800000,1939.97,1942.79,1935.77,1938.0,5224.09
1771445700000,1937.99,1943.32,1934.48,1939.6,2518.14
1771446600000,1939.62,1951.61,1939.32,1949.04,5520.99
1771447500000,1949.04,1951.78,1937.73,1938.59,5290.56
1771448400000,1938.6,1942.02,1934.55,1941.47,3210.8
1771449300000,1941.3,1946.37,1940.91,1945.9,1696.11
1771450200000,1945.88,1947.36,1942.27,1944.37,1481.78
1771451100000,1944.39,1945.0,1938.13,1940.77,2959.54
1771452000000,1940.78,1945.0,1938.58,1939.99,1523.27
1771452900000,1939.99,1943.71,1938.63,1939.17,988.39
1771453800000,1939.18,1947.56,1939.18,1945.24,1425.06
1771454700000,1945.24,1949.34,1945.1,1946.94,1046.61
1771455600000,1947.43,1949.2,1942.91,1946.7,1129.75
1771456500000,1946.7,1949.09,1943.65,1947.73,1537.45
1771457400000,1947.64,1954.4,1947.49,1952.9,2599.84
1771458300000,1952.97,1955.72,1952.13,1954.91,1480.07
1771459200000,1954.93,1957.81,1951.87,1953.27,2059.35
1771460100000,1953.27,1959.85,1948.9,1952.52,2481.8
1771461000000,1952.5,1958.5,1951.24,1957.83,1140.75
1771461900000,1957.84,1959.94,1952.21,1955.45,1487.23
1771462800000,1955.45,1973.0,1955.2,1969.13,6826.43
1771463700000,1969.11,1969.83,1958.12,1961.98,3152.36
1771464600000,1961.98,1966.99,1958.59,1964.77,2658.07
1771465500000,1964.77,1967.13,1964.0,1966.02,1372.28
1771466400000,1966.02,1970.4,1963.43,1968.19,2351.02
1771467300000,1968.21,1972.89,1966.82,1971.46,5080.44
1771468200000,1971.54,1971.56,1962.38,1963.09,4046.7
1771469100000,1963.14,1969.18,1961.48,1967.02,1696.45
1771470000000,1967.02,1969.61,1961.99,1964.34,2311.53
1771470900000,1964.34,1972.49,1963.94,1972.24,2599.0
1771471800000,1972.26,1972.46,1966.14,1968.12,2990.15
1771472700000,1968.09,1972.94,1966.51,1971.39,3079.87
1771473600000,1971.37,1978.34,1970.24,1975.31,6073.02
1771474500000,1975.31,1976.0,1971.36,1973.46,1342.78
1771475400000,1973.44,1977.98,1970.25,1970.63,4919.04
1771476300000,1970.61,1973.0,1967.95,1968.41,5059.15
1771477200000,1968.41,1970.96,1964.02,1969.0,4191.79
1771478100000,1968.99,1971.3,1963.32,1964.78,2656.1
1771479000000,1964.8,1968.06,1963.04,1966.29,2096.8
1771479900000,1966.27,1970.28,1964.94,1969.48,1908.13
1771480800000,1969.41,1974.15,1969.26,1972.53,3124.69
1771481700000,1972.53,1982.67,1971.42,1980.16,5863.11
1771482600000,1980.16,1984.21,1977.34,1978.9,6848.88
1771483500000,1978.94,1984.0,1978.94,1982.14,2478.13
1771484400000,1982.12,1986.72,1978.54,1982.77,3267.79
1771485300000,1982.79,1984.89,1981.61,1982.15,2015.72
1771486200000,1982.15,1984.67,1978.45,1981.4,2443.32
1771487100000,1981.39,1982.2,1977.99,1980.81,2081.1
1771488000000,1980.67,1981.69,1974.63,1976.37,6095.14
1771488900000,1976.38,1979.0,1969.91,1971.89,8026.04
1771489800000,1971.89,1972.67,1966.02,1968.15,5708.46
1771490700000,1968.15,1970.0,1965.1,1969.69,4972.68
1771491600000,1969.78,1974.22,1967.46,1972.87,3510.17
1771492500000,1972.85,1979.48,1970.43,1976.41,3787.63
1771493400000,1976.41,1977.35,1971.21,1972.99,4616.01
1771494300000,1972.97,1973.24,1960.93,1963.02,6614.81
1771495200000,1963.0,1966.78,1956.91,1964.98,6616.84
1771496100000,1964.95,1967.84,1963.88,1965.25,2378.02
1771497000000,1965.25,1966.78,1961.64,1965.18,1788.52
1771497900000,1965.16,1965.16,1957.46,1958.89,2941.53
1771498800000,1958.85,1963.04,1957.37,1962.87,2114.91
1771499700000,1962.87,1963.67,1959.2,1959.59,1764.04
1771500600000,1959.57,1960.29,1954.33,1956.0,4417.98
1771501500000,1956.0,1956.37,1947.98,1948.74,6684.11
1771502400000,1948.76,1951.94,1944.0,1949.41,7396.87
1771503300000,1949.36,1952.92,1946.78,1952.24,3985.17
1771504200000,1952.22,1955.24,1949.41,1952.68,3737.61
1771505100000,1952.66,1953.18,1946.2,1946.65,2436.78
1771506000000,1946.65,1947.81,1932.03,1938.57,13169.1
1771506900000,1938.57,1939.27,1930.27,1931.66,6226.0
1771507800000,1931.61,1935.5,1913.57,1917.0,19537.14
1771508700000,1917.0,1923.26,1910.9,1920.49,14991.99
1771509600000,1920.46,1932.08,1919.1,1929.07,8383.11
1771510500000,1929.07,1929.36,1922.34,1926.05,4968.75
1771511400000,1926.07,1937.7,1911.31,1933.67,25943.08
1771512300000,1933.52,1947.14,1927.07,1935.9,22518.47
1771513200000,1935.97,1946.63,1912.16,1913.5,25069.44
1771514100000,1913.51,1925.6,1913.0,1916.53,16439.14
1771515000000,1916.51,1930.55,1912.91,1930.07,8115.39
1771515900000,1930.04,1933.83,1913.27,1925.2,7486.87
1771516800000,1925.25,1925.3,1906.0,1917.07,13982.45
1771517700000,1917.08,1928.01,1914.07,1917.49,6218.79
1771518600000,1917.49,1929.02,1917.49,1925.64,6077.98
1771519500000,1925.7,1926.78,1917.49,1921.11,5629.59
1771520400000,1921.15,1930.48,1917.21,1928.94,5168.36
1771521300000,1928.99,1943.14,1924.96,1928.31,13918.14
1771522200000,1928.31,1930.49,1922.69,1926.57,7047.99
1771523100000,1926.57,1928.67,1909.59,1919.61,12382.23
1771524000000,1919.59,1933.82,1915.42,1933.1,6026.36
1771524900000,1933.08,1939.64,1925.87,1936.91,7518.15
1771525800000,1936.89,1940.86,1930.42,1939.51,5785.22
1771526700000,1939.41,1943.78,1934.81,1938.84,5607.5
1771527600000,1938.82,1946.69,1934.83,1939.94,4198.24
1771528500000,1939.94,1942.78,1934.2,1935.81,3011.43
1771529400000,1935.9,1937.0,1926.62,1931.52,3400.53
1771530300000,1931.52,1942.08,1928.74,1940.28,3474.32
1771531200000,1940.12,1944.62,1937.27,1939.15,2397.01
1771532100000,1939.21,1939.65,1933.61,1937.73,2085.68
1771533000000,1937.73,1942.26,1936.4,1941.3,1807.06
1771533900000,1941.4,1950.94,1941.4,1949.25,4258.91
1771534800000,1949.17,1951.52,1946.62,1946.66,3991.0
1771535700000,1946.74,1948.84,1945.36,1946.79,2199.85
1771536600000,1946.75,1950.83,1944.85,1947.62,1221.15
1771537500000,1947.62,1948.78,1944.75,1947.74,4349.71
1771538400000,1947.62,1947.81,1941.21,1944.82,2098.64
1771539300000,1944.82,1944.86,1938.41,1938.75,3296.46
1771540200000,1938.81,1940.91,1935.87,1939.77,1966.24
1771541100000,1939.75,1944.67,1937.93,1942.96,1637.43
1771542000000,1943.06,1946.62,1941.43,1944.11,2691.48
1771542900000,1944.09,1949.58,1944.09,1949.12,1775.14
1771543800000,1949.09,1950.42,1947.33,1948.9,1933.96
1771544700000,1948.9,1950.82,1945.09,1948.0,2029.5
1771545600000,1948.0,1954.3,1946.37,1953.88,4100.24
1771546500000,1953.88,1963.3,1951.07,1962.31,7900.72
1771547400000,1962.28,1963.41,1956.87,1958.76,3785.88
1771548300000,1958.76,1961.59,1955.9,1956.51,2002.13
1771549200000,1956.51,1960.87,1956.26,1960.22,2395.59
1771550100000,1959.89,1959.89,1952.95,1954.34,2595.22
1771551000000,1954.36,1957.59,1953.63,1956.59,1642.16
1771551900000,1956.59,1956.59,1948.83,1952.82,2812.0
1771552800000,1952.88,1955.83,1950.06,1951.41,1612.2
1771553700000,1951.41,1952.44,1947.12,1947.7,2285.64
1771554600000,1947.72,1954.0,1947.67,1953.98,1792.28
1771555500000,1953.98,1953.98,1948.46,1948.55,1488.73
1771556400000,1948.51,1952.42,1948.51,1950.74,2911.07
1771557300000,1950.77,1959.5,1948.91,1957.27,2826.13
1771558200000,1957.27,1959.03,1953.48,1954.02,1667.13
1771559100000,1954.02,1955.52,1953.44,1954.01,1007.41
1771560000000,1954.1,1955.26,1943.81,1946.92,5653.33
1771560900000,1946.97,1949.09,1930.04,1936.91,10508.95
1771561800000,1936.53,1944.8,1935.55,1943.85,2795.31
1771562700000,1943.79,1943.79,1934.05,1938.27,3943.57
1771563600000,1938.29,1939.8,1935.31,1938.18,1966.0
1771564500000,1938.16,1944.45,1936.91,1943.24,1958.85
1771565400000,1943.18,1964.59,1943.04,1958.87,11883.73
1771566300000,1958.84,1961.08,1952.4,1953.68,5206.42
1771567200000,1953.69,1958.91,1953.68,1957.56,2537.55
1771568100000,1957.56,1958.5,1952.7,1952.98,2309.88
1771569000000,1952.98,1956.37,1948.6,1954.53,3467.89
1771569900000,1954.51,1959.16,1953.05,1957.5,1712.07
1771570800000,1957.5,1958.39,1955.81,1957.45,2044.52
1771571700000,1957.43,1962.88,1957.41,1961.15,5763.57
1771572600000,1961.15,1965.28,1959.96,1962.82,4005.04
1771573500000,1962.84,1967.62,1958.26,1959.7,4478.17
1771574400000,1959.7,1962.34,1957.81,1960.95,3155.27
1771575300000,1960.96,1965.26,1960.34,1962.71,1430.98
1771576200000,1962.73,1964.47,1955.9,1957.24,2692.82
1771577100000,1957.26,1962.34,1956.64,1958.79,2157.56
1771578000000,1958.83,1971.0,1958.78,1968.44,6652.13
1771578900000,1968.46,1970.65,1964.69,1966.46,3022.89
1771579800000,1966.46,1968.0,1963.88,1966.58,1979.17
1771580700000,1966.6,1968.58,1965.79,1966.79,1116.67
1771581600000,1966.79,1972.59,1964.83,1967.02,2838.18
1771582500000,1967.02,1971.41,1965.62,1968.51,2213.34
1771583400000,1968.51,1969.08,1959.5,1961.0,2675.3
1771584300000,1960.99,1961.92,1955.32,1956.49,5284.86
1771585200000,1956.51,1956.53,1950.71,1953.23,5685.07
1771586100000,1953.23,1955.8,1950.16,1952.55,2907.08
1771587000000,1952.55,1953.59,1942.41,1943.12,6124.01
1771587900000,1943.03,1946.9,1939.39,1942.89,6737.1
1771588800000,1942.87,1947.49,1941.23,1946.73,3546.39
1771589700000,1946.73,1948.58,1943.0,1944.41,3327.12
1771590600000,1944.41,1947.23,1943.86,1945.05,1784.72
1771591500000,1945.05,1950.68,1944.25,1948.82,2631.7
1771592400000,1948.84,1948.84,1939.77,1944.28,5043.28
1771593300000,1944.28,1947.97,1937.29,1945.71,4933.67
1771594200000,1945.75,1945.97,1921.84,1927.51,16796.45
1771595100000,1927.48,1933.96,1926.15,1933.0,6143.15
1771596000000,1933.0,1939.69,1931.98,1934.72,4443.7
1771596900000,1934.77,1942.13,1932.89,1939.11,5664.14
1771597800000,1939.13,1953.18,1936.29,1946.88,11638.06
1771598700000,1946.86,1948.59,1939.31,1942.41,5007.58
1771599600000,1942.41,1979.73,1941.62,1945.06,32139.62
1771600500000,1945.16,1962.5,1934.66,1955.42,16851.59
1771601400000,1955.45,1957.5,1942.4,1949.54,8625.89
1771602300000,1949.45,1966.06,1947.19,1963.06,9063.91
1771603200000,1962.92,1968.62,1959.77,1962.56,7625.98
1771604100000,1962.56,1972.28,1955.35,1955.64,9219.96
1771605000000,1955.57,1959.0,1952.47,1956.76,5514.13
1771605900000,1956.74,1971.12,1956.49,1967.74,4820.03
1771606800000,1967.74,1967.76,1946.28,1946.34,6376.86
1771607700000,1946.31,1948.63,1938.07,1943.51,10414.89
1771608600000,1943.54,1960.26,1942.5,1957.41,6956.75
1771609500000,1957.39,1969.76,1954.47,1965.63,9710.8
1771610400000,1965.61,1969.76,1962.0,1963.82,3823.29
1771611300000,1963.82,1968.39,1958.9,1967.91,3891.66
1771612200000,1967.78,1980.5,1958.93,1971.34,14569.78
1771613100000,1971.32,1978.14,1967.36,1974.64,4516.36
1771614000000,1974.66,1977.26,1964.64,1965.66,4057.34
1771614900000,1965.68,1968.38,1961.34,1963.41,3295.71
1771615800000,1963.41,1970.8,1961.23,1962.49,3977.41
1771616700000,1962.59,1964.81,1960.64,1962.78,1547.05
1771617600000,1962.78,1969.5,1962.2,1968.97,1391.07
1771618500000,1968.98,1969.13,1961.58,1962.56,1097.24
1771619400000,1962.58,1968.07,1961.0,1967.67,997.64
1771620300000,1967.67,1970.24,1964.99,1970.09,1180.59
1771621200000,1969.91,1973.48,1966.22,1971.76,2836.07
1771622100000,1971.5,1971.5,1967.95,1969.94,1244.79
1771623000000,1969.92,1973.81,1968.67,1972.19,1205.41
1771623900000,1972.21,1974.24,1971.09,1973.42,1688.05
1771624800000,1973.32,1973.32,1962.77,1964.55,2111.61
1771625700000,1964.52,1970.6,1963.77,1969.42,1637.01
1771626600000,1969.42,1971.87,1967.0,1967.45,1794.36
1771627500000,1967.45,1972.38,1967.0,1970.31,900.71
1771628400000,1970.19,1972.46,1967.02,1967.38,1378.72
1771629300000,1967.38,1969.07,1966.15,1966.51,1114.36
1771630200000,1966.49,1967.91,1962.42,1965.21,1944.78
1771631100000,1965.17,1969.13,1965.17,1967.83,1171.79
1771632000000,1967.82,1968.45,1964.75,1966.77,1488.85
1771632900000,1966.93,1967.39,1964.13,1965.15,1724.87
1771633800000,1965.1,1965.85,1962.01,1963.0,1529.66
1771634700000,1963.01,1963.9,1960.69,1962.41,1429.49
1771635600000,1962.49,1965.5,1962.04,1965.0,974.38
1771636500000,1965.04,1965.56,1962.35,1963.31,887.41
1771637400000,1963.22,1968.39,1962.89,1966.68,1014.53
1771638300000,1966.7,1967.66,1964.68,1965.46,1003.73
1771639200000,1965.65,1968.28,1963.85,1967.05,934.73
1771640100000,1967.05,1969.3,1965.78,1968.56,1327.52
1771641000000,1968.54,1970.0,1966.22,1967.41,914.78
1771641900000,1967.41,1967.41,1964.36,1964.76,846.13
1771642800000,1964.76,1965.2,1958.53,1959.93,3251.37
1771643700000,1959.95,1962.3,1959.09,1961.38,1076.47
1771644600000,1961.54,1962.72,1955.27,1956.78,2543.98
1771645500000,1956.78,1958.49,1956.12,1958.39,1772.92
1771646400000,1958.37,1959.72,1956.47,1957.6,1503.1
1771647300000,1957.6,1959.85,1955.28,1959.01,1700.14
1771648200000,1958.99,1961.58,1958.08,1959.34,1232.64
1771649100000,1959.35,1962.64,1958.29,1961.54,982.14
1771650000000,1961.54,1962.6,1960.2,1960.5,743.78
1771650900000,1960.48,1963.0,1960.42,1962.99,1059.13
1771651800000,1962.99,1963.67,1961.49,1962.8,1332.09
1771652700000,1962.8,1963.12,1960.6,1961.87,843.14
1771653600000,1961.85,1965.46,1961.2,1964.98,1834.82
1771654500000,1964.96,1965.17,1962.43,1962.43,995.86
1771655400000,1962.45,1962.46,1960.04,1961.32,2254.56
1771656300000,1961.34,1961.74,1959.47,1960.54,1983.72
1771657200000,1960.54,1964.17,1959.03,1962.53,1258.97
1771658100000,1962.51,1963.61,1961.86,1962.57,804.42
1771659000000,1962.65,1963.44,1960.28,1960.85,848.07
1771659900000,1960.87,1962.35,1960.53,1962.0,1017.95
1771660800000,1961.98,1964.74,1961.2,1963.84,1253.06
1771661700000,1963.86,1964.98,1963.18,1963.64,1032.79
1771662600000,1963.66,1965.86,1962.89,1965.22,2192.8
1771663500000,1965.2,1970.37,1963.9,1968.1,3345.27
1771664400000,1968.1,1969.82,1966.26,1966.93,1726.46
1771665300000,1966.93,1976.98,1966.93,1974.83,6868.93
1771666200000,1974.85,1976.33,1970.44,1972.03,2941.73
1771667100000,1972.03,1972.88,1969.3,1969.5,2211.01
1771668000000,1969.51,1972.7,1969.12,1971.15,1675.16
1771668900000,1971.13,1972.91,1970.0,1972.41,1632.83
1771669800000,1972.38,1974.19,1972.17,1974.12,995.58
1771670700000,1974.03,1974.03,1971.8,1973.35,925.48
1771671600000,1973.33,1980.74,1972.9,1978.26,6319.84
1771672500000,1978.23,1987.91,1977.35,1982.67,8747.35
1771673400000,1982.63,1983.94,1976.73,1976.99,3212.51
1771674300000,1977.0,1979.44,1975.46,1976.28,2178.34
1771675200000,1976.26,1977.93,1973.16,1973.65,2326.32
1771676100000,1973.63,1974.57,1968.52,1970.24,3445.52
1771677000000,1970.24,1972.67,1968.9,1971.66,2118.46
1771677900000,1971.66,1975.5,1970.0,1975.27,3291.08
1771678800000,1975.25,1975.47,1972.26,1973.57,1371.44
1771679700000,1973.54,1977.65,1971.76,1976.59,1402.84
1771680600000,1976.61,1977.43,1974.44,1977.05,1314.57
1771681500000,1977.03,1980.72,1976.97,1980.42,2795.7
1771682400000,1980.31,1984.36,1978.0,1980.65,3802.23
1771683300000,1980.55,1994.66,1978.83,1987.68,11973.05
1771684200000,1987.68,1991.46,1986.41,1988.63,5188.32
1771685100000,1988.62,1992.62,1985.42,1986.66,3604.27
1771686000000,1986.64,1991.0,1985.31,1988.17,3191.72
1771686900000,1988.19,1990.94,1985.0,1985.01,2184.57
1771687800000,1985.0,1992.5,1983.28,1989.6,3632.28
1771688700000,1989.58,1990.72,1987.2,1987.21,1737.49
1771689600000,1987.21,1988.24,1977.15,1980.92,8307.07
1771690500000,1980.94,1983.32,1975.45,1983.25,4551.05
1771691400000,1983.23,1988.84,1980.19,1988.07,5735.13
1771692300000,1988.06,1988.96,1984.68,1985.61,1668.38
1771693200000,1985.61,1987.66,1983.6,1986.41,1369.14
1771694100000,1986.46,1986.88,1983.36,1985.16,2387.74
1771695000000,1985.18,1991.42,1984.3,1988.83,2621.43
1771695900000,1988.81,1990.51,1986.81,1988.16,6743.49
1771696800000,1988.16,1989.8,1987.0,1987.01,1007.03
1771697700000,1987.0,1990.25,1987.0,1989.28,1004.44
1771698600000,1989.28,1994.0,1989.22,1991.48,3526.02
1771699500000,1991.5,1995.12,1990.17,1991.39,4488.41
1771700400000,1991.39,1993.45,1989.24,1991.58,2181.56
1771701300000,1991.56,1992.02,1990.04,1990.55,1262.85
1771702200000,1990.53,1990.88,1989.13,1989.77,1139.55
1771703100000,1989.58,1989.58,1986.85,1987.62,1254.79
1771704000000,1987.6,1988.4,1986.06,1986.35,1029.16
1771704900000,1986.37,1989.68,1986.19,1988.61,1223.16
1771705800000,1988.61,1989.92,1982.06,1983.15,4211.74
1771706700000,1983.17,1983.77,1973.0,1973.22,5700.14
1771707600000,1973.22,1977.28,1969.17,1976.22,6788.53
1771708500000,1976.22,1979.07,1975.83,1977.82,1654.46
1771709400000,1977.82,1980.45,1976.13,1977.8,1645.62
1771710300000,1977.8,1981.55,1977.77,1981.23,1281.44
1771711200000,1981.21,1981.71,1976.05,1977.29,1086.85
1771712100000,1977.29,1979.41,1974.42,1975.55,1044.91
1771713000000,1975.58,1976.23,1971.2,1973.64,1833.0
1771713900000,1973.66,1976.81,1972.08,1973.53,1640.01
1771714800000,1973.55,1974.81,1970.23,1971.32,1686.85
1771715700000,1971.34,1977.0,1970.48,1975.89,1293.39
1771716600000,1975.89,1976.05,1974.07,1974.68,1631.24
1771717500000,1974.68,1974.87,1972.4,1972.55,924.42
1771718400000,1972.55,1974.46,1971.19,1972.76,3359.64
1771719300000,1972.76,1974.34,1967.22,1969.55,4456.8
1771720200000,1969.56,1970.34,1967.85,1967.85,1454.48
1771721100000,1967.96,1972.2,1967.96,1972.11,990.02
1771722000000,1972.13,1975.57,1971.67,1972.88,2921.49
1771722900000,1972.88,1977.53,1971.5,1976.82,2307.7
1771723800000,1976.82,1978.73,1975.69,1977.55,1689.93
1771724700000,1977.29,1979.24,1975.29,1976.48,1495.54
1771725600000,1976.46,1982.0,1974.51,1979.91,3242.31
1771726500000,1979.91,1979.92,1974.23,1974.3,2233.74
1771727400000,1974.28,1975.5,1972.2,1972.89,2081.93
1771728300000,1972.89,1974.54,1971.08,1971.44,1864.45
1771729200000,1971.44,1975.32,1970.96,1974.0,1711.89
1771730100000,1974.02,1974.65,1966.41,1969.84,3437.47
1771731000000,1969.86,1972.8,1969.22,1971.61,1397.12
1771731900000,1971.54,1974.57,1970.44,1973.77,1193.84
1771732800000,1973.77,1975.32,1973.33,1973.9,1539.46
1771733700000,1973.9,1974.78,1970.27,1971.24,1302.88
1771734600000,1971.24,1973.6,1970.16,1971.0,1019.91
1771735500000,1971.0,1973.66,1970.92,1972.86,1343.0
1771736400000,1972.86,1973.87,1970.08,1971.4,929.49
1771737300000,1971.4,1973.67,1971.02,1972.85,967.4
1771738200000,1972.85,1973.12,1971.78,1972.21,711.53
1771739100000,1972.21,1974.3,1970.56,1974.14,1371.46
1771740000000,1974.14,1976.07,1973.24,1974.99,1821.36
1771740900000,1974.98,1977.34,1973.89,1976.16,1300.2
1771741800000,1976.16,1978.9,1975.05,1975.21,2466.74
1771742700000,1975.21,1976.0,1974.04,1975.16,1410.65
1771743600000,1975.16,1976.36,1974.03,1976.36,1114.65
1771744500000,1976.35,1976.66,1973.45,1975.32,1279.21
1771745400000,1975.32,1977.9,1974.51,1976.84,1381.85
1771746300000,1976.84,1977.14,1974.81,1975.08,803.21
1771747200000,1975.08,1976.22,1973.61,1975.87,799.72
1771748100000,1975.87,1976.33,1970.51,1972.32,2458.11
1771749000000,1972.3,1973.12,1969.38,1971.65,2685.34
1771749900000,1971.65,1973.2,1970.62,1972.5,1198.27
1771750800000,1972.53,1973.26,1971.12,1971.79,1909.56
1771751700000,1971.81,1973.87,1971.62,1972.6,2657.45
1771752600000,1972.62,1974.05,1970.71,1973.85,1246.51
1771753500000,1973.85,1975.38,1973.8,1974.79,1033.43
1771754400000,1974.79,1976.2,1974.24,1974.26,1812.78
1771755300000,1974.24,1978.65,1973.87,1977.1,1704.17
1771756200000,1977.08,1979.18,1976.49,1977.68,1423.48
1771757100000,1977.68,1977.79,1976.27,1976.43,881.73
1771758000000,1976.41,1981.64,1976.41,1980.82,4014.08
1771758900000,1980.81,1982.19,1979.14,1979.34,1797.05
1771759800000,1979.36,1982.27,1978.26,1978.55,1637.08
1771760700000,1978.55,1979.87,1978.24,1979.81,1060.78
1771761600000,1979.79,1980.61,1971.26,1972.88,4408.29
1771762500000,1972.9,1974.84,1970.4,1973.5,3575.95
1771763400000,1973.48,1973.5,1961.67,1963.21,11439.67
1771764300000,1963.45,1967.06,1960.67,1965.43,4952.81
1771765200000,1965.43,1967.88,1963.02,1966.15,2594.47
1771766100000,1966.13,1967.87,1963.48,1964.02,2371.3
1771767000000,1964.02,1964.83,1945.22,1946.64,21045.93
1771767900000,1946.64,1950.36,1944.45,1950.0,14621.41
1771768800000,1949.99,1951.0,1942.58,1950.4,7068.5
1771769700000,1950.4,1952.1,1947.0,1949.28,4148.38
1771770600000,1949.12,1953.46,1945.84,1946.62,4887.34
1771771500000,1946.72,1950.57,1944.33,1949.77,5467.12
1771772400000,1949.75,1950.08,1945.73,1948.08,3563.22
1771773300000,1948.1,1953.23,1944.77,1953.0,5118.25
1771774200000,1952.96,1957.5,1951.94,1955.7,6664.43
1771775100000,1955.72,1955.97,1951.8,1952.88,2910.08
1771776000000,1952.86,1954.69,1949.0,1949.73,2649.7
1771776900000,1949.74,1951.43,1946.6,1947.01,2458.09
1771777800000,1947.01,1949.62,1946.64,1949.31,3003.01
1771778700000,1949.3,1952.15,1949.0,1951.65,1705.06
1771779600000,1951.65,1952.78,1947.36,1947.45,1763.59
1771780500000,1947.54,1948.53,1945.24,1947.15,2215.94
1771781400000,1947.15,1948.24,1933.49,1937.91,14992.19
1771782300000,1937.91,1940.57,1935.19,1939.26,4603.19
1771783200000,1939.28,1942.4,1937.5,1941.55,1706.93
1771784100000,1941.64,1943.3,1939.16,1940.12,2122.04
1771785000000,1940.1,1941.19,1937.9,1940.65,1385.08
1771785900000,1940.67,1942.93,1940.62,1942.05,928.16
1771786800000,1942.06,1944.39,1939.55,1940.74,7044.93
1771787700000,1940.79,1942.82,1940.19,1940.82,1203.98
1771788600000,1940.7,1944.63,1940.11,1943.99,1299.4
1771789500000,1943.99,1944.72,1942.09,1942.92,2282.93
1771790400000,1942.92,1944.39,1939.96,1940.81,2113.46
1771791300000,1940.81,1944.64,1940.81,1943.87,1074.97
1771792200000,1943.87,1944.01,1942.37,1943.03,707.45
1771793100000,1943.05,1944.99,1938.89,1940.0,1400.71
1771794000000,1940.0,1942.0,1940.0,1941.81,1609.5
1771794900000,1941.83,1943.0,1939.89,1940.44,677.12
1771795800000,1940.44,1949.69,1940.15,1948.95,3036.82
1771796700000,1948.95,1951.29,1947.31,1949.43,2833.91
1771797600000,1949.41,1950.74,1945.66,1945.99,1239.77
1771798500000,1946.01,1955.19,1945.95,1953.76,3209.76
1771799400000,1953.78,1959.68,1952.91,1956.58,3673.91
1771800300000,1956.55,1959.77,1955.53,1957.38,2195.7
1771801200000,1957.26,1960.05,1953.55,1953.69,4377.27
1771802100000,1953.67,1955.76,1949.17,1952.42,3036.23
1771803000000,1952.42,1952.95,1947.4,1948.38,1493.22
1771803900000,1948.44,1959.0,1947.45,1956.99,2687.5
1771804800000,1957.0,1957.33,1951.0,1953.65,1717.51
1771805700000,1953.65,1954.6,1945.1,1947.47,2979.41
1771806600000,1947.48,1947.56,1940.0,1940.5,5178.25
1771807500000,1940.51,1942.25,1927.09,1928.13,10143.12
1771808400000,1928.18,1928.2,1865.36,1884.71,66814.01
1771809300000,1884.83,1884.83,1866.54,1871.9,22999.38
1771810200000,1871.9,1879.78,1868.52,1871.33,10333.57
1771811100000,1871.52,1873.6,1842.59,1855.04,37288.05
1771812000000,1854.94,1863.43,1849.67,1861.12,12500.19
1771812900000,1861.28,1862.68,1854.08,1862.61,7552.16
1771813800000,1862.68,1867.5,1859.28,1862.88,7047.17
1771814700000,1862.88,1864.25,1858.96,1861.74,5193.2
1771815600000,1861.77,1869.56,1861.0,1865.06,5088.09
1771816500000,1865.04,1865.06,1854.48,1857.55,4797.65
1771817400000,1857.55,1864.74,1855.71,1863.84,3119.77
1771818300000,1863.82,1865.15,1861.13,1861.33,2222.73
1771819200000,1861.34,1863.45,1858.89,1863.45,2527.73
1771820100000,1863.45,1863.45,1857.84,1859.15,2408.88
1771821000000,1859.13,1860.49,1852.64,1855.47,4440.88
1771821900000,1855.45,1858.72,1855.08,1858.57,1898.7
1771822800000,1858.55,1865.76,1858.33,1863.42,3181.38
1771823700000,1863.42,1869.21,1861.29,1865.59,5178.14
1771824600000,1865.59,1868.82,1864.24,1865.06,3292.59
1771825500000,1865.06,1867.0,1861.55,1864.52,2113.11
1771826400000,1864.52,1874.09,1862.83,1872.93,7430.51
1771827300000,1872.93,1876.37,1871.45,1871.56,5712.74
1771828200000,1871.6,1881.47,1870.58,1877.0,5894.98
1771829100000,1877.0,1880.98,1875.88,1877.93,4117.51
1771830000000,1877.93,1884.0,1877.81,1880.54,5215.66
1771830900000,1880.54,1880.77,1875.28,1877.99,3077.11
1771831800000,1878.01,1887.57,1875.63,1884.31,6836.63
1771832700000,1884.31,1886.18,1882.5,1884.03,3177.4
1771833600000,1884.02,1887.17,1881.48,1886.99,2749.39
1771834500000,1886.99,1888.7,1881.0,1881.7,3715.85
1771835400000,1881.7,1883.37,1875.73,1877.38,3657.01
1771836300000,1877.38,1879.65,1876.2,1879.25,3591.8
1771837200000,1879.25,1886.98,1879.23,1884.69,5893.27
1771838100000,1884.67,1888.24,1881.17,1887.05,2264.08
1771839000000,1887.02,1909.78,1885.67,1909.67,25005.12
1771839900000,1909.7,1917.62,1909.7,1916.83,10735.27
1771840800000,1916.8,1927.17,1915.27,1919.51,9368.38
1771841700000,1919.49,1925.0,1918.19,1919.07,4787.99
1771842600000,1919.09,1919.5,1912.65,1914.9,6186.0
1771843500000,1914.9,1916.69,1911.15,1913.03,3701.42
1771844400000,1913.03,1918.0,1911.06,1917.97,2994.51
1771845300000,1917.97,1919.76,1913.6,1914.0,2478.0
1771846200000,1914.0,1915.52,1910.83,1911.81,5768.39
1771847100000,1911.83,1914.75,1910.3,1914.42,4723.26
1771848000000,1914.41,1915.88,1911.8,1914.99,1400.21
1771848900000,1914.99,1915.5,1912.03,1912.6,2432.69
1771849800000,1912.62,1926.0,1905.08,1921.53,12168.54
1771850700000,1921.53,1926.3,1918.72,1919.28,5780.49
1771851600000,1919.31,1924.75,1918.16,1918.74,2500.58
1771852500000,1918.74,1921.96,1918.0,1920.65,3233.15
1771853400000,1920.65,1934.74,1919.28,1931.67,8362.98
1771854300000,1931.65,1933.67,1919.18,1920.93,7470.86
1771855200000,1920.91,1924.61,1919.17,1924.53,3038.65
1771856100000,1924.49,1924.55,1913.6,1915.96,5700.68
1771857000000,1915.96,1919.28,1894.22,1903.68,23517.65
1771857900000,1903.68,1913.48,1894.73,1905.98,15893.15
1771858800000,1906.08,1910.7,1897.88,1903.53,7371.22
1771859700000,1903.53,1912.38,1901.53,1903.35,4902.05
1771860600000,1903.36,1908.76,1900.51,1904.15,2939.66
1771861500000,1904.18,1906.31,1891.7,1894.74,5807.09
1771862400000,1894.78,1895.4,1880.17,1883.63,12461.67
1771863300000,1883.7,1896.82,1883.38,1896.55,6327.78
1771864200000,1896.56,1899.37,1887.79,1890.69,4827.77
1771865100000,1890.69,1891.54,1882.74,1884.08,3686.36
1771866000000,1884.12,1887.48,1867.51,1868.28,5371.25
1771866900000,1868.51,1874.41,1856.05,1856.1,15130.69
1771867800000,1856.01,1857.75,1840.94,1847.57,19069.73
1771868700000,1847.6,1864.76,1836.34,1863.0,14072.9
1771869600000,1862.97,1868.95,1857.95,1862.18,8286.55
1771870500000,1862.09,1863.13,1855.3,1859.74,4087.25
1771871400000,1859.8,1873.0,1856.44,1867.24,7331.66
1771872300000,1867.24,1867.24,1854.15,1856.65,4340.22
1771873200000,1856.75,1863.48,1855.5,1860.47,3411.24
1771874100000,1860.43,1861.1,1850.15,1852.61,4510.68
1771875000000,1852.49,1856.13,1846.4,1853.7,4081.42
1771875900000,1853.73,1857.31,1850.2,1856.24,2516.18
1771876800000,1856.3,1858.84,1846.2,1847.14,3204.95
1771877700000,1847.14,1853.91,1845.88,1849.55,3795.73
1771878600000,1849.55,1857.8,1849.33,1855.86,2524.97
1771879500000,1855.84,1861.48,1854.25,1859.77,3584.33
1771880400000,1859.71,1867.9,1859.16,1866.28,3581.32
1771881300000,1866.28,1868.48,1862.28,1864.13,1904.66
1771882200000,1864.16,1865.8,1857.69,1861.62,3279.13
1771883100000,1861.77,1865.41,1860.54,1862.62,1285.4
1771884000000,1862.62,1869.11,1861.39,1866.07,2083.37
1771884900000,1866.09,1868.27,1864.34,1866.16,1564.51
1771885800000,1866.14,1867.66,1861.66,1864.63,1052.57
1771886700000,1864.61,1866.58,1858.86,1859.11,1970.88
1771887600000,1859.11,1866.0,1858.5,1864.82,2272.03
1771888500000,1864.8,1865.0,1858.67,1860.73,1270.14
1771889400000,1860.73,1861.21,1850.07,1850.57,3393.06
1771890300000,1850.57,1856.17,1850.45,1855.45,2541.21
1771891200000,1855.47,1862.72,1854.61,1862.52,2894.78
1771892100000,1862.54,1867.05,1860.73,1862.36,3530.31
1771893000000,1862.4,1866.4,1861.28,1864.04,1694.35
1771893900000,1864.02,1868.72,1864.0,1866.98,1824.41
1771894800000,1866.98,1867.11,1842.04,1844.76,5938.74
1771895700000,1844.75,1852.71,1810.62,1848.73,30836.73
1771896600000,1848.73,1856.57,1838.73,1846.24,8681.17
1771897500000,1846.22,1848.51,1838.04,1839.78,4053.95
1771898400000,1839.78,1847.1,1835.9,1843.83,3427.3
1771899300000,1843.83,1847.56,1838.02,1846.47,1711.05
1771900200000,1846.45,1853.49,1841.08,1841.57,2766.24
1771901100000,1841.57,1846.0,1840.5,1842.44,1965.0
1771902000000,1842.44,1842.44,1826.39,1830.73,7000.52
1771902900000,1830.61,1835.42,1824.42,1829.99,3854.84
1771903800000,1829.97,1833.49,1827.47,1829.06,2539.27
1771904700000,1829.04,1833.7,1821.91,1830.91,3787.04
1771905600000,1830.92,1832.92,1815.5,1815.51,5909.91
1771906500000,1815.7,1832.7,1812.48,1828.33,10955.81
1771907400000,1828.33,1831.15,1820.32,1828.7,3701.57
1771908300000,1828.7,1830.0,1826.27,1829.78,1836.02
1771909200000,1829.77,1838.84,1826.86,1837.57,5394.38
1771910100000,1837.59,1837.81,1812.87,1817.61,9166.92
1771911000000,1817.56,1824.9,1815.88,1822.08,3494.1
1771911900000,1822.08,1826.79,1820.97,1825.2,2570.27
1771912800000,1825.2,1827.95,1818.77,1823.86,3339.81
1771913700000,1823.86,1829.64,1822.98,1827.74,2704.05
1771914600000,1827.76,1830.17,1823.83,1826.34,2038.62
1771915500000,1826.34,1827.0,1817.04,1819.92,3510.5
1771916400000,1819.9,1828.4,1814.26,1826.93,5625.33
1771917300000,1826.96,1829.65,1819.38,1829.08,4697.43
1771918200000,1829.09,1830.92,1821.4,1823.11,2588.2
1771919100000,1823.16,1825.15,1820.98,1824.64,1446.23
1771920000000,1824.66,1825.56,1817.48,1824.12,3940.08
1771920900000,1824.12,1830.09,1820.4,1829.14,2399.7
1771921800000,1829.16,1835.44,1828.04,1832.14,4531.82
1771922700000,1832.14,1833.01,1828.59,1830.49,2437.73
1771923600000,1830.48,1833.59,1823.55,1826.68,3461.5
1771924500000,1826.68,1827.22,1820.78,1823.47,2447.78
1771925400000,1823.45,1825.14,1814.0,1821.63,7384.39
1771926300000,1821.63,1826.25,1818.28,1826.25,2351.55
1771927200000,1826.24,1827.12,1821.75,1824.86,2120.83
1771928100000,1824.86,1827.37,1822.75,1825.32,2767.29
1771929000000,1825.32,1826.79,1819.43,1821.96,2480.78
1771929900000,1821.97,1829.0,1821.73,1824.88,3381.83
1771930800000,1824.9,1826.56,1818.5,1820.19,4267.72
1771931700000,1820.19,1822.38,1819.79,1820.97,4364.35
1771932600000,1820.97,1823.26,1817.5,1821.14,6819.48
1771933500000,1821.16,1826.01,1818.97,1825.75,3563.84
1771934400000,1825.73,1829.34,1820.77,1826.5,6010.71
1771935300000,1826.5,1828.22,1824.0,1827.39,1828.55
1771936200000,1827.39,1828.11,1819.9,1822.84,4693.83
1771937100000,1822.86,1827.02,1820.18,1823.07,2640.21
1771938000000,1823.07,1826.64,1821.19,1823.91,1789.04
1771938900000,1823.91,1825.07,1817.75,1819.93,3032.9
1771939800000,1819.92,1822.0,1799.45,1816.77,23735.72
1771940700000,1816.79,1819.7,1812.11,1814.66,5776.51
1771941600000,1814.64,1818.0,1811.29,1814.15,4110.19
1771942500000,1814.24,1816.12,1805.09,1813.8,4484.74
1771943400000,1813.85,1830.95,1802.51,1826.8,15067.45
1771944300000,1826.98,1846.92,1825.73,1833.65,18793.47
1771945200000,1833.71,1839.2,1827.29,1838.5,6473.99
1771946100000,1838.48,1848.98,1836.48,1847.83,7872.2
1771947000000,1847.82,1848.84,1839.49,1841.74,5776.27
1771947900000,1841.61,1847.52,1839.62,1846.29,3143.61
1771948800000,1846.29,1862.38,1845.76,1855.61,15190.1
1771949700000,1855.59,1858.67,1845.36,1848.53,4968.86
1771950600000,1848.53,1852.39,1836.79,1850.48,8966.19
1771951500000,1850.5,1858.54,1843.06,1857.51,3548.04
1771952400000,1857.52,1864.22,1855.8,1859.38,6719.09
1771953300000,1859.38,1862.78,1854.48,1855.07,6311.88
1771954200000,1855.11,1856.89,1852.31,1852.46,2517.08
1771955100000,1852.46,1857.34,1848.79,1854.3,2338.44
1771956000000,1854.18,1859.26,1844.23,1845.87,3393.6
1771956900000,1845.87,1853.62,1844.38,1849.87,3642.8
1771957800000,1849.99,1859.02,1849.17,1855.55,2270.17
1771958700000,1855.57,1859.31,1853.55,1853.98,1831.93
1771959600000,1853.98,1861.51,1847.41,1848.57,3573.38
1771960500000,1848.57,1852.43,1845.72,1848.66,2917.68
1771961400000,1848.63,1853.8,1847.97,1852.9,1661.72
1771962300000,1852.92,1855.86,1850.6,1851.46,1334.61
1771963200000,1851.46,1853.59,1848.19,1851.48,1341.06
1771964100000,1851.46,1857.88,1851.29,1856.09,1258.36
1771965000000,1856.11,1859.31,1853.05,1859.05,990.26
1771965900000,1859.05,1861.28,1855.45,1857.53,1563.52
1771966800000,1857.39,1857.42,1848.66,1852.13,2121.29
1771967700000,1852.16,1852.31,1844.46,1846.72,2160.8
1771968600000,1846.72,1852.5,1845.14,1851.96,1894.2
1771969500000,1851.97,1853.84,1849.34,1852.96,1398.68
1771970400000,1852.96,1863.36,1851.72,1860.68,3490.98
1771971300000,1860.68,1861.05,1855.72,1858.06,1221.62
1771972200000,1858.04,1859.16,1855.87,1856.54,794.73
1771973100000,1856.56,1860.0,1853.68,1859.71,889.4
1771974000000,1859.71,1859.75,1851.06,1855.69,2576.03
1771974900000,1855.69,1857.73,1853.96,1856.78,1162.25
1771975800000,1856.76,1859.56,1855.56,1856.48,1278.0
1771976700000,1856.46,1856.82,1850.55,1851.1,1500.84
1771977600000,1851.1,1851.84,1846.7,1846.96,1936.7
1771978500000,1846.96,1851.47,1845.57,1846.19,1762.55
1771979400000,1846.17,1855.68,1846.08,1855.21,1215.32
1771980300000,1855.23,1855.25,1850.14,1850.86,1331.55
1771981200000,1850.86,1916.88,1849.45,1903.59,26589.37
1771982100000,1903.32,1922.91,1898.06,1909.36,17007.46
1771983000000,1909.36,1921.79,1908.26,1912.53,5841.73
1771983900000,1912.54,1919.62,1911.95,1918.01,3881.81
1771984800000,1918.0,1943.55,1917.22,1934.1,12093.83
1771985700000,1934.08,1936.11,1927.25,1930.96,3457.76
1771986600000,1930.98,1932.84,1920.77,1921.85,3305.37
1771987500000,1921.87,1927.53,1919.17,1920.06,2736.57
1771988400000,1920.06,1922.1,1915.45,1916.84,3984.79
1771989300000,1916.84,1917.56,1904.92,1909.49,5792.8
1771990200000,1909.48,1911.4,1902.71,1906.92,4639.02
1771991100000,1906.92,1909.09,1904.84,1905.51,3651.65
1771992000000,1905.51,1906.82,1894.06,1905.02,6727.91
1771992900000,1905.04,1912.44,1902.66,1911.5,5747.59
1771993800000,1911.57,1913.8,1910.25,1912.75,2306.6
1771994700000,1912.75,1913.25,1904.89,1905.41,2475.91
1771995600000,1905.43,1907.67,1901.2,1901.99,2370.01
1771996500000,1901.99,1903.32,1887.75,1892.47,7841.81
1771997400000,1892.45,1894.16,1877.21,1884.1,8766.67
1771998300000,1884.1,1891.0,1882.91,1886.99,4710.58
1771999200000,1886.99,1889.83,1886.64,1889.43,1953.25
1772000100000,1889.43,1895.3,1886.5,1891.6,3527.63
1772001000000,1891.6,1893.32,1890.17,1890.78,897.59
1772001900000,1890.8,1890.9,1883.93,1884.22,2606.95
1772002800000,1884.22,1889.42,1881.39,1887.58,2758.98
1772003700000,1887.6,1893.0,1886.24,1891.0,2000.66
1772004600000,1891.0,1894.54,1887.45,1889.21,1456.58
1772005500000,1889.21,1893.52,1888.03,1892.35,1294.57
1772006400000,1892.37,1893.38,1889.3,1890.41,1007.84
1772007300000,1890.41,1897.77,1889.62,1895.34,3438.38
1772008200000,1895.36,1906.71,1895.34,1905.01,5680.58
1772009100000,1905.0,1913.11,1902.89,1909.48,4567.53
1772010000000,1909.48,1916.9,1906.75,1913.29,3287.88
1772010900000,1913.27,1915.67,1910.27,1912.16,2575.09
1772011800000,1912.18,1912.48,1908.02,1910.21,2444.38
1772012700000,1910.21,1914.94,1909.65,1914.33,2560.44
1772013600000,1914.35,1917.47,1911.75,1916.5,3456.63
1772014500000,1916.5,1922.19,1911.1,1911.53,5610.71
1772015400000,1911.53,1915.04,1910.48,1914.13,3012.71
1772016300000,1914.11,1915.85,1909.53,1911.75,1800.3
1772017200000,1911.75,1918.08,1907.6,1914.24,3285.76
1772018100000,1914.26,1921.75,1913.39,1918.79,3570.11
1772019000000,1918.79,1924.76,1918.61,1922.24,3962.26
1772019900000,1922.24,1927.81,1920.87,1925.5,1810.57
1772020800000,1925.23,1928.52,1921.37,1927.6,5714.93
1772021700000,1927.68,1941.3,1925.88,1937.37,11158.94
1772022600000,1937.39,1942.9,1936.07,1938.08,5668.24
1772023500000,1938.1,1955.79,1937.43,1952.72,14629.09
1772024400000,1952.74,1960.98,1951.58,1955.21,11034.29
1772025300000,1955.15,1966.0,1952.34,1961.45,10725.41
1772026200000,1961.53,1968.5,1960.01,1964.02,7234.34
1772027100000,1963.94,1976.29,1962.24,1963.78,10022.52
1772028000000,1963.8,1969.79,1963.8,1968.29,6318.75
1772028900000,1968.27,1975.08,1966.76,1971.11,4058.66
1772029800000,1970.98,1982.42,1961.62,1967.66,17084.12
1772030700000,1967.66,2000.0,1967.65,1996.78,22092.01
1772031600000,1996.78,2006.85,1985.72,1988.77,18045.51
1772032500000,1988.75,2001.39,1986.87,1999.58,6281.54
1772033400000,1999.57,2026.0,1996.08,2022.19,23187.29
1772034300000,2022.19,2027.62,2007.4,2012.88,11695.44
1772035200000,2013.0,2022.04,2012.56,2018.58,6798.65
1772036100000,2018.58,2041.69,2018.2,2030.19,13976.93
1772037000000,2030.3,2034.96,2025.81,2033.87,4868.07
1772037900000,2033.88,2048.42,2033.88,2045.54,12111.43
1772038800000,2045.61,2072.02,2043.41,2064.56,24417.01
1772039700000,2064.54,2068.41,2054.82,2065.3,7548.55
1772040600000,2065.32,2076.73,2059.0,2075.9,8056.33
1772041500000,2075.89,2083.5,2068.52,2073.18,7493.12
1772042400000,2072.81,2073.97,2056.09,2068.12,14356.09
1772043300000,2068.12,2080.5,2060.79,2076.51,5315.31
1772044200000,2076.53,2076.89,2069.12,2070.09,5337.0
1772045100000,2070.09,2074.88,2065.0,2073.25,4621.68
1772046000000,2073.23,2074.21,2059.24,2065.87,6505.68
1772046900000,2065.85,2069.14,2063.12,2067.01,2372.51
1772047800000,2066.99,2067.68,2060.1,2065.54,1847.97
1772048700000,2065.54,2072.65,2064.4,2070.17,3970.32
1772049600000,2070.42,2073.51,2061.21,2062.48,3860.12
1772050500000,2062.44,2066.63,2058.98,2059.09,2039.64
1772051400000,2059.11,2070.85,2057.46,2069.13,4138.52
1772052300000,2069.16,2083.03,2068.44,2074.02,7877.73
1772053200000,2073.84,2077.07,2069.49,2071.06,2530.01
1772054100000,2071.06,2076.36,2066.36,2066.86,1671.09
1772055000000,2066.83,2147.98,2065.15,2110.49,33730.45
1772055900000,2110.45,2112.0,2092.32,2099.62,11111.38
1772056800000,2099.62,2114.81,2099.62,2109.0,5838.01
1772057700000,2109.0,2111.96,2097.33,2099.07,3232.74
1772058600000,2099.07,2104.86,2084.07,2089.37,4803.82
1772059500000,2089.39,2093.98,2073.02,2082.51,6008.33
1772060400000,2082.44,2086.4,2072.99,2081.0,3540.46
1772061300000,2081.0,2081.37,2066.0,2068.86,4316.37
1772062200000,2068.91,2070.81,2033.62,2041.32,10353.15
1772063100000,2041.33,2056.89,2037.21,2056.75,5604.71
1772064000000,2056.73,2065.8,2046.84,2061.96,5208.53
1772064900000,2061.96,2075.81,2061.6,2066.82,5846.68
1772065800000,2066.82,2073.67,2050.02,2057.61,6432.46
1772066700000,2057.61,2063.19,2054.87,2061.52,3250.32
1772067600000,2061.52,2065.66,2053.19,2061.62,4034.52
1772068500000,2061.62,2062.41,2053.7,2055.03,2017.18
1772069400000,2055.02,2064.16,2048.65,2057.04,3182.71
1772070300000,2057.07,2060.7,2052.38,2057.74,1914.85
1772071200000,2057.72,2058.35,2038.04,2041.31,5636.67
1772072100000,2041.31,2053.21,2041.23,2044.93,4993.36
1772073000000,2044.93,2054.95,2044.93,2053.68,2025.98
1772073900000,2053.68,2055.57,2048.46,2052.51,2029.39
1772074800000,2052.53,2055.57,2046.35,2049.69,1769.11
1772075700000,2049.69,2051.45,2047.65,2050.32,1267.36
1772076600000,2050.29,2059.24,2049.12,2055.75,2455.18
1772077500000,2055.77,2057.64,2053.23,2053.55,1374.03
1772078400000,2053.53,2067.41,2050.95,2061.7,4359.88
1772079300000,2061.72,2065.06,2056.75,2063.92,2697.91
1772080200000,2063.9,2081.92,2063.46,2074.86,8923.92
1772081100000,2074.88,2078.43,2072.42,2074.24,2513.76
1772082000000,2074.24,2074.63,2058.94,2061.92,5131.73
1772082900000,2061.9,2065.97,2055.88,2063.3,3802.69
1772083800000,2063.28,2066.32,2057.84,2064.49,2235.66
1772084700000,2064.25,2068.72,2061.88,2065.39,1814.8
1772085600000,2065.41,2075.25,2060.0,2072.51,3625.54
1772086500000,2072.42,2073.26,2064.0,2064.0,1622.96
1772087400000,2064.0,2064.74,2060.41,2060.93,2229.3
1772088300000,2060.95,2066.14,2058.76,2061.76,1715.07
1772089200000,2061.76,2067.48,2061.02,2064.77,1142.67
1772090100000,2064.73,2065.66,2060.1,2062.62,1229.86
1772091000000,2062.64,2063.45,2055.57,2057.86,2658.12
1772091900000,2057.68,2059.12,2051.0,2052.59,3477.56
1772092800000,2052.61,2055.85,2046.4,2051.59,5787.51
1772093700000,2051.59,2058.56,2045.04,2047.58,5310.26
1772094600000,2047.57,2052.19,2044.05,2048.83,2945.04
1772095500000,2048.85,2057.44,2047.21,2053.53,2479.48
1772096400000,2053.53,2072.83,2051.96,2068.5,5344.44
1772097300000,2068.5,2069.94,2063.75,2064.69,3804.98
1772098200000,2064.65,2076.36,2063.1,2072.49,4833.81
1772099100000,2072.49,2074.74,2070.79,2074.02,1707.06
1772100000000,2074.04,2082.59,2072.71,2073.06,5233.91
1772100900000,2073.06,2073.41,2065.66,2065.79,3673.5
1772101800000,2065.77,2071.66,2064.0,2071.56,2469.91
1772102700000,2071.47,2072.31,2061.06,2064.57,2921.6
1772103600000,2064.57,2066.65,2060.4,2063.46,3117.49
1772104500000,2063.46,2063.89,2056.21,2058.6,3686.85
1772105400000,2058.55,2061.76,2057.02,2058.18,1450.19
1772106300000,2058.2,2058.81,2052.9,2056.68,4638.53
1772107200000,2056.66,2063.92,2054.42,2061.9,3537.95
1772108100000,2061.9,2067.9,2060.9,2064.32,3338.48
1772109000000,2064.35,2069.05,2061.75,2064.94,2714.94
1772109900000,2064.92,2070.51,2062.16,2069.14,3169.81
1772110800000,2069.14,2069.7,2062.88,2064.12,2078.59
1772111700000,2064.12,2074.03,2059.99,2071.02,5329.65
1772112600000,2071.04,2071.04,2065.49,2067.43,1927.95
1772113500000,2067.41,2072.71,2061.78,2064.2,2285.55
1772114400000,2064.22,2068.16,2056.7,2065.44,9948.75
1772115300000,2065.46,2070.71,2061.57,2068.21,3467.14
1772116200000,2068.15,2077.22,2054.15,2058.88,13039.86
1772117100000,2058.82,2060.19,2034.0,2050.31,23068.14
1772118000000,2050.25,2053.33,2037.47,2041.45,11166.25
1772118900000,2041.57,2041.75,2016.01,2021.8,20471.19
1772119800000,2021.77,2032.52,2010.53,2028.13,12268.83
1772120700000,2028.05,2035.7,2022.62,2032.45,6512.95
1772121600000,2032.47,2036.9,2019.34,2025.75,6035.94
1772122500000,2025.76,2036.79,2024.77,2032.68,4083.2
1772123400000,2032.66,2033.6,2006.93,2010.85,10529.5
1772124300000,2010.83,2012.57,1977.75,1982.96,28018.82
1772125200000,1982.94,1995.74,1981.23,1988.51,10392.89
1772126100000,1988.46,1998.06,1985.02,1991.23,4434.26
1772127000000,1991.29,1996.6,1983.9,1986.9,3873.36
1772127900000,1986.9,1989.8,1981.32,1987.34,2905.04
1772128800000,1987.31,1991.24,1974.66,1982.13,7450.7
1772129700000,1982.16,1993.18,1981.12,1985.6,4545.9
1772130600000,1985.62,2008.24,1984.73,2007.16,8767.23
1772131500000,2007.16,2007.51,1999.66,2003.06,2455.05
1772132400000,2003.08,2030.92,2002.54,2019.15,9072.87
1772133300000,2019.22,2031.19,2019.22,2024.67,3743.96
1772134200000,2024.67,2028.52,2019.75,2021.35,2318.26
1772135100000,2021.36,2033.11,2021.36,2029.01,2522.27
1772136000000,2029.01,2041.0,2029.0,2032.01,5660.43
1772136900000,2032.07,2037.12,2026.27,2026.99,3196.57
1772137800000,2026.99,2030.44,2023.37,2027.98,3292.03
1772138700000,2027.98,2028.65,2020.85,2022.71,1900.81
1772139600000,2022.64,2028.71,2016.68,2022.97,2714.89
1772140500000,2022.99,2030.9,2022.15,2030.8,2160.62
1772141400000,2030.8,2030.89,2024.65,2028.18,1610.66
1772142300000,2028.18,2034.03,2026.35,2029.5,1667.4
1772143200000,2029.48,2033.46,2026.83,2031.3,1900.74
1772144100000,2031.32,2031.93,2026.23,2028.41,901.96
1772145000000,2028.41,2035.75,2027.88,2035.75,1738.67
1772145900000,2035.83,2036.74,2030.19,2031.98,2078.75
1772146800000,2031.96,2032.21,2023.0,2029.0,1754.41
1772147700000,2029.0,2032.14,2026.2,2030.3,671.99
1772148600000,2030.32,2031.07,2025.0,2026.32,1979.71
1772149500000,2026.22,2028.64,2023.28,2026.71,1141.95
1772150400000,2026.72,2029.72,2022.29,2024.89,1620.12
1772151300000,2024.91,2026.13,2017.22,2021.73,2506.83
1772152200000,2021.71,2023.27,2012.5,2012.94,2851.53
1772153100000,2012.89,2017.26,2007.5,2013.65,3089.34
1772154000000,2013.63,2014.65,2000.0,2007.58,4418.29
1772154900000,2007.58,2011.48,2002.99,2007.44,2807.07
1772155800000,2007.41,2018.39,2005.94,2011.54,4385.16
1772156700000,2011.54,2021.61,2010.27,2020.83,4090.9
1772157600000,2020.86,2025.81,2018.61,2019.94,2794.01
1772158500000,2019.89,2031.64,2018.08,2025.27,3848.31
1772159400000,2025.29,2033.52,2025.16,2028.53,2201.58
1772160300000,2028.57,2030.45,2024.52,2025.13,2253.32
1772161200000,2025.14,2026.42,2019.25,2020.71,3301.71
1772162100000,2020.71,2023.77,2018.09,2019.65,1391.09
1772163000000,2019.67,2030.2,2019.67,2029.34,2640.37
1772163900000,2029.36,2048.61,2026.78,2044.25,8428.07
1772164800000,2044.25,2057.94,2042.1,2051.83,10765.69
1772165700000,2051.83,2062.5,2051.31,2055.64,6618.63
1772166600000,2055.62,2056.4,2044.53,2046.35,4631.52
1772167500000,2046.33,2049.37,2040.0,2041.77,3021.69
1772168400000,2041.59,2047.36,2041.0,2045.41,2502.96
1772169300000,2045.42,2048.43,2037.62,2043.5,2751.85
1772170200000,2043.5,2046.09,2042.57,2045.27,1470.45
1772171100000,2045.27,2045.52,2039.24,2040.65,2687.14
1772172000000,2040.67,2041.83,2035.11,2036.42,2256.97
1772172900000,2036.42,2038.2,2027.39,2031.63,8340.84
1772173800000,2031.67,2038.95,2030.74,2036.14,6452.7
1772174700000,2036.22,2038.9,2033.29,2035.02,1489.13
1772175600000,2035.04,2040.1,2032.61,2036.41,1776.56
1772176500000,2036.43,2036.43,2029.11,2030.19,1954.93
1772177400000,2030.21,2031.98,2021.01,2023.83,4745.53
1772178300000,2023.82,2032.49,2022.08,2031.53,2919.99
1772179200000,2031.55,2044.95,2030.3,2037.71,5230.04
1772180100000,2037.71,2040.0,2033.34,2036.28,3770.01
1772181000000,2036.26,2040.72,2027.24,2032.84,4024.48
1772181900000,2032.84,2035.18,2028.87,2032.67,1588.89
1772182800000,2032.76,2035.92,2031.05,2035.3,2494.41
1772183700000,2035.28,2041.3,2030.58,2036.88,2440.57
1772184600000,2036.88,2037.56,2017.4,2018.9,4332.01
1772185500000,2018.83,2018.84,2007.5,2009.01,9522.12
1772186400000,2009.01,2012.8,1983.66,1985.58,14651.1
1772187300000,1985.68,1996.6,1984.67,1990.48,8012.18
1772188200000,1990.46,1998.62,1989.87,1992.15,4043.93
1772189100000,1992.14,1992.41,1977.48,1979.82,9017.4
1772190000000,1979.89,1983.13,1978.89,1981.11,3503.81
1772190900000,1981.09,1981.09,1966.4,1973.66,12890.56
1772191800000,1973.66,1974.28,1954.01,1955.8,16389.82
1772192700000,1955.8,1964.22,1952.57,1961.14,7917.33
1772193600000,1961.11,1964.29,1955.46,1959.82,4670.43
1772194500000,1959.8,1968.0,1954.31,1961.65,5912.7
1772195400000,1961.63,1964.36,1955.14,1955.39,4214.22
1772196300000,1955.37,1959.98,1948.63,1958.99,7731.7
1772197200000,1958.96,1966.74,1956.08,1959.2,5727.88
1772198100000,1959.34,1962.0,1954.46,1958.75,3749.09
1772199000000,1958.46,1958.46,1938.38,1953.35,17349.53
1772199900000,1953.38,1964.94,1952.01,1962.13,7317.99
1772200800000,1962.13,1963.37,1955.09,1960.48,3538.98
1772201700000,1960.46,1960.46,1946.12,1950.97,6971.61
1772202600000,1950.97,1958.14,1943.82,1945.55,8042.77
1772203500000,1945.54,1950.26,1939.03,1942.09,9017.72
1772204400000,1941.91,1958.22,1939.8,1950.12,11426.14
1772205300000,1950.13,1958.07,1943.47,1950.07,4711.0
1772206200000,1950.07,1950.62,1941.0,1946.9,4109.91
1772207100000,1947.04,1952.22,1944.0,1947.47,4086.71
1772208000000,1947.49,1947.84,1927.44,1935.72,17415.85
1772208900000,1935.51,1944.32,1934.72,1941.34,4771.0
1772209800000,1941.38,1943.36,1929.84,1933.11,6947.15
1772210700000,1933.11,1934.82,1923.38,1926.1,8344.86
1772211600000,1926.07,1932.8,1920.66,1923.68,4131.48
1772212500000,1923.69,1926.31,1910.13,1911.7,10409.72
1772213400000,1911.68,1923.88,1906.52,1921.23,16874.75
1772214300000,1921.24,1933.64,1916.57,1931.08,5176.32
1772215200000,1931.08,1932.13,1921.77,1923.74,5174.56
1772216100000,1923.6,1926.54,1916.92,1924.13,4736.33
1772217000000,1924.11,1928.36,1921.75,1924.27,2464.66
1772217900000,1924.27,1924.65,1914.83,1917.12,3958.87
1772218800000,1917.12,1921.51,1911.09,1917.02,6085.44
1772219700000,1917.0,1921.98,1914.47,1918.8,2057.75
1772220600000,1918.78,1920.7,1913.75,1915.21,1693.51
1772221500000,1915.21,1922.65,1915.21,1920.21,2669.21
1772222400000,1920.21,1925.9,1919.31,1924.85,2389.39
1772223300000,1924.85,1925.72,1922.81,1923.3,1613.15
1772224200000,1923.17,1923.9,1919.87,1921.94,1478.31
1772225100000,1921.92,1924.68,1919.49,1922.13,1140.1
1772226000000,1922.21,1932.56,1919.03,1926.49,4511.27
1772226900000,1926.5,1932.14,1926.1,1929.68,2231.32
1772227800000,1929.68,1929.8,1923.79,1925.46,1121.68
1772228700000,1925.47,1926.1,1916.16,1920.43,3320.61
1772229600000,1920.42,1921.72,1916.16,1918.2,2424.63
1772230500000,1918.18,1921.3,1910.34,1912.59,3088.87
1772231400000,1912.51,1921.5,1886.07,1920.41,18261.24
1772232300000,1920.42,1926.0,1915.93,1920.2,4733.78
1772233200000,1920.22,1927.96,1918.82,1921.96,2969.66
1772234100000,1921.96,1931.93,1921.61,1929.13,3083.23
1772235000000,1929.15,1930.4,1926.9,1927.13,1712.81
1772235900000,1927.11,1931.64,1926.81,1928.51,1385.16
1772236800000,1928.49,1935.76,1927.52,1935.47,4269.5
1772237700000,1935.49,1935.83,1923.45,1925.3,2902.86
1772238600000,1925.32,1932.68,1923.68,1931.96,1790.84
1772239500000,1931.96,1933.39,1929.51,1931.24,1316.11
1772240400000,1931.26,1935.17,1929.05,1930.03,1290.72
1772241300000,1930.03,1932.74,1923.42,1924.37,2164.94
1772242200000,1924.43,1926.82,1919.0,1924.72,2437.71
1772243100000,1924.72,1927.91,1922.97,1923.31,1373.04
1772244000000,1923.26,1927.6,1921.36,1925.5,1213.0
1772244900000,1925.48,1929.63,1925.48,1928.59,1000.55
1772245800000,1928.59,1929.33,1926.42,1928.19,665.93
1772246700000,1928.19,1931.11,1928.19,1929.17,1075.31
1772247600000,1929.15,1929.64,1925.9,1927.09,923.67
1772248500000,1927.05,1930.19,1926.66,1927.95,779.88
1772249400000,1927.95,1928.06,1919.51,1922.14,2924.29
1772250300000,1922.0,1924.83,1921.99,1923.34,1576.57
1772251200000,1923.34,1925.11,1921.84,1924.11,1078.81
1772252100000,1924.11,1929.7,1918.75,1919.94,916.35
1772253000000,1920.03,1926.47,1913.84,1925.91,5442.86
1772253900000,1925.91,1926.72,1922.59,1924.13,1275.19
1772254800000,1924.13,1926.96,1923.03,1926.76,944.91
1772255700000,1926.73,1926.94,1921.97,1922.02,919.59
1772256600000,1921.96,1921.97,1914.05,1918.47,3351.12
1772257500000,1918.46,1919.69,1916.78,1919.13,1723.82
1772258400000,1919.1,1919.59,1908.75,1909.96,3081.9
1772259300000,1909.9,1911.54,1875.71,1879.69,36618.81
1772260200000,1879.48,1879.97,1853.58,1869.64,31213.9
1772261100000,1869.59,1869.89,1834.92,1841.72,27188.06
1772262000000,1841.72,1863.44,1834.3,1861.52,16112.97
1772262900000,1861.73,1867.0,1846.61,1852.35,10430.48
1772263800000,1852.3,1884.19,1850.05,1877.78,18544.01
1772264700000,1877.8,1878.04,1863.78,1865.46,5644.94
1772265600000,1865.38,1867.73,1855.01,1855.96,6346.5
1772266500000,1855.99,1864.28,1849.53,1855.97,6252.53
1772267400000,1855.97,1863.61,1853.28,1857.16,2801.47
1772268300000,1857.14,1858.07,1847.73,1851.42,5925.94
1772269200000,1851.52,1857.26,1843.87,1854.63,6969.16
1772270100000,1854.69,1861.9,1851.33,1857.85,9405.58
1772271000000,1857.86,1857.86,1848.5,1852.04,3493.83
1772271900000,1852.04,1856.0,1848.04,1853.96,1949.32
1772272800000,1853.94,1853.94,1847.82,1851.49,2571.61
1772273700000,1851.51,1858.88,1850.44,1855.28,10571.6
1772274600000,1855.4,1866.49,1855.05,1861.21,10287.91
1772275500000,1861.21,1865.55,1858.99,1864.05,2480.23
1772276400000,1864.06,1873.84,1863.5,1872.2,5838.79
1772277300000,1872.12,1879.11,1868.36,1877.34,3836.73
1772278200000,1877.32,1879.33,1865.51,1867.72,6955.53
1772279100000,1867.74,1870.19,1860.25,1862.18,4406.85
1772280000000,1862.36,1867.99,1862.2,1865.31,3500.33
1772280900000,1865.35,1873.2,1864.98,1868.94,2980.74
1772281800000,1868.94,1870.98,1866.09,1868.07,1495.15
1772282700000,1868.07,1869.0,1861.32,1867.52,1839.31
1772283600000,1867.52,1871.64,1864.77,1871.64,1719.2
1772284500000,1871.64,1875.8,1867.0,1867.67,2741.96
1772285400000,1867.67,1871.36,1863.98,1871.24,2075.7
1772286300000,1871.22,1909.88,1870.5,1904.51,31742.98
1772287200000,1904.49,1914.5,1889.23,1897.67,18484.14
1772288100000,1897.52,1903.71,1893.4,1900.19,6193.29
1772289000000,1900.19,1912.0,1895.17,1904.77,5633.79
1772289900000,1904.75,1908.0,1882.2,1886.83,9488.78
1772290800000,1886.81,1894.05,1873.02,1874.61,4812.29
1772291700000,1874.63,1901.71,1874.5,1898.72,10684.05
1772292600000,1898.72,1902.72,1892.44,1896.65,5679.89
1772293500000,1896.65,1899.14,1892.18,1897.76,2404.34
1772294400000,1897.74,1900.06,1890.54,1898.96,2676.24
1772295300000,1898.96,1901.94,1893.09,1898.69,2159.99
1772296200000,1898.69,1908.4,1894.55,1907.73,2891.75
1772297100000,1907.75,1909.05,1898.63,1902.82,2428.65
1772298000000,1902.82,1903.44,1895.53,1897.82,1768.81
1772298900000,1897.84,1903.47,1895.2,1901.94,2664.1
1772299800000,1901.92,1902.85,1886.27,1889.64,4599.47
1772300700000,1889.62,1910.12,1886.08,1905.78,5219.5
1772301600000,1905.78,1907.38,1901.39,1902.19,2972.32
1772302500000,1902.15,1904.55,1900.09,1902.44,1682.78
1772303400000,1902.44,1930.37,1902.44,1925.5,14261.3
1772304300000,1925.73,1946.11,1924.43,1934.88,13388.65
1772305200000,1934.85,1936.76,1919.31,1924.7,7598.57
1772306100000,1924.7,1929.52,1923.34,1926.6,3334.34
1772307000000,1926.6,1953.67,1925.53,1943.75,12313.53
1772307900000,1943.75,1951.53,1940.27,1945.93,4292.76
1772308800000,1945.89,1957.4,1937.63,1954.91,7653.12
1772309700000,1954.99,1966.71,1950.0,1959.31,8814.38
1772310600000,1959.31,1962.64,1949.14,1955.1,5213.99
1772311500000,1955.1,1970.98,1953.97,1964.79,5275.28
1772312400000,1964.77,1966.82,1948.5,1954.81,5869.77
1772313300000,1954.79,1956.16,1945.5,1948.37,2378.7
1772314200000,1948.37,1963.97,1944.35,1958.39,4367.72
1772315100000,1958.37,1963.18,1951.72,1956.83,2837.89
1772316000000,1956.83,1964.18,1954.54,1962.16,1913.19
1772316900000,1962.09,1968.25,1960.86,1963.39,2157.85
1772317800000,1963.41,1984.0,1962.38,1971.28,8281.88
1772318700000,1971.26,1978.3,1963.61,1964.47,2989.12
1772319600000,1964.54,1968.88,1960.42,1961.78,2771.26
1772320500000,1961.78,1964.74,1958.96,1959.69,1891.75
1772321400000,1959.79,1962.66,1955.82,1960.28,1671.67
1772322300000,1960.26,1965.79,1960.26,1963.43,2220.09
1772323200000,1963.43,1968.49,1958.42,1961.34,2857.43
1772324100000,1961.32,1964.21,1956.0,1957.6,3258.8
1772325000000,1957.58,1960.64,1953.61,1955.32,1705.55
1772325900000,1955.28,1964.18,1954.75,1961.65,4499.44
1772326800000,1961.62,1961.96,1945.92,1948.13,7626.95
1772327700000,1948.14,1957.5,1942.91,1952.83,3832.11
1772328600000,1952.84,1973.1,1951.1,1966.14,11406.57
1772329500000,1966.14,2022.65,1966.14,2011.61,26413.18
1772330400000,2011.61,2052.0,2007.61,2044.64,31562.31
1772331300000,2045.16,2054.21,2026.8,2031.62,11541.53
1772332200000,2031.62,2044.41,2026.24,2042.38,7286.38
1772333100000,2042.38,2047.72,2030.41,2032.0,5627.64
1772334000000,2031.94,2038.67,2031.68,2034.0,4329.26
1772334900000,2034.0,2036.55,2024.25,2033.36,5350.63
1772335800000,2033.36,2034.05,2028.66,2031.96,2501.44
1772336700000,2031.94,2033.78,2016.12,2022.33,4230.08
1772337600000,2022.31,2029.03,2012.11,2012.43,3627.8
1772338500000,2012.4,2014.94,1998.33,2011.12,11129.71
1772339400000,2011.13,2018.22,2009.64,2014.43,2761.41
1772340300000,2014.45,2018.05,2013.38,2014.97,1328.62
1772341200000,2014.97,2018.73,2009.21,2012.41,2993.71
1772342100000,2012.41,2022.26,2012.27,2018.95,3090.57
1772343000000,2018.95,2020.45,2013.57,2013.9,1116.11
1772343900000,2013.92,2014.56,2008.71,2010.42,2367.69
1772344800000,2010.42,2012.11,1991.7,2002.65,19769.6
1772345700000,2002.63,2005.6,1998.23,1999.75,3013.49
1772346600000,1999.75,2001.37,1988.47,1994.01,5897.25
1772347500000,1994.04,1999.97,1988.47,1997.6,3513.22
1772348400000,1997.58,2004.04,1992.05,2002.29,2921.57
1772349300000,2002.27,2004.55,1996.53,1999.0,2704.75
1772350200000,1999.0,2008.0,1995.85,2004.33,3451.77
1772351100000,2004.31,2006.95,2003.14,2006.35,1128.83
1772352000000,2006.35,2009.53,1997.92,2008.52,3120.08
1772352900000,2008.54,2008.54,2002.86,2006.4,1448.04
1772353800000,2006.38,2006.78,2000.54,2000.87,1474.82
1772354700000,2000.87,2001.68,1980.32,1985.24,12404.36
1772355600000,1985.3,1989.61,1974.49,1987.75,8213.06
1772356500000,1987.73,1994.59,1986.54,1990.23,2949.99
1772357400000,1990.21,1991.16,1976.58,1979.12,5132.0
1772358300000,1979.14,1981.7,1976.1,1979.94,2505.47
1772359200000,1979.92,1983.92,1971.65,1982.59,5306.75
1772360100000,1982.61,1984.87,1977.3,1983.94,2689.3
1772361000000,1983.94,1992.1,1979.71,1980.6,4845.13
1772361900000,1980.6,1984.72,1978.21,1983.89,2117.64
1772362800000,1983.89,1988.37,1983.78,1984.71,1890.07
1772363700000,1984.79,1988.66,1984.69,1986.51,1731.91
1772364600000,1986.51,1987.89,1981.02,1982.34,1513.15
1772365500000,1982.36,1985.0,1981.45,1982.34,939.12
1772366400000,1982.36,1987.0,1980.44,1984.06,1375.53
1772367300000,1984.06,1986.49,1978.95,1979.88,1168.01
1772368200000,1979.88,1985.13,1975.28,1983.28,4207.24
1772369100000,1983.26,1983.28,1975.6,1977.38,2392.05
1772370000000,1977.4,1980.44,1973.87,1978.05,2411.77
1772370900000,1978.07,1980.89,1968.0,1975.46,5367.46
1772371800000,1975.48,1979.35,1972.46,1977.21,3003.23
1772372700000,1977.23,2023.84,1975.74,2005.76,21652.89
1772373600000,2005.83,2027.0,2002.07,2014.97,9889.7
1772374500000,2014.94,2018.16,2003.1,2006.79,4766.14
1772375400000,2006.81,2012.33,1992.75,1997.73,7325.99
1772376300000,1997.74,2004.22,1995.44,2000.57,3990.65
1772377200000,1999.58,2007.91,1998.12,2007.89,3614.89
1772378100000,2007.8,2013.35,2004.69,2009.07,3559.8
1772379000000,2009.05,2015.52,2009.05,2012.71,3111.16
1772379900000,2012.7,2012.91,1991.26,1992.2,5000.79
1772380800000,1992.36,2003.64,1982.81,1997.82,8860.72
1772381700000,1997.79,2007.93,1994.24,2004.87,3492.76
1772382600000,2004.87,2006.0,1998.94,1999.11,1745.01
1772383500000,1999.11,1999.59,1959.28,1973.2,20903.47
1772384400000,1973.2,1975.05,1965.25,1969.85,4611.5
1772385300000,1969.87,1970.6,1952.51,1964.5,9079.17
1772386200000,1964.5,1970.43,1959.55,1967.73,2550.63
1772387100000,1967.79,1974.44,1959.01,1960.1,4177.17
1772388000000,1960.08,1995.78,1959.99,1983.05,15660.32
1772388900000,1983.03,1992.29,1978.26,1979.5,3933.89
1772389800000,1979.38,1982.6,1972.98,1980.01,3589.15
1772390700000,1980.0,1982.93,1972.61,1974.77,3772.66
1772391600000,1974.79,1975.4,1962.47,1962.91,4176.28
1772392500000,1962.98,1965.79,1956.2,1959.1,3849.82
1772393400000,1959.1,1966.93,1947.36,1949.32,3831.13
1772394300000,1949.27,1955.18,1948.38,1952.92,5070.38
1772395200000,1952.92,1954.23,1927.31,1932.96,11032.95
1772396100000,1932.92,1936.77,1923.39,1923.74,6104.41
1772397000000,1923.75,1926.11,1904.2,1911.21,15874.95
1772397900000,1911.16,1916.37,1906.87,1912.91,8621.36
1772398800000,1912.91,1923.8,1911.02,1921.39,8213.19
1772399700000,1921.39,1928.84,1919.0,1923.67,8823.18
1772400600000,1923.67,1929.32,1920.29,1924.25,2616.03
1772401500000,1924.25,1930.95,1922.73,1927.83,2454.54
1772402400000,1927.85,1972.72,1924.87,1944.77,8199.5
1772403300000,1945.0,1951.05,1930.3,1934.9,6027.12
1772404200000,1934.88,1937.13,1913.45,1928.8,7498.86
1772405100000,1928.73,1929.24,1918.57,1923.64,1916.79
1772406000000,1923.78,1947.44,1917.48,1935.73,7505.4
1772406900000,1935.75,1938.16,1930.01,1931.42,2686.32
1772407800000,1931.42,1945.1,1930.21,1939.39,2312.22
1772408700000,1939.37,1942.67,1935.5,1938.63,1094.46
1772409600000,1938.61,1952.94,1936.25,1942.78,3482.41
1772410500000,1942.76,1949.87,1938.58,1945.34,3043.84
1772411400000,1945.34,1962.0,1945.0,1961.65,3516.77
1772412300000,1962.0,1966.29,1954.73,1959.87,4792.5
1772413200000,1959.85,1988.33,1958.61,1979.64,8699.64
1772414100000,1979.64,1982.98,1964.5,1966.83,5278.31
1772415000000,1966.92,1972.3,1966.22,1967.02,1898.12
1772415900000,1967.02,1968.39,1958.89,1962.84,2295.73
1772416800000,1962.84,1965.4,1938.68,1944.12,7095.77
1772417700000,1944.33,1949.34,1940.82,1947.43,2964.93
1772418600000,1947.43,1962.33,1946.5,1954.96,3273.93
1772419500000,1954.96,1959.74,1950.04,1954.54,2485.23
1772420400000,1954.51,1969.33,1947.12,1965.0,5386.85
1772421300000,1964.99,1975.71,1964.04,1972.9,4286.82
1772422200000,1972.9,1978.88,1968.75,1973.41,3316.86
1772423100000,1973.41,1978.02,1970.16,1971.07,2572.86
1772424000000,1971.08,1974.68,1968.12,1969.93,2227.58
1772424900000,1969.95,1977.98,1967.5,1977.46,2403.62
1772425800000,1977.44,1979.42,1970.73,1973.79,2545.68
1772426700000,1973.67,1973.67,1968.75,1972.24,1513.31
1772427600000,1972.23,1972.65,1962.0,1966.38,3330.03
1772428500000,1966.4,1971.26,1963.18,1967.23,3025.61
1772429400000,1967.26,1982.54,1967.13,1980.08,2443.78
1772430300000,1980.1,1980.1,1969.17,1970.18,2629.14
1772431200000,1970.18,1970.47,1962.5,1968.29,4092.97
1772432100000,1968.31,1969.47,1940.78,1949.16,16071.69
1772433000000,1949.26,1950.83,1944.5,1947.56,2708.47
1772433900000,1947.56,1948.34,1936.47,1942.5,5850.73
1772434800000,1942.5,1944.01,1924.53,1928.72,11532.35
1772435700000,1928.72,1938.42,1926.08,1935.16,5172.08
1772436600000,1935.16,1941.16,1933.03,1940.91,2458.42
1772437500000,1940.91,1941.25,1937.41,1940.32,1392.55
1772438400000,1940.38,1940.58,1919.94,1935.37,9135.52
1772439300000,1935.49,1937.22,1923.5,1925.82,5038.74
1772440200000,1925.8,1941.39,1925.41,1937.91,8476.57
1772441100000,1937.91,1950.28,1936.86,1948.17,5549.04
1772442000000,1948.1,1958.86,1945.78,1955.15,7135.49
1772442900000,1955.12,1966.15,1954.84,1957.21,8482.94
1772443800000,1957.21,1962.53,1954.14,1955.7,4012.71
1772444700000,1955.72,1956.21,1946.38,1946.7,9507.62
1772445600000,1946.72,1955.22,1943.1,1946.26,4991.97
1772446500000,1946.34,1951.91,1946.1,1951.51,1890.8
1772447400000,1951.49,1954.96,1946.45,1950.17,1569.07
1772448300000,1950.21,1951.81,1945.98,1951.28,1169.5
1772449200000,1951.1,1951.1,1934.88,1935.65,7126.8
1772450100000,1935.76,1943.28,1934.47,1937.26,2729.86
1772451000000,1937.28,1948.49,1934.9,1945.26,3598.64
1772451900000,1945.26,1954.25,1945.15,1946.84,7440.8
1772452800000,1946.7,1948.14,1943.43,1945.53,1301.88
1772453700000,1945.53,1945.53,1934.98,1937.43,4745.5
1772454600000,1937.37,1939.2,1930.0,1937.91,5192.41
1772455500000,1937.91,1941.27,1935.78,1937.11,1763.38
1772456400000,1937.01,1937.91,1927.87,1932.83,2954.94
1772457300000,1932.81,1943.5,1929.85,1932.99,3525.54
1772458200000,1932.99,1938.7,1925.47,1929.12,4464.85
1772459100000,1929.12,1931.75,1921.42,1926.63,6765.45
1772460000000,1926.65,1933.5,1920.5,1930.78,7089.58
1772460900000,1930.78,1933.74,1920.62,1926.57,5936.79
1772461800000,1926.56,1966.62,1925.3,1965.14,28239.38
1772462700000,1965.23,1984.46,1958.88,1978.67,28934.39
1772463600000,1978.18,2032.22,1973.19,2027.74,25892.1
1772464500000,2027.58,2044.9,2026.15,2030.0,19894.38
1772465400000,2029.99,2061.63,2020.55,2061.18,21086.16
1772466300000,2061.2,2064.88,2034.63,2046.58,18940.17
1772467200000,2046.58,2075.23,2042.23,2069.43,18247.45
1772468100000,2069.39,2071.0,2055.82,2057.69,6981.92
1772469000000,2057.6,2081.79,2043.53,2078.71,14676.18
1772469900000,2078.55,2088.52,2059.62,2063.68,13663.83
1772470800000,2063.28,2065.31,2049.83,2056.94,5847.14
1772471700000,2057.05,2061.32,2048.99,2053.44,4209.27
1772472600000,2053.45,2057.45,2025.21,2028.2,9125.89
1772473500000,2028.22,2042.5,2024.51,2040.18,5918.17
1772474400000,2040.15,2040.7,2023.28,2038.11,4323.77
1772475300000,2038.13,2038.29,2029.75,2032.76,1674.44
1772476200000,2032.82,2037.55,2025.76,2033.17,2595.02
1772477100000,2033.17,2037.47,2024.4,2028.44,2530.94
1772478000000,2028.46,2032.0,2018.0,2026.88,6809.73
1772478900000,2027.0,2037.4,2026.78,2032.48,2805.87
1772479800000,2032.5,2040.8,2029.62,2030.96,2604.79
1772480700000,2030.98,2047.65,2030.9,2042.55,3463.44
1772481600000,2042.55,2056.44,2024.08,2031.02,7651.86
1772482500000,2031.01,2042.0,2028.16,2036.62,2451.47
1772483400000,2036.6,2042.92,2034.28,2042.21,1884.21
1772484300000,2041.92,2049.44,2034.06,2034.19,3747.49
1772485200000,2034.5,2037.61,2028.27,2036.99,2681.08
1772486100000,2036.98,2041.74,2034.68,2039.36,1276.97
1772487000000,2039.43,2045.79,2038.0,2045.0,1578.24
1772487900000,2045.0,2047.05,2041.59,2042.26,2080.11
1772488800000,2042.26,2049.81,2042.0,2043.94,1915.41
1772489700000,2043.96,2051.57,2040.56,2049.19,1848.39
1772490600000,2049.21,2057.69,2048.36,2055.0,2594.36
1772491500000,2055.0,2055.34,2048.93,2052.99,899.24
1772492400000,2053.0,2054.72,2043.74,2044.37,1369.62
1772493300000,2044.42,2047.14,2036.22,2036.52,2295.23
1772494200000,2036.52,2037.51,2023.82,2026.43,2715.63
1772495100000,2026.36,2031.21,2023.99,2026.52,2165.04
1772496000000,2026.5,2034.5,2023.48,2026.26,2570.67
1772496900000,2026.28,2030.69,2020.9,2026.62,2439.67
1772497800000,2026.6,2038.23,2018.1,2035.3,3587.4
1772498700000,2035.28,2036.79,2026.03,2034.29,2163.64
1772499600000,2034.56,2040.38,2028.0,2036.38,2207.14
1772500500000,2036.36,2037.54,2028.12,2028.31,2453.32
1772501400000,2028.29,2033.61,2021.2,2029.96,2822.76
1772502300000,2029.76,2030.9,2018.75,2018.98,2187.67
1772503200000,2018.96,2019.51,2003.99,2008.22,10028.72
1772504100000,2008.35,2013.06,1997.0,2012.78,6618.24
1772505000000,2012.76,2017.6,2010.45,2012.99,3302.65
1772505900000,2013.0,2021.53,2012.29,2012.76,3034.03
1772506800000,2012.76,2014.6,2005.53,2012.18,2450.32
1772507700000,2012.18,2013.39,2004.42,2009.62,1877.32
1772508600000,2009.64,2014.17,2007.35,2011.07,1628.85
1772509500000,2011.07,2011.5,2005.45,2007.83,1011.14
1772510400000,2008.09,2011.48,2006.0,2008.49,940.23
1772511300000,2008.51,2012.72,2006.15,2007.42,916.94
1772512200000,2007.36,2010.02,2000.32,2003.19,2511.08
1772513100000,2003.19,2004.32,1997.41,1998.88,4084.57
1772514000000,1998.86,2009.64,1993.02,2009.63,4753.11
1772514900000,2009.57,2018.18,2004.03,2006.02,4839.95
1772515800000,2005.98,2006.13,1995.52,1998.3,4379.53
1772516700000,1998.28,2000.0,1986.79,1992.52,7350.74
1772517600000,1992.53,1995.22,1989.13,1993.17,2711.06
1772518500000,1993.12,1994.94,1989.6,1993.25,2216.15
1772519400000,1993.28,1995.69,1990.16,1994.77,1842.99
1772520300000,1994.77,2000.81,1986.93,1998.37,3094.31
1772521200000,1998.32,2000.22,1993.37,1999.61,2892.11
1772522100000,1999.63,2002.88,1996.84,1999.74,2787.55
1772523000000,1999.74,2000.39,1992.22,1997.22,2143.67
1772523900000,1997.23,1998.8,1992.64,1995.42,1731.74
1772524800000,1995.44,1999.73,1983.37,1984.46,4016.26
1772525700000,1984.54,1991.46,1980.8,1983.02,6313.22
1772526600000,1983.02,1983.7,1957.46,1960.75,16822.0
1772527500000,1960.77,1961.81,1946.87,1952.08,15063.12
1772528400000,1952.18,1967.74,1949.75,1964.55,11360.03
1772529300000,1964.55,1967.75,1944.3,1948.02,9569.93
1772530200000,1947.99,1954.57,1938.03,1949.08,9957.55
1772531100000,1949.06,1951.42,1943.79,1950.38,6074.44
1772532000000,1950.32,1952.83,1944.88,1946.48,6596.35
1772532900000,1946.48,1954.97,1943.86,1948.86,3261.56
1772533800000,1948.88,1955.5,1947.81,1955.11,2359.67
1772534700000,1955.11,1962.95,1953.3,1956.85,5724.88
1772535600000,1956.85,1960.93,1955.0,1958.1,2734.0
1772536500000,1958.13,1960.39,1950.88,1956.36,3342.87
1772537400000,1956.38,1963.68,1955.44,1963.44,3481.73
1772538300000,1963.38,1965.86,1959.99,1960.26,2588.89
1772539200000,1960.24,1989.27,1959.77,1980.52,11782.81
1772540100000,1980.62,1981.48,1969.54,1973.87,6198.35
1772541000000,1973.85,1974.63,1962.7,1966.63,3856.69
1772541900000,1966.65,1969.57,1962.37,1966.48,3234.66
1772542800000,1966.46,1967.69,1948.49,1949.21,7638.35
1772543700000,1949.25,1959.15,1949.02,1956.17,4230.23
1772544600000,1956.19,1956.29,1946.94,1950.47,4752.61
1772545500000,1950.44,1952.02,1942.47,1951.18,6750.98
1772546400000,1951.18,1963.09,1948.0,1960.02,6492.27
1772547300000,1960.0,1971.05,1957.25,1960.79,6513.02
1772548200000,1960.77,1976.65,1933.8,1936.28,24873.74
1772549100000,1936.47,1953.16,1928.0,1941.97,18203.88
1772550000000,1941.95,1952.53,1937.34,1944.88,6538.92
1772550900000,1944.97,1949.76,1931.19,1941.75,6891.7
1772551800000,1941.71,1971.79,1941.39,1958.77,12198.03
1772552700000,1958.76,1970.09,1958.66,1968.32,5058.55
1772553600000,1968.1,2000.76,1964.05,1994.28,21983.74
1772554500000,1994.11,2012.86,1987.21,2005.24,17211.58
1772555400000,2005.24,2005.48,1957.52,1969.57,21413.12
1772556300000,1969.58,1991.38,1968.14,1982.97,10666.11
1772557200000,1983.17,1985.53,1958.55,1969.41,7515.62
1772558100000,1969.41,1978.93,1963.33,1975.14,4774.88
1772559000000,1975.0,1975.61,1958.12,1974.49,6785.93
1772559900000,1974.37,1984.52,1971.25,1979.52,4392.04
1772560800000,1979.48,1986.3,1968.38,1972.55,5787.2
1772561700000,1972.57,1989.56,1972.35,1984.87,3732.9
1772562600000,1984.85,1999.6,1984.19,1991.99,5551.63
1772563500000,1991.99,1992.02,1983.26,1986.96,2707.54
1772564400000,1986.97,1989.5,1976.27,1984.57,2611.57
1772565300000,1984.62,1993.5,1980.86,1985.18,3179.68
1772566200000,1985.31,1992.96,1975.82,1986.78,3288.55
1772567100000,1986.76,1992.26,1982.37,1985.17,2147.62
1772568000000,1985.52,1988.64,1978.66,1978.85,2009.5
1772568900000,1978.64,1985.75,1976.77,1981.12,1759.76
1772569800000,1981.53,1988.35,1980.09,1983.59,1402.18
1772570700000,1983.58,1984.58,1969.13,1977.34,3227.56
1772571600000,1977.35,1977.47,1961.56,1966.9,3203.6
1772572500000,1966.89,1968.64,1958.13,1962.2,3175.34
1772573400000,1962.2,1966.86,1960.51,1964.3,1062.04
1772574300000,1964.3,1970.14,1961.95,1967.29,1067.22
1772575200000,1967.36,1984.44,1967.1,1979.2,4205.43
1772576100000,1979.62,1982.46,1975.61,1979.14,1447.05
1772577000000,1979.16,1986.92,1976.24,1985.2,2422.98
1772577900000,1985.18,1985.83,1979.12,1982.35,769.7
1772578800000,1982.35,2000.79,1980.52,1993.81,5403.0
1772579700000,1993.81,1995.08,1986.24,1987.29,2526.95
1772580600000,1987.29,1991.12,1982.85,1986.91,1734.15
1772581500000,1986.91,1989.0,1980.04,1981.86,1213.91
1772582400000,1981.86,1982.52,1976.61,1979.83,1757.42
1772583300000,1979.81,1985.94,1978.4,1979.74,1786.14
1772584200000,1979.76,1980.51,1961.0,1963.35,5081.84
1772585100000,1963.37,1978.92,1963.35,1975.75,3041.61
1772586000000,1975.75,1983.0,1972.73,1976.89,2799.21
1772586900000,1976.77,1981.55,1968.8,1978.25,2146.83
1772587800000,1978.25,1997.96,1976.89,1988.99,5737.0
1772588700000,1988.99,1989.36,1979.07,1980.84,2540.04
1772589600000,1980.75,1982.0,1972.28,1975.85,3291.55
1772590500000,1975.87,1980.62,1970.95,1972.27,2490.02
1772591400000,1972.25,1975.0,1968.28,1972.34,2479.02
1772592300000,1972.34,1981.7,1970.72,1978.16,1411.08
1772593200000,1978.02,1978.63,1969.04,1974.91,2133.4
1772594100000,1974.91,1979.43,1961.8,1963.47,3012.47
1772595000000,1963.47,1965.0,1943.71,1949.87,11148.14
1772595900000,1949.89,1960.44,1946.49,1959.78,2991.78
1772596800000,1959.75,1963.63,1951.71,1959.34,2999.68
1772597700000,1959.34,1960.87,1950.72,1953.02,1722.28
1772598600000,1953.0,1957.5,1949.34,1956.62,2037.74
1772599500000,1956.64,1961.86,1955.0,1959.19,2282.86
1772600400000,1959.14,1962.35,1955.68,1961.13,2124.56
1772601300000,1961.23,1964.5,1954.65,1959.01,2433.79
1772602200000,1959.01,1976.24,1956.36,1971.48,3578.35
1772603100000,1971.48,1974.87,1968.24,1970.11,2642.75
1772604000000,1970.11,1970.84,1963.61,1965.2,2189.21
1772604900000,1965.2,1966.89,1962.05,1966.22,1389.19
1772605800000,1966.22,1984.91,1966.19,1984.91,4697.11
1772606700000,1984.95,1985.66,1977.21,1979.27,3742.11
1772607600000,1979.28,1981.24,1974.0,1974.45,3102.49
1772608500000,1974.45,1984.75,1973.62,1984.74,1940.13
1772609400000,1984.74,1993.33,1983.4,1992.26,6087.27
1772610300000,1992.18,2009.24,1989.0,2005.6,10712.66
1772611200000,2005.6,2018.84,2003.21,2009.19,10517.65
1772612100000,2009.15,2009.57,1999.62,2004.8,4612.98
1772613000000,2004.82,2029.93,2004.43,2029.85,6818.72
1772613900000,2029.61,2066.0,2029.52,2063.18,22353.47
1772614800000,2063.07,2073.85,2054.5,2067.92,14120.57
1772615700000,2067.94,2079.21,2066.08,2075.22,12428.89
1772616600000,2075.24,2087.34,2070.63,2083.17,11729.29
1772617500000,2083.19,2088.98,2070.56,2074.47,8746.0
1772618400000,2074.45,2092.05,2073.2,2083.92,9174.27
1772619300000,2083.85,2084.99,2075.0,2079.27,5835.79
1772620200000,2079.19,2080.51,2071.84,2073.45,3474.4
1772621100000,2073.47,2075.17,2066.44,2071.48,5181.62
1772622000000,2071.7,2075.51,2065.57,2074.2,4947.64
1772622900000,2074.3,2077.71,2065.39,2067.2,3276.14
1772623800000,2067.18,2069.15,2046.0,2053.08,11190.41
1772624700000,2052.64,2057.92,2049.89,2054.05,3222.35
1772625600000,2054.06,2057.92,2047.0,2049.86,3926.89
1772626500000,2049.88,2050.27,2038.76,2040.38,5365.45
1772627400000,2040.31,2052.24,2035.59,2049.5,6328.01
1772628300000,2049.48,2053.97,2046.88,2053.46,4453.42
1772629200000,2053.51,2067.55,2052.4,2058.69,8180.68
1772630100000,2058.72,2062.51,2054.59,2058.94,4787.26
1772631000000,2058.93,2064.71,2055.06,2062.65,4270.05
1772631900000,2062.67,2066.56,2060.24,2063.41,4350.62
1772632800000,2063.43,2076.43,2061.85,2073.88,6137.09
1772633700000,2073.9,2081.92,2068.51,2077.67,9954.9
1772634600000,2077.68,2109.0,2065.55,2065.99,30174.06
1772635500000,2065.91,2083.76,2064.32,2078.95,11935.07
1772636400000,2078.94,2097.76,2078.44,2088.74,14338.82
1772637300000,2088.44,2141.0,2087.58,2139.37,17280.73
1772638200000,2139.22,2142.0,2122.33,2126.25,18504.03
1772639100000,2126.51,2156.7,2125.42,2149.28,17268.12
1772640000000,2149.19,2165.5,2132.82,2134.4,18654.85
1772640900000,2134.73,2146.9,2127.94,2142.9,10760.49
1772641800000,2142.92,2151.53,2140.7,2145.22,4789.47
1772642700000,2145.22,2148.92,2138.87,2141.25,2603.42
1772643600000,2141.22,2154.66,2137.5,2147.58,3893.96
1772644500000,2147.66,2152.59,2129.74,2134.62,6587.66
1772645400000,2134.58,2147.36,2134.43,2143.7,4264.84
1772646300000,2143.61,2155.43,2143.32,2144.79,4540.03
1772647200000,2144.87,2153.01,2136.41,2140.8,3633.03
1772648100000,2140.8,2155.0,2140.05,2153.58,3707.86
1772649000000,2153.6,2158.25,2144.2,2152.55,4159.27
1772649900000,2152.55,2163.24,2150.86,2162.0,4163.62
1772650800000,2161.99,2185.72,2159.88,2180.76,13615.91
1772651700000,2180.85,2198.63,2173.83,2174.37,13916.55
1772652600000,2174.49,2186.88,2170.01,2180.3,4093.79
1772653500000,2180.48,2184.33,2174.72,2176.57,2529.75
1772654400000,2176.55,2178.83,2162.51,2167.45,4452.99
1772655300000,2167.43,2176.4,2164.25,2170.81,2564.16
1772656200000,2170.59,2174.6,2164.68,2171.81,1641.41
1772657100000,2171.76,2172.97,2149.26,2149.26,3956.16
1772658000000,2149.21,2154.06,2141.4,2144.45,5089.91
1772658900000,2144.45,2148.8,2141.24,2147.39,1666.15
1772659800000,2147.38,2154.99,2144.98,2148.01,2323.49
1772660700000,2147.99,2151.22,2144.94,2148.84,1418.23
1772661600000,2148.84,2163.09,2148.84,2156.23,2603.99
1772662500000,2156.25,2158.78,2151.64,2151.68,1189.0
1772663400000,2151.66,2153.92,2134.49,2135.64,4165.92
1772664300000,2135.71,2135.81,2126.01,2131.0,4793.01
1772665200000,2130.98,2135.7,2127.61,2131.34,2714.69
1772666100000,2131.32,2134.8,2122.38,2124.37,3969.14
1772667000000,2124.37,2131.08,2115.14,2130.29,6557.78
1772667900000,2130.32,2132.64,2122.6,2126.14,2596.16
1772668800000,2126.05,2129.5,2120.4,2125.49,1721.0
1772669700000,2125.47,2133.72,2121.72,2125.97,2560.08
1772670600000,2125.97,2133.21,2123.29,2130.07,1945.57
1772671500000,2130.07,2134.39,2125.8,2127.08,1719.77
1772672400000,2127.06,2140.18,2123.04,2135.78,2995.43
1772673300000,2135.76,2137.76,2118.99,2126.41,3394.82
1772674200000,2126.34,2127.07,2109.02,2112.87,3565.98
1772675100000,2112.87,2115.76,2106.57,2112.73,4065.69
1772676000000,2112.73,2131.97,2112.0,2130.21,6313.9
1772676900000,2130.22,2133.24,2123.3,2125.54,1851.57
1772677800000,2125.54,2125.73,2114.6,2115.54,2000.16
1772678700000,2115.57,2123.55,2115.18,2120.97,1504.17
1772679600000,2120.98,2125.13,2116.93,2119.03,1532.17
1772680500000,2119.02,2121.65,2111.41,2112.92,1792.87
1772681400000,2112.94,2114.68,2107.48,2107.92,2113.98
1772682300000,2107.91,2121.44,2106.81,2119.08,2380.34
1772683200000,2119.06,2128.28,2117.48,2124.98,2477.13
1772684100000,2125.0,2134.21,2120.84,2133.24,2777.06
1772685000000,2133.23,2139.25,2126.08,2138.0,2685.06
1772685900000,2138.0,2143.4,2127.07,2136.22,5058.9
1772686800000,2136.23,2138.39,2132.13,2135.88,1354.25
1772687700000,2135.88,2136.05,2115.76,2118.53,3399.57
1772688600000,2118.54,2122.82,2112.7,2116.18,2843.8
1772689500000,2116.26,2119.6,2114.21,2118.65,1541.05
1772690400000,2118.65,2121.91,2109.01,2113.33,3125.62
1772691300000,2113.35,2126.0,2111.05,2120.04,2801.21
1772692200000,2120.02,2123.59,2115.0,2121.53,1707.84
1772693100000,2121.61,2129.86,2119.6,2127.23,2301.91
1772694000000,2127.21,2131.66,2123.38,2128.42,2098.29
1772694900000,2128.42,2129.6,2124.86,2125.35,1055.92
1772695800000,2125.37,2125.49,2115.11,2117.36,2270.73
1772696700000,2117.36,2117.86,2095.0,2104.08,9673.06
1772697600000,2104.08,2104.74,2092.57,2096.76,4565.13
1772698500000,2096.76,2102.11,2092.86,2095.81,3112.36
1772699400000,2095.79,2114.27,2094.77,2112.89,4208.55
1772700300000,2112.93,2117.44,2108.2,2116.68,4131.22
1772701200000,2116.7,2132.1,2115.54,2126.53,8832.25
1772702100000,2126.56,2132.89,2122.94,2127.98,4540.76
1772703000000,2127.99,2137.01,2123.53,2124.95,5764.32
1772703900000,2124.95,2127.0,2121.12,2124.59,1624.66
1772704800000,2124.59,2127.14,2119.27,2127.04,2344.11
1772705700000,2127.04,2147.25,2125.0,2142.32,6312.47
1772706600000,2142.33,2159.51,2141.6,2151.24,8994.24
1772707500000,2151.26,2163.07,2148.58,2155.05,5451.8
1772708400000,2155.05,2158.32,2144.37,2150.0,5369.53
1772709300000,2149.99,2150.75,2141.0,2147.4,2772.9
1772710200000,2147.35,2147.35,2132.83,2133.07,3682.15
1772711100000,2133.07,2138.36,2132.78,2136.89,2477.33
1772712000000,2136.87,2137.69,2125.6,2132.82,4919.65
1772712900000,2132.84,2134.55,2122.28,2130.39,5988.84
1772713800000,2130.39,2136.1,2126.37,2133.66,3454.13
1772714700000,2133.64,2141.85,2133.0,2137.2,2961.87
1772715600000,2137.22,2138.65,2121.52,2126.16,5032.33
1772716500000,2126.16,2129.33,2112.51,2122.06,5810.73
1772717400000,2121.94,2122.47,2108.22,2118.0,7457.34
1772718300000,2118.0,2125.99,2113.15,2116.45,4882.87
1772719200000,2116.45,2121.93,2112.91,2121.11,3057.41
1772720100000,2121.13,2121.7,2112.72,2116.79,2075.58
1772721000000,2116.81,2130.6,2096.53,2098.17,12937.22
1772721900000,2098.11,2124.34,2095.59,2118.16,10005.39
1772722800000,2118.17,2120.86,2083.0,2088.27,12873.4
1772723700000,2088.27,2092.72,2071.4,2072.8,10191.38
1772724600000,2072.86,2086.86,2066.42,2079.99,10213.94
1772725500000,2079.99,2088.51,2078.12,2085.98,5988.98
1772726400000,2086.08,2086.57,2055.73,2062.89,12981.21
1772727300000,2062.9,2075.71,2059.43,2071.68,7265.55
1772728200000,2071.65,2084.2,2070.06,2078.45,5179.13
1772729100000,2078.44,2081.63,2074.44,2079.19,2393.3
1772730000000,2079.17,2092.57,2070.81,2076.15,8388.84
1772730900000,2076.15,2077.22,2068.21,2068.21,3376.61
1772731800000,2068.21,2070.19,2058.88,2066.06,4574.31
1772732700000,2066.04,2067.05,2053.08,2058.84,5649.14
1772733600000,2058.84,2069.69,2056.53,2068.87,2846.56
1772734500000,2068.83,2072.36,2062.73,2065.79,3120.63
1772735400000,2065.74,2077.48,2065.39,2074.48,2114.72
1772736300000,2074.48,2076.9,2069.59,2075.88,1228.41
1772737200000,2075.88,2088.43,2075.54,2086.93,5075.53
1772738100000,2086.93,2091.74,2074.31,2077.25,5003.88
1772739000000,2077.26,2080.47,2071.28,2077.49,2543.63
1772739900000,2077.63,2083.27,2071.6,2073.64,1386.68
1772740800000,2073.59,2080.9,2069.66,2079.7,2198.25
1772741700000,2079.7,2093.73,2079.05,2086.66,3289.43
1772742600000,2086.72,2096.21,2085.58,2087.84,2211.63
1772743500000,2087.84,2097.37,2084.82,2091.8,1543.87
1772744400000,2091.61,2096.36,2090.85,2092.54,1602.81
1772745300000,2092.54,2098.9,2089.07,2092.17,1683.81
1772746200000,2092.22,2093.72,2075.8,2080.79,3039.6
1772747100000,2080.79,2083.33,2074.14,2079.57,1630.98
1772748000000,2079.59,2082.61,2076.5,2079.59,938.22
1772748900000,2079.57,2082.24,2077.8,2078.46,799.38
1772749800000,2078.44,2083.42,2078.03,2081.53,748.68
1772750700000,2081.53,2084.72,2079.0,2079.14,746.91
1772751600000,2079.1,2081.0,2077.21,2078.2,714.98
1772752500000,2078.2,2083.59,2077.43,2081.71,1053.77
1772753400000,2081.71,2082.18,2072.28,2074.77,1407.73
1772754300000,2074.79,2075.43,2069.26,2071.95,2034.27
1772755200000,2071.99,2079.6,2071.11,2079.56,1928.77
1772756100000,2079.55,2079.57,2071.13,2072.01,1336.34
1772757000000,2072.0,2073.44,2068.84,2070.11,1448.23
1772757900000,2070.24,2075.12,2066.78,2074.22,2170.82
1772758800000,2074.22,2077.5,2071.77,2072.69,1757.16
1772759700000,2072.69,2077.18,2061.07,2064.47,2683.71
1772760600000,2064.56,2087.48,2064.48,2084.78,4143.23
1772761500000,2084.78,2090.37,2081.55,2086.71,2595.74
1772762400000,2086.73,2092.61,2083.7,2090.81,2050.43
1772763300000,2090.79,2092.05,2079.35,2086.27,2105.97
1772764200000,2086.29,2087.63,2080.74,2087.62,1056.51
1772765100000,2087.62,2088.61,2080.43,2082.78,1162.17
1772766000000,2082.7,2085.7,2075.24,2077.48,1645.04
1772766900000,2077.46,2087.83,2074.26,2085.16,3050.74
1772767800000,2085.16,2088.0,2081.62,2082.59,1234.39
1772768700000,2082.61,2084.15,2079.74,2082.99,7064.53
1772769600000,2082.99,2085.16,2076.9,2077.11,1647.37
1772770500000,2077.11,2079.14,2074.22,2074.62,1876.44
1772771400000,2074.62,2078.05,2058.32,2067.95,7189.4
1772772300000,2068.02,2070.87,2065.93,2070.0,2011.3
1772773200000,2070.02,2071.57,2064.07,2069.57,2598.79
1772774100000,2069.62,2073.5,2063.0,2065.24,2292.32
1772775000000,2065.24,2068.01,2058.08,2060.33,2685.05
1772775900000,2060.35,2070.55,2058.48,2067.85,3127.22
1772776800000,2067.85,2069.85,2062.56,2064.21,2572.65
1772777700000,2064.21,2070.73,2062.46,2067.8,2181.67
1772778600000,2067.8,2075.38,2066.21,2074.78,1813.71
1772779500000,2074.76,2079.57,2072.17,2073.32,2957.29
1772780400000,2073.32,2078.7,2067.5,2070.76,3041.48
1772781300000,2070.78,2083.69,2069.96,2083.3,3080.94
1772782200000,2083.28,2085.83,2079.89,2083.31,2657.54
1772783100000,2083.31,2086.5,2080.71,2081.89,2181.18
1772784000000,2081.86,2081.86,2077.65,2078.79,1958.89
1772784900000,2078.79,2081.44,2075.61,2076.58,1968.56
1772785800000,2076.57,2081.44,2073.35,2079.41,2025.02
1772786700000,2079.43,2081.7,2074.0,2074.94,1865.44
1772787600000,2074.98,2076.47,2062.27,2063.93,3688.61
1772788500000,2063.94,2064.33,2053.52,2055.95,5710.93
1772789400000,2055.95,2058.46,2045.07,2054.18,9104.13
1772790300000,2054.19,2060.85,2050.65,2058.8,3216.17
1772791200000,2058.82,2064.38,2057.54,2062.81,3888.26
1772792100000,2062.81,2068.59,2061.07,2067.56,2437.93
1772793000000,2067.54,2067.63,2060.5,2062.97,1939.31
1772793900000,2062.95,2066.82,2061.67,2062.29,1349.42
1772794800000,2062.27,2065.42,2056.77,2063.49,3681.23
1772795700000,2063.49,2066.35,2061.5,2064.35,1331.67
1772796600000,2064.25,2064.78,2053.49,2056.0,1887.66
1772797500000,2056.0,2056.56,2048.68,2049.95,3029.06
1772798400000,2049.97,2051.4,2036.81,2043.02,9339.84
1772799300000,2042.99,2054.41,2042.86,2050.73,4066.91
1772800200000,2050.77,2051.86,2037.34,2042.87,4432.37
1772801100000,2042.79,2051.76,2038.43,2047.65,3317.03
1772802000000,2047.63,2050.9,2045.45,2048.18,2373.17
1772802900000,2048.18,2051.84,2038.66,2049.03,4047.21
1772803800000,2047.35,2061.34,2036.12,2050.25,10274.16
1772804700000,2050.27,2050.27,2018.71,2019.14,16728.72
1772805600000,2018.98,2023.03,1997.01,2005.79,22515.26
1772806500000,2005.81,2013.02,2002.82,2008.69,6999.85
1772807400000,2008.74,2013.19,1983.01,1990.2,19828.19
1772808300000,1990.2,1995.37,1970.68,1980.37,20439.19
1772809200000,1980.38,1987.0,1972.61,1983.92,8775.04
1772810100000,1983.98,1996.35,1982.4,1989.19,9325.55
1772811000000,1988.99,1996.85,1981.13,1983.41,5202.94
1772811900000,1983.39,1984.0,1964.9,1976.56,11065.11
1772812800000,1976.56,1983.95,1965.8,1968.94,8145.15
1772813700000,1968.9,1974.87,1966.12,1973.77,4880.45
1772814600000,1973.81,1979.51,1966.69,1974.22,4642.11
1772815500000,1974.24,1978.28,1965.3,1970.29,4150.66
1772816400000,1970.29,1975.99,1968.06,1972.36,2379.56
1772817300000,1972.39,1980.83,1967.49,1973.15,3490.88
1772818200000,1973.15,1974.74,1954.8,1958.73,12362.86
1772819100000,1958.72,1969.0,1958.52,1965.65,3942.11
1772820000000,1965.65,1979.45,1965.4,1977.53,4547.56
1772820900000,1977.53,1979.54,1973.25,1975.48,2536.33
1772821800000,1975.54,1982.4,1975.07,1979.94,3371.18
1772822700000,1979.94,1981.13,1971.47,1973.37,3237.03
1772823600000,1973.39,1986.47,1973.39,1985.65,3048.07
1772824500000,1985.65,1991.72,1981.97,1985.29,3419.76
1772825400000,1985.32,1989.69,1982.5,1982.7,1504.22
1772826300000,1982.7,1984.52,1979.92,1982.82,1557.6
1772827200000,1982.7,1987.9,1976.66,1977.87,1689.13
1772828100000,1977.85,1980.97,1971.45,1972.7,1969.27
1772829000000,1972.72,1982.31,1968.48,1978.1,3327.04
1772829900000,1978.1,1980.74,1976.68,1977.85,1191.97
1772830800000,1977.85,1980.71,1976.0,1979.48,1375.66
1772831700000,1979.5,1979.8,1970.73,1974.02,1155.98
1772832600000,1974.02,1977.8,1973.1,1977.26,769.38
1772833500000,1977.24,1983.72,1976.98,1982.87,1246.01
1772834400000,1982.85,1984.84,1981.18,1982.5,1518.68
1772835300000,1982.5,1986.17,1981.72,1982.2,900.65
1772836200000,1982.18,1985.86,1980.34,1983.9,899.33
1772837100000,1983.92,1989.07,1983.66,1986.33,1387.65
1772838000000,1986.5,1986.75,1983.11,1984.86,980.38
1772838900000,1984.88,1986.42,1983.63,1985.81,632.75
1772839800000,1985.81,1985.81,1979.58,1981.16,1210.45
1772840700000,1981.06,1982.21,1975.86,1977.77,1350.39
1772841600000,1977.77,1981.63,1976.06,1979.03,1415.93
1772842500000,1979.03,1980.76,1977.0,1977.72,1508.75
1772843400000,1977.7,1982.22,1977.34,1979.09,1415.49
1772844300000,1979.09,1982.0,1978.83,1980.24,529.9
1772845200000,1980.18,1982.62,1977.66,1979.08,802.2
1772846100000,1979.08,1979.95,1974.73,1978.15,3022.84
1772847000000,1978.17,1979.41,1975.21,1978.71,734.35
1772847900000,1978.76,1982.0,1977.49,1979.5,2426.44
1772848800000,1979.65,1980.23,1977.71,1978.17,502.09
1772849700000,1978.15,1979.45,1974.41,1974.5,809.95
1772850600000,1974.48,1976.32,1971.38,1974.08,4375.67
1772851500000,1974.1,1983.63,1973.52,1982.43,2498.1
1772852400000,1982.43,1995.0,1980.45,1994.07,3047.29
1772853300000,1994.05,1994.05,1982.55,1982.93,2810.45
1772854200000,1982.93,1984.76,1981.27,1981.77,1166.05
1772855100000,1981.77,1983.03,1978.08,1979.12,2504.27
1772856000000,1979.12,1979.37,1963.68,1969.76,6736.37
1772856900000,1969.76,1973.71,1968.84,1972.87,1203.26
1772857800000,1972.85,1978.28,1971.0,1976.53,1791.15
1772858700000,1976.53,1976.58,1974.31,1974.33,720.47
1772859600000,1974.33,1978.11,1974.0,1975.61,1065.27
1772860500000,1975.49,1976.27,1971.95,1975.02,1097.25
1772861400000,1975.02,1977.96,1972.27,1977.52,898.86
1772862300000,1977.54,1978.94,1976.1,1977.69,1582.49
1772863200000,1977.67,1977.71,1974.0,1975.06,875.23
1772864100000,1975.03,1976.59,1973.13,1973.59,862.86
1772865000000,1973.57,1975.69,1970.28,1975.47,1739.72
1772865900000,1975.47,1975.9,1967.88,1970.91,3397.13
1772866800000,1970.89,1972.39,1965.53,1972.05,4972.32
1772867700000,1972.07,1976.6,1970.2,1974.91,2285.68
1772868600000,1974.89,1977.72,1973.94,1977.04,1229.99
1772869500000,1977.04,1983.3,1976.85,1982.23,2026.46
1772870400000,1982.25,1982.5,1980.1,1982.31,1952.66
1772871300000,1982.31,1986.74,1982.29,1984.68,2412.08
1772872200000,1984.66,1986.62,1980.55,1980.89,2721.17
1772873100000,1980.89,1981.34,1974.08,1976.68,2770.61
1772874000000,1976.66,1983.32,1974.0,1982.87,4193.26
1772874900000,1982.89,1988.67,1981.92,1982.85,3873.92
1772875800000,1982.85,1984.79,1982.19,1984.27,935.1
1772876700000,1984.25,1987.28,1983.39,1985.33,990.84
1772877600000,1985.31,1987.51,1983.66,1987.35,1766.53
1772878500000,1987.35,1987.71,1982.85,1983.69,1157.38
1772879400000,1983.69,1984.88,1981.96,1983.27,896.95
1772880300000,1983.29,1985.0,1982.25,1983.0,827.42
1772881200000,1983.0,1993.19,1981.09,1993.1,2984.66
1772882100000,1993.12,1993.53,1986.58,1987.73,2302.51
1772883000000,1987.75,1987.75,1985.72,1987.72,980.85
1772883900000,1987.71,1990.17,1986.75,1987.6,1023.0
1772884800000,1987.62,1990.0,1985.47,1986.48,1679.47
1772885700000,1986.46,1988.68,1985.18,1986.67,1775.68
1772886600000,1986.67,1987.37,1981.94,1982.71,1879.22
1772887500000,1982.71,1983.82,1978.37,1981.41,5295.96
1772888400000,1981.41,1983.08,1978.44,1981.44,2046.74
1772889300000,1981.44,1982.65,1979.09,1980.96,2039.37
1772890200000,1980.98,1982.4,1976.53,1979.6,1728.32
1772891100000,1979.6,1982.02,1979.06,1980.77,994.79
1772892000000,1980.79,1980.88,1969.43,1973.56,4979.48
1772892900000,1973.59,1975.82,1972.49,1974.55,2286.77
1772893800000,1974.53,1987.01,1974.49,1984.05,6460.84
1772894700000,1984.05,1989.67,1982.52,1985.97,2683.93
1772895600000,1985.97,1986.74,1982.87,1984.34,1736.73
1772896500000,1984.36,1986.01,1981.24,1982.12,1097.43
1772897400000,1982.18,1984.9,1975.19,1977.51,3024.81
1772898300000,1977.51,1980.98,1975.83,1980.14,1919.66
1772899200000,1980.15,1980.15,1976.18,1978.33,1080.61
1772900100000,1978.33,1978.63,1973.96,1976.04,2984.45
1772901000000,1976.06,1978.0,1973.64,1976.44,1046.28
1772901900000,1976.46,1977.68,1975.06,1976.34,1608.93
1772902800000,1976.36,1979.89,1976.04,1978.95,2857.79
1772903700000,1978.97,1982.79,1978.45,1980.23,1615.61
1772904600000,1980.23,1980.48,1979.51,1980.04,981.16
1772905500000,1980.02,1980.52,1975.21,1976.57,942.88
1772906400000,1976.57,1976.57,1964.94,1970.59,7809.57
1772907300000,1970.56,1974.3,1968.37,1973.75,2927.03
1772908200000,1973.73,1973.73,1967.58,1971.78,1511.01
1772909100000,1971.81,1971.92,1969.66,1970.29,1217.52
1772910000000,1970.31,1970.31,1967.66,1968.48,1848.84
1772910900000,1968.48,1970.09,1954.86,1957.95,9576.86
1772911800000,1957.95,1963.37,1956.81,1961.09,2465.92
1772912700000,1961.06,1961.97,1948.0,1954.05,11023.47
1772913600000,1954.03,1964.36,1953.75,1961.78,27150.36
1772914500000,1961.8,1964.53,1959.95,1962.36,1301.56
1772915400000,1962.36,1967.81,1961.97,1965.26,1525.48
1772916300000,1965.28,1966.48,1963.24,1965.4,1252.62
1772917200000,1965.38,1968.08,1963.55,1967.08,1469.82
1772918100000,1967.08,1969.92,1966.38,1968.66,926.89
1772919000000,1968.66,1968.66,1962.68,1965.7,1041.44
1772919900000,1965.71,1970.79,1963.57,1969.43,1034.57
1772920800000,1969.41,1970.0,1965.88,1966.35,986.79
1772921700000,1966.35,1968.72,1965.0,1965.73,529.75
1772922600000,1965.73,1967.53,1957.28,1964.38,1896.93
1772923500000,1964.36,1968.5,1963.0,1965.35,890.13
1772924400000,1965.36,1968.81,1964.24,1967.18,696.2
1772925300000,1967.18,1972.08,1966.07,1970.42,2622.6
1772926200000,1970.43,1973.08,1968.73,1970.02,2476.62
1772927100000,1970.02,1970.54,1967.87,1968.48,731.25
1772928000000,1968.49,1974.3,1968.49,1972.9,2052.98
1772928900000,1972.88,1976.12,1968.44,1969.4,2387.47
1772929800000,1969.38,1970.08,1965.75,1968.71,1261.99
1772930700000,1968.8,1969.04,1965.41,1967.78,1738.31
1772931600000,1967.78,1970.66,1965.26,1969.09,1110.79
1772932500000,1969.09,1970.65,1967.07,1967.07,1538.02
1772933400000,1967.26,1968.83,1962.31,1968.34,2036.59
1772934300000,1968.39,1970.6,1967.26,1967.93,978.34
1772935200000,1967.91,1968.76,1964.13,1967.53,859.84
1772936100000,1967.53,1968.94,1962.46,1963.08,871.71
1772937000000,1963.08,1968.8,1960.03,1968.04,3076.9
1772937900000,1967.97,1967.97,1934.37,1941.27,17151.91
1772938800000,1941.33,1948.32,1940.28,1946.39,2714.91
1772939700000,1946.42,1950.57,1946.13,1948.25,2066.63
1772940600000,1948.23,1949.79,1944.55,1947.86,1741.03
1772941500000,1947.86,1948.99,1945.87,1946.46,912.93
1772942400000,1946.46,1951.92,1945.1,1949.46,2955.44
1772943300000,1949.48,1951.97,1948.22,1950.0,1084.21
1772944200000,1949.98,1950.24,1944.68,1946.41,1721.86
1772945100000,1946.43,1946.72,1928.7,1937.16,9068.66
1772946000000,1937.16,1944.04,1937.04,1943.89,2628.78
1772946900000,1943.89,1949.79,1942.49,1947.35,3348.86
1772947800000,1947.35,1951.57,1947.0,1949.46,1765.22
1772948700000,1949.46,1950.97,1946.43,1947.83,2049.76
1772949600000,1947.82,1950.96,1944.88,1945.42,2424.59
1772950500000,1945.41,1947.09,1942.48,1942.6,1039.23
1772951400000,1942.6,1947.62,1941.89,1946.82,1982.25
1772952300000,1946.8,1948.12,1944.2,1946.74,1499.76
1772953200000,1946.76,1957.0,1945.88,1955.98,4261.19
1772954100000,1956.0,1958.85,1953.1,1954.5,3680.98
1772955000000,1954.5,1955.27,1951.95,1953.15,1126.05
1772955900000,1953.15,1954.99,1951.6,1953.94,1246.43
1772956800000,1953.9,1955.02,1949.32,1950.02,1697.2
1772957700000,1950.02,1951.4,1947.89,1950.91,1172.62
1772958600000,1950.95,1958.39,1949.06,1957.06,1480.26
1772959500000,1956.96,1959.51,1955.99,1958.56,1847.85
1772960400000,1958.54,1966.09,1955.55,1963.45,3171.1
1772961300000,1963.58,1968.93,1962.03,1967.5,5121.04
1772962200000,1967.49,1968.27,1964.32,1965.51,2080.18
1772963100000,1965.53,1965.66,1961.92,1962.63,1301.78
1772964000000,1962.61,1965.53,1962.29,1965.44,1147.15
1772964900000,1965.47,1979.1,1964.94,1974.77,8819.5
1772965800000,1974.7,1976.43,1970.57,1972.1,2493.28
1772966700000,1972.08,1974.05,1970.31,1973.22,2521.33
1772967600000,1973.19,1973.51,1951.15,1955.46,8033.21
1772968500000,1955.46,1960.12,1955.46,1958.11,1952.57
1772969400000,1958.1,1961.79,1943.88,1947.65,7184.47
1772970300000,1947.67,1952.1,1945.35,1950.36,2238.75
1772971200000,1950.38,1953.88,1931.4,1934.0,10808.46
1772972100000,1934.0,1949.27,1924.12,1948.01,14378.47
1772973000000,1948.03,1950.92,1944.21,1946.76,4709.2
1772973900000,1946.74,1946.87,1942.3,1945.2,1976.62
1772974800000,1945.2,1947.09,1930.33,1931.38,4083.33
1772975700000,1931.45,1937.53,1923.33,1935.58,8229.15
1772976600000,1935.55,1935.67,1927.17,1935.25,3831.62
1772977500000,1935.22,1946.17,1934.7,1943.22,5177.5
1772978400000,1943.22,1948.2,1940.58,1945.85,2483.43
1772979300000,1945.87,1949.69,1941.11,1942.07,2970.39
1772980200000,1942.09,1946.76,1936.26,1939.06,3547.57
1772981100000,1939.06,1944.27,1936.4,1943.99,2334.84
1772982000000,1944.0,1946.62,1939.0,1945.27,2936.57
1772982900000,1945.27,1945.47,1937.88,1938.05,2135.88
1772983800000,1937.92,1941.51,1936.16,1940.39,1645.82
1772984700000,1940.34,1942.51,1936.38,1941.98,2642.58
1772985600000,1941.98,1943.8,1939.6,1940.14,2747.43
1772986500000,1940.16,1942.8,1936.67,1940.93,2366.14
1772987400000,1940.91,1942.01,1933.54,1938.2,3244.83
1772988300000,1938.23,1938.23,1932.38,1935.7,3629.42
1772989200000,1935.7,1945.52,1934.1,1939.87,4635.67
1772990100000,1939.87,1940.82,1936.49,1937.51,2383.65
1772991000000,1937.53,1939.76,1933.55,1935.33,1453.9
1772991900000,1935.33,1938.15,1932.02,1934.47,3010.32
1772992800000,1934.48,1935.68,1930.71,1931.29,2016.68
1772993700000,1931.29,1935.2,1927.06,1933.62,2780.72
1772994600000,1933.62,1935.65,1927.34,1928.81,3448.87
1772995500000,1928.83,1931.5,1926.64,1928.9,1226.04
1772996400000,1928.9,1948.55,1926.82,1944.99,5246.1
1772997300000,1945.01,1961.89,1943.16,1958.08,5864.47
1772998200000,1958.06,1967.38,1956.43,1965.15,4884.05
1772999100000,1965.15,1968.35,1960.83,1963.34,3426.11
1773000000000,1963.32,1964.24,1953.2,1953.25,3400.41
1773000900000,1953.22,1959.55,1952.15,1954.81,1528.09
1773001800000,1954.87,1970.17,1954.38,1964.3,3028.49
1773002700000,1963.78,1965.26,1954.79,1957.23,2724.95
1773003600000,1957.49,1960.72,1944.64,1947.23,5910.84
1773004500000,1947.19,1951.82,1943.3,1949.93,3817.26
1773005400000,1949.91,1953.84,1948.59,1952.94,2708.12
1773006300000,1952.96,1954.91,1950.24,1952.39,2352.19
1773007200000,1952.41,1952.41,1909.31,1928.1,26909.61
1773008100000,1927.96,1933.25,1917.74,1928.26,8686.06
1773009000000,1928.24,1945.27,1922.16,1936.45,7993.73
1773009900000,1936.44,1947.6,1936.37,1941.84,5091.97
1773010800000,1941.84,1951.44,1940.01,1947.22,6900.33
1773011700000,1947.22,1954.0,1942.22,1950.23,7065.53
1773012600000,1950.23,1951.32,1937.08,1937.72,4912.84
1773013500000,1937.72,1942.83,1934.18,1935.94,5551.0
1773014400000,1935.96,1951.26,1934.62,1945.55,4342.51
1773015300000,1945.57,1947.68,1928.52,1941.2,4318.95
1773016200000,1941.18,1965.45,1941.18,1955.05,8529.44
1773017100000,1955.15,1958.17,1945.89,1949.83,4049.69
1773018000000,1949.83,1953.56,1941.64,1948.91,3310.18
1773018900000,1949.07,1956.14,1945.23,1950.61,2254.17
1773019800000,1950.63,1962.12,1946.64,1957.37,3998.52
1773020700000,1957.39,1958.52,1943.69,1944.74,3570.28
1773021600000,1944.74,1952.66,1939.88,1944.87,4081.17
1773022500000,1944.83,1945.57,1937.11,1943.25,4218.09
1773023400000,1943.2,1960.38,1940.01,1958.39,3180.83
1773024300000,1958.37,1962.35,1956.0,1958.82,1942.39
1773025200000,1958.83,1997.3,1958.13,1997.3,14091.9
1773026100000,1996.75,2004.35,1978.96,1983.63,12968.54
1773027000000,1983.59,1986.62,1975.48,1976.26,3765.34
1773027900000,1976.23,1979.04,1971.76,1976.59,3019.21
1773028800000,1976.57,1981.78,1973.5,1974.27,4239.58
1773029700000,1974.25,1988.71,1972.48,1986.08,2702.41
1773030600000,1986.08,1986.33,1982.19,1984.67,1567.75
1773031500000,1984.67,1985.76,1975.68,1976.42,1979.03
1773032400000,1976.43,1981.64,1975.35,1979.86,1979.79
1773033300000,1979.86,1988.18,1977.55,1986.77,2155.68
1773034200000,1986.9,2007.09,1985.73,2002.26,9440.51
1773035100000,2002.8,2013.48,1996.2,2009.91,11648.94
1773036000000,2009.89,2011.89,2003.1,2006.45,3256.74
1773036900000,2006.45,2009.97,1997.34,1997.94,2510.45
1773037800000,1997.96,2000.65,1986.69,1989.45,5330.8
1773038700000,1989.45,1989.48,1982.78,1984.16,3028.79
1773039600000,1984.16,1984.94,1972.8,1974.36,4971.79
1773040500000,1974.37,1977.83,1962.78,1975.64,7549.59
1773041400000,1975.69,1983.4,1974.45,1981.1,4123.51
1773042300000,1981.08,1984.26,1978.18,1982.72,1494.8
1773043200000,1982.89,1986.72,1977.97,1985.68,4080.79
1773044100000,1985.68,1997.04,1980.27,1994.89,5111.25
1773045000000,1994.86,1999.24,1989.66,1992.17,5265.56
1773045900000,1992.17,1998.61,1990.09,1995.68,2165.35
1773046800000,1995.74,1996.59,1985.55,1995.04,4643.65
1773047700000,1994.97,2003.59,1993.0,2002.97,5002.64
1773048600000,2002.95,2021.07,1998.11,2015.02,12318.6
1773049500000,2015.04,2016.91,2001.71,2003.49,4930.09
1773050400000,2003.51,2006.04,1998.92,2001.64,3985.77
1773051300000,2001.62,2005.14,1998.25,2000.55,2640.82
1773052200000,2000.55,2003.28,1994.43,1995.73,3603.89
1773053100000,1995.75,1997.63,1991.51,1994.42,3148.41
1773054000000,1994.4,1999.14,1992.8,1995.9,2925.22
1773054900000,1995.92,1996.51,1980.04,1983.16,7483.53
1773055800000,1983.16,1992.18,1982.56,1991.04,2591.83
1773056700000,1991.02,1995.87,1987.13,1991.41,2830.55
1773057600000,1991.41,1997.58,1991.41,1996.47,1666.09
1773058500000,1996.45,2007.85,1996.42,2007.02,4067.53
1773059400000,2007.02,2012.94,2001.32,2001.69,4481.61
1773060300000,2001.69,2004.15,1997.94,2001.48,2965.99
1773061200000,2001.46,2012.66,2000.45,2008.34,4168.46
1773062100000,2008.35,2017.91,2000.11,2017.0,13291.21
1773063000000,2016.99,2028.45,2006.83,2027.24,15359.19
1773063900000,2027.14,2028.96,2011.91,2017.23,11983.02
1773064800000,2017.23,2025.55,2007.0,2013.32,7870.03
1773065700000,2013.35,2029.68,2013.22,2020.03,8272.97
1773066600000,2020.02,2032.08,2017.2,2029.62,6273.54
1773067500000,2029.7,2030.01,2019.7,2021.32,4837.14
1773068400000,2021.34,2025.64,2013.89,2024.94,4742.71
1773069300000,2024.95,2028.4,2020.55,2024.33,2370.77
1773070200000,2024.31,2026.66,2013.47,2018.95,3594.28
1773071100000,2018.93,2027.52,2018.48,2021.51,2791.88
1773072000000,2021.51,2031.16,2019.63,2022.3,5078.82
1773072900000,2022.3,2030.56,2018.07,2027.73,4557.32
1773073800000,2027.77,2030.2,2017.73,2027.53,4401.71
1773074700000,2027.53,2037.65,2024.13,2026.25,5758.9
1773075600000,2026.25,2030.96,2023.52,2028.26,2670.96
1773076500000,2028.26,2031.35,2018.03,2019.61,3607.44
1773077400000,2019.44,2022.5,2005.0,2009.51,6002.41
1773078300000,2009.51,2020.18,2008.87,2015.76,3939.95
1773079200000,2015.76,2016.53,2005.48,2011.55,4509.97
1773080100000,2011.55,2021.5,2010.75,2016.87,3324.94
1773081000000,2016.88,2021.6,2014.62,2015.55,1933.54
1773081900000,2015.55,2017.96,2009.45,2011.07,1812.15
1773082800000,2011.09,2014.04,2008.94,2009.41,1143.68
1773083700000,2009.39,2049.83,2009.1,2049.08,13707.7
1773084600000,2049.18,2052.77,2025.17,2030.56,10438.62
1773085500000,2030.56,2035.87,2026.79,2032.76,2238.37
1773086400000,2032.7,2036.59,2030.03,2031.16,2529.62
1773087300000,2031.16,2031.77,2027.59,2030.48,1556.69
1773088200000,2030.48,2030.48,2020.25,2021.99,4470.59
1773089100000,2021.99,2027.41,2017.61,2024.68,2193.23
1773090000000,2024.66,2034.47,2024.05,2030.15,2768.44
1773090900000,2030.15,2030.55,2026.49,2027.24,1028.15
1773091800000,2027.26,2027.93,2020.85,2026.07,1141.12
1773092700000,2026.05,2029.64,2024.39,2027.15,841.26
1773093600000,2027.15,2030.22,2017.04,2022.29,2392.67
1773094500000,2022.31,2022.31,2018.3,2021.32,1072.64
1773095400000,2021.34,2021.66,2006.24,2010.17,7237.2
1773096300000,2010.15,2011.11,1998.66,2001.78,6708.22
1773097200000,2001.8,2006.81,1996.22,2003.09,3273.63
1773098100000,2003.09,2003.33,1996.73,1998.25,2478.84
1773099000000,1998.23,2001.91,1995.65,1997.56,2431.3
1773099900000,1997.58,1997.58,1988.67,1992.2,4164.25
1773100800000,1992.22,1994.83,1989.87,1993.64,2753.65
1773101700000,1993.62,2014.18,1993.62,2013.11,12970.69
1773102600000,2013.09,2018.96,2008.0,2017.43,4924.38
1773103500000,2017.41,2021.98,2012.18,2014.62,3838.88
1773104400000,2014.53,2020.55,2012.35,2017.4,2192.13
1773105300000,2017.4,2019.07,2008.81,2011.85,2852.58
1773106200000,2011.83,2015.49,2005.67,2009.44,1500.57
1773107100000,2009.42,2024.62,2008.01,2018.28,4026.84
1773108000000,2018.16,2020.65,2013.05,2018.32,1632.33
1773108900000,2018.32,2021.0,2014.46,2020.16,1084.44
1773109800000,2020.0,2053.0,2019.87,2046.42,13971.29
1773110700000,2046.47,2052.35,2039.53,2041.38,7651.0
1773111600000,2041.39,2045.37,2037.22,2041.74,2522.2
1773112500000,2041.74,2047.01,2040.21,2041.98,2664.38
1773113400000,2041.97,2042.32,2032.48,2033.15,1940.16
1773114300000,2033.15,2033.23,2021.56,2025.7,5216.52
1773115200000,2025.72,2034.0,2025.34,2033.65,2536.51
1773116100000,2033.65,2038.38,2030.91,2035.09,2174.17
1773117000000,2035.12,2041.74,2034.93,2040.16,2162.05
1773117900000,2040.14,2046.34,2037.73,2044.64,2439.77
1773118800000,2044.71,2053.56,2042.39,2047.17,4781.23
1773119700000,2047.15,2052.39,2041.32,2042.9,3004.22
1773120600000,2042.92,2047.49,2039.85,2040.3,3373.16
1773121500000,2040.32,2044.35,2038.81,2043.31,1371.88
1773122400000,2043.33,2043.73,2038.72,2040.81,1445.53
1773123300000,2040.79,2047.99,2035.39,2046.82,4091.0
1773124200000,2046.84,2048.53,2043.22,2044.15,2395.68
1773125100000,2044.09,2045.74,2040.61,2042.73,1430.22
1773126000000,2042.75,2052.32,2039.96,2046.37,3980.73
1773126900000,2046.36,2058.83,2045.69,2051.83,5866.46
1773127800000,2051.83,2052.13,2047.17,2049.07,2074.96
1773128700000,2049.07,2054.06,2047.4,2050.03,2042.49
1773129600000,2050.13,2064.5,2050.13,2058.96,8416.1
1773130500000,2059.08,2065.88,2056.61,2060.29,4126.09
1773131400000,2060.29,2069.53,2060.22,2065.31,4214.26
1773132300000,2065.29,2065.32,2055.32,2056.06,4515.74
1773133200000,2056.06,2060.81,2054.46,2059.3,2105.18
1773134100000,2059.3,2072.82,2057.34,2068.36,5176.98
1773135000000,2068.36,2069.75,2065.41,2067.34,2677.37
1773135900000,2067.32,2068.8,2063.78,2067.03,1860.95
1773136800000,2067.03,2068.19,2060.0,2061.89,2516.26
1773137700000,2061.89,2062.89,2058.8,2060.14,2489.53
1773138600000,2060.12,2064.78,2054.53,2056.73,5219.56
1773139500000,2056.73,2063.39,2055.39,2061.85,2566.57
1773140400000,2061.8,2066.9,2056.22,2057.02,2151.45
1773141300000,2057.02,2064.64,2055.32,2063.75,3163.16
1773142200000,2063.74,2064.86,2059.12,2060.56,1562.38
1773143100000,2060.58,2064.56,2059.61,2060.85,1808.57
1773144000000,2060.85,2061.31,2053.35,2056.91,3341.6
1773144900000,2056.91,2058.84,2050.78,2051.63,2118.43
1773145800000,2051.63,2054.77,2048.0,2049.47,4306.34
1773146700000,2049.47,2051.78,2046.39,2048.99,2389.89
1773147600000,2049.01,2056.51,2049.01,2054.24,3148.96
1773148500000,2054.24,2059.57,2051.67,2053.56,2642.45
1773149400000,2053.56,2056.66,2023.09,2029.79,17525.87
1773150300000,2029.83,2043.25,2026.31,2032.5,8945.13
1773151200000,2032.52,2035.97,2011.76,2013.74,17464.91
1773152100000,2013.74,2026.98,2007.67,2023.54,9667.44
1773153000000,2023.56,2046.4,2023.35,2044.44,10182.7
1773153900000,2044.45,2079.8,2040.79,2074.57,25151.1
1773154800000,2074.57,2085.0,2063.8,2067.8,16519.16
1773155700000,2067.82,2072.97,2059.5,2068.31,8892.38
1773156600000,2068.2,2078.04,2061.91,2069.59,9878.65
1773157500000,2069.7,2080.36,2066.01,2078.43,5865.54
1773158400000,2078.42,2080.32,2068.65,2072.33,4747.53
1773159300000,2072.33,2087.67,2071.5,2079.6,10071.61
1773160200000,2079.69,2085.17,2076.14,2084.47,4090.83
1773161100000,2084.39,2084.87,2077.69,2079.77,3254.59
1773162000000,2079.45,2084.54,2075.0,2076.08,2743.23
1773162900000,2076.08,2080.73,2069.14,2071.71,3504.79
1773163800000,2071.54,2078.6,2057.0,2064.59,8754.43
1773164700000,2064.61,2076.02,2060.85,2070.73,11856.68
1773165600000,2070.73,2072.12,2046.44,2048.36,13165.37
1773166500000,2048.35,2057.64,2037.02,2045.76,22001.55
1773167400000,2045.78,2054.16,2039.8,2040.62,9909.51
1773168300000,2040.63,2046.29,2034.65,2038.72,4524.98
1773169200000,2038.72,2042.64,2029.76,2034.85,4677.3
1773170100000,2034.9,2043.49,2028.68,2031.65,5688.89
1773171000000,2031.62,2040.21,2026.35,2036.67,5337.08
1773171900000,2036.71,2038.45,2033.59,2035.86,2304.5
1773172800000,2035.87,2042.2,2034.7,2039.58,1732.71
1773173700000,2039.6,2044.79,2037.0,2044.23,1923.08
1773174600000,2044.21,2046.33,2040.51,2042.7,2193.53
1773175500000,2042.72,2043.37,2039.98,2041.5,949.18
1773176400000,2041.5,2046.78,2036.82,2037.32,1539.78
1773177300000,2037.44,2039.84,2036.81,2038.78,1145.75
1773178200000,2038.91,2039.99,2026.92,2029.26,2861.26
1773179100000,2029.26,2030.34,2018.07,2028.29,6100.64
1773180000000,2028.31,2031.25,2019.92,2024.2,5152.63
1773180900000,2024.2,2031.95,2019.9,2027.44,4670.41
1773181800000,2027.4,2028.02,2021.74,2026.87,2506.64
1773182700000,2026.87,2030.44,2024.55,2026.44,2139.69
1773183600000,2026.43,2034.54,2026.27,2032.86,4323.35
1773184500000,2032.86,2034.57,2028.85,2032.2,2459.63
1773185400000,2032.22,2034.99,2031.36,2032.93,2055.58
1773186300000,2032.93,2036.5,2031.06,2035.6,1267.2
1773187200000,2035.56,2038.2,2029.26,2037.19,3055.98
1773188100000,2037.21,2039.54,2032.65,2037.0,1463.84
1773189000000,2037.01,2037.13,2027.75,2028.8,2740.34
1773189900000,2028.84,2040.88,2028.84,2036.65,2632.3
1773190800000,2036.65,2040.0,2034.35,2037.89,1103.16
1773191700000,2038.02,2039.6,2031.69,2035.52,2101.67
1773192600000,2035.52,2036.1,2027.6,2031.17,1621.23
1773193500000,2031.17,2037.18,2030.09,2035.27,1160.81
1773194400000,2035.27,2038.1,2032.54,2032.83,955.39
1773195300000,2032.88,2035.11,2030.51,2032.58,1131.54
1773196200000,2032.57,2032.57,2018.0,2021.74,4880.41
1773197100000,2021.74,2026.21,2018.51,2025.83,2773.19
1773198000000,2025.85,2028.47,2021.79,2023.04,2123.15
1773198900000,2023.04,2024.33,2017.41,2019.02,1837.53
1773199800000,2019.0,2021.13,2018.4,2019.74,1669.84
1773200700000,2019.74,2021.5,2016.75,2020.15,1320.84
1773201600000,2020.15,2023.43,2017.31,2022.85,1522.63
1773202500000,2022.87,2035.93,2022.42,2033.77,4531.99
1773203400000,2033.79,2036.45,2031.63,2032.87,3185.88
1773204300000,2032.85,2040.34,2032.29,2038.0,3700.62
1773205200000,2038.02,2040.69,2034.94,2035.93,4807.67
1773206100000,2035.91,2036.32,2030.71,2031.61,7042.64
1773207000000,2031.59,2031.59,2011.0,2016.38,10149.62
1773207900000,2016.38,2017.89,2012.4,2013.35,3335.81
1773208800000,2013.35,2017.9,2012.63,2016.97,2478.41
1773209700000,2016.78,2019.18,2015.0,2019.07,1590.72
1773210600000,2019.05,2023.35,2018.64,2020.24,2515.18
1773211500000,2020.24,2025.05,2017.06,2023.31,2500.11
1773212400000,2023.31,2024.82,2020.95,2022.33,2094.7
1773213300000,2022.31,2022.68,2018.5,2018.51,2620.94
1773214200000,2018.5,2019.17,2006.03,2010.19,6768.12
1773215100000,2010.17,2014.83,2009.49,2011.52,2443.76
1773216000000,2011.57,2014.94,2010.0,2011.99,2306.01
1773216900000,2012.01,2012.73,2008.5,2009.86,1698.47
1773217800000,2009.86,2024.88,2009.86,2021.2,7667.57
1773218700000,2021.22,2025.0,2016.79,2023.05,2982.76
1773219600000,2022.99,2022.99,2017.1,2018.05,1826.57
1773220500000,2018.05,2022.33,2017.26,2017.32,2960.32
1773221400000,2017.34,2021.64,2013.77,2020.19,2754.43
1773222300000,2020.17,2026.83,2014.64,2017.29,5430.79
1773223200000,2017.3,2021.67,2016.55,2021.56,2011.15
1773224100000,2021.54,2024.17,2018.79,2020.54,1672.34
1773225000000,2020.54,2030.93,2020.24,2028.61,3977.38
1773225900000,2028.61,2029.73,2025.95,2028.0,3253.36
1773226800000,2028.12,2032.89,2025.57,2031.54,3273.87
1773227700000,2031.55,2033.4,2021.11,2022.92,3483.57
1773228600000,2022.85,2025.13,2018.54,2020.39,2166.94
1773229500000,2020.37,2022.56,2015.4,2017.18,5076.02
1773230400000,2017.18,2021.35,2012.0,2019.36,6117.21
1773231300000,2019.36,2025.95,2017.59,2025.67,4476.95
1773232200000,2025.73,2034.73,2018.33,2021.62,9016.65
1773233100000,2021.64,2025.1,2018.58,2022.21,1465.77
1773234000000,2022.18,2037.5,2020.91,2033.77,4048.79
1773234900000,2033.67,2048.83,2032.85,2045.38,12806.44
1773235800000,2045.43,2081.84,2045.43,2062.16,23453.29
1773236700000,2062.16,2067.93,2037.12,2050.02,19351.32
1773237600000,2050.0,2064.97,2042.46,2049.65,14734.28
1773238500000,2049.65,2064.28,2048.07,2062.64,5960.15
1773239400000,2062.64,2073.93,2055.85,2071.7,6698.57
1773240300000,2071.83,2076.54,2059.48,2061.96,4431.81
1773241200000,2061.98,2064.78,2041.37,2045.2,8403.87
1773242100000,2045.17,2058.49,2043.21,2048.4,4904.37
1773243000000,2048.4,2048.53,2029.05,2038.97,11279.86
1773243900000,2038.96,2050.85,2035.93,2049.04,3794.95
1773244800000,2049.02,2055.0,2045.64,2053.34,4310.12
1773245700000,2053.3,2061.96,2049.01,2055.41,4479.7
1773246600000,2055.43,2068.77,2054.46,2067.71,5075.45
1773247500000,2067.67,2071.99,2063.01,2066.18,4173.85
1773248400000,2066.18,2076.0,2065.22,2070.4,4479.77
1773249300000,2070.59,2084.92,2070.13,2081.7,7118.54
1773250200000,2081.54,2084.19,2056.65,2069.1,8928.93
1773251100000,2069.06,2070.99,2061.39,2067.23,2939.28
1773252000000,2067.25,2071.23,2063.18,2067.35,2369.26
1773252900000,2067.35,2074.54,2064.5,2072.09,2508.37
1773253800000,2072.12,2075.63,2065.24,2068.39,3224.56
1773254700000,2068.41,2079.0,2067.23,2075.56,4167.5
1773255600000,2075.56,2076.24,2068.62,2070.47,2975.81
1773256500000,2070.45,2075.0,2067.5,2071.07,1592.64
1773257400000,2071.09,2076.84,2068.02,2074.05,2022.68
1773258300000,2074.0,2076.61,2072.1,2075.03,1241.31
1773259200000,2075.11,2075.3,2067.09,2067.89,2164.97
1773260100000,2067.94,2070.94,2066.8,2068.69,1907.43
1773261000000,2068.69,2071.0,2065.86,2069.85,1021.68
1773261900000,2069.87,2070.39,2064.59,2067.48,1647.86
1773262800000,2067.48,2070.53,2062.15,2064.82,1645.69
1773263700000,2064.82,2066.2,2063.55,2065.05,1025.69
1773264600000,2065.05,2070.08,2065.03,2066.22,1705.96
1773265500000,2066.24,2074.02,2066.09,2072.03,1260.96
1773266400000,2072.03,2083.2,2068.37,2078.88,2998.34
1773267300000,2078.88,2079.15,2066.8,2067.46,2333.03
1773268200000,2067.48,2069.59,2060.58,2063.11,2411.86
1773269100000,2063.09,2066.18,2057.78,2060.67,1763.13
1773270000000,2060.69,2063.89,2059.2,2060.85,1044.12
1773270900000,2060.62,2060.89,2056.36,2058.22,1491.95
1773271800000,2058.24,2059.39,2052.77,2053.77,2213.61
1773272700000,2053.75,2056.0,2045.3,2050.95,5075.79
1773273600000,2050.92,2053.52,2047.39,2051.21,3828.53
1773274500000,2051.14,2056.77,2047.76,2053.33,1712.17
1773275400000,2053.32,2057.27,2049.12,2055.18,1515.25
1773276300000,2055.2,2055.92,2053.26,2054.64,946.85
1773277200000,2054.64,2055.33,2041.8,2046.81,3682.56
1773278100000,2046.74,2049.52,2045.65,2048.29,1601.46
1773279000000,2048.29,2052.16,2043.9,2050.71,1623.66
1773279900000,2050.69,2051.78,2043.6,2045.08,1401.32
1773280800000,2045.36,2047.41,2041.71,2043.23,2054.3
1773281700000,2043.25,2044.37,2034.07,2038.87,4387.43
1773282600000,2038.47,2039.36,2025.21,2031.76,7183.06
1773283500000,2031.74,2032.34,2020.85,2023.49,5430.11
1773284400000,2023.49,2026.89,2022.61,2024.51,3221.4
1773285300000,2024.53,2030.77,2024.08,2027.57,3429.3
1773286200000,2027.59,2033.15,2026.97,2029.92,2155.93
1773287100000,2029.92,2030.25,2016.5,2022.27,5785.37
1773288000000,2022.32,2028.69,2021.49,2027.46,2430.9
1773288900000,2027.48,2028.85,2024.31,2025.68,1438.32
1773289800000,2025.66,2026.06,2020.5,2023.85,1880.51
1773290700000,2023.87,2024.68,2020.4,2021.99,1144.96
1773291600000,2021.99,2026.23,2020.66,2022.14,1465.58
1773292500000,2022.14,2023.57,2018.3,2019.91,1875.57
1773293400000,2019.91,2026.87,2019.79,2026.0,2878.5
1773294300000,2025.98,2026.37,2022.34,2025.99,1233.05
1773295200000,2025.97,2028.32,2023.6,2028.05,1962.38
1773296100000,2028.05,2029.98,2025.68,2029.74,1706.59
1773297000000,2029.76,2030.67,2025.06,2028.59,1888.35
1773297900000,2028.61,2030.0,2026.72,2029.48,1008.47
1773298800000,2029.46,2030.16,2024.83,2027.6,1914.03
1773299700000,2027.58,2033.65,2027.41,2032.6,1949.6
1773300600000,2032.62,2039.91,2032.13,2035.85,5324.47
1773301500000,2035.83,2040.82,2035.53,2039.82,3310.18
1773302400000,2039.75,2044.73,2037.42,2038.77,4845.7
1773303300000,2038.72,2051.81,2037.81,2043.63,7097.73
1773304200000,2043.61,2047.23,2040.48,2045.1,1925.13
1773305100000,2045.1,2047.55,2043.35,2046.76,1235.38
1773306000000,2046.75,2048.06,2040.95,2041.97,1614.19
1773306900000,2041.98,2042.81,2037.61,2040.07,3508.0
1773307800000,2040.07,2061.62,2038.34,2060.29,4518.65
1773308700000,2060.2,2064.8,2048.62,2054.57,7380.84
1773309600000,2054.59,2059.23,2051.75,2054.42,2616.07
1773310500000,2054.4,2063.16,2053.24,2061.61,5151.09
1773311400000,2061.59,2073.6,2061.12,2070.1,6038.37
1773312300000,2070.12,2074.8,2067.57,2069.12,3553.02
1773313200000,2069.1,2071.6,2066.24,2066.81,2572.08
1773314100000,2066.83,2072.0,2065.31,2069.27,2321.73
1773315000000,2069.27,2074.79,2067.58,2072.87,3029.78
1773315900000,2072.84,2075.92,2057.61,2061.9,8701.29
1773316800000,2061.83,2064.3,2056.86,2058.79,3198.22
1773317700000,2058.79,2065.4,2057.77,2063.81,2804.83
1773318600000,2063.83,2067.0,2058.35,2066.09,1838.57
1773319500000,2066.0,2069.75,2062.0,2064.58,3288.34
1773320400000,2064.58,2068.89,2063.0,2064.12,1984.79
1773321300000,2064.12,2064.74,2050.37,2055.73,7054.9
1773322200000,2055.76,2078.93,2050.4,2067.4,12989.68
1773323100000,2067.4,2071.84,2054.54,2064.58,12602.53
1773324000000,2064.55,2081.66,2064.55,2079.12,11630.74
1773324900000,2079.1,2095.37,2056.56,2057.46,21509.65
1773325800000,2057.49,2059.81,2037.06,2044.48,16687.69
1773326700000,2044.69,2052.0,2036.61,2044.34,7654.85
1773327600000,2044.3,2051.0,2037.81,2047.94,4400.07
1773328500000,2047.96,2069.81,2045.98,2067.54,8513.99
1773329400000,2067.52,2081.16,2063.6,2073.06,8906.03
1773330300000,2073.03,2077.67,2067.23,2071.41,4818.84
1773331200000,2071.41,2077.32,2055.22,2063.67,8015.86
1773332100000,2063.67,2076.77,2062.25,2062.74,4928.74
1773333000000,2062.78,2075.03,2061.39,2070.26,5156.65
1773333900000,2070.18,2073.0,2063.56,2068.78,2169.3
1773334800000,2068.78,2074.0,2067.22,2068.92,2146.38
1773335700000,2068.91,2069.55,2058.92,2060.67,3593.24
1773336600000,2060.67,2066.95,2059.31,2065.03,1761.01
1773337500000,2065.05,2065.49,2054.0,2057.36,2931.27
1773338400000,2057.37,2060.98,2052.86,2056.04,2726.37
1773339300000,2056.07,2059.22,2045.22,2052.06,3658.06
1773340200000,2052.06,2058.25,2050.48,2052.83,2123.51
1773341100000,2052.83,2053.41,2046.94,2047.84,2304.23
1773342000000,2047.86,2052.24,2043.94,2048.54,2667.03
1773342900000,2048.54,2061.53,2048.52,2060.85,2714.26
1773343800000,2060.68,2067.73,2060.34,2067.24,4626.39
1773344700000,2067.22,2072.48,2065.33,2068.86,2537.31
1773345600000,2068.47,2072.71,2064.66,2066.08,1936.86
1773346500000,2066.09,2068.77,2063.75,2065.6,1294.29
1773347400000,2065.6,2065.6,2059.24,2060.24,1378.66
1773348300000,2060.24,2064.51,2059.37,2061.57,1212.0
1773349200000,2061.55,2068.18,2061.55,2065.26,1194.21
1773350100000,2065.24,2065.67,2059.38,2060.2,1013.56
1773351000000,2060.24,2060.45,2056.3,2059.7,1104.99
1773351900000,2059.73,2064.55,2056.96,2061.96,1095.87
1773352800000,2061.96,2065.9,2060.33,2063.92,834.59
1773353700000,2063.94,2066.82,2061.13,2063.42,836.64
1773354600000,2063.42,2065.53,2059.42,2059.95,950.59
1773355500000,2060.04,2065.27,2054.71,2064.57,2439.91
1773356400000,2064.59,2084.55,2063.87,2079.4,8365.8
1773357300000,2079.4,2092.77,2079.21,2082.42,9067.5
1773358200000,2082.42,2082.42,2077.59,2080.99,1771.48
1773359100000,2080.99,2082.0,2071.54,2072.85,2224.08
1773360000000,2072.85,2089.16,2069.53,2089.08,4971.1
1773360900000,2089.15,2139.98,2088.96,2131.76,28670.6
1773361800000,2131.89,2148.96,2123.0,2125.92,14242.68
1773362700000,2125.88,2127.52,2109.04,2118.18,6384.16
1773363600000,2118.19,2129.6,2118.05,2125.18,4742.57
1773364500000,2125.18,2129.54,2117.07,2122.11,3063.67
1773365400000,2122.11,2128.4,2110.79,2125.58,4456.62
1773366300000,2125.58,2127.13,2121.98,2123.99,1323.1
1773367200000,2123.99,2126.0,2120.0,2121.03,2162.45
1773368100000,2121.01,2123.1,2114.38,2115.29,3515.47
1773369000000,2115.28,2116.62,2107.05,2107.55,3758.38
1773369900000,2107.52,2112.45,2101.14,2104.78,4191.97
1773370800000,2104.78,2109.15,2103.14,2105.84,4317.64
1773371700000,2105.84,2112.81,2105.0,2106.75,2085.32
1773372600000,2106.73,2110.66,2101.05,2108.27,2315.44
1773373500000,2108.24,2122.79,2107.98,2117.72,4556.6
1773374400000,2117.76,2119.18,2113.46,2114.21,2140.71
1773375300000,2114.21,2115.33,2110.35,2111.21,1659.71
1773376200000,2111.19,2113.81,2108.68,2112.73,1321.52
1773377100000,2112.73,2114.03,2108.83,2110.61,976.2
1773378000000,2110.59,2111.08,2102.43,2103.94,2405.2
1773378900000,2103.92,2109.93,2103.85,2108.64,1626.1
1773379800000,2108.64,2114.36,2108.48,2111.79,2242.7
1773380700000,2111.77,2113.5,2107.74,2109.59,1277.2
1773381600000,2109.59,2112.28,2105.05,2108.4,1653.05
1773382500000,2108.4,2109.9,2093.0,2095.56,4671.25
1773383400000,2095.55,2096.67,2088.89,2092.05,5906.62
1773384300000,2092.03,2096.51,2089.32,2095.1,2623.87
1773385200000,2095.08,2101.45,2091.6,2098.91,4027.58
1773386100000,2098.91,2104.02,2096.75,2100.76,1537.64
1773387000000,2100.76,2102.62,2095.11,2097.27,1915.78
1773387900000,2097.29,2101.58,2093.31,2098.57,2875.91
1773388800000,2098.59,2099.7,2090.4,2093.49,2583.44
1773389700000,2093.47,2097.9,2092.2,2097.57,2200.24
1773390600000,2097.59,2115.88,2097.53,2108.41,7191.59
1773391500000,2108.24,2109.09,2096.86,2099.06,4555.46
1773392400000,2098.93,2105.33,2098.62,2103.12,2668.15
1773393300000,2103.12,2103.31,2095.09,2102.21,2075.68
1773394200000,2102.23,2108.56,2101.23,2107.34,2668.21
1773395100000,2107.36,2116.0,2106.04,2112.61,4465.0
1773396000000,2112.61,2125.63,2111.76,2124.13,6785.29
1773396900000,2124.11,2131.17,2121.86,2124.24,6591.59
1773397800000,2124.25,2130.49,2123.14,2126.19,3154.85
1773398700000,2126.21,2131.98,2123.51,2125.82,4664.45
1773399600000,2125.86,2128.46,2121.34,2122.84,3997.58
1773400500000,2122.84,2129.25,2122.15,2124.45,1718.6
1773401400000,2124.43,2126.79,2118.41,2120.34,1960.45
1773402300000,2120.42,2122.26,2117.09,2119.92,2560.65
1773403200000,2119.94,2132.35,2119.3,2132.09,4019.17
1773404100000,2132.09,2136.0,2126.08,2129.05,5641.72
1773405000000,2129.05,2134.6,2126.95,2128.65,3364.34
1773405900000,2128.65,2151.83,2128.65,2145.43,12231.46
1773406800000,2145.46,2155.89,2141.15,2152.11,7293.21
1773407700000,2151.91,2201.99,2148.81,2181.7,38774.38
1773408600000,2181.84,2190.27,2173.27,2187.77,11356.52
1773409500000,2187.79,2193.62,2182.77,2184.58,7717.45
1773410400000,2184.57,2195.74,2181.69,2192.0,6776.8
1773411300000,2191.82,2207.25,2186.05,2195.08,14010.94
1773412200000,2195.06,2200.44,2170.98,2172.72,13292.73
1773413100000,2172.82,2174.88,2144.7,2149.4,21911.39
1773414000000,2150.32,2159.55,2140.93,2158.57,11999.82
1773414900000,2158.64,2164.4,2150.95,2151.83,5285.05
1773415800000,2151.89,2156.53,2130.63,2139.84,8146.74
1773416700000,2139.64,2144.49,2124.12,2127.01,8724.23
1773417600000,2127.01,2132.62,2120.71,2126.77,11725.5
1773418500000,2126.8,2128.73,2110.44,2118.76,10884.86
1773419400000,2118.74,2132.76,2118.46,2132.27,10923.62
1773420300000,2132.35,2142.29,2129.6,2132.98,12735.35
1773421200000,2132.98,2137.44,2132.4,2136.66,2880.59
1773422100000,2136.85,2140.58,2119.27,2120.41,12054.37
1773423000000,2120.41,2121.72,2102.11,2106.31,7526.49
1773423900000,2106.5,2108.61,2090.01,2101.87,10420.16
1773424800000,2101.91,2107.64,2098.0,2103.82,5835.21
1773425700000,2103.91,2106.5,2090.47,2103.0,4291.15
1773426600000,2103.11,2107.67,2102.03,2104.52,3233.29
1773427500000,2104.3,2104.68,2097.68,2099.81,1729.33
1773428400000,2099.83,2104.96,2095.22,2103.02,2645.65
1773429300000,2103.02,2105.07,2095.85,2098.04,10412.3
1773430200000,2098.04,2102.37,2098.04,2102.34,1248.21
1773431100000,2102.36,2104.82,2100.52,2101.57,2380.37
1773432000000,2101.81,2108.48,2100.04,2108.37,1525.09
1773432900000,2108.37,2112.77,2106.88,2109.35,2940.0
1773433800000,2109.33,2110.6,2107.76,2109.9,958.43
1773434700000,2109.92,2113.58,2108.93,2110.52,1288.54
1773435600000,2110.52,2115.74,2109.26,2112.06,1753.5
1773436500000,2112.08,2113.0,2103.42,2104.87,3441.7
1773437400000,2104.89,2108.39,2100.41,2102.48,1275.27
1773438300000,2102.48,2107.34,2102.04,2102.07,1669.07
1773439200000,2102.09,2104.03,2083.36,2090.91,7018.17
1773440100000,2090.91,2091.0,2080.38,2081.52,5098.33
1773441000000,2081.52,2086.07,2076.87,2082.52,4874.22
1773441900000,2082.52,2089.03,2081.15,2087.96,1678.08
1773442800000,2088.02,2089.42,2084.43,2088.41,4158.42
1773443700000,2088.41,2093.16,2088.23,2090.73,1246.87
1773444600000,2090.73,2092.83,2089.19,2091.0,789.5
1773445500000,2091.0,2092.48,2089.23,2091.17,767.0
1773446400000,2091.01,2092.62,2086.75,2092.62,1151.2
1773447300000,2092.68,2094.14,2087.27,2091.06,1227.59
1773448200000,2091.04,2093.45,2082.09,2082.44,1435.14
1773449100000,2082.56,2086.32,2081.91,2084.34,1530.2
1773450000000,2084.36,2089.22,2084.28,2086.73,1280.87
1773450900000,2086.71,2092.63,2086.71,2091.65,1063.08
1773451800000,2091.68,2092.66,2080.4,2089.23,2137.27
1773452700000,2089.21,2094.46,2089.21,2091.53,1497.1
1773453600000,2091.53,2094.82,2089.56,2092.93,1342.69
1773454500000,2092.91,2094.15,2088.82,2089.81,941.74
1773455400000,2089.81,2092.36,2088.09,2090.86,879.43
1773456300000,2090.88,2094.3,2090.09,2091.44,814.54
1773457200000,2091.55,2097.43,2091.53,2096.91,1253.52
1773458100000,2096.91,2099.3,2094.83,2097.66,1564.02
1773459000000,2097.66,2102.12,2097.11,2100.41,2386.91
1773459900000,2100.41,2101.23,2099.01,2100.19,830.09
1773460800000,2100.19,2103.77,2098.79,2102.83,1178.7
1773461700000,2102.94,2103.71,2099.71,2102.25,1044.92
1773462600000,2102.25,2104.82,2100.46,2102.72,1059.61
1773463500000,2102.7,2104.09,2086.42,2089.37,5003.17
1773464400000,2089.36,2093.0,2088.4,2091.81,2567.19
1773465300000,2091.81,2093.77,2089.35,2091.41,1034.32
1773466200000,2091.43,2091.83,2085.05,2089.56,2510.74
1773467100000,2089.55,2091.93,2088.21,2091.3,1101.78
1773468000000,2091.32,2092.0,2087.16,2087.88,1385.15
1773468900000,2087.88,2087.88,2080.47,2084.07,3406.0
1773469800000,2084.07,2084.36,2067.26,2074.44,8162.39
1773470700000,2074.46,2078.29,2073.51,2077.14,2541.42
1773471600000,2077.12,2078.52,2074.55,2077.92,1955.6
1773472500000,2077.94,2078.52,2074.75,2078.51,1493.64
1773473400000,2078.51,2079.48,2075.18,2077.9,1309.15
1773474300000,2077.92,2078.13,2075.47,2076.39,881.4
1773475200000,2076.39,2079.92,2075.08,2079.44,1233.18
1773476100000,2079.4,2079.85,2075.87,2078.38,1295.51
1773477000000,2078.36,2078.52,2072.09,2072.93,2500.9
1773477900000,2072.92,2074.26,2071.67,2073.29,1454.45
1773478800000,2073.31,2077.02,2072.51,2076.2,1266.04
1773479700000,2076.2,2076.2,2073.35,2075.48,833.91
1773480600000,2075.46,2076.05,2071.34,2074.11,1735.48
1773481500000,2074.11,2074.24,2062.58,2066.21,6321.61
1773482400000,2066.19,2068.0,2064.52,2066.99,1498.82
1773483300000,2067.01,2067.01,2062.88,2064.59,1750.36
1773484200000,2064.59,2065.29,2060.41,2064.23,2747.36
1773485100000,2064.23,2066.2,2062.71,2065.06,1435.42
1773486000000,2065.08,2069.55,2064.76,2069.28,2722.88
1773486900000,2069.28,2073.58,2068.19,2072.5,3180.01
1773487800000,2072.5,2075.63,2071.44,2074.19,2161.16
1773488700000,2074.21,2075.63,2071.56,2072.68,1650.86
1773489600000,2072.68,2076.95,2071.92,2074.91,2127.06
1773490500000,2074.91,2075.88,2073.38,2073.45,925.98
1773491400000,2073.47,2074.39,2068.93,2070.29,2267.68
1773492300000,2070.29,2076.0,2070.28,2074.4,1427.97
1773493200000,2074.4,2074.42,2071.61,2073.48,829.05
1773494100000,2073.5,2079.59,2073.48,2077.75,2083.34
1773495000000,2077.75,2078.36,2075.81,2077.99,1707.3
1773495900000,2077.99,2078.55,2075.29,2077.22,957.4
1773496800000,2077.2,2079.38,2071.8,2073.04,2305.41
1773497700000,2073.06,2077.17,2071.93,2077.17,1474.07
1773498600000,2077.15,2078.38,2068.37,2069.43,1886.53
1773499500000,2069.45,2072.92,2069.24,2069.97,1537.86
1773500400000,2069.97,2074.58,2068.79,2073.68,1309.22
1773501300000,2073.68,2076.85,2073.66,2075.08,1525.68
1773502200000,2075.02,2075.04,2070.61,2072.41,2081.81
1773503100000,2072.39,2075.13,2071.77,2073.54,676.37
1773504000000,2073.56,2074.21,2067.77,2072.31,2253.32
1773504900000,2072.29,2074.96,2071.78,2074.33,1360.95
1773505800000,2074.33,2077.48,2073.9,2074.59,1174.84
1773506700000,2074.59,2077.43,2073.0,2076.45,1923.09
1773507600000,2076.43,2077.16,2075.36,2076.35,692.7
1773508500000,2076.35,2077.01,2074.52,2076.92,1916.68
1773509400000,2076.92,2076.94,2074.4,2075.22,603.07
1773510300000,2075.22,2075.24,2072.31,2074.13,1157.71
1773511200000,2074.11,2074.13,2072.24,2072.32,576.96
1773512100000,2072.32,2073.8,2071.48,2072.87,748.58
1773513000000,2072.89,2076.12,2072.89,2074.71,626.4
1773513900000,2074.71,2077.15,2074.41,2075.79,474.32
1773514800000,2075.77,2076.41,2073.73,2076.2,555.95
1773515700000,2076.18,2077.38,2075.36,2076.26,499.8
1773516600000,2076.26,2077.89,2075.26,2077.55,1856.97
1773517500000,2077.53,2078.39,2075.65,2076.24,742.75
1773518400000,2076.26,2076.97,2074.89,2076.97,673.92
1773519300000,2076.97,2079.31,2076.63,2078.2,932.15
1773520200000,2078.18,2083.72,2077.51,2082.69,1836.82
1773521100000,2082.67,2086.12,2081.11,2084.7,3106.7
1773522000000,2084.7,2085.9,2081.59,2081.78,1228.46
1773522900000,2081.8,2083.98,2080.52,2082.17,1049.07
1773523800000,2082.19,2085.0,2081.69,2084.02,2456.49
1773524700000,2084.02,2087.69,2083.27,2085.77,1732.3
1773525600000,2085.79,2087.21,2083.95,2083.99,1257.03
1773526500000,2084.13,2086.37,2083.55,2085.27,687.45
1773527400000,2085.27,2086.73,2084.61,2085.03,498.05
1773528300000,2085.03,2085.03,2081.25,2083.43,886.24
1773529200000,2083.39,2098.0,2082.84,2092.77,6841.13
1773530100000,2092.75,2094.84,2087.5,2094.41,1892.05
1773531000000,2094.43,2097.76,2093.06,2095.65,1416.18
1773531900000,2095.63,2097.35,2093.76,2095.36,1310.54
1773532800000,2095.36,2095.88,2090.63,2092.87,1615.48
1773533700000,2092.85,2094.09,2087.83,2088.51,1945.36
1773534600000,2088.47,2090.57,2086.81,2089.94,1764.32
1773535500000,2089.92,2089.92,2085.68,2086.81,1140.15
1773536400000,2086.81,2088.68,2083.04,2085.25,1420.57
1773537300000,2085.27,2087.15,2083.64,2085.03,841.97
1773538200000,2085.05,2085.89,2082.21,2085.57,1174.63
1773539100000,2085.57,2090.32,2084.61,2087.21,1824.08
1773540000000,2087.23,2098.22,2087.23,2095.1,3041.98
1773540900000,2095.09,2095.98,2091.14,2092.15,1231.86
1773541800000,2092.13,2103.0,2089.03,2103.0,1849.27
1773542700000,2102.89,2107.21,2099.02,2100.93,6580.25
1773543600000,2100.91,2104.17,2100.35,2101.79,1674.02
1773544500000,2101.81,2102.09,2093.92,2094.92,2775.54
1773545400000,2094.9,2098.09,2092.8,2094.44,1265.46
1773546300000,2094.44,2095.63,2092.69,2095.33,1192.88
1773547200000,2095.31,2102.34,2095.18,2100.78,1888.63
1773548100000,2100.78,2103.23,2098.36,2099.38,1225.4
1773549000000,2099.4,2101.32,2097.48,2100.96,953.76
1773549900000,2100.93,2103.36,2098.31,2103.36,827.66
1773550800000,2103.36,2103.69,2101.0,2102.86,867.05
1773551700000,2102.84,2114.42,2101.78,2108.39,6137.46
1773552600000,2108.36,2114.83,2107.12,2111.66,2146.38
1773553500000,2111.68,2111.81,2106.2,2106.86,2784.19
1773554400000,2106.87,2110.14,2106.65,2108.42,991.15
1773555300000,2108.4,2110.0,2104.92,2105.66,1727.4
1773556200000,2105.64,2105.77,2102.41,2103.39,1473.28
1773557100000,2103.37,2107.39,2103.34,2106.92,1089.72
1773558000000,2106.94,2112.8,2106.61,2110.05,1861.54
1773558900000,2110.07,2111.0,2107.33,2107.33,1367.45
1773559800000,2107.33,2107.35,2103.94,2103.96,2305.68
1773560700000,2103.94,2105.51,2101.84,2104.96,1377.42
1773561600000,2104.96,2110.7,2104.96,2108.3,1425.83
1773562500000,2108.32,2111.2,2106.98,2108.08,1122.5
1773563400000,2108.1,2108.79,2106.83,2108.77,713.33
1773564300000,2108.77,2112.19,2108.77,2111.86,1494.74
1773565200000,2111.84,2122.0,2111.8,2118.28,7347.93
1773566100000,2118.28,2122.6,2116.0,2116.81,3153.19
1773567000000,2116.79,2118.02,2114.4,2115.0,1702.31
1773567900000,2115.0,2118.37,2113.77,2116.25,1172.19
1773568800000,2116.25,2117.23,2113.22,2115.07,1135.82
1773569700000,2115.09,2120.07,2113.89,2118.82,1327.89
1773570600000,2118.84,2120.51,2117.21,2119.32,1046.92
1773571500000,2119.32,2120.0,2117.94,2118.01,1069.85
1773572400000,2118.01,2119.32,2115.9,2117.34,1486.55
1773573300000,2117.34,2119.3,2114.81,2115.27,1490.78
1773574200000,2115.25,2116.3,2113.9,2116.12,2044.04
1773575100000,2116.14,2120.28,2115.73,2118.79,1829.12
1773576000000,2118.77,2118.95,2114.64,2114.97,1560.8
1773576900000,2114.97,2116.78,2113.63,2115.97,1579.9
1773577800000,2115.99,2116.9,2108.29,2108.31,3324.09
1773578700000,2108.31,2111.2,2107.03,2108.57,3710.81
1773579600000,2108.59,2111.52,2090.77,2097.35,10866.48
1773580500000,2097.33,2097.51,2087.8,2095.67,5589.01
1773581400000,2095.67,2096.74,2085.58,2089.15,5276.03
1773582300000,2089.16,2097.0,2088.03,2096.25,2647.79
1773583200000,2096.25,2097.88,2093.68,2094.16,2796.59
1773584100000,2094.18,2094.18,2089.16,2092.06,1529.04
1773585000000,2092.08,2092.08,2085.54,2091.4,3837.43
1773585900000,2091.46,2096.13,2090.3,2096.11,2081.29
1773586800000,2096.11,2096.3,2091.25,2092.71,1291.19
1773587700000,2092.71,2095.66,2090.78,2091.7,1447.52
1773588600000,2091.7,2094.4,2089.2,2093.02,1910.77
1773589500000,2093.0,2094.45,2092.31,2092.89,676.76
1773590400000,2092.87,2097.96,2091.76,2096.9,1737.69
1773591300000,2096.88,2096.96,2088.54,2091.65,3293.27
1773592200000,2091.59,2094.68,2088.71,2092.2,2328.91
1773593100000,2092.2,2093.25,2087.6,2090.62,1473.69
1773594000000,2090.64,2095.07,2090.12,2093.78,1436.87
1773594900000,2093.76,2095.81,2092.86,2094.01,1098.66
1773595800000,2094.01,2096.26,2092.96,2095.76,1409.8
1773596700000,2095.76,2117.47,2095.28,2109.72,8160.28
1773597600000,2109.77,2112.58,2106.49,2107.78,3124.48
1773598500000,2107.78,2110.0,2105.7,2107.43,1084.69
1773599400000,2107.41,2112.69,2107.41,2108.63,1369.57
1773600300000,2108.65,2109.12,2093.37,2098.05,3706.63
1773601200000,2098.07,2110.68,2095.81,2110.27,2514.86
1773602100000,2110.27,2111.88,2106.84,2110.64,2015.47
1773603000000,2110.66,2113.34,2108.27,2109.23,1304.93
1773603900000,2109.21,2113.37,2107.79,2112.4,965.04
1773604800000,2112.42,2113.19,2110.15,2111.22,869.68
1773605700000,2111.24,2113.48,2109.04,2113.22,1238.01
1773606600000,2113.21,2138.0,2113.21,2130.06,11314.66
1773607500000,2130.06,2132.46,2127.21,2128.0,2630.57
1773608400000,2128.02,2131.89,2122.66,2122.67,2287.34
1773609300000,2122.67,2131.1,2122.62,2128.54,1402.69
1773610200000,2128.56,2143.88,2128.52,2139.73,5255.75
1773611100000,2139.7,2143.09,2134.56,2138.18,2198.95
1773612000000,2138.47,2148.0,2128.05,2129.08,5729.31
1773612900000,2129.1,2135.71,2124.81,2133.22,3208.5
1773613800000,2133.22,2177.14,2133.2,2171.4,16088.02
1773614700000,2171.4,2192.2,2169.64,2183.66,17390.37
1773615600000,2183.96,2202.17,2183.96,2195.75,16502.08
1773616500000,2195.73,2199.29,2172.06,2172.08,8617.97
1773617400000,2172.06,2180.85,2165.12,2178.03,5984.92
1773618300000,2178.03,2182.28,2168.5,2177.45,3750.31
1773619200000,2177.43,2186.18,2173.16,2173.42,4882.1
1773620100000,2173.56,2180.38,2166.68,2167.75,3004.19
1773621000000,2167.75,2173.0,2164.5,2169.16,2794.74
1773621900000,2169.13,2174.52,2168.9,2170.39,2138.39
1773622800000,2170.38,2173.76,2164.38,2164.97,2528.47
1773623700000,2164.99,2182.26,2164.99,2179.04,4052.59
1773624600000,2179.02,2180.84,2173.46,2178.41,2470.99
1773625500000,2178.43,2189.63,2177.63,2184.98,4053.12
1773626400000,2185.0,2188.39,2177.0,2178.76,2936.79
1773627300000,2178.78,2180.64,2169.11,2172.6,3288.37
1773628200000,2172.58,2176.68,2169.93,2175.56,1897.06
1773629100000,2175.58,2182.84,2172.86,2179.52,3122.17
1773630000000,2179.5,2184.3,2176.29,2180.68,6679.33
1773630900000,2180.68,2208.72,2178.65,2199.93,12015.41
1773631800000,2199.92,2253.0,2199.85,2237.69,29977.78
1773632700000,2237.67,2243.23,2229.43,2235.02,8051.33
1773633600000,2235.02,2244.44,2235.02,2244.0,5238.82
1773634500000,2243.99,2265.15,2242.14,2248.23,14132.82
1773635400000,2248.23,2268.63,2248.12,2260.09,10334.29
1773636300000,2260.08,2276.87,2257.49,2262.19,8255.33
1773637200000,2262.17,2268.41,2257.04,2262.35,5432.55
1773638100000,2262.36,2269.09,2258.83,2267.84,4276.8
1773639000000,2267.86,2271.29,2258.66,2269.55,4278.92
1773639900000,2269.55,2287.48,2267.2,2279.42,12035.05
1773640800000,2279.4,2280.42,2260.35,2262.52,7023.77
1773641700000,2262.48,2270.08,2261.93,2264.68,3719.5
1773642600000,2264.71,2268.99,2262.8,2265.77,3351.99
1773643500000,2265.83,2265.87,2260.29,2260.7,3568.89
1773644400000,2260.7,2268.46,2259.55,2265.07,3461.22
1773645300000,2265.07,2268.0,2259.56,2266.0,2547.3
1773646200000,2266.02,2266.41,2250.55,2252.55,5986.1
1773647100000,2252.52,2253.56,2245.21,2248.09,5732.3
1773648000000,2248.1,2258.0,2248.1,2249.58,5882.5
1773648900000,2249.52,2256.82,2244.44,2249.95,5325.83
1773649800000,2249.97,2251.53,2236.08,2236.25,6395.38
1773650700000,2236.27,2245.53,2234.49,2242.56,6014.06
1773651600000,2242.54,2247.4,2239.18,2245.17,2714.72
1773652500000,2245.19,2255.6,2245.14,2254.33,5519.58
1773653400000,2254.33,2255.42,2250.6,2252.58,2994.56
1773654300000,2252.58,2264.96,2252.3,2259.64,4916.23
1773655200000,2259.47,2268.7,2259.42,2265.1,4950.23
1773656100000,2265.1,2271.04,2263.26,2264.81,3381.41
1773657000000,2264.79,2264.84,2255.27,2258.24,6873.99
1773657900000,2258.32,2277.86,2257.39,2277.09,9248.46
1773658800000,2277.09,2278.84,2272.65,2273.03,5207.83
1773659700000,2273.0,2278.99,2264.31,2266.24,5786.56
1773660600000,2266.24,2271.39,2264.56,2270.13,4727.43
1773661500000,2270.13,2273.62,2268.57,2268.7,2883.83
1773662400000,2268.78,2291.84,2268.56,2280.38,10396.61
1773663300000,2280.4,2302.0,2276.08,2299.0,14833.58
1773664200000,2299.0,2301.44,2279.07,2281.75,13540.54
1773665100000,2281.75,2283.13,2275.69,2278.02,5090.18
1773666000000,2278.0,2280.98,2272.1,2278.34,5409.25
1773666900000,2278.36,2281.17,2271.06,2279.54,3637.42
1773667800000,2279.49,2307.57,2275.9,2289.98,21376.45
1773668700000,2290.03,2301.22,2276.07,2287.54,12347.82
1773669600000,2287.54,2303.0,2282.37,2296.27,9485.76
1773670500000,2296.19,2301.0,2279.42,2279.42,7339.12
1773671400000,2279.42,2279.82,2254.09,2262.47,19437.05
1773672300000,2262.45,2288.45,2255.16,2286.89,11219.56
1773673200000,2286.94,2292.0,2275.07,2285.93,8887.01
1773674100000,2285.93,2292.14,2281.19,2290.16,6106.52
1773675000000,2290.18,2297.97,2280.93,2282.52,5723.39
1773675900000,2282.5,2286.37,2268.65,2272.32,4831.35
1773676800000,2272.3,2284.69,2268.51,2275.99,5232.97
1773677700000,2276.0,2285.6,2275.47,2281.87,3956.84
1773678600000,2281.85,2291.56,2276.64,2290.18,3653.45
1773679500000,2290.18,2299.65,2286.5,2295.88,6697.24
1773680400000,2295.88,2307.32,2292.26,2303.66,8479.83
1773681300000,2303.73,2305.59,2297.43,2299.34,3020.57
1773682200000,2299.34,2315.54,2299.34,2311.56,8670.21
1773683100000,2311.56,2321.81,2307.68,2313.6,7104.41
1773684000000,2313.5,2341.13,2312.8,2333.75,13753.51
1773684900000,2333.79,2345.11,2329.05,2336.29,9591.43
1773685800000,2336.28,2344.6,2332.58,2338.72,6815.07
1773686700000,2338.74,2338.74,2319.24,2320.8,5165.31
1773687600000,2320.78,2347.55,2317.65,2337.05,8918.21
1773688500000,2336.96,2340.56,2323.3,2331.64,4186.06
1773689400000,2331.64,2337.24,2328.27,2333.44,2206.24
1773690300000,2333.44,2334.15,2323.54,2329.78,2164.41
1773691200000,2329.85,2331.3,2322.4,2325.83,3062.52
1773692100000,2325.85,2331.91,2324.02,2330.19,1593.64
1773693000000,2330.17,2341.51,2329.56,2336.01,2432.54
1773693900000,2335.99,2346.69,2335.91,2344.15,4174.96
1773694800000,2344.15,2356.17,2342.55,2349.67,12413.12
1773695700000,2349.69,2352.22,2343.76,2345.8,4293.9
1773696600000,2345.78,2375.87,2345.09,2358.12,13039.62
1773697500000,2358.14,2369.95,2356.0,2359.65,3687.95
1773698400000,2359.65,2384.6,2358.43,2375.37,11184.77
1773699300000,2375.37,2375.94,2354.0,2358.35,9757.39
1773700200000,2358.35,2365.47,2357.34,2364.6,3032.96
1773701100000,2364.6,2367.95,2355.31,2356.61,2958.7
1773702000000,2356.61,2356.85,2329.21,2338.42,7827.52
1773702900000,2338.42,2350.49,2336.13,2350.18,5434.13
1773703800000,2350.17,2357.84,2348.71,2356.54,3689.21
1773704700000,2356.49,2360.32,2345.72,2351.62,6311.46
1773705600000,2351.64,2372.06,2339.39,2366.09,9992.26
1773706500000,2366.08,2375.15,2341.25,2352.92,10734.41
1773707400000,2352.92,2366.0,2347.72,2352.24,7035.65
1773708300000,2352.26,2356.61,2345.52,2356.43,5090.17
1773709200000,2356.54,2372.0,2346.0,2363.7,6986.97
1773710100000,2363.68,2367.03,2356.46,2363.35,3282.29
1773711000000,2363.33,2373.68,2350.16,2359.2,5183.18
1773711900000,2359.32,2365.43,2350.45,2359.69,5369.11
1773712800000,2359.65,2360.62,2343.8,2348.23,8706.08
1773713700000,2348.31,2349.99,2343.49,2346.8,1947.23
1773714600000,2346.82,2360.0,2345.01,2357.16,2341.66
1773715500000,2357.18,2360.32,2349.26,2350.03,3571.86
1773716400000,2350.03,2354.78,2340.61,2341.41,2050.54
1773717300000,2341.39,2343.33,2332.67,2335.55,3752.95
1773718200000,2335.66,2336.0,2313.25,2315.39,8051.1
1773719100000,2315.39,2320.06,2306.96,2319.13,8185.58
1773720000000,2319.13,2329.02,2317.79,2326.94,4920.71
1773720900000,2326.94,2327.3,2308.09,2312.06,4664.72
1773721800000,2312.04,2315.69,2295.0,2303.89,7678.69
1773722700000,2303.82,2312.53,2303.7,2310.31,2158.64
1773723600000,2310.33,2315.0,2304.67,2311.65,3166.72
1773724500000,2311.67,2316.91,2309.2,2314.9,2315.39
1773725400000,2314.9,2316.93,2301.1,2302.18,2281.43
1773726300000,2301.67,2309.78,2296.82,2306.42,3524.69
1773727200000,2306.44,2316.58,2297.41,2314.36,4929.62
1773728100000,2314.36,2321.8,2312.41,2320.34,3398.07
1773729000000,2320.36,2322.83,2308.95,2309.52,2876.83
1773729900000,2309.5,2314.77,2307.64,2314.33,2257.59
1773730800000,2314.33,2324.31,2314.29,2323.74,2065.08
1773731700000,2323.72,2336.92,2323.63,2334.35,6408.21
1773732600000,2334.35,2335.24,2327.76,2329.91,3436.63
1773733500000,2329.93,2332.0,2323.86,2326.87,2333.93
1773734400000,2326.87,2334.33,2316.56,2321.31,4828.85
1773735300000,2321.33,2329.77,2317.39,2325.74,2842.51
1773736200000,2325.66,2332.08,2319.78,2330.43,2703.05
1773737100000,2330.41,2331.79,2315.39,2319.57,2477.03
1773738000000,2319.59,2323.23,2308.5,2309.64,5000.2
1773738900000,2309.62,2328.0,2306.44,2323.95,5259.59
1773739800000,2323.93,2325.3,2317.58,2322.15,3278.98
1773740700000,2322.15,2322.42,2310.0,2314.75,3256.12
1773741600000,2314.73,2316.05,2306.35,2312.03,2873.03
1773742500000,2312.01,2313.64,2304.12,2312.55,3077.15
1773743400000,2312.48,2315.74,2308.21,2309.15,1950.88
1773744300000,2309.08,2315.06,2305.62,2312.07,2662.94
1773745200000,2312.07,2323.11,2310.33,2322.55,3301.99
1773746100000,2322.55,2331.4,2322.54,2327.4,4839.67
1773747000000,2327.42,2329.88,2324.59,2328.85,2319.11
1773747900000,2328.83,2331.61,2323.91,2325.74,2711.86
1773748800000,2325.72,2331.49,2324.52,2325.35,2346.55
1773749700000,2325.37,2334.1,2315.68,2319.21,5121.58
1773750600000,2319.24,2323.0,2312.1,2320.01,2821.98
1773751500000,2320.03,2320.03,2312.45,2314.65,2453.62
1773752400000,2314.62,2319.6,2312.4,2318.07,2325.36
1773753300000,2318.09,2321.42,2314.95,2319.57,1744.9
1773754200000,2319.55,2345.71,2317.63,2331.76,17853.52
1773755100000,2331.7,2333.3,2316.07,2327.79,8429.02
1773756000000,2327.79,2334.77,2317.84,2330.95,5254.8
1773756900000,2330.93,2336.16,2321.98,2332.97,3486.18
1773757800000,2332.97,2347.6,2332.97,2341.7,7832.64
1773758700000,2341.7,2346.19,2335.52,2342.44,4458.99
1773759600000,2342.44,2356.37,2327.0,2327.82,14353.01
1773760500000,2327.82,2333.64,2319.1,2322.32,7134.88
1773761400000,2322.28,2326.0,2303.13,2312.19,11342.41
1773762300000,2312.0,2319.6,2306.13,2314.8,4442.69
1773763200000,2314.78,2324.25,2311.22,2316.26,5664.74
1773764100000,2316.26,2335.52,2315.37,2329.95,5284.03
1773765000000,2329.97,2331.74,2319.68,2324.9,3602.89
1773765900000,2324.9,2330.4,2320.23,2325.78,1998.73
1773766800000,2325.8,2332.9,2319.37,2325.58,2030.24
1773767700000,2325.58,2334.09,2322.87,2328.25,2274.23
1773768600000,2328.25,2334.44,2324.7,2332.3,1825.29
1773769500000,2332.47,2341.58,2331.27,2338.62,3602.86
1773770400000,2338.62,2341.62,2335.38,2337.26,1834.67
1773771300000,2337.28,2339.52,2330.52,2331.7,1703.53
1773772200000,2331.7,2340.17,2331.19,2335.82,1752.27
1773773100000,2335.8,2338.48,2326.74,2331.77,1931.44
1773774000000,2331.75,2337.62,2330.05,2335.95,1419.1
1773774900000,2336.07,2338.86,2330.31,2333.54,1966.42
1773775800000,2333.52,2334.18,2323.76,2324.38,2038.65
1773776700000,2324.36,2324.97,2315.58,2318.87,4296.06
1773777600000,2318.87,2322.82,2316.32,2317.0,2501.22
1773778500000,2317.01,2329.1,2316.83,2328.02,2348.14
1773779400000,2327.95,2328.1,2324.41,2325.47,1136.72
1773780300000,2325.45,2327.95,2322.95,2326.94,761.96
1773781200000,2326.94,2343.36,2326.74,2337.98,3490.11
1773782100000,2337.98,2338.54,2335.26,2335.49,1127.83
1773783000000,2335.49,2339.77,2332.0,2337.73,2208.63
1773783900000,2337.73,2340.26,2335.5,2337.07,1987.22
1773784800000,2337.07,2340.79,2331.26,2332.06,2556.6
1773785700000,2332.06,2333.55,2327.36,2327.37,1594.8
1773786600000,2327.37,2328.22,2317.08,2323.57,3336.87
1773787500000,2323.57,2329.3,2321.85,2328.39,1875.59
1773788400000,2328.39,2331.79,2325.64,2329.39,1179.17
1773789300000,2329.37,2331.98,2323.17,2326.4,1663.84
1773790200000,2326.4,2326.42,2316.72,2317.63,2369.98
1773791100000,2317.72,2321.46,2315.22,2316.24,1809.17
1773792000000,2316.26,2322.46,2314.09,2319.87,2565.09
1773792900000,2319.89,2320.77,2308.84,2312.76,3962.29
1773793800000,2312.74,2313.62,2306.1,2313.56,2907.7
1773794700000,2313.61,2324.43,2313.61,2323.17,3115.76
1773795600000,2323.17,2328.87,2322.21,2324.31,2310.52
1773796500000,2324.33,2329.9,2322.23,2328.77,1424.54
1773797400000,2328.77,2334.12,2326.8,2329.21,2628.41
1773798300000,2329.26,2331.58,2322.0,2323.84,2482.83
1773799200000,2323.86,2334.11,2323.31,2333.11,2195.42
1773800100000,2333.11,2333.74,2328.53,2329.88,1157.82
1773801000000,2329.9,2339.94,2328.79,2335.15,3197.54
1773801900000,2335.15,2336.42,2329.39,2330.11,1474.71
1773802800000,2330.11,2332.81,2327.24,2329.64,1285.98
1773803700000,2329.64,2341.42,2328.62,2338.42,2758.92
1773804600000,2338.41,2348.0,2338.21,2340.68,5704.11
1773805500000,2340.54,2341.59,2338.05,2339.52,1432.17
1773806400000,2339.5,2340.94,2337.0,2338.0,1734.72
1773807300000,2337.98,2338.1,2331.45,2331.52,2467.31
1773808200000,2331.5,2331.62,2327.04,2328.82,2570.02
1773809100000,2328.81,2329.77,2325.02,2326.33,1358.39
1773810000000,2326.25,2330.0,2324.66,2328.66,1946.19
1773810900000,2328.64,2329.36,2323.78,2325.23,1050.69
1773811800000,2325.23,2327.44,2321.02,2321.05,1909.3
1773812700000,2321.07,2323.57,2313.0,2317.42,4370.35
1773813600000,2317.42,2323.1,2316.67,2323.05,3103.46
1773814500000,2323.07,2330.47,2320.92,2327.91,3009.21
1773815400000,2327.91,2328.88,2321.59,2323.22,2071.6
1773816300000,2323.2,2326.65,2321.09,2321.48,1147.64
1773817200000,2321.5,2322.07,2315.3,2320.34,2274.94
1773818100000,2320.34,2320.76,2314.45,2316.3,1736.65
1773819000000,2316.31,2316.31,2310.86,2312.44,3840.06
1773819900000,2312.46,2318.13,2311.69,2316.54,2432.16
1773820800000,2316.56,2322.72,2316.03,2320.8,2643.34
1773821700000,2320.8,2322.21,2318.25,2320.28,1069.56
1773822600000,2320.28,2321.76,2317.35,2320.69,1146.76
1773823500000,2320.68,2324.59,2318.83,2321.47,1389.91
1773824400000,2321.49,2328.68,2320.48,2327.02,2303.44
1773825300000,2327.02,2331.17,2326.9,2327.47,2099.08
1773826200000,2327.45,2332.56,2327.27,2330.24,1867.26
1773827100000,2330.24,2331.58,2325.5,2327.97,1708.29
1773828000000,2327.97,2330.0,2322.76,2329.45,1883.22
1773828900000,2329.43,2329.73,2326.14,2329.4,1294.47
1773829800000,2329.4,2330.74,2311.49,2313.16,4236.18
1773830700000,2313.16,2314.11,2308.0,2311.62,7059.37
1773831600000,2311.62,2317.69,2302.62,2313.54,9394.13
1773832500000,2313.56,2315.92,2291.72,2294.01,6883.64
1773833400000,2294.11,2296.88,2261.72,2275.22,37161.8
1773834300000,2275.4,2275.85,2265.0,2268.0,6409.24
1773835200000,2268.0,2269.69,2252.73,2259.14,12866.07
1773836100000,2259.16,2262.81,2254.9,2262.52,5628.16
1773837000000,2262.45,2262.45,2236.5,2240.75,14883.13
1773837900000,2240.73,2245.31,2234.65,2236.58,8787.67
1773838800000,2236.57,2239.47,2222.37,2236.81,13684.4
1773839700000,2236.85,2240.96,2229.02,2237.9,5753.67
1773840600000,2237.9,2243.79,2230.72,2236.83,7617.07
1773841500000,2236.86,2240.24,2227.94,2234.61,6288.9
1773842400000,2234.65,2236.13,2220.07,2221.88,7184.27
1773843300000,2221.81,2227.08,2211.7,2214.65,11556.33
1773844200000,2214.65,2223.35,2202.39,2203.29,13268.26
1773845100000,2203.29,2211.07,2186.11,2189.21,22425.41
1773846000000,2189.33,2195.0,2168.7,2180.11,30826.33
1773846900000,2180.09,2185.83,2173.7,2181.71,11352.4
1773847800000,2181.73,2191.22,2178.35,2182.67,8575.79
1773848700000,2182.67,2188.24,2176.31,2186.34,6826.13
1773849600000,2186.34,2190.0,2173.97,2176.24,6929.56
1773850500000,2176.24,2179.33,2165.45,2173.57,8996.72
1773851400000,2173.49,2179.52,2167.51,2178.99,6345.07
1773852300000,2178.99,2185.75,2177.1,2180.18,4049.12
1773853200000,2180.2,2183.19,2175.92,2181.24,3202.08
1773854100000,2181.33,2199.2,2179.0,2197.33,9684.5
1773855000000,2197.37,2210.5,2190.81,2203.4,11002.17
1773855900000,2203.42,2209.78,2200.39,2203.18,4466.64
1773856800000,2203.01,2218.76,2202.47,2214.16,10190.59
1773857700000,2214.16,2214.17,2191.12,2197.12,8751.84
1773858600000,2197.1,2208.34,2193.19,2199.3,6132.27
1773859500000,2199.28,2199.28,2175.0,2180.2,9382.06
1773860400000,2180.16,2192.41,2178.44,2187.72,5199.27
1773861300000,2187.74,2195.85,2186.56,2192.57,2584.11
1773862200000,2192.57,2195.54,2188.09,2190.73,2312.5
1773863100000,2190.73,2191.87,2178.15,2184.88,3196.36
1773864000000,2184.88,2187.44,2151.83,2170.56,17892.85
1773864900000,2170.56,2177.84,2168.17,2175.86,3801.75
1773865800000,2175.86,2184.75,2175.0,2180.05,3042.13
1773866700000,2180.07,2192.89,2177.16,2186.64,3231.71
1773867600000,2186.43,2193.95,2184.56,2187.94,1969.63
1773868500000,2187.94,2197.83,2187.25,2196.27,2389.31
1773869400000,2196.27,2203.69,2190.49,2200.38,2631.22
1773870300000,2200.38,2205.99,2197.32,2201.55,2034.58
1773871200000,2201.55,2202.59,2187.32,2189.22,2935.73
1773872100000,2189.22,2194.85,2187.56,2192.85,1704.5
1773873000000,2192.85,2193.7,2186.3,2190.47,1782.18
1773873900000,2190.45,2193.5,2187.85,2193.44,986.42
1773874800000,2193.44,2197.87,2189.4,2192.39,1533.53
1773875700000,2192.37,2194.33,2187.84,2193.51,973.33
1773876600000,2193.49,2203.16,2193.44,2200.72,2088.58
1773877500000,2200.71,2204.78,2198.92,2201.98,2109.2
1773878400000,2201.98,2206.57,2193.0,2200.2,3275.61
1773879300000,2200.18,2203.15,2195.11,2202.16,2927.2
1773880200000,2202.16,2203.17,2190.5,2191.32,2542.13
1773881100000,2191.3,2194.99,2189.22,2192.04,1714.77
1773882000000,2192.07,2196.07,2188.07,2190.04,1606.26
1773882900000,2190.04,2193.03,2186.16,2191.58,1248.29
1773883800000,2191.6,2200.44,2189.65,2198.54,2723.5
1773884700000,2198.52,2200.83,2195.49,2195.63,1118.84
1773885600000,2195.61,2200.38,2187.68,2198.88,1734.57
1773886500000,2198.86,2202.58,2197.95,2200.64,999.19
1773887400000,2200.85,2204.0,2198.19,2203.09,928.68
1773888300000,2203.11,2203.39,2194.84,2195.61,1224.39
1773889200000,2195.61,2205.93,2195.61,2204.28,1486.72
1773890100000,2204.28,2232.28,2203.77,2227.2,12146.0
1773891000000,2227.26,2228.47,2208.59,2209.19,5111.01
1773891900000,2209.15,2213.97,2205.64,2210.89,2347.86
1773892800000,2210.89,2211.68,2196.71,2200.07,3667.71
1773893700000,2200.07,2201.89,2191.5,2193.77,3147.72
1773894600000,2193.72,2197.68,2189.81,2193.38,2482.9
1773895500000,2193.38,2196.7,2189.96,2192.41,1645.38
1773896400000,2192.39,2195.14,2189.66,2192.28,1251.48
1773897300000,2192.28,2197.49,2188.4,2189.76,1328.05
1773898200000,2189.75,2193.54,2185.37,2189.49,3927.2
1773899100000,2189.64,2191.01,2186.24,2188.06,1368.42
1773900000000,2188.2,2193.18,2181.22,2190.32,5717.4
1773900900000,2190.32,2194.77,2185.47,2186.04,3847.03
1773901800000,2186.04,2187.8,2177.0,2185.68,4849.3
1773902700000,2185.68,2187.1,2176.87,2179.58,2938.13
1773903600000,2179.6,2181.1,2158.3,2159.53,10489.96
1773904500000,2159.57,2162.34,2141.78,2153.96,19093.84
1773905400000,2153.96,2174.5,2152.6,2166.62,8425.23
1773906300000,2166.62,2172.55,2162.88,2165.14,4671.53
1773907200000,2165.17,2169.88,2160.13,2164.51,4796.79
1773908100000,2164.39,2167.8,2157.37,2158.17,3138.11
1773909000000,2158.15,2165.82,2156.75,2159.64,3749.92
1773909900000,2159.64,2164.03,2157.47,2159.58,1694.76
1773910800000,2159.6,2167.24,2159.34,2162.97,2393.64
1773911700000,2162.78,2186.58,2161.75,2178.55,8593.29
1773912600000,2178.55,2185.39,2175.13,2181.71,3806.03
1773913500000,2181.71,2189.84,2180.15,2188.1,3621.22
1773914400000,2188.33,2190.8,2181.81,2183.13,2784.22
1773915300000,2183.14,2185.93,2180.81,2181.02,1402.73
1773916200000,2181.0,2181.65,2174.79,2177.12,3961.55
1773917100000,2177.1,2177.58,2171.29,2171.62,2543.62
1773918000000,2171.6,2175.47,2165.94,2169.36,3702.25
1773918900000,2169.38,2174.88,2167.75,2173.78,2625.4
1773919800000,2173.82,2176.64,2164.69,2166.5,3105.66
1773920700000,2166.5,2169.45,2164.56,2165.86,2625.45
1773921600000,2165.88,2166.76,2154.65,2161.02,10196.67
1773922500000,2161.05,2161.73,2152.53,2154.65,5726.46
1773923400000,2154.65,2157.69,2151.91,2153.51,3893.41
1773924300000,2153.5,2153.51,2129.0,2131.37,20440.95
1773925200000,2131.37,2135.09,2115.74,2118.38,22663.82
1773926100000,2118.25,2136.25,2116.98,2128.8,12345.73
1773927000000,2128.78,2141.57,2110.08,2136.92,19925.8
1773927900000,2136.92,2142.0,2126.87,2136.2,8978.7
1773928800000,2136.2,2146.25,2124.48,2126.29,9500.15
1773929700000,2126.29,2128.17,2108.01,2108.43,10671.61
1773930600000,2108.46,2116.89,2101.38,2113.82,14261.79
1773931500000,2113.8,2130.48,2110.59,2121.0,9756.55
1773932400000,2121.01,2135.95,2119.61,2127.56,8375.04
1773933300000,2127.56,2134.43,2109.5,2111.24,7788.75
1773934200000,2111.24,2115.71,2104.07,2104.07,6671.96
1773935100000,2104.07,2125.96,2098.14,2117.73,14820.5
1773936000000,2117.86,2121.06,2111.74,2114.8,5889.59
1773936900000,2114.82,2116.0,2105.6,2111.83,8232.73
1773937800000,2111.83,2121.05,2106.01,2116.05,4849.91
1773938700000,2116.05,2117.1,2107.35,2114.55,3578.61
1773939600000,2114.55,2115.81,2103.77,2108.6,5394.48
1773940500000,2108.46,2127.14,2106.15,2124.46,6656.49
1773941400000,2124.51,2127.92,2113.88,2116.72,4281.14
1773942300000,2116.7,2130.75,2115.45,2126.24,2799.74
1773943200000,2126.24,2128.67,2121.09,2124.89,1817.2
1773944100000,2124.89,2126.51,2116.99,2117.81,2002.2
1773945000000,2117.83,2119.32,2113.12,2115.71,2388.45
1773945900000,2115.71,2125.33,2112.97,2124.17,3053.8
1773946800000,2124.17,2151.33,2123.94,2141.0,11757.05
1773947700000,2140.84,2156.0,2138.0,2144.11,9391.39
1773948600000,2144.12,2146.88,2136.73,2144.4,4569.29
1773949500000,2144.38,2147.21,2137.5,2140.01,3805.19
1773950400000,2140.08,2143.82,2138.41,2143.28,2396.97
1773951300000,2143.29,2148.48,2138.29,2139.7,1868.91
1773952200000,2139.7,2151.87,2138.74,2146.39,2137.96
1773953100000,2146.39,2147.85,2142.29,2145.09,1164.46
1773954000000,2145.07,2154.74,2144.36,2152.7,2085.73
1773954900000,2152.68,2152.7,2144.63,2147.58,1807.72
1773955800000,2147.58,2149.85,2145.04,2147.5,863.69
1773956700000,2147.52,2152.26,2144.25,2148.85,1376.42
1773957600000,2148.85,2150.87,2142.23,2149.31,1754.57
1773958500000,2149.31,2151.25,2145.96,2148.37,1161.8
1773959400000,2148.35,2149.88,2131.79,2137.61,4366.74
1773960300000,2137.61,2141.0,2134.14,2139.13,1970.55
1773961200000,2139.13,2146.9,2139.1,2145.12,1644.17
1773962100000,2145.15,2145.15,2135.42,2141.42,1676.81
1773963000000,2141.42,2143.5,2129.98,2133.53,1673.09
1773963900000,2133.55,2138.59,2132.2,2136.6,1092.26
1773964800000,2136.6,2144.83,2133.53,2143.32,1922.01
1773965700000,2143.32,2147.0,2137.18,2141.86,2018.73
1773966600000,2141.85,2147.93,2140.25,2144.89,2185.22
1773967500000,2144.91,2147.17,2141.69,2144.6,1641.76
1773968400000,2144.6,2153.0,2143.79,2151.0,2679.4
1773969300000,2151.02,2152.15,2146.01,2148.6,1486.49
1773970200000,2148.62,2159.76,2148.6,2157.94,5077.24
1773971100000,2157.94,2159.58,2149.68,2149.93,1610.06
1773972000000,2149.91,2150.65,2144.25,2144.55,2082.32
1773972900000,2144.55,2144.87,2135.84,2138.07,2714.42
1773973800000,2138.05,2142.79,2131.54,2142.0,3274.32
1773974700000,2142.01,2148.71,2138.8,2143.5,2253.69
1773975600000,2143.5,2147.89,2142.5,2144.43,1243.99
1773976500000,2144.43,2152.03,2144.13,2151.79,1605.08
1773977400000,2151.79,2156.17,2147.0,2147.82,3198.34
1773978300000,2147.84,2153.1,2146.55,2150.23,2132.15
1773979200000,2150.21,2158.03,2148.55,2156.15,2379.77
1773980100000,2156.17,2156.17,2151.0,2153.19,1630.22
1773981000000,2153.19,2153.55,2138.56,2139.3,4025.47
1773981900000,2139.29,2147.61,2138.7,2147.27,2566.98
1773982800000,2147.25,2150.08,2144.07,2149.8,2561.54
1773983700000,2149.8,2150.45,2141.34,2142.22,1146.15
1773984600000,2142.22,2144.72,2136.56,2143.51,2734.42
1773985500000,2143.51,2144.99,2137.56,2139.3,1548.05
1773986400000,2139.3,2140.84,2135.46,2137.96,2301.9
1773987300000,2137.96,2137.96,2132.38,2136.63,2695.68
1773988200000,2137.05,2139.67,2131.08,2135.78,2264.43
1773989100000,2135.78,2138.52,2134.68,2135.71,1218.72
1773990000000,2135.73,2135.73,2120.55,2127.46,7572.65
1773990900000,2127.48,2141.57,2126.45,2137.4,3642.01
1773991800000,2137.38,2151.96,2135.55,2151.71,4273.35
1773992700000,2151.71,2152.25,2147.83,2149.36,2732.95
1773993600000,2149.34,2175.64,2145.3,2169.57,12957.96
1773994500000,2169.52,2169.97,2161.41,2163.93,4747.21
1773995400000,2163.93,2166.3,2159.81,2163.11,3017.9
1773996300000,2163.11,2165.19,2159.43,2162.81,2154.23
1773997200000,2162.83,2162.95,2153.45,2153.73,2986.37
1773998100000,2153.71,2154.63,2137.9,2141.2,7691.71
1773999000000,2141.2,2147.25,2141.2,2144.61,2936.75
1773999900000,2144.57,2145.23,2133.76,2140.23,3484.29
1774000800000,2140.25,2140.51,2131.2,2134.25,4172.24
1774001700000,2134.23,2137.27,2130.27,2134.79,2593.8
1774002600000,2134.77,2150.36,2134.4,2146.79,5708.54
1774003500000,2146.81,2149.51,2145.72,2147.17,1997.81
1774004400000,2147.17,2157.65,2145.72,2156.92,3166.59
1774005300000,2156.94,2156.94,2147.76,2148.82,3109.7
1774006200000,2148.82,2149.3,2133.68,2138.35,5353.49
1774007100000,2138.31,2141.6,2136.05,2140.49,2014.82
1774008000000,2140.48,2152.24,2139.17,2144.89,3392.22
1774008900000,2144.89,2147.79,2138.82,2141.59,2845.26
1774009800000,2141.59,2141.81,2134.03,2137.77,3076.12
1774010700000,2137.76,2141.58,2135.54,2140.06,2006.98
1774011600000,2140.08,2144.22,2134.37,2137.97,2698.93
1774012500000,2137.95,2151.55,2136.87,2145.57,3329.97
1774013400000,2145.78,2145.78,2122.14,2140.03,11730.17
1774014300000,2140.04,2142.19,2123.84,2126.32,6264.83
1774015200000,2126.28,2134.2,2117.52,2123.87,11076.56
1774016100000,2123.85,2140.0,2118.18,2134.39,8999.73
1774017000000,2134.34,2146.48,2134.34,2135.3,5931.53
1774017900000,2135.17,2138.84,2124.91,2128.09,5275.89
1774018800000,2128.08,2134.36,2119.34,2129.16,5153.51
1774019700000,2129.16,2137.88,2121.05,2129.15,5255.04
1774020600000,2129.11,2134.58,2125.83,2131.43,3489.85
1774021500000,2131.43,2136.0,2127.78,2133.0,10873.7
1774022400000,2132.98,2141.38,2132.63,2138.35,2295.15
1774023300000,2138.37,2143.82,2134.66,2139.39,3389.71
1774024200000,2139.41,2139.52,2128.92,2133.88,4667.52
1774025100000,2133.94,2139.69,2129.67,2136.35,5760.9
1774026000000,2136.35,2140.14,2130.71,2132.09,3695.15
1774026900000,2132.09,2135.53,2129.68,2130.13,1328.86
1774027800000,2130.03,2131.29,2118.57,2123.92,4418.54
1774028700000,2123.94,2139.0,2122.74,2135.75,4278.53
1774029600000,2135.8,2136.71,2131.57,2134.24,2454.45
1774030500000,2134.24,2135.19,2123.11,2124.68,3518.12
1774031400000,2124.68,2126.31,2116.04,2122.64,5244.5
1774032300000,2122.66,2128.13,2118.99,2122.35,1923.19
1774033200000,2122.41,2127.47,2119.72,2124.82,4415.15
1774034100000,2124.84,2127.39,2121.01,2124.13,1574.95
1774035000000,2124.13,2128.91,2116.3,2128.4,3892.83
1774035900000,2128.42,2133.82,2122.81,2132.02,2788.08
1774036800000,2132.13,2135.8,2130.28,2134.16,2078.53
1774037700000,2134.14,2134.16,2128.23,2129.82,1383.36
1774038600000,2129.8,2130.23,2122.68,2127.6,2381.17
1774039500000,2127.6,2134.75,2126.36,2132.16,1501.44
1774040400000,2132.16,2133.64,2129.68,2133.13,1006.63
1774041300000,2133.1,2152.61,2132.85,2151.2,6032.77
1774042200000,2151.19,2155.77,2142.3,2143.9,4163.97
1774043100000,2143.92,2148.86,2143.1,2146.63,1204.82
1774044000000,2146.61,2166.85,2146.61,2159.63,5542.35
1774044900000,2159.61,2161.98,2154.93,2155.6,1488.28
1774045800000,2155.58,2157.2,2152.58,2153.37,1623.2
1774046700000,2153.37,2158.63,2151.22,2153.62,1245.02
1774047600000,2153.61,2154.63,2144.11,2144.11,1931.44
1774048500000,2144.11,2147.92,2142.0,2145.9,1144.5
1774049400000,2145.88,2147.49,2144.41,2145.24,608.25
1774050300000,2145.22,2147.39,2143.75,2145.02,661.11
1774051200000,2145.04,2148.59,2142.97,2145.47,1043.06
1774052100000,2145.47,2155.61,2144.69,2149.76,1985.78
1774053000000,2149.76,2153.01,2147.68,2149.28,1176.58
1774053900000,2149.28,2152.9,2148.25,2152.42,688.3
1774054800000,2152.37,2158.85,2150.84,2154.41,1161.57
1774055700000,2154.39,2154.97,2150.17,2152.48,1312.06
1774056600000,2152.46,2152.48,2148.27,2148.43,1366.71
1774057500000,2148.43,2149.99,2146.13,2146.64,1102.28
1774058400000,2146.64,2149.14,2145.12,2147.33,2159.19
1774059300000,2147.35,2152.25,2147.26,2151.02,1493.71
1774060200000,2151.0,2153.53,2148.62,2153.01,997.47
1774061100000,2153.01,2155.25,2151.79,2153.96,1315.22
1774062000000,2153.96,2155.28,2151.42,2152.75,1715.5
1774062900000,2152.75,2153.33,2151.12,2152.16,1403.15
1774063800000,2152.16,2152.2,2149.85,2151.2,705.51
1774064700000,2151.18,2153.36,2150.85,2152.37,840.12
1774065600000,2152.35,2157.26,2152.32,2154.48,1660.08
1774066500000,2154.46,2156.86,2153.53,2155.24,967.61
1774067400000,2155.11,2155.11,2149.19,2151.12,1924.93
1774068300000,2151.12,2151.9,2150.44,2150.64,669.91
1774069200000,2150.64,2153.84,2150.64,2152.41,1246.86
1774070100000,2152.41,2155.39,2152.32,2154.84,930.68
1774071000000,2154.84,2156.77,2152.69,2154.07,974.62
1774071900000,2154.07,2154.29,2151.51,2152.14,631.85
1774072800000,2152.14,2153.15,2151.29,2151.49,825.91
1774073700000,2151.47,2153.92,2151.08,2153.64,578.5
1774074600000,2153.66,2155.6,2153.22,2154.42,862.12
1774075500000,2154.44,2154.79,2153.17,2154.58,582.52
1774076400000,2154.6,2155.4,2153.77,2154.73,714.68
1774077300000,2154.75,2160.43,2154.47,2158.86,2184.43
1774078200000,2158.86,2158.95,2155.74,2156.5,1120.02
1774079100000,2156.49,2156.51,2152.48,2154.4,1699.1
1774080000000,2154.38,2156.32,2153.33,2155.08,1234.13
1774080900000,2155.06,2155.3,2149.23,2149.25,2946.53
1774081800000,2149.24,2153.17,2148.42,2152.55,1352.79
1774082700000,2152.57,2153.73,2151.36,2152.95,704.73
1774083600000,2152.93,2157.5,2152.72,2156.61,2288.43
1774084500000,2156.59,2156.62,2153.6,2153.95,1043.56
1774085400000,2153.95,2158.04,2153.88,2156.86,1297.87
1774086300000,2156.88,2157.92,2156.22,2157.55,699.83
1774087200000,2157.53,2158.32,2154.58,2155.06,901.36
1774088100000,2155.06,2155.12,2152.65,2154.0,1583.85
1774089000000,2154.02,2156.0,2153.84,2154.26,914.73
1774089900000,2154.26,2154.26,2151.77,2153.23,1468.32
1774090800000,2153.23,2153.38,2151.95,2151.95,637.64
1774091700000,2151.93,2155.26,2151.73,2154.27,757.72
1774092600000,2154.27,2156.08,2152.86,2155.65,709.35
1774093500000,2155.63,2156.92,2154.82,2156.42,972.27
1774094400000,2156.4,2158.27,2155.98,2157.55,2488.54
1774095300000,2157.57,2159.77,2156.37,2158.46,1148.99
1774096200000,2158.44,2158.46,2156.16,2157.38,1472.91
1774097100000,2157.4,2158.01,2155.63,2156.83,880.18
1774098000000,2156.85,2157.31,2155.75,2156.48,712.64
1774098900000,2156.48,2158.84,2154.47,2154.85,1359.21
1774099800000,2154.87,2156.66,2153.67,2154.13,1139.28
1774100700000,2154.13,2155.52,2153.85,2154.88,921.21
1774101600000,2154.86,2167.61,2154.63,2163.92,5148.91
1774102500000,2163.92,2165.57,2159.86,2160.82,2823.49
1774103400000,2160.81,2164.37,2159.24,2160.3,2138.13
1774104300000,2160.28,2160.35,2149.34,2151.11,6340.07
1774105200000,2151.11,2153.27,2149.64,2152.89,2320.19
1774106100000,2152.89,2152.92,2145.2,2151.83,4178.78
1774107000000,2151.81,2156.63,2151.18,2153.01,2533.57
1774107900000,2153.01,2154.92,2152.59,2154.2,864.64
1774108800000,2154.22,2154.89,2150.32,2151.09,1208.81
1774109700000,2151.11,2153.43,2145.62,2147.7,2071.92
1774110600000,2147.7,2150.16,2146.09,2147.58,3047.12
1774111500000,2147.58,2150.2,2143.38,2145.61,3521.11
1774112400000,2145.62,2147.75,2141.5,2143.76,3813.03
1774113300000,2143.74,2147.7,2142.85,2146.68,1400.88
1774114200000,2146.68,2149.64,2146.58,2148.52,2063.58
1774115100000,2148.52,2149.6,2145.91,2147.2,672.47
1774116000000,2147.2,2149.05,2146.41,2148.82,801.18
1774116900000,2148.82,2151.8,2148.0,2150.24,1388.36
1774117800000,2150.22,2154.78,2150.22,2153.89,1814.85
1774118700000,2153.91,2153.91,2149.11,2150.17,1006.21
1774119600000,2150.13,2152.0,2150.08,2151.13,529.62
1774120500000,2151.11,2152.3,2149.89,2151.39,932.82
1774121400000,2151.39,2151.58,2148.08,2149.36,758.12
1774122300000,2149.36,2151.7,2149.24,2151.16,483.49
1774123200000,2151.16,2152.44,2149.57,2151.57,608.7
1774124100000,2151.57,2154.1,2149.3,2152.87,1340.08
1774125000000,2152.94,2155.5,2152.81,2154.45,1386.71
1774125900000,2154.45,2155.79,2153.26,2154.63,1578.43
1774126800000,2154.63,2156.06,2152.18,2153.44,1074.03
1774127700000,2153.42,2154.0,2152.32,2153.06,435.89
1774128600000,2153.04,2155.49,2152.39,2154.01,1103.56
1774129500000,2154.0,2155.2,2151.13,2152.61,526.21
1774130400000,2152.59,2152.71,2148.96,2151.6,1184.5
1774131300000,2151.58,2151.76,2149.12,2149.47,781.79
1774132200000,2149.47,2152.46,2149.13,2150.56,814.57
1774133100000,2150.56,2150.56,2148.33,2148.83,653.05
1774134000000,2148.81,2149.01,2144.0,2145.29,1718.06
1774134900000,2145.31,2146.97,2143.43,2143.46,1230.49
1774135800000,2143.44,2146.77,2142.91,2145.73,1568.25
1774136700000,2145.71,2145.73,2069.1,2083.33,43308.36
1774137600000,2083.31,2083.33,2048.7,2070.43,35148.4
1774138500000,2070.45,2085.23,2068.83,2084.71,10248.33
1774139400000,2084.73,2094.04,2084.73,2089.49,10152.36
1774140300000,2089.47,2093.82,2079.07,2086.28,4954.16
1774141200000,2086.28,2093.0,2082.3,2087.22,4314.76
1774142100000,2087.2,2092.19,2084.61,2089.1,2136.25
1774143000000,2089.11,2091.08,2080.54,2083.03,3433.9
1774143900000,2083.03,2091.2,2083.03,2090.07,1570.52
1774144800000,2090.07,2092.85,2086.0,2090.27,2195.69
1774145700000,2090.27,2108.1,2088.06,2104.46,4358.3
1774146600000,2104.6,2105.61,2098.09,2099.31,5467.14
1774147500000,2099.32,2105.13,2096.72,2101.12,2895.16
1774148400000,2101.12,2105.0,2097.0,2103.07,2400.46
1774149300000,2103.05,2117.31,2101.66,2112.86,3962.82
1774150200000,2112.84,2126.0,2111.57,2117.28,7205.23
1774151100000,2117.3,2117.94,2111.45,2112.9,3007.41
1774152000000,2112.9,2121.32,2112.36,2115.45,2108.53
1774152900000,2115.45,2121.74,2106.0,2111.68,4537.45
1774153800000,2111.66,2118.76,2109.0,2115.84,2667.28
1774154700000,2115.84,2120.73,2115.82,2118.18,2066.61
1774155600000,2118.18,2119.45,2115.0,2117.15,2475.39
1774156500000,2117.15,2118.42,2113.53,2115.29,1727.86
1774157400000,2115.27,2117.1,2113.31,2113.39,1396.05
1774158300000,2113.38,2116.61,2111.36,2111.87,1861.31
1774159200000,2111.89,2111.9,2106.47,2108.84,2615.33
1774160100000,2108.86,2111.33,2106.73,2111.31,1461.89
1774161000000,2111.31,2112.44,2108.38,2110.63,1281.9
1774161900000,2110.63,2110.65,2106.42,2107.51,1027.7
1774162800000,2107.51,2111.12,2106.62,2108.5,1868.31
1774163700000,2108.51,2111.26,2108.5,2109.85,997.26
1774164600000,2109.86,2109.86,2096.67,2097.8,5626.04
1774165500000,2097.8,2103.8,2092.06,2092.32,5026.72
1774166400000,2092.78,2094.96,2082.5,2091.41,8053.75
1774167300000,2091.41,2092.0,2073.0,2076.42,8753.76
1774168200000,2076.3,2084.06,2075.4,2082.14,4578.12
1774169100000,2082.14,2086.93,2081.0,2085.42,2902.22
1774170000000,2085.41,2091.58,2084.0,2091.33,4004.5
1774170900000,2091.31,2094.62,2078.19,2080.54,6516.01
1774171800000,2080.56,2086.04,2079.78,2083.9,2437.36
1774172700000,2083.92,2085.79,2080.84,2083.87,2201.01
1774173600000,2083.83,2085.83,2079.8,2082.34,1664.46
1774174500000,2082.34,2083.46,2078.9,2082.16,1516.74
1774175400000,2082.16,2083.83,2076.22,2078.94,3110.59
1774176300000,2078.98,2082.14,2077.97,2080.08,1764.96
1774177200000,2080.1,2082.83,2077.77,2080.74,1881.93
1774178100000,2080.73,2082.55,2074.46,2075.5,4668.11
1774179000000,2075.51,2080.61,2065.91,2074.17,7457.09
1774179900000,2074.15,2075.01,2066.12,2068.83,4430.19
1774180800000,2068.83,2073.5,2067.1,2072.76,2766.07
1774181700000,2072.78,2087.31,2071.72,2083.55,8597.95
1774182600000,2083.53,2083.87,2080.0,2081.35,2120.21
1774183500000,2080.85,2084.24,2077.14,2081.45,3427.5
1774184400000,2081.45,2091.55,2080.98,2085.2,5826.83
1774185300000,2085.21,2088.87,2083.35,2084.8,2149.7
1774186200000,2084.8,2086.96,2071.58,2075.25,3687.09
1774187100000,2075.25,2079.85,2073.78,2077.59,2157.32
1774188000000,2077.59,2080.08,2070.64,2077.98,4315.75
1774188900000,2077.93,2084.24,2076.0,2080.02,2859.0
1774189800000,2080.53,2083.86,2077.24,2080.61,1995.77
1774190700000,2080.57,2080.57,2074.44,2076.96,2117.75
1774191600000,2076.96,2082.6,2076.96,2081.37,1413.28
1774192500000,2081.37,2083.14,2076.21,2078.86,2395.47
1774193400000,2078.86,2079.5,2074.65,2079.27,1995.79
1774194300000,2079.27,2082.4,2077.22,2082.0,2548.08
1774195200000,2082.02,2083.51,2079.24,2080.72,2167.61
1774196100000,2080.72,2082.5,2077.44,2078.02,1528.72
1774197000000,2078.0,2081.42,2076.56,2079.05,2183.86
1774197900000,2079.05,2082.57,2079.02,2081.04,1407.91
1774198800000,2081.06,2083.25,2078.79,2081.94,1008.45
1774199700000,2081.96,2083.76,2079.48,2081.48,8651.53
1774200600000,2081.48,2082.57,2076.24,2077.48,1648.86
1774201500000,2077.5,2080.46,2077.48,2078.53,708.48
1774202400000,2078.53,2079.47,2074.41,2079.05,2903.47
1774203300000,2079.05,2079.08,2075.78,2077.42,1219.76
1774204200000,2077.44,2079.07,2056.17,2064.01,10417.71
1774205100000,2064.03,2072.2,2063.2,2070.99,7605.08
1774206000000,2071.01,2071.74,2058.43,2060.0,5679.27
1774206900000,2060.0,2062.34,2057.91,2058.47,2498.82
1774207800000,2058.47,2066.7,2052.81,2064.39,4804.53
1774208700000,2064.37,2065.56,2057.84,2062.04,2585.68
1774209600000,2062.04,2067.76,2061.82,2066.17,2797.08
1774210500000,2066.17,2070.5,2061.78,2063.44,2307.49
1774211400000,2063.45,2065.65,2059.05,2064.78,2920.3
1774212300000,2064.75,2064.75,2054.63,2057.48,2731.39
1774213200000,2057.5,2059.75,2028.2,2038.3,33130.84
1774214100000,2038.89,2042.71,2024.96,2040.84,9137.28
1774215000000,2040.84,2047.82,2036.6,2044.18,3376.6
1774215900000,2044.2,2046.39,2038.25,2044.92,1778.82
1774216800000,2044.92,2051.6,2031.16,2041.89,7440.22
1774217700000,2041.91,2064.0,2039.71,2058.78,4671.7
1774218600000,2058.78,2061.98,2052.75,2053.73,3208.77
1774219500000,2053.71,2064.55,2053.68,2061.63,3274.46
1774220400000,2061.63,2072.76,2059.22,2068.04,4748.32
1774221300000,2068.04,2068.5,2059.21,2061.16,2552.75
1774222200000,2061.16,2063.97,2056.37,2059.7,1942.42
1774223100000,2059.77,2059.99,2050.07,2052.81,2635.06
1774224000000,2052.91,2062.25,2047.51,2056.02,4213.39
1774224900000,2056.05,2058.8,2050.61,2052.96,2658.47
1774225800000,2052.96,2053.77,2034.73,2045.06,7666.07
1774226700000,2045.04,2052.54,2041.0,2042.48,3836.95
1774227600000,2042.49,2054.61,2038.46,2049.62,4196.88
1774228500000,2049.64,2061.42,2049.63,2058.57,3612.23
1774229400000,2058.57,2060.96,2050.68,2053.99,2193.18
1774230300000,2054.0,2058.0,2046.11,2046.65,3443.52
1774231200000,2046.65,2057.4,2045.53,2048.41,3201.05
1774232100000,2048.14,2069.21,2046.55,2067.03,3640.26
1774233000000,2067.03,2067.65,2058.94,2059.39,3085.99
1774233900000,2059.39,2062.9,2056.25,2062.33,1662.8
1774234800000,2062.33,2071.52,2057.96,2058.19,5136.12
1774235700000,2058.22,2059.56,2054.63,2055.69,1988.61
1774236600000,2055.71,2057.01,2051.11,2054.89,1854.69
1774237500000,2054.89,2056.52,2050.9,2051.64,1417.2
1774238400000,2051.62,2054.34,2049.8,2051.89,1710.22
1774239300000,2051.89,2056.24,2050.76,2054.9,1651.59
1774240200000,2054.94,2060.52,2054.5,2055.13,2153.9
1774241100000,2055.11,2065.0,2055.07,2064.63,2602.13
1774242000000,2064.63,2069.73,2064.63,2069.48,3306.22
1774242900000,2069.46,2071.22,2062.72,2064.42,2344.36
1774243800000,2064.44,2069.25,2060.54,2062.36,1812.3
1774244700000,2062.36,2068.99,2059.69,2068.34,2320.19
1774245600000,2068.2,2068.2,2056.19,2057.75,2483.48
1774246500000,2057.75,2060.45,2053.85,2057.99,2336.5
1774247400000,2057.99,2058.0,2027.36,2032.6,14894.13
1774248300000,2032.6,2037.9,2027.38,2036.16,7640.14
1774249200000,2036.27,2038.24,2022.0,2036.3,9639.98
1774250100000,2036.28,2038.47,2025.08,2031.56,5340.85
1774251000000,2031.58,2048.7,2030.2,2046.59,6325.25
1774251900000,2046.59,2048.78,2042.36,2043.18,2945.21
1774252800000,2043.44,2055.64,2043.44,2055.49,3617.4
1774253700000,2055.62,2057.88,2050.85,2052.15,3746.35
1774254600000,2052.11,2056.68,2048.38,2050.25,1999.85
1774255500000,2050.25,2053.57,2043.15,2046.76,2526.24
1774256400000,2046.74,2048.03,2036.4,2041.76,4948.46
1774257300000,2041.75,2045.73,2037.5,2042.54,2717.18
1774258200000,2042.54,2042.54,2027.81,2037.4,5367.39
1774259100000,2037.38,2042.76,2036.96,2042.53,1726.76
1774260000000,2042.51,2053.18,2040.88,2048.96,3914.34
1774260900000,2048.96,2049.0,2041.0,2044.0,3311.78
1774261800000,2043.99,2044.98,2039.03,2043.49,1735.05
1774262700000,2043.49,2049.29,2039.9,2047.94,1485.11
1774263600000,2047.94,2198.66,2047.76,2167.75,66470.08
1774264500000,2168.1,2190.44,2146.16,2166.92,27402.66
1774265400000,2166.92,2178.84,2153.22,2154.23,12322.73
1774266300000,2154.23,2157.31,2132.0,2133.85,17002.36
1774267200000,2133.85,2139.39,2106.32,2116.21,19646.49
1774268100000,2116.12,2133.49,2115.56,2124.39,9232.22
1774269000000,2124.38,2145.94,2119.8,2144.34,6539.74
1774269900000,2144.32,2146.97,2139.06,2143.21,5468.95
1774270800000,2143.24,2153.16,2139.15,2145.26,4868.41
1774271700000,2145.27,2153.04,2144.87,2149.28,2986.59
1774272600000,2149.3,2176.81,2142.1,2168.6,11249.69
1774273500000,2168.28,2187.0,2162.71,2184.72,15950.11
1774274400000,2184.66,2191.68,2177.52,2180.31,11844.56
1774275300000,2180.31,2186.4,2174.34,2179.09,6404.22
1774276200000,2179.09,2182.41,2170.98,2174.26,5436.06
1774277100000,2174.16,2182.61,2168.03,2180.19,5113.09
1774278000000,2180.18,2186.79,2177.67,2177.78,4221.3
1774278900000,2177.76,2178.9,2161.91,2163.47,6584.61
1774279800000,2163.48,2166.02,2146.25,2148.95,9650.57
1774280700000,2148.91,2156.79,2123.79,2127.5,17494.77
1774281600000,2127.48,2138.79,2126.35,2137.81,10224.89
1774282500000,2137.8,2139.33,2116.74,2119.53,10327.61
1774283400000,2119.46,2132.5,2116.93,2130.73,5690.63
1774284300000,2130.56,2141.7,2129.57,2134.9,7093.49
1774285200000,2134.92,2139.53,2130.69,2134.59,4256.87
1774286100000,2134.59,2136.34,2123.45,2130.56,3276.52
1774287000000,2130.41,2157.45,2130.0,2146.14,9489.26
1774287900000,2146.16,2153.11,2145.46,2151.64,1840.88
1774288800000,2151.62,2155.5,2145.06,2149.4,2489.93
1774289700000,2149.42,2151.5,2144.33,2145.28,2124.73
1774290600000,2145.28,2157.1,2145.26,2155.0,2400.19
1774291500000,2155.04,2170.6,2154.65,2167.66,5463.81
1774292400000,2167.66,2177.25,2159.8,2163.24,6397.02
1774293300000,2163.25,2167.0,2159.4,2164.42,1759.26
1774294200000,2164.42,2166.27,2158.36,2159.85,1471.26
1774295100000,2159.85,2162.37,2150.25,2153.29,2515.41
1774296000000,2153.31,2159.48,2149.49,2158.75,2648.84
1774296900000,2158.75,2161.0,2156.72,2159.1,1294.51
1774297800000,2159.1,2165.56,2158.18,2163.18,1505.06
1774298700000,2163.18,2163.43,2159.09,2160.53,737.0
1774299600000,2160.55,2162.73,2153.42,2153.58,892.25
1774300500000,2153.58,2157.15,2153.27,2155.41,676.28
1774301400000,2155.39,2161.38,2154.99,2159.82,1132.42
1774302300000,2159.84,2162.5,2155.78,2156.94,1216.66
1774303200000,2156.92,2158.65,2145.59,2149.84,2349.1
1774304100000,2149.86,2150.5,2146.0,2148.14,842.09
1774305000000,2148.16,2152.91,2142.58,2150.77,1793.6
1774305900000,2150.75,2153.6,2149.0,2151.75,1167.49
1774306800000,2151.62,2153.07,2142.68,2145.21,1175.75
1774307700000,2145.21,2149.53,2139.91,2148.11,1798.68
1774308600000,2148.09,2150.66,2143.72,2149.39,1177.31
1774309500000,2149.39,2154.15,2144.33,2150.95,1234.69
1774310400000,2150.95,2155.03,2145.16,2146.08,2514.88
1774311300000,2146.07,2146.71,2137.7,2141.42,2491.25
1774312200000,2141.39,2143.46,2129.56,2139.79,4122.77
1774313100000,2139.75,2147.18,2139.48,2142.04,1681.19
1774314000000,2142.06,2144.61,2137.67,2139.6,2149.26
1774314900000,2139.6,2148.88,2136.26,2146.46,1705.35
1774315800000,2146.46,2147.23,2123.73,2129.88,3531.81
1774316700000,2129.91,2139.8,2127.71,2136.46,4083.59
1774317600000,2136.46,2144.41,2132.92,2134.6,2872.94
1774318500000,2134.62,2141.81,2133.14,2138.28,1918.89
1774319400000,2138.25,2142.16,2131.25,2137.92,2178.92
1774320300000,2137.81,2139.86,2134.0,2134.77,1238.92
1774321200000,2134.77,2136.84,2129.56,2133.19,2153.21
1774322100000,2133.19,2139.07,2133.19,2138.45,1708.0
1774323000000,2138.49,2139.26,2134.02,2137.76,1369.12
1774323900000,2137.76,2142.42,2136.86,2140.52,1223.74
1774324800000,2140.54,2151.41,2140.31,2145.06,2870.54
1774325700000,2145.06,2145.24,2139.17,2139.31,1545.44
1774326600000,2139.3,2139.32,2131.24,2134.3,2890.95
1774327500000,2134.3,2138.26,2130.52,2135.25,1548.9
1774328400000,2135.25,2135.52,2127.79,2129.29,2355.97
1774329300000,2129.19,2137.81,2128.26,2128.75,2470.31
1774330200000,2128.75,2137.16,2128.47,2134.81,1700.26
1774331100000,2134.83,2137.71,2131.7,2132.76,1745.43
1774332000000,2132.76,2136.85,2130.72,2136.72,1227.7
1774332900000,2136.72,2139.69,2134.02,2136.22,2013.86
1774333800000,2136.23,2143.26,2136.22,2141.73,2938.86
1774334700000,2141.73,2145.43,2139.46,2144.2,1831.04
1774335600000,2144.22,2165.53,2141.39,2159.76,8893.81
1774336500000,2159.74,2164.49,2157.82,2159.83,2760.07
1774337400000,2159.85,2160.99,2151.88,2154.8,4043.92
1774338300000,2154.78,2169.91,2151.64,2164.6,5653.05
1774339200000,2164.52,2166.55,2160.0,2162.81,4329.6
1774340100000,2162.79,2163.02,2151.2,2153.92,3956.06
1774341000000,2153.92,2162.14,2152.06,2159.59,3164.8
1774341900000,2159.61,2160.14,2152.05,2153.92,1399.16
1774342800000,2153.9,2157.0,2146.68,2146.89,2391.12
1774343700000,2146.9,2153.17,2146.01,2151.97,3231.37
1774344600000,2151.94,2161.85,2150.37,2161.67,2550.92
1774345500000,2161.65,2166.31,2157.95,2163.77,2955.26
1774346400000,2163.77,2163.88,2159.54,2159.84,1880.57
1774347300000,2159.84,2160.86,2154.7,2155.31,1925.74
1774348200000,2155.31,2161.48,2154.17,2159.83,1473.65
1774349100000,2159.81,2160.96,2156.39,2160.36,927.06
1774350000000,2160.34,2162.01,2150.86,2158.34,3247.95
1774350900000,2158.25,2160.56,2153.19,2159.95,1755.45
1774351800000,2159.95,2174.51,2159.14,2170.63,5747.04
1774352700000,2170.61,2172.93,2158.79,2164.67,4287.92
1774353600000,2164.65,2169.45,2160.62,2166.02,3035.0
1774354500000,2166.02,2167.13,2163.0,2166.11,1372.06
1774355400000,2166.13,2166.13,2157.68,2160.49,2881.85
1774356300000,2160.49,2164.03,2159.04,2161.53,1565.49
1774357200000,2161.55,2164.62,2150.15,2156.02,3612.37
1774358100000,2156.02,2157.82,2147.71,2149.33,4974.47
1774359000000,2149.42,2159.99,2134.37,2137.49,12070.16
1774359900000,2137.49,2143.2,2129.25,2137.49,10406.99
1774360800000,2137.47,2147.5,2125.1,2129.65,9922.15
1774361700000,2129.62,2135.67,2123.73,2132.61,7681.43
1774362600000,2132.63,2139.6,2128.06,2132.83,4744.85
1774363500000,2132.97,2142.42,2119.26,2133.19,15166.78
1774364400000,2133.3,2139.6,2131.16,2135.82,4347.06
1774365300000,2135.84,2146.65,2135.19,2137.97,5155.25
1774366200000,2137.97,2144.3,2130.26,2138.59,4540.37
1774367100000,2138.59,2141.54,2131.87,2134.24,2463.62
1774368000000,2134.24,2138.3,2131.84,2136.96,2294.02
1774368900000,2137.01,2139.95,2130.95,2134.67,2875.3
1774369800000,2134.69,2135.66,2120.03,2129.26,7034.72
1774370700000,2129.25,2130.79,2123.75,2126.44,2987.57
1774371600000,2126.46,2128.06,2112.16,2116.43,11136.93
1774372500000,2116.35,2118.54,2110.79,2112.89,3389.65
1774373400000,2112.91,2115.68,2102.09,2103.51,7259.45
1774374300000,2103.51,2112.0,2102.41,2108.27,7227.43
1774375200000,2108.25,2111.6,2104.5,2110.3,4472.7
1774376100000,2110.28,2118.13,2108.32,2116.36,3428.16
1774377000000,2116.36,2126.99,2115.34,2119.3,6449.54
1774377900000,2119.32,2121.29,2116.98,2118.08,1746.49
1774378800000,2118.07,2126.4,2118.04,2125.04,3153.79
1774379700000,2125.04,2126.71,2118.48,2119.59,2379.54
1774380600000,2119.59,2120.54,2114.92,2119.17,1834.65
1774381500000,2119.17,2119.29,2113.19,2116.0,2678.6
1774382400000,2115.91,2119.71,2114.67,2119.71,2221.5
1774383300000,2119.71,2153.75,2119.23,2140.75,12513.3
1774384200000,2140.74,2151.31,2140.71,2148.28,4957.18
1774385100000,2148.28,2153.48,2142.11,2147.71,2687.06
1774386000000,2147.71,2150.0,2141.84,2143.13,3663.33
1774386900000,2143.26,2144.41,2139.1,2143.67,1944.25
1774387800000,2143.67,2151.24,2142.8,2146.78,1974.06
1774388700000,2146.78,2149.12,2143.69,2147.75,1994.09
1774389600000,2147.73,2154.96,2144.0,2153.67,2113.68
1774390500000,2153.63,2153.63,2144.33,2145.56,1561.84
1774391400000,2145.6,2146.41,2139.64,2143.14,2105.22
1774392300000,2143.16,2148.0,2142.5,2144.31,1181.24
1774393200000,2144.29,2151.31,2142.8,2149.56,1218.36
1774394100000,2149.58,2159.66,2148.65,2158.74,3363.82
1774395000000,2158.72,2162.9,2158.72,2159.73,3036.64
1774395900000,2159.71,2160.19,2154.81,2155.2,1684.26
1774396800000,2155.2,2159.9,2153.75,2159.18,1673.01
1774397700000,2159.16,2159.61,2152.23,2154.13,1357.93
1774398600000,2154.15,2167.9,2145.52,2164.13,8357.89
1774399500000,2164.13,2167.47,2158.97,2160.53,1719.66
1774400400000,2160.55,2166.13,2156.8,2161.36,2046.54
1774401300000,2161.36,2162.11,2157.21,2159.86,1412.66
1774402200000,2159.86,2163.6,2156.36,2160.48,1523.19
1774403100000,2160.48,2161.44,2155.48,2155.53,1169.58
1774404000000,2155.54,2156.82,2152.72,2153.53,1909.0
1774404900000,2153.53,2157.74,2152.36,2155.17,1616.91
1774405800000,2155.17,2160.47,2153.82,2159.15,1256.79
1774406700000,2159.13,2160.65,2153.34,2154.64,1202.64
1774407600000,2154.67,2155.42,2148.0,2150.63,2447.16
1774408500000,2150.63,2152.22,2145.89,2151.48,2561.34
1774409400000,2151.71,2158.9,2151.71,2156.65,2229.39
1774410300000,2156.65,2159.67,2156.04,2157.45,1651.15
1774411200000,2157.43,2162.85,2155.5,2161.63,2264.42
1774412100000,2161.63,2163.79,2159.16,2162.49,1517.08
1774413000000,2162.47,2163.55,2159.02,2159.73,1063.04
1774413900000,2159.73,2166.9,2158.82,2165.26,1710.64
1774414800000,2165.24,2178.91,2163.25,2173.11,8758.61
1774415700000,2173.12,2173.33,2168.26,2171.09,1860.11
1774416600000,2171.09,2172.79,2168.2,2172.12,4194.56
1774417500000,2172.1,2172.46,2167.15,2167.83,2016.58
1774418400000,2167.81,2169.0,2162.64,2164.31,3922.42
1774419300000,2164.31,2171.0,2163.84,2171.0,1914.32
1774420200000,2171.0,2171.66,2168.8,2169.58,1524.5
1774421100000,2169.77,2172.08,2161.91,2162.56,1858.07
1774422000000,2162.6,2171.4,2161.89,2170.93,2716.77
1774422900000,2170.93,2171.18,2166.82,2167.07,1431.7
1774423800000,2167.07,2176.64,2167.05,2169.17,2168.78
1774424700000,2169.17,2169.66,2158.82,2163.73,3680.06
1774425600000,2163.75,2170.02,2163.39,2163.87,2806.99
1774426500000,2163.85,2182.39,2163.85,2178.47,4996.62
1774427400000,2178.45,2189.84,2178.03,2182.34,7906.63
1774428300000,2182.32,2182.34,2174.23,2175.34,2702.58
1774429200000,2175.33,2180.13,2174.01,2178.4,2000.23
1774430100000,2178.38,2182.86,2176.18,2179.75,2116.35
1774431000000,2179.75,2183.89,2178.69,2179.63,1332.69
1774431900000,2179.62,2187.93,2174.3,2185.37,2485.08
1774432800000,2185.38,2187.58,2182.04,2185.08,4155.91
1774433700000,2185.08,2186.83,2182.77,2183.44,2232.89
1774434600000,2183.42,2184.62,2179.98,2181.41,1807.56
1774435500000,2181.43,2186.46,2181.4,2184.08,2230.35
1774436400000,2184.08,2186.07,2182.24,2185.8,1245.38
1774437300000,2185.86,2194.0,2185.83,2191.78,6924.21
1774438200000,2191.78,2198.33,2189.31,2190.12,12164.78
1774439100000,2190.1,2190.1,2179.53,2185.04,6015.87
1774440000000,2185.06,2192.5,2184.56,2189.72,3152.54
1774440900000,2189.72,2190.54,2166.32,2170.91,11912.24
1774441800000,2170.89,2176.6,2163.79,2170.92,7800.24
1774442700000,2170.94,2193.81,2168.81,2182.32,7445.5
1774443600000,2182.29,2187.68,2178.54,2183.81,2876.14
1774444500000,2183.81,2185.33,2179.95,2181.39,1945.37
1774445400000,2181.39,2197.2,2181.25,2187.91,10462.7
1774446300000,2188.0,2192.15,2180.81,2183.28,3901.48
1774447200000,2183.26,2187.26,2174.84,2178.11,5220.91
1774448100000,2178.13,2183.22,2174.11,2179.07,3570.7
1774449000000,2179.13,2185.21,2176.69,2177.48,2123.74
1774449900000,2177.46,2179.69,2171.99,2173.11,3100.56
1774450800000,2173.13,2176.09,2156.89,2160.13,9414.93
1774451700000,2160.06,2165.68,2146.33,2165.04,15393.28
1774452600000,2165.04,2167.23,2157.0,2161.32,6154.15
1774453500000,2161.34,2165.08,2158.31,2161.56,3410.03
1774454400000,2161.56,2163.32,2154.97,2159.18,3079.37
1774455300000,2159.18,2183.76,2157.25,2174.62,8555.78
1774456200000,2174.71,2181.39,2171.43,2176.96,5056.73
1774457100000,2176.96,2177.58,2170.34,2172.98,2075.18
1774458000000,2172.96,2175.44,2167.12,2169.76,2240.46
1774458900000,2169.73,2173.45,2164.18,2167.62,2817.24
1774459800000,2167.64,2167.78,2161.36,2164.4,2252.1
1774460700000,2164.4,2166.96,2159.12,2163.13,1834.39
1774461600000,2163.13,2168.64,2162.03,2167.69,2624.93
1774462500000,2167.67,2172.79,2167.35,2168.51,1741.64
1774463400000,2168.51,2169.98,2162.16,2163.25,1439.95
1774464300000,2163.25,2167.26,2157.07,2161.48,1709.42
1774465200000,2161.41,2168.81,2158.44,2168.3,3471.7
1774466100000,2168.32,2172.6,2167.61,2170.06,1847.22
1774467000000,2169.97,2175.63,2168.12,2170.78,2002.7
1774467900000,2170.86,2173.91,2166.85,2171.79,1910.09
1774468800000,2171.8,2172.1,2164.09,2165.03,1240.73
1774469700000,2165.02,2167.24,2158.1,2160.39,1716.0
1774470600000,2160.37,2165.0,2159.56,2164.99,970.31
1774471500000,2164.99,2166.68,2163.38,2165.65,807.73
1774472400000,2165.65,2168.27,2163.25,2168.21,1040.35
1774473300000,2168.23,2168.67,2161.2,2162.93,1313.42
1774474200000,2162.93,2164.83,2161.53,2162.68,1110.31
1774475100000,2162.68,2164.3,2160.94,2162.99,672.24
1774476000000,2163.01,2166.56,2160.0,2162.48,1385.06
1774476900000,2162.48,2165.27,2160.82,2163.0,1348.84
1774477800000,2162.98,2181.76,2162.29,2174.52,4856.58
1774478700000,2174.52,2176.6,2172.09,2173.49,2074.32
1774479600000,2173.49,2176.47,2172.34,2172.38,1225.33
1774480500000,2172.36,2173.78,2169.06,2172.31,1388.2
1774481400000,2172.31,2172.56,2164.36,2165.04,1774.46
1774482300000,2165.04,2169.24,2163.7,2168.11,1023.45
1774483200000,2168.11,2169.21,2164.06,2165.97,1425.25
1774484100000,2165.97,2169.64,2163.3,2164.87,1970.55
1774485000000,2164.89,2168.44,2164.0,2166.75,992.67
1774485900000,2166.77,2172.4,2161.18,2165.39,1754.17
1774486800000,2165.39,2168.32,2161.27,2162.73,1394.16
1774487700000,2162.75,2167.52,2158.92,2165.9,1874.34
1774488600000,2166.05,2168.0,2163.31,2163.68,974.39
1774489500000,2163.68,2165.55,2161.5,2163.81,977.45
1774490400000,2163.79,2164.9,2157.04,2159.0,4669.16
1774491300000,2158.99,2159.34,2151.3,2153.07,3640.08
1774492200000,2153.07,2153.45,2142.73,2148.25,6273.54
1774493100000,2148.24,2150.0,2146.25,2148.95,2944.5
1774494000000,2148.95,2154.76,2143.51,2154.72,2510.25
1774494900000,2154.72,2154.72,2145.0,2146.85,2649.72
1774495800000,2146.87,2152.67,2146.64,2151.2,1861.64
1774496700000,2151.27,2153.3,2149.16,2152.18,1157.54
1774497600000,2152.23,2152.67,2147.08,2147.54,1132.75
1774498500000,2147.52,2151.97,2146.75,2151.64,1839.73
1774499400000,2151.64,2153.14,2150.12,2151.2,2692.21
1774500300000,2151.2,2153.51,2147.64,2148.55,1551.52
1774501200000,2148.53,2150.09,2137.0,2139.62,6557.19
1774502100000,2139.62,2142.39,2136.68,2141.31,2641.98
1774503000000,2141.31,2143.87,2126.54,2129.16,5059.4
1774503900000,2129.18,2129.85,2112.35,2118.83,18989.79
1774504800000,2118.82,2120.37,2110.87,2120.0,12299.22
1774505700000,2120.0,2123.89,2116.34,2121.86,6497.65
1774506600000,2121.79,2123.59,2118.71,2119.0,2728.47
1774507500000,2119.0,2122.48,2117.24,2120.86,2795.53
1774508400000,2120.86,2123.75,2118.83,2119.19,1574.47
1774509300000,2119.19,2121.79,2114.05,2116.76,2910.5
1774510200000,2116.76,2121.54,2112.08,2119.54,3431.3
1774511100000,2119.51,2123.58,2119.42,2122.4,1745.9
1774512000000,2122.4,2125.5,2115.53,2116.37,3226.53
1774512900000,2116.37,2119.77,2113.55,2114.75,2806.55
1774513800000,2114.75,2117.92,2113.46,2115.3,2234.87
1774514700000,2115.3,2120.79,2114.94,2118.75,1724.52
1774515600000,2118.77,2121.01,2115.25,2117.99,2093.55
1774516500000,2117.99,2117.99,2114.18,2115.94,1521.77
1774517400000,2115.92,2115.92,2073.04,2082.74,31549.64
1774518300000,2082.76,2083.22,2076.0,2081.37,5526.4
1774519200000,2081.37,2081.51,2071.62,2076.1,6597.81
1774520100000,2076.12,2083.45,2076.02,2081.71,4708.87
1774521000000,2081.69,2082.1,2073.45,2076.06,3469.44
1774521900000,2076.06,2078.0,2075.28,2077.52,1741.81
1774522800000,2077.5,2080.41,2062.0,2070.35,8488.61
1774523700000,2070.37,2072.27,2063.43,2067.12,4948.45
1774524600000,2067.16,2072.66,2066.55,2070.05,3256.17
1774525500000,2070.05,2072.66,2066.34,2067.34,2907.68
1774526400000,2067.34,2071.66,2064.71,2070.66,3579.41
1774527300000,2070.64,2072.0,2069.29,2070.54,1983.32
1774528200000,2070.54,2073.26,2065.38,2070.85,3144.11
1774529100000,2070.85,2074.27,2070.2,2072.4,1881.82
1774530000000,2072.38,2078.56,2071.19,2077.83,3700.64
1774530900000,2077.83,2079.33,2074.68,2075.34,2184.94
1774531800000,2075.34,2082.55,2068.37,2082.47,5765.8
1774532700000,2082.55,2092.16,2076.1,2079.99,14451.11
1774533600000,2079.97,2084.58,2075.07,2078.82,4112.2
1774534500000,2078.84,2080.99,2071.19,2074.74,4864.6
1774535400000,2074.74,2083.88,2074.72,2076.26,4245.59
1774536300000,2076.19,2077.86,2065.74,2075.01,6061.09
1774537200000,2075.0,2075.77,2057.62,2058.23,9011.64
1774538100000,2058.25,2067.62,2051.42,2064.73,13394.42
1774539000000,2064.76,2067.07,2061.59,2063.36,3795.35
1774539900000,2063.36,2074.18,2062.36,2069.37,5306.39
1774540800000,2069.39,2070.08,2065.42,2069.02,2898.78
1774541700000,2069.05,2069.78,2062.49,2063.74,3104.39
1774542600000,2063.74,2067.52,2062.12,2064.72,2741.46
1774543500000,2064.7,2065.59,2058.83,2060.02,2152.47
1774544400000,2060.02,2066.12,2058.97,2062.08,2068.39
1774545300000,2062.1,2067.53,2061.86,2067.51,1355.77
1774546200000,2067.6,2069.81,2065.13,2065.96,1229.55
1774547100000,2065.96,2066.24,2044.0,2048.04,11058.24
1774548000000,2048.06,2054.84,2042.63,2049.82,8611.88
1774548900000,2049.84,2050.0,2033.04,2036.09,13801.9
1774549800000,2036.09,2042.35,2035.69,2040.98,3532.64
1774550700000,2040.94,2046.12,2040.0,2045.66,3405.72
1774551600000,2045.66,2045.92,2039.3,2042.19,2854.74
1774552500000,2042.17,2046.53,2039.11,2040.88,2249.87
1774553400000,2040.88,2051.02,2038.11,2050.25,4890.98
1774554300000,2050.25,2052.73,2046.12,2047.78,2566.88
1774555200000,2047.77,2079.42,2045.2,2070.99,15635.15
1774556100000,2070.91,2077.3,2065.32,2067.69,6585.93
1774557000000,2067.69,2072.32,2067.69,2070.53,2495.81
1774557900000,2070.55,2070.7,2061.55,2063.82,1795.51
1774558800000,2063.84,2065.67,2058.69,2064.85,2570.99
1774559700000,2064.87,2075.67,2063.61,2072.34,3404.19
1774560600000,2072.36,2073.75,2068.35,2069.3,2223.75
1774561500000,2069.3,2070.39,2067.14,2067.19,720.45
1774562400000,2067.17,2072.39,2065.48,2068.3,1691.54
1774563300000,2068.32,2068.97,2053.86,2061.34,4728.49
1774564200000,2061.32,2064.32,2057.64,2063.68,1375.91
1774565100000,2063.68,2064.99,2061.39,2064.77,1500.78
1774566000000,2064.79,2068.75,2061.01,2062.37,1382.89
1774566900000,2062.35,2065.1,2057.47,2060.95,1531.15
1774567800000,2060.97,2061.29,2055.26,2058.61,1788.65
1774568700000,2058.63,2061.12,2057.56,2059.32,836.44
1774569600000,2059.32,2066.62,2057.04,2065.62,2238.06
1774570500000,2065.6,2066.79,2058.0,2059.24,1557.26
1774571400000,2059.19,2065.27,2055.62,2061.39,1789.62
1774572300000,2061.39,2065.63,2058.78,2064.17,1844.85
1774573200000,2064.15,2069.95,2062.22,2068.27,1744.96
1774574100000,2068.25,2071.7,2066.54,2070.76,2068.31
1774575000000,2070.78,2072.66,2067.09,2069.7,1065.58
1774575900000,2069.7,2073.71,2068.43,2073.12,1861.93
1774576800000,2073.25,2076.15,2071.94,2071.99,2302.06
1774577700000,2071.99,2072.23,2069.2,2072.0,2459.6
1774578600000,2072.0,2074.89,2066.71,2068.34,1384.47
1774579500000,2068.34,2070.0,2066.11,2067.19,756.02
1774580400000,2067.19,2068.88,2058.14,2060.73,2691.53
1774581300000,2060.73,2063.36,2058.75,2062.34,1135.73
1774582200000,2062.34,2064.5,2059.0,2062.19,1229.0
1774583100000,2062.18,2062.77,2059.44,2060.49,734.51
1774584000000,2060.49,2061.09,2042.0,2045.71,9318.2
1774584900000,2045.73,2051.47,2044.0,2050.43,3589.92
1774585800000,2050.42,2053.22,2049.15,2051.5,1406.41
1774586700000,2051.51,2054.53,2051.25,2052.11,1274.51
1774587600000,2052.09,2062.89,2050.98,2061.99,2346.11
1774588500000,2061.99,2065.6,2055.0,2057.9,2603.28
1774589400000,2057.9,2061.96,2055.28,2057.78,1243.41
1774590300000,2057.76,2060.65,2056.63,2060.2,770.57
1774591200000,2060.18,2062.77,2057.43,2062.75,1265.66
1774592100000,2062.8,2066.85,2061.94,2063.71,2042.23
1774593000000,2063.69,2066.93,2062.37,2063.8,2049.16
1774593900000,2063.78,2063.78,2060.24,2061.52,1295.94
1774594800000,2061.52,2068.3,2058.85,2066.7,1964.42
1774595700000,2066.72,2070.81,2065.51,2069.34,3284.81
1774596600000,2069.34,2070.45,2061.3,2066.6,4199.34
1774597500000,2066.58,2069.86,2063.19,2064.87,2945.86
1774598400000,2064.87,2068.35,2060.45,2062.04,3055.9
1774599300000,2062.04,2063.31,2053.27,2053.37,3902.15
1774600200000,2053.37,2056.65,2031.49,2041.83,15568.79
1774601100000,2041.83,2052.45,2041.63,2046.51,6613.24
1774602000000,2046.52,2048.81,2035.23,2040.72,4763.05
1774602900000,2040.78,2050.85,2040.25,2049.42,2984.58
1774603800000,2049.44,2049.68,2042.37,2043.42,1763.78
1774604700000,2043.44,2046.0,2039.19,2040.03,1463.92
1774605600000,2040.03,2043.04,2036.19,2038.93,2486.61
1774606500000,2038.93,2043.48,2038.35,2042.01,1352.04
1774607400000,2042.01,2043.15,2003.0,2007.42,29144.83
1774608300000,2009.74,2012.42,1981.54,1989.72,26059.98
1774609200000,1989.69,1994.3,1980.0,1993.04,9530.86
1774610100000,1993.04,1996.47,1990.79,1995.75,4329.65
1774611000000,1995.73,1996.88,1992.4,1993.46,2597.94
1774611900000,1993.4,1995.72,1988.35,1990.24,2956.14
1774612800000,1990.29,1992.09,1987.14,1989.18,2994.01
1774613700000,1989.16,1990.78,1985.18,1986.0,2999.23
1774614600000,1985.99,1988.23,1980.19,1986.81,4504.31
1774615500000,1986.93,1990.0,1982.6,1987.82,3189.59
1774616400000,1987.82,1991.3,1985.45,1988.57,2298.94
1774617300000,1988.59,1995.69,1988.0,1994.18,2731.19
1774618200000,1994.18,1995.69,1967.0,1985.77,15358.78
1774619100000,1985.79,1988.81,1972.46,1977.81,8484.25
1774620000000,1977.81,1987.79,1976.0,1985.27,6124.7
1774620900000,1985.26,1986.24,1970.59,1972.55,6789.1
1774621800000,1972.49,1980.64,1971.76,1977.65,4008.15
1774622700000,1977.66,1988.59,1975.01,1988.18,6018.93
1774623600000,1988.17,1993.38,1987.68,1988.65,4666.82
1774624500000,1988.65,1999.16,1982.1,1994.21,6402.52
1774625400000,1994.24,2009.3,1992.81,1998.64,10155.84
1774626300000,1998.63,2001.52,1987.89,1990.1,5004.92
1774627200000,1990.12,1990.26,1980.65,1986.2,5190.03
1774628100000,1986.15,1988.75,1980.25,1984.39,4479.98
1774629000000,1984.39,1988.9,1979.11,1986.08,3234.72
1774629900000,1986.06,1991.36,1983.23,1985.76,2625.82
1774630800000,1985.76,1996.76,1983.72,1992.73,3972.37
1774631700000,1992.75,1994.46,1980.25,1982.35,3312.96
1774632600000,1982.31,1983.86,1975.56,1975.73,3147.27
1774633500000,1975.73,1979.54,1973.73,1976.35,3686.11
1774634400000,1976.33,1982.09,1976.27,1977.9,1871.61
1774635300000,1977.95,1984.4,1973.32,1978.8,3517.5
1774636200000,1978.82,1983.93,1978.08,1981.15,2015.02
1774637100000,1981.15,1985.68,1980.6,1983.27,2024.16
1774638000000,1983.27,1984.19,1977.59,1980.98,2093.13
1774638900000,1980.96,1989.64,1980.29,1988.94,2230.81
1774639800000,1988.93,1996.75,1987.32,1988.4,4325.58
1774640700000,1988.42,1994.59,1986.57,1990.53,1891.18
1774641600000,1990.34,1995.21,1989.52,1992.02,1486.42
1774642500000,1992.02,1993.38,1978.05,1982.55,2413.97
1774643400000,1982.53,1983.59,1980.16,1981.24,1659.29
1774644300000,1981.26,1987.68,1980.27,1985.07,1104.23
1774645200000,1985.07,1990.3,1984.95,1989.1,1130.51
1774646100000,1989.12,1989.93,1986.26,1988.03,630.79
1774647000000,1988.03,1989.07,1983.17,1986.32,1378.43
1774647900000,1986.34,1986.87,1983.3,1984.74,709.86
1774648800000,1984.72,1985.87,1980.76,1984.03,955.93
1774649700000,1984.03,1986.11,1982.96,1983.73,974.5
1774650600000,1983.75,1985.63,1980.62,1984.59,1147.04
1774651500000,1984.54,1985.51,1983.71,1984.4,508.98
1774652400000,1984.38,1985.32,1979.32,1984.69,1873.06
1774653300000,1984.69,1988.19,1983.28,1987.19,1567.29
1774654200000,1987.25,1990.45,1987.0,1990.16,1106.1
1774655100000,1990.16,1993.05,1990.16,1991.71,1410.36
1774656000000,1991.69,1992.68,1988.56,1988.73,981.23
1774656900000,1988.73,1991.68,1987.16,1991.18,778.53
1774657800000,1991.19,1994.3,1990.8,1992.93,861.92
1774658700000,1992.95,1993.3,1990.47,1991.51,829.13
1774659600000,1991.51,1991.75,1983.96,1985.92,2755.31
1774660500000,1985.92,1988.71,1985.92,1987.25,743.19
1774661400000,1987.25,1989.94,1983.42,1986.88,1150.78
1774662300000,1986.89,1989.87,1986.87,1989.32,795.56
1774663200000,1989.32,1992.7,1988.82,1989.34,1294.73
1774664100000,1989.32,1990.44,1983.64,1984.22,1589.11
1774665000000,1984.24,1985.75,1980.0,1985.37,1556.74
1774665900000,1985.37,1986.26,1983.45,1986.22,570.47
1774666800000,1986.24,1988.0,1985.77,1986.76,1182.95
1774667700000,1986.76,1989.53,1986.76,1989.32,536.04
1774668600000,1989.32,1990.26,1986.01,1989.57,913.59
1774669500000,1989.57,1989.73,1987.12,1988.11,515.42
1774670400000,1988.11,1988.92,1986.1,1987.24,743.23
1774671300000,1987.26,1991.5,1987.04,1990.14,1551.41
1774672200000,1990.16,1990.73,1989.16,1989.98,689.09
1774673100000,1989.98,1990.63,1988.0,1989.66,546.05
1774674000000,1989.66,1990.34,1986.93,1988.76,1023.95
1774674900000,1988.76,1993.25,1988.09,1991.54,1044.65
1774675800000,1991.54,1992.73,1990.92,1992.19,1860.57
1774676700000,1992.21,1993.87,1992.06,1993.04,1335.73
1774677600000,1993.1,1996.75,1992.07,1995.42,1132.71
1774678500000,1995.4,2005.7,1995.4,2002.47,4410.76
1774679400000,2002.53,2004.25,2000.19,2000.21,1479.36
1774680300000,2000.21,2002.01,1998.12,1999.8,1725.35
1774681200000,1999.8,2003.89,1999.49,2003.39,1052.58
1774682100000,2003.41,2006.38,2002.98,2004.05,1291.17
1774683000000,2004.05,2005.0,2002.94,2003.48,961.72
1774683900000,2003.59,2007.4,2002.85,2006.03,1791.93
1774684800000,2006.03,2007.48,2004.23,2004.74,1869.01
1774685700000,2004.74,2006.56,2002.91,2003.25,1018.24
1774686600000,2003.25,2003.51,1999.28,2000.05,3021.12
1774687500000,2000.03,2001.67,1997.06,1998.26,2126.94
1774688400000,1998.24,1998.26,1994.44,1995.79,1985.58
1774689300000,1995.73,1998.38,1994.51,1997.95,1179.3
1774690200000,1997.95,1998.54,1995.5,1996.13,927.14
1774691100000,1996.13,1998.89,1996.11,1998.48,1211.88
1774692000000,1998.52,2003.65,1998.27,1999.3,2172.56
1774692900000,1999.3,2000.43,1991.98,1993.68,3072.25
1774693800000,1993.67,1995.54,1991.69,1993.58,1730.4
1774694700000,1993.6,1996.5,1992.21,1995.72,1016.31
1774695600000,1995.74,1997.44,1994.58,1996.31,1282.49
1774696500000,1996.31,1996.74,1995.28,1996.61,765.18
1774697400000,1996.63,1997.59,1995.0,1997.17,942.37
1774698300000,1997.19,1999.74,1996.13,1996.44,1515.59
1774699200000,1996.44,1999.98,1994.66,1999.3,1088.84
1774700100000,1999.3,2003.1,1998.87,2000.8,1952.34
1774701000000,2000.8,2001.21,1991.11,1994.89,2973.2
1774701900000,1994.87,2000.67,1994.75,1998.62,2288.5
1774702800000,1998.62,2001.9,1998.0,2001.32,1139.29
1774703700000,2001.34,2002.27,1999.6,2001.73,1730.18
1774704600000,2001.71,2045.0,2000.0,2027.17,17289.37
1774705500000,2027.19,2031.58,2021.04,2025.42,6244.3
1774706400000,2025.4,2025.62,2017.87,2022.13,5208.85
1774707300000,2022.05,2026.1,2018.58,2023.59,2523.08
1774708200000,2023.61,2028.25,2020.99,2025.77,2232.64
1774709100000,2025.82,2027.49,2015.2,2019.81,4011.28
1774710000000,2019.79,2022.44,2017.43,2021.53,1826.77
1774710900000,2021.51,2037.56,2020.0,2027.17,7329.36
1774711800000,2027.22,2030.58,2023.68,2027.24,3256.69
1774712700000,2027.26,2028.39,2022.53,2025.88,1700.05
1774713600000,2025.9,2028.93,2024.0,2027.05,1567.49
1774714500000,2027.07,2029.11,2024.85,2027.55,1545.16
1774715400000,2027.55,2027.55,2022.11,2022.86,1671.37
1774716300000,2022.88,2024.79,2020.47,2023.46,1396.01
1774717200000,2023.48,2026.06,2021.42,2023.04,1466.54
1774718100000,2023.04,2023.04,2019.44,2020.27,1704.71
1774719000000,2020.29,2022.52,2015.0,2020.2,2708.1
1774719900000,2020.22,2020.94,2018.0,2019.92,604.76
1774720800000,2019.92,2023.77,2019.31,2023.62,804.22
1774721700000,2023.6,2023.62,2020.96,2021.0,662.92
1774722600000,2020.98,2022.66,2019.59,2022.32,642.82
1774723500000,2022.3,2022.32,2020.38,2020.61,551.12
1774724400000,2020.61,2021.8,2016.16,2017.87,1027.37
1774725300000,2017.89,2019.69,2016.66,2019.12,563.06
1774726200000,2019.14,2020.0,2018.31,2018.69,778.54
1774727100000,2018.64,2019.69,2018.12,2019.58,720.69
1774728000000,2019.56,2025.13,2019.56,2024.69,1704.32
1774728900000,2024.71,2025.64,2021.91,2022.46,1074.44
1774729800000,2022.44,2024.89,2021.12,2021.76,1058.5
1774730700000,2021.81,2025.08,2021.8,2023.5,758.27
1774731600000,2023.52,2024.7,2018.86,2021.51,1044.44
1774732500000,2021.49,2021.93,2017.44,2018.64,791.74
1774733400000,2018.64,2019.24,2015.61,2018.4,912.9
1774734300000,2018.38,2018.4,2005.2,2008.64,4830.55
1774735200000,2008.66,2011.23,2004.94,2005.17,2388.64
1774736100000,2005.23,2012.15,2004.35,2010.61,1902.51
1774737000000,2010.6,2010.86,2007.67,2008.61,931.52
1774737900000,2008.63,2012.08,2008.58,2010.83,978.31
1774738800000,2010.83,2010.85,1988.32,1994.16,8537.91
1774739700000,1994.14,1996.46,1988.99,1995.22,2760.42
1774740600000,1995.22,1999.0,1993.65,1994.13,1377.26
1774741500000,1994.11,1995.13,1991.44,1993.52,1200.25
1774742400000,1993.5,1997.0,1992.99,1994.42,1355.01
1774743300000,1994.44,1998.37,1990.44,1992.77,1391.7
1774744200000,1992.77,1996.0,1992.0,1993.62,937.27
1774745100000,1993.62,1998.92,1993.33,1997.99,1659.26
1774746000000,1997.97,2005.16,1996.77,2003.19,2794.16
1774746900000,2003.19,2005.24,2001.47,2003.4,1365.34
1774747800000,2003.38,2003.83,1998.0,2001.29,1350.49
1774748700000,2001.27,2004.28,1998.94,2004.09,1101.52
1774749600000,2004.08,2005.53,2002.37,2004.94,791.61
1774750500000,2004.96,2006.78,2003.49,2004.38,1182.25
1774751400000,2004.38,2006.47,2001.44,2005.64,1741.83
1774752300000,2005.63,2009.53,2004.81,2008.07,2223.22
1774753200000,2008.05,2008.68,2006.24,2006.71,1649.62
1774754100000,2006.71,2018.67,2006.01,2012.64,4170.22
1774755000000,2012.66,2014.0,2010.12,2010.92,906.07
1774755900000,2010.92,2011.28,2009.45,2010.19,954.86
1774756800000,2010.19,2012.0,2008.44,2011.19,1089.84
1774757700000,2011.19,2011.19,2004.37,2005.22,1769.83
1774758600000,2005.22,2006.7,2003.47,2004.77,1109.6
1774759500000,2004.75,2005.99,2003.59,2004.92,864.85
1774760400000,2004.9,2005.41,1999.68,2000.72,1712.44
1774761300000,2000.72,2001.67,1996.43,1999.35,2031.21
1774762200000,1999.35,2001.84,1999.14,2000.68,850.94
1774763100000,2000.73,2006.34,2000.73,2004.22,1554.31
1774764000000,2004.22,2007.48,2003.85,2003.86,1012.05
1774764900000,2003.86,2006.0,1998.83,2000.83,1400.22
1774765800000,2000.83,2002.83,2000.22,2002.45,898.81
1774766700000,2002.45,2006.06,2002.2,2003.72,884.56
1774767600000,2003.7,2003.84,1999.11,2001.41,1585.06
1774768500000,2001.41,2003.0,2000.44,2003.0,873.75
1774769400000,2002.99,2004.62,2001.91,2002.97,1156.11
1774770300000,2002.95,2008.79,2002.12,2005.0,1320.94
1774771200000,2004.98,2006.5,2001.6,2002.51,1049.16
1774772100000,2002.51,2003.97,2001.66,2003.8,645.94
