timestamp_ms,open,high,low,close,volume
1769589000000,11.916,11.931,11.898,11.919,11046.3
1769589900000,11.919,11.921,11.891,11.894,6881.8
1769590800000,11.896,11.912,11.888,11.888,11828.1
1769591700000,11.889,11.891,11.856,11.885,26613.6
1769592600000,11.887,11.975,11.885,11.953,19311.4
1769593500000,11.955,11.968,11.938,11.966,12586.5
1769594400000,11.966,11.985,11.941,11.983,20908.7
1769595300000,11.985,12.008,11.941,11.944,16027.4
1769596200000,11.944,11.971,11.944,11.967,7767.4
1769597100000,11.965,11.978,11.959,11.962,9276.1
1769598000000,11.962,11.972,11.948,11.955,10063.2
1769598900000,11.953,11.966,11.943,11.953,24429.2
1769599800000,11.951,11.975,11.925,11.973,22362.4
1769600700000,11.975,12.047,11.967,12.033,40698.5
1769601600000,12.031,12.033,11.977,11.982,26195.0
1769602500000,11.982,11.992,11.958,11.969,14523.0
1769603400000,11.967,11.969,11.929,11.936,15435.7
1769604300000,11.938,11.953,11.907,11.936,21965.7
1769605200000,11.936,11.988,11.934,11.965,19930.5
1769606100000,11.965,11.979,11.939,11.955,14928.5
1769607000000,11.953,11.99,11.94,11.981,19307.3
1769607900000,11.983,11.99,11.925,11.933,18942.5
1769608800000,11.935,11.935,11.854,11.854,54621.2
1769609700000,11.854,11.862,11.758,11.806,132796.0
1769610600000,11.804,11.899,11.794,11.85,43822.9
1769611500000,11.85,11.863,11.809,11.821,25930.0
1769612400000,11.821,11.857,11.721,11.731,44386.6
1769613300000,11.733,11.775,11.699,11.758,62603.2
1769614200000,11.758,11.781,11.728,11.765,20287.0
1769615100000,11.765,11.789,11.725,11.757,24472.7
1769616000000,11.759,11.764,11.684,11.696,33425.4
1769616900000,11.694,11.792,11.69,11.785,47229.5
1769617800000,11.783,11.793,11.698,11.71,18738.0
1769618700000,11.707,11.755,11.704,11.729,13528.8
1769619600000,11.727,11.791,11.727,11.78,23360.1
1769620500000,11.78,11.795,11.752,11.761,13768.3
1769621400000,11.761,11.813,11.704,11.792,19894.0
1769622300000,11.794,11.897,11.792,11.838,48921.5
1769623200000,11.838,11.838,11.76,11.795,38364.6
1769624100000,11.795,11.843,11.786,11.797,14066.3
1769625000000,11.797,11.817,11.78,11.798,9287.3
1769625900000,11.798,11.815,11.768,11.812,11298.8
1769626800000,11.812,11.854,11.762,11.798,37949.2
1769627700000,11.802,11.825,11.784,11.793,16184.0
1769628600000,11.793,11.823,11.748,11.776,61261.0
1769629500000,11.774,11.869,11.774,11.836,23845.9
1769630400000,11.836,11.88,11.83,11.86,23374.4
1769631300000,11.86,11.935,11.843,11.908,25434.9
1769632200000,11.906,11.913,11.825,11.833,26013.4
1769633100000,11.831,11.841,11.808,11.813,9308.2
1769634000000,11.819,11.854,11.745,11.833,34946.1
1769634900000,11.831,11.855,11.815,11.835,6624.6
1769635800000,11.83,11.858,11.804,11.85,8659.5
1769636700000,11.85,11.878,11.833,11.852,8179.4
1769637600000,11.859,11.87,11.825,11.832,13896.3
1769638500000,11.834,11.855,11.808,11.855,6149.6
1769639400000,11.855,11.871,11.845,11.86,9190.0
1769640300000,11.862,11.899,11.86,11.896,11050.9
1769641200000,11.894,11.917,11.855,11.865,15591.6
1769642100000,11.865,11.898,11.855,11.862,9139.5
1769643000000,11.86,11.867,11.831,11.851,7249.3
1769643900000,11.851,11.866,11.828,11.835,10892.7
1769644800000,11.837,11.864,11.794,11.796,12904.5
1769645700000,11.794,11.803,11.773,11.777,35689.9
1769646600000,11.777,11.796,11.76,11.764,38345.6
1769647500000,11.766,11.798,11.75,11.796,11467.8
1769648400000,11.796,11.815,11.788,11.803,6579.6
1769649300000,11.803,11.803,11.724,11.781,15777.3
1769650200000,11.779,11.796,11.761,11.792,10603.9
1769651100000,11.792,11.807,11.741,11.749,24415.2
1769652000000,11.749,11.798,11.736,11.78,11727.3
1769652900000,11.778,11.796,11.757,11.779,9083.8
1769653800000,11.779,11.779,11.616,11.669,73353.0
1769654700000,11.667,11.675,11.599,11.655,39237.3
1769655600000,11.653,11.724,11.625,11.705,19247.3
1769656500000,11.7,11.717,11.646,11.647,13319.0
1769657400000,11.649,11.66,11.637,11.656,9650.6
1769658300000,11.654,11.666,11.621,11.638,11358.6
1769659200000,11.64,11.64,11.569,11.58,17125.5
1769660100000,11.578,11.589,11.541,11.587,22836.8
1769661000000,11.585,11.615,11.585,11.609,10233.5
1769661900000,11.609,11.632,11.607,11.617,6641.0
1769662800000,11.617,11.649,11.614,11.629,11824.9
1769663700000,11.629,11.64,11.616,11.621,7774.6
1769664600000,11.623,11.648,11.617,11.621,10583.0
1769665500000,11.623,11.623,11.59,11.6,5439.5
1769666400000,11.598,11.615,11.584,11.591,9589.5
1769667300000,11.591,11.628,11.591,11.622,8204.7
1769668200000,11.62,11.636,11.614,11.63,6986.4
1769669100000,11.63,11.632,11.606,11.629,5518.0
1769670000000,11.627,11.646,11.626,11.633,8535.5
1769670900000,11.633,11.647,11.613,11.62,8292.8
1769671800000,11.621,11.648,11.62,11.638,5654.2
1769672700000,11.64,11.642,11.613,11.623,7013.3
1769673600000,11.621,11.623,11.576,11.579,19514.1
1769674500000,11.579,11.655,11.568,11.651,21473.5
1769675400000,11.651,11.653,11.582,11.596,16185.3
1769676300000,11.593,11.599,11.559,11.576,12400.7
1769677200000,11.578,11.592,11.569,11.576,8566.1
1769678100000,11.574,11.59,11.574,11.58,5410.7
1769679000000,11.582,11.608,11.579,11.582,11218.9
1769679900000,11.584,11.59,11.564,11.564,26356.6
1769680800000,11.564,11.568,11.547,11.562,19985.1
1769681700000,11.56,11.571,11.553,11.563,8348.4
1769682600000,11.561,11.563,11.549,11.554,5415.7
1769683500000,11.554,11.571,11.537,11.558,20765.6
1769684400000,11.558,11.568,11.51,11.557,41421.0
1769685300000,11.557,11.559,11.511,11.517,24209.1
1769686200000,11.516,11.538,11.513,11.525,11750.6
1769687100000,11.525,11.557,11.517,11.541,11417.9
1769688000000,11.541,11.557,11.535,11.553,13119.3
1769688900000,11.555,11.563,11.547,11.556,6678.3
1769689800000,11.556,11.57,11.503,11.536,19061.2
1769690700000,11.535,11.558,11.526,11.558,11284.3
1769691600000,11.554,11.576,11.552,11.575,25027.3
1769692500000,11.573,11.603,11.565,11.597,9564.0
1769693400000,11.597,11.599,11.577,11.579,11165.4
1769694300000,11.577,11.593,11.564,11.577,15805.2
1769695200000,11.577,11.6,11.571,11.579,13644.0
1769696100000,11.579,11.596,11.519,11.519,17413.0
1769697000000,11.521,11.558,11.411,11.427,78437.7
1769697900000,11.425,11.447,11.207,11.218,205556.5
1769698800000,11.216,11.218,10.975,11.0,265120.5
1769699700000,10.992,11.095,10.934,11.049,164869.9
1769700600000,11.049,11.075,10.86,10.889,130823.6
1769701500000,10.887,11.049,10.868,11.025,80816.5
1769702400000,11.025,11.025,10.92,11.006,56220.5
1769703300000,11.008,11.05,10.97,10.981,42838.2
1769704200000,10.983,11.036,10.951,11.007,44235.6
1769705100000,11.007,11.069,11.006,11.062,42845.3
1769706000000,11.062,11.178,11.062,11.146,69635.1
1769706900000,11.148,11.192,11.088,11.089,58599.1
1769707800000,11.089,11.1,11.029,11.042,40737.5
1769708700000,11.04,11.056,11.016,11.036,45741.8
1769709600000,11.036,11.078,11.031,11.056,24925.5
1769710500000,11.054,11.059,10.917,10.937,80869.8
1769711400000,10.937,10.978,10.876,10.957,60093.9
1769712300000,10.957,10.957,10.801,10.837,136742.3
1769713200000,10.835,10.885,10.824,10.87,34289.2
1769714100000,10.868,10.905,10.836,10.894,27614.0
1769715000000,10.894,10.997,10.892,10.968,51167.1
1769715900000,10.965,10.989,10.936,10.944,19605.9
1769716800000,10.942,10.967,10.921,10.94,26735.9
1769717700000,10.942,10.995,10.935,10.978,16691.7
1769718600000,10.978,11.022,10.971,11.01,19511.8
1769719500000,11.012,11.066,10.994,11.056,17314.4
1769720400000,11.058,11.097,11.053,11.093,18010.1
1769721300000,11.093,11.093,11.058,11.079,47983.2
1769722200000,11.081,11.103,11.057,11.098,14827.9
1769723100000,11.098,11.129,11.085,11.095,15838.3
1769724000000,11.097,11.128,11.082,11.089,19973.7
1769724900000,11.089,11.12,11.082,11.118,8146.3
1769725800000,11.12,11.136,11.096,11.116,15302.9
1769726700000,11.116,11.121,11.094,11.105,10289.7
1769727600000,11.105,11.105,11.045,11.057,13594.7
1769728500000,11.057,11.091,11.052,11.065,7594.1
1769729400000,11.07,11.1,11.068,11.095,13101.3
1769730300000,11.097,11.117,11.095,11.114,6801.9
1769731200000,11.116,11.154,11.114,11.13,17526.1
1769732100000,11.13,11.146,11.09,11.098,15547.1
1769733000000,11.096,11.131,11.078,11.12,12009.2
1769733900000,11.122,11.154,11.11,11.121,8211.1
1769734800000,11.119,11.125,11.086,11.119,12587.4
1769735700000,11.117,11.133,11.054,11.08,20384.8
1769736600000,11.08,11.098,10.612,10.77,263794.7
1769737500000,10.771,10.919,10.743,10.892,130351.3
1769738400000,10.892,10.898,10.822,10.841,41965.0
1769739300000,10.839,10.87,10.703,10.746,52839.1
1769740200000,10.746,10.891,10.72,10.876,56200.9
1769741100000,10.876,10.9,10.808,10.831,20463.7
1769742000000,10.831,10.906,10.81,10.899,18094.1
1769742900000,10.899,10.9,10.867,10.87,14842.3
1769743800000,10.87,10.882,10.848,10.852,10284.3
1769744700000,10.852,10.869,10.82,10.861,18306.6
1769745600000,10.859,10.928,10.859,10.921,14739.6
1769746500000,10.921,10.986,10.905,10.945,19923.3
1769747400000,10.945,10.967,10.919,10.933,12247.9
1769748300000,10.935,10.947,10.895,10.907,11831.3
1769749200000,10.907,10.925,10.885,10.894,19328.2
1769750100000,10.894,10.944,10.884,10.931,18473.7
1769751000000,10.933,10.941,10.902,10.905,5252.8
1769751900000,10.905,10.925,10.893,10.899,6438.5
1769752800000,10.897,10.9,10.832,10.832,20623.0
1769753700000,10.832,10.834,10.736,10.743,33726.7
1769754600000,10.743,10.749,10.686,10.687,27592.5
1769755500000,10.689,10.734,10.655,10.715,64879.7
1769756400000,10.715,10.888,10.713,10.861,21981.7
1769757300000,10.861,10.886,10.832,10.834,16701.6
1769758200000,10.832,10.837,10.772,10.789,260266.7
1769759100000,10.789,10.86,10.786,10.841,11171.4
1769760000000,10.833,10.847,10.8,10.829,18007.4
1769760900000,10.831,10.848,10.807,10.81,10817.5
1769761800000,10.812,10.812,10.725,10.772,30273.5
1769762700000,10.774,10.795,10.755,10.788,11553.5
1769763600000,10.79,10.828,10.785,10.796,10328.5
1769764500000,10.798,10.803,10.731,10.753,14041.5
1769765400000,10.753,10.825,10.751,10.809,11434.4
1769766300000,10.809,10.809,10.727,10.776,14763.9
1769767200000,10.776,10.795,10.732,10.776,11213.1
1769768100000,10.776,10.798,10.748,10.765,15524.7
1769769000000,10.765,10.783,10.748,10.756,8733.0
1769769900000,10.758,10.783,10.753,10.781,8037.1
1769770800000,10.783,10.791,10.767,10.77,10002.6
1769771700000,10.77,10.775,10.737,10.754,15688.8
1769772600000,10.756,10.787,10.748,10.758,10321.9
1769773500000,10.758,10.896,10.744,10.86,40764.0
1769774400000,10.858,10.868,10.795,10.799,18076.6
1769775300000,10.799,10.805,10.716,10.74,26032.6
1769776200000,10.74,10.754,10.726,10.732,9390.2
1769777100000,10.728,10.745,10.693,10.729,15523.4
1769778000000,10.729,10.743,10.664,10.692,39507.5
1769778900000,10.692,10.71,10.673,10.684,9754.1
1769779800000,10.686,10.729,10.579,10.678,108741.4
1769780700000,10.678,10.68,10.63,10.658,22451.1
1769781600000,10.658,10.762,10.656,10.729,18263.8
1769782500000,10.729,10.732,10.684,10.688,15317.2
1769783400000,10.686,10.799,10.666,10.797,51914.8
1769784300000,10.797,10.813,10.698,10.756,41742.2
1769785200000,10.754,10.839,10.732,10.777,29740.6
1769786100000,10.779,10.806,10.67,10.68,34453.4
1769787000000,10.678,10.832,10.641,10.819,59376.1
1769787900000,10.821,10.832,10.762,10.766,21157.5
1769788800000,10.768,10.81,10.725,10.804,21607.6
1769789700000,10.804,10.827,10.697,10.795,40113.7
1769790600000,10.797,10.871,10.77,10.832,26423.0
1769791500000,10.83,10.832,10.764,10.777,182054.1
1769792400000,10.779,10.789,10.718,10.731,26246.5
1769793300000,10.729,10.862,10.718,10.842,25116.7
1769794200000,10.842,10.842,10.756,10.803,25811.2
1769795100000,10.803,10.812,10.761,10.767,13638.7
1769796000000,10.767,10.805,10.721,10.738,20125.6
1769796900000,10.738,10.74,10.499,10.642,132124.2
1769797800000,10.644,10.799,10.603,10.799,37395.8
1769798700000,10.797,10.947,10.775,10.906,65530.6
1769799600000,10.904,10.965,10.88,10.913,41524.4
1769800500000,10.91,10.985,10.905,10.949,32377.5
1769801400000,10.949,10.964,10.875,10.891,21818.6
1769802300000,10.893,10.96,10.869,10.899,13908.8
1769803200000,10.899,10.9,10.804,10.842,26213.8
1769804100000,10.844,10.875,10.75,10.785,37233.5
1769805000000,10.787,10.836,10.687,10.768,71179.2
1769805900000,10.768,10.791,10.712,10.743,20555.0
1769806800000,10.743,10.784,10.734,10.756,16980.5
1769807700000,10.756,10.844,10.754,10.768,22387.2
1769808600000,10.77,10.798,10.726,10.739,19529.2
1769809500000,10.741,10.808,10.739,10.798,23328.6
1769810400000,10.785,10.807,10.754,10.758,8111.1
1769811300000,10.754,10.77,10.725,10.727,6505.6
1769812200000,10.73,10.8,10.728,10.79,7557.4
1769813100000,10.788,10.8,10.768,10.789,3409.7
1769814000000,10.789,10.793,10.737,10.748,9732.3
1769814900000,10.746,10.777,10.733,10.747,5106.9
1769815800000,10.747,10.79,10.732,10.786,5488.8
1769816700000,10.784,10.795,10.773,10.785,4726.1
1769817600000,10.783,10.788,10.759,10.771,7525.2
1769818500000,10.773,10.785,10.76,10.78,5169.6
1769819400000,10.778,10.795,10.762,10.786,5663.9
1769820300000,10.786,10.786,10.751,10.763,6525.5
1769821200000,10.763,10.808,10.758,10.801,6179.5
1769822100000,10.801,10.81,10.784,10.784,5526.3
1769823000000,10.784,10.791,10.755,10.787,6018.0
1769823900000,10.787,10.798,10.774,10.791,4368.0
1769824800000,10.796,10.796,10.761,10.774,4498.2
1769825700000,10.776,10.776,10.729,10.75,8857.5
1769826600000,10.75,10.826,10.743,10.801,8128.9
1769827500000,10.801,10.807,10.784,10.787,4286.6
1769828400000,10.789,10.808,10.78,10.799,7050.5
1769829300000,10.801,10.801,10.777,10.787,2839.4
1769830200000,10.787,10.788,10.746,10.749,8533.4
1769831100000,10.749,10.749,10.725,10.738,6847.7
1769832000000,10.738,10.777,10.736,10.777,6113.6
1769832900000,10.775,10.779,10.755,10.773,4175.0
1769833800000,10.775,10.775,10.74,10.74,3678.2
1769834700000,10.74,10.746,10.717,10.726,5497.3
1769835600000,10.728,10.728,10.693,10.721,9229.9
1769836500000,10.721,10.745,10.708,10.732,7563.2
1769837400000,10.73,10.744,10.722,10.733,5463.4
1769838300000,10.733,10.756,10.723,10.748,4606.4
1769839200000,10.746,10.748,10.709,10.726,5949.1
1769840100000,10.726,10.726,10.637,10.644,23518.6
1769841000000,10.646,10.666,10.627,10.646,22050.9
1769841900000,10.644,10.675,10.644,10.671,7304.9
1769842800000,10.671,10.672,10.646,10.659,6324.2
1769843700000,10.659,10.666,10.642,10.651,8340.4
1769844600000,10.653,10.653,10.554,10.58,47962.5
1769845500000,10.578,10.615,10.578,10.612,19155.5
1769846400000,10.612,10.63,10.546,10.557,25725.4
1769847300000,10.555,10.557,10.461,10.487,46352.7
1769848200000,10.487,10.495,10.357,10.4,113700.5
1769849100000,10.4,10.473,10.383,10.461,36989.0
1769850000000,10.461,10.519,10.455,10.51,19013.3
1769850900000,10.512,10.519,10.464,10.489,12340.2
1769851800000,10.489,10.57,10.489,10.541,15224.0
1769852700000,10.543,10.543,10.512,10.513,7123.9
1769853600000,10.513,10.52,10.465,10.474,14398.8
1769854500000,10.472,10.511,10.467,10.504,18899.7
1769855400000,10.504,10.536,10.497,10.528,11236.8
1769856300000,10.528,10.537,10.521,10.521,7443.9
1769857200000,10.521,10.522,10.475,10.482,10928.3
1769858100000,10.482,10.506,10.463,10.494,9812.2
1769859000000,10.494,10.505,10.484,10.484,9136.0
1769859900000,10.486,10.493,10.466,10.489,12066.1
1769860800000,10.491,10.506,10.432,10.45,16339.6
1769861700000,10.45,10.488,10.442,10.469,19322.3
1769862600000,10.469,10.471,10.43,10.458,13833.2
1769863500000,10.456,10.466,10.419,10.435,16619.8
1769864400000,10.435,10.442,10.401,10.419,28981.3
1769865300000,10.417,10.425,10.394,10.395,19251.4
1769866200000,10.395,10.4,10.314,10.345,47696.0
1769867100000,10.345,10.364,10.334,10.358,16116.1
1769868000000,10.358,10.389,10.257,10.29,49613.9
1769868900000,10.294,10.305,9.943,10.038,319503.8
1769869800000,10.032,10.088,9.915,9.947,173716.6
1769870700000,9.949,10.093,9.915,10.081,67759.7
1769871600000,10.081,10.164,10.046,10.101,72104.7
1769872500000,10.106,10.128,10.077,10.116,27295.1
1769873400000,10.116,10.151,10.072,10.096,24087.2
1769874300000,10.098,10.122,10.023,10.04,30866.4
1769875200000,10.042,10.069,9.99,10.023,49759.8
1769876100000,10.021,10.168,9.966,10.062,92958.2
1769877000000,10.062,10.092,10.016,10.025,39912.1
1769877900000,10.023,10.023,9.898,9.947,113033.2
1769878800000,9.947,9.971,9.363,9.6,526044.9
1769879700000,9.591,9.711,9.591,9.657,176923.1
1769880600000,9.652,9.703,9.536,9.584,96335.6
1769881500000,9.586,9.637,9.524,9.602,62628.5
1769882400000,9.602,9.668,9.578,9.624,55958.8
1769883300000,9.629,9.629,9.521,9.605,49618.6
1769884200000,9.605,9.614,8.964,9.418,242888.3
1769885100000,9.417,9.572,9.347,9.563,328382.1
1769886000000,9.566,9.708,9.539,9.696,116715.2
1769886900000,9.69,9.756,9.657,9.723,76402.9
1769887800000,9.723,9.742,9.618,9.66,68528.3
1769888700000,9.66,9.715,9.64,9.659,61367.2
1769889600000,9.661,9.691,9.59,9.601,30354.3
1769890500000,9.601,9.733,9.586,9.587,32303.8
1769891400000,9.587,9.654,9.558,9.65,146849.2
1769892300000,9.65,9.7,9.606,9.68,23805.4
1769893200000,9.676,9.725,9.626,9.636,45044.5
1769894100000,9.639,9.762,9.635,9.75,30852.3
1769895000000,9.748,9.822,9.721,9.8,55338.8
1769895900000,9.798,9.838,9.783,9.814,22145.9
1769896800000,9.816,9.846,9.775,9.778,24190.8
1769897700000,9.78,9.818,9.765,9.816,16932.4
1769898600000,9.816,9.829,9.759,9.76,25595.3
1769899500000,9.762,9.816,9.749,9.814,7983.7
1769900400000,9.812,9.842,9.79,9.819,24708.6
1769901300000,9.819,10.031,9.819,9.983,78278.5
1769902200000,9.985,10.009,9.936,9.941,19341.5
1769903100000,9.944,9.989,9.909,9.981,23734.6
1769904000000,9.983,10.021,9.97,10.02,27308.6
1769904900000,10.02,10.045,9.992,10.002,22925.2
1769905800000,10.004,10.027,9.963,9.99,18222.3
1769906700000,9.988,10.026,9.988,10.01,11957.2
1769907600000,10.01,10.016,9.935,9.958,20512.2
1769908500000,9.958,10.021,9.911,10.021,18287.7
1769909400000,10.016,10.018,9.966,9.968,10725.0
1769910300000,9.968,10.019,9.966,10.01,8390.2
1769911200000,10.008,10.06,9.993,10.057,16304.0
1769912100000,10.057,10.06,9.999,10.014,11606.7
1769913000000,10.016,10.057,10.016,10.042,15982.1
1769913900000,10.042,10.07,10.038,10.049,20012.8
1769914800000,10.049,10.07,10.023,10.028,17252.5
1769915700000,10.028,10.042,10.009,10.026,16717.3
1769916600000,10.026,10.039,10.005,10.012,7873.7
1769917500000,10.012,10.044,10.01,10.038,7594.7
1769918400000,10.038,10.074,10.029,10.059,11032.7
1769919300000,10.059,10.073,10.025,10.031,8104.3
1769920200000,10.033,10.051,10.022,10.039,5096.3
1769921100000,10.041,10.047,10.016,10.018,5240.6
1769922000000,10.016,10.029,9.981,10.01,13817.9
1769922900000,10.012,10.045,9.993,10.043,7326.9
1769923800000,10.041,10.043,9.961,9.965,12870.6
1769924700000,9.965,9.982,9.959,9.979,9657.0
1769925600000,9.979,10.013,9.979,10.009,6805.5
1769926500000,10.009,10.018,9.988,9.991,5007.3
1769927400000,9.991,10.0,9.92,9.951,25914.0
1769928300000,9.951,9.951,9.916,9.934,13147.3
1769929200000,9.932,9.939,9.878,9.884,27248.0
1769930100000,9.882,9.903,9.861,9.893,17335.2
1769931000000,9.891,10.008,9.886,10.002,21519.9
1769931900000,10.002,10.002,9.931,9.938,10957.0
1769932800000,9.938,9.964,9.936,9.942,25542.1
1769933700000,9.942,9.944,9.891,9.911,38122.2
1769934600000,9.911,10.014,9.909,10.012,13785.1
1769935500000,10.014,10.014,9.951,9.957,15667.4
1769936400000,9.957,9.957,9.905,9.907,18998.8
1769937300000,9.905,9.914,9.886,9.895,13722.2
1769938200000,9.895,9.942,9.887,9.931,17291.8
1769939100000,9.931,9.971,9.919,9.958,12961.7
1769940000000,9.956,9.978,9.927,9.965,8952.1
1769940900000,9.965,9.965,9.918,9.925,8404.2
1769941800000,9.925,9.936,9.792,9.793,54379.2
1769942700000,9.792,9.824,9.767,9.777,19628.9
1769943600000,9.775,9.816,9.775,9.813,13965.5
1769944500000,9.815,9.815,9.775,9.783,21188.9
1769945400000,9.783,9.914,9.783,9.888,31602.9
1769946300000,9.888,9.901,9.855,9.87,14238.3
1769947200000,9.87,9.873,9.82,9.829,18679.1
1769948100000,9.831,9.831,9.772,9.809,36538.9
1769949000000,9.809,9.865,9.807,9.821,9895.6
1769949900000,9.819,9.839,9.819,9.826,13263.9
1769950800000,9.826,9.903,9.824,9.881,15033.1
1769951700000,9.883,9.887,9.849,9.86,20155.6
1769952600000,9.862,9.862,9.803,9.818,14223.1
1769953500000,9.816,9.829,9.748,9.783,26376.7
1769954400000,9.784,9.812,9.755,9.764,22585.6
1769955300000,9.762,9.768,9.678,9.678,30582.2
1769956200000,9.68,9.714,9.582,9.673,83791.3
1769957100000,9.673,9.799,9.652,9.72,39214.3
1769958000000,9.722,9.723,9.604,9.61,31017.9
1769958900000,9.612,9.617,9.48,9.489,76149.3
1769959800000,9.491,9.531,9.407,9.475,94460.1
1769960700000,9.477,9.596,9.468,9.532,52188.7
1769961600000,9.53,9.584,9.475,9.542,56834.6
1769962500000,9.542,9.626,9.443,9.547,52025.7
1769963400000,9.55,9.565,9.434,9.45,73790.8
1769964300000,9.448,9.52,9.448,9.487,22595.1
1769965200000,9.49,9.513,9.477,9.509,21515.0
1769966100000,9.507,9.51,9.423,9.458,18479.8
1769967000000,9.456,9.484,9.416,9.433,35974.7
1769967900000,9.433,9.503,9.401,9.499,21521.1
1769968800000,9.499,9.666,9.496,9.658,55315.2
1769969700000,9.658,9.718,9.609,9.659,45649.5
1769970600000,9.657,9.666,9.59,9.6,19797.1
1769971500000,9.598,9.619,9.571,9.617,21230.3
1769972400000,9.619,9.638,9.553,9.58,25770.0
1769973300000,9.578,9.601,9.536,9.584,19348.2
1769974200000,9.583,9.606,9.554,9.569,11143.0
1769975100000,9.569,9.571,9.477,9.526,45700.8
1769976000000,9.524,9.544,9.482,9.503,33467.9
1769976900000,9.503,9.541,9.433,9.439,28354.4
1769977800000,9.437,9.655,9.437,9.606,63126.8
1769978700000,9.604,9.611,9.523,9.531,23439.4
1769979600000,9.529,9.537,9.446,9.485,42173.9
1769980500000,9.487,9.494,9.442,9.481,45848.4
1769981400000,9.481,9.53,9.457,9.481,21070.3
1769982300000,9.479,9.498,9.422,9.465,43068.0
1769983200000,9.463,9.64,9.462,9.605,47897.6
1769984100000,9.603,9.605,9.479,9.548,26102.9
1769985000000,9.548,9.626,9.543,9.577,16531.2
1769985900000,9.579,9.597,9.526,9.546,11594.4
1769986800000,9.548,9.556,9.212,9.376,181384.2
1769987700000,9.376,9.444,9.275,9.414,107349.6
1769988600000,9.416,9.552,9.373,9.505,53335.7
1769989500000,9.503,9.504,9.392,9.401,35382.4
1769990400000,9.402,9.518,9.309,9.475,66743.4
1769991300000,9.475,9.6,9.469,9.571,51293.2
1769992200000,9.571,9.622,9.546,9.577,30027.8
1769993100000,9.575,9.595,9.516,9.528,36628.4
1769994000000,9.53,9.583,9.382,9.39,33664.1
1769994900000,9.392,9.637,9.367,9.626,68801.8
1769995800000,9.626,9.626,9.548,9.581,43012.6
1769996700000,9.579,9.589,9.515,9.546,13601.6
1769997600000,9.546,9.559,9.481,9.506,19990.9
1769998500000,9.504,9.587,9.499,9.541,19765.2
1769999400000,9.541,9.561,9.446,9.473,30118.2
1770000300000,9.471,9.483,9.424,9.431,23429.5
1770001200000,9.433,9.449,9.299,9.302,32116.6
1770002100000,9.304,9.311,9.07,9.081,132427.3
1770003000000,9.084,9.148,9.017,9.071,96497.2
1770003900000,9.078,9.409,9.068,9.37,123610.4
1770004800000,9.372,9.38,9.188,9.216,53003.9
1770005700000,9.216,9.48,9.204,9.466,73220.3
1770006600000,9.466,9.487,9.409,9.417,36967.9
1770007500000,9.417,9.417,9.325,9.33,17626.0
1770008400000,9.33,9.345,9.228,9.237,21735.3
1770009300000,9.239,9.246,9.108,9.142,48095.6
1770010200000,9.14,9.192,9.086,9.159,43953.7
1770011100000,9.159,9.24,9.125,9.191,51986.3
1770012000000,9.189,9.216,9.097,9.189,61152.7
1770012900000,9.191,9.292,9.166,9.197,57058.0
1770013800000,9.197,9.469,9.065,9.343,125339.3
1770014700000,9.348,9.416,9.264,9.341,60815.7
1770015600000,9.341,9.427,9.313,9.363,33642.5
1770016500000,9.361,9.415,9.335,9.355,17520.9
1770017400000,9.353,9.434,9.347,9.421,17959.9
1770018300000,9.421,9.475,9.385,9.385,25184.0
1770019200000,9.388,9.452,9.375,9.441,24349.0
1770020100000,9.443,9.488,9.41,9.427,22728.3
1770021000000,9.427,9.473,9.421,9.444,21811.7
1770021900000,9.444,9.486,9.427,9.446,9432.9
1770022800000,9.449,9.459,9.403,9.418,17907.9
1770023700000,9.422,9.54,9.396,9.535,33489.4
1770024600000,9.535,9.609,9.502,9.55,60375.7
1770025500000,9.548,9.643,9.544,9.57,92525.9
1770026400000,9.568,9.6,9.561,9.574,39508.1
1770027300000,9.574,9.584,9.532,9.564,29653.6
1770028200000,9.567,9.585,9.519,9.537,14865.8
1770029100000,9.535,9.55,9.527,9.539,10781.8
1770030000000,9.539,9.58,9.531,9.573,15313.0
1770030900000,9.571,9.573,9.54,9.56,10670.9
1770031800000,9.56,9.585,9.537,9.555,25657.0
1770032700000,9.555,9.578,9.517,9.529,37236.3
1770033600000,9.529,9.58,9.527,9.575,18467.6
1770034500000,9.577,9.662,9.564,9.621,37597.8
1770035400000,9.621,9.635,9.595,9.61,17092.9
1770036300000,9.612,9.657,9.598,9.634,19699.9
1770037200000,9.634,9.634,9.6,9.629,14687.6
1770038100000,9.627,9.686,9.609,9.644,17742.1
1770039000000,9.646,9.676,9.622,9.663,15536.8
1770039900000,9.663,9.707,9.646,9.683,26099.8
1770040800000,9.683,9.692,9.601,9.632,61888.9
1770041700000,9.634,9.719,9.611,9.693,42555.5
1770042600000,9.693,9.879,9.688,9.802,181698.3
1770043500000,9.8,9.853,9.752,9.773,66767.9
1770044400000,9.77,9.883,9.73,9.863,54070.8
1770045300000,9.862,9.977,9.841,9.91,87595.0
1770046200000,9.908,10.022,9.872,9.938,63482.4
1770047100000,9.938,9.971,9.89,9.925,43441.6
1770048000000,9.923,9.94,9.877,9.926,29146.5
1770048900000,9.926,9.99,9.926,9.99,25588.2
1770049800000,9.989,9.996,9.938,9.962,24578.8
1770050700000,9.962,9.962,9.886,9.919,26206.5
1770051600000,9.919,9.972,9.909,9.955,26981.1
1770052500000,9.955,9.969,9.923,9.928,38193.2
1770053400000,9.93,9.955,9.871,9.88,32644.8
1770054300000,9.88,9.906,9.846,9.897,17675.5
1770055200000,9.895,9.901,9.842,9.85,24633.0
1770056100000,9.848,9.851,9.795,9.809,26591.7
1770057000000,9.809,9.911,9.807,9.855,20544.3
1770057900000,9.855,9.873,9.853,9.863,7307.1
1770058800000,9.861,9.868,9.829,9.845,7776.6
1770059700000,9.847,9.855,9.805,9.82,13646.4
1770060600000,9.82,9.823,9.792,9.815,14764.4
1770061500000,9.813,9.822,9.77,9.793,21257.3
1770062400000,9.795,9.817,9.743,9.773,28955.8
1770063300000,9.775,9.797,9.755,9.774,9533.5
1770064200000,9.774,9.774,9.707,9.722,48289.8
1770065100000,9.722,9.756,9.703,9.736,22703.1
1770066000000,9.736,9.806,9.725,9.791,35146.1
1770066900000,9.789,9.802,9.751,9.762,12592.6
1770067800000,9.76,9.832,9.758,9.793,14567.1
1770068700000,9.793,9.819,9.786,9.797,12593.3
1770069600000,9.797,9.845,9.797,9.823,17232.8
1770070500000,9.823,9.826,9.789,9.817,7495.7
1770071400000,9.819,9.856,9.814,9.85,6470.1
1770072300000,9.85,9.853,9.82,9.835,5334.5
1770073200000,9.835,9.841,9.814,9.83,18750.6
1770074100000,9.83,9.834,9.796,9.8,8012.2
1770075000000,9.8,9.839,9.795,9.826,11880.7
1770075900000,9.826,9.833,9.79,9.801,5452.2
1770076800000,9.801,9.82,9.734,9.762,53195.0
1770077700000,9.762,9.815,9.755,9.804,14659.1
1770078600000,9.806,9.82,9.763,9.813,15452.2
1770079500000,9.815,9.84,9.794,9.831,11152.3
1770080400000,9.829,9.84,9.786,9.803,10977.3
1770081300000,9.803,9.816,9.767,9.803,7394.6
1770082200000,9.803,9.807,9.768,9.8,7037.7
1770083100000,9.8,9.82,9.794,9.808,6925.5
1770084000000,9.81,9.81,9.706,9.718,15388.6
1770084900000,9.718,9.754,9.706,9.708,10857.9
1770085800000,9.71,9.717,9.667,9.677,32844.0
1770086700000,9.679,9.68,9.601,9.619,33727.0
1770087600000,9.613,9.657,9.577,9.648,57376.6
1770088500000,9.646,9.674,9.592,9.669,44740.8
1770089400000,9.671,9.737,9.661,9.722,27826.3
1770090300000,9.72,9.778,9.707,9.77,12914.2
1770091200000,9.77,9.791,9.748,9.791,13099.6
1770092100000,9.789,9.792,9.75,9.752,8087.9
1770093000000,9.752,9.852,9.75,9.849,11643.2
1770093900000,9.849,9.852,9.807,9.81,9649.0
1770094800000,9.812,9.814,9.737,9.74,20077.3
1770095700000,9.74,9.761,9.721,9.746,15250.9
1770096600000,9.746,9.753,9.714,9.729,15374.8
1770097500000,9.729,9.737,9.691,9.699,9291.1
1770098400000,9.699,9.716,9.649,9.663,28225.7
1770099300000,9.663,9.741,9.654,9.724,15476.6
1770100200000,9.726,9.735,9.698,9.7,9125.4
1770101100000,9.698,9.72,9.693,9.714,7177.6
1770102000000,9.716,9.754,9.688,9.725,8888.4
1770102900000,9.723,9.733,9.692,9.707,9975.2
1770103800000,9.705,9.781,9.7,9.755,13302.1
1770104700000,9.755,9.756,9.724,9.728,8000.4
1770105600000,9.73,9.737,9.679,9.681,21857.4
1770106500000,9.681,9.746,9.673,9.726,25977.9
1770107400000,9.728,9.737,9.7,9.732,16252.8
1770108300000,9.73,9.732,9.656,9.663,50907.9
1770109200000,9.663,9.686,9.572,9.576,85596.9
1770110100000,9.575,9.593,9.523,9.525,125496.7
1770111000000,9.525,9.609,9.522,9.589,34000.8
1770111900000,9.591,9.605,9.581,9.594,14120.1
1770112800000,9.592,9.631,9.582,9.618,12592.1
1770113700000,9.62,9.626,9.591,9.621,61332.0
1770114600000,9.619,9.621,9.562,9.574,21584.7
1770115500000,9.574,9.591,9.568,9.586,9990.9
1770116400000,9.586,9.61,9.581,9.584,9826.7
1770117300000,9.584,9.599,9.57,9.571,19781.8
1770118200000,9.571,9.602,9.564,9.58,17522.8
1770119100000,9.58,9.61,9.577,9.579,11900.4
1770120000000,9.581,9.645,9.556,9.622,33259.6
1770120900000,9.62,9.652,9.605,9.649,81576.1
1770121800000,9.646,9.651,9.619,9.639,12542.3
1770122700000,9.641,9.68,9.639,9.665,18831.4
1770123600000,9.665,9.693,9.652,9.675,9570.6
1770124500000,9.675,9.68,9.64,9.671,21045.5
1770125400000,9.669,9.673,9.64,9.651,42548.7
1770126300000,9.651,9.713,9.64,9.692,19722.3
1770127200000,9.692,9.715,9.677,9.691,24024.5
1770128100000,9.689,9.716,9.652,9.71,16627.6
1770129000000,9.708,9.716,9.568,9.594,67560.1
1770129900000,9.596,9.65,9.506,9.513,52126.1
1770130800000,9.513,9.607,9.492,9.499,61757.9
1770131700000,9.501,9.717,9.487,9.657,119100.0
1770132600000,9.657,9.744,9.619,9.621,60276.9
1770133500000,9.621,9.765,9.611,9.742,47764.2
1770134400000,9.742,9.744,9.628,9.641,31462.8
1770135300000,9.643,9.65,9.536,9.538,84600.3
1770136200000,9.54,9.57,9.494,9.536,60124.2
1770137100000,9.538,9.546,9.493,9.506,43181.9
1770138000000,9.504,9.524,9.419,9.43,75107.3
1770138900000,9.428,9.481,9.407,9.446,57661.8
1770139800000,9.448,9.459,9.334,9.334,63812.2
1770140700000,9.334,9.4,9.302,9.303,67082.6
1770141600000,9.303,9.349,9.256,9.258,91400.6
1770142500000,9.253,9.278,9.125,9.139,138519.9
1770143400000,9.141,9.201,9.108,9.127,66453.7
1770144300000,9.129,9.141,9.082,9.107,106793.0
1770145200000,9.109,9.366,9.093,9.362,123022.1
1770146100000,9.359,9.47,9.336,9.43,109727.4
1770147000000,9.434,9.542,9.423,9.451,95219.4
1770147900000,9.449,9.491,9.401,9.474,67673.9
1770148800000,9.476,9.481,9.388,9.409,28791.9
1770149700000,9.409,9.628,9.389,9.596,80505.1
1770150600000,9.596,9.87,9.59,9.746,223013.9
1770151500000,9.75,9.817,9.717,9.779,42934.3
1770152400000,9.78,9.887,9.765,9.835,78203.0
1770153300000,9.835,9.848,9.735,9.739,30339.3
1770154200000,9.737,9.758,9.686,9.713,26756.0
1770155100000,9.707,9.721,9.664,9.673,30502.6
1770156000000,9.673,9.684,9.586,9.595,46187.9
1770156900000,9.595,9.627,9.542,9.602,27610.4
1770157800000,9.602,9.626,9.572,9.573,23109.1
1770158700000,9.571,9.573,9.49,9.511,39771.4
1770159600000,9.513,9.52,9.418,9.513,34252.8
1770160500000,9.513,9.517,9.461,9.477,15676.0
1770161400000,9.479,9.512,9.468,9.478,14658.4
1770162300000,9.478,9.489,9.402,9.483,45132.7
1770163200000,9.485,9.485,9.445,9.455,22773.1
1770164100000,9.455,9.545,9.455,9.543,21578.9
1770165000000,9.547,9.604,9.535,9.565,22700.2
1770165900000,9.565,9.585,9.527,9.538,14532.9
1770166800000,9.54,9.671,9.538,9.666,27411.6
1770167700000,9.666,9.673,9.632,9.643,21453.2
1770168600000,9.643,9.679,9.637,9.656,11402.2
1770169500000,9.654,9.656,9.599,9.634,25307.7
1770170400000,9.634,9.658,9.612,9.625,25793.7
1770171300000,9.627,9.664,9.601,9.604,19955.9
1770172200000,9.607,9.616,9.557,9.591,27669.6
1770173100000,9.591,9.61,9.558,9.593,9375.0
1770174000000,9.591,9.712,9.58,9.702,30122.9
1770174900000,9.702,9.705,9.652,9.659,12083.9
1770175800000,9.659,9.768,9.657,9.722,43675.8
1770176700000,9.722,9.741,9.716,9.722,12084.8
1770177600000,9.722,9.746,9.707,9.74,16756.6
1770178500000,9.742,9.742,9.686,9.701,11215.1
1770179400000,9.699,9.718,9.689,9.689,13812.3
1770180300000,9.689,9.691,9.664,9.67,10042.3
1770181200000,9.67,9.687,9.666,9.675,6836.2
1770182100000,9.675,9.68,9.64,9.646,11925.6
1770183000000,9.646,9.652,9.611,9.615,7660.8
1770183900000,9.617,9.634,9.58,9.606,13857.6
1770184800000,9.608,9.649,9.592,9.639,33348.4
1770185700000,9.637,9.644,9.602,9.61,9286.9
1770186600000,9.61,9.682,9.602,9.67,13704.9
1770187500000,9.668,9.692,9.654,9.654,9477.8
1770188400000,9.654,9.662,9.596,9.656,17424.0
1770189300000,9.657,9.668,9.631,9.666,16093.5
1770190200000,9.666,9.708,9.652,9.694,21419.5
1770191100000,9.694,9.7,9.664,9.672,35346.2
1770192000000,9.674,9.685,9.637,9.652,14849.0
1770192900000,9.652,9.699,9.638,9.651,40672.9
1770193800000,9.651,9.692,9.638,9.69,44635.9
1770194700000,9.695,9.728,9.691,9.706,17716.4
1770195600000,9.708,9.717,9.667,9.667,11909.7
1770196500000,9.669,9.675,9.627,9.632,29370.3
1770197400000,9.632,9.651,9.596,9.615,15226.6
1770198300000,9.615,9.632,9.608,9.623,10403.0
1770199200000,9.623,9.635,9.605,9.613,8501.1
1770200100000,9.615,9.634,9.602,9.612,7660.0
1770201000000,9.61,9.622,9.585,9.604,38327.2
1770201900000,9.604,9.612,9.594,9.601,9629.0
1770202800000,9.601,9.602,9.481,9.499,98415.5
1770203700000,9.499,9.569,9.487,9.543,35289.2
1770204600000,9.543,9.621,9.531,9.577,33545.1
1770205500000,9.579,9.598,9.562,9.574,28547.5
1770206400000,9.574,9.594,9.571,9.585,9169.1
1770207300000,9.585,9.607,9.522,9.528,49064.9
1770208200000,9.528,9.557,9.521,9.541,14559.9
1770209100000,9.543,9.558,9.526,9.552,31805.4
1770210000000,9.552,9.58,9.524,9.573,15332.8
1770210900000,9.573,9.579,9.525,9.54,76304.9
1770211800000,9.542,9.562,9.477,9.488,59590.8
1770212700000,9.489,9.502,9.403,9.408,104005.4
1770213600000,9.408,9.451,9.382,9.424,35413.6
1770214500000,9.424,9.434,9.389,9.407,31774.0
1770215400000,9.405,9.47,9.294,9.392,117111.5
1770216300000,9.39,9.458,9.236,9.245,70889.1
1770217200000,9.241,9.357,9.209,9.324,117390.5
1770218100000,9.326,9.366,9.255,9.305,51508.0
1770219000000,9.303,9.31,9.126,9.244,98604.5
1770219900000,9.242,9.251,9.166,9.21,109509.5
1770220800000,9.212,9.28,9.164,9.226,108982.8
1770221700000,9.228,9.238,9.124,9.224,167878.8
1770222600000,9.226,9.231,9.061,9.097,139886.5
1770223500000,9.097,9.188,9.074,9.161,121145.6
1770224400000,9.161,9.225,9.109,9.198,52096.0
1770225300000,9.198,9.25,9.09,9.092,47827.3
1770226200000,9.092,9.169,9.072,9.156,61931.6
1770227100000,9.154,9.218,9.11,9.188,32916.1
1770228000000,9.19,9.19,9.04,9.06,102746.5
1770228900000,9.062,9.226,9.019,9.176,2111288.7
1770229800000,9.176,9.415,9.151,9.386,198065.2
1770230700000,9.386,9.388,9.285,9.292,127199.4
1770231600000,9.29,9.382,9.285,9.313,37889.3
1770232500000,9.311,9.359,9.252,9.277,40628.0
1770233400000,9.275,9.353,9.258,9.343,110749.6
1770234300000,9.341,9.455,9.336,9.433,64447.2
1770235200000,9.433,9.46,9.353,9.358,30548.2
1770236100000,9.356,9.43,9.356,9.377,27052.0
1770237000000,9.377,9.392,9.344,9.364,11583.1
1770237900000,9.366,9.383,9.337,9.365,16032.1
1770238800000,9.367,9.398,9.303,9.343,33471.3
1770239700000,9.338,9.343,9.262,9.283,28390.0
1770240600000,9.283,9.307,9.185,9.207,29547.3
1770241500000,9.21,9.218,9.141,9.214,55883.4
1770242400000,9.214,9.219,9.044,9.113,107156.5
1770243300000,9.113,9.364,9.111,9.355,61104.8
1770244200000,9.355,9.368,9.181,9.205,32636.5
1770245100000,9.208,9.257,9.15,9.174,33063.0
1770246000000,9.176,9.198,9.149,9.188,32889.3
1770246900000,9.186,9.312,9.17,9.283,64266.2
1770247800000,9.281,9.315,9.264,9.282,32308.9
1770248700000,9.284,9.302,9.245,9.251,31098.0
1770249600000,9.249,9.258,9.211,9.212,22700.9
1770250500000,9.211,9.307,9.209,9.302,47539.6
1770251400000,9.302,9.302,9.211,9.262,14464.8
1770252300000,9.262,9.28,9.229,9.236,10149.9
1770253200000,9.238,9.313,9.232,9.298,26738.0
1770254100000,9.296,9.337,9.151,9.31,58013.9
1770255000000,9.312,9.347,9.21,9.269,65181.5
1770255900000,9.269,9.276,9.219,9.229,13936.6
1770256800000,9.227,9.258,9.158,9.16,46809.4
1770257700000,9.162,9.233,9.132,9.219,43432.7
1770258600000,9.219,9.297,9.205,9.268,36162.3
1770259500000,9.268,9.271,9.12,9.139,45729.6
1770260400000,9.139,9.219,9.108,9.149,67448.0
1770261300000,9.151,9.198,9.084,9.148,57042.1
1770262200000,9.153,9.157,9.106,9.121,26087.8
1770263100000,9.121,9.127,9.072,9.091,27146.0
1770264000000,9.089,9.163,9.04,9.067,68816.9
1770264900000,9.064,9.127,9.04,9.075,67935.9
1770265800000,9.075,9.143,9.03,9.14,64341.1
1770266700000,9.138,9.14,9.064,9.086,21150.3
1770267600000,9.084,9.141,9.057,9.105,26054.7
1770268500000,9.103,9.124,9.008,9.075,77797.7
1770269400000,9.077,9.218,9.036,9.191,50325.6
1770270300000,9.188,9.196,9.094,9.103,46140.6
1770271200000,9.103,9.115,9.013,9.044,60046.6
1770272100000,9.044,9.071,8.99,8.999,45750.0
1770273000000,9.001,9.064,8.999,9.03,28971.4
1770273900000,9.03,9.061,8.967,9.01,46998.9
1770274800000,9.012,9.146,9.003,9.062,129714.7
1770275700000,9.062,9.146,9.045,9.125,25237.7
1770276600000,9.125,9.134,9.045,9.072,32215.8
1770277500000,9.072,9.085,9.015,9.05,24077.9
1770278400000,9.052,9.102,9.05,9.085,28776.3
1770279300000,9.085,9.144,9.069,9.135,24531.5
1770280200000,9.135,9.187,9.132,9.149,26455.7
1770281100000,9.149,9.169,9.12,9.121,16254.4
1770282000000,9.121,9.233,9.12,9.219,65050.6
1770282900000,9.219,9.256,9.194,9.206,27390.8
1770283800000,9.206,9.216,9.161,9.165,46695.3
1770284700000,9.163,9.197,9.15,9.183,32368.9
1770285600000,9.183,9.185,9.116,9.154,17656.6
1770286500000,9.15,9.209,9.15,9.194,42168.6
1770287400000,9.192,9.201,9.103,9.105,37960.0
1770288300000,9.105,9.11,8.924,8.961,166103.1
1770289200000,8.961,9.01,8.907,8.914,45455.8
1770290100000,8.914,8.97,8.793,8.819,212345.7
1770291000000,8.819,8.998,8.808,8.967,82585.9
1770291900000,8.969,8.983,8.911,8.936,36276.5
1770292800000,8.936,8.991,8.916,8.921,35702.1
1770293700000,8.921,8.956,8.825,8.923,102444.5
1770294600000,8.923,8.967,8.882,8.909,65779.6
1770295500000,8.909,8.95,8.874,8.916,82035.4
1770296400000,8.916,8.97,8.896,8.896,83268.2
1770297300000,8.894,8.9,8.831,8.844,36830.3
1770298200000,8.844,8.896,8.841,8.859,33589.5
1770299100000,8.857,8.877,8.821,8.848,27182.3
1770300000000,8.85,8.959,8.848,8.882,54841.8
1770300900000,8.882,8.946,8.843,8.933,25225.3
1770301800000,8.933,9.061,8.908,9.018,201146.7
1770302700000,9.013,9.055,8.826,8.845,73358.1
1770303600000,8.845,8.874,8.566,8.571,262440.4
1770304500000,8.57,8.675,8.366,8.373,294816.8
1770305400000,8.373,8.545,8.302,8.518,284329.8
1770306300000,8.522,8.63,8.426,8.456,114557.8
1770307200000,8.456,8.507,8.391,8.404,90095.7
1770308100000,8.406,8.616,8.392,8.575,139277.0
1770309000000,8.581,8.636,8.494,8.504,61357.2
1770309900000,8.504,8.665,8.444,8.561,94040.5
1770310800000,8.563,8.605,8.386,8.413,73634.8
1770311700000,8.416,8.533,8.256,8.49,166982.3
1770312600000,8.488,8.514,8.334,8.415,108342.5
1770313500000,8.417,8.461,8.333,8.342,48736.4
1770314400000,8.345,8.407,8.313,8.379,63970.0
1770315300000,8.376,8.395,8.248,8.298,135261.6
1770316200000,8.298,8.311,8.214,8.247,75370.2
1770317100000,8.245,8.404,8.214,8.376,53091.4
1770318000000,8.374,8.39,8.291,8.325,42115.8
1770318900000,8.321,8.379,8.251,8.303,39068.4
1770319800000,8.303,8.355,8.285,8.293,43607.3
1770320700000,8.295,8.309,8.218,8.252,55858.1
1770321600000,8.254,8.318,8.229,8.233,72804.9
1770322500000,8.231,8.241,7.905,8.004,375253.9
1770323400000,8.003,8.137,7.929,8.065,172899.7
1770324300000,8.065,8.08,7.849,7.982,209933.3
1770325200000,7.983,8.188,7.971,8.012,192485.6
1770326100000,8.007,8.154,7.913,8.109,106333.0
1770327000000,8.111,8.14,7.961,7.993,88306.0
1770327900000,7.995,8.038,7.913,7.972,59932.1
1770328800000,7.966,8.068,7.907,7.999,64249.9
1770329700000,7.997,8.093,7.857,8.066,74104.0
1770330600000,8.069,8.144,7.988,8.052,79760.0
1770331500000,8.05,8.113,8.012,8.028,20329.3
1770332400000,8.026,8.2,8.002,8.176,57927.4
1770333300000,8.174,8.196,8.044,8.103,42780.4
1770334200000,8.103,8.136,7.966,7.978,56343.4
1770335100000,7.975,8.005,7.887,7.914,53696.7
1770336000000,7.914,7.945,7.326,7.418,278992.5
1770336900000,7.401,7.573,7.132,7.489,763939.7
1770337800000,7.485,7.928,7.463,7.894,212490.9
1770338700000,7.889,8.024,7.836,7.907,151840.3
1770339600000,7.909,8.074,7.88,7.98,127156.5
1770340500000,7.983,8.052,7.957,7.972,89315.8
1770341400000,7.974,8.091,7.965,8.073,76895.7
1770342300000,8.077,8.192,8.065,8.164,78005.2
1770343200000,8.167,8.231,8.057,8.067,69520.0
1770344100000,8.07,8.099,7.969,8.011,70246.9
1770345000000,8.009,8.142,8.003,8.102,126304.8
1770345900000,8.105,8.119,8.006,8.042,45210.2
1770346800000,8.04,8.099,8.004,8.017,59879.8
1770347700000,8.017,8.079,7.99,8.041,44911.3
1770348600000,8.044,8.092,8.004,8.008,19122.9
1770349500000,8.01,8.044,7.973,8.027,28409.1
1770350400000,8.027,8.074,7.993,8.06,48531.0
1770351300000,8.063,8.15,8.057,8.114,28892.2
1770352200000,8.116,8.138,8.06,8.089,20233.3
1770353100000,8.087,8.131,8.087,8.113,16426.1
1770354000000,8.115,8.199,8.102,8.189,29888.4
1770354900000,8.187,8.198,8.144,8.172,28169.7
1770355800000,8.174,8.27,8.169,8.265,25297.1
1770356700000,8.262,8.364,8.236,8.317,38315.7
1770357600000,8.315,8.345,8.276,8.283,34406.2
1770358500000,8.283,8.288,8.223,8.239,32505.9
1770359400000,8.237,8.248,8.156,8.179,31328.2
1770360300000,8.177,8.204,8.136,8.147,39490.2
1770361200000,8.147,8.151,8.062,8.096,42606.5
1770362100000,8.096,8.125,8.052,8.117,163499.9
1770363000000,8.117,8.172,8.107,8.127,56766.0
1770363900000,8.129,8.148,8.063,8.074,22172.1
1770364800000,8.074,8.127,8.042,8.097,33068.9
1770365700000,8.102,8.102,8.019,8.033,45017.0
1770366600000,8.033,8.049,7.983,8.009,34426.2
1770367500000,8.009,8.053,7.997,8.026,61311.1
1770368400000,8.026,8.049,8.005,8.032,19553.2
1770369300000,8.029,8.136,8.006,8.13,43291.6
1770370200000,8.132,8.204,8.122,8.176,55280.4
1770371100000,8.177,8.243,8.142,8.222,42777.1
1770372000000,8.222,8.239,8.187,8.209,59709.5
1770372900000,8.211,8.295,8.209,8.273,65194.1
1770373800000,8.273,8.307,8.256,8.284,182731.1
1770374700000,8.284,8.295,8.252,8.277,42962.4
1770375600000,8.277,8.31,8.258,8.3,44947.1
1770376500000,8.302,8.323,8.277,8.295,35251.1
1770377400000,8.295,8.333,8.281,8.299,54975.5
1770378300000,8.297,8.344,8.278,8.323,31389.4
1770379200000,8.318,8.32,8.264,8.286,23783.4
1770380100000,8.288,8.307,8.261,8.3,20575.5
1770381000000,8.302,8.309,8.277,8.297,16598.6
1770381900000,8.297,8.319,8.286,8.312,14570.4
1770382800000,8.313,8.387,8.298,8.386,34936.1
1770383700000,8.384,8.434,8.341,8.377,77251.0
1770384600000,8.38,8.438,8.36,8.427,38731.5
1770385500000,8.427,8.451,8.386,8.389,56535.3
1770386400000,8.389,8.396,8.334,8.376,24951.2
1770387300000,8.376,8.377,8.317,8.374,26575.7
1770388200000,8.374,8.551,8.371,8.544,95481.6
1770389100000,8.542,8.607,8.479,8.542,57812.5
1770390000000,8.542,8.561,8.473,8.476,52932.7
1770390900000,8.474,8.569,8.474,8.532,58813.8
1770391800000,8.535,8.608,8.525,8.594,55231.9
1770392700000,8.594,8.627,8.559,8.577,42275.8
1770393600000,8.577,8.682,8.547,8.675,46404.9
1770394500000,8.675,8.775,8.636,8.738,67767.9
1770395400000,8.736,8.795,8.723,8.781,55042.4
1770396300000,8.781,8.838,8.763,8.799,53009.0
1770397200000,8.801,8.852,8.768,8.812,53089.6
1770398100000,8.814,8.922,8.804,8.914,39841.7
1770399000000,8.913,8.992,8.871,8.97,64457.6
1770399900000,8.971,8.996,8.847,8.876,53929.0
1770400800000,8.876,8.89,8.713,8.77,66929.5
1770401700000,8.77,8.777,8.698,8.728,26500.9
1770402600000,8.73,8.845,8.718,8.833,23456.7
1770403500000,8.833,8.86,8.792,8.796,36682.4
1770404400000,8.796,8.837,8.768,8.786,28909.6
1770405300000,8.786,8.852,8.756,8.82,21747.2
1770406200000,8.818,8.842,8.796,8.829,13002.7
1770407100000,8.826,8.864,8.813,8.841,25049.6
1770408000000,8.839,8.853,8.771,8.787,20418.2
1770408900000,8.785,8.818,8.756,8.813,10466.1
1770409800000,8.811,8.92,8.801,8.851,38623.0
1770410700000,8.85,8.897,8.804,8.854,17434.4
1770411600000,8.856,8.856,8.78,8.833,25643.1
1770412500000,8.831,8.894,8.814,8.876,12552.3
1770413400000,8.876,8.876,8.826,8.841,12951.1
1770414300000,8.839,8.871,8.835,8.858,6573.4
1770415200000,8.858,8.899,8.838,8.86,16119.5
1770416100000,8.862,8.894,8.851,8.891,13249.3
1770417000000,8.889,8.99,8.883,8.91,35276.0
1770417900000,8.91,8.988,8.907,8.961,13472.1
1770418800000,8.961,8.998,8.906,8.912,39713.5
1770419700000,8.912,8.912,8.842,8.875,113181.4
1770420600000,8.875,8.919,8.875,8.876,23826.3
1770421500000,8.876,8.892,8.857,8.879,11099.3
1770422400000,8.879,8.879,8.812,8.856,30494.7
1770423300000,8.854,8.878,8.812,8.816,22251.3
1770424200000,8.816,8.841,8.787,8.793,21190.0
1770425100000,8.793,8.881,8.788,8.832,18384.5
1770426000000,8.832,8.85,8.783,8.792,20581.2
1770426900000,8.79,8.859,8.787,8.835,21378.1
1770427800000,8.835,8.878,8.827,8.853,10137.8
1770428700000,8.855,8.91,8.848,8.888,16085.6
1770429600000,8.888,8.899,8.859,8.879,8274.1
1770430500000,8.877,8.896,8.857,8.878,8278.5
1770431400000,8.878,8.885,8.855,8.863,9006.5
1770432300000,8.865,8.878,8.828,8.874,17327.5
1770433200000,8.876,8.947,8.868,8.932,37789.6
1770434100000,8.932,8.939,8.895,8.928,13729.0
1770435000000,8.93,8.93,8.888,8.92,15724.3
1770435900000,8.917,8.931,8.895,8.925,26411.6
1770436800000,8.925,9.005,8.913,8.999,31637.8
1770437700000,8.999,9.036,8.953,8.961,37301.0
1770438600000,8.961,8.999,8.862,8.876,49380.0
1770439500000,8.876,8.899,8.868,8.899,18455.3
1770440400000,8.899,8.936,8.884,8.93,18220.8
1770441300000,8.928,8.974,8.918,8.924,35364.7
1770442200000,8.924,8.958,8.918,8.938,21239.1
1770443100000,8.938,8.952,8.919,8.942,27346.0
1770444000000,8.944,8.974,8.931,8.95,20264.5
1770444900000,8.95,8.954,8.9,8.937,28422.0
1770445800000,8.937,8.958,8.913,8.92,31140.0
1770446700000,8.92,8.925,8.785,8.787,45412.5
1770447600000,8.787,8.834,8.686,8.689,83237.2
1770448500000,8.689,8.709,8.595,8.701,119094.1
1770449400000,8.701,8.79,8.644,8.752,43565.7
1770450300000,8.752,8.754,8.685,8.686,24238.7
1770451200000,8.686,8.724,8.646,8.699,32314.9
1770452100000,8.699,8.73,8.671,8.677,30830.1
1770453000000,8.679,8.708,8.666,8.691,26083.5
1770453900000,8.689,8.721,8.684,8.695,23794.9
1770454800000,8.693,8.74,8.687,8.74,18594.0
1770455700000,8.736,8.738,8.672,8.672,10230.1
1770456600000,8.672,8.676,8.612,8.622,38739.8
1770457500000,8.622,8.633,8.606,8.622,38138.0
1770458400000,8.622,8.651,8.612,8.621,24416.4
1770459300000,8.621,8.637,8.6,8.612,83831.8
1770460200000,8.614,8.63,8.576,8.599,40296.5
1770461100000,8.601,8.631,8.583,8.62,28461.2
1770462000000,8.62,8.645,8.607,8.628,34219.8
1770462900000,8.627,8.641,8.613,8.622,50130.1
1770463800000,8.62,8.645,8.62,8.621,8249.3
1770464700000,8.621,8.662,8.621,8.648,15272.8
1770465600000,8.648,8.802,8.639,8.786,84304.0
1770466500000,8.786,8.934,8.771,8.848,262443.3
1770467400000,8.85,8.904,8.797,8.802,46172.6
1770468300000,8.804,8.842,8.79,8.821,366735.0
1770469200000,8.821,8.859,8.776,8.78,27053.7
1770470100000,8.782,8.8,8.775,8.782,64871.1
1770471000000,8.784,8.788,8.728,8.744,29794.9
1770471900000,8.742,8.772,8.739,8.77,10729.6
1770472800000,8.772,8.805,8.766,8.78,15833.9
1770473700000,8.78,8.803,8.76,8.775,10770.1
1770474600000,8.775,8.78,8.69,8.728,43664.1
1770475500000,8.728,8.738,8.668,8.684,20957.7
1770476400000,8.684,8.76,8.664,8.749,35090.5
1770477300000,8.749,8.804,8.725,8.785,33128.7
1770478200000,8.787,8.841,8.775,8.795,27398.4
1770479100000,8.795,8.818,8.772,8.818,10867.3
1770480000000,8.818,9.02,8.779,8.924,500476.1
1770480900000,8.93,9.011,8.824,8.878,304556.3
1770481800000,8.878,8.894,8.832,8.85,19641.1
1770482700000,8.852,8.859,8.824,8.845,13725.9
1770483600000,8.843,8.856,8.779,8.795,20669.3
1770484500000,8.797,8.839,8.788,8.831,17100.9
1770485400000,8.831,8.887,8.811,8.862,14655.7
1770486300000,8.86,8.872,8.838,8.865,10920.5
1770487200000,8.865,8.913,8.855,8.88,13512.8
1770488100000,8.88,8.981,8.878,8.969,24738.1
1770489000000,8.971,9.02,8.96,8.996,27708.9
1770489900000,8.994,9.029,8.972,8.975,29697.6
1770490800000,8.975,8.981,8.928,8.935,33274.7
1770491700000,8.934,8.966,8.934,8.949,7407.2
1770492600000,8.949,8.952,8.911,8.939,10865.2
1770493500000,8.937,8.957,8.928,8.941,6638.8
1770494400000,8.939,8.965,8.935,8.954,10831.4
1770495300000,8.956,8.975,8.937,8.965,8376.4
1770496200000,8.967,8.979,8.949,8.97,20659.2
1770497100000,8.969,9.015,8.965,8.994,23400.8
1770498000000,8.994,9.019,8.976,8.984,15306.9
1770498900000,8.984,9.001,8.97,8.984,10212.2
1770499800000,8.984,8.995,8.971,8.973,7303.7
1770500700000,8.973,8.973,8.946,8.956,9017.2
1770501600000,8.958,8.993,8.947,8.973,19283.0
1770502500000,8.973,8.976,8.935,8.953,9723.0
1770503400000,8.953,8.955,8.92,8.942,13614.6
1770504300000,8.942,8.944,8.924,8.928,5434.6
1770505200000,8.926,8.933,8.87,8.894,20273.7
1770506100000,8.896,8.902,8.844,8.871,22872.2
1770507000000,8.869,8.898,8.867,8.89,15639.9
1770507900000,8.888,8.925,8.888,8.906,10481.0
1770508800000,8.903,8.916,8.896,8.901,11960.7
1770509700000,8.901,8.901,8.858,8.86,11711.7
1770510600000,8.86,8.889,8.851,8.851,9811.7
1770511500000,8.851,8.881,8.84,8.881,24659.6
1770512400000,8.881,8.925,8.877,8.921,15185.1
1770513300000,8.923,8.923,8.886,8.889,13087.2
1770514200000,8.887,8.936,8.883,8.917,11456.0
1770515100000,8.917,8.928,8.892,8.924,8050.9
1770516000000,8.924,8.941,8.911,8.929,10276.8
1770516900000,8.929,8.96,8.905,8.912,11766.0
1770517800000,8.914,8.921,8.869,8.87,11328.4
1770518700000,8.872,8.881,8.848,8.879,7373.3
1770519600000,8.879,8.887,8.843,8.854,12218.6
1770520500000,8.856,8.865,8.829,8.858,21527.5
1770521400000,8.856,8.872,8.845,8.85,6499.2
1770522300000,8.85,8.859,8.816,8.821,8683.5
1770523200000,8.823,8.836,8.791,8.795,13723.0
1770524100000,8.797,8.837,8.779,8.833,12624.4
1770525000000,8.835,8.839,8.802,8.814,6493.9
1770525900000,8.814,8.845,8.808,8.843,5754.3
1770526800000,8.843,8.855,8.82,8.851,13591.9
1770527700000,8.853,8.858,8.83,8.837,4982.5
1770528600000,8.839,8.839,8.81,8.824,5505.2
1770529500000,8.824,8.838,8.81,8.835,6551.9
1770530400000,8.835,8.867,8.82,8.862,11975.8
1770531300000,8.864,8.868,8.849,8.86,11853.1
1770532200000,8.86,8.862,8.839,8.848,6109.7
1770533100000,8.85,8.859,8.831,8.837,6426.5
1770534000000,8.837,8.849,8.804,8.826,13295.2
1770534900000,8.824,8.83,8.786,8.805,10638.5
1770535800000,8.805,8.826,8.797,8.805,9676.0
1770536700000,8.807,8.83,8.805,8.825,10492.6
1770537600000,8.825,8.852,8.805,8.811,15296.2
1770538500000,8.809,8.915,8.793,8.898,57797.6
1770539400000,8.896,8.976,8.872,8.914,46761.6
1770540300000,8.914,8.962,8.91,8.957,24877.4
1770541200000,8.955,8.975,8.912,8.917,25462.0
1770542100000,8.915,8.942,8.91,8.912,15513.3
1770543000000,8.914,8.933,8.862,8.869,25763.7
1770543900000,8.867,8.898,8.867,8.883,11274.6
1770544800000,8.878,8.946,8.878,8.907,20821.4
1770545700000,8.909,8.92,8.803,8.819,31091.9
1770546600000,8.819,8.846,8.812,8.836,17538.0
1770547500000,8.836,8.859,8.832,8.845,16609.3
1770548400000,8.845,8.916,8.841,8.911,15048.0
1770549300000,8.913,8.953,8.905,8.92,22467.4
1770550200000,8.92,8.999,8.915,8.978,30534.8
1770551100000,8.978,9.012,8.967,8.997,30240.9
1770552000000,8.997,9.013,8.972,8.982,22908.3
1770552900000,8.982,9.019,8.98,9.014,14719.8
1770553800000,9.014,9.046,8.988,8.988,31525.3
1770554700000,8.988,9.029,8.975,9.018,27697.6
1770555600000,9.014,9.029,8.956,8.965,36215.6
1770556500000,8.963,9.019,8.96,8.984,29208.3
1770557400000,8.984,8.991,8.934,8.937,34464.1
1770558300000,8.937,8.965,8.937,8.963,18920.9
1770559200000,8.964,8.98,8.931,8.938,17857.9
1770560100000,8.938,8.945,8.906,8.925,20200.9
1770561000000,8.925,8.945,8.921,8.937,11436.5
1770561900000,8.937,8.962,8.929,8.962,10115.9
1770562800000,8.961,8.986,8.948,8.965,34221.7
1770563700000,8.963,8.963,8.844,8.859,53332.7
1770564600000,8.859,8.9,8.85,8.892,22100.4
1770565500000,8.892,8.894,8.851,8.882,12291.4
1770566400000,8.884,8.896,8.863,8.873,16245.1
1770567300000,8.873,8.903,8.87,8.888,10098.7
1770568200000,8.888,8.891,8.803,8.813,34349.0
1770569100000,8.813,8.813,8.714,8.748,72173.5
1770570000000,8.75,8.809,8.743,8.796,25622.0
1770570900000,8.796,8.839,8.787,8.798,20183.5
1770571800000,8.798,8.819,8.796,8.808,17432.0
1770572700000,8.807,8.807,8.776,8.799,24913.2
1770573600000,8.797,8.83,8.795,8.814,25170.5
1770574500000,8.812,8.833,8.797,8.825,14209.6
1770575400000,8.825,8.93,8.825,8.902,43384.1
1770576300000,8.9,8.918,8.888,8.888,17816.3
1770577200000,8.888,8.904,8.874,8.892,19823.7
1770578100000,8.886,8.914,8.886,8.894,24484.0
1770579000000,8.894,8.932,8.894,8.931,24493.0
1770579900000,8.931,8.966,8.914,8.953,22078.5
1770580800000,8.953,8.956,8.881,8.892,20743.3
1770581700000,8.892,8.907,8.86,8.871,10778.5
1770582600000,8.871,8.886,8.865,8.872,9058.6
1770583500000,8.872,8.881,8.821,8.834,22354.7
1770584400000,8.832,8.863,8.824,8.852,13551.5
1770585300000,8.852,8.864,8.845,8.852,10622.7
1770586200000,8.85,8.855,8.777,8.784,27170.2
1770587100000,8.786,8.811,8.765,8.794,15014.9
1770588000000,8.794,8.828,8.793,8.828,12461.5
1770588900000,8.826,8.845,8.819,8.824,8649.7
1770589800000,8.826,8.836,8.793,8.825,8114.1
1770590700000,8.825,8.856,8.825,8.844,5862.5
1770591600000,8.844,9.018,8.844,8.895,70820.3
1770592500000,8.895,8.916,8.79,8.813,34759.0
1770593400000,8.81,8.833,8.749,8.818,40615.1
1770594300000,8.818,8.881,8.81,8.817,26450.2
1770595200000,8.819,8.839,8.803,8.837,19412.3
1770596100000,8.839,8.858,8.796,8.796,15055.5
1770597000000,8.798,8.819,8.771,8.791,18130.5
1770597900000,8.791,8.82,8.772,8.811,18030.6
1770598800000,8.813,8.83,8.778,8.786,11095.3
1770599700000,8.788,8.887,8.777,8.845,23184.3
1770600600000,8.845,8.85,8.726,8.749,43636.5
1770601500000,8.749,8.793,8.724,8.772,46777.1
1770602400000,8.772,8.79,8.74,8.751,18731.4
1770603300000,8.745,8.765,8.741,8.755,8998.9
1770604200000,8.753,8.856,8.751,8.836,29400.8
1770605100000,8.838,8.848,8.797,8.801,20951.8
1770606000000,8.801,8.825,8.793,8.801,17075.3
1770606900000,8.801,8.833,8.793,8.817,12841.8
1770607800000,8.817,8.886,8.817,8.869,24918.0
1770608700000,8.867,8.891,8.853,8.879,20134.8
1770609600000,8.879,8.881,8.832,8.835,12563.4
1770610500000,8.835,8.858,8.826,8.853,19341.1
1770611400000,8.851,8.851,8.806,8.824,17517.2
1770612300000,8.822,8.832,8.812,8.821,10883.1
1770613200000,8.821,8.821,8.798,8.798,12948.2
1770614100000,8.798,8.835,8.798,8.833,9324.1
1770615000000,8.833,8.856,8.828,8.836,9262.3
1770615900000,8.834,8.855,8.82,8.848,12278.1
1770616800000,8.848,8.851,8.793,8.814,27136.3
1770617700000,8.812,8.814,8.736,8.744,31202.4
1770618600000,8.746,8.775,8.74,8.767,7912.2
1770619500000,8.765,8.789,8.76,8.781,8337.7
1770620400000,8.781,8.8,8.754,8.798,9790.1
1770621300000,8.798,8.803,8.77,8.783,10228.4
1770622200000,8.783,8.785,8.714,8.727,32422.4
1770623100000,8.725,8.741,8.716,8.726,19534.1
1770624000000,8.726,8.754,8.72,8.738,23821.9
1770624900000,8.738,8.74,8.666,8.673,45071.4
1770625800000,8.673,8.679,8.603,8.671,55085.2
1770626700000,8.671,8.689,8.656,8.659,19751.6
1770627600000,8.654,8.68,8.649,8.651,16235.9
1770628500000,8.651,8.654,8.63,8.641,15547.1
1770629400000,8.64,8.65,8.594,8.607,22565.1
1770630300000,8.605,8.616,8.577,8.599,24235.1
1770631200000,8.599,8.624,8.581,8.6,19999.2
1770632100000,8.6,8.6,8.528,8.536,34687.4
1770633000000,8.534,8.536,8.456,8.475,84882.5
1770633900000,8.473,8.503,8.458,8.5,50375.0
1770634800000,8.5,8.561,8.498,8.537,27025.6
1770635700000,8.539,8.565,8.526,8.56,13722.4
1770636600000,8.56,8.578,8.541,8.552,14896.8
1770637500000,8.552,8.561,8.538,8.558,11289.8
1770638400000,8.558,8.609,8.554,8.606,17826.0
1770639300000,8.604,8.606,8.578,8.584,12888.5
1770640200000,8.584,8.615,8.582,8.603,18665.3
1770641100000,8.605,8.61,8.585,8.6,9668.3
1770642000000,8.6,8.646,8.59,8.639,15509.6
1770642900000,8.639,8.654,8.614,8.642,9448.8
1770643800000,8.642,8.642,8.601,8.609,14784.2
1770644700000,8.611,8.617,8.561,8.562,126881.5
1770645600000,8.561,8.59,8.524,8.543,72986.6
1770646500000,8.545,8.575,8.52,8.559,40589.7
1770647400000,8.558,8.675,8.517,8.608,73473.9
1770648300000,8.608,8.654,8.597,8.631,52375.0
1770649200000,8.627,8.722,8.627,8.676,45264.5
1770650100000,8.672,8.701,8.605,8.617,58006.8
1770651000000,8.617,8.754,8.615,8.741,72716.9
1770651900000,8.739,8.754,8.701,8.752,43705.0
1770652800000,8.752,8.755,8.656,8.668,42872.0
1770653700000,8.67,8.72,8.66,8.713,23081.2
1770654600000,8.711,8.786,8.68,8.78,259793.4
1770655500000,8.78,8.892,8.78,8.808,115532.6
1770656400000,8.808,8.84,8.76,8.771,62341.6
1770657300000,8.771,8.798,8.758,8.783,37060.5
1770658200000,8.783,8.952,8.78,8.936,78563.8
1770659100000,8.938,8.954,8.901,8.92,38612.8
1770660000000,8.92,8.968,8.907,8.912,62099.0
1770660900000,8.912,8.93,8.828,8.857,45229.4
1770661800000,8.857,8.929,8.841,8.914,22294.1
1770662700000,8.916,8.943,8.881,8.904,66262.2
1770663600000,8.904,8.932,8.88,8.915,28833.9
1770664500000,8.913,8.936,8.9,8.929,47611.2
1770665400000,8.93,8.989,8.923,8.963,77907.1
1770666300000,8.961,8.983,8.939,8.963,43654.1
1770667200000,8.963,9.011,8.938,8.963,47377.1
1770668100000,8.963,8.965,8.878,8.885,23614.4
1770669000000,8.885,8.92,8.87,8.911,18402.9
1770669900000,8.911,8.927,8.9,8.916,10542.4
1770670800000,8.914,8.922,8.877,8.883,74753.1
1770671700000,8.881,8.891,8.864,8.87,18736.9
1770672600000,8.87,8.876,8.788,8.819,26469.9
1770673500000,8.819,8.911,8.79,8.88,49407.1
1770674400000,8.882,8.912,8.87,8.912,10724.7
1770675300000,8.911,8.912,8.867,8.885,12465.4
1770676200000,8.883,8.893,8.861,8.868,22404.4
1770677100000,8.87,8.882,8.852,8.867,5631.2
1770678000000,8.867,8.904,8.856,8.871,8736.2
1770678900000,8.871,8.88,8.845,8.857,17405.3
1770679800000,8.857,8.876,8.849,8.864,6312.4
1770680700000,8.864,8.866,8.821,8.831,7097.4
1770681600000,8.833,8.85,8.819,8.845,8668.6
1770682500000,8.845,8.856,8.805,8.82,8379.0
1770683400000,8.82,8.836,8.798,8.805,5938.5
1770684300000,8.805,8.821,8.795,8.805,5875.3
1770685200000,8.804,8.849,8.799,8.841,8647.3
1770686100000,8.841,8.87,8.825,8.858,9017.4
1770687000000,8.858,8.872,8.834,8.864,8477.3
1770687900000,8.866,8.88,8.858,8.865,6191.9
1770688800000,8.867,8.867,8.844,8.85,29840.1
1770689700000,8.85,8.866,8.828,8.828,8555.3
1770690600000,8.828,8.838,8.81,8.811,5488.2
1770691500000,8.811,8.817,8.795,8.801,12243.7
1770692400000,8.801,8.81,8.746,8.77,34436.6
1770693300000,8.768,8.774,8.692,8.698,44325.6
1770694200000,8.691,8.691,8.633,8.659,45472.4
1770695100000,8.661,8.687,8.659,8.683,36198.5
1770696000000,8.683,8.724,8.676,8.719,22656.9
1770696900000,8.719,8.726,8.693,8.707,10483.5
1770697800000,8.707,8.719,8.684,8.695,39337.0
1770698700000,8.693,8.72,8.688,8.712,7914.2
1770699600000,8.712,8.718,8.702,8.714,12672.9
1770700500000,8.719,8.719,8.681,8.684,79965.6
1770701400000,8.684,8.706,8.643,8.65,17547.0
1770702300000,8.65,8.653,8.616,8.639,64412.9
1770703200000,8.639,8.654,8.626,8.637,98425.9
1770704100000,8.641,8.648,8.595,8.609,28023.5
1770705000000,8.609,8.623,8.561,8.57,33367.8
1770705900000,8.572,8.574,8.475,8.5,94244.7
1770706800000,8.498,8.562,8.493,8.534,26952.4
1770707700000,8.536,8.542,8.504,8.54,11282.8
1770708600000,8.54,8.559,8.528,8.536,79738.2
1770709500000,8.538,8.553,8.527,8.539,10579.9
1770710400000,8.539,8.551,8.523,8.527,12443.9
1770711300000,8.527,8.579,8.509,8.563,15364.8
1770712200000,8.563,8.573,8.539,8.559,22722.1
1770713100000,8.559,8.575,8.55,8.566,39869.6
1770714000000,8.564,8.624,8.558,8.592,50694.1
1770714900000,8.59,8.598,8.58,8.583,10161.1
1770715800000,8.582,8.587,8.561,8.578,12332.7
1770716700000,8.576,8.584,8.531,8.56,36304.2
1770717600000,8.558,8.57,8.541,8.547,10154.8
1770718500000,8.549,8.577,8.527,8.559,54608.7
1770719400000,8.557,8.56,8.53,8.536,12254.1
1770720300000,8.538,8.545,8.53,8.53,9470.5
1770721200000,8.532,8.549,8.522,8.53,61981.9
1770722100000,8.532,8.548,8.526,8.543,7810.3
1770723000000,8.545,8.563,8.507,8.528,30367.7
1770723900000,8.528,8.537,8.494,8.5,63195.5
1770724800000,8.5,8.542,8.499,8.518,39459.7
1770725700000,8.518,8.533,8.512,8.525,82742.6
1770726600000,8.524,8.532,8.487,8.492,75500.9
1770727500000,8.49,8.498,8.476,8.49,13394.6
1770728400000,8.488,8.509,8.471,8.501,16964.2
1770729300000,8.499,8.522,8.489,8.512,19837.4
1770730200000,8.513,8.566,8.506,8.566,30233.4
1770731100000,8.566,8.575,8.543,8.572,32556.8
1770732000000,8.574,8.578,8.55,8.574,55044.5
1770732900000,8.574,8.656,8.57,8.619,62683.2
1770733800000,8.619,8.668,8.496,8.543,160254.8
1770734700000,8.543,8.555,8.481,8.527,88175.9
1770735600000,8.527,8.6,8.496,8.526,114336.3
1770736500000,8.53,8.616,8.512,8.59,30056.5
1770737400000,8.588,8.614,8.568,8.585,16437.9
1770738300000,8.583,8.605,8.543,8.566,17432.3
1770739200000,8.571,8.626,8.518,8.619,10325.2
1770740100000,8.619,8.626,8.552,8.579,11306.8
1770741000000,8.581,8.635,8.561,8.61,23566.2
1770741900000,8.61,8.62,8.568,8.59,24953.0
1770742800000,8.59,8.6,8.55,8.56,8080.5
1770743700000,8.56,8.621,8.555,8.599,6659.0
1770744600000,8.601,8.65,8.59,8.634,15610.9
1770745500000,8.634,8.641,8.604,8.624,6485.4
1770746400000,8.624,8.636,8.578,8.595,7016.0
1770747300000,8.593,8.611,8.507,8.519,17780.9
1770748200000,8.517,8.544,8.49,8.526,15084.9
1770749100000,8.524,8.528,8.466,8.505,28014.1
1770750000000,8.505,8.525,8.482,8.515,8242.2
1770750900000,8.517,8.52,8.477,8.509,18012.9
1770751800000,8.509,8.579,8.507,8.564,16296.0
1770752700000,8.562,8.572,8.53,8.542,25376.0
1770753600000,8.544,8.558,8.498,8.502,12226.8
1770754500000,8.502,8.527,8.497,8.516,9581.2
1770755400000,8.514,8.547,8.5,8.545,4793.1
1770756300000,8.545,8.561,8.519,8.527,4367.7
1770757200000,8.527,8.555,8.523,8.534,5322.8
1770758100000,8.534,8.551,8.511,8.511,5421.7
1770759000000,8.511,8.513,8.475,8.495,10602.4
1770759900000,8.497,8.526,8.493,8.514,25011.7
1770760800000,8.514,8.535,8.508,8.515,5957.3
1770761700000,8.517,8.552,8.515,8.549,4160.1
1770762600000,8.549,8.579,8.545,8.556,5812.8
1770763500000,8.554,8.561,8.531,8.545,3960.9
1770764400000,8.545,8.553,8.526,8.543,6576.2
1770765300000,8.543,8.553,8.525,8.537,5577.4
1770766200000,8.539,8.566,8.535,8.564,3612.4
1770767100000,8.564,8.568,8.549,8.568,4827.1
1770768000000,8.566,8.588,8.553,8.562,31429.1
1770768900000,8.562,8.589,8.562,8.583,7350.4
1770769800000,8.583,8.584,8.552,8.563,4548.8
1770770700000,8.563,8.578,8.553,8.56,4028.4
1770771600000,8.56,8.577,8.548,8.556,4655.8
1770772500000,8.554,8.571,8.52,8.528,6154.6
1770773400000,8.527,8.568,8.527,8.566,7258.2
1770774300000,8.566,8.581,8.554,8.557,4684.1
1770775200000,8.561,8.6,8.561,8.567,8048.2
1770776100000,8.567,8.6,8.565,8.596,3790.5
1770777000000,8.596,8.607,8.575,8.575,4508.8
1770777900000,8.572,8.574,8.541,8.541,10281.0
1770778800000,8.542,8.547,8.507,8.507,9919.6
1770779700000,8.508,8.532,8.453,8.518,32123.9
1770780600000,8.518,8.586,8.509,8.565,15796.2
1770781500000,8.565,8.573,8.535,8.537,7567.7
1770782400000,8.537,8.546,8.496,8.504,6585.4
1770783300000,8.504,8.518,8.438,8.447,39696.2
1770784200000,8.447,8.454,8.39,8.405,39748.4
1770785100000,8.407,8.426,8.371,8.402,26343.5
1770786000000,8.404,8.435,8.392,8.407,14334.9
1770786900000,8.405,8.421,8.385,8.394,13872.5
1770787800000,8.392,8.402,8.366,8.37,6444.8
1770788700000,8.37,8.388,8.357,8.366,11529.7
1770789600000,8.368,8.385,8.3,8.31,24937.9
1770790500000,8.31,8.36,8.272,8.356,50408.0
1770791400000,8.354,8.366,8.326,8.328,8675.0
1770792300000,8.328,8.337,8.285,8.301,10370.4
1770793200000,8.3,8.335,8.294,8.31,9619.0
1770794100000,8.312,8.327,8.29,8.319,8060.3
1770795000000,8.317,8.356,8.309,8.337,10387.3
1770795900000,8.335,8.354,8.314,8.314,7459.5
1770796800000,8.316,8.319,8.266,8.295,14506.5
1770797700000,8.295,8.307,8.281,8.29,13798.7
1770798600000,8.292,8.307,8.273,8.283,5641.6
1770799500000,8.283,8.289,8.265,8.279,14608.3
1770800400000,8.277,8.295,8.257,8.273,8756.8
1770801300000,8.275,8.283,8.26,8.276,7833.2
1770802200000,8.28,8.29,8.242,8.252,6988.6
1770803100000,8.25,8.26,8.24,8.256,8521.0
1770804000000,8.256,8.258,8.225,8.23,21215.3
1770804900000,8.23,8.251,8.218,8.244,6539.8
1770805800000,8.248,8.248,8.191,8.206,11287.5
1770806700000,8.206,8.222,8.192,8.21,8977.8
1770807600000,8.21,8.241,8.207,8.211,8489.3
1770808500000,8.211,8.265,8.202,8.26,12986.1
1770809400000,8.259,8.265,8.247,8.253,9315.8
1770810300000,8.251,8.278,8.249,8.269,7212.5
1770811200000,8.269,8.285,8.242,8.258,13005.4
1770812100000,8.258,8.305,8.25,8.282,11512.8
1770813000000,8.284,8.29,8.26,8.262,7753.5
1770813900000,8.261,8.276,8.255,8.269,7274.0
1770814800000,8.267,8.285,8.245,8.253,20092.7
1770815700000,8.255,8.275,8.235,8.26,7613.7
1770816600000,8.264,8.353,8.248,8.3,48785.6
1770817500000,8.301,8.346,8.265,8.343,31176.5
1770818400000,8.343,8.559,8.339,8.53,76959.1
1770819300000,8.531,8.54,8.405,8.415,56231.3
1770820200000,8.416,8.449,8.286,8.322,66063.3
1770821100000,8.32,8.34,8.222,8.235,48993.3
1770822000000,8.238,8.277,8.12,8.179,87130.0
1770822900000,8.181,8.223,8.148,8.178,51019.5
1770823800000,8.178,8.256,8.169,8.251,63107.5
1770824700000,8.246,8.259,8.17,8.236,25059.9
1770825600000,8.236,8.358,8.224,8.34,35716.3
1770826500000,8.346,8.358,8.261,8.271,27355.3
1770827400000,8.267,8.291,8.2,8.209,30006.3
1770828300000,8.209,8.224,8.155,8.168,28846.6
1770829200000,8.168,8.188,8.138,8.176,36771.2
1770830100000,8.176,8.279,8.169,8.27,30219.4
1770831000000,8.272,8.304,8.252,8.263,29344.5
1770831900000,8.261,8.289,8.23,8.234,16242.5
1770832800000,8.234,8.24,8.191,8.225,22839.9
1770833700000,8.223,8.322,8.221,8.3,26128.5
1770834600000,8.3,8.324,8.274,8.304,14877.7
1770835500000,8.304,8.339,8.295,8.314,36842.1
1770836400000,8.314,8.362,8.292,8.328,31715.7
1770837300000,8.33,8.346,8.286,8.289,8344.2
1770838200000,8.289,8.349,8.27,8.341,12293.8
1770839100000,8.343,8.355,8.302,8.31,20879.2
1770840000000,8.312,8.33,8.275,8.326,7089.4
1770840900000,8.328,8.338,8.252,8.252,8296.7
1770841800000,8.252,8.296,8.25,8.282,8746.1
1770842700000,8.28,8.342,8.28,8.321,7881.1
1770843600000,8.326,8.344,8.305,8.333,30584.3
1770844500000,8.335,8.427,8.321,8.417,34732.2
1770845400000,8.421,8.452,8.39,8.399,41207.0
1770846300000,8.397,8.413,8.39,8.393,13129.4
1770847200000,8.395,8.407,8.366,8.39,18131.6
1770848100000,8.388,8.4,8.354,8.374,5324.6
1770849000000,8.374,8.38,8.34,8.361,6214.7
1770849900000,8.363,8.39,8.314,8.331,30824.4
1770850800000,8.33,8.365,8.313,8.329,14851.5
1770851700000,8.329,8.34,8.254,8.269,29476.2
1770852600000,8.271,8.328,8.268,8.318,11856.4
1770853500000,8.318,8.33,8.301,8.32,5915.9
1770854400000,8.317,8.37,8.317,8.37,9329.1
1770855300000,8.368,8.382,8.346,8.354,6876.8
1770856200000,8.356,8.408,8.351,8.399,6283.3
1770857100000,8.395,8.41,8.383,8.383,5313.1
1770858000000,8.383,8.412,8.383,8.41,6919.5
1770858900000,8.41,8.437,8.383,8.421,14268.2
1770859800000,8.421,8.461,8.413,8.413,16489.9
1770860700000,8.415,8.417,8.39,8.392,9415.0
1770861600000,8.39,8.408,8.357,8.359,9334.7
1770862500000,8.359,8.368,8.348,8.364,10669.4
1770863400000,8.369,8.415,8.362,8.401,5602.8
1770864300000,8.401,8.403,8.367,8.368,10014.9
1770865200000,8.37,8.399,8.362,8.39,4466.7
1770866100000,8.393,8.396,8.363,8.376,6221.0
1770867000000,8.378,8.418,8.371,8.41,6480.6
1770867900000,8.412,8.43,8.41,8.424,5557.9
1770868800000,8.424,8.433,8.415,8.425,9142.6
1770869700000,8.425,8.429,8.388,8.403,11428.1
1770870600000,8.401,8.442,8.387,8.434,13235.6
1770871500000,8.434,8.444,8.404,8.409,5667.0
1770872400000,8.409,8.42,8.369,8.374,6238.6
1770873300000,8.372,8.407,8.35,8.395,12079.2
1770874200000,8.397,8.443,8.391,8.436,6961.7
1770875100000,8.438,8.452,8.43,8.439,10355.3
1770876000000,8.441,8.474,8.434,8.462,10481.4
1770876900000,8.464,8.51,8.456,8.5,14146.8
1770877800000,8.502,8.505,8.476,8.483,7800.9
1770878700000,8.485,8.492,8.456,8.47,6519.9
1770879600000,8.472,8.472,8.422,8.429,12126.5
1770880500000,8.429,8.485,8.42,8.47,11613.9
1770881400000,8.471,8.472,8.445,8.446,8088.4
1770882300000,8.446,8.459,8.438,8.453,6671.1
1770883200000,8.453,8.472,8.435,8.455,8394.9
1770884100000,8.455,8.455,8.403,8.41,10321.2
1770885000000,8.41,8.427,8.4,8.401,7296.5
1770885900000,8.403,8.428,8.397,8.414,5385.6
1770886800000,8.418,8.452,8.41,8.432,6896.0
1770887700000,8.43,8.473,8.428,8.469,10056.1
1770888600000,8.469,8.51,8.463,8.495,13448.8
1770889500000,8.497,8.538,8.483,8.507,36832.3
1770890400000,8.509,8.525,8.494,8.498,11875.3
1770891300000,8.5,8.5,8.475,8.497,6193.1
1770892200000,8.497,8.535,8.496,8.504,9104.2
1770893100000,8.504,8.575,8.5,8.574,24013.6
1770894000000,8.572,8.58,8.53,8.546,16658.0
1770894900000,8.544,8.584,8.535,8.583,27087.2
1770895800000,8.581,8.59,8.555,8.561,21937.9
1770896700000,8.563,8.573,8.545,8.554,11495.1
1770897600000,8.55,8.559,8.505,8.527,13120.1
1770898500000,8.529,8.529,8.496,8.513,15859.7
1770899400000,8.515,8.519,8.49,8.496,11913.0
1770900300000,8.496,8.509,8.469,8.489,23626.8
1770901200000,8.489,8.505,8.468,8.498,12001.4
1770902100000,8.498,8.513,8.467,8.481,34949.0
1770903000000,8.481,8.545,8.478,8.541,23338.8
1770903900000,8.543,8.574,8.52,8.563,24936.2
1770904800000,8.563,8.569,8.486,8.495,17461.8
1770905700000,8.493,8.515,8.477,8.513,43364.3
1770906600000,8.511,8.555,8.485,8.487,20846.9
1770907500000,8.487,8.532,8.479,8.496,34918.8
1770908400000,8.488,8.51,8.394,8.441,70789.5
1770909300000,8.441,8.505,8.431,8.499,19363.3
1770910200000,8.499,8.52,8.384,8.4,23616.4
1770911100000,8.405,8.428,8.343,8.35,21699.8
1770912000000,8.35,8.373,8.203,8.233,246955.3
1770912900000,8.231,8.268,8.181,8.2,70091.4
1770913800000,8.199,8.291,8.167,8.266,87630.6
1770914700000,8.268,8.28,8.166,8.205,38907.6
1770915600000,8.205,8.251,8.175,8.211,33702.1
1770916500000,8.209,8.278,8.2,8.252,40701.6
1770917400000,8.254,8.305,8.236,8.269,19423.0
1770918300000,8.269,8.28,8.214,8.227,15551.8
1770919200000,8.229,8.285,8.221,8.27,10148.4
1770920100000,8.272,8.276,8.21,8.227,19326.7
1770921000000,8.225,8.268,8.202,8.254,15926.7
1770921900000,8.256,8.291,8.247,8.27,9934.8
1770922800000,8.27,8.291,8.245,8.279,9558.5
1770923700000,8.277,8.385,8.274,8.366,42609.9
1770924600000,8.366,8.42,8.357,8.373,16876.9
1770925500000,8.371,8.394,8.3,8.3,33501.3
1770926400000,8.302,8.329,8.267,8.294,36418.0
1770927300000,8.295,8.307,8.259,8.269,10039.1
1770928200000,8.269,8.284,8.252,8.27,8396.2
1770929100000,8.268,8.275,8.215,8.237,11548.6
1770930000000,8.237,8.265,8.235,8.261,12871.5
1770930900000,8.261,8.28,8.24,8.257,11350.9
1770931800000,8.259,8.29,8.247,8.284,6696.5
1770932700000,8.286,8.295,8.273,8.284,3940.1
1770933600000,8.282,8.29,8.27,8.28,4554.4
1770934500000,8.284,8.299,8.253,8.296,5420.1
1770935400000,8.294,8.333,8.291,8.332,9606.2
1770936300000,8.33,8.377,8.33,8.372,10863.0
1770937200000,8.37,8.419,8.36,8.388,22292.7
1770938100000,8.39,8.419,8.379,8.412,11162.3
1770939000000,8.412,8.426,8.391,8.403,6111.7
1770939900000,8.401,8.419,8.387,8.411,8268.7
1770940800000,8.411,8.445,8.392,8.409,13498.4
1770941700000,8.409,8.412,8.372,8.374,9446.8
1770942600000,8.374,8.386,8.351,8.354,6466.1
1770943500000,8.356,8.389,8.342,8.382,9587.3
1770944400000,8.382,8.425,8.373,8.423,8586.6
1770945300000,8.421,8.427,8.387,8.406,7964.2
1770946200000,8.404,8.434,8.399,8.423,6642.3
1770947100000,8.423,8.44,8.39,8.405,4448.7
1770948000000,8.403,8.418,8.4,8.405,4497.6
1770948900000,8.405,8.406,8.371,8.396,6649.9
1770949800000,8.391,8.395,8.366,8.392,4095.4
1770950700000,8.392,8.415,8.38,8.402,5427.5
1770951600000,8.4,8.402,8.37,8.376,7982.7
1770952500000,8.376,8.417,8.371,8.413,7563.2
1770953400000,8.413,8.447,8.411,8.428,6181.4
1770954300000,8.426,8.431,8.412,8.425,4409.8
1770955200000,8.423,8.425,8.396,8.403,5065.5
1770956100000,8.405,8.423,8.387,8.398,8139.9
1770957000000,8.4,8.4,8.378,8.38,6046.7
1770957900000,8.38,8.392,8.366,8.368,7059.6
1770958800000,8.368,8.375,8.33,8.33,8842.5
1770959700000,8.332,8.35,8.325,8.342,5310.3
1770960600000,8.34,8.363,8.338,8.36,3814.0
1770961500000,8.36,8.366,8.332,8.332,4305.7
1770962400000,8.332,8.36,8.332,8.353,4609.6
1770963300000,8.355,8.366,8.309,8.313,11456.0
1770964200000,8.317,8.324,8.297,8.32,8553.6
1770965100000,8.322,8.377,8.32,8.376,12370.5
1770966000000,8.376,8.424,8.37,8.412,18883.6
1770966900000,8.414,8.42,8.39,8.397,6467.9
1770967800000,8.399,8.399,8.361,8.361,6722.2
1770968700000,8.363,8.388,8.357,8.373,3872.5
1770969600000,8.375,8.398,8.361,8.377,10502.2
1770970500000,8.377,8.416,8.367,8.412,9045.0
1770971400000,8.41,8.43,8.404,8.415,4373.4
1770972300000,8.42,8.469,8.418,8.453,20825.7
1770973200000,8.453,8.455,8.423,8.43,16740.6
1770974100000,8.43,8.46,8.43,8.456,12146.9
1770975000000,8.456,8.464,8.445,8.445,7271.9
1770975900000,8.447,8.467,8.445,8.45,9915.6
1770976800000,8.452,8.456,8.428,8.436,8199.6
1770977700000,8.438,8.473,8.434,8.438,7158.7
1770978600000,8.442,8.469,8.432,8.459,6451.9
1770979500000,8.459,8.469,8.443,8.453,4437.6
1770980400000,8.453,8.453,8.415,8.419,5677.8
1770981300000,8.421,8.436,8.417,8.425,6635.4
1770982200000,8.425,8.428,8.383,8.421,14781.9
1770983100000,8.421,8.438,8.407,8.432,10937.8
1770984000000,8.432,8.432,8.395,8.404,10497.2
1770984900000,8.402,8.432,8.4,8.43,4516.8
1770985800000,8.43,8.448,8.427,8.436,7693.5
1770986700000,8.436,8.451,8.427,8.435,4380.4
1770987600000,8.435,8.449,8.409,8.424,14149.7
1770988500000,8.424,8.492,8.422,8.48,12320.9
1770989400000,8.48,8.528,8.458,8.47,43246.2
1770990300000,8.47,8.506,8.452,8.491,13858.0
1770991200000,8.489,8.496,8.426,8.43,12977.2
1770992100000,8.428,8.464,8.427,8.458,19504.9
1770993000000,8.46,8.538,8.446,8.508,44977.2
1770993900000,8.506,8.609,8.506,8.561,50294.4
1770994800000,8.564,8.738,8.558,8.707,55654.0
1770995700000,8.707,8.772,8.658,8.769,46749.7
1770996600000,8.769,8.819,8.715,8.721,38280.6
1770997500000,8.721,8.725,8.668,8.701,20074.2
1770998400000,8.699,8.804,8.68,8.792,33596.7
1770999300000,8.798,8.858,8.778,8.848,21500.1
1771000200000,8.845,8.907,8.828,8.877,27790.7
1771001100000,8.877,8.883,8.832,8.845,27240.5
1771002000000,8.847,8.851,8.788,8.842,29648.6
1771002900000,8.845,8.874,8.834,8.857,14302.7
1771003800000,8.855,8.877,8.848,8.849,8675.9
1771004700000,8.851,8.857,8.819,8.821,31832.0
1771005600000,8.823,8.824,8.795,8.795,11469.8
1771006500000,8.796,8.806,8.773,8.791,8629.9
1771007400000,8.791,8.834,8.782,8.803,8083.0
1771008300000,8.803,8.819,8.786,8.792,7348.0
1771009200000,8.794,8.816,8.777,8.807,8752.2
1771010100000,8.809,8.832,8.792,8.792,9808.7
1771011000000,8.792,8.799,8.768,8.78,7653.9
1771011900000,8.782,8.819,8.78,8.798,4760.1
1771012800000,8.8,8.804,8.781,8.781,6053.9
1771013700000,8.781,8.801,8.766,8.783,6395.9
1771014600000,8.785,8.798,8.758,8.777,23938.9
1771015500000,8.782,8.799,8.777,8.794,9605.6
1771016400000,8.794,8.84,8.789,8.835,25011.6
1771017300000,8.842,8.842,8.81,8.812,25627.7
1771018200000,8.812,8.828,8.806,8.828,7608.2
1771019100000,8.828,8.834,8.807,8.83,9577.8
1771020000000,8.832,8.864,8.808,8.81,22713.0
1771020900000,8.81,8.832,8.806,8.83,10884.3
1771021800000,8.832,8.836,8.797,8.82,7320.6
1771022700000,8.822,8.823,8.796,8.815,7219.4
1771023600000,8.813,8.815,8.782,8.789,4970.8
1771024500000,8.789,8.805,8.777,8.784,3861.0
1771025400000,8.782,8.791,8.762,8.762,5804.9
1771026300000,8.764,8.775,8.76,8.765,4581.3
1771027200000,8.763,8.783,8.758,8.78,6409.6
1771028100000,8.782,8.782,8.752,8.766,6974.7
1771029000000,8.768,8.812,8.765,8.812,4622.6
1771029900000,8.812,8.837,8.803,8.816,28908.4
1771030800000,8.816,8.819,8.8,8.815,4285.6
1771031700000,8.822,8.833,8.801,8.815,5742.3
1771032600000,8.817,8.826,8.804,8.819,4362.9
1771033500000,8.814,8.886,8.808,8.866,34105.1
1771034400000,8.868,8.87,8.827,8.842,20489.4
1771035300000,8.84,8.842,8.788,8.807,17614.8
1771036200000,8.809,8.825,8.803,8.821,7079.3
1771037100000,8.823,8.828,8.812,8.82,3339.3
1771038000000,8.818,8.832,8.815,8.824,7517.8
1771038900000,8.824,8.838,8.809,8.827,6264.5
1771039800000,8.829,8.84,8.827,8.833,5488.3
1771040700000,8.835,8.851,8.827,8.844,5639.6
1771041600000,8.842,8.844,8.827,8.833,3776.8
1771042500000,8.831,8.846,8.82,8.844,3547.4
1771043400000,8.846,8.857,8.835,8.856,5517.2
1771044300000,8.857,8.859,8.84,8.842,6277.1
1771045200000,8.84,8.851,8.828,8.846,3632.5
1771046100000,8.844,8.871,8.844,8.859,5377.0
1771047000000,8.857,8.859,8.833,8.835,3347.8
1771047900000,8.835,8.849,8.821,8.823,5869.1
1771048800000,8.821,8.826,8.796,8.81,5620.6
1771049700000,8.808,8.821,8.799,8.817,8417.9
1771050600000,8.817,8.824,8.812,8.818,4358.8
1771051500000,8.818,8.82,8.81,8.815,7239.9
1771052400000,8.815,8.83,8.812,8.821,4484.5
1771053300000,8.821,8.829,8.812,8.827,5010.9
1771054200000,8.829,8.865,8.827,8.862,3542.9
1771055100000,8.86,8.895,8.85,8.881,16487.7
1771056000000,8.881,8.962,8.879,8.904,44226.5
1771056900000,8.904,8.913,8.889,8.905,19581.3
1771057800000,8.905,8.965,8.903,8.963,26510.6
1771058700000,8.961,8.974,8.938,8.957,9812.1
1771059600000,8.959,8.97,8.95,8.953,8010.0
1771060500000,8.953,8.991,8.945,8.969,35439.1
1771061400000,8.969,8.99,8.962,8.981,8895.9
1771062300000,8.983,8.987,8.97,8.973,7775.3
1771063200000,8.971,8.973,8.929,8.935,12499.7
1771064100000,8.935,8.941,8.918,8.924,8279.9
1771065000000,8.926,8.932,8.918,8.925,5123.4
1771065900000,8.925,8.93,8.919,8.928,5566.8
1771066800000,8.926,8.978,8.926,8.974,14320.4
1771067700000,8.976,9.036,8.969,9.01,40389.7
1771068600000,9.012,9.022,8.995,9.012,17855.3
1771069500000,9.014,9.036,9.004,9.031,14452.4
1771070400000,9.03,9.031,9.015,9.03,10122.9
1771071300000,9.028,9.035,9.009,9.011,14361.7
1771072200000,9.011,9.013,8.947,8.959,24769.4
1771073100000,8.961,8.965,8.915,8.93,20721.0
1771074000000,8.93,8.949,8.917,8.947,11975.9
1771074900000,8.945,8.952,8.917,8.92,9730.8
1771075800000,8.92,8.944,8.893,8.928,48179.3
1771076700000,8.926,8.961,8.922,8.947,15677.7
1771077600000,8.947,8.973,8.944,8.97,8520.4
1771078500000,8.972,8.985,8.947,8.961,10178.9
1771079400000,8.959,8.99,8.959,8.98,10236.9
1771080300000,8.98,9.035,8.973,9.026,20955.7
1771081200000,9.026,9.034,8.998,9.001,9166.7
1771082100000,9.001,9.044,8.997,9.02,11876.0
1771083000000,9.022,9.031,8.991,9.013,10112.7
1771083900000,9.011,9.036,9.004,9.031,9571.5
1771084800000,9.031,9.036,9.007,9.009,16894.7
1771085700000,9.007,9.012,8.97,8.989,16996.9
1771086600000,8.987,9.033,8.965,9.027,8327.7
1771087500000,9.029,9.077,9.012,9.064,23927.9
1771088400000,9.064,9.084,9.042,9.077,22913.8
1771089300000,9.077,9.129,9.063,9.106,37095.7
1771090200000,9.104,9.115,9.056,9.075,24400.8
1771091100000,9.071,9.078,9.035,9.039,10648.8
1771092000000,9.039,9.072,9.031,9.063,12685.3
1771092900000,9.063,9.101,9.054,9.09,10435.9
1771093800000,9.087,9.112,9.082,9.096,7475.4
1771094700000,9.098,9.121,9.094,9.117,11416.2
1771095600000,9.115,9.134,9.101,9.123,12935.8
1771096500000,9.122,9.161,9.094,9.148,21430.2
1771097400000,9.146,9.172,9.144,9.159,19974.2
1771098300000,9.157,9.183,9.154,9.161,8379.0
1771099200000,9.163,9.188,9.118,9.118,14255.9
1771100100000,9.119,9.132,9.079,9.1,14066.2
1771101000000,9.102,9.119,9.089,9.111,8422.0
1771101900000,9.111,9.14,9.111,9.135,6798.7
1771102800000,9.135,9.2,9.132,9.181,34240.8
1771103700000,9.181,9.197,9.137,9.139,25978.0
1771104600000,9.139,9.143,9.085,9.12,17383.4
1771105500000,9.12,9.143,9.109,9.136,5259.7
1771106400000,9.136,9.172,9.125,9.17,9586.7
1771107300000,9.17,9.17,9.126,9.139,7463.9
1771108200000,9.139,9.174,9.131,9.168,5155.4
1771109100000,9.166,9.181,9.117,9.117,13916.7
1771110000000,9.117,9.135,9.105,9.12,7455.2
1771110900000,9.118,9.131,9.074,9.089,10642.3
1771111800000,9.092,9.106,9.073,9.087,4494.5
1771112700000,9.087,9.099,9.075,9.085,7444.9
1771113600000,9.083,9.1,9.045,9.048,19920.0
1771114500000,9.05,9.086,9.048,9.052,11939.5
1771115400000,9.052,9.068,9.03,9.036,13053.3
1771116300000,9.036,9.069,9.024,9.059,9774.5
1771117200000,9.059,9.115,9.055,9.109,11004.6
1771118100000,9.109,9.113,9.008,9.025,14468.1
1771119000000,9.023,9.045,8.994,9.023,19573.9
1771119900000,9.025,9.06,9.013,9.059,11947.3
1771120800000,9.059,9.11,9.032,9.046,13700.9
1771121700000,9.046,9.062,9.016,9.03,21109.7
1771122600000,9.027,9.053,8.996,9.034,16692.6
1771123500000,9.034,9.062,9.022,9.044,17623.0
1771124400000,9.044,9.078,9.042,9.048,6086.3
1771125300000,9.048,9.067,9.024,9.024,4978.3
1771126200000,9.025,9.032,8.932,8.958,33995.4
1771127100000,8.958,9.067,8.958,9.062,19821.8
1771128000000,9.062,9.162,9.062,9.141,25699.0
1771128900000,9.143,9.17,9.06,9.064,36060.2
1771129800000,9.064,9.124,9.06,9.116,8442.8
1771130700000,9.116,9.134,9.077,9.087,17299.9
1771131600000,9.089,9.151,9.077,9.136,24463.4
1771132500000,9.138,9.183,9.134,9.16,26978.8
1771133400000,9.158,9.19,9.143,9.184,9971.7
1771134300000,9.182,9.197,9.168,9.183,11760.7
1771135200000,9.183,9.187,9.15,9.167,7176.1
1771136100000,9.167,9.204,9.159,9.17,7803.5
1771137000000,9.172,9.182,9.152,9.155,5475.6
1771137900000,9.152,9.156,9.118,9.141,18300.0
1771138800000,9.141,9.17,9.129,9.168,5355.2
1771139700000,9.166,9.188,9.152,9.152,6896.7
1771140600000,9.153,9.238,9.143,9.181,35841.4
1771141500000,9.181,9.208,9.176,9.197,9871.0
1771142400000,9.195,9.234,9.194,9.198,12825.5
1771143300000,9.204,9.238,9.16,9.165,13981.8
1771144200000,9.163,9.175,9.05,9.079,37663.8
1771145100000,9.079,9.123,9.065,9.116,20350.8
1771146000000,9.118,9.183,9.1,9.156,13409.4
1771146900000,9.158,9.169,9.126,9.134,7464.5
1771147800000,9.132,9.155,9.107,9.124,6609.3
1771148700000,9.122,9.131,9.093,9.123,12297.7
1771149600000,9.123,9.132,9.046,9.052,13247.7
1771150500000,9.054,9.083,9.027,9.07,16446.2
1771151400000,9.068,9.071,9.036,9.066,5823.2
1771152300000,9.07,9.086,9.059,9.077,7742.9
1771153200000,9.075,9.099,9.066,9.077,9012.4
1771154100000,9.077,9.098,9.057,9.068,8412.8
1771155000000,9.068,9.072,9.05,9.056,20131.7
1771155900000,9.061,9.068,9.037,9.049,6598.1
1771156800000,9.051,9.058,8.997,9.014,18308.9
1771157700000,9.012,9.053,8.997,9.041,14227.7
1771158600000,9.041,9.058,8.997,9.019,8727.5
1771159500000,9.019,9.021,8.832,8.832,72369.9
1771160400000,8.833,8.919,8.832,8.908,46343.9
1771161300000,8.905,8.922,8.851,8.851,21744.4
1771162200000,8.853,8.864,8.806,8.817,37004.1
1771163100000,8.817,8.837,8.756,8.788,33229.4
1771164000000,8.788,8.843,8.781,8.818,16211.0
1771164900000,8.82,8.837,8.803,8.824,13107.0
1771165800000,8.826,8.868,8.811,8.86,11763.2
1771166700000,8.862,8.876,8.851,8.874,11956.5
1771167600000,8.875,8.893,8.851,8.886,10543.5
1771168500000,8.886,8.888,8.835,8.837,19248.1
1771169400000,8.837,8.858,8.827,8.858,8148.1
1771170300000,8.856,8.871,8.843,8.863,6039.5
1771171200000,8.861,8.864,8.782,8.822,26813.1
1771172100000,8.826,8.849,8.81,8.847,16567.2
1771173000000,8.847,8.85,8.819,8.84,4758.2
1771173900000,8.844,8.867,8.837,8.867,38962.2
1771174800000,8.867,8.881,8.857,8.862,16661.9
1771175700000,8.862,8.864,8.806,8.817,9726.6
1771176600000,8.817,8.849,8.792,8.799,13529.5
1771177500000,8.796,8.798,8.66,8.746,90010.8
1771178400000,8.748,8.752,8.691,8.723,19768.3
1771179300000,8.721,8.758,8.7,8.702,12349.9
1771180200000,8.702,8.713,8.666,8.713,24850.7
1771181100000,8.713,8.716,8.661,8.684,10099.6
1771182000000,8.684,8.696,8.606,8.646,43243.2
1771182900000,8.648,8.699,8.633,8.692,10282.5
1771183800000,8.692,8.694,8.596,8.615,11942.2
1771184700000,8.613,8.647,8.613,8.638,7396.0
1771185600000,8.64,8.66,8.606,8.651,17594.2
1771186500000,8.651,8.657,8.619,8.654,24563.7
1771187400000,8.656,8.688,8.647,8.667,9587.6
1771188300000,8.671,8.676,8.64,8.659,5090.2
1771189200000,8.659,8.698,8.657,8.694,8092.3
1771190100000,8.694,8.725,8.679,8.698,15751.0
1771191000000,8.7,8.738,8.698,8.703,9209.9
1771191900000,8.703,8.727,8.7,8.714,5731.7
1771192800000,8.712,8.726,8.691,8.698,7097.1
1771193700000,8.696,8.738,8.695,8.726,5374.9
1771194600000,8.726,8.76,8.722,8.751,7935.3
1771195500000,8.749,8.776,8.738,8.776,8203.0
1771196400000,8.774,8.776,8.673,8.69,11065.7
1771197300000,8.69,8.728,8.68,8.723,5185.8
1771198200000,8.721,8.765,8.721,8.747,5726.2
1771199100000,8.747,8.784,8.747,8.777,6417.5
1771200000000,8.775,8.842,8.759,8.83,10264.1
1771200900000,8.827,8.853,8.768,8.781,9889.5
1771201800000,8.781,8.8,8.752,8.752,6022.9
1771202700000,8.752,8.805,8.746,8.78,6194.2
1771203600000,8.78,8.819,8.771,8.776,5749.9
1771204500000,8.776,8.791,8.737,8.749,5195.2
1771205400000,8.747,8.762,8.705,8.723,10032.6
1771206300000,8.725,8.749,8.723,8.742,6853.7
1771207200000,8.742,8.776,8.729,8.761,6044.2
1771208100000,8.765,8.765,8.723,8.726,11861.4
1771209000000,8.728,8.747,8.718,8.733,4317.7
1771209900000,8.729,8.741,8.698,8.709,12099.7
1771210800000,8.711,8.731,8.709,8.719,6052.0
1771211700000,8.719,8.73,8.693,8.702,13597.1
1771212600000,8.702,8.735,8.702,8.732,6627.8
1771213500000,8.73,8.748,8.722,8.744,6237.7
1771214400000,8.744,8.793,8.742,8.786,10028.8
1771215300000,8.788,8.806,8.776,8.792,11597.0
1771216200000,8.79,8.797,8.768,8.775,4850.5
1771217100000,8.777,8.806,8.771,8.802,10762.6
1771218000000,8.802,8.819,8.728,8.729,9360.5
1771218900000,8.729,8.736,8.676,8.694,26715.5
1771219800000,8.696,8.706,8.662,8.682,7017.1
1771220700000,8.68,8.696,8.676,8.687,5384.6
1771221600000,8.685,8.718,8.681,8.704,5214.1
1771222500000,8.706,8.731,8.697,8.725,9958.1
1771223400000,8.725,8.77,8.722,8.756,8113.6
1771224300000,8.756,8.764,8.741,8.753,4889.4
1771225200000,8.753,8.776,8.736,8.771,8574.5
1771226100000,8.771,8.793,8.758,8.769,6988.1
1771227000000,8.767,8.789,8.735,8.745,15602.7
1771227900000,8.745,8.769,8.743,8.76,5354.0
1771228800000,8.762,8.797,8.757,8.781,20229.9
1771229700000,8.774,8.806,8.774,8.797,7952.6
1771230600000,8.795,8.8,8.784,8.799,5044.8
1771231500000,8.8,8.82,8.797,8.814,8689.8
1771232400000,8.812,8.865,8.804,8.839,17912.1
1771233300000,8.839,8.847,8.818,8.842,9072.2
1771234200000,8.841,8.878,8.817,8.867,11392.0
1771235100000,8.865,8.885,8.858,8.873,7513.7
1771236000000,8.873,8.876,8.852,8.866,4814.7
1771236900000,8.868,8.871,8.829,8.844,12252.2
1771237800000,8.844,8.858,8.821,8.834,10275.0
1771238700000,8.832,8.837,8.807,8.817,6588.5
1771239600000,8.817,8.835,8.747,8.757,18026.8
1771240500000,8.757,8.769,8.692,8.762,29284.1
1771241400000,8.76,8.766,8.744,8.751,20605.4
1771242300000,8.751,8.808,8.751,8.785,9207.3
1771243200000,8.783,8.793,8.77,8.771,6106.7
1771244100000,8.771,8.875,8.75,8.862,20277.7
1771245000000,8.862,8.881,8.822,8.867,15399.5
1771245900000,8.871,8.922,8.857,8.915,26065.2
1771246800000,8.917,8.986,8.903,8.915,60321.2
1771247700000,8.915,8.943,8.752,8.808,61495.0
1771248600000,8.8,8.845,8.761,8.803,43786.1
1771249500000,8.803,8.812,8.728,8.756,21599.4
1771250400000,8.756,8.792,8.741,8.767,12385.5
1771251300000,8.769,8.798,8.726,8.746,11216.9
1771252200000,8.748,8.845,8.741,8.833,15338.0
1771253100000,8.833,8.892,8.816,8.832,27133.7
1771254000000,8.834,8.89,8.824,8.824,10390.4
1771254900000,8.824,8.828,8.779,8.787,13350.0
1771255800000,8.786,8.788,8.64,8.698,65616.7
1771256700000,8.698,8.729,8.674,8.703,12414.6
1771257600000,8.705,8.805,8.701,8.762,17798.2
1771258500000,8.767,8.791,8.73,8.764,10817.0
1771259400000,8.766,8.77,8.721,8.77,18993.8
1771260300000,8.777,8.78,8.757,8.771,13452.3
1771261200000,8.771,8.794,8.741,8.761,18444.3
1771262100000,8.763,8.794,8.73,8.789,10881.2
1771263000000,8.789,8.83,8.782,8.817,12316.9
1771263900000,8.819,8.819,8.782,8.789,10574.0
1771264800000,8.789,8.817,8.785,8.81,6014.7
1771265700000,8.808,8.824,8.785,8.789,5395.7
1771266600000,8.789,8.794,8.76,8.764,5832.7
1771267500000,8.764,8.778,8.746,8.751,6767.7
1771268400000,8.753,8.768,8.751,8.763,6167.4
1771269300000,8.763,8.783,8.736,8.774,7975.5
1771270200000,8.772,8.812,8.771,8.803,10118.5
1771271100000,8.801,8.808,8.776,8.781,4305.0
1771272000000,8.781,8.782,8.759,8.765,5595.2
1771272900000,8.767,8.819,8.756,8.811,6502.4
1771273800000,8.816,8.83,8.8,8.82,10376.3
1771274700000,8.822,8.875,8.816,8.864,31000.7
1771275600000,8.862,8.891,8.841,8.891,35663.8
1771276500000,8.889,8.913,8.871,8.882,24074.8
1771277400000,8.88,8.892,8.865,8.876,4258.7
1771278300000,8.876,8.958,8.87,8.945,16541.3
1771279200000,8.947,8.96,8.917,8.921,11310.8
1771280100000,8.921,8.929,8.896,8.905,10016.9
1771281000000,8.903,8.922,8.887,8.917,6917.9
1771281900000,8.919,8.919,8.882,8.891,5518.7
1771282800000,8.891,8.907,8.875,8.904,3980.0
1771283700000,8.906,8.93,8.902,8.911,12035.9
1771284600000,8.913,8.921,8.899,8.901,5328.3
1771285500000,8.903,8.944,8.901,8.93,5944.0
1771286400000,8.932,8.951,8.922,8.946,12243.9
1771287300000,8.946,8.951,8.912,8.937,5701.9
1771288200000,8.937,8.942,8.918,8.923,4464.7
1771289100000,8.923,8.965,8.92,8.92,5087.9
1771290000000,8.92,8.959,8.913,8.944,4613.6
1771290900000,8.948,8.955,8.924,8.926,3562.7
1771291800000,8.926,8.957,8.914,8.93,3717.3
1771292700000,8.932,8.935,8.883,8.891,5137.7
1771293600000,8.891,8.989,8.856,8.968,23959.6
1771294500000,8.968,8.983,8.954,8.966,15014.9
1771295400000,8.971,8.978,8.952,8.975,4648.0
1771296300000,8.975,8.987,8.964,8.964,3571.6
1771297200000,8.966,8.966,8.925,8.935,9185.3
1771298100000,8.938,8.951,8.922,8.935,3139.4
1771299000000,8.935,8.935,8.908,8.924,9962.4
1771299900000,8.929,8.942,8.918,8.92,3963.7
1771300800000,8.918,8.934,8.908,8.922,4559.6
1771301700000,8.922,8.958,8.906,8.942,4991.0
1771302600000,8.942,8.942,8.882,8.909,5234.4
1771303500000,8.909,8.919,8.9,8.908,3072.4
1771304400000,8.908,8.914,8.873,8.878,8581.1
1771305300000,8.876,8.881,8.815,8.827,18798.8
1771306200000,8.823,8.849,8.795,8.841,12976.5
1771307100000,8.841,8.862,8.839,8.851,8471.7
1771308000000,8.853,8.88,8.851,8.864,4865.7
1771308900000,8.869,8.891,8.852,8.88,6902.0
1771309800000,8.88,8.9,8.871,8.898,9194.7
1771310700000,8.896,8.904,8.887,8.892,8898.6
1771311600000,8.89,8.892,8.855,8.863,6221.0
1771312500000,8.861,8.865,8.837,8.841,7994.5
1771313400000,8.841,8.872,8.828,8.865,6184.2
1771314300000,8.865,8.883,8.858,8.864,4887.2
1771315200000,8.865,8.891,8.86,8.875,4854.1
1771316100000,8.875,8.878,8.859,8.86,5664.7
1771317000000,8.862,8.868,8.816,8.826,7987.1
1771317900000,8.828,8.834,8.813,8.822,6546.5
1771318800000,8.82,8.836,8.792,8.8,11729.5
1771319700000,8.802,8.814,8.787,8.802,7433.8
1771320600000,8.804,8.809,8.781,8.799,8433.7
1771321500000,8.797,8.82,8.792,8.809,7656.2
1771322400000,8.809,8.821,8.793,8.797,6147.3
1771323300000,8.802,8.802,8.744,8.752,15879.9
1771324200000,8.75,8.758,8.74,8.746,5947.0
1771325100000,8.748,8.755,8.727,8.753,11923.6
1771326000000,8.751,8.774,8.732,8.771,7194.1
1771326900000,8.771,8.777,8.737,8.765,10598.5
1771327800000,8.765,8.769,8.738,8.746,8955.4
1771328700000,8.746,8.771,8.739,8.762,7294.5
1771329600000,8.764,8.8,8.756,8.782,10248.1
1771330500000,8.782,8.787,8.763,8.784,5177.2
1771331400000,8.784,8.808,8.774,8.793,7731.0
1771332300000,8.793,8.798,8.749,8.764,11862.2
1771333200000,8.764,8.824,8.75,8.822,12698.1
1771334100000,8.824,8.858,8.807,8.813,14574.2
1771335000000,8.813,8.818,8.799,8.809,7048.6
1771335900000,8.807,8.874,8.801,8.858,20214.2
1771336800000,8.86,8.889,8.838,8.861,10702.4
1771337700000,8.861,8.87,8.835,8.858,6620.3
1771338600000,8.856,8.908,8.728,8.752,34116.9
1771339500000,8.75,8.762,8.683,8.702,57489.0
1771340400000,8.7,8.775,8.696,8.722,33582.7
1771341300000,8.72,8.777,8.683,8.703,22453.7
1771342200000,8.703,8.734,8.656,8.728,28429.4
1771343100000,8.73,8.776,8.728,8.768,13876.5
1771344000000,8.77,8.881,8.765,8.848,49592.5
1771344900000,8.846,8.891,8.809,8.813,17422.0
1771345800000,8.813,8.947,8.811,8.889,24116.6
1771346700000,8.889,8.894,8.815,8.818,9834.9
1771347600000,8.816,8.834,8.721,8.755,28447.1
1771348500000,8.753,8.801,8.753,8.801,8272.1
1771349400000,8.799,8.805,8.701,8.702,13298.0
1771350300000,8.704,8.736,8.686,8.732,14559.6
1771351200000,8.732,8.75,8.716,8.745,5662.8
1771352100000,8.74,8.843,8.714,8.833,14145.2
1771353000000,8.835,8.913,8.823,8.892,18714.8
1771353900000,8.892,8.922,8.87,8.888,15473.8
1771354800000,8.89,8.939,8.88,8.932,6564.2
1771355700000,8.932,8.944,8.871,8.878,11526.7
1771356600000,8.878,8.891,8.852,8.89,10073.3
1771357500000,8.89,8.907,8.861,8.877,5889.7
1771358400000,8.877,8.889,8.84,8.852,7362.2
1771359300000,8.85,8.865,8.827,8.854,7467.9
1771360200000,8.856,8.877,8.815,8.866,4811.8
1771361100000,8.866,8.873,8.847,8.855,3753.2
1771362000000,8.851,8.891,8.837,8.889,5938.5
1771362900000,8.891,8.894,8.846,8.847,6681.6
1771363800000,8.847,8.856,8.832,8.856,3520.6
1771364700000,8.854,8.87,8.848,8.868,8415.5
1771365600000,8.868,8.877,8.852,8.87,3835.3
1771366500000,8.87,8.885,8.862,8.872,4477.8
1771367400000,8.87,8.894,8.863,8.874,3517.4
1771368300000,8.874,8.875,8.837,8.848,3182.8
1771369200000,8.847,8.852,8.821,8.832,4637.8
1771370100000,8.834,8.856,8.827,8.827,2963.6
1771371000000,8.829,8.837,8.814,8.834,3793.6
1771371900000,8.832,8.834,8.815,8.825,4519.7
1771372800000,8.823,8.846,8.822,8.834,4015.1
1771373700000,8.834,8.841,8.811,8.822,5874.8
1771374600000,8.822,8.839,8.818,8.82,4443.5
1771375500000,8.82,8.822,8.786,8.788,13327.3
1771376400000,8.786,8.807,8.75,8.774,8441.1
1771377300000,8.768,8.795,8.762,8.769,4107.7
1771378200000,8.767,8.789,8.739,8.787,18307.9
1771379100000,8.789,8.798,8.773,8.789,4169.6
1771380000000,8.789,8.856,8.787,8.841,11036.1
1771380900000,8.841,8.848,8.828,8.828,4237.8
1771381800000,8.828,8.865,8.825,8.855,3904.2
1771382700000,8.857,8.857,8.842,8.846,3359.9
1771383600000,8.848,8.854,8.837,8.851,5176.1
1771384500000,8.849,8.877,8.849,8.875,3567.9
1771385400000,8.875,8.901,8.868,8.887,21209.1
1771386300000,8.885,8.897,8.878,8.881,3409.1
1771387200000,8.879,8.885,8.851,8.857,4975.4
1771388100000,8.857,8.875,8.85,8.85,3188.2
1771389000000,8.85,8.852,8.829,8.837,3716.2
1771389900000,8.837,8.853,8.825,8.843,5956.9
1771390800000,8.843,8.852,8.832,8.844,2926.8
1771391700000,8.844,8.867,8.833,8.835,3114.6
1771392600000,8.837,8.848,8.824,8.848,3631.9
1771393500000,8.848,8.865,8.84,8.844,3663.7
1771394400000,8.842,8.862,8.842,8.861,3154.3
1771395300000,8.859,8.878,8.852,8.878,5876.0
1771396200000,8.878,8.88,8.867,8.88,4595.1
1771397100000,8.878,8.891,8.852,8.852,7683.2
1771398000000,8.852,8.873,8.851,8.855,4660.4
1771398900000,8.855,8.859,8.844,8.858,4776.4
1771399800000,8.858,8.907,8.85,8.896,6570.7
1771400700000,8.898,8.931,8.889,8.911,10780.1
1771401600000,8.913,8.938,8.91,8.923,11484.8
1771402500000,8.923,8.996,8.92,8.955,15542.3
1771403400000,8.953,8.961,8.91,8.913,8898.2
1771404300000,8.912,8.916,8.889,8.897,7262.1
1771405200000,8.895,8.901,8.882,8.893,6794.4
1771406100000,8.893,8.899,8.884,8.895,6734.3
1771407000000,8.895,8.902,8.887,8.9,7264.1
1771407900000,8.9,8.9,8.875,8.878,5514.3
1771408800000,8.878,8.923,8.878,8.916,8882.1
1771409700000,8.916,8.918,8.882,8.891,5715.9
1771410600000,8.891,8.891,8.834,8.838,16177.3
1771411500000,8.84,8.85,8.829,8.84,12915.5
1771412400000,8.84,8.848,8.755,8.795,21975.8
1771413300000,8.795,8.807,8.786,8.795,9265.3
1771414200000,8.793,8.808,8.786,8.804,5294.1
1771415100000,8.802,8.822,8.756,8.764,8679.4
1771416000000,8.762,8.785,8.745,8.752,16173.6
1771416900000,8.752,8.763,8.739,8.762,8569.1
1771417800000,8.763,8.772,8.717,8.765,14238.0
1771418700000,8.765,8.789,8.763,8.774,24868.3
1771419600000,8.772,8.788,8.756,8.769,13489.3
1771420500000,8.766,8.783,8.748,8.763,14724.4
1771421400000,8.761,8.77,8.708,8.718,26453.5
1771422300000,8.716,8.722,8.659,8.699,32566.4
1771423200000,8.699,8.715,8.687,8.701,9596.2
1771424100000,8.703,8.705,8.667,8.669,14776.3
1771425000000,8.667,8.745,8.662,8.709,27926.4
1771425900000,8.706,8.75,8.662,8.727,28554.7
1771426800000,8.725,8.796,8.721,8.773,16830.3
1771427700000,8.773,8.785,8.743,8.744,7661.4
1771428600000,8.746,8.893,8.742,8.857,36835.7
1771429500000,8.857,8.865,8.791,8.795,16926.8
1771430400000,8.795,8.797,8.683,8.701,42696.9
1771431300000,8.701,8.743,8.686,8.733,17270.4
1771432200000,8.733,8.75,8.702,8.733,18991.1
1771433100000,8.733,8.74,8.7,8.709,6408.5
1771434000000,8.709,8.794,8.706,8.728,17300.8
1771434900000,8.728,8.743,8.707,8.717,5775.3
1771435800000,8.715,8.728,8.702,8.705,6879.9
1771436700000,8.705,8.715,8.699,8.7,5403.0
1771437600000,8.7,8.718,8.691,8.702,4259.5
1771438500000,8.7,8.71,8.614,8.671,36415.5
1771439400000,8.671,8.688,8.602,8.607,28719.7
1771440300000,8.607,8.65,8.603,8.618,18672.8
1771441200000,8.616,8.663,8.602,8.63,12241.4
1771442100000,8.632,8.642,8.593,8.605,17912.0
1771443000000,8.607,8.61,8.51,8.557,58580.4
1771443900000,8.555,8.593,8.536,8.567,10747.8
1771444800000,8.567,8.583,8.539,8.542,9974.9
1771445700000,8.542,8.562,8.531,8.548,8408.2
1771446600000,8.548,8.601,8.548,8.594,24343.0
1771447500000,8.594,8.609,8.551,8.555,8884.4
1771448400000,8.553,8.576,8.541,8.566,11302.0
1771449300000,8.566,8.59,8.559,8.588,5197.0
1771450200000,8.588,8.605,8.585,8.597,6119.3
1771451100000,8.593,8.597,8.552,8.559,4366.6
1771452000000,8.557,8.575,8.518,8.538,9773.8
1771452900000,8.538,8.563,8.529,8.537,6561.0
1771453800000,8.539,8.581,8.537,8.571,6286.3
1771454700000,8.573,8.586,8.565,8.567,3478.3
1771455600000,8.569,8.573,8.555,8.567,4955.8
1771456500000,8.567,8.574,8.557,8.562,4714.5
1771457400000,8.562,8.593,8.56,8.59,4273.3
1771458300000,8.59,8.6,8.586,8.599,3998.2
1771459200000,8.597,8.599,8.575,8.587,15639.5
1771460100000,8.585,8.599,8.564,8.58,5832.2
1771461000000,8.58,8.609,8.576,8.607,4573.6
1771461900000,8.605,8.615,8.586,8.598,4052.5
1771462800000,8.596,8.663,8.596,8.657,13884.8
1771463700000,8.659,8.66,8.611,8.631,7980.8
1771464600000,8.631,8.66,8.622,8.654,5361.6
1771465500000,8.654,8.671,8.646,8.666,9769.3
1771466400000,8.664,8.681,8.653,8.67,14689.0
1771467300000,8.67,8.68,8.656,8.676,4754.0
1771468200000,8.674,8.676,8.626,8.629,5568.3
1771469100000,8.627,8.659,8.622,8.65,5256.0
1771470000000,8.65,8.658,8.62,8.633,3567.0
1771470900000,8.631,8.675,8.631,8.675,6971.1
1771471800000,8.674,8.675,8.639,8.651,3703.9
1771472700000,8.651,8.667,8.64,8.665,3783.7
1771473600000,8.665,8.696,8.662,8.672,7048.6
1771474500000,8.674,8.687,8.668,8.685,3942.8
1771475400000,8.687,8.713,8.685,8.691,5896.5
1771476300000,8.689,8.701,8.669,8.673,9468.8
1771477200000,8.671,8.688,8.656,8.671,4938.7
1771478100000,8.671,8.683,8.618,8.627,7469.6
1771479000000,8.627,8.642,8.619,8.631,3601.0
1771479900000,8.629,8.663,8.62,8.655,3183.8
1771480800000,8.657,8.693,8.651,8.681,7785.0
1771481700000,8.681,8.733,8.676,8.733,14372.3
1771482600000,8.733,8.747,8.703,8.703,11229.1
1771483500000,8.703,8.73,8.703,8.716,5954.7
1771484400000,8.716,8.718,8.683,8.705,10874.0
1771485300000,8.703,8.718,8.694,8.711,6195.0
1771486200000,8.713,8.73,8.689,8.698,7732.8
1771487100000,8.698,8.706,8.685,8.698,3909.5
1771488000000,8.696,8.698,8.663,8.667,8313.2
1771488900000,8.667,8.676,8.638,8.648,6590.4
1771489800000,8.646,8.649,8.603,8.611,15765.7
1771490700000,8.611,8.631,8.605,8.628,6969.8
1771491600000,8.628,8.641,8.601,8.629,15107.5
1771492500000,8.627,8.675,8.616,8.673,10843.9
1771493400000,8.673,8.685,8.657,8.67,7500.6
1771494300000,8.67,8.67,8.596,8.599,9673.6
1771495200000,8.599,8.599,8.559,8.585,20452.9
1771496100000,8.585,8.617,8.582,8.6,8337.6
1771497000000,8.598,8.609,8.583,8.603,7925.6
1771497900000,8.603,8.605,8.563,8.577,4823.0
1771498800000,8.577,8.591,8.57,8.588,5160.9
1771499700000,8.588,8.609,8.588,8.593,4550.0
1771500600000,8.593,8.603,8.576,8.594,7065.5
1771501500000,8.594,8.597,8.555,8.565,10134.1
1771502400000,8.567,8.585,8.551,8.572,10924.0
1771503300000,8.577,8.598,8.562,8.598,4405.9
1771504200000,8.596,8.601,8.566,8.589,9184.1
1771505100000,8.587,8.591,8.549,8.549,10544.5
1771506000000,8.551,8.555,8.475,8.515,40297.1
1771506900000,8.517,8.521,8.477,8.484,15624.8
1771507800000,8.482,8.489,8.39,8.401,68571.1
1771508700000,8.401,8.413,8.361,8.397,28481.6
1771509600000,8.397,8.44,8.393,8.429,16198.2
1771510500000,8.428,8.436,8.399,8.429,10990.1
1771511400000,8.427,8.491,8.391,8.475,25467.3
1771512300000,8.479,8.518,8.45,8.473,15132.8
1771513200000,8.476,8.52,8.379,8.386,17986.2
1771514100000,8.386,8.445,8.383,8.406,22097.1
1771515000000,8.406,8.479,8.381,8.464,11098.8
1771515900000,8.466,8.48,8.396,8.436,16632.4
1771516800000,8.434,8.436,8.339,8.399,40709.8
1771517700000,8.399,8.46,8.387,8.399,12169.6
1771518600000,8.401,8.465,8.399,8.45,10531.7
1771519500000,8.45,8.455,8.405,8.427,5232.1
1771520400000,8.427,8.477,8.415,8.467,15209.5
1771521300000,8.467,8.544,8.451,8.47,18144.6
1771522200000,8.47,8.48,8.443,8.466,6632.5
1771523100000,8.464,8.47,8.391,8.419,12282.9
1771524000000,8.421,8.489,8.408,8.484,7636.8
1771524900000,8.486,8.524,8.452,8.51,12770.8
1771525800000,8.51,8.532,8.476,8.527,11789.0
1771526700000,8.529,8.535,8.506,8.525,8775.1
1771527600000,8.527,8.539,8.496,8.5,8290.0
1771528500000,8.5,8.511,8.471,8.479,4809.0
1771529400000,8.479,8.484,8.45,8.473,5182.3
1771530300000,8.473,8.52,8.46,8.51,17237.3
1771531200000,8.51,8.52,8.485,8.498,6717.9
1771532100000,8.498,8.498,8.474,8.489,3982.6
1771533000000,8.489,8.509,8.48,8.498,3993.9
1771533900000,8.496,8.539,8.496,8.52,8080.8
1771534800000,8.52,8.55,8.515,8.524,27303.0
1771535700000,8.524,8.543,8.523,8.532,3969.0
1771536600000,8.532,8.546,8.526,8.529,3594.1
1771537500000,8.527,8.534,8.508,8.514,6049.9
1771538400000,8.512,8.531,8.501,8.524,4429.6
1771539300000,8.524,8.524,8.486,8.496,8181.0
1771540200000,8.496,8.499,8.48,8.495,3681.8
1771541100000,8.495,8.527,8.49,8.527,3485.4
1771542000000,8.525,8.535,8.516,8.53,4608.5
1771542900000,8.53,8.559,8.526,8.552,5847.7
1771543800000,8.556,8.567,8.55,8.563,3938.0
1771544700000,8.563,8.572,8.557,8.572,5618.8
1771545600000,8.572,8.597,8.558,8.595,29599.8
1771546500000,8.597,8.637,8.586,8.632,13325.8
1771547400000,8.634,8.646,8.612,8.618,8874.7
1771548300000,8.62,8.625,8.609,8.614,4254.9
1771549200000,8.611,8.638,8.605,8.636,3405.3
1771550100000,8.638,8.638,8.591,8.608,6429.6
1771551000000,8.606,8.627,8.602,8.624,3801.7
1771551900000,8.624,8.624,8.587,8.607,6833.4
1771552800000,8.607,8.629,8.601,8.608,6281.0
1771553700000,8.61,8.614,8.588,8.597,10196.5
1771554600000,8.597,8.611,8.586,8.61,6621.0
1771555500000,8.61,8.61,8.585,8.586,4100.6
1771556400000,8.585,8.599,8.58,8.589,4327.4
1771557300000,8.589,8.636,8.586,8.62,6042.9
1771558200000,8.624,8.638,8.606,8.608,7602.8
1771559100000,8.608,8.614,8.6,8.602,5412.5
1771560000000,8.6,8.604,8.57,8.577,7555.2
1771560900000,8.577,8.587,8.52,8.542,9132.5
1771561800000,8.544,8.586,8.54,8.581,4357.3
1771562700000,8.581,8.581,8.544,8.559,6510.1
1771563600000,8.559,8.563,8.541,8.556,4617.7
1771564500000,8.558,8.578,8.542,8.571,6904.5
1771565400000,8.573,8.66,8.571,8.653,29702.6
1771566300000,8.653,8.669,8.621,8.629,9129.8
1771567200000,8.627,8.637,8.615,8.625,5412.8
1771568100000,8.627,8.632,8.6,8.602,16482.1
1771569000000,8.602,8.625,8.589,8.614,4547.2
1771569900000,8.612,8.637,8.61,8.636,4095.7
1771570800000,8.636,8.644,8.629,8.637,5219.6
1771571700000,8.637,8.657,8.634,8.653,11393.2
1771572600000,8.651,8.663,8.645,8.655,6717.2
1771573500000,8.655,8.674,8.635,8.651,11637.1
1771574400000,8.649,8.67,8.649,8.664,8178.6
1771575300000,8.664,8.691,8.662,8.682,10955.0
1771576200000,8.682,8.694,8.655,8.669,8574.4
1771577100000,8.669,8.687,8.661,8.673,6452.9
1771578000000,8.668,8.72,8.666,8.707,17003.1
1771578900000,8.705,8.714,8.675,8.684,5621.7
1771579800000,8.684,8.704,8.671,8.682,10063.5
1771580700000,8.684,8.701,8.676,8.694,5412.0
1771581600000,8.694,8.723,8.69,8.702,8862.5
1771582500000,8.702,8.726,8.689,8.711,7709.5
1771583400000,8.711,8.719,8.691,8.695,10691.2
1771584300000,8.695,8.697,8.663,8.667,18324.6
1771585200000,8.667,8.671,8.642,8.653,8569.4
1771586100000,8.655,8.655,8.636,8.642,6635.3
1771587000000,8.642,8.651,8.605,8.607,8711.4
1771587900000,8.605,8.63,8.601,8.617,11059.2
1771588800000,8.62,8.638,8.603,8.636,8930.1
1771589700000,8.634,8.643,8.605,8.611,6194.4
1771590600000,8.611,8.619,8.6,8.609,9994.4
1771591500000,8.607,8.646,8.607,8.627,8520.4
1771592400000,8.625,8.627,8.574,8.586,25018.4
1771593300000,8.585,8.609,8.549,8.582,23655.5
1771594200000,8.582,8.582,8.451,8.476,58405.7
1771595100000,8.478,8.51,8.462,8.5,21062.5
1771596000000,8.497,8.53,8.49,8.514,16223.5
1771596900000,8.516,8.574,8.505,8.565,24534.5
1771597800000,8.565,8.653,8.55,8.626,35419.5
1771598700000,8.624,8.63,8.594,8.601,12965.3
1771599600000,8.603,8.837,8.603,8.668,102613.0
1771600500000,8.669,8.77,8.633,8.748,36215.5
1771601400000,8.746,8.761,8.675,8.71,28887.7
1771602300000,8.709,8.83,8.704,8.822,25186.5
1771603200000,8.824,8.904,8.81,8.892,47793.5
1771604100000,8.89,8.97,8.865,8.882,40689.2
1771605000000,8.884,8.891,8.83,8.84,56300.6
1771605900000,8.84,8.938,8.829,8.915,25166.0
1771606800000,8.916,8.916,8.748,8.752,30562.1
1771607700000,8.75,8.753,8.694,8.732,50773.0
1771608600000,8.73,8.781,8.7,8.769,24026.0
1771609500000,8.769,8.867,8.765,8.845,35332.3
1771610400000,8.845,8.87,8.829,8.843,17667.5
1771611300000,8.843,8.872,8.824,8.861,19906.8
1771612200000,8.863,8.926,8.81,8.881,30534.5
1771613100000,8.883,8.924,8.859,8.895,12419.2
1771614000000,8.895,8.915,8.857,8.862,10273.8
1771614900000,8.862,8.885,8.855,8.87,8549.0
1771615800000,8.87,8.907,8.85,8.862,6484.3
1771616700000,8.864,8.899,8.859,8.897,6457.4
1771617600000,8.899,8.946,8.891,8.943,15000.3
1771618500000,8.945,8.949,8.9,8.903,9599.1
1771619400000,8.901,8.911,8.883,8.911,5117.5
1771620300000,8.911,8.918,8.882,8.903,5902.4
1771621200000,8.903,8.928,8.892,8.906,6250.4
1771622100000,8.912,8.923,8.896,8.918,4601.7
1771623000000,8.918,8.945,8.902,8.935,5959.4
1771623900000,8.935,8.978,8.933,8.976,17947.1
1771624800000,8.974,8.976,8.946,8.964,11194.4
1771625700000,8.962,9.018,8.941,8.987,86205.9
1771626600000,8.989,8.998,8.95,8.957,11294.9
1771627500000,8.959,8.984,8.949,8.967,31511.2
1771628400000,8.969,8.978,8.953,8.955,6223.6
1771629300000,8.955,8.971,8.947,8.965,5528.7
1771630200000,8.965,8.965,8.925,8.93,8366.5
1771631100000,8.93,8.942,8.926,8.938,4697.3
1771632000000,8.938,8.958,8.936,8.952,16702.7
1771632900000,8.952,8.954,8.92,8.921,14899.1
1771633800000,8.921,8.922,8.896,8.898,12953.5
1771634700000,8.898,8.904,8.885,8.9,6555.6
1771635600000,8.9,8.911,8.896,8.905,7410.6
1771636500000,8.905,8.912,8.899,8.905,5421.2
1771637400000,8.905,8.94,8.905,8.931,7733.4
1771638300000,8.933,8.951,8.931,8.944,10851.8
1771639200000,8.946,8.954,8.935,8.952,11127.4
1771640100000,8.952,8.963,8.94,8.959,4306.6
1771641000000,8.959,8.981,8.958,8.976,13052.8
1771641900000,8.976,8.978,8.928,8.931,7328.1
1771642800000,8.931,8.935,8.882,8.888,15756.9
1771643700000,8.89,8.898,8.872,8.886,10875.4
1771644600000,8.886,8.891,8.852,8.855,6241.2
1771645500000,8.857,8.887,8.855,8.885,12547.9
1771646400000,8.887,8.888,8.862,8.864,7448.3
1771647300000,8.864,8.877,8.856,8.873,9416.4
1771648200000,8.871,8.873,8.86,8.866,3289.7
1771649100000,8.86,8.883,8.855,8.88,4126.4
1771650000000,8.88,8.892,8.878,8.882,6164.5
1771650900000,8.884,8.898,8.882,8.895,3287.7
1771651800000,8.895,8.912,8.893,8.902,4375.3
1771652700000,8.902,8.904,8.88,8.885,7945.8
1771653600000,8.885,8.918,8.883,8.916,4510.0
1771654500000,8.914,8.916,8.9,8.902,4289.2
1771655400000,8.901,8.902,8.862,8.869,12291.9
1771656300000,8.867,8.876,8.86,8.868,3962.7
1771657200000,8.864,8.881,8.856,8.872,6139.0
1771658100000,8.874,8.883,8.865,8.867,7904.6
1771659000000,8.867,8.882,8.863,8.867,5045.2
1771659900000,8.865,8.867,8.858,8.861,4523.9
1771660800000,8.863,8.87,8.857,8.868,4595.2
1771661700000,8.866,8.878,8.863,8.874,3906.4
1771662600000,8.874,8.892,8.869,8.889,9828.0
1771663500000,8.885,8.915,8.878,8.904,11918.8
1771664400000,8.902,8.905,8.885,8.887,5686.8
1771665300000,8.885,8.945,8.885,8.939,17578.4
1771666200000,8.941,8.96,8.939,8.951,14204.6
1771667100000,8.953,8.961,8.918,8.919,17296.3
1771668000000,8.919,8.93,8.908,8.915,16184.2
1771668900000,8.913,8.928,8.907,8.925,6119.2
1771669800000,8.925,8.94,8.922,8.928,4105.2
1771670700000,8.928,8.928,8.907,8.914,5008.6
1771671600000,8.914,8.963,8.912,8.945,15601.8
1771672500000,8.945,8.979,8.942,8.96,11645.7
1771673400000,8.96,8.97,8.941,8.943,18967.2
1771674300000,8.941,8.949,8.932,8.936,4527.6
1771675200000,8.936,8.953,8.93,8.93,7173.4
1771676100000,8.93,8.934,8.905,8.908,26566.2
1771677000000,8.91,8.915,8.896,8.904,17287.7
1771677900000,8.904,8.926,8.899,8.924,9748.5
1771678800000,8.924,8.928,8.912,8.917,3828.5
1771679700000,8.917,8.928,8.902,8.922,7474.9
1771680600000,8.919,8.925,8.91,8.917,4271.9
1771681500000,8.917,8.976,8.917,8.972,10759.6
1771682400000,8.974,8.976,8.959,8.968,29546.7
1771683300000,8.968,9.039,8.961,8.979,76968.0
1771684200000,8.981,8.996,8.97,8.972,32505.2
1771685100000,8.972,8.976,8.948,8.955,16783.1
1771686000000,8.953,8.966,8.946,8.95,10496.6
1771686900000,8.95,8.965,8.931,8.931,6881.3
1771687800000,8.931,8.966,8.916,8.957,28778.6
1771688700000,8.955,8.963,8.932,8.933,5787.3
1771689600000,8.932,8.935,8.867,8.879,47968.1
1771690500000,8.881,8.892,8.839,8.883,34595.6
1771691400000,8.883,8.9,8.865,8.896,44746.8
1771692300000,8.896,8.907,8.884,8.886,7166.2
1771693200000,8.888,8.911,8.879,8.898,16002.9
1771694100000,8.896,8.918,8.877,8.906,12209.5
1771695000000,8.906,8.949,8.906,8.944,17049.2
1771695900000,8.944,8.962,8.939,8.95,10462.5
1771696800000,8.95,8.963,8.948,8.953,5398.8
1771697700000,8.953,8.969,8.945,8.948,5391.7
1771698600000,8.946,8.965,8.946,8.958,10490.3
1771699500000,8.958,8.99,8.95,8.968,7754.5
1771700400000,8.97,8.976,8.958,8.964,4259.7
1771701300000,8.964,8.969,8.941,8.949,5677.5
1771702200000,8.945,8.949,8.934,8.939,6094.7
1771703100000,8.937,8.939,8.919,8.927,12438.4
1771704000000,8.927,8.933,8.919,8.922,5443.4
1771704900000,8.922,8.947,8.922,8.938,3333.9
1771705800000,8.94,8.94,8.888,8.894,9455.8
1771706700000,8.892,8.903,8.87,8.87,17904.1
1771707600000,8.87,8.887,8.864,8.876,15003.5
1771708500000,8.878,8.896,8.874,8.894,4036.0
1771709400000,8.896,8.908,8.89,8.89,3774.9
1771710300000,8.89,8.909,8.886,8.906,3779.9
1771711200000,8.908,8.915,8.884,8.897,7107.6
1771712100000,8.895,8.909,8.889,8.897,3384.7
1771713000000,8.895,8.899,8.873,8.88,3971.3
1771713900000,8.88,8.89,8.872,8.877,3821.5
1771714800000,8.875,8.885,8.865,8.868,12067.6
1771715700000,8.866,8.89,8.866,8.888,4541.2
1771716600000,8.888,8.891,8.879,8.881,3206.1
1771717500000,8.881,8.881,8.867,8.868,3512.3
1771718400000,8.866,8.87,8.854,8.859,6404.3
1771719300000,8.859,8.87,8.83,8.838,11493.3
1771720200000,8.838,8.845,8.815,8.817,4963.5
1771721100000,8.819,8.842,8.81,8.842,7070.2
1771722000000,8.842,8.859,8.839,8.845,5829.7
1771722900000,8.843,8.871,8.83,8.871,5235.9
1771723800000,8.869,8.88,8.867,8.879,4241.8
1771724700000,8.88,8.886,8.87,8.871,3839.7
1771725600000,8.875,8.893,8.869,8.879,6158.2
1771726500000,8.885,8.887,8.846,8.849,10828.1
1771727400000,8.847,8.856,8.828,8.836,7597.0
1771728300000,8.834,8.849,8.82,8.829,9537.9
1771729200000,8.829,8.851,8.826,8.844,42617.9
1771730100000,8.844,8.85,8.792,8.823,15705.9
1771731000000,8.825,8.838,8.821,8.832,12155.9
1771731900000,8.83,8.843,8.822,8.838,5415.5
1771732800000,8.836,8.855,8.83,8.855,8418.9
1771733700000,8.854,8.857,8.833,8.84,15279.2
1771734600000,8.84,8.857,8.837,8.84,12846.6
1771735500000,8.84,8.849,8.838,8.84,3020.0
1771736400000,8.842,8.846,8.808,8.818,5829.4
1771737300000,8.818,8.832,8.816,8.825,3370.6
1771738200000,8.825,8.829,8.819,8.824,3500.8
1771739100000,8.826,8.831,8.811,8.827,13298.1
1771740000000,8.827,8.832,8.801,8.81,9402.9
1771740900000,8.81,8.84,8.805,8.832,9514.5
1771741800000,8.834,8.856,8.83,8.848,9110.7
1771742700000,8.846,8.853,8.842,8.853,3115.8
1771743600000,8.851,8.864,8.843,8.863,18741.6
1771744500000,8.863,8.87,8.84,8.843,18751.3
1771745400000,8.843,8.86,8.84,8.856,5583.0
1771746300000,8.856,8.859,8.84,8.85,4855.9
1771747200000,8.848,8.86,8.845,8.859,6671.7
1771748100000,8.858,8.863,8.819,8.821,9788.8
1771749000000,8.823,8.823,8.801,8.805,9312.2
1771749900000,8.805,8.812,8.793,8.804,8090.6
1771750800000,8.801,8.811,8.795,8.796,6925.2
1771751700000,8.796,8.806,8.787,8.794,9477.0
1771752600000,8.794,8.801,8.789,8.798,10829.0
1771753500000,8.798,8.81,8.798,8.81,5222.6
1771754400000,8.809,8.834,8.801,8.827,7427.8
1771755300000,8.827,8.836,8.817,8.831,10032.1
1771756200000,8.829,8.84,8.827,8.827,5840.2
1771757100000,8.827,8.831,8.815,8.817,21598.7
1771758000000,8.819,8.837,8.817,8.828,6152.7
1771758900000,8.83,8.833,8.819,8.829,4754.6
1771759800000,8.827,8.834,8.811,8.816,4947.9
1771760700000,8.816,8.831,8.816,8.829,4184.9
1771761600000,8.831,8.836,8.77,8.775,22089.3
1771762500000,8.773,8.781,8.751,8.771,16473.0
1771763400000,8.773,8.778,8.724,8.724,20479.7
1771764300000,8.724,8.762,8.724,8.753,15052.7
1771765200000,8.751,8.759,8.723,8.735,17898.7
1771766100000,8.735,8.759,8.732,8.748,19877.7
1771767000000,8.75,8.756,8.709,8.717,21405.3
1771767900000,8.715,8.72,8.704,8.715,12122.1
1771768800000,8.715,8.723,8.69,8.714,21560.5
1771769700000,8.716,8.716,8.693,8.705,7176.8
1771770600000,8.709,8.75,8.707,8.712,18011.1
1771771500000,8.71,8.733,8.697,8.721,18002.3
1771772400000,8.721,8.723,8.687,8.708,14143.1
1771773300000,8.706,8.738,8.681,8.738,17975.7
1771774200000,8.738,8.775,8.714,8.73,44441.2
1771775100000,8.73,8.73,8.697,8.706,20636.6
1771776000000,8.706,8.707,8.679,8.68,17713.0
1771776900000,8.686,8.697,8.658,8.671,13226.5
1771777800000,8.673,8.678,8.666,8.672,8696.3
1771778700000,8.672,8.706,8.67,8.69,6008.8
1771779600000,8.691,8.691,8.663,8.665,7324.8
1771780500000,8.663,8.666,8.645,8.655,13243.5
1771781400000,8.655,8.658,8.609,8.626,86833.1
1771782300000,8.624,8.635,8.615,8.627,8466.6
1771783200000,8.629,8.638,8.611,8.63,19758.5
1771784100000,8.632,8.641,8.623,8.627,8483.3
1771785000000,8.63,8.639,8.618,8.633,6285.1
1771785900000,8.633,8.64,8.628,8.632,5287.0
1771786800000,8.63,8.636,8.609,8.613,4356.4
1771787700000,8.613,8.625,8.6,8.611,8348.7
1771788600000,8.611,8.638,8.608,8.638,4672.2
1771789500000,8.636,8.641,8.632,8.639,3368.5
1771790400000,8.639,8.639,8.606,8.607,6379.8
1771791300000,8.606,8.636,8.606,8.634,4011.1
1771792200000,8.632,8.634,8.619,8.624,4457.7
1771793100000,8.624,8.631,8.599,8.611,6686.4
1771794000000,8.611,8.628,8.611,8.624,5818.4
1771794900000,8.622,8.632,8.607,8.612,6615.1
1771795800000,8.612,8.655,8.61,8.653,6399.6
1771796700000,8.653,8.663,8.65,8.656,5118.7
1771797600000,8.654,8.66,8.645,8.653,6021.4
1771798500000,8.653,8.706,8.651,8.683,16666.9
1771799400000,8.683,8.7,8.676,8.688,4527.5
1771800300000,8.69,8.7,8.686,8.691,4426.3
1771801200000,8.691,8.697,8.65,8.653,11394.8
1771802100000,8.653,8.666,8.639,8.66,5505.2
1771803000000,8.662,8.671,8.645,8.648,3075.9
1771803900000,8.648,8.684,8.642,8.675,3950.7
1771804800000,8.673,8.69,8.666,8.678,6193.3
1771805700000,8.68,8.68,8.637,8.647,6300.7
1771806600000,8.645,8.647,8.602,8.605,9524.9
1771807500000,8.607,8.619,8.545,8.552,18643.9
1771808400000,8.552,8.552,8.253,8.318,242618.2
1771809300000,8.32,8.32,8.188,8.258,61239.2
1771810200000,8.26,8.311,8.227,8.265,35449.3
1771811100000,8.263,8.278,8.163,8.198,83036.2
1771812000000,8.2,8.258,8.178,8.218,38619.4
1771812900000,8.22,8.23,8.195,8.227,25790.8
1771813800000,8.225,8.248,8.21,8.225,14299.3
1771814700000,8.225,8.231,8.199,8.217,8366.7
1771815600000,8.215,8.279,8.215,8.25,11772.4
1771816500000,8.248,8.25,8.188,8.199,19993.4
1771817400000,8.201,8.24,8.199,8.24,7240.7
1771818300000,8.24,8.268,8.233,8.248,8417.0
1771819200000,8.25,8.253,8.22,8.24,16690.3
1771820100000,8.24,8.24,8.191,8.194,7405.7
1771821000000,8.194,8.202,8.171,8.178,11127.3
1771821900000,8.178,8.208,8.178,8.205,4500.6
1771822800000,8.205,8.249,8.202,8.237,9963.0
1771823700000,8.236,8.269,8.227,8.242,9170.8
1771824600000,8.244,8.264,8.24,8.254,6957.0
1771825500000,8.256,8.262,8.228,8.231,4940.0
1771826400000,8.231,8.325,8.226,8.311,11812.3
1771827300000,8.309,8.323,8.291,8.292,9666.3
1771828200000,8.292,8.333,8.28,8.315,12557.0
1771829100000,8.313,8.351,8.313,8.341,9196.9
1771830000000,8.343,8.359,8.33,8.352,15035.8
1771830900000,8.35,8.354,8.324,8.329,8125.6
1771831800000,8.325,8.374,8.319,8.365,23573.9
1771832700000,8.365,8.374,8.349,8.351,9227.0
1771833600000,8.349,8.351,8.319,8.334,11795.0
1771834500000,8.336,8.344,8.305,8.315,8411.7
1771835400000,8.313,8.329,8.312,8.319,5039.3
1771836300000,8.317,8.335,8.315,8.327,7458.1
1771837200000,8.327,8.379,8.327,8.367,11450.4
1771838100000,8.367,8.375,8.345,8.367,10702.9
1771839000000,8.369,8.475,8.364,8.468,35070.8
1771839900000,8.47,8.528,8.47,8.522,17523.1
1771840800000,8.524,8.558,8.502,8.514,16099.3
1771841700000,8.512,8.548,8.507,8.511,11781.7
1771842600000,8.511,8.515,8.485,8.508,9441.9
1771843500000,8.51,8.519,8.495,8.505,5304.3
1771844400000,8.503,8.508,8.477,8.49,10837.2
1771845300000,8.49,8.51,8.477,8.484,24643.3
1771846200000,8.486,8.489,8.453,8.456,8504.1
1771847100000,8.456,8.471,8.449,8.469,5977.1
1771848000000,8.469,8.484,8.453,8.472,6919.7
1771848900000,8.472,8.476,8.455,8.469,4605.9
1771849800000,8.468,8.566,8.44,8.554,31740.4
1771850700000,8.554,8.576,8.525,8.532,13001.6
1771851600000,8.534,8.539,8.52,8.527,8343.4
1771852500000,8.529,8.53,8.509,8.523,4725.8
1771853400000,8.523,8.548,8.502,8.541,7453.2
1771854300000,8.541,8.548,8.492,8.495,8463.1
1771855200000,8.495,8.515,8.486,8.508,9978.3
1771856100000,8.51,8.51,8.453,8.459,11356.3
1771857000000,8.459,8.513,8.411,8.468,35247.9
1771857900000,8.466,8.495,8.418,8.452,18494.2
1771858800000,8.452,8.477,8.398,8.419,25793.1
1771859700000,8.421,8.482,8.41,8.42,20248.1
1771860600000,8.422,8.456,8.415,8.442,9817.1
1771861500000,8.444,8.46,8.393,8.414,16604.9
1771862400000,8.416,8.418,8.353,8.366,22548.3
1771863300000,8.371,8.446,8.369,8.446,15790.3
1771864200000,8.444,8.454,8.39,8.415,11039.1
1771865100000,8.415,8.418,8.351,8.363,28597.7
1771866000000,8.363,8.39,8.314,8.315,23840.9
1771866900000,8.319,8.344,8.249,8.249,45035.7
1771867800000,8.249,8.264,8.196,8.226,35044.7
1771868700000,8.222,8.292,8.179,8.292,22007.1
1771869600000,8.292,8.325,8.271,8.295,16120.2
1771870500000,8.297,8.299,8.258,8.29,10021.2
1771871400000,8.288,8.355,8.269,8.323,8460.3
1771872300000,8.325,8.325,8.249,8.261,12388.6
1771873200000,8.259,8.274,8.248,8.258,5742.3
1771874100000,8.256,8.258,8.208,8.216,15541.0
1771875000000,8.216,8.237,8.192,8.214,9815.4
1771875900000,8.214,8.237,8.201,8.229,8130.6
1771876800000,8.227,8.248,8.208,8.212,6530.6
1771877700000,8.214,8.247,8.2,8.217,11185.4
1771878600000,8.217,8.282,8.217,8.26,8848.6
1771879500000,8.26,8.308,8.247,8.277,15527.3
1771880400000,8.279,8.325,8.273,8.314,9377.3
1771881300000,8.316,8.325,8.301,8.314,8456.1
1771882200000,8.312,8.334,8.288,8.301,10835.9
1771883100000,8.301,8.318,8.292,8.303,5704.7
1771884000000,8.303,8.339,8.293,8.314,10846.1
1771884900000,8.314,8.337,8.308,8.327,15049.2
1771885800000,8.329,8.34,8.311,8.32,3855.6
1771886700000,8.318,8.333,8.29,8.291,9592.8
1771887600000,8.29,8.336,8.29,8.321,13463.5
1771888500000,8.323,8.324,8.291,8.299,4152.5
1771889400000,8.299,8.309,8.255,8.255,7838.4
1771890300000,8.255,8.278,8.255,8.263,4344.2
1771891200000,8.265,8.308,8.263,8.305,5797.0
1771892100000,8.303,8.312,8.276,8.291,7944.0
1771893000000,8.291,8.32,8.282,8.312,5788.6
1771893900000,8.31,8.334,8.307,8.32,5078.1
1771894800000,8.32,8.325,8.235,8.248,8015.5
1771895700000,8.248,8.29,8.11,8.279,63602.7
1771896600000,8.277,8.305,8.23,8.255,22134.4
1771897500000,8.255,8.263,8.216,8.234,14571.8
1771898400000,8.234,8.27,8.212,8.253,6651.5
1771899300000,8.253,8.276,8.225,8.275,3608.3
1771900200000,8.275,8.309,8.25,8.256,4375.3
1771901100000,8.254,8.264,8.245,8.261,4981.1
1771902000000,8.261,8.261,8.175,8.2,13667.0
1771902900000,8.2,8.219,8.175,8.2,9172.6
1771903800000,8.2,8.208,8.18,8.187,4423.5
1771904700000,8.185,8.216,8.163,8.205,6790.3
1771905600000,8.203,8.218,8.147,8.147,8432.7
1771906500000,8.147,8.229,8.141,8.204,11411.6
1771907400000,8.206,8.206,8.165,8.175,13535.4
1771908300000,8.175,8.189,8.161,8.169,37962.5
1771909200000,8.169,8.213,8.16,8.206,6223.0
1771910100000,8.204,8.206,8.121,8.138,10690.2
1771911000000,8.138,8.178,8.131,8.17,7223.1
1771911900000,8.172,8.19,8.161,8.171,11184.4
1771912800000,8.169,8.19,8.149,8.165,12813.6
1771913700000,8.165,8.18,8.162,8.167,8407.1
1771914600000,8.167,8.18,8.155,8.174,4337.2
1771915500000,8.174,8.174,8.13,8.142,20809.8
1771916400000,8.142,8.17,8.118,8.163,4858.5
1771917300000,8.161,8.169,8.131,8.163,15584.2
1771918200000,8.161,8.169,8.141,8.146,7978.6
1771919100000,8.148,8.15,8.135,8.148,3787.7
1771920000000,8.148,8.148,8.114,8.134,9142.0
1771920900000,8.134,8.181,8.13,8.179,4979.0
1771921800000,8.179,8.19,8.165,8.179,5627.7
1771922700000,8.177,8.187,8.172,8.174,3586.0
1771923600000,8.172,8.18,8.15,8.164,7409.4
1771924500000,8.164,8.167,8.135,8.141,9457.9
1771925400000,8.143,8.158,8.102,8.15,14802.1
1771926300000,8.148,8.165,8.134,8.165,5284.4
1771927200000,8.163,8.178,8.154,8.17,8794.5
1771928100000,8.17,8.19,8.159,8.18,7023.5
1771929000000,8.178,8.19,8.157,8.17,17711.9
1771929900000,8.17,8.198,8.165,8.179,6762.8
1771930800000,8.181,8.186,8.156,8.158,11235.2
1771931700000,8.158,8.177,8.153,8.167,6300.2
1771932600000,8.167,8.172,8.146,8.164,6608.0
1771933500000,8.166,8.174,8.157,8.17,5640.9
1771934400000,8.17,8.19,8.153,8.181,5532.6
1771935300000,8.179,8.185,8.161,8.183,11831.5
1771936200000,8.183,8.19,8.144,8.152,8640.6
1771937100000,8.154,8.164,8.138,8.145,14483.8
1771938000000,8.143,8.156,8.125,8.141,7460.2
1771938900000,8.141,8.141,8.104,8.104,12602.2
1771939800000,8.106,8.144,8.054,8.116,48561.4
1771940700000,8.114,8.128,8.091,8.091,13365.4
1771941600000,8.093,8.107,8.075,8.09,12174.5
1771942500000,8.088,8.098,8.07,8.087,9695.2
1771943400000,8.085,8.16,8.047,8.151,21717.5
1771944300000,8.148,8.225,8.146,8.168,28278.0
1771945200000,8.17,8.194,8.143,8.19,17754.0
1771946100000,8.19,8.219,8.179,8.212,25584.1
1771947000000,8.212,8.216,8.173,8.18,6910.0
1771947900000,8.182,8.213,8.178,8.209,15769.7
1771948800000,8.211,8.274,8.205,8.255,21965.0
1771949700000,8.255,8.27,8.22,8.229,10373.4
1771950600000,8.227,8.249,8.19,8.236,19222.3
1771951500000,8.234,8.247,8.17,8.241,23303.6
1771952400000,8.241,8.266,8.229,8.252,16775.5
1771953300000,8.252,8.254,8.229,8.231,8168.4
1771954200000,8.229,8.24,8.218,8.228,4934.2
1771955100000,8.226,8.244,8.219,8.232,6264.0
1771956000000,8.23,8.26,8.176,8.181,16810.3
1771956900000,8.179,8.23,8.174,8.218,10622.5
1771957800000,8.218,8.253,8.216,8.236,4102.3
1771958700000,8.238,8.255,8.231,8.236,4670.2
1771959600000,8.236,8.263,8.205,8.21,6054.0
1771960500000,8.208,8.229,8.195,8.214,7959.1
1771961400000,8.212,8.238,8.208,8.234,4385.9
1771962300000,8.234,8.244,8.224,8.225,3263.1
1771963200000,8.225,8.237,8.212,8.22,5678.9
1771964100000,8.222,8.249,8.22,8.241,5524.2
1771965000000,8.239,8.258,8.23,8.249,7358.7
1771965900000,8.249,8.253,8.227,8.234,4185.3
1771966800000,8.234,8.234,8.187,8.202,8250.3
1771967700000,8.202,8.202,8.161,8.168,5985.6
1771968600000,8.17,8.19,8.163,8.186,5114.2
1771969500000,8.186,8.198,8.176,8.193,3208.6
1771970400000,8.193,8.237,8.187,8.232,4871.0
1771971300000,8.232,8.232,8.209,8.219,3115.3
1771972200000,8.221,8.223,8.196,8.205,3377.9
1771973100000,8.203,8.216,8.188,8.212,4586.1
1771974000000,8.214,8.215,8.17,8.195,7256.1
1771974900000,8.195,8.216,8.19,8.214,3532.8
1771975800000,8.212,8.234,8.209,8.212,13860.7
1771976700000,8.212,8.212,8.185,8.193,4910.1
1771977600000,8.193,8.196,8.177,8.177,3583.4
1771978500000,8.177,8.2,8.177,8.187,5258.9
1771979400000,8.187,8.238,8.185,8.233,5174.4
1771980300000,8.235,8.242,8.217,8.228,3672.9
1771981200000,8.23,8.508,8.225,8.466,63960.2
1771982100000,8.468,8.604,8.437,8.517,44197.5
1771983000000,8.519,8.572,8.517,8.527,13936.9
1771983900000,8.527,8.568,8.525,8.559,7809.7
1771984800000,8.561,8.622,8.551,8.613,51427.1
1771985700000,8.613,8.619,8.58,8.611,10607.0
1771986600000,8.611,8.625,8.594,8.599,10907.1
1771987500000,8.599,8.623,8.588,8.598,8392.0
1771988400000,8.6,8.621,8.553,8.565,15714.3
1771989300000,8.565,8.568,8.507,8.528,13707.1
1771990200000,8.53,8.54,8.494,8.515,11903.9
1771991100000,8.515,8.535,8.495,8.501,9601.6
1771992000000,8.499,8.513,8.453,8.501,15095.8
1771992900000,8.503,8.523,8.474,8.523,8890.5
1771993800000,8.521,8.551,8.521,8.543,4897.3
1771994700000,8.545,8.547,8.482,8.482,11297.2
1771995600000,8.484,8.502,8.477,8.486,5089.7
1771996500000,8.484,8.486,8.415,8.423,14488.8
1771997400000,8.423,8.432,8.354,8.388,21782.8
1771998300000,8.388,8.413,8.38,8.406,6433.1
1771999200000,8.404,8.426,8.404,8.413,5736.9
1772000100000,8.415,8.443,8.396,8.429,4827.7
1772001000000,8.427,8.443,8.416,8.433,6763.7
1772001900000,8.435,8.435,8.39,8.406,3033.6
1772002800000,8.406,8.442,8.396,8.43,3371.9
1772003700000,8.43,8.467,8.425,8.46,17526.4
1772004600000,8.46,8.484,8.436,8.441,11974.8
1772005500000,8.439,8.478,8.437,8.476,9840.6
1772006400000,8.476,8.48,8.436,8.451,6993.3
1772007300000,8.451,8.489,8.434,8.48,11699.4
1772008200000,8.478,8.516,8.478,8.516,13841.1
1772009100000,8.514,8.533,8.503,8.522,9861.6
1772010000000,8.522,8.575,8.513,8.564,10303.5
1772010900000,8.562,8.58,8.549,8.568,5506.7
1772011800000,8.568,8.57,8.55,8.565,7050.6
1772012700000,8.563,8.579,8.553,8.576,4775.0
1772013600000,8.574,8.604,8.568,8.604,16071.9
1772014500000,8.603,8.62,8.574,8.587,42243.3
1772015400000,8.588,8.595,8.576,8.583,16297.0
1772016300000,8.583,8.602,8.571,8.584,14589.7
1772017200000,8.587,8.593,8.557,8.568,7561.1
1772018100000,8.568,8.633,8.564,8.622,22019.6
1772019000000,8.623,8.646,8.617,8.641,10496.8
1772019900000,8.641,8.66,8.629,8.657,9296.7
1772020800000,8.657,8.682,8.638,8.68,15929.6
1772021700000,8.68,8.762,8.668,8.733,20769.2
1772022600000,8.731,8.771,8.726,8.744,9516.4
1772023500000,8.746,8.827,8.744,8.808,22366.1
1772024400000,8.81,8.87,8.808,8.865,24954.2
1772025300000,8.867,8.936,8.851,8.913,81785.8
1772026200000,8.915,8.972,8.897,8.932,23611.4
1772027100000,8.934,8.972,8.866,8.886,29652.0
1772028000000,8.884,8.959,8.884,8.95,21605.0
1772028900000,8.948,8.982,8.94,8.973,24773.0
1772029800000,8.975,9.028,8.95,8.95,45226.3
1772030700000,8.95,9.125,8.95,9.121,54149.4
1772031600000,9.123,9.179,9.098,9.171,43060.2
1772032500000,9.171,9.311,9.171,9.262,87669.3
1772033400000,9.264,9.324,9.242,9.31,46735.7
1772034300000,9.308,9.332,9.247,9.28,14378.6
1772035200000,9.28,9.408,9.278,9.387,61302.1
1772036100000,9.387,9.455,9.382,9.406,89718.8
1772037000000,9.406,9.43,9.36,9.383,37809.0
1772037900000,9.383,9.459,9.381,9.445,16448.2
1772038800000,9.443,9.499,9.428,9.469,30087.1
1772039700000,9.467,9.506,9.455,9.473,16242.1
1772040600000,9.473,9.494,9.43,9.481,16103.6
1772041500000,9.487,9.502,9.456,9.475,10328.5
1772042400000,9.475,9.475,9.387,9.454,27371.3
1772043300000,9.454,9.51,9.439,9.487,18922.9
1772044200000,9.487,9.5,9.441,9.473,20792.6
1772045100000,9.471,9.473,9.427,9.428,17738.7
1772046000000,9.428,9.433,9.348,9.369,19787.0
1772046900000,9.371,9.426,9.368,9.411,28225.5
1772047800000,9.413,9.424,9.386,9.409,30688.0
1772048700000,9.409,9.48,9.401,9.475,11749.4
1772049600000,9.475,9.493,9.391,9.391,25180.1
1772050500000,9.393,9.416,9.387,9.392,6168.1
1772051400000,9.394,9.433,9.385,9.42,7509.9
1772052300000,9.42,9.464,9.417,9.426,6827.6
1772053200000,9.428,9.451,9.414,9.429,47707.5
1772054100000,9.429,9.458,9.384,9.384,6503.2
1772055000000,9.386,9.587,9.37,9.509,57961.1
1772055900000,9.509,9.529,9.453,9.48,34433.3
1772056800000,9.482,9.547,9.48,9.535,33798.3
1772057700000,9.535,9.537,9.453,9.463,5680.3
1772058600000,9.463,9.488,9.419,9.426,9576.6
1772059500000,9.428,9.459,9.382,9.42,23906.5
1772060400000,9.422,9.439,9.369,9.414,9397.1
1772061300000,9.414,9.414,9.309,9.316,13047.6
1772062200000,9.316,9.34,9.192,9.206,22271.2
1772063100000,9.206,9.267,9.182,9.265,9956.8
1772064000000,9.267,9.306,9.212,9.283,9573.1
1772064900000,9.281,9.333,9.278,9.284,12776.6
1772065800000,9.284,9.305,9.192,9.239,13403.5
1772066700000,9.239,9.255,9.217,9.241,6143.8
1772067600000,9.241,9.274,9.202,9.234,8414.5
1772068500000,9.234,9.237,9.201,9.203,18690.4
1772069400000,9.205,9.243,9.166,9.21,17673.2
1772070300000,9.205,9.228,9.186,9.204,10182.0
1772071200000,9.206,9.208,9.146,9.16,18527.3
1772072100000,9.16,9.231,9.16,9.183,7125.4
1772073000000,9.181,9.243,9.181,9.242,7219.9
1772073900000,9.24,9.255,9.211,9.241,22615.3
1772074800000,9.239,9.244,9.202,9.218,8608.4
1772075700000,9.218,9.225,9.198,9.21,3227.2
1772076600000,9.205,9.24,9.197,9.234,3389.2
1772077500000,9.236,9.253,9.22,9.22,3109.1
1772078400000,9.222,9.26,9.206,9.22,5958.7
1772079300000,9.22,9.247,9.205,9.233,10176.5
1772080200000,9.233,9.333,9.231,9.302,10678.0
1772081100000,9.302,9.323,9.286,9.293,9102.3
1772082000000,9.291,9.302,9.218,9.235,18256.6
1772082900000,9.237,9.256,9.199,9.248,12336.0
1772083800000,9.246,9.265,9.22,9.256,8010.7
1772084700000,9.254,9.304,9.246,9.298,10281.1
1772085600000,9.298,9.336,9.265,9.32,12561.6
1772086500000,9.318,9.329,9.277,9.282,3797.3
1772087400000,9.276,9.303,9.272,9.273,6353.7
1772088300000,9.273,9.287,9.25,9.272,4717.4
1772089200000,9.272,9.277,9.257,9.259,4661.4
1772090100000,9.259,9.278,9.24,9.258,4702.9
1772091000000,9.255,9.257,9.205,9.211,9843.0
1772091900000,9.209,9.224,9.19,9.204,9324.4
1772092800000,9.204,9.221,9.179,9.208,11882.1
1772093700000,9.208,9.253,9.198,9.211,7949.6
1772094600000,9.211,9.224,9.184,9.197,7764.9
1772095500000,9.195,9.232,9.179,9.186,25008.0
1772096400000,9.184,9.31,9.178,9.29,13174.0
1772097300000,9.287,9.29,9.246,9.257,10625.6
1772098200000,9.257,9.305,9.253,9.291,10274.7
1772099100000,9.291,9.301,9.262,9.288,13786.8
1772100000000,9.288,9.317,9.276,9.279,7353.6
1772100900000,9.281,9.281,9.246,9.247,23434.2
1772101800000,9.246,9.271,9.231,9.257,13058.8
1772102700000,9.257,9.26,9.211,9.23,22721.2
1772103600000,9.23,9.245,9.206,9.228,4925.4
1772104500000,9.228,9.231,9.195,9.204,9044.4
1772105400000,9.204,9.231,9.202,9.213,7591.2
1772106300000,9.213,9.217,9.192,9.207,10773.6
1772107200000,9.205,9.235,9.197,9.233,8384.3
1772108100000,9.231,9.259,9.223,9.248,6175.1
1772109000000,9.246,9.295,9.243,9.276,7053.7
1772109900000,9.276,9.307,9.264,9.289,4836.9
1772110800000,9.289,9.292,9.217,9.223,8003.2
1772111700000,9.221,9.26,9.22,9.252,4655.5
1772112600000,9.254,9.254,9.23,9.245,4574.3
1772113500000,9.245,9.27,9.207,9.228,5308.7
1772114400000,9.228,9.253,9.185,9.235,8023.9
1772115300000,9.235,9.247,9.211,9.239,5453.4
1772116200000,9.237,9.273,9.181,9.203,11711.6
1772117100000,9.203,9.207,9.091,9.155,59455.7
1772118000000,9.155,9.155,9.083,9.113,30591.0
1772118900000,9.113,9.138,9.034,9.079,59107.6
1772119800000,9.075,9.151,9.024,9.125,21799.2
1772120700000,9.125,9.155,9.087,9.118,11654.1
1772121600000,9.118,9.13,9.052,9.067,8273.3
1772122500000,9.067,9.138,9.058,9.118,7227.0
1772123400000,9.116,9.121,8.996,9.006,24268.9
1772124300000,9.004,9.009,8.865,8.881,71705.2
1772125200000,8.883,8.965,8.874,8.922,24214.7
1772126100000,8.922,8.965,8.908,8.927,9509.8
1772127000000,8.925,8.948,8.873,8.883,8094.3
1772127900000,8.885,8.9,8.856,8.879,8030.0
1772128800000,8.877,8.905,8.854,8.88,9125.1
1772129700000,8.882,8.917,8.869,8.885,6024.8
1772130600000,8.887,8.992,8.882,8.977,11584.4
1772131500000,8.979,8.988,8.963,8.978,6094.5
1772132400000,8.978,9.097,8.976,9.034,22411.2
1772133300000,9.034,9.086,9.034,9.059,7497.6
1772134200000,9.059,9.092,9.055,9.075,6660.6
1772135100000,9.075,9.115,9.073,9.095,10448.3
1772136000000,9.095,9.137,9.087,9.11,13546.1
1772136900000,9.11,9.128,9.08,9.08,13494.8
1772137800000,9.081,9.083,9.045,9.063,6464.0
1772138700000,9.063,9.075,9.043,9.062,3155.8
1772139600000,9.062,9.08,9.035,9.074,5043.5
1772140500000,9.074,9.093,9.068,9.09,6300.4
1772141400000,9.09,9.095,9.068,9.078,2759.1
1772142300000,9.08,9.091,9.067,9.083,2799.5
1772143200000,9.083,9.125,9.076,9.107,4066.5
1772144100000,9.107,9.109,9.082,9.098,2753.1
1772145000000,9.098,9.135,9.093,9.131,3835.4
1772145900000,9.131,9.14,9.113,9.124,10264.3
1772146800000,9.124,9.126,9.077,9.102,6794.1
1772147700000,9.102,9.12,9.093,9.112,3432.3
1772148600000,9.112,9.121,9.087,9.093,4644.1
1772149500000,9.095,9.1,9.085,9.093,2798.1
1772150400000,9.091,9.102,9.061,9.072,4809.3
1772151300000,9.072,9.077,9.046,9.056,6442.4
1772152200000,9.056,9.064,9.016,9.02,5963.7
1772153100000,9.022,9.05,9.002,9.044,4733.7
1772154000000,9.044,9.052,8.997,9.012,13985.0
1772154900000,9.01,9.046,9.007,9.03,6064.6
1772155800000,9.03,9.079,9.023,9.047,6339.4
1772156700000,9.047,9.072,9.039,9.07,5983.0
1772157600000,9.072,9.093,9.061,9.07,4047.7
1772158500000,9.07,9.107,9.057,9.073,11052.4
1772159400000,9.071,9.118,9.071,9.101,5536.3
1772160300000,9.101,9.128,9.096,9.108,4651.0
1772161200000,9.11,9.115,9.093,9.105,5122.5
1772162100000,9.105,9.117,9.092,9.103,2965.9
1772163000000,9.101,9.152,9.099,9.134,9466.1
1772163900000,9.136,9.195,9.112,9.182,11354.5
1772164800000,9.182,9.277,9.176,9.261,36428.0
1772165700000,9.261,9.293,9.236,9.239,23849.2
1772166600000,9.239,9.244,9.171,9.177,12597.7
1772167500000,9.179,9.204,9.168,9.182,19013.6
1772168400000,9.182,9.213,9.177,9.201,6571.8
1772169300000,9.201,9.218,9.168,9.202,9030.8
1772170200000,9.204,9.222,9.197,9.207,8278.6
1772171100000,9.205,9.207,9.173,9.183,3396.2
1772172000000,9.183,9.195,9.167,9.171,4106.4
1772172900000,9.171,9.175,9.123,9.155,11110.6
1772173800000,9.155,9.203,9.152,9.193,4769.2
1772174700000,9.193,9.208,9.177,9.182,4596.7
1772175600000,9.184,9.19,9.158,9.176,4645.6
1772176500000,9.176,9.177,9.147,9.15,5009.4
1772177400000,9.15,9.163,9.117,9.137,27780.4
1772178300000,9.137,9.176,9.131,9.173,15828.7
1772179200000,9.171,9.233,9.168,9.203,20940.7
1772180100000,9.203,9.217,9.184,9.196,7331.3
1772181000000,9.196,9.214,9.138,9.166,7891.8
1772181900000,9.168,9.187,9.161,9.176,7046.6
1772182800000,9.176,9.194,9.17,9.184,4101.4
1772183700000,9.184,9.196,9.151,9.172,8681.3
1772184600000,9.172,9.185,9.114,9.117,27978.6
1772185500000,9.115,9.117,9.063,9.081,41068.6
1772186400000,9.081,9.092,8.965,8.965,38849.9
1772187300000,8.969,9.022,8.96,8.998,13198.7
1772188200000,8.996,9.034,8.99,9.004,8246.8
1772189100000,9.004,9.009,8.917,8.922,15703.3
1772190000000,8.924,8.956,8.922,8.942,6752.8
1772190900000,8.944,8.953,8.887,8.927,15787.0
1772191800000,8.925,8.93,8.803,8.813,29021.7
1772192700000,8.815,8.858,8.801,8.841,31454.5
1772193600000,8.843,8.859,8.795,8.826,17641.4
1772194500000,8.824,8.843,8.789,8.823,12865.6
1772195400000,8.821,8.835,8.791,8.797,9000.1
1772196300000,8.795,8.82,8.766,8.818,14815.6
1772197200000,8.82,8.863,8.813,8.832,11547.9
1772198100000,8.83,8.842,8.782,8.793,5814.1
1772199000000,8.791,8.803,8.726,8.799,55342.6
1772199900000,8.799,8.842,8.792,8.836,9720.6
1772200800000,8.834,8.84,8.818,8.84,5776.8
1772201700000,8.84,8.84,8.781,8.805,7123.1
1772202600000,8.804,8.843,8.778,8.787,9370.6
1772203500000,8.787,8.805,8.752,8.764,18507.0
1772204400000,8.764,8.826,8.755,8.791,10739.5
1772205300000,8.793,8.828,8.777,8.814,12142.0
1772206200000,8.814,8.823,8.777,8.815,7996.9
1772207100000,8.817,8.831,8.795,8.811,7528.5
1772208000000,8.809,8.812,8.734,8.758,14226.8
1772208900000,8.756,8.794,8.738,8.772,6945.2
1772209800000,8.772,8.788,8.716,8.731,10963.5
1772210700000,8.731,8.744,8.713,8.72,10808.5
1772211600000,8.722,8.75,8.713,8.716,7881.4
1772212500000,8.718,8.727,8.66,8.677,25599.7
1772213400000,8.675,8.719,8.654,8.694,18026.8
1772214300000,8.694,8.75,8.675,8.746,9902.7
1772215200000,8.746,8.747,8.7,8.702,11239.8
1772216100000,8.702,8.717,8.673,8.703,6142.7
1772217000000,8.703,8.73,8.695,8.711,4527.4
1772217900000,8.709,8.712,8.659,8.673,4443.0
1772218800000,8.671,8.687,8.642,8.663,9354.2
1772219700000,8.665,8.692,8.656,8.674,5457.8
1772220600000,8.672,8.679,8.644,8.644,3730.9
1772221500000,8.644,8.681,8.642,8.669,4341.1
1772222400000,8.667,8.698,8.665,8.696,8253.9
1772223300000,8.698,8.703,8.681,8.683,4158.6
1772224200000,8.685,8.695,8.673,8.69,3729.8
1772225100000,8.69,8.705,8.687,8.692,3903.6
1772226000000,8.692,8.729,8.679,8.709,5123.9
1772226900000,8.709,8.719,8.701,8.708,4548.4
1772227800000,8.705,8.705,8.674,8.681,17493.9
1772228700000,8.683,8.685,8.644,8.668,5217.7
1772229600000,8.666,8.672,8.635,8.648,6889.3
1772230500000,8.648,8.67,8.62,8.623,13302.1
1772231400000,8.623,8.663,8.545,8.661,43154.3
1772232300000,8.661,8.679,8.657,8.668,7289.5
1772233200000,8.668,8.704,8.662,8.68,6079.0
1772234100000,8.682,8.705,8.675,8.702,7836.7
1772235000000,8.7,8.702,8.683,8.687,7856.9
1772235900000,8.685,8.71,8.685,8.705,3810.9
1772236800000,8.705,8.721,8.7,8.711,5486.4
1772237700000,8.709,8.717,8.67,8.677,8022.3
1772238600000,8.677,8.722,8.676,8.722,4705.2
1772239500000,8.722,8.737,8.717,8.735,10396.2
1772240400000,8.735,8.744,8.727,8.738,7359.8
1772241300000,8.736,8.738,8.696,8.696,4005.7
1772242200000,8.7,8.707,8.683,8.699,4815.7
1772243100000,8.701,8.711,8.693,8.695,2669.8
1772244000000,8.689,8.707,8.682,8.699,3747.8
1772244900000,8.693,8.708,8.693,8.701,3181.3
1772245800000,8.699,8.719,8.699,8.719,3451.8
1772246700000,8.717,8.726,8.716,8.723,3611.4
1772247600000,8.723,8.727,8.712,8.725,3061.0
1772248500000,8.72,8.737,8.704,8.704,4224.0
1772249400000,8.704,8.708,8.66,8.661,5456.9
1772250300000,8.661,8.679,8.661,8.672,3225.8
1772251200000,8.672,8.678,8.653,8.663,5355.8
1772252100000,8.665,8.692,8.659,8.665,3472.3
1772253000000,8.663,8.679,8.625,8.677,9760.1
1772253900000,8.679,8.682,8.668,8.669,2658.1
1772254800000,8.669,8.682,8.669,8.682,3178.3
1772255700000,8.68,8.68,8.65,8.65,2762.8
1772256600000,8.65,8.652,8.619,8.638,6176.5
1772257500000,8.633,8.646,8.623,8.644,3617.4
1772258400000,8.646,8.646,8.603,8.609,3552.9
1772259300000,8.612,8.612,8.4,8.471,84581.6
1772260200000,8.473,8.486,8.322,8.417,48734.6
1772261100000,8.419,8.421,8.254,8.281,34394.0
1772262000000,8.277,8.396,8.225,8.368,33396.7
1772262900000,8.368,8.396,8.298,8.308,14663.1
1772263800000,8.308,8.436,8.303,8.418,20123.7
1772264700000,8.42,8.42,8.345,8.345,10856.3
1772265600000,8.345,8.347,8.297,8.297,16412.9
1772266500000,8.298,8.325,8.258,8.292,10999.2
1772267400000,8.287,8.319,8.265,8.28,5674.0
1772268300000,8.286,8.289,8.249,8.264,8473.8
1772269200000,8.264,8.282,8.216,8.269,12113.2
1772270100000,8.271,8.302,8.244,8.274,10165.9
1772271000000,8.276,8.276,8.233,8.246,9805.5
1772271900000,8.246,8.272,8.226,8.258,14931.3
1772272800000,8.26,8.26,8.204,8.223,12277.1
1772273700000,8.223,8.283,8.213,8.26,13459.8
1772274600000,8.262,8.311,8.258,8.297,7449.2
1772275500000,8.297,8.317,8.288,8.305,24142.5
1772276400000,8.307,8.336,8.299,8.317,7550.9
1772277300000,8.317,8.332,8.297,8.321,16685.4
1772278200000,8.319,8.333,8.288,8.297,7019.0
1772279100000,8.297,8.306,8.261,8.269,7034.6
1772280000000,8.269,8.295,8.269,8.286,12185.8
1772280900000,8.286,8.325,8.283,8.303,7327.8
1772281800000,8.303,8.317,8.297,8.31,6174.6
1772282700000,8.31,8.311,8.281,8.305,5509.3
1772283600000,8.307,8.329,8.299,8.329,7590.5
1772284500000,8.329,8.345,8.302,8.307,7000.5
1772285400000,8.307,8.323,8.287,8.323,6617.5
1772286300000,8.323,8.492,8.321,8.491,56293.7
1772287200000,8.492,8.538,8.415,8.425,23336.3
1772288100000,8.423,8.454,8.41,8.447,9074.5
1772289000000,8.449,8.492,8.419,8.477,10574.7
1772289900000,8.477,8.491,8.372,8.393,13998.1
1772290800000,8.391,8.418,8.345,8.349,10056.3
1772291700000,8.347,8.462,8.347,8.446,10488.4
1772292600000,8.446,8.461,8.418,8.431,6344.6
1772293500000,8.433,8.437,8.407,8.43,6711.0
1772294400000,8.43,8.447,8.398,8.443,7563.9
1772295300000,8.445,8.462,8.417,8.457,5124.8
1772296200000,8.459,8.496,8.429,8.489,6439.8
1772297100000,8.489,8.495,8.449,8.483,6593.2
1772298000000,8.483,8.488,8.443,8.453,5429.6
1772298900000,8.453,8.465,8.435,8.458,10603.4
1772299800000,8.46,8.469,8.403,8.418,10254.3
1772300700000,8.416,8.504,8.401,8.489,12395.3
1772301600000,8.489,8.495,8.465,8.469,5756.9
1772302500000,8.469,8.485,8.462,8.471,5889.5
1772303400000,8.468,8.58,8.468,8.563,19149.6
1772304300000,8.567,8.665,8.564,8.614,22550.1
1772305200000,8.614,8.619,8.563,8.571,7577.8
1772306100000,8.571,8.59,8.558,8.573,4863.9
1772307000000,8.568,8.728,8.568,8.665,24011.5
1772307900000,8.67,8.705,8.656,8.683,8976.5
1772308800000,8.681,8.753,8.659,8.741,10805.4
1772309700000,8.741,8.817,8.717,8.771,29299.9
1772310600000,8.773,8.794,8.732,8.774,13867.9
1772311500000,8.774,8.844,8.771,8.833,20748.9
1772312400000,8.833,8.846,8.747,8.795,27951.2
1772313300000,8.795,8.795,8.746,8.753,5626.2
1772314200000,8.755,8.831,8.74,8.798,9624.9
1772315100000,8.798,8.825,8.782,8.793,5163.9
1772316000000,8.795,8.842,8.786,8.83,6188.6
1772316900000,8.83,8.863,8.821,8.854,6988.9
1772317800000,8.851,8.939,8.842,8.873,17311.8
1772318700000,8.873,8.894,8.847,8.848,7341.6
1772319600000,8.85,8.864,8.832,8.837,3924.6
1772320500000,8.837,8.856,8.83,8.836,5274.9
1772321400000,8.836,8.847,8.807,8.829,5244.4
1772322300000,8.829,8.851,8.829,8.842,5021.5
1772323200000,8.84,8.869,8.831,8.845,7079.6
1772324100000,8.843,8.847,8.817,8.819,5891.6
1772325000000,8.817,8.831,8.798,8.816,5209.4
1772325900000,8.816,8.837,8.813,8.823,3527.1
1772326800000,8.821,8.823,8.749,8.758,19143.4
1772327700000,8.758,8.8,8.738,8.793,4922.3
1772328600000,8.793,8.872,8.779,8.865,6463.8
1772329500000,8.863,9.046,8.863,8.992,32558.5
1772330400000,8.994,9.199,8.994,9.167,33950.0
1772331300000,9.169,9.199,9.107,9.15,10253.8
1772332200000,9.148,9.156,9.098,9.144,7421.2
1772333100000,9.144,9.155,9.084,9.101,13196.5
1772334000000,9.099,9.138,9.099,9.111,6464.5
1772334900000,9.113,9.119,9.06,9.093,20598.1
1772335800000,9.093,9.094,9.067,9.082,3972.1
1772336700000,9.082,9.092,9.029,9.05,9600.0
1772337600000,9.05,9.076,9.028,9.038,6962.0
1772338500000,9.036,9.05,8.972,9.007,23189.1
1772339400000,9.007,9.05,9.003,9.047,5168.1
1772340300000,9.045,9.06,9.035,9.055,15272.7
1772341200000,9.055,9.083,9.043,9.049,5413.5
1772342100000,9.051,9.092,9.044,9.078,4292.9
1772343000000,9.078,9.083,9.058,9.062,3074.5
1772343900000,9.06,9.072,9.039,9.043,5610.1
1772344800000,9.041,9.053,8.934,8.964,12185.8
1772345700000,8.964,9.012,8.962,8.979,5843.0
1772346600000,8.981,8.993,8.923,8.957,16060.9
1772347500000,8.957,8.967,8.923,8.956,6421.3
1772348400000,8.954,8.987,8.938,8.97,11126.2
1772349300000,8.97,8.981,8.947,8.961,9330.9
1772350200000,8.961,8.998,8.943,8.98,5310.1
1772351100000,8.978,8.988,8.97,8.974,3219.0
1772352000000,8.974,8.994,8.936,8.984,21217.9
1772352900000,8.984,8.988,8.959,8.982,4328.4
1772353800000,8.98,8.986,8.954,8.958,38728.7
1772354700000,8.958,8.965,8.85,8.874,22503.5
1772355600000,8.872,8.92,8.846,8.906,10632.2
1772356500000,8.906,8.957,8.905,8.928,8892.1
1772357400000,8.926,8.936,8.878,8.892,9078.5
1772358300000,8.894,8.899,8.875,8.884,4367.6
1772359200000,8.886,8.904,8.84,8.894,12530.8
1772360100000,8.894,8.896,8.861,8.876,9018.7
1772361000000,8.878,8.926,8.867,8.872,17232.1
1772361900000,8.872,8.884,8.861,8.873,3987.6
1772362800000,8.875,8.893,8.873,8.887,4176.5
1772363700000,8.889,8.904,8.879,8.88,5051.1
1772364600000,8.882,8.895,8.857,8.862,4915.2
1772365500000,8.862,8.879,8.857,8.868,4262.0
1772366400000,8.87,8.886,8.862,8.873,5132.8
1772367300000,8.873,8.901,8.869,8.875,3937.5
1772368200000,8.875,8.889,8.83,8.872,7067.5
1772369100000,8.872,8.872,8.819,8.824,13343.2
1772370000000,8.826,8.848,8.819,8.835,9950.4
1772370900000,8.832,8.842,8.781,8.807,12806.3
1772371800000,8.803,8.821,8.797,8.812,4997.5
1772372700000,8.812,9.01,8.808,8.962,46207.1
1772373600000,8.96,9.05,8.941,9.019,21745.4
1772374500000,9.017,9.027,8.96,8.969,17005.1
1772375400000,8.969,9.017,8.925,8.943,12796.4
1772376300000,8.945,8.972,8.919,8.941,8440.3
1772377200000,8.943,8.97,8.926,8.97,6728.1
1772378100000,8.97,8.984,8.947,8.954,14368.1
1772379000000,8.956,8.988,8.946,8.976,7977.8
1772379900000,8.976,8.99,8.906,8.909,11848.5
1772380800000,8.911,8.969,8.879,8.947,18342.5
1772381700000,8.947,8.97,8.913,8.96,29087.7
1772382600000,8.958,8.97,8.926,8.927,3089.3
1772383500000,8.926,8.927,8.75,8.822,45816.6
1772384400000,8.819,8.831,8.787,8.814,10805.4
1772385300000,8.81,8.814,8.713,8.771,28021.4
1772386200000,8.774,8.802,8.753,8.792,10377.5
1772387100000,8.794,8.812,8.768,8.77,10704.5
1772388000000,8.77,8.917,8.77,8.872,41005.8
1772388900000,8.87,8.898,8.839,8.846,6802.5
1772389800000,8.846,8.862,8.828,8.844,6945.5
1772390700000,8.844,8.852,8.805,8.807,14999.2
1772391600000,8.807,8.809,8.741,8.743,10034.1
1772392500000,8.743,8.753,8.707,8.716,12621.1
1772393400000,8.719,8.751,8.673,8.682,15930.2
1772394300000,8.682,8.707,8.677,8.69,7500.4
1772395200000,8.69,8.691,8.603,8.62,33399.2
1772396100000,8.62,8.642,8.601,8.601,12094.5
1772397000000,8.601,8.609,8.533,8.556,44975.2
1772397900000,8.552,8.577,8.538,8.551,31557.2
1772398800000,8.553,8.583,8.543,8.571,7422.3
1772399700000,8.573,8.621,8.563,8.616,7973.1
1772400600000,8.616,8.616,8.586,8.6,5251.5
1772401500000,8.602,8.632,8.6,8.621,4606.5
1772402400000,8.623,8.78,8.611,8.712,32007.3
1772403300000,8.712,8.72,8.647,8.664,11444.2
1772404200000,8.662,8.686,8.586,8.637,11093.9
1772405100000,8.637,8.641,8.591,8.599,5995.3
1772406000000,8.597,8.721,8.58,8.672,10657.6
1772406900000,8.674,8.68,8.642,8.642,7640.2
1772407800000,8.642,8.691,8.632,8.673,10673.8
1772408700000,8.675,8.691,8.653,8.667,3271.9
1772409600000,8.669,8.722,8.656,8.69,13079.6
1772410500000,8.692,8.7,8.657,8.675,5720.6
1772411400000,8.673,8.75,8.668,8.75,6561.6
1772412300000,8.757,8.796,8.736,8.759,9183.3
1772413200000,8.759,8.882,8.747,8.85,22106.8
1772414100000,8.848,8.865,8.768,8.778,14920.2
1772415000000,8.778,8.816,8.776,8.791,4095.2
1772415900000,8.791,8.806,8.761,8.773,4257.8
1772416800000,8.771,8.801,8.677,8.709,11241.6
1772417700000,8.709,8.746,8.701,8.737,4864.6
1772418600000,8.735,8.787,8.729,8.756,4535.5
1772419500000,8.758,8.776,8.731,8.755,3505.6
1772420400000,8.755,8.801,8.723,8.783,5794.8
1772421300000,8.783,8.84,8.78,8.833,5654.7
1772422200000,8.831,8.846,8.811,8.821,7744.7
1772423100000,8.821,8.855,8.817,8.819,6575.3
1772424000000,8.819,8.828,8.801,8.812,4992.4
1772424900000,8.812,8.825,8.782,8.819,5147.9
1772425800000,8.819,8.831,8.804,8.819,3776.4
1772426700000,8.819,8.819,8.789,8.805,4972.9
1772427600000,8.807,8.81,8.75,8.768,6200.8
1772428500000,8.768,8.788,8.763,8.785,2870.9
1772429400000,8.783,8.846,8.783,8.844,5484.3
1772430300000,8.842,8.844,8.79,8.798,6317.5
1772431200000,8.798,8.798,8.762,8.772,4053.3
1772432100000,8.77,8.775,8.656,8.71,11671.9
1772433000000,8.708,8.721,8.692,8.705,4579.1
1772433900000,8.705,8.708,8.66,8.689,4472.7
1772434800000,8.687,8.691,8.603,8.618,9093.2
1772435700000,8.618,8.658,8.604,8.648,3972.7
1772436600000,8.65,8.682,8.641,8.679,5168.8
1772437500000,8.681,8.682,8.66,8.665,2810.3
1772438400000,8.67,8.671,8.594,8.656,11099.1
1772439300000,8.654,8.658,8.58,8.595,7274.2
1772440200000,8.597,8.659,8.595,8.649,6145.9
1772441100000,8.649,8.714,8.647,8.692,4629.3
1772442000000,8.689,8.737,8.677,8.726,29860.9
1772442900000,8.728,8.767,8.716,8.718,28637.0
1772443800000,8.718,8.737,8.703,8.716,4186.4
1772444700000,8.716,8.718,8.668,8.671,29183.4
1772445600000,8.671,8.7,8.654,8.675,9324.8
1772446500000,8.671,8.686,8.664,8.686,7250.8
1772447400000,8.686,8.7,8.657,8.682,6172.6
1772448300000,8.68,8.695,8.668,8.695,5375.9
1772449200000,8.695,8.695,8.648,8.661,9796.0
1772450100000,8.663,8.7,8.655,8.673,6290.3
1772451000000,8.671,8.709,8.664,8.695,6397.1
1772451900000,8.695,8.742,8.68,8.689,29198.0
1772452800000,8.689,8.701,8.672,8.686,5007.7
1772453700000,8.686,8.688,8.646,8.656,6096.9
1772454600000,8.658,8.664,8.636,8.645,12599.9
1772455500000,8.647,8.667,8.637,8.656,5109.7
1772456400000,8.656,8.666,8.628,8.639,8317.1
1772457300000,8.639,8.694,8.632,8.646,6196.9
1772458200000,8.648,8.672,8.613,8.629,6248.1
1772459100000,8.629,8.633,8.593,8.603,15431.4
1772460000000,8.603,8.655,8.584,8.646,10557.7
1772460900000,8.646,8.662,8.597,8.625,7244.4
1772461800000,8.625,8.768,8.62,8.758,25507.1
1772462700000,8.762,8.872,8.739,8.85,29704.5
1772463600000,8.848,9.073,8.83,9.063,46691.6
1772464500000,9.063,9.156,9.049,9.078,34982.4
1772465400000,9.08,9.162,9.02,9.162,42201.6
1772466300000,9.16,9.176,9.038,9.101,29519.9
1772467200000,9.103,9.219,9.1,9.192,40276.2
1772468100000,9.195,9.211,9.132,9.137,37114.9
1772469000000,9.137,9.238,9.066,9.231,22513.9
1772469900000,9.234,9.268,9.138,9.14,24044.4
1772470800000,9.142,9.159,9.094,9.109,13848.1
1772471700000,9.109,9.119,9.053,9.11,8248.7
1772472600000,9.11,9.122,8.969,8.982,25511.0
1772473500000,8.98,9.061,8.967,9.058,15083.9
1772474400000,9.058,9.072,8.984,9.069,9078.3
1772475300000,9.069,9.071,9.018,9.033,4700.8
1772476200000,9.033,9.07,9.008,9.043,7106.7
1772477100000,9.041,9.074,8.995,9.009,7841.8
1772478000000,9.009,9.013,8.945,8.979,20693.4
1772478900000,8.979,9.031,8.975,8.999,8297.8
1772479800000,8.999,9.04,8.983,8.993,11269.7
1772480700000,8.993,9.048,8.988,9.032,6284.7
1772481600000,9.03,9.087,8.96,8.985,14658.0
1772482500000,8.985,9.021,8.973,9.002,7430.9
1772483400000,9.004,9.022,8.988,9.02,3684.1
1772484300000,9.022,9.052,8.992,8.992,6020.4
1772485200000,8.992,9.003,8.958,9.002,8236.4
1772486100000,9.0,9.016,8.963,9.01,4170.7
1772487000000,9.012,9.036,9.002,9.033,6062.8
1772487900000,9.035,9.041,9.009,9.026,3555.1
1772488800000,9.024,9.068,9.024,9.034,5761.0
1772489700000,9.034,9.077,9.021,9.067,3423.1
1772490600000,9.069,9.105,9.059,9.071,5456.0
1772491500000,9.071,9.075,9.038,9.056,3453.8
1772492400000,9.056,9.064,9.006,9.007,7090.2
1772493300000,9.006,9.023,8.963,8.965,11478.2
1772494200000,8.965,8.968,8.917,8.928,7107.9
1772495100000,8.928,8.951,8.92,8.945,8120.4
1772496000000,8.943,8.98,8.938,8.953,11853.8
1772496900000,8.953,8.973,8.924,8.947,3775.7
1772497800000,8.949,9.005,8.92,8.995,12497.2
1772498700000,8.995,9.005,8.939,8.968,16197.6
1772499600000,8.968,9.008,8.94,8.986,4139.9
1772500500000,8.986,8.991,8.945,8.946,4438.5
1772501400000,8.948,8.975,8.915,8.969,7530.3
1772502300000,8.967,8.969,8.916,8.918,3744.1
1772503200000,8.916,8.918,8.857,8.889,13401.4
1772504100000,8.891,8.898,8.843,8.89,50049.5
1772505000000,8.89,8.92,8.888,8.911,4993.3
1772505900000,8.911,8.942,8.905,8.912,3599.7
1772506800000,8.912,8.922,8.878,8.905,3918.7
1772507700000,8.903,8.909,8.862,8.885,3687.9
1772508600000,8.885,8.92,8.878,8.901,4535.6
1772509500000,8.901,8.903,8.871,8.879,2599.9
1772510400000,8.881,8.894,8.869,8.878,3207.6
1772511300000,8.88,8.892,8.86,8.867,3885.2
1772512200000,8.867,8.878,8.841,8.849,7071.1
1772513100000,8.851,8.853,8.828,8.836,5462.5
1772514000000,8.838,8.896,8.821,8.896,15223.3
1772514900000,8.894,8.929,8.885,8.885,18958.2
1772515800000,8.885,8.888,8.827,8.833,6691.7
1772516700000,8.831,8.842,8.767,8.802,13655.1
1772517600000,8.804,8.811,8.783,8.799,4314.2
1772518500000,8.799,8.799,8.772,8.781,5511.0
1772519400000,8.783,8.804,8.773,8.801,4234.7
1772520300000,8.803,8.821,8.772,8.801,4942.2
1772521200000,8.803,8.826,8.788,8.819,5198.3
1772522100000,8.817,8.835,8.801,8.807,5218.9
1772523000000,8.809,8.81,8.776,8.797,4414.2
1772523900000,8.797,8.802,8.778,8.789,4695.3
1772524800000,8.789,8.804,8.742,8.749,8347.6
1772525700000,8.747,8.768,8.714,8.74,11845.5
1772526600000,8.738,8.743,8.675,8.684,10125.4
1772527500000,8.682,8.687,8.627,8.643,30294.5
1772528400000,8.647,8.691,8.632,8.683,16357.2
1772529300000,8.681,8.694,8.609,8.622,19799.8
1772530200000,8.622,8.657,8.597,8.637,14684.8
1772531100000,8.635,8.642,8.617,8.639,8044.6
1772532000000,8.639,8.639,8.606,8.613,8122.1
1772532900000,8.613,8.644,8.603,8.62,5156.5
1772533800000,8.622,8.641,8.609,8.638,9232.2
1772534700000,8.638,8.674,8.624,8.64,9553.1
1772535600000,8.638,8.657,8.627,8.643,12245.4
1772536500000,8.641,8.656,8.614,8.629,12798.5
1772537400000,8.629,8.658,8.619,8.658,17506.2
1772538300000,8.658,8.679,8.654,8.67,6558.6
1772539200000,8.668,8.784,8.663,8.758,19239.2
1772540100000,8.756,8.761,8.709,8.728,9355.3
1772541000000,8.724,8.728,8.685,8.7,9003.3
1772541900000,8.698,8.708,8.681,8.698,6952.1
1772542800000,8.7,8.706,8.634,8.637,16369.4
1772543700000,8.635,8.675,8.635,8.665,18831.5
1772544600000,8.667,8.669,8.629,8.637,8189.4
1772545500000,8.637,8.637,8.593,8.63,10697.0
1772546400000,8.63,8.675,8.611,8.67,10542.2
1772547300000,8.672,8.713,8.66,8.678,9487.3
1772548200000,8.678,8.747,8.58,8.592,27838.7
1772549100000,8.592,8.667,8.554,8.623,29897.6
1772550000000,8.62,8.666,8.607,8.649,13517.4
1772550900000,8.647,8.672,8.582,8.634,9962.4
1772551800000,8.632,8.754,8.631,8.706,16717.7
1772552700000,8.704,8.748,8.704,8.738,7910.8
1772553600000,8.74,8.853,8.706,8.847,19928.7
1772554500000,8.847,8.924,8.81,8.893,19307.9
1772555400000,8.891,8.893,8.702,8.753,24346.8
1772556300000,8.753,8.854,8.746,8.815,19949.0
1772557200000,8.815,8.828,8.713,8.757,13102.3
1772558100000,8.757,8.799,8.736,8.786,5963.8
1772559000000,8.784,8.792,8.72,8.792,6362.5
1772559900000,8.792,8.838,8.772,8.823,4736.8
1772560800000,8.821,8.846,8.769,8.788,5365.8
1772561700000,8.788,8.878,8.786,8.852,9817.6
1772562600000,8.854,8.905,8.846,8.866,9956.3
1772563500000,8.866,8.869,8.826,8.835,5669.0
1772564400000,8.835,8.846,8.77,8.802,5784.4
1772565300000,8.799,8.84,8.784,8.812,6051.3
1772566200000,8.812,8.844,8.77,8.827,7970.9
1772567100000,8.829,8.833,8.794,8.802,4699.6
1772568000000,8.804,8.814,8.777,8.784,4308.0
1772568900000,8.778,8.802,8.772,8.791,3379.4
1772569800000,8.785,8.815,8.774,8.796,5025.1
1772570700000,8.796,8.801,8.733,8.755,9078.7
1772571600000,8.755,8.755,8.688,8.707,8167.8
1772572500000,8.711,8.732,8.675,8.695,5759.9
1772573400000,8.693,8.713,8.682,8.709,4620.0
1772574300000,8.708,8.731,8.697,8.724,4099.7
1772575200000,8.724,8.797,8.721,8.772,6955.0
1772576100000,8.774,8.802,8.765,8.783,3870.9
1772577000000,8.783,8.825,8.776,8.818,12821.2
1772577900000,8.816,8.818,8.788,8.799,5001.3
1772578800000,8.801,8.882,8.789,8.849,24141.5
1772579700000,8.851,8.857,8.821,8.828,4228.4
1772580600000,8.828,8.835,8.808,8.822,3480.5
1772581500000,8.822,8.828,8.795,8.802,3216.8
1772582400000,8.802,8.807,8.774,8.78,4053.3
1772583300000,8.78,8.817,8.776,8.797,373833.5
1772584200000,8.799,8.803,8.724,8.736,8831.5
1772585100000,8.734,8.81,8.734,8.797,3460.2
1772586000000,8.797,8.832,8.779,8.796,8234.6
1772586900000,8.796,8.832,8.776,8.821,4656.5
1772587800000,8.818,8.893,8.81,8.857,10890.4
1772588700000,8.855,8.857,8.811,8.82,5766.8
1772589600000,8.82,8.831,8.784,8.802,4782.2
1772590500000,8.802,8.82,8.775,8.777,3891.1
1772591400000,8.777,8.806,8.768,8.8,2850.7
1772592300000,8.802,8.839,8.795,8.826,9271.3
1772593200000,8.826,8.833,8.783,8.817,7296.1
1772594100000,8.813,8.834,8.76,8.764,6946.4
1772595000000,8.762,8.767,8.682,8.704,12916.1
1772595900000,8.702,8.756,8.682,8.754,4880.0
1772596800000,8.752,8.77,8.713,8.75,6567.0
1772597700000,8.748,8.752,8.705,8.711,4347.6
1772598600000,8.713,8.72,8.684,8.72,4313.2
1772599500000,8.718,8.749,8.713,8.737,5088.6
1772600400000,8.739,8.742,8.714,8.733,4295.2
1772601300000,8.733,8.739,8.691,8.707,4517.5
1772602200000,8.705,8.789,8.695,8.771,7186.3
1772603100000,8.771,8.79,8.753,8.754,6325.0
1772604000000,8.756,8.757,8.714,8.725,4916.1
1772604900000,8.728,8.731,8.707,8.724,4489.0
1772605800000,8.724,8.811,8.722,8.811,4711.1
1772606700000,8.811,8.813,8.773,8.787,4445.2
1772607600000,8.785,8.79,8.755,8.763,4453.2
1772608500000,8.765,8.808,8.76,8.805,3801.1
1772609400000,8.808,8.845,8.8,8.843,8080.8
1772610300000,8.843,8.917,8.831,8.896,19158.2
1772611200000,8.894,8.949,8.881,8.93,37695.1
1772612100000,8.93,8.933,8.89,8.904,9576.5
1772613000000,8.9,9.003,8.9,9.0,14317.9
1772613900000,8.998,9.2,8.998,9.174,77500.6
1772614800000,9.174,9.225,9.149,9.196,25434.2
1772615700000,9.198,9.237,9.181,9.213,17668.6
1772616600000,9.213,9.289,9.205,9.241,30072.0
1772617500000,9.246,9.261,9.175,9.211,21516.1
1772618400000,9.209,9.256,9.186,9.232,10782.0
1772619300000,9.234,9.237,9.186,9.205,21512.1
1772620200000,9.205,9.217,9.173,9.179,26441.8
1772621100000,9.179,9.2,9.155,9.181,41542.2
1772622000000,9.183,9.221,9.176,9.212,26191.5
1772622900000,9.214,9.232,9.198,9.203,12534.6
1772623800000,9.203,9.21,9.096,9.112,21684.9
1772624700000,9.114,9.135,9.101,9.125,15575.6
1772625600000,9.125,9.13,9.093,9.115,6421.2
1772626500000,9.113,9.118,9.044,9.05,14876.6
1772627400000,9.048,9.081,9.025,9.072,16681.7
1772628300000,9.074,9.1,9.064,9.097,8961.0
1772629200000,9.097,9.155,9.094,9.121,25598.6
1772630100000,9.121,9.147,9.109,9.138,4810.8
1772631000000,9.14,9.157,9.125,9.14,5952.2
1772631900000,9.14,9.17,9.125,9.163,14311.8
1772632800000,9.161,9.193,9.144,9.183,16642.8
1772633700000,9.183,9.214,9.159,9.2,12618.3
1772634600000,9.198,9.345,9.174,9.179,60551.4
1772635500000,9.173,9.224,9.151,9.204,22383.7
1772636400000,9.204,9.282,9.202,9.24,26421.2
1772637300000,9.238,9.428,9.231,9.428,55172.4
1772638200000,9.428,9.437,9.369,9.388,56889.1
1772639100000,9.386,9.506,9.386,9.497,62486.2
1772640000000,9.495,9.571,9.404,9.41,130181.8
1772640900000,9.412,9.428,9.356,9.428,18317.7
1772641800000,9.426,9.491,9.419,9.471,20834.1
1772642700000,9.471,9.492,9.452,9.468,16679.7
1772643600000,9.468,9.521,9.445,9.503,29353.0
1772644500000,9.503,9.526,9.39,9.402,24993.0
1772645400000,9.404,9.47,9.402,9.452,18591.2
1772646300000,9.452,9.479,9.44,9.441,26981.6
1772647200000,9.441,9.458,9.386,9.424,7071.3
1772648100000,9.422,9.468,9.418,9.464,4426.6
1772649000000,9.461,9.47,9.411,9.468,4451.8
1772649900000,9.465,9.497,9.447,9.478,5887.5
1772650800000,9.482,9.581,9.471,9.557,16949.3
1772651700000,9.559,9.628,9.524,9.536,23397.3
1772652600000,9.536,9.595,9.511,9.576,14039.5
1772653500000,9.576,9.578,9.523,9.523,18586.6
1772654400000,9.525,9.54,9.491,9.515,14168.0
1772655300000,9.515,9.559,9.508,9.546,6179.3
1772656200000,9.546,9.554,9.518,9.539,10208.5
1772657100000,9.539,9.555,9.475,9.482,5761.7
1772658000000,9.477,9.481,9.417,9.433,16347.4
1772658900000,9.427,9.434,9.41,9.421,5837.8
1772659800000,9.421,9.45,9.408,9.43,7039.5
1772660700000,9.428,9.441,9.414,9.436,4646.0
1772661600000,9.436,9.503,9.435,9.47,17958.9
1772662500000,9.468,9.489,9.455,9.464,3282.6
1772663400000,9.466,9.466,9.363,9.384,20707.6
1772664300000,9.382,9.384,9.338,9.353,11527.9
1772665200000,9.355,9.365,9.339,9.35,57757.9
1772666100000,9.35,9.366,9.295,9.331,9639.9
1772667000000,9.333,9.375,9.294,9.37,5717.5
1772667900000,9.372,9.379,9.337,9.343,3260.5
1772668800000,9.343,9.354,9.334,9.348,5104.0
1772669700000,9.348,9.378,9.325,9.339,5410.3
1772670600000,9.337,9.371,9.328,9.362,5105.7
1772671500000,9.362,9.38,9.331,9.335,4428.5
1772672400000,9.333,9.385,9.319,9.362,8214.4
1772673300000,9.364,9.369,9.295,9.308,5798.5
1772674200000,9.308,9.31,9.257,9.264,15596.7
1772675100000,9.264,9.274,9.237,9.26,8612.7
1772676000000,9.258,9.328,9.254,9.316,6156.2
1772676900000,9.316,9.328,9.293,9.297,4369.8
1772677800000,9.297,9.297,9.235,9.246,9263.1
1772678700000,9.246,9.279,9.244,9.272,4970.4
1772679600000,9.272,9.3,9.264,9.272,3348.9
1772680500000,9.27,9.273,9.232,9.237,2975.9
1772681400000,9.237,9.255,9.231,9.232,5254.8
1772682300000,9.232,9.278,9.232,9.26,4541.9
1772683200000,9.258,9.291,9.251,9.275,3476.1
1772684100000,9.277,9.3,9.264,9.297,6287.8
1772685000000,9.297,9.334,9.279,9.33,4630.8
1772685900000,9.332,9.354,9.315,9.337,8263.4
1772686800000,9.337,9.35,9.326,9.333,3952.2
1772687700000,9.335,9.335,9.262,9.278,6176.3
1772688600000,9.278,9.283,9.245,9.26,9070.0
1772689500000,9.262,9.264,9.242,9.257,6576.9
1772690400000,9.257,9.266,9.21,9.217,12680.1
1772691300000,9.217,9.276,9.21,9.252,10509.8
1772692200000,9.252,9.261,9.236,9.25,3611.1
1772693100000,9.25,9.29,9.242,9.28,6130.3
1772694000000,9.28,9.298,9.265,9.287,7973.5
1772694900000,9.285,9.288,9.263,9.267,4728.7
1772695800000,9.265,9.267,9.219,9.227,11774.4
1772696700000,9.226,9.233,9.173,9.211,15241.2
1772697600000,9.213,9.218,9.191,9.21,5439.4
1772698500000,9.208,9.228,9.199,9.215,3944.3
1772699400000,9.213,9.256,9.198,9.247,6341.7
1772700300000,9.244,9.252,9.23,9.246,8030.3
1772701200000,9.248,9.332,9.243,9.311,10917.0
1772702100000,9.313,9.336,9.296,9.307,9789.5
1772703000000,9.309,9.333,9.277,9.286,4712.5
1772703900000,9.284,9.305,9.28,9.296,4215.3
1772704800000,9.296,9.3,9.261,9.283,7227.3
1772705700000,9.283,9.377,9.276,9.361,13209.1
1772706600000,9.363,9.441,9.361,9.406,21175.5
1772707500000,9.402,9.459,9.394,9.436,10655.8
1772708400000,9.436,9.446,9.394,9.421,18700.0
1772709300000,9.419,9.433,9.4,9.417,5729.5
1772710200000,9.415,9.418,9.361,9.37,13870.2
1772711100000,9.372,9.398,9.37,9.391,6242.0
1772712000000,9.393,9.401,9.365,9.388,6693.6
1772712900000,9.386,9.42,9.363,9.402,5777.2
1772713800000,9.402,9.445,9.397,9.435,10587.6
1772714700000,9.437,9.48,9.432,9.474,19615.4
1772715600000,9.472,9.481,9.413,9.434,14804.4
1772716500000,9.432,9.466,9.39,9.405,19297.1
1772717400000,9.405,9.407,9.311,9.367,43103.5
1772718300000,9.365,9.409,9.352,9.371,14153.1
1772719200000,9.369,9.394,9.347,9.388,17634.2
1772720100000,9.39,9.39,9.335,9.345,9689.0
1772721000000,9.345,9.423,9.303,9.316,21096.5
1772721900000,9.316,9.419,9.308,9.384,16660.0
1772722800000,9.384,9.402,9.24,9.265,48461.4
1772723700000,9.267,9.276,9.192,9.192,20538.9
1772724600000,9.192,9.256,9.163,9.228,81845.2
1772725500000,9.228,9.266,9.208,9.229,15928.6
1772726400000,9.229,9.231,9.073,9.115,46726.3
1772727300000,9.115,9.171,9.109,9.149,36301.0
1772728200000,9.149,9.227,9.143,9.182,13717.3
1772729100000,9.186,9.197,9.163,9.175,6207.7
1772730000000,9.177,9.234,9.142,9.157,13070.1
1772730900000,9.157,9.162,9.12,9.13,7046.7
1772731800000,9.13,9.138,9.079,9.109,17302.2
1772732700000,9.109,9.117,9.075,9.08,13202.5
1772733600000,9.078,9.122,9.067,9.112,9203.3
1772734500000,9.112,9.142,9.093,9.101,8005.6
1772735400000,9.103,9.171,9.097,9.152,21649.6
1772736300000,9.15,9.176,9.137,9.169,8722.7
1772737200000,9.167,9.249,9.167,9.245,9202.2
1772738100000,9.243,9.268,9.198,9.207,23180.9
1772739000000,9.209,9.219,9.178,9.199,4136.2
1772739900000,9.199,9.221,9.171,9.18,3861.2
1772740800000,9.18,9.229,9.164,9.225,6288.7
1772741700000,9.225,9.273,9.223,9.259,6183.5
1772742600000,9.261,9.279,9.236,9.241,6778.1
1772743500000,9.241,9.286,9.229,9.273,4597.6
1772744400000,9.273,9.31,9.273,9.287,12267.7
1772745300000,9.285,9.31,9.28,9.294,6313.0
1772746200000,9.294,9.298,9.211,9.229,27860.8
1772747100000,9.231,9.239,9.196,9.218,5276.8
1772748000000,9.216,9.226,9.174,9.198,9247.8
1772748900000,9.196,9.215,9.191,9.199,2821.4
1772749800000,9.201,9.246,9.201,9.233,5839.6
1772750700000,9.235,9.249,9.212,9.213,7306.8
1772751600000,9.215,9.225,9.203,9.212,9584.0
1772752500000,9.212,9.238,9.206,9.223,3755.2
1772753400000,9.221,9.223,9.178,9.189,9940.1
1772754300000,9.189,9.198,9.182,9.197,3520.1
1772755200000,9.198,9.229,9.191,9.227,3669.6
1772756100000,9.227,9.229,9.195,9.198,4868.5
1772757000000,9.198,9.207,9.191,9.197,2793.3
1772757900000,9.197,9.211,9.178,9.199,3975.8
1772758800000,9.197,9.214,9.193,9.2,10025.6
1772759700000,9.2,9.218,9.157,9.174,13885.8
1772760600000,9.174,9.278,9.172,9.276,14702.3
1772761500000,9.274,9.295,9.259,9.275,5467.2
1772762400000,9.275,9.283,9.251,9.275,5136.1
1772763300000,9.273,9.286,9.239,9.26,5714.8
1772764200000,9.26,9.266,9.238,9.266,4686.3
1772765100000,9.265,9.271,9.243,9.254,5991.6
1772766000000,9.254,9.282,9.231,9.239,3989.3
1772766900000,9.241,9.266,9.219,9.26,5647.1
1772767800000,9.257,9.267,9.239,9.246,3348.3
1772768700000,9.243,9.262,9.237,9.258,3172.9
1772769600000,9.258,9.263,9.222,9.222,3376.1
1772770500000,9.222,9.235,9.215,9.216,3444.8
1772771400000,9.216,9.236,9.145,9.178,11183.6
1772772300000,9.18,9.196,9.171,9.196,3325.6
1772773200000,9.196,9.196,9.165,9.192,3661.6
1772774100000,9.192,9.218,9.171,9.182,4405.7
1772775000000,9.182,9.196,9.163,9.17,4387.1
1772775900000,9.168,9.223,9.164,9.205,7483.2
1772776800000,9.207,9.213,9.183,9.191,5899.1
1772777700000,9.189,9.208,9.179,9.189,3258.3
1772778600000,9.189,9.215,9.181,9.211,2952.2
1772779500000,9.213,9.227,9.189,9.199,5915.8
1772780400000,9.197,9.219,9.174,9.188,5707.7
1772781300000,9.19,9.269,9.185,9.268,4183.9
1772782200000,9.266,9.283,9.256,9.277,4278.9
1772783100000,9.277,9.288,9.266,9.27,4481.9
1772784000000,9.27,9.273,9.236,9.244,4998.6
1772784900000,9.242,9.249,9.223,9.229,5335.6
1772785800000,9.225,9.227,9.185,9.206,7191.4
1772786700000,9.204,9.228,9.194,9.203,3626.0
1772787600000,9.203,9.209,9.125,9.135,10652.0
1772788500000,9.135,9.141,9.086,9.095,2446967.7
1772789400000,9.093,9.107,9.068,9.095,12538.0
1772790300000,9.093,9.113,9.075,9.103,9383.0
1772791200000,9.103,9.153,9.099,9.151,8836.5
1772792100000,9.151,9.174,9.145,9.169,10852.9
1772793000000,9.171,9.171,9.147,9.152,6027.1
1772793900000,9.154,9.16,9.137,9.138,10356.0
1772794800000,9.138,9.159,9.111,9.137,9529.2
1772795700000,9.137,9.137,9.115,9.129,10114.2
1772796600000,9.129,9.129,9.079,9.081,5006.6
1772797500000,9.081,9.088,9.051,9.072,15592.9
1772798400000,9.07,9.079,9.005,9.033,25283.5
1772799300000,9.031,9.092,9.031,9.081,10664.9
1772800200000,9.081,9.09,9.028,9.028,9360.0
1772801100000,9.029,9.075,9.012,9.055,7708.4
1772802000000,9.055,9.083,9.055,9.073,5353.0
1772802900000,9.073,9.106,9.046,9.081,6714.6
1772803800000,9.083,9.13,9.011,9.093,30771.0
1772804700000,9.094,9.094,8.944,8.947,45280.3
1772805600000,8.947,8.971,8.862,8.888,52109.0
1772806500000,8.89,8.938,8.878,8.916,17261.9
1772807400000,8.916,8.94,8.796,8.839,3725049.3
1772808300000,8.839,8.866,8.759,8.805,31956.1
1772809200000,8.803,8.829,8.759,8.811,34542.2
1772810100000,8.813,8.858,8.808,8.836,15336.8
1772811000000,8.836,8.873,8.808,8.812,11462.3
1772811900000,8.814,8.814,8.74,8.786,24170.9
1772812800000,8.786,8.802,8.723,8.731,28290.1
1772813700000,8.728,8.759,8.708,8.749,16835.1
1772814600000,8.749,8.786,8.723,8.771,11722.7
1772815500000,8.769,8.785,8.717,8.73,4955.2
1772816400000,8.732,8.767,8.724,8.739,8044.2
1772817300000,8.739,8.774,8.708,8.722,9069.5
1772818200000,8.722,8.742,8.664,8.679,67879.7
1772819100000,8.679,8.727,8.677,8.715,9693.7
1772820000000,8.715,8.793,8.707,8.784,56087.2
1772820900000,8.784,8.799,8.763,8.771,14244.3
1772821800000,8.771,8.794,8.765,8.773,3378.4
1772822700000,8.771,8.79,8.756,8.767,5997.3
1772823600000,8.767,8.809,8.767,8.809,9684.2
1772824500000,8.809,8.827,8.787,8.792,13411.5
1772825400000,8.797,8.807,8.778,8.784,6836.4
1772826300000,8.784,8.791,8.767,8.785,8505.0
1772827200000,8.783,8.802,8.767,8.77,5376.9
1772828100000,8.77,8.78,8.728,8.733,23994.9
1772829000000,8.733,8.775,8.73,8.76,10779.4
1772829900000,8.76,8.779,8.756,8.775,5382.2
1772830800000,8.775,8.784,8.77,8.772,5077.7
1772831700000,8.772,8.778,8.739,8.754,7189.4
1772832600000,8.754,8.764,8.747,8.764,3192.1
1772833500000,8.764,8.782,8.758,8.778,4077.6
1772834400000,8.778,8.785,8.772,8.774,3593.8
1772835300000,8.774,8.795,8.771,8.788,4662.7
1772836200000,8.788,8.809,8.782,8.802,3679.4
1772837100000,8.802,8.82,8.8,8.809,2872.4
1772838000000,8.809,8.811,8.79,8.798,3828.1
1772838900000,8.796,8.801,8.79,8.792,2744.4
1772839800000,8.798,8.799,8.778,8.786,3868.6
1772840700000,8.786,8.791,8.781,8.791,3023.8
1772841600000,8.789,8.811,8.783,8.805,3750.2
1772842500000,8.803,8.815,8.803,8.811,3284.6
1772843400000,8.809,8.834,8.803,8.803,3349.3
1772844300000,8.805,8.811,8.8,8.805,2807.5
1772845200000,8.805,8.811,8.784,8.788,3431.3
1772846100000,8.788,8.794,8.775,8.778,3735.3
1772847000000,8.778,8.782,8.77,8.776,4224.2
1772847900000,8.78,8.79,8.773,8.774,2986.5
1772848800000,8.773,8.784,8.769,8.775,3062.1
1772849700000,8.775,8.781,8.767,8.767,2715.3
1772850600000,8.767,8.77,8.754,8.766,6442.0
1772851500000,8.766,8.797,8.762,8.794,4749.2
1772852400000,8.792,8.851,8.792,8.847,7072.5
1772853300000,8.847,8.85,8.8,8.802,4734.4
1772854200000,8.8,8.805,8.79,8.795,6000.9
1772855100000,8.795,8.805,8.784,8.788,2625.8
1772856000000,8.786,8.786,8.736,8.757,8867.5
1772856900000,8.759,8.784,8.757,8.782,3308.7
1772857800000,8.782,8.813,8.782,8.805,4228.3
1772858700000,8.803,8.808,8.791,8.791,13425.2
1772859600000,8.791,8.801,8.79,8.796,3180.5
1772860500000,8.796,8.799,8.785,8.794,3518.6
1772861400000,8.794,8.796,8.775,8.794,2896.6
1772862300000,8.794,8.809,8.794,8.801,4157.6
1772863200000,8.803,8.803,8.788,8.792,3834.6
1772864100000,8.79,8.792,8.776,8.78,3800.3
1772865000000,8.778,8.784,8.765,8.782,3268.8
1772865900000,8.78,8.782,8.755,8.756,3719.5
1772866800000,8.755,8.758,8.733,8.756,7948.2
1772867700000,8.754,8.768,8.745,8.764,4672.2
1772868600000,8.764,8.788,8.762,8.786,6798.2
1772869500000,8.786,8.803,8.786,8.801,3441.5
1772870400000,8.801,8.805,8.789,8.798,4012.2
1772871300000,8.796,8.819,8.776,8.778,6679.7
1772872200000,8.776,8.796,8.767,8.769,4901.4
1772873100000,8.767,8.777,8.752,8.764,5850.3
1772874000000,8.766,8.781,8.742,8.778,5880.2
1772874900000,8.781,8.799,8.778,8.792,6831.0
1772875800000,8.792,8.804,8.789,8.796,3734.5
1772876700000,8.796,8.811,8.794,8.804,4620.2
1772877600000,8.804,8.806,8.79,8.798,3772.2
1772878500000,8.8,8.8,8.774,8.778,4796.3
1772879400000,8.776,8.78,8.768,8.772,16682.3
1772880300000,8.767,8.778,8.762,8.77,10981.6
1772881200000,8.77,8.814,8.752,8.814,5704.5
1772882100000,8.814,8.818,8.798,8.806,4877.6
1772883000000,8.804,8.806,8.794,8.796,3941.0
1772883900000,8.798,8.811,8.794,8.794,3409.1
1772884800000,8.794,8.808,8.782,8.789,17816.9
1772885700000,8.789,8.801,8.788,8.795,4380.7
1772886600000,8.793,8.801,8.783,8.787,4487.1
1772887500000,8.785,8.789,8.767,8.775,4758.9
1772888400000,8.775,8.796,8.773,8.794,8364.9
1772889300000,8.796,8.813,8.789,8.8,6266.2
1772890200000,8.802,8.813,8.775,8.784,5314.3
1772891100000,8.784,8.803,8.782,8.794,3476.1
1772892000000,8.794,8.796,8.727,8.746,14353.4
1772892900000,8.744,8.746,8.721,8.742,16004.5
1772893800000,8.74,8.8,8.736,8.784,7116.0
1772894700000,8.782,8.797,8.773,8.79,5257.5
1772895600000,8.79,8.796,8.778,8.79,4490.5
1772896500000,8.79,8.795,8.764,8.766,3966.4
1772897400000,8.768,8.777,8.723,8.735,17665.8
1772898300000,8.735,8.752,8.725,8.75,13578.9
1772899200000,8.75,8.754,8.734,8.752,4793.4
1772900100000,8.752,8.754,8.734,8.745,6272.5
1772901000000,8.743,8.758,8.738,8.751,3112.7
1772901900000,8.753,8.761,8.748,8.757,2743.7
1772902800000,8.759,8.784,8.757,8.777,6572.4
1772903700000,8.777,8.805,8.773,8.799,7290.5
1772904600000,8.797,8.8,8.795,8.8,3083.8
1772905500000,8.798,8.8,8.765,8.767,2964.5
1772906400000,8.767,8.767,8.683,8.721,43403.7
1772907300000,8.721,8.725,8.705,8.722,4937.8
1772908200000,8.722,8.731,8.703,8.729,3476.1
1772909100000,8.729,8.736,8.708,8.709,3053.4
1772910000000,8.709,8.71,8.699,8.705,3494.8
1772910900000,8.703,8.711,8.67,8.679,23146.8
1772911800000,8.677,8.705,8.673,8.692,6670.0
1772912700000,8.692,8.694,8.637,8.655,51230.5
1772913600000,8.655,8.69,8.653,8.684,7286.8
1772914500000,8.682,8.689,8.669,8.685,2692.6
1772915400000,8.685,8.707,8.68,8.701,6597.6
1772916300000,8.701,8.704,8.688,8.698,9640.1
1772917200000,8.696,8.71,8.691,8.7,6730.4
1772918100000,8.7,8.703,8.686,8.695,3423.4
1772919000000,8.697,8.697,8.67,8.679,11315.4
1772919900000,8.679,8.697,8.67,8.696,4719.3
1772920800000,8.696,8.698,8.676,8.676,3828.9
1772921700000,8.678,8.681,8.655,8.66,5822.6
1772922600000,8.662,8.678,8.635,8.676,4691.7
1772923500000,8.676,8.682,8.66,8.67,4032.6
1772924400000,8.668,8.686,8.665,8.683,4581.3
1772925300000,8.683,8.698,8.681,8.694,3249.5
1772926200000,8.694,8.699,8.686,8.686,3661.9
1772927100000,8.686,8.695,8.685,8.692,3020.3
1772928000000,8.69,8.71,8.69,8.703,3313.7
1772928900000,8.703,8.706,8.679,8.684,4232.3
1772929800000,8.686,8.686,8.659,8.668,3312.3
1772930700000,8.666,8.67,8.648,8.662,4328.6
1772931600000,8.664,8.683,8.648,8.677,3658.7
1772932500000,8.677,8.693,8.675,8.677,5422.8
1772933400000,8.677,8.686,8.652,8.685,3549.2
1772934300000,8.686,8.705,8.685,8.69,3999.6
1772935200000,8.69,8.69,8.669,8.679,2785.2
1772936100000,8.677,8.684,8.645,8.648,7912.7
1772937000000,8.648,8.677,8.632,8.675,7245.9
1772937900000,8.675,8.675,8.574,8.593,41004.8
1772938800000,8.593,8.608,8.58,8.604,5547.1
1772939700000,8.602,8.623,8.601,8.617,12653.7
1772940600000,8.619,8.622,8.6,8.603,4049.5
1772941500000,8.603,8.612,8.595,8.595,3738.5
1772942400000,8.595,8.62,8.584,8.603,20160.2
1772943300000,8.603,8.611,8.591,8.598,3444.0
1772944200000,8.598,8.598,8.576,8.586,6222.7
1772945100000,8.588,8.588,8.526,8.547,25194.2
1772946000000,8.547,8.597,8.543,8.595,11905.6
1772946900000,8.597,8.623,8.59,8.62,5071.0
1772947800000,8.62,8.626,8.609,8.615,3854.4
1772948700000,8.613,8.62,8.603,8.605,3347.6
1772949600000,8.605,8.611,8.578,8.578,4139.7
1772950500000,8.578,8.583,8.571,8.573,4525.4
1772951400000,8.573,8.597,8.571,8.594,5184.4
1772952300000,8.594,8.612,8.589,8.601,5543.0
1772953200000,8.599,8.653,8.599,8.649,38534.5
1772954100000,8.647,8.662,8.632,8.64,4120.3
1772955000000,8.642,8.642,8.626,8.63,3480.8
1772955900000,8.632,8.633,8.624,8.627,3281.5
1772956800000,8.627,8.633,8.602,8.604,4821.3
1772957700000,8.601,8.602,8.586,8.592,17378.9
1772958600000,8.594,8.634,8.585,8.63,4486.0
1772959500000,8.632,8.64,8.62,8.631,3764.4
1772960400000,8.633,8.677,8.62,8.672,22983.5
1772961300000,8.674,8.701,8.663,8.697,13554.4
1772962200000,8.699,8.699,8.671,8.679,26638.5
1772963100000,8.679,8.687,8.674,8.68,6256.0
1772964000000,8.682,8.702,8.68,8.702,30356.1
1772964900000,8.7,8.77,8.694,8.748,17913.1
1772965800000,8.748,8.748,8.729,8.736,4262.6
1772966700000,8.734,8.736,8.72,8.726,4679.8
1772967600000,8.726,8.728,8.639,8.658,17783.0
1772968500000,8.656,8.681,8.656,8.671,4411.6
1772969400000,8.673,8.694,8.623,8.638,9269.7
1772970300000,8.64,8.652,8.629,8.647,7184.8
1772971200000,8.647,8.666,8.567,8.575,17808.2
1772972100000,8.579,8.661,8.553,8.657,16292.9
1772973000000,8.657,8.672,8.639,8.653,13026.5
1772973900000,8.653,8.654,8.631,8.646,14823.5
1772974800000,8.648,8.66,8.569,8.571,12041.7
1772975700000,8.571,8.603,8.536,8.593,16574.0
1772976600000,8.591,8.593,8.538,8.566,11905.9
1772977500000,8.568,8.609,8.566,8.59,18623.8
1772978400000,8.592,8.615,8.581,8.605,16259.9
1772979300000,8.605,8.616,8.568,8.572,10083.4
1772980200000,8.572,8.597,8.545,8.555,6222.4
1772981100000,8.555,8.583,8.546,8.582,4029.1
1772982000000,8.583,8.588,8.552,8.588,8248.9
1772982900000,8.586,8.588,8.544,8.549,6110.5
1772983800000,8.549,8.559,8.54,8.553,21723.0
1772984700000,8.547,8.567,8.537,8.565,5087.4
1772985600000,8.565,8.569,8.538,8.541,6687.6
1772986500000,8.538,8.555,8.528,8.545,7460.0
1772987400000,8.545,8.547,8.496,8.533,32436.1
1772988300000,8.535,8.535,8.502,8.519,5999.2
1772989200000,8.521,8.571,8.515,8.555,9753.2
1772990100000,8.555,8.566,8.538,8.541,5268.7
1772991000000,8.541,8.549,8.521,8.536,8367.7
1772991900000,8.536,8.552,8.531,8.551,72953.7
1772992800000,8.552,8.559,8.531,8.538,5072.3
1772993700000,8.54,8.54,8.51,8.533,5201.7
1772994600000,8.531,8.549,8.518,8.522,15243.7
1772995500000,8.522,8.545,8.518,8.537,3820.8
1772996400000,8.537,8.592,8.523,8.576,7435.5
1772997300000,8.578,8.645,8.576,8.627,19182.2
1772998200000,8.625,8.658,8.621,8.646,5845.3
1772999100000,8.646,8.659,8.624,8.638,13833.6
1773000000000,8.638,8.641,8.605,8.606,6114.8
1773000900000,8.608,8.63,8.603,8.614,22687.3
1773001800000,8.616,8.694,8.614,8.668,22324.5
1773002700000,8.668,8.67,8.629,8.631,14724.8
1773003600000,8.629,8.64,8.563,8.577,8052.9
1773004500000,8.577,8.603,8.569,8.592,3966.8
1773005400000,8.594,8.605,8.586,8.596,5764.6
1773006300000,8.596,8.6,8.584,8.591,3446.9
1773007200000,8.589,8.589,8.389,8.503,66687.6
1773008100000,8.5,8.521,8.429,8.505,12191.1
1773009000000,8.503,8.576,8.471,8.535,12333.1
1773009900000,8.535,8.58,8.533,8.544,5937.2
1773010800000,8.544,8.583,8.52,8.549,6339.1
1773011700000,8.55,8.575,8.528,8.563,4795.2
1773012600000,8.563,8.569,8.509,8.512,7014.6
1773013500000,8.512,8.534,8.493,8.51,15176.2
1773014400000,8.508,8.581,8.502,8.576,6286.5
1773015300000,8.578,8.589,8.509,8.569,11816.3
1773016200000,8.567,8.651,8.567,8.589,9712.9
1773017100000,8.589,8.6,8.545,8.563,4943.9
1773018000000,8.561,8.572,8.522,8.553,4859.0
1773018900000,8.553,8.596,8.543,8.569,4081.6
1773019800000,8.569,8.612,8.545,8.589,6710.1
1773020700000,8.591,8.598,8.522,8.525,4110.9
1773021600000,8.525,8.552,8.5,8.532,6591.0
1773022500000,8.532,8.539,8.505,8.531,6278.0
1773023400000,8.531,8.62,8.521,8.62,5198.1
1773024300000,8.619,8.632,8.605,8.605,3424.3
1773025200000,8.607,8.756,8.596,8.749,24740.1
1773026100000,8.749,8.79,8.682,8.7,17104.9
1773027000000,8.694,8.716,8.668,8.673,4050.7
1773027900000,8.673,8.691,8.658,8.679,3836.2
1773028800000,8.679,8.705,8.676,8.685,4391.5
1773029700000,8.687,8.758,8.675,8.753,6017.3
1773030600000,8.753,8.753,8.727,8.741,4391.2
1773031500000,8.741,8.746,8.682,8.683,21509.0
1773032400000,8.683,8.702,8.678,8.684,3145.0
1773033300000,8.682,8.734,8.679,8.731,3469.6
1773034200000,8.731,8.841,8.723,8.808,14135.6
1773035100000,8.814,8.869,8.8,8.832,18170.6
1773036000000,8.834,8.838,8.809,8.816,5744.1
1773036900000,8.816,8.837,8.78,8.784,19258.4
1773037800000,8.784,8.794,8.734,8.745,6230.5
1773038700000,8.745,8.75,8.725,8.728,6426.5
1773039600000,8.731,8.738,8.684,8.688,12274.4
1773040500000,8.688,8.709,8.642,8.695,9070.2
1773041400000,8.695,8.731,8.691,8.719,7733.8
1773042300000,8.716,8.739,8.705,8.735,25157.3
1773043200000,8.735,8.761,8.722,8.748,13493.5
1773044100000,8.746,8.788,8.717,8.777,6522.1
1773045000000,8.779,8.791,8.74,8.749,4898.0
1773045900000,8.747,8.77,8.738,8.749,3710.4
1773046800000,8.747,8.752,8.707,8.751,7847.3
1773047700000,8.749,8.776,8.739,8.767,4873.4
1773048600000,8.769,8.848,8.75,8.834,8884.6
1773049500000,8.832,8.846,8.766,8.774,13011.4
1773050400000,8.772,8.798,8.765,8.781,6402.3
1773051300000,8.781,8.797,8.763,8.775,18691.7
1773052200000,8.777,8.79,8.744,8.757,8459.1
1773053100000,8.759,8.768,8.744,8.759,8084.3
1773054000000,8.757,8.777,8.751,8.768,9569.0
1773054900000,8.766,8.769,8.706,8.729,23846.0
1773055800000,8.731,8.778,8.724,8.768,4303.2
1773056700000,8.768,8.79,8.75,8.768,9691.6
1773057600000,8.768,8.801,8.768,8.79,11071.2
1773058500000,8.79,8.822,8.788,8.818,13553.4
1773059400000,8.82,8.84,8.79,8.806,10844.7
1773060300000,8.804,8.818,8.794,8.811,12476.4
1773061200000,8.811,8.874,8.801,8.852,25152.4
1773062100000,8.854,8.895,8.818,8.889,31731.0
1773063000000,8.887,8.94,8.863,8.937,38101.9
1773063900000,8.937,8.962,8.884,8.917,32986.4
1773064800000,8.915,8.948,8.829,8.866,30440.3
1773065700000,8.864,8.95,8.864,8.913,19598.8
1773066600000,8.911,8.966,8.907,8.946,16681.2
1773067500000,8.945,8.952,8.915,8.924,11181.6
1773068400000,8.926,8.943,8.893,8.941,9689.8
1773069300000,8.941,8.958,8.922,8.941,7800.6
1773070200000,8.941,8.961,8.882,8.913,11626.9
1773071100000,8.913,8.95,8.902,8.922,15323.8
1773072000000,8.92,8.957,8.913,8.921,10319.3
1773072900000,8.919,8.975,8.917,8.951,24478.0
1773073800000,8.951,8.953,8.902,8.939,12023.4
1773074700000,8.939,8.97,8.914,8.936,9709.9
1773075600000,8.934,8.986,8.932,8.967,12383.6
1773076500000,8.97,8.983,8.926,8.933,6914.1
1773077400000,8.933,8.945,8.872,8.89,16430.4
1773078300000,8.89,8.926,8.887,8.91,17335.7
1773079200000,8.907,8.908,8.861,8.887,10879.0
1773080100000,8.887,8.954,8.882,8.928,6634.9
1773081000000,8.933,8.952,8.922,8.926,12321.4
1773081900000,8.924,8.928,8.89,8.896,7802.2
1773082800000,8.896,8.916,8.865,8.865,11674.8
1773083700000,8.866,9.083,8.864,9.081,52212.7
1773084600000,9.081,9.096,8.972,8.989,45192.9
1773085500000,8.987,9.003,8.957,9.002,9444.2
1773086400000,9.003,9.033,8.992,9.011,11049.3
1773087300000,9.009,9.022,8.999,9.013,6847.9
1773088200000,9.013,9.013,8.947,8.969,7165.8
1773089100000,8.969,8.989,8.943,8.976,3711.2
1773090000000,8.976,9.017,8.97,9.001,9104.6
1773090900000,8.999,9.005,8.965,8.973,5609.3
1773091800000,8.973,9.0,8.962,8.994,3852.6
1773092700000,8.994,9.001,8.98,8.988,3486.6
1773093600000,8.986,8.996,8.941,8.965,5190.6
1773094500000,8.963,8.971,8.95,8.967,2874.7
1773095400000,8.967,8.967,8.895,8.911,15160.8
1773096300000,8.913,8.937,8.883,8.905,10652.7
1773097200000,8.907,8.912,8.88,8.905,6784.9
1773098100000,8.905,8.905,8.876,8.876,4578.9
1773099000000,8.878,8.89,8.867,8.869,5189.7
1773099900000,8.871,8.871,8.841,8.861,9195.0
1773100800000,8.863,8.871,8.847,8.858,6036.8
1773101700000,8.856,8.948,8.856,8.944,8944.7
1773102600000,8.942,8.95,8.907,8.943,6948.8
1773103500000,8.945,8.957,8.909,8.913,13789.2
1773104400000,8.913,8.935,8.903,8.93,9929.1
1773105300000,8.93,8.937,8.89,8.899,4261.9
1773106200000,8.899,8.918,8.869,8.887,4578.2
1773107100000,8.887,8.951,8.882,8.923,6207.0
1773108000000,8.923,8.931,8.892,8.92,4948.2
1773108900000,8.918,8.943,8.905,8.94,7055.4
1773109800000,8.941,9.067,8.937,9.05,26360.7
1773110700000,9.048,9.076,9.016,9.031,8563.6
1773111600000,9.033,9.045,9.003,9.026,7983.0
1773112500000,9.026,9.043,9.016,9.024,18806.5
1773113400000,9.022,9.024,8.968,8.973,9535.4
1773114300000,8.973,8.973,8.916,8.932,10558.9
1773115200000,8.934,8.977,8.931,8.975,5575.1
1773116100000,8.973,9.003,8.966,8.992,4415.1
1773117000000,8.989,9.029,8.988,9.02,15189.2
1773117900000,9.018,9.03,8.996,9.012,10371.8
1773118800000,9.013,9.041,9.001,9.022,4179.6
1773119700000,9.02,9.043,9.015,9.017,4402.5
1773120600000,9.019,9.037,8.994,8.994,4906.2
1773121500000,8.994,9.003,8.987,9.003,3809.8
1773122400000,9.003,9.006,8.99,8.994,4526.1
1773123300000,8.992,9.018,8.964,9.014,8107.3
1773124200000,9.016,9.017,8.992,8.998,4549.9
1773125100000,8.996,9.014,8.984,8.998,8494.9
1773126000000,8.998,9.032,8.975,9.011,10361.3
1773126900000,9.011,9.074,9.002,9.054,10304.9
1773127800000,9.054,9.054,9.03,9.044,6253.8
1773128700000,9.041,9.074,9.031,9.074,22852.4
1773129600000,9.074,9.156,9.072,9.136,27592.0
1773130500000,9.138,9.149,9.097,9.102,11358.4
1773131400000,9.104,9.152,9.102,9.119,14838.9
1773132300000,9.121,9.121,9.067,9.072,6505.1
1773133200000,9.072,9.099,9.07,9.09,8749.1
1773134100000,9.092,9.143,9.07,9.138,12515.9
1773135000000,9.14,9.146,9.12,9.123,10900.1
1773135900000,9.123,9.126,9.106,9.116,8741.8
1773136800000,9.118,9.12,9.078,9.084,10264.1
1773137700000,9.081,9.09,9.063,9.076,9671.9
1773138600000,9.074,9.098,9.065,9.077,5590.0
1773139500000,9.077,9.113,9.074,9.103,5021.3
1773140400000,9.103,9.105,9.066,9.07,34406.9
1773141300000,9.075,9.1,9.067,9.091,7505.7
1773142200000,9.091,9.095,9.068,9.076,7352.8
1773143100000,9.074,9.089,9.065,9.065,16966.3
1773144000000,9.065,9.079,9.035,9.048,26500.9
1773144900000,9.046,9.055,9.028,9.036,44062.8
1773145800000,9.034,9.06,9.019,9.043,14152.3
1773146700000,9.045,9.048,9.029,9.041,4439.5
1773147600000,9.041,9.065,9.039,9.054,10210.8
1773148500000,9.054,9.091,9.05,9.066,9022.4
1773149400000,9.066,9.074,8.941,8.973,36935.7
1773150300000,8.973,9.009,8.951,8.961,13968.7
1773151200000,8.959,8.986,8.875,8.882,37329.2
1773152100000,8.88,8.953,8.852,8.933,20606.5
1773153000000,8.933,9.035,8.922,9.026,23895.9
1773153900000,9.026,9.147,9.011,9.142,26479.2
1773154800000,9.144,9.176,9.092,9.103,78022.1
1773155700000,9.103,9.13,9.062,9.115,11422.0
1773156600000,9.11,9.14,9.062,9.1,19444.0
1773157500000,9.1,9.138,9.077,9.131,15403.8
1773158400000,9.129,9.141,9.074,9.104,45297.7
1773159300000,9.104,9.173,9.101,9.136,41288.7
1773160200000,9.134,9.159,9.119,9.152,6892.8
1773161100000,9.152,9.157,9.119,9.143,9511.3
1773162000000,9.145,9.164,9.128,9.138,5674.9
1773162900000,9.138,9.162,9.114,9.129,7162.0
1773163800000,9.129,9.151,9.065,9.075,16471.5
1773164700000,9.077,9.117,9.062,9.1,5699.6
1773165600000,9.102,9.106,9.013,9.017,8975.7
1773166500000,9.017,9.037,8.961,8.993,28398.6
1773167400000,8.993,9.016,8.948,8.963,13685.0
1773168300000,8.961,8.984,8.938,8.961,11416.1
1773169200000,8.959,8.987,8.94,8.958,7794.6
1773170100000,8.958,8.982,8.927,8.931,5537.2
1773171000000,8.931,8.977,8.914,8.964,5567.9
1773171900000,8.964,8.972,8.95,8.964,4282.5
1773172800000,8.964,8.994,8.963,8.988,6266.3
1773173700000,8.99,9.002,8.975,8.995,5345.4
1773174600000,8.997,9.001,8.981,8.992,4098.0
1773175500000,8.99,8.999,8.98,8.985,3521.9
1773176400000,8.985,9.004,8.959,8.978,4444.6
1773177300000,8.978,8.997,8.973,8.978,10263.1
1773178200000,8.978,8.987,8.949,8.951,9415.5
1773179100000,8.951,8.954,8.917,8.936,6974.3
1773180000000,8.934,8.942,8.904,8.922,9080.3
1773180900000,8.92,8.978,8.913,8.955,10590.2
1773181800000,8.958,8.96,8.937,8.952,3874.4
1773182700000,8.954,8.967,8.945,8.952,2880.1
1773183600000,8.954,8.975,8.952,8.973,3259.1
1773184500000,8.971,8.985,8.964,8.969,3116.4
1773185400000,8.971,8.985,8.967,8.981,9523.0
1773186300000,8.983,8.99,8.978,8.981,11349.5
1773187200000,8.979,8.988,8.967,8.985,5251.5
1773188100000,8.983,8.997,8.967,8.969,8399.0
1773189000000,8.969,8.973,8.924,8.925,4201.0
1773189900000,8.925,8.996,8.925,8.977,6482.6
1773190800000,8.979,9.005,8.973,8.996,7348.2
1773191700000,8.996,9.0,8.968,8.987,4336.9
1773192600000,8.985,8.987,8.959,8.97,2882.1
1773193500000,8.972,8.994,8.968,8.99,2781.0
1773194400000,8.992,8.999,8.982,8.982,3028.3
1773195300000,8.982,8.989,8.974,8.984,3915.8
1773196200000,8.986,8.986,8.917,8.925,10877.4
1773197100000,8.923,8.972,8.911,8.966,7958.0
1773198000000,8.968,8.982,8.946,8.964,4785.2
1773198900000,8.962,8.964,8.92,8.944,6121.1
1773199800000,8.944,8.952,8.928,8.935,8489.0
1773200700000,8.937,8.943,8.92,8.923,4806.5
1773201600000,8.923,8.955,8.912,8.952,12663.8
1773202500000,8.954,8.999,8.945,8.992,10713.5
1773203400000,8.99,9.009,8.976,8.988,6575.8
1773204300000,8.988,9.028,8.987,9.015,10009.6
1773205200000,9.017,9.034,8.984,8.991,5286.3
1773206100000,8.989,8.991,8.956,8.959,3316.2
1773207000000,8.956,8.959,8.862,8.883,32843.9
1773207900000,8.883,8.886,8.87,8.876,8496.9
1773208800000,8.876,8.898,8.874,8.891,8991.4
1773209700000,8.893,8.919,8.887,8.919,6201.2
1773210600000,8.917,8.953,8.916,8.933,9845.2
1773211500000,8.935,8.965,8.92,8.941,6723.3
1773212400000,8.941,8.95,8.935,8.945,2992.7
1773213300000,8.943,8.951,8.927,8.927,5948.1
1773214200000,8.929,8.931,8.871,8.884,11895.0
1773215100000,8.882,8.903,8.882,8.886,4666.7
1773216000000,8.884,8.903,8.88,8.88,5565.7
1773216900000,8.882,8.899,8.876,8.879,6557.3
1773217800000,8.879,8.931,8.877,8.913,9536.1
1773218700000,8.915,8.917,8.895,8.914,5675.6
1773219600000,8.916,8.916,8.898,8.898,3395.3
1773220500000,8.9,8.924,8.898,8.905,4330.7
1773221400000,8.907,8.919,8.885,8.907,5996.4
1773222300000,8.909,8.934,8.878,8.886,5783.4
1773223200000,8.886,8.91,8.881,8.908,5363.8
1773224100000,8.906,8.919,8.902,8.918,3939.2
1773225000000,8.918,8.961,8.912,8.954,7384.9
1773225900000,8.956,8.959,8.937,8.939,5894.9
1773226800000,8.941,8.963,8.922,8.958,13067.1
1773227700000,8.96,8.964,8.911,8.919,4745.2
1773228600000,8.919,8.931,8.902,8.908,4672.7
1773229500000,8.91,8.917,8.897,8.909,15203.7
1773230400000,8.906,8.925,8.879,8.917,10867.1
1773231300000,8.915,8.989,8.915,8.982,12595.9
1773232200000,8.982,9.034,8.946,8.952,24463.3
1773233100000,8.952,8.965,8.943,8.96,5045.7
1773234000000,8.96,9.049,8.951,9.029,18570.7
1773234900000,9.031,9.063,9.009,9.033,27756.9
1773235800000,9.035,9.165,9.033,9.058,65880.8
1773236700000,9.058,9.076,8.97,9.037,37117.6
1773237600000,9.035,9.112,9.026,9.056,24940.3
1773238500000,9.056,9.116,9.045,9.098,15784.7
1773239400000,9.096,9.126,9.058,9.101,18791.3
1773240300000,9.101,9.121,9.048,9.057,8775.1
1773241200000,9.059,9.069,8.97,8.988,43394.6
1773242100000,8.99,9.035,8.976,8.988,11736.2
1773243000000,8.988,8.99,8.895,8.948,30974.4
1773243900000,8.946,8.999,8.906,8.99,13086.7
1773244800000,8.99,9.007,8.964,8.996,9822.0
1773245700000,8.994,9.016,8.967,8.989,6481.4
1773246600000,8.992,9.062,8.99,9.056,47874.4
1773247500000,9.056,9.076,9.035,9.053,7898.6
1773248400000,9.051,9.109,9.045,9.074,20741.7
1773249300000,9.074,9.148,9.068,9.125,11649.4
1773250200000,9.127,9.134,9.018,9.074,16957.7
1773251100000,9.072,9.084,9.045,9.078,5346.6
1773252000000,9.079,9.098,9.065,9.089,12624.2
1773252900000,9.09,9.116,9.071,9.083,6210.1
1773253800000,9.085,9.093,9.054,9.066,5097.8
1773254700000,9.066,9.116,9.059,9.091,8018.5
1773255600000,9.089,9.096,9.058,9.066,6324.5
1773256500000,9.068,9.085,9.05,9.074,5219.5
1773257400000,9.076,9.105,9.065,9.091,3763.4
1773258300000,9.091,9.093,9.068,9.082,3525.7
1773259200000,9.082,9.084,9.054,9.055,4487.3
1773260100000,9.057,9.066,9.034,9.039,3789.0
1773261000000,9.041,9.051,9.027,9.043,4058.5
1773261900000,9.045,9.067,9.037,9.056,4489.3
1773262800000,9.056,9.081,9.043,9.047,4178.3
1773263700000,9.047,9.056,9.033,9.043,3640.2
1773264600000,9.041,9.066,9.041,9.052,3501.3
1773265500000,9.052,9.072,9.049,9.066,4972.0
1773266400000,9.068,9.104,9.054,9.09,7664.8
1773267300000,9.09,9.09,9.036,9.038,6729.9
1773268200000,9.04,9.045,9.011,9.028,7863.4
1773269100000,9.026,9.053,9.026,9.046,6149.3
1773270000000,9.046,9.06,9.04,9.052,5397.3
1773270900000,9.052,9.052,9.029,9.034,2981.4
1773271800000,9.032,9.035,8.997,9.001,5634.4
1773272700000,8.999,9.009,8.974,8.993,10339.2
1773273600000,8.993,9.007,8.98,8.993,13123.3
1773274500000,8.991,9.014,8.977,9.0,11028.6
1773275400000,9.002,9.009,8.976,8.999,3103.9
1773276300000,8.997,9.009,8.992,9.002,2973.1
1773277200000,9.0,9.002,8.941,8.952,16481.6
1773278100000,8.954,8.966,8.946,8.959,3957.9
1773279000000,8.959,8.97,8.931,8.96,5631.5
1773279900000,8.961,8.97,8.937,8.949,3640.7
1773280800000,8.949,8.957,8.931,8.945,4556.1
1773281700000,8.946,8.949,8.91,8.922,7041.2
1773282600000,8.919,8.927,8.879,8.895,17096.9
1773283500000,8.895,8.901,8.853,8.865,10706.2
1773284400000,8.863,8.883,8.858,8.873,4443.6
1773285300000,8.875,8.889,8.871,8.884,4269.5
1773286200000,8.882,8.901,8.878,8.888,5783.7
1773287100000,8.886,8.888,8.83,8.862,12435.5
1773288000000,8.862,8.891,8.855,8.883,6810.1
1773288900000,8.881,8.886,8.866,8.866,10626.5
1773289800000,8.866,8.876,8.847,8.87,5187.7
1773290700000,8.868,8.87,8.859,8.864,2850.4
1773291600000,8.864,8.888,8.86,8.86,5388.3
1773292500000,8.86,8.864,8.836,8.841,3502.8
1773293400000,8.843,8.88,8.841,8.879,7335.2
1773294300000,8.877,8.887,8.868,8.887,5459.3
1773295200000,8.887,8.898,8.87,8.898,7481.7
1773296100000,8.897,8.899,8.881,8.895,4882.4
1773297000000,8.895,8.913,8.895,8.907,7942.7
1773297900000,8.905,8.911,8.897,8.904,4931.6
1773298800000,8.906,8.914,8.884,8.905,8125.5
1773299700000,8.905,8.919,8.896,8.916,4464.7
1773300600000,8.918,8.955,8.914,8.937,9934.3
1773301500000,8.935,8.949,8.935,8.944,10605.5
1773302400000,8.942,8.957,8.934,8.937,4251.3
1773303300000,8.937,8.999,8.932,8.963,25197.6
1773304200000,8.963,8.976,8.937,8.958,8455.5
1773305100000,8.957,8.971,8.953,8.965,7364.3
1773306000000,8.963,8.965,8.945,8.956,14186.6
1773306900000,8.955,8.957,8.92,8.931,11229.2
1773307800000,8.931,9.033,8.931,9.026,10939.4
1773308700000,9.024,9.041,8.965,8.992,10564.1
1773309600000,8.992,9.001,8.973,8.988,6975.0
1773310500000,8.99,9.042,8.984,9.042,9469.8
1773311400000,9.04,9.1,9.038,9.083,33327.2
1773312300000,9.081,9.09,9.059,9.065,17863.7
1773313200000,9.064,9.069,9.047,9.047,11567.3
1773314100000,9.049,9.07,9.031,9.052,5100.6
1773315000000,9.054,9.069,9.045,9.059,7497.7
1773315900000,9.057,9.07,9.012,9.025,43786.0
1773316800000,9.023,9.027,9.004,9.018,5945.7
1773317700000,9.02,9.045,9.007,9.034,8591.9
1773318600000,9.036,9.051,9.018,9.049,6668.2
1773319500000,9.049,9.063,9.027,9.035,7067.3
1773320400000,9.035,9.05,9.02,9.02,13394.6
1773321300000,9.022,9.022,8.96,8.987,20745.1
1773322200000,8.985,9.06,8.968,9.02,27556.9
1773323100000,9.02,9.032,8.962,9.009,15027.7
1773324000000,9.012,9.079,9.01,9.055,22180.7
1773324900000,9.053,9.096,8.97,8.973,18525.2
1773325800000,8.975,8.975,8.891,8.918,33783.1
1773326700000,8.92,8.96,8.903,8.943,16659.4
1773327600000,8.941,8.976,8.91,8.961,13660.1
1773328500000,8.959,9.047,8.944,9.026,50746.8
1773329400000,9.024,9.084,9.018,9.054,24953.6
1773330300000,9.055,9.07,9.008,9.028,6978.3
1773331200000,9.03,9.058,8.965,8.998,16547.4
1773332100000,9.0,9.077,8.996,9.009,14609.1
1773333000000,9.01,9.064,9.004,9.056,12534.6
1773333900000,9.056,9.065,9.018,9.045,10262.8
1773334800000,9.045,9.058,9.021,9.036,15050.2
1773335700000,9.034,9.048,9.003,9.008,13262.6
1773336600000,9.008,9.033,8.998,9.021,6941.3
1773337500000,9.019,9.028,8.982,9.001,11561.5
1773338400000,9.003,9.011,8.98,9.005,5337.9
1773339300000,9.005,9.018,8.959,9.011,6577.2
1773340200000,9.011,9.016,8.982,8.99,5044.7
1773341100000,8.992,8.995,8.969,8.971,4694.9
1773342000000,8.971,8.995,8.954,8.98,9650.1
1773342900000,8.98,9.034,8.978,9.029,5533.8
1773343800000,9.027,9.047,9.019,9.019,5299.0
1773344700000,9.021,9.039,9.007,9.03,4117.0
1773345600000,9.03,9.032,8.998,9.001,6843.8
1773346500000,9.001,9.008,8.983,8.988,6168.2
1773347400000,8.986,8.988,8.968,8.974,4165.4
1773348300000,8.972,8.983,8.96,8.969,10348.2
1773349200000,8.967,9.021,8.967,9.004,4734.4
1773350100000,9.004,9.01,8.992,8.997,3158.1
1773351000000,8.995,9.003,8.986,8.993,3334.9
1773351900000,8.995,9.034,8.993,9.021,3421.5
1773352800000,9.021,9.026,9.009,9.016,2909.4
1773353700000,9.016,9.024,9.001,9.011,3502.7
1773354600000,9.011,9.016,8.994,8.996,3003.9
1773355500000,8.994,9.008,8.975,9.008,5542.6
1773356400000,9.008,9.072,9.005,9.062,15816.1
1773357300000,9.061,9.086,9.036,9.05,15264.5
1773358200000,9.048,9.062,9.04,9.062,3296.7
1773359100000,9.061,9.076,9.046,9.053,6870.1
1773360000000,9.051,9.119,9.03,9.119,12088.2
1773360900000,9.12,9.309,9.12,9.267,128699.3
1773361800000,9.268,9.391,9.259,9.264,89596.1
1773362700000,9.261,9.274,9.207,9.254,14910.2
1773363600000,9.249,9.313,9.249,9.29,10567.2
1773364500000,9.292,9.313,9.264,9.283,6865.0
1773365400000,9.283,9.328,9.244,9.32,8186.3
1773366300000,9.318,9.332,9.305,9.318,7149.2
1773367200000,9.318,9.326,9.281,9.296,7990.6
1773368100000,9.298,9.304,9.253,9.255,8077.7
1773369000000,9.255,9.262,9.214,9.217,6555.5
1773369900000,9.217,9.232,9.202,9.225,10171.0
1773370800000,9.223,9.256,9.223,9.238,4761.2
1773371700000,9.238,9.253,9.221,9.223,5205.1
1773372600000,9.223,9.235,9.2,9.225,5758.6
1773373500000,9.223,9.304,9.219,9.282,16064.5
1773374400000,9.282,9.295,9.258,9.263,4864.7
1773375300000,9.261,9.264,9.242,9.251,5270.1
1773376200000,9.251,9.258,9.241,9.255,6695.5
1773377100000,9.255,9.261,9.237,9.247,6821.1
1773378000000,9.249,9.249,9.216,9.226,4844.5
1773378900000,9.226,9.274,9.224,9.252,5295.2
1773379800000,9.252,9.288,9.252,9.275,10965.1
1773380700000,9.273,9.283,9.25,9.258,5749.6
1773381600000,9.26,9.276,9.247,9.256,3650.3
1773382500000,9.257,9.257,9.188,9.195,22256.0
1773383400000,9.195,9.212,9.177,9.184,12911.4
1773384300000,9.184,9.193,9.168,9.18,8513.8
1773385200000,9.18,9.207,9.167,9.198,8738.3
1773386100000,9.196,9.213,9.181,9.202,5164.3
1773387000000,9.198,9.212,9.179,9.182,8865.9
1773387900000,9.184,9.202,9.174,9.189,9123.3
1773388800000,9.189,9.192,9.157,9.17,5259.1
1773389700000,9.172,9.2,9.163,9.196,6302.6
1773390600000,9.196,9.288,9.196,9.256,20473.7
1773391500000,9.252,9.256,9.2,9.215,12727.1
1773392400000,9.215,9.241,9.213,9.233,9876.6
1773393300000,9.233,9.239,9.202,9.228,3694.3
1773394200000,9.228,9.269,9.224,9.257,4464.7
1773395100000,9.257,9.29,9.252,9.268,14740.0
1773396000000,9.266,9.314,9.266,9.289,16630.7
1773396900000,9.289,9.312,9.278,9.295,12138.0
1773397800000,9.293,9.308,9.285,9.3,9227.5
1773398700000,9.302,9.325,9.288,9.295,8690.4
1773399600000,9.298,9.304,9.273,9.278,14893.7
1773400500000,9.276,9.295,9.257,9.272,3838.0
1773401400000,9.27,9.28,9.261,9.268,5961.4
1773402300000,9.266,9.278,9.254,9.267,9819.0
1773403200000,9.267,9.304,9.265,9.295,7043.0
1773404100000,9.295,9.322,9.282,9.304,10366.0
1773405000000,9.306,9.338,9.301,9.331,8127.1
1773405900000,9.33,9.432,9.33,9.38,41589.1
1773406800000,9.385,9.426,9.368,9.41,13183.7
1773407700000,9.41,9.572,9.392,9.499,78444.3
1773408600000,9.501,9.56,9.456,9.554,31049.2
1773409500000,9.554,9.57,9.499,9.519,18041.8
1773410400000,9.519,9.559,9.488,9.542,14655.6
1773411300000,9.538,9.593,9.525,9.547,15678.5
1773412200000,9.545,9.564,9.451,9.46,28774.9
1773413100000,9.458,9.463,9.328,9.348,31786.7
1773414000000,9.353,9.417,9.334,9.403,31077.5
1773414900000,9.403,9.417,9.346,9.348,8650.0
1773415800000,9.348,9.364,9.271,9.298,23119.9
1773416700000,9.298,9.328,9.232,9.259,21389.2
1773417600000,9.259,9.307,9.233,9.254,13387.9
1773418500000,9.256,9.262,9.196,9.243,14866.5
1773419400000,9.241,9.3,9.241,9.296,17934.5
1773420300000,9.294,9.328,9.281,9.282,15850.4
1773421200000,9.281,9.292,9.273,9.284,5854.2
1773422100000,9.284,9.3,9.215,9.223,13214.3
1773423000000,9.221,9.223,9.135,9.148,23019.0
1773423900000,9.148,9.158,9.094,9.142,26309.0
1773424800000,9.142,9.169,9.132,9.166,13675.9
1773425700000,9.164,9.17,9.107,9.148,9722.8
1773426600000,9.15,9.174,9.145,9.169,11340.9
1773427500000,9.169,9.171,9.118,9.124,5506.1
1773428400000,9.124,9.139,9.102,9.126,5129.0
1773429300000,9.126,9.137,9.104,9.108,17019.1
1773430200000,9.108,9.126,9.106,9.124,3091.8
1773431100000,9.124,9.157,9.117,9.138,7701.8
1773432000000,9.138,9.156,9.124,9.154,4826.3
1773432900000,9.156,9.167,9.149,9.16,4193.4
1773433800000,9.158,9.167,9.153,9.159,4522.2
1773434700000,9.161,9.171,9.155,9.168,3528.8
1773435600000,9.168,9.195,9.168,9.18,12230.4
1773436500000,9.182,9.182,9.124,9.126,7713.5
1773437400000,9.126,9.147,9.113,9.129,4798.5
1773438300000,9.129,9.147,9.127,9.132,3048.3
1773439200000,9.133,9.135,9.03,9.083,46021.8
1773440100000,9.085,9.085,9.041,9.045,11127.1
1773441000000,9.043,9.053,9.018,9.037,19378.7
1773441900000,9.039,9.068,9.029,9.062,9010.7
1773442800000,9.062,9.065,9.048,9.062,8957.9
1773443700000,9.062,9.096,9.06,9.087,3744.4
1773444600000,9.082,9.096,9.079,9.09,5984.2
1773445500000,9.09,9.09,9.073,9.079,3167.8
1773446400000,9.081,9.087,9.065,9.087,3250.4
1773447300000,9.085,9.1,9.077,9.096,3970.4
1773448200000,9.095,9.11,9.062,9.063,4167.5
1773449100000,9.063,9.067,9.045,9.049,13621.4
1773450000000,9.051,9.066,9.043,9.05,3987.6
1773450900000,9.048,9.076,9.048,9.065,3589.8
1773451800000,9.065,9.073,9.015,9.061,8223.8
1773452700000,9.063,9.083,9.061,9.075,4159.1
1773453600000,9.077,9.093,9.068,9.087,4573.0
1773454500000,9.087,9.093,9.064,9.071,4739.2
1773455400000,9.071,9.073,9.06,9.063,2683.9
1773456300000,9.065,9.09,9.061,9.077,3287.4
1773457200000,9.076,9.098,9.068,9.095,5869.3
1773458100000,9.095,9.113,9.094,9.102,4087.3
1773459000000,9.103,9.126,9.102,9.118,6814.9
1773459900000,9.118,9.12,9.106,9.114,8095.7
1773460800000,9.112,9.121,9.102,9.118,4338.2
1773461700000,9.116,9.118,9.096,9.111,3188.4
1773462600000,9.111,9.136,9.102,9.132,3401.8
1773463500000,9.13,9.136,9.078,9.078,16834.3
1773464400000,9.083,9.09,9.07,9.073,4268.2
1773465300000,9.071,9.076,9.06,9.06,3325.4
1773466200000,9.063,9.063,9.021,9.04,11475.5
1773467100000,9.04,9.06,9.038,9.059,4041.5
1773468000000,9.06,9.06,9.036,9.039,3834.1
1773468900000,9.039,9.039,8.992,9.005,10532.5
1773469800000,9.007,9.007,8.96,8.97,14330.8
1773470700000,8.97,9.004,8.969,9.0,6130.5
1773471600000,9.0,9.0,8.982,8.989,4967.5
1773472500000,8.989,8.991,8.972,8.982,4758.2
1773473400000,8.982,8.986,8.962,8.973,6255.6
1773474300000,8.973,8.981,8.965,8.975,5646.9
1773475200000,8.973,8.986,8.965,8.984,5812.3
1773476100000,8.984,8.987,8.968,8.983,3650.4
1773477000000,8.983,8.985,8.96,8.967,9513.9
1773477900000,8.967,8.978,8.964,8.976,3597.6
1773478800000,8.974,9.003,8.968,9.001,9796.8
1773479700000,9.003,9.003,8.98,8.984,4375.5
1773480600000,8.984,8.987,8.97,8.975,7990.2
1773481500000,8.973,8.977,8.916,8.94,20395.3
1773482400000,8.942,8.944,8.926,8.939,3786.0
1773483300000,8.939,8.941,8.92,8.931,3528.6
1773484200000,8.931,8.934,8.917,8.927,16330.8
1773485100000,8.927,8.944,8.924,8.942,3193.9
1773486000000,8.942,8.968,8.941,8.964,4038.2
1773486900000,8.962,8.976,8.96,8.971,8196.6
1773487800000,8.973,8.99,8.969,8.987,4041.4
1773488700000,8.985,8.995,8.982,8.987,5120.0
1773489600000,8.989,8.995,8.98,8.986,4710.3
1773490500000,8.988,8.991,8.978,8.979,4611.5
1773491400000,8.978,8.984,8.964,8.966,6050.5
1773492300000,8.966,8.988,8.964,8.982,4755.0
1773493200000,8.982,8.985,8.974,8.979,3429.7
1773494100000,8.979,8.999,8.979,8.994,5557.6
1773495000000,8.994,9.007,8.991,9.005,5683.2
1773495900000,9.007,9.007,8.994,9.003,4751.2
1773496800000,9.003,9.008,8.984,8.988,5013.5
1773497700000,8.988,9.005,8.986,9.004,5830.3
1773498600000,9.004,9.013,8.96,8.966,8369.5
1773499500000,8.966,8.979,8.966,8.97,12562.4
1773500400000,8.968,8.978,8.958,8.972,10505.4
1773501300000,8.972,8.984,8.965,8.978,2742.9
1773502200000,8.976,8.99,8.955,8.972,14025.2
1773503100000,8.974,9.003,8.972,8.997,7614.7
1773504000000,8.997,8.999,8.975,8.988,5565.9
1773504900000,8.99,9.018,8.988,9.011,9109.3
1773505800000,9.011,9.036,9.011,9.027,8390.4
1773506700000,9.027,9.033,9.02,9.031,4984.4
1773507600000,9.031,9.048,9.029,9.036,8718.9
1773508500000,9.036,9.045,9.03,9.041,4687.3
1773509400000,9.041,9.043,9.026,9.027,3624.3
1773510300000,9.028,9.03,9.003,9.003,6245.3
1773511200000,9.003,9.004,8.987,8.99,5544.2
1773512100000,8.992,9.003,8.986,9.003,5952.0
1773513000000,9.003,9.024,9.001,9.022,4062.8
1773513900000,9.02,9.025,9.013,9.014,4950.0
1773514800000,9.014,9.019,9.003,9.019,3717.6
1773515700000,9.019,9.026,9.015,9.018,3442.8
1773516600000,9.018,9.033,9.015,9.032,3054.8
1773517500000,9.032,9.036,9.021,9.023,3332.7
1773518400000,9.023,9.023,9.011,9.022,4324.2
1773519300000,9.022,9.034,9.02,9.028,3502.9
1773520200000,9.028,9.032,9.019,9.03,3805.8
1773521100000,9.03,9.04,9.021,9.036,4300.5
1773522000000,9.034,9.04,9.019,9.029,3261.4
1773522900000,9.029,9.044,9.027,9.042,3150.2
1773523800000,9.04,9.066,9.04,9.065,6023.4
1773524700000,9.065,9.09,9.061,9.083,7414.9
1773525600000,9.082,9.101,9.077,9.086,4491.0
1773526500000,9.084,9.095,9.077,9.091,3570.4
1773527400000,9.091,9.097,9.088,9.09,3740.8
1773528300000,9.092,9.092,9.07,9.072,3604.3
1773529200000,9.074,9.148,9.072,9.132,19076.5
1773530100000,9.132,9.137,9.111,9.13,16142.4
1773531000000,9.13,9.158,9.13,9.147,9894.6
1773531900000,9.147,9.164,9.142,9.162,17410.3
1773532800000,9.162,9.18,9.156,9.178,25079.7
1773533700000,9.176,9.178,9.137,9.14,10849.7
1773534600000,9.14,9.177,9.138,9.17,11641.8
1773535500000,9.168,9.17,9.136,9.141,6097.9
1773536400000,9.138,9.145,9.113,9.121,6254.8
1773537300000,9.123,9.136,9.11,9.12,5099.3
1773538200000,9.122,9.133,9.117,9.125,3939.0
1773539100000,9.125,9.145,9.123,9.134,3823.7
1773540000000,9.134,9.207,9.134,9.198,15196.3
1773540900000,9.198,9.202,9.165,9.175,7180.5
1773541800000,9.173,9.218,9.155,9.214,5950.8
1773542700000,9.218,9.254,9.214,9.227,15098.2
1773543600000,9.227,9.241,9.217,9.226,4653.5
1773544500000,9.228,9.23,9.194,9.198,4693.6
1773545400000,9.2,9.208,9.188,9.192,4196.6
1773546300000,9.192,9.202,9.178,9.201,3063.4
1773547200000,9.202,9.246,9.201,9.237,4252.9
1773548100000,9.237,9.249,9.194,9.201,7092.8
1773549000000,9.201,9.204,9.183,9.204,3989.2
1773549900000,9.204,9.213,9.188,9.213,4158.3
1773550800000,9.211,9.213,9.189,9.195,7231.0
1773551700000,9.193,9.263,9.19,9.224,14790.3
1773552600000,9.224,9.244,9.216,9.23,4249.2
1773553500000,9.23,9.235,9.208,9.218,8587.2
1773554400000,9.218,9.236,9.214,9.22,10620.8
1773555300000,9.222,9.23,9.207,9.221,3785.8
1773556200000,9.219,9.227,9.194,9.2,4775.0
1773557100000,9.202,9.216,9.198,9.211,9767.2
1773558000000,9.213,9.232,9.201,9.22,3922.9
1773558900000,9.22,9.228,9.207,9.207,3607.6
1773559800000,9.207,9.209,9.189,9.193,6642.9
1773560700000,9.193,9.213,9.19,9.213,3335.8
1773561600000,9.211,9.252,9.211,9.247,10520.7
1773562500000,9.247,9.26,9.233,9.233,5646.3
1773563400000,9.233,9.235,9.223,9.233,3689.1
1773564300000,9.233,9.26,9.233,9.26,6209.5
1773565200000,9.26,9.306,9.259,9.294,24637.7
1773566100000,9.294,9.317,9.285,9.286,18240.9
1773567000000,9.286,9.291,9.26,9.264,10242.4
1773567900000,9.266,9.278,9.256,9.262,4254.3
1773568800000,9.264,9.271,9.249,9.264,3482.0
1773569700000,9.264,9.289,9.264,9.283,3938.3
1773570600000,9.283,9.284,9.268,9.272,2784.0
1773571500000,9.27,9.29,9.27,9.279,4594.9
1773572400000,9.281,9.288,9.27,9.274,3840.7
1773573300000,9.274,9.284,9.26,9.264,4786.9
1773574200000,9.262,9.269,9.255,9.269,4562.1
1773575100000,9.267,9.281,9.264,9.269,3959.8
1773576000000,9.271,9.273,9.252,9.254,4533.8
1773576900000,9.254,9.261,9.242,9.256,7227.0
1773577800000,9.256,9.272,9.243,9.247,5886.8
1773578700000,9.247,9.258,9.245,9.251,10139.7
1773579600000,9.249,9.266,9.18,9.206,17194.5
1773580500000,9.204,9.206,9.157,9.194,13394.9
1773581400000,9.192,9.2,9.138,9.164,12629.4
1773582300000,9.17,9.19,9.158,9.189,6465.6
1773583200000,9.19,9.202,9.179,9.19,6787.8
1773584100000,9.189,9.19,9.149,9.152,7149.1
1773585000000,9.15,9.16,9.134,9.153,11806.9
1773585900000,9.153,9.179,9.147,9.179,5784.7
1773586800000,9.177,9.179,9.16,9.165,3236.6
1773587700000,9.165,9.172,9.147,9.15,8996.5
1773588600000,9.15,9.16,9.14,9.153,3161.2
1773589500000,9.155,9.157,9.144,9.15,7339.3
1773590400000,9.148,9.179,9.141,9.179,7305.0
1773591300000,9.178,9.179,9.13,9.148,10418.2
1773592200000,9.146,9.159,9.127,9.145,11327.7
1773593100000,9.147,9.15,9.116,9.134,9917.4
1773594000000,9.134,9.164,9.13,9.153,6973.5
1773594900000,9.153,9.156,9.146,9.146,3870.8
1773595800000,9.147,9.156,9.138,9.151,5330.8
1773596700000,9.151,9.235,9.147,9.208,17833.8
1773597600000,9.208,9.216,9.192,9.199,4509.1
1773598500000,9.197,9.208,9.187,9.192,4091.2
1773599400000,9.192,9.213,9.19,9.195,8249.0
1773600300000,9.195,9.197,9.132,9.145,6571.9
1773601200000,9.145,9.188,9.139,9.182,6268.8
1773602100000,9.182,9.2,9.168,9.193,4128.7
1773603000000,9.193,9.196,9.181,9.187,2919.1
1773603900000,9.187,9.198,9.179,9.193,2550.7
1773604800000,9.191,9.195,9.181,9.187,3120.2
1773605700000,9.187,9.191,9.169,9.185,3327.2
1773606600000,9.183,9.289,9.183,9.258,22325.5
1773607500000,9.258,9.263,9.237,9.24,7738.8
1773608400000,9.238,9.255,9.227,9.229,8134.0
1773609300000,9.229,9.263,9.225,9.246,4227.2
1773610200000,9.246,9.334,9.246,9.302,16107.8
1773611100000,9.302,9.32,9.283,9.299,5164.7
1773612000000,9.299,9.348,9.255,9.26,10185.7
1773612900000,9.26,9.276,9.235,9.27,8983.8
1773613800000,9.268,9.44,9.267,9.416,485105.8
1773614700000,9.416,9.526,9.416,9.476,37037.6
1773615600000,9.478,9.547,9.478,9.515,30028.1
1773616500000,9.515,9.53,9.414,9.414,15735.6
1773617400000,9.416,9.47,9.398,9.468,14005.3
1773618300000,9.468,9.491,9.448,9.489,5311.7
1773619200000,9.489,9.536,9.481,9.482,20899.6
1773620100000,9.482,9.511,9.435,9.439,13879.4
1773621000000,9.439,9.463,9.419,9.44,5419.9
1773621900000,9.437,9.468,9.437,9.453,5267.9
1773622800000,9.453,9.468,9.406,9.406,10141.8
1773623700000,9.406,9.483,9.406,9.478,11121.7
1773624600000,9.478,9.485,9.436,9.469,7308.0
1773625500000,9.469,9.532,9.467,9.513,11442.3
1773626400000,9.515,9.529,9.485,9.487,15280.3
1773627300000,9.489,9.503,9.422,9.43,9400.7
1773628200000,9.428,9.444,9.411,9.436,8229.7
1773629100000,9.436,9.503,9.436,9.481,11076.7
1773630000000,9.481,9.495,9.453,9.478,257460.1
1773630900000,9.48,9.607,9.466,9.561,33285.7
1773631800000,9.561,9.806,9.559,9.717,91686.4
1773632700000,9.719,9.74,9.675,9.69,20124.5
1773633600000,9.69,9.759,9.69,9.742,18172.0
1773634500000,9.745,9.805,9.74,9.752,22670.9
1773635400000,9.752,9.823,9.742,9.798,23786.9
1773636300000,9.798,9.827,9.744,9.748,27666.1
1773637200000,9.748,9.756,9.672,9.71,35968.2
1773638100000,9.71,9.739,9.695,9.734,17196.9
1773639000000,9.732,9.753,9.69,9.752,22985.9
1773639900000,9.75,9.786,9.732,9.76,30824.3
1773640800000,9.76,9.763,9.668,9.684,11471.2
1773641700000,9.684,9.729,9.679,9.704,13956.2
1773642600000,9.704,9.736,9.691,9.727,23246.4
1773643500000,9.727,9.729,9.702,9.703,160509.6
1773644400000,9.705,9.753,9.702,9.735,7928.7
1773645300000,9.735,9.741,9.708,9.732,7586.8
1773646200000,9.73,9.738,9.682,9.699,12358.4
1773647100000,9.697,9.703,9.674,9.68,19364.4
1773648000000,9.68,9.728,9.675,9.676,8162.1
1773648900000,9.676,9.678,9.63,9.63,14349.1
1773649800000,9.63,9.636,9.568,9.568,42266.9
1773650700000,9.57,9.604,9.556,9.583,22196.2
1773651600000,9.583,9.615,9.577,9.601,36232.2
1773652500000,9.599,9.636,9.599,9.626,17044.0
1773653400000,9.626,9.631,9.612,9.621,8334.2
1773654300000,9.619,9.655,9.618,9.638,10641.0
1773655200000,9.638,9.672,9.636,9.658,10024.7
1773656100000,9.658,9.688,9.656,9.669,12164.8
1773657000000,9.671,9.671,9.623,9.641,11806.5
1773657900000,9.641,9.72,9.634,9.72,16286.1
1773658800000,9.719,9.728,9.678,9.68,10005.7
1773659700000,9.679,9.696,9.643,9.645,6607.4
1773660600000,9.645,9.662,9.634,9.656,5206.6
1773661500000,9.654,9.671,9.649,9.656,3973.7
1773662400000,9.656,9.714,9.656,9.693,13613.2
1773663300000,9.691,9.747,9.674,9.745,22725.5
1773664200000,9.743,9.758,9.699,9.702,19320.8
1773665100000,9.7,9.71,9.691,9.7,9581.7
1773666000000,9.702,9.706,9.675,9.702,9334.1
1773666900000,9.702,9.716,9.668,9.707,7302.4
1773667800000,9.709,9.816,9.695,9.739,33330.3
1773668700000,9.739,9.792,9.711,9.744,37828.8
1773669600000,9.747,9.793,9.732,9.769,14846.5
1773670500000,9.769,9.781,9.688,9.69,9918.0
1773671400000,9.688,9.688,9.606,9.633,28019.1
1773672300000,9.631,9.699,9.587,9.699,24344.1
1773673200000,9.697,9.756,9.674,9.725,11147.6
1773674100000,9.722,9.747,9.698,9.738,8971.7
1773675000000,9.742,9.773,9.719,9.728,21520.8
1773675900000,9.728,9.751,9.695,9.714,9764.6
1773676800000,9.714,9.773,9.701,9.732,13283.0
1773677700000,9.732,9.776,9.728,9.765,16514.4
1773678600000,9.765,9.797,9.742,9.794,8959.1
1773679500000,9.794,9.817,9.765,9.789,13501.9
1773680400000,9.787,9.818,9.766,9.804,11745.4
1773681300000,9.804,9.808,9.776,9.78,5011.9
1773682200000,9.782,9.85,9.78,9.839,21513.1
1773683100000,9.837,9.86,9.795,9.821,7250.6
1773684000000,9.823,9.899,9.813,9.875,33256.8
1773684900000,9.877,9.917,9.865,9.887,30575.7
1773685800000,9.887,9.895,9.865,9.885,9125.1
1773686700000,9.887,9.887,9.846,9.854,6799.9
1773687600000,9.856,9.96,9.832,9.944,25097.4
1773688500000,9.946,9.966,9.902,9.923,15169.2
1773689400000,9.923,9.954,9.923,9.94,8039.6
1773690300000,9.94,9.946,9.912,9.924,9803.8
1773691200000,9.926,9.938,9.913,9.915,5389.9
1773692100000,9.915,9.934,9.903,9.922,4106.5
1773693000000,9.924,9.965,9.911,9.912,12036.9
1773693900000,9.912,9.949,9.912,9.939,10377.8
1773694800000,9.941,9.984,9.925,9.954,11075.6
1773695700000,9.956,9.961,9.916,9.923,4379.5
1773696600000,9.923,10.037,9.921,9.994,31519.8
1773697500000,9.994,10.043,9.972,9.978,20274.4
1773698400000,9.978,10.075,9.976,10.056,15398.5
1773699300000,10.054,10.06,9.949,9.964,7624.5
1773700200000,9.964,10.004,9.961,10.003,5105.0
1773701100000,10.0,10.005,9.965,9.974,9790.2
1773702000000,9.972,9.974,9.856,9.873,14910.1
1773702900000,9.873,9.918,9.871,9.918,5403.6
1773703800000,9.916,9.953,9.914,9.949,4393.4
1773704700000,9.949,9.961,9.904,9.915,10144.7
1773705600000,9.917,10.004,9.88,9.992,30963.9
1773706500000,9.992,10.001,9.895,9.941,22325.3
1773707400000,9.941,9.993,9.907,9.928,10492.4
1773708300000,9.93,9.952,9.901,9.946,6516.4
1773709200000,9.951,10.016,9.903,9.983,15064.1
1773710100000,9.983,9.987,9.932,9.968,7942.9
1773711000000,9.968,9.996,9.912,9.937,6232.7
1773711900000,9.935,9.959,9.905,9.954,5499.5
1773712800000,9.956,9.958,9.88,9.904,7109.4
1773713700000,9.902,9.917,9.878,9.887,4623.3
1773714600000,9.887,9.94,9.881,9.934,7724.1
1773715500000,9.934,9.946,9.898,9.905,7981.1
1773716400000,9.905,9.91,9.861,9.865,6230.6
1773717300000,9.863,9.869,9.83,9.861,14867.8
1773718200000,9.861,9.861,9.789,9.795,24218.8
1773719100000,9.795,9.829,9.775,9.825,12079.3
1773720000000,9.825,9.85,9.816,9.841,4282.0
1773720900000,9.841,9.846,9.769,9.784,14777.1
1773721800000,9.784,9.79,9.714,9.739,21430.9
1773722700000,9.739,9.771,9.737,9.765,3276.7
1773723600000,9.765,9.787,9.737,9.764,5212.1
1773724500000,9.766,9.789,9.755,9.768,3418.3
1773725400000,9.768,9.774,9.7,9.707,10330.8
1773726300000,9.701,9.733,9.682,9.722,9128.9
1773727200000,9.722,9.754,9.684,9.754,6514.2
1773728100000,9.754,9.784,9.743,9.771,4410.2
1773729000000,9.771,9.782,9.729,9.733,7741.1
1773729900000,9.733,9.752,9.725,9.744,3740.3
1773730800000,9.742,9.787,9.742,9.784,7018.9
1773731700000,9.782,9.841,9.778,9.828,9777.9
1773732600000,9.83,9.833,9.79,9.809,6981.0
1773733500000,9.807,9.813,9.785,9.791,3851.9
1773734400000,9.791,9.831,9.769,9.788,9505.8
1773735300000,9.786,9.814,9.769,9.797,10601.1
1773736200000,9.799,9.823,9.786,9.81,3939.1
1773737100000,9.81,9.813,9.759,9.768,9307.0
1773738000000,9.766,9.778,9.737,9.744,495318.7
1773738900000,9.742,9.801,9.732,9.788,9242.9
1773739800000,9.79,9.792,9.766,9.786,4534.0
1773740700000,9.784,9.788,9.744,9.763,4022.0
1773741600000,9.763,9.781,9.727,9.772,6419.0
1773742500000,9.774,9.774,9.726,9.751,6508.1
1773743400000,9.749,9.762,9.734,9.753,4562.3
1773744300000,9.753,9.756,9.727,9.748,3138.3
1773745200000,9.748,9.77,9.738,9.763,18542.3
1773746100000,9.761,9.805,9.761,9.788,7314.0
1773747000000,9.788,9.789,9.761,9.786,16087.2
1773747900000,9.786,9.792,9.751,9.756,6260.7
1773748800000,9.758,9.788,9.756,9.767,6616.8
1773749700000,9.767,9.793,9.729,9.745,19059.2
1773750600000,9.745,9.75,9.712,9.733,14125.3
1773751500000,9.738,9.738,9.71,9.725,8678.1
1773752400000,9.727,9.744,9.717,9.733,7297.0
1773753300000,9.738,9.741,9.722,9.734,5176.3
1773754200000,9.734,9.831,9.728,9.779,32037.5
1773755100000,9.779,9.79,9.723,9.779,21796.9
1773756000000,9.777,9.824,9.749,9.818,10309.2
1773756900000,9.815,9.845,9.781,9.827,24675.1
1773757800000,9.825,9.864,9.823,9.844,19591.8
1773758700000,9.842,9.865,9.827,9.863,14917.9
1773759600000,9.861,9.929,9.81,9.811,33788.6
1773760500000,9.811,9.832,9.788,9.807,14444.8
1773761400000,9.807,9.824,9.737,9.768,14053.4
1773762300000,9.768,9.805,9.751,9.794,8117.4
1773763200000,9.792,9.829,9.786,9.797,8758.3
1773764100000,9.795,9.86,9.79,9.833,29764.8
1773765000000,9.831,9.841,9.799,9.825,17084.7
1773765900000,9.825,9.837,9.8,9.826,31262.7
1773766800000,9.826,9.868,9.812,9.834,15280.7
1773767700000,9.834,9.864,9.822,9.84,4923.9
1773768600000,9.84,9.856,9.829,9.85,7186.5
1773769500000,9.85,9.884,9.843,9.876,5774.3
1773770400000,9.878,9.908,9.87,9.887,13044.1
1773771300000,9.887,9.902,9.856,9.856,8353.9
1773772200000,9.856,9.911,9.856,9.896,6914.3
1773773100000,9.896,9.907,9.871,9.885,8352.7
1773774000000,9.883,9.889,9.864,9.869,8096.5
1773774900000,9.871,9.88,9.846,9.856,7622.7
1773775800000,9.856,9.873,9.845,9.858,5631.0
1773776700000,9.86,9.86,9.796,9.802,11293.7
1773777600000,9.802,9.805,9.769,9.776,9552.7
1773778500000,9.776,9.841,9.776,9.837,5240.7
1773779400000,9.837,9.841,9.812,9.826,5241.5
1773780300000,9.822,9.841,9.814,9.836,6046.2
1773781200000,9.838,9.901,9.833,9.888,20738.8
1773782100000,9.891,9.893,9.865,9.867,15966.3
1773783000000,9.867,9.899,9.853,9.885,4089.3
1773783900000,9.887,9.895,9.87,9.878,3501.4
1773784800000,9.88,9.909,9.868,9.873,19780.9
1773785700000,9.873,9.881,9.85,9.851,4951.0
1773786600000,9.85,9.851,9.796,9.818,8283.7
1773787500000,9.816,9.851,9.813,9.849,4163.8
1773788400000,9.851,9.859,9.835,9.847,3349.1
1773789300000,9.846,9.856,9.817,9.829,3064.2
1773790200000,9.827,9.829,9.786,9.788,3316.7
1773791100000,9.79,9.809,9.781,9.787,5797.9
1773792000000,9.787,9.812,9.785,9.788,20405.9
1773792900000,9.79,9.797,9.751,9.773,17374.9
1773793800000,9.773,9.778,9.75,9.778,8810.5
1773794700000,9.778,9.816,9.776,9.812,5621.8
1773795600000,9.812,9.845,9.81,9.822,7377.4
1773796500000,9.824,9.844,9.816,9.834,3454.8
1773797400000,9.834,9.853,9.822,9.826,10566.4
1773798300000,9.826,9.835,9.795,9.801,3568.0
1773799200000,9.803,9.855,9.798,9.853,19604.1
1773800100000,9.855,9.86,9.824,9.829,3612.5
1773801000000,9.829,9.874,9.826,9.865,8785.1
1773801900000,9.865,9.872,9.842,9.846,5567.4
1773802800000,9.846,9.859,9.838,9.843,4687.0
1773803700000,9.845,9.905,9.843,9.895,11047.6
1773804600000,9.895,9.923,9.885,9.89,11506.3
1773805500000,9.89,9.892,9.878,9.886,2674.9
1773806400000,9.884,9.892,9.867,9.87,15452.5
1773807300000,9.872,9.872,9.842,9.844,6849.5
1773808200000,9.844,9.844,9.81,9.828,11594.6
1773809100000,9.828,9.836,9.823,9.834,3795.0
1773810000000,9.834,9.876,9.827,9.866,13512.6
1773810900000,9.866,9.871,9.84,9.845,5339.2
1773811800000,9.843,9.854,9.824,9.824,11324.1
1773812700000,9.824,9.837,9.78,9.789,12102.1
1773813600000,9.791,9.82,9.789,9.818,9022.1
1773814500000,9.818,9.852,9.811,9.843,4765.3
1773815400000,9.845,9.854,9.812,9.825,6509.1
1773816300000,9.823,9.836,9.806,9.809,5309.9
1773817200000,9.807,9.81,9.784,9.803,11780.4
1773818100000,9.806,9.808,9.773,9.784,17597.7
1773819000000,9.782,9.802,9.777,9.789,16541.7
1773819900000,9.789,9.812,9.784,9.809,7484.8
1773820800000,9.807,9.849,9.807,9.833,6569.0
1773821700000,9.831,9.838,9.819,9.83,8010.2
1773822600000,9.832,9.841,9.817,9.831,7777.8
1773823500000,9.829,9.849,9.823,9.846,29980.7
1773824400000,9.848,9.876,9.822,9.822,30105.5
1773825300000,9.824,9.832,9.821,9.824,5874.3
1773826200000,9.824,9.85,9.822,9.83,7728.2
1773827100000,9.83,9.832,9.812,9.829,11971.0
1773828000000,9.829,9.83,9.796,9.822,10401.1
1773828900000,9.822,9.824,9.81,9.815,5092.6
1773829800000,9.817,9.821,9.738,9.75,19615.1
1773830700000,9.748,9.758,9.73,9.751,24206.6
1773831600000,9.753,9.781,9.717,9.766,12944.1
1773832500000,9.764,9.779,9.691,9.696,14498.5
1773833400000,9.693,9.708,9.52,9.584,123257.2
1773834300000,9.584,9.587,9.542,9.552,14387.6
1773835200000,9.55,9.55,9.499,9.518,25087.3
1773836100000,9.516,9.538,9.463,9.491,26361.8
1773837000000,9.489,9.491,9.35,9.408,73836.8
1773837900000,9.406,9.406,9.371,9.374,19857.4
1773838800000,9.374,9.397,9.327,9.375,17917.2
1773839700000,9.375,9.396,9.337,9.377,23091.2
1773840600000,9.379,9.416,9.357,9.379,26897.2
1773841500000,9.379,9.399,9.366,9.388,8870.3
1773842400000,9.388,9.397,9.324,9.326,29958.6
1773843300000,9.328,9.342,9.278,9.286,35951.4
1773844200000,9.288,9.307,9.245,9.249,19806.0
1773845100000,9.249,9.273,9.174,9.193,61204.5
1773846000000,9.193,9.228,9.12,9.178,89075.8
1773846900000,9.178,9.196,9.168,9.185,16318.2
1773847800000,9.185,9.212,9.179,9.202,14227.3
1773848700000,9.197,9.211,9.18,9.203,15649.3
1773849600000,9.203,9.203,9.143,9.147,23746.2
1773850500000,9.149,9.153,9.088,9.116,32363.6
1773851400000,9.118,9.137,9.089,9.131,12268.7
1773852300000,9.131,9.166,9.129,9.132,10943.5
1773853200000,9.132,9.151,9.123,9.138,12177.6
1773854100000,9.136,9.201,9.124,9.197,13473.7
1773855000000,9.199,9.253,9.182,9.226,9850.1
1773855900000,9.226,9.245,9.213,9.222,5475.1
1773856800000,9.224,9.304,9.222,9.291,13503.5
1773857700000,9.293,9.293,9.198,9.222,25802.2
1773858600000,9.22,9.261,9.215,9.234,9385.7
1773859500000,9.236,9.236,9.152,9.177,19964.4
1773860400000,9.175,9.232,9.169,9.211,6432.6
1773861300000,9.213,9.241,9.192,9.202,5349.1
1773862200000,9.202,9.218,9.169,9.179,4458.3
1773863100000,9.177,9.184,9.157,9.161,7137.6
1773864000000,9.166,9.171,9.079,9.136,22074.4
1773864900000,9.138,9.158,9.133,9.149,14636.3
1773865800000,9.149,9.202,9.147,9.191,5239.7
1773866700000,9.191,9.222,9.186,9.215,4585.8
1773867600000,9.211,9.24,9.203,9.221,10354.8
1773868500000,9.223,9.248,9.221,9.235,3437.5
1773869400000,9.235,9.256,9.219,9.235,3512.8
1773870300000,9.237,9.253,9.227,9.24,3460.7
1773871200000,9.242,9.242,9.185,9.197,5391.2
1773872100000,9.199,9.215,9.194,9.209,3526.4
1773873000000,9.209,9.209,9.185,9.198,4470.8
1773873900000,9.196,9.208,9.189,9.208,3225.9
1773874800000,9.206,9.225,9.193,9.193,3342.8
1773875700000,9.195,9.198,9.181,9.198,4452.3
1773876600000,9.198,9.234,9.196,9.216,3484.2
1773877500000,9.216,9.233,9.205,9.223,6785.0
1773878400000,9.221,9.232,9.194,9.223,3639.9
1773879300000,9.223,9.236,9.202,9.234,2887.7
1773880200000,9.234,9.234,9.198,9.205,3672.3
1773881100000,9.207,9.218,9.2,9.204,2631.5
1773882000000,9.206,9.218,9.185,9.187,3524.4
1773882900000,9.189,9.202,9.175,9.197,6437.3
1773883800000,9.198,9.209,9.19,9.206,2717.1
1773884700000,9.204,9.211,9.192,9.195,2691.8
1773885600000,9.193,9.209,9.156,9.209,6613.6
1773886500000,9.209,9.219,9.199,9.207,3706.2
1773887400000,9.207,9.213,9.197,9.205,2803.7
1773888300000,9.205,9.207,9.181,9.184,9061.0
1773889200000,9.186,9.23,9.184,9.23,7070.6
1773890100000,9.23,9.332,9.224,9.322,17044.3
1773891000000,9.322,9.325,9.246,9.253,5571.8
1773891900000,9.253,9.27,9.238,9.246,5667.0
1773892800000,9.248,9.255,9.192,9.206,10064.4
1773893700000,9.209,9.219,9.18,9.188,4612.4
1773894600000,9.188,9.208,9.181,9.198,5682.8
1773895500000,9.196,9.199,9.175,9.181,5920.4
1773896400000,9.183,9.198,9.176,9.184,5359.3
1773897300000,9.182,9.198,9.169,9.173,6617.7
1773898200000,9.173,9.178,9.151,9.167,8014.2
1773899100000,9.168,9.176,9.156,9.163,3307.6
1773900000000,9.165,9.188,9.146,9.181,6747.9
1773900900000,9.183,9.198,9.16,9.16,4857.7
1773901800000,9.16,9.178,9.136,9.175,10818.7
1773902700000,9.175,9.181,9.147,9.152,8815.3
1773903600000,9.15,9.16,9.088,9.093,38248.1
1773904500000,9.095,9.102,9.032,9.078,50950.7
1773905400000,9.078,9.143,9.069,9.119,7708.2
1773906300000,9.119,9.124,9.087,9.089,9001.6
1773907200000,9.087,9.106,9.073,9.088,12061.0
1773908100000,9.088,9.104,9.07,9.071,7154.3
1773909000000,9.073,9.112,9.061,9.093,13634.0
1773909900000,9.091,9.1,9.079,9.081,5101.5
1773910800000,9.083,9.106,9.077,9.092,5568.8
1773911700000,9.092,9.15,9.082,9.114,13828.8
1773912600000,9.116,9.145,9.107,9.137,10148.7
1773913500000,9.139,9.166,9.134,9.157,9725.4
1773914400000,9.155,9.165,9.14,9.144,9634.4
1773915300000,9.144,9.157,9.138,9.145,5629.2
1773916200000,9.145,9.145,9.119,9.129,8753.4
1773917100000,9.127,9.133,9.12,9.124,4275.2
1773918000000,9.122,9.134,9.112,9.118,11732.2
1773918900000,9.12,9.13,9.11,9.126,11754.5
1773919800000,9.128,9.136,9.095,9.097,9089.5
1773920700000,9.097,9.102,9.086,9.09,10572.5
1773921600000,9.088,9.091,9.059,9.065,13434.9
1773922500000,9.065,9.067,9.023,9.03,16556.1
1773923400000,9.03,9.04,9.018,9.018,20048.0
1773924300000,9.02,9.02,8.936,8.95,48932.6
1773925200000,8.95,8.969,8.888,8.899,68571.6
1773926100000,8.901,8.971,8.896,8.958,33494.1
1773927000000,8.956,8.988,8.901,8.979,40630.7
1773927900000,8.979,9.007,8.95,8.988,29846.9
1773928800000,8.988,9.027,8.956,8.961,9764.9
1773929700000,8.963,8.97,8.905,8.906,8907.6
1773930600000,8.908,8.932,8.893,8.922,12595.8
1773931500000,8.922,8.974,8.909,8.948,9790.6
1773932400000,8.943,8.993,8.932,8.958,7784.7
1773933300000,8.956,8.976,8.904,8.916,14013.6
1773934200000,8.914,8.932,8.901,8.903,22509.4
1773935100000,8.903,8.97,8.888,8.958,13672.2
1773936000000,8.956,8.962,8.923,8.934,13587.2
1773936900000,8.932,8.945,8.913,8.93,7394.0
1773937800000,8.93,8.962,8.913,8.945,5620.5
1773938700000,8.947,8.949,8.907,8.932,7395.7
1773939600000,8.932,8.94,8.892,8.9,6901.9
1773940500000,8.902,8.993,8.893,8.983,12727.9
1773941400000,8.981,8.992,8.947,8.955,27749.5
1773942300000,8.957,9.014,8.95,8.991,10106.1
1773943200000,8.991,8.991,8.966,8.974,14056.5
1773944100000,8.974,8.981,8.96,8.962,12147.9
1773945000000,8.962,8.967,8.953,8.964,4670.7
1773945900000,8.964,8.991,8.954,8.987,4781.4
1773946800000,8.985,9.084,8.985,9.046,22936.3
1773947700000,9.044,9.087,9.029,9.039,15879.5
1773948600000,9.041,9.055,9.013,9.048,5374.3
1773949500000,9.05,9.054,9.02,9.025,6691.4
1773950400000,9.025,9.038,9.015,9.028,5514.1
1773951300000,9.03,9.051,9.028,9.036,4807.7
1773952200000,9.036,9.076,9.034,9.051,5029.8
1773953100000,9.051,9.058,9.043,9.048,4900.3
1773954000000,9.05,9.077,9.045,9.075,5984.0
1773954900000,9.075,9.076,9.047,9.076,11714.4
1773955800000,9.076,9.084,9.064,9.082,11206.6
1773956700000,9.082,9.091,9.073,9.079,4132.9
1773957600000,9.077,9.079,9.053,9.07,7894.8
1773958500000,9.068,9.072,9.055,9.065,3473.4
1773959400000,9.065,9.067,9.005,9.017,16740.5
1773960300000,9.017,9.042,9.016,9.041,5727.8
1773961200000,9.042,9.066,9.042,9.053,9555.8
1773962100000,9.055,9.055,9.025,9.052,9777.8
1773963000000,9.054,9.06,9.006,9.016,6020.8
1773963900000,9.019,9.046,9.011,9.039,4984.3
1773964800000,9.039,9.072,9.032,9.07,6208.7
1773965700000,9.072,9.087,9.046,9.061,9597.8
1773966600000,9.061,9.076,9.054,9.065,3295.1
1773967500000,9.065,9.076,9.06,9.074,3172.0
1773968400000,9.074,9.118,9.072,9.117,31314.7
1773969300000,9.115,9.118,9.096,9.101,4218.9
1773970200000,9.101,9.154,9.099,9.152,23703.5
1773971100000,9.152,9.154,9.115,9.116,3450.2
1773972000000,9.115,9.116,9.085,9.087,3534.8
1773972900000,9.087,9.088,9.061,9.069,3894.0
1773973800000,9.067,9.089,9.042,9.086,4721.6
1773974700000,9.084,9.105,9.071,9.088,6922.9
1773975600000,9.088,9.094,9.08,9.089,6903.7
1773976500000,9.089,9.115,9.085,9.115,6390.7
1773977400000,9.114,9.131,9.096,9.096,3918.5
1773978300000,9.096,9.124,9.095,9.115,5150.7
1773979200000,9.113,9.143,9.106,9.137,3883.1
1773980100000,9.139,9.139,9.12,9.132,2834.6
1773981000000,9.132,9.132,9.072,9.072,5158.7
1773981900000,9.072,9.127,9.072,9.123,3620.2
1773982800000,9.121,9.139,9.109,9.138,7990.2
1773983700000,9.136,9.147,9.105,9.107,16322.6
1773984600000,9.109,9.133,9.092,9.133,13063.1
1773985500000,9.131,9.134,9.109,9.113,3254.3
1773986400000,9.111,9.113,9.084,9.1,9065.8
1773987300000,9.1,9.101,9.083,9.093,9199.9
1773988200000,9.091,9.102,9.067,9.081,26787.4
1773989100000,9.079,9.091,9.071,9.072,3716.8
1773990000000,9.072,9.074,9.025,9.034,24146.3
1773990900000,9.036,9.084,9.032,9.075,11260.3
1773991800000,9.075,9.125,9.066,9.123,5070.3
1773992700000,9.121,9.13,9.105,9.11,3447.3
1773993600000,9.11,9.206,9.097,9.179,22873.0
1773994500000,9.181,9.183,9.147,9.151,12854.5
1773995400000,9.153,9.16,9.134,9.149,7370.2
1773996300000,9.149,9.156,9.138,9.148,4134.5
1773997200000,9.148,9.148,9.108,9.108,6606.2
1773998100000,9.108,9.11,9.062,9.08,10796.9
1773999000000,9.078,9.112,9.078,9.106,5619.2
1773999900000,9.108,9.108,9.071,9.092,7381.8
1774000800000,9.094,9.096,9.062,9.07,5820.3
1774001700000,9.072,9.085,9.057,9.068,4326.7
1774002600000,9.068,9.128,9.066,9.108,17137.5
1774003500000,9.11,9.121,9.096,9.098,10250.7
1774004400000,9.098,9.145,9.094,9.145,3497.0
1774005300000,9.144,9.146,9.096,9.099,14032.7
1774006200000,9.099,9.099,9.05,9.066,7641.0
1774007100000,9.068,9.084,9.059,9.08,6824.4
1774008000000,9.082,9.12,9.08,9.094,15355.1
1774008900000,9.094,9.107,9.075,9.086,5284.7
1774009800000,9.088,9.088,9.049,9.062,8909.7
1774010700000,9.064,9.07,9.052,9.068,5748.5
1774011600000,9.07,9.089,9.055,9.07,4431.4
1774012500000,9.07,9.112,9.064,9.087,4664.2
1774013400000,9.089,9.089,9.007,9.068,28138.1
1774014300000,9.07,9.076,8.987,9.01,30337.0
1774015200000,9.01,9.055,8.985,9.011,10284.1
1774016100000,9.009,9.045,8.981,9.033,11217.2
1774017000000,9.033,9.082,9.033,9.043,7052.9
1774017900000,9.043,9.049,8.985,8.996,11863.7
1774018800000,8.996,9.018,8.965,9.002,21686.1
1774019700000,9.002,9.032,8.971,8.997,10008.9
1774020600000,8.999,9.019,8.99,9.005,5634.9
1774021500000,9.005,9.028,8.998,9.022,7000.0
1774022400000,9.02,9.04,9.006,9.032,7464.1
1774023300000,9.027,9.059,9.015,9.044,7264.0
1774024200000,9.044,9.044,8.998,9.008,6407.7
1774025100000,9.008,9.041,8.989,9.021,6393.6
1774026000000,9.021,9.032,8.995,9.005,5530.6
1774026900000,9.007,9.02,8.995,8.996,8861.2
1774027800000,8.996,9.004,8.956,8.979,20020.0
1774028700000,8.977,9.04,8.975,9.033,6031.8
1774029600000,9.033,9.039,9.014,9.024,5829.8
1774030500000,9.026,9.026,8.981,8.981,8234.2
1774031400000,8.981,8.989,8.955,8.981,13165.0
1774032300000,8.981,9.006,8.979,8.992,8402.9
1774033200000,8.99,9.015,8.988,9.007,5802.8
1774034100000,9.007,9.01,8.975,8.989,6614.1
1774035000000,8.987,9.018,8.953,9.018,5307.8
1774035900000,9.018,9.044,9.002,9.034,5863.0
1774036800000,9.032,9.05,9.025,9.034,7312.1
1774037700000,9.036,9.036,9.0,9.002,5412.4
1774038600000,9.004,9.004,8.977,8.997,3437.2
1774039500000,8.999,9.03,8.995,9.022,3821.8
1774040400000,9.022,9.026,9.001,9.021,3532.9
1774041300000,9.023,9.1,9.021,9.092,9072.1
1774042200000,9.09,9.12,9.075,9.078,5386.7
1774043100000,9.078,9.099,9.076,9.095,9196.2
1774044000000,9.095,9.158,9.095,9.133,10159.8
1774044900000,9.131,9.145,9.116,9.118,3767.9
1774045800000,9.116,9.13,9.113,9.121,7365.4
1774046700000,9.119,9.144,9.117,9.131,3163.7
1774047600000,9.131,9.131,9.095,9.096,7526.9
1774048500000,9.095,9.112,9.085,9.102,3370.3
1774049400000,9.102,9.112,9.096,9.11,2907.4
1774050300000,9.11,9.115,9.102,9.108,4545.4
1774051200000,9.106,9.123,9.106,9.114,4280.7
1774052100000,9.114,9.151,9.114,9.141,10544.7
1774053000000,9.139,9.141,9.121,9.125,3143.4
1774053900000,9.123,9.13,9.113,9.13,3514.2
1774054800000,9.128,9.172,9.127,9.15,3450.4
1774055700000,9.152,9.156,9.139,9.15,6314.9
1774056600000,9.15,9.15,9.127,9.127,6287.1
1774057500000,9.127,9.136,9.116,9.121,4797.9
1774058400000,9.123,9.125,9.103,9.105,4335.9
1774059300000,9.107,9.14,9.105,9.135,3071.9
1774060200000,9.135,9.142,9.118,9.142,2624.0
1774061100000,9.14,9.159,9.137,9.15,7117.2
1774062000000,9.15,9.161,9.138,9.152,3022.4
1774062900000,9.15,9.152,9.134,9.146,3400.7
1774063800000,9.144,9.146,9.122,9.124,3578.2
1774064700000,9.126,9.129,9.121,9.121,2665.2
1774065600000,9.121,9.145,9.121,9.13,6957.8
1774066500000,9.131,9.142,9.127,9.131,3393.0
1774067400000,9.127,9.127,9.102,9.106,5074.8
1774068300000,9.106,9.108,9.096,9.099,3596.6
1774069200000,9.099,9.12,9.099,9.111,5268.5
1774070100000,9.109,9.131,9.109,9.13,3046.3
1774071000000,9.13,9.137,9.117,9.119,4520.6
1774071900000,9.117,9.119,9.109,9.113,3107.7
1774072800000,9.111,9.117,9.103,9.113,3053.5
1774073700000,9.113,9.123,9.109,9.121,5484.2
1774074600000,9.123,9.13,9.12,9.123,5725.1
1774075500000,9.123,9.126,9.116,9.12,4198.9
1774076400000,9.122,9.127,9.114,9.119,3658.7
1774077300000,9.119,9.133,9.117,9.129,3081.5
1774078200000,9.131,9.138,9.121,9.128,4965.9
1774079100000,9.128,9.132,9.116,9.122,3121.2
1774080000000,9.122,9.131,9.119,9.121,3065.2
1774080900000,9.119,9.121,9.101,9.108,3898.9
1774081800000,9.108,9.115,9.104,9.115,7307.3
1774082700000,9.113,9.128,9.113,9.128,4527.0
1774083600000,9.126,9.16,9.124,9.15,9260.0
1774084500000,9.152,9.152,9.129,9.13,4447.1
1774085400000,9.132,9.142,9.127,9.136,5072.8
1774086300000,9.134,9.141,9.131,9.136,3544.4
1774087200000,9.138,9.138,9.115,9.119,3701.7
1774088100000,9.117,9.121,9.099,9.105,7841.1
1774089000000,9.103,9.108,9.099,9.1,6957.3
1774089900000,9.1,9.102,9.087,9.092,6015.9
1774090800000,9.092,9.098,9.087,9.087,6442.3
1774091700000,9.089,9.106,9.087,9.103,5268.6
1774092600000,9.103,9.103,9.087,9.099,4176.1
1774093500000,9.099,9.104,9.097,9.099,3834.7
1774094400000,9.099,9.107,9.092,9.101,16458.8
1774095300000,9.101,9.113,9.095,9.11,19052.7
1774096200000,9.108,9.112,9.102,9.103,3879.4
1774097100000,9.103,9.108,9.096,9.097,3960.1
1774098000000,9.099,9.099,9.092,9.093,3026.1
1774098900000,9.093,9.106,9.085,9.086,8635.6
1774099800000,9.088,9.099,9.077,9.086,12088.9
1774100700000,9.086,9.093,9.078,9.091,3176.1
1774101600000,9.091,9.139,9.083,9.126,10464.8
1774102500000,9.126,9.134,9.106,9.106,17042.8
1774103400000,9.106,9.125,9.099,9.101,11965.7
1774104300000,9.101,9.101,9.058,9.061,21216.7
1774105200000,9.063,9.076,9.057,9.071,8060.4
1774106100000,9.071,9.079,9.048,9.075,16609.5
1774107000000,9.075,9.1,9.075,9.082,10214.7
1774107900000,9.082,9.103,9.08,9.099,8243.0
1774108800000,9.097,9.102,9.084,9.084,10467.6
1774109700000,9.084,9.096,9.066,9.07,10888.8
1774110600000,9.069,9.082,9.061,9.068,3852.9
1774111500000,9.07,9.076,9.054,9.06,3761.2
1774112400000,9.06,9.067,9.043,9.051,15945.1
1774113300000,9.051,9.067,9.046,9.067,4681.7
1774114200000,9.065,9.077,9.063,9.076,3966.9
1774115100000,9.074,9.076,9.061,9.063,7436.7
1774116000000,9.065,9.07,9.057,9.063,3338.2
1774116900000,9.063,9.071,9.057,9.064,3391.9
1774117800000,9.066,9.079,9.062,9.074,3692.3
1774118700000,9.076,9.078,9.053,9.053,5517.4
1774119600000,9.055,9.058,9.047,9.049,4992.5
1774120500000,9.047,9.062,9.036,9.053,14504.1
1774121400000,9.051,9.058,9.042,9.058,4682.2
1774122300000,9.056,9.068,9.056,9.066,4359.9
1774123200000,9.064,9.071,9.058,9.068,4210.9
1774124100000,9.066,9.086,9.062,9.085,6820.8
1774125000000,9.083,9.097,9.083,9.093,7821.6
1774125900000,9.093,9.102,9.093,9.097,3492.7
1774126800000,9.097,9.105,9.084,9.089,4913.9
1774127700000,9.087,9.092,9.081,9.086,3228.7
1774128600000,9.086,9.096,9.084,9.089,3212.6
1774129500000,9.091,9.095,9.076,9.08,4067.8
1774130400000,9.082,9.082,9.061,9.077,3998.5
1774131300000,9.079,9.081,9.069,9.073,3826.2
1774132200000,9.071,9.083,9.069,9.075,7708.5
1774133100000,9.075,9.08,9.07,9.072,2934.1
1774134000000,9.074,9.074,9.052,9.054,4876.3
1774134900000,9.056,9.066,9.051,9.056,3564.3
1774135800000,9.058,9.07,9.056,9.065,3574.0
1774136700000,9.067,9.067,8.757,8.82,148596.1
1774137600000,8.818,8.823,8.667,8.772,52685.0
1774138500000,8.772,8.838,8.766,8.837,13156.4
1774139400000,8.835,8.884,8.835,8.869,10911.1
1774140300000,8.867,8.888,8.823,8.847,7567.8
1774141200000,8.849,8.885,8.83,8.854,7960.3
1774142100000,8.852,8.874,8.837,8.842,7388.5
1774143000000,8.842,8.85,8.803,8.814,8666.4
1774143900000,8.814,8.847,8.812,8.84,4758.0
1774144800000,8.842,8.858,8.83,8.846,4779.7
1774145700000,8.846,8.924,8.831,8.909,7965.6
1774146600000,8.909,8.91,8.877,8.881,5942.3
1774147500000,8.881,8.904,8.874,8.888,7876.2
1774148400000,8.89,8.895,8.863,8.888,3802.0
1774149300000,8.888,8.947,8.888,8.923,5223.5
1774150200000,8.925,8.963,8.916,8.921,13909.2
1774151100000,8.923,8.924,8.9,8.9,3292.8
1774152000000,8.902,8.936,8.896,8.92,5884.2
1774152900000,8.92,8.94,8.884,8.892,4603.7
1774153800000,8.894,8.932,8.884,8.919,4612.1
1774154700000,8.921,8.933,8.918,8.923,4157.3
1774155600000,8.923,8.926,8.905,8.916,3358.3
1774156500000,8.916,8.93,8.898,8.9,4811.1
1774157400000,8.902,8.91,8.899,8.902,5307.9
1774158300000,8.9,8.911,8.888,8.888,2628.2
1774159200000,8.888,8.891,8.866,8.87,4081.5
1774160100000,8.87,8.886,8.865,8.886,5667.5
1774161000000,8.886,8.892,8.869,8.887,3244.7
1774161900000,8.886,8.894,8.878,8.885,4783.9
1774162800000,8.885,8.898,8.877,8.886,3891.8
1774163700000,8.884,8.895,8.884,8.889,3318.7
1774164600000,8.887,8.889,8.848,8.856,13019.5
1774165500000,8.858,8.872,8.834,8.838,5412.7
1774166400000,8.836,8.839,8.795,8.817,11770.5
1774167300000,8.817,8.819,8.768,8.788,11173.6
1774168200000,8.783,8.82,8.778,8.81,10349.1
1774169100000,8.81,8.829,8.808,8.823,4005.9
1774170000000,8.825,8.86,8.819,8.852,13103.2
1774170900000,8.852,8.856,8.795,8.807,13718.4
1774171800000,8.807,8.828,8.801,8.821,4885.2
1774172700000,8.821,8.83,8.816,8.818,3994.9
1774173600000,8.818,8.822,8.795,8.801,4776.5
1774174500000,8.799,8.809,8.79,8.796,5302.2
1774175400000,8.794,8.803,8.764,8.771,8608.8
1774176300000,8.769,8.775,8.761,8.768,4398.5
1774177200000,8.768,8.779,8.762,8.764,6953.2
1774178100000,8.766,8.778,8.743,8.76,13049.9
1774179000000,8.762,8.775,8.743,8.765,6898.3
1774179900000,8.763,8.77,8.744,8.75,4328.6
1774180800000,8.752,8.772,8.75,8.768,8160.1
1774181700000,8.768,8.823,8.763,8.814,12478.8
1774182600000,8.812,8.814,8.787,8.789,6223.0
1774183500000,8.787,8.795,8.772,8.788,4408.4
1774184400000,8.79,8.831,8.787,8.816,5774.7
1774185300000,8.816,8.818,8.797,8.804,3371.4
1774186200000,8.802,8.813,8.76,8.771,5427.1
1774187100000,8.771,8.797,8.763,8.79,4951.6
1774188000000,8.79,8.801,8.76,8.799,4497.8
1774188900000,8.801,8.818,8.786,8.801,3326.5
1774189800000,8.801,8.805,8.785,8.793,4455.6
1774190700000,8.793,8.795,8.76,8.768,8007.3
1774191600000,8.766,8.801,8.766,8.793,5602.9
1774192500000,8.791,8.796,8.773,8.781,4192.3
1774193400000,8.781,8.783,8.761,8.774,5676.6
1774194300000,8.776,8.792,8.77,8.79,5459.3
1774195200000,8.792,8.796,8.777,8.785,10788.8
1774196100000,8.789,8.802,8.783,8.788,6799.1
1774197000000,8.786,8.792,8.768,8.772,5108.5
1774197900000,8.77,8.787,8.767,8.778,9284.8
1774198800000,8.78,8.78,8.764,8.775,6342.1
1774199700000,8.775,8.787,8.769,8.777,6871.5
1774200600000,8.78,8.784,8.763,8.768,4151.4
1774201500000,8.768,8.775,8.762,8.764,9595.4
1774202400000,8.766,8.775,8.746,8.774,5960.0
1774203300000,8.774,8.774,8.756,8.77,4102.1
1774204200000,8.77,8.784,8.712,8.742,19082.4
1774205100000,8.742,8.76,8.734,8.758,9693.5
1774206000000,8.76,8.762,8.711,8.719,7200.9
1774206900000,8.717,8.721,8.693,8.693,7004.9
1774207800000,8.693,8.731,8.684,8.727,10228.1
1774208700000,8.727,8.729,8.698,8.702,12573.4
1774209600000,8.702,8.727,8.702,8.718,5157.2
1774210500000,8.72,8.746,8.71,8.716,7675.2
1774211400000,8.714,8.719,8.692,8.709,3929.6
1774212300000,8.709,8.711,8.675,8.691,7101.3
1774213200000,8.693,8.702,8.601,8.625,36201.8
1774214100000,8.625,8.645,8.569,8.642,22311.8
1774215000000,8.642,8.665,8.614,8.653,5068.4
1774215900000,8.653,8.659,8.629,8.654,3803.0
1774216800000,8.654,8.681,8.599,8.636,8200.6
1774217700000,8.638,8.731,8.63,8.708,10804.8
1774218600000,8.708,8.72,8.683,8.683,8163.1
1774219500000,8.683,8.725,8.683,8.72,3188.3
1774220400000,8.72,8.754,8.712,8.736,7126.0
1774221300000,8.734,8.738,8.712,8.718,4263.2
1774222200000,8.715,8.727,8.705,8.712,3991.1
1774223100000,8.714,8.714,8.675,8.684,5054.8
1774224000000,8.686,8.721,8.668,8.698,6827.3
1774224900000,8.698,8.716,8.677,8.692,8863.4
1774225800000,8.69,8.696,8.628,8.669,10393.6
1774226700000,8.671,8.702,8.661,8.668,3576.9
1774227600000,8.67,8.716,8.649,8.703,4412.2
1774228500000,8.703,8.736,8.701,8.723,6488.8
1774229400000,8.725,8.734,8.699,8.705,3620.4
1774230300000,8.707,8.721,8.682,8.682,9155.5
1774231200000,8.684,8.721,8.68,8.684,8495.9
1774232100000,8.682,8.768,8.68,8.762,23046.3
1774233000000,8.762,8.768,8.731,8.731,9161.5
1774233900000,8.731,8.737,8.714,8.737,3786.2
1774234800000,8.735,8.775,8.724,8.726,7680.6
1774235700000,8.726,8.733,8.712,8.719,3796.6
1774236600000,8.719,8.719,8.696,8.709,11306.0
1774237500000,8.709,8.713,8.697,8.697,3181.3
1774238400000,8.697,8.713,8.697,8.702,3457.3
1774239300000,8.704,8.719,8.699,8.713,3793.8
1774240200000,8.713,8.731,8.708,8.715,3620.0
1774241100000,8.715,8.753,8.711,8.752,4659.2
1774242000000,8.75,8.775,8.75,8.767,5676.5
1774242900000,8.767,8.773,8.74,8.744,3852.6
1774243800000,8.744,8.758,8.724,8.729,6283.3
1774244700000,8.727,8.761,8.72,8.758,3942.1
1774245600000,8.758,8.758,8.694,8.702,10768.5
1774246500000,8.7,8.716,8.693,8.703,6091.0
1774247400000,8.706,8.706,8.601,8.612,22986.7
1774248300000,8.612,8.637,8.593,8.632,17948.2
1774249200000,8.63,8.632,8.582,8.615,12791.5
1774250100000,8.615,8.621,8.571,8.592,9288.1
1774251000000,8.592,8.667,8.585,8.663,10191.0
1774251900000,8.663,8.671,8.637,8.642,8477.9
1774252800000,8.642,8.684,8.639,8.681,8116.6
1774253700000,8.681,8.688,8.656,8.669,6015.8
1774254600000,8.669,8.681,8.65,8.656,9154.9
1774255500000,8.656,8.66,8.616,8.633,5904.2
1774256400000,8.633,8.637,8.607,8.629,10525.2
1774257300000,8.627,8.643,8.611,8.63,10541.1
1774258200000,8.63,8.63,8.572,8.608,11303.3
1774259100000,8.606,8.645,8.606,8.644,4359.7
1774260000000,8.644,8.692,8.638,8.676,14766.1
1774260900000,8.674,8.68,8.64,8.647,7071.0
1774261800000,8.649,8.649,8.623,8.631,9315.0
1774262700000,8.631,8.661,8.62,8.652,8711.4
1774263600000,8.652,9.245,8.646,9.126,214581.7
1774264500000,9.126,9.204,9.016,9.088,77377.4
1774265400000,9.091,9.142,9.02,9.033,29263.3
1774266300000,9.031,9.048,8.952,8.97,30726.1
1774267200000,8.97,8.992,8.904,8.96,22528.9
1774268100000,8.961,9.021,8.952,8.998,16472.0
1774269000000,8.996,9.059,8.966,9.046,17262.2
1774269900000,9.046,9.059,9.013,9.03,11456.9
1774270800000,9.028,9.058,9.004,9.024,10011.9
1774271700000,9.026,9.048,9.022,9.035,4608.8
1774272600000,9.03,9.132,9.008,9.101,25282.6
1774273500000,9.103,9.168,9.08,9.162,23835.1
1774274400000,9.162,9.206,9.136,9.155,20452.7
1774275300000,9.159,9.189,9.147,9.169,19791.8
1774276200000,9.169,9.21,9.152,9.188,22901.7
1774277100000,9.188,9.243,9.159,9.223,20070.0
1774278000000,9.223,9.283,9.223,9.256,29000.0
1774278900000,9.258,9.258,9.146,9.148,18191.1
1774279800000,9.146,9.151,9.07,9.078,23866.8
1774280700000,9.08,9.126,9.029,9.041,20225.5
1774281600000,9.041,9.106,9.041,9.104,16046.2
1774282500000,9.104,9.107,8.997,9.003,13236.2
1774283400000,9.001,9.053,8.988,9.035,11419.4
1774284300000,9.033,9.075,9.029,9.054,6447.8
1774285200000,9.056,9.072,9.043,9.047,4447.5
1774286100000,9.047,9.055,9.007,9.03,3988.8
1774287000000,9.03,9.132,9.028,9.097,8030.1
1774287900000,9.095,9.126,9.086,9.12,3706.9
1774288800000,9.122,9.141,9.09,9.099,8344.4
1774289700000,9.097,9.107,9.088,9.093,4635.8
1774290600000,9.093,9.151,9.093,9.128,11945.9
1774291500000,9.126,9.175,9.126,9.171,12377.2
1774292400000,9.171,9.214,9.155,9.17,13396.9
1774293300000,9.17,9.175,9.15,9.16,3189.8
1774294200000,9.162,9.168,9.15,9.16,2731.1
1774295100000,9.16,9.172,9.117,9.121,4581.7
1774296000000,9.121,9.156,9.112,9.15,9170.0
1774296900000,9.152,9.17,9.133,9.136,3811.1
1774297800000,9.138,9.173,9.136,9.173,7920.8
1774298700000,9.169,9.173,9.153,9.159,4182.2
1774299600000,9.157,9.168,9.137,9.137,3443.6
1774300500000,9.139,9.146,9.126,9.132,3744.1
1774301400000,9.132,9.165,9.126,9.154,4889.9
1774302300000,9.154,9.162,9.132,9.137,3707.5
1774303200000,9.137,9.145,9.087,9.101,7766.4
1774304100000,9.101,9.122,9.086,9.106,7941.7
1774305000000,9.106,9.113,9.077,9.103,5848.6
1774305900000,9.103,9.115,9.097,9.107,3200.6
1774306800000,9.107,9.11,9.07,9.082,4784.9
1774307700000,9.08,9.113,9.064,9.111,3655.8
1774308600000,9.109,9.117,9.089,9.097,4163.9
1774309500000,9.097,9.113,9.076,9.104,4543.0
1774310400000,9.102,9.141,9.09,9.093,6887.3
1774311300000,9.093,9.099,9.065,9.069,4322.6
1774312200000,9.067,9.078,9.029,9.06,10806.3
1774313100000,9.059,9.093,9.057,9.062,4404.3
1774314000000,9.064,9.076,9.045,9.049,9595.8
1774314900000,9.049,9.081,9.037,9.078,4381.0
1774315800000,9.078,9.078,9.004,9.025,7337.9
1774316700000,9.023,9.062,9.013,9.045,5168.5
1774317600000,9.045,9.098,9.038,9.057,6842.3
1774318500000,9.059,9.076,9.048,9.062,3106.3
1774319400000,9.064,9.088,9.041,9.072,3540.9
1774320300000,9.072,9.082,9.043,9.048,4121.4
1774321200000,9.05,9.062,9.04,9.047,7669.4
1774322100000,9.049,9.079,9.047,9.069,4405.8
1774323000000,9.067,9.081,9.052,9.067,3258.0
1774323900000,9.071,9.095,9.069,9.085,4888.5
1774324800000,9.085,9.121,9.081,9.11,9364.6
1774325700000,9.112,9.116,9.09,9.094,5156.8
1774326600000,9.096,9.096,9.052,9.06,3845.3
1774327500000,9.06,9.075,9.042,9.056,4872.2
1774328400000,9.054,9.059,9.014,9.045,13144.2
1774329300000,9.045,9.093,9.043,9.064,10101.7
1774330200000,9.064,9.105,9.06,9.093,9573.3
1774331100000,9.095,9.107,9.079,9.081,3026.7
1774332000000,9.081,9.103,9.072,9.1,3299.0
1774332900000,9.1,9.119,9.086,9.098,9581.9
1774333800000,9.098,9.122,9.093,9.1,4962.4
1774334700000,9.098,9.132,9.088,9.132,7008.0
1774335600000,9.13,9.21,9.123,9.186,20812.7
1774336500000,9.188,9.203,9.172,9.184,7951.0
1774337400000,9.184,9.198,9.167,9.175,7821.0
1774338300000,9.178,9.257,9.171,9.237,18245.3
1774339200000,9.239,9.255,9.224,9.236,14221.4
1774340100000,9.235,9.236,9.189,9.2,13726.2
1774341000000,9.202,9.246,9.197,9.239,5323.1
1774341900000,9.24,9.245,9.198,9.202,9452.6
1774342800000,9.2,9.21,9.162,9.166,19197.1
1774343700000,9.164,9.203,9.16,9.199,12825.8
1774344600000,9.197,9.252,9.185,9.251,8731.0
1774345500000,9.253,9.253,9.228,9.249,7051.6
1774346400000,9.249,9.249,9.213,9.226,7808.6
1774347300000,9.226,9.229,9.21,9.21,3866.3
1774348200000,9.21,9.248,9.205,9.236,6644.0
1774349100000,9.239,9.239,9.216,9.23,7614.1
1774350000000,9.23,9.232,9.181,9.199,16125.8
1774350900000,9.199,9.208,9.168,9.201,6697.5
1774351800000,9.201,9.25,9.195,9.242,9761.2
1774352700000,9.244,9.252,9.216,9.24,12387.6
1774353600000,9.238,9.244,9.2,9.219,5217.5
1774354500000,9.221,9.245,9.214,9.238,9879.7
1774355400000,9.236,9.24,9.207,9.221,7069.3
1774356300000,9.221,9.237,9.204,9.219,5812.2
1774357200000,9.217,9.237,9.171,9.194,9348.1
1774358100000,9.194,9.202,9.168,9.183,12422.4
1774359000000,9.183,9.212,9.104,9.111,24535.4
1774359900000,9.109,9.14,9.084,9.113,19266.0
1774360800000,9.115,9.142,9.047,9.072,19761.2
1774361700000,9.067,9.115,9.048,9.095,17349.6
1774362600000,9.097,9.12,9.079,9.088,12777.9
1774363500000,9.089,9.142,9.04,9.115,28460.5
1774364400000,9.115,9.143,9.11,9.136,10719.0
1774365300000,9.136,9.17,9.125,9.14,9660.8
1774366200000,9.14,9.175,9.11,9.148,7205.0
1774367100000,9.148,9.156,9.106,9.112,6076.7
1774368000000,9.114,9.147,9.106,9.146,8139.4
1774368900000,9.147,9.159,9.109,9.127,9269.1
1774369800000,9.127,9.135,9.072,9.104,15125.2
1774370700000,9.102,9.111,9.084,9.09,6083.9
1774371600000,9.092,9.107,9.044,9.068,14727.1
1774372500000,9.066,9.078,9.045,9.046,14160.8
1774373400000,9.048,9.065,9.01,9.015,17696.2
1774374300000,9.017,9.054,9.012,9.047,19953.8
1774375200000,9.045,9.06,9.036,9.051,7843.7
1774376100000,9.053,9.087,9.044,9.077,4446.9
1774377000000,9.079,9.123,9.074,9.086,12543.1
1774377900000,9.085,9.088,9.062,9.066,5836.2
1774378800000,9.068,9.103,9.066,9.099,7920.1
1774379700000,9.101,9.109,9.082,9.082,3526.2
1774380600000,9.085,9.085,9.06,9.075,8936.7
1774381500000,9.073,9.075,9.049,9.054,2698.6
1774382400000,9.056,9.082,9.052,9.082,3406.2
1774383300000,9.08,9.24,9.08,9.183,33918.2
1774384200000,9.185,9.223,9.181,9.197,13500.2
1774385100000,9.197,9.222,9.174,9.196,7402.4
1774386000000,9.196,9.222,9.165,9.171,8427.1
1774386900000,9.171,9.187,9.155,9.184,10680.4
1774387800000,9.186,9.224,9.177,9.21,7631.0
1774388700000,9.206,9.22,9.193,9.215,6521.6
1774389600000,9.215,9.247,9.204,9.237,11494.0
1774390500000,9.234,9.236,9.186,9.186,11517.1
1774391400000,9.188,9.198,9.17,9.192,4527.3
1774392300000,9.19,9.202,9.183,9.195,3379.2
1774393200000,9.197,9.222,9.189,9.214,6746.8
1774394100000,9.214,9.251,9.214,9.245,7075.6
1774395000000,9.247,9.266,9.241,9.245,6798.6
1774395900000,9.245,9.256,9.24,9.245,2997.6
1774396800000,9.245,9.271,9.235,9.265,7281.2
1774397700000,9.265,9.267,9.232,9.247,9923.9
1774398600000,9.247,9.31,9.213,9.293,17946.6
1774399500000,9.293,9.304,9.269,9.27,7994.1
1774400400000,9.269,9.28,9.246,9.256,5541.4
1774401300000,9.254,9.262,9.235,9.253,8684.9
1774402200000,9.255,9.284,9.242,9.269,10562.0
1774403100000,9.269,9.275,9.24,9.24,5452.3
1774404000000,9.24,9.242,9.221,9.23,8969.0
1774404900000,9.23,9.239,9.217,9.219,3207.1
1774405800000,9.219,9.235,9.212,9.232,3386.0
1774406700000,9.232,9.246,9.203,9.206,5052.5
1774407600000,9.208,9.21,9.177,9.189,9424.9
1774408500000,9.189,9.198,9.174,9.193,4556.6
1774409400000,9.193,9.235,9.193,9.223,4386.9
1774410300000,9.221,9.246,9.221,9.238,5199.5
1774411200000,9.238,9.246,9.229,9.239,4098.1
1774412100000,9.239,9.248,9.226,9.239,2947.5
1774413000000,9.239,9.252,9.228,9.231,3410.8
1774413900000,9.231,9.275,9.226,9.262,9277.3
1774414800000,9.264,9.337,9.253,9.303,26011.1
1774415700000,9.305,9.308,9.278,9.295,7946.7
1774416600000,9.295,9.317,9.295,9.311,7626.3
1774417500000,9.309,9.315,9.291,9.293,3286.8
1774418400000,9.293,9.312,9.286,9.294,9135.0
1774419300000,9.292,9.349,9.291,9.346,15005.8
1774420200000,9.346,9.349,9.318,9.323,7809.2
1774421100000,9.325,9.344,9.303,9.305,6135.9
1774422000000,9.305,9.333,9.295,9.331,8995.0
1774422900000,9.333,9.34,9.319,9.321,10481.7
1774423800000,9.319,9.359,9.319,9.321,8723.2
1774424700000,9.325,9.327,9.282,9.283,13552.8
1774425600000,9.282,9.309,9.282,9.29,4338.1
1774426500000,9.292,9.369,9.29,9.35,15301.5
1774427400000,9.35,9.415,9.348,9.392,34298.7
1774428300000,9.392,9.394,9.355,9.362,9326.7
1774429200000,9.362,9.367,9.348,9.354,6291.7
1774430100000,9.356,9.372,9.341,9.352,7263.1
1774431000000,9.354,9.366,9.348,9.36,3740.4
1774431900000,9.362,9.4,9.344,9.386,6451.9
1774432800000,9.386,9.396,9.373,9.382,6478.6
1774433700000,9.38,9.392,9.372,9.388,10303.6
1774434600000,9.39,9.396,9.372,9.374,3052.9
1774435500000,9.376,9.395,9.374,9.376,3535.4
1774436400000,9.376,9.379,9.355,9.376,107650.3
1774437300000,9.378,9.428,9.376,9.422,15593.9
1774438200000,9.424,9.456,9.4,9.409,30145.9
1774439100000,9.411,9.415,9.38,9.413,11185.4
1774440000000,9.411,9.453,9.411,9.435,22461.2
1774440900000,9.437,9.437,9.34,9.363,36753.3
1774441800000,9.363,9.395,9.343,9.379,10161.4
1774442700000,9.377,9.464,9.368,9.43,187161.2
1774443600000,9.43,9.453,9.411,9.449,7954.2
1774444500000,9.449,9.456,9.425,9.43,8257.4
1774445400000,9.428,9.493,9.428,9.452,29198.3
1774446300000,9.45,9.468,9.421,9.441,14321.8
1774447200000,9.441,9.456,9.408,9.417,15910.7
1774448100000,9.417,9.438,9.397,9.421,10193.3
1774449000000,9.421,9.432,9.401,9.409,4846.8
1774449900000,9.407,9.424,9.391,9.395,17853.2
1774450800000,9.393,9.41,9.329,9.341,23344.1
1774451700000,9.342,9.374,9.288,9.372,27815.0
1774452600000,9.372,9.386,9.33,9.346,10672.6
1774453500000,9.344,9.374,9.338,9.362,28593.7
1774454400000,9.362,9.371,9.334,9.359,13635.3
1774455300000,9.361,9.466,9.348,9.435,36657.0
1774456200000,9.433,9.456,9.42,9.447,17047.0
1774457100000,9.445,9.449,9.417,9.42,7814.3
1774458000000,9.422,9.438,9.403,9.418,16942.0
1774458900000,9.415,9.438,9.393,9.419,4739.0
1774459800000,9.419,9.42,9.386,9.397,9022.5
1774460700000,9.399,9.399,9.32,9.344,30592.9
1774461600000,9.344,9.372,9.324,9.342,13597.2
1774462500000,9.34,9.375,9.34,9.361,7060.2
1774463400000,9.359,9.368,9.325,9.329,13860.9
1774464300000,9.329,9.339,9.298,9.319,5220.6
1774465200000,9.319,9.352,9.311,9.351,5308.7
1774466100000,9.351,9.355,9.333,9.338,8214.8
1774467000000,9.34,9.364,9.334,9.338,4768.1
1774467900000,9.338,9.358,9.321,9.343,4990.8
1774468800000,9.344,9.348,9.32,9.323,5738.1
1774469700000,9.325,9.331,9.285,9.288,7425.1
1774470600000,9.29,9.305,9.275,9.304,8481.3
1774471500000,9.304,9.312,9.296,9.312,11350.8
1774472400000,9.311,9.336,9.294,9.333,11833.3
1774473300000,9.333,9.339,9.295,9.31,9363.9
1774474200000,9.31,9.332,9.304,9.323,5950.2
1774475100000,9.323,9.33,9.31,9.317,4898.5
1774476000000,9.319,9.339,9.312,9.321,3679.1
1774476900000,9.323,9.328,9.311,9.321,2957.9
1774477800000,9.319,9.408,9.319,9.378,15115.8
1774478700000,9.378,9.388,9.37,9.376,5876.4
1774479600000,9.376,9.386,9.373,9.373,2877.6
1774480500000,9.375,9.392,9.363,9.38,5459.7
1774481400000,9.382,9.386,9.354,9.354,3091.7
1774482300000,9.354,9.376,9.352,9.37,4633.8
1774483200000,9.37,9.384,9.354,9.364,4989.3
1774484100000,9.362,9.381,9.354,9.364,5126.3
1774485000000,9.366,9.376,9.36,9.369,2662.0
1774485900000,9.369,9.385,9.345,9.369,5986.7
1774486800000,9.367,9.382,9.351,9.359,5408.8
1774487700000,9.359,9.368,9.34,9.366,2951.9
1774488600000,9.366,9.381,9.344,9.344,3629.8
1774489500000,9.344,9.356,9.34,9.347,3159.6
1774490400000,9.347,9.348,9.319,9.323,5568.1
1774491300000,9.321,9.323,9.284,9.292,10988.9
1774492200000,9.288,9.289,9.236,9.256,18393.6
1774493100000,9.258,9.267,9.252,9.263,15793.2
1774494000000,9.263,9.269,9.233,9.269,9171.0
1774494900000,9.267,9.269,9.217,9.222,10673.8
1774495800000,9.224,9.251,9.222,9.249,3916.8
1774496700000,9.249,9.258,9.237,9.249,3193.2
1774497600000,9.247,9.249,9.219,9.222,6050.2
1774498500000,9.224,9.237,9.217,9.237,4569.9
1774499400000,9.235,9.24,9.225,9.225,5727.1
1774500300000,9.227,9.239,9.215,9.221,6521.5
1774501200000,9.223,9.225,9.177,9.183,25710.8
1774502100000,9.183,9.197,9.158,9.179,8958.1
1774503000000,9.179,9.191,9.135,9.139,9520.5
1774503900000,9.137,9.146,9.086,9.096,46923.0
1774504800000,9.096,9.107,9.075,9.1,12714.2
1774505700000,9.1,9.108,9.071,9.096,7771.0
1774506600000,9.095,9.104,9.081,9.083,7598.1
1774507500000,9.083,9.102,9.074,9.092,4398.0
1774508400000,9.094,9.113,9.088,9.089,6337.8
1774509300000,9.091,9.1,9.063,9.074,8015.3
1774510200000,9.076,9.103,9.062,9.083,5011.2
1774511100000,9.081,9.108,9.081,9.098,4294.7
1774512000000,9.1,9.104,9.072,9.08,4519.4
1774512900000,9.078,9.091,9.065,9.065,6577.8
1774513800000,9.065,9.076,9.053,9.064,18045.7
1774514700000,9.064,9.089,9.059,9.086,9031.2
1774515600000,9.084,9.099,9.068,9.085,5160.9
1774516500000,9.084,9.085,9.062,9.074,8539.0
1774517400000,9.074,9.074,8.933,8.97,73816.4
1774518300000,8.968,8.976,8.948,8.969,10626.7
1774519200000,8.965,8.967,8.93,8.939,6444.4
1774520100000,8.937,8.97,8.937,8.966,10977.0
1774521000000,8.966,8.972,8.944,8.955,5502.3
1774521900000,8.955,8.971,8.953,8.971,2945.2
1774522800000,8.969,8.989,8.944,8.967,11040.9
1774523700000,8.967,8.971,8.914,8.931,19905.9
1774524600000,8.931,8.95,8.925,8.935,5355.8
1774525500000,8.935,8.952,8.935,8.94,7885.4
1774526400000,8.938,8.942,8.921,8.933,7120.5
1774527300000,8.933,8.944,8.928,8.94,6103.7
1774528200000,8.94,8.954,8.922,8.947,7716.0
1774529100000,8.947,8.955,8.943,8.949,5598.5
1774530000000,8.947,8.978,8.942,8.974,18319.5
1774530900000,8.976,8.987,8.958,8.963,6080.0
1774531800000,8.961,8.981,8.929,8.981,27600.1
1774532700000,8.981,9.024,8.966,8.988,45305.9
1774533600000,8.988,9.017,8.97,8.985,8341.1
1774534500000,8.985,8.994,8.948,8.96,18554.1
1774535400000,8.96,8.997,8.96,8.966,8793.2
1774536300000,8.966,8.971,8.922,8.95,9672.2
1774537200000,8.95,8.952,8.871,8.879,28336.9
1774538100000,8.879,8.92,8.85,8.914,31641.0
1774539000000,8.912,8.922,8.897,8.909,5064.8
1774539900000,8.909,8.937,8.906,8.928,9508.2
1774540800000,8.928,8.932,8.913,8.919,8353.2
1774541700000,8.919,8.924,8.9,8.907,49894.4
1774542600000,8.907,8.931,8.904,8.92,8860.1
1774543500000,8.92,8.923,8.9,8.904,4215.2
1774544400000,8.902,8.93,8.9,8.915,6245.6
1774545300000,8.913,8.933,8.913,8.931,3565.8
1774546200000,8.933,8.945,8.923,8.926,8689.4
1774547100000,8.926,8.929,8.843,8.857,47816.6
1774548000000,8.857,8.875,8.825,8.856,33414.5
1774548900000,8.856,8.858,8.807,8.812,24092.8
1774549800000,8.814,8.834,8.812,8.832,8977.8
1774550700000,8.832,8.848,8.828,8.846,9425.1
1774551600000,8.846,8.848,8.817,8.825,3870.4
1774552500000,8.825,8.844,8.817,8.823,5963.2
1774553400000,8.823,8.846,8.805,8.842,23008.0
1774554300000,8.842,8.85,8.824,8.829,9789.5
1774555200000,8.827,8.976,8.816,8.936,41551.2
1774556100000,8.934,8.964,8.908,8.919,21685.1
1774557000000,8.921,8.943,8.921,8.931,8392.6
1774557900000,8.933,8.933,8.9,8.902,9448.0
1774558800000,8.904,8.916,8.893,8.914,8366.2
1774559700000,8.914,8.959,8.91,8.954,5307.5
1774560600000,8.956,8.972,8.951,8.958,7569.6
1774561500000,8.96,8.966,8.936,8.938,3544.2
1774562400000,8.936,8.951,8.926,8.938,4730.8
1774563300000,8.938,8.943,8.882,8.909,24565.0
1774564200000,8.911,8.922,8.904,8.92,4706.3
1774565100000,8.92,8.928,8.914,8.926,6236.9
1774566000000,8.926,8.947,8.922,8.928,5615.0
1774566900000,8.926,8.928,8.899,8.912,8540.0
1774567800000,8.915,8.915,8.899,8.91,3745.8
1774568700000,8.91,8.921,8.907,8.907,9710.2
1774569600000,8.907,8.926,8.897,8.913,13193.4
1774570500000,8.913,8.92,8.896,8.896,5083.3
1774571400000,8.897,8.914,8.882,8.899,10201.2
1774572300000,8.897,8.921,8.883,8.919,4665.7
1774573200000,8.921,8.943,8.912,8.939,4682.0
1774574100000,8.939,8.947,8.931,8.945,3858.3
1774575000000,8.943,8.95,8.936,8.946,5378.8
1774575900000,8.946,8.964,8.942,8.959,3326.7
1774576800000,8.961,8.97,8.956,8.958,4525.7
1774577700000,8.958,8.964,8.944,8.962,4446.3
1774578600000,8.962,8.978,8.936,8.942,5661.5
1774579500000,8.94,8.952,8.936,8.94,2952.6
1774580400000,8.938,8.949,8.9,8.91,6540.8
1774581300000,8.912,8.919,8.904,8.919,6556.9
1774582200000,8.917,8.928,8.912,8.919,2783.3
1774583100000,8.919,8.921,8.905,8.911,2893.5
1774584000000,8.909,8.911,8.84,8.853,15243.6
1774584900000,8.853,8.888,8.846,8.883,5435.7
1774585800000,8.883,8.896,8.879,8.891,8767.6
1774586700000,8.889,8.897,8.881,8.883,3269.1
1774587600000,8.881,8.927,8.871,8.927,5264.0
1774588500000,8.926,8.941,8.882,8.892,8562.5
1774589400000,8.892,8.912,8.881,8.892,3798.5
1774590300000,8.894,8.903,8.885,8.892,3600.6
1774591200000,8.894,8.902,8.875,8.899,5317.4
1774592100000,8.897,8.909,8.882,8.899,6457.7
1774593000000,8.899,8.904,8.892,8.901,3883.1
1774593900000,8.899,8.901,8.886,8.892,4187.0
1774594800000,8.892,8.92,8.874,8.907,3800.7
1774595700000,8.909,8.921,8.9,8.909,3382.9
1774596600000,8.909,8.914,8.872,8.892,6024.2
1774597500000,8.892,8.911,8.889,8.905,3293.3
1774598400000,8.903,8.92,8.892,8.894,4150.3
1774599300000,8.894,8.9,8.853,8.856,12727.3
1774600200000,8.854,8.864,8.76,8.8,27903.1
1774601100000,8.8,8.846,8.796,8.821,11657.5
1774602000000,8.821,8.824,8.752,8.784,15028.9
1774602900000,8.783,8.823,8.783,8.822,4456.3
1774603800000,8.82,8.822,8.784,8.788,3570.0
1774604700000,8.79,8.799,8.776,8.779,5011.6
1774605600000,8.777,8.781,8.755,8.768,7267.3
1774606500000,8.768,8.781,8.761,8.778,5768.8
1774607400000,8.776,8.782,8.609,8.649,84094.7
1774608300000,8.649,8.66,8.563,8.585,45737.6
1774609200000,8.587,8.619,8.543,8.597,112524.5
1774610100000,8.599,8.612,8.59,8.599,20591.2
1774611000000,8.599,8.609,8.589,8.599,101560.8
1774611900000,8.601,8.612,8.585,8.588,8991.8
1774612800000,8.59,8.59,8.558,8.565,9629.1
1774613700000,8.565,8.575,8.557,8.563,4695.7
1774614600000,8.561,8.566,8.539,8.565,14572.9
1774615500000,8.565,8.577,8.545,8.571,5530.6
1774616400000,8.571,8.59,8.569,8.583,5874.9
1774617300000,8.581,8.615,8.579,8.611,8375.7
1774618200000,8.611,8.614,8.519,8.589,35678.5
1774619100000,8.587,8.603,8.531,8.554,8967.3
1774620000000,8.554,8.594,8.546,8.59,8671.7
1774620900000,8.592,8.592,8.519,8.521,11879.7
1774621800000,8.523,8.563,8.521,8.551,15260.8
1774622700000,8.549,8.584,8.535,8.578,7956.8
1774623600000,8.578,8.607,8.578,8.591,11389.3
1774624500000,8.589,8.635,8.565,8.62,14485.2
1774625400000,8.62,8.677,8.618,8.636,38560.6
1774626300000,8.634,8.652,8.596,8.606,9812.6
1774627200000,8.604,8.608,8.574,8.589,10605.8
1774628100000,8.587,8.598,8.564,8.573,9948.7
1774629000000,8.575,8.588,8.556,8.588,14807.1
1774629900000,8.585,8.607,8.573,8.577,6632.8
1774630800000,8.577,8.628,8.568,8.613,14016.9
1774631700000,8.615,8.62,8.556,8.559,10106.4
1774632600000,8.559,8.576,8.54,8.545,12260.6
1774633500000,8.544,8.556,8.531,8.538,5400.9
1774634400000,8.54,8.549,8.526,8.526,6426.0
1774635300000,8.526,8.55,8.496,8.521,24226.2
1774636200000,8.521,8.537,8.512,8.524,13579.6
1774637100000,8.524,8.541,8.521,8.526,5826.0
1774638000000,8.526,8.528,8.48,8.511,23462.1
1774638900000,8.511,8.545,8.506,8.542,4629.2
1774639800000,8.542,8.561,8.535,8.537,9966.1
1774640700000,8.537,8.552,8.522,8.54,7530.0
1774641600000,8.538,8.55,8.532,8.539,6987.4
1774642500000,8.537,8.543,8.488,8.502,12124.8
1774643400000,8.502,8.516,8.489,8.506,5197.2
1774644300000,8.506,8.532,8.5,8.524,4021.2
1774645200000,8.526,8.549,8.524,8.544,6318.7
1774646100000,8.542,8.551,8.538,8.548,4356.9
1774647000000,8.548,8.557,8.535,8.548,3595.9
1774647900000,8.548,8.55,8.522,8.532,5308.3
1774648800000,8.53,8.535,8.511,8.531,4539.0
1774649700000,8.532,8.539,8.52,8.528,2576.0
1774650600000,8.526,8.531,8.505,8.527,3987.3
1774651500000,8.525,8.534,8.512,8.518,4241.9
1774652400000,8.518,8.527,8.504,8.525,2963.5
1774653300000,8.527,8.541,8.518,8.541,2538.7
1774654200000,8.541,8.559,8.539,8.559,3107.7
1774655100000,8.559,8.573,8.559,8.562,3544.5
1774656000000,8.564,8.565,8.544,8.544,5672.6
1774656900000,8.544,8.554,8.536,8.552,4156.6
1774657800000,8.552,8.564,8.55,8.561,3011.9
1774658700000,8.559,8.561,8.547,8.549,3093.3
1774659600000,8.549,8.551,8.508,8.511,4962.3
1774660500000,8.511,8.532,8.511,8.521,3282.6
1774661400000,8.519,8.53,8.496,8.51,5071.5
1774662300000,8.51,8.53,8.508,8.526,2818.7
1774663200000,8.528,8.551,8.525,8.539,9012.0
1774664100000,8.541,8.543,8.505,8.511,7626.6
1774665000000,8.511,8.517,8.497,8.507,4125.1
1774665900000,8.507,8.511,8.5,8.51,4817.3
1774666800000,8.51,8.52,8.504,8.506,3324.4
1774667700000,8.504,8.522,8.504,8.522,3330.2
1774668600000,8.522,8.528,8.517,8.522,2750.7
1774669500000,8.52,8.522,8.508,8.513,3532.7
1774670400000,8.513,8.516,8.493,8.502,18743.4
1774671300000,8.5,8.531,8.497,8.527,3512.6
1774672200000,8.529,8.529,8.521,8.526,3103.6
1774673100000,8.526,8.53,8.519,8.525,3571.9
1774674000000,8.525,8.527,8.503,8.514,3598.4
1774674900000,8.514,8.538,8.512,8.535,3713.8
1774675800000,8.533,8.537,8.527,8.533,3371.7
1774676700000,8.533,8.537,8.531,8.532,2920.6
1774677600000,8.532,8.538,8.523,8.533,2859.9
1774678500000,8.533,8.574,8.533,8.565,5593.7
1774679400000,8.565,8.569,8.548,8.548,4438.8
1774680300000,8.548,8.559,8.546,8.557,3613.9
1774681200000,8.557,8.577,8.552,8.577,3843.3
1774682100000,8.577,8.585,8.575,8.584,4230.7
1774683000000,8.582,8.592,8.582,8.592,7393.8
1774683900000,8.59,8.6,8.587,8.596,3523.1
1774684800000,8.598,8.608,8.588,8.592,4229.1
1774685700000,8.59,8.598,8.585,8.587,4901.8
1774686600000,8.587,8.589,8.574,8.574,2988.3
1774687500000,8.575,8.575,8.553,8.553,5102.8
1774688400000,8.554,8.56,8.525,8.528,5008.7
1774689300000,8.528,8.539,8.523,8.533,4258.2
1774690200000,8.535,8.535,8.52,8.523,4636.8
1774691100000,8.523,8.535,8.521,8.532,2869.7
1774692000000,8.53,8.568,8.53,8.548,3285.1
1774692900000,8.546,8.55,8.48,8.495,19182.3
1774693800000,8.495,8.506,8.491,8.504,14688.2
1774694700000,8.506,8.518,8.501,8.516,3489.0
1774695600000,8.516,8.532,8.513,8.528,12483.6
1774696500000,8.53,8.53,8.521,8.528,3268.3
1774697400000,8.528,8.534,8.527,8.529,2829.9
1774698300000,8.529,8.543,8.529,8.535,5222.5
1774699200000,8.537,8.552,8.524,8.549,17581.0
1774700100000,8.549,8.565,8.548,8.548,8840.9
1774701000000,8.548,8.55,8.509,8.522,13895.7
1774701900000,8.52,8.532,8.509,8.511,3652.9
1774702800000,8.511,8.527,8.509,8.525,4546.5
1774703700000,8.523,8.535,8.52,8.533,4227.9
1774704600000,8.531,8.671,8.531,8.634,36510.5
1774705500000,8.634,8.646,8.604,8.622,10640.1
1774706400000,8.624,8.624,8.6,8.603,8319.0
1774707300000,8.601,8.616,8.586,8.614,7169.1
1774708200000,8.612,8.645,8.597,8.638,7332.7
1774709100000,8.636,8.649,8.589,8.604,15206.2
1774710000000,8.602,8.62,8.595,8.616,5581.8
1774710900000,8.614,8.69,8.614,8.644,17675.8
1774711800000,8.644,8.654,8.626,8.639,8811.1
1774712700000,8.641,8.642,8.621,8.634,4027.5
1774713600000,8.634,8.643,8.62,8.629,7594.3
1774714500000,8.627,8.637,8.623,8.629,4876.5
1774715400000,8.631,8.632,8.618,8.618,6558.8
1774716300000,8.62,8.633,8.617,8.631,4662.4
1774717200000,8.631,8.649,8.628,8.63,6995.6
1774718100000,8.632,8.632,8.605,8.605,4140.0
1774719000000,8.607,8.621,8.595,8.603,7771.8
1774719900000,8.603,8.607,8.588,8.599,4205.6
1774720800000,8.599,8.615,8.595,8.613,4556.2
1774721700000,8.615,8.615,8.6,8.6,3553.9
1774722600000,8.602,8.608,8.594,8.607,3046.2
1774723500000,8.605,8.607,8.592,8.598,3611.4
1774724400000,8.598,8.602,8.576,8.585,7528.0
1774725300000,8.585,8.592,8.578,8.59,3504.5
1774726200000,8.588,8.592,8.582,8.584,3247.5
1774727100000,8.584,8.598,8.58,8.596,2667.0
1774728000000,8.598,8.618,8.596,8.612,3782.2
1774728900000,8.612,8.617,8.6,8.6,3079.3
1774729800000,8.6,8.61,8.595,8.596,3090.5
1774730700000,8.596,8.608,8.596,8.606,2529.0
1774731600000,8.604,8.609,8.578,8.592,4335.4
1774732500000,8.592,8.595,8.58,8.585,3416.4
1774733400000,8.583,8.585,8.567,8.585,8949.0
1774734300000,8.583,8.585,8.536,8.552,8521.8
1774735200000,8.552,8.566,8.54,8.543,6710.7
1774736100000,8.545,8.573,8.542,8.568,4147.1
1774737000000,8.57,8.57,8.553,8.554,2897.6
1774737900000,8.556,8.568,8.554,8.566,2959.0
1774738800000,8.566,8.568,8.37,8.435,71374.7
1774739700000,8.437,8.46,8.423,8.456,12899.3
1774740600000,8.456,8.47,8.427,8.428,11714.4
1774741500000,8.428,8.432,8.407,8.432,8589.6
1774742400000,8.428,8.46,8.422,8.424,9201.6
1774743300000,8.424,8.44,8.408,8.435,5222.6
1774744200000,8.433,8.453,8.426,8.439,8163.2
1774745100000,8.437,8.461,8.435,8.46,4967.2
1774746000000,8.458,8.487,8.455,8.463,10263.0
1774746900000,8.461,8.472,8.453,8.467,2863.1
1774747800000,8.465,8.469,8.448,8.469,6609.1
1774748700000,8.467,8.482,8.456,8.478,3028.6
1774749600000,8.48,8.487,8.468,8.486,4287.9
1774750500000,8.486,8.496,8.48,8.492,7039.6
1774751400000,8.492,8.499,8.479,8.497,3511.5
1774752300000,8.495,8.506,8.491,8.498,3753.6
1774753200000,8.498,8.506,8.491,8.493,3232.5
1774754100000,8.491,8.58,8.489,8.553,20149.4
1774755000000,8.553,8.556,8.535,8.54,4459.4
1774755900000,8.54,8.547,8.532,8.538,4796.4
1774756800000,8.538,8.538,8.52,8.527,3822.2
1774757700000,8.529,8.529,8.512,8.514,3513.8
1774758600000,8.516,8.527,8.512,8.519,6484.3
1774759500000,8.517,8.524,8.511,8.518,4659.9
1774760400000,8.518,8.518,8.502,8.505,6030.2
1774761300000,8.505,8.518,8.494,8.506,4434.8
1774762200000,8.506,8.515,8.501,8.509,2691.4
1774763100000,8.511,8.529,8.504,8.515,4803.6
1774764000000,8.515,8.534,8.515,8.53,5426.2
1774764900000,8.53,8.537,8.502,8.513,4297.9
1774765800000,8.511,8.516,8.508,8.514,4579.1
1774766700000,8.514,8.529,8.512,8.519,3146.6
1774767600000,8.517,8.519,8.488,8.507,8778.6
1774768500000,8.505,8.517,8.503,8.511,2702.5
1774769400000,8.511,8.522,8.509,8.511,5085.5
1774770300000,8.511,8.527,8.501,8.512,3774.9
1774771200000,8.51,8.525,8.504,8.519,7410.9
1774772100000,8.517,8.522,8.508,8.522,12039.5
