timestamp_ms,open,high,low,close,volume
1769589000000,126.963,127.024,126.666,126.73,23413.0
1769589900000,126.73,126.825,126.598,126.61,23401.0
1769590800000,126.613,126.776,126.51,126.513,21117.0
1769591700000,126.511,126.615,125.935,126.304,48746.0
1769592600000,126.33,127.491,126.33,127.236,49712.0
1769593500000,127.233,127.541,127.131,127.52,28824.0
1769594400000,127.52,127.698,127.275,127.692,32316.0
1769595300000,127.697,128.048,127.307,127.307,42904.0
1769596200000,127.307,127.633,127.307,127.426,28238.0
1769597100000,127.422,127.445,127.234,127.25,22997.0
1769598000000,127.25,127.364,127.171,127.203,22426.0
1769598900000,127.203,127.367,127.169,127.34,20175.0
1769599800000,127.34,127.522,127.119,127.515,27831.0
1769600700000,127.514,128.253,127.436,128.109,61250.0
1769601600000,128.103,128.152,127.528,127.554,39124.0
1769602500000,127.55,127.684,127.177,127.287,39189.0
1769603400000,127.287,127.388,127.066,127.171,28700.0
1769604300000,127.171,127.346,126.96,127.168,27105.0
1769605200000,127.169,127.435,127.075,127.184,35445.0
1769606100000,127.184,127.294,126.796,127.243,36612.0
1769607000000,127.243,127.787,127.088,127.621,48113.0
1769607900000,127.621,127.728,127.137,127.267,26367.0
1769608800000,127.267,127.275,126.883,126.883,25146.0
1769609700000,126.883,126.922,126.487,126.796,36576.0
1769610600000,126.796,127.249,126.478,126.701,50091.0
1769611500000,126.701,126.887,126.397,126.77,46359.0
1769612400000,126.769,127.089,125.769,125.77,63043.0
1769613300000,125.766,126.239,125.439,125.989,75922.0
1769614200000,125.988,126.222,125.699,126.138,37213.0
1769615100000,126.141,126.328,125.75,125.971,29922.0
1769616000000,125.974,126.039,125.607,125.638,29737.0
1769616900000,125.641,126.473,125.58,126.452,26603.0
1769617800000,126.452,126.583,125.502,125.738,32873.0
1769618700000,125.738,126.286,125.734,126.007,28033.0
1769619600000,126.005,126.328,125.954,126.107,22037.0
1769620500000,126.107,126.175,125.75,125.864,21259.0
1769621400000,125.868,126.499,125.178,126.284,59616.0
1769622300000,126.284,126.964,126.169,126.46,60244.0
1769623200000,126.471,126.471,125.84,126.247,44098.0
1769624100000,126.251,126.33,125.751,125.821,30523.0
1769625000000,125.825,125.976,125.675,125.854,21361.0
1769625900000,125.858,126.074,125.624,126.025,26373.0
1769626800000,126.028,126.631,125.759,125.908,66679.0
1769627700000,125.903,126.257,125.67,125.897,25478.0
1769628600000,125.897,126.163,125.25,125.423,52582.0
1769629500000,125.427,126.357,125.423,125.926,32005.0
1769630400000,125.932,126.309,125.8,126.088,26777.0
1769631300000,126.094,126.605,125.733,126.359,31967.0
1769632200000,126.359,126.4,125.682,125.71,37178.0
1769633100000,125.707,125.738,125.31,125.314,36632.0
1769634000000,125.417,125.518,124.717,125.36,79403.0
1769634900000,125.356,125.622,125.243,125.457,23743.0
1769635800000,125.46,125.584,124.966,125.546,33462.0
1769636700000,125.556,125.777,125.361,125.382,22081.0
1769637600000,125.383,125.628,125.28,125.3,23951.0
1769638500000,125.3,125.494,125.119,125.493,21711.0
1769639400000,125.493,125.763,125.491,125.715,20985.0
1769640300000,125.715,125.774,125.55,125.629,23354.0
1769641200000,125.629,125.72,125.362,125.39,28095.0
1769642100000,125.39,125.615,125.213,125.227,21092.0
1769643000000,125.227,125.327,125.002,125.137,28164.0
1769643900000,125.141,125.3,125.07,125.266,26583.0
1769644800000,125.259,125.408,125.001,125.083,23392.0
1769645700000,125.083,125.111,124.849,124.876,25067.0
1769646600000,124.906,124.98,124.573,124.615,28113.0
1769647500000,124.615,125.063,124.526,125.063,26177.0
1769648400000,125.063,125.22,124.854,124.906,22387.0
1769649300000,124.906,124.91,124.044,124.567,40322.0
1769650200000,124.567,124.717,124.438,124.619,27287.0
1769651100000,124.619,124.737,124.122,124.259,33326.0
1769652000000,124.259,124.709,124.102,124.418,28491.0
1769652900000,124.423,124.499,124.09,124.406,21697.0
1769653800000,124.406,124.41,123.165,123.595,100576.0
1769654700000,123.588,123.659,123.088,123.455,57324.0
1769655600000,123.454,123.663,123.156,123.447,29855.0
1769656500000,123.41,123.472,122.739,122.801,46686.0
1769657400000,122.8,123.125,122.61,123.125,34803.0
1769658300000,123.13,123.208,122.921,122.998,24467.0
1769659200000,123.001,123.077,122.55,122.601,24915.0
1769660100000,122.601,122.886,122.425,122.84,29595.0
1769661000000,122.841,123.181,122.84,123.181,28350.0
1769661900000,123.178,123.451,123.178,123.377,23045.0
1769662800000,123.377,123.753,123.303,123.473,36547.0
1769663700000,123.472,123.698,123.472,123.619,32508.0
1769664600000,123.614,123.75,123.501,123.521,22469.0
1769665500000,123.521,123.524,123.084,123.172,25055.0
1769666400000,123.172,123.294,123.052,123.131,20206.0
1769667300000,123.134,123.394,123.131,123.394,22310.0
1769668200000,123.39,123.658,123.39,123.6,22482.0
1769669100000,123.6,123.625,123.325,123.624,20348.0
1769670000000,123.624,123.856,123.62,123.72,21059.0
1769670900000,123.723,123.868,123.577,123.68,20798.0
1769671800000,123.678,123.898,123.626,123.847,19864.0
1769672700000,123.851,123.913,123.615,123.693,20639.0
1769673600000,123.725,123.725,123.27,123.27,25022.0
1769674500000,123.276,123.835,123.173,123.802,25389.0
1769675400000,123.796,123.797,123.209,123.297,24270.0
1769676300000,123.303,123.416,123.126,123.219,23621.0
1769677200000,123.221,123.292,123.027,123.053,20311.0
1769678100000,123.056,123.104,122.905,123.059,21664.0
1769679000000,123.065,123.289,122.987,123.171,21365.0
1769679900000,123.171,123.173,122.969,122.97,19238.0
1769680800000,122.974,123.157,122.839,123.049,21795.0
1769681700000,123.049,123.222,123.049,123.213,21474.0
1769682600000,123.213,123.213,123.037,123.073,19717.0
1769683500000,123.07,123.221,122.971,123.154,22042.0
1769684400000,123.151,123.236,122.705,123.018,29807.0
1769685300000,123.022,123.023,122.687,122.749,28691.0
1769686200000,122.748,122.973,122.675,122.735,27876.0
1769687100000,122.735,122.882,122.624,122.7,29683.0
1769688000000,122.7,122.971,122.692,122.885,26096.0
1769688900000,122.885,122.959,122.733,122.783,19757.0
1769689800000,122.784,123.125,122.392,122.596,40553.0
1769690700000,122.592,122.815,122.523,122.784,23800.0
1769691600000,122.788,123.079,122.783,122.924,25393.0
1769692500000,122.921,123.002,122.82,123.001,23415.0
1769693400000,123.018,123.02,122.803,122.837,21480.0
1769694300000,122.837,122.864,122.619,122.843,21610.0
1769695200000,122.842,123.026,122.729,122.737,24938.0
1769696100000,122.738,122.975,122.4,122.4,31227.0
1769697000000,122.402,122.727,120.937,121.2,165857.0
1769697900000,121.156,121.581,120.265,120.265,103258.0
1769698800000,120.321,120.362,117.271,117.643,350396.0
1769699700000,117.688,118.723,117.381,118.468,173089.0
1769700600000,118.467,118.742,116.063,116.499,234073.0
1769701500000,116.504,117.89,116.33,117.591,133192.0
1769702400000,117.596,117.855,116.755,117.838,90083.0
1769703300000,117.838,118.305,117.232,117.275,83646.0
1769704200000,117.281,118.183,117.275,117.924,58293.0
1769705100000,117.928,118.892,117.838,118.876,65364.0
1769706000000,118.875,119.29,118.556,119.066,79989.0
1769706900000,119.066,119.87,118.905,119.003,79413.0
1769707800000,119.011,119.073,118.232,118.409,51297.0
1769708700000,118.409,118.419,117.679,117.798,76557.0
1769709600000,117.795,118.09,117.626,117.957,45381.0
1769710500000,117.957,118.034,116.7,116.923,121798.0
1769711400000,116.923,117.06,116.317,116.837,106660.0
1769712300000,116.843,116.843,115.318,115.684,183824.0
1769713200000,115.688,116.254,115.605,115.979,60549.0
1769714100000,115.979,116.184,115.33,115.797,55947.0
1769715000000,115.797,116.591,115.759,116.486,77272.0
1769715900000,116.486,117.125,116.444,116.741,39487.0
1769716800000,116.737,117.023,116.481,116.543,39939.0
1769717700000,116.543,117.399,116.537,116.944,34186.0
1769718600000,116.94,117.016,116.553,117.008,37612.0
1769719500000,117.016,117.36,116.851,116.9,31529.0
1769720400000,116.886,117.397,116.886,117.254,42464.0
1769721300000,117.253,117.253,116.928,117.067,25734.0
1769722200000,117.116,117.269,116.933,117.199,28935.0
1769723100000,117.201,117.634,117.199,117.387,29223.0
1769724000000,117.392,117.706,117.25,117.306,26925.0
1769724900000,117.305,117.531,117.302,117.489,21453.0
1769725800000,117.485,117.643,117.45,117.588,23777.0
1769726700000,117.588,117.708,117.444,117.501,23805.0
1769727600000,117.504,117.65,117.229,117.344,25676.0
1769728500000,117.344,117.699,117.254,117.47,22061.0
1769729400000,117.462,117.718,117.462,117.672,24587.0
1769730300000,117.669,117.823,117.669,117.761,21594.0
1769731200000,117.759,118.043,117.759,117.864,27782.0
1769732100000,117.864,117.92,117.539,117.584,28636.0
1769733000000,117.588,117.769,117.44,117.663,24519.0
1769733900000,117.668,117.858,117.508,117.551,21705.0
1769734800000,117.555,117.664,117.293,117.514,25754.0
1769735700000,117.522,117.817,117.009,117.167,43887.0
1769736600000,117.171,117.435,111.991,113.74,348011.0
1769737500000,113.671,115.332,113.345,115.124,158362.0
1769738400000,115.131,115.283,114.205,114.231,66341.0
1769739300000,114.231,114.477,112.709,113.315,107481.0
1769740200000,113.316,114.25,112.923,114.013,75949.0
1769741100000,114.017,114.307,113.496,114.022,44279.0
1769742000000,114.05,114.286,113.474,114.216,41569.0
1769742900000,114.214,114.395,113.943,114.211,29273.0
1769743800000,114.211,114.416,114.042,114.22,29039.0
1769744700000,114.223,114.587,114.106,114.343,28555.0
1769745600000,114.34,114.919,114.198,114.868,43244.0
1769746500000,114.863,115.659,114.819,115.391,55080.0
1769747400000,115.391,115.752,115.292,115.501,28933.0
1769748300000,115.496,115.684,115.411,115.486,22118.0
1769749200000,115.486,115.68,115.363,115.467,26370.0
1769750100000,115.463,115.927,115.402,115.826,30886.0
1769751000000,115.824,116.019,115.607,115.609,26829.0
1769751900000,115.609,115.677,115.42,115.427,22431.0
1769752800000,115.392,115.393,114.925,114.997,47198.0
1769753700000,114.997,114.998,113.766,113.956,67343.0
1769754600000,113.96,114.122,113.316,113.319,47983.0
1769755500000,113.318,114.002,112.942,113.801,68002.0
1769756400000,113.804,115.831,113.801,115.732,84787.0
1769757300000,115.732,115.913,115.301,115.467,55216.0
1769758200000,115.467,115.684,115.22,115.495,32233.0
1769759100000,115.494,116.055,115.4,115.744,32037.0
1769760000000,115.714,115.995,115.34,115.948,31809.0
1769760900000,115.948,116.111,115.693,115.806,27669.0
1769761800000,115.811,115.811,115.108,115.331,42519.0
1769762700000,115.334,115.571,115.157,115.308,29773.0
1769763600000,115.304,115.559,115.148,115.204,35659.0
1769764500000,115.204,115.298,114.612,114.814,55623.0
1769765400000,114.814,115.991,114.81,115.926,54963.0
1769766300000,115.93,115.93,115.058,115.31,45487.0
1769767200000,115.312,115.502,115.052,115.296,28917.0
1769768100000,115.296,115.822,115.052,115.427,36533.0
1769769000000,115.427,115.7,115.427,115.561,22938.0
1769769900000,115.557,115.912,115.553,115.855,25608.0
1769770800000,115.855,116.058,115.775,116.024,27113.0
1769771700000,116.029,116.084,115.786,115.882,23924.0
1769772600000,115.887,116.252,115.841,115.987,36551.0
1769773500000,115.989,117.184,115.707,116.993,70279.0
1769774400000,117.025,117.261,116.432,116.432,64400.0
1769775300000,116.432,116.604,116.071,116.231,34569.0
1769776200000,116.23,116.411,116.142,116.142,23056.0
1769777100000,116.145,116.377,115.866,116.234,25562.0
1769778000000,116.23,116.308,115.49,115.92,37133.0
1769778900000,115.92,115.995,115.592,115.916,31779.0
1769779800000,115.975,116.334,115.162,115.893,81552.0
1769780700000,115.89,115.893,115.48,115.718,28531.0
1769781600000,115.724,116.84,115.719,116.482,45162.0
1769782500000,116.475,116.524,116.146,116.31,26990.0
1769783400000,116.313,117.474,115.95,117.332,67930.0
1769784300000,117.332,117.557,115.885,116.276,77759.0
1769785200000,116.282,117.074,116.08,116.401,46219.0
1769786100000,116.401,116.663,114.876,114.995,72146.0
1769787000000,114.998,116.982,114.536,116.791,103408.0
1769787900000,116.785,116.889,116.422,116.74,46984.0
1769788800000,116.74,117.262,116.313,117.084,50022.0
1769789700000,117.079,117.741,116.157,117.248,60887.0
1769790600000,117.249,117.922,116.91,117.717,72818.0
1769791500000,117.718,117.724,116.813,117.04,37054.0
1769792400000,117.045,117.095,116.486,116.634,44774.0
1769793300000,116.634,117.697,116.569,117.462,40518.0
1769794200000,117.462,117.468,116.594,116.907,36923.0
1769795100000,116.907,117.068,116.465,116.577,26048.0
1769796000000,116.577,116.853,115.694,115.949,51734.0
1769796900000,115.943,115.98,114.271,115.564,113407.0
1769797800000,115.564,117.115,115.177,117.115,59742.0
1769798700000,117.119,118.541,116.765,118.044,120381.0
1769799600000,118.044,119.005,118.044,118.594,109990.0
1769800500000,118.565,119.063,118.435,118.593,50942.0
1769801400000,118.593,119.032,118.174,118.616,48846.0
1769802300000,118.616,118.999,118.222,118.222,31844.0
1769803200000,118.226,118.367,117.601,117.868,60262.0
1769804100000,117.868,118.112,117.014,117.539,57527.0
1769805000000,117.539,117.798,116.458,117.089,73559.0
1769805900000,117.089,117.34,116.678,116.935,31509.0
1769806800000,116.926,117.495,116.892,117.386,33185.0
1769807700000,117.39,117.937,117.335,117.391,38250.0
1769808600000,117.391,117.678,116.793,116.996,25613.0
1769809500000,116.996,117.622,116.992,117.336,31603.0
1769810400000,117.327,117.528,116.906,116.906,22323.0
1769811300000,116.91,116.99,116.528,116.6,23297.0
1769812200000,116.595,117.19,116.595,116.985,20732.0
1769813100000,117.014,117.328,117.007,117.301,20203.0
1769814000000,117.301,117.31,116.887,117.03,22427.0
1769814900000,117.03,117.27,116.817,117.011,21616.0
1769815800000,117.007,117.416,116.933,117.35,23008.0
1769816700000,117.347,117.548,117.343,117.532,21224.0
1769817600000,117.532,117.685,117.315,117.649,22306.0
1769818500000,117.647,117.777,117.5,117.736,21520.0
1769819400000,117.736,117.904,117.552,117.823,20148.0
1769820300000,117.823,117.828,117.38,117.448,23270.0
1769821200000,117.448,118.078,117.447,118.077,23880.0
1769822100000,118.077,118.3,118.012,118.041,23729.0
1769823000000,118.041,118.208,117.785,118.13,21937.0
1769823900000,118.13,118.165,117.967,118.087,22577.0
1769824800000,118.087,118.091,117.643,117.919,23637.0
1769825700000,117.926,117.982,117.518,117.676,23129.0
1769826600000,117.675,118.431,117.617,118.404,24453.0
1769827500000,118.4,118.465,118.212,118.22,20790.0
1769828400000,118.218,118.479,118.167,118.391,21365.0
1769829300000,118.39,118.558,118.2,118.201,22561.0
1769830200000,118.204,118.344,118.096,118.284,22958.0
1769831100000,118.284,118.321,118.093,118.291,18837.0
1769832000000,118.294,118.681,118.226,118.666,25321.0
1769832900000,118.666,118.741,118.447,118.589,22819.0
1769833800000,118.595,118.629,118.389,118.39,21694.0
1769834700000,118.395,118.433,118.186,118.356,22641.0
1769835600000,118.356,118.394,117.927,118.18,24755.0
1769836500000,118.177,118.221,117.979,118.185,23120.0
1769837400000,118.185,118.698,118.18,118.448,25269.0
1769838300000,118.449,118.629,118.387,118.522,20289.0
1769839200000,118.523,118.695,118.369,118.669,20908.0
1769840100000,118.669,118.694,117.816,117.891,32321.0
1769841000000,117.886,118.176,117.886,118.175,25819.0
1769841900000,118.17,118.496,118.087,118.463,26380.0
1769842800000,118.468,118.508,118.089,118.207,25965.0
1769843700000,118.185,118.191,117.911,118.018,22371.0
1769844600000,118.018,118.06,117.133,117.24,44631.0
1769845500000,117.245,117.414,117.203,117.298,28796.0
1769846400000,117.294,117.445,116.73,116.888,43251.0
1769847300000,116.883,116.888,114.088,115.619,168979.0
1769848200000,115.619,115.625,114.228,114.632,116250.0
1769849100000,114.632,115.836,114.386,115.524,83879.0
1769850000000,115.532,115.939,115.532,115.762,39311.0
1769850900000,115.762,115.881,115.306,115.577,32393.0
1769851800000,115.581,116.765,115.577,116.32,46429.0
1769852700000,116.324,116.448,116.12,116.261,26272.0
1769853600000,116.257,116.402,116.021,116.069,23478.0
1769854500000,116.063,116.454,115.939,116.419,26685.0
1769855400000,116.419,116.842,116.351,116.831,34519.0
1769856300000,116.832,116.832,116.605,116.705,22109.0
1769857200000,116.7,116.704,116.257,116.322,24367.0
1769858100000,116.317,116.543,116.222,116.449,21406.0
1769859000000,116.449,116.542,116.103,116.157,22197.0
1769859900000,116.157,116.22,115.882,115.969,31092.0
1769860800000,115.964,116.079,115.374,115.487,40801.0
1769861700000,115.487,115.881,115.388,115.671,33681.0
1769862600000,115.674,115.767,115.266,115.476,27660.0
1769863500000,115.472,115.502,114.959,115.101,33813.0
1769864400000,115.101,115.142,114.763,114.884,33399.0
1769865300000,114.88,114.915,114.549,114.741,34701.0
1769866200000,114.741,114.821,113.548,113.936,99272.0
1769867100000,113.931,114.129,113.715,114.095,41213.0
1769868000000,114.095,114.36,113.038,113.346,80393.0
1769868900000,113.346,113.463,109.045,110.296,442328.0
1769869800000,110.254,110.452,108.334,108.523,305598.0
1769870700000,108.564,109.563,108.194,109.07,176521.0
1769871600000,109.069,110.115,108.658,109.622,122168.0
1769872500000,109.595,109.73,108.828,109.326,75813.0
1769873400000,109.326,109.655,108.905,109.125,57485.0
1769874300000,109.125,109.37,108.304,108.579,77563.0
1769875200000,108.591,108.806,107.25,108.301,163139.0
1769876100000,108.301,109.721,107.411,108.381,187137.0
1769877000000,108.381,108.586,107.489,107.579,83428.0
1769877900000,107.561,107.627,105.572,106.245,255297.0
1769878800000,106.207,106.625,100.306,102.677,637672.0
1769879700000,102.723,104.35,102.723,103.951,193440.0
1769880600000,103.907,104.426,102.764,103.354,120554.0
1769881500000,103.354,103.79,102.359,103.247,115636.0
1769882400000,103.247,103.8,102.898,103.123,70961.0
1769883300000,103.129,103.506,102.355,103.413,85841.0
1769884200000,103.424,103.672,96.216,100.26,293747.0
1769885100000,100.299,102.365,99.393,101.841,374158.0
1769886000000,101.861,103.373,101.761,102.956,156394.0
1769886900000,102.93,103.358,102.263,102.549,84109.0
1769887800000,102.571,102.785,101.407,101.798,74276.0
1769888700000,101.809,102.373,101.611,101.643,57729.0
1769889600000,101.665,101.817,100.784,100.851,58796.0
1769890500000,100.857,102.421,100.721,100.768,68534.0
1769891400000,100.768,101.675,100.298,101.629,82041.0
1769892300000,101.641,102.128,101.108,101.862,103564.0
1769893200000,101.861,102.499,101.346,101.572,72557.0
1769894100000,101.571,102.983,101.25,102.552,87948.0
1769895000000,102.556,103.384,102.262,103.074,97595.0
1769895900000,103.074,103.634,102.938,103.338,45474.0
1769896800000,103.338,103.716,103.231,103.437,42170.0
1769897700000,103.433,103.916,103.34,103.867,31785.0
1769898600000,103.867,104.101,103.355,103.45,250898.0
1769899500000,103.448,104.24,103.196,104.004,35918.0
1769900400000,103.971,104.35,103.748,104.258,43777.0
1769901300000,104.258,106.394,104.194,105.541,120469.0
1769902200000,105.541,105.866,105.102,105.273,58296.0
1769903100000,105.275,105.563,104.828,105.424,43196.0
1769904000000,105.424,105.932,105.206,105.931,43816.0
1769904900000,105.931,106.287,105.6,105.887,47641.0
1769905800000,105.882,106.095,105.232,105.233,41795.0
1769906700000,105.233,105.758,105.231,105.549,27935.0
1769907600000,105.549,105.686,104.767,104.967,45802.0
1769908500000,104.97,104.996,104.397,104.858,43026.0
1769909400000,104.868,104.9,104.132,104.318,29490.0
1769910300000,104.318,105.078,104.21,104.881,30400.0
1769911200000,104.881,105.75,104.718,105.605,34893.0
1769912100000,105.605,105.785,104.843,105.013,35084.0
1769913000000,105.009,105.52,104.952,105.47,26123.0
1769913900000,105.47,105.873,105.342,105.479,25175.0
1769914800000,105.476,105.603,105.141,105.242,21758.0
1769915700000,105.242,105.306,104.829,104.86,23555.0
1769916600000,104.859,104.94,104.451,104.57,25291.0
1769917500000,104.57,104.989,104.543,104.9,24935.0
1769918400000,104.903,105.281,104.716,105.16,25149.0
1769919300000,105.158,105.417,104.928,105.012,25911.0
1769920200000,104.982,105.357,104.951,105.306,22361.0
1769921100000,105.306,105.39,105.109,105.112,21087.0
1769922000000,105.112,105.333,104.766,105.133,29608.0
1769922900000,105.123,105.628,104.939,105.509,33661.0
1769923800000,105.513,105.536,104.463,104.518,29495.0
1769924700000,104.518,104.724,104.419,104.627,28352.0
1769925600000,104.627,105.184,104.627,105.093,21485.0
1769926500000,105.093,105.31,105.025,105.048,22380.0
1769927400000,105.045,105.388,104.478,105.019,31528.0
1769928300000,105.019,105.234,104.769,105.037,35297.0
1769929200000,105.04,105.186,104.277,104.308,40471.0
1769930100000,104.313,104.472,103.898,104.269,43662.0
1769931000000,104.267,105.966,104.142,105.812,50927.0
1769931900000,105.812,105.813,105.032,105.149,31135.0
1769932800000,105.152,105.392,104.956,105.063,27290.0
1769933700000,105.063,105.227,104.774,105.162,29715.0
1769934600000,105.167,105.987,105.135,105.909,30033.0
1769935500000,105.906,105.91,105.414,105.469,28498.0
1769936400000,105.469,105.735,105.199,105.279,23342.0
1769937300000,105.28,105.28,104.918,104.997,26491.0
1769938200000,104.995,105.565,104.937,105.494,23005.0
1769939100000,105.494,105.862,105.274,105.719,25917.0
1769940000000,105.723,105.765,105.397,105.7,26045.0
1769940900000,105.704,105.708,105.392,105.549,22906.0
1769941800000,105.547,105.672,104.254,104.254,59213.0
1769942700000,104.254,104.449,103.617,103.712,79682.0
1769943600000,103.712,104.194,103.69,104.189,33635.0
1769944500000,104.191,104.192,103.757,103.953,25456.0
1769945400000,103.954,105.341,103.954,105.223,49314.0
1769946300000,105.223,105.318,104.901,104.974,33704.0
1769947200000,104.971,104.974,104.642,104.679,25809.0
1769948100000,104.679,104.679,104.071,104.372,41912.0
1769949000000,104.372,105.031,104.372,104.509,29758.0
1769949900000,104.498,105.119,104.498,104.993,36452.0
1769950800000,105.005,106.616,104.945,106.211,97202.0
1769951700000,106.221,106.221,105.2,105.45,49498.0
1769952600000,105.45,105.472,104.793,105.017,64089.0
1769953500000,105.021,105.142,104.018,104.379,66516.0
1769954400000,104.38,104.735,104.063,104.197,49129.0
1769955300000,104.194,104.298,103.032,103.13,87713.0
1769956200000,103.129,103.405,101.672,102.357,216338.0
1769957100000,102.366,103.513,101.869,102.839,99132.0
1769958000000,102.877,102.888,101.586,101.662,68327.0
1769958900000,101.667,101.795,100.588,100.701,110146.0
1769959800000,100.7,101.457,100.17,100.876,120087.0
1769960700000,100.877,102.337,100.777,101.625,72179.0
1769961600000,101.617,102.424,101.177,102.089,87421.0
1769962500000,102.067,102.802,100.867,102.26,84253.0
1769963400000,102.256,102.516,101.404,101.539,51507.0
1769964300000,101.562,102.015,101.244,101.651,37208.0
1769965200000,101.639,102.105,101.535,101.961,29347.0
1769966100000,101.961,102.118,101.048,101.625,43448.0
1769967000000,101.62,101.883,101.108,101.525,32879.0
1769967900000,101.519,102.409,101.311,102.348,32527.0
1769968800000,102.355,103.974,102.343,103.751,110888.0
1769969700000,103.745,104.189,103.11,103.852,75154.0
1769970600000,103.825,103.825,103.139,103.22,31755.0
1769971500000,103.216,103.394,102.921,103.385,40218.0
1769972400000,103.393,103.662,102.788,102.9,31775.0
1769973300000,102.903,103.021,102.435,102.757,28887.0
1769974200000,102.757,102.974,102.329,102.401,36915.0
1769975100000,102.4,102.401,101.507,101.888,58892.0
1769976000000,101.887,101.927,101.175,101.225,54440.0
1769976900000,101.225,101.55,100.134,100.193,76330.0
1769977800000,100.193,102.775,100.193,102.243,81510.0
1769978700000,102.233,102.291,101.351,101.516,57274.0
1769979600000,101.513,101.532,100.35,100.789,56093.0
1769980500000,100.789,100.884,100.08,100.723,60396.0
1769981400000,100.728,101.613,100.404,101.255,41816.0
1769982300000,101.247,101.466,100.351,100.775,68768.0
1769983200000,100.775,102.787,100.774,102.328,80484.0
1769984100000,102.328,102.344,101.069,101.788,46404.0
1769985000000,101.801,102.396,101.702,102.092,36158.0
1769985900000,102.086,102.205,101.576,101.739,31658.0
1769986800000,101.7,101.802,97.95,99.939,309447.0
1769987700000,99.989,100.755,98.715,100.503,163187.0
1769988600000,100.514,101.985,100.154,101.548,88414.0
1769989500000,101.545,101.573,100.572,100.713,59008.0
1769990400000,100.717,101.647,99.605,101.08,89975.0
1769991300000,101.08,102.482,101.024,102.129,77592.0
1769992200000,102.128,102.839,101.553,102.471,61509.0
1769993100000,102.471,102.793,102.009,102.221,39046.0
1769994000000,102.221,102.823,100.611,100.637,60709.0
1769994900000,100.789,103.042,100.35,102.822,82479.0
1769995800000,102.822,102.823,102.139,102.212,38109.0
1769996700000,102.212,102.56,101.559,102.037,34124.0
1769997600000,102.04,102.445,101.524,101.782,40898.0
1769998500000,101.775,102.647,101.775,102.092,33013.0
1769999400000,102.09,102.177,101.139,101.167,41203.0
1770000300000,101.216,101.305,100.513,100.714,39083.0
1770001200000,100.679,100.821,98.923,99.005,71313.0
1770002100000,99.013,99.139,96.744,96.928,216731.0
1770003000000,96.928,97.443,95.874,97.04,163343.0
1770003900000,97.049,100.36,96.973,99.961,159295.0
1770004800000,99.995,100.084,98.587,98.849,75134.0
1770005700000,98.849,101.288,98.8,101.244,80451.0
1770006600000,101.244,101.73,100.847,100.88,63353.0
1770007500000,100.88,100.88,100.127,100.255,44264.0
1770008400000,100.255,100.42,99.393,99.592,50886.0
1770009300000,99.588,99.663,98.07,98.458,76598.0
1770010200000,98.464,98.856,97.632,98.015,62694.0
1770011100000,98.015,98.857,97.74,98.217,57017.0
1770012000000,98.22,98.701,97.017,98.595,76568.0
1770012900000,98.549,99.87,98.358,99.026,67746.0
1770013800000,99.072,101.234,97.45,100.6,175879.0
1770014700000,100.608,101.304,99.618,100.622,106288.0
1770015600000,100.61,101.551,100.401,100.772,69398.0
1770016500000,100.769,101.48,100.549,101.195,50493.0
1770017400000,101.218,101.968,101.153,101.677,58663.0
1770018300000,101.678,102.371,101.321,101.368,54841.0
1770019200000,101.368,102.286,101.345,101.932,50672.0
1770020100000,101.932,102.4,101.431,101.543,42108.0
1770021000000,101.539,102.208,101.539,101.863,28759.0
1770021900000,101.858,102.043,101.636,101.637,28719.0
1770022800000,101.644,101.954,101.371,101.851,38547.0
1770023700000,101.868,102.598,101.716,102.552,44148.0
1770024600000,102.552,103.071,102.193,102.363,72063.0
1770025500000,102.391,103.121,102.391,102.717,56617.0
1770026400000,102.717,103.382,102.692,103.168,36999.0
1770027300000,103.168,103.234,102.772,103.078,33668.0
1770028200000,103.066,103.29,102.582,102.714,32771.0
1770029100000,102.691,102.949,102.573,102.831,21884.0
1770030000000,102.831,103.178,102.684,103.084,24803.0
1770030900000,103.08,103.15,102.824,103.141,23019.0
1770031800000,103.143,103.361,102.866,103.013,31457.0
1770032700000,103.013,103.18,102.639,102.713,31972.0
1770033600000,102.71,103.199,102.71,103.074,26683.0
1770034500000,103.074,103.664,102.985,103.23,51159.0
1770035400000,103.229,103.283,102.882,102.981,31305.0
1770036300000,102.976,103.383,102.93,103.241,27870.0
1770037200000,103.238,103.238,102.781,102.975,26299.0
1770038100000,102.975,103.28,102.776,102.969,27590.0
1770039000000,102.994,103.628,102.964,103.157,36971.0
1770039900000,103.16,103.537,102.959,103.253,26892.0
1770040800000,103.258,103.328,102.309,102.817,59005.0
1770041700000,102.817,103.523,102.589,103.35,61446.0
1770042600000,103.351,105.085,103.3,104.31,211818.0
1770043500000,104.311,104.735,103.833,103.93,60632.0
1770044400000,103.93,104.995,103.537,104.735,65150.0
1770045300000,104.735,105.79,104.493,105.129,135426.0
1770046200000,105.129,106.073,104.852,105.526,96661.0
1770047100000,105.532,105.642,104.33,104.6,59094.0
1770048000000,104.595,105.04,104.212,104.944,48122.0
1770048900000,104.944,105.416,104.812,105.242,53876.0
1770049800000,105.249,105.69,104.955,105.421,58271.0
1770050700000,105.428,105.428,104.695,104.951,44628.0
1770051600000,104.945,105.464,104.829,105.34,31755.0
1770052500000,105.312,105.517,104.954,105.056,30066.0
1770053400000,105.06,105.347,104.431,104.546,44685.0
1770054300000,104.543,104.919,104.404,104.753,33925.0
1770055200000,104.753,104.789,104.116,104.152,40915.0
1770056100000,104.159,104.286,103.8,103.993,45370.0
1770057000000,103.996,104.971,103.969,104.267,41724.0
1770057900000,104.264,104.818,104.264,104.676,26297.0
1770058800000,104.676,104.772,104.192,104.402,28108.0
1770059700000,104.408,104.477,103.94,104.126,26032.0
1770060600000,104.124,104.187,103.749,103.944,29497.0
1770061500000,103.943,104.092,103.436,103.849,35847.0
1770062400000,103.768,104.184,103.535,103.8,32490.0
1770063300000,103.768,104.031,103.501,103.617,24983.0
1770064200000,103.611,103.676,103.265,103.46,30897.0
1770065100000,103.459,104.059,103.313,103.771,27548.0
1770066000000,103.786,104.645,103.716,104.553,47665.0
1770066900000,104.558,104.692,104.319,104.464,23250.0
1770067800000,104.464,104.916,104.458,104.691,25746.0
1770068700000,104.686,104.868,104.671,104.751,27731.0
1770069600000,104.748,105.129,104.748,104.886,31863.0
1770070500000,104.889,104.897,104.568,104.828,30393.0
1770071400000,104.83,105.039,104.746,104.947,21571.0
1770072300000,104.951,104.997,104.738,104.921,22067.0
1770073200000,104.921,104.973,104.611,104.757,21797.0
1770074100000,104.784,104.858,104.353,104.415,20880.0
1770075000000,104.418,104.75,104.38,104.609,26372.0
1770075900000,104.613,104.65,104.352,104.458,21195.0
1770076800000,104.461,104.588,103.619,103.978,36681.0
1770077700000,103.974,104.306,103.827,104.237,26804.0
1770078600000,104.234,104.237,103.627,103.984,31705.0
1770079500000,103.98,104.179,103.626,104.102,24435.0
1770080400000,104.102,104.208,103.706,103.854,26128.0
1770081300000,103.854,104.076,103.486,103.843,27924.0
1770082200000,103.849,103.958,103.513,103.954,22424.0
1770083100000,103.954,104.318,103.919,104.311,22175.0
1770084000000,104.314,104.314,103.112,103.31,40642.0
1770084900000,103.313,103.684,103.236,103.374,27367.0
1770085800000,103.374,103.422,102.869,103.081,48493.0
1770086700000,103.077,103.081,102.257,102.369,46689.0
1770087600000,102.369,102.79,102.095,102.691,54944.0
1770088500000,102.691,102.974,102.117,102.971,38018.0
1770089400000,102.974,103.873,102.893,103.76,48165.0
1770090300000,103.76,104.353,103.69,104.09,37149.0
1770091200000,104.091,104.382,103.803,104.366,33160.0
1770092100000,104.366,104.429,103.987,103.987,29058.0
1770093000000,103.99,105.0,103.987,104.999,40898.0
1770093900000,104.991,105.036,104.569,104.62,29643.0
1770094800000,104.62,104.674,103.854,103.893,41617.0
1770095700000,103.893,104.048,103.634,103.937,34959.0
1770096600000,103.934,104.133,103.839,103.944,25200.0
1770097500000,103.944,104.116,103.572,103.656,26462.0
1770098400000,103.656,103.757,102.9,103.01,61471.0
1770099300000,103.01,103.982,102.974,103.814,41919.0
1770100200000,103.818,104.015,103.684,103.717,32336.0
1770101100000,103.713,104.0,103.631,103.917,20029.0
1770102000000,103.917,104.461,103.724,104.157,32347.0
1770102900000,104.157,104.267,103.95,104.15,22672.0
1770103800000,104.154,104.833,104.093,104.587,34920.0
1770104700000,104.587,104.791,104.532,104.623,21353.0
1770105600000,104.621,104.696,104.147,104.202,31024.0
1770106500000,104.208,104.952,104.089,104.763,38195.0
1770107400000,104.769,104.851,104.518,104.757,29846.0
1770108300000,104.761,104.761,104.016,104.041,30542.0
1770109200000,104.04,104.142,103.037,103.075,61729.0
1770110100000,103.057,103.219,102.468,102.594,106849.0
1770111000000,102.59,103.336,102.496,103.222,48729.0
1770111900000,103.217,103.321,102.983,103.052,33036.0
1770112800000,103.052,103.244,102.76,102.761,34483.0
1770113700000,102.764,103.072,102.533,102.987,39336.0
1770114600000,102.988,102.988,102.405,102.672,31769.0
1770115500000,102.674,102.845,102.614,102.797,25147.0
1770116400000,102.801,103.107,102.75,103.005,24519.0
1770117300000,103.008,103.159,102.887,102.978,24235.0
1770118200000,102.973,103.289,102.86,103.088,43840.0
1770119100000,103.09,103.319,102.922,102.924,27701.0
1770120000000,102.926,103.138,102.433,102.891,59493.0
1770120900000,102.891,103.181,102.75,103.137,23667.0
1770121800000,103.137,103.195,102.857,103.081,23221.0
1770122700000,103.033,103.286,102.97,103.056,28192.0
1770123600000,103.056,103.386,102.836,103.117,27171.0
1770124500000,103.12,103.207,102.684,103.098,34583.0
1770125400000,103.087,103.29,102.887,102.951,28697.0
1770126300000,102.953,103.49,102.9,103.334,27699.0
1770127200000,103.334,103.552,103.09,103.128,27002.0
1770128100000,103.128,103.28,102.733,103.128,39449.0
1770129000000,103.124,103.214,101.566,101.932,127079.0
1770129900000,101.94,102.26,100.696,100.795,117719.0
1770130800000,100.79,101.615,100.452,100.476,117430.0
1770131700000,100.488,102.716,100.35,101.995,166209.0
1770132600000,101.989,102.705,101.312,101.331,95320.0
1770133500000,101.326,102.664,101.181,102.522,75895.0
1770134400000,102.522,102.522,101.18,101.249,48771.0
1770135300000,101.249,101.283,100.243,100.313,99361.0
1770136200000,100.313,101.227,99.867,100.995,109803.0
1770137100000,101.003,101.086,100.441,100.663,66722.0
1770138000000,100.663,100.916,99.775,99.784,64048.0
1770138900000,99.777,100.436,99.777,100.269,67363.0
1770139800000,100.275,100.352,99.002,99.002,82007.0
1770140700000,99.008,99.701,98.968,99.005,90519.0
1770141600000,99.006,99.34,98.617,98.637,98890.0
1770142500000,98.636,98.819,97.649,97.846,219503.0
1770143400000,97.835,98.125,97.254,97.506,106847.0
1770144300000,97.511,97.683,96.6,96.782,137636.0
1770145200000,96.782,99.255,96.639,99.007,158371.0
1770146100000,99.017,99.829,98.608,99.327,150661.0
1770147000000,99.33,100.027,99.012,99.096,90339.0
1770147900000,99.088,99.244,98.366,98.963,76665.0
1770148800000,98.916,99.113,98.319,98.431,43934.0
1770149700000,98.426,100.258,98.265,100.071,101526.0
1770150600000,100.051,101.924,100.001,100.796,195284.0
1770151500000,100.8,101.221,100.34,101.085,67261.0
1770152400000,101.085,101.735,100.832,101.245,102839.0
1770153300000,101.312,101.385,100.869,101.002,40229.0
1770154200000,101.007,101.18,100.413,100.508,39659.0
1770155100000,100.511,100.716,99.951,100.105,48230.0
1770156000000,100.145,100.195,99.122,99.506,63625.0
1770156900000,99.51,99.783,99.064,99.447,48782.0
1770157800000,99.447,99.616,99.023,99.023,29884.0
1770158700000,99.013,99.039,98.072,98.393,58616.0
1770159600000,98.393,98.496,97.262,98.046,72657.0
1770160500000,98.039,98.199,97.312,97.824,61412.0
1770161400000,97.824,98.292,97.694,97.921,52451.0
1770162300000,97.921,98.003,97.125,97.81,64978.0
1770163200000,97.803,97.862,97.081,97.118,39355.0
1770164100000,97.118,98.196,97.114,98.09,51497.0
1770165000000,98.084,98.704,97.97,98.482,47448.0
1770165900000,98.482,98.625,97.77,97.897,35747.0
1770166800000,97.903,99.346,97.897,99.298,51764.0
1770167700000,99.298,99.461,99.061,99.341,29919.0
1770168600000,99.346,99.568,99.125,99.207,41024.0
1770169500000,99.207,99.282,98.604,99.024,45656.0
1770170400000,99.024,99.119,98.586,98.652,31514.0
1770171300000,98.713,99.001,98.148,98.255,53911.0
1770172200000,98.252,98.313,97.561,97.96,43570.0
1770173100000,97.963,98.099,97.311,97.833,47555.0
1770174000000,97.833,99.291,97.815,99.116,54851.0
1770174900000,99.116,99.198,98.538,98.585,29955.0
1770175800000,98.583,99.499,98.583,99.107,51001.0
1770176700000,99.106,99.176,98.884,99.021,27269.0
1770177600000,99.026,99.258,98.877,99.1,32497.0
1770178500000,99.1,99.1,98.666,98.764,22934.0
1770179400000,98.764,98.938,98.48,98.506,34610.0
1770180300000,98.501,98.507,97.958,98.015,33210.0
1770181200000,98.018,98.337,97.699,98.309,37657.0
1770182100000,98.309,98.376,97.796,98.066,28992.0
1770183000000,98.066,98.086,97.431,97.483,58700.0
1770183900000,97.477,97.749,96.357,96.882,155105.0
1770184800000,96.869,97.65,96.636,97.512,71830.0
1770185700000,97.518,97.594,97.092,97.347,39447.0
1770186600000,97.347,98.475,97.186,98.418,56492.0
1770187500000,98.415,98.66,98.108,98.136,52424.0
1770188400000,98.136,98.139,97.301,97.696,53285.0
1770189300000,97.695,97.85,97.49,97.784,30537.0
1770190200000,97.772,98.17,97.664,98.028,41651.0
1770191100000,98.023,98.094,97.727,97.824,31476.0
1770192000000,97.823,97.87,97.079,97.328,42497.0
1770192900000,97.288,97.797,96.749,96.8,46857.0
1770193800000,96.806,97.313,96.691,97.285,34392.0
1770194700000,97.306,97.703,97.282,97.62,33789.0
1770195600000,97.62,97.695,97.144,97.221,34088.0
1770196500000,97.221,97.316,96.711,96.965,44106.0
1770197400000,96.969,97.19,96.69,96.964,34563.0
1770198300000,96.977,97.429,96.884,97.067,32990.0
1770199200000,97.064,97.213,96.908,97.001,24255.0
1770200100000,97.001,97.17,96.852,96.974,23051.0
1770201000000,96.974,97.146,96.743,96.917,33977.0
1770201900000,96.917,97.039,96.7,96.968,48137.0
1770202800000,96.968,96.995,94.599,95.255,381618.0
1770203700000,95.256,96.638,95.25,96.198,94165.0
1770204600000,96.198,96.841,96.004,96.12,67374.0
1770205500000,96.209,96.313,95.843,96.026,40725.0
1770206400000,96.025,96.199,95.803,96.019,33337.0
1770207300000,96.025,96.652,95.799,95.879,51917.0
1770208200000,95.841,96.364,95.834,96.242,33106.0
1770209100000,96.242,96.486,96.143,96.401,25501.0
1770210000000,96.41,96.41,96.011,96.204,38671.0
1770210900000,96.207,96.291,95.52,95.674,51492.0
1770211800000,95.671,95.875,94.686,94.762,110922.0
1770212700000,94.771,95.146,94.07,94.318,137124.0
1770213600000,94.32,94.767,93.8,94.248,122773.0
1770214500000,94.245,94.523,93.931,94.242,62856.0
1770215400000,94.245,94.958,93.074,94.386,219459.0
1770216300000,94.394,94.839,92.875,93.023,141999.0
1770217200000,93.015,93.828,92.126,93.666,265078.0
1770218100000,93.631,94.13,93.03,93.385,86226.0
1770219000000,93.38,93.507,91.251,92.575,243105.0
1770219900000,92.575,92.942,92.088,92.682,83548.0
1770220800000,92.682,92.99,91.93,92.366,110419.0
1770221700000,92.36,92.828,91.538,92.7,124101.0
1770222600000,92.7,92.705,90.868,91.122,126729.0
1770223500000,91.117,92.071,90.923,91.883,89848.0
1770224400000,91.883,92.305,91.045,92.09,105317.0
1770225300000,92.119,92.493,90.447,90.499,126626.0
1770226200000,90.498,91.199,89.932,90.923,150639.0
1770227100000,90.919,91.57,90.628,91.353,73456.0
1770228000000,91.353,91.366,90.256,90.617,113925.0
1770228900000,90.626,92.169,90.284,91.682,81017.0
1770229800000,91.682,93.148,91.322,92.984,193099.0
1770230700000,92.984,93.014,92.143,92.219,74399.0
1770231600000,92.23,93.945,92.211,93.785,134630.0
1770232500000,93.785,94.326,93.267,93.291,104500.0
1770233400000,93.285,94.121,93.255,94.003,55122.0
1770234300000,94.003,94.649,93.883,94.299,109414.0
1770235200000,94.315,94.44,93.495,93.597,64357.0
1770236100000,93.597,94.146,93.25,93.256,43436.0
1770237000000,93.296,93.447,92.993,93.19,38049.0
1770237900000,93.19,93.375,92.95,93.215,36068.0
1770238800000,93.215,93.334,92.291,92.734,82308.0
1770239700000,92.713,92.835,91.627,91.997,84885.0
1770240600000,91.991,92.451,91.342,91.489,53704.0
1770241500000,91.505,91.536,90.69,91.296,112619.0
1770242400000,91.299,91.389,89.284,90.351,182216.0
1770243300000,90.35,92.805,90.342,92.671,114173.0
1770244200000,92.671,92.815,90.973,91.102,93530.0
1770245100000,91.102,91.722,90.579,90.806,74297.0
1770246000000,90.759,91.039,90.213,90.951,61398.0
1770246900000,90.951,92.257,90.668,92.081,148797.0
1770247800000,92.081,92.865,92.051,92.541,64033.0
1770248700000,92.541,92.643,91.976,92.067,50478.0
1770249600000,92.067,92.41,91.801,91.837,50932.0
1770250500000,91.837,92.725,91.837,92.603,49207.0
1770251400000,92.561,92.561,91.344,91.924,44208.0
1770252300000,91.92,92.079,91.619,91.7,26120.0
1770253200000,91.7,92.544,91.562,92.337,43174.0
1770254100000,92.337,92.7,90.495,92.449,97286.0
1770255000000,92.456,92.855,91.623,91.989,109584.0
1770255900000,91.993,92.25,91.676,91.886,35801.0
1770256800000,91.891,92.132,91.033,91.053,64823.0
1770257700000,91.049,91.769,90.679,91.716,74520.0
1770258600000,91.716,92.66,91.672,92.405,65076.0
1770259500000,92.405,92.448,90.737,90.844,73279.0
1770260400000,90.844,91.611,90.3,90.8,91049.0
1770261300000,90.797,91.636,90.207,90.925,80706.0
1770262200000,90.932,91.312,90.637,91.019,42609.0
1770263100000,91.012,91.157,90.75,91.109,34165.0
1770264000000,91.09,91.582,90.302,90.483,74430.0
1770264900000,90.462,91.464,90.272,91.004,80774.0
1770265800000,91.004,91.856,90.549,91.797,66332.0
1770266700000,91.797,91.822,90.805,91.072,44683.0
1770267600000,91.072,91.645,90.86,91.423,34601.0
1770268500000,91.423,91.715,89.895,90.24,118514.0
1770269400000,90.241,92.02,89.878,91.792,118602.0
1770270300000,91.785,91.879,90.967,91.126,71992.0
1770271200000,91.131,91.212,89.736,90.287,112429.0
1770272100000,90.287,90.518,89.714,89.872,48734.0
1770273000000,89.872,90.399,89.836,90.167,41312.0
1770273900000,90.177,90.454,89.724,90.176,54404.0
1770274800000,90.176,91.585,90.124,90.768,92438.0
1770275700000,90.768,91.6,90.562,91.441,49549.0
1770276600000,91.441,91.46,90.839,91.147,43203.0
1770277500000,91.147,91.254,90.333,90.5,34997.08
1770278400000,90.497,91.318,90.497,91.097,37258.27
1770279300000,91.097,91.885,90.812,91.684,53349.98
1770280200000,91.679,92.399,91.655,91.951,64877.94
1770281100000,91.944,92.209,91.682,91.745,39326.86
1770282000000,91.745,93.046,91.703,92.879,88165.98
1770282900000,92.88,93.334,92.643,92.763,50487.23
1770283800000,92.767,92.802,92.272,92.324,58453.97
1770284700000,92.325,92.641,92.227,92.473,46486.36
1770285600000,92.475,92.571,91.673,92.008,51136.43
1770286500000,92.007,92.622,91.993,92.404,37913.11
1770287400000,92.407,92.423,91.515,91.541,31682.09
1770288300000,91.542,91.615,89.848,90.239,172044.07
1770289200000,90.24,90.726,89.812,89.951,59934.0
1770290100000,89.945,90.189,88.607,88.907,187753.29
1770291000000,88.906,90.718,88.8,90.319,142585.31
1770291900000,90.319,90.477,89.466,89.931,82525.78
1770292800000,89.926,90.693,89.719,89.837,80384.67
1770293700000,89.838,90.035,88.669,89.636,156604.61
1770294600000,89.64,89.923,88.982,89.261,80597.52
1770295500000,89.255,89.754,88.759,89.464,63461.87
1770296400000,89.464,90.002,89.103,89.103,48997.29
1770297300000,89.091,89.138,88.316,88.407,126249.13
1770298200000,88.407,88.949,88.198,88.412,68370.41
1770299100000,88.412,88.705,88.16,88.436,47608.08
1770300000000,88.436,90.027,88.436,89.429,115022.51
1770300900000,89.421,90.08,89.003,89.941,58330.23
1770301800000,89.942,91.397,89.523,90.219,164467.95
1770302700000,90.219,90.746,88.331,88.568,136470.34
1770303600000,88.567,88.939,86.046,86.353,305958.24
1770304500000,86.345,87.169,84.055,84.164,430779.24
1770305400000,84.175,85.869,83.385,85.385,362895.0
1770306300000,85.384,85.815,84.212,84.533,201520.15
1770307200000,84.539,84.914,83.623,83.793,149182.97
1770308100000,83.794,85.892,83.711,85.482,186761.03
1770309000000,85.503,86.071,84.474,84.497,91264.44
1770309900000,84.494,86.159,83.963,85.481,144093.81
1770310800000,85.499,85.621,83.686,84.043,122465.98
1770311700000,84.021,84.805,82.353,84.239,276904.79
1770312600000,84.201,84.443,82.912,83.537,123860.18
1770313500000,83.543,83.955,82.533,82.623,110073.07
1770314400000,82.623,83.269,82.411,82.894,89911.83
1770315300000,82.889,82.977,81.529,81.953,235559.96
1770316200000,81.958,82.182,81.17,81.418,113395.76
1770317100000,81.408,83.169,81.217,82.901,109064.67
1770318000000,82.897,83.251,82.201,82.588,75346.83
1770318900000,82.536,83.044,81.663,82.082,69847.47
1770319800000,82.088,82.7,81.862,81.936,61666.72
1770320700000,81.939,82.102,81.353,81.615,63994.24
1770321600000,81.615,82.238,81.21,81.227,90309.83
1770322500000,81.209,81.267,77.785,78.681,537664.1
1770323400000,78.642,79.955,77.608,79.417,258773.38
1770324300000,79.408,79.635,77.86,78.773,167607.79
1770325200000,78.763,81.124,78.652,79.315,211680.39
1770326100000,79.284,80.543,78.556,80.188,124463.62
1770327000000,80.169,80.8,78.958,79.295,92060.97
1770327900000,79.288,79.716,78.31,78.939,75391.75
1770328800000,78.943,79.959,78.128,79.325,90694.01
1770329700000,79.324,80.157,77.54,79.852,139834.9
1770330600000,79.866,80.54,79.182,79.911,108771.88
1770331500000,79.919,80.647,79.409,79.757,47682.04
1770332400000,79.752,81.566,79.522,81.026,89508.36
1770333300000,81.026,81.182,79.391,79.947,70277.67
1770334200000,79.947,80.321,78.557,78.775,96744.18
1770335100000,78.774,78.958,78.038,78.302,93023.25
1770336000000,78.307,78.739,71.613,72.519,434563.98
1770336900000,72.43,73.408,67.452,71.09,1107718.35
1770337800000,71.08,75.79,70.917,74.947,292223.41
1770338700000,74.953,76.774,74.578,75.48,208078.29
1770339600000,75.427,77.378,75.427,76.425,148574.98
1770340500000,76.405,77.447,76.308,77.051,106101.31
1770341400000,77.111,78.476,76.922,78.158,118602.42
1770342300000,78.192,79.66,77.976,79.455,116666.89
1770343200000,79.489,80.18,77.719,77.948,146674.39
1770344100000,77.949,78.107,76.791,77.219,123805.02
1770345000000,77.211,78.124,76.978,77.684,92919.77
1770345900000,77.704,77.822,76.35,76.862,68725.65
1770346800000,76.862,77.335,76.254,76.254,61170.14
1770347700000,76.255,76.941,76.037,76.623,57333.61
1770348600000,76.626,77.291,76.002,76.083,48494.72
1770349500000,76.078,76.712,75.7,76.669,75713.11
1770350400000,76.652,76.905,76.17,76.725,56087.58
1770351300000,76.731,77.777,76.598,77.434,51075.98
1770352200000,77.43,77.707,76.867,77.291,69005.11
1770353100000,77.287,77.958,77.267,77.723,44314.06
1770354000000,77.723,79.132,77.522,79.046,84933.79
1770354900000,79.046,79.11,78.456,78.801,51905.79
1770355800000,78.824,79.969,78.8,79.883,55995.36
1770356700000,79.883,81.562,79.632,81.037,123306.22
1770357600000,81.071,81.492,80.761,80.798,79570.62
1770358500000,80.791,80.888,79.901,80.289,65998.14
1770359400000,80.289,80.477,79.427,79.707,62149.81
1770360300000,79.737,80.022,79.313,79.43,55298.23
1770361200000,79.425,79.473,78.69,79.223,69116.16
1770362100000,79.223,79.454,78.816,79.437,57187.28
1770363000000,79.432,80.445,79.342,79.833,69383.86
1770363900000,79.879,80.124,79.234,79.48,56291.03
1770364800000,79.48,80.136,78.994,79.65,46100.03
1770365700000,79.683,79.737,78.931,79.16,54074.69
1770366600000,79.161,79.292,78.601,78.89,61655.13
1770367500000,78.884,79.442,78.809,78.994,41559.31
1770368400000,78.999,79.488,78.878,79.333,37181.67
1770369300000,79.333,80.095,79.125,80.039,76067.46
1770370200000,80.036,80.991,80.0,80.971,60476.64
1770371100000,80.97,81.578,80.569,81.232,55187.77
1770372000000,81.229,81.434,80.68,80.99,60884.09
1770372900000,80.989,81.935,80.978,81.449,71231.57
1770373800000,81.452,81.75,80.979,81.3,46545.95
1770374700000,81.3,81.395,80.673,80.734,33896.59
1770375600000,80.735,81.026,80.38,81.0,44497.52
1770376500000,80.996,81.149,80.748,80.971,46920.37
1770377400000,80.972,81.625,80.858,81.147,65303.37
1770378300000,81.149,81.399,80.929,81.29,36397.62
1770379200000,81.243,81.243,80.766,81.183,46934.18
1770380100000,81.207,81.837,81.001,81.559,59342.13
1770381000000,81.556,81.727,81.118,81.364,42779.33
1770381900000,81.364,81.86,81.358,81.788,30079.4
1770382800000,81.793,82.732,81.591,82.721,104357.21
1770383700000,82.722,83.299,82.122,82.683,98855.47
1770384600000,82.683,83.582,82.318,83.368,93982.73
1770385500000,83.375,83.73,83.0,83.004,78969.13
1770386400000,83.01,83.124,82.274,82.617,81194.54
1770387300000,82.62,82.695,81.817,82.466,75221.95
1770388200000,82.463,84.304,82.391,84.25,196194.1
1770389100000,84.249,85.078,83.62,84.053,152457.12
1770390000000,84.056,84.692,83.5,83.5,109268.01
1770390900000,83.5,84.304,83.347,83.887,71917.72
1770391800000,83.928,84.591,83.82,84.441,76182.85
1770392700000,84.474,84.962,84.143,84.374,78959.13
1770393600000,84.375,85.21,83.692,85.033,93219.06
1770394500000,85.025,86.364,84.8,85.979,110702.72
1770395400000,85.979,86.883,85.775,86.601,91086.09
1770396300000,86.611,87.096,86.048,86.586,100133.97
1770397200000,86.585,87.31,86.028,86.637,76638.36
1770398100000,86.637,87.951,86.521,87.886,108743.23
1770399000000,87.886,88.541,86.903,86.997,160064.44
1770399900000,87.005,87.391,86.331,86.586,87758.17
1770400800000,86.59,86.718,85.129,85.856,136268.66
1770401700000,85.862,85.925,85.27,85.556,60976.44
1770402600000,85.556,86.694,85.493,86.395,58817.56
1770403500000,86.395,86.654,85.954,86.025,44666.71
1770404400000,86.025,86.381,85.552,85.742,40173.68
1770405300000,85.742,86.525,85.46,86.276,54920.89
1770406200000,86.276,86.866,86.103,86.695,49488.88
1770407100000,86.668,87.407,86.59,86.988,75001.39
1770408000000,86.997,87.094,86.548,86.756,35360.18
1770408900000,86.756,87.236,86.673,87.105,32266.92
1770409800000,87.101,87.882,86.972,87.259,78539.04
1770410700000,87.259,87.584,86.771,86.845,43981.76
1770411600000,86.833,87.306,86.516,87.042,50062.08
1770412500000,87.048,88.021,86.986,87.87,67453.26
1770413400000,87.864,87.877,87.384,87.782,26466.02
1770414300000,87.786,88.116,87.727,88.003,30762.01
1770415200000,88.003,88.737,87.878,88.331,57090.19
1770416100000,88.335,89.006,88.24,88.753,46563.15
1770417000000,88.753,89.751,88.681,89.124,64826.36
1770417900000,89.124,89.596,88.932,89.127,34536.84
1770418800000,89.107,89.543,88.327,88.426,52514.05
1770419700000,88.426,88.426,87.319,87.633,71882.31
1770420600000,87.633,88.389,87.633,87.701,35173.12
1770421500000,87.701,87.851,87.373,87.411,32217.38
1770422400000,87.409,87.411,86.296,86.895,80971.16
1770423300000,86.895,87.02,86.154,86.256,41798.91
1770424200000,86.263,86.585,86.133,86.142,44171.28
1770425100000,86.142,86.993,86.138,86.509,37783.82
1770426000000,86.509,86.62,85.861,85.948,47381.11
1770426900000,85.945,86.487,85.934,86.345,31704.44
1770427800000,86.345,86.878,86.225,86.671,26400.56
1770428700000,86.666,87.414,86.581,87.092,47479.41
1770429600000,87.092,87.202,86.754,87.049,27175.13
1770430500000,87.044,87.478,86.909,87.323,25152.84
1770431400000,87.326,87.524,87.105,87.252,22900.81
1770432300000,87.23,87.272,86.732,87.236,29746.55
1770433200000,87.24,88.196,87.175,88.042,51279.82
1770434100000,88.041,88.299,87.767,88.167,39019.73
1770435000000,88.163,88.207,87.834,88.101,30974.12
1770435900000,88.121,88.122,87.7,88.018,33220.55
1770436800000,88.023,88.717,87.829,88.657,46920.34
1770437700000,88.606,88.957,88.042,88.163,54055.47
1770438600000,88.163,88.579,87.22,87.37,51619.71
1770439500000,87.371,87.663,87.35,87.662,25674.91
1770440400000,87.66,88.201,87.586,88.094,25805.8
1770441300000,88.097,88.54,87.841,87.878,45329.97
1770442200000,87.872,88.221,87.658,87.92,35711.47
1770443100000,87.918,88.023,87.505,87.709,31042.88
1770444000000,87.745,88.134,87.659,87.851,36050.78
1770444900000,87.851,87.94,87.483,87.79,32913.28
1770445800000,87.792,87.956,87.475,87.525,22023.96
1770446700000,87.526,87.545,86.2,86.206,72335.07
1770447600000,86.206,86.579,84.829,84.878,152480.55
1770448500000,84.833,85.378,84.177,85.271,204330.04
1770449400000,85.271,86.359,84.631,85.929,113876.31
1770450300000,85.93,85.935,85.243,85.275,65982.85
1770451200000,85.275,85.534,84.845,85.039,48892.58
1770452100000,85.036,85.316,84.74,84.945,49701.92
1770453000000,84.949,85.257,84.912,85.059,35599.61
1770453900000,85.055,85.661,85.055,85.329,41234.6
1770454800000,85.299,85.671,85.218,85.665,39023.7
1770455700000,85.666,85.67,85.251,85.27,30899.9
1770456600000,85.273,85.313,84.785,84.916,43528.63
1770457500000,84.917,85.239,84.791,85.2,35999.03
1770458400000,85.196,85.43,84.952,85.04,30308.27
1770459300000,85.097,85.369,84.95,85.126,27807.36
1770460200000,85.142,85.283,84.464,84.773,54355.41
1770461100000,84.773,85.058,84.528,84.969,33896.99
1770462000000,84.966,85.109,84.688,84.698,28470.48
1770462900000,84.696,84.898,84.545,84.63,30458.0
1770463800000,84.625,84.886,84.589,84.647,24016.6
1770464700000,84.649,85.185,84.619,84.859,54597.17
1770465600000,84.854,86.051,84.809,85.847,89564.37
1770466500000,85.847,87.12,85.672,86.186,130653.62
1770467400000,86.186,86.808,85.983,86.068,57086.19
1770468300000,86.068,86.422,85.935,86.166,47443.87
1770469200000,86.166,86.587,85.979,86.024,29438.95
1770470100000,86.026,86.27,86.012,86.181,27969.26
1770471000000,86.181,86.219,85.504,85.739,66401.95
1770471900000,85.739,86.14,85.7,86.06,28260.23
1770472800000,86.06,86.451,85.911,86.233,31375.8
1770473700000,86.233,86.522,86.015,86.16,25237.36
1770474600000,86.157,86.188,85.499,85.93,48405.05
1770475500000,85.957,85.978,85.45,85.705,35587.85
1770476400000,85.705,86.248,85.593,86.119,36413.93
1770477300000,86.124,86.806,85.963,86.532,74104.36
1770478200000,86.533,86.876,86.149,86.255,49326.77
1770479100000,86.255,86.521,86.078,86.521,27516.43
1770480000000,86.52,88.1,86.192,87.108,578078.62
1770480900000,87.179,87.8,86.707,86.793,345443.01
1770481800000,86.791,87.176,86.698,87.09,29746.47
1770482700000,87.09,87.132,86.722,87.01,28451.87
1770483600000,87.01,87.181,86.437,86.491,38680.73
1770484500000,86.491,87.32,86.488,87.243,32751.25
1770485400000,87.24,87.65,87.012,87.458,37184.68
1770486300000,87.459,87.609,87.222,87.581,40543.01
1770487200000,87.601,87.867,87.398,87.504,34989.51
1770488100000,87.504,88.351,87.496,88.262,55294.05
1770489000000,88.263,88.848,88.158,88.759,58765.01
1770489900000,88.759,89.147,88.533,88.652,51513.77
1770490800000,88.653,88.733,88.129,88.243,41516.24
1770491700000,88.243,88.659,88.233,88.446,42989.22
1770492600000,88.446,88.576,87.971,88.262,42822.77
1770493500000,88.262,88.486,88.073,88.228,26731.92
1770494400000,88.223,88.396,87.948,88.069,36976.02
1770495300000,88.072,88.5,88.006,88.452,25509.21
1770496200000,88.452,88.842,88.316,88.679,36892.16
1770497100000,88.656,89.14,88.641,88.833,37382.7
1770498000000,88.829,89.1,88.638,88.781,37623.63
1770498900000,88.781,88.837,88.546,88.675,25763.55
1770499800000,88.675,88.867,88.395,88.395,26800.64
1770500700000,88.396,88.402,88.085,88.139,26359.13
1770501600000,88.139,88.676,88.088,88.549,28377.97
1770502500000,88.551,88.585,88.161,88.355,21829.66
1770503400000,88.355,88.473,88.145,88.428,19999.11
1770504300000,88.427,88.427,88.137,88.168,22082.99
1770505200000,88.21,88.284,87.251,87.425,55420.28
1770506100000,87.425,87.55,86.838,87.342,78150.47
1770507000000,87.34,87.604,87.261,87.603,33979.63
1770507900000,87.603,87.764,87.48,87.495,22647.82
1770508800000,87.495,87.599,87.253,87.373,22919.82
1770509700000,87.373,87.443,87.037,87.123,27833.12
1770510600000,87.125,87.487,87.026,87.05,23930.31
1770511500000,87.028,87.425,87.028,87.293,27808.57
1770512400000,87.293,87.876,87.251,87.865,24696.42
1770513300000,87.838,87.843,87.425,87.517,25413.66
1770514200000,87.517,87.877,87.466,87.747,22522.12
1770515100000,87.747,87.916,87.641,87.806,22035.11
1770516000000,87.803,87.873,87.609,87.733,19627.4
1770516900000,87.735,88.141,87.524,87.61,31272.67
1770517800000,87.613,87.776,87.11,87.22,29578.26
1770518700000,87.199,87.29,86.88,87.199,28124.01
1770519600000,87.199,87.404,87.026,87.179,24186.32
1770520500000,87.176,87.424,87.042,87.314,19455.27
1770521400000,87.32,87.449,87.064,87.119,25025.12
1770522300000,87.119,87.157,86.639,86.743,47247.78
1770523200000,86.743,86.993,86.715,86.753,30734.09
1770524100000,86.749,87.218,86.537,87.132,26407.47
1770525000000,87.129,87.22,86.857,87.07,20872.87
1770525900000,87.067,87.31,87.007,87.309,16517.13
1770526800000,87.3,87.434,87.149,87.41,22658.58
1770527700000,87.413,87.47,87.145,87.201,18051.91
1770528600000,87.201,87.206,86.956,87.039,17535.93
1770529500000,87.039,87.206,87.017,87.205,23408.18
1770530400000,87.205,87.278,86.864,87.248,17852.94
1770531300000,87.253,87.436,87.098,87.333,22784.72
1770532200000,87.333,87.337,87.081,87.122,17641.96
1770533100000,87.123,87.27,87.012,87.076,18240.33
1770534000000,87.073,87.18,86.735,86.969,24495.55
1770534900000,86.967,87.057,86.612,86.85,24923.43
1770535800000,86.846,87.065,86.708,86.906,23575.68
1770536700000,86.904,87.324,86.886,87.321,23738.59
1770537600000,87.321,87.593,87.093,87.134,28549.59
1770538500000,87.136,88.078,86.853,87.816,72957.61
1770539400000,87.822,88.736,87.578,88.233,81456.99
1770540300000,88.229,88.668,88.125,88.547,62529.72
1770541200000,88.547,88.893,88.277,88.347,47864.4
1770542100000,88.348,88.557,88.196,88.319,27818.67
1770543000000,88.319,88.557,87.556,87.556,65908.96
1770543900000,87.559,87.774,87.463,87.552,25541.83
1770544800000,87.516,88.043,87.515,87.686,29654.57
1770545700000,87.686,87.894,86.377,86.569,123070.02
1770546600000,86.551,86.903,86.41,86.827,47398.29
1770547500000,86.827,87.048,86.732,86.8,30651.98
1770548400000,86.798,87.373,86.68,87.332,36023.81
1770549300000,87.358,87.739,87.221,87.478,47346.91
1770550200000,87.478,88.2,87.431,87.935,73028.27
1770551100000,87.935,88.233,87.818,88.176,42128.1
1770552000000,88.174,88.254,87.764,87.799,33334.25
1770552900000,87.803,88.081,87.633,88.081,49256.77
1770553800000,88.076,88.279,87.627,87.713,35913.11
1770554700000,87.713,88.124,87.636,88.119,31794.38
1770555600000,88.072,88.281,87.705,87.94,46592.43
1770556500000,87.943,88.819,87.891,88.559,92626.21
1770557400000,88.562,88.626,88.18,88.221,41908.18
1770558300000,88.221,88.526,88.154,88.526,32088.99
1770559200000,88.526,88.667,88.262,88.336,39751.45
1770560100000,88.334,88.408,87.957,88.2,40726.52
1770561000000,88.197,88.439,88.15,88.244,31614.35
1770561900000,88.24,88.414,88.18,88.351,25753.05
1770562800000,88.377,88.701,88.272,88.498,45626.22
1770563700000,88.498,88.665,87.287,87.484,89247.98
1770564600000,87.484,87.862,87.414,87.744,56024.96
1770565500000,87.744,87.782,87.34,87.717,30603.42
1770566400000,87.717,87.842,87.321,87.321,40771.09
1770567300000,87.321,87.722,87.321,87.527,26363.19
1770568200000,87.524,87.531,86.462,86.598,130000.48
1770569100000,86.594,86.701,85.701,86.146,150858.21
1770570000000,86.143,86.775,86.098,86.593,57407.49
1770570900000,86.593,87.034,86.426,86.545,48101.74
1770571800000,86.545,86.972,86.541,86.909,30166.42
1770572700000,86.907,86.983,86.67,86.87,24681.7
1770573600000,86.87,87.341,86.82,87.22,41245.98
1770574500000,87.217,87.473,87.133,87.357,31753.51
1770575400000,87.357,88.5,87.356,88.153,111115.08
1770576300000,88.156,88.352,87.766,87.77,57564.21
1770577200000,87.768,88.091,87.741,87.969,26636.95
1770578100000,87.954,88.178,87.882,87.882,24991.88
1770579000000,87.887,88.275,87.882,88.177,25279.56
1770579900000,88.177,88.5,88.007,88.333,55690.25
1770580800000,88.335,88.356,87.409,87.553,51434.61
1770581700000,87.55,87.774,87.175,87.317,35327.47
1770582600000,87.314,87.509,87.255,87.353,21742.6
1770583500000,87.358,87.428,86.723,86.826,44488.14
1770584400000,86.826,87.193,86.692,87.124,29593.93
1770585300000,87.124,87.278,87.062,87.069,25168.06
1770586200000,87.069,87.122,86.21,86.347,58823.2
1770587100000,86.342,86.615,86.175,86.543,29782.99
1770588000000,86.543,86.842,86.536,86.832,31107.42
1770588900000,86.833,87.055,86.655,86.66,27671.44
1770589800000,86.657,86.967,86.395,86.867,26231.21
1770590700000,86.83,87.196,86.826,87.063,24393.62
1770591600000,87.063,88.97,87.062,87.899,174322.89
1770592500000,87.904,88.145,86.416,86.621,110113.83
1770593400000,86.6,86.816,86.018,86.753,79204.69
1770594300000,86.754,87.499,86.701,86.906,56888.61
1770595200000,86.906,87.117,86.521,87.035,40887.29
1770596100000,87.035,87.379,86.609,86.829,34708.87
1770597000000,86.863,87.008,86.324,86.547,30737.8
1770597900000,86.547,87.084,86.355,87.0,24695.29
1770598800000,87.002,87.257,86.603,86.75,24677.14
1770599700000,86.776,87.868,86.632,87.357,53025.67
1770600600000,87.356,87.42,85.781,86.193,105543.49
1770601500000,86.193,86.509,85.833,86.351,69778.71
1770602400000,86.353,86.778,86.148,86.493,36971.68
1770603300000,86.463,86.643,86.386,86.62,21636.19
1770604200000,86.62,87.759,86.522,87.482,95174.07
1770605100000,87.512,87.56,86.919,86.956,35800.77
1770606000000,86.96,87.223,86.796,86.873,27238.4
1770606900000,86.873,87.255,86.87,87.084,29406.47
1770607800000,87.084,87.81,87.084,87.592,47275.31
1770608700000,87.592,87.835,87.408,87.628,36781.41
1770609600000,87.611,87.657,87.175,87.195,31753.44
1770610500000,87.196,87.575,87.173,87.53,24809.0
1770611400000,87.53,87.533,86.922,87.053,29001.0
1770612300000,87.053,87.158,86.919,87.055,23357.83
1770613200000,87.053,87.179,86.835,86.893,27163.46
1770614100000,86.893,87.1,86.849,87.034,21580.13
1770615000000,87.036,87.402,87.022,87.144,24208.19
1770615900000,87.144,87.306,86.969,87.185,22150.76
1770616800000,87.196,87.196,86.475,86.604,47091.53
1770617700000,86.597,86.604,85.902,86.038,53613.49
1770618600000,86.041,86.362,85.987,86.328,28312.76
1770619500000,86.328,86.479,86.254,86.379,25984.48
1770620400000,86.383,86.514,85.956,86.404,33662.73
1770621300000,86.404,86.479,86.24,86.309,22435.78
1770622200000,86.314,86.366,85.305,85.368,107690.94
1770623100000,85.363,85.52,85.158,85.42,48564.61
1770624000000,85.42,85.545,85.222,85.378,44229.14
1770624900000,85.378,85.394,84.618,84.7,83526.67
1770625800000,84.7,84.7,83.802,84.494,120299.22
1770626700000,84.496,84.73,84.351,84.533,40612.4
1770627600000,84.496,84.824,84.495,84.512,35510.18
1770628500000,84.509,84.627,84.27,84.522,37980.41
1770629400000,84.522,84.58,83.975,84.041,42034.13
1770630300000,84.041,84.267,83.892,84.267,40215.71
1770631200000,84.266,84.395,83.993,84.1,41509.21
1770632100000,84.103,84.103,83.555,83.674,68402.73
1770633000000,83.67,83.732,82.84,82.991,146762.94
1770633900000,82.99,83.294,82.821,83.176,55068.01
1770634800000,83.174,83.652,83.174,83.257,52400.47
1770635700000,83.247,83.57,83.177,83.436,37734.5
1770636600000,83.436,83.619,83.301,83.371,31098.63
1770637500000,83.411,83.497,83.211,83.416,31310.66
1770638400000,83.414,83.941,83.386,83.85,50427.18
1770639300000,83.85,83.853,83.685,83.77,28903.55
1770640200000,83.772,84.318,83.725,84.257,44232.95
1770641100000,84.26,84.294,83.871,84.001,37662.67
1770642000000,83.997,84.547,83.864,84.403,42582.76
1770642900000,84.401,84.535,84.166,84.419,43115.71
1770643800000,84.419,84.422,84.02,84.083,32917.48
1770644700000,84.083,84.194,83.709,83.731,40209.9
1770645600000,83.715,84.038,83.527,83.794,50023.45
1770646500000,83.789,84.119,83.577,83.873,45972.9
1770647400000,83.871,85.244,83.561,84.579,160878.39
1770648300000,84.575,85.061,84.502,84.9,61831.69
1770649200000,84.9,85.747,84.9,85.023,94160.28
1770650100000,85.048,85.318,84.279,84.413,80672.92
1770651000000,84.413,85.7,84.336,85.543,66418.07
1770651900000,85.54,85.67,84.971,85.254,52081.91
1770652800000,85.248,85.443,84.77,84.886,38226.97
1770653700000,84.886,85.482,84.806,85.426,35217.87
1770654600000,85.426,86.13,85.094,85.991,46103.54
1770655500000,85.992,86.8,85.915,86.049,137974.16
1770656400000,86.049,86.354,85.629,85.676,42416.02
1770657300000,85.68,86.489,85.676,86.48,55162.55
1770658200000,86.488,87.987,86.43,87.808,160044.65
1770659100000,87.813,88.058,87.41,87.768,66498.43
1770660000000,87.768,88.675,87.651,87.981,91247.18
1770660900000,87.981,88.299,87.02,87.342,81259.43
1770661800000,87.342,87.839,87.159,87.695,49289.47
1770662700000,87.694,87.933,87.181,87.439,34192.91
1770663600000,87.439,87.523,87.119,87.431,28511.12
1770664500000,87.431,87.681,87.165,87.474,31683.2
1770665400000,87.473,88.167,87.422,87.897,44677.4
1770666300000,87.898,88.057,87.65,87.917,33601.36
1770667200000,87.917,88.223,87.606,87.965,37401.47
1770668100000,87.965,87.969,87.171,87.249,48579.47
1770669000000,87.252,87.697,87.181,87.662,22178.24
1770669900000,87.663,87.904,87.527,87.735,22919.4
1770670800000,87.746,87.846,87.356,87.396,24948.99
1770671700000,87.373,87.422,87.159,87.232,23493.63
1770672600000,87.232,87.289,86.531,86.749,51684.34
1770673500000,86.749,87.57,86.472,87.302,42510.96
1770674400000,87.302,87.514,87.125,87.408,23829.17
1770675300000,87.413,87.478,87.024,87.118,27185.5
1770676200000,87.118,87.213,86.934,87.066,18411.35
1770677100000,87.066,87.246,86.899,87.048,18633.63
1770678000000,87.048,87.343,86.892,87.05,24341.19
1770678900000,87.05,87.124,86.802,86.892,19691.46
1770679800000,86.896,87.134,86.826,87.017,17618.35
1770680700000,87.02,87.02,86.618,86.703,21580.29
1770681600000,86.703,86.843,86.476,86.821,23346.81
1770682500000,86.821,86.87,86.363,86.509,26657.14
1770683400000,86.509,86.677,86.291,86.35,22578.25
1770684300000,86.35,86.519,86.26,86.358,22537.87
1770685200000,86.358,87.077,86.319,86.959,42335.91
1770686100000,86.958,87.423,86.878,87.279,26439.18
1770687000000,87.279,87.433,86.99,87.281,24354.12
1770687900000,87.276,87.414,87.107,87.226,18592.15
1770688800000,87.226,87.259,86.88,86.933,28264.3
1770689700000,86.936,87.154,86.672,86.692,23403.09
1770690600000,86.697,86.75,86.452,86.453,32648.36
1770691500000,86.456,86.694,86.356,86.609,21498.87
1770692400000,86.609,86.794,86.112,86.313,27007.06
1770693300000,86.313,86.35,85.71,85.806,57955.08
1770694200000,85.806,85.806,85.23,85.432,58656.35
1770695100000,85.432,85.872,85.408,85.789,29578.84
1770696000000,85.789,86.332,85.723,86.31,36454.12
1770696900000,86.314,86.451,86.171,86.347,43005.21
1770697800000,86.373,86.525,86.176,86.283,22740.29
1770698700000,86.287,86.596,86.204,86.487,22457.46
1770699600000,86.489,86.494,86.265,86.465,280267.59
1770700500000,86.463,86.484,86.01,86.033,37940.3
1770701400000,86.033,86.512,85.847,85.941,24695.11
1770702300000,85.936,85.981,85.581,85.907,32021.77
1770703200000,85.91,85.971,85.584,85.637,33358.6
1770704100000,85.634,85.726,85.239,85.377,38927.63
1770705000000,85.374,85.535,85.032,85.07,41202.38
1770705900000,85.094,85.137,84.263,84.547,99471.7
1770706800000,84.55,85.075,84.513,84.747,46597.89
1770707700000,84.747,84.751,84.439,84.713,34873.62
1770708600000,84.71,84.841,84.48,84.534,21058.6
1770709500000,84.534,84.641,84.366,84.57,28725.76
1770710400000,84.574,84.811,84.366,84.415,33839.75
1770711300000,84.414,84.781,84.127,84.424,40340.96
1770712200000,84.42,84.669,84.219,84.568,37017.07
1770713100000,84.568,84.691,84.47,84.6,28657.61
1770714000000,84.601,84.954,84.558,84.851,42947.39
1770714900000,84.851,85.03,84.75,84.751,31176.87
1770715800000,84.755,84.761,84.567,84.694,27688.14
1770716700000,84.695,84.772,84.275,84.51,36664.02
1770717600000,84.51,84.667,84.374,84.497,23827.34
1770718500000,84.497,84.674,84.249,84.506,22141.92
1770719400000,84.504,84.506,84.197,84.238,29666.48
1770720300000,84.24,84.315,84.15,84.178,22275.96
1770721200000,84.178,84.386,84.035,84.231,41590.26
1770722100000,84.231,84.334,84.153,84.331,24008.84
1770723000000,84.331,84.562,83.784,84.02,74468.04
1770723900000,84.02,84.185,83.723,83.794,51878.44
1770724800000,83.794,84.202,83.791,84.038,41675.63
1770725700000,84.038,84.21,83.99,84.137,26861.2
1770726600000,84.139,84.308,83.827,83.83,32704.55
1770727500000,83.864,84.008,83.671,83.918,38381.19
1770728400000,83.92,83.996,83.706,83.988,32901.39
1770729300000,83.985,84.254,83.864,84.194,45237.9
1770730200000,84.194,84.736,84.007,84.651,60881.57
1770731100000,84.651,84.697,84.393,84.605,26585.3
1770732000000,84.605,84.619,84.342,84.546,32717.13
1770732900000,84.52,85.175,84.039,84.177,97044.23
1770733800000,84.171,84.719,83.225,83.633,141374.21
1770734700000,83.625,84.025,83.177,83.682,120262.17
1770735600000,83.682,84.385,83.385,83.766,78821.89
1770736500000,83.763,84.412,83.578,84.108,51407.33
1770737400000,84.114,84.476,84.103,84.239,55512.63
1770738300000,84.244,84.375,83.909,84.249,38549.98
1770739200000,84.249,84.865,83.719,84.707,43481.5
1770740100000,84.707,84.791,84.146,84.317,32596.01
1770741000000,84.316,84.797,84.138,84.502,38803.51
1770741900000,84.499,84.637,84.133,84.413,23759.41
1770742800000,84.416,84.43,84.152,84.233,20120.93
1770743700000,84.233,84.697,84.199,84.516,22046.79
1770744600000,84.516,85.098,84.463,84.897,29104.54
1770745500000,84.897,85.01,84.672,84.863,23122.05
1770746400000,84.867,84.938,84.234,84.396,23834.07
1770747300000,84.396,84.534,83.338,83.383,48797.0
1770748200000,83.38,83.605,83.054,83.364,38159.45
1770749100000,83.364,83.398,82.669,82.889,53852.39
1770750000000,82.893,83.027,82.572,82.874,32316.26
1770750900000,82.874,82.958,82.405,82.748,38162.34
1770751800000,82.748,83.467,82.748,83.346,47601.54
1770752700000,83.347,83.448,82.942,83.06,29507.96
1770753600000,83.056,83.184,82.579,82.601,23335.43
1770754500000,82.601,82.875,82.6,82.651,25887.15
1770755400000,82.651,83.0,82.27,82.69,33476.38
1770756300000,82.69,82.848,82.452,82.591,23368.02
1770757200000,82.584,82.9,82.548,82.65,26119.19
1770758100000,82.65,82.808,82.363,82.376,20705.63
1770759000000,82.376,82.376,81.859,82.132,57267.82
1770759900000,82.132,82.481,82.11,82.413,22321.46
1770760800000,82.411,82.624,82.314,82.359,20866.48
1770761700000,82.359,82.619,82.33,82.601,17423.42
1770762600000,82.601,82.909,82.55,82.714,22501.0
1770763500000,82.714,82.788,82.503,82.541,20051.91
1770764400000,82.543,82.68,82.385,82.503,20512.7
1770765300000,82.503,82.663,82.322,82.622,18744.8
1770766200000,82.623,82.901,82.607,82.877,19003.64
1770767100000,82.88,82.935,82.749,82.934,23104.84
1770768000000,82.934,83.261,82.883,82.98,28128.39
1770768900000,82.98,83.467,82.979,83.421,25211.16
1770769800000,83.421,83.667,83.224,83.296,30876.81
1770770700000,83.296,83.535,83.216,83.417,18586.04
1770771600000,83.42,83.583,83.256,83.405,21495.33
1770772500000,83.405,83.531,83.144,83.249,21814.76
1770773400000,83.249,83.717,83.246,83.657,21588.74
1770774300000,83.657,83.724,83.497,83.706,17557.42
1770775200000,83.714,84.155,83.659,83.877,37980.79
1770776100000,83.877,84.348,83.873,84.18,24217.0
1770777000000,84.18,84.29,83.929,83.929,20553.91
1770777900000,83.933,83.946,83.494,83.497,39232.17
1770778800000,83.495,83.609,83.22,83.223,22106.91
1770779700000,83.22,83.259,82.538,83.023,54622.54
1770780600000,83.02,83.8,82.985,83.64,32742.73
1770781500000,83.642,83.733,83.228,83.285,26460.46
1770782400000,83.279,83.45,82.854,82.888,23196.99
1770783300000,82.881,82.987,82.273,82.513,39365.64
1770784200000,82.513,82.561,81.912,82.121,45826.16
1770785100000,82.12,82.35,81.655,81.906,39224.91
1770786000000,81.906,82.339,81.904,82.172,27505.09
1770786900000,82.172,82.306,81.949,82.032,19168.66
1770787800000,82.033,82.12,81.769,81.769,19764.42
1770788700000,81.769,81.984,81.682,81.839,20221.64
1770789600000,81.837,81.916,80.762,80.868,72576.0
1770790500000,80.868,81.613,80.539,81.466,85196.31
1770791400000,81.469,81.599,81.09,81.119,47552.33
1770792300000,81.119,81.186,80.686,80.818,37951.11
1770793200000,80.82,81.117,80.561,80.617,42784.77
1770794100000,80.65,80.799,80.246,80.764,36236.47
1770795000000,80.764,81.165,80.638,81.124,43334.79
1770795900000,81.124,81.299,80.958,80.967,44150.62
1770796800000,80.969,81.032,80.512,80.783,28696.67
1770797700000,80.783,81.071,80.658,80.82,21624.12
1770798600000,80.847,81.139,80.723,81.064,21229.68
1770799500000,81.064,81.144,80.858,81.039,21511.37
1770800400000,81.037,81.231,80.836,80.936,31260.77
1770801300000,80.936,81.098,80.786,81.047,20843.29
1770802200000,81.047,81.226,80.877,80.96,21265.08
1770803100000,80.956,80.96,80.631,80.754,29404.49
1770804000000,80.757,80.89,80.537,80.663,63892.8
1770804900000,80.663,80.918,80.634,80.864,21217.57
1770805800000,80.867,80.871,80.351,80.624,27971.56
1770806700000,80.624,80.738,80.369,80.66,23074.0
1770807600000,80.66,81.002,80.619,80.809,38307.11
1770808500000,80.807,81.424,80.757,81.302,47142.71
1770809400000,81.305,81.388,81.083,81.14,26854.09
1770810300000,81.109,81.33,81.017,81.226,27783.45
1770811200000,81.226,81.345,80.906,80.932,27882.44
1770812100000,80.932,81.401,80.92,81.234,30942.46
1770813000000,81.234,81.415,81.078,81.158,29605.53
1770813900000,81.16,81.181,81.05,81.121,18113.42
1770814800000,81.118,81.28,80.883,81.01,29325.67
1770815700000,81.008,81.049,80.633,80.862,28121.97
1770816600000,80.861,81.732,80.646,81.214,102466.25
1770817500000,81.216,81.748,80.866,81.59,35797.58
1770818400000,81.589,83.09,81.559,82.776,134433.27
1770819300000,82.787,82.928,81.786,81.857,67807.28
1770820200000,81.861,82.231,80.615,81.112,98175.9
1770821100000,81.117,81.276,79.728,79.881,108696.41
1770822000000,79.881,80.258,78.51,79.05,138498.23
1770822900000,79.102,79.854,78.901,79.296,198088.75
1770823800000,79.296,80.146,79.261,80.093,49098.14
1770824700000,80.062,80.178,79.309,79.645,64121.49
1770825600000,79.645,80.69,79.498,80.644,55539.14
1770826500000,80.644,80.862,79.956,80.005,53904.28
1770827400000,79.966,80.14,78.988,79.101,69934.85
1770828300000,79.112,79.265,78.636,78.652,46649.57
1770829200000,78.653,78.8,77.97,78.687,161350.66
1770830100000,78.687,79.773,78.687,79.754,122513.8
1770831000000,79.751,79.95,79.326,79.352,58085.66
1770831900000,79.353,79.502,78.951,78.955,38639.91
1770832800000,78.954,79.062,78.457,78.809,86915.28
1770833700000,78.814,79.857,78.808,79.597,53721.28
1770834600000,79.597,79.841,79.333,79.711,35119.39
1770835500000,79.697,79.922,79.611,79.747,26680.32
1770836400000,79.744,80.27,79.589,80.089,36518.79
1770837300000,80.084,80.173,79.514,79.537,35413.05
1770838200000,79.533,80.0,79.251,79.908,31488.5
1770839100000,79.908,80.008,79.594,79.667,22825.45
1770840000000,79.667,79.831,79.362,79.734,33771.26
1770840900000,79.734,79.934,78.973,78.989,31188.38
1770841800000,78.99,79.418,78.912,79.318,23825.33
1770842700000,79.318,79.836,79.283,79.561,26097.81
1770843600000,79.567,80.235,79.561,80.105,47519.38
1770844500000,80.105,80.769,79.863,80.563,51915.24
1770845400000,80.567,81.03,80.22,80.296,66461.65
1770846300000,80.296,80.37,80.087,80.089,38821.32
1770847200000,80.087,80.171,79.671,79.836,39645.61
1770848100000,79.834,79.966,79.61,79.9,29300.3
1770849000000,79.78,80.101,79.658,79.92,22066.27
1770849900000,79.922,79.971,79.423,79.439,27574.42
1770850800000,79.439,79.677,79.201,79.354,26061.44
1770851700000,79.35,79.474,78.824,79.041,53635.53
1770852600000,79.041,79.599,79.018,79.548,32994.0
1770853500000,79.551,79.593,79.107,79.274,28189.53
1770854400000,79.274,79.723,79.22,79.719,24593.58
1770855300000,79.716,79.848,79.532,79.703,20776.21
1770856200000,79.737,80.179,79.693,79.983,26253.83
1770857100000,79.967,80.106,79.857,79.942,21442.11
1770858000000,79.922,80.347,79.919,80.344,20034.5
1770858900000,80.344,80.481,80.039,80.357,21659.98
1770859800000,80.357,80.712,80.248,80.551,40572.87
1770860700000,80.554,80.555,80.266,80.369,19269.82
1770861600000,80.366,80.479,79.962,80.0,23977.78
1770862500000,79.997,80.177,79.884,80.177,23368.04
1770863400000,80.172,80.662,80.157,80.446,30705.0
1770864300000,80.446,80.45,80.25,80.27,20398.16
1770865200000,80.27,80.439,80.163,80.336,16720.82
1770866100000,80.336,80.391,80.037,80.153,19322.96
1770867000000,80.15,80.504,80.133,80.437,17429.98
1770867900000,80.436,80.62,80.326,80.567,20628.58
1770868800000,80.569,80.925,80.377,80.716,30450.91
1770869700000,80.716,80.838,80.413,80.446,27795.31
1770870600000,80.446,80.78,80.32,80.639,24840.79
1770871500000,80.639,80.716,80.256,80.259,25966.72
1770872400000,80.259,80.357,79.723,79.763,33792.3
1770873300000,79.763,80.173,79.479,80.172,50456.45
1770874200000,80.163,80.532,80.103,80.472,61108.36
1770875100000,80.472,80.57,80.343,80.531,22456.35
1770876000000,80.527,80.749,80.328,80.668,23054.28
1770876900000,80.666,80.942,80.516,80.843,22563.73
1770877800000,80.843,80.891,80.579,80.656,23012.14
1770878700000,80.654,80.729,80.457,80.517,21122.69
1770879600000,80.53,80.541,80.25,80.327,26641.76
1770880500000,80.326,80.835,80.26,80.783,30037.63
1770881400000,80.782,80.884,80.696,80.697,21053.26
1770882300000,80.687,80.762,80.629,80.72,18064.36
1770883200000,80.723,80.865,80.572,80.633,23018.54
1770884100000,80.634,80.644,80.282,80.357,21568.63
1770885000000,80.357,80.6,80.282,80.506,24344.16
1770885900000,80.502,80.724,80.475,80.7,18233.35
1770886800000,80.697,81.285,80.519,81.236,66553.56
1770887700000,81.236,81.719,81.072,81.659,58232.79
1770888600000,81.658,81.812,81.47,81.611,36805.08
1770889500000,81.608,81.858,81.397,81.747,48461.95
1770890400000,81.747,81.928,81.49,81.543,33770.98
1770891300000,81.547,81.74,81.308,81.627,56534.32
1770892200000,81.627,81.851,81.506,81.597,28471.32
1770893100000,81.594,82.181,81.475,82.13,48740.56
1770894000000,82.13,82.168,81.65,81.733,42723.89
1770894900000,81.73,82.109,81.643,82.104,32571.43
1770895800000,82.104,82.187,81.747,81.809,49351.69
1770896700000,81.809,81.895,81.726,81.827,20375.78
1770897600000,81.797,81.892,81.463,81.58,50416.7
1770898500000,81.581,81.601,81.329,81.433,28846.36
1770899400000,81.433,81.433,81.107,81.16,31779.41
1770900300000,81.16,81.267,80.802,81.036,45255.44
1770901200000,81.04,81.156,80.835,80.963,36609.66
1770902100000,80.991,81.165,80.642,80.882,47660.64
1770903000000,80.883,81.6,80.853,81.544,55590.33
1770903900000,81.541,82.06,81.356,81.916,44380.7
1770904800000,81.916,81.941,81.25,81.316,45257.71
1770905700000,81.316,81.494,81.167,81.407,27557.95
1770906600000,81.404,81.714,80.982,81.086,48126.69
1770907500000,81.09,81.554,80.971,81.105,43967.15
1770908400000,81.1,81.46,80.108,80.661,92916.6
1770909300000,80.659,81.33,80.622,81.33,56894.21
1770910200000,81.33,81.457,80.155,80.615,66729.57
1770911100000,80.627,80.902,80.03,80.055,42818.46
1770912000000,80.055,80.17,78.937,78.976,174471.69
1770912900000,78.976,79.326,78.202,78.335,110921.9
1770913800000,78.335,79.475,78.144,78.983,112029.18
1770914700000,78.982,79.121,78.136,78.283,77819.77
1770915600000,78.283,78.646,77.464,77.779,115861.11
1770916500000,77.779,78.429,77.747,78.153,69968.95
1770917400000,78.16,78.576,77.812,78.208,62050.57
1770918300000,78.209,78.29,77.757,77.869,63861.59
1770919200000,77.868,78.435,77.795,78.293,55208.99
1770920100000,78.293,78.317,77.163,77.326,130042.3
1770921000000,77.326,77.858,77.141,77.402,81965.28
1770921900000,77.407,77.856,77.301,77.572,63928.93
1770922800000,77.572,77.874,76.98,77.409,54561.82
1770923700000,77.409,78.4,77.303,78.087,75708.79
1770924600000,78.07,78.587,77.861,77.926,61461.91
1770925500000,77.926,78.128,77.354,77.557,37854.42
1770926400000,77.556,77.884,77.046,77.344,139469.91
1770927300000,77.34,77.483,77.002,77.094,29359.62
1770928200000,77.091,77.356,76.948,77.123,33007.4
1770929100000,77.123,77.151,76.545,76.868,51275.52
1770930000000,76.868,77.255,76.863,77.2,33446.84
1770930900000,77.197,77.355,76.956,77.124,28124.09
1770931800000,77.124,77.499,77.076,77.434,31636.61
1770932700000,77.434,77.481,77.25,77.277,19611.49
1770933600000,77.28,77.372,77.167,77.32,24135.17
1770934500000,77.32,77.399,76.916,77.347,29550.31
1770935400000,77.358,77.537,77.084,77.529,22898.1
1770936300000,77.536,78.06,77.529,78.023,41739.97
1770937200000,78.053,78.438,77.952,78.043,32161.31
1770938100000,78.044,78.451,77.781,78.283,37946.51
1770939000000,78.28,78.405,78.099,78.219,25332.2
1770939900000,78.212,78.466,78.169,78.344,25580.62
1770940800000,78.344,78.696,78.262,78.341,27783.47
1770941700000,78.343,78.374,77.827,77.868,34361.88
1770942600000,77.868,78.105,77.71,77.756,25304.61
1770943500000,77.788,78.169,77.482,77.982,29893.47
1770944400000,77.98,78.696,77.969,78.521,26469.5
1770945300000,78.523,78.585,78.101,78.354,20630.08
1770946200000,78.354,78.72,78.256,78.59,20766.71
1770947100000,78.595,78.793,78.311,78.544,23751.21
1770948000000,78.543,78.738,78.457,78.637,18786.19
1770948900000,78.662,78.8,78.417,78.725,21837.17
1770949800000,78.697,78.798,78.401,78.794,22027.44
1770950700000,78.793,79.249,78.632,79.091,37002.08
1770951600000,79.093,79.176,78.757,78.886,28388.84
1770952500000,78.883,79.119,78.831,79.112,17655.35
1770953400000,79.114,79.429,79.07,79.071,27205.43
1770954300000,79.071,79.12,78.843,78.996,33171.45
1770955200000,79.001,79.122,78.834,79.008,17959.37
1770956100000,79.008,79.219,78.864,78.876,17822.88
1770957000000,78.874,78.876,78.489,78.514,21490.77
1770957900000,78.517,78.658,78.407,78.448,32660.41
1770958800000,78.448,78.597,78.169,78.187,25687.34
1770959700000,78.183,78.414,78.109,78.316,19865.38
1770960600000,78.313,78.692,78.297,78.674,20750.54
1770961500000,78.674,78.707,78.227,78.244,28344.62
1770962400000,78.244,78.452,78.232,78.346,19788.48
1770963300000,78.343,78.451,77.865,77.961,73451.07
1770964200000,77.961,78.069,77.815,78.018,21210.34
1770965100000,78.021,78.622,77.942,78.577,26451.93
1770966000000,78.577,79.197,78.56,79.08,33748.44
1770966900000,79.08,79.164,78.879,78.915,59486.77
1770967800000,78.912,78.922,78.513,78.566,21283.21
1770968700000,78.547,79.043,78.478,78.932,22739.1
1770969600000,78.935,79.19,78.806,78.953,22327.81
1770970500000,78.956,79.381,78.865,79.262,31680.67
1770971400000,79.26,79.396,79.19,79.343,20831.68
1770972300000,79.36,79.856,79.357,79.665,45009.16
1770973200000,79.669,79.717,79.375,79.443,30928.47
1770974100000,79.443,79.701,79.439,79.69,20332.72
1770975000000,79.69,79.735,79.45,79.487,26970.77
1770975900000,79.483,79.916,79.482,79.83,30271.07
1770976800000,79.83,80.067,79.722,80.067,41217.14
1770977700000,80.066,80.363,79.852,80.067,49165.0
1770978600000,80.063,80.339,79.969,80.273,28636.96
1770979500000,80.273,80.573,80.093,80.308,44873.48
1770980400000,80.308,80.33,79.958,80.027,32705.97
1770981300000,80.027,80.17,79.918,80.036,24122.51
1770982200000,80.039,80.171,79.737,80.138,32435.71
1770983100000,80.139,80.364,80.075,80.267,27965.76
1770984000000,80.267,80.27,79.823,79.906,26418.21
1770984900000,79.905,80.127,79.849,80.069,20886.85
1770985800000,80.067,80.11,79.88,79.964,19358.92
1770986700000,79.963,80.126,79.867,79.915,23815.4
1770987600000,79.916,80.086,79.705,79.813,27584.92
1770988500000,79.816,80.486,79.79,80.3,34793.91
1770989400000,80.29,80.868,80.078,80.129,88660.12
1770990300000,80.126,80.444,79.918,80.244,33101.96
1770991200000,80.24,80.289,79.807,79.87,51448.85
1770992100000,79.87,80.679,79.869,80.556,36549.22
1770993000000,80.556,81.524,80.375,81.024,130767.51
1770993900000,81.024,81.911,81.024,81.267,85550.81
1770994800000,81.263,82.609,81.057,82.255,97437.16
1770995700000,82.256,83.945,81.971,83.611,201792.89
1770996600000,83.617,84.295,83.064,83.14,113409.72
1770997500000,83.141,83.311,82.853,83.14,48616.13
1770998400000,83.149,84.08,82.87,83.715,64163.26
1770999300000,83.709,84.04,83.39,84.04,37024.91
1771000200000,84.061,84.968,83.92,84.443,82191.17
1771001100000,84.439,84.574,84.105,84.174,48276.25
1771002000000,84.168,84.175,83.512,84.108,62415.01
1771002900000,84.108,84.466,84.004,84.317,54033.26
1771003800000,84.319,84.663,84.317,84.33,45255.82
1771004700000,84.33,84.484,84.107,84.293,30191.24
1771005600000,84.297,84.844,84.072,84.475,40869.17
1771006500000,84.475,84.741,84.291,84.592,22480.15
1771007400000,84.592,85.376,84.541,85.123,86056.47
1771008300000,85.126,85.542,85.071,85.336,51484.66
1771009200000,85.339,85.563,85.132,85.259,27277.37
1771010100000,85.256,85.358,84.723,84.75,32211.63
1771011000000,84.747,84.847,84.503,84.56,27736.61
1771011900000,84.555,84.88,84.555,84.626,27963.11
1771012800000,84.61,84.643,84.262,84.267,38339.32
1771013700000,84.266,84.695,84.121,84.497,26495.21
1771014600000,84.497,84.73,84.402,84.678,23663.59
1771015500000,84.674,85.014,84.608,84.744,27540.69
1771016400000,84.744,85.131,84.651,85.001,31213.2
1771017300000,85.048,85.049,84.791,84.791,20174.43
1771018200000,84.792,84.856,84.679,84.732,26383.74
1771019100000,84.756,84.8,84.518,84.797,27141.29
1771020000000,84.797,84.872,84.44,84.44,28859.65
1771020900000,84.436,84.699,84.409,84.653,20966.05
1771021800000,84.653,84.694,84.43,84.595,17174.86
1771022700000,84.595,84.669,84.45,84.603,35590.58
1771023600000,84.603,84.608,84.29,84.323,20651.68
1771024500000,84.326,84.447,84.176,84.273,22121.72
1771025400000,84.242,84.38,84.121,84.16,25702.91
1771026300000,84.155,84.346,84.154,84.279,25269.28
1771027200000,84.273,84.336,84.162,84.326,32882.28
1771028100000,84.339,84.464,84.281,84.4,22035.71
1771029000000,84.422,84.913,84.404,84.909,36585.25
1771029900000,84.909,85.027,84.785,84.881,37257.56
1771030800000,84.909,84.909,84.745,84.88,22568.72
1771031700000,84.899,85.154,84.762,84.892,42455.28
1771032600000,84.892,84.998,84.75,84.9,17412.61
1771033500000,84.901,85.03,84.882,84.956,17340.11
1771034400000,84.953,84.956,84.783,84.942,18762.35
1771035300000,84.94,84.942,84.611,84.66,26014.51
1771036200000,84.66,84.857,84.543,84.765,25054.83
1771037100000,84.828,84.876,84.765,84.836,17987.57
1771038000000,84.836,84.995,84.748,84.982,51518.03
1771038900000,84.98,84.983,84.805,84.93,42817.09
1771039800000,84.93,85.24,84.915,85.013,35123.22
1771040700000,85.013,85.093,84.923,85.013,17859.78
1771041600000,85.013,85.013,84.845,84.894,26749.59
1771042500000,84.894,84.972,84.769,84.952,21121.53
1771043400000,84.972,85.046,84.846,84.893,37223.96
1771044300000,84.896,84.914,84.738,84.767,32159.55
1771045200000,84.767,84.897,84.659,84.876,32487.48
1771046100000,84.876,84.973,84.843,84.909,21542.33
1771047000000,84.907,84.951,84.706,84.742,17388.66
1771047900000,84.746,84.829,84.557,84.575,25500.69
1771048800000,84.575,84.62,84.292,84.479,35122.85
1771049700000,84.479,84.711,84.477,84.674,21755.3
1771050600000,84.677,84.745,84.624,84.677,20584.99
1771051500000,84.679,84.891,84.659,84.809,22604.78
1771052400000,84.809,84.867,84.749,84.8,19919.58
1771053300000,84.797,84.89,84.72,84.887,17703.23
1771054200000,84.889,85.001,84.806,84.995,18117.64
1771055100000,84.99,85.211,84.872,85.127,31520.76
1771056000000,85.124,85.99,85.1,85.503,79539.86
1771056900000,85.503,85.798,85.403,85.426,43803.68
1771057800000,85.423,86.113,85.402,86.024,73233.6
1771058700000,86.023,86.363,85.802,86.142,81797.85
1771059600000,86.147,86.304,85.946,86.044,43091.08
1771060500000,86.04,86.254,85.802,85.831,37442.9
1771061400000,85.833,85.992,85.802,85.919,23366.63
1771062300000,85.919,86.046,85.915,85.952,18806.39
1771063200000,85.954,85.954,85.68,85.853,22833.02
1771064100000,85.851,85.904,85.7,85.78,18884.47
1771065000000,85.78,85.946,85.759,85.76,36699.94
1771065900000,85.763,85.831,85.683,85.78,17350.34
1771066800000,85.777,86.632,85.757,86.574,51955.85
1771067700000,86.572,87.086,86.386,86.726,91721.98
1771068600000,86.729,86.828,86.501,86.723,47655.67
1771069500000,86.724,87.25,86.668,87.239,47352.43
1771070400000,87.223,87.23,87.006,87.189,26656.83
1771071300000,87.182,87.213,86.911,87.01,23792.35
1771072200000,87.007,87.01,86.423,86.5,43302.75
1771073100000,86.503,86.631,86.196,86.357,59250.34
1771074000000,86.357,86.829,86.225,86.697,59022.61
1771074900000,86.697,86.698,85.969,86.004,48385.06
1771075800000,86.007,86.359,85.989,86.348,28898.94
1771076700000,86.348,86.62,86.223,86.387,29515.94
1771077600000,86.387,86.773,86.32,86.726,21960.48
1771078500000,86.726,86.974,86.529,86.733,37250.29
1771079400000,86.738,87.118,86.726,86.952,30795.61
1771080300000,86.952,87.455,86.905,87.2,53024.58
1771081200000,87.2,87.432,87.054,87.181,34820.74
1771082100000,87.183,87.629,87.115,87.372,49039.14
1771083000000,87.37,87.495,87.103,87.319,27375.72
1771083900000,87.315,87.482,87.213,87.388,23121.89
1771084800000,87.389,87.479,87.233,87.368,30419.33
1771085700000,87.372,87.472,86.975,87.324,40740.51
1771086600000,87.323,87.941,87.077,87.886,71181.82
1771087500000,87.87,88.175,87.76,88.055,45483.17
1771088400000,88.055,88.121,87.767,88.005,28810.98
1771089300000,88.01,88.371,87.907,88.223,34902.66
1771090200000,88.226,88.32,87.799,88.02,27060.01
1771091100000,87.986,88.074,87.805,87.997,24797.6
1771092000000,87.997,88.143,87.887,87.944,19723.68
1771092900000,87.944,88.076,87.738,87.89,24969.16
1771093800000,87.859,88.16,87.799,88.04,24488.59
1771094700000,88.036,88.194,87.916,87.943,21284.05
1771095600000,87.957,87.973,87.686,87.814,25788.94
1771096500000,87.809,87.99,87.502,87.907,36431.88
1771097400000,87.907,88.093,87.896,88.019,31134.93
1771098300000,88.054,88.257,87.985,88.143,25985.65
1771099200000,88.14,88.343,87.778,87.827,34646.57
1771100100000,87.827,87.981,87.609,87.786,21973.68
1771101000000,87.791,87.937,87.619,87.892,23770.43
1771101900000,87.893,88.115,87.856,88.09,22244.59
1771102800000,88.09,88.366,88.07,88.157,30669.92
1771103700000,88.159,88.238,87.703,87.706,24931.16
1771104600000,87.726,87.807,87.25,87.612,42856.08
1771105500000,87.61,88.026,87.61,87.996,22900.47
1771106400000,87.996,88.224,87.914,88.196,22095.7
1771107300000,88.196,88.199,87.842,88.006,19562.16
1771108200000,88.006,88.832,88.004,88.537,45563.21
1771109100000,88.537,88.717,88.418,88.447,21581.59
1771110000000,88.447,88.776,88.302,88.713,23725.11
1771110900000,88.743,88.83,88.157,88.367,24285.99
1771111800000,88.367,88.525,88.041,88.176,21137.56
1771112700000,88.178,88.255,87.939,87.987,28263.14
1771113600000,87.987,88.155,87.782,87.865,22363.9
1771114500000,87.866,88.364,87.866,88.063,21141.41
1771115400000,88.063,88.14,87.796,87.806,18758.77
1771116300000,87.807,88.289,87.759,88.127,19506.78
1771117200000,88.13,88.679,88.071,88.373,23072.83
1771118100000,88.373,88.455,87.633,87.766,27705.02
1771119000000,87.766,87.933,87.562,87.682,30783.59
1771119900000,87.678,88.26,87.573,88.24,31720.37
1771120800000,88.235,88.44,87.934,88.114,23321.33
1771121700000,88.114,88.233,87.731,87.896,22187.35
1771122600000,87.857,88.089,87.487,87.973,26817.98
1771123500000,87.977,88.193,87.879,87.966,18927.65
1771124400000,87.969,88.22,87.94,88.037,16757.31
1771125300000,88.037,88.168,87.874,87.874,17071.03
1771126200000,87.874,87.989,87.332,87.486,36382.21
1771127100000,87.486,88.717,87.486,88.571,32650.61
1771128000000,88.571,89.522,88.521,89.411,65779.52
1771128900000,89.426,89.761,88.372,88.377,56960.45
1771129800000,88.377,88.88,88.366,88.76,30873.09
1771130700000,88.768,89.125,88.556,88.747,26419.96
1771131600000,88.747,89.133,88.705,88.997,24638.74
1771132500000,88.993,89.398,88.93,89.336,24045.38
1771133400000,89.339,89.728,89.219,89.665,26251.56
1771134300000,89.665,90.019,89.578,89.63,48401.44
1771135200000,89.63,89.818,89.402,89.553,29035.63
1771136100000,89.553,89.979,89.454,89.667,23975.44
1771137000000,89.667,90.073,89.614,89.759,25202.41
1771137900000,89.762,89.893,89.289,89.557,28243.16
1771138800000,89.56,89.887,89.346,89.793,22042.89
1771139700000,89.791,90.073,89.746,89.777,33297.07
1771140600000,89.777,90.916,89.639,90.417,68509.08
1771141500000,90.413,90.8,90.377,90.677,31512.06
1771142400000,90.674,91.189,90.485,90.632,50034.0
1771143300000,90.624,90.884,89.958,89.958,37484.28
1771144200000,89.958,90.005,89.178,89.483,83851.89
1771145100000,89.479,89.727,89.236,89.608,34157.13
1771146000000,89.608,90.453,89.407,90.233,36880.54
1771146900000,90.233,90.457,90.042,90.249,25766.36
1771147800000,90.249,90.388,89.947,90.061,22464.01
1771148700000,90.061,90.15,89.742,89.956,23419.85
1771149600000,89.953,90.05,89.268,89.287,39892.52
1771150500000,89.286,89.444,89.072,89.363,41378.7
1771151400000,89.363,89.461,89.074,89.402,27862.34
1771152300000,89.395,89.652,89.359,89.473,23051.22
1771153200000,89.473,89.735,89.341,89.508,19069.08
1771154100000,89.511,89.588,89.193,89.33,22571.85
1771155000000,89.33,89.331,89.129,89.172,19608.47
1771155900000,89.174,89.293,88.955,89.109,28896.37
1771156800000,89.106,89.239,88.921,89.217,26029.0
1771157700000,89.217,89.568,89.085,89.373,32943.77
1771158600000,89.373,89.488,88.995,89.022,35165.23
1771159500000,89.02,89.022,87.269,87.269,120744.54
1771160400000,87.268,88.255,87.268,88.192,76000.07
1771161300000,88.192,88.331,87.498,87.5,46683.77
1771162200000,87.549,87.662,87.181,87.353,61340.62
1771163100000,87.353,87.493,86.768,86.923,71728.65
1771164000000,86.919,87.133,86.635,87.04,55139.64
1771164900000,87.005,87.395,87.005,87.236,29687.87
1771165800000,87.237,87.554,87.009,87.481,31549.76
1771166700000,87.477,87.526,87.216,87.284,23027.96
1771167600000,87.313,87.628,87.215,87.541,25240.6
1771168500000,87.541,87.559,86.953,86.953,29851.73
1771169400000,86.956,87.263,86.895,87.263,21843.31
1771170300000,87.26,87.447,87.054,87.345,20913.93
1771171200000,87.348,87.397,86.679,87.397,33055.37
1771172100000,87.4,87.511,87.132,87.468,31881.04
1771173000000,87.464,87.468,87.17,87.404,17986.37
1771173900000,87.42,87.589,87.356,87.492,23773.1
1771174800000,87.494,87.816,87.483,87.568,32878.28
1771175700000,87.563,87.568,87.132,87.26,22763.18
1771176600000,87.286,87.42,86.953,87.029,34272.54
1771177500000,87.008,87.008,85.722,86.348,149174.74
1771178400000,86.348,86.574,85.97,86.45,32437.52
1771179300000,86.447,86.798,86.352,86.36,23829.73
1771180200000,86.36,86.528,86.016,86.431,33303.05
1771181100000,86.438,86.482,85.968,86.174,26731.29
1771182000000,86.174,86.291,85.5,85.772,61965.39
1771182900000,85.8,86.179,85.685,85.97,29957.52
1771183800000,85.97,85.98,85.151,85.256,48117.68
1771184700000,85.252,85.482,85.242,85.286,25268.86
1771185600000,85.286,85.487,84.858,85.402,47559.03
1771186500000,85.402,85.66,85.098,85.655,25835.14
1771187400000,85.646,85.878,85.49,85.728,26766.9
1771188300000,85.728,85.891,85.527,85.801,23443.81
1771189200000,85.804,86.242,85.801,86.102,30377.7
1771190100000,86.099,86.164,85.953,86.154,19322.71
1771191000000,86.163,86.342,85.923,85.95,26019.73
1771191900000,85.986,86.19,85.866,86.137,19790.39
1771192800000,86.113,86.547,85.996,86.33,24417.45
1771193700000,86.333,86.567,86.202,86.484,18372.91
1771194600000,86.484,86.621,86.361,86.454,19022.2
1771195500000,86.484,86.583,86.272,86.301,20606.68
1771196400000,86.298,86.311,85.13,85.366,41259.23
1771197300000,85.366,85.645,85.043,85.618,30095.49
1771198200000,85.62,86.02,85.618,85.843,23993.73
1771199100000,85.843,86.104,85.843,86.072,16678.42
1771200000000,86.074,86.448,85.93,86.076,22870.71
1771200900000,86.076,86.3,85.666,85.846,26798.01
1771201800000,85.844,86.32,85.8,85.8,19920.08
1771202700000,85.78,86.204,85.718,86.113,21275.02
1771203600000,86.114,86.567,86.04,86.227,21936.5
1771204500000,86.229,86.331,85.745,85.902,20949.42
1771205400000,85.943,86.108,85.322,85.48,29516.25
1771206300000,85.48,85.763,85.477,85.704,17490.43
1771207200000,85.701,86.144,85.6,86.033,26641.25
1771208100000,86.073,86.116,85.644,85.653,20719.03
1771209000000,85.653,85.866,85.589,85.717,18404.94
1771209900000,85.72,85.78,85.182,85.333,26098.7
1771210800000,85.333,85.481,85.272,85.348,20833.6
1771211700000,85.348,85.437,84.805,84.845,33319.52
1771212600000,84.845,85.088,84.788,85.087,28923.53
1771213500000,85.087,85.163,85.003,85.087,19974.33
1771214400000,85.085,85.395,85.037,85.328,24747.22
1771215300000,85.327,85.553,85.225,85.421,20758.5
1771216200000,85.424,85.457,85.197,85.223,24548.81
1771217100000,85.221,85.74,85.201,85.732,22049.66
1771218000000,85.732,85.853,85.021,85.023,39505.55
1771218900000,85.023,85.124,84.739,84.901,42194.27
1771219800000,84.901,84.976,84.421,84.597,38029.31
1771220700000,84.597,84.699,84.53,84.642,20151.19
1771221600000,84.642,84.836,84.639,84.713,19274.09
1771222500000,84.713,84.801,84.503,84.766,24060.66
1771223400000,84.766,85.152,84.723,85.009,23887.18
1771224300000,85.009,85.094,84.953,85.001,18659.04
1771225200000,85.003,85.244,84.759,85.201,22409.28
1771226100000,85.22,85.44,85.09,85.334,42006.88
1771227000000,85.334,85.362,84.987,85.081,19771.53
1771227900000,85.084,85.369,84.903,85.004,21977.83
1771228800000,85.007,85.275,84.998,85.06,19244.97
1771229700000,85.039,85.428,85.017,85.381,18529.11
1771230600000,85.381,85.411,85.177,85.302,21552.22
1771231500000,85.297,85.422,85.217,85.339,20082.33
1771232400000,85.337,85.81,85.336,85.675,27458.89
1771233300000,85.675,86.006,85.517,85.986,23724.11
1771234200000,85.991,86.209,85.738,86.071,36194.49
1771235100000,86.073,86.098,85.856,85.931,20772.4
1771236000000,85.931,85.974,85.786,85.95,18347.85
1771236900000,85.95,85.95,85.572,85.635,24891.43
1771237800000,85.638,85.815,85.604,85.715,22432.73
1771238700000,85.715,85.861,85.66,85.714,17956.16
1771239600000,85.713,85.881,84.865,84.961,43149.45
1771240500000,84.963,85.263,84.492,85.238,57801.08
1771241400000,85.237,85.334,85.112,85.174,22690.03
1771242300000,85.174,85.759,85.171,85.483,27321.5
1771243200000,85.483,85.607,85.361,85.457,20867.11
1771244100000,85.46,86.328,85.233,86.24,64284.16
1771245000000,86.24,86.352,85.833,86.243,66346.3
1771245900000,86.242,86.356,85.879,86.114,48254.49
1771246800000,86.114,86.862,86.09,86.228,67593.91
1771247700000,86.231,86.459,84.681,84.977,79607.77
1771248600000,84.916,85.14,84.142,84.443,111622.04
1771249500000,84.44,84.511,83.825,84.127,88146.3
1771250400000,84.127,84.408,83.755,84.112,49886.41
1771251300000,84.117,84.302,83.422,83.643,66647.21
1771252200000,83.643,84.429,83.603,84.134,46766.32
1771253100000,84.169,84.599,83.875,83.98,42585.23
1771254000000,83.979,84.497,83.888,83.891,38413.42
1771254900000,83.888,83.985,83.591,83.767,37370.37
1771255800000,83.74,83.765,82.528,82.963,118709.49
1771256700000,82.934,83.298,82.809,83.137,46975.45
1771257600000,83.137,83.914,83.028,83.708,47444.86
1771258500000,83.693,83.93,83.401,83.741,28048.3
1771259400000,83.743,83.953,83.279,83.953,57815.44
1771260300000,83.952,84.04,83.783,83.923,41888.96
1771261200000,83.927,84.34,83.88,84.064,32888.93
1771262100000,84.066,84.72,83.841,84.606,29522.3
1771263000000,84.606,84.774,84.389,84.517,36546.08
1771263900000,84.517,84.534,84.267,84.484,25267.04
1771264800000,84.463,84.712,84.462,84.67,21831.93
1771265700000,84.673,85.113,84.627,84.777,34308.07
1771266600000,84.775,84.832,84.575,84.641,23420.1
1771267500000,84.61,84.799,84.455,84.46,25831.59
1771268400000,84.457,84.644,84.441,84.55,31165.76
1771269300000,84.55,84.864,84.182,84.635,30823.86
1771270200000,84.635,85.052,84.608,84.823,29725.36
1771271100000,84.823,84.827,84.577,84.577,17928.83
1771272000000,84.577,84.654,84.444,84.557,16973.95
1771272900000,84.561,85.107,84.472,84.973,30013.48
1771273800000,84.976,85.158,84.873,85.069,27415.35
1771274700000,85.084,85.448,85.03,85.325,31167.92
1771275600000,85.319,85.479,85.06,85.479,19377.34
1771276500000,85.478,85.778,85.325,85.523,39317.19
1771277400000,85.521,85.683,85.416,85.62,20166.78
1771278300000,85.651,86.061,85.46,85.993,27161.71
1771279200000,85.996,86.191,85.848,85.899,31711.8
1771280100000,85.896,85.962,85.662,85.722,21896.38
1771281000000,85.772,86.115,85.663,85.979,23819.82
1771281900000,85.977,85.98,85.585,85.663,18763.57
1771282800000,85.663,86.091,85.621,86.08,20177.8
1771283700000,86.08,86.408,86.005,86.193,25767.53
1771284600000,86.191,86.369,86.054,86.174,19579.23
1771285500000,86.174,86.616,86.174,86.397,24039.12
1771286400000,86.397,86.617,86.256,86.507,22686.9
1771287300000,86.507,86.675,86.26,86.535,20826.53
1771288200000,86.535,86.72,86.359,86.56,31581.48
1771289100000,86.568,87.1,86.454,86.552,46735.8
1771290000000,86.576,86.987,86.489,86.891,25539.93
1771290900000,86.903,87.031,86.704,86.705,18578.81
1771291800000,86.705,86.937,86.603,86.755,19135.41
1771292700000,86.723,86.857,86.096,86.153,25651.54
1771293600000,86.153,87.173,85.719,86.839,43907.42
1771294500000,86.844,87.361,86.825,87.153,37154.62
1771295400000,87.151,87.349,87.022,87.264,20299.52
1771296300000,87.267,87.647,87.25,87.25,33741.43
1771297200000,87.251,87.31,86.832,86.85,28611.94
1771298100000,86.854,86.953,86.603,86.83,26167.02
1771299000000,86.827,86.83,86.444,86.493,21530.77
1771299900000,86.495,86.534,86.286,86.327,19650.63
1771300800000,86.327,86.41,85.978,86.31,22797.99
1771301700000,86.31,86.614,86.129,86.499,25468.34
1771302600000,86.499,86.5,85.878,86.289,25358.65
1771303500000,86.286,86.498,86.162,86.33,23406.46
1771304400000,86.33,86.443,86.122,86.146,18605.5
1771305300000,86.142,86.157,85.758,85.949,29338.1
1771306200000,85.916,86.067,85.394,86.067,44060.72
1771307100000,86.059,86.263,86.052,86.166,31268.89
1771308000000,86.166,86.522,86.163,86.373,26733.67
1771308900000,86.371,86.749,86.362,86.594,27894.96
1771309800000,86.597,86.712,86.426,86.634,26004.87
1771310700000,86.634,86.679,86.45,86.451,24709.27
1771311600000,86.451,86.455,86.032,86.069,25780.39
1771312500000,86.073,86.225,85.897,85.948,19675.23
1771313400000,85.948,86.467,85.875,86.364,23352.59
1771314300000,86.364,86.48,86.238,86.411,27688.78
1771315200000,86.414,86.698,86.411,86.49,23846.74
1771316100000,86.493,86.517,86.26,86.284,23143.03
1771317000000,86.284,86.4,85.935,86.066,34062.39
1771317900000,86.067,86.132,85.849,85.907,29874.26
1771318800000,85.907,86.123,85.716,85.779,23902.14
1771319700000,85.779,85.918,85.666,85.857,23484.5
1771320600000,85.857,85.886,85.579,85.751,40312.18
1771321500000,85.751,86.001,85.751,85.884,24520.35
1771322400000,85.884,85.988,85.667,85.714,17699.01
1771323300000,85.72,85.72,85.067,85.071,42096.07
1771324200000,85.071,85.181,84.867,85.011,35247.73
1771325100000,85.013,85.061,84.832,84.981,22688.37
1771326000000,84.981,85.236,84.741,84.959,30509.29
1771326900000,84.957,85.057,84.684,85.052,21327.88
1771327800000,85.053,85.082,84.857,84.932,23385.79
1771328700000,84.93,85.097,84.818,85.029,23952.16
1771329600000,85.026,85.414,84.983,85.237,30458.27
1771330500000,85.234,85.335,85.101,85.26,18442.58
1771331400000,85.263,85.495,85.088,85.095,22238.02
1771332300000,85.089,85.125,84.48,84.565,46174.48
1771333200000,84.573,84.946,84.332,84.857,43682.99
1771334100000,84.857,85.3,84.7,84.916,39495.84
1771335000000,84.92,85.007,84.669,84.977,23106.81
1771335900000,84.977,85.402,84.901,84.936,57647.26
1771336800000,84.936,85.351,84.639,85.04,40135.49
1771337700000,85.043,85.12,84.937,84.941,19572.25
1771338600000,84.938,85.279,83.565,83.773,75523.3
1771339500000,83.772,83.785,82.952,83.177,111076.52
1771340400000,83.183,83.766,83.177,83.374,48051.62
1771341300000,83.341,83.848,83.077,83.376,55647.77
1771342200000,83.377,83.465,82.872,83.339,43739.69
1771343100000,83.358,83.793,83.324,83.744,31498.54
1771344000000,83.744,84.952,83.66,84.541,77683.15
1771344900000,84.503,84.874,84.093,84.094,46174.33
1771345800000,84.094,85.412,84.035,84.866,59149.21
1771346700000,84.863,84.87,84.066,84.138,42102.37
1771347600000,84.141,84.272,83.231,83.584,58082.84
1771348500000,83.584,83.982,83.583,83.95,39293.51
1771349400000,83.95,83.975,83.23,83.255,29585.68
1771350300000,83.255,83.745,83.081,83.665,39108.25
1771351200000,83.665,83.926,83.507,83.847,27946.81
1771352100000,83.847,84.922,83.677,84.85,53234.36
1771353000000,84.847,85.368,84.673,85.073,57103.4
1771353900000,85.071,85.347,84.988,85.046,31359.25
1771354800000,85.057,85.558,85.013,85.545,39814.6
1771355700000,85.546,85.72,84.682,84.852,55080.23
1771356600000,84.851,85.007,84.581,84.84,45475.88
1771357500000,84.847,85.082,84.629,84.824,21253.63
1771358400000,84.827,85.042,84.689,84.869,31665.26
1771359300000,84.869,85.025,84.611,84.883,18350.71
1771360200000,84.886,85.164,84.474,85.101,23492.57
1771361100000,85.101,85.213,84.88,84.966,17172.58
1771362000000,84.934,85.376,84.898,85.334,25041.72
1771362900000,85.336,85.336,84.907,84.946,20341.44
1771363800000,84.943,84.997,84.787,84.994,19304.36
1771364700000,84.994,85.198,84.935,85.171,16021.31
1771365600000,85.171,85.284,85.11,85.253,19159.48
1771366500000,85.258,85.353,85.076,85.169,18634.02
1771367400000,85.167,85.393,85.107,85.143,18511.25
1771368300000,85.143,85.285,84.916,85.012,18088.22
1771369200000,84.987,85.117,84.848,85.113,18595.46
1771370100000,85.114,85.284,85.0,85.011,18057.98
1771371000000,85.011,85.043,84.89,85.043,17236.81
1771371900000,85.058,85.21,84.924,85.024,23155.17
1771372800000,85.019,85.374,84.983,85.33,20901.69
1771373700000,85.33,85.33,84.973,85.153,18532.36
1771374600000,85.151,85.436,85.151,85.297,17281.26
1771375500000,85.297,85.299,84.776,84.845,23817.55
1771376400000,84.833,84.937,84.21,84.4,29919.61
1771377300000,84.39,84.495,84.1,84.143,26700.51
1771378200000,84.14,84.24,83.889,84.223,24277.81
1771379100000,84.219,84.25,84.026,84.215,20513.98
1771380000000,84.214,84.94,84.214,84.77,24736.35
1771380900000,84.77,84.851,84.589,84.606,18100.51
1771381800000,84.606,84.919,84.533,84.789,23651.25
1771382700000,84.789,84.807,84.6,84.611,20360.96
1771383600000,84.613,84.751,84.508,84.593,20554.19
1771384500000,84.613,84.956,84.61,84.955,17115.9
1771385400000,84.953,85.171,84.877,85.145,37087.05
1771386300000,85.145,85.407,85.109,85.273,20469.09
1771387200000,85.27,85.498,85.113,85.158,18196.03
1771388100000,85.161,85.38,85.158,85.274,17837.59
1771389000000,85.274,85.344,85.013,85.014,17425.63
1771389900000,85.017,85.199,84.93,85.084,17990.5
1771390800000,85.084,85.167,84.936,85.036,15890.42
1771391700000,85.036,85.191,84.925,84.926,17147.16
1771392600000,84.926,84.961,84.706,84.818,20319.74
1771393500000,84.818,84.955,84.776,84.847,23983.24
1771394400000,84.847,85.107,84.752,85.053,18698.95
1771395300000,85.054,85.147,84.915,85.11,18095.21
1771396200000,85.11,85.166,84.954,85.074,17002.1
1771397100000,85.076,85.264,84.84,84.86,20700.83
1771398000000,84.86,84.923,84.72,84.76,20884.39
1771398900000,84.758,84.803,84.63,84.768,18412.94
1771399800000,84.77,85.194,84.72,85.15,23264.84
1771400700000,85.15,85.38,85.103,85.219,24547.5
1771401600000,85.219,85.513,85.18,85.348,25355.61
1771402500000,85.347,86.035,85.296,85.653,39292.1
1771403400000,85.653,85.697,85.363,85.494,20076.55
1771404300000,85.491,85.551,85.326,85.45,17455.66
1771405200000,85.424,85.67,85.289,85.623,19369.83
1771406100000,85.643,85.69,85.483,85.535,17209.6
1771407000000,85.535,85.626,85.471,85.533,17407.23
1771407900000,85.533,85.537,85.271,85.28,18353.86
1771408800000,85.279,85.343,84.902,85.083,28814.93
1771409700000,85.086,85.086,84.922,85.017,17675.01
1771410600000,85.017,85.019,84.569,84.592,28643.75
1771411500000,84.591,84.615,84.134,84.214,41849.32
1771412400000,84.214,84.214,83.181,83.424,65987.62
1771413300000,83.428,83.656,83.338,83.522,33984.92
1771414200000,83.519,83.656,83.187,83.258,31599.38
1771415100000,83.254,83.42,82.769,82.769,58570.9
1771416000000,82.774,83.279,82.727,83.192,43203.99
1771416900000,83.195,83.229,82.924,83.119,26988.1
1771417800000,83.119,83.139,82.276,82.938,74766.53
1771418700000,82.938,83.099,82.83,82.902,29203.67
1771419600000,82.899,83.2,82.85,83.137,30066.32
1771420500000,83.118,83.199,82.944,83.065,21673.63
1771421400000,83.065,83.084,82.617,82.782,25837.48
1771422300000,82.784,82.848,82.24,82.551,44363.94
1771423200000,82.552,82.814,82.536,82.724,24942.46
1771424100000,82.724,82.767,82.172,82.182,28361.92
1771425000000,82.176,82.659,82.111,82.312,44541.05
1771425900000,82.312,82.655,81.668,82.479,92629.55
1771426800000,82.479,83.029,82.455,82.731,50207.39
1771427700000,82.731,82.999,82.548,82.739,31602.32
1771428600000,82.732,83.955,82.721,83.613,66639.85
1771429500000,83.647,83.65,82.738,82.938,53671.45
1771430400000,82.937,83.019,81.989,82.201,62828.2
1771431300000,82.2,82.519,82.063,82.408,41495.01
1771432200000,82.408,82.45,82.016,82.231,24756.0
1771433100000,82.231,82.315,82.027,82.238,27655.87
1771434000000,82.241,82.919,82.224,82.363,51476.16
1771434900000,82.36,82.525,82.214,82.291,32732.9
1771435800000,82.291,82.464,82.226,82.251,41437.02
1771436700000,82.251,82.327,82.04,82.108,23076.19
1771437600000,82.11,82.296,82.045,82.197,49235.01
1771438500000,82.2,82.23,81.217,81.69,73604.11
1771439400000,81.69,81.883,80.89,81.107,86086.64
1771440300000,81.108,81.509,81.067,81.221,48912.88
1771441200000,81.225,81.521,81.106,81.177,32717.67
1771442100000,81.177,81.232,80.717,81.034,43725.16
1771443000000,81.034,81.068,80.452,80.922,77354.84
1771443900000,80.919,81.156,80.624,80.858,40417.3
1771444800000,80.858,81.135,80.817,80.994,25972.5
1771445700000,80.997,81.157,80.91,81.024,23551.77
1771446600000,81.021,81.526,81.005,81.434,25677.34
1771447500000,81.434,81.525,81.138,81.258,22107.8
1771448400000,81.258,81.385,80.964,81.173,26492.87
1771449300000,81.174,81.465,81.14,81.434,18260.8
1771450200000,81.434,81.58,81.374,81.467,31826.22
1771451100000,81.436,81.477,81.113,81.222,23432.39
1771452000000,81.217,81.347,81.007,81.121,18329.14
1771452900000,81.121,81.255,81.03,81.174,24033.37
1771453800000,81.172,81.447,81.152,81.287,25490.45
1771454700000,81.287,81.494,81.286,81.39,18334.05
1771455600000,81.388,81.451,81.199,81.37,20661.63
1771456500000,81.391,81.426,81.215,81.235,18431.73
1771457400000,81.235,81.485,81.235,81.452,18511.13
1771458300000,81.454,81.584,81.433,81.554,22393.89
1771459200000,81.554,81.666,81.283,81.318,20252.25
1771460100000,81.321,81.518,81.193,81.337,17225.5
1771461000000,81.341,81.625,81.293,81.624,17296.2
1771461900000,81.587,81.621,81.401,81.441,16462.15
1771462800000,81.444,81.964,81.441,81.808,24496.6
1771463700000,81.808,81.877,81.467,81.628,17712.7
1771464600000,81.63,81.774,81.487,81.717,18896.95
1771465500000,81.714,81.847,81.687,81.831,17392.01
1771466400000,81.831,81.989,81.736,81.857,21240.68
1771467300000,81.827,81.863,81.686,81.849,20438.47
1771468200000,81.849,81.849,81.267,81.363,27136.31
1771469100000,81.367,81.668,81.363,81.601,18455.96
1771470000000,81.601,81.704,81.385,81.5,18386.58
1771470900000,81.498,81.851,81.498,81.848,19289.3
1771471800000,81.848,81.87,81.565,81.614,18702.62
1771472700000,81.614,81.749,81.531,81.714,17651.49
1771473600000,81.714,81.938,81.691,81.844,17224.54
1771474500000,81.844,81.859,81.599,81.655,17508.03
1771475400000,81.656,81.884,81.551,81.569,22877.26
1771476300000,81.569,81.67,81.436,81.451,19943.19
1771477200000,81.451,81.715,81.346,81.68,27317.98
1771478100000,81.687,81.911,81.476,81.547,23034.28
1771479000000,81.544,81.732,81.428,81.638,20171.34
1771479900000,81.634,81.876,81.55,81.834,16369.73
1771480800000,81.834,82.189,81.781,82.155,27082.37
1771481700000,82.155,82.396,82.103,82.344,30072.59
1771482600000,82.346,82.421,82.146,82.199,22766.28
1771483500000,82.203,82.434,82.184,82.298,25734.89
1771484400000,82.3,82.55,82.177,82.447,26175.92
1771485300000,82.447,82.645,82.343,82.358,39522.2
1771486200000,82.358,82.469,82.031,82.204,27909.42
1771487100000,82.204,82.35,82.127,82.35,20718.22
1771488000000,82.347,82.35,82.127,82.251,20224.91
1771488900000,82.248,82.251,81.866,81.962,28590.28
1771489800000,81.962,81.964,81.516,81.638,30714.29
1771490700000,81.642,81.702,81.547,81.66,20029.05
1771491600000,81.665,81.767,81.336,81.687,36089.79
1771492500000,81.687,81.955,81.554,81.795,30099.47
1771493400000,81.797,81.832,81.626,81.65,20787.6
1771494300000,81.648,81.65,81.07,81.16,51898.65
1771495200000,81.16,81.471,80.872,81.359,38356.74
1771496100000,81.36,81.766,81.342,81.596,31435.15
1771497000000,81.593,81.74,81.458,81.671,23114.57
1771497900000,81.671,81.674,81.402,81.476,29473.36
1771498800000,81.476,81.746,81.463,81.743,18366.4
1771499700000,81.743,81.818,81.666,81.666,20198.11
1771500600000,81.669,81.67,81.233,81.354,22736.88
1771501500000,81.356,81.39,81.075,81.2,23724.87
1771502400000,81.197,81.263,80.879,81.15,39263.82
1771503300000,81.171,81.184,80.984,81.129,24362.55
1771504200000,81.129,81.187,80.838,81.0,25730.55
1771505100000,81.0,81.038,80.665,80.757,37609.84
1771506000000,80.757,80.875,80.154,80.53,55763.12
1771506900000,80.526,80.585,80.146,80.229,31366.91
1771507800000,80.223,80.468,79.727,79.873,66614.66
1771508700000,79.873,79.985,79.636,79.985,56161.28
1771509600000,79.98,80.329,79.923,80.217,44831.69
1771510500000,80.218,80.398,79.946,80.333,49387.99
1771511400000,80.333,80.977,79.925,80.836,75550.17
1771512300000,80.842,81.262,80.516,80.718,74792.56
1771513200000,80.718,81.245,80.064,80.134,55287.54
1771514100000,80.13,80.578,79.988,80.12,42034.28
1771515000000,80.101,80.709,79.929,80.634,41146.01
1771515900000,80.634,80.818,80.098,80.577,30684.84
1771516800000,80.58,80.58,79.9,80.468,31461.93
1771517700000,80.468,80.916,80.022,80.14,35832.01
1771518600000,80.14,80.761,80.138,80.586,30880.74
1771519500000,80.586,80.852,80.302,80.738,28842.52
1771520400000,80.755,81.235,80.475,81.152,44501.34
1771521300000,81.158,81.89,80.942,80.973,65920.8
1771522200000,80.973,81.05,80.674,80.86,35381.64
1771523100000,80.857,80.928,80.167,80.421,42604.47
1771524000000,80.421,81.049,80.343,81.036,27037.07
1771524900000,81.016,81.631,80.673,81.463,54158.99
1771525800000,81.463,81.767,81.223,81.764,41976.46
1771526700000,81.76,81.985,81.692,81.923,36364.92
1771527600000,81.923,82.158,81.692,81.73,41085.54
1771528500000,81.726,81.811,81.382,81.455,24456.76
1771529400000,81.454,81.573,81.071,81.551,31259.74
1771530300000,81.55,82.006,81.429,81.914,33371.19
1771531200000,81.914,82.125,81.713,81.963,31385.98
1771532100000,81.96,82.045,81.639,82.026,23413.69
1771533000000,82.022,82.231,81.805,81.973,34562.52
1771533900000,81.96,82.308,81.96,82.016,28990.97
1771534800000,82.055,82.127,81.922,81.927,30205.65
1771535700000,81.922,82.027,81.78,81.863,19277.03
1771536600000,81.862,82.132,81.789,82.047,25114.53
1771537500000,82.043,82.094,81.953,82.018,18051.96
1771538400000,82.015,82.49,81.912,82.287,31943.06
1771539300000,82.26,82.367,82.009,82.017,18836.06
1771540200000,82.016,82.21,81.867,82.126,21496.32
1771541100000,82.123,82.331,82.036,82.304,19829.55
1771542000000,82.284,82.4,82.084,82.208,18059.58
1771542900000,82.193,82.428,82.191,82.32,21182.23
1771543800000,82.32,82.373,82.203,82.274,24251.69
1771544700000,82.276,82.508,82.22,82.46,20610.47
1771545600000,82.462,82.793,82.287,82.778,28746.88
1771546500000,82.773,83.488,82.773,83.387,68864.5
1771547400000,83.389,83.401,82.979,83.02,29054.13
1771548300000,83.02,83.136,82.827,82.857,28143.46
1771549200000,82.859,83.068,82.827,83.044,27649.64
1771550100000,83.043,83.101,82.643,82.781,43676.79
1771551000000,82.781,83.059,82.755,83.038,27768.7
1771551900000,83.038,83.038,82.7,82.944,27320.12
1771552800000,82.946,83.268,82.846,82.961,26469.12
1771553700000,82.961,83.092,82.767,82.77,22913.67
1771554600000,82.771,83.125,82.768,83.087,24082.88
1771555500000,83.087,83.09,82.85,82.86,17825.75
1771556400000,82.863,83.006,82.794,82.898,21423.24
1771557300000,82.9,83.33,82.822,83.134,21777.66
1771558200000,83.136,83.229,82.98,83.037,19659.73
1771559100000,83.04,83.099,82.933,82.968,17433.11
1771560000000,82.968,83.053,82.653,82.691,21982.31
1771560900000,82.693,82.86,82.343,82.55,32967.14
1771561800000,82.55,82.932,82.496,82.871,23102.28
1771562700000,82.871,82.874,82.58,82.627,20034.46
1771563600000,82.627,82.735,82.476,82.563,19269.84
1771564500000,82.568,82.9,82.454,82.817,20698.4
1771565400000,82.817,83.694,82.814,83.441,53835.42
1771566300000,83.441,83.585,83.126,83.22,37034.78
1771567200000,83.22,83.407,83.16,83.347,21406.37
1771568100000,83.35,83.417,83.098,83.177,23075.78
1771569000000,83.18,83.522,83.106,83.401,24408.24
1771569900000,83.401,83.667,83.329,83.666,22097.09
1771570800000,83.664,83.69,83.5,83.573,26977.14
1771571700000,83.57,83.872,83.509,83.713,29021.65
1771572600000,83.713,83.767,83.542,83.565,27744.47
1771573500000,83.563,83.699,83.35,83.399,24785.84
1771574400000,83.399,83.613,83.396,83.433,28037.62
1771575300000,83.433,83.632,83.407,83.583,19057.64
1771576200000,83.586,83.68,83.27,83.27,26326.4
1771577100000,83.271,83.732,83.266,83.607,25322.52
1771578000000,83.607,84.405,83.59,84.224,52943.95
1771578900000,84.226,84.45,84.172,84.251,29138.87
1771579800000,84.25,84.338,84.126,84.196,24533.99
1771580700000,84.193,84.28,84.14,84.14,18330.38
1771581600000,84.14,84.804,84.091,84.396,59089.37
1771582500000,84.394,84.602,84.323,84.553,22805.74
1771583400000,84.553,84.69,84.259,84.298,20594.61
1771584300000,84.284,84.381,83.997,84.031,31957.99
1771585200000,84.034,84.078,83.742,83.86,33016.34
1771586100000,83.85,84.166,83.679,84.067,28779.43
1771587000000,84.067,84.214,83.41,83.41,36334.45
1771587900000,83.41,83.676,83.307,83.509,36360.53
1771588800000,83.53,83.828,83.352,83.814,27233.68
1771589700000,83.81,83.972,83.554,83.597,23225.61
1771590600000,83.597,83.724,83.4,83.524,30692.01
1771591500000,83.528,83.871,83.504,83.674,31217.52
1771592400000,83.674,83.674,83.036,83.177,39948.71
1771593300000,83.174,83.237,82.756,83.07,48347.12
1771594200000,83.074,83.084,81.762,81.907,108438.5
1771595100000,81.907,82.229,81.722,82.14,72969.99
1771596000000,82.144,82.529,82.05,82.375,36054.8
1771596900000,82.375,82.77,82.233,82.639,36485.71
1771597800000,82.64,83.31,82.484,82.981,75936.56
1771598700000,82.981,83.062,82.668,82.982,34953.04
1771599600000,83.013,84.731,83.013,83.14,144904.75
1771600500000,83.135,84.112,82.615,84.014,81478.68
1771601400000,84.006,84.013,83.098,83.438,52309.94
1771602300000,83.436,84.461,83.282,84.334,60882.03
1771603200000,84.334,84.912,84.212,84.507,58614.22
1771604100000,84.503,84.734,83.937,83.964,57412.07
1771605000000,83.965,84.108,83.692,83.947,37357.3
1771605900000,83.947,84.641,83.894,84.456,28723.85
1771606800000,84.456,84.478,83.184,83.194,48441.88
1771607700000,83.194,83.303,82.76,83.213,75487.06
1771608600000,83.213,83.935,82.969,83.854,63470.67
1771609500000,83.853,84.545,83.683,84.464,75998.31
1771610400000,84.46,84.629,84.08,84.147,39368.54
1771611300000,84.144,84.712,83.932,84.534,54327.99
1771612200000,84.531,85.162,84.306,85.007,63410.94
1771613100000,85.007,85.453,84.798,85.206,51387.94
1771614000000,85.206,85.323,84.662,84.717,38439.56
1771614900000,84.717,84.946,84.35,84.453,25907.34
1771615800000,84.453,84.848,84.451,84.521,23851.31
1771616700000,84.521,84.924,84.42,84.72,23227.05
1771617600000,84.717,85.19,84.69,85.189,21059.99
1771618500000,85.169,85.169,84.532,84.599,18034.62
1771619400000,84.597,84.807,84.41,84.784,20919.71
1771620300000,84.786,84.826,84.48,84.558,16851.78
1771621200000,84.594,84.715,84.374,84.47,21372.12
1771622100000,84.468,84.491,84.332,84.398,21115.26
1771623000000,84.401,84.564,84.284,84.496,21413.89
1771623900000,84.493,84.617,84.307,84.524,17897.13
1771624800000,84.527,84.527,84.159,84.213,20036.16
1771625700000,84.211,84.593,84.074,84.524,20182.29
1771626600000,84.526,84.736,84.347,84.36,22613.1
1771627500000,84.363,84.657,84.313,84.57,17499.51
1771628400000,84.568,84.657,84.379,84.406,17981.94
1771629300000,84.406,84.524,84.277,84.45,16615.85
1771630200000,84.453,84.52,84.341,84.361,16139.32
1771631100000,84.361,84.666,84.361,84.63,16826.71
1771632000000,84.63,84.713,84.506,84.644,22483.73
1771632900000,84.643,84.679,84.53,84.54,16865.78
1771633800000,84.54,84.577,84.396,84.397,18015.28
1771634700000,84.397,84.449,84.303,84.391,17260.24
1771635600000,84.391,84.594,84.385,84.588,17694.37
1771636500000,84.588,84.623,84.437,84.475,16535.86
1771637400000,84.475,84.759,84.475,84.723,17871.55
1771638300000,84.723,84.815,84.624,84.627,20576.77
1771639200000,84.624,84.72,84.486,84.687,18520.49
1771640100000,84.667,84.892,84.59,84.854,21287.53
1771641000000,84.854,84.981,84.818,84.861,19130.47
1771641900000,84.904,84.904,84.764,84.773,18066.91
1771642800000,84.773,84.773,84.188,84.31,40949.51
1771643700000,84.31,84.479,84.25,84.478,22785.77
1771644600000,84.476,84.616,84.236,84.27,23921.48
1771645500000,84.27,84.305,84.193,84.275,25653.28
1771646400000,84.275,84.372,84.215,84.295,17712.88
1771647300000,84.297,84.332,84.097,84.304,24275.89
1771648200000,84.307,84.437,84.232,84.232,19900.4
1771649100000,84.232,84.445,84.17,84.351,17437.8
1771650000000,84.349,84.475,84.332,84.437,15943.5
1771650900000,84.437,84.532,84.367,84.405,18153.6
1771651800000,84.407,84.495,84.359,84.49,15814.79
1771652700000,84.487,84.49,84.377,84.425,16031.33
1771653600000,84.425,84.712,84.42,84.698,24390.26
1771654500000,84.698,84.721,84.284,84.284,24720.15
1771655400000,84.284,84.308,84.007,84.104,37795.23
1771656300000,84.104,84.107,84.007,84.077,25369.44
1771657200000,84.074,84.137,83.92,84.031,44542.13
1771658100000,84.034,84.143,84.014,84.14,16422.16
1771659000000,84.142,84.27,84.063,84.17,18267.45
1771659900000,84.167,84.192,84.081,84.171,18560.95
1771660800000,84.174,84.325,84.142,84.285,29471.78
1771661700000,84.285,84.394,84.264,84.344,17477.39
1771662600000,84.347,84.503,84.257,84.468,24115.36
1771663500000,84.471,84.683,84.383,84.674,30685.7
1771664400000,84.677,84.752,84.626,84.65,20880.02
1771665300000,84.65,85.13,84.65,85.027,36278.5
1771666200000,85.03,85.107,84.936,84.959,27414.16
1771667100000,84.959,85.074,84.834,84.88,27504.36
1771668000000,84.883,84.999,84.847,84.89,19570.37
1771668900000,84.89,85.071,84.887,85.036,22918.34
1771669800000,85.039,85.225,84.979,85.041,25779.81
1771670700000,85.043,85.148,84.974,85.104,19031.9
1771671600000,85.107,85.632,85.104,85.537,38200.05
1771672500000,85.539,85.586,85.303,85.344,32385.64
1771673400000,85.346,85.373,85.218,85.344,25549.84
1771674300000,85.355,85.483,85.283,85.353,19612.76
1771675200000,85.353,85.5,85.1,85.141,22970.0
1771676100000,85.136,85.305,85.088,85.139,19043.28
1771677000000,85.14,85.143,84.938,85.077,27171.31
1771677900000,85.077,85.318,85.074,85.277,19504.59
1771678800000,85.274,85.373,85.223,85.274,20091.78
1771679700000,85.274,85.491,85.149,85.402,21910.37
1771680600000,85.383,85.407,85.267,85.288,18196.48
1771681500000,85.29,85.91,85.287,85.832,45089.85
1771682400000,85.829,85.834,85.586,85.681,28641.82
1771683300000,85.68,86.634,85.607,86.184,96080.3
1771684200000,86.23,86.441,86.198,86.357,35472.96
1771685100000,86.357,86.564,86.239,86.264,28653.39
1771686000000,86.265,86.695,86.192,86.538,37559.13
1771686900000,86.539,86.584,86.24,86.24,22115.23
1771687800000,86.241,86.626,86.142,86.582,32311.72
1771688700000,86.582,86.658,86.525,86.529,25750.71
1771689600000,86.523,86.607,85.902,86.164,51016.55
1771690500000,86.164,86.18,85.84,86.071,43902.41
1771691400000,86.067,86.221,85.848,86.219,31043.06
1771692300000,86.219,86.219,86.083,86.086,18652.93
1771693200000,86.086,86.093,85.766,86.018,29417.68
1771694100000,86.017,86.192,85.83,86.033,30174.3
1771695000000,86.04,86.412,86.026,86.292,28903.92
1771695900000,86.297,86.33,86.128,86.194,18706.83
1771696800000,86.191,86.38,86.15,86.167,19392.71
1771697700000,86.169,86.308,86.143,86.194,17802.82
1771698600000,86.191,86.444,86.163,86.383,20690.49
1771699500000,86.385,86.678,86.352,86.526,47063.4
1771700400000,86.529,86.644,86.373,86.602,23429.28
1771701300000,86.602,86.643,86.427,86.442,17225.29
1771702200000,86.445,86.491,86.329,86.373,19365.36
1771703100000,86.371,86.379,86.138,86.16,21170.91
1771704000000,86.161,86.163,85.859,85.868,28442.91
1771704900000,85.868,86.083,85.863,86.057,23331.16
1771705800000,86.057,86.063,85.218,85.286,49554.04
1771706700000,85.302,85.64,85.3,85.43,42589.46
1771707600000,85.426,85.581,85.37,85.514,30381.52
1771708500000,85.518,85.654,85.47,85.616,18077.69
1771709400000,85.616,85.745,85.59,85.611,19472.61
1771710300000,85.613,85.78,85.61,85.776,17630.76
1771711200000,85.776,85.823,85.487,85.546,18378.48
1771712100000,85.549,85.67,85.459,85.577,16747.66
1771713000000,85.574,85.604,85.317,85.404,25724.97
1771713900000,85.405,85.55,85.32,85.414,19967.99
1771714800000,85.411,85.511,85.129,85.171,41470.07
1771715700000,85.171,85.341,85.092,85.341,21563.77
1771716600000,85.34,85.342,85.231,85.233,16290.95
1771717500000,85.231,85.242,85.116,85.121,19803.6
1771718400000,85.118,85.161,84.959,85.085,30939.76
1771719300000,85.087,85.169,84.786,84.849,33229.35
1771720200000,84.851,84.95,84.731,84.777,23511.69
1771721100000,84.777,85.015,84.709,85.01,43644.92
1771722000000,85.007,85.19,85.007,85.045,23094.74
1771722900000,85.047,85.285,85.004,85.256,25730.77
1771723800000,85.257,85.348,85.131,85.194,24864.66
1771724700000,85.194,85.369,85.124,85.264,18965.21
1771725600000,85.262,85.524,85.177,85.398,20818.07
1771726500000,85.397,85.419,84.976,84.976,26482.63
1771727400000,84.97,85.054,84.794,84.948,31452.43
1771728300000,84.951,85.031,84.854,84.894,18783.93
1771729200000,84.897,85.074,84.877,85.048,21537.36
1771730100000,85.047,85.09,84.657,84.83,28828.96
1771731000000,84.805,84.995,84.749,84.988,16953.04
1771731900000,84.988,85.06,84.889,85.01,16461.47
1771732800000,85.01,85.287,85.008,85.121,21480.77
1771733700000,85.121,85.128,84.92,84.976,18956.05
1771734600000,84.953,85.128,84.953,85.034,16294.35
1771735500000,85.037,85.134,85.024,85.088,17136.21
1771736400000,85.088,85.157,84.829,84.921,18859.37
1771737300000,84.923,84.984,84.874,84.946,16528.9
1771738200000,84.944,84.96,84.808,84.811,16936.36
1771739100000,84.814,84.967,84.747,84.91,20313.72
1771740000000,84.91,85.101,84.91,85.0,18423.46
1771740900000,85.0,85.194,84.897,85.124,21739.4
1771741800000,85.124,85.268,85.084,85.185,20924.67
1771742700000,85.182,85.259,85.158,85.246,17062.36
1771743600000,85.246,85.255,85.082,85.253,21733.49
1771744500000,85.253,85.302,85.151,85.251,17058.75
1771745400000,85.251,85.438,85.246,85.417,22929.04
1771746300000,85.417,85.478,85.184,85.187,21849.46
1771747200000,85.187,85.188,85.04,85.107,22631.67
1771748100000,85.086,85.1,84.813,84.898,24503.72
1771749000000,84.898,85.001,84.827,84.964,18667.86
1771749900000,84.964,84.983,84.863,84.907,17445.73
1771750800000,84.907,85.009,84.892,84.998,17255.23
1771751700000,84.995,85.125,84.994,85.014,18302.89
1771752600000,85.014,85.087,84.977,85.057,16310.15
1771753500000,85.055,85.081,84.911,84.981,16972.27
1771754400000,84.981,85.159,84.94,85.108,18008.06
1771755300000,85.111,85.235,85.071,85.174,23400.69
1771756200000,85.171,85.241,85.117,85.164,19145.95
1771757100000,85.167,85.214,85.113,85.157,17024.21
1771758000000,85.155,85.385,85.155,85.308,21375.39
1771758900000,85.304,85.392,85.253,85.28,18209.14
1771759800000,85.28,85.385,85.127,85.131,18440.37
1771760700000,85.128,85.222,85.124,85.202,16450.39
1771761600000,85.204,85.252,84.812,84.86,28940.66
1771762500000,84.86,84.948,84.626,84.879,35485.27
1771763400000,84.881,84.882,84.309,84.334,45826.86
1771764300000,84.337,84.504,84.277,84.414,24545.57
1771765200000,84.411,84.562,84.172,84.375,29873.2
1771766100000,84.372,84.468,84.179,84.18,23628.62
1771767000000,84.183,84.328,83.67,83.785,55803.42
1771767900000,83.785,83.962,83.712,83.94,35203.07
1771768800000,83.94,83.991,83.561,83.781,37890.12
1771769700000,83.783,83.825,83.586,83.775,23097.17
1771770600000,83.777,84.001,83.627,83.647,26834.95
1771771500000,83.65,83.709,83.387,83.608,46618.29
1771772400000,83.608,83.641,83.156,83.35,47667.63
1771773300000,83.35,83.443,82.963,83.443,55507.08
1771774200000,83.443,83.649,83.366,83.576,36817.2
1771775100000,83.576,83.619,83.414,83.454,22186.01
1771776000000,83.452,83.488,83.201,83.238,28330.83
1771776900000,83.238,83.338,83.143,83.198,18529.4
1771777800000,83.2,83.287,83.168,83.284,18313.25
1771778700000,83.287,83.561,83.264,83.521,26904.71
1771779600000,83.52,83.548,83.254,83.271,19901.12
1771780500000,83.269,83.369,83.2,83.271,19443.64
1771781400000,83.268,83.314,82.775,82.813,48597.28
1771782300000,82.812,83.042,82.787,82.991,25279.26
1771783200000,82.994,83.157,82.91,83.131,19531.69
1771784100000,83.107,83.231,82.927,83.082,17708.26
1771785000000,83.077,83.139,82.951,83.122,43383.74
1771785900000,83.124,83.233,83.118,83.163,20583.77
1771786800000,83.159,83.252,82.977,83.035,18230.64
1771787700000,83.035,83.188,83.035,83.118,15732.84
1771788600000,83.118,83.311,83.081,83.308,18060.38
1771789500000,83.308,83.358,83.194,83.238,16995.67
1771790400000,83.238,83.306,83.025,83.034,19925.41
1771791300000,83.034,83.304,83.031,83.195,19422.96
1771792200000,83.195,83.195,83.07,83.127,16515.25
1771793100000,83.108,83.234,82.926,82.958,21801.24
1771794000000,82.958,83.174,82.958,83.084,17104.12
1771794900000,83.082,83.171,83.004,83.008,16526.64
1771795800000,83.034,83.373,82.991,83.362,18822.98
1771796700000,83.358,83.517,83.357,83.442,21101.79
1771797600000,83.442,83.529,83.189,83.268,18875.7
1771798500000,83.271,83.652,83.229,83.233,21587.69
1771799400000,83.229,83.519,83.036,83.427,22472.77
1771800300000,83.427,83.585,83.421,83.505,18944.5
1771801200000,83.507,83.591,82.9,82.92,34434.45
1771802100000,82.925,83.004,82.551,82.688,43444.77
1771803000000,82.688,82.884,82.45,82.483,27383.27
1771803900000,82.522,82.893,82.463,82.724,21849.82
1771804800000,82.724,82.8,82.521,82.733,22453.47
1771805700000,82.736,82.754,82.114,82.191,34875.56
1771806600000,82.188,82.192,81.776,82.013,39697.85
1771807500000,82.013,82.101,81.27,81.312,73219.43
1771808400000,81.311,81.324,78.872,79.289,252473.5
1771809300000,79.289,79.307,77.973,78.459,192020.88
1771810200000,78.458,78.814,78.327,78.455,53992.97
1771811100000,78.455,78.574,77.409,77.901,107014.64
1771812000000,77.912,78.377,77.761,78.119,50812.15
1771812900000,78.123,78.174,77.545,77.89,34030.07
1771813800000,77.889,78.106,77.727,77.858,30387.64
1771814700000,77.856,77.935,77.47,77.791,32251.05
1771815600000,77.788,78.216,77.691,77.945,48292.21
1771816500000,77.945,77.948,77.213,77.416,50970.22
1771817400000,77.416,77.786,77.402,77.76,26852.79
1771818300000,77.759,77.899,77.571,77.574,24680.46
1771819200000,77.572,77.64,77.258,77.592,29029.39
1771820100000,77.589,77.656,77.344,77.459,20057.51
1771821000000,77.458,77.548,77.07,77.224,29454.1
1771821900000,77.228,77.323,77.196,77.312,21261.72
1771822800000,77.314,77.749,77.268,77.625,32599.99
1771823700000,77.628,77.859,77.534,77.748,33675.64
1771824600000,77.751,77.974,77.731,77.911,25417.66
1771825500000,77.911,77.97,77.371,77.748,29347.32
1771826400000,77.746,78.444,77.59,78.368,39941.93
1771827300000,78.368,78.587,78.312,78.448,37020.36
1771828200000,78.445,78.899,78.364,78.718,38903.33
1771829100000,78.718,79.085,78.694,79.012,40489.65
1771830000000,79.012,79.29,78.934,79.12,33405.53
1771830900000,79.12,79.201,78.907,79.043,30952.86
1771831800000,79.026,79.616,78.846,79.408,49860.66
1771832700000,79.411,79.457,79.277,79.327,22665.68
1771833600000,79.327,79.327,78.875,79.022,49352.85
1771834500000,79.018,79.074,78.614,78.718,34981.42
1771835400000,78.718,78.822,78.536,78.575,26863.92
1771836300000,78.577,78.729,78.474,78.697,24889.25
1771837200000,78.695,78.938,78.695,78.888,22844.7
1771838100000,78.891,79.106,78.741,79.041,21947.96
1771839000000,79.041,80.242,79.0,80.021,87120.62
1771839900000,80.017,80.47,80.017,80.392,45608.78
1771840800000,80.393,80.624,80.103,80.134,41480.52
1771841700000,80.134,80.481,80.036,80.328,32269.13
1771842600000,80.328,80.444,80.22,80.316,28077.32
1771843500000,80.316,80.317,80.051,80.204,32293.99
1771844400000,80.206,80.338,80.116,80.334,20841.78
1771845300000,80.338,80.489,80.263,80.326,23506.46
1771846200000,80.326,80.332,80.046,80.076,22783.97
1771847100000,80.076,80.119,79.929,80.013,35933.33
1771848000000,80.01,80.173,79.882,80.079,22109.73
1771848900000,80.076,80.137,79.953,80.084,18550.96
1771849800000,80.084,80.894,79.821,80.716,86767.22
1771850700000,80.721,80.819,80.452,80.661,34240.52
1771851600000,80.656,80.704,80.422,80.533,26615.68
1771852500000,80.533,80.687,80.378,80.614,26847.2
1771853400000,80.614,80.995,80.544,80.994,29881.6
1771854300000,80.993,81.05,80.399,80.475,61855.04
1771855200000,80.477,80.709,80.436,80.667,25608.14
1771856100000,80.667,80.668,80.125,80.192,44434.53
1771857000000,80.19,80.676,79.365,80.0,79021.43
1771857900000,79.993,80.465,79.738,80.092,53152.68
1771858800000,80.092,80.276,79.625,79.834,38191.7
1771859700000,79.834,80.218,79.591,79.641,30972.34
1771860600000,79.64,79.868,79.475,79.648,36194.19
1771861500000,79.648,79.789,79.177,79.36,35436.61
1771862400000,79.36,79.377,78.632,78.76,85060.92
1771863300000,78.772,79.733,78.752,79.634,51048.92
1771864200000,79.634,79.731,78.985,79.191,44577.72
1771865100000,79.193,79.234,78.791,78.933,28095.31
1771866000000,78.931,79.099,78.457,78.51,25246.0
1771866900000,78.51,78.785,78.216,78.216,53957.35
1771867800000,78.217,78.258,77.583,77.747,72731.2
1771868700000,77.75,78.262,77.219,78.262,79646.7
1771869600000,78.261,78.494,77.995,78.34,40428.46
1771870500000,78.317,78.51,78.082,78.478,33334.61
1771871400000,78.478,79.251,78.396,78.994,40811.11
1771872300000,78.994,78.997,78.438,78.577,31952.1
1771873200000,78.574,78.858,78.426,78.704,29071.98
1771874100000,78.706,78.789,78.26,78.26,32820.06
1771875000000,78.28,78.457,78.003,78.243,37347.14
1771875900000,78.258,78.36,77.929,78.242,27638.86
1771876800000,78.24,78.405,77.939,77.992,43920.18
1771877700000,77.967,78.216,77.807,77.942,24841.71
1771878600000,77.937,78.389,77.937,78.314,37509.52
1771879500000,78.314,78.487,78.174,78.277,23700.52
1771880400000,78.277,78.552,78.135,78.511,28723.68
1771881300000,78.511,78.582,78.347,78.4,18682.09
1771882200000,78.403,78.656,78.186,78.339,40346.49
1771883100000,78.346,78.498,78.21,78.321,20475.64
1771884000000,78.321,78.854,78.305,78.776,27485.23
1771884900000,78.782,78.864,78.673,78.808,28293.85
1771885800000,78.81,78.839,78.626,78.71,21979.15
1771886700000,78.714,78.794,78.206,78.212,29651.83
1771887600000,78.207,78.491,78.207,78.411,18739.39
1771888500000,78.411,78.45,78.088,78.143,22822.27
1771889400000,78.141,78.188,77.759,77.76,28480.78
1771890300000,77.763,77.901,77.578,77.856,25840.35
1771891200000,77.854,78.295,77.853,78.259,27998.39
1771892100000,78.261,78.332,78.088,78.188,21917.55
1771893000000,78.185,78.417,78.091,78.381,20355.14
1771893900000,78.378,78.479,78.213,78.399,18564.95
1771894800000,78.399,78.402,77.358,77.417,38334.37
1771895700000,77.417,78.038,75.703,77.82,153375.75
1771896600000,77.82,78.241,77.462,77.671,42644.25
1771897500000,77.669,77.848,77.325,77.621,23464.93
1771898400000,77.621,78.004,77.464,77.891,31934.84
1771899300000,77.891,78.094,77.646,78.014,24053.12
1771900200000,78.014,78.359,77.6,77.635,30521.83
1771901100000,77.637,77.698,77.465,77.604,33244.77
1771902000000,77.601,77.604,76.752,77.004,36748.11
1771902900000,77.001,77.175,76.812,76.891,28771.15
1771903800000,76.894,76.988,76.663,76.757,28072.93
1771904700000,76.754,77.012,76.456,76.837,29881.61
1771905600000,76.837,77.02,76.177,76.18,30335.61
1771906500000,76.189,76.919,76.072,76.744,40502.98
1771907400000,76.747,76.8,76.294,76.715,34421.66
1771908300000,76.715,76.8,76.629,76.799,21833.0
1771909200000,76.799,77.272,76.674,77.154,32036.57
1771910100000,77.154,77.155,76.2,76.422,36481.45
1771911000000,76.496,76.726,76.305,76.443,22704.23
1771911900000,76.421,76.662,76.377,76.588,19843.44
1771912800000,76.588,76.764,76.344,76.52,25300.11
1771913700000,76.521,76.874,76.52,76.745,20919.25
1771914600000,76.745,76.885,76.633,76.785,20131.34
1771915500000,76.787,76.817,76.405,76.534,27876.72
1771916400000,76.537,77.139,76.458,77.084,31002.3
1771917300000,77.084,77.165,76.814,77.127,23855.51
1771918200000,77.127,77.132,76.642,76.676,27342.53
1771919100000,76.676,76.814,76.565,76.808,18484.43
1771920000000,76.804,76.808,76.455,76.624,31022.81
1771920900000,76.628,76.961,76.513,76.888,29206.38
1771921800000,76.884,77.099,76.844,76.945,34661.52
1771922700000,76.945,77.148,76.944,76.981,18677.09
1771923600000,76.981,77.092,76.761,76.898,19021.89
1771924500000,76.898,76.945,76.414,76.515,32157.68
1771925400000,76.517,76.578,75.98,76.548,36191.95
1771926300000,76.545,76.681,76.373,76.594,23254.03
1771927200000,76.594,76.728,76.41,76.594,18823.75
1771928100000,76.594,76.76,76.493,76.584,19821.01
1771929000000,76.581,76.719,76.363,76.464,20240.07
1771929900000,76.461,76.769,76.44,76.701,18237.99
1771930800000,76.704,76.855,76.645,76.684,18899.58
1771931700000,76.684,76.768,76.59,76.63,19207.74
1771932600000,76.633,76.704,76.441,76.598,17641.03
1771933500000,76.598,76.746,76.57,76.72,18320.63
1771934400000,76.719,76.898,76.531,76.831,19486.99
1771935300000,76.831,76.99,76.699,76.974,30831.93
1771936200000,76.974,76.978,76.521,76.591,54879.6
1771937100000,76.593,76.729,76.46,76.541,23722.85
1771938000000,76.543,76.753,76.453,76.728,26186.7
1771938900000,76.714,76.735,76.37,76.414,29625.75
1771939800000,76.412,76.723,75.995,76.435,82542.63
1771940700000,76.435,76.673,76.385,76.509,28424.82
1771941600000,76.507,76.587,76.286,76.394,41424.37
1771942500000,76.393,76.464,76.123,76.251,27631.6
1771943400000,76.251,76.987,75.62,76.733,116898.23
1771944300000,76.739,77.377,76.608,76.828,102842.56
1771945200000,76.828,77.165,76.558,77.137,57184.85
1771946100000,77.137,77.438,76.99,77.37,55105.22
1771947000000,77.366,77.37,76.883,77.067,36880.43
1771947900000,77.067,77.278,76.99,77.247,21545.91
1771948800000,77.247,78.188,77.176,77.881,101732.8
1771949700000,77.878,78.03,77.71,77.769,38412.58
1771950600000,77.77,77.972,77.32,77.761,44229.36
1771951500000,77.76,78.12,77.384,78.072,24354.12
1771952400000,78.072,78.427,77.971,78.388,70881.22
1771953300000,78.387,78.421,78.052,78.07,63662.16
1771954200000,78.07,78.146,77.917,77.948,23238.03
1771955100000,77.95,78.037,77.749,77.915,23532.07
1771956000000,77.921,78.262,77.508,77.582,39065.0
1771956900000,77.582,78.09,77.531,77.947,29146.93
1771957800000,77.944,78.254,77.904,78.13,19825.58
1771958700000,78.128,78.237,78.107,78.135,17915.0
1771959600000,78.135,78.456,77.91,77.944,21959.32
1771960500000,77.941,78.353,77.836,78.186,23627.41
1771961400000,78.186,78.339,78.091,78.297,19371.23
1771962300000,78.294,78.351,78.096,78.321,21302.51
1771963200000,78.316,78.642,78.28,78.507,29345.79
1771964100000,78.507,78.782,78.502,78.699,28962.21
1771965000000,78.697,78.821,78.522,78.761,23672.42
1771965900000,78.761,78.785,78.543,78.617,21177.41
1771966800000,78.62,78.621,78.142,78.416,32310.1
1771967700000,78.413,78.502,78.071,78.237,25806.29
1771968600000,78.233,78.387,78.132,78.273,22674.37
1771969500000,78.273,78.678,78.166,78.493,25003.23
1771970400000,78.494,79.318,78.393,79.2,36245.87
1771971300000,79.197,79.224,78.84,78.973,25638.92
1771972200000,78.978,79.037,78.747,78.847,21478.45
1771973100000,78.843,79.033,78.73,79.004,19797.28
1771974000000,79.007,79.08,78.528,79.045,30472.23
1771974900000,79.045,79.382,79.006,79.382,23258.63
1771975800000,79.377,79.557,79.319,79.407,29765.31
1771976700000,79.406,79.439,78.843,78.907,23472.16
1771977600000,78.904,78.982,78.774,78.78,20927.18
1771978500000,78.799,78.966,78.673,78.696,18630.92
1771979400000,78.696,79.247,78.695,79.247,20721.53
1771980300000,79.195,79.354,79.079,79.136,18187.82
1771981200000,79.133,81.853,79.053,81.322,127573.44
1771982100000,81.323,82.522,81.096,81.924,86832.06
1771983000000,81.924,82.303,81.568,81.595,31619.19
1771983900000,81.599,82.13,81.596,81.962,25907.19
1771984800000,81.96,82.897,81.96,82.638,74081.77
1771985700000,82.645,82.673,82.312,82.35,70932.36
1771986600000,82.35,82.451,81.985,82.182,51628.06
1771987500000,82.182,82.639,82.18,82.415,55166.31
1771988400000,82.416,82.523,82.155,82.195,58113.18
1771989300000,82.194,82.221,81.669,81.776,46241.23
1771990200000,81.773,81.948,81.59,81.769,26293.4
1771991100000,81.767,82.009,81.614,81.72,21729.88
1771992000000,81.72,81.941,81.254,81.844,31516.5
1771992900000,81.847,82.192,81.7,82.184,78959.82
1771993800000,82.178,82.372,82.118,82.34,23947.09
1771994700000,82.337,82.34,81.893,81.897,27705.88
1771995600000,81.899,82.133,81.842,81.847,19899.98
1771996500000,81.843,81.915,81.419,81.47,25873.95
1771997400000,81.47,81.547,80.955,81.152,44299.42
1771998300000,81.152,81.384,81.069,81.277,21607.35
1771999200000,81.273,81.351,81.174,81.211,19792.73
1772000100000,81.211,81.847,81.124,81.663,25699.61
1772001000000,81.661,81.784,81.579,81.741,19751.2
1772001900000,81.741,81.744,81.389,81.533,20546.5
1772002800000,81.537,81.918,81.456,81.834,25563.81
1772003700000,81.831,82.352,81.776,82.114,31048.29
1772004600000,82.114,82.365,81.942,82.007,33180.17
1772005500000,82.004,82.161,81.936,82.14,20379.53
1772006400000,82.138,82.184,81.879,81.973,22219.69
1772007300000,81.971,82.45,81.933,82.347,32383.35
1772008200000,82.347,82.505,82.253,82.27,23823.12
1772009100000,82.273,82.43,82.176,82.43,31703.33
1772010000000,82.429,82.651,82.331,82.443,24746.49
1772010900000,82.444,82.575,82.339,82.392,20868.39
1772011800000,82.392,82.412,82.198,82.279,19613.54
1772012700000,82.277,82.594,82.276,82.506,19152.43
1772013600000,82.503,82.762,82.46,82.758,23167.08
1772014500000,82.766,82.886,82.51,82.569,24941.18
1772015400000,82.567,82.698,82.504,82.647,18654.36
1772016300000,82.647,82.812,82.41,82.492,23327.81
1772017200000,82.498,82.595,82.29,82.484,22844.7
1772018100000,82.484,82.879,82.45,82.82,25016.94
1772019000000,82.82,83.137,82.79,82.958,38886.08
1772019900000,82.96,83.342,82.932,83.337,27214.16
1772020800000,83.337,83.337,82.933,82.936,31182.23
1772021700000,82.933,83.472,82.853,83.296,39429.43
1772022600000,83.294,83.467,83.21,83.447,23485.48
1772023500000,83.45,84.047,83.41,83.611,72672.94
1772024400000,83.611,83.899,83.401,83.537,37432.04
1772025300000,83.537,83.881,83.437,83.768,24024.18
1772026200000,83.77,84.136,83.69,83.977,33785.83
1772027100000,83.977,84.4,83.642,83.774,61625.1
1772028000000,83.774,84.353,83.76,84.15,32409.66
1772028900000,84.147,84.586,84.06,84.337,45057.42
1772029800000,84.344,84.584,83.959,84.44,46092.21
1772030700000,84.431,85.755,84.431,85.602,105378.59
1772031600000,85.595,86.009,85.021,85.175,96582.31
1772032500000,85.175,85.656,85.066,85.369,38407.75
1772033400000,85.369,86.141,85.204,86.076,55398.11
1772034300000,86.076,86.417,85.794,85.959,64328.86
1772035200000,85.964,86.478,85.928,86.202,44621.35
1772036100000,86.202,87.585,86.131,87.167,110557.33
1772037000000,87.162,87.445,86.912,87.249,43650.86
1772037900000,87.25,87.62,87.242,87.502,39513.31
1772038800000,87.502,88.547,87.366,88.299,83727.43
1772039700000,88.271,88.415,87.862,88.276,37348.22
1772040600000,88.276,88.741,87.998,88.6,43554.33
1772041500000,88.657,88.885,88.306,88.536,39133.13
1772042400000,88.536,88.584,87.958,88.439,63091.88
1772043300000,88.439,88.922,88.11,88.77,32146.23
1772044200000,88.77,89.136,88.512,88.983,48005.51
1772045100000,88.983,89.047,88.708,88.912,26662.61
1772046000000,88.91,88.995,88.31,88.689,37738.05
1772046900000,88.692,89.363,88.649,88.979,41367.32
1772047800000,88.982,89.191,88.756,89.069,26029.44
1772048700000,89.069,89.602,89.063,89.383,37785.0
1772049600000,89.383,89.58,89.017,89.029,31357.86
1772050500000,89.017,89.191,88.964,88.996,27832.9
1772051400000,88.999,89.83,88.932,89.725,42607.66
1772052300000,89.725,90.059,89.257,89.353,45767.96
1772053200000,89.354,89.845,89.354,89.529,28223.14
1772054100000,89.532,89.899,89.461,89.619,21771.47
1772055000000,89.616,92.104,89.575,90.454,148605.75
1772055900000,90.448,90.487,89.57,89.823,31160.76
1772056800000,89.822,90.484,89.817,90.305,44716.21
1772057700000,90.305,90.347,89.654,89.731,32460.24
1772058600000,89.736,90.06,88.753,88.88,52345.1
1772059500000,88.88,89.267,88.331,89.071,42717.71
1772060400000,89.064,89.294,88.578,89.056,36272.33
1772061300000,89.056,89.056,88.386,88.409,35168.84
1772062200000,88.412,88.449,87.076,87.167,62637.72
1772063100000,87.167,88.042,87.081,88.001,38670.64
1772064000000,88.001,88.786,87.81,88.598,40546.63
1772064900000,88.599,89.206,88.576,88.945,27247.94
1772065800000,88.943,89.202,88.161,88.512,29638.82
1772066700000,88.512,88.637,88.241,88.587,20573.78
1772067600000,88.59,89.123,88.349,88.97,35285.44
1772068500000,88.964,89.0,88.525,88.687,31665.05
1772069400000,88.701,88.924,88.176,88.43,22057.07
1772070300000,88.437,88.618,88.237,88.375,19871.17
1772071200000,88.376,88.437,87.534,87.593,31645.21
1772072100000,87.59,88.185,87.559,87.613,22460.22
1772073000000,87.613,88.224,87.611,88.173,25681.81
1772073900000,88.173,88.359,88.052,88.16,24246.11
1772074800000,88.16,88.321,87.785,87.91,27202.41
1772075700000,87.907,88.006,87.736,87.867,16362.57
1772076600000,87.863,88.121,87.763,88.013,30327.89
1772077500000,88.01,88.218,87.906,87.916,31186.62
1772078400000,87.919,88.526,87.81,88.32,22750.13
1772079300000,88.32,88.525,88.128,88.337,21466.63
1772080200000,88.337,89.014,88.311,88.76,27452.2
1772081100000,88.76,88.888,88.673,88.687,18459.13
1772082000000,88.69,88.69,87.338,87.604,46212.75
1772082900000,87.604,87.634,87.176,87.478,41147.35
1772083800000,87.481,87.815,87.306,87.793,43463.84
1772084700000,87.791,87.858,87.612,87.731,30145.31
1772085600000,87.731,87.963,87.443,87.767,29030.75
1772086500000,87.763,87.919,87.566,87.6,30029.59
1772087400000,87.567,87.699,87.375,87.531,20906.7
1772088300000,87.531,87.669,87.477,87.597,16858.56
1772089200000,87.597,87.81,87.577,87.677,18743.79
1772090100000,87.674,87.842,87.53,87.689,53825.72
1772091000000,87.689,87.717,87.277,87.44,22019.04
1772091900000,87.443,87.53,87.183,87.21,25081.73
1772092800000,87.207,87.518,87.207,87.474,29271.12
1772093700000,87.474,87.825,87.284,87.54,34616.6
1772094600000,87.54,87.692,87.337,87.417,34883.13
1772095500000,87.417,87.593,87.241,87.27,32005.82
1772096400000,87.27,88.616,87.19,88.301,56945.98
1772097300000,88.301,88.328,87.867,87.924,46471.25
1772098200000,87.924,88.378,87.853,88.237,40805.25
1772099100000,88.242,88.378,88.159,88.288,44198.46
1772100000000,88.285,88.514,87.934,87.935,30826.25
1772100900000,87.934,87.955,87.6,87.601,31014.86
1772101800000,87.6,87.694,87.373,87.624,30085.88
1772102700000,87.624,87.663,87.233,87.414,26090.79
1772103600000,87.41,87.557,87.26,87.281,19058.2
1772104500000,87.277,87.3,86.625,86.82,61970.24
1772105400000,86.82,86.962,86.786,86.864,28041.55
1772106300000,86.864,86.866,86.57,86.747,54469.81
1772107200000,86.75,87.111,86.669,87.056,46871.83
1772108100000,87.056,87.416,87.017,87.3,40443.39
1772109000000,87.3,87.609,87.219,87.401,37961.93
1772109900000,87.401,87.739,87.321,87.644,37643.48
1772110800000,87.644,87.777,87.469,87.653,29911.32
1772111700000,87.657,87.762,87.491,87.742,32705.69
1772112600000,87.737,87.77,87.456,87.734,24184.41
1772113500000,87.73,88.016,87.439,87.573,32167.7
1772114400000,87.573,87.984,87.215,87.872,40097.68
1772115300000,87.871,87.908,87.566,87.753,36366.77
1772116200000,87.753,88.192,87.111,87.298,75222.1
1772117100000,87.304,87.304,86.266,86.977,91640.44
1772118000000,86.977,87.049,86.195,86.516,65092.0
1772118900000,86.516,86.521,85.518,85.754,92527.71
1772119800000,85.75,86.731,85.248,86.37,80236.08
1772120700000,86.38,86.83,86.161,86.491,36635.07
1772121600000,86.491,86.687,85.963,86.202,56073.77
1772122500000,86.191,86.685,86.099,86.502,37198.58
1772123400000,86.5,86.558,85.361,85.484,61569.64
1772124300000,85.484,85.503,84.282,84.51,105696.22
1772125200000,84.509,85.281,84.458,85.068,77823.25
1772126100000,85.064,85.23,84.857,85.041,32865.48
1772127000000,85.038,85.234,84.757,85.034,30679.79
1772127900000,85.038,85.09,84.797,84.841,25522.96
1772128800000,84.841,85.033,84.416,84.652,35372.11
1772129700000,84.652,85.039,84.523,84.711,28286.12
1772130600000,84.714,85.642,84.711,85.441,45951.01
1772131500000,85.438,85.495,85.26,85.332,20720.25
1772132400000,85.332,86.37,85.305,85.88,48704.55
1772133300000,85.88,86.262,85.877,86.0,22358.96
1772134200000,85.998,86.198,85.746,85.891,23511.25
1772135100000,85.891,86.582,85.891,86.424,27550.59
1772136000000,86.446,86.812,86.337,86.5,26644.06
1772136900000,86.503,86.692,86.32,86.336,26804.64
1772137800000,86.336,86.373,86.019,86.113,23462.74
1772138700000,86.113,86.221,85.826,85.986,28498.97
1772139600000,85.986,86.195,85.717,86.087,25904.6
1772140500000,86.087,86.218,85.962,86.204,19421.75
1772141400000,86.2,86.242,85.859,86.094,26722.4
1772142300000,86.096,86.194,85.853,85.877,20155.78
1772143200000,85.877,86.128,85.855,86.04,27071.6
1772144100000,86.044,86.044,85.756,85.887,16901.28
1772145000000,85.885,86.141,85.845,86.137,18505.04
1772145900000,86.137,86.201,85.95,86.09,19469.08
1772146800000,86.087,86.09,85.753,85.947,19534.86
1772147700000,85.951,86.049,85.816,85.96,17178.19
1772148600000,85.96,86.0,85.716,85.728,19656.09
1772149500000,85.73,85.935,85.713,85.857,18043.46
1772150400000,85.854,85.974,85.659,85.796,21034.31
1772151300000,85.796,85.855,85.484,85.664,24740.69
1772152200000,85.664,85.677,85.319,85.339,20078.91
1772153100000,85.344,85.797,85.143,85.771,24266.32
1772154000000,85.771,85.834,85.256,85.388,24641.16
1772154900000,85.388,85.705,85.263,85.557,24767.73
1772155800000,85.56,86.038,85.474,85.727,25616.01
1772156700000,85.727,86.093,85.643,86.061,21300.27
1772157600000,86.061,86.32,86.01,86.052,24517.7
1772158500000,86.054,86.383,85.9,86.228,25922.21
1772159400000,86.224,86.744,86.224,86.614,23324.17
1772160300000,86.614,86.689,86.479,86.527,29498.58
1772161200000,86.522,86.618,86.331,86.39,25883.15
1772162100000,86.387,86.528,86.31,86.326,27272.77
1772163000000,86.329,87.147,86.307,87.147,31259.45
1772163900000,87.13,87.781,86.977,87.573,54107.95
1772164800000,87.573,87.93,87.445,87.85,31763.64
1772165700000,87.85,88.24,87.849,87.914,33756.0
1772166600000,87.914,87.94,87.462,87.558,26157.88
1772167500000,87.553,87.832,87.433,87.501,31510.81
1772168400000,87.503,87.754,87.489,87.677,19559.08
1772169300000,87.677,87.793,87.326,87.482,21965.04
1772170200000,87.482,87.797,87.482,87.693,17008.38
1772171100000,87.696,87.704,87.349,87.482,26301.83
1772172000000,87.475,87.559,87.196,87.233,23665.12
1772172900000,87.233,87.241,86.81,87.028,47129.12
1772173800000,87.039,87.36,86.977,87.257,32434.3
1772174700000,87.257,87.47,87.206,87.294,22119.64
1772175600000,87.294,87.36,87.063,87.219,18778.96
1772176500000,87.219,87.219,86.963,87.001,28105.81
1772177400000,86.996,87.128,86.758,86.957,26083.26
1772178300000,86.957,87.395,86.943,87.275,23246.93
1772179200000,87.271,87.875,87.24,87.646,48630.86
1772180100000,87.646,87.732,87.504,87.611,20902.81
1772181000000,87.611,87.815,87.2,87.517,36297.71
1772181900000,87.517,87.657,87.381,87.527,35279.45
1772182800000,87.531,87.741,87.474,87.724,19883.48
1772183700000,87.727,87.777,87.309,87.377,28338.9
1772184600000,87.377,87.449,86.678,86.693,54577.66
1772185500000,86.693,86.697,86.213,86.274,39515.2
1772186400000,86.271,86.435,85.325,85.376,61049.46
1772187300000,85.38,85.701,85.088,85.166,45243.45
1772188200000,85.17,85.484,85.127,85.281,27228.28
1772189100000,85.285,85.332,84.523,84.661,46381.36
1772190000000,84.661,84.909,84.661,84.75,28728.25
1772190900000,84.744,84.752,84.168,84.427,65418.59
1772191800000,84.427,84.446,83.35,83.444,70028.05
1772192700000,83.444,83.736,83.274,83.548,43445.98
1772193600000,83.55,83.694,83.174,83.363,33972.8
1772194500000,83.361,83.593,83.079,83.257,38474.05
1772195400000,83.254,83.305,82.716,82.791,48852.85
1772196300000,82.788,83.081,82.62,83.081,35218.0
1772197200000,83.08,83.513,82.904,83.012,43644.12
1772198100000,83.012,83.158,82.708,82.891,29502.82
1772199000000,82.882,82.89,81.926,82.522,84399.25
1772199900000,82.524,83.217,82.424,83.021,41263.17
1772200800000,83.021,83.082,82.804,83.078,34307.37
1772201700000,83.082,83.082,82.333,82.618,29336.5
1772202600000,82.618,83.303,82.466,82.589,40217.38
1772203500000,82.59,82.611,82.05,82.342,48115.42
1772204400000,82.338,83.006,82.244,82.739,43847.05
1772205300000,82.742,82.979,82.476,82.796,28637.0
1772206200000,82.796,82.796,82.381,82.644,36591.36
1772207100000,82.644,82.95,82.536,82.63,24539.0
1772208000000,82.635,82.635,81.967,82.061,40478.71
1772208900000,82.058,82.346,81.95,82.184,29294.94
1772209800000,82.184,82.231,81.432,81.515,46575.17
1772210700000,81.515,81.722,81.253,81.299,56456.2
1772211600000,81.3,81.735,81.299,81.488,52418.48
1772212500000,81.491,81.602,81.189,81.274,34120.83
1772213400000,81.278,81.59,81.072,81.401,46576.68
1772214300000,81.401,81.847,81.275,81.797,29572.24
1772215200000,81.784,81.893,81.494,81.578,26056.77
1772216100000,81.577,81.775,81.361,81.742,38934.57
1772217000000,81.736,81.985,81.683,81.769,24610.99
1772217900000,81.769,81.772,81.383,81.434,28001.66
1772218800000,81.434,81.525,81.091,81.354,46030.12
1772219700000,81.354,81.682,81.27,81.51,30621.01
1772220600000,81.508,81.558,81.253,81.307,25402.54
1772221500000,81.307,81.572,81.307,81.527,19046.99
1772222400000,81.527,81.842,81.475,81.794,27306.59
1772223300000,81.796,81.816,81.633,81.637,20102.9
1772224200000,81.635,81.703,81.5,81.551,19090.7
1772225100000,81.551,81.614,81.171,81.395,22142.17
1772226000000,81.395,81.772,81.332,81.608,30334.33
1772226900000,81.608,81.681,81.412,81.526,18216.97
1772227800000,81.524,81.527,81.27,81.354,18271.86
1772228700000,81.355,81.419,80.842,81.158,49378.7
1772229600000,81.158,81.274,81.089,81.225,17671.05
1772230500000,81.225,81.377,80.98,81.081,20037.7
1772231400000,81.081,81.527,80.245,81.467,70581.59
1772232300000,81.467,81.548,81.119,81.369,33272.2
1772233200000,81.371,81.643,81.3,81.389,36346.47
1772234100000,81.384,81.673,81.382,81.63,23318.28
1772235000000,81.63,81.949,81.573,81.658,24696.77
1772235900000,81.658,82.058,81.628,81.785,24538.07
1772236800000,81.781,82.039,81.728,82.036,20225.83
1772237700000,82.038,82.051,81.531,81.624,22023.45
1772238600000,81.625,82.082,81.583,82.021,21257.07
1772239500000,82.018,82.1,81.915,82.045,19504.63
1772240400000,82.056,82.21,81.921,82.009,22807.12
1772241300000,82.028,82.174,81.877,81.895,18649.71
1772242200000,81.913,81.953,81.689,81.782,24096.56
1772243100000,81.784,81.902,81.714,81.724,21061.5
1772244000000,81.725,81.925,81.648,81.871,21871.03
1772244900000,81.842,82.13,81.842,81.992,17989.19
1772245800000,81.995,82.099,81.967,82.072,16691.07
1772246700000,82.072,82.13,82.031,82.085,18440.96
1772247600000,82.085,82.087,81.889,81.908,18783.05
1772248500000,81.914,82.019,81.854,81.886,18414.63
1772249400000,81.888,81.911,81.517,81.539,22807.32
1772250300000,81.515,81.745,81.514,81.698,19531.96
1772251200000,81.698,81.784,81.579,81.784,19356.81
1772252100000,81.784,81.852,81.521,81.522,20387.55
1772253000000,81.528,81.634,81.166,81.631,29633.8
1772253900000,81.631,81.722,81.542,81.578,15956.93
1772254800000,81.581,81.744,81.55,81.697,20573.77
1772255700000,81.734,81.734,81.544,81.545,18661.76
1772256600000,81.545,81.548,81.235,81.342,22251.83
1772257500000,81.335,81.52,81.321,81.514,16374.89
1772258400000,81.514,81.514,81.122,81.17,18390.92
1772259300000,81.17,81.182,79.1,79.628,163985.56
1772260200000,79.648,79.679,77.975,78.895,138354.5
1772261100000,78.894,78.895,77.083,77.506,91972.69
1772262000000,77.486,78.741,77.093,78.435,99957.14
1772262900000,78.459,78.653,77.771,77.943,50144.8
1772263800000,77.943,79.537,77.841,79.147,70940.26
1772264700000,79.147,79.152,78.558,78.663,42211.73
1772265600000,78.663,78.668,78.236,78.292,40069.0
1772266500000,78.292,78.543,77.909,78.228,54796.29
1772267400000,78.246,78.452,78.052,78.152,31560.7
1772268300000,78.152,78.197,77.789,77.964,27140.15
1772269200000,77.944,78.324,77.684,78.223,42770.91
1772270100000,78.223,78.65,78.045,78.535,36473.19
1772271000000,78.543,78.543,78.126,78.325,21004.77
1772271900000,78.325,78.489,78.105,78.367,20468.15
1772272800000,78.366,78.376,77.924,78.037,29096.5
1772273700000,78.04,78.548,77.98,78.42,23874.78
1772274600000,78.424,79.115,78.407,78.787,41479.1
1772275500000,78.756,79.108,78.756,79.05,24302.11
1772276400000,79.05,79.446,79.009,79.251,33469.63
1772277300000,79.258,79.387,79.081,79.346,22194.6
1772278200000,79.346,79.527,78.87,78.92,30752.54
1772279100000,78.92,79.055,78.599,78.7,28079.04
1772280000000,78.7,79.076,78.642,78.968,28012.57
1772280900000,78.963,79.161,78.889,78.977,21523.64
1772281800000,78.973,79.058,78.879,78.95,21032.57
1772282700000,78.937,78.985,78.599,78.854,24652.92
1772283600000,78.854,79.105,78.746,79.097,32507.08
1772284500000,79.105,79.317,78.803,78.835,26312.4
1772285400000,78.837,79.075,78.646,79.075,21563.75
1772286300000,79.075,80.892,79.073,80.738,115391.63
1772287200000,80.73,81.445,80.289,80.396,74131.88
1772288100000,80.395,80.698,80.23,80.566,36151.88
1772289000000,80.567,81.321,80.328,81.086,46591.1
1772289900000,81.08,81.237,79.999,80.179,64408.88
1772290800000,80.184,80.581,79.571,79.655,36011.97
1772291700000,79.663,81.012,79.654,80.719,52788.28
1772292600000,80.72,80.998,80.508,80.75,32793.98
1772293500000,80.753,80.874,80.59,80.867,22436.82
1772294400000,80.869,80.978,80.44,80.852,25365.37
1772295300000,80.852,80.964,80.606,80.89,19846.14
1772296200000,80.89,81.23,80.627,81.226,26826.89
1772297100000,81.226,81.256,80.802,81.027,25866.1
1772298000000,81.025,81.05,80.829,80.988,20930.9
1772298900000,80.982,81.101,80.839,81.089,21445.57
1772299800000,81.09,81.218,80.562,80.724,25252.21
1772300700000,80.724,81.437,80.647,81.329,28953.79
1772301600000,81.33,81.446,81.135,81.167,26392.59
1772302500000,81.171,81.278,81.041,81.117,25399.12
1772303400000,81.118,82.322,81.113,82.066,69149.26
1772304300000,82.066,82.841,81.999,82.298,67507.12
1772305200000,82.304,82.35,81.59,81.79,37969.62
1772306100000,81.793,81.958,81.403,81.47,30041.49
1772307000000,81.471,82.712,81.471,82.165,57395.37
1772307900000,82.165,82.491,81.937,82.162,32755.72
1772308800000,82.17,82.727,81.936,82.635,30261.55
1772309700000,82.641,83.679,82.494,83.354,64432.54
1772310600000,83.353,83.987,83.082,83.748,42974.27
1772311500000,83.743,84.97,83.742,84.833,65970.65
1772312400000,84.838,84.95,83.551,84.072,62432.79
1772313300000,84.065,84.386,83.699,84.1,26228.57
1772314200000,84.104,84.977,84.016,84.431,31895.35
1772315100000,84.426,84.707,84.111,84.426,21558.92
1772316000000,84.426,84.839,84.426,84.56,21388.6
1772316900000,84.563,84.899,84.446,84.629,22223.72
1772317800000,84.629,85.608,84.496,84.85,46319.87
1772318700000,84.851,84.921,84.198,84.244,23581.51
1772319600000,84.244,84.675,84.181,84.209,23381.37
1772320500000,84.209,84.397,84.096,84.129,20951.92
1772321400000,84.127,84.325,83.883,84.062,20126.94
1772322300000,84.066,84.407,84.062,84.323,20485.03
1772323200000,84.29,84.716,84.29,84.66,23953.14
1772324100000,84.656,84.825,84.412,84.447,19838.53
1772325000000,84.447,84.647,84.273,84.525,18876.99
1772325900000,84.525,84.944,84.439,84.843,21608.26
1772326800000,84.843,84.868,84.301,84.48,25546.2
1772327700000,84.477,84.943,84.245,84.762,23505.71
1772328600000,84.763,85.546,84.629,85.23,34626.22
1772329500000,85.238,87.451,85.203,86.697,108853.29
1772330400000,86.697,88.496,86.697,88.026,98153.28
1772331300000,88.096,88.599,87.61,88.158,44144.41
1772332200000,88.158,88.873,87.825,88.625,42181.91
1772333100000,88.618,88.625,87.74,87.956,41552.71
1772334000000,87.956,88.16,87.852,87.909,20745.25
1772334900000,87.909,88.163,87.674,88.132,34700.85
1772335800000,88.127,88.299,87.921,88.045,20335.79
1772336700000,88.041,88.197,87.617,87.98,27407.98
1772337600000,87.986,88.224,87.503,87.536,38403.87
1772338500000,87.536,87.809,86.872,87.686,61841.95
1772339400000,87.659,87.779,87.484,87.679,24288.31
1772340300000,87.679,87.81,87.438,87.512,19754.15
1772341200000,87.512,87.887,87.467,87.588,19836.98
1772342100000,87.588,87.991,87.588,87.816,27116.52
1772343000000,87.816,87.87,87.481,87.482,17802.83
1772343900000,87.482,87.596,87.156,87.232,29302.5
1772344800000,87.236,87.337,86.31,86.616,42084.85
1772345700000,86.616,86.943,86.587,86.732,30137.85
1772346600000,86.732,86.802,86.211,86.401,25630.67
1772347500000,86.373,86.775,86.135,86.645,24318.22
1772348400000,86.642,86.872,86.398,86.712,25203.69
1772349300000,86.712,86.84,86.394,86.472,19045.31
1772350200000,86.472,86.758,86.28,86.619,24921.76
1772351100000,86.619,86.693,86.511,86.586,22065.18
1772352000000,86.586,86.787,86.191,86.665,25511.57
1772352900000,86.665,86.71,86.391,86.492,19833.65
1772353800000,86.492,86.516,86.284,86.317,26857.87
1772354700000,86.317,86.361,85.014,85.196,63763.84
1772355600000,85.192,85.476,84.919,85.396,26495.62
1772356500000,85.396,85.816,85.372,85.519,28117.58
1772357400000,85.519,85.575,84.847,84.969,29313.63
1772358300000,84.969,85.054,84.784,84.952,20317.39
1772359200000,84.952,85.283,84.672,85.188,37300.22
1772360100000,85.216,85.288,85.023,85.232,24747.71
1772361000000,85.224,85.62,85.068,85.079,29248.97
1772361900000,85.079,85.267,84.957,85.197,19503.91
1772362800000,85.197,85.4,85.192,85.304,16284.4
1772363700000,85.305,85.483,85.195,85.2,21122.07
1772364600000,85.2,85.339,84.95,85.068,23126.09
1772365500000,85.072,85.229,85.062,85.136,18247.86
1772366400000,85.136,85.286,85.084,85.187,21997.1
1772367300000,85.187,85.34,85.0,85.032,21663.29
1772368200000,85.032,85.231,84.728,85.152,26654.84
1772369100000,85.153,85.153,84.779,84.835,21539.27
1772370000000,84.835,85.004,84.629,84.881,23318.64
1772370900000,84.88,85.017,84.487,84.732,34809.71
1772371800000,84.732,84.94,84.59,84.866,19045.86
1772372700000,84.868,86.918,84.823,86.019,98839.7
1772373600000,86.042,86.816,85.887,86.364,99120.98
1772374500000,86.365,86.492,85.66,85.768,34612.83
1772375400000,85.763,86.12,85.363,85.563,35895.2
1772376300000,85.57,85.878,85.519,85.785,26046.35
1772377200000,85.785,86.309,85.721,86.287,27652.94
1772378100000,86.287,86.455,86.027,86.102,30453.4
1772379000000,86.108,86.612,86.102,86.499,19463.54
1772379900000,86.498,86.498,85.581,85.617,30662.54
1772380800000,85.622,86.002,85.254,85.757,37058.99
1772381700000,85.757,86.018,85.455,85.875,24834.44
1772382600000,85.88,85.951,85.547,85.547,23301.58
1772383500000,85.561,85.576,83.724,83.967,105884.51
1772384400000,83.969,84.23,83.67,84.069,36398.74
1772385300000,84.047,84.083,83.162,83.613,46633.84
1772386200000,83.642,84.113,83.538,83.954,22980.31
1772387100000,83.954,84.242,83.821,83.856,31406.36
1772388000000,83.856,84.94,83.844,84.415,49522.48
1772388900000,84.415,84.702,84.162,84.21,26401.08
1772389800000,84.211,84.421,84.068,84.273,23267.62
1772390700000,84.273,84.374,83.823,83.883,23529.33
1772391600000,83.887,83.961,83.56,83.574,22465.88
1772392500000,83.574,83.667,83.29,83.327,25050.09
1772393400000,83.33,83.629,83.038,83.1,32008.95
1772394300000,83.066,83.336,83.012,83.183,28992.48
1772395200000,83.183,83.226,82.358,82.437,65534.97
1772396100000,82.428,82.548,82.216,82.269,30330.17
1772397000000,82.273,82.361,81.659,81.869,45712.01
1772397900000,81.842,82.095,81.727,81.942,25608.92
1772398800000,81.94,82.494,81.875,82.447,25519.54
1772399700000,82.45,82.854,82.4,82.798,26498.79
1772400600000,82.806,82.971,82.681,82.841,20565.19
1772401500000,82.841,82.947,82.786,82.883,20251.57
1772402400000,82.888,84.01,82.733,83.347,47302.76
1772403300000,83.365,83.568,82.902,83.194,32566.76
1772404200000,83.181,83.361,82.343,82.868,37582.2
1772405100000,82.863,82.996,82.505,82.659,20402.02
1772406000000,82.664,84.01,82.465,83.54,40409.45
1772406900000,83.537,83.808,83.351,83.373,23432.91
1772407800000,83.378,83.773,83.311,83.646,23203.07
1772408700000,83.646,83.834,83.416,83.541,17491.98
1772409600000,83.541,84.188,83.439,83.835,27373.61
1772410500000,83.836,84.01,83.533,83.852,21301.34
1772411400000,83.851,84.898,83.826,84.898,28886.04
1772412300000,84.9,85.178,84.526,84.96,43761.79
1772413200000,84.957,86.127,84.812,85.763,47623.52
1772414100000,85.767,85.882,84.746,84.8,29283.92
1772415000000,84.838,85.022,84.696,84.727,20760.42
1772415900000,84.727,84.799,84.365,84.574,21585.28
1772416800000,84.571,84.731,83.422,83.74,42574.48
1772417700000,83.74,84.21,83.733,84.064,23021.25
1772418600000,84.067,84.552,83.979,84.204,26768.25
1772419500000,84.206,84.386,83.981,84.099,21109.98
1772420400000,84.103,84.579,83.78,84.438,26565.92
1772421300000,84.439,84.951,84.319,84.807,24323.22
1772422200000,84.807,85.069,84.651,84.842,24461.01
1772423100000,84.842,85.032,84.641,84.723,23848.29
1772424000000,84.723,84.774,84.43,84.537,18374.22
1772424900000,84.537,84.675,84.185,84.65,20131.2
1772425800000,84.65,84.7,84.282,84.363,22375.77
1772426700000,84.363,84.363,84.061,84.248,23147.44
1772427600000,84.248,84.314,83.791,84.036,24598.66
1772428500000,84.036,84.294,83.988,84.173,18007.12
1772429400000,84.175,84.644,84.173,84.581,26338.81
1772430300000,84.581,84.59,84.07,84.169,20053.61
1772431200000,84.17,84.173,83.755,83.9,24523.13
1772432100000,83.897,83.929,82.834,83.348,64256.78
1772433000000,83.327,83.535,83.097,83.263,25678.94
1772433900000,83.26,83.288,82.906,83.194,20881.55
1772434800000,83.194,83.225,82.385,82.57,40097.99
1772435700000,82.575,82.872,82.35,82.726,28237.29
1772436600000,82.725,83.132,82.71,83.131,20661.16
1772437500000,83.131,83.176,82.824,82.888,20061.81
1772438400000,82.888,83.056,82.39,83.056,29334.97
1772439300000,83.048,83.13,82.325,82.477,28839.73
1772440200000,82.477,83.121,82.477,82.96,47996.98
1772441100000,82.957,83.56,82.898,83.369,27877.96
1772442000000,83.356,83.799,83.285,83.754,28387.07
1772442900000,83.753,84.084,83.682,83.771,28931.24
1772443800000,83.767,83.968,83.657,83.816,22896.14
1772444700000,83.82,83.862,83.582,83.603,19301.94
1772445600000,83.606,83.888,83.324,83.443,28648.65
1772446500000,83.443,83.808,83.323,83.798,24498.3
1772447400000,83.766,84.053,83.612,83.818,23467.77
1772448300000,83.818,83.891,83.65,83.859,24939.04
1772449200000,83.864,83.864,83.426,83.566,22296.38
1772450100000,83.566,84.152,83.447,83.654,35643.82
1772451000000,83.654,84.134,83.604,83.956,24749.91
1772451900000,83.956,84.237,83.789,83.848,25924.34
1772452800000,83.848,84.105,83.73,84.047,24176.28
1772453700000,84.044,84.048,83.651,83.708,21852.38
1772454600000,83.696,83.801,83.531,83.646,19792.57
1772455500000,83.646,83.821,83.559,83.658,19078.14
1772456400000,83.66,83.708,83.13,83.22,30726.97
1772457300000,83.247,83.793,83.118,83.317,30456.69
1772458200000,83.317,83.527,83.06,83.213,30193.96
1772459100000,83.211,83.293,82.87,83.007,42117.81
1772460000000,83.007,83.348,82.739,83.258,33353.76
1772460900000,83.253,83.379,82.8,83.196,28201.57
1772461800000,83.169,84.77,83.141,84.689,85612.35
1772462700000,84.73,85.896,84.376,85.624,94014.34
1772463600000,85.624,87.888,85.438,87.788,126137.07
1772464500000,87.794,88.213,87.314,87.584,89603.79
1772465400000,87.579,88.828,87.201,88.72,79244.28
1772466300000,88.72,88.927,87.805,88.752,80800.21
1772467200000,88.754,89.943,88.551,89.609,94734.13
1772468100000,89.609,90.0,89.141,89.188,63306.07
1772469000000,89.187,90.031,88.436,89.978,77110.08
1772469900000,89.977,90.27,88.803,88.803,68829.86
1772470800000,88.814,88.959,88.244,88.373,50579.29
1772471700000,88.378,88.59,87.626,87.925,50961.8
1772472600000,87.918,87.991,86.558,86.619,62893.54
1772473500000,86.619,87.604,86.374,87.584,65471.64
1772474400000,87.585,87.589,86.677,87.514,49281.6
1772475300000,87.515,87.579,87.214,87.373,20786.27
1772476200000,87.373,87.823,87.183,87.561,26108.89
1772477100000,87.571,87.795,87.08,87.278,24978.97
1772478000000,87.278,87.447,86.81,87.142,30377.68
1772478900000,87.146,87.584,87.135,87.289,28902.06
1772479800000,87.286,87.733,87.172,87.241,25377.74
1772480700000,87.241,87.766,87.241,87.609,32232.11
1772481600000,87.605,88.042,86.836,87.172,57078.82
1772482500000,87.169,87.707,87.058,87.454,23798.54
1772483400000,87.454,87.79,87.331,87.771,20513.23
1772484300000,87.771,88.017,87.512,87.532,24608.49
1772485200000,87.537,87.557,87.134,87.484,42036.09
1772486100000,87.484,87.534,87.224,87.502,20506.97
1772487000000,87.505,87.66,87.447,87.594,17973.39
1772487900000,87.627,87.666,87.412,87.488,21003.98
1772488800000,87.488,87.87,87.433,87.5,16988.73
1772489700000,87.5,87.915,87.28,87.769,26007.99
1772490600000,87.769,88.183,87.744,88.065,23793.22
1772491500000,88.069,88.086,87.77,87.987,20864.52
1772492400000,87.987,88.033,87.277,87.282,26227.05
1772493300000,87.282,87.496,86.788,86.891,38349.97
1772494200000,86.885,86.975,86.285,86.438,39308.72
1772495100000,86.445,86.748,86.38,86.58,21576.55
1772496000000,86.599,86.958,86.23,86.434,35990.49
1772496900000,86.434,86.613,86.062,86.423,28834.91
1772497800000,86.42,87.228,86.203,87.147,34469.45
1772498700000,87.181,87.199,86.55,86.866,25319.65
1772499600000,86.87,87.12,86.578,86.878,21843.18
1772500500000,86.878,86.934,86.482,86.549,19038.12
1772501400000,86.549,86.859,86.214,86.654,25063.4
1772502300000,86.648,86.654,86.109,86.117,19904.34
1772503200000,86.118,86.118,85.429,85.438,41899.38
1772504100000,85.433,85.876,85.163,85.814,34248.15
1772505000000,85.835,86.051,85.636,85.875,20791.61
1772505900000,85.878,86.286,85.844,86.141,22983.95
1772506800000,86.144,86.242,85.837,86.2,20746.41
1772507700000,86.2,86.261,85.883,86.074,27166.5
1772508600000,86.074,86.572,86.046,86.51,23802.32
1772509500000,86.514,86.515,86.2,86.238,25497.86
1772510400000,86.238,86.373,86.06,86.173,19188.64
1772511300000,86.188,86.388,86.03,86.086,27314.5
1772512200000,86.091,86.245,85.787,85.859,23881.87
1772513100000,85.854,85.865,85.6,85.791,19494.59
1772514000000,85.79,86.343,85.562,86.322,24626.43
1772514900000,86.343,86.733,86.264,86.323,41326.47
1772515800000,86.323,86.327,85.785,85.884,27001.54
1772516700000,85.882,85.962,85.357,85.75,28336.99
1772517600000,85.751,85.84,85.601,85.784,25350.2
1772518500000,85.788,85.788,85.513,85.647,24963.04
1772519400000,85.651,85.722,85.345,85.604,18945.06
1772520300000,85.599,85.901,85.338,85.774,23069.78
1772521200000,85.774,86.077,85.606,86.037,21058.41
1772522100000,86.047,86.216,85.787,85.904,30736.3
1772523000000,85.904,85.904,85.475,85.676,23527.61
1772523900000,85.673,85.708,85.35,85.54,21252.27
1772524800000,85.54,85.702,85.099,85.138,31352.45
1772525700000,85.139,85.378,84.822,84.917,43384.11
1772526600000,84.917,84.919,84.266,84.305,44733.3
1772527500000,84.311,84.325,83.888,84.201,65984.5
1772528400000,84.201,84.927,84.109,84.76,41392.17
1772529300000,84.76,84.921,84.217,84.303,41263.59
1772530200000,84.303,84.646,83.963,84.352,55644.22
1772531100000,84.351,84.352,84.085,84.235,23465.06
1772532000000,84.233,84.246,83.637,83.825,70518.91
1772532900000,83.828,84.243,83.685,83.991,24551.06
1772533800000,83.991,84.199,83.81,84.186,28613.24
1772534700000,84.185,84.503,83.662,83.859,37202.93
1772535600000,83.859,84.286,83.751,84.013,28079.6
1772536500000,84.014,84.262,83.72,84.045,29610.21
1772537400000,84.044,84.144,83.778,84.088,35097.95
1772538300000,84.088,84.305,84.083,84.151,20765.1
1772539200000,84.146,85.311,84.121,84.899,55202.35
1772540100000,84.906,85.098,84.7,85.048,30441.27
1772541000000,85.048,85.108,84.168,84.372,55639.49
1772541900000,84.368,84.464,84.098,84.365,24615.43
1772542800000,84.365,84.413,83.713,83.738,35669.95
1772543700000,83.738,84.08,83.737,84.013,23187.95
1772544600000,84.017,84.017,83.336,83.454,45876.72
1772545500000,83.454,83.618,83.129,83.582,39307.64
1772546400000,83.582,84.028,83.357,83.854,46573.14
1772547300000,83.849,84.238,83.676,83.76,30003.45
1772548200000,83.76,84.375,82.899,82.92,65720.25
1772549100000,82.92,83.666,82.419,83.207,64090.24
1772550000000,83.204,83.637,83.058,83.596,45292.77
1772550900000,83.589,83.829,83.016,83.374,34620.85
1772551800000,83.374,85.121,83.374,84.507,84321.54
1772552700000,84.506,85.076,84.506,84.971,38526.57
1772553600000,84.967,86.388,84.827,86.263,112088.53
1772554500000,86.241,87.299,86.001,86.839,76529.71
1772555400000,86.833,86.839,84.286,84.849,76165.28
1772556300000,84.849,85.783,84.842,85.348,69601.45
1772557200000,85.343,85.422,84.102,84.669,57922.78
1772558100000,84.669,85.029,84.345,84.914,37548.33
1772559000000,84.914,84.915,84.224,84.77,31649.44
1772559900000,84.77,85.394,84.615,85.134,50753.99
1772560800000,85.134,85.381,84.484,84.649,31782.42
1772561700000,84.649,85.727,84.649,85.392,37275.49
1772562600000,85.392,85.959,85.324,85.58,47850.17
1772563500000,85.577,85.61,85.159,85.336,31729.87
1772564400000,85.336,85.396,84.628,85.015,27368.03
1772565300000,85.015,85.58,84.876,85.163,33597.46
1772566200000,85.164,85.724,84.686,85.373,29278.06
1772567100000,85.363,85.498,84.918,85.029,27062.83
1772568000000,85.029,85.221,84.771,84.812,19837.11
1772568900000,84.765,85.075,84.73,84.913,19587.55
1772569800000,84.869,85.399,84.756,85.153,22961.21
1772570700000,85.153,85.217,84.624,84.812,23361.02
1772571600000,84.812,84.818,84.28,84.487,24924.36
1772572500000,84.487,84.621,84.138,84.348,20273.56
1772573400000,84.344,84.913,84.303,84.733,21208.3
1772574300000,84.733,85.133,84.675,85.069,21213.37
1772575200000,85.072,85.886,85.066,85.637,28029.0
1772576100000,85.64,86.151,85.578,85.83,23648.37
1772577000000,85.83,86.596,85.769,86.521,28620.58
1772577900000,86.516,86.52,86.116,86.234,20569.1
1772578800000,86.243,87.406,86.169,87.06,45695.26
1772579700000,87.031,87.35,86.874,86.985,32117.45
1772580600000,86.982,87.33,86.544,87.197,28586.64
1772581500000,87.205,87.344,86.84,86.928,23378.88
1772582400000,86.935,87.172,86.726,87.05,23058.54
1772583300000,87.05,87.35,86.917,86.954,19271.89
1772584200000,86.954,86.995,86.256,86.332,27137.39
1772585100000,86.332,86.944,86.332,86.564,22102.04
1772586000000,86.586,87.588,86.573,86.848,41831.73
1772586900000,86.881,87.17,86.448,87.03,26419.84
1772587800000,87.005,88.032,86.875,87.652,43280.55
1772588700000,87.645,87.705,87.181,87.213,25764.8
1772589600000,87.209,87.341,86.815,87.108,33744.43
1772590500000,87.109,87.436,86.654,86.706,24882.64
1772591400000,86.709,86.901,86.51,86.737,21115.78
1772592300000,86.733,87.274,86.677,87.024,20467.48
1772593200000,87.031,87.031,86.445,86.786,24144.45
1772594100000,86.756,86.942,86.111,86.129,28933.97
1772595000000,86.13,86.178,85.215,85.438,57580.03
1772595900000,85.417,85.752,85.109,85.714,34323.59
1772596800000,85.714,85.857,85.245,85.413,27723.27
1772597700000,85.413,85.47,84.9,85.035,27508.49
1772598600000,85.038,85.272,84.769,85.266,26000.91
1772599500000,85.265,85.492,85.146,85.341,24327.6
1772600400000,85.344,85.4,85.054,85.32,23103.87
1772601300000,85.317,85.559,84.947,85.137,32111.43
1772602200000,85.137,85.875,84.751,85.707,33486.94
1772603100000,85.702,85.92,85.597,85.626,24936.04
1772604000000,85.626,85.631,84.958,85.119,22259.69
1772604900000,85.119,85.197,84.923,85.096,20849.89
1772605800000,85.121,85.994,85.121,85.822,28300.46
1772606700000,85.822,85.857,85.204,85.558,37071.27
1772607600000,85.558,85.821,85.447,85.647,25591.14
1772608500000,85.647,86.245,85.582,86.236,21928.74
1772609400000,86.236,86.692,86.166,86.67,32997.29
1772610300000,86.667,87.463,86.513,87.408,52506.97
1772611200000,87.367,87.719,87.076,87.219,41589.48
1772612100000,87.219,87.319,86.953,87.116,25432.5
1772613000000,87.113,87.95,87.113,87.93,32794.15
1772613900000,87.916,89.884,87.888,89.673,114542.21
1772614800000,89.687,89.937,89.211,89.573,55784.36
1772615700000,89.574,90.247,89.557,90.037,73010.94
1772616600000,90.044,91.414,90.036,90.749,93472.93
1772617500000,90.769,91.146,90.256,90.509,51645.26
1772618400000,90.507,91.0,90.346,90.565,32043.65
1772619300000,90.569,90.661,89.85,90.366,42535.08
1772620200000,90.366,90.664,90.077,90.208,33632.93
1772621100000,90.209,90.455,89.941,90.153,32033.15
1772622000000,90.153,90.48,90.035,90.441,36249.85
1772622900000,90.426,90.6,89.968,90.114,28079.81
1772623800000,90.113,90.239,89.403,89.655,39348.58
1772624700000,89.658,89.898,89.604,89.723,36297.51
1772625600000,89.732,89.803,89.49,89.619,24397.6
1772626500000,89.619,89.664,88.725,88.755,43200.42
1772627400000,88.755,89.288,88.654,89.162,27894.66
1772628300000,89.16,89.501,88.949,89.382,28927.79
1772629200000,89.382,90.102,89.282,89.618,41533.99
1772630100000,89.62,89.787,89.455,89.662,21743.56
1772631000000,89.636,89.923,89.422,89.743,27655.55
1772631900000,89.751,90.042,89.685,89.957,24536.89
1772632800000,89.956,90.372,89.836,90.081,38233.53
1772633700000,90.074,90.469,89.782,90.115,38926.05
1772634600000,90.12,91.643,89.617,89.634,130535.1
1772635500000,89.642,90.376,89.455,90.113,46370.84
1772636400000,90.116,91.078,90.113,90.691,58852.83
1772637300000,90.664,92.59,90.634,92.59,86828.19
1772638200000,92.589,92.703,91.795,91.985,65828.09
1772639100000,91.985,93.06,91.938,92.876,72242.54
1772640000000,92.876,93.049,91.532,91.533,67029.25
1772640900000,91.536,91.795,90.905,91.481,62556.55
1772641800000,91.483,91.908,91.308,91.474,34327.77
1772642700000,91.474,91.745,91.31,91.482,24630.05
1772643600000,91.485,92.184,91.332,91.986,30581.19
1772644500000,91.986,92.147,90.633,91.073,71856.08
1772645400000,91.073,91.536,91.073,91.415,36176.86
1772646300000,91.41,91.824,91.39,91.484,34746.91
1772647200000,91.484,91.804,91.104,91.409,39272.13
1772648100000,91.412,91.994,91.408,91.916,26716.91
1772649000000,91.919,92.038,91.607,92.004,30737.59
1772649900000,91.999,92.43,91.942,92.307,35594.87
1772650800000,92.303,92.858,92.259,92.821,54865.08
1772651700000,92.817,93.361,92.478,92.596,68559.0
1772652600000,92.597,94.016,92.472,93.765,68205.45
1772653500000,93.765,93.787,93.13,93.134,41152.01
1772654400000,93.134,93.385,92.788,92.988,32580.79
1772655300000,92.986,93.621,92.986,93.419,38077.87
1772656200000,93.449,93.712,93.077,93.612,23132.22
1772657100000,93.612,93.64,92.755,92.825,28925.29
1772658000000,92.826,92.92,92.412,92.549,34410.91
1772658900000,92.552,92.661,92.294,92.505,21759.74
1772659800000,92.503,92.565,92.236,92.276,22053.55
1772660700000,92.276,92.517,92.122,92.293,22285.17
1772661600000,92.293,92.818,92.29,92.39,27972.94
1772662500000,92.385,92.526,92.081,92.081,23173.07
1772663400000,92.082,92.093,91.413,91.49,30608.13
1772664300000,91.515,91.557,91.116,91.279,33514.79
1772665200000,91.279,91.367,91.042,91.202,26514.94
1772666100000,91.202,91.284,90.497,90.646,38997.44
1772667000000,90.644,91.041,90.237,91.016,60170.39
1772667900000,91.016,91.221,90.657,90.817,30215.42
1772668800000,90.817,91.048,90.743,90.967,20054.1
1772669700000,90.967,91.31,90.775,90.916,20366.77
1772670600000,90.916,91.299,90.81,91.113,17872.24
1772671500000,91.113,91.241,90.67,90.717,20295.82
1772672400000,90.721,91.352,90.476,91.165,23703.91
1772673300000,91.173,91.214,90.257,90.48,25743.61
1772674200000,90.48,90.483,89.709,89.946,43243.87
1772675100000,89.946,89.95,89.689,89.92,26408.46
1772676000000,89.918,90.628,89.889,90.247,34251.58
1772676900000,90.243,90.49,90.243,90.331,24247.44
1772677800000,90.333,90.333,89.969,90.044,19795.78
1772678700000,90.044,90.299,90.008,90.143,18200.81
1772679600000,90.141,90.468,90.084,90.18,18926.33
1772680500000,90.18,90.274,89.969,90.017,19668.9
1772681400000,90.02,90.02,89.575,89.638,24016.36
1772682300000,89.674,90.128,89.67,89.977,22902.12
1772683200000,89.977,90.262,89.858,90.052,21731.28
1772684100000,90.046,90.299,89.901,90.271,29333.11
1772685000000,90.268,90.491,89.936,90.469,35151.11
1772685900000,90.447,90.663,90.186,90.33,33506.31
1772686800000,90.332,90.569,90.274,90.56,19610.1
1772687700000,90.56,90.577,89.977,90.126,23772.05
1772688600000,90.124,90.296,89.971,90.079,21735.53
1772689500000,90.079,90.194,90.0,90.102,16848.75
1772690400000,90.109,90.183,89.635,89.913,25036.36
1772691300000,89.913,90.445,89.848,90.327,27046.6
1772692200000,90.357,90.49,90.187,90.401,19754.33
1772693100000,90.401,90.948,90.387,90.837,34528.8
1772694000000,90.837,91.193,90.724,91.044,33817.12
1772694900000,91.04,91.219,90.95,90.989,23780.5
1772695800000,90.984,90.989,90.45,90.531,22779.01
1772696700000,90.536,90.538,89.662,90.1,42995.73
1772697600000,90.101,90.164,89.79,89.904,31598.26
1772698500000,89.904,90.157,89.629,89.82,24236.76
1772699400000,89.82,90.381,89.777,90.322,26469.26
1772700300000,90.314,90.663,90.262,90.58,26864.78
1772701200000,90.578,91.541,90.561,91.226,56068.39
1772702100000,91.23,91.53,91.018,91.296,25857.88
1772703000000,91.296,91.869,91.14,91.224,35164.13
1772703900000,91.224,91.359,91.019,91.14,22202.9
1772704800000,91.144,91.365,90.956,91.298,24775.16
1772705700000,91.297,92.358,91.217,92.179,50226.22
1772706600000,92.185,92.748,92.037,92.307,47420.58
1772707500000,92.307,92.887,92.199,92.585,32318.23
1772708400000,92.585,92.693,92.137,92.314,34712.83
1772709300000,92.315,92.331,91.95,92.269,26693.14
1772710200000,92.266,92.285,91.594,91.606,30199.12
1772711100000,91.609,91.868,91.605,91.764,26188.2
1772712000000,91.765,91.822,91.285,91.624,25276.78
1772712900000,91.624,91.75,91.246,91.448,21601.11
1772713800000,91.448,91.872,91.325,91.791,22403.09
1772714700000,91.794,92.131,91.79,91.916,26106.68
1772715600000,91.916,92.006,91.338,91.405,33156.43
1772716500000,91.405,91.616,90.843,91.177,36014.68
1772717400000,91.176,91.215,90.365,90.841,37741.9
1772718300000,90.842,91.13,90.531,90.761,26918.03
1772719200000,90.758,91.026,90.593,90.957,25259.4
1772720100000,90.957,90.973,90.583,90.763,20499.84
1772721000000,90.769,91.418,89.8,89.8,67458.54
1772721900000,89.815,91.294,89.798,90.919,46327.31
1772722800000,90.961,91.095,89.35,89.734,68487.19
1772723700000,89.734,89.849,88.951,89.011,79163.25
1772724600000,89.007,89.816,88.762,89.374,56243.82
1772725500000,89.398,89.782,89.203,89.55,33349.66
1772726400000,89.55,89.559,87.869,88.17,103562.82
1772727300000,88.173,88.526,87.913,88.395,39107.12
1772728200000,88.392,89.069,88.345,88.808,45289.0
1772729100000,88.808,88.963,88.706,88.914,41537.27
1772730000000,88.914,89.361,88.452,88.667,35015.73
1772730900000,88.671,88.707,88.316,88.401,31744.5
1772731800000,88.349,88.559,87.951,88.282,52500.23
1772732700000,88.282,88.348,87.88,88.067,50773.44
1772733600000,88.067,88.362,87.966,88.307,27351.17
1772734500000,88.304,88.48,88.065,88.12,18682.19
1772735400000,88.118,88.788,88.102,88.654,24897.74
1772736300000,88.634,88.833,88.48,88.768,22467.62
1772737200000,88.768,89.312,88.764,89.247,28718.22
1772738100000,89.248,89.332,88.792,88.961,21892.25
1772739000000,88.961,89.048,88.697,88.874,19785.53
1772739900000,88.874,89.032,88.643,88.705,20731.27
1772740800000,88.707,89.115,88.5,89.048,21669.9
1772741700000,89.051,89.443,89.022,89.18,21410.29
1772742600000,89.18,89.538,89.148,89.207,20808.85
1772743500000,89.205,89.262,88.954,89.203,20506.17
1772744400000,89.17,89.446,89.17,89.37,18645.18
1772745300000,89.367,89.756,89.341,89.724,24898.96
1772746200000,89.722,89.807,88.929,89.057,21663.84
1772747100000,89.055,89.215,88.839,89.084,21230.54
1772748000000,89.081,89.266,88.92,89.025,20928.09
1772748900000,89.021,89.079,88.809,88.935,19507.63
1772749800000,88.935,89.331,88.935,89.164,20583.23
1772750700000,89.167,89.368,89.055,89.055,18863.94
1772751600000,89.054,89.13,88.907,88.945,17679.66
1772752500000,88.947,89.132,88.934,89.064,25737.46
1772753400000,89.045,89.046,88.61,88.788,20933.79
1772754300000,88.79,88.807,88.581,88.72,29853.88
1772755200000,88.719,88.982,88.719,88.958,17293.18
1772756100000,88.958,88.961,88.677,88.785,20818.06
1772757000000,88.787,88.834,88.68,88.714,18291.03
1772757900000,88.714,88.876,88.541,88.813,16990.98
1772758800000,88.811,88.899,88.536,88.571,18146.4
1772759700000,88.568,88.699,87.973,88.132,31352.51
1772760600000,88.108,89.214,88.108,89.085,27326.62
1772761500000,89.087,89.188,88.872,89.061,26196.44
1772762400000,89.059,89.214,88.9,89.176,18635.45
1772763300000,89.179,89.231,88.218,88.534,38723.71
1772764200000,88.538,88.704,88.145,88.628,29155.39
1772765100000,88.631,88.675,88.221,88.325,22639.69
1772766000000,88.321,88.524,88.073,88.179,21489.01
1772766900000,88.179,88.639,88.147,88.461,19756.63
1772767800000,88.459,88.545,88.249,88.294,18651.62
1772768700000,88.298,88.451,88.25,88.341,17356.83
1772769600000,88.341,88.476,88.2,88.281,18250.98
1772770500000,88.279,88.542,88.243,88.391,18834.95
1772771400000,88.391,88.492,87.615,87.988,36308.54
1772772300000,87.988,88.155,87.852,88.098,20889.48
1772773200000,88.101,88.12,87.804,87.994,20725.2
1772774100000,87.991,88.206,87.703,87.872,20207.75
1772775000000,87.867,87.89,87.467,87.529,29754.68
1772775900000,87.529,87.97,87.47,87.851,29718.06
1772776800000,87.851,87.871,87.632,87.692,24187.69
1772777700000,87.692,87.902,87.644,87.78,20134.07
1772778600000,87.78,88.162,87.777,88.161,22843.77
1772779500000,88.157,88.397,88.011,88.032,24826.27
1772780400000,88.032,88.21,87.761,87.977,20353.62
1772781300000,87.977,88.743,87.914,88.608,30192.84
1772782200000,88.608,88.674,88.457,88.662,21014.54
1772783100000,88.662,88.88,88.595,88.637,24888.69
1772784000000,88.634,88.637,88.303,88.341,22798.03
1772784900000,88.341,88.455,88.283,88.397,21547.43
1772785800000,88.355,88.521,88.237,88.382,27259.9
1772786700000,88.382,88.505,88.138,88.298,19121.5
1772787600000,88.298,88.418,87.563,87.715,38578.93
1772788500000,87.71,87.757,87.258,87.279,52763.18
1772789400000,87.276,87.383,87.11,87.379,650363.23
1772790300000,87.379,87.542,87.191,87.439,32835.61
1772791200000,87.439,87.723,87.349,87.718,24012.42
1772792100000,87.722,87.837,87.627,87.837,20293.42
1772793000000,87.848,87.849,87.519,87.605,19152.33
1772793900000,87.608,87.889,87.501,87.641,22915.63
1772794800000,87.644,87.943,87.468,87.825,23754.56
1772795700000,87.828,87.829,87.64,87.781,19793.54
1772796600000,87.779,87.822,87.394,87.471,19427.28
1772797500000,87.468,87.478,87.054,87.198,30935.25
1772798400000,87.203,87.206,86.238,86.564,60876.81
1772799300000,86.561,87.053,86.56,86.744,37681.3
1772800200000,86.743,86.829,86.13,86.196,40304.32
1772801100000,86.195,86.599,85.852,86.448,52079.86
1772802000000,86.449,86.663,86.417,86.528,31073.02
1772802900000,86.528,86.793,86.26,86.449,30982.3
1772803800000,86.434,87.045,85.933,86.724,73772.23
1772804700000,86.724,86.76,85.518,85.518,77305.49
1772805600000,85.518,85.725,84.811,85.113,106799.56
1772806500000,85.112,85.286,84.902,85.117,30282.37
1772807400000,85.117,85.334,84.2,84.67,99044.37
1772808300000,84.674,84.909,83.901,84.294,51897.95
1772809200000,84.284,84.635,84.14,84.575,38783.28
1772810100000,84.592,85.257,84.587,84.88,43994.92
1772811000000,84.887,85.186,84.707,84.741,38605.16
1772811900000,84.744,84.762,84.16,84.589,38572.88
1772812800000,84.588,84.95,84.203,84.352,33101.19
1772813700000,84.349,84.655,84.348,84.591,33068.98
1772814600000,84.588,84.915,84.397,84.6,27088.08
1772815500000,84.604,84.679,84.036,84.291,34987.15
1772816400000,84.291,84.532,84.172,84.331,34938.1
1772817300000,84.33,84.628,84.083,84.233,28667.31
1772818200000,84.233,84.3,83.596,83.81,47476.32
1772819100000,83.81,84.241,83.804,84.142,29362.0
1772820000000,84.145,84.757,84.118,84.74,34625.23
1772820900000,84.737,84.802,84.619,84.77,22237.72
1772821800000,84.769,85.267,84.741,85.263,33457.08
1772822700000,85.266,85.519,85.171,85.212,38074.3
1772823600000,85.218,85.537,85.166,85.53,28638.53
1772824500000,85.53,85.822,85.356,85.531,29112.07
1772825400000,85.527,85.537,85.245,85.247,25121.19
1772826300000,85.25,85.261,85.081,85.14,26954.6
1772827200000,85.143,85.398,84.982,85.026,22786.68
1772828100000,85.024,85.04,84.656,84.657,25276.11
1772829000000,84.656,85.0,84.525,84.876,26874.41
1772829900000,84.879,85.077,84.86,85.0,20681.75
1772830800000,84.971,85.055,84.79,84.813,17474.97
1772831700000,84.813,84.846,84.409,84.493,21816.15
1772832600000,84.489,84.614,84.407,84.577,19013.25
1772833500000,84.577,84.717,84.529,84.677,19831.9
1772834400000,84.674,84.738,84.5,84.534,20365.96
1772835300000,84.534,84.75,84.509,84.694,19085.29
1772836200000,84.696,84.929,84.596,84.837,23482.01
1772837100000,84.837,85.007,84.837,84.897,19369.74
1772838000000,84.892,84.975,84.853,84.974,16506.47
1772838900000,84.971,84.994,84.88,84.924,16676.69
1772839800000,84.953,84.953,84.622,84.693,23238.75
1772840700000,84.696,84.703,84.579,84.656,18825.95
1772841600000,84.656,84.916,84.457,84.735,21351.69
1772842500000,84.742,84.907,84.695,84.862,17141.99
1772843400000,84.862,85.017,84.667,84.676,28077.68
1772844300000,84.676,84.76,84.651,84.706,16814.33
1772845200000,84.706,84.835,84.613,84.726,17315.39
1772846100000,84.734,84.734,84.547,84.607,16299.51
1772847000000,84.609,84.722,84.547,84.708,18145.56
1772847900000,84.703,84.809,84.65,84.65,16805.42
1772848800000,84.652,84.692,84.581,84.673,17082.15
1772849700000,84.64,84.663,84.402,84.403,18965.75
1772850600000,84.406,84.5,84.27,84.423,22401.87
1772851500000,84.423,84.627,84.339,84.601,18203.18
1772852400000,84.603,85.01,84.6,84.99,21831.12
1772853300000,84.991,85.0,84.554,84.583,26858.62
1772854200000,84.583,84.63,84.445,84.479,19835.02
1772855100000,84.477,84.518,84.313,84.49,17881.56
1772856000000,84.49,84.494,83.97,84.088,30853.13
1772856900000,84.073,84.317,84.062,84.241,17936.79
1772857800000,84.241,84.374,84.133,84.277,19891.74
1772858700000,84.274,84.341,84.188,84.21,15703.7
1772859600000,84.213,84.283,84.133,84.19,18288.14
1772860500000,84.188,84.345,84.105,84.326,16576.0
1772861400000,84.326,84.358,84.052,84.357,22384.47
1772862300000,84.357,84.45,84.256,84.292,20369.19
1772863200000,84.286,84.293,84.057,84.088,20401.58
1772864100000,84.088,84.21,84.049,84.143,23615.9
1772865000000,84.147,84.194,83.94,84.166,24400.2
1772865900000,84.166,84.187,83.844,83.989,21932.47
1772866800000,83.989,84.121,83.857,84.113,28071.13
1772867700000,84.116,84.149,83.964,84.104,21982.94
1772868600000,84.104,84.182,83.935,84.167,28385.36
1772869500000,84.165,84.387,84.165,84.273,26430.68
1772870400000,84.275,84.275,84.086,84.157,21703.92
1772871300000,84.157,84.427,84.157,84.347,24128.85
1772872200000,84.347,84.615,84.344,84.437,24387.01
1772873100000,84.437,84.498,84.196,84.314,24557.14
1772874000000,84.317,84.504,84.167,84.487,21474.94
1772874900000,84.484,84.632,84.435,84.503,24769.67
1772875800000,84.503,84.581,84.413,84.444,17662.7
1772876700000,84.466,84.588,84.419,84.512,20566.57
1772877600000,84.515,84.713,84.477,84.694,23475.63
1772878500000,84.697,84.698,84.527,84.53,17406.34
1772879400000,84.558,84.628,84.51,84.595,19115.43
1772880300000,84.598,84.598,84.351,84.434,19413.91
1772881200000,84.434,84.793,84.223,84.793,23575.07
1772882100000,84.793,84.855,84.63,84.675,29962.1
1772883000000,84.677,84.759,84.608,84.734,18918.6
1772883900000,84.764,84.764,84.59,84.605,18327.39
1772884800000,84.607,84.724,84.531,84.534,18018.3
1772885700000,84.531,84.645,84.531,84.597,19772.17
1772886600000,84.597,84.607,84.391,84.392,24280.4
1772887500000,84.392,84.432,84.218,84.235,26416.2
1772888400000,84.238,84.421,84.234,84.388,19727.46
1772889300000,84.388,84.462,84.31,84.368,19502.79
1772890200000,84.361,84.467,84.065,84.186,22801.37
1772891100000,84.176,84.324,84.143,84.238,21579.92
1772892000000,84.238,84.241,83.618,83.799,39109.88
1772892900000,83.795,83.879,83.749,83.79,22234.31
1772893800000,83.793,84.351,83.776,84.154,31822.21
1772894700000,84.151,84.223,84.047,84.153,21950.21
1772895600000,84.156,84.156,83.9,84.04,22076.38
1772896500000,84.044,84.167,83.913,83.947,20027.32
1772897400000,83.947,84.074,83.383,83.498,49251.76
1772898300000,83.497,83.748,83.404,83.69,28597.76
1772899200000,83.69,83.737,83.541,83.711,20939.73
1772900100000,83.711,83.714,83.479,83.538,23456.68
1772901000000,83.54,83.625,83.454,83.551,19199.36
1772901900000,83.548,83.58,83.465,83.53,17068.27
1772902800000,83.534,83.822,83.51,83.791,20139.16
1772903700000,83.788,84.021,83.763,83.906,22850.98
1772904600000,83.909,83.931,83.886,83.911,16905.63
1772905500000,83.911,83.914,83.494,83.559,18695.04
1772906400000,83.565,83.565,82.99,83.264,59229.29
1772907300000,83.263,83.423,83.2,83.385,39098.07
1772908200000,83.381,83.386,83.201,83.365,17093.19
1772909100000,83.367,83.394,83.32,83.337,16841.71
1772910000000,83.335,83.338,82.932,83.056,38100.86
1772910900000,83.054,83.134,82.647,82.745,50680.34
1772911800000,82.745,83.003,82.706,82.915,22974.5
1772912700000,82.915,82.917,82.223,82.473,46765.81
1772913600000,82.471,82.888,82.47,82.8,30602.32
1772914500000,82.8,82.871,82.693,82.822,18658.34
1772915400000,82.823,83.113,82.786,82.951,23078.61
1772916300000,82.948,83.018,82.857,82.97,18024.68
1772917200000,82.968,83.09,82.84,82.961,18507.32
1772918100000,82.958,83.124,82.951,83.104,18945.81
1772919000000,83.104,83.131,82.871,83.027,18385.98
1772919900000,83.025,83.227,82.937,83.211,20777.12
1772920800000,83.211,83.265,83.007,83.008,20156.86
1772921700000,83.008,83.135,82.954,82.971,16941.0
1772922600000,82.974,83.036,82.599,82.948,24141.15
1772923500000,82.948,83.079,82.847,82.917,19651.64
1772924400000,82.921,83.18,82.872,83.103,18396.62
1772925300000,83.103,83.21,83.071,83.125,22224.57
1772926200000,83.128,83.17,83.062,83.118,15832.13
1772927100000,83.121,83.17,83.08,83.167,16117.68
1772928000000,83.165,83.433,83.164,83.295,30445.64
1772928900000,83.297,83.387,83.1,83.135,20581.62
1772929800000,83.135,83.165,82.91,83.008,24463.9
1772930700000,83.006,83.075,82.856,83.021,20314.97
1772931600000,83.021,83.117,82.804,83.057,24662.43
1772932500000,83.054,83.162,82.932,82.933,16267.49
1772933400000,82.933,82.962,82.647,82.948,20186.66
1772934300000,82.948,83.077,82.91,82.924,18366.62
1772935200000,82.921,82.924,82.72,82.902,18894.95
1772936100000,82.925,83.011,82.685,82.71,18909.85
1772937000000,82.716,83.028,82.49,83.027,34006.31
1772937900000,83.025,83.027,82.041,82.331,50152.23
1772938800000,82.328,82.497,82.22,82.488,21662.39
1772939700000,82.488,82.682,82.487,82.583,19225.83
1772940600000,82.581,82.607,82.343,82.418,21888.77
1772941500000,82.42,82.42,82.275,82.275,20929.24
1772942400000,82.281,82.498,82.206,82.348,17760.08
1772943300000,82.348,82.44,82.297,82.405,17311.51
1772944200000,82.405,82.411,82.167,82.271,18332.08
1772945100000,82.268,82.29,81.693,81.903,50979.76
1772946000000,81.901,82.283,81.888,82.267,29834.04
1772946900000,82.267,82.701,82.229,82.63,28011.86
1772947800000,82.627,82.721,82.48,82.534,20244.27
1772948700000,82.536,82.607,82.426,82.427,17265.44
1772949600000,82.43,82.554,82.257,82.257,19534.17
1772950500000,82.26,82.448,82.256,82.33,18600.64
1772951400000,82.33,82.479,82.236,82.405,18194.59
1772952300000,82.406,82.519,82.214,82.417,21247.15
1772953200000,82.417,82.86,82.351,82.82,27684.51
1772954100000,82.82,83.047,82.71,82.807,27469.95
1772955000000,82.807,82.91,82.741,82.857,25762.59
1772955900000,82.857,82.924,82.719,82.898,21701.02
1772956800000,82.901,82.922,82.707,82.707,18446.03
1772957700000,82.701,82.701,82.468,82.648,21154.66
1772958600000,82.65,83.011,82.584,82.942,23434.81
1772959500000,82.947,83.052,82.884,83.034,20095.48
1772960400000,83.033,83.214,82.714,83.1,30182.11
1772961300000,83.085,83.298,83.018,83.258,32261.98
1772962200000,83.258,83.262,83.06,83.14,21557.38
1772963100000,83.14,83.178,83.061,83.094,16715.93
1772964000000,83.097,83.381,83.074,83.381,26055.79
1772964900000,83.378,84.052,83.331,83.857,43368.44
1772965800000,83.855,83.86,83.662,83.73,32283.79
1772966700000,83.734,83.734,83.565,83.599,24200.67
1772967600000,83.599,83.606,82.634,82.861,48391.62
1772968500000,82.861,83.095,82.857,82.993,31382.81
1772969400000,82.991,83.169,82.635,82.729,28380.53
1772970300000,82.73,82.831,82.588,82.758,20682.81
1772971200000,82.758,82.937,81.941,81.99,75306.47
1772972100000,81.996,82.759,81.555,82.702,72289.49
1772973000000,82.678,82.678,82.32,82.418,38531.84
1772973900000,82.418,82.42,82.191,82.257,22396.32
1772974800000,82.26,82.405,81.614,81.654,33201.49
1772975700000,81.662,81.876,81.129,81.673,66688.03
1772976600000,81.677,81.695,81.312,81.629,23073.92
1772977500000,81.628,82.127,81.603,82.023,38455.65
1772978400000,82.02,82.307,81.922,82.141,41963.43
1772979300000,82.099,82.299,81.989,82.03,30707.36
1772980200000,82.03,82.3,81.902,81.988,22453.33
1772981100000,81.988,82.292,81.915,82.261,23300.91
1772982000000,82.264,82.358,81.98,82.235,24688.73
1772982900000,82.235,82.235,81.863,81.916,22108.3
1772983800000,81.916,82.05,81.823,81.893,25138.38
1772984700000,81.872,82.078,81.783,82.013,20516.24
1772985600000,82.013,82.111,81.84,81.883,18382.12
1772986500000,81.881,81.938,81.662,81.789,23652.76
1772987400000,81.787,81.791,81.394,81.703,34191.44
1772988300000,81.7,81.7,81.292,81.466,22093.42
1772989200000,81.465,81.923,81.384,81.767,30003.59
1772990100000,81.764,81.781,81.467,81.514,18296.74
1772991000000,81.517,81.621,81.313,81.494,22914.47
1772991900000,81.496,81.654,81.427,81.609,19123.4
1772992800000,81.619,81.669,81.375,81.427,18074.9
1772993700000,81.43,81.696,81.235,81.611,24241.01
1772994600000,81.611,81.731,81.44,81.524,17939.06
1772995500000,81.524,81.63,81.45,81.546,16440.15
1772996400000,81.546,82.047,81.443,81.88,23516.44
1772997300000,81.904,82.43,81.88,82.22,39091.18
1772998200000,82.217,82.528,82.151,82.499,32142.99
1772999100000,82.499,82.602,82.236,82.405,29883.54
1773000000000,82.405,82.421,82.052,82.062,29087.78
1773000900000,82.062,82.342,82.042,82.13,27888.65
1773001800000,82.13,82.879,82.123,82.626,33356.85
1773002700000,82.622,82.678,82.205,82.26,32767.43
1773003600000,82.251,82.371,81.655,81.773,39172.98
1773004500000,81.778,82.042,81.722,81.927,24292.31
1773005400000,81.93,82.228,81.906,82.164,35778.12
1773006300000,82.164,82.198,82.033,82.193,19249.13
1773007200000,82.193,82.198,80.192,81.227,114524.42
1773008100000,81.227,81.423,80.716,81.242,54417.14
1773009000000,81.241,81.996,80.959,81.777,49938.69
1773009900000,81.777,82.501,81.774,81.94,47374.06
1773010800000,81.937,82.373,81.779,82.111,24092.62
1773011700000,82.111,82.298,81.943,82.1,20494.16
1773012600000,82.103,82.185,81.637,81.647,21299.48
1773013500000,81.649,81.851,81.442,81.562,21624.1
1773014400000,81.554,82.331,81.5,82.153,31635.74
1773015300000,82.151,82.372,81.612,82.14,22106.77
1773016200000,82.117,83.226,82.117,82.591,40471.66
1773017100000,82.584,82.692,82.19,82.297,27088.79
1773018000000,82.297,82.367,81.83,82.181,23636.31
1773018900000,82.177,82.835,82.153,82.497,26500.95
1773019800000,82.493,82.78,82.18,82.665,19788.82
1773020700000,82.644,82.7,82.041,82.042,21520.74
1773021600000,82.042,82.298,81.795,81.984,20672.04
1773022500000,81.98,81.98,81.621,81.874,23206.07
1773023400000,81.874,82.79,81.836,82.79,22915.15
1773024300000,82.79,82.888,82.61,82.61,21823.88
1773025200000,82.613,84.318,82.579,84.174,77177.14
1773026100000,84.174,84.457,83.309,83.54,48501.97
1773027000000,83.544,83.68,83.051,83.093,34138.29
1773027900000,83.093,83.228,82.89,83.113,24478.66
1773028800000,83.113,83.35,83.059,83.103,19501.15
1773029700000,83.103,83.701,83.033,83.673,26548.65
1773030600000,83.673,83.746,83.438,83.659,23235.26
1773031500000,83.652,83.822,83.118,83.144,23865.84
1773032400000,83.153,83.374,83.082,83.247,23946.61
1773033300000,83.25,83.616,83.177,83.443,21673.0
1773034200000,83.443,84.389,83.409,84.213,45101.66
1773035100000,84.242,84.55,83.971,84.227,40597.86
1773036000000,84.227,84.254,83.923,83.96,25034.28
1773036900000,83.957,84.218,83.663,83.706,24926.33
1773037800000,83.712,83.778,83.15,83.271,31737.45
1773038700000,83.274,83.332,83.042,83.059,26628.82
1773039600000,83.06,83.078,82.603,82.752,36946.21
1773040500000,82.756,82.932,82.274,82.861,35401.29
1773041400000,82.869,83.202,82.827,83.047,32243.8
1773042300000,83.047,83.227,82.953,83.101,24151.47
1773043200000,83.101,83.288,82.873,83.208,29873.61
1773044100000,83.21,83.758,83.002,83.694,33596.56
1773045000000,83.694,83.799,83.286,83.5,37226.12
1773045900000,83.491,83.76,83.45,83.663,23097.95
1773046800000,83.663,83.719,83.276,83.718,19507.55
1773047700000,83.71,84.069,83.639,83.976,34134.05
1773048600000,83.976,84.544,83.789,84.381,61243.75
1773049500000,84.38,84.49,83.813,83.96,26013.37
1773050400000,83.963,84.184,83.837,83.887,21617.24
1773051300000,83.887,83.966,83.692,83.762,20662.08
1773052200000,83.766,83.946,83.532,83.595,21777.64
1773053100000,83.601,83.717,83.466,83.692,20943.39
1773054000000,83.69,83.861,83.626,83.716,21256.85
1773054900000,83.716,83.726,83.042,83.174,38252.32
1773055800000,83.174,83.635,83.143,83.586,20984.58
1773056700000,83.587,83.737,83.42,83.503,32088.14
1773057600000,83.503,83.719,83.503,83.674,23763.09
1773058500000,83.677,83.945,83.358,83.903,50800.36
1773059400000,83.903,84.156,83.695,83.84,34116.66
1773060300000,83.84,84.064,83.794,83.953,32713.98
1773061200000,83.956,84.5,83.954,84.388,30799.98
1773062100000,84.393,84.949,84.092,84.94,59995.27
1773063000000,84.94,85.578,84.637,85.468,71760.78
1773063900000,85.476,85.7,84.956,85.143,50626.19
1773064800000,85.133,85.503,84.525,84.753,49298.24
1773065700000,84.756,85.478,84.738,85.013,47848.17
1773066600000,85.016,85.678,84.907,85.592,50372.7
1773067500000,85.597,85.613,85.151,85.247,29812.51
1773068400000,85.249,85.412,84.891,85.264,29302.0
1773069300000,85.265,85.381,85.005,85.143,22422.69
1773070200000,85.143,85.278,84.588,84.762,46451.92
1773071100000,84.763,85.279,84.72,85.01,38550.66
1773072000000,85.0,85.226,84.842,84.886,25195.02
1773072900000,84.883,85.226,84.677,85.066,21835.6
1773073800000,85.063,85.349,84.729,85.213,24538.31
1773074700000,85.213,85.6,84.972,85.097,28195.93
1773075600000,85.1,85.258,84.918,85.103,19796.52
1773076500000,85.1,85.24,84.724,84.799,27422.75
1773077400000,84.8,84.979,84.278,84.443,34963.04
1773078300000,84.442,85.372,84.434,85.046,38640.02
1773079200000,85.043,85.092,84.425,84.706,29443.77
1773080100000,84.706,85.38,84.674,85.331,34519.79
1773081000000,85.339,85.478,85.225,85.3,26785.64
1773081900000,85.302,85.384,85.04,85.136,22677.61
1773082800000,85.136,85.296,85.04,85.041,20231.62
1773083700000,85.043,86.882,85.016,86.838,101018.66
1773084600000,86.832,87.0,86.01,86.26,56444.11
1773085500000,86.264,86.358,85.816,85.941,27885.35
1773086400000,85.941,86.127,85.578,85.727,27562.1
1773087300000,85.727,85.894,85.703,85.806,19884.72
1773088200000,85.81,85.81,85.27,85.423,26606.26
1773089100000,85.423,85.843,85.248,85.761,24888.71
1773090000000,85.761,86.308,85.747,86.223,27637.4
1773090900000,86.224,86.224,85.892,85.985,22787.34
1773091800000,85.985,86.027,85.64,85.95,21134.23
1773092700000,85.954,86.142,85.874,85.968,17049.66
1773093600000,85.968,86.118,85.798,86.118,19574.61
1773094500000,86.117,86.234,86.0,86.18,19963.37
1773095400000,86.18,86.255,85.589,85.827,25164.88
1773096300000,85.831,85.86,85.531,85.69,20650.65
1773097200000,85.687,85.936,85.479,85.664,22460.97
1773098100000,85.664,85.674,85.21,85.228,19826.36
1773099000000,85.228,85.32,85.083,85.15,20842.54
1773099900000,85.15,85.15,84.811,84.931,25494.17
1773100800000,84.927,85.1,84.785,84.834,19762.84
1773101700000,84.834,85.6,84.834,85.588,28584.28
1773102600000,85.588,85.847,85.439,85.769,24816.74
1773103500000,85.769,85.915,85.456,85.517,26349.62
1773104400000,85.52,85.716,85.337,85.617,20352.3
1773105300000,85.617,85.684,85.222,85.26,27845.53
1773106200000,85.26,85.475,85.074,85.187,20316.86
1773107100000,85.187,85.934,85.162,85.69,29238.31
1773108000000,85.687,85.783,85.416,85.617,21256.61
1773108900000,85.617,85.825,85.526,85.701,21405.65
1773109800000,85.7,86.84,85.664,86.626,65253.08
1773110700000,86.619,86.865,86.402,86.586,34410.02
1773111600000,86.586,86.703,86.315,86.606,36295.8
1773112500000,86.606,86.655,86.435,86.457,23694.88
1773113400000,86.457,86.496,86.019,86.032,20527.27
1773114300000,86.032,86.036,85.467,85.52,51302.61
1773115200000,85.52,85.784,85.478,85.523,25863.49
1773116100000,85.527,85.844,85.364,85.764,25136.24
1773117000000,85.764,86.274,85.746,86.144,35417.45
1773117900000,86.146,86.6,86.089,86.497,46085.77
1773118800000,86.497,86.858,86.426,86.644,36637.18
1773119700000,86.646,86.89,86.527,86.62,26091.53
1773120600000,86.617,86.754,86.339,86.386,27165.94
1773121500000,86.36,86.406,86.295,86.344,27526.81
1773122400000,86.344,86.383,86.132,86.198,25887.15
1773123300000,86.196,86.614,85.928,86.593,32916.94
1773124200000,86.593,86.646,86.289,86.356,35965.24
1773125100000,86.353,86.4,86.209,86.322,36818.37
1773126000000,86.302,86.63,86.143,86.409,40310.49
1773126900000,86.409,86.855,86.367,86.603,25767.01
1773127800000,86.603,86.826,86.509,86.62,29915.81
1773128700000,86.62,86.663,86.448,86.65,34449.22
1773129600000,86.65,87.375,86.61,86.995,91767.49
1773130500000,86.995,87.158,86.746,86.977,28201.78
1773131400000,86.974,87.244,86.657,87.11,77829.31
1773132300000,87.11,87.11,86.543,86.643,45532.54
1773133200000,86.663,86.92,86.605,86.821,42430.65
1773134100000,86.821,87.435,86.678,87.209,44645.86
1773135000000,87.21,87.39,87.104,87.257,36072.01
1773135900000,87.257,87.26,87.055,87.184,20820.08
1773136800000,87.185,87.654,87.111,87.175,42756.39
1773137700000,87.172,87.175,86.965,87.052,21393.82
1773138600000,87.052,87.233,86.762,86.919,27092.24
1773139500000,86.919,87.177,86.842,87.056,20372.39
1773140400000,87.053,87.161,86.658,86.662,28836.58
1773141300000,86.662,86.958,86.586,86.825,40931.5
1773142200000,86.825,86.845,86.578,86.673,20824.08
1773143100000,86.674,86.913,86.611,86.76,23801.96
1773144000000,86.759,86.797,86.329,86.436,28842.62
1773144900000,86.439,86.577,86.355,86.396,20886.1
1773145800000,86.396,86.578,86.252,86.522,23632.98
1773146700000,86.527,86.694,86.522,86.636,22239.38
1773147600000,86.636,87.056,86.633,86.983,31579.76
1773148500000,86.98,87.289,86.892,87.137,53741.83
1773149400000,87.14,87.215,85.71,86.084,117055.77
1773150300000,86.085,86.56,85.861,86.037,51296.19
1773151200000,86.038,86.223,85.136,85.143,78639.43
1773152100000,85.143,85.915,84.877,85.74,76173.62
1773153000000,85.739,86.726,85.721,86.663,57265.33
1773153900000,86.66,88.17,86.621,88.056,120457.52
1773154800000,88.053,88.585,87.388,87.566,102837.65
1773155700000,87.569,87.988,87.262,87.789,51663.37
1773156600000,87.746,88.222,87.561,87.74,45698.44
1773157500000,87.735,88.322,87.576,88.321,39215.36
1773158400000,88.32,88.432,87.633,87.799,37440.55
1773159300000,87.826,88.656,87.787,88.457,48906.59
1773160200000,88.446,88.625,88.264,88.583,32769.54
1773161100000,88.578,88.674,88.245,88.358,23924.32
1773162000000,88.362,88.738,88.279,88.373,25787.26
1773162900000,88.373,88.618,88.124,88.232,24782.12
1773163800000,88.232,88.545,87.582,87.832,42415.3
1773164700000,87.837,88.175,87.622,87.92,25890.14
1773165600000,87.919,87.964,87.001,87.01,35180.0
1773166500000,87.005,87.278,86.386,86.59,68241.2
1773167400000,86.59,86.96,86.164,86.208,43498.91
1773168300000,86.207,86.519,86.05,86.163,30158.26
1773169200000,86.167,86.362,85.793,86.022,28573.6
1773170100000,86.023,86.416,85.769,85.847,25548.24
1773171000000,85.847,86.21,85.618,86.067,25759.51
1773171900000,86.067,86.119,85.861,85.944,19406.35
1773172800000,85.948,86.28,85.901,86.038,21235.75
1773173700000,86.032,86.341,85.948,86.301,22590.57
1773174600000,86.301,86.347,86.009,86.129,21602.88
1773175500000,86.129,86.196,86.074,86.168,16529.84
1773176400000,86.189,86.375,85.883,85.927,21947.33
1773177300000,85.927,86.038,85.863,85.887,19182.63
1773178200000,85.89,86.01,85.347,85.506,34953.87
1773179100000,85.537,85.737,85.223,85.659,24069.49
1773180000000,85.659,85.802,85.12,85.264,31733.64
1773180900000,85.264,85.749,84.967,85.501,32199.68
1773181800000,85.497,85.512,85.248,85.45,19916.65
1773182700000,85.453,85.582,85.417,85.486,16556.62
1773183600000,85.485,85.689,85.474,85.658,18397.82
1773184500000,85.658,85.743,85.403,85.434,20790.15
1773185400000,85.435,85.645,85.314,85.644,19085.75
1773186300000,85.641,85.841,85.524,85.818,22633.93
1773187200000,85.818,86.112,85.548,86.03,21425.53
1773188100000,86.028,86.069,85.591,85.897,20606.23
1773189000000,85.895,85.897,85.563,85.606,17642.71
1773189900000,85.604,86.171,85.604,85.961,21230.15
1773190800000,85.963,86.224,85.96,86.047,20397.6
1773191700000,86.044,86.132,85.8,85.99,18891.27
1773192600000,85.99,86.027,85.63,85.82,31197.4
1773193500000,85.817,86.118,85.78,86.043,17294.49
1773194400000,86.04,86.147,85.934,85.935,17157.91
1773195300000,85.937,86.03,85.882,85.991,19405.49
1773196200000,85.991,85.991,85.432,85.624,27638.03
1773197100000,85.62,85.873,85.461,85.873,22797.56
1773198000000,85.867,86.112,85.686,85.717,19038.48
1773198900000,85.714,85.736,85.485,85.523,17008.21
1773199800000,85.5,85.7,85.496,85.622,18209.93
1773200700000,85.623,85.623,85.501,85.56,17558.29
1773201600000,85.56,85.64,85.437,85.64,17318.27
1773202500000,85.64,86.234,85.627,86.08,23580.89
1773203400000,86.08,86.589,86.056,86.35,43847.48
1773204300000,86.35,86.797,86.33,86.671,24527.83
1773205200000,86.674,86.824,86.374,86.374,26592.48
1773206100000,86.374,86.377,86.162,86.199,20035.75
1773207000000,86.199,86.199,85.558,85.825,33329.09
1773207900000,85.821,85.952,85.649,85.67,31041.29
1773208800000,85.67,85.846,85.608,85.826,20539.05
1773209700000,85.826,85.974,85.748,85.921,18373.55
1773210600000,85.921,86.11,85.876,85.877,24094.22
1773211500000,85.877,86.098,85.722,85.987,21825.8
1773212400000,85.987,86.077,85.927,85.966,18199.52
1773213300000,85.964,85.996,85.798,85.824,18130.5
1773214200000,85.824,85.827,85.067,85.258,36283.29
1773215100000,85.253,85.498,85.253,85.377,24621.78
1773216000000,85.377,85.548,85.229,85.336,22058.99
1773216900000,85.334,85.348,85.046,85.063,21270.61
1773217800000,85.059,85.563,85.059,85.42,26919.71
1773218700000,85.42,85.48,85.14,85.458,19618.06
1773219600000,85.435,85.443,85.206,85.21,18202.7
1773220500000,85.21,85.381,85.193,85.194,18757.61
1773221400000,85.194,85.362,84.953,85.26,30023.75
1773222300000,85.257,85.513,84.659,84.831,42503.0
1773223200000,84.827,85.027,84.797,85.024,53880.75
1773224100000,85.024,85.172,84.93,85.095,23837.81
1773225000000,85.094,85.488,85.06,85.424,26825.47
1773225900000,85.424,85.5,85.214,85.226,19766.38
1773226800000,85.215,85.277,84.91,85.2,26565.37
1773227700000,85.2,85.249,84.827,84.921,27360.75
1773228600000,84.921,85.092,84.465,84.541,59649.99
1773229500000,84.568,84.664,84.328,84.503,103930.66
1773230400000,84.503,84.775,84.32,84.682,46673.79
1773231300000,84.683,85.138,84.68,85.07,44154.62
1773232200000,85.097,85.609,84.793,84.974,51471.61
1773233100000,84.974,85.223,84.87,85.137,29434.6
1773234000000,85.137,86.112,85.061,85.998,60562.4
1773234900000,85.997,86.441,85.845,86.173,64162.04
1773235800000,86.177,87.356,86.173,86.218,132325.38
1773236700000,86.219,86.479,85.344,85.894,84161.52
1773237600000,85.894,86.569,85.681,86.007,71658.1
1773238500000,86.007,86.658,85.923,86.587,40897.79
1773239400000,86.589,87.009,86.275,86.873,51088.15
1773240300000,86.876,87.107,86.356,86.488,33724.26
1773241200000,86.483,86.591,85.55,85.696,44713.31
1773242100000,85.696,85.968,85.535,85.536,41291.88
1773243000000,85.548,85.549,84.527,84.904,62180.7
1773243900000,84.904,85.455,84.724,85.351,34403.44
1773244800000,85.347,85.872,85.248,85.796,34711.38
1773245700000,85.796,86.048,85.618,85.843,25726.99
1773246600000,85.846,86.444,85.843,86.393,34985.35
1773247500000,86.397,86.555,86.192,86.389,27603.49
1773248400000,86.389,86.964,86.387,86.594,35225.6
1773249300000,86.588,87.799,86.587,87.632,63790.69
1773250200000,87.637,87.814,86.719,87.238,41592.63
1773251100000,87.237,87.524,86.807,87.218,32065.6
1773252000000,87.211,87.857,87.21,87.788,38928.26
1773252900000,87.787,87.984,87.476,87.589,43534.13
1773253800000,87.589,87.674,87.117,87.274,28172.59
1773254700000,87.268,88.073,87.19,87.762,33270.93
1773255600000,87.762,87.814,87.179,87.293,23407.26
1773256500000,87.293,87.352,87.126,87.169,18125.5
1773257400000,87.167,87.661,87.076,87.262,26682.71
1773258300000,87.266,87.276,86.984,87.218,19845.91
1773259200000,87.247,87.249,86.972,87.096,24811.44
1773260100000,87.096,87.23,86.982,87.05,20227.48
1773261000000,87.052,87.324,87.015,87.272,18928.09
1773261900000,87.271,87.397,87.143,87.253,18849.26
1773262800000,87.253,87.515,87.175,87.182,18027.58
1773263700000,87.186,87.319,87.112,87.146,16440.37
1773264600000,87.15,87.458,87.146,87.355,17072.87
1773265500000,87.352,87.57,87.352,87.485,19087.52
1773266400000,87.485,87.89,87.365,87.728,18921.21
1773267300000,87.726,87.729,87.102,87.106,18460.33
1773268200000,87.106,87.182,86.902,87.0,21690.07
1773269100000,87.001,87.184,86.795,87.0,19908.85
1773270000000,87.002,87.149,86.95,87.05,17570.19
1773270900000,87.05,87.05,86.817,86.855,17532.22
1773271800000,86.847,86.859,86.594,86.643,20985.12
1773272700000,86.643,86.733,86.423,86.522,21917.5
1773273600000,86.522,86.64,86.398,86.565,27279.27
1773274500000,86.566,86.719,86.405,86.536,18012.85
1773275400000,86.54,86.693,86.319,86.649,19267.54
1773276300000,86.649,86.712,86.546,86.61,16402.06
1773277200000,86.61,86.646,86.081,86.23,32229.66
1773278100000,86.183,86.38,86.167,86.31,16887.4
1773279000000,86.31,86.377,86.045,86.118,18663.95
1773279900000,86.116,86.183,85.898,85.969,24162.37
1773280800000,85.967,86.088,85.873,86.017,19625.14
1773281700000,86.019,86.041,85.631,85.738,27764.45
1773282600000,85.74,85.888,85.432,85.538,30295.91
1773283500000,85.54,85.633,85.107,85.144,29448.74
1773284400000,85.14,85.305,85.07,85.151,23362.17
1773285300000,85.154,85.338,85.08,85.157,31918.74
1773286200000,85.155,85.333,85.107,85.165,18746.45
1773287100000,85.165,85.168,84.638,84.94,38477.01
1773288000000,84.94,85.348,84.893,85.075,30531.24
1773288900000,85.016,85.201,84.941,84.96,40518.43
1773289800000,84.96,85.118,84.834,85.045,20327.83
1773290700000,85.047,85.078,84.954,85.037,17792.75
1773291600000,85.033,85.249,84.987,85.038,19699.65
1773292500000,85.041,85.049,84.821,84.864,19245.72
1773293400000,84.864,85.195,84.835,85.155,19989.38
1773294300000,85.152,85.155,84.962,85.078,17138.76
1773295200000,85.08,85.113,84.912,85.075,17133.49
1773296100000,85.075,85.222,85.004,85.161,19716.87
1773297000000,85.164,85.289,85.087,85.247,19068.17
1773297900000,85.247,85.366,85.173,85.317,19399.31
1773298800000,85.317,85.475,84.931,85.158,30783.67
1773299700000,85.158,85.49,85.15,85.454,25641.65
1773300600000,85.458,85.753,85.435,85.734,38979.82
1773301500000,85.734,85.849,85.642,85.771,30822.26
1773302400000,85.767,85.993,85.327,85.528,31822.31
1773303300000,85.523,86.103,85.478,85.772,29803.69
1773304200000,85.767,85.913,85.666,85.847,19855.96
1773305100000,85.849,85.949,85.754,85.897,17238.08
1773306000000,85.897,85.903,85.544,85.59,22109.06
1773306900000,85.595,85.644,85.413,85.588,25131.29
1773307800000,85.588,86.511,85.583,86.465,32891.35
1773308700000,86.471,86.668,85.836,86.16,72497.21
1773309600000,86.164,86.319,85.99,86.094,20112.94
1773310500000,86.096,86.655,86.077,86.607,27235.8
1773311400000,86.607,87.0,86.441,86.837,34331.48
1773312300000,86.837,86.959,86.602,86.72,28385.74
1773313200000,86.721,86.862,86.622,86.66,21290.79
1773314100000,86.655,86.981,86.598,86.81,23103.9
1773315000000,86.807,86.987,86.766,86.964,20915.58
1773315900000,86.958,87.077,86.655,86.76,36685.88
1773316800000,86.76,87.028,86.526,86.849,29552.47
1773317700000,86.846,87.433,86.799,87.148,40075.29
1773318600000,87.15,87.234,87.0,87.161,21263.44
1773319500000,87.16,87.474,87.109,87.203,28452.05
1773320400000,87.206,87.598,87.203,87.262,26800.29
1773321300000,87.26,87.285,86.695,86.915,39960.57
1773322200000,86.915,87.657,86.787,86.923,38268.29
1773323100000,86.918,87.045,86.304,86.705,45208.96
1773324000000,86.704,87.254,86.697,87.19,34122.19
1773324900000,87.192,87.631,86.387,86.427,45086.21
1773325800000,86.391,86.411,85.337,85.574,85155.05
1773326700000,85.578,85.841,85.137,85.464,48183.24
1773327600000,85.469,85.759,85.051,85.538,34199.66
1773328500000,85.545,86.501,85.333,86.341,59025.76
1773329400000,86.341,86.923,86.16,86.737,40643.3
1773330300000,86.734,86.978,86.387,86.531,32342.98
1773331200000,86.528,86.895,85.735,86.08,42304.93
1773332100000,86.077,86.911,86.064,86.134,46195.17
1773333000000,86.134,86.85,86.039,86.776,34011.6
1773333900000,86.779,87.073,86.503,86.766,46060.13
1773334800000,86.769,86.867,86.52,86.746,52838.96
1773335700000,86.746,86.766,86.294,86.443,23297.0
1773336600000,86.443,86.868,86.409,86.816,31224.73
1773337500000,86.813,86.949,86.346,86.553,22017.0
1773338400000,86.555,86.775,86.297,86.457,23754.53
1773339300000,86.459,86.58,85.916,86.115,50595.39
1773340200000,86.117,86.262,85.94,86.017,24869.0
1773341100000,86.02,86.063,85.76,85.801,40772.88
1773342000000,85.801,86.051,85.616,85.8,26638.55
1773342900000,85.803,86.435,85.791,86.401,27021.02
1773343800000,86.402,86.711,86.397,86.669,73110.55
1773344700000,86.647,86.905,86.602,86.786,28820.64
1773345600000,86.749,86.897,86.556,86.633,20778.9
1773346500000,86.656,86.878,86.469,86.663,22691.74
1773347400000,86.66,86.663,86.382,86.436,21486.72
1773348300000,86.433,86.614,86.396,86.42,24740.04
1773349200000,86.421,86.647,86.393,86.526,113011.71
1773350100000,86.526,86.527,86.302,86.303,17083.93
1773351000000,86.306,86.337,86.128,86.252,19106.74
1773351900000,86.25,86.625,86.198,86.496,18573.4
1773352800000,86.496,86.563,86.368,86.416,15642.74
1773353700000,86.439,86.452,86.11,86.217,17178.82
1773354600000,86.22,86.259,86.08,86.081,19490.38
1773355500000,86.088,86.275,85.915,86.256,21159.88
1773356400000,86.246,86.933,86.246,86.909,31998.32
1773357300000,86.907,87.161,86.812,86.88,29645.58
1773358200000,86.882,87.01,86.816,86.946,19462.23
1773359100000,86.946,86.988,86.723,86.787,51459.02
1773360000000,86.786,87.577,86.685,87.571,38012.92
1773360900000,87.571,90.444,87.57,89.726,170076.92
1773361800000,89.729,91.122,89.729,89.956,112443.18
1773362700000,89.956,90.147,89.525,89.757,53716.87
1773363600000,89.751,90.191,89.751,89.963,29782.18
1773364500000,89.959,90.411,89.803,90.299,28230.16
1773365400000,90.299,90.695,89.797,90.565,44334.77
1773366300000,90.565,90.628,90.365,90.442,26951.51
1773367200000,90.437,90.557,90.109,90.131,22239.11
1773368100000,90.131,90.227,89.862,89.87,27109.68
1773369000000,89.87,89.885,89.149,89.197,42932.11
1773369900000,89.205,89.335,88.912,89.059,29839.53
1773370800000,89.06,89.474,89.059,89.25,25762.39
1773371700000,89.252,89.594,89.143,89.143,22872.2
1773372600000,89.146,89.41,88.85,89.266,24308.39
1773373500000,89.266,89.928,89.243,89.679,26474.27
1773374400000,89.675,89.711,89.369,89.389,24142.58
1773375300000,89.413,89.47,89.172,89.21,18997.05
1773376200000,89.21,89.439,89.177,89.389,18511.67
1773377100000,89.386,89.46,89.218,89.317,16649.11
1773378000000,89.318,89.318,88.899,88.939,24610.83
1773378900000,88.942,89.203,88.894,89.105,24740.81
1773379800000,89.102,89.426,88.879,89.016,30145.04
1773380700000,89.019,89.155,88.858,89.055,18969.76
1773381600000,89.055,89.202,88.868,89.017,20610.99
1773382500000,89.016,89.126,88.425,88.447,33569.65
1773383400000,88.449,88.626,88.234,88.454,28917.39
1773384300000,88.456,88.6,88.309,88.356,21853.99
1773385200000,88.367,88.734,88.1,88.627,38232.05
1773386100000,88.629,88.87,88.58,88.764,23457.29
1773387000000,88.766,88.822,88.215,88.441,29586.14
1773387900000,88.441,88.7,88.394,88.613,26144.21
1773388800000,88.611,88.652,88.272,88.432,21781.29
1773389700000,88.426,88.796,88.402,88.721,19306.82
1773390600000,88.721,89.632,88.721,89.261,49321.7
1773391500000,89.211,89.28,88.897,89.099,32874.72
1773392400000,89.093,89.356,89.085,89.101,28921.83
1773393300000,89.103,89.172,88.733,89.11,28174.53
1773394200000,89.11,89.36,89.053,89.27,25079.47
1773395100000,89.265,89.598,89.215,89.436,36422.4
1773396000000,89.44,89.823,89.405,89.694,37006.4
1773396900000,89.694,89.895,89.522,89.72,34467.76
1773397800000,89.72,90.035,89.683,89.86,28575.09
1773398700000,89.861,90.247,89.861,90.135,32890.1
1773399600000,90.136,90.254,90.026,90.115,28747.16
1773400500000,90.115,90.31,89.933,90.093,29769.62
1773401400000,90.095,90.178,89.953,90.074,22799.71
1773402300000,90.076,90.411,89.932,90.273,31491.27
1773403200000,90.276,90.61,90.243,90.363,34850.58
1773404100000,90.363,90.564,90.1,90.257,33902.04
1773405000000,90.26,90.685,90.195,90.263,28636.99
1773405900000,90.263,91.36,90.26,90.946,68942.74
1773406800000,90.942,91.474,90.891,91.249,43054.22
1773407700000,91.254,92.065,91.042,91.368,90396.89
1773408600000,91.369,92.02,91.08,92.006,67050.07
1773409500000,92.013,92.273,91.711,91.836,64286.81
1773410400000,91.837,93.051,91.837,92.428,84421.65
1773411300000,92.428,92.949,92.271,92.542,40678.44
1773412200000,92.542,92.787,91.65,91.66,56049.54
1773413100000,91.665,91.674,90.446,90.608,80799.48
1773414000000,90.662,90.951,90.247,90.836,49319.55
1773414900000,90.833,91.188,90.409,90.41,33916.75
1773415800000,90.41,90.589,89.455,89.711,59994.88
1773416700000,89.699,90.161,89.261,89.419,67595.32
1773417600000,89.423,89.816,89.18,89.613,40297.34
1773418500000,89.587,89.647,88.781,89.217,91536.92
1773419400000,89.217,89.663,89.212,89.589,46365.45
1773420300000,89.589,89.894,89.465,89.552,50469.84
1773421200000,89.556,89.883,89.472,89.881,22778.03
1773422100000,89.883,90.082,89.142,89.259,44181.8
1773423000000,89.257,89.407,88.735,88.853,46214.45
1773423900000,88.853,88.982,88.528,88.823,57328.32
1773424800000,88.82,88.932,88.432,88.888,60464.24
1773425700000,88.896,88.962,88.296,88.849,48112.94
1773426600000,88.85,89.066,88.831,88.981,38442.17
1773427500000,88.981,88.981,88.653,88.762,25878.4
1773428400000,88.76,88.815,88.353,88.695,23687.17
1773429300000,88.694,88.915,88.581,88.664,21478.84
1773430200000,88.664,88.868,88.501,88.758,17067.75
1773431100000,88.758,88.955,88.731,88.83,19088.1
1773432000000,88.83,88.919,88.499,88.919,24887.72
1773432900000,88.907,89.026,88.811,88.86,23366.11
1773433800000,88.863,88.953,88.82,88.903,18613.57
1773434700000,88.901,89.059,88.709,88.83,26214.26
1773435600000,88.83,89.075,88.83,88.927,18312.9
1773436500000,88.927,88.93,88.434,88.47,20519.04
1773437400000,88.491,88.709,88.262,88.599,20529.2
1773438300000,88.605,88.7,88.489,88.495,19361.51
1773439200000,88.495,88.634,87.875,88.143,60769.33
1773440100000,88.143,88.149,87.779,87.837,28514.32
1773441000000,87.837,88.001,87.686,87.824,29581.37
1773441900000,87.824,88.022,87.763,87.965,21517.11
1773442800000,87.96,87.978,87.727,87.977,47065.0
1773443700000,87.978,88.191,87.961,88.061,22722.8
1773444600000,88.062,88.128,87.989,88.083,17544.6
1773445500000,88.083,88.135,87.997,88.134,16287.71
1773446400000,88.129,88.188,87.929,88.184,18872.55
1773447300000,88.187,88.237,88.04,88.193,18253.27
1773448200000,88.194,88.315,87.836,87.837,17349.07
1773449100000,87.84,87.951,87.793,87.898,16933.36
1773450000000,87.898,88.1,87.861,87.937,17185.69
1773450900000,87.937,88.127,87.906,88.048,16090.16
1773451800000,88.05,88.212,87.749,88.158,18989.51
1773452700000,88.158,88.321,88.152,88.18,19385.79
1773453600000,88.18,88.238,88.087,88.15,15775.44
1773454500000,88.147,88.167,88.016,88.08,16547.74
1773455400000,88.08,88.087,87.924,88.004,16889.12
1773456300000,88.001,88.268,87.963,88.177,16364.13
1773457200000,88.177,88.473,88.166,88.407,19937.2
1773458100000,88.404,88.532,88.224,88.374,17414.24
1773459000000,88.377,88.554,88.354,88.461,17178.55
1773459900000,88.461,88.461,88.299,88.354,17753.6
1773460800000,88.354,88.523,88.343,88.467,19983.87
1773461700000,88.467,88.511,88.269,88.493,18393.34
1773462600000,88.495,88.63,88.404,88.565,19858.52
1773463500000,88.566,88.597,88.157,88.166,21900.53
1773464400000,88.2,88.281,88.061,88.258,18859.63
1773465300000,88.257,88.331,88.127,88.238,16715.49
1773466200000,88.238,88.244,87.844,87.981,21406.82
1773467100000,87.985,88.04,87.885,88.028,16566.8
1773468000000,88.028,88.033,87.904,87.968,16621.35
1773468900000,87.968,87.971,87.451,87.506,30662.87
1773469800000,87.503,87.507,86.872,87.057,49409.24
1773470700000,87.052,87.317,87.02,87.178,24792.38
1773471600000,87.178,87.354,87.13,87.28,19044.66
1773472500000,87.28,87.315,87.12,87.311,18324.67
1773473400000,87.314,87.364,87.157,87.224,18124.1
1773474300000,87.226,87.301,87.176,87.244,17669.62
1773475200000,87.244,87.415,87.181,87.411,21783.52
1773476100000,87.411,87.461,87.226,87.343,20022.37
1773477000000,87.343,87.371,87.115,87.153,18026.35
1773477900000,87.153,87.154,87.02,87.092,17696.66
1773478800000,87.092,87.232,87.035,87.211,20445.51
1773479700000,87.214,87.214,87.077,87.131,21462.76
1773480600000,87.131,87.144,86.939,87.057,22384.06
1773481500000,87.057,87.057,86.553,86.787,52091.37
1773482400000,86.787,86.851,86.646,86.806,19524.77
1773483300000,86.807,86.811,86.64,86.689,26908.91
1773484200000,86.688,86.688,86.455,86.527,23912.7
1773485100000,86.53,86.68,86.52,86.594,17532.08
1773486000000,86.595,86.786,86.578,86.735,19823.21
1773486900000,86.737,86.902,86.654,86.845,22761.84
1773487800000,86.847,86.848,86.677,86.828,18075.3
1773488700000,86.828,86.934,86.797,86.894,20387.83
1773489600000,86.892,87.012,86.817,86.932,18879.28
1773490500000,86.932,87.022,86.867,86.942,18040.26
1773491400000,86.944,86.971,86.752,86.824,18441.82
1773492300000,86.822,87.061,86.821,87.05,20790.27
1773493200000,87.05,87.104,86.972,87.051,20633.49
1773494100000,87.051,87.298,87.048,87.254,22044.62
1773495000000,87.255,87.278,87.172,87.208,19387.7
1773495900000,87.209,87.209,86.993,87.044,20693.25
1773496800000,87.044,87.176,86.705,86.747,24623.92
1773497700000,86.744,86.985,86.743,86.98,22001.92
1773498600000,86.984,87.009,86.563,86.59,23375.64
1773499500000,86.598,86.783,86.593,86.651,20121.41
1773500400000,86.654,86.834,86.55,86.768,19396.0
1773501300000,86.77,86.867,86.763,86.827,17008.16
1773502200000,86.827,86.827,86.603,86.645,17611.96
1773503100000,86.645,86.782,86.627,86.678,18056.73
1773504000000,86.678,86.751,86.562,86.717,22110.15
1773504900000,86.714,86.911,86.713,86.86,19984.08
1773505800000,86.86,87.024,86.858,86.908,24329.79
1773506700000,86.907,87.068,86.855,87.023,22744.3
1773507600000,87.023,87.025,86.913,86.963,19850.43
1773508500000,86.961,86.997,86.914,86.997,17033.35
1773509400000,86.998,87.008,86.873,86.905,18609.9
1773510300000,86.907,86.927,86.78,86.837,16757.98
1773511200000,86.837,86.864,86.735,86.821,17638.67
1773512100000,86.82,86.897,86.749,86.878,16553.37
1773513000000,86.875,86.974,86.873,86.941,16677.52
1773513900000,86.943,87.063,86.92,86.974,16574.47
1773514800000,86.977,86.977,86.855,86.921,15808.61
1773515700000,86.92,87.032,86.89,86.908,16073.86
1773516600000,86.908,87.016,86.865,86.991,18404.1
1773517500000,86.991,86.992,86.894,86.948,18255.46
1773518400000,86.948,86.956,86.817,86.854,20582.71
1773519300000,86.854,86.951,86.818,86.878,18050.63
1773520200000,86.878,87.049,86.835,87.049,17674.94
1773521100000,87.017,87.103,86.974,87.038,18726.44
1773522000000,87.04,87.041,86.807,86.863,21986.59
1773522900000,86.861,86.984,86.861,86.935,16508.85
1773523800000,86.935,87.098,86.914,87.07,17391.74
1773524700000,87.067,87.261,87.047,87.215,23233.42
1773525600000,87.215,87.39,87.156,87.254,24781.57
1773526500000,87.257,87.347,87.193,87.251,16410.35
1773527400000,87.251,87.328,87.25,87.301,16084.99
1773528300000,87.301,87.304,87.174,87.261,17023.66
1773529200000,87.264,88.08,87.261,87.854,63995.4
1773530100000,87.857,87.908,87.631,87.878,20836.09
1773531000000,87.877,88.112,87.821,88.031,21844.5
1773531900000,88.031,88.105,87.886,87.994,19501.03
1773532800000,87.996,88.071,87.85,88.011,23251.61
1773533700000,88.011,88.148,87.8,87.912,20535.6
1773534600000,87.9,87.991,87.74,87.914,18696.67
1773535500000,87.914,87.917,87.62,87.7,23558.46
1773536400000,87.702,87.852,87.545,87.734,19270.95
1773537300000,87.731,87.858,87.647,87.744,17816.38
1773538200000,87.744,87.744,87.527,87.6,21725.91
1773539100000,87.6,87.744,87.539,87.643,22005.03
1773540000000,87.643,88.246,87.64,88.111,31456.35
1773540900000,88.111,88.198,88.012,88.107,20654.04
1773541800000,88.11,88.263,87.943,88.228,18694.8
1773542700000,88.271,88.604,88.165,88.24,28853.32
1773543600000,88.238,88.378,88.11,88.157,19547.63
1773544500000,88.157,88.187,87.854,87.857,22123.25
1773545400000,87.854,87.963,87.723,87.763,19855.3
1773546300000,87.763,87.81,87.654,87.809,19125.86
1773547200000,87.81,88.189,87.809,88.144,19136.3
1773548100000,88.144,88.233,87.963,87.994,17754.12
1773549000000,87.994,88.183,87.904,88.176,18363.34
1773549900000,88.176,88.282,88.068,88.281,18328.0
1773550800000,88.281,88.281,88.081,88.131,18032.58
1773551700000,88.134,88.584,88.081,88.3,23920.12
1773552600000,88.3,88.558,88.228,88.441,21704.16
1773553500000,88.441,88.462,88.25,88.28,19293.37
1773554400000,88.28,88.459,88.278,88.397,17806.68
1773555300000,88.399,88.532,88.305,88.318,18733.93
1773556200000,88.318,88.321,88.096,88.197,21989.27
1773557100000,88.197,88.309,88.196,88.298,16478.0
1773558000000,88.298,88.49,88.2,88.377,18161.6
1773558900000,88.375,88.476,88.334,88.361,19879.3
1773559800000,88.363,88.363,88.15,88.157,22487.11
1773560700000,88.157,88.182,88.087,88.165,19291.69
1773561600000,88.165,88.319,88.094,88.263,20702.33
1773562500000,88.263,88.418,88.246,88.3,19834.37
1773563400000,88.304,88.314,88.213,88.31,20002.34
1773564300000,88.309,88.482,88.309,88.438,17605.1
1773565200000,88.438,88.804,88.438,88.721,32964.97
1773566100000,88.717,88.781,88.556,88.59,21384.33
1773567000000,88.587,88.611,88.434,88.47,19494.07
1773567900000,88.467,88.556,88.374,88.5,19938.72
1773568800000,88.501,88.555,88.33,88.502,17469.8
1773569700000,88.502,88.656,88.476,88.527,17975.91
1773570600000,88.527,88.551,88.421,88.454,18904.7
1773571500000,88.457,88.495,88.387,88.424,17390.36
1773572400000,88.427,88.427,88.243,88.307,22403.6
1773573300000,88.307,88.39,88.19,88.227,19552.45
1773574200000,88.23,88.357,88.201,88.347,17835.19
1773575100000,88.355,88.63,88.328,88.504,28501.31
1773576000000,88.507,88.507,88.22,88.282,18978.78
1773576900000,88.281,88.387,88.214,88.371,17917.77
1773577800000,88.371,88.397,88.152,88.166,18400.93
1773578700000,88.172,88.294,88.165,88.223,20234.3
1773579600000,88.223,88.35,87.567,87.791,49316.3
1773580500000,87.791,87.936,87.571,87.861,30227.45
1773581400000,87.857,87.911,87.335,87.5,34476.88
1773582300000,87.5,87.815,87.45,87.794,20386.19
1773583200000,87.791,87.87,87.653,87.79,20124.9
1773584100000,87.79,87.793,87.557,87.677,22119.25
1773585000000,87.679,87.848,87.522,87.848,20320.2
1773585900000,87.84,87.955,87.74,87.911,20088.02
1773586800000,87.913,88.014,87.829,87.896,20465.92
1773587700000,87.893,88.077,87.797,87.82,18766.83
1773588600000,87.823,87.968,87.721,87.89,28621.33
1773589500000,87.89,87.988,87.849,87.866,16155.12
1773590400000,87.863,87.989,87.769,87.954,16727.92
1773591300000,87.957,87.994,87.566,87.652,23800.45
1773592200000,87.652,87.759,87.518,87.656,19338.42
1773593100000,87.652,87.725,87.41,87.491,20659.28
1773594000000,87.493,87.754,87.471,87.678,20211.79
1773594900000,87.678,87.866,87.649,87.777,18793.96
1773595800000,87.777,87.912,87.727,87.879,16740.29
1773596700000,87.879,88.76,87.844,88.378,42597.62
1773597600000,88.38,88.572,88.356,88.497,22088.43
1773598500000,88.499,88.595,88.423,88.497,20673.47
1773599400000,88.497,88.639,88.44,88.524,16433.59
1773600300000,88.527,88.547,87.783,87.853,34789.24
1773601200000,87.854,88.111,87.755,88.077,21319.99
1773602100000,88.077,88.224,87.929,88.161,22169.99
1773603000000,88.161,88.207,88.056,88.076,17111.98
1773603900000,88.08,88.187,87.961,88.144,20135.9
1773604800000,88.147,88.17,87.994,88.01,17833.95
1773605700000,88.013,88.12,87.923,88.09,16003.81
1773606600000,88.09,88.959,88.086,88.767,37605.16
1773607500000,88.765,88.86,88.671,88.721,19717.89
1773608400000,88.723,88.875,88.535,88.553,28176.76
1773609300000,88.553,88.932,88.55,88.793,25960.23
1773610200000,88.797,90.145,88.793,89.724,79026.07
1773611100000,89.724,90.261,89.71,89.959,46078.51
1773612000000,89.959,90.962,89.806,90.061,61909.18
1773612900000,90.062,90.45,89.915,90.38,27144.85
1773613800000,90.383,92.567,90.379,91.97,97291.15
1773614700000,91.97,92.916,91.969,92.617,72782.99
1773615600000,92.63,93.207,92.471,92.666,81023.97
1773616500000,92.666,93.025,91.773,91.78,51403.17
1773617400000,91.774,92.234,91.605,92.226,35389.93
1773618300000,92.229,92.386,91.942,92.283,27882.25
1773619200000,92.283,93.0,92.283,92.305,48792.48
1773620100000,92.309,92.684,91.915,91.942,28970.69
1773621000000,91.942,92.37,91.845,92.042,28941.44
1773621900000,92.042,92.28,91.973,91.975,20572.54
1773622800000,91.975,92.096,91.554,91.575,25806.14
1773623700000,91.575,92.134,91.485,91.939,32068.94
1773624600000,91.939,91.941,91.539,91.699,26109.87
1773625500000,91.699,92.226,91.691,92.063,23737.51
1773626400000,92.062,92.251,91.912,91.912,20132.14
1773627300000,91.946,92.013,91.152,91.277,25052.48
1773628200000,91.28,91.473,91.159,91.375,19713.54
1773629100000,91.373,91.621,91.366,91.46,18995.28
1773630000000,91.463,91.574,91.242,91.5,45305.16
1773630900000,91.496,92.282,91.4,92.08,38933.9
1773631800000,92.083,93.936,92.08,93.233,143425.97
1773632700000,93.237,93.431,92.951,93.136,33300.51
1773633600000,93.136,93.556,93.131,93.311,34597.43
1773634500000,93.311,93.707,92.922,93.03,45549.59
1773635400000,93.026,93.274,92.931,93.075,28239.92
1773636300000,93.075,94.219,93.045,93.592,61285.99
1773637200000,93.596,93.872,93.192,93.623,46771.15
1773638100000,93.623,94.105,93.529,94.094,36701.13
1773639000000,94.094,94.177,93.689,94.044,39217.49
1773639900000,94.044,94.279,93.842,93.998,35687.24
1773640800000,93.988,93.999,93.123,93.265,31870.76
1773641700000,93.273,93.638,93.265,93.393,26175.56
1773642600000,93.393,93.639,93.393,93.583,18204.07
1773643500000,93.583,93.587,93.364,93.364,29002.07
1773644400000,93.365,93.745,93.316,93.667,20961.27
1773645300000,93.667,93.765,93.432,93.73,29488.32
1773646200000,93.731,93.804,93.286,93.505,27069.43
1773647100000,93.503,93.649,93.389,93.515,20956.31
1773648000000,93.515,93.984,93.515,93.552,32487.94
1773648900000,93.552,93.677,93.238,93.276,30212.74
1773649800000,93.273,93.295,92.616,92.652,41005.78
1773650700000,92.638,92.988,92.542,92.823,42726.35
1773651600000,92.82,92.977,92.695,92.921,22559.11
1773652500000,92.927,93.257,92.824,93.079,29642.94
1773653400000,93.075,93.218,92.999,93.04,25139.94
1773654300000,93.042,93.414,93.04,93.273,30342.92
1773655200000,93.272,93.512,93.218,93.45,23112.05
1773656100000,93.45,93.708,93.4,93.509,31724.19
1773657000000,93.513,93.549,93.272,93.386,23328.25
1773657900000,93.386,93.892,93.286,93.86,27874.72
1773658800000,93.86,93.929,93.668,93.739,27649.22
1773659700000,93.736,93.861,93.476,93.536,25818.84
1773660600000,93.536,93.779,93.49,93.758,20059.36
1773661500000,93.759,93.907,93.676,93.71,22115.27
1773662400000,93.709,94.152,93.4,93.737,40088.65
1773663300000,93.694,94.086,93.605,93.984,27661.53
1773664200000,93.985,94.131,93.678,93.769,35618.06
1773665100000,93.773,93.874,93.649,93.707,24531.57
1773666000000,93.707,93.937,93.495,93.806,30077.63
1773666900000,93.806,94.084,93.683,94.04,26220.06
1773667800000,94.043,95.078,93.707,93.915,129939.75
1773668700000,93.909,94.503,93.382,93.615,58426.26
1773669600000,93.616,94.468,93.507,94.331,61016.0
1773670500000,94.33,94.471,93.177,93.178,59514.93
1773671400000,93.179,93.187,92.306,92.604,126456.06
1773672300000,92.604,93.578,92.534,93.567,44769.45
1773673200000,93.558,93.908,93.124,93.637,43528.53
1773674100000,93.634,94.074,93.505,93.992,33137.27
1773675000000,94.0,94.3,93.603,93.663,35516.15
1773675900000,93.649,93.875,93.041,93.136,27083.6
1773676800000,93.133,93.595,93.069,93.123,27628.06
1773677700000,93.122,93.419,93.087,93.263,20613.24
1773678600000,93.267,93.794,93.125,93.709,27037.57
1773679500000,93.709,93.981,93.371,93.761,30356.54
1773680400000,93.761,94.001,93.663,93.917,27663.09
1773681300000,93.917,94.147,93.653,93.656,24589.93
1773682200000,93.662,94.148,93.655,94.06,26589.29
1773683100000,94.063,94.36,93.814,94.032,30195.35
1773684000000,94.035,94.824,94.012,94.539,47226.96
1773684900000,94.543,95.072,94.484,94.717,47578.79
1773685800000,94.718,94.98,94.403,94.696,28140.36
1773686700000,94.697,94.701,94.292,94.342,25970.48
1773687600000,94.343,95.414,94.151,95.171,74992.21
1773688500000,95.122,95.399,94.714,95.042,38575.07
1773689400000,95.067,95.23,94.961,95.021,23039.73
1773690300000,95.017,95.446,94.667,95.165,37745.48
1773691200000,95.158,95.34,95.008,95.275,22833.19
1773692100000,95.275,95.843,95.275,95.695,50368.14
1773693000000,95.694,95.931,95.481,95.486,38700.85
1773693900000,95.489,95.924,95.425,95.741,26178.24
1773694800000,95.74,96.116,95.45,95.847,36403.08
1773695700000,95.847,96.097,95.635,95.749,28640.2
1773696600000,95.75,96.846,95.673,96.361,54826.43
1773697500000,96.361,96.849,96.125,96.125,37695.54
1773698400000,96.128,97.607,96.103,97.237,50715.74
1773699300000,97.237,97.292,96.232,96.463,32243.8
1773700200000,96.463,96.739,96.426,96.686,25739.64
1773701100000,96.671,96.839,96.154,96.313,27579.87
1773702000000,96.313,96.313,95.388,95.641,37169.81
1773702900000,95.64,95.933,95.559,95.914,29884.22
1773703800000,95.915,96.284,95.881,96.284,27308.71
1773704700000,96.281,96.433,95.951,96.131,24326.4
1773705600000,96.131,96.898,95.665,96.698,39617.69
1773706500000,96.698,96.75,95.318,95.69,55170.11
1773707400000,95.696,96.037,95.309,95.443,34092.61
1773708300000,95.444,95.651,95.08,95.434,25854.57
1773709200000,95.435,96.029,94.908,95.784,31200.03
1773710100000,95.779,95.847,95.307,95.683,21210.94
1773711000000,95.683,95.986,95.238,95.521,20765.15
1773711900000,95.521,95.735,95.292,95.657,18687.3
1773712800000,95.657,95.702,94.962,95.157,20956.55
1773713700000,95.157,95.217,94.883,94.953,29898.77
1773714600000,94.987,95.534,94.84,95.423,21504.05
1773715500000,95.42,95.543,95.058,95.077,20671.46
1773716400000,95.077,95.228,94.729,94.773,26913.41
1773717300000,94.773,94.874,94.507,94.603,37199.67
1773718200000,94.607,94.629,93.883,93.97,48528.06
1773719100000,93.974,94.078,93.656,94.017,28147.72
1773720000000,94.007,94.194,93.973,94.115,27284.73
1773720900000,94.116,94.15,93.471,93.718,35057.49
1773721800000,93.718,93.828,93.126,93.424,52632.19
1773722700000,93.418,93.808,93.379,93.724,23655.7
1773723600000,93.724,93.918,93.512,93.75,24231.57
1773724500000,93.751,93.998,93.735,93.941,22262.04
1773725400000,93.941,94.021,93.388,93.469,35985.35
1773726300000,93.461,93.843,93.292,93.757,40774.39
1773727200000,93.753,94.068,93.42,94.036,25197.07
1773728100000,94.007,94.231,93.917,94.145,32924.82
1773729000000,94.145,94.173,93.79,93.828,20051.8
1773729900000,93.83,93.959,93.72,93.84,39082.51
1773730800000,93.84,94.247,93.804,94.225,24670.89
1773731700000,94.228,94.59,94.221,94.464,54542.21
1773732600000,94.464,94.581,94.381,94.461,20362.38
1773733500000,94.461,94.535,94.306,94.374,22795.93
1773734400000,94.374,94.764,94.33,94.435,29445.09
1773735300000,94.435,94.644,94.228,94.534,24988.1
1773736200000,94.537,94.818,94.422,94.757,19375.3
1773737100000,94.763,94.882,94.242,94.351,25344.89
1773738000000,94.353,94.427,94.005,94.144,22733.4
1773738900000,94.14,95.04,94.082,94.703,42399.21
1773739800000,94.703,94.765,94.469,94.597,20736.46
1773740700000,94.597,94.611,93.661,93.831,32096.37
1773741600000,93.83,93.995,93.6,93.808,30270.71
1773742500000,93.808,93.811,93.484,93.626,26402.29
1773743400000,93.626,93.682,93.406,93.505,25522.52
1773744300000,93.512,93.569,93.205,93.506,36860.63
1773745200000,93.506,93.712,93.343,93.694,34255.99
1773746100000,93.696,93.843,93.55,93.732,21869.7
1773747000000,93.731,93.779,93.594,93.731,20754.08
1773747900000,93.731,93.847,93.519,93.604,23124.83
1773748800000,93.604,94.028,93.569,93.817,30720.91
1773749700000,93.819,94.015,93.242,93.401,28450.62
1773750600000,93.401,93.594,93.11,93.487,26784.98
1773751500000,93.49,93.49,93.202,93.37,20874.5
1773752400000,93.373,93.651,93.319,93.65,22564.47
1773753300000,93.65,93.694,93.472,93.576,26029.33
1773754200000,93.577,94.517,93.514,93.854,45327.54
1773755100000,93.851,94.0,93.359,93.722,44074.44
1773756000000,93.752,94.229,93.45,94.112,25899.32
1773756900000,94.091,94.248,93.778,94.167,23458.17
1773757800000,94.163,94.628,94.14,94.405,45285.15
1773758700000,94.411,94.55,94.058,94.451,37209.16
1773759600000,94.451,95.082,93.869,93.881,88313.87
1773760500000,93.87,94.188,93.616,93.757,35135.34
1773761400000,93.759,93.954,93.191,93.534,32906.37
1773762300000,93.538,93.848,93.368,93.785,29986.29
1773763200000,93.785,94.174,93.696,93.991,26436.7
1773764100000,93.994,94.751,93.976,94.473,44039.3
1773765000000,94.473,94.553,94.133,94.351,30619.46
1773765900000,94.349,94.452,94.111,94.343,22214.87
1773766800000,94.344,94.68,94.093,94.294,28946.1
1773767700000,94.295,94.645,94.17,94.306,26250.25
1773768600000,94.306,94.504,94.162,94.316,21212.23
1773769500000,94.317,94.611,94.21,94.497,21048.96
1773770400000,94.494,94.985,94.399,94.873,27561.71
1773771300000,94.87,95.118,94.833,94.903,43933.49
1773772200000,94.903,95.548,94.88,95.28,48104.12
1773773100000,95.279,95.417,94.86,95.259,24241.84
1773774000000,95.27,95.507,95.249,95.267,24907.35
1773774900000,95.263,95.355,94.869,95.02,24517.99
1773775800000,95.023,95.144,94.783,94.919,27166.74
1773776700000,94.922,94.959,94.566,94.636,25032.37
1773777600000,94.636,94.733,94.358,94.398,23676.51
1773778500000,94.399,94.978,94.398,94.894,22866.24
1773779400000,94.89,94.894,94.614,94.704,18354.02
1773780300000,94.704,94.926,94.696,94.834,19316.57
1773781200000,94.833,95.385,94.786,95.199,21216.71
1773782100000,95.199,95.199,95.037,95.06,18861.34
1773783000000,95.057,95.315,94.914,95.286,26640.51
1773783900000,95.286,95.299,95.129,95.211,17545.68
1773784800000,95.213,95.478,95.092,95.399,20505.11
1773785700000,95.403,95.562,95.163,95.163,25617.04
1773786600000,95.163,95.166,94.525,94.783,36868.82
1773787500000,94.82,95.428,94.768,95.263,33790.5
1773788400000,95.261,95.374,95.143,95.243,17312.47
1773789300000,95.243,95.244,94.816,94.957,16951.74
1773790200000,94.937,94.939,94.61,94.63,17020.48
1773791100000,94.629,94.823,94.543,94.553,21954.92
1773792000000,94.553,94.862,94.454,94.638,22951.64
1773792900000,94.64,94.671,94.076,94.3,26145.14
1773793800000,94.3,94.316,94.046,94.314,21244.37
1773794700000,94.315,94.615,94.315,94.464,19729.94
1773795600000,94.466,94.721,94.404,94.529,17364.38
1773796500000,94.527,94.738,94.438,94.664,18269.96
1773797400000,94.666,94.874,94.574,94.657,18084.94
1773798300000,94.657,94.745,94.26,94.359,19376.1
1773799200000,94.357,94.928,94.333,94.853,18384.33
1773800100000,94.858,94.902,94.609,94.68,16300.34
1773801000000,94.68,95.097,94.644,95.038,25190.1
1773801900000,95.04,95.161,94.86,94.871,19418.13
1773802800000,94.871,94.994,94.769,94.836,16492.85
1773803700000,94.836,95.46,94.829,95.313,22506.23
1773804600000,95.312,95.601,95.139,95.223,25628.94
1773805500000,95.219,95.248,94.982,94.993,18252.85
1773806400000,94.993,95.06,94.707,94.766,19814.82
1773807300000,94.764,94.768,94.244,94.271,26253.24
1773808200000,94.28,94.303,93.961,94.084,29043.7
1773809100000,94.086,94.162,94.034,94.07,19030.25
1773810000000,94.068,94.315,93.765,94.281,31294.13
1773810900000,94.283,94.294,94.0,94.074,21313.09
1773811800000,94.07,94.225,93.916,94.024,20640.74
1773812700000,94.024,94.126,93.67,93.867,24365.92
1773813600000,93.867,94.168,93.853,94.168,22842.4
1773814500000,94.168,94.575,94.07,94.361,24903.22
1773815400000,94.36,94.519,94.15,94.247,22512.15
1773816300000,94.267,94.409,94.167,94.187,18017.0
1773817200000,94.187,94.242,93.952,94.141,20180.23
1773818100000,94.141,94.196,93.846,93.887,19428.32
1773819000000,93.89,93.971,93.784,93.811,23011.05
1773819900000,93.807,94.042,93.764,93.901,20335.44
1773820800000,93.901,94.199,93.901,94.057,23873.57
1773821700000,94.057,94.195,93.993,94.106,19233.14
1773822600000,94.106,94.166,93.973,94.137,16234.94
1773823500000,94.135,94.138,93.931,93.967,16098.1
1773824400000,93.965,94.292,93.888,94.234,19516.43
1773825300000,94.232,94.352,94.163,94.17,21148.67
1773826200000,94.167,94.379,94.161,94.248,18168.15
1773827100000,94.244,94.298,94.071,94.227,20053.13
1773828000000,94.231,94.378,94.006,94.304,21656.02
1773828900000,94.306,94.309,94.213,94.284,19332.95
1773829800000,94.279,94.364,93.527,93.615,32503.34
1773830700000,93.612,93.8,93.452,93.797,28416.61
1773831600000,93.797,93.988,93.389,93.791,32803.11
1773832500000,93.788,93.942,93.252,93.281,27519.46
1773833400000,93.284,93.366,91.764,92.203,160968.77
1773834300000,92.134,92.219,91.772,91.954,40270.63
1773835200000,91.954,91.98,91.469,91.82,64927.42
1773836100000,91.82,91.936,91.442,91.627,31006.96
1773837000000,91.627,91.631,90.267,90.526,96783.9
1773837900000,90.519,90.662,90.29,90.351,65024.0
1773838800000,90.35,90.565,89.829,90.374,67307.47
1773839700000,90.374,90.659,90.09,90.624,31933.1
1773840600000,90.622,90.686,90.172,90.308,33031.32
1773841500000,90.31,90.529,89.978,90.258,37534.56
1773842400000,90.255,90.335,89.721,89.778,41414.11
1773843300000,89.775,90.0,89.416,89.531,43523.72
1773844200000,89.527,89.695,89.18,89.242,40425.9
1773845100000,89.241,89.426,88.801,88.902,64076.14
1773846000000,88.902,89.29,88.513,88.763,67291.41
1773846900000,88.768,89.247,88.706,89.108,34157.21
1773847800000,89.111,89.322,89.034,89.211,30010.71
1773848700000,89.207,89.387,89.0,89.325,28004.97
1773849600000,89.329,89.329,88.741,88.891,36612.54
1773850500000,88.888,88.951,88.699,88.85,19867.73
1773851400000,88.85,89.016,88.582,88.968,42288.58
1773852300000,88.968,89.153,88.807,88.913,25862.63
1773853200000,88.908,88.998,88.774,88.928,22911.28
1773854100000,88.925,89.541,88.91,89.427,46716.65
1773855000000,89.427,90.294,89.244,89.959,53571.3
1773855900000,89.959,90.26,89.785,89.855,27293.15
1773856800000,89.851,90.77,89.851,90.507,73976.72
1773857700000,90.507,90.508,89.777,90.005,31220.21
1773858600000,90.009,90.307,89.877,90.008,26132.83
1773859500000,90.009,90.013,89.329,89.527,46549.68
1773860400000,89.519,89.937,89.505,89.753,27731.59
1773861300000,89.755,90.0,89.608,89.771,25625.25
1773862200000,89.771,89.895,89.558,89.635,17055.03
1773863100000,89.659,89.675,89.386,89.623,20573.89
1773864000000,89.624,89.741,88.942,89.331,32925.7
1773864900000,89.329,89.509,89.287,89.441,21352.42
1773865800000,89.441,89.944,89.438,89.804,26019.69
1773866700000,89.804,90.066,89.695,89.962,21041.56
1773867600000,89.925,90.35,89.888,90.185,21485.64
1773868500000,90.184,90.336,90.109,90.204,17635.3
1773869400000,90.204,90.572,90.178,90.361,22487.4
1773870300000,90.361,90.54,90.29,90.404,19305.66
1773871200000,90.403,90.414,89.95,90.191,24921.36
1773872100000,90.195,90.41,90.098,90.216,17388.33
1773873000000,90.216,90.362,89.984,90.072,18398.86
1773873900000,90.071,90.089,89.877,89.965,17497.99
1773874800000,89.965,90.04,89.733,89.752,19729.96
1773875700000,89.752,89.909,89.67,89.881,17629.99
1773876600000,89.878,90.114,89.878,89.961,23677.11
1773877500000,89.957,90.066,89.833,90.031,17884.25
1773878400000,90.028,90.11,89.788,90.015,19333.27
1773879300000,90.015,90.253,89.875,90.227,16478.68
1773880200000,90.227,90.233,89.843,90.011,24278.66
1773881100000,90.009,90.178,89.924,90.082,30978.11
1773882000000,90.082,90.202,89.886,89.997,18177.9
1773882900000,89.998,90.175,89.938,90.138,16650.41
1773883800000,90.138,90.316,90.008,90.265,23551.77
1773884700000,90.267,90.325,90.112,90.113,17441.8
1773885600000,90.115,90.242,89.73,90.209,21082.29
1773886500000,90.211,90.319,90.141,90.276,16462.89
1773887400000,90.278,90.298,90.132,90.229,16267.12
1773888300000,90.231,90.231,89.872,89.928,18007.88
1773889200000,89.93,90.236,89.865,90.19,19062.09
1773890100000,90.194,91.36,90.18,91.166,63100.05
1773891000000,91.205,91.303,90.773,90.882,24658.04
1773891900000,90.878,91.032,90.657,90.685,25307.4
1773892800000,90.68,90.686,89.999,90.163,36487.56
1773893700000,90.163,90.185,89.699,89.882,25529.42
1773894600000,89.885,89.935,89.712,89.915,20267.56
1773895500000,89.915,89.989,89.765,89.848,19921.81
1773896400000,89.848,89.974,89.762,89.839,28437.07
1773897300000,89.839,90.046,89.674,89.754,21602.17
1773898200000,89.754,89.95,89.682,89.751,22351.55
1773899100000,89.751,89.822,89.617,89.697,21754.34
1773900000000,89.7,89.985,89.477,89.791,24909.97
1773900900000,89.794,90.072,89.765,89.844,22460.36
1773901800000,89.84,89.965,89.505,89.901,26291.33
1773902700000,89.901,89.962,89.745,89.818,19008.55
1773903600000,89.814,90.0,89.352,89.376,38360.83
1773904500000,89.4,89.454,88.572,89.013,77259.91
1773905400000,89.017,89.865,88.961,89.574,50933.47
1773906300000,89.571,89.621,89.306,89.358,22223.48
1773907200000,89.354,89.571,89.271,89.394,20361.91
1773908100000,89.391,89.571,89.067,89.112,27613.88
1773909000000,89.112,89.529,89.064,89.355,23607.35
1773909900000,89.353,89.473,89.224,89.298,19227.05
1773910800000,89.301,89.546,89.112,89.263,22912.37
1773911700000,89.262,89.991,89.189,89.564,50098.23
1773912600000,89.568,89.896,89.552,89.825,31824.15
1773913500000,89.825,90.337,89.819,90.163,46145.39
1773914400000,90.161,90.188,90.004,90.107,22919.38
1773915300000,90.105,90.43,90.013,90.158,30825.89
1773916200000,90.158,90.202,89.777,89.851,35518.72
1773917100000,89.851,89.989,89.757,89.777,22403.84
1773918000000,89.777,89.962,89.742,89.823,21420.89
1773918900000,89.82,89.932,89.764,89.891,38483.63
1773919800000,89.894,89.96,89.436,89.477,39432.95
1773920700000,89.477,89.627,89.477,89.567,22267.0
1773921600000,89.57,89.572,89.179,89.332,37650.78
1773922500000,89.33,89.355,88.872,88.97,36884.73
1773923400000,88.967,89.04,88.792,88.808,25803.33
1773924300000,88.808,88.809,87.983,88.046,96680.0
1773925200000,88.04,88.247,87.55,87.612,65885.53
1773926100000,87.612,88.36,87.571,87.944,35034.39
1773927000000,87.944,88.684,87.489,88.47,45843.39
1773927900000,88.476,88.661,88.08,88.454,33644.57
1773928800000,88.455,88.842,88.0,88.005,29660.8
1773929700000,88.001,88.095,87.525,87.527,36492.65
1773930600000,87.527,87.805,87.376,87.692,37781.33
1773931500000,87.692,88.289,87.549,88.165,31759.41
1773932400000,88.158,88.675,88.093,88.408,28697.2
1773933300000,88.411,88.578,87.612,87.778,41189.63
1773934200000,87.781,87.929,87.405,87.44,29997.48
1773935100000,87.426,87.763,87.13,87.56,56875.3
1773936000000,87.561,87.65,87.244,87.31,28640.57
1773936900000,87.309,87.592,86.948,87.444,42026.44
1773937800000,87.444,87.757,87.134,87.614,29899.43
1773938700000,87.617,87.681,87.301,87.647,27259.1
1773939600000,87.644,87.692,87.08,87.169,36584.94
1773940500000,87.165,88.049,87.065,87.866,34342.64
1773941400000,87.867,88.072,87.549,87.657,25514.71
1773942300000,87.657,88.298,87.62,88.093,31250.83
1773943200000,88.093,88.281,87.98,88.144,19692.39
1773944100000,88.141,88.178,87.762,87.781,21377.61
1773945000000,87.777,87.908,87.725,87.767,22549.79
1773945900000,87.764,88.138,87.628,88.094,19394.93
1773946800000,88.094,89.19,88.074,88.908,59636.93
1773947700000,88.908,89.185,88.632,88.794,32253.46
1773948600000,88.798,89.052,88.484,88.974,26832.24
1773949500000,88.978,89.049,88.634,88.683,20954.38
1773950400000,88.689,88.895,88.625,88.756,24898.7
1773951300000,88.756,88.992,88.73,88.758,18090.35
1773952200000,88.758,89.142,88.734,88.96,19243.22
1773953100000,88.96,89.035,88.877,88.939,19153.93
1773954000000,88.932,89.282,88.931,89.185,20093.05
1773954900000,89.185,89.187,88.942,88.968,19058.78
1773955800000,88.971,89.055,88.815,89.013,16991.62
1773956700000,89.006,89.182,88.968,89.087,17486.16
1773957600000,89.09,89.124,88.877,89.071,17842.38
1773958500000,89.071,89.112,88.97,89.001,16462.06
1773959400000,89.001,89.001,88.368,88.518,28140.03
1773960300000,88.515,88.721,88.456,88.718,19755.69
1773961200000,88.717,89.116,88.717,89.015,26348.35
1773962100000,89.015,89.092,88.793,88.98,25336.34
1773963000000,88.978,89.041,88.557,88.68,18818.4
1773963900000,88.677,88.93,88.623,88.834,19776.66
1773964800000,88.831,89.365,88.819,89.287,30817.29
1773965700000,89.288,89.338,88.896,89.124,20942.04
1773966600000,89.129,89.336,89.091,89.229,21456.58
1773967500000,89.227,89.368,89.16,89.367,19528.69
1773968400000,89.367,89.699,89.291,89.517,28049.02
1773969300000,89.515,89.558,89.287,89.403,20999.14
1773970200000,89.409,89.75,89.366,89.597,19435.35
1773971100000,89.6,89.66,89.387,89.43,28460.52
1773972000000,89.43,89.549,89.33,89.331,19415.12
1773972900000,89.33,89.331,88.966,89.063,22781.27
1773973800000,89.063,89.228,88.83,89.197,20692.66
1773974700000,89.164,89.437,89.031,89.27,22266.67
1773975600000,89.27,89.37,89.182,89.283,28951.49
1773976500000,89.281,89.512,89.26,89.508,20272.17
1773977400000,89.508,89.662,89.326,89.363,22276.17
1773978300000,89.363,89.639,89.316,89.521,18599.8
1773979200000,89.525,89.709,89.45,89.654,18429.87
1773980100000,89.654,89.656,89.387,89.58,18495.83
1773981000000,89.58,89.583,88.683,88.765,38449.41
1773981900000,88.766,89.323,88.757,89.238,46271.29
1773982800000,89.234,89.328,89.042,89.306,20991.34
1773983700000,89.303,89.348,88.92,88.974,17119.7
1773984600000,88.957,89.441,88.809,89.384,21355.69
1773985500000,89.384,89.454,89.236,89.295,19896.91
1773986400000,89.292,89.295,89.064,89.183,26210.98
1773987300000,89.184,89.184,88.879,88.914,22173.99
1773988200000,89.0,89.157,88.877,89.063,22587.14
1773989100000,89.063,89.155,88.995,89.037,18952.52
1773990000000,89.036,89.036,88.436,88.573,32010.43
1773990900000,88.573,89.002,88.552,88.824,17406.82
1773991800000,88.826,89.436,88.78,89.427,21352.53
1773992700000,89.427,89.441,89.265,89.313,19145.31
1773993600000,89.313,90.41,89.252,90.174,62744.62
1773994500000,90.17,90.188,89.8,89.807,32183.76
1773995400000,89.81,89.827,89.601,89.703,23038.6
1773996300000,89.701,89.825,89.614,89.743,18937.85
1773997200000,89.743,89.743,89.274,89.274,29755.07
1773998100000,89.277,89.277,88.582,88.718,46328.28
1773999000000,88.715,89.038,88.695,88.987,25333.5
1773999900000,88.987,88.991,88.646,88.897,21615.23
1774000800000,88.897,88.929,88.603,88.708,24165.96
1774001700000,88.708,88.895,88.556,88.761,25727.26
1774002600000,88.763,89.413,88.741,89.24,31966.47
1774003500000,89.24,89.394,89.233,89.257,22096.87
1774004400000,89.257,89.522,89.169,89.503,24451.55
1774005300000,89.508,89.508,89.226,89.344,20083.24
1774006200000,89.347,89.381,88.845,88.991,27362.34
1774007100000,88.991,89.085,88.84,89.066,20142.03
1774008000000,89.064,89.464,89.064,89.295,27625.74
1774008900000,89.297,89.324,89.112,89.183,21438.67
1774009800000,89.197,89.268,88.966,89.199,24424.17
1774010700000,89.195,89.257,89.03,89.073,20580.42
1774011600000,89.07,89.451,89.037,89.171,33389.35
1774012500000,89.175,89.583,89.122,89.344,27370.19
1774013400000,89.347,89.387,88.541,89.216,50699.01
1774014300000,89.215,89.3,88.624,88.78,28919.11
1774015200000,88.779,89.074,88.51,88.574,37099.43
1774016100000,88.573,89.335,88.459,89.263,37756.95
1774017000000,89.263,89.706,89.253,89.29,41485.21
1774017900000,89.293,89.432,88.859,88.901,28876.68
1774018800000,88.901,89.075,88.56,88.955,30685.47
1774019700000,88.954,89.239,88.577,88.945,31314.75
1774020600000,88.945,89.239,88.827,88.98,31173.84
1774021500000,88.981,89.075,88.682,88.927,54117.97
1774022400000,88.923,89.118,88.816,88.994,51435.75
1774023300000,88.963,89.187,88.779,89.02,34754.27
1774024200000,89.02,89.024,88.713,88.854,38664.5
1774025100000,88.857,88.988,88.566,88.869,21533.34
1774026000000,88.869,88.988,88.628,88.808,19385.68
1774026900000,88.808,88.897,88.617,88.62,20105.93
1774027800000,88.618,88.671,88.074,88.228,52045.53
1774028700000,88.228,88.94,88.103,88.852,34717.28
1774029600000,88.845,88.959,88.687,88.794,21583.78
1774030500000,88.797,88.854,88.474,88.518,23635.2
1774031400000,88.518,88.551,88.101,88.335,32358.85
1774032300000,88.337,88.667,88.315,88.514,22681.23
1774033200000,88.512,88.715,88.407,88.634,20004.89
1774034100000,88.634,88.635,88.336,88.531,17715.87
1774035000000,88.533,88.771,88.16,88.771,23077.26
1774035900000,88.767,89.01,88.605,88.921,27067.97
1774036800000,88.921,89.32,88.92,89.204,36155.52
1774037700000,89.199,89.205,88.826,88.861,29534.5
1774038600000,88.864,88.864,88.623,88.73,20939.75
1774039500000,88.73,89.078,88.704,88.963,17741.27
1774040400000,88.964,89.207,88.868,89.197,17833.73
1774041300000,89.197,89.844,89.151,89.735,34131.91
1774042200000,89.735,89.979,89.383,89.443,28138.35
1774043100000,89.44,89.648,89.439,89.531,25834.95
1774044000000,89.534,90.213,89.531,89.96,28897.78
1774044900000,89.963,90.088,89.85,89.873,22377.56
1774045800000,89.873,89.937,89.776,89.897,21152.2
1774046700000,89.897,90.188,89.854,90.059,20672.35
1774047600000,90.057,90.099,89.803,89.836,21241.85
1774048500000,89.834,90.0,89.682,89.845,19710.05
1774049400000,89.847,89.901,89.754,89.816,18313.99
1774050300000,89.814,89.941,89.748,89.817,17252.08
1774051200000,89.815,89.95,89.795,89.857,17054.35
1774052100000,89.857,90.209,89.831,89.957,19689.55
1774053000000,89.96,90.011,89.847,89.887,16748.8
1774053900000,89.884,90.045,89.81,89.983,18082.91
1774054800000,89.982,90.306,89.954,90.018,32116.36
1774055700000,90.018,90.098,89.924,89.967,19431.59
1774056600000,89.969,90.06,89.766,89.776,28352.85
1774057500000,89.777,89.895,89.68,89.834,22828.3
1774058400000,89.834,89.921,89.726,89.85,16404.29
1774059300000,89.85,90.171,89.85,90.1,18399.78
1774060200000,90.1,90.225,89.968,90.201,20326.47
1774061100000,90.204,90.601,90.201,90.424,44485.76
1774062000000,90.424,90.564,90.279,90.45,20332.32
1774062900000,90.45,90.51,90.313,90.41,19552.85
1774063800000,90.413,90.413,90.31,90.313,22666.26
1774064700000,90.313,90.43,90.31,90.408,16259.7
1774065600000,90.41,90.766,90.408,90.517,31449.11
1774066500000,90.517,90.607,90.439,90.546,18831.97
1774067400000,90.544,90.546,90.125,90.127,19547.23
1774068300000,90.13,90.251,90.124,90.21,20594.38
1774069200000,90.213,90.404,90.21,90.268,18171.3
1774070100000,90.271,90.427,90.247,90.381,16358.83
1774071000000,90.381,90.472,90.103,90.144,17510.66
1774071900000,90.144,90.147,89.912,89.918,28228.2
1774072800000,89.921,90.101,89.879,90.044,24912.18
1774073700000,90.023,90.255,90.005,90.231,19386.07
1774074600000,90.231,90.264,90.114,90.174,16436.97
1774075500000,90.176,90.176,90.092,90.118,16117.74
1774076400000,90.118,90.217,90.1,90.21,21819.33
1774077300000,90.21,90.36,90.18,90.349,21725.56
1774078200000,90.35,90.35,90.077,90.077,17589.49
1774079100000,90.081,90.099,89.883,90.096,18697.3
1774080000000,90.099,90.099,89.971,89.977,16639.16
1774080900000,89.977,89.981,89.83,89.831,30137.4
1774081800000,89.831,89.92,89.775,89.913,26609.07
1774082700000,89.916,89.987,89.873,89.95,16772.94
1774083600000,89.95,90.15,89.931,90.149,19872.47
1774084500000,90.149,90.149,90.023,90.079,17426.75
1774085400000,90.077,90.275,90.073,90.267,25021.31
1774086300000,90.269,90.35,90.142,90.146,19787.81
1774087200000,90.147,90.189,90.027,90.156,17417.04
1774088100000,90.156,90.166,89.925,89.971,22851.61
1774089000000,89.973,90.047,89.89,89.947,27868.72
1774089900000,89.944,89.947,89.837,89.937,23907.8
1774090800000,89.934,89.947,89.815,89.843,18832.02
1774091700000,89.84,89.97,89.82,89.926,17028.28
1774092600000,89.926,89.94,89.787,89.934,21339.02
1774093500000,89.937,89.938,89.844,89.904,16798.73
1774094400000,89.904,89.997,89.836,89.948,18707.31
1774095300000,89.944,90.062,89.876,90.05,19184.8
1774096200000,90.048,90.141,89.993,90.118,19022.3
1774097100000,90.118,90.141,90.022,90.13,34461.88
1774098000000,90.13,90.17,90.005,90.056,18439.97
1774098900000,90.054,90.224,90.054,90.114,19107.95
1774099800000,90.114,90.222,90.03,90.034,17763.43
1774100700000,90.037,90.037,89.907,89.971,19127.42
1774101600000,89.973,90.368,89.958,90.284,21428.73
1774102500000,90.281,90.348,90.133,90.157,19857.38
1774103400000,90.157,90.295,90.097,90.1,20403.09
1774104300000,90.1,90.114,89.59,89.605,49406.21
1774105200000,89.607,89.682,89.469,89.607,31677.68
1774106100000,89.61,89.668,89.318,89.635,38066.59
1774107000000,89.634,89.875,89.601,89.68,32380.82
1774107900000,89.68,89.792,89.673,89.747,18582.31
1774108800000,89.747,89.848,89.714,89.821,21296.08
1774109700000,89.821,89.932,89.521,89.591,23161.31
1774110600000,89.591,89.735,89.569,89.657,33909.79
1774111500000,89.655,89.804,89.552,89.614,31118.13
1774112400000,89.613,89.634,89.346,89.488,23408.13
1774113300000,89.49,89.637,89.416,89.524,19457.29
1774114200000,89.524,89.595,89.48,89.565,17131.87
1774115100000,89.568,89.617,89.469,89.508,17693.0
1774116000000,89.508,89.577,89.461,89.558,19748.6
1774116900000,89.554,89.671,89.528,89.56,17291.0
1774117800000,89.56,89.862,89.526,89.838,23136.92
1774118700000,89.838,89.842,89.674,89.728,18390.56
1774119600000,89.728,89.832,89.708,89.825,16375.98
1774120500000,89.825,89.85,89.769,89.802,45298.85
1774121400000,89.804,89.811,89.643,89.716,26834.37
1774122300000,89.718,89.778,89.703,89.734,15695.25
1774123200000,89.734,89.875,89.73,89.847,18221.06
1774124100000,89.847,89.97,89.727,89.944,28324.4
1774125000000,89.942,90.23,89.942,90.08,43819.84
1774125900000,90.076,90.158,90.06,90.101,17355.27
1774126800000,90.101,90.148,89.842,89.893,22966.79
1774127700000,89.893,90.063,89.893,90.01,17126.33
1774128600000,90.01,90.037,89.944,89.944,17047.97
1774129500000,89.946,90.035,89.893,89.947,17402.12
1774130400000,89.947,89.972,89.746,89.903,17638.61
1774131300000,89.9,89.927,89.84,89.843,15605.52
1774132200000,89.843,90.001,89.818,89.863,16452.84
1774133100000,89.861,89.882,89.791,89.826,15548.93
1774134000000,89.828,89.828,89.585,89.661,23036.09
1774134900000,89.664,89.75,89.6,89.647,22117.03
1774135800000,89.647,89.792,89.61,89.747,17489.18
1774136700000,89.75,89.75,87.097,87.515,164845.68
1774137600000,87.515,87.515,86.222,86.726,116739.39
1774138500000,86.726,87.334,86.635,87.187,41247.76
1774139400000,87.187,87.715,87.186,87.453,38821.25
1774140300000,87.454,87.642,87.01,87.248,28067.48
1774141200000,87.248,87.65,87.027,87.292,32807.45
1774142100000,87.292,87.51,87.15,87.298,21123.37
1774143000000,87.325,87.35,86.907,87.02,26820.72
1774143900000,87.017,87.409,87.017,87.374,19703.96
1774144800000,87.37,87.619,87.37,87.551,22602.02
1774145700000,87.548,88.408,87.454,88.251,38384.02
1774146600000,88.251,88.3,87.956,88.061,26129.87
1774147500000,88.06,88.258,88.006,88.091,22061.86
1774148400000,88.094,88.094,87.701,88.023,21165.29
1774149300000,88.023,88.772,87.993,88.64,29387.68
1774150200000,88.644,89.09,88.489,88.631,37861.08
1774151100000,88.631,88.644,88.494,88.618,18920.38
1774152000000,88.611,88.966,88.544,88.86,36376.05
1774152900000,88.868,89.139,88.562,88.747,38562.06
1774153800000,88.747,89.055,88.54,88.887,24334.26
1774154700000,88.889,89.068,88.877,88.977,20121.66
1774155600000,88.972,88.977,88.688,88.696,18935.71
1774156500000,88.696,88.768,88.473,88.496,28288.26
1774157400000,88.496,88.579,88.468,88.468,18427.47
1774158300000,88.469,88.554,88.401,88.411,19106.24
1774159200000,88.413,88.413,88.2,88.22,21805.53
1774160100000,88.217,88.261,88.082,88.246,22945.65
1774161000000,88.244,88.332,88.137,88.267,18147.74
1774161900000,88.27,88.27,88.106,88.15,19591.92
1774162800000,88.15,88.271,88.055,88.131,28194.05
1774163700000,88.129,88.266,88.129,88.217,17288.36
1774164600000,88.217,88.22,87.769,87.857,23961.53
1774165500000,87.856,87.962,87.609,87.633,22675.53
1774166400000,87.637,87.687,87.284,87.457,39348.83
1774167300000,87.454,87.458,86.804,87.007,42072.53
1774168200000,86.972,87.274,86.943,87.183,22984.96
1774169100000,87.186,87.364,87.119,87.314,23252.52
1774170000000,87.311,87.557,87.274,87.537,28194.19
1774170900000,87.537,87.577,87.11,87.144,23662.63
1774171800000,87.144,87.38,87.127,87.327,18121.81
1774172700000,87.327,87.371,87.168,87.26,16738.25
1774173600000,87.26,87.395,87.17,87.296,17629.93
1774174500000,87.294,87.427,87.173,87.356,26858.09
1774175400000,87.361,87.425,87.153,87.324,19597.03
1774176300000,87.321,87.371,87.2,87.278,19918.48
1774177200000,87.278,87.368,87.157,87.284,20550.36
1774178100000,87.286,87.378,87.011,87.101,25576.92
1774179000000,87.103,87.236,86.898,87.198,23792.44
1774179900000,87.194,87.214,86.773,86.777,25318.14
1774180800000,86.774,86.958,86.756,86.893,25709.73
1774181700000,86.894,87.392,86.89,87.278,27249.69
1774182600000,87.273,87.293,87.161,87.164,20121.18
1774183500000,87.162,87.271,87.069,87.214,25789.18
1774184400000,87.211,87.647,87.178,87.424,39573.48
1774185300000,87.421,87.522,87.275,87.391,22679.65
1774186200000,87.394,87.472,86.949,87.08,58535.83
1774187100000,87.077,87.322,87.01,87.248,42665.12
1774188000000,87.25,87.355,86.981,87.334,29702.78
1774188900000,87.334,87.54,87.237,87.348,43210.08
1774189800000,87.393,87.463,87.28,87.344,19293.14
1774190700000,87.347,87.347,87.057,87.155,22240.89
1774191600000,87.155,87.382,87.135,87.295,25075.19
1774192500000,87.295,87.384,87.146,87.265,33610.3
1774193400000,87.268,87.312,87.139,87.308,19602.44
1774194300000,87.311,87.571,87.248,87.516,44084.3
1774195200000,87.515,87.586,87.41,87.558,25401.15
1774196100000,87.559,87.656,87.307,87.31,25894.01
1774197000000,87.31,87.361,87.206,87.299,23352.08
1774197900000,87.301,87.499,87.298,87.438,21247.14
1774198800000,87.44,87.491,87.283,87.448,17241.77
1774199700000,87.45,87.508,87.313,87.338,21464.41
1774200600000,87.358,87.382,87.144,87.223,18565.42
1774201500000,87.223,87.294,87.197,87.211,17358.22
1774202400000,87.213,87.292,87.071,87.247,19737.21
1774203300000,87.247,87.259,87.123,87.188,15891.67
1774204200000,87.191,87.249,86.446,86.785,47426.4
1774205100000,86.787,86.992,86.723,86.96,20402.05
1774206000000,86.965,86.966,86.627,86.682,21492.66
1774206900000,86.682,86.745,86.597,86.6,22414.53
1774207800000,86.603,86.965,86.534,86.918,22362.6
1774208700000,86.921,86.948,86.7,86.803,16839.26
1774209600000,86.805,87.063,86.803,87.005,18892.31
1774210500000,87.005,87.129,86.855,86.901,16673.23
1774211400000,86.897,86.901,86.661,86.838,16853.07
1774212300000,86.835,86.837,86.495,86.528,23842.65
1774213200000,86.531,86.583,85.37,85.807,115166.8
1774214100000,85.807,85.992,85.069,85.908,66718.45
1774215000000,85.908,85.991,85.585,85.818,25023.44
1774215900000,85.818,85.925,85.629,85.921,19265.21
1774216800000,85.921,86.386,85.455,85.748,32568.72
1774217700000,85.748,86.669,85.602,86.458,28018.52
1774218600000,86.457,86.606,86.2,86.257,21507.39
1774219500000,86.255,86.728,86.254,86.694,18367.41
1774220400000,86.691,86.971,86.496,86.807,21630.31
1774221300000,86.807,86.828,86.417,86.488,20002.67
1774222200000,86.483,86.619,86.402,86.451,16567.84
1774223100000,86.453,86.453,86.008,86.164,17602.18
1774224000000,86.164,86.559,86.001,86.298,21804.37
1774224900000,86.297,86.459,86.074,86.214,18717.75
1774225800000,86.217,86.244,85.447,85.949,28821.53
1774226700000,85.949,86.172,85.763,85.831,19298.03
1774227600000,85.831,86.368,85.689,86.155,19267.3
1774228500000,86.158,86.559,86.155,86.408,18254.01
1774229400000,86.403,86.476,86.183,86.251,16894.59
1774230300000,86.254,86.379,86.025,86.034,23571.02
1774231200000,86.03,86.423,85.996,86.041,19623.97
1774232100000,86.041,86.863,86.0,86.822,23832.64
1774233000000,86.815,86.929,86.604,86.62,19686.9
1774233900000,86.624,86.682,86.466,86.653,17129.0
1774234800000,86.653,87.178,86.653,86.696,30134.22
1774235700000,86.696,86.791,86.49,86.553,18367.47
1774236600000,86.548,86.575,86.363,86.485,18460.99
1774237500000,86.487,86.55,86.335,86.337,16042.53
1774238400000,86.337,86.515,86.327,86.406,23286.0
1774239300000,86.404,86.514,86.266,86.447,16830.39
1774240200000,86.465,86.741,86.44,86.543,18458.99
1774241100000,86.547,86.87,86.533,86.861,19526.41
1774242000000,86.864,87.229,86.861,87.177,22021.02
1774242900000,87.174,87.269,87.012,87.038,23066.13
1774243800000,87.042,87.213,86.836,86.904,22585.65
1774244700000,86.905,87.225,86.802,87.14,18943.29
1774245600000,87.137,87.14,86.477,86.52,20967.95
1774246500000,86.52,86.651,86.373,86.557,18202.74
1774247400000,86.561,86.561,85.501,85.611,47812.45
1774248300000,85.61,85.813,85.417,85.686,28606.93
1774249200000,85.686,85.69,85.08,85.552,42307.27
1774250100000,85.559,85.625,85.033,85.315,30520.61
1774251000000,85.314,86.097,85.251,86.077,32332.59
1774251900000,86.069,86.178,85.874,85.928,38912.23
1774252800000,85.928,86.402,85.92,86.33,40696.88
1774253700000,86.331,86.384,86.066,86.174,23157.27
1774254600000,86.174,86.402,85.98,86.074,21204.7
1774255500000,86.074,86.201,85.782,85.887,30542.74
1774256400000,85.887,85.958,85.552,85.707,22705.4
1774257300000,85.707,85.866,85.57,85.774,22488.35
1774258200000,85.774,85.785,85.12,85.444,40154.05
1774259100000,85.441,85.705,85.428,85.705,25069.61
1774260000000,85.701,86.269,85.614,86.06,25520.44
1774260900000,86.06,86.124,85.822,85.907,19582.27
1774261800000,85.904,85.967,85.72,85.847,18929.39
1774262700000,85.847,86.085,85.657,86.02,18446.4
1774263600000,86.018,91.904,86.001,90.69,281632.39
1774264500000,90.69,91.42,89.602,90.289,126450.86
1774265400000,90.289,90.905,89.677,89.857,67602.75
1774266300000,89.856,89.956,88.67,88.737,54334.58
1774267200000,88.732,89.309,88.303,89.094,52911.73
1774268100000,89.064,89.727,89.021,89.59,31807.62
1774269000000,89.587,90.391,89.332,90.236,42246.57
1774269900000,90.229,90.441,90.064,90.177,35178.7
1774270800000,90.171,90.469,89.869,89.943,26237.69
1774271700000,89.943,90.344,89.94,90.116,31831.74
1774272600000,90.116,91.201,89.855,90.917,56037.16
1774273500000,90.916,91.454,90.654,91.29,53659.1
1774274400000,91.29,91.631,91.088,91.177,47639.33
1774275300000,91.173,91.68,91.173,91.477,46144.34
1774276200000,91.476,91.624,91.214,91.383,41168.7
1774277100000,91.383,91.584,91.034,91.48,58675.31
1774278000000,91.473,92.234,91.472,91.66,56774.45
1774278900000,91.66,91.76,91.057,91.1,33294.65
1774279800000,91.1,91.175,90.354,90.497,68774.12
1774280700000,90.463,90.801,89.764,89.914,49948.87
1774281600000,89.914,90.364,89.908,90.27,42723.19
1774282500000,90.273,90.378,89.469,89.493,40631.02
1774283400000,89.494,89.991,89.353,89.963,50429.96
1774284300000,89.958,90.407,89.931,90.294,70227.55
1774285200000,90.296,90.538,90.115,90.204,50305.94
1774286100000,90.206,90.276,89.653,89.967,66042.0
1774287000000,89.964,91.083,89.93,90.886,62731.72
1774287900000,90.886,91.344,90.852,91.214,26831.61
1774288800000,91.221,91.373,90.889,91.092,33655.49
1774289700000,91.064,91.287,90.966,91.229,27081.55
1774290600000,91.229,91.72,91.229,91.426,35709.08
1774291500000,91.426,91.767,91.362,91.587,24040.76
1774292400000,91.58,91.853,91.34,91.446,30487.27
1774293300000,91.446,91.717,91.243,91.652,22926.48
1774294200000,91.652,91.692,91.498,91.573,18501.7
1774295100000,91.571,91.714,91.227,91.379,21287.15
1774296000000,91.342,91.573,91.204,91.572,22698.22
1774296900000,91.573,91.71,91.486,91.516,21117.12
1774297800000,91.516,91.99,91.512,91.926,26051.5
1774298700000,91.923,91.977,91.722,91.761,20592.22
1774299600000,91.763,91.836,91.544,91.567,19795.43
1774300500000,91.565,91.643,91.476,91.509,18852.36
1774301400000,91.509,91.925,91.506,91.825,22428.73
1774302300000,91.829,91.829,91.533,91.577,18112.92
1774303200000,91.577,91.645,91.187,91.311,23761.03
1774304100000,91.313,91.864,91.161,91.563,25255.12
1774305000000,91.56,91.597,91.314,91.467,18889.7
1774305900000,91.467,91.597,91.363,91.497,18818.64
1774306800000,91.474,91.496,91.015,91.271,34022.8
1774307700000,91.27,91.372,90.952,91.247,24792.99
1774308600000,91.247,91.379,91.07,91.291,18732.54
1774309500000,91.293,91.568,91.169,91.387,30558.04
1774310400000,91.389,91.65,91.289,91.32,19906.5
1774311300000,91.32,91.34,90.967,91.02,17318.05
1774312200000,91.017,91.127,90.571,90.957,23663.72
1774313100000,90.953,91.234,90.947,90.956,17862.45
1774314000000,90.954,90.992,90.713,90.763,18587.99
1774314900000,90.763,91.016,90.606,90.946,19864.46
1774315800000,90.944,90.946,90.104,90.283,27701.59
1774316700000,90.284,90.591,90.205,90.364,19113.06
1774317600000,90.364,90.724,90.208,90.281,22828.91
1774318500000,90.281,90.507,90.196,90.334,17432.37
1774319400000,90.334,90.549,90.082,90.347,29263.5
1774320300000,90.347,90.404,90.066,90.1,18620.85
1774321200000,90.1,90.145,89.923,89.974,20463.7
1774322100000,89.974,90.267,89.974,90.198,18464.93
1774323000000,90.2,90.232,90.0,90.124,19802.09
1774323900000,90.124,90.302,89.905,90.288,18208.37
1774324800000,90.29,90.752,90.287,90.647,21218.69
1774325700000,90.648,90.648,90.463,90.48,16113.17
1774326600000,90.48,90.48,90.096,90.15,45209.5
1774327500000,90.146,90.415,90.12,90.301,18353.53
1774328400000,90.301,90.325,89.947,89.994,31120.04
1774329300000,89.994,90.353,89.97,90.034,39538.33
1774330200000,90.034,90.247,89.976,89.977,19052.46
1774331100000,89.977,90.18,89.953,90.078,17258.29
1774332000000,90.078,90.42,90.077,90.374,37170.76
1774332900000,90.373,90.477,90.0,90.07,39890.04
1774333800000,90.067,90.347,90.067,90.251,43942.53
1774334700000,90.25,90.472,90.205,90.415,19034.19
1774335600000,90.412,91.21,90.344,91.033,70449.64
1774336500000,91.037,91.302,90.937,91.141,26346.5
1774337400000,91.144,91.271,91.028,91.197,20805.66
1774338300000,91.2,91.829,91.089,91.69,37697.88
1774339200000,91.69,91.84,91.464,91.695,28275.53
1774340100000,91.697,91.698,91.223,91.35,26318.02
1774341000000,91.35,91.76,91.291,91.733,23548.84
1774341900000,91.737,91.868,91.43,91.529,33564.13
1774342800000,91.529,91.574,91.139,91.142,21705.02
1774343700000,91.14,91.748,91.089,91.533,34968.47
1774344600000,91.512,91.945,91.409,91.923,24006.37
1774345500000,91.923,92.112,91.726,92.093,33476.51
1774346400000,92.097,92.098,91.879,91.995,23460.77
1774347300000,91.995,92.167,91.833,91.89,29823.64
1774348200000,91.895,91.989,91.758,91.814,23649.74
1774349100000,91.837,91.865,91.672,91.801,24097.66
1774350000000,91.804,92.107,91.446,91.724,33111.07
1774350900000,91.728,91.741,91.3,91.467,27372.99
1774351800000,91.469,91.993,91.416,91.906,24745.13
1774352700000,91.907,91.957,91.454,91.721,22482.69
1774353600000,91.721,91.801,91.546,91.693,23529.79
1774354500000,91.693,91.731,91.6,91.693,16975.11
1774355400000,91.69,91.771,91.328,91.563,25631.4
1774356300000,91.563,91.726,91.502,91.529,19119.91
1774357200000,91.529,91.712,91.141,91.401,22463.07
1774358100000,91.4,91.468,91.0,91.086,33222.14
1774359000000,91.052,91.269,89.848,90.149,127509.55
1774359900000,90.143,90.206,89.536,89.799,62550.89
1774360800000,89.799,90.17,89.266,89.487,81468.15
1774361700000,89.473,89.682,89.153,89.437,45043.95
1774362600000,89.437,89.719,89.148,89.333,36529.27
1774363500000,89.334,89.642,88.632,89.512,87410.99
1774364400000,89.507,89.795,89.448,89.777,31019.76
1774365300000,89.777,90.239,89.7,89.853,37522.82
1774366200000,89.862,90.196,89.464,89.947,27571.64
1774367100000,89.945,90.096,89.617,89.694,21095.18
1774368000000,89.694,89.854,89.525,89.815,26512.61
1774368900000,89.814,89.924,89.505,89.644,22390.56
1774369800000,89.641,89.704,89.039,89.36,43215.4
1774370700000,89.36,89.451,89.113,89.216,31698.39
1774371600000,89.224,89.329,88.76,89.081,36451.62
1774372500000,89.081,89.209,88.984,89.055,24967.32
1774373400000,89.054,89.178,88.656,88.765,31590.47
1774374300000,88.765,89.2,88.711,89.124,25399.14
1774375200000,89.127,89.232,88.984,89.135,22238.99
1774376100000,89.142,89.231,88.963,89.107,20678.57
1774377000000,89.104,89.633,89.027,89.052,36533.45
1774377900000,89.047,89.175,88.82,88.841,28562.14
1774378800000,88.84,89.177,88.811,89.174,20792.23
1774379700000,89.174,89.242,88.857,88.865,18955.01
1774380600000,88.865,88.938,88.724,88.832,27482.66
1774381500000,88.832,88.835,88.385,88.489,30213.1
1774382400000,88.458,88.786,88.458,88.784,22454.04
1774383300000,88.786,90.114,88.712,89.608,66040.58
1774384200000,89.605,90.04,89.579,89.9,38316.12
1774385100000,89.901,90.177,89.649,89.987,34990.22
1774386000000,89.985,90.138,89.826,89.911,26113.8
1774386900000,89.91,89.979,89.634,89.977,32090.92
1774387800000,89.977,90.561,89.947,90.334,60106.73
1774388700000,90.334,90.444,90.177,90.324,21626.18
1774389600000,90.325,90.688,90.221,90.636,34566.11
1774390500000,90.642,90.642,90.204,90.239,20271.19
1774391400000,90.239,90.37,90.037,90.241,27100.72
1774392300000,90.241,90.337,90.175,90.271,16603.99
1774393200000,90.271,90.559,90.185,90.463,20068.98
1774394100000,90.463,91.056,90.42,90.978,48767.6
1774395000000,90.98,91.083,90.872,90.936,19161.7
1774395900000,90.936,90.98,90.754,90.757,22333.43
1774396800000,90.755,91.25,90.739,91.183,20474.8
1774397700000,91.183,91.21,90.946,91.069,23740.42
1774398600000,91.075,91.566,90.694,91.418,34774.75
1774399500000,91.418,91.536,91.28,91.281,19564.98
1774400400000,91.281,91.431,91.1,91.177,23719.02
1774401300000,91.177,91.207,90.963,91.185,27841.18
1774402200000,91.18,91.338,91.052,91.184,29343.24
1774403100000,91.188,91.242,90.902,90.903,17365.6
1774404000000,90.908,91.181,90.769,91.067,22451.06
1774404900000,91.089,91.121,90.973,90.997,16701.66
1774405800000,90.993,91.435,90.93,91.435,19862.91
1774406700000,91.449,91.485,90.99,91.073,22146.42
1774407600000,91.071,91.104,90.751,90.857,18486.71
1774408500000,90.86,90.964,90.759,90.95,19888.41
1774409400000,90.95,91.26,90.95,91.166,22370.82
1774410300000,91.166,91.897,91.164,91.667,37242.93
1774411200000,91.667,91.901,91.557,91.784,21866.1
1774412100000,91.784,91.828,91.613,91.737,18304.42
1774413000000,91.737,91.815,91.569,91.634,19281.61
1774413900000,91.634,92.091,91.593,92.009,25065.61
1774414800000,92.012,92.94,91.93,92.529,56296.83
1774415700000,92.556,92.624,92.298,92.612,21170.9
1774416600000,92.612,92.76,92.437,92.509,20739.31
1774417500000,92.509,92.509,92.361,92.389,21227.39
1774418400000,92.389,92.497,92.242,92.303,20553.12
1774419300000,92.306,92.884,92.303,92.769,26800.9
1774420200000,92.767,92.785,92.565,92.584,18881.33
1774421100000,92.577,92.663,92.341,92.342,19798.89
1774422000000,92.342,92.422,92.264,92.4,18643.24
1774422900000,92.4,92.405,92.148,92.151,24465.15
1774423800000,92.154,92.475,92.149,92.209,21328.01
1774424700000,92.209,92.236,91.716,91.768,31155.46
1774425600000,91.769,92.037,91.761,91.826,32381.71
1774426500000,91.823,92.282,91.822,92.152,29534.23
1774427400000,92.152,92.716,92.127,92.576,34856.82
1774428300000,92.573,92.609,92.289,92.313,26432.39
1774429200000,92.313,92.516,92.242,92.482,25674.3
1774430100000,92.483,92.615,92.304,92.365,31859.72
1774431000000,92.365,92.587,92.299,92.336,21385.83
1774431900000,92.333,92.601,92.123,92.513,23640.03
1774432800000,92.513,92.619,92.432,92.472,22050.38
1774433700000,92.472,92.605,92.415,92.533,17929.55
1774434600000,92.537,92.548,92.362,92.435,18732.79
1774435500000,92.433,92.654,92.428,92.605,19736.14
1774436400000,92.609,92.699,92.421,92.667,23053.63
1774437300000,92.669,93.18,92.626,92.975,48612.66
1774438200000,92.975,93.419,92.938,93.059,55938.03
1774439100000,93.063,93.1,92.682,92.937,25697.9
1774440000000,92.939,93.216,92.88,93.129,25270.13
1774440900000,93.129,93.16,92.345,92.543,51759.16
1774441800000,92.54,92.862,92.312,92.634,37640.87
1774442700000,92.633,93.399,92.519,92.998,34541.48
1774443600000,93.003,93.171,92.834,93.05,23393.11
1774444500000,93.045,93.133,92.873,92.933,25959.37
1774445400000,92.936,93.37,92.905,92.955,45615.26
1774446300000,92.956,93.18,92.652,92.709,36849.66
1774447200000,92.709,92.874,92.207,92.311,39437.25
1774448100000,92.313,92.533,91.979,92.157,30104.57
1774449000000,92.157,92.392,92.05,92.13,44182.81
1774449900000,92.13,92.261,91.871,91.903,47294.85
1774450800000,91.9,92.021,91.367,91.449,63020.34
1774451700000,91.415,91.669,90.966,91.663,92183.91
1774452600000,91.663,91.805,91.5,91.61,32590.49
1774453500000,91.605,92.0,91.517,91.733,43914.04
1774454400000,91.731,91.845,91.563,91.671,32788.26
1774455300000,91.671,92.66,91.6,92.376,81786.13
1774456200000,92.376,92.615,92.256,92.423,34152.7
1774457100000,92.423,92.444,92.112,92.189,32503.08
1774458000000,92.189,92.28,92.0,92.093,20760.63
1774458900000,92.093,92.27,91.92,92.071,26560.66
1774459800000,92.072,92.078,91.724,91.873,30837.31
1774460700000,91.877,91.977,91.553,91.658,54599.68
1774461600000,91.66,91.914,91.623,91.843,42413.59
1774462500000,91.843,92.148,91.841,92.009,21921.55
1774463400000,92.006,92.047,91.656,91.729,32356.99
1774464300000,91.73,91.857,91.438,91.647,25105.16
1774465200000,91.647,91.897,91.579,91.799,19086.13
1774466100000,91.8,91.936,91.647,91.708,18919.6
1774467000000,91.708,91.912,91.61,91.629,19720.01
1774467900000,91.629,91.767,91.375,91.703,21188.32
1774468800000,91.703,91.705,91.119,91.124,29263.8
1774469700000,91.12,91.33,91.1,91.174,23806.15
1774470600000,91.177,91.45,91.111,91.421,23287.57
1774471500000,91.424,91.527,91.327,91.444,19218.7
1774472400000,91.444,91.548,91.216,91.544,27393.86
1774473300000,91.544,91.568,91.186,91.191,17981.69
1774474200000,91.191,91.409,91.101,91.317,18568.53
1774475100000,91.321,91.352,91.101,91.207,16955.62
1774476000000,91.205,91.307,91.026,91.048,17100.63
1774476900000,91.071,91.248,90.977,91.204,19836.49
1774477800000,91.204,91.894,91.202,91.703,29015.12
1774478700000,91.701,91.875,91.611,91.7,19693.35
1774479600000,91.701,91.794,91.615,91.617,18434.83
1774480500000,91.615,91.758,91.479,91.677,17757.68
1774481400000,91.677,91.688,91.495,91.504,23906.26
1774482300000,91.504,91.717,91.426,91.666,17694.33
1774483200000,91.661,91.714,91.446,91.624,17287.25
1774484100000,91.624,91.84,91.549,91.728,16762.85
1774485000000,91.73,91.872,91.698,91.821,16825.45
1774485900000,91.821,91.922,91.462,91.631,18891.81
1774486800000,91.631,91.85,91.631,91.731,16665.67
1774487700000,91.734,91.898,91.552,91.817,17397.36
1774488600000,91.814,91.881,91.647,91.684,15867.58
1774489500000,91.684,91.858,91.67,91.774,17690.81
1774490400000,91.771,91.777,91.403,91.454,21180.32
1774491300000,91.454,91.482,91.121,91.17,22676.97
1774492200000,91.161,91.165,90.6,90.84,41757.23
1774493100000,90.838,90.918,90.768,90.901,20242.42
1774494000000,90.902,91.011,90.67,91.011,20161.42
1774494900000,91.008,91.011,90.539,90.631,24774.68
1774495800000,90.633,90.912,90.614,90.881,19001.26
1774496700000,90.881,91.092,90.87,91.004,21572.45
1774497600000,91.001,91.004,90.718,90.72,20259.38
1774498500000,90.718,90.838,90.622,90.837,22933.69
1774499400000,90.837,90.908,90.752,90.821,17916.85
1774500300000,90.818,90.918,90.721,90.748,18085.88
1774501200000,90.751,90.782,89.898,89.96,56165.52
1774502100000,89.959,90.011,89.805,90.0,28018.13
1774503000000,90.0,90.08,89.453,89.55,29682.46
1774503900000,89.547,89.564,89.05,89.178,44385.58
1774504800000,89.177,89.236,88.933,89.134,37077.54
1774505700000,89.132,89.166,88.817,89.041,38711.83
1774506600000,89.041,89.09,88.84,88.937,23978.32
1774507500000,88.937,89.103,88.925,88.981,25328.88
1774508400000,88.981,89.186,88.929,89.075,24966.95
1774509300000,89.075,89.303,88.922,88.924,24430.7
1774510200000,88.924,89.095,88.744,88.778,28258.39
1774511100000,88.778,89.135,88.773,89.032,20407.7
1774512000000,89.031,89.032,88.631,88.655,26604.29
1774512900000,88.657,88.761,88.591,88.619,36642.67
1774513800000,88.621,88.815,88.599,88.671,18881.26
1774514700000,88.671,88.889,88.652,88.811,22249.79
1774515600000,88.811,88.945,88.636,88.83,31369.5
1774516500000,88.83,88.882,88.669,88.839,20362.93
1774517400000,88.841,88.841,87.672,88.045,99676.26
1774518300000,88.045,88.147,87.82,88.061,39188.38
1774519200000,88.061,88.097,87.831,87.968,23571.82
1774520100000,87.969,88.259,87.969,88.192,23037.56
1774521000000,88.189,88.276,87.717,87.766,31004.75
1774521900000,87.768,87.903,87.654,87.876,20240.35
1774522800000,87.878,88.023,87.558,87.833,26931.43
1774523700000,87.832,87.868,87.391,87.549,43340.1
1774524600000,87.546,87.681,87.528,87.584,22593.61
1774525500000,87.584,87.667,87.485,87.506,18926.36
1774526400000,87.506,87.585,87.348,87.535,23128.37
1774527300000,87.532,87.7,87.462,87.655,20898.27
1774528200000,87.652,87.717,87.383,87.498,23345.46
1774529100000,87.496,87.6,87.438,87.513,19518.32
1774530000000,87.513,87.749,87.486,87.706,22906.96
1774530900000,87.706,87.846,87.669,87.745,35926.16
1774531800000,87.742,87.807,87.258,87.783,47120.05
1774532700000,87.778,88.153,87.685,87.853,67429.68
1774533600000,87.854,88.105,87.565,87.762,25423.1
1774534500000,87.759,87.823,87.369,87.556,22933.84
1774535400000,87.556,87.94,87.555,87.595,32127.25
1774536300000,87.599,87.646,87.127,87.482,34044.47
1774537200000,87.479,87.502,86.873,86.913,43347.21
1774538100000,86.925,87.48,86.674,87.401,42412.13
1774539000000,87.404,87.424,87.237,87.377,25229.06
1774539900000,87.375,87.755,87.352,87.478,25517.32
1774540800000,87.478,87.556,87.361,87.432,19914.16
1774541700000,87.432,87.673,87.268,87.413,30882.06
1774542600000,87.412,87.485,87.125,87.238,26276.38
1774543500000,87.235,87.258,87.076,87.144,18277.65
1774544400000,87.144,87.368,87.014,87.018,24469.35
1774545300000,87.022,87.28,87.018,87.279,19253.3
1774546200000,87.279,87.433,87.122,87.148,21791.45
1774547100000,87.145,87.155,86.468,86.583,77356.91
1774548000000,86.579,86.763,86.335,86.481,34969.96
1774548900000,86.478,86.481,85.777,85.816,77126.48
1774549800000,85.812,85.983,85.656,85.915,42866.69
1774550700000,85.916,86.077,85.838,85.99,31165.31
1774551600000,85.986,86.026,85.785,85.923,26064.8
1774552500000,85.923,86.016,85.463,85.595,38016.87
1774553400000,85.595,85.822,85.427,85.799,26858.77
1774554300000,85.802,85.876,85.377,85.441,27750.74
1774555200000,85.41,87.059,85.381,86.558,86313.03
1774556100000,86.558,86.835,86.36,86.435,49327.35
1774557000000,86.435,86.636,86.435,86.614,20298.36
1774557900000,86.614,86.642,86.177,86.278,44428.31
1774558800000,86.278,86.662,86.156,86.589,20408.55
1774559700000,86.591,87.053,86.54,86.942,26247.81
1774560600000,86.945,87.066,86.807,86.908,20511.74
1774561500000,86.908,86.917,86.76,86.773,16407.32
1774562400000,86.772,86.832,86.444,86.605,48490.66
1774563300000,86.602,86.668,86.18,86.509,56988.29
1774564200000,86.509,86.655,86.381,86.614,18297.57
1774565100000,86.612,86.762,86.564,86.75,34643.27
1774566000000,86.75,86.878,86.627,86.654,17658.0
1774566900000,86.654,86.758,86.428,86.548,19032.1
1774567800000,86.548,86.568,86.167,86.328,25107.83
1774568700000,86.328,86.483,86.277,86.478,18095.19
1774569600000,86.482,86.718,86.344,86.682,18391.22
1774570500000,86.682,86.734,86.275,86.284,17102.28
1774571400000,86.287,86.478,86.133,86.339,18319.1
1774572300000,86.339,86.539,86.214,86.5,17400.14
1774573200000,86.498,86.699,86.398,86.645,15996.65
1774574100000,86.644,86.772,86.601,86.735,18631.37
1774575000000,86.732,86.843,86.6,86.648,19818.93
1774575900000,86.645,86.851,86.625,86.822,16287.24
1774576800000,86.831,86.992,86.805,86.827,21755.97
1774577700000,86.828,86.828,86.591,86.73,16554.81
1774578600000,86.73,86.86,86.484,86.563,17018.23
1774579500000,86.568,86.759,86.563,86.652,15238.19
1774580400000,86.652,86.731,86.301,86.391,21195.69
1774581300000,86.391,86.465,86.314,86.458,16067.58
1774582200000,86.454,86.555,86.361,86.476,16718.53
1774583100000,86.476,86.479,86.331,86.375,16712.18
1774584000000,86.378,86.378,85.694,85.732,54487.69
1774584900000,85.727,86.099,85.726,85.995,20612.49
1774585800000,85.995,86.125,85.957,86.082,16969.88
1774586700000,86.085,86.143,86.035,86.112,20232.28
1774587600000,86.112,86.516,86.071,86.493,21314.25
1774588500000,86.492,86.692,85.965,86.085,29213.48
1774589400000,86.087,86.188,85.88,86.002,24477.39
1774590300000,86.004,86.075,85.898,86.044,17391.12
1774591200000,86.044,86.151,85.922,86.148,16419.86
1774592100000,86.15,86.333,86.028,86.227,20097.53
1774593000000,86.224,86.26,86.097,86.097,17362.93
1774593900000,86.1,86.1,85.874,85.992,18345.25
1774594800000,85.994,86.176,85.761,86.072,20550.95
1774595700000,86.072,86.285,85.994,86.21,20461.88
1774596600000,86.21,86.238,85.653,85.842,24309.47
1774597500000,85.844,85.946,85.78,85.861,36166.34
1774598400000,85.857,86.079,85.751,85.861,19252.65
1774599300000,85.864,85.944,85.691,85.701,21044.08
1774600200000,85.701,85.815,84.314,84.735,146463.44
1774601100000,84.732,85.218,84.711,85.048,35420.52
1774602000000,85.048,85.048,84.349,84.771,35952.37
1774602900000,84.77,85.176,84.747,85.121,30215.01
1774603800000,85.121,85.121,84.837,84.977,20705.4
1774604700000,84.976,85.126,84.955,85.021,20472.09
1774605600000,85.018,85.092,84.861,84.874,20099.31
1774606500000,84.874,85.056,84.808,85.035,24268.85
1774607400000,85.031,85.055,82.764,83.353,146264.99
1774608300000,83.352,83.578,82.547,82.957,74642.72
1774609200000,82.942,83.278,82.59,83.24,38563.29
1774610100000,83.241,83.355,83.149,83.323,27324.62
1774611000000,83.347,83.447,83.261,83.365,22317.11
1774611900000,83.368,83.546,83.217,83.296,22791.29
1774612800000,83.296,83.331,83.09,83.181,26377.3
1774613700000,83.178,83.238,83.051,83.105,31891.73
1774614600000,83.105,83.244,83.02,83.243,22618.51
1774615500000,83.243,83.347,82.987,83.035,23717.71
1774616400000,83.035,83.168,82.884,83.027,27375.79
1774617300000,83.027,83.457,83.003,83.372,32301.98
1774618200000,83.372,83.405,82.41,83.091,95238.72
1774619100000,83.094,83.223,82.6,82.857,45087.7
1774620000000,82.857,83.251,82.808,83.201,32431.05
1774620900000,83.202,83.202,82.557,82.591,36119.6
1774621800000,82.584,82.915,82.583,82.775,35397.52
1774622700000,82.774,83.139,82.641,83.114,25870.2
1774623600000,83.112,83.318,83.087,83.093,28284.55
1774624500000,83.098,83.569,82.906,83.412,64858.93
1774625400000,83.438,83.926,83.408,83.577,74112.02
1774626300000,83.574,83.699,83.243,83.267,29778.84
1774627200000,83.267,83.269,82.742,82.857,41092.03
1774628100000,82.857,82.945,82.571,82.75,51474.6
1774629000000,82.75,83.041,82.563,83.016,55450.9
1774629900000,83.021,83.283,82.812,82.948,73997.87
1774630800000,82.951,83.337,82.894,83.136,24203.56
1774631700000,83.109,83.204,82.684,82.687,25498.21
1774632600000,82.685,82.784,82.214,82.273,51559.77
1774633500000,82.273,82.41,82.02,82.157,43396.14
1774634400000,82.158,82.297,82.096,82.137,287910.43
1774635300000,82.133,82.435,81.76,82.127,48339.55
1774636200000,82.127,82.341,82.076,82.161,23556.34
1774637100000,82.164,82.378,82.161,82.311,21636.42
1774638000000,82.314,82.35,82.005,82.15,26163.94
1774638900000,82.149,82.488,82.093,82.487,25157.86
1774639800000,82.483,82.76,82.44,82.532,29599.27
1774640700000,82.534,82.816,82.476,82.742,21858.34
1774641600000,82.747,82.902,82.684,82.704,37255.25
1774642500000,82.704,82.788,82.373,82.465,23598.47
1774643400000,82.465,82.573,82.304,82.484,22125.62
1774644300000,82.484,82.771,82.464,82.705,18139.33
1774645200000,82.707,82.973,82.704,82.888,19869.51
1774646100000,82.884,82.954,82.853,82.914,20025.93
1774647000000,82.915,82.971,82.704,82.871,17231.03
1774647900000,82.871,82.895,82.624,82.697,16436.49
1774648800000,82.697,82.761,82.543,82.614,18618.8
1774649700000,82.618,82.692,82.52,82.601,16877.6
1774650600000,82.604,82.682,82.468,82.661,17086.28
1774651500000,82.66,82.758,82.651,82.674,16180.49
1774652400000,82.674,82.684,82.439,82.628,17579.9
1774653300000,82.613,82.78,82.591,82.758,18197.87
1774654200000,82.761,82.919,82.669,82.917,17221.88
1774655100000,82.915,83.066,82.915,83.034,20172.02
1774656000000,83.034,83.037,82.68,82.681,17931.9
1774656900000,82.68,82.824,82.674,82.82,17422.95
1774657800000,82.824,82.911,82.721,82.818,17785.21
1774658700000,82.818,82.905,82.734,82.788,17887.61
1774659600000,82.788,82.815,82.292,82.393,23044.04
1774660500000,82.393,82.604,82.391,82.477,20372.81
1774661400000,82.473,82.581,82.2,82.471,22001.21
1774662300000,82.473,82.67,82.471,82.594,17497.5
1774663200000,82.599,82.84,82.594,82.704,16783.38
1774664100000,82.704,82.725,82.393,82.468,19983.39
1774665000000,82.464,82.488,82.322,82.479,18123.53
1774665900000,82.48,82.532,82.399,82.495,15768.9
1774666800000,82.497,82.578,82.464,82.514,16668.4
1774667700000,82.514,82.638,82.512,82.614,15153.41
1774668600000,82.618,82.665,82.52,82.604,17751.27
1774669500000,82.607,82.615,82.515,82.528,16877.72
1774670400000,82.528,82.548,82.351,82.404,17751.48
1774671300000,82.401,82.702,82.368,82.638,20669.75
1774672200000,82.638,82.641,82.557,82.605,16506.28
1774673100000,82.608,82.648,82.445,82.506,17730.53
1774674000000,82.501,82.533,82.322,82.414,18057.44
1774674900000,82.411,82.705,82.376,82.625,19069.6
1774675800000,82.625,82.638,82.508,82.547,16557.12
1774676700000,82.551,82.715,82.507,82.691,17394.17
1774677600000,82.688,82.789,82.606,82.76,17161.77
1774678500000,82.76,83.22,82.758,83.078,27276.75
1774679400000,83.08,83.121,83.013,83.014,17893.16
1774680300000,83.018,83.151,82.986,83.117,23105.64
1774681200000,83.12,83.33,83.117,83.308,20728.1
1774682100000,83.309,83.452,83.303,83.414,21971.37
1774683000000,83.414,83.44,83.318,83.424,17404.68
1774683900000,83.424,83.61,83.398,83.565,22868.44
1774684800000,83.56,83.629,83.431,83.498,28332.95
1774685700000,83.495,83.568,83.411,83.471,16799.59
1774686600000,83.473,83.594,83.43,83.475,25111.05
1774687500000,83.478,83.584,83.314,83.331,22228.04
1774688400000,83.33,83.369,83.04,83.08,23662.6
1774689300000,83.078,83.153,82.981,83.107,22154.16
1774690200000,83.107,83.144,82.914,82.94,21672.34
1774691100000,82.938,83.069,82.871,82.987,25655.88
1774692000000,82.987,83.281,82.952,83.071,26854.63
1774692900000,83.071,83.101,82.739,82.744,26977.38
1774693800000,82.741,82.8,82.667,82.773,25145.26
1774694700000,82.771,82.965,82.768,82.951,19199.93
1774695600000,82.954,83.005,82.853,82.94,19504.16
1774696500000,82.94,82.994,82.884,82.993,16103.96
1774697400000,82.994,83.041,82.89,82.941,17839.72
1774698300000,82.941,83.072,82.864,82.885,17059.3
1774699200000,82.885,83.024,82.714,83.0,20141.5
1774700100000,83.0,83.15,82.994,83.001,20029.09
1774701000000,83.001,83.02,82.544,82.681,28287.08
1774701900000,82.68,82.832,82.596,82.624,19343.62
1774702800000,82.624,82.814,82.619,82.8,19316.65
1774703700000,82.784,82.876,82.716,82.742,19062.01
1774704600000,82.749,84.06,82.742,83.421,64675.89
1774705500000,83.417,83.566,83.193,83.318,45351.65
1774706400000,83.318,83.318,82.925,83.007,43356.75
1774707300000,83.011,83.289,82.93,83.213,22049.87
1774708200000,83.17,83.448,83.056,83.38,22483.91
1774709100000,83.381,83.464,83.037,83.16,28192.1
1774710000000,83.16,83.408,83.122,83.362,20383.77
1774710900000,83.362,84.245,83.362,83.775,72013.24
1774711800000,83.771,83.926,83.657,83.842,27049.91
1774712700000,83.837,83.858,83.595,83.743,19507.46
1774713600000,83.74,83.773,83.614,83.711,21697.37
1774714500000,83.711,83.861,83.711,83.797,25087.15
1774715400000,83.794,83.797,83.57,83.577,19114.84
1774716300000,83.577,83.58,83.411,83.494,52064.76
1774717200000,83.494,83.657,83.421,83.444,21085.38
1774718100000,83.444,83.448,83.242,83.25,23026.11
1774719000000,83.251,83.392,83.067,83.2,33559.37
1774719900000,83.201,83.295,83.104,83.242,18155.74
1774720800000,83.242,83.454,83.222,83.454,21801.68
1774721700000,83.451,83.455,83.327,83.328,17234.58
1774722600000,83.328,83.445,83.31,83.434,19153.01
1774723500000,83.431,83.434,83.304,83.31,19950.8
1774724400000,83.31,83.352,82.951,83.088,29037.66
1774725300000,83.091,83.145,82.996,83.141,23239.7
1774726200000,83.138,83.237,83.063,83.084,17405.55
1774727100000,83.082,83.214,83.082,83.211,15864.73
1774728000000,83.214,83.428,83.211,83.425,21171.69
1774728900000,83.425,83.431,83.276,83.314,17995.25
1774729800000,83.311,83.383,83.251,83.251,16044.88
1774730700000,83.254,83.372,83.251,83.341,16333.84
1774731600000,83.344,83.348,82.912,83.058,26003.15
1774732500000,83.055,83.079,82.669,82.915,26804.17
1774733400000,82.917,82.917,82.65,82.891,21497.98
1774734300000,82.891,82.892,82.292,82.628,32722.37
1774735200000,82.63,82.679,82.407,82.407,22869.43
1774736100000,82.408,82.843,82.408,82.754,18641.91
1774737000000,82.758,82.765,82.668,82.675,16603.38
1774737900000,82.675,82.785,82.674,82.725,17056.38
1774738800000,82.727,82.727,81.641,81.934,56057.79
1774739700000,81.937,82.087,81.731,82.004,26274.18
1774740600000,82.007,82.218,81.996,82.013,20595.68
1774741500000,82.017,82.054,81.796,82.03,19266.95
1774742400000,82.028,82.171,81.99,82.03,18866.11
1774743300000,82.033,82.161,81.795,81.891,21569.21
1774744200000,81.891,82.122,81.871,82.005,16763.83
1774745100000,82.005,82.207,81.986,82.164,21148.89
1774746000000,82.164,82.391,82.121,82.3,24277.1
1774746900000,82.299,82.383,82.245,82.327,17129.38
1774747800000,82.327,82.347,82.03,82.263,17956.14
1774748700000,82.261,82.443,82.108,82.394,19886.43
1774749600000,82.391,82.54,82.344,82.54,19269.89
1774750500000,82.537,82.588,82.434,82.52,17900.43
1774751400000,82.521,82.673,82.393,82.612,21850.49
1774752300000,82.614,82.766,82.552,82.704,19103.15
1774753200000,82.707,82.768,82.664,82.667,17804.02
1774754100000,82.667,83.174,82.633,82.968,26027.91
1774755000000,82.97,83.05,82.8,82.901,17716.83
1774755900000,82.901,82.997,82.837,82.94,18085.92
1774756800000,82.937,82.974,82.83,82.91,16312.21
1774757700000,82.91,82.91,82.686,82.763,17691.98
1774758600000,82.763,82.799,82.66,82.748,18353.84
1774759500000,82.748,82.773,82.691,82.723,15688.3
1774760400000,82.72,82.787,82.444,82.463,21481.72
1774761300000,82.463,82.62,82.349,82.518,21095.15
1774762200000,82.518,82.624,82.508,82.597,16393.38
1774763100000,82.597,82.814,82.57,82.665,18374.01
1774764000000,82.661,82.762,82.623,82.685,17573.97
1774764900000,82.685,82.69,82.273,82.344,22638.18
1774765800000,82.339,82.422,82.254,82.281,17431.62
1774766700000,82.281,82.536,82.246,82.447,21155.32
1774767600000,82.444,82.444,82.171,82.277,18789.53
1774768500000,82.277,82.371,82.235,82.371,19161.53
1774769400000,82.367,82.459,82.32,82.366,16561.47
1774770300000,82.363,82.563,82.288,82.405,18452.96
1774771200000,82.387,82.538,82.296,82.368,19765.97
1774772100000,82.368,82.453,82.286,82.453,17158.0
