timestamp_ms,open,high,low,close,volume
1769589000000,1.9126,1.9143,1.9099,1.9114,271231.0
1769589900000,1.9114,1.9119,1.9078,1.9089,433530.0
1769590800000,1.9089,1.9105,1.9081,1.9088,313366.0
1769591700000,1.909,1.9103,1.9054,1.9099,372139.0
1769592600000,1.9097,1.9255,1.9097,1.9216,1018876.0
1769593500000,1.9218,1.932,1.9208,1.9318,982228.0
1769594400000,1.9312,1.9334,1.9276,1.9319,855321.0
1769595300000,1.9319,1.9352,1.9254,1.9254,653571.0
1769596200000,1.9254,1.9309,1.9254,1.9299,480287.0
1769597100000,1.9297,1.9301,1.9265,1.9265,265100.0
1769598000000,1.9267,1.9283,1.9237,1.9241,398966.0
1769598900000,1.9241,1.9279,1.9237,1.9275,306693.0
1769599800000,1.9275,1.9284,1.9221,1.9272,430793.0
1769600700000,1.9274,1.9417,1.9263,1.9406,1347318.0
1769601600000,1.9406,1.9414,1.9299,1.9302,1455575.0
1769602500000,1.9302,1.934,1.9289,1.9321,450301.0
1769603400000,1.9321,1.9352,1.9289,1.9305,366345.0
1769604300000,1.9303,1.9311,1.9232,1.9255,956981.0
1769605200000,1.9255,1.9327,1.9247,1.9306,654508.0
1769606100000,1.9308,1.9346,1.9267,1.9304,391405.0
1769607000000,1.9304,1.9366,1.9296,1.9356,669456.0
1769607900000,1.9354,1.9359,1.9294,1.9323,408154.0
1769608800000,1.9325,1.9325,1.9228,1.9233,501139.0
1769609700000,1.9233,1.9233,1.9162,1.9206,915334.0
1769610600000,1.9206,1.9301,1.9177,1.9209,1097009.0
1769611500000,1.9209,1.9242,1.9142,1.918,743549.0
1769612400000,1.918,1.9233,1.9028,1.9038,1547806.0
1769613300000,1.904,1.9109,1.9002,1.9073,1618769.0
1769614200000,1.9073,1.9113,1.9043,1.9101,598037.0
1769615100000,1.9101,1.9127,1.904,1.9066,594391.0
1769616000000,1.9064,1.9075,1.9022,1.9039,572796.0
1769616900000,1.9041,1.914,1.9035,1.9126,517554.0
1769617800000,1.9126,1.9145,1.9,1.9033,919975.0
1769618700000,1.9033,1.9108,1.9031,1.9068,452692.0
1769619600000,1.9068,1.9116,1.9056,1.9094,372560.0
1769620500000,1.9096,1.9106,1.9055,1.9068,352978.0
1769621400000,1.9068,1.9182,1.8994,1.9156,782775.0
1769622300000,1.9158,1.9269,1.9141,1.9204,1351252.0
1769623200000,1.9207,1.9207,1.9114,1.9194,1362098.0
1769624100000,1.9192,1.9196,1.911,1.913,690982.0
1769625000000,1.9128,1.916,1.912,1.915,215935.0
1769625900000,1.915,1.9169,1.9119,1.915,350522.0
1769626800000,1.915,1.921,1.9094,1.9147,1093478.0
1769627700000,1.9147,1.9199,1.9127,1.9143,344742.0
1769628600000,1.9143,1.9186,1.9053,1.9069,757265.0
1769629500000,1.9071,1.9233,1.9069,1.9185,643815.0
1769630400000,1.9187,1.9238,1.9177,1.9203,466531.0
1769631300000,1.9203,1.9315,1.9181,1.9281,618728.0
1769632200000,1.9281,1.9288,1.9145,1.9174,951766.0
1769633100000,1.9174,1.921,1.9143,1.9161,349790.0
1769634000000,1.917,1.9194,1.9064,1.9167,1419750.0
1769634900000,1.9167,1.9208,1.9127,1.9129,398898.0
1769635800000,1.9129,1.9183,1.9073,1.9164,496565.0
1769636700000,1.9162,1.9194,1.9133,1.9133,258967.0
1769637600000,1.9135,1.9158,1.9106,1.9108,275443.0
1769638500000,1.9108,1.9128,1.9082,1.9115,388561.0
1769639400000,1.9117,1.9166,1.9099,1.914,199727.0
1769640300000,1.9138,1.9186,1.9138,1.9179,109755.0
1769641200000,1.9177,1.9188,1.9119,1.912,276459.0
1769642100000,1.9122,1.915,1.909,1.9105,298635.0
1769643000000,1.9107,1.9119,1.907,1.9097,229753.0
1769643900000,1.9099,1.9116,1.9082,1.9104,232071.0
1769644800000,1.9104,1.9124,1.9062,1.9069,313888.0
1769645700000,1.9069,1.9086,1.9036,1.9043,440530.0
1769646600000,1.9041,1.9068,1.9005,1.9008,497273.0
1769647500000,1.901,1.9057,1.8992,1.9055,490185.0
1769648400000,1.9057,1.9071,1.9012,1.9024,272859.0
1769649300000,1.9022,1.9027,1.8903,1.8976,918895.0
1769650200000,1.8974,1.8984,1.8937,1.8967,331520.0
1769651100000,1.8967,1.8982,1.8892,1.8912,555503.0
1769652000000,1.8912,1.8954,1.8897,1.8945,395947.0
1769652900000,1.8945,1.8953,1.89,1.8902,296311.0
1769653800000,1.8902,1.8902,1.8711,1.8777,2634241.0
1769654700000,1.8775,1.8777,1.8688,1.8735,1267047.0
1769655600000,1.8735,1.8832,1.8704,1.8804,829386.0
1769656500000,1.8804,1.8808,1.874,1.8747,430023.0
1769657400000,1.8747,1.8763,1.8703,1.8763,542798.0
1769658300000,1.8761,1.8774,1.8732,1.8748,335939.0
1769659200000,1.8748,1.8752,1.8653,1.8671,954862.0
1769660100000,1.8671,1.8714,1.8646,1.8714,768351.0
1769661000000,1.8713,1.8758,1.8713,1.8753,435127.0
1769661900000,1.8753,1.8786,1.8747,1.8775,304210.0
1769662800000,1.8775,1.8815,1.8763,1.8785,640344.0
1769663700000,1.8785,1.883,1.8781,1.8806,360283.0
1769664600000,1.8804,1.8835,1.879,1.8797,277037.0
1769665500000,1.8797,1.8799,1.8773,1.8777,221387.0
1769666400000,1.8779,1.88,1.8768,1.8778,318104.0
1769667300000,1.878,1.8826,1.8778,1.8826,321825.0
1769668200000,1.8824,1.8882,1.8824,1.8859,450913.0
1769669100000,1.8857,1.8866,1.884,1.885,276449.0
1769670000000,1.885,1.8858,1.8838,1.8845,186629.0
1769670900000,1.8843,1.8879,1.883,1.8843,255373.0
1769671800000,1.8843,1.888,1.8841,1.8871,279590.0
1769672700000,1.8869,1.8873,1.8836,1.8845,320932.0
1769673600000,1.8845,1.8845,1.8777,1.8779,573913.0
1769674500000,1.8779,1.8888,1.8754,1.8885,521088.0
1769675400000,1.8888,1.8888,1.88,1.8812,341570.0
1769676300000,1.8812,1.8828,1.8767,1.8787,310902.0
1769677200000,1.8787,1.8795,1.8736,1.8739,389200.0
1769678100000,1.8739,1.8762,1.873,1.873,516714.0
1769679000000,1.8732,1.8754,1.8718,1.874,354942.0
1769679900000,1.8742,1.8754,1.8723,1.8729,168437.0
1769680800000,1.8727,1.8749,1.8715,1.8742,345956.0
1769681700000,1.8744,1.8759,1.8737,1.875,270033.0
1769682600000,1.8748,1.875,1.8692,1.8707,323392.0
1769683500000,1.8705,1.8746,1.8701,1.8733,276265.0
1769684400000,1.8735,1.8741,1.8686,1.8735,359598.0
1769685300000,1.8733,1.8733,1.867,1.8673,786084.0
1769686200000,1.8673,1.8704,1.8673,1.868,290475.0
1769687100000,1.868,1.871,1.8666,1.8704,354676.0
1769688000000,1.8704,1.8723,1.869,1.869,502206.0
1769688900000,1.8692,1.8704,1.8675,1.8695,261304.0
1769689800000,1.8693,1.8734,1.865,1.8689,641873.0
1769690700000,1.8691,1.872,1.8687,1.8719,508606.0
1769691600000,1.8719,1.8758,1.8719,1.8745,418198.0
1769692500000,1.8745,1.8748,1.873,1.8742,226605.0
1769693400000,1.874,1.8752,1.8726,1.8734,180776.0
1769694300000,1.8734,1.8759,1.8718,1.8744,418929.0
1769695200000,1.8744,1.877,1.8722,1.8728,277147.0
1769696100000,1.8728,1.8749,1.8509,1.8533,799225.0
1769697000000,1.8533,1.8647,1.8319,1.8338,7238393.0
1769697900000,1.8328,1.8458,1.824,1.8252,3892751.0
1769698800000,1.825,1.8289,1.8015,1.8048,6916309.0
1769699700000,1.8045,1.8173,1.8005,1.8138,4236508.0
1769700600000,1.8143,1.8194,1.7851,1.7922,4844959.0
1769701500000,1.792,1.8082,1.7882,1.8004,3455819.0
1769702400000,1.8002,1.8035,1.791,1.8022,1918137.0
1769703300000,1.802,1.8083,1.7962,1.798,1528308.0
1769704200000,1.7982,1.8094,1.7969,1.8051,1156795.0
1769705100000,1.8047,1.8175,1.8039,1.8149,1283032.0
1769706000000,1.8143,1.8294,1.8143,1.826,2294980.0
1769706900000,1.8262,1.8416,1.8242,1.8296,2062777.0
1769707800000,1.8299,1.8306,1.8165,1.8194,1453372.0
1769708700000,1.8196,1.8217,1.8112,1.8116,1296978.0
1769709600000,1.8116,1.8185,1.8087,1.8099,1108704.0
1769710500000,1.8099,1.8108,1.7944,1.7966,2642472.0
1769711400000,1.7968,1.8047,1.7885,1.8004,2133096.0
1769712300000,1.8002,1.8004,1.783,1.7839,2247838.0
1769713200000,1.7837,1.7938,1.7804,1.7868,2112071.0
1769714100000,1.7868,1.7903,1.7769,1.7867,1893245.0
1769715000000,1.7867,1.7965,1.7867,1.788,1786819.0
1769715900000,1.788,1.7947,1.7874,1.7878,504834.0
1769716800000,1.788,1.7937,1.7846,1.7855,779047.0
1769717700000,1.7855,1.7931,1.7855,1.7898,527836.0
1769718600000,1.7896,1.7997,1.7896,1.7976,502680.0
1769719500000,1.7978,1.8079,1.7955,1.8006,863118.0
1769720400000,1.8003,1.8047,1.7982,1.8033,1287399.0
1769721300000,1.8024,1.8041,1.7969,1.799,560809.0
1769722200000,1.7985,1.8018,1.7957,1.7968,594291.0
1769723100000,1.7968,1.8065,1.7966,1.805,549478.0
1769724000000,1.8043,1.812,1.8023,1.8025,571657.0
1769724900000,1.8025,1.8072,1.8023,1.8067,455453.0
1769725800000,1.8065,1.8094,1.8056,1.8081,210480.0
1769726700000,1.8081,1.8124,1.807,1.809,202074.0
1769727600000,1.809,1.8097,1.7975,1.7993,509174.0
1769728500000,1.7991,1.8049,1.7973,1.8011,394686.0
1769729400000,1.8009,1.8063,1.8009,1.8056,278082.0
1769730300000,1.8056,1.808,1.8052,1.8065,176218.0
1769731200000,1.8063,1.8114,1.805,1.8064,561737.0
1769732100000,1.8066,1.8084,1.8019,1.8037,419498.0
1769733000000,1.8035,1.8068,1.7995,1.8019,389557.0
1769733900000,1.8019,1.8066,1.7969,1.7972,485708.0
1769734800000,1.7974,1.8009,1.7943,1.8001,577166.0
1769735700000,1.8001,1.8037,1.7917,1.7979,956857.0
1769736600000,1.7981,1.801,1.71,1.7436,12785714.0
1769737500000,1.7441,1.7608,1.7333,1.7546,5845954.0
1769738400000,1.7548,1.7602,1.7454,1.7469,1465926.0
1769739300000,1.7469,1.7504,1.7251,1.7336,2099936.0
1769740200000,1.7336,1.7536,1.7265,1.7518,1960088.0
1769741100000,1.7516,1.7558,1.7413,1.7468,881336.0
1769742000000,1.7468,1.7589,1.7453,1.7578,754257.0
1769742900000,1.7575,1.7602,1.7515,1.752,622997.0
1769743800000,1.7518,1.7525,1.7439,1.7452,545728.0
1769744700000,1.7452,1.7486,1.7396,1.7469,721081.0
1769745600000,1.7469,1.7588,1.7462,1.7571,694421.0
1769746500000,1.7569,1.7714,1.7551,1.7635,1062338.0
1769747400000,1.7635,1.7682,1.7598,1.7638,569902.0
1769748300000,1.764,1.7665,1.7613,1.7623,265334.0
1769749200000,1.7621,1.7655,1.7566,1.7594,364699.0
1769750100000,1.7596,1.7687,1.7575,1.7667,447240.0
1769751000000,1.7667,1.7675,1.763,1.7647,342586.0
1769751900000,1.7645,1.7683,1.7625,1.763,229234.0
1769752800000,1.7625,1.7631,1.7496,1.7509,782232.0
1769753700000,1.7511,1.7529,1.7413,1.7435,883625.0
1769754600000,1.7435,1.7454,1.7336,1.7341,1100985.0
1769755500000,1.7341,1.7437,1.7292,1.7385,1447445.0
1769756400000,1.7387,1.76,1.7372,1.7574,1273634.0
1769757300000,1.7574,1.7602,1.7506,1.7508,760204.0
1769758200000,1.7508,1.7526,1.7466,1.751,690271.0
1769759100000,1.751,1.7613,1.7496,1.7581,704047.0
1769760000000,1.7581,1.7616,1.7531,1.7614,500466.0
1769760900000,1.7612,1.7625,1.755,1.755,537878.0
1769761800000,1.755,1.7552,1.7426,1.7483,834285.0
1769762700000,1.7483,1.7521,1.7453,1.7485,492236.0
1769763600000,1.7484,1.7535,1.7469,1.7491,454074.0
1769764500000,1.7487,1.75,1.7377,1.7383,831917.0
1769765400000,1.7383,1.7496,1.7382,1.7459,532655.0
1769766300000,1.7457,1.7459,1.7323,1.7394,837665.0
1769767200000,1.7392,1.7423,1.7367,1.7406,426366.0
1769768100000,1.7406,1.7471,1.7377,1.7437,482944.0
1769769000000,1.7437,1.7455,1.7412,1.7434,293721.0
1769769900000,1.7433,1.7508,1.7432,1.7492,480952.0
1769770800000,1.749,1.7522,1.7469,1.7514,226244.0
1769771700000,1.7516,1.7522,1.7475,1.7494,256523.0
1769772600000,1.7495,1.7556,1.7482,1.752,355952.0
1769773500000,1.7522,1.7737,1.7493,1.7687,1222664.0
1769774400000,1.7687,1.774,1.7668,1.7668,1016055.0
1769775300000,1.7668,1.7694,1.7596,1.7629,733757.0
1769776200000,1.7631,1.7675,1.7594,1.7595,426420.0
1769777100000,1.7594,1.7638,1.7578,1.7609,389847.0
1769778000000,1.7609,1.7631,1.7521,1.7584,794717.0
1769778900000,1.7584,1.7616,1.7533,1.7552,539703.0
1769779800000,1.7552,1.7629,1.7448,1.7554,2178269.0
1769780700000,1.7554,1.7554,1.7475,1.7511,358620.0
1769781600000,1.7511,1.7681,1.7511,1.7645,792734.0
1769782500000,1.7645,1.7649,1.756,1.7562,635104.0
1769783400000,1.7571,1.7756,1.7521,1.7735,1569681.0
1769784300000,1.7737,1.7766,1.7556,1.7603,1996404.0
1769785200000,1.7603,1.7763,1.7585,1.7686,2153043.0
1769786100000,1.7679,1.7738,1.7452,1.7461,2569462.0
1769787000000,1.7464,1.7808,1.7389,1.7736,3424118.0
1769787900000,1.7734,1.7774,1.754,1.7574,2012024.0
1769788800000,1.7574,1.7668,1.7523,1.7636,887366.0
1769789700000,1.7634,1.7667,1.7465,1.7627,1361145.0
1769790600000,1.7627,1.7741,1.756,1.7688,1230311.0
1769791500000,1.7688,1.7688,1.7584,1.7618,460245.0
1769792400000,1.7618,1.7627,1.7488,1.7524,1243433.0
1769793300000,1.7526,1.773,1.7496,1.7689,864067.0
1769794200000,1.7689,1.7692,1.7552,1.7594,648197.0
1769795100000,1.7594,1.7618,1.7508,1.7519,536844.0
1769796000000,1.7519,1.7566,1.7405,1.744,1016339.0
1769796900000,1.744,1.744,1.7105,1.7277,4028174.0
1769797800000,1.7279,1.7522,1.72,1.7522,1422927.0
1769798700000,1.752,1.7797,1.7494,1.7724,3540425.0
1769799600000,1.7724,1.7834,1.7697,1.7758,2389283.0
1769800500000,1.7752,1.7828,1.7722,1.7764,947401.0
1769801400000,1.7766,1.7813,1.7677,1.7703,840335.0
1769802300000,1.7703,1.7806,1.7663,1.7703,781618.0
1769803200000,1.7701,1.7708,1.7538,1.7594,1113857.0
1769804100000,1.7594,1.7659,1.7465,1.7508,1612023.0
1769805000000,1.7508,1.7555,1.7328,1.7407,2635357.0
1769805900000,1.7407,1.7458,1.7341,1.7386,1228457.0
1769806800000,1.7376,1.7443,1.7335,1.7392,1709885.0
1769807700000,1.7392,1.7501,1.7379,1.7385,1147900.0
1769808600000,1.7387,1.7412,1.7255,1.7279,1108275.0
1769809500000,1.7279,1.7343,1.7232,1.7286,1369915.0
1769810400000,1.728,1.7359,1.7212,1.7216,1177324.0
1769811300000,1.7218,1.7253,1.7164,1.7169,1491733.0
1769812200000,1.7176,1.7297,1.7174,1.7262,487302.0
1769813100000,1.7262,1.7295,1.7241,1.7278,362799.0
1769814000000,1.7278,1.729,1.7213,1.7239,534615.0
1769814900000,1.7239,1.7304,1.7237,1.727,436991.0
1769815800000,1.727,1.735,1.726,1.7341,250660.0
1769816700000,1.7343,1.7359,1.7326,1.7339,380920.0
1769817600000,1.7337,1.7369,1.7325,1.7351,338860.0
1769818500000,1.7349,1.737,1.7319,1.7356,310514.0
1769819400000,1.7356,1.7397,1.7343,1.737,237671.0
1769820300000,1.7368,1.7373,1.7332,1.7352,267811.0
1769821200000,1.7354,1.7426,1.7338,1.7426,304482.0
1769822100000,1.7426,1.7452,1.7405,1.7414,276741.0
1769823000000,1.7414,1.7434,1.7366,1.7434,329384.0
1769823900000,1.7434,1.7465,1.7416,1.7452,301153.0
1769824800000,1.7452,1.7454,1.7361,1.7397,381854.0
1769825700000,1.7397,1.74,1.7328,1.7375,407068.0
1769826600000,1.7375,1.7536,1.7358,1.7499,650192.0
1769827500000,1.7497,1.7512,1.748,1.7482,529277.0
1769828400000,1.748,1.7511,1.7461,1.749,250014.0
1769829300000,1.7492,1.7499,1.7456,1.7471,198179.0
1769830200000,1.7471,1.7484,1.7452,1.7452,137225.0
1769831100000,1.7454,1.7459,1.7412,1.7434,304018.0
1769832000000,1.7434,1.7476,1.743,1.7454,159172.0
1769832900000,1.7454,1.7466,1.7408,1.7453,251911.0
1769833800000,1.7451,1.7453,1.738,1.7384,254374.0
1769834700000,1.7384,1.7405,1.7349,1.7369,1179419.0
1769835600000,1.7371,1.7371,1.7296,1.7324,502682.0
1769836500000,1.7322,1.7361,1.7298,1.7355,431650.0
1769837400000,1.7355,1.7384,1.7339,1.7354,227013.0
1769838300000,1.7354,1.7377,1.7333,1.7368,180616.0
1769839200000,1.7368,1.7386,1.7332,1.7366,183074.0
1769840100000,1.7366,1.7369,1.7225,1.7234,641475.0
1769841000000,1.7234,1.7264,1.7208,1.7247,1179808.0
1769841900000,1.7241,1.7292,1.7241,1.728,448469.0
1769842800000,1.728,1.7323,1.7249,1.7284,442444.0
1769843700000,1.7284,1.7294,1.7236,1.7265,403492.0
1769844600000,1.7263,1.7269,1.7111,1.7157,1940953.0
1769845500000,1.7155,1.7203,1.7155,1.7183,525211.0
1769846400000,1.7183,1.7212,1.7112,1.7153,870513.0
1769847300000,1.7151,1.7153,1.7008,1.7033,3295809.0
1769848200000,1.7035,1.7035,1.6789,1.688,6005517.0
1769849100000,1.688,1.6965,1.682,1.6939,1853052.0
1769850000000,1.6937,1.699,1.6921,1.6976,822628.0
1769850900000,1.6976,1.6996,1.6897,1.6951,768787.0
1769851800000,1.6953,1.7061,1.6951,1.7001,1263373.0
1769852700000,1.7001,1.7019,1.6975,1.6994,343707.0
1769853600000,1.6996,1.7011,1.6941,1.6955,931662.0
1769854500000,1.6957,1.7029,1.6944,1.7027,404476.0
1769855400000,1.7027,1.7101,1.702,1.7089,1015254.0
1769856300000,1.7091,1.7102,1.7054,1.7056,365729.0
1769857200000,1.7054,1.7056,1.6987,1.7002,433838.0
1769858100000,1.7002,1.7032,1.6993,1.7017,296478.0
1769859000000,1.7017,1.7044,1.6993,1.6997,183583.0
1769859900000,1.6997,1.7013,1.6977,1.7013,347665.0
1769860800000,1.7013,1.7013,1.6914,1.6924,1401402.0
1769861700000,1.6926,1.6981,1.6918,1.6941,761751.0
1769862600000,1.6948,1.6948,1.6879,1.6927,1023111.0
1769863500000,1.6927,1.6936,1.6852,1.6891,1201648.0
1769864400000,1.6891,1.69,1.6837,1.6865,1344820.0
1769865300000,1.6865,1.689,1.6846,1.6871,485852.0
1769866200000,1.6871,1.6882,1.672,1.6761,3086768.0
1769867100000,1.6763,1.6772,1.6725,1.6756,9842347.0
1769868000000,1.6758,1.6803,1.6591,1.6636,2859724.0
1769868900000,1.6633,1.6655,1.6286,1.6373,10148914.0
1769869800000,1.6362,1.6402,1.6124,1.621,6315284.0
1769870700000,1.6208,1.6408,1.6159,1.6402,3207319.0
1769871600000,1.64,1.659,1.6339,1.6489,3634283.0
1769872500000,1.6498,1.651,1.6376,1.6454,1636460.0
1769873400000,1.6456,1.6498,1.6402,1.6446,1211904.0
1769874300000,1.6444,1.6471,1.6324,1.634,1012636.0
1769875200000,1.6342,1.6377,1.6213,1.6271,2267478.0
1769876100000,1.6273,1.6484,1.6164,1.6323,5601169.0
1769877000000,1.6323,1.6335,1.6188,1.6204,1611518.0
1769877900000,1.6206,1.6206,1.6029,1.6101,4720471.0
1769878800000,1.6094,1.6155,1.518,1.5597,20863071.0
1769879700000,1.5605,1.5746,1.5569,1.5679,6305695.0
1769880600000,1.5682,1.5824,1.5554,1.5716,3879102.0
1769881500000,1.5721,1.5777,1.5601,1.5672,1724454.0
1769882400000,1.5672,1.5791,1.5668,1.5732,2393788.0
1769883300000,1.573,1.5741,1.5574,1.5712,2860602.0
1769884200000,1.5712,1.58,1.5046,1.58,7217918.0
1769885100000,1.5806,1.6026,1.571,1.5844,12093543.0
1769886000000,1.5844,1.6031,1.5839,1.602,3824915.0
1769886900000,1.6015,1.6094,1.5863,1.5889,2134828.0
1769887800000,1.5887,1.5906,1.5746,1.5775,1903852.0
1769888700000,1.5773,1.5894,1.5736,1.5816,1243076.0
1769889600000,1.5819,1.5857,1.5778,1.5801,1026935.0
1769890500000,1.5801,1.5999,1.5749,1.5749,1465927.0
1769891400000,1.5752,1.5875,1.5707,1.586,1226990.0
1769892300000,1.5855,1.5976,1.5817,1.5931,709829.0
1769893200000,1.5931,1.6016,1.5869,1.5927,1328303.0
1769894100000,1.5927,1.6094,1.5875,1.6079,1375046.0
1769895000000,1.6079,1.6239,1.6013,1.6218,1761785.0
1769895900000,1.6218,1.6256,1.6144,1.6194,1090955.0
1769896800000,1.6194,1.6209,1.6108,1.6114,840736.0
1769897700000,1.6112,1.6133,1.6043,1.6111,702371.0
1769898600000,1.6111,1.6134,1.602,1.6053,531788.0
1769899500000,1.6053,1.6156,1.6049,1.6136,553532.0
1769900400000,1.613,1.62,1.6123,1.6159,633826.0
1769901300000,1.6161,1.6532,1.6153,1.6462,2513987.0
1769902200000,1.6464,1.6527,1.6393,1.6401,921503.0
1769903100000,1.6399,1.6478,1.6363,1.6458,591479.0
1769904000000,1.6458,1.6606,1.6425,1.6604,1068476.0
1769904900000,1.6604,1.6745,1.6587,1.665,1544282.0
1769905800000,1.665,1.6696,1.6543,1.6561,1100537.0
1769906700000,1.6563,1.666,1.6534,1.6628,656692.0
1769907600000,1.6628,1.6654,1.6467,1.6517,1380075.0
1769908500000,1.6515,1.6608,1.6443,1.6599,1233972.0
1769909400000,1.6599,1.6632,1.6447,1.6489,4364471.0
1769910300000,1.6489,1.6609,1.6483,1.6595,541370.0
1769911200000,1.6593,1.671,1.6568,1.6699,530356.0
1769912100000,1.6697,1.6789,1.661,1.6641,1437102.0
1769913000000,1.6643,1.6732,1.6637,1.6705,409251.0
1769913900000,1.6705,1.6749,1.6672,1.6687,433093.0
1769914800000,1.6687,1.6725,1.6636,1.665,472034.0
1769915700000,1.6648,1.6666,1.659,1.662,404517.0
1769916600000,1.662,1.6647,1.6578,1.6597,306560.0
1769917500000,1.6597,1.668,1.6595,1.6659,342496.0
1769918400000,1.6659,1.6728,1.6637,1.671,437291.0
1769919300000,1.671,1.6727,1.6617,1.6633,375552.0
1769920200000,1.6631,1.6674,1.6602,1.6643,372175.0
1769921100000,1.6645,1.6681,1.6635,1.6645,214213.0
1769922000000,1.6642,1.6669,1.6547,1.6621,884964.0
1769922900000,1.6621,1.6693,1.6602,1.6679,612598.0
1769923800000,1.6681,1.6685,1.6575,1.6581,630052.0
1769924700000,1.6579,1.6634,1.6575,1.6579,436277.0
1769925600000,1.6581,1.6724,1.6575,1.67,1112987.0
1769926500000,1.6702,1.6717,1.6632,1.6636,293828.0
1769927400000,1.6636,1.6656,1.6525,1.6597,775124.0
1769928300000,1.6597,1.6598,1.6542,1.656,434930.0
1769929200000,1.656,1.6587,1.6479,1.6506,1140737.0
1769930100000,1.6504,1.6536,1.6465,1.6482,611208.0
1769931000000,1.6484,1.6707,1.6471,1.6684,875809.0
1769931900000,1.6683,1.6687,1.6581,1.6581,656389.0
1769932800000,1.6583,1.6685,1.6572,1.6632,643140.0
1769933700000,1.6632,1.6656,1.6586,1.6645,488463.0
1769934600000,1.6645,1.6768,1.663,1.6717,548276.0
1769935500000,1.6717,1.6717,1.6622,1.6627,592170.0
1769936400000,1.6625,1.667,1.6599,1.6616,449567.0
1769937300000,1.6614,1.6624,1.6524,1.6531,543848.0
1769938200000,1.6533,1.6643,1.6531,1.6629,334918.0
1769939100000,1.6629,1.6686,1.6601,1.6661,401846.0
1769940000000,1.6659,1.6675,1.6614,1.6651,453627.0
1769940900000,1.6651,1.6651,1.6581,1.6609,344771.0
1769941800000,1.6611,1.662,1.6404,1.6404,1594794.0
1769942700000,1.6404,1.6412,1.6314,1.6322,1648624.0
1769943600000,1.632,1.6378,1.6314,1.6376,675498.0
1769944500000,1.6376,1.6378,1.6315,1.635,414553.0
1769945400000,1.635,1.6532,1.6348,1.6511,1192791.0
1769946300000,1.6513,1.6525,1.646,1.6491,371221.0
1769947200000,1.6491,1.6494,1.6425,1.6445,452301.0
1769948100000,1.6445,1.6447,1.6325,1.6368,1030789.0
1769949000000,1.637,1.6464,1.6368,1.6384,514959.0
1769949900000,1.6382,1.6418,1.638,1.6392,464622.0
1769950800000,1.6392,1.6517,1.6392,1.6482,1035779.0
1769951700000,1.6482,1.6494,1.64,1.6425,346061.0
1769952600000,1.6425,1.6431,1.6364,1.6389,388158.0
1769953500000,1.6389,1.6416,1.6256,1.6286,1028282.0
1769954400000,1.6284,1.6324,1.6208,1.6218,1050707.0
1769955300000,1.6216,1.6231,1.6105,1.612,1520234.0
1769956200000,1.6116,1.617,1.5978,1.6068,3466856.0
1769957100000,1.6068,1.6283,1.6046,1.6158,2223921.0
1769958000000,1.6159,1.6177,1.597,1.5977,1616126.0
1769958900000,1.5976,1.6006,1.5807,1.5818,2811408.0
1769959800000,1.5818,1.5923,1.5756,1.5838,1991816.0
1769960700000,1.5838,1.6029,1.5824,1.594,1720814.0
1769961600000,1.5942,1.6047,1.5881,1.5964,1776650.0
1769962500000,1.5965,1.6088,1.5815,1.6009,1717827.0
1769963400000,1.6007,1.6025,1.5857,1.5863,814723.0
1769964300000,1.5865,1.5965,1.5841,1.592,680746.0
1769965200000,1.5923,1.5979,1.5881,1.5979,581382.0
1769966100000,1.597,1.5981,1.5858,1.5925,616984.0
1769967000000,1.5928,1.5979,1.5875,1.5939,619334.0
1769967900000,1.5941,1.6013,1.5905,1.6012,384630.0
1769968800000,1.6012,1.621,1.6005,1.6172,2069329.0
1769969700000,1.6172,1.6257,1.6116,1.6184,1019824.0
1769970600000,1.6184,1.6206,1.6121,1.6136,517463.0
1769971500000,1.6133,1.6158,1.608,1.6146,461200.0
1769972400000,1.6146,1.618,1.6046,1.6087,512932.0
1769973300000,1.6081,1.6108,1.6025,1.607,432707.0
1769974200000,1.6068,1.6111,1.6001,1.6022,400083.0
1769975100000,1.6022,1.6022,1.5902,1.5988,1227399.0
1769976000000,1.5988,1.599,1.5888,1.5898,831519.0
1769976900000,1.5896,1.596,1.5785,1.5808,1573135.0
1769977800000,1.5806,1.6134,1.5806,1.6067,1523769.0
1769978700000,1.6065,1.6074,1.5951,1.5979,586006.0
1769979600000,1.5981,1.5991,1.5825,1.5902,989605.0
1769980500000,1.5902,1.593,1.5843,1.5909,627668.0
1769981400000,1.5909,1.5984,1.584,1.5903,616162.0
1769982300000,1.5903,1.5936,1.5819,1.5894,1627615.0
1769983200000,1.5894,1.6128,1.5856,1.605,1498994.0
1769984100000,1.6048,1.6059,1.5868,1.5983,909618.0
1769985000000,1.5983,1.611,1.5975,1.6027,774598.0
1769985900000,1.6034,1.6062,1.5961,1.5992,422442.0
1769986800000,1.5997,1.6006,1.552,1.5805,6782264.0
1769987700000,1.5805,1.599,1.5695,1.5943,5055377.0
1769988600000,1.5946,1.612,1.5885,1.6021,2230057.0
1769989500000,1.6021,1.6023,1.5877,1.5901,1350714.0
1769990400000,1.5901,1.6032,1.5778,1.5975,1981563.0
1769991300000,1.5978,1.6153,1.596,1.6094,1393907.0
1769992200000,1.6092,1.6178,1.6047,1.6111,755132.0
1769993100000,1.6114,1.6152,1.6017,1.6038,736507.0
1769994000000,1.6038,1.612,1.5826,1.5849,1218664.0
1769994900000,1.5849,1.6152,1.5805,1.612,1312090.0
1769995800000,1.6118,1.612,1.6006,1.6062,515244.0
1769996700000,1.6062,1.6084,1.5991,1.6012,345261.0
1769997600000,1.6012,1.6035,1.5936,1.5989,1048199.0
1769998500000,1.5987,1.609,1.5963,1.6007,650949.0
1769999400000,1.6005,1.604,1.59,1.5922,542163.0
1770000300000,1.5924,1.5939,1.5861,1.5898,732601.0
1770001200000,1.59,1.5912,1.5633,1.5644,1619991.0
1770002100000,1.5644,1.5646,1.5324,1.5364,5382505.0
1770003000000,1.5366,1.5513,1.5301,1.5387,4297908.0
1770003900000,1.5389,1.5846,1.5379,1.5801,3321112.0
1770004800000,1.5801,1.5816,1.5568,1.5595,1499472.0
1770005700000,1.5593,1.5947,1.5577,1.5931,1457742.0
1770006600000,1.5931,1.5996,1.5867,1.5873,883925.0
1770007500000,1.5873,1.5875,1.5749,1.5758,810830.0
1770008400000,1.5758,1.577,1.5578,1.5596,1126740.0
1770009300000,1.5594,1.5615,1.54,1.5439,2141565.0
1770010200000,1.5442,1.5513,1.5328,1.5461,2068665.0
1770011100000,1.5463,1.5581,1.5412,1.5487,1900811.0
1770012000000,1.5487,1.554,1.5334,1.5515,1540405.0
1770012900000,1.5515,1.5675,1.5467,1.5537,1445640.0
1770013800000,1.5535,1.5952,1.5303,1.5782,4542184.0
1770014700000,1.5793,1.592,1.5672,1.5796,2468048.0
1770015600000,1.5793,1.5912,1.5775,1.5791,1141611.0
1770016500000,1.5793,1.5874,1.5744,1.5794,508945.0
1770017400000,1.5791,1.5904,1.5787,1.5873,565674.0
1770018300000,1.5873,1.5955,1.578,1.5785,1143253.0
1770019200000,1.5787,1.592,1.5785,1.591,859189.0
1770020100000,1.5908,1.599,1.5862,1.5883,887018.0
1770021000000,1.5883,1.5982,1.5881,1.5964,621616.0
1770021900000,1.5964,1.5999,1.5894,1.5894,424883.0
1770022800000,1.5891,1.595,1.5868,1.59,590531.0
1770023700000,1.5898,1.6021,1.5875,1.6005,465637.0
1770024600000,1.6005,1.6101,1.5963,1.6022,1263810.0
1770025500000,1.6022,1.6134,1.6015,1.6079,1228398.0
1770026400000,1.6079,1.614,1.6064,1.6109,671552.0
1770027300000,1.6109,1.6129,1.6044,1.6096,689761.0
1770028200000,1.6094,1.6119,1.6042,1.6079,586853.0
1770029100000,1.6079,1.6122,1.6052,1.6106,274340.0
1770030000000,1.6106,1.6198,1.6106,1.6188,1269505.0
1770030900000,1.619,1.6194,1.615,1.6187,396684.0
1770031800000,1.6186,1.6232,1.6179,1.621,981662.0
1770032700000,1.621,1.626,1.6181,1.6204,1015495.0
1770033600000,1.6204,1.6292,1.6199,1.6289,653202.0
1770034500000,1.6291,1.654,1.6275,1.6436,2375193.0
1770035400000,1.6438,1.6477,1.6353,1.6377,1081593.0
1770036300000,1.6379,1.646,1.637,1.6449,680796.0
1770037200000,1.6447,1.6449,1.6369,1.6413,729654.0
1770038100000,1.6419,1.6509,1.6395,1.6401,848258.0
1770039000000,1.6401,1.6447,1.6354,1.6405,836929.0
1770039900000,1.6411,1.6419,1.6362,1.6382,990275.0
1770040800000,1.6382,1.6396,1.6231,1.6274,1878137.0
1770041700000,1.6274,1.6334,1.6223,1.6301,1499300.0
1770042600000,1.6305,1.6481,1.6305,1.6344,2615775.0
1770043500000,1.6342,1.6398,1.624,1.6288,1301835.0
1770044400000,1.6288,1.6449,1.6253,1.6423,1178810.0
1770045300000,1.6423,1.6494,1.6377,1.6413,1027855.0
1770046200000,1.6415,1.654,1.6362,1.6473,1372437.0
1770047100000,1.6471,1.6499,1.6361,1.641,710040.0
1770048000000,1.641,1.648,1.6368,1.646,636527.0
1770048900000,1.646,1.6561,1.6433,1.6558,690112.0
1770049800000,1.6561,1.6561,1.6439,1.6469,867339.0
1770050700000,1.6469,1.6475,1.6391,1.643,502594.0
1770051600000,1.643,1.6493,1.6411,1.6479,356915.0
1770052500000,1.6477,1.6516,1.645,1.6467,307061.0
1770053400000,1.6465,1.6499,1.6362,1.6385,636806.0
1770054300000,1.6383,1.6434,1.6364,1.6407,290364.0
1770055200000,1.6407,1.6438,1.638,1.6411,517383.0
1770056100000,1.6411,1.642,1.6326,1.6361,701897.0
1770057000000,1.6359,1.6495,1.6351,1.6412,775620.0
1770057900000,1.6414,1.6446,1.6404,1.6408,286520.0
1770058800000,1.6408,1.6415,1.6362,1.6383,355330.0
1770059700000,1.6383,1.641,1.6341,1.6346,322593.0
1770060600000,1.6348,1.6349,1.6272,1.6311,675611.0
1770061500000,1.6311,1.6324,1.6243,1.6259,375938.0
1770062400000,1.6257,1.632,1.6204,1.6285,739164.0
1770063300000,1.6285,1.631,1.6234,1.6249,481530.0
1770064200000,1.6249,1.625,1.6146,1.6188,870757.0
1770065100000,1.619,1.6231,1.612,1.6131,435651.0
1770066000000,1.6129,1.6217,1.6129,1.619,837639.0
1770066900000,1.619,1.621,1.6122,1.6135,307986.0
1770067800000,1.6135,1.6243,1.6134,1.6214,262473.0
1770068700000,1.6217,1.6256,1.6212,1.6221,403358.0
1770069600000,1.6221,1.6327,1.6216,1.6285,597569.0
1770070500000,1.6287,1.6291,1.621,1.6228,259123.0
1770071400000,1.6228,1.6266,1.6211,1.6265,213537.0
1770072300000,1.6265,1.6283,1.6228,1.6251,158174.0
1770073200000,1.6251,1.6258,1.6192,1.6204,309648.0
1770074100000,1.6204,1.6217,1.6168,1.6177,299280.0
1770075000000,1.6175,1.6244,1.6168,1.623,306155.0
1770075900000,1.623,1.623,1.618,1.6186,468590.0
1770076800000,1.6186,1.6212,1.6063,1.6114,803010.0
1770077700000,1.6112,1.6172,1.6107,1.6164,505172.0
1770078600000,1.6162,1.6173,1.6093,1.6134,381866.0
1770079500000,1.6136,1.6181,1.61,1.6173,395549.0
1770080400000,1.6175,1.6175,1.6098,1.6113,472880.0
1770081300000,1.6111,1.6158,1.6062,1.6139,450140.0
1770082200000,1.6141,1.6141,1.6063,1.6129,355569.0
1770083100000,1.6131,1.6164,1.6112,1.6162,389690.0
1770084000000,1.6164,1.6169,1.6025,1.604,736381.0
1770084900000,1.6042,1.6105,1.6031,1.6055,290803.0
1770085800000,1.6055,1.6065,1.599,1.6004,853830.0
1770086700000,1.6004,1.6012,1.59,1.5916,939396.0
1770087600000,1.5918,1.5987,1.587,1.5963,1180105.0
1770088500000,1.5963,1.6025,1.5908,1.6019,732136.0
1770089400000,1.6021,1.6088,1.6,1.6069,698271.0
1770090300000,1.6069,1.6144,1.6061,1.6126,684772.0
1770091200000,1.6126,1.6149,1.6102,1.614,517336.0
1770092100000,1.614,1.615,1.6087,1.6091,313356.0
1770093000000,1.6093,1.6239,1.6086,1.6236,859580.0
1770093900000,1.6236,1.624,1.6188,1.6214,491624.0
1770094800000,1.6209,1.6223,1.6092,1.6099,683010.0
1770095700000,1.6099,1.614,1.6075,1.612,490151.0
1770096600000,1.6122,1.6147,1.6106,1.6124,301047.0
1770097500000,1.6124,1.6146,1.6061,1.607,579671.0
1770098400000,1.607,1.6081,1.5981,1.6001,1145536.0
1770099300000,1.6001,1.6105,1.5985,1.6092,645484.0
1770100200000,1.609,1.6114,1.6064,1.6077,399903.0
1770101100000,1.6075,1.6121,1.607,1.6114,400792.0
1770102000000,1.6116,1.616,1.6069,1.6129,861182.0
1770102900000,1.6129,1.6145,1.6074,1.6131,754461.0
1770103800000,1.6131,1.623,1.6122,1.6176,681998.0
1770104700000,1.6174,1.6191,1.6151,1.6165,379291.0
1770105600000,1.6165,1.6187,1.6116,1.6128,459943.0
1770106500000,1.6126,1.6245,1.612,1.6224,571127.0
1770107400000,1.6226,1.6248,1.6183,1.6233,695489.0
1770108300000,1.6233,1.6235,1.6146,1.6157,431808.0
1770109200000,1.6157,1.6212,1.6055,1.6061,995161.0
1770110100000,1.606,1.6073,1.5945,1.595,2230303.0
1770111000000,1.595,1.6048,1.5944,1.6028,941097.0
1770111900000,1.6026,1.6045,1.6,1.6025,587407.0
1770112800000,1.6023,1.6073,1.6006,1.6045,261325.0
1770113700000,1.6047,1.6051,1.5999,1.6022,362949.0
1770114600000,1.6022,1.6024,1.5965,1.5988,434985.0
1770115500000,1.5988,1.6005,1.5965,1.599,300107.0
1770116400000,1.599,1.6033,1.5987,1.6003,362681.0
1770117300000,1.6003,1.6022,1.5978,1.5984,265418.0
1770118200000,1.5984,1.605,1.5969,1.6032,789661.0
1770119100000,1.6032,1.6067,1.602,1.6021,1082077.0
1770120000000,1.6021,1.6073,1.5975,1.6047,616995.0
1770120900000,1.6047,1.6066,1.6009,1.6062,363332.0
1770121800000,1.6062,1.6089,1.6021,1.6066,325791.0
1770122700000,1.6066,1.6098,1.6056,1.6074,569313.0
1770123600000,1.6074,1.6127,1.6048,1.6097,627618.0
1770124500000,1.6099,1.6107,1.6033,1.6085,714569.0
1770125400000,1.6087,1.6107,1.6055,1.6075,356463.0
1770126300000,1.6069,1.6153,1.6052,1.6119,2780628.0
1770127200000,1.6119,1.616,1.6106,1.6124,422216.0
1770128100000,1.6126,1.6149,1.6067,1.6138,645694.0
1770129000000,1.6138,1.6143,1.5931,1.5983,2162250.0
1770129900000,1.5983,1.6045,1.5821,1.5822,2482706.0
1770130800000,1.5822,1.5949,1.5792,1.58,2318554.0
1770131700000,1.58,1.612,1.5783,1.6038,5078241.0
1770132600000,1.6038,1.6177,1.5963,1.5968,3137536.0
1770133500000,1.597,1.6207,1.5951,1.6175,1746834.0
1770134400000,1.6177,1.6177,1.6002,1.6014,1095866.0
1770135300000,1.6014,1.6024,1.587,1.5872,2105225.0
1770136200000,1.5872,1.5911,1.582,1.5879,2198661.0
1770137100000,1.5881,1.5908,1.5816,1.5853,1205645.0
1770138000000,1.5853,1.589,1.5702,1.5704,1788502.0
1770138900000,1.5704,1.5811,1.5666,1.5777,1514201.0
1770139800000,1.5779,1.5789,1.5609,1.5615,1839305.0
1770140700000,1.5615,1.5698,1.5569,1.5577,1659504.0
1770141600000,1.5577,1.5641,1.5525,1.5529,1774732.0
1770142500000,1.5529,1.556,1.5383,1.5406,5198347.0
1770143400000,1.5408,1.5455,1.536,1.5384,1850400.0
1770144300000,1.5382,1.541,1.5292,1.5305,3069701.0
1770145200000,1.5307,1.5751,1.5261,1.5711,4017620.0
1770146100000,1.5711,1.5825,1.5633,1.5744,4062617.0
1770147000000,1.5747,1.5897,1.5734,1.5783,1708848.0
1770147900000,1.5783,1.5839,1.5703,1.5809,1343980.0
1770148800000,1.5809,1.5828,1.5654,1.57,898210.0
1770149700000,1.5698,1.5971,1.5668,1.5932,1874402.0
1770150600000,1.5934,1.6326,1.5926,1.6128,6552521.0
1770151500000,1.6128,1.6219,1.6071,1.6181,2128443.0
1770152400000,1.6184,1.628,1.6139,1.6262,2621296.0
1770153300000,1.6262,1.6274,1.6131,1.6134,1398445.0
1770154200000,1.6136,1.6167,1.6055,1.6089,812860.0
1770155100000,1.6089,1.6122,1.6008,1.6018,550019.0
1770156000000,1.6018,1.6027,1.5904,1.5946,1428997.0
1770156900000,1.5948,1.5987,1.5874,1.5973,691011.0
1770157800000,1.5973,1.6034,1.594,1.5962,514020.0
1770158700000,1.5964,1.5964,1.5824,1.5874,668653.0
1770159600000,1.5872,1.5881,1.5721,1.5833,1207954.0
1770160500000,1.5831,1.5844,1.576,1.5768,452674.0
1770161400000,1.5766,1.5823,1.5748,1.5769,424180.0
1770162300000,1.5771,1.5784,1.5683,1.5782,807645.0
1770163200000,1.5782,1.5784,1.5671,1.5675,499080.0
1770164100000,1.5668,1.5795,1.5661,1.5783,661844.0
1770165000000,1.5785,1.5848,1.5763,1.5789,538381.0
1770165900000,1.5789,1.5821,1.5737,1.5748,347148.0
1770166800000,1.5748,1.5946,1.5748,1.5943,869680.0
1770167700000,1.5945,1.5954,1.5917,1.593,445435.0
1770168600000,1.5928,1.6001,1.5921,1.5977,546433.0
1770169500000,1.5978,1.5978,1.5907,1.5911,516683.0
1770170400000,1.5911,1.5941,1.5866,1.5876,409778.0
1770171300000,1.5874,1.593,1.5803,1.5827,578339.0
1770172200000,1.5827,1.584,1.5756,1.581,478163.0
1770173100000,1.5812,1.5862,1.5767,1.5845,513014.0
1770174000000,1.5843,1.602,1.5815,1.6,953885.0
1770174900000,1.6003,1.6012,1.5911,1.5927,859469.0
1770175800000,1.5927,1.6044,1.5921,1.5982,824181.0
1770176700000,1.598,1.6006,1.5966,1.5985,284977.0
1770177600000,1.5983,1.6024,1.5956,1.6002,307222.0
1770178500000,1.6004,1.6004,1.5955,1.5974,232229.0
1770179400000,1.5976,1.5998,1.5947,1.5956,435786.0
1770180300000,1.5954,1.5956,1.5925,1.594,300501.0
1770181200000,1.594,1.5952,1.5905,1.5927,222823.0
1770182100000,1.5929,1.5952,1.5904,1.5929,265537.0
1770183000000,1.5929,1.5931,1.5878,1.5891,278050.0
1770183900000,1.5891,1.591,1.5822,1.5856,449218.0
1770184800000,1.5856,1.594,1.5845,1.593,436063.0
1770185700000,1.5932,1.5945,1.5872,1.5884,817849.0
1770186600000,1.5884,1.6012,1.5875,1.6007,678177.0
1770187500000,1.6005,1.604,1.6,1.6004,582887.0
1770188400000,1.6006,1.6038,1.5971,1.6023,988487.0
1770189300000,1.6023,1.6053,1.5989,1.6044,588369.0
1770190200000,1.6044,1.6077,1.6009,1.6061,954424.0
1770191100000,1.6059,1.6068,1.6025,1.6045,310904.0
1770192000000,1.6045,1.6056,1.6008,1.6041,301788.0
1770192900000,1.6043,1.6079,1.599,1.6008,461119.0
1770193800000,1.601,1.6075,1.5995,1.6075,215823.0
1770194700000,1.6075,1.6112,1.6071,1.6093,539663.0
1770195600000,1.6091,1.6093,1.6019,1.6035,1410085.0
1770196500000,1.6034,1.6048,1.5985,1.6,530572.0
1770197400000,1.6002,1.6024,1.5966,1.5982,389099.0
1770198300000,1.5979,1.6005,1.5968,1.5979,207598.0
1770199200000,1.5977,1.6009,1.5972,1.5998,305033.0
1770200100000,1.5998,1.603,1.599,1.5998,250866.0
1770201000000,1.6,1.6022,1.595,1.5968,516060.0
1770201900000,1.5968,1.5974,1.5946,1.5946,188934.0
1770202800000,1.5948,1.5952,1.5782,1.5814,2324500.0
1770203700000,1.5814,1.5915,1.5789,1.5873,880163.0
1770204600000,1.5871,1.5989,1.5867,1.5921,994061.0
1770205500000,1.5921,1.5943,1.5895,1.5916,352321.0
1770206400000,1.5918,1.5951,1.591,1.5947,389401.0
1770207300000,1.5945,1.5972,1.5881,1.5896,462479.0
1770208200000,1.5891,1.593,1.5886,1.591,270453.0
1770209100000,1.5912,1.5918,1.5879,1.5908,187561.0
1770210000000,1.5908,1.5914,1.5871,1.5886,258449.0
1770210900000,1.5886,1.5898,1.5802,1.5807,793408.0
1770211800000,1.5805,1.584,1.574,1.5753,1327745.0
1770212700000,1.5753,1.5783,1.5639,1.5643,1627589.0
1770213600000,1.5643,1.5721,1.5623,1.5692,1070592.0
1770214500000,1.5692,1.5705,1.5639,1.5669,598896.0
1770215400000,1.5669,1.5738,1.5509,1.5625,3193740.0
1770216300000,1.5625,1.5696,1.5419,1.5441,1939213.0
1770217200000,1.5441,1.5595,1.5373,1.5543,4019521.0
1770218100000,1.5543,1.5633,1.5445,1.5534,1620212.0
1770219000000,1.5532,1.5548,1.5285,1.5434,3324472.0
1770219900000,1.5436,1.5466,1.5359,1.5426,1178515.0
1770220800000,1.5424,1.5486,1.5345,1.5394,1666965.0
1770221700000,1.5394,1.5435,1.5282,1.5413,2348294.0
1770222600000,1.5413,1.5425,1.5195,1.5215,2231587.0
1770223500000,1.5218,1.5356,1.518,1.5304,2446643.0
1770224400000,1.5301,1.5352,1.5182,1.5312,1853609.0
1770225300000,1.5312,1.5381,1.5138,1.5149,1655704.0
1770226200000,1.5149,1.5225,1.5045,1.5182,3144063.0
1770227100000,1.518,1.5247,1.51,1.521,1198748.0
1770228000000,1.521,1.5212,1.505,1.5099,1869920.0
1770228900000,1.5096,1.5313,1.5031,1.5228,2045585.0
1770229800000,1.5228,1.5535,1.5193,1.5498,5537536.0
1770230700000,1.5491,1.5503,1.5329,1.5338,2091480.0
1770231600000,1.5336,1.5468,1.5324,1.5335,981345.0
1770232500000,1.5337,1.54,1.5249,1.5281,1403063.0
1770233400000,1.5283,1.5399,1.5264,1.5389,624986.0
1770234300000,1.5387,1.5559,1.5382,1.5536,1974420.0
1770235200000,1.5537,1.5554,1.5394,1.5396,1175786.0
1770236100000,1.5392,1.5457,1.5368,1.5386,644119.0
1770237000000,1.5384,1.5412,1.5343,1.5386,563233.0
1770237900000,1.5386,1.5406,1.5354,1.5356,342818.0
1770238800000,1.5356,1.5382,1.521,1.5287,1461646.0
1770239700000,1.5287,1.529,1.5183,1.5209,751918.0
1770240600000,1.5203,1.5269,1.5113,1.5128,538477.0
1770241500000,1.5128,1.5177,1.506,1.5169,1487036.0
1770242400000,1.5169,1.5174,1.4943,1.5051,3346598.0
1770243300000,1.5046,1.5437,1.5041,1.5417,2459549.0
1770244200000,1.5414,1.5441,1.5157,1.5179,1722124.0
1770245100000,1.5179,1.5244,1.5067,1.5102,904527.0
1770246000000,1.5104,1.5128,1.5047,1.5115,849765.0
1770246900000,1.5115,1.5257,1.5075,1.521,2006361.0
1770247800000,1.5212,1.525,1.5157,1.5195,1114338.0
1770248700000,1.5193,1.5217,1.51,1.511,793071.0
1770249600000,1.511,1.5119,1.5015,1.502,1044328.0
1770250500000,1.5018,1.5143,1.5012,1.5134,790695.0
1770251400000,1.5134,1.5134,1.4917,1.4998,1944243.0
1770252300000,1.4996,1.5045,1.4884,1.4903,1373539.0
1770253200000,1.4901,1.5015,1.4865,1.4936,1561065.0
1770254100000,1.4936,1.4936,1.46,1.4857,4582109.0
1770255000000,1.4863,1.4954,1.4683,1.482,3390011.0
1770255900000,1.482,1.483,1.4692,1.4743,1174578.0
1770256800000,1.4743,1.478,1.4602,1.4622,1585705.0
1770257700000,1.4628,1.4711,1.456,1.4692,2189110.0
1770258600000,1.469,1.484,1.4675,1.4776,1811228.0
1770259500000,1.4776,1.4781,1.4499,1.4522,1955273.0
1770260400000,1.4522,1.4662,1.4487,1.4554,2814873.0
1770261300000,1.4554,1.462,1.4452,1.4508,1826418.0
1770262200000,1.4508,1.4514,1.4428,1.4432,1325623.0
1770263100000,1.4432,1.4467,1.4384,1.4424,1750199.0
1770264000000,1.4426,1.4557,1.4375,1.4424,1784415.0
1770264900000,1.4425,1.4524,1.4358,1.4499,1630926.0
1770265800000,1.4499,1.4574,1.4421,1.4565,1243844.0
1770266700000,1.4568,1.4569,1.4431,1.4447,1027734.0
1770267600000,1.4447,1.4526,1.4417,1.4499,841806.0
1770268500000,1.4491,1.4514,1.4304,1.4344,2008855.0
1770269400000,1.4344,1.4574,1.4294,1.4536,1776309.0
1770270300000,1.4536,1.4541,1.4401,1.4413,1026028.0
1770271200000,1.4411,1.443,1.426,1.43,1880644.0
1770272100000,1.4302,1.433,1.4198,1.424,1982790.0
1770273000000,1.424,1.4322,1.424,1.4268,981158.0
1770273900000,1.427,1.4299,1.4174,1.4259,1509293.0
1770274800000,1.4259,1.4475,1.4243,1.4324,2700392.0
1770275700000,1.4324,1.4487,1.4302,1.4464,1574295.0
1770276600000,1.4466,1.4482,1.4356,1.4414,1051865.0
1770277500000,1.4414,1.4429,1.43,1.4316,883546.0
1770278400000,1.4316,1.4368,1.4309,1.4335,678136.0
1770279300000,1.4333,1.4364,1.4272,1.4322,778183.0
1770280200000,1.4322,1.4425,1.4322,1.4344,1017556.0
1770281100000,1.4342,1.4373,1.4258,1.4268,615762.0
1770282000000,1.4265,1.4437,1.4262,1.4393,2362033.0
1770282900000,1.4384,1.4438,1.4282,1.4301,1466966.0
1770283800000,1.4303,1.431,1.4144,1.4149,1857069.0
1770284700000,1.4146,1.417,1.4116,1.4131,1680677.0
1770285600000,1.4133,1.4139,1.3976,1.4062,3899653.0
1770286500000,1.4056,1.4141,1.4018,1.4058,1741647.0
1770287400000,1.4062,1.4081,1.3865,1.3875,2585651.0
1770288300000,1.3875,1.3882,1.3563,1.367,8459764.0
1770289200000,1.367,1.3817,1.358,1.3593,3765024.0
1770290100000,1.3599,1.3655,1.342,1.3466,6192232.0
1770291000000,1.3466,1.3798,1.3455,1.3729,3717912.0
1770291900000,1.3731,1.3742,1.3581,1.3643,2151411.0
1770292800000,1.3644,1.3767,1.3626,1.3673,2023218.0
1770293700000,1.3673,1.3732,1.3536,1.3686,3260001.0
1770294600000,1.3683,1.3753,1.3584,1.3623,1928665.0
1770295500000,1.3623,1.369,1.357,1.3645,2188256.0
1770296400000,1.3645,1.3691,1.3581,1.3583,1842651.0
1770297300000,1.3585,1.3588,1.3414,1.3459,2854680.0
1770298200000,1.3451,1.3592,1.3451,1.3523,1767539.0
1770299100000,1.3521,1.359,1.3486,1.3522,1060116.0
1770300000000,1.3522,1.3697,1.352,1.3587,2323067.0
1770300900000,1.3587,1.365,1.3526,1.362,1023319.0
1770301800000,1.362,1.3846,1.3584,1.3761,4563093.0
1770302700000,1.3755,1.3863,1.3532,1.3562,2880071.0
1770303600000,1.3562,1.3628,1.317,1.319,6721282.0
1770304500000,1.3192,1.3358,1.2816,1.2821,11828063.0
1770305400000,1.2821,1.3083,1.2676,1.2998,11258262.0
1770306300000,1.2996,1.3175,1.2841,1.2954,5108611.0
1770307200000,1.2956,1.2996,1.2788,1.2836,3611817.0
1770308100000,1.2838,1.311,1.281,1.2978,5069169.0
1770309000000,1.2978,1.3081,1.283,1.2847,2842419.0
1770309900000,1.2852,1.2982,1.2709,1.2796,5764285.0
1770310800000,1.2793,1.2828,1.2289,1.232,7536818.0
1770311700000,1.2325,1.2825,1.2164,1.2787,10890874.0
1770312600000,1.2782,1.2829,1.2593,1.2653,4356724.0
1770313500000,1.2653,1.2734,1.2479,1.2498,2902102.0
1770314400000,1.25,1.2575,1.241,1.2495,3459315.0
1770315300000,1.2497,1.2522,1.2177,1.2245,5329232.0
1770316200000,1.2243,1.2317,1.2157,1.2216,3564888.0
1770317100000,1.2218,1.2661,1.2177,1.26,4867017.0
1770318000000,1.2604,1.2625,1.2389,1.2433,3387817.0
1770318900000,1.2425,1.2555,1.227,1.2303,2647418.0
1770319800000,1.2312,1.238,1.2202,1.2236,2684797.0
1770320700000,1.2236,1.2266,1.2074,1.2126,4189006.0
1770321600000,1.2128,1.2234,1.1968,1.1969,4436755.0
1770322500000,1.1982,1.1991,1.137,1.1568,16857299.0
1770323400000,1.1566,1.2027,1.154,1.195,9272466.0
1770324300000,1.1952,1.2,1.1734,1.1904,5692700.0
1770325200000,1.19,1.207,1.1706,1.171,7527624.0
1770326100000,1.1708,1.1907,1.1503,1.182,5703621.0
1770327000000,1.182,1.1917,1.1641,1.1721,3482301.0
1770327900000,1.1713,1.1816,1.1504,1.1622,3693493.0
1770328800000,1.162,1.1886,1.1609,1.1785,4081646.0
1770329700000,1.1783,1.1984,1.1478,1.192,4792361.0
1770330600000,1.192,1.2056,1.1883,1.2048,3547700.0
1770331500000,1.2048,1.2358,1.204,1.2244,4897863.0
1770332400000,1.2244,1.264,1.2157,1.2558,6700286.0
1770333300000,1.2558,1.2618,1.2333,1.2455,3606139.0
1770334200000,1.2455,1.2515,1.2202,1.2217,4092020.0
1770335100000,1.2209,1.2296,1.2076,1.2136,3270364.0
1770336000000,1.2139,1.2174,1.1365,1.1474,10550152.0
1770336900000,1.1449,1.1719,1.1186,1.1531,25292668.0
1770337800000,1.153,1.2252,1.1494,1.2158,6826701.0
1770338700000,1.2161,1.2346,1.2011,1.2163,4326100.0
1770339600000,1.2163,1.2472,1.2129,1.2294,3687913.0
1770340500000,1.2299,1.2445,1.2274,1.242,2020738.0
1770341400000,1.2415,1.2584,1.2401,1.2546,2688108.0
1770342300000,1.2554,1.2917,1.2518,1.2783,5031527.0
1770343200000,1.2789,1.2846,1.2573,1.2603,3041279.0
1770344100000,1.2601,1.2644,1.2419,1.2521,2536783.0
1770345000000,1.2519,1.2758,1.2497,1.2687,2134774.0
1770345900000,1.2685,1.2702,1.2539,1.2603,1773356.0
1770346800000,1.2603,1.2719,1.2555,1.2583,1161006.0
1770347700000,1.2583,1.27,1.2554,1.2688,1111084.0
1770348600000,1.2688,1.2756,1.2654,1.2673,1217812.0
1770349500000,1.2671,1.2703,1.2575,1.2689,1187871.0
1770350400000,1.2687,1.275,1.2621,1.2729,1017896.0
1770351300000,1.2729,1.2899,1.2699,1.2836,1637617.0
1770352200000,1.2834,1.2847,1.2669,1.2749,2532751.0
1770353100000,1.2747,1.2815,1.2742,1.2802,804454.0
1770354000000,1.2804,1.3097,1.2774,1.3044,3179325.0
1770354900000,1.3039,1.3041,1.2885,1.2968,2287555.0
1770355800000,1.2968,1.3105,1.2966,1.3061,1743965.0
1770356700000,1.3061,1.3293,1.3026,1.3283,2910497.0
1770357600000,1.3281,1.334,1.3157,1.3196,2752262.0
1770358500000,1.3196,1.3297,1.3093,1.3144,2613015.0
1770359400000,1.3142,1.3171,1.3016,1.3073,2091732.0
1770360300000,1.3073,1.3118,1.3007,1.3023,1572433.0
1770361200000,1.3021,1.303,1.2885,1.295,2173379.0
1770362100000,1.295,1.2992,1.2875,1.2984,1261524.0
1770363000000,1.2982,1.3123,1.296,1.306,1635284.0
1770363900000,1.306,1.3076,1.2884,1.2911,1684600.0
1770364800000,1.2911,1.3019,1.2873,1.2998,1335781.0
1770365700000,1.2996,1.2998,1.2865,1.2885,1470263.0
1770366600000,1.2885,1.2951,1.2843,1.2907,1305274.0
1770367500000,1.2905,1.3083,1.2893,1.3018,1992387.0
1770368400000,1.3018,1.3023,1.2927,1.2954,1178591.0
1770369300000,1.2947,1.3143,1.2917,1.3129,2098735.0
1770370200000,1.3127,1.3295,1.3124,1.3225,2549362.0
1770371100000,1.3225,1.3298,1.3155,1.3284,2124041.0
1770372000000,1.3284,1.3405,1.3269,1.3356,2459579.0
1770372900000,1.3356,1.362,1.3354,1.3616,3469475.0
1770373800000,1.361,1.3869,1.3577,1.3766,6178652.0
1770374700000,1.3766,1.3813,1.3557,1.358,2892132.0
1770375600000,1.358,1.3624,1.3506,1.3624,1819275.0
1770376500000,1.3622,1.3655,1.3515,1.3557,1382186.0
1770377400000,1.3557,1.368,1.3535,1.3618,1809174.0
1770378300000,1.3618,1.3697,1.3564,1.3676,1072566.0
1770379200000,1.3674,1.3674,1.3562,1.3631,1761711.0
1770380100000,1.3633,1.3802,1.3593,1.3775,2024348.0
1770381000000,1.3775,1.382,1.3702,1.3713,1517183.0
1770381900000,1.3713,1.3815,1.3707,1.38,862966.0
1770382800000,1.3798,1.4094,1.3749,1.4066,3590679.0
1770383700000,1.4066,1.4069,1.3888,1.3983,3101597.0
1770384600000,1.3983,1.4388,1.3946,1.4333,3855179.0
1770385500000,1.4327,1.4375,1.4233,1.4271,3371883.0
1770386400000,1.4271,1.429,1.4035,1.416,3057731.0
1770387300000,1.4162,1.4264,1.4019,1.4129,2352539.0
1770388200000,1.4131,1.4566,1.4125,1.4531,5854510.0
1770389100000,1.4533,1.4848,1.4529,1.478,5123296.0
1770390000000,1.478,1.485,1.4619,1.4696,5215464.0
1770390900000,1.4698,1.4885,1.4677,1.4806,3490783.0
1770391800000,1.4813,1.5412,1.4799,1.5396,7560351.0
1770392700000,1.5394,1.5407,1.5027,1.5117,6718637.0
1770393600000,1.5114,1.5325,1.503,1.5212,4176170.0
1770394500000,1.5212,1.532,1.5111,1.517,2780214.0
1770395400000,1.517,1.5212,1.4977,1.5027,3545338.0
1770396300000,1.5029,1.5089,1.4854,1.4887,3608775.0
1770397200000,1.4887,1.4997,1.4804,1.4956,3319383.0
1770398100000,1.4958,1.5144,1.4919,1.5071,3782853.0
1770399000000,1.5069,1.5171,1.4917,1.4959,2972716.0
1770399900000,1.4961,1.504,1.4886,1.4931,2004290.0
1770400800000,1.494,1.4954,1.458,1.473,6035349.0
1770401700000,1.4732,1.4745,1.4503,1.4562,2707050.0
1770402600000,1.4564,1.4742,1.4534,1.465,2351278.0
1770403500000,1.4644,1.4693,1.4524,1.4563,1420750.0
1770404400000,1.4563,1.4655,1.4388,1.4405,2152251.0
1770405300000,1.4403,1.4569,1.437,1.4484,2174682.0
1770406200000,1.4478,1.4547,1.4399,1.4484,1279538.0
1770407100000,1.4482,1.4597,1.4472,1.4563,1680818.0
1770408000000,1.4554,1.4598,1.4444,1.4477,1273280.0
1770408900000,1.4479,1.4528,1.4411,1.4504,975892.0
1770409800000,1.4502,1.4627,1.4472,1.4552,1772990.0
1770410700000,1.4556,1.4613,1.4374,1.4479,1704832.0
1770411600000,1.4476,1.4538,1.4391,1.4511,1949336.0
1770412500000,1.4509,1.4645,1.4457,1.4613,1096780.0
1770413400000,1.4615,1.4618,1.4462,1.4538,1672573.0
1770414300000,1.4528,1.4605,1.4498,1.4567,722050.0
1770415200000,1.4575,1.4657,1.4539,1.4602,1164826.0
1770416100000,1.4602,1.473,1.4578,1.4711,1274425.0
1770417000000,1.4709,1.4885,1.4709,1.4788,2540480.0
1770417900000,1.4786,1.4884,1.474,1.4882,1368837.0
1770418800000,1.4882,1.4967,1.4759,1.4773,2828346.0
1770419700000,1.4773,1.4775,1.4639,1.4656,1574357.0
1770420600000,1.4656,1.4779,1.4649,1.4682,1019481.0
1770421500000,1.4684,1.4741,1.4638,1.4682,789832.0
1770422400000,1.468,1.4808,1.4461,1.4777,3994311.0
1770423300000,1.4779,1.4865,1.4545,1.4569,2764313.0
1770424200000,1.4569,1.4615,1.4479,1.4491,1693167.0
1770425100000,1.4489,1.4661,1.4445,1.4577,2151375.0
1770426000000,1.4577,1.4582,1.4325,1.4342,2522051.0
1770426900000,1.4344,1.452,1.4326,1.4482,1619756.0
1770427800000,1.4482,1.457,1.4438,1.4514,1249278.0
1770428700000,1.4514,1.476,1.4514,1.4675,2397681.0
1770429600000,1.467,1.4696,1.4572,1.4621,1531316.0
1770430500000,1.4619,1.4712,1.4588,1.4706,603794.0
1770431400000,1.4706,1.4727,1.4615,1.4621,736901.0
1770432300000,1.4617,1.4617,1.4546,1.4595,756677.0
1770433200000,1.4597,1.4772,1.4575,1.4754,1518858.0
1770434100000,1.4754,1.4842,1.4686,1.4842,1050113.0
1770435000000,1.4839,1.4842,1.4727,1.4789,1103549.0
1770435900000,1.4793,1.4793,1.4678,1.4726,1124329.0
1770436800000,1.4724,1.4768,1.4661,1.4752,1122198.0
1770437700000,1.4752,1.484,1.4663,1.4702,1712418.0
1770438600000,1.4702,1.4747,1.4507,1.4525,1536409.0
1770439500000,1.4527,1.463,1.4525,1.4605,1004090.0
1770440400000,1.4605,1.466,1.4569,1.462,797259.0
1770441300000,1.462,1.4689,1.4518,1.4525,1462721.0
1770442200000,1.4523,1.4593,1.4512,1.457,1164849.0
1770443100000,1.457,1.4614,1.4523,1.4587,1062560.0
1770444000000,1.4585,1.4636,1.4549,1.4619,1184115.0
1770444900000,1.4619,1.466,1.4516,1.4619,1862195.0
1770445800000,1.4616,1.4687,1.4598,1.4633,951333.0
1770446700000,1.4635,1.4635,1.4332,1.4332,3170124.0
1770447600000,1.4334,1.4459,1.4194,1.4195,5153002.0
1770448500000,1.4195,1.4249,1.4061,1.422,5889676.0
1770449400000,1.422,1.4296,1.4069,1.422,3194247.0
1770450300000,1.422,1.422,1.4117,1.4129,2066795.0
1770451200000,1.4131,1.4156,1.4065,1.411,1915003.0
1770452100000,1.4112,1.4199,1.4029,1.413,2031997.0
1770453000000,1.413,1.4234,1.4128,1.4182,1926193.0
1770453900000,1.4182,1.4279,1.4181,1.4229,1410193.0
1770454800000,1.4229,1.4263,1.4179,1.4255,1511851.0
1770455700000,1.4258,1.4258,1.4138,1.4156,1669330.0
1770456600000,1.4159,1.417,1.4061,1.4095,1737241.0
1770457500000,1.4095,1.4138,1.4055,1.4127,1326470.0
1770458400000,1.4125,1.4174,1.408,1.4132,1166655.0
1770459300000,1.414,1.414,1.4047,1.405,1569390.0
1770460200000,1.4054,1.4075,1.3874,1.3917,4817979.0
1770461100000,1.3917,1.4016,1.3857,1.3989,2356084.0
1770462000000,1.3987,1.4024,1.3932,1.3942,1192537.0
1770462900000,1.3936,1.3966,1.3884,1.3894,1290202.0
1770463800000,1.3896,1.3945,1.3861,1.3888,985758.0
1770464700000,1.3886,1.3933,1.385,1.3916,1556163.0
1770465600000,1.3919,1.4181,1.3904,1.4141,5598508.0
1770466500000,1.4141,1.4397,1.4109,1.4208,6250362.0
1770467400000,1.4208,1.4326,1.4143,1.4144,3010787.0
1770468300000,1.4147,1.4237,1.4135,1.4174,1961503.0
1770469200000,1.4174,1.4237,1.4083,1.4103,2343320.0
1770470100000,1.4105,1.4148,1.4062,1.4114,1453658.0
1770471000000,1.4114,1.412,1.3949,1.3989,2084496.0
1770471900000,1.3989,1.4046,1.3982,1.4033,1045743.0
1770472800000,1.4031,1.4096,1.4004,1.402,1227824.0
1770473700000,1.402,1.4086,1.3967,1.404,1175788.0
1770474600000,1.4034,1.406,1.391,1.4008,2431199.0
1770475500000,1.401,1.4017,1.3917,1.3994,1588502.0
1770476400000,1.3995,1.4094,1.397,1.4076,1647035.0
1770477300000,1.4076,1.4195,1.4058,1.4116,2718656.0
1770478200000,1.4114,1.4184,1.4046,1.4074,1341705.0
1770479100000,1.4074,1.4114,1.4051,1.4099,824658.0
1770480000000,1.4093,1.4341,1.4051,1.42,22072650.0
1770480900000,1.4208,1.435,1.4145,1.4173,11430763.0
1770481800000,1.4171,1.4269,1.4121,1.4212,1004687.0
1770482700000,1.421,1.4228,1.4141,1.4179,1128610.0
1770483600000,1.4179,1.4214,1.409,1.4129,891982.0
1770484500000,1.4129,1.4248,1.4102,1.4232,1187047.0
1770485400000,1.424,1.4295,1.418,1.4226,901412.0
1770486300000,1.4223,1.4242,1.4195,1.4238,499124.0
1770487200000,1.4238,1.4286,1.423,1.4249,668384.0
1770488100000,1.4249,1.4375,1.4247,1.437,1143998.0
1770489000000,1.437,1.4458,1.4343,1.4416,2125906.0
1770489900000,1.4416,1.4476,1.4385,1.44,1140165.0
1770490800000,1.44,1.4402,1.4306,1.4338,1078361.0
1770491700000,1.4338,1.439,1.4307,1.4367,597213.0
1770492600000,1.4367,1.4367,1.4279,1.4301,779631.0
1770493500000,1.4301,1.4331,1.4275,1.4296,375168.0
1770494400000,1.4298,1.4339,1.4284,1.4304,488498.0
1770495300000,1.4304,1.4337,1.4265,1.4329,429047.0
1770496200000,1.4329,1.4392,1.4306,1.435,530749.0
1770497100000,1.4347,1.4403,1.4317,1.4355,895337.0
1770498000000,1.4355,1.438,1.4301,1.4335,556993.0
1770498900000,1.4337,1.4368,1.4305,1.4332,405350.0
1770499800000,1.433,1.4363,1.4312,1.4312,464372.0
1770500700000,1.4312,1.4314,1.4267,1.4283,861038.0
1770501600000,1.4281,1.4324,1.4232,1.4272,675620.0
1770502500000,1.4278,1.4285,1.4218,1.4281,465481.0
1770503400000,1.4283,1.43,1.4258,1.4275,303658.0
1770504300000,1.4275,1.4277,1.4197,1.4215,694899.0
1770505200000,1.4217,1.4239,1.4125,1.4186,1158985.0
1770506100000,1.4191,1.4215,1.4133,1.4207,681068.0
1770507000000,1.4205,1.4242,1.4188,1.4233,446507.0
1770507900000,1.4231,1.4272,1.4216,1.422,491896.0
1770508800000,1.422,1.428,1.42,1.4262,565740.0
1770509700000,1.426,1.4262,1.4146,1.4179,738233.0
1770510600000,1.4181,1.4219,1.414,1.416,553665.0
1770511500000,1.416,1.4214,1.414,1.4195,665554.0
1770512400000,1.4195,1.4325,1.4189,1.4323,1007408.0
1770513300000,1.4321,1.4321,1.4258,1.4273,706209.0
1770514200000,1.4277,1.4367,1.4261,1.432,940143.0
1770515100000,1.432,1.4341,1.4283,1.4315,707734.0
1770516000000,1.4315,1.4388,1.4291,1.4358,734436.0
1770516900000,1.436,1.4406,1.4315,1.4336,1365958.0
1770517800000,1.4338,1.4364,1.4243,1.4265,1207951.0
1770518700000,1.4265,1.4292,1.4236,1.4291,641253.0
1770519600000,1.4291,1.4323,1.4239,1.4271,519306.0
1770520500000,1.4273,1.43,1.4245,1.4247,321294.0
1770521400000,1.4245,1.4279,1.4195,1.4202,578049.0
1770522300000,1.4203,1.4214,1.4126,1.4157,946964.0
1770523200000,1.4159,1.4186,1.4122,1.413,481542.0
1770524100000,1.4133,1.4205,1.4088,1.4192,1157301.0
1770525000000,1.4192,1.421,1.414,1.4179,380246.0
1770525900000,1.4179,1.4225,1.4164,1.4224,351067.0
1770526800000,1.4222,1.4249,1.4199,1.4242,542241.0
1770527700000,1.4242,1.425,1.4209,1.4224,304667.0
1770528600000,1.4222,1.4224,1.4173,1.4174,311327.0
1770529500000,1.4176,1.4187,1.4153,1.4175,392884.0
1770530400000,1.4177,1.419,1.4131,1.4182,380591.0
1770531300000,1.4184,1.4212,1.4167,1.419,453840.0
1770532200000,1.419,1.419,1.4137,1.415,317545.0
1770533100000,1.4148,1.4174,1.413,1.4151,279151.0
1770534000000,1.4151,1.4185,1.4123,1.4177,704198.0
1770534900000,1.4179,1.4192,1.411,1.4166,784092.0
1770535800000,1.4164,1.4196,1.4134,1.4161,629045.0
1770536700000,1.4161,1.4205,1.4153,1.4201,503839.0
1770537600000,1.4201,1.4286,1.4185,1.4219,1492073.0
1770538500000,1.4219,1.4392,1.4183,1.4363,1926078.0
1770539400000,1.4363,1.4623,1.4332,1.4425,4451757.0
1770540300000,1.443,1.4542,1.4415,1.4529,1461504.0
1770541200000,1.4529,1.4545,1.4428,1.4448,1555843.0
1770542100000,1.4448,1.4496,1.4423,1.4489,612241.0
1770543000000,1.4489,1.4573,1.436,1.436,1903886.0
1770543900000,1.4361,1.441,1.4329,1.4372,1100552.0
1770544800000,1.4374,1.445,1.4372,1.4406,800591.0
1770545700000,1.441,1.4442,1.4245,1.4288,1987616.0
1770546600000,1.4288,1.435,1.4273,1.4317,710883.0
1770547500000,1.4317,1.4343,1.4291,1.4298,439594.0
1770548400000,1.4303,1.4412,1.4294,1.4412,906917.0
1770549300000,1.4412,1.446,1.4365,1.4386,978213.0
1770550200000,1.4384,1.4483,1.4369,1.4432,1289661.0
1770551100000,1.4432,1.4518,1.4417,1.4512,1450698.0
1770552000000,1.4512,1.4532,1.4438,1.445,1097017.0
1770552900000,1.4448,1.4519,1.4426,1.4518,650779.0
1770553800000,1.4516,1.4516,1.4421,1.4443,743767.0
1770554700000,1.4446,1.4557,1.4431,1.4554,1163213.0
1770555600000,1.4548,1.4589,1.449,1.4509,1937072.0
1770556500000,1.4507,1.468,1.4495,1.463,2210715.0
1770557400000,1.463,1.4636,1.4559,1.4576,1760210.0
1770558300000,1.4576,1.4629,1.4571,1.4608,955655.0
1770559200000,1.4606,1.4671,1.4598,1.4629,1548216.0
1770560100000,1.4629,1.4648,1.4566,1.4576,1377295.0
1770561000000,1.4576,1.4667,1.4576,1.4612,1072869.0
1770561900000,1.4612,1.4645,1.4584,1.4605,867246.0
1770562800000,1.4607,1.4625,1.4521,1.4541,1393327.0
1770563700000,1.4539,1.4541,1.4332,1.4353,3070880.0
1770564600000,1.4355,1.4424,1.4342,1.4393,1597638.0
1770565500000,1.4391,1.4398,1.4293,1.4393,1401941.0
1770566400000,1.4391,1.4417,1.4353,1.4378,1016956.0
1770567300000,1.4378,1.4446,1.4376,1.4407,790304.0
1770568200000,1.4409,1.4409,1.4215,1.423,1773438.0
1770569100000,1.423,1.4238,1.4089,1.4176,3535892.0
1770570000000,1.4174,1.4274,1.4169,1.4253,1526759.0
1770570900000,1.4253,1.4337,1.4224,1.4249,1274781.0
1770571800000,1.4256,1.4345,1.4256,1.4319,921286.0
1770572700000,1.4317,1.4321,1.427,1.4296,492563.0
1770573600000,1.4296,1.4369,1.4295,1.4315,691827.0
1770574500000,1.4312,1.4328,1.4281,1.43,621440.0
1770575400000,1.43,1.4516,1.4297,1.4442,2123907.0
1770576300000,1.4442,1.4475,1.438,1.438,754488.0
1770577200000,1.438,1.4435,1.4377,1.4416,682583.0
1770578100000,1.4418,1.4475,1.4409,1.4451,777991.0
1770579000000,1.4453,1.4475,1.442,1.4475,443840.0
1770579900000,1.448,1.4503,1.443,1.4488,760695.0
1770580800000,1.4493,1.4493,1.4358,1.4389,959611.0
1770581700000,1.4389,1.4443,1.4377,1.4413,472952.0
1770582600000,1.4413,1.443,1.439,1.4398,335002.0
1770583500000,1.44,1.441,1.4331,1.4362,818903.0
1770584400000,1.436,1.4395,1.4336,1.4387,440822.0
1770585300000,1.4387,1.4399,1.4357,1.4366,292385.0
1770586200000,1.4364,1.4371,1.423,1.4256,1199386.0
1770587100000,1.4256,1.4313,1.4236,1.4261,635362.0
1770588000000,1.4263,1.4307,1.4246,1.4294,426268.0
1770588900000,1.4294,1.4342,1.4285,1.4307,545818.0
1770589800000,1.4305,1.4307,1.4236,1.4291,373056.0
1770590700000,1.4291,1.4358,1.4288,1.434,772396.0
1770591600000,1.4342,1.4624,1.4331,1.4455,4247058.0
1770592500000,1.4455,1.45,1.4231,1.4261,2876705.0
1770593400000,1.4259,1.4332,1.4219,1.4323,2538687.0
1770594300000,1.4323,1.4397,1.4285,1.4303,1220853.0
1770595200000,1.4299,1.4361,1.4279,1.4358,948706.0
1770596100000,1.4358,1.4406,1.4296,1.4302,800221.0
1770597000000,1.4302,1.4335,1.424,1.4268,1002518.0
1770597900000,1.427,1.4333,1.424,1.4324,484677.0
1770598800000,1.4317,1.4338,1.425,1.4268,532750.0
1770599700000,1.427,1.4436,1.4249,1.4354,1588157.0
1770600600000,1.436,1.4372,1.4192,1.4222,1962889.0
1770601500000,1.4219,1.4266,1.4185,1.4232,1643065.0
1770602400000,1.423,1.4326,1.4195,1.4271,1218608.0
1770603300000,1.4273,1.4292,1.4256,1.4289,465001.0
1770604200000,1.4291,1.4528,1.4284,1.4454,2076156.0
1770605100000,1.4454,1.4475,1.4407,1.4414,996684.0
1770606000000,1.4414,1.4456,1.4398,1.4407,528553.0
1770606900000,1.4405,1.4473,1.4405,1.4447,526553.0
1770607800000,1.4447,1.453,1.4447,1.4501,1023524.0
1770608700000,1.4499,1.4535,1.4478,1.4517,781803.0
1770609600000,1.4511,1.4516,1.4447,1.4457,784465.0
1770610500000,1.4457,1.4519,1.4445,1.4504,416276.0
1770611400000,1.4506,1.4506,1.4432,1.4449,394169.0
1770612300000,1.4449,1.4487,1.4435,1.4474,315791.0
1770613200000,1.4472,1.4475,1.4403,1.4408,496804.0
1770614100000,1.4408,1.4465,1.4404,1.4462,378692.0
1770615000000,1.4462,1.4547,1.4459,1.4486,809285.0
1770615900000,1.4486,1.4511,1.4465,1.4505,348282.0
1770616800000,1.4502,1.4505,1.4388,1.4419,1155143.0
1770617700000,1.4421,1.4421,1.4275,1.4292,2268614.0
1770618600000,1.4294,1.4344,1.4271,1.4306,989254.0
1770619500000,1.4304,1.4355,1.4297,1.4348,917659.0
1770620400000,1.435,1.4384,1.4308,1.4372,494405.0
1770621300000,1.4374,1.4374,1.4313,1.4328,506296.0
1770622200000,1.433,1.4335,1.4237,1.4243,1401332.0
1770623100000,1.4241,1.4259,1.4201,1.4245,1137951.0
1770624000000,1.4245,1.4288,1.4207,1.4264,798118.0
1770624900000,1.4262,1.4267,1.4122,1.4135,1893209.0
1770625800000,1.4135,1.4141,1.4004,1.4086,4142520.0
1770626700000,1.4088,1.4102,1.405,1.4065,936929.0
1770627600000,1.4063,1.4112,1.4061,1.407,978996.0
1770628500000,1.407,1.4076,1.4008,1.4027,1262786.0
1770629400000,1.4027,1.4041,1.393,1.3964,1996529.0
1770630300000,1.3962,1.4009,1.3949,1.398,1139306.0
1770631200000,1.3978,1.4056,1.3958,1.401,1447314.0
1770632100000,1.4008,1.4018,1.3851,1.3858,3443217.0
1770633000000,1.3861,1.3865,1.3721,1.3761,4957475.0
1770633900000,1.3763,1.3834,1.3743,1.3824,2713130.0
1770634800000,1.3824,1.3952,1.3822,1.3848,2605003.0
1770635700000,1.3846,1.395,1.3823,1.3931,1750100.0
1770636600000,1.3929,1.3964,1.3907,1.3919,879506.0
1770637500000,1.3919,1.3929,1.387,1.3921,941445.0
1770638400000,1.3923,1.4078,1.3922,1.4059,2262514.0
1770639300000,1.4059,1.4059,1.4023,1.4035,1735859.0
1770640200000,1.4033,1.4143,1.3996,1.4098,2247885.0
1770641100000,1.4098,1.4103,1.4045,1.4075,1122458.0
1770642000000,1.4075,1.4113,1.4036,1.4087,892795.0
1770642900000,1.4089,1.4093,1.4032,1.4055,636841.0
1770643800000,1.4058,1.4058,1.3995,1.4003,1290945.0
1770644700000,1.4003,1.4024,1.3948,1.3948,1375418.0
1770645600000,1.395,1.4035,1.3945,1.4021,1634778.0
1770646500000,1.4021,1.4083,1.3964,1.406,1388447.0
1770647400000,1.4067,1.4371,1.4012,1.4262,3518229.0
1770648300000,1.4255,1.4375,1.4246,1.4302,2083980.0
1770649200000,1.4304,1.4441,1.4285,1.4313,2347063.0
1770650100000,1.4313,1.4342,1.42,1.4238,1822629.0
1770651000000,1.4236,1.4487,1.4236,1.445,2438522.0
1770651900000,1.4446,1.448,1.4369,1.4458,1518706.0
1770652800000,1.4458,1.4489,1.4353,1.4378,1374602.0
1770653700000,1.4378,1.4476,1.4354,1.4471,900956.0
1770654600000,1.4471,1.453,1.4413,1.4518,1554861.0
1770655500000,1.4516,1.4634,1.4493,1.4507,3059248.0
1770656400000,1.4507,1.4534,1.4337,1.4357,1853137.0
1770657300000,1.4354,1.4401,1.4326,1.4373,1172714.0
1770658200000,1.4373,1.4557,1.4367,1.4522,2296136.0
1770659100000,1.4524,1.4545,1.4451,1.4496,1457513.0
1770660000000,1.4498,1.4586,1.4429,1.4443,1343671.0
1770660900000,1.4441,1.4458,1.4364,1.441,1604829.0
1770661800000,1.441,1.445,1.4381,1.4424,929082.0
1770662700000,1.4424,1.4465,1.4372,1.4426,646539.0
1770663600000,1.4427,1.4481,1.4407,1.4446,676141.0
1770664500000,1.4448,1.4469,1.4418,1.4455,443005.0
1770665400000,1.4455,1.4515,1.4444,1.4487,780973.0
1770666300000,1.4487,1.4549,1.448,1.4521,974889.0
1770667200000,1.4521,1.456,1.4489,1.4504,1143894.0
1770668100000,1.4506,1.4511,1.4432,1.4451,887732.0
1770669000000,1.4451,1.4524,1.4442,1.4516,528140.0
1770669900000,1.4516,1.4559,1.4498,1.4538,409969.0
1770670800000,1.4535,1.4578,1.4469,1.4471,1042982.0
1770671700000,1.4471,1.4549,1.4437,1.4507,871753.0
1770672600000,1.4509,1.4516,1.4391,1.4425,1152651.0
1770673500000,1.4425,1.4564,1.438,1.4501,1231094.0
1770674400000,1.4503,1.4517,1.4463,1.4497,526244.0
1770675300000,1.4499,1.45,1.4441,1.4472,580880.0
1770676200000,1.4472,1.4491,1.4446,1.4459,281784.0
1770677100000,1.4461,1.4482,1.4422,1.4435,388841.0
1770678000000,1.4435,1.4479,1.4406,1.4428,821595.0
1770678900000,1.443,1.4437,1.4387,1.4397,535152.0
1770679800000,1.4397,1.443,1.4391,1.4413,292534.0
1770680700000,1.4413,1.4413,1.4342,1.436,542795.0
1770681600000,1.436,1.4406,1.4348,1.4406,544974.0
1770682500000,1.4404,1.441,1.4358,1.438,338303.0
1770683400000,1.4382,1.441,1.4354,1.4379,334560.0
1770684300000,1.4381,1.4389,1.433,1.4363,520120.0
1770685200000,1.4363,1.4462,1.4356,1.4451,782807.0
1770686100000,1.4449,1.4524,1.4427,1.4499,791498.0
1770687000000,1.4501,1.4509,1.4456,1.4477,663117.0
1770687900000,1.4477,1.4496,1.4451,1.4476,296827.0
1770688800000,1.4474,1.448,1.4431,1.4456,256679.0
1770689700000,1.4456,1.449,1.4436,1.4436,1065787.0
1770690600000,1.4437,1.447,1.4433,1.4436,686807.0
1770691500000,1.4438,1.4475,1.4423,1.4464,257736.0
1770692400000,1.4464,1.4501,1.4402,1.4471,542584.0
1770693300000,1.4464,1.4474,1.4364,1.4367,1307466.0
1770694200000,1.4365,1.4365,1.4275,1.4315,1794098.0
1770695100000,1.4313,1.4355,1.4309,1.4343,525734.0
1770696000000,1.4343,1.4497,1.4335,1.4489,985658.0
1770696900000,1.4489,1.4514,1.442,1.447,1105962.0
1770697800000,1.447,1.4474,1.4426,1.4444,244820.0
1770698700000,1.4444,1.4499,1.4429,1.4468,589255.0
1770699600000,1.4468,1.4477,1.4442,1.4462,2584764.0
1770700500000,1.4462,1.4462,1.4416,1.4422,302914.0
1770701400000,1.4422,1.4484,1.4393,1.4404,568739.0
1770702300000,1.4404,1.4415,1.4362,1.441,639657.0
1770703200000,1.441,1.4414,1.4376,1.4395,935991.0
1770704100000,1.4395,1.4408,1.4316,1.4329,653870.0
1770705000000,1.4331,1.4359,1.4276,1.4287,1890568.0
1770705900000,1.4287,1.4288,1.4134,1.4192,3031999.0
1770706800000,1.4194,1.4277,1.4192,1.4236,1207115.0
1770707700000,1.4236,1.4241,1.4192,1.4241,639905.0
1770708600000,1.4241,1.4255,1.4214,1.4224,370787.0
1770709500000,1.4224,1.4237,1.4196,1.4215,613546.0
1770710400000,1.4215,1.4229,1.4161,1.4175,495266.0
1770711300000,1.4173,1.4265,1.4139,1.4238,1060201.0
1770712200000,1.424,1.4263,1.4188,1.423,707395.0
1770713100000,1.423,1.432,1.423,1.4284,856509.0
1770714000000,1.4284,1.435,1.4273,1.4293,902349.0
1770714900000,1.4295,1.4312,1.4267,1.4279,790934.0
1770715800000,1.4277,1.4298,1.4255,1.4262,1178339.0
1770716700000,1.4267,1.4276,1.4155,1.42,1933970.0
1770717600000,1.42,1.421,1.4171,1.4198,368535.0
1770718500000,1.4198,1.4224,1.4163,1.4218,1156958.0
1770719400000,1.4218,1.422,1.4156,1.4165,494465.0
1770720300000,1.4165,1.418,1.4141,1.4152,753067.0
1770721200000,1.415,1.4153,1.4109,1.4145,1034969.0
1770722100000,1.4145,1.4158,1.413,1.4148,949624.0
1770723000000,1.4148,1.4186,1.4073,1.4103,924771.0
1770723900000,1.4103,1.4132,1.4056,1.4069,1692417.0
1770724800000,1.4067,1.4125,1.4053,1.4053,1395856.0
1770725700000,1.4053,1.4106,1.405,1.4105,681391.0
1770726600000,1.4105,1.4127,1.4055,1.4066,730579.0
1770727500000,1.4069,1.4095,1.4045,1.4079,423891.0
1770728400000,1.4079,1.4083,1.4022,1.4064,1447028.0
1770729300000,1.4066,1.4108,1.4047,1.408,790491.0
1770730200000,1.408,1.416,1.4063,1.4152,1464891.0
1770731100000,1.4152,1.4158,1.4107,1.4138,787234.0
1770732000000,1.414,1.4146,1.4097,1.4122,521020.0
1770732900000,1.4122,1.4244,1.412,1.4126,2298866.0
1770733800000,1.4126,1.4186,1.3923,1.4001,3560973.0
1770734700000,1.4001,1.4057,1.3929,1.4019,2157244.0
1770735600000,1.4019,1.4136,1.3968,1.4009,1983567.0
1770736500000,1.4007,1.4121,1.3981,1.4082,1212996.0
1770737400000,1.408,1.4125,1.4032,1.4086,1025092.0
1770738300000,1.4088,1.4122,1.4043,1.4056,619316.0
1770739200000,1.406,1.4164,1.3986,1.4154,975603.0
1770740100000,1.4154,1.4174,1.4071,1.4113,710272.0
1770741000000,1.4113,1.4196,1.409,1.4175,569261.0
1770741900000,1.4173,1.4189,1.4114,1.4151,389699.0
1770742800000,1.4152,1.4195,1.4126,1.4162,299084.0
1770743700000,1.4162,1.4225,1.4137,1.4211,511680.0
1770744600000,1.4209,1.4283,1.4187,1.4243,600466.0
1770745500000,1.4241,1.4259,1.4208,1.4237,269767.0
1770746400000,1.4237,1.425,1.4156,1.4163,452043.0
1770747300000,1.4163,1.4198,1.4014,1.402,743693.0
1770748200000,1.402,1.4067,1.3981,1.4018,601126.0
1770749100000,1.4018,1.4036,1.3931,1.4013,638760.0
1770750000000,1.4013,1.4037,1.3963,1.4035,352293.0
1770750900000,1.4039,1.4048,1.3985,1.4019,289338.0
1770751800000,1.4022,1.4084,1.4009,1.4053,429352.0
1770752700000,1.4053,1.4066,1.3988,1.4,294697.0
1770753600000,1.4,1.4016,1.3965,1.3973,275882.0
1770754500000,1.3971,1.4006,1.3956,1.3962,267526.0
1770755400000,1.3962,1.4001,1.3914,1.3999,643510.0
1770756300000,1.3999,1.4009,1.3953,1.396,310468.0
1770757200000,1.396,1.4013,1.3955,1.3973,459495.0
1770758100000,1.3972,1.4008,1.3954,1.3956,189706.0
1770759000000,1.3954,1.3957,1.3912,1.3938,405393.0
1770759900000,1.3938,1.398,1.3931,1.3933,234504.0
1770760800000,1.3939,1.3977,1.3924,1.3935,207847.0
1770761700000,1.3935,1.3983,1.3935,1.3975,184883.0
1770762600000,1.3973,1.4041,1.3969,1.4019,245211.0
1770763500000,1.4019,1.4019,1.3978,1.3992,291708.0
1770764400000,1.3992,1.4004,1.3951,1.3959,287080.0
1770765300000,1.3959,1.3978,1.3945,1.3964,155937.0
1770766200000,1.3956,1.4005,1.395,1.4004,125551.0
1770767100000,1.4002,1.4008,1.3982,1.399,159102.0
1770768000000,1.3988,1.4022,1.3983,1.3985,327024.0
1770768900000,1.3985,1.406,1.3985,1.4043,425755.0
1770769800000,1.4043,1.4079,1.403,1.4064,297556.0
1770770700000,1.4064,1.4123,1.4054,1.4095,368572.0
1770771600000,1.409,1.4116,1.4057,1.4092,331974.0
1770772500000,1.4094,1.4113,1.4066,1.4084,234569.0
1770773400000,1.4084,1.4137,1.4084,1.4122,298295.0
1770774300000,1.4122,1.4129,1.4087,1.4095,214693.0
1770775200000,1.4093,1.4184,1.4093,1.4137,470535.0
1770776100000,1.4137,1.4194,1.4137,1.419,229187.0
1770777000000,1.419,1.4195,1.4142,1.4142,179555.0
1770777900000,1.414,1.4141,1.4089,1.4096,430704.0
1770778800000,1.4096,1.4106,1.4046,1.4047,315448.0
1770779700000,1.4052,1.4056,1.3932,1.4026,1148701.0
1770780600000,1.4022,1.4101,1.4006,1.4081,326165.0
1770781500000,1.4083,1.4086,1.4027,1.4032,275212.0
1770782400000,1.4032,1.4081,1.4008,1.4012,777017.0
1770783300000,1.4014,1.4039,1.3934,1.3941,706189.0
1770784200000,1.3943,1.3953,1.3808,1.385,1666752.0
1770785100000,1.3847,1.3875,1.3794,1.3835,659358.0
1770786000000,1.3835,1.3916,1.3833,1.3878,470831.0
1770786900000,1.388,1.3908,1.3836,1.3851,337952.0
1770787800000,1.3853,1.3863,1.3757,1.3762,862649.0
1770788700000,1.3762,1.3785,1.3737,1.3751,631050.0
1770789600000,1.3751,1.3771,1.3598,1.3618,1894999.0
1770790500000,1.3617,1.3733,1.3573,1.3728,2263171.0
1770791400000,1.3728,1.3734,1.3654,1.3654,627259.0
1770792300000,1.3656,1.3656,1.358,1.3591,633626.0
1770793200000,1.3591,1.3649,1.3577,1.3606,764113.0
1770794100000,1.361,1.3658,1.3591,1.3648,453096.0
1770795000000,1.3648,1.3698,1.3634,1.3671,575726.0
1770795900000,1.3676,1.3724,1.3656,1.3656,482395.0
1770796800000,1.3657,1.3678,1.3602,1.3627,831714.0
1770797700000,1.3629,1.3689,1.3614,1.3669,463996.0
1770798600000,1.3667,1.3714,1.3651,1.3704,459839.0
1770799500000,1.3702,1.371,1.3646,1.3661,305574.0
1770800400000,1.3663,1.3686,1.3621,1.3644,589029.0
1770801300000,1.3642,1.3657,1.3612,1.3648,501706.0
1770802200000,1.3648,1.3676,1.3581,1.3592,452573.0
1770803100000,1.359,1.361,1.3558,1.3609,748080.0
1770804000000,1.3607,1.362,1.3571,1.358,399747.0
1770804900000,1.358,1.364,1.358,1.3624,476629.0
1770805800000,1.3624,1.3629,1.3547,1.3596,721292.0
1770806700000,1.3594,1.3626,1.3554,1.3607,555239.0
1770807600000,1.3609,1.3654,1.3605,1.3634,602886.0
1770808500000,1.3634,1.3776,1.3615,1.3758,1297034.0
1770809400000,1.3756,1.3758,1.3711,1.3711,637811.0
1770810300000,1.3711,1.3799,1.3709,1.3779,761392.0
1770811200000,1.3779,1.3787,1.3723,1.3733,621561.0
1770812100000,1.3735,1.3785,1.3709,1.3755,396342.0
1770813000000,1.3755,1.3757,1.3709,1.3715,330881.0
1770813900000,1.3717,1.3736,1.3698,1.3719,275555.0
1770814800000,1.3717,1.3734,1.3643,1.3665,646404.0
1770815700000,1.3665,1.3672,1.36,1.363,641327.0
1770816600000,1.3632,1.3805,1.3622,1.3686,2736041.0
1770817500000,1.3688,1.3773,1.3617,1.3752,931503.0
1770818400000,1.375,1.4084,1.375,1.4016,3115832.0
1770819300000,1.4018,1.4045,1.3874,1.3891,1664512.0
1770820200000,1.3893,1.3952,1.369,1.3742,2314863.0
1770821100000,1.3742,1.3771,1.3575,1.3609,1966578.0
1770822000000,1.361,1.369,1.3456,1.353,3419591.0
1770822900000,1.3532,1.3592,1.3452,1.3503,1796632.0
1770823800000,1.3501,1.3603,1.3478,1.3591,1375122.0
1770824700000,1.3593,1.3614,1.3465,1.3536,1203958.0
1770825600000,1.3534,1.369,1.35,1.3669,994697.0
1770826500000,1.3667,1.3682,1.355,1.3558,848054.0
1770827400000,1.3555,1.3577,1.3487,1.352,928779.0
1770828300000,1.3517,1.3543,1.3429,1.3445,1066408.0
1770829200000,1.3443,1.3534,1.3409,1.3512,1094659.0
1770830100000,1.3512,1.3762,1.3512,1.3759,1558352.0
1770831000000,1.3759,1.3798,1.3708,1.3726,1260947.0
1770831900000,1.3724,1.3762,1.3688,1.3695,678890.0
1770832800000,1.3697,1.3715,1.3612,1.3694,750017.0
1770833700000,1.3696,1.3842,1.3694,1.3805,938730.0
1770834600000,1.3805,1.381,1.3759,1.3779,450135.0
1770835500000,1.3777,1.381,1.3747,1.3777,410740.0
1770836400000,1.3779,1.3862,1.3756,1.3821,607354.0
1770837300000,1.3823,1.3829,1.3748,1.3748,373194.0
1770838200000,1.375,1.3836,1.3713,1.3834,456532.0
1770839100000,1.3834,1.3837,1.377,1.3781,325925.0
1770840000000,1.3781,1.3823,1.3754,1.3821,494361.0
1770840900000,1.3821,1.3856,1.3742,1.3752,574200.0
1770841800000,1.3757,1.3824,1.3743,1.379,336516.0
1770842700000,1.3788,1.3855,1.3777,1.3806,319499.0
1770843600000,1.3806,1.3828,1.3786,1.38,289617.0
1770844500000,1.38,1.392,1.38,1.3905,767736.0
1770845400000,1.3907,1.3969,1.3878,1.3883,804077.0
1770846300000,1.3883,1.3894,1.3824,1.3827,488537.0
1770847200000,1.3825,1.3839,1.3756,1.378,427776.0
1770848100000,1.3779,1.3794,1.3733,1.3779,246444.0
1770849000000,1.3777,1.3791,1.3726,1.3759,443557.0
1770849900000,1.3761,1.3761,1.3694,1.371,235414.0
1770850800000,1.3713,1.3722,1.365,1.3672,414064.0
1770851700000,1.3672,1.3694,1.3599,1.3629,738515.0
1770852600000,1.3631,1.3684,1.3588,1.368,379913.0
1770853500000,1.368,1.3697,1.3657,1.3692,303351.0
1770854400000,1.369,1.3785,1.3677,1.3775,547391.0
1770855300000,1.3774,1.3814,1.3739,1.3754,745050.0
1770856200000,1.3754,1.3841,1.3748,1.3804,395173.0
1770857100000,1.3804,1.3824,1.3761,1.3766,175947.0
1770858000000,1.3768,1.385,1.3766,1.384,224159.0
1770858900000,1.3842,1.3859,1.3798,1.3822,240778.0
1770859800000,1.3824,1.3858,1.381,1.3833,214993.0
1770860700000,1.3835,1.3839,1.3798,1.3803,145746.0
1770861600000,1.3803,1.3808,1.3746,1.3755,290297.0
1770862500000,1.3755,1.3771,1.3736,1.3768,222948.0
1770863400000,1.3772,1.3846,1.3762,1.3804,328479.0
1770864300000,1.3804,1.3807,1.3761,1.3764,158021.0
1770865200000,1.3764,1.3787,1.3753,1.378,142084.0
1770866100000,1.3778,1.378,1.3704,1.3727,384229.0
1770867000000,1.3727,1.3767,1.3721,1.3755,224323.0
1770867900000,1.3757,1.3777,1.3741,1.3745,148959.0
1770868800000,1.3745,1.3793,1.3736,1.3782,263678.0
1770869700000,1.3782,1.3788,1.3729,1.3731,206176.0
1770870600000,1.3731,1.3794,1.3715,1.3791,386400.0
1770871500000,1.3789,1.38,1.3749,1.3749,236349.0
1770872400000,1.3749,1.3807,1.3734,1.3745,295197.0
1770873300000,1.3743,1.3787,1.3719,1.3752,353470.0
1770874200000,1.375,1.38,1.374,1.3795,282761.0
1770875100000,1.3793,1.3806,1.3775,1.3794,191584.0
1770876000000,1.3796,1.382,1.3774,1.3802,241068.0
1770876900000,1.3801,1.3878,1.3789,1.3854,457445.0
1770877800000,1.3854,1.3862,1.3803,1.3827,496226.0
1770878700000,1.3829,1.3832,1.3804,1.3822,153807.0
1770879600000,1.382,1.3831,1.3756,1.3775,339008.0
1770880500000,1.3773,1.385,1.3763,1.382,338455.0
1770881400000,1.3818,1.3827,1.3789,1.3795,171515.0
1770882300000,1.3793,1.3818,1.378,1.3818,177730.0
1770883200000,1.381,1.3836,1.3789,1.3818,255257.0
1770884100000,1.3816,1.3818,1.3768,1.3773,256271.0
1770885000000,1.3773,1.3819,1.3762,1.3787,332098.0
1770885900000,1.3789,1.382,1.3781,1.381,145781.0
1770886800000,1.3812,1.3845,1.3791,1.3836,249764.0
1770887700000,1.3834,1.3893,1.3831,1.3888,376226.0
1770888600000,1.3886,1.3928,1.3866,1.3901,498257.0
1770889500000,1.3901,1.3956,1.3887,1.3951,764981.0
1770890400000,1.3951,1.3985,1.3925,1.3925,622354.0
1770891300000,1.3931,1.3934,1.3885,1.3923,498458.0
1770892200000,1.3923,1.3993,1.3923,1.3938,511752.0
1770893100000,1.3938,1.4031,1.393,1.403,608524.0
1770894000000,1.4028,1.4052,1.393,1.3954,961127.0
1770894900000,1.3955,1.4043,1.3949,1.4043,514578.0
1770895800000,1.4041,1.4072,1.3988,1.4003,751776.0
1770896700000,1.4003,1.4043,1.3993,1.4011,457364.0
1770897600000,1.401,1.402,1.3955,1.3986,489374.0
1770898500000,1.3986,1.3986,1.3928,1.3948,341580.0
1770899400000,1.395,1.3963,1.3917,1.3936,296358.0
1770900300000,1.3933,1.3951,1.3892,1.3918,678602.0
1770901200000,1.3919,1.3921,1.3865,1.391,595638.0
1770902100000,1.391,1.3923,1.3847,1.387,512322.0
1770903000000,1.387,1.3979,1.3868,1.3971,637349.0
1770903900000,1.3971,1.4019,1.395,1.4002,515869.0
1770904800000,1.4004,1.4016,1.3912,1.3944,557805.0
1770905700000,1.3942,1.3953,1.3905,1.3925,264786.0
1770906600000,1.3925,1.3992,1.3858,1.3862,978007.0
1770907500000,1.3862,1.394,1.3837,1.3882,1025807.0
1770908400000,1.3882,1.3923,1.3761,1.3817,1488511.0
1770909300000,1.3817,1.3945,1.3802,1.3937,1258890.0
1770910200000,1.3937,1.3958,1.3787,1.3821,1031812.0
1770911100000,1.3821,1.3858,1.3739,1.3749,863630.0
1770912000000,1.3749,1.3769,1.354,1.3555,2728804.0
1770912900000,1.3555,1.3623,1.349,1.3517,1782687.0
1770913800000,1.3515,1.365,1.3482,1.3608,1444528.0
1770914700000,1.3608,1.3624,1.3455,1.352,1516770.0
1770915600000,1.352,1.3547,1.3454,1.3516,800430.0
1770916500000,1.3516,1.368,1.3505,1.3665,824411.0
1770917400000,1.3666,1.3789,1.3653,1.3693,1189217.0
1770918300000,1.3691,1.3703,1.3606,1.3612,651595.0
1770919200000,1.3612,1.3667,1.3606,1.3632,430528.0
1770920100000,1.3634,1.3642,1.3517,1.3549,686097.0
1770921000000,1.3547,1.3616,1.3511,1.3579,424996.0
1770921900000,1.3581,1.3665,1.3566,1.3622,353385.0
1770922800000,1.3622,1.3643,1.3539,1.3585,373865.0
1770923700000,1.3587,1.3736,1.3585,1.3698,651017.0
1770924600000,1.3694,1.3751,1.367,1.3675,422174.0
1770925500000,1.3675,1.3708,1.3621,1.3637,351938.0
1770926400000,1.3637,1.3658,1.3588,1.3632,430515.0
1770927300000,1.3632,1.3649,1.355,1.3572,422655.0
1770928200000,1.3574,1.3602,1.3552,1.357,311025.0
1770929100000,1.357,1.3576,1.35,1.3509,817586.0
1770930000000,1.3509,1.356,1.3495,1.3527,346483.0
1770930900000,1.3529,1.3538,1.3485,1.3496,323488.0
1770931800000,1.3494,1.3574,1.3481,1.3553,386672.0
1770932700000,1.3555,1.3555,1.3502,1.3511,225933.0
1770933600000,1.3511,1.3545,1.3495,1.3538,252427.0
1770934500000,1.3543,1.3583,1.3497,1.3564,411141.0
1770935400000,1.3569,1.362,1.3554,1.3614,322840.0
1770936300000,1.3614,1.3654,1.3606,1.3633,284731.0
1770937200000,1.3635,1.3696,1.362,1.3648,525678.0
1770938100000,1.365,1.3679,1.3622,1.3637,302545.0
1770939000000,1.3637,1.3649,1.3598,1.3623,331652.0
1770939900000,1.3623,1.3637,1.361,1.3629,238740.0
1770940800000,1.3629,1.3675,1.3604,1.3631,291694.0
1770941700000,1.3631,1.3636,1.3559,1.3561,587158.0
1770942600000,1.3559,1.3566,1.3486,1.3501,985583.0
1770943500000,1.3503,1.3546,1.3483,1.3528,331208.0
1770944400000,1.3526,1.3585,1.352,1.3557,365387.0
1770945300000,1.3555,1.356,1.349,1.3525,297725.0
1770946200000,1.3525,1.3616,1.3525,1.3599,405611.0
1770947100000,1.3599,1.362,1.355,1.3566,285747.0
1770948000000,1.3568,1.3644,1.3563,1.3632,268316.0
1770948900000,1.3632,1.3638,1.3588,1.3615,241081.0
1770949800000,1.3617,1.3626,1.3588,1.3619,157688.0
1770950700000,1.3617,1.3681,1.361,1.366,288073.0
1770951600000,1.366,1.369,1.3642,1.3642,318246.0
1770952500000,1.3644,1.3679,1.3638,1.3667,164167.0
1770953400000,1.3667,1.3713,1.3662,1.3662,332602.0
1770954300000,1.3662,1.3667,1.3612,1.3644,231936.0
1770955200000,1.3649,1.3668,1.362,1.3649,267688.0
1770956100000,1.3651,1.3674,1.3604,1.3615,208726.0
1770957000000,1.3617,1.3617,1.3588,1.3594,215667.0
1770957900000,1.3594,1.3604,1.3571,1.3574,261480.0
1770958800000,1.3574,1.3601,1.3543,1.3561,269320.0
1770959700000,1.3556,1.359,1.3546,1.3569,185374.0
1770960600000,1.3567,1.3592,1.3549,1.3577,230524.0
1770961500000,1.3579,1.3587,1.3524,1.3524,195123.0
1770962400000,1.3526,1.3554,1.3515,1.3537,384067.0
1770963300000,1.3537,1.3554,1.3492,1.3503,371823.0
1770964200000,1.3503,1.351,1.3474,1.3504,307028.0
1770965100000,1.3502,1.3571,1.3489,1.3563,330195.0
1770966000000,1.3563,1.362,1.3548,1.3608,428307.0
1770966900000,1.3608,1.3616,1.3576,1.3582,203871.0
1770967800000,1.3582,1.3607,1.3514,1.3516,473314.0
1770968700000,1.3514,1.3539,1.3487,1.3531,566696.0
1770969600000,1.3533,1.3586,1.3512,1.3553,283188.0
1770970500000,1.3555,1.3633,1.3541,1.3629,437615.0
1770971400000,1.3629,1.3646,1.3608,1.3618,281745.0
1770972300000,1.3618,1.3684,1.3618,1.3668,680966.0
1770973200000,1.3666,1.3676,1.3641,1.3652,360640.0
1770974100000,1.3654,1.3706,1.3652,1.3695,561195.0
1770975000000,1.3693,1.37,1.365,1.365,408191.0
1770975900000,1.365,1.369,1.365,1.368,284309.0
1770976800000,1.3678,1.368,1.3643,1.3661,260803.0
1770977700000,1.3661,1.3727,1.3661,1.3681,428086.0
1770978600000,1.3683,1.3714,1.367,1.369,301791.0
1770979500000,1.3692,1.3704,1.367,1.3675,200852.0
1770980400000,1.3677,1.3685,1.3635,1.3648,405770.0
1770981300000,1.3648,1.366,1.3622,1.365,327617.0
1770982200000,1.365,1.365,1.36,1.3636,351957.0
1770983100000,1.3636,1.3688,1.3623,1.3674,340235.0
1770984000000,1.3674,1.3674,1.3596,1.3596,403128.0
1770984900000,1.3596,1.363,1.359,1.3618,209438.0
1770985800000,1.362,1.3633,1.3596,1.3613,186990.0
1770986700000,1.3613,1.365,1.3612,1.3636,207519.0
1770987600000,1.3636,1.3662,1.361,1.3634,333394.0
1770988500000,1.3634,1.3755,1.3632,1.3746,548859.0
1770989400000,1.3739,1.3818,1.3727,1.3749,1683113.0
1770990300000,1.3749,1.3794,1.3702,1.3757,570975.0
1770991200000,1.3759,1.378,1.3674,1.3679,511739.0
1770992100000,1.3679,1.3788,1.3679,1.378,516630.0
1770993000000,1.378,1.3882,1.3726,1.3809,2198879.0
1770993900000,1.3809,1.3934,1.3807,1.384,1764700.0
1770994800000,1.384,1.4008,1.3797,1.3948,1645945.0
1770995700000,1.3946,1.4062,1.3903,1.4043,1782836.0
1770996600000,1.4045,1.421,1.4043,1.408,2937558.0
1770997500000,1.4082,1.4086,1.4005,1.404,1278939.0
1770998400000,1.404,1.417,1.3987,1.4159,1434511.0
1770999300000,1.416,1.4189,1.4094,1.4164,725957.0
1771000200000,1.4161,1.4273,1.4152,1.4197,1376018.0
1771001100000,1.4197,1.423,1.4149,1.4159,479422.0
1771002000000,1.4159,1.4161,1.4068,1.4137,597765.0
1771002900000,1.4139,1.4188,1.4114,1.4174,406255.0
1771003800000,1.4175,1.4203,1.4156,1.4181,313084.0
1771004700000,1.4179,1.4195,1.4122,1.4141,269011.0
1771005600000,1.4141,1.4145,1.4076,1.4084,461109.0
1771006500000,1.4084,1.414,1.4054,1.4116,383055.0
1771007400000,1.4119,1.4195,1.4107,1.4151,448305.0
1771008300000,1.4151,1.4194,1.4137,1.4144,282028.0
1771009200000,1.4146,1.417,1.4123,1.4149,243598.0
1771010100000,1.4147,1.4187,1.4096,1.4096,211601.0
1771011000000,1.4099,1.4113,1.4072,1.4091,378595.0
1771011900000,1.4092,1.4139,1.4092,1.4106,164907.0
1771012800000,1.4105,1.4109,1.4053,1.4055,451868.0
1771013700000,1.4059,1.4102,1.4041,1.4093,376281.0
1771014600000,1.4093,1.4105,1.4054,1.408,182184.0
1771015500000,1.4087,1.4136,1.4079,1.413,364440.0
1771016400000,1.413,1.4158,1.4117,1.4132,381315.0
1771017300000,1.4138,1.4152,1.4115,1.4124,164455.0
1771018200000,1.4124,1.413,1.407,1.4089,389721.0
1771019100000,1.409,1.4098,1.4061,1.409,167667.0
1771020000000,1.409,1.4093,1.4016,1.402,488163.0
1771020900000,1.4016,1.4039,1.3996,1.4033,426547.0
1771021800000,1.4033,1.4039,1.3965,1.3995,558002.0
1771022700000,1.3994,1.4026,1.3987,1.4025,256757.0
1771023600000,1.4025,1.4048,1.4013,1.4048,178353.0
1771024500000,1.4048,1.4066,1.4015,1.4025,203193.0
1771025400000,1.4025,1.4051,1.4019,1.4034,162995.0
1771026300000,1.4043,1.408,1.4041,1.4065,681408.0
1771027200000,1.4063,1.4089,1.4048,1.4089,282604.0
1771028100000,1.4089,1.4089,1.4044,1.4055,241821.0
1771029000000,1.4053,1.4108,1.4053,1.4105,271729.0
1771029900000,1.4107,1.4161,1.4101,1.4131,414013.0
1771030800000,1.4137,1.4138,1.4098,1.413,454111.0
1771031700000,1.4138,1.4173,1.413,1.4162,375585.0
1771032600000,1.4162,1.4173,1.414,1.4151,166802.0
1771033500000,1.4149,1.4156,1.4112,1.4117,217511.0
1771034400000,1.4117,1.4136,1.4103,1.4136,151622.0
1771035300000,1.4136,1.4139,1.4093,1.4098,324645.0
1771036200000,1.4096,1.4124,1.409,1.4116,199841.0
1771037100000,1.4124,1.4127,1.4099,1.4099,193089.0
1771038000000,1.4101,1.416,1.4095,1.4145,230383.0
1771038900000,1.4141,1.4146,1.4123,1.4135,128919.0
1771039800000,1.4137,1.4174,1.4134,1.4141,148222.0
1771040700000,1.4143,1.4165,1.4136,1.4155,96218.0
1771041600000,1.4157,1.4157,1.4133,1.415,141165.0
1771042500000,1.4148,1.4189,1.4144,1.4185,249020.0
1771043400000,1.4185,1.4186,1.4153,1.4164,188938.0
1771044300000,1.4162,1.4167,1.4122,1.4124,169263.0
1771045200000,1.4124,1.4129,1.4097,1.4122,170847.0
1771046100000,1.4124,1.415,1.4122,1.4137,134651.0
1771047000000,1.4139,1.4139,1.4086,1.4086,153290.0
1771047900000,1.4086,1.4104,1.4071,1.4074,261717.0
1771048800000,1.4076,1.4107,1.4071,1.4087,155174.0
1771049700000,1.4085,1.4109,1.4081,1.4108,124610.0
1771050600000,1.4106,1.4138,1.4106,1.4127,142418.0
1771051500000,1.4127,1.4143,1.4118,1.4136,194425.0
1771052400000,1.4136,1.4143,1.4127,1.4138,195318.0
1771053300000,1.4138,1.4142,1.4112,1.4134,157862.0
1771054200000,1.4132,1.4176,1.4132,1.4174,157686.0
1771055100000,1.4174,1.4246,1.4164,1.4215,732924.0
1771056000000,1.4213,1.4344,1.4208,1.4328,1485755.0
1771056900000,1.4336,1.4349,1.4285,1.4298,1138753.0
1771057800000,1.43,1.4432,1.4295,1.4397,1315812.0
1771058700000,1.4397,1.4481,1.4392,1.4459,959507.0
1771059600000,1.4461,1.4525,1.4453,1.4491,1215517.0
1771060500000,1.4497,1.456,1.4469,1.4519,974662.0
1771061400000,1.4517,1.4598,1.4497,1.4553,1036957.0
1771062300000,1.4553,1.4559,1.4492,1.451,635699.0
1771063200000,1.4508,1.451,1.4446,1.4485,1028367.0
1771064100000,1.4485,1.4485,1.4426,1.4448,367126.0
1771065000000,1.4448,1.4461,1.4431,1.4436,385783.0
1771065900000,1.4434,1.4467,1.4412,1.4461,481233.0
1771066800000,1.4461,1.4565,1.446,1.4562,700559.0
1771067700000,1.4562,1.4717,1.453,1.4669,1590612.0
1771068600000,1.4669,1.4671,1.461,1.4646,852304.0
1771069500000,1.4646,1.4729,1.4631,1.4708,857051.0
1771070400000,1.4708,1.4758,1.4661,1.4714,1353685.0
1771071300000,1.4712,1.475,1.4662,1.4695,569868.0
1771072200000,1.4695,1.4707,1.4614,1.4641,767334.0
1771073100000,1.4639,1.4664,1.4592,1.4634,1177623.0
1771074000000,1.4634,1.4682,1.4603,1.4682,615027.0
1771074900000,1.4681,1.4689,1.4515,1.4525,1116820.0
1771075800000,1.4523,1.4585,1.4511,1.4548,700401.0
1771076700000,1.4548,1.4609,1.4534,1.4565,485592.0
1771077600000,1.4563,1.4587,1.4545,1.4562,331626.0
1771078500000,1.4562,1.4626,1.456,1.4608,499274.0
1771079400000,1.4608,1.4654,1.46,1.4616,374371.0
1771080300000,1.4618,1.4732,1.4609,1.4701,910973.0
1771081200000,1.4701,1.4716,1.4656,1.4657,486461.0
1771082100000,1.4657,1.4721,1.4649,1.4688,753387.0
1771083000000,1.4686,1.4702,1.4636,1.4657,390501.0
1771083900000,1.4659,1.4693,1.4645,1.4678,292528.0
1771084800000,1.4678,1.4685,1.4594,1.4603,655450.0
1771085700000,1.4604,1.4618,1.4572,1.4604,519580.0
1771086600000,1.4604,1.4685,1.4563,1.4676,533129.0
1771087500000,1.4678,1.4754,1.4648,1.4735,580419.0
1771088400000,1.4737,1.4742,1.4676,1.471,391338.0
1771089300000,1.471,1.4791,1.4691,1.4769,724799.0
1771090200000,1.4769,1.4773,1.4695,1.4755,442533.0
1771091100000,1.4748,1.4755,1.4701,1.4728,242145.0
1771092000000,1.4728,1.4775,1.4695,1.4751,886814.0
1771092900000,1.4753,1.4821,1.4739,1.4807,656046.0
1771093800000,1.4803,1.4895,1.4788,1.4868,781978.0
1771094700000,1.487,1.4924,1.4859,1.487,855487.0
1771095600000,1.4873,1.491,1.4832,1.4877,448270.0
1771096500000,1.4877,1.4948,1.4852,1.4938,548585.0
1771097400000,1.494,1.4989,1.4932,1.4952,643280.0
1771098300000,1.4952,1.499,1.4933,1.4969,530291.0
1771099200000,1.4967,1.5073,1.4915,1.4924,2065775.0
1771100100000,1.4924,1.498,1.4892,1.4922,603535.0
1771101000000,1.492,1.495,1.4871,1.4934,398236.0
1771101900000,1.4934,1.496,1.4916,1.494,256717.0
1771102800000,1.494,1.5023,1.4931,1.5006,702468.0
1771103700000,1.5008,1.5033,1.4921,1.4928,653273.0
1771104600000,1.4931,1.498,1.488,1.498,667731.0
1771105500000,1.498,1.4993,1.4948,1.4968,289502.0
1771106400000,1.4968,1.502,1.4927,1.501,299757.0
1771107300000,1.5008,1.5011,1.4941,1.4959,354616.0
1771108200000,1.4959,1.5018,1.4955,1.4995,297886.0
1771109100000,1.4995,1.5042,1.4989,1.4998,295647.0
1771110000000,1.4998,1.5054,1.4983,1.5041,279177.0
1771110900000,1.5039,1.5121,1.4993,1.5056,1005747.0
1771111800000,1.5056,1.5118,1.5024,1.5086,697594.0
1771112700000,1.5086,1.5125,1.506,1.508,471438.0
1771113600000,1.5078,1.5142,1.505,1.5063,755630.0
1771114500000,1.5063,1.525,1.505,1.519,1456661.0
1771115400000,1.5188,1.531,1.517,1.517,1211830.0
1771116300000,1.517,1.5257,1.5136,1.5203,711623.0
1771117200000,1.5203,1.5433,1.5194,1.5315,1686984.0
1771118100000,1.5317,1.5379,1.519,1.5228,1196106.0
1771119000000,1.523,1.5276,1.5146,1.519,917231.0
1771119900000,1.5188,1.5285,1.5164,1.5277,468659.0
1771120800000,1.5275,1.5344,1.5208,1.5261,803612.0
1771121700000,1.5261,1.5304,1.5213,1.5255,426583.0
1771122600000,1.5248,1.5332,1.5161,1.5287,779136.0
1771123500000,1.5287,1.5303,1.5212,1.5276,353685.0
1771124400000,1.5268,1.5332,1.5265,1.5284,347042.0
1771125300000,1.5284,1.5309,1.5201,1.5201,309516.0
1771126200000,1.5204,1.5223,1.5055,1.5113,1752918.0
1771127100000,1.5113,1.5294,1.5111,1.5258,759971.0
1771128000000,1.526,1.5396,1.5242,1.5375,917161.0
1771128900000,1.5373,1.5495,1.5338,1.5357,1537684.0
1771129800000,1.5357,1.5518,1.5349,1.5467,885459.0
1771130700000,1.5467,1.559,1.538,1.5447,1893056.0
1771131600000,1.5447,1.554,1.5443,1.5521,650748.0
1771132500000,1.5519,1.5614,1.5503,1.5594,820997.0
1771133400000,1.5592,1.5821,1.5567,1.5808,1963888.0
1771134300000,1.5808,1.5882,1.5754,1.582,1223672.0
1771135200000,1.582,1.5829,1.5714,1.5746,1175305.0
1771136100000,1.5744,1.5871,1.5717,1.58,1054055.0
1771137000000,1.5807,1.583,1.5758,1.5778,567710.0
1771137900000,1.5776,1.5827,1.5733,1.5783,360712.0
1771138800000,1.5783,1.5919,1.5744,1.5909,771856.0
1771139700000,1.5909,1.6017,1.5901,1.5957,1620794.0
1771140600000,1.5955,1.624,1.594,1.6193,2302688.0
1771141500000,1.6197,1.6481,1.6154,1.6481,3002628.0
1771142400000,1.6481,1.6596,1.642,1.6436,4079142.0
1771143300000,1.6436,1.6694,1.6436,1.6491,3262777.0
1771144200000,1.65,1.6576,1.6146,1.6238,4088128.0
1771145100000,1.624,1.6259,1.6117,1.6159,1827123.0
1771146000000,1.6159,1.6215,1.6067,1.6147,1432672.0
1771146900000,1.6147,1.6184,1.6091,1.6149,770333.0
1771147800000,1.6151,1.622,1.6041,1.6077,1050872.0
1771148700000,1.6077,1.6116,1.5885,1.5894,3141666.0
1771149600000,1.5894,1.5918,1.573,1.5831,2848439.0
1771150500000,1.5831,1.5908,1.5757,1.5908,1659969.0
1771151400000,1.5907,1.5965,1.5789,1.5836,1501800.0
1771152300000,1.5841,1.5928,1.5828,1.5845,991561.0
1771153200000,1.5845,1.5941,1.5842,1.589,649252.0
1771154100000,1.5888,1.5935,1.5807,1.581,537402.0
1771155000000,1.581,1.5817,1.5719,1.5736,1025229.0
1771155900000,1.5738,1.5767,1.5574,1.5618,2162725.0
1771156800000,1.5616,1.5656,1.5461,1.5537,2597499.0
1771157700000,1.5537,1.5638,1.5478,1.5604,1760148.0
1771158600000,1.5606,1.5612,1.5437,1.5486,1683337.0
1771159500000,1.5485,1.55,1.5191,1.5205,3787864.0
1771160400000,1.5208,1.5357,1.52,1.5331,2473394.0
1771161300000,1.5331,1.5394,1.5237,1.5237,1494265.0
1771162200000,1.5237,1.5292,1.5154,1.5201,2335273.0
1771163100000,1.5204,1.5251,1.5112,1.5187,2122365.0
1771164000000,1.5187,1.5259,1.5142,1.5172,1378960.0
1771164900000,1.517,1.5248,1.517,1.5216,597129.0
1771165800000,1.5214,1.5329,1.5192,1.5329,1100929.0
1771166700000,1.5329,1.5366,1.5287,1.532,1285793.0
1771167600000,1.5318,1.5425,1.5306,1.5372,1218047.0
1771168500000,1.5372,1.5398,1.5217,1.5217,1443949.0
1771169400000,1.5217,1.5269,1.5202,1.5269,688190.0
1771170300000,1.5269,1.5269,1.521,1.5222,530687.0
1771171200000,1.5222,1.5228,1.506,1.5149,2129190.0
1771172100000,1.5157,1.5212,1.5118,1.5195,973205.0
1771173000000,1.5198,1.5199,1.5115,1.5171,428981.0
1771173900000,1.5169,1.5219,1.5161,1.5213,392034.0
1771174800000,1.5211,1.5235,1.5161,1.5179,586170.0
1771175700000,1.5179,1.5179,1.5083,1.5111,608079.0
1771176600000,1.5111,1.5114,1.4994,1.5002,868775.0
1771177500000,1.5004,1.5004,1.4812,1.4932,3964286.0
1771178400000,1.493,1.4943,1.4828,1.4918,1119100.0
1771179300000,1.492,1.492,1.4805,1.4805,717775.0
1771180200000,1.4805,1.4823,1.4719,1.4797,1813054.0
1771181100000,1.4797,1.4812,1.4649,1.4687,1453935.0
1771182000000,1.4687,1.4693,1.4557,1.4612,1525913.0
1771182900000,1.4612,1.4678,1.4571,1.4655,764712.0
1771183800000,1.4655,1.4657,1.4472,1.4533,1637742.0
1771184700000,1.4537,1.458,1.4509,1.4534,504059.0
1771185600000,1.4532,1.4578,1.4445,1.4559,1134685.0
1771186500000,1.4557,1.4601,1.4495,1.456,808382.0
1771187400000,1.4561,1.4666,1.4538,1.4621,1002701.0
1771188300000,1.4619,1.4654,1.4568,1.4611,525916.0
1771189200000,1.4611,1.4668,1.4605,1.4653,567482.0
1771190100000,1.4653,1.4734,1.4618,1.469,867079.0
1771191000000,1.4698,1.4741,1.4642,1.4656,633590.0
1771191900000,1.4656,1.4729,1.464,1.4708,328688.0
1771192800000,1.471,1.4758,1.4676,1.471,739068.0
1771193700000,1.471,1.4793,1.4693,1.4745,586111.0
1771194600000,1.4743,1.4883,1.4737,1.4843,1054823.0
1771195500000,1.4845,1.4887,1.4802,1.4852,454898.0
1771196400000,1.4852,1.4852,1.4595,1.4636,1285543.0
1771197300000,1.4634,1.4685,1.4574,1.4672,599469.0
1771198200000,1.4672,1.476,1.4672,1.4704,713633.0
1771199100000,1.4704,1.4757,1.4696,1.4735,340370.0
1771200000000,1.4743,1.4846,1.4713,1.4808,988278.0
1771200900000,1.4808,1.4855,1.4701,1.4752,947476.0
1771201800000,1.4752,1.482,1.472,1.4732,379438.0
1771202700000,1.4728,1.48,1.4702,1.4773,302797.0
1771203600000,1.4775,1.4816,1.473,1.4748,545716.0
1771204500000,1.4746,1.4772,1.4677,1.471,402739.0
1771205400000,1.471,1.4761,1.4643,1.4697,451915.0
1771206300000,1.4697,1.4744,1.4684,1.4729,199761.0
1771207200000,1.4731,1.4796,1.4679,1.4733,475184.0
1771208100000,1.4738,1.4767,1.4611,1.4614,374075.0
1771209000000,1.4614,1.4639,1.4578,1.4624,359870.0
1771209900000,1.4616,1.4636,1.4532,1.4547,556162.0
1771210800000,1.4547,1.4612,1.4532,1.4594,384736.0
1771211700000,1.4586,1.4611,1.4526,1.4545,340007.0
1771212600000,1.455,1.4608,1.4545,1.4604,228366.0
1771213500000,1.4602,1.4618,1.4576,1.4606,204987.0
1771214400000,1.4608,1.4688,1.4591,1.4671,523795.0
1771215300000,1.4673,1.4716,1.4653,1.4687,325331.0
1771216200000,1.4687,1.4702,1.4643,1.4645,238672.0
1771217100000,1.4645,1.4748,1.4641,1.473,410451.0
1771218000000,1.473,1.4746,1.4555,1.4557,615373.0
1771218900000,1.4557,1.4596,1.4498,1.4537,659024.0
1771219800000,1.4539,1.4564,1.4474,1.4512,565641.0
1771220700000,1.4514,1.4578,1.4505,1.4552,425210.0
1771221600000,1.4552,1.4576,1.454,1.4547,259482.0
1771222500000,1.4549,1.4598,1.453,1.4594,685686.0
1771223400000,1.4592,1.4668,1.4585,1.4647,490624.0
1771224300000,1.4649,1.4676,1.4636,1.4643,288643.0
1771225200000,1.4641,1.4695,1.4597,1.4695,526042.0
1771226100000,1.4692,1.4706,1.4638,1.4639,411262.0
1771227000000,1.4641,1.4661,1.457,1.4588,456511.0
1771227900000,1.4588,1.4621,1.4583,1.4603,190458.0
1771228800000,1.4605,1.4688,1.4603,1.4654,520696.0
1771229700000,1.4652,1.4698,1.464,1.4692,275946.0
1771230600000,1.4694,1.4694,1.4642,1.4665,260759.0
1771231500000,1.4663,1.4699,1.4653,1.4691,376696.0
1771232400000,1.4691,1.4819,1.468,1.4811,1480447.0
1771233300000,1.4811,1.4985,1.4766,1.4961,1260300.0
1771234200000,1.4963,1.5125,1.4914,1.5046,2908553.0
1771235100000,1.5046,1.5089,1.4974,1.5007,1050372.0
1771236000000,1.5009,1.5015,1.491,1.4938,919121.0
1771236900000,1.4936,1.4951,1.4832,1.4868,1008872.0
1771237800000,1.4868,1.4913,1.4821,1.4857,778876.0
1771238700000,1.4857,1.4924,1.4852,1.4891,529149.0
1771239600000,1.4889,1.4917,1.4722,1.4747,1725091.0
1771240500000,1.4747,1.4838,1.4676,1.4816,1296948.0
1771241400000,1.482,1.4846,1.4758,1.478,657975.0
1771242300000,1.478,1.4869,1.4764,1.4822,558249.0
1771243200000,1.483,1.4889,1.4796,1.4873,740082.0
1771244100000,1.4873,1.5005,1.4793,1.4963,1383799.0
1771245000000,1.4963,1.5031,1.4913,1.4969,1247524.0
1771245900000,1.4969,1.5069,1.4945,1.5033,1058213.0
1771246800000,1.5033,1.5151,1.5012,1.5041,1694715.0
1771247700000,1.5041,1.5121,1.4813,1.4847,2573659.0
1771248600000,1.4839,1.4958,1.4801,1.4908,2365471.0
1771249500000,1.4908,1.4923,1.4806,1.4897,1014997.0
1771250400000,1.4892,1.5019,1.484,1.4972,1390156.0
1771251300000,1.4972,1.5014,1.4837,1.4879,1197742.0
1771252200000,1.4877,1.5068,1.487,1.4994,1410254.0
1771253100000,1.4994,1.5079,1.4907,1.4941,1267907.0
1771254000000,1.4941,1.5019,1.4914,1.4923,825205.0
1771254900000,1.4921,1.4948,1.4855,1.4863,906963.0
1771255800000,1.4861,1.4863,1.4609,1.4688,2908063.0
1771256700000,1.4689,1.4765,1.4663,1.4734,924478.0
1771257600000,1.4736,1.4937,1.4722,1.4876,1292731.0
1771258500000,1.4882,1.4937,1.4813,1.4861,767126.0
1771259400000,1.4861,1.4902,1.4773,1.4902,763213.0
1771260300000,1.4903,1.4929,1.4846,1.4866,870002.0
1771261200000,1.4866,1.4917,1.483,1.4864,466545.0
1771262100000,1.4868,1.4901,1.4807,1.4888,608750.0
1771263000000,1.4888,1.4925,1.486,1.4872,432640.0
1771263900000,1.4874,1.4874,1.4815,1.4823,465695.0
1771264800000,1.4825,1.4861,1.4807,1.4807,306078.0
1771265700000,1.4814,1.4855,1.4784,1.4791,342534.0
1771266600000,1.4791,1.4821,1.4756,1.4764,361937.0
1771267500000,1.4761,1.4789,1.4702,1.4714,454758.0
1771268400000,1.4712,1.4798,1.4712,1.4774,476547.0
1771269300000,1.4774,1.4781,1.4707,1.4752,620628.0
1771270200000,1.4752,1.4809,1.4747,1.4796,499052.0
1771271100000,1.4798,1.4802,1.4739,1.4744,322896.0
1771272000000,1.4744,1.4746,1.4687,1.4706,681231.0
1771272900000,1.471,1.4795,1.4677,1.4767,641952.0
1771273800000,1.4771,1.4788,1.4746,1.4771,297226.0
1771274700000,1.4771,1.4874,1.477,1.4848,629626.0
1771275600000,1.4848,1.4851,1.4799,1.4829,396297.0
1771276500000,1.4828,1.4859,1.481,1.4821,212440.0
1771277400000,1.4829,1.4841,1.4807,1.4824,182119.0
1771278300000,1.4822,1.4926,1.4805,1.4904,448354.0
1771279200000,1.4906,1.4926,1.4837,1.485,429431.0
1771280100000,1.485,1.4868,1.4838,1.4852,169362.0
1771281000000,1.485,1.4869,1.4809,1.4841,351473.0
1771281900000,1.4841,1.4859,1.4817,1.483,215692.0
1771282800000,1.4828,1.4892,1.4812,1.4878,249415.0
1771283700000,1.488,1.4896,1.4827,1.4839,173474.0
1771284600000,1.4841,1.4871,1.4831,1.4833,184977.0
1771285500000,1.4833,1.489,1.4831,1.4866,221017.0
1771286400000,1.4866,1.4883,1.483,1.486,231325.0
1771287300000,1.4862,1.4871,1.4823,1.4842,253362.0
1771288200000,1.4842,1.4883,1.4824,1.4853,591192.0
1771289100000,1.4855,1.4902,1.4811,1.4827,417720.0
1771290000000,1.4825,1.4909,1.4825,1.4878,333271.0
1771290900000,1.488,1.488,1.4832,1.4835,183535.0
1771291800000,1.4833,1.4889,1.4825,1.4861,189355.0
1771292700000,1.4863,1.4874,1.4778,1.4783,475185.0
1771293600000,1.4783,1.4902,1.4719,1.4891,1151730.0
1771294500000,1.4889,1.4923,1.4853,1.4857,391811.0
1771295400000,1.4859,1.4897,1.4854,1.489,209991.0
1771296300000,1.4892,1.4913,1.486,1.4862,200090.0
1771297200000,1.4862,1.4876,1.4814,1.4837,516454.0
1771298100000,1.4842,1.4889,1.4831,1.4862,185046.0
1771299000000,1.4862,1.4869,1.4815,1.4869,212537.0
1771299900000,1.4868,1.4873,1.4817,1.482,169732.0
1771300800000,1.482,1.4824,1.4754,1.4793,532722.0
1771301700000,1.4793,1.4833,1.4763,1.4819,239938.0
1771302600000,1.4817,1.4832,1.4733,1.4831,622115.0
1771303500000,1.4829,1.488,1.4827,1.4852,323407.0
1771304400000,1.4852,1.4869,1.4802,1.4803,192210.0
1771305300000,1.4803,1.4807,1.4735,1.4784,750679.0
1771306200000,1.4782,1.4785,1.4696,1.4759,975003.0
1771307100000,1.4759,1.4785,1.4728,1.4747,243195.0
1771308000000,1.4747,1.479,1.4745,1.4767,323278.0
1771308900000,1.4767,1.4782,1.4734,1.4755,135523.0
1771309800000,1.4753,1.4793,1.473,1.4782,274230.0
1771310700000,1.4782,1.4797,1.4767,1.478,100802.0
1771311600000,1.478,1.4782,1.4681,1.4695,690513.0
1771312500000,1.4693,1.4723,1.4684,1.4704,278936.0
1771313400000,1.4702,1.4745,1.4683,1.4722,398983.0
1771314300000,1.4722,1.4746,1.4712,1.4719,162577.0
1771315200000,1.4719,1.4759,1.4713,1.4732,317993.0
1771316100000,1.4732,1.4736,1.4698,1.4709,384174.0
1771317000000,1.4709,1.4719,1.4625,1.4658,1036025.0
1771317900000,1.4656,1.4675,1.4649,1.4656,310154.0
1771318800000,1.4656,1.4662,1.4572,1.4584,1177129.0
1771319700000,1.4584,1.4603,1.4554,1.457,737140.0
1771320600000,1.4568,1.4579,1.4533,1.4568,783279.0
1771321500000,1.457,1.4606,1.4556,1.4605,475958.0
1771322400000,1.4605,1.4618,1.4566,1.4587,878731.0
1771323300000,1.4593,1.4593,1.4517,1.4541,964838.0
1771324200000,1.4537,1.4571,1.4528,1.455,462655.0
1771325100000,1.4548,1.4554,1.451,1.4548,402370.0
1771326000000,1.455,1.4591,1.4531,1.4584,490821.0
1771326900000,1.4584,1.4587,1.4536,1.4568,345751.0
1771327800000,1.4568,1.4578,1.4511,1.452,674813.0
1771328700000,1.452,1.4525,1.4492,1.4517,587008.0
1771329600000,1.4519,1.4593,1.4511,1.4567,479693.0
1771330500000,1.4567,1.4587,1.4547,1.457,258778.0
1771331400000,1.4572,1.4621,1.4548,1.4595,509185.0
1771332300000,1.4595,1.4604,1.4536,1.4559,449377.0
1771333200000,1.4559,1.4585,1.4507,1.4576,654111.0
1771334100000,1.4576,1.4619,1.453,1.4558,439959.0
1771335000000,1.4556,1.4561,1.4526,1.455,271824.0
1771335900000,1.455,1.4624,1.4535,1.4572,869369.0
1771336800000,1.4572,1.4619,1.4542,1.4547,708096.0
1771337700000,1.4547,1.456,1.4514,1.4527,492250.0
1771338600000,1.4527,1.46,1.431,1.4343,3336773.0
1771339500000,1.4345,1.4379,1.4263,1.4349,3099794.0
1771340400000,1.4344,1.4494,1.4333,1.4428,1733786.0
1771341300000,1.4428,1.4547,1.4428,1.4469,1019835.0
1771342200000,1.4469,1.452,1.4417,1.4511,718948.0
1771343100000,1.4513,1.4576,1.4492,1.4562,577790.0
1771344000000,1.4564,1.486,1.4562,1.4782,3141791.0
1771344900000,1.4781,1.4839,1.4709,1.4719,1133372.0
1771345800000,1.4721,1.4943,1.4688,1.4839,2008039.0
1771346700000,1.4839,1.4856,1.4758,1.4764,658678.0
1771347600000,1.4764,1.4785,1.46,1.4667,1071050.0
1771348500000,1.4667,1.473,1.4651,1.4725,684489.0
1771349400000,1.4725,1.4733,1.4575,1.4582,802641.0
1771350300000,1.458,1.4661,1.4562,1.4642,554818.0
1771351200000,1.4642,1.4701,1.4629,1.4681,315931.0
1771352100000,1.4681,1.4849,1.4644,1.482,897144.0
1771353000000,1.4822,1.4891,1.4771,1.4845,891139.0
1771353900000,1.4845,1.4882,1.4824,1.4829,323141.0
1771354800000,1.4829,1.4871,1.4817,1.4851,301060.0
1771355700000,1.4851,1.4885,1.4777,1.4784,304396.0
1771356600000,1.4786,1.4816,1.4757,1.481,520482.0
1771357500000,1.481,1.4857,1.4808,1.4846,287508.0
1771358400000,1.4848,1.4876,1.4746,1.4783,552620.0
1771359300000,1.4781,1.4837,1.4761,1.4817,268714.0
1771360200000,1.4817,1.4847,1.4739,1.4828,481697.0
1771361100000,1.4826,1.4883,1.4787,1.4869,214091.0
1771362000000,1.4863,1.4926,1.4847,1.4902,1147852.0
1771362900000,1.4902,1.4908,1.4817,1.4828,930401.0
1771363800000,1.4828,1.4832,1.4786,1.4813,197371.0
1771364700000,1.4815,1.4847,1.4807,1.4831,155447.0
1771365600000,1.4831,1.4839,1.4794,1.4796,172988.0
1771366500000,1.4796,1.4815,1.4761,1.478,252409.0
1771367400000,1.4778,1.4799,1.4753,1.4758,123764.0
1771368300000,1.476,1.4784,1.4716,1.4734,179375.0
1771369200000,1.4736,1.4744,1.4698,1.4729,270261.0
1771370100000,1.4727,1.4765,1.4716,1.4723,145578.0
1771371000000,1.4725,1.475,1.4707,1.4746,97018.0
1771371900000,1.4748,1.4764,1.4727,1.4731,125705.0
1771372800000,1.4733,1.4783,1.473,1.4765,187695.0
1771373700000,1.4765,1.4771,1.4709,1.4741,245365.0
1771374600000,1.4743,1.4785,1.474,1.475,143148.0
1771375500000,1.475,1.475,1.4682,1.4691,356928.0
1771376400000,1.4691,1.47,1.4631,1.4664,395731.0
1771377300000,1.4666,1.4687,1.4654,1.4671,197427.0
1771378200000,1.4671,1.47,1.4636,1.4679,230301.0
1771379100000,1.4679,1.4688,1.4631,1.4662,178603.0
1771380000000,1.4662,1.4725,1.4656,1.4694,304600.0
1771380900000,1.4692,1.4706,1.4662,1.4673,143392.0
1771381800000,1.4673,1.474,1.4669,1.4735,224599.0
1771382700000,1.4735,1.4759,1.4714,1.4745,343442.0
1771383600000,1.4745,1.4776,1.4735,1.4758,243281.0
1771384500000,1.476,1.4797,1.4758,1.4784,349527.0
1771385400000,1.4784,1.4825,1.476,1.4805,342031.0
1771386300000,1.4803,1.4819,1.4786,1.4786,130720.0
1771387200000,1.4784,1.4843,1.4777,1.4799,314651.0
1771388100000,1.4799,1.4824,1.4781,1.4784,263493.0
1771389000000,1.4784,1.4797,1.4756,1.477,268702.0
1771389900000,1.4768,1.4813,1.476,1.4796,121932.0
1771390800000,1.48,1.4854,1.4793,1.4846,359293.0
1771391700000,1.4844,1.4868,1.4781,1.4784,283794.0
1771392600000,1.4786,1.4805,1.4764,1.4774,164593.0
1771393500000,1.4772,1.479,1.4748,1.4753,172077.0
1771394400000,1.4753,1.4797,1.4749,1.4789,144758.0
1771395300000,1.4791,1.4825,1.4785,1.4799,148312.0
1771396200000,1.4801,1.4818,1.4791,1.481,120355.0
1771397100000,1.4811,1.4835,1.4786,1.4792,144059.0
1771398000000,1.4794,1.481,1.4787,1.4789,125992.0
1771398900000,1.4789,1.4797,1.4759,1.4776,210306.0
1771399800000,1.4776,1.4835,1.4768,1.4828,419803.0
1771400700000,1.483,1.4878,1.4822,1.4861,463931.0
1771401600000,1.4859,1.4887,1.4852,1.4862,435229.0
1771402500000,1.4862,1.4929,1.4857,1.4879,540402.0
1771403400000,1.4884,1.4892,1.4847,1.4871,256507.0
1771404300000,1.4871,1.4931,1.4869,1.4885,366948.0
1771405200000,1.4885,1.4893,1.4852,1.4875,234104.0
1771406100000,1.4875,1.4883,1.4835,1.4854,184052.0
1771407000000,1.4854,1.4915,1.4848,1.4899,280324.0
1771407900000,1.4897,1.4899,1.4851,1.4869,188120.0
1771408800000,1.4869,1.489,1.4842,1.4884,261241.0
1771409700000,1.4882,1.4888,1.4827,1.4839,262859.0
1771410600000,1.4839,1.4841,1.4757,1.4766,731276.0
1771411500000,1.4766,1.4786,1.4755,1.4776,412608.0
1771412400000,1.4776,1.4776,1.4629,1.4702,1146969.0
1771413300000,1.47,1.472,1.4684,1.47,635136.0
1771414200000,1.47,1.4711,1.4676,1.4695,358072.0
1771415100000,1.4693,1.4718,1.465,1.4656,295103.0
1771416000000,1.4656,1.4706,1.4645,1.466,385053.0
1771416900000,1.466,1.4674,1.4641,1.4653,343577.0
1771417800000,1.4655,1.4664,1.4581,1.4654,857151.0
1771418700000,1.4655,1.468,1.4635,1.4641,384332.0
1771419600000,1.4639,1.4667,1.4597,1.4653,610363.0
1771420500000,1.4653,1.4701,1.4648,1.4695,415065.0
1771421400000,1.4693,1.4709,1.4646,1.4673,530750.0
1771422300000,1.4675,1.4697,1.4607,1.4685,779210.0
1771423200000,1.4683,1.4703,1.462,1.4627,316210.0
1771424100000,1.4629,1.4644,1.4582,1.4584,883632.0
1771425000000,1.4582,1.4649,1.4574,1.4585,769905.0
1771425900000,1.4585,1.4669,1.4509,1.4646,1249427.0
1771426800000,1.4646,1.4719,1.4631,1.4666,858239.0
1771427700000,1.4664,1.47,1.464,1.4654,1288025.0
1771428600000,1.4654,1.4881,1.4649,1.482,1739197.0
1771429500000,1.4825,1.4834,1.4735,1.4755,981706.0
1771430400000,1.4757,1.4765,1.4561,1.4588,1575231.0
1771431300000,1.459,1.4642,1.4561,1.4622,559077.0
1771432200000,1.4622,1.4629,1.4557,1.4611,682221.0
1771433100000,1.4613,1.4618,1.4565,1.4587,321140.0
1771434000000,1.4587,1.4701,1.4585,1.4607,857637.0
1771434900000,1.4607,1.462,1.4548,1.457,335417.0
1771435800000,1.457,1.4591,1.4546,1.4552,203544.0
1771436700000,1.4552,1.4574,1.454,1.4554,170275.0
1771437600000,1.4558,1.4577,1.4543,1.4573,243342.0
1771438500000,1.4573,1.4579,1.4442,1.4503,1021000.0
1771439400000,1.4503,1.4533,1.4395,1.4406,1021454.0
1771440300000,1.4404,1.4463,1.4396,1.4399,675395.0
1771441200000,1.4399,1.445,1.4371,1.4386,891875.0
1771442100000,1.4386,1.4391,1.4292,1.434,1328205.0
1771443000000,1.434,1.435,1.4185,1.4242,1855310.0
1771443900000,1.4244,1.4289,1.4193,1.4219,904437.0
1771444800000,1.4221,1.4289,1.4219,1.4255,788787.0
1771445700000,1.4256,1.4261,1.42,1.4232,394716.0
1771446600000,1.4237,1.4323,1.4233,1.4272,828906.0
1771447500000,1.4274,1.4302,1.4205,1.4211,538835.0
1771448400000,1.4209,1.4232,1.4169,1.4213,767817.0
1771449300000,1.4214,1.4272,1.4205,1.4268,225739.0
1771450200000,1.4266,1.4279,1.4239,1.425,235199.0
1771451100000,1.4248,1.4251,1.4173,1.4196,694781.0
1771452000000,1.4196,1.4217,1.4147,1.4176,509925.0
1771452900000,1.4178,1.421,1.4161,1.4182,399618.0
1771453800000,1.4182,1.4239,1.4164,1.4205,386931.0
1771454700000,1.4203,1.4235,1.4191,1.4197,160091.0
1771455600000,1.4197,1.4203,1.4123,1.4148,959465.0
1771456500000,1.4154,1.4154,1.4102,1.4102,476946.0
1771457400000,1.4103,1.4185,1.4091,1.4176,498121.0
1771458300000,1.4176,1.4221,1.4168,1.421,290874.0
1771459200000,1.421,1.4236,1.4167,1.4176,371460.0
1771460100000,1.4175,1.4231,1.4155,1.419,220460.0
1771461000000,1.4192,1.4217,1.4178,1.4205,168254.0
1771461900000,1.4205,1.4218,1.4142,1.4162,179691.0
1771462800000,1.4164,1.4257,1.4162,1.4224,399566.0
1771463700000,1.4224,1.4224,1.414,1.4201,294814.0
1771464600000,1.4199,1.424,1.4183,1.4221,244290.0
1771465500000,1.4221,1.4258,1.4215,1.4258,158339.0
1771466400000,1.4258,1.4271,1.4236,1.4251,311645.0
1771467300000,1.4251,1.4289,1.4244,1.4288,230066.0
1771468200000,1.4288,1.4288,1.4191,1.4196,292437.0
1771469100000,1.4198,1.4265,1.4196,1.4254,180562.0
1771470000000,1.4256,1.4275,1.4214,1.423,138240.0
1771470900000,1.4232,1.4268,1.423,1.4262,132671.0
1771471800000,1.4264,1.427,1.4231,1.4249,133086.0
1771472700000,1.4247,1.4293,1.4234,1.4279,181445.0
1771473600000,1.4277,1.4298,1.4259,1.4273,194582.0
1771474500000,1.4271,1.4273,1.4205,1.4212,296574.0
1771475400000,1.4214,1.4233,1.4172,1.4174,143623.0
1771476300000,1.4174,1.419,1.4157,1.4167,407218.0
1771477200000,1.4169,1.4204,1.4095,1.4123,744537.0
1771478100000,1.4121,1.4152,1.4045,1.4076,870473.0
1771479000000,1.4076,1.4108,1.4069,1.4069,292376.0
1771479900000,1.4071,1.4128,1.4055,1.4115,327111.0
1771480800000,1.4115,1.4221,1.4112,1.4211,529023.0
1771481700000,1.4205,1.4244,1.42,1.4221,307001.0
1771482600000,1.4219,1.4254,1.42,1.4208,324194.0
1771483500000,1.4208,1.4268,1.4202,1.4267,247262.0
1771484400000,1.4265,1.4281,1.4213,1.4241,412646.0
1771485300000,1.4241,1.4333,1.4235,1.4314,591513.0
1771486200000,1.4314,1.4368,1.4281,1.4307,1166088.0
1771487100000,1.4305,1.4346,1.4272,1.4318,404112.0
1771488000000,1.4318,1.4328,1.4249,1.4255,537689.0
1771488900000,1.4257,1.4259,1.4203,1.4218,392996.0
1771489800000,1.422,1.4229,1.4137,1.4166,920672.0
1771490700000,1.4166,1.4171,1.4143,1.4157,246517.0
1771491600000,1.4157,1.4193,1.4133,1.4185,568681.0
1771492500000,1.4185,1.4266,1.4159,1.4237,870813.0
1771493400000,1.4237,1.4257,1.4222,1.4232,166738.0
1771494300000,1.4232,1.4236,1.4136,1.4142,948589.0
1771495200000,1.4144,1.4159,1.4088,1.4132,928015.0
1771496100000,1.4132,1.4167,1.4131,1.4146,529448.0
1771497000000,1.4148,1.415,1.4103,1.4132,479008.0
1771497900000,1.4132,1.4136,1.4071,1.4099,617814.0
1771498800000,1.4101,1.4162,1.4093,1.4153,324405.0
1771499700000,1.4155,1.4164,1.4119,1.412,229062.0
1771500600000,1.4122,1.4132,1.4076,1.4094,548757.0
1771501500000,1.409,1.4102,1.4056,1.4085,646602.0
1771502400000,1.4087,1.4134,1.4081,1.4108,398113.0
1771503300000,1.411,1.4128,1.4096,1.4124,177704.0
1771504200000,1.4124,1.4125,1.4076,1.408,253541.0
1771505100000,1.408,1.4091,1.4048,1.4069,380138.0
1771506000000,1.4071,1.4083,1.4009,1.407,1230123.0
1771506900000,1.4068,1.4078,1.3954,1.397,843021.0
1771507800000,1.397,1.4004,1.3885,1.39,1829712.0
1771508700000,1.39,1.3944,1.3861,1.3922,960335.0
1771509600000,1.392,1.399,1.3917,1.3975,741036.0
1771510500000,1.397,1.3987,1.3913,1.3975,499788.0
1771511400000,1.3975,1.4034,1.3891,1.4015,1386368.0
1771512300000,1.4013,1.4043,1.3972,1.3997,924543.0
1771513200000,1.3999,1.4093,1.3892,1.3906,1595110.0
1771514100000,1.3899,1.3971,1.3869,1.3874,925274.0
1771515000000,1.3876,1.4025,1.3856,1.3978,1002817.0
1771515900000,1.3976,1.4008,1.3907,1.3969,438597.0
1771516800000,1.3969,1.3969,1.3811,1.3856,1388893.0
1771517700000,1.3854,1.3983,1.3848,1.3874,1277127.0
1771518600000,1.3874,1.3968,1.3874,1.3937,492309.0
1771519500000,1.3935,1.3954,1.3878,1.3914,384572.0
1771520400000,1.3912,1.4029,1.3906,1.4023,475214.0
1771521300000,1.4023,1.4123,1.4003,1.4028,1686733.0
1771522200000,1.4032,1.4041,1.398,1.4007,421555.0
1771523100000,1.4007,1.4018,1.3903,1.395,526121.0
1771524000000,1.395,1.4033,1.3932,1.4029,353357.0
1771524900000,1.4026,1.4112,1.3987,1.41,491938.0
1771525800000,1.41,1.4119,1.4033,1.4115,1042009.0
1771526700000,1.4115,1.4128,1.4086,1.4126,451753.0
1771527600000,1.4126,1.4181,1.41,1.4126,592061.0
1771528500000,1.4128,1.4133,1.4076,1.409,246757.0
1771529400000,1.409,1.4103,1.4033,1.4061,307996.0
1771530300000,1.4061,1.4132,1.4037,1.4118,581780.0
1771531200000,1.4116,1.4121,1.406,1.4075,315996.0
1771532100000,1.4072,1.4074,1.4038,1.4059,235917.0
1771533000000,1.4059,1.4084,1.4042,1.4079,180173.0
1771533900000,1.4079,1.414,1.4077,1.4096,455498.0
1771534800000,1.41,1.4116,1.4086,1.4086,769149.0
1771535700000,1.4088,1.4123,1.408,1.4116,225134.0
1771536600000,1.4114,1.412,1.4091,1.4091,116127.0
1771537500000,1.4091,1.4103,1.4064,1.4072,191407.0
1771538400000,1.4072,1.4101,1.4033,1.4088,454485.0
1771539300000,1.4088,1.409,1.4025,1.4031,211278.0
1771540200000,1.4031,1.4031,1.3965,1.3979,449133.0
1771541100000,1.3977,1.4023,1.3943,1.4005,382486.0
1771542000000,1.4,1.4035,1.3992,1.4012,236536.0
1771542900000,1.4009,1.406,1.4007,1.4051,173991.0
1771543800000,1.4051,1.4075,1.4042,1.4072,140776.0
1771544700000,1.4072,1.4088,1.4043,1.4061,204373.0
1771545600000,1.4059,1.413,1.4045,1.4126,686101.0
1771546500000,1.4124,1.4202,1.4111,1.4201,741399.0
1771547400000,1.4198,1.4202,1.4162,1.4183,406629.0
1771548300000,1.4181,1.4187,1.415,1.416,176046.0
1771549200000,1.4162,1.4194,1.4147,1.4194,223505.0
1771550100000,1.4194,1.4196,1.4151,1.417,162779.0
1771551000000,1.4168,1.4232,1.4168,1.4222,279262.0
1771551900000,1.4222,1.4243,1.4175,1.424,338983.0
1771552800000,1.4243,1.4278,1.4197,1.4217,454384.0
1771553700000,1.4217,1.4233,1.4191,1.4192,261089.0
1771554600000,1.4194,1.4226,1.4192,1.422,329723.0
1771555500000,1.422,1.4222,1.4167,1.4169,108359.0
1771556400000,1.4169,1.4184,1.4146,1.4163,308026.0
1771557300000,1.4163,1.42,1.4146,1.4185,243666.0
1771558200000,1.4183,1.4185,1.4122,1.4129,302102.0
1771559100000,1.4129,1.4136,1.4106,1.4119,274024.0
1771560000000,1.4119,1.4129,1.407,1.4075,404149.0
1771560900000,1.4075,1.4082,1.3996,1.4053,599748.0
1771561800000,1.4053,1.4113,1.4038,1.4111,280826.0
1771562700000,1.4113,1.4113,1.4079,1.4099,254657.0
1771563600000,1.4097,1.4108,1.4068,1.407,147742.0
1771564500000,1.407,1.4111,1.4042,1.4096,213167.0
1771565400000,1.4101,1.4236,1.41,1.4199,788971.0
1771566300000,1.4199,1.423,1.4169,1.4181,472197.0
1771567200000,1.4179,1.4192,1.4157,1.4164,217102.0
1771568100000,1.4166,1.4203,1.4138,1.4141,244523.0
1771569000000,1.4141,1.4194,1.4123,1.4184,331599.0
1771569900000,1.4184,1.4206,1.4175,1.4195,222415.0
1771570800000,1.4195,1.4202,1.4178,1.4188,113168.0
1771571700000,1.4186,1.4213,1.4186,1.4197,206491.0
1771572600000,1.4197,1.4211,1.4184,1.4194,140493.0
1771573500000,1.4196,1.4228,1.4157,1.4186,253976.0
1771574400000,1.4186,1.4202,1.417,1.4193,184118.0
1771575300000,1.4191,1.4219,1.4156,1.4167,286065.0
1771576200000,1.4165,1.4179,1.4133,1.4148,330691.0
1771577100000,1.415,1.4188,1.4139,1.4181,258970.0
1771578000000,1.4179,1.427,1.4174,1.4258,1194468.0
1771578900000,1.4256,1.4277,1.4224,1.4234,389851.0
1771579800000,1.4234,1.4239,1.4209,1.4212,248983.0
1771580700000,1.4214,1.423,1.4206,1.422,254927.0
1771581600000,1.4222,1.4264,1.4217,1.4231,281909.0
1771582500000,1.4231,1.4266,1.4226,1.4252,341526.0
1771583400000,1.425,1.4261,1.4223,1.4229,332333.0
1771584300000,1.4229,1.423,1.4194,1.4201,460849.0
1771585200000,1.4201,1.4218,1.4155,1.4166,465553.0
1771586100000,1.4168,1.417,1.4109,1.4139,510742.0
1771587000000,1.4141,1.4147,1.4041,1.4041,542872.0
1771587900000,1.4043,1.4073,1.402,1.4041,567456.0
1771588800000,1.405,1.4075,1.4026,1.407,427672.0
1771589700000,1.4072,1.4082,1.4031,1.4045,364886.0
1771590600000,1.4043,1.4072,1.4038,1.404,173892.0
1771591500000,1.4038,1.4084,1.4023,1.404,652842.0
1771592400000,1.404,1.4042,1.3954,1.4006,1637332.0
1771593300000,1.4006,1.4021,1.3964,1.4008,483838.0
1771594200000,1.4008,1.4014,1.3766,1.3808,2823244.0
1771595100000,1.3806,1.3887,1.3792,1.3836,1025741.0
1771596000000,1.3833,1.3906,1.3827,1.3889,846378.0
1771596900000,1.3891,1.3992,1.388,1.3968,951886.0
1771597800000,1.397,1.4066,1.3943,1.4012,1411966.0
1771598700000,1.4014,1.4034,1.3976,1.3988,609213.0
1771599600000,1.3998,1.4295,1.3993,1.4077,4101800.0
1771600500000,1.4085,1.4255,1.4038,1.4221,1326641.0
1771601400000,1.4218,1.4233,1.4083,1.4114,1029801.0
1771602300000,1.4116,1.4293,1.4105,1.4283,966676.0
1771603200000,1.4283,1.4367,1.4261,1.433,1629130.0
1771604100000,1.433,1.438,1.4253,1.4287,1366651.0
1771605000000,1.4287,1.4315,1.4229,1.4245,1031851.0
1771605900000,1.4245,1.4359,1.4232,1.432,437901.0
1771606800000,1.4323,1.4323,1.4114,1.4117,1267254.0
1771607700000,1.4117,1.4144,1.4069,1.4134,1147689.0
1771608600000,1.4132,1.4221,1.408,1.4197,651454.0
1771609500000,1.4197,1.4311,1.417,1.4292,1296275.0
1771610400000,1.429,1.4318,1.4258,1.4288,648570.0
1771611300000,1.4288,1.4315,1.4254,1.4282,424511.0
1771612200000,1.4282,1.4384,1.4226,1.4308,1110430.0
1771613100000,1.4306,1.4351,1.4276,1.4325,554771.0
1771614000000,1.4325,1.4345,1.4254,1.4265,334594.0
1771614900000,1.4265,1.4294,1.4237,1.4257,345161.0
1771615800000,1.4257,1.4302,1.4212,1.423,265466.0
1771616700000,1.423,1.4242,1.4202,1.4231,402038.0
1771617600000,1.4229,1.4291,1.422,1.4276,869132.0
1771618500000,1.4278,1.4278,1.4175,1.418,488574.0
1771619400000,1.418,1.422,1.414,1.4219,398041.0
1771620300000,1.4219,1.423,1.4163,1.4186,212263.0
1771621200000,1.4193,1.4214,1.4172,1.4188,311994.0
1771622100000,1.4186,1.4201,1.4175,1.4193,134974.0
1771623000000,1.4195,1.4247,1.4179,1.4229,358447.0
1771623900000,1.4229,1.4229,1.4198,1.421,203094.0
1771624800000,1.421,1.4215,1.417,1.4184,385073.0
1771625700000,1.4182,1.4288,1.4178,1.4261,445344.0
1771626600000,1.4261,1.4287,1.4223,1.4225,226530.0
1771627500000,1.4227,1.4293,1.4225,1.4291,215848.0
1771628400000,1.4291,1.4308,1.4248,1.4249,302940.0
1771629300000,1.4249,1.4286,1.423,1.4284,175639.0
1771630200000,1.4286,1.4291,1.425,1.4263,178807.0
1771631100000,1.4261,1.4295,1.4261,1.4283,86124.0
1771632000000,1.4285,1.4289,1.424,1.4246,214292.0
1771632900000,1.4248,1.4255,1.4232,1.4236,143802.0
1771633800000,1.4236,1.4239,1.4194,1.4197,323886.0
1771634700000,1.4197,1.4222,1.4189,1.422,145046.0
1771635600000,1.4222,1.4272,1.422,1.4271,212696.0
1771636500000,1.4274,1.4276,1.4245,1.4252,123604.0
1771637400000,1.4248,1.4309,1.4248,1.4305,400144.0
1771638300000,1.4303,1.4324,1.4289,1.43,239897.0
1771639200000,1.4301,1.4313,1.4277,1.4297,224145.0
1771640100000,1.4295,1.4326,1.4289,1.4312,149607.0
1771641000000,1.4314,1.4327,1.4309,1.4325,154254.0
1771641900000,1.4327,1.433,1.4296,1.4297,170499.0
1771642800000,1.4297,1.4302,1.4239,1.4263,406203.0
1771643700000,1.4265,1.4293,1.4256,1.4287,129797.0
1771644600000,1.4285,1.4299,1.4227,1.4236,304636.0
1771645500000,1.4236,1.4251,1.4231,1.4249,140329.0
1771646400000,1.4251,1.4264,1.4239,1.4256,318341.0
1771647300000,1.4258,1.4268,1.4237,1.4258,98152.0
1771648200000,1.4258,1.4289,1.4257,1.4265,103905.0
1771649100000,1.426,1.4281,1.4252,1.4277,96245.0
1771650000000,1.4277,1.4286,1.4269,1.4269,76967.0
1771650900000,1.4269,1.4292,1.4269,1.429,94245.0
1771651800000,1.429,1.4307,1.4284,1.4284,113610.0
1771652700000,1.4284,1.4286,1.4262,1.427,109732.0
1771653600000,1.4272,1.4349,1.427,1.4346,504346.0
1771654500000,1.4346,1.4348,1.4304,1.431,251249.0
1771655400000,1.4308,1.4312,1.4273,1.4289,246614.0
1771656300000,1.4289,1.43,1.4273,1.4287,148181.0
1771657200000,1.4288,1.4305,1.4271,1.4301,130164.0
1771658100000,1.4301,1.4312,1.4289,1.4296,99930.0
1771659000000,1.4298,1.4319,1.4296,1.4306,196315.0
1771659900000,1.4304,1.4315,1.4302,1.4305,96372.0
1771660800000,1.4307,1.4307,1.4267,1.4279,273663.0
1771661700000,1.4277,1.4308,1.4272,1.4295,242468.0
1771662600000,1.4295,1.4327,1.4289,1.4322,138373.0
1771663500000,1.4324,1.4346,1.4305,1.4334,276178.0
1771664400000,1.4334,1.4345,1.4323,1.4325,230598.0
1771665300000,1.4323,1.4424,1.4323,1.4416,1005099.0
1771666200000,1.4416,1.4454,1.4407,1.4412,850473.0
1771667100000,1.441,1.4417,1.4383,1.4391,339596.0
1771668000000,1.4391,1.4403,1.4361,1.4369,260963.0
1771668900000,1.4369,1.4414,1.4362,1.4404,286606.0
1771669800000,1.4402,1.4418,1.4389,1.4409,139617.0
1771670700000,1.4409,1.4409,1.4381,1.4392,261592.0
1771671600000,1.4392,1.4421,1.4379,1.4403,295028.0
1771672500000,1.4403,1.4442,1.439,1.4429,382464.0
1771673400000,1.4429,1.4433,1.4396,1.443,385753.0
1771674300000,1.4438,1.445,1.4417,1.4431,498765.0
1771675200000,1.4431,1.4445,1.4392,1.4394,370571.0
1771676100000,1.4394,1.4404,1.4372,1.4375,548478.0
1771677000000,1.4375,1.4379,1.4348,1.4368,594947.0
1771677900000,1.4368,1.4405,1.4366,1.4395,417394.0
1771678800000,1.4395,1.4405,1.4385,1.4398,228746.0
1771679700000,1.44,1.4426,1.4385,1.4388,170644.0
1771680600000,1.4391,1.441,1.4362,1.4378,424563.0
1771681500000,1.438,1.4474,1.4378,1.447,471297.0
1771682400000,1.447,1.4486,1.444,1.4469,620659.0
1771683300000,1.4471,1.4594,1.4454,1.4561,1719039.0
1771684200000,1.4561,1.4635,1.4552,1.4585,1138022.0
1771685100000,1.4587,1.4628,1.4538,1.4546,895817.0
1771686000000,1.4546,1.4565,1.451,1.4531,890517.0
1771686900000,1.4533,1.4542,1.4481,1.4481,521015.0
1771687800000,1.448,1.4558,1.446,1.4553,856680.0
1771688700000,1.4552,1.4562,1.4495,1.4498,441383.0
1771689600000,1.4494,1.4511,1.4432,1.446,1025731.0
1771690500000,1.446,1.4465,1.4379,1.4421,809919.0
1771691400000,1.4421,1.4428,1.4387,1.4418,339341.0
1771692300000,1.4418,1.4433,1.4402,1.4407,224899.0
1771693200000,1.4407,1.4423,1.4368,1.4403,650579.0
1771694100000,1.4397,1.4404,1.4359,1.4374,446569.0
1771695000000,1.4374,1.4416,1.4355,1.441,270771.0
1771695900000,1.441,1.4422,1.4399,1.441,247136.0
1771696800000,1.441,1.4438,1.4408,1.4425,204360.0
1771697700000,1.4425,1.446,1.4421,1.4436,262357.0
1771698600000,1.4436,1.4474,1.4432,1.4474,188158.0
1771699500000,1.4473,1.4489,1.4464,1.4473,245194.0
1771700400000,1.4471,1.4473,1.4427,1.4441,214712.0
1771701300000,1.4441,1.4446,1.4415,1.4439,143189.0
1771702200000,1.4437,1.448,1.4419,1.4448,162997.0
1771703100000,1.4448,1.4455,1.4421,1.4425,177555.0
1771704000000,1.4427,1.4427,1.4396,1.4403,502353.0
1771704900000,1.4403,1.4426,1.4398,1.4419,252896.0
1771705800000,1.4419,1.4425,1.4344,1.4369,523328.0
1771706700000,1.4369,1.4404,1.4358,1.4367,402172.0
1771707600000,1.4367,1.4381,1.435,1.4379,499470.0
1771708500000,1.4379,1.4402,1.437,1.4393,195083.0
1771709400000,1.4391,1.4413,1.4384,1.4384,241738.0
1771710300000,1.4384,1.4407,1.438,1.4405,173693.0
1771711200000,1.4403,1.4423,1.4364,1.4409,263005.0
1771712100000,1.4409,1.4411,1.4371,1.4371,240515.0
1771713000000,1.4368,1.4376,1.4308,1.4328,518461.0
1771713900000,1.4326,1.436,1.4317,1.4317,180501.0
1771714800000,1.4317,1.4346,1.4292,1.4302,340478.0
1771715700000,1.43,1.4342,1.4294,1.4334,286452.0
1771716600000,1.4336,1.434,1.432,1.4321,159171.0
1771717500000,1.432,1.4328,1.4295,1.4297,145361.0
1771718400000,1.4297,1.433,1.4283,1.4288,314734.0
1771719300000,1.4286,1.432,1.4256,1.4295,628469.0
1771720200000,1.429,1.4295,1.4257,1.4259,215828.0
1771721100000,1.4259,1.4284,1.4235,1.428,297933.0
1771722000000,1.4269,1.4305,1.4269,1.4271,323824.0
1771722900000,1.4271,1.4301,1.4268,1.4301,260375.0
1771723800000,1.4299,1.4315,1.4284,1.4306,288221.0
1771724700000,1.4313,1.4323,1.4302,1.4318,144988.0
1771725600000,1.432,1.432,1.4284,1.4314,198498.0
1771726500000,1.4314,1.4316,1.4254,1.4259,272334.0
1771727400000,1.4259,1.4288,1.4245,1.4259,266863.0
1771728300000,1.4261,1.4265,1.4215,1.4233,572842.0
1771729200000,1.4233,1.4265,1.4227,1.4241,265075.0
1771730100000,1.4241,1.4251,1.4175,1.421,686833.0
1771731000000,1.4208,1.4228,1.4196,1.4217,220769.0
1771731900000,1.4217,1.4236,1.4206,1.4228,193379.0
1771732800000,1.4228,1.425,1.4217,1.425,331952.0
1771733700000,1.425,1.425,1.4222,1.4235,114189.0
1771734600000,1.4237,1.4249,1.4208,1.4218,137625.0
1771735500000,1.422,1.4225,1.421,1.4216,95183.0
1771736400000,1.4218,1.4223,1.4175,1.4187,411783.0
1771737300000,1.4191,1.4211,1.4186,1.4208,91231.0
1771738200000,1.4208,1.4212,1.4191,1.4198,101343.0
1771739100000,1.4198,1.4201,1.4162,1.4201,243472.0
1771740000000,1.4199,1.4228,1.4176,1.4191,279589.0
1771740900000,1.4191,1.4218,1.4177,1.4203,255036.0
1771741800000,1.4203,1.424,1.4194,1.4216,308091.0
1771742700000,1.4218,1.4232,1.4213,1.4227,96401.0
1771743600000,1.4227,1.4227,1.4186,1.4199,279984.0
1771744500000,1.4197,1.4218,1.4184,1.4214,164625.0
1771745400000,1.4212,1.4221,1.4196,1.4209,125878.0
1771746300000,1.4209,1.4229,1.4198,1.4202,183972.0
1771747200000,1.4202,1.4223,1.4194,1.4221,208236.0
1771748100000,1.4221,1.4223,1.4176,1.4185,226868.0
1771749000000,1.4187,1.4191,1.4159,1.4181,285909.0
1771749900000,1.4183,1.4193,1.4168,1.4174,128430.0
1771750800000,1.4174,1.4197,1.4164,1.419,143239.0
1771751700000,1.4192,1.4209,1.4189,1.4194,163355.0
1771752600000,1.4192,1.4205,1.4186,1.4203,143125.0
1771753500000,1.4203,1.4215,1.4195,1.4196,145718.0
1771754400000,1.4198,1.4234,1.4184,1.4228,164841.0
1771755300000,1.4226,1.4249,1.4219,1.4233,287913.0
1771756200000,1.4231,1.4243,1.4224,1.4224,150860.0
1771757100000,1.4224,1.4226,1.4196,1.4202,183129.0
1771758000000,1.4202,1.4238,1.4198,1.4223,279331.0
1771758900000,1.4225,1.4231,1.4206,1.4214,210446.0
1771759800000,1.4214,1.424,1.4208,1.4221,215685.0
1771760700000,1.4219,1.4236,1.4215,1.4227,115704.0
1771761600000,1.4227,1.4228,1.412,1.4122,1404457.0
1771762500000,1.4122,1.4148,1.4096,1.4137,659075.0
1771763400000,1.4137,1.4141,1.4074,1.408,879906.0
1771764300000,1.4078,1.4094,1.4064,1.4083,488817.0
1771765200000,1.4082,1.4101,1.4039,1.4086,1177096.0
1771766100000,1.4084,1.4098,1.4059,1.4062,248524.0
1771767000000,1.4062,1.4077,1.3967,1.3985,2004846.0
1771767900000,1.3985,1.4003,1.3968,1.3994,1213354.0
1771768800000,1.3994,1.4016,1.3942,1.3998,1214002.0
1771769700000,1.3996,1.4005,1.397,1.3981,659598.0
1771770600000,1.3981,1.4001,1.3946,1.3953,1131701.0
1771771500000,1.3951,1.3974,1.3938,1.396,618247.0
1771772400000,1.3962,1.3966,1.3893,1.3905,2028841.0
1771773300000,1.3903,1.3924,1.3853,1.3906,1348057.0
1771774200000,1.3908,1.3955,1.389,1.3932,778538.0
1771775100000,1.393,1.3942,1.3919,1.3924,753061.0
1771776000000,1.3923,1.394,1.3903,1.3919,514799.0
1771776900000,1.3919,1.3927,1.3866,1.3882,737326.0
1771777800000,1.3882,1.3888,1.387,1.3881,380545.0
1771778700000,1.3883,1.3932,1.3881,1.3917,351924.0
1771779600000,1.3917,1.3917,1.3861,1.3867,304858.0
1771780500000,1.3867,1.3888,1.3863,1.3878,260620.0
1771781400000,1.3878,1.3887,1.3823,1.3866,1416955.0
1771782300000,1.3864,1.3877,1.3848,1.3871,224004.0
1771783200000,1.3871,1.3885,1.3861,1.3885,177260.0
1771784100000,1.3885,1.3908,1.388,1.3888,256602.0
1771785000000,1.3886,1.3894,1.3865,1.3887,197775.0
1771785900000,1.389,1.3906,1.3887,1.3895,271486.0
1771786800000,1.3893,1.3899,1.3842,1.3847,427624.0
1771787700000,1.3847,1.3868,1.3844,1.3862,333493.0
1771788600000,1.386,1.3891,1.3857,1.3874,169521.0
1771789500000,1.3876,1.388,1.3853,1.3854,335431.0
1771790400000,1.3859,1.386,1.3791,1.3801,939009.0
1771791300000,1.3802,1.3857,1.3801,1.3854,355412.0
1771792200000,1.3856,1.3856,1.3822,1.3831,330024.0
1771793100000,1.383,1.3852,1.3803,1.382,239105.0
1771794000000,1.3822,1.387,1.3822,1.3859,427150.0
1771794900000,1.3859,1.387,1.3829,1.3831,215446.0
1771795800000,1.3836,1.39,1.3831,1.3893,479321.0
1771796700000,1.3893,1.3908,1.3888,1.3902,615754.0
1771797600000,1.3904,1.3926,1.3883,1.391,380233.0
1771798500000,1.3908,1.3984,1.3905,1.3956,939983.0
1771799400000,1.3956,1.3992,1.3936,1.3984,357157.0
1771800300000,1.3984,1.4011,1.3979,1.4006,460531.0
1771801200000,1.4006,1.4006,1.3929,1.3931,581418.0
1771802100000,1.3931,1.3942,1.389,1.3923,499254.0
1771803000000,1.3925,1.3929,1.3886,1.3887,192541.0
1771803900000,1.389,1.3948,1.3873,1.3918,351386.0
1771804800000,1.3925,1.3938,1.3901,1.3905,264266.0
1771805700000,1.3907,1.3907,1.3816,1.3844,690534.0
1771806600000,1.3844,1.385,1.372,1.372,1435000.0
1771807500000,1.372,1.3744,1.3633,1.3638,1659038.0
1771808400000,1.3638,1.3647,1.3439,1.3471,6396493.0
1771809300000,1.3469,1.3471,1.3292,1.3361,3617383.0
1771810200000,1.3363,1.3472,1.334,1.3439,1276255.0
1771811100000,1.3437,1.3444,1.3298,1.3319,1693536.0
1771812000000,1.3319,1.3429,1.3312,1.3384,849437.0
1771812900000,1.3384,1.3399,1.332,1.3366,495345.0
1771813800000,1.3362,1.3409,1.3358,1.3404,411307.0
1771814700000,1.3402,1.342,1.3391,1.3413,278305.0
1771815600000,1.3411,1.3517,1.3406,1.3465,716430.0
1771816500000,1.3468,1.3474,1.3382,1.3399,642806.0
1771817400000,1.3401,1.3457,1.3399,1.345,444451.0
1771818300000,1.345,1.3453,1.3395,1.3404,257148.0
1771819200000,1.3402,1.3411,1.3358,1.3396,949429.0
1771820100000,1.3398,1.3398,1.3353,1.3384,350285.0
1771821000000,1.3384,1.3398,1.3349,1.3359,217615.0
1771821900000,1.3359,1.3382,1.3358,1.3377,159328.0
1771822800000,1.3377,1.3441,1.3377,1.3414,356184.0
1771823700000,1.3412,1.347,1.341,1.3412,863960.0
1771824600000,1.341,1.345,1.341,1.3429,277584.0
1771825500000,1.3429,1.3444,1.3396,1.3421,228777.0
1771826400000,1.3419,1.3566,1.3411,1.356,831596.0
1771827300000,1.3558,1.3567,1.352,1.3528,535083.0
1771828200000,1.3526,1.3642,1.3523,1.3618,583241.0
1771829100000,1.362,1.3684,1.3618,1.3673,638640.0
1771830000000,1.3671,1.3729,1.3665,1.3709,722481.0
1771830900000,1.3711,1.3711,1.3664,1.3676,412297.0
1771831800000,1.3678,1.377,1.3665,1.3757,510321.0
1771832700000,1.3754,1.3759,1.3701,1.3704,536732.0
1771833600000,1.3704,1.3715,1.3678,1.3713,659347.0
1771834500000,1.3713,1.3724,1.3644,1.3649,1070903.0
1771835400000,1.3647,1.3674,1.3612,1.3616,575575.0
1771836300000,1.3616,1.3657,1.3612,1.3651,463585.0
1771837200000,1.3651,1.3705,1.3648,1.368,765217.0
1771838100000,1.368,1.3756,1.3649,1.3752,546227.0
1771839000000,1.3752,1.3943,1.3742,1.3877,2511996.0
1771839900000,1.3877,1.395,1.3875,1.3906,1048038.0
1771840800000,1.3904,1.3965,1.3864,1.3881,906619.0
1771841700000,1.3883,1.3967,1.3879,1.3939,608915.0
1771842600000,1.3941,1.3966,1.3902,1.3937,676442.0
1771843500000,1.3937,1.3956,1.3909,1.3916,503347.0
1771844400000,1.3918,1.395,1.391,1.3942,619951.0
1771845300000,1.394,1.4051,1.3936,1.3995,1247861.0
1771846200000,1.3995,1.4025,1.3971,1.3991,591579.0
1771847100000,1.3989,1.3996,1.3941,1.3961,543132.0
1771848000000,1.3961,1.4049,1.3947,1.4029,710876.0
1771848900000,1.4031,1.4064,1.4012,1.4021,492524.0
1771849800000,1.4023,1.4242,1.4008,1.4171,2227308.0
1771850700000,1.4172,1.4216,1.412,1.4122,751771.0
1771851600000,1.412,1.4142,1.408,1.4082,675757.0
1771852500000,1.4085,1.4095,1.4063,1.4092,507176.0
1771853400000,1.4092,1.41,1.4021,1.4068,1028839.0
1771854300000,1.4066,1.407,1.3945,1.3956,896860.0
1771855200000,1.3949,1.3984,1.3903,1.398,1219960.0
1771856100000,1.398,1.398,1.3836,1.3837,1105889.0
1771857000000,1.3836,1.391,1.3699,1.3797,2195891.0
1771857900000,1.3792,1.3894,1.3742,1.3827,1286980.0
1771858800000,1.3827,1.3889,1.3777,1.3827,984762.0
1771859700000,1.3827,1.3885,1.3751,1.3762,1072092.0
1771860600000,1.3762,1.3807,1.3689,1.3729,1010460.0
1771861500000,1.3729,1.3757,1.3664,1.3701,515417.0
1771862400000,1.37,1.3714,1.3608,1.3619,1240563.0
1771863300000,1.3626,1.3776,1.3623,1.3775,1263530.0
1771864200000,1.3776,1.3777,1.3662,1.3692,768768.0
1771865100000,1.3692,1.3698,1.3635,1.3657,487059.0
1771866000000,1.3655,1.3694,1.3591,1.3601,533117.0
1771866900000,1.3606,1.3638,1.3552,1.356,1513826.0
1771867800000,1.3555,1.36,1.3499,1.3552,1168211.0
1771868700000,1.3552,1.3636,1.3479,1.3636,1056141.0
1771869600000,1.3636,1.3707,1.3605,1.366,1056884.0
1771870500000,1.366,1.367,1.3609,1.364,478468.0
1771871400000,1.364,1.3737,1.3621,1.3692,607336.0
1771872300000,1.3695,1.3703,1.3624,1.3644,371925.0
1771873200000,1.3644,1.3659,1.3605,1.3607,276783.0
1771874100000,1.3605,1.3612,1.3553,1.3576,638560.0
1771875000000,1.3575,1.3628,1.3552,1.3611,336212.0
1771875900000,1.3611,1.3635,1.3548,1.3565,413182.0
1771876800000,1.3563,1.3588,1.3521,1.3522,443524.0
1771877700000,1.3522,1.3557,1.3492,1.351,498755.0
1771878600000,1.351,1.3575,1.3508,1.3547,251560.0
1771879500000,1.3545,1.357,1.3521,1.355,298415.0
1771880400000,1.3548,1.3565,1.3494,1.3555,595040.0
1771881300000,1.3555,1.3602,1.3537,1.3565,536972.0
1771882200000,1.3567,1.3618,1.3536,1.3579,236386.0
1771883100000,1.3579,1.3628,1.3571,1.3613,357516.0
1771884000000,1.3611,1.3665,1.359,1.3646,368817.0
1771884900000,1.3649,1.3654,1.3624,1.3627,225306.0
1771885800000,1.3627,1.3636,1.3602,1.3605,287863.0
1771886700000,1.3605,1.3611,1.3545,1.3554,306214.0
1771887600000,1.3552,1.3588,1.355,1.3572,184279.0
1771888500000,1.3574,1.3578,1.3541,1.3549,126802.0
1771889400000,1.3551,1.3576,1.3518,1.3521,302563.0
1771890300000,1.3523,1.3544,1.3497,1.3512,265047.0
1771891200000,1.351,1.3567,1.351,1.3554,281162.0
1771892100000,1.3554,1.3572,1.3533,1.3539,162405.0
1771893000000,1.3539,1.3569,1.3528,1.3551,262141.0
1771893900000,1.3553,1.3574,1.3537,1.3562,205590.0
1771894800000,1.356,1.3562,1.3416,1.3443,842874.0
1771895700000,1.3441,1.3557,1.3267,1.3552,2345659.0
1771896600000,1.355,1.3611,1.3472,1.3509,1104026.0
1771897500000,1.3511,1.3552,1.3464,1.3499,642034.0
1771898400000,1.3499,1.3505,1.3429,1.3469,407692.0
1771899300000,1.3471,1.3503,1.3424,1.3503,197944.0
1771900200000,1.3501,1.3568,1.3456,1.3462,346817.0
1771901100000,1.3462,1.3478,1.3438,1.3471,234381.0
1771902000000,1.3469,1.3472,1.3347,1.3379,684712.0
1771902900000,1.3379,1.3409,1.33,1.3301,469845.0
1771903800000,1.3301,1.3333,1.3276,1.3304,416107.0
1771904700000,1.331,1.3343,1.3267,1.3314,408198.0
1771905600000,1.3312,1.3336,1.3238,1.3238,645819.0
1771906500000,1.3241,1.3338,1.321,1.33,930372.0
1771907400000,1.3298,1.33,1.3236,1.3287,267398.0
1771908300000,1.3285,1.3315,1.3276,1.3311,178827.0
1771909200000,1.3309,1.3414,1.3295,1.3387,710223.0
1771910100000,1.3395,1.3395,1.325,1.3274,552924.0
1771911000000,1.3276,1.3308,1.3251,1.3262,359260.0
1771911900000,1.3262,1.3309,1.3245,1.3307,600433.0
1771912800000,1.3305,1.332,1.3249,1.3275,762960.0
1771913700000,1.3273,1.3338,1.3272,1.3333,231907.0
1771914600000,1.3333,1.3367,1.3312,1.3329,213089.0
1771915500000,1.3329,1.3329,1.3272,1.3285,231281.0
1771916400000,1.3287,1.3305,1.3227,1.3298,507887.0
1771917300000,1.3298,1.3305,1.324,1.3284,270216.0
1771918200000,1.3284,1.3296,1.3231,1.324,265463.0
1771919100000,1.324,1.3257,1.3215,1.3257,322435.0
1771920000000,1.3256,1.3269,1.3214,1.3254,344335.0
1771920900000,1.3256,1.3319,1.3232,1.3297,474849.0
1771921800000,1.3297,1.3345,1.3293,1.332,302931.0
1771922700000,1.332,1.3345,1.3306,1.3316,122094.0
1771923600000,1.3314,1.3337,1.327,1.3288,261211.0
1771924500000,1.3286,1.3292,1.3242,1.3255,165475.0
1771925400000,1.3255,1.3305,1.3207,1.3292,602876.0
1771926300000,1.3292,1.3332,1.3275,1.3308,195421.0
1771927200000,1.3307,1.3328,1.3289,1.3302,169239.0
1771928100000,1.3301,1.3348,1.3288,1.3332,310446.0
1771929000000,1.3332,1.3347,1.3263,1.3281,480031.0
1771929900000,1.3281,1.3332,1.327,1.3301,190528.0
1771930800000,1.3299,1.3319,1.3285,1.3295,123679.0
1771931700000,1.3295,1.3323,1.3284,1.3303,126145.0
1771932600000,1.3303,1.3334,1.3271,1.3305,240845.0
1771933500000,1.3307,1.3334,1.3305,1.3329,240010.0
1771934400000,1.3324,1.3363,1.3315,1.334,306762.0
1771935300000,1.3342,1.3348,1.3313,1.3334,211858.0
1771936200000,1.3335,1.3373,1.3292,1.3307,1209066.0
1771937100000,1.3307,1.3358,1.3284,1.3313,479052.0
1771938000000,1.3313,1.3349,1.3301,1.3345,220648.0
1771938900000,1.3345,1.3345,1.3292,1.3297,207298.0
1771939800000,1.3297,1.3321,1.3222,1.3303,1053198.0
1771940700000,1.3303,1.3334,1.3292,1.3302,200006.0
1771941600000,1.3302,1.3302,1.324,1.3253,549907.0
1771942500000,1.3253,1.3263,1.3216,1.3233,882260.0
1771943400000,1.3233,1.335,1.3117,1.3297,2809492.0
1771944300000,1.3297,1.3448,1.3292,1.335,1319822.0
1771945200000,1.3348,1.341,1.3318,1.3401,746629.0
1771946100000,1.3403,1.3519,1.338,1.3493,1081241.0
1771947000000,1.3493,1.3515,1.3437,1.3469,564313.0
1771947900000,1.3467,1.3512,1.3452,1.3507,378299.0
1771948800000,1.3509,1.3631,1.3502,1.3595,1254688.0
1771949700000,1.3593,1.3611,1.3511,1.3536,906934.0
1771950600000,1.3536,1.3552,1.3445,1.353,709615.0
1771951500000,1.3531,1.3578,1.3462,1.357,470717.0
1771952400000,1.3572,1.363,1.3563,1.359,604219.0
1771953300000,1.3591,1.3621,1.3561,1.3567,647011.0
1771954200000,1.3569,1.3595,1.3552,1.3581,458181.0
1771955100000,1.3581,1.3612,1.357,1.3587,300888.0
1771956000000,1.3589,1.367,1.3524,1.3538,592965.0
1771956900000,1.3535,1.3616,1.352,1.3583,289763.0
1771957800000,1.3581,1.3634,1.3577,1.3615,238707.0
1771958700000,1.3615,1.3629,1.3585,1.36,278260.0
1771959600000,1.3598,1.3633,1.3528,1.3536,396062.0
1771960500000,1.3536,1.3545,1.3493,1.3508,436477.0
1771961400000,1.3508,1.3546,1.3502,1.3543,131912.0
1771962300000,1.3543,1.3561,1.3534,1.3554,107672.0
1771963200000,1.3554,1.3581,1.3543,1.3573,388826.0
1771964100000,1.3573,1.3617,1.3571,1.3605,205585.0
1771965000000,1.3603,1.3625,1.3587,1.36,107962.0
1771965900000,1.36,1.3602,1.3558,1.3569,215820.0
1771966800000,1.3569,1.3582,1.351,1.3559,263825.0
1771967700000,1.3559,1.3561,1.3488,1.3502,207305.0
1771968600000,1.3506,1.3535,1.3489,1.3517,234586.0
1771969500000,1.3514,1.3537,1.3504,1.3514,103516.0
1771970400000,1.3514,1.3573,1.3494,1.3541,211050.0
1771971300000,1.3538,1.3549,1.3505,1.3529,268596.0
1771972200000,1.3529,1.355,1.3511,1.3529,118033.0
1771973100000,1.3529,1.3538,1.3494,1.3524,142809.0
1771974000000,1.3526,1.3526,1.3408,1.3451,599805.0
1771974900000,1.3451,1.3494,1.344,1.3489,267352.0
1771975800000,1.3487,1.3536,1.3479,1.3492,329031.0
1771976700000,1.3492,1.3498,1.347,1.3476,228910.0
1771977600000,1.3476,1.3481,1.3449,1.3456,153717.0
1771978500000,1.3454,1.348,1.3404,1.3412,185241.0
1771979400000,1.3412,1.3481,1.341,1.3481,119432.0
1771980300000,1.3475,1.3513,1.3459,1.3464,322797.0
1771981200000,1.3464,1.3838,1.3452,1.3838,2063819.0
1771982100000,1.3832,1.3988,1.3748,1.3847,1998114.0
1771983000000,1.3853,1.3909,1.3794,1.3801,936121.0
1771983900000,1.3799,1.3879,1.3796,1.3859,414185.0
1771984800000,1.3861,1.3941,1.3835,1.3892,714122.0
1771985700000,1.3894,1.3915,1.3864,1.3898,222350.0
1771986600000,1.3901,1.3915,1.3814,1.3832,367770.0
1771987500000,1.3832,1.3849,1.378,1.379,402788.0
1771988400000,1.379,1.3805,1.3745,1.3753,363692.0
1771989300000,1.3751,1.3759,1.366,1.3718,436699.0
1771990200000,1.372,1.372,1.3662,1.3687,272934.0
1771991100000,1.3687,1.371,1.3667,1.3694,222982.0
1771992000000,1.3694,1.3694,1.3589,1.3685,906009.0
1771992900000,1.3683,1.3704,1.3643,1.3692,301420.0
1771993800000,1.369,1.3736,1.3685,1.3732,303488.0
1771994700000,1.3732,1.374,1.3664,1.3679,206983.0
1771995600000,1.3681,1.3692,1.3657,1.3666,126362.0
1771996500000,1.3666,1.3675,1.3603,1.362,300780.0
1771997400000,1.3618,1.3633,1.3524,1.3562,694902.0
1771998300000,1.3562,1.3587,1.355,1.3578,217087.0
1771999200000,1.3578,1.3615,1.3578,1.3614,154919.0
1772000100000,1.3612,1.3645,1.3593,1.3627,256319.0
1772001000000,1.3629,1.3659,1.3624,1.3654,232844.0
1772001900000,1.3654,1.3654,1.3564,1.3592,318999.0
1772002800000,1.3594,1.3644,1.3577,1.3627,327100.0
1772003700000,1.3627,1.3656,1.362,1.3652,298325.0
1772004600000,1.3654,1.3675,1.3614,1.3623,298754.0
1772005500000,1.3625,1.3657,1.3621,1.3653,206915.0
1772006400000,1.3651,1.3662,1.3625,1.3634,103142.0
1772007300000,1.3634,1.3681,1.3624,1.3653,179125.0
1772008200000,1.3651,1.3703,1.3647,1.3697,316087.0
1772009100000,1.3695,1.3726,1.3681,1.3719,406748.0
1772010000000,1.3719,1.3805,1.3711,1.378,650590.0
1772010900000,1.378,1.3814,1.3767,1.3782,358711.0
1772011800000,1.3784,1.3787,1.3754,1.3763,352922.0
1772012700000,1.3765,1.3802,1.3761,1.3791,198236.0
1772013600000,1.3793,1.3835,1.3772,1.3803,1539466.0
1772014500000,1.3803,1.3824,1.3757,1.3757,206616.0
1772015400000,1.3759,1.3771,1.3744,1.3755,180385.0
1772016300000,1.3757,1.3782,1.3734,1.3748,177249.0
1772017200000,1.3746,1.3765,1.3721,1.3743,287058.0
1772018100000,1.3743,1.3806,1.3738,1.3778,225091.0
1772019000000,1.3778,1.3818,1.3771,1.3814,675384.0
1772019900000,1.3812,1.3843,1.3805,1.3831,209711.0
1772020800000,1.3831,1.3845,1.3805,1.3822,280099.0
1772021700000,1.3822,1.3927,1.381,1.3925,561052.0
1772022600000,1.3922,1.3973,1.392,1.394,646731.0
1772023500000,1.3938,1.4026,1.3923,1.3993,886815.0
1772024400000,1.3991,1.4053,1.3981,1.3992,675704.0
1772025300000,1.3994,1.4076,1.3982,1.4062,565775.0
1772026200000,1.4064,1.4198,1.4045,1.4148,1240524.0
1772027100000,1.4146,1.4235,1.4113,1.4127,977418.0
1772028000000,1.4127,1.422,1.4125,1.4205,567613.0
1772028900000,1.4203,1.4243,1.4177,1.4188,462813.0
1772029800000,1.419,1.4248,1.4128,1.4158,998478.0
1772030700000,1.4162,1.436,1.416,1.4353,1406043.0
1772031600000,1.4355,1.4413,1.4247,1.4278,1881913.0
1772032500000,1.4278,1.4369,1.4277,1.4317,890837.0
1772033400000,1.4317,1.4436,1.4279,1.4425,926254.0
1772034300000,1.4423,1.4451,1.4365,1.4403,772683.0
1772035200000,1.4403,1.4455,1.4376,1.4428,658034.0
1772036100000,1.443,1.4495,1.4417,1.4441,899966.0
1772037000000,1.4439,1.4461,1.4373,1.4423,559843.0
1772037900000,1.4423,1.4492,1.4417,1.4478,448802.0
1772038800000,1.4475,1.4573,1.4455,1.4561,1042778.0
1772039700000,1.4561,1.4735,1.456,1.4678,1468142.0
1772040600000,1.4676,1.4716,1.4627,1.4655,610190.0
1772041500000,1.4665,1.4694,1.4619,1.4658,512899.0
1772042400000,1.4658,1.4665,1.4555,1.4632,848055.0
1772043300000,1.4634,1.475,1.4623,1.4725,605476.0
1772044200000,1.4725,1.4753,1.4674,1.4734,575489.0
1772045100000,1.4734,1.4763,1.4697,1.4714,741709.0
1772046000000,1.4714,1.4723,1.4596,1.4625,816646.0
1772046900000,1.4627,1.4676,1.4602,1.4609,416932.0
1772047800000,1.4607,1.4613,1.4534,1.4567,678314.0
1772048700000,1.4567,1.4666,1.4559,1.4661,604155.0
1772049600000,1.4661,1.4708,1.4628,1.4629,536070.0
1772050500000,1.4629,1.4636,1.4575,1.4576,590522.0
1772051400000,1.4575,1.4683,1.4563,1.4645,443550.0
1772052300000,1.4645,1.4692,1.4616,1.4641,867492.0
1772053200000,1.4634,1.4711,1.4627,1.4655,497918.0
1772054100000,1.4655,1.4689,1.4628,1.4628,163900.0
1772055000000,1.4628,1.4935,1.4616,1.4802,2165701.0
1772055900000,1.4802,1.4818,1.4706,1.4756,491536.0
1772056800000,1.4754,1.4849,1.4754,1.4841,391601.0
1772057700000,1.4841,1.487,1.4735,1.4738,448022.0
1772058600000,1.4744,1.4748,1.4559,1.4562,757272.0
1772059500000,1.4564,1.4612,1.4434,1.4555,1116681.0
1772060400000,1.4547,1.457,1.446,1.4502,545840.0
1772061300000,1.4502,1.4502,1.4376,1.4376,442303.0
1772062200000,1.4382,1.439,1.4187,1.4225,1169985.0
1772063100000,1.4209,1.4348,1.4209,1.4333,664260.0
1772064000000,1.4333,1.4393,1.4267,1.4373,512857.0
1772064900000,1.4373,1.4468,1.4366,1.44,542434.0
1772065800000,1.44,1.4434,1.4267,1.4345,522904.0
1772066700000,1.4345,1.4412,1.4318,1.4392,211465.0
1772067600000,1.439,1.4428,1.4341,1.4368,320232.0
1772068500000,1.4368,1.437,1.4293,1.4302,257283.0
1772069400000,1.4304,1.4323,1.4264,1.4272,278374.0
1772070300000,1.4272,1.4284,1.4226,1.4232,355547.0
1772071200000,1.4232,1.4247,1.4177,1.4204,645136.0
1772072100000,1.4204,1.4275,1.4201,1.4224,310290.0
1772073000000,1.4224,1.4346,1.4224,1.4324,406109.0
1772073900000,1.4324,1.4388,1.4297,1.4374,381644.0
1772074800000,1.4372,1.4417,1.4339,1.4352,420312.0
1772075700000,1.4352,1.4391,1.4335,1.4361,175675.0
1772076600000,1.4361,1.4428,1.4355,1.4412,277480.0
1772077500000,1.4412,1.4446,1.4406,1.4413,297551.0
1772078400000,1.4413,1.4509,1.4392,1.4462,272319.0
1772079300000,1.4464,1.4533,1.4427,1.4519,407125.0
1772080200000,1.4519,1.468,1.4513,1.4611,802263.0
1772081100000,1.4611,1.4636,1.4562,1.4582,307042.0
1772082000000,1.458,1.4589,1.4394,1.4448,826847.0
1772082900000,1.4446,1.4505,1.4402,1.4474,373181.0
1772083800000,1.4474,1.4492,1.4438,1.4477,242673.0
1772084700000,1.4479,1.4505,1.4446,1.447,157517.0
1772085600000,1.4472,1.4545,1.4437,1.4499,344662.0
1772086500000,1.4501,1.4525,1.4467,1.4471,159304.0
1772087400000,1.4464,1.4481,1.4444,1.4454,184765.0
1772088300000,1.4454,1.4486,1.4426,1.4437,146187.0
1772089200000,1.4437,1.4446,1.4402,1.4416,252937.0
1772090100000,1.4416,1.4421,1.4365,1.4369,368559.0
1772091000000,1.4364,1.437,1.4311,1.4327,410896.0
1772091900000,1.4327,1.4349,1.4298,1.4334,293847.0
1772092800000,1.4336,1.4411,1.4334,1.4405,436827.0
1772093700000,1.4403,1.4443,1.4376,1.4391,365420.0
1772094600000,1.4384,1.4412,1.4344,1.438,351920.0
1772095500000,1.438,1.4418,1.4348,1.4356,312452.0
1772096400000,1.4355,1.4482,1.434,1.4455,598630.0
1772097300000,1.4457,1.4458,1.4406,1.4419,450007.0
1772098200000,1.4417,1.4488,1.4406,1.4487,249296.0
1772099100000,1.4487,1.4525,1.4483,1.451,544169.0
1772100000000,1.4508,1.4561,1.4493,1.4494,520335.0
1772100900000,1.4496,1.4556,1.4486,1.4518,843111.0
1772101800000,1.4516,1.4537,1.446,1.4481,671850.0
1772102700000,1.4483,1.4483,1.4406,1.442,419089.0
1772103600000,1.4422,1.4447,1.4379,1.4432,287977.0
1772104500000,1.4434,1.4439,1.4368,1.4382,235409.0
1772105400000,1.4384,1.4423,1.4381,1.4412,222454.0
1772106300000,1.441,1.4412,1.434,1.436,308484.0
1772107200000,1.436,1.439,1.435,1.438,266257.0
1772108100000,1.438,1.4406,1.4357,1.4369,183153.0
1772109000000,1.4371,1.4431,1.4368,1.438,283254.0
1772109900000,1.4382,1.4428,1.4365,1.4415,204863.0
1772110800000,1.4415,1.4415,1.4356,1.4363,136344.0
1772111700000,1.4365,1.4453,1.4362,1.4445,422662.0
1772112600000,1.4445,1.4447,1.4404,1.4415,273495.0
1772113500000,1.4415,1.4451,1.4374,1.4392,432769.0
1772114400000,1.439,1.4425,1.4311,1.4406,955846.0
1772115300000,1.4406,1.4406,1.4357,1.4395,284908.0
1772116200000,1.4393,1.4442,1.4307,1.4323,637292.0
1772117100000,1.4325,1.4376,1.4218,1.4352,1224098.0
1772118000000,1.435,1.4352,1.4246,1.4277,512471.0
1772118900000,1.4279,1.4279,1.4124,1.4154,2037531.0
1772119800000,1.4153,1.4265,1.4079,1.423,1378474.0
1772120700000,1.4233,1.4285,1.4157,1.4205,676729.0
1772121600000,1.4205,1.4212,1.4119,1.4153,397860.0
1772122500000,1.4153,1.4225,1.4134,1.4186,447139.0
1772123400000,1.4186,1.4191,1.4037,1.4055,906002.0
1772124300000,1.4053,1.4063,1.3852,1.388,2738682.0
1772125200000,1.388,1.3971,1.3857,1.3924,1489480.0
1772126100000,1.3926,1.397,1.3908,1.3935,370758.0
1772127000000,1.3935,1.396,1.3868,1.3892,473259.0
1772127900000,1.389,1.3909,1.3841,1.3872,561315.0
1772128800000,1.3872,1.3907,1.3821,1.385,439539.0
1772129700000,1.3848,1.3919,1.383,1.3854,601565.0
1772130600000,1.3852,1.399,1.3848,1.3915,672062.0
1772131500000,1.3915,1.3945,1.388,1.3928,403368.0
1772132400000,1.393,1.4089,1.3923,1.3967,1634619.0
1772133300000,1.3967,1.4055,1.3965,1.4008,424551.0
1772134200000,1.4006,1.4054,1.3996,1.401,324872.0
1772135100000,1.4008,1.4092,1.4008,1.4062,215020.0
1772136000000,1.4062,1.4121,1.4042,1.405,495126.0
1772136900000,1.405,1.4078,1.3994,1.3997,221230.0
1772137800000,1.3997,1.3999,1.3943,1.3971,541078.0
1772138700000,1.3971,1.3982,1.3922,1.3926,289193.0
1772139600000,1.3926,1.3949,1.3876,1.3916,471393.0
1772140500000,1.3918,1.3953,1.39,1.3951,226795.0
1772141400000,1.3951,1.3965,1.3921,1.3953,528546.0
1772142300000,1.3946,1.3965,1.3931,1.3939,130400.0
1772143200000,1.3941,1.3987,1.393,1.3966,799759.0
1772144100000,1.3967,1.397,1.3943,1.3961,172102.0
1772145000000,1.3961,1.4018,1.3954,1.4017,251207.0
1772145900000,1.4015,1.4045,1.4005,1.4016,200711.0
1772146800000,1.4016,1.4018,1.396,1.3987,165895.0
1772147700000,1.3987,1.4016,1.3967,1.4008,91077.0
1772148600000,1.4006,1.4028,1.399,1.3992,190288.0
1772149500000,1.3994,1.4023,1.3989,1.4014,74593.0
1772150400000,1.4014,1.4035,1.3974,1.3996,300383.0
1772151300000,1.3996,1.4009,1.397,1.3986,184667.0
1772152200000,1.3986,1.3987,1.3922,1.3963,332675.0
1772153100000,1.3965,1.4032,1.3941,1.401,308339.0
1772154000000,1.4008,1.4029,1.3953,1.3988,633134.0
1772154900000,1.399,1.4033,1.3973,1.4014,652956.0
1772155800000,1.4014,1.4055,1.4,1.4017,239395.0
1772156700000,1.4019,1.4053,1.4009,1.4046,215847.0
1772157600000,1.4049,1.4097,1.4041,1.4068,529324.0
1772158500000,1.407,1.4125,1.4052,1.4069,325350.0
1772159400000,1.4069,1.4125,1.4067,1.4109,216608.0
1772160300000,1.4109,1.4119,1.4058,1.406,179323.0
1772161200000,1.4058,1.4062,1.3993,1.4007,381776.0
1772162100000,1.4007,1.4025,1.3994,1.4003,72657.0
1772163000000,1.4001,1.4037,1.3999,1.4035,126097.0
1772163900000,1.4035,1.4085,1.4022,1.4069,188660.0
1772164800000,1.4071,1.4157,1.4064,1.4145,624033.0
1772165700000,1.4143,1.4207,1.4136,1.4163,722158.0
1772166600000,1.4163,1.4165,1.4091,1.4097,268465.0
1772167500000,1.4097,1.41,1.4045,1.407,263553.0
1772168400000,1.4072,1.4122,1.4067,1.4103,268515.0
1772169300000,1.4105,1.4131,1.4062,1.4089,213812.0
1772170200000,1.4091,1.4141,1.4089,1.4123,242330.0
1772171100000,1.4123,1.4125,1.408,1.4094,234392.0
1772172000000,1.4096,1.4102,1.405,1.4072,365851.0
1772172900000,1.4072,1.4095,1.4033,1.4068,391912.0
1772173800000,1.4068,1.4106,1.4051,1.41,165336.0
1772174700000,1.41,1.4139,1.41,1.4118,206837.0
1772175600000,1.412,1.412,1.4092,1.4105,237733.0
1772176500000,1.4107,1.4121,1.4072,1.4076,186502.0
1772177400000,1.4081,1.4101,1.4051,1.4082,228920.0
1772178300000,1.4082,1.4166,1.408,1.4166,310639.0
1772179200000,1.416,1.4233,1.4159,1.4187,543705.0
1772180100000,1.4187,1.4198,1.4161,1.4187,241404.0
1772181000000,1.4185,1.4227,1.4143,1.4192,406252.0
1772181900000,1.419,1.4229,1.419,1.4207,298746.0
1772182800000,1.4207,1.4251,1.4206,1.4228,294843.0
1772183700000,1.4228,1.4254,1.4179,1.4216,276895.0
1772184600000,1.4218,1.4221,1.4127,1.4128,344058.0
1772185500000,1.413,1.413,1.4039,1.4063,798557.0
1772186400000,1.4057,1.4066,1.3922,1.3929,1146768.0
1772187300000,1.3931,1.3995,1.3922,1.3943,871557.0
1772188200000,1.3943,1.3986,1.3938,1.397,349951.0
1772189100000,1.3968,1.3977,1.3856,1.3879,813930.0
1772190000000,1.3879,1.3961,1.3879,1.3945,548903.0
1772190900000,1.3943,1.3945,1.3876,1.3903,1151791.0
1772191800000,1.3905,1.3915,1.3795,1.3801,1289397.0
1772192700000,1.3801,1.3847,1.38,1.3816,448331.0
1772193600000,1.3816,1.3844,1.3783,1.382,812980.0
1772194500000,1.382,1.3846,1.3781,1.3817,474727.0
1772195400000,1.3815,1.3831,1.3754,1.3768,536130.0
1772196300000,1.3766,1.3777,1.373,1.3767,765225.0
1772197200000,1.3767,1.3814,1.3751,1.3764,337651.0
1772198100000,1.3766,1.378,1.3711,1.3729,304801.0
1772199000000,1.3733,1.3735,1.3626,1.371,1580551.0
1772199900000,1.3712,1.3744,1.3677,1.3703,637979.0
1772200800000,1.3698,1.3723,1.3686,1.3716,246761.0
1772201700000,1.3716,1.3722,1.364,1.367,260041.0
1772202600000,1.3672,1.3733,1.3635,1.3655,700112.0
1772203500000,1.3653,1.3661,1.3564,1.3587,1296151.0
1772204400000,1.3587,1.3656,1.3568,1.36,982518.0
1772205300000,1.36,1.3637,1.3576,1.3602,687340.0
1772206200000,1.3602,1.361,1.3513,1.3566,1031817.0
1772207100000,1.3566,1.3591,1.3531,1.3561,797065.0
1772208000000,1.3561,1.3573,1.3476,1.3524,1272668.0
1772208900000,1.3522,1.3566,1.3504,1.3548,431845.0
1772209800000,1.355,1.3577,1.3504,1.3517,392523.0
1772210700000,1.3515,1.353,1.3486,1.3501,325617.0
1772211600000,1.3503,1.3541,1.3462,1.347,574689.0
1772212500000,1.3477,1.3487,1.3404,1.3404,830395.0
1772213400000,1.3407,1.348,1.3376,1.3454,894760.0
1772214300000,1.3456,1.3583,1.3454,1.3568,999028.0
1772215200000,1.357,1.3577,1.3519,1.3525,418970.0
1772216100000,1.3525,1.3616,1.3524,1.3608,411748.0
1772217000000,1.3609,1.3631,1.3576,1.3621,455411.0
1772217900000,1.3621,1.3627,1.3556,1.3565,432629.0
1772218800000,1.3565,1.3565,1.3466,1.3495,616092.0
1772219700000,1.3495,1.3528,1.3481,1.3504,212838.0
1772220600000,1.3504,1.3514,1.3454,1.3462,265693.0
1772221500000,1.346,1.3515,1.346,1.3502,237879.0
1772222400000,1.3502,1.3555,1.3494,1.3532,281837.0
1772223300000,1.3534,1.3545,1.3521,1.3535,161697.0
1772224200000,1.3537,1.3543,1.3506,1.3524,200805.0
1772225100000,1.3526,1.3546,1.3502,1.3521,111187.0
1772226000000,1.3521,1.3554,1.35,1.3526,276296.0
1772226900000,1.3524,1.3542,1.352,1.3532,101382.0
1772227800000,1.3532,1.3539,1.3488,1.351,177221.0
1772228700000,1.3512,1.3519,1.3466,1.35,195705.0
1772229600000,1.3502,1.3511,1.3468,1.3493,149997.0
1772230500000,1.3493,1.3513,1.3453,1.3467,213992.0
1772231400000,1.3461,1.3535,1.3377,1.3526,1004688.0
1772232300000,1.3524,1.3548,1.352,1.3531,246896.0
1772233200000,1.3529,1.3554,1.3506,1.3508,229766.0
1772234100000,1.3506,1.3551,1.3502,1.3549,200346.0
1772235000000,1.3547,1.3557,1.3529,1.3535,257660.0
1772235900000,1.3533,1.3557,1.3529,1.3551,110418.0
1772236800000,1.3553,1.3599,1.3542,1.3595,275832.0
1772237700000,1.3597,1.3597,1.3553,1.3559,226922.0
1772238600000,1.3559,1.3617,1.3552,1.3611,234031.0
1772239500000,1.3611,1.3621,1.3589,1.3612,168485.0
1772240400000,1.3614,1.3641,1.3599,1.3608,225304.0
1772241300000,1.3606,1.3622,1.3579,1.3579,141755.0
1772242200000,1.3584,1.3592,1.3561,1.3572,117305.0
1772243100000,1.3572,1.3597,1.3563,1.3575,60083.0
1772244000000,1.3575,1.3593,1.3558,1.3573,97439.0
1772244900000,1.3573,1.3611,1.3573,1.3599,129507.0
1772245800000,1.3601,1.3618,1.3594,1.3614,85346.0
1772246700000,1.3614,1.3621,1.3604,1.3606,114253.0
1772247600000,1.3606,1.3606,1.3572,1.3583,155345.0
1772248500000,1.3577,1.3607,1.3577,1.3585,119631.0
1772249400000,1.3589,1.3589,1.3533,1.3538,287069.0
1772250300000,1.354,1.3557,1.3516,1.354,206036.0
1772251200000,1.354,1.3556,1.3531,1.3549,192599.0
1772252100000,1.3549,1.3571,1.3534,1.3535,171795.0
1772253000000,1.3537,1.3548,1.3487,1.3535,475466.0
1772253900000,1.3535,1.3553,1.3524,1.3527,99170.0
1772254800000,1.3527,1.355,1.3524,1.355,120986.0
1772255700000,1.3548,1.355,1.3506,1.3508,97047.0
1772256600000,1.3506,1.3507,1.3468,1.3475,371946.0
1772257500000,1.3473,1.349,1.3458,1.3486,204450.0
1772258400000,1.3489,1.3505,1.3476,1.3481,212862.0
1772259300000,1.3481,1.3483,1.3223,1.3313,3386519.0
1772260200000,1.3313,1.3313,1.3057,1.3211,3904743.0
1772261100000,1.3209,1.3211,1.2923,1.2966,2633572.0
1772262000000,1.2957,1.3153,1.2891,1.3119,2166362.0
1772262900000,1.3117,1.3166,1.297,1.3001,1146200.0
1772263800000,1.3003,1.3221,1.2989,1.3136,1556384.0
1772264700000,1.3136,1.3136,1.3012,1.3021,974885.0
1772265600000,1.3019,1.3021,1.2938,1.2938,1669452.0
1772266500000,1.2938,1.2996,1.2873,1.2906,1094611.0
1772267400000,1.2903,1.2954,1.2844,1.2897,1086128.0
1772268300000,1.2899,1.292,1.2824,1.2853,928358.0
1772269200000,1.2858,1.2885,1.2753,1.2824,1292052.0
1772270100000,1.282,1.2866,1.2763,1.2832,865041.0
1772271000000,1.2835,1.2849,1.2739,1.2753,621202.0
1772271900000,1.2751,1.2793,1.2709,1.2775,625518.0
1772272800000,1.277,1.2779,1.2695,1.274,1523580.0
1772273700000,1.274,1.2857,1.2726,1.2821,1436499.0
1772274600000,1.2821,1.2943,1.2816,1.2898,1653414.0
1772275500000,1.2898,1.2904,1.2853,1.2885,825295.0
1772276400000,1.2887,1.2947,1.2859,1.2942,1157880.0
1772277300000,1.2942,1.3021,1.292,1.3011,1524763.0
1772278200000,1.3011,1.3059,1.2947,1.2949,1053843.0
1772279100000,1.2949,1.2963,1.2906,1.292,849440.0
1772280000000,1.2922,1.2956,1.2912,1.2923,420126.0
1772280900000,1.2925,1.2983,1.2909,1.2953,511394.0
1772281800000,1.2953,1.2975,1.2945,1.2965,238006.0
1772282700000,1.2965,1.2969,1.2911,1.2945,281504.0
1772283600000,1.2946,1.3016,1.2936,1.3009,358977.0
1772284500000,1.3007,1.3036,1.2969,1.2981,337245.0
1772285400000,1.2981,1.3018,1.2955,1.3017,270806.0
1772286300000,1.3018,1.3417,1.3017,1.3408,3480112.0
1772287200000,1.3408,1.3493,1.3248,1.3278,1980355.0
1772288100000,1.328,1.3326,1.324,1.3313,682888.0
1772289000000,1.3311,1.3404,1.327,1.3342,982449.0
1772289900000,1.3342,1.3373,1.3136,1.3173,1595031.0
1772290800000,1.3173,1.3228,1.31,1.3107,665104.0
1772291700000,1.3107,1.3311,1.3105,1.3271,1420923.0
1772292600000,1.3269,1.3303,1.3237,1.3246,656109.0
1772293500000,1.3244,1.3255,1.3201,1.3232,642821.0
1772294400000,1.3232,1.3273,1.3196,1.3261,719941.0
1772295300000,1.3261,1.3261,1.3214,1.322,299589.0
1772296200000,1.3222,1.3275,1.3158,1.3264,777459.0
1772297100000,1.3264,1.3284,1.3234,1.3252,641284.0
1772298000000,1.3252,1.3259,1.3184,1.3209,525558.0
1772298900000,1.3211,1.3221,1.3175,1.3204,481481.0
1772299800000,1.3206,1.3214,1.3142,1.316,433715.0
1772300700000,1.3158,1.3298,1.314,1.3279,608943.0
1772301600000,1.3277,1.3277,1.3221,1.3226,398292.0
1772302500000,1.3226,1.3248,1.322,1.3237,276593.0
1772303400000,1.3234,1.3414,1.3234,1.3381,1163672.0
1772304300000,1.3383,1.3479,1.3365,1.342,864660.0
1772305200000,1.342,1.3427,1.3343,1.3375,958861.0
1772306100000,1.3373,1.3405,1.3353,1.3387,246642.0
1772307000000,1.3385,1.3583,1.3385,1.3512,1228369.0
1772307900000,1.3518,1.3571,1.3498,1.3533,639059.0
1772308800000,1.3533,1.3626,1.3496,1.3612,814831.0
1772309700000,1.361,1.3767,1.3576,1.3726,1124947.0
1772310600000,1.3731,1.3767,1.3651,1.3708,888178.0
1772311500000,1.371,1.3833,1.37,1.3796,1022403.0
1772312400000,1.3798,1.3818,1.3651,1.3729,1267629.0
1772313300000,1.3729,1.3731,1.3669,1.3683,449216.0
1772314200000,1.3681,1.381,1.3659,1.3765,894995.0
1772315100000,1.3763,1.3808,1.3724,1.3765,1032019.0
1772316000000,1.3767,1.3816,1.374,1.3758,610983.0
1772316900000,1.3758,1.38,1.3738,1.3772,708808.0
1772317800000,1.3774,1.3923,1.376,1.3831,1254962.0
1772318700000,1.3829,1.3902,1.3793,1.3797,699655.0
1772319600000,1.3799,1.3851,1.3774,1.3779,640733.0
1772320500000,1.3781,1.3803,1.3761,1.377,493215.0
1772321400000,1.3772,1.3792,1.3732,1.3753,523845.0
1772322300000,1.3753,1.379,1.3745,1.3757,342585.0
1772323200000,1.3755,1.3814,1.3728,1.3761,509095.0
1772324100000,1.3763,1.3779,1.3716,1.3716,196689.0
1772325000000,1.3716,1.3765,1.3716,1.3758,224515.0
1772325900000,1.3758,1.38,1.375,1.3784,150554.0
1772326800000,1.3784,1.3784,1.3666,1.3681,465067.0
1772327700000,1.3681,1.3743,1.3648,1.3733,394921.0
1772328600000,1.3733,1.3892,1.3714,1.3855,1156882.0
1772329500000,1.3855,1.4131,1.3853,1.4021,2165884.0
1772330400000,1.4023,1.428,1.4023,1.4191,2096849.0
1772331300000,1.4203,1.4317,1.4146,1.4278,833618.0
1772332200000,1.428,1.4305,1.4197,1.4277,768538.0
1772333100000,1.4279,1.428,1.4182,1.4243,888561.0
1772334000000,1.4245,1.4327,1.4216,1.427,803722.0
1772334900000,1.4272,1.4324,1.4206,1.4273,668082.0
1772335800000,1.4269,1.4269,1.4195,1.4238,725234.0
1772336700000,1.4238,1.4242,1.4128,1.4178,544028.0
1772337600000,1.418,1.4211,1.413,1.4136,506575.0
1772338500000,1.4139,1.4157,1.404,1.4094,1219555.0
1772339400000,1.4094,1.4142,1.4075,1.4124,378528.0
1772340300000,1.4122,1.4135,1.4106,1.4133,101518.0
1772341200000,1.4135,1.4183,1.4111,1.4124,471697.0
1772342100000,1.4124,1.4161,1.4109,1.4143,243923.0
1772343000000,1.4141,1.4148,1.4089,1.4089,257988.0
1772343900000,1.4092,1.4131,1.4087,1.4089,189192.0
1772344800000,1.4087,1.4095,1.3945,1.3988,918244.0
1772345700000,1.3988,1.401,1.3963,1.3975,388384.0
1772346600000,1.3975,1.3989,1.389,1.3926,541412.0
1772347500000,1.392,1.3967,1.3884,1.3942,274863.0
1772348400000,1.3942,1.4015,1.3925,1.3979,261895.0
1772349300000,1.3981,1.4012,1.3952,1.3952,262029.0
1772350200000,1.3952,1.4001,1.3925,1.3967,582986.0
1772351100000,1.3969,1.3992,1.3963,1.3974,204828.0
1772352000000,1.3972,1.3995,1.3921,1.3985,276080.0
1772352900000,1.3983,1.3991,1.3939,1.3948,171450.0
1772353800000,1.3946,1.3951,1.3901,1.391,233148.0
1772354700000,1.3908,1.3917,1.3756,1.3797,1205255.0
1772355600000,1.3795,1.3836,1.3752,1.3813,382031.0
1772356500000,1.3813,1.3867,1.3811,1.384,396996.0
1772357400000,1.384,1.3845,1.3762,1.377,360681.0
1772358300000,1.377,1.3772,1.3693,1.3723,536470.0
1772359200000,1.3723,1.3767,1.3673,1.375,717264.0
1772360100000,1.3748,1.3754,1.3713,1.3746,326236.0
1772361000000,1.3746,1.3811,1.3735,1.3744,293324.0
1772361900000,1.3753,1.3765,1.372,1.3758,209537.0
1772362800000,1.3758,1.3782,1.3748,1.3767,178241.0
1772363700000,1.3769,1.3815,1.3766,1.3795,285271.0
1772364600000,1.3793,1.3797,1.3742,1.3749,350912.0
1772365500000,1.3749,1.3776,1.3747,1.3755,113216.0
1772366400000,1.3753,1.3772,1.3745,1.3746,109210.0
1772367300000,1.3746,1.3781,1.3738,1.3751,140802.0
1772368200000,1.3751,1.3771,1.3692,1.3736,534419.0
1772369100000,1.3738,1.3738,1.3665,1.3669,591194.0
1772370000000,1.3669,1.3699,1.3646,1.3677,414121.0
1772370900000,1.3679,1.3694,1.3606,1.3631,747593.0
1772371800000,1.3625,1.3662,1.3619,1.3653,221038.0
1772372700000,1.3651,1.3955,1.3638,1.3875,2183266.0
1772373600000,1.3877,1.4024,1.3842,1.3915,1146783.0
1772374500000,1.3917,1.3945,1.3821,1.3834,592317.0
1772375400000,1.3834,1.3883,1.3733,1.3764,580453.0
1772376300000,1.3764,1.3812,1.3749,1.38,439662.0
1772377200000,1.38,1.3859,1.3777,1.3859,340879.0
1772378100000,1.3857,1.3879,1.3807,1.3838,507777.0
1772379000000,1.384,1.3901,1.3836,1.3885,339951.0
1772379900000,1.3883,1.3885,1.376,1.3772,429676.0
1772380800000,1.3779,1.3853,1.3735,1.3821,351480.0
1772381700000,1.3819,1.3848,1.3776,1.3827,199097.0
1772382600000,1.3827,1.3841,1.3797,1.3797,154623.0
1772383500000,1.3797,1.3799,1.3585,1.3693,2342531.0
1772384400000,1.3693,1.3705,1.3649,1.3682,348073.0
1772385300000,1.368,1.3686,1.3557,1.3648,733380.0
1772386200000,1.3646,1.3697,1.3621,1.3675,232209.0
1772387100000,1.3675,1.371,1.365,1.3653,345904.0
1772388000000,1.3653,1.3779,1.3632,1.3718,667510.0
1772388900000,1.372,1.3754,1.3678,1.3696,426915.0
1772389800000,1.3696,1.3711,1.3653,1.3696,186591.0
1772390700000,1.3696,1.3714,1.3663,1.3672,223346.0
1772391600000,1.3672,1.3676,1.3593,1.3593,264696.0
1772392500000,1.3595,1.361,1.3569,1.3581,323563.0
1772393400000,1.3583,1.362,1.3537,1.3543,351151.0
1772394300000,1.3543,1.3576,1.3541,1.3556,322425.0
1772395200000,1.3558,1.3558,1.3428,1.3449,618713.0
1772396100000,1.3447,1.3463,1.3424,1.3426,455582.0
1772397000000,1.3426,1.3452,1.3364,1.3385,615470.0
1772397900000,1.3381,1.3433,1.3377,1.3407,492432.0
1772398800000,1.3408,1.3506,1.3405,1.3484,1228587.0
1772399700000,1.3482,1.3552,1.3473,1.355,906791.0
1772400600000,1.355,1.3553,1.3517,1.3541,246743.0
1772401500000,1.3541,1.3561,1.3532,1.3532,165788.0
1772402400000,1.3532,1.3717,1.3508,1.3625,1041463.0
1772403300000,1.3623,1.3636,1.3531,1.3569,574470.0
1772404200000,1.3569,1.3581,1.3446,1.3519,470809.0
1772405100000,1.3517,1.3521,1.3406,1.3418,402834.0
1772406000000,1.3416,1.3579,1.339,1.3512,583942.0
1772406900000,1.351,1.3524,1.3463,1.3463,234039.0
1772407800000,1.3464,1.3542,1.3457,1.3508,231591.0
1772408700000,1.3508,1.3536,1.3488,1.3515,181457.0
1772409600000,1.3513,1.3591,1.3502,1.3562,408755.0
1772410500000,1.3562,1.3584,1.3527,1.3566,198174.0
1772411400000,1.3564,1.367,1.3559,1.367,237113.0
1772412300000,1.367,1.3718,1.3629,1.3647,400194.0
1772413200000,1.3641,1.38,1.363,1.3744,872171.0
1772414100000,1.3744,1.3751,1.3625,1.364,619996.0
1772415000000,1.3638,1.3696,1.3638,1.3675,263631.0
1772415900000,1.3677,1.3701,1.3645,1.3669,129154.0
1772416800000,1.3667,1.3719,1.354,1.3585,444326.0
1772417700000,1.3584,1.3615,1.3532,1.3607,707979.0
1772418600000,1.3605,1.366,1.3599,1.3629,346874.0
1772419500000,1.3629,1.3656,1.3594,1.363,140132.0
1772420400000,1.363,1.3706,1.3601,1.3699,228556.0
1772421300000,1.3697,1.3733,1.3686,1.3722,573168.0
1772422200000,1.372,1.3767,1.37,1.3728,263417.0
1772423100000,1.3728,1.3766,1.3725,1.3731,158440.0
1772424000000,1.3729,1.3746,1.3703,1.3705,191335.0
1772424900000,1.3703,1.3722,1.3665,1.3722,185797.0
1772425800000,1.3722,1.3729,1.3679,1.3694,139371.0
1772426700000,1.3694,1.3694,1.3644,1.3658,195126.0
1772427600000,1.3658,1.3667,1.3582,1.3603,486817.0
1772428500000,1.3601,1.3635,1.3598,1.3632,135272.0
1772429400000,1.3634,1.3694,1.3629,1.3687,99270.0
1772430300000,1.3689,1.3689,1.3609,1.3615,238602.0
1772431200000,1.3613,1.3623,1.358,1.3623,999256.0
1772432100000,1.3623,1.363,1.3474,1.3525,1399764.0
1772433000000,1.3525,1.3542,1.35,1.353,249933.0
1772433900000,1.3532,1.3534,1.3469,1.3492,184796.0
1772434800000,1.3492,1.3496,1.339,1.3403,578427.0
1772435700000,1.3401,1.3463,1.337,1.3448,329597.0
1772436600000,1.3448,1.35,1.3448,1.3494,222606.0
1772437500000,1.3494,1.3497,1.3453,1.3464,171460.0
1772438400000,1.3462,1.348,1.3393,1.3478,480680.0
1772439300000,1.3478,1.349,1.3377,1.3393,300753.0
1772440200000,1.3391,1.3479,1.3387,1.3467,699369.0
1772441100000,1.3469,1.3548,1.346,1.3532,621566.0
1772442000000,1.3532,1.3593,1.3517,1.357,486612.0
1772442900000,1.3571,1.3626,1.3551,1.3551,713430.0
1772443800000,1.3551,1.3575,1.3532,1.3548,241798.0
1772444700000,1.3548,1.3551,1.3521,1.3526,1497969.0
1772445600000,1.3524,1.3547,1.3474,1.3494,435009.0
1772446500000,1.3494,1.3523,1.3487,1.3523,331928.0
1772447400000,1.3521,1.3538,1.3483,1.3524,288399.0
1772448300000,1.3524,1.353,1.35,1.3528,215654.0
1772449200000,1.353,1.353,1.3466,1.3469,637563.0
1772450100000,1.3467,1.3512,1.3456,1.3475,214693.0
1772451000000,1.3475,1.3551,1.3464,1.3536,458616.0
1772451900000,1.3534,1.3569,1.35,1.3509,715455.0
1772452800000,1.3509,1.3532,1.3498,1.3518,432442.0
1772453700000,1.3523,1.3523,1.3466,1.3471,146062.0
1772454600000,1.3471,1.3487,1.346,1.3468,202009.0
1772455500000,1.347,1.349,1.3462,1.3467,197908.0
1772456400000,1.347,1.3474,1.3422,1.3432,395829.0
1772457300000,1.343,1.3496,1.341,1.3421,268053.0
1772458200000,1.3421,1.3454,1.3393,1.3402,297088.0
1772459100000,1.34,1.3416,1.3376,1.3387,320432.0
1772460000000,1.3387,1.342,1.3367,1.3387,340041.0
1772460900000,1.3389,1.341,1.3329,1.3378,500160.0
1772461800000,1.338,1.3659,1.3378,1.3651,1587120.0
1772462700000,1.3649,1.3774,1.3615,1.3722,1574362.0
1772463600000,1.3722,1.4014,1.3687,1.4008,2022046.0
1772464500000,1.4012,1.4124,1.3973,1.3977,2198962.0
1772465400000,1.3982,1.4129,1.3896,1.4129,2354432.0
1772466300000,1.4129,1.4146,1.3922,1.4001,1339533.0
1772467200000,1.4001,1.4179,1.3965,1.4157,1153579.0
1772468100000,1.4163,1.4187,1.4073,1.41,825190.0
1772469000000,1.4093,1.4179,1.3985,1.4168,1484312.0
1772469900000,1.4171,1.4222,1.4062,1.4062,1428829.0
1772470800000,1.4069,1.4104,1.4015,1.4037,574961.0
1772471700000,1.4037,1.406,1.397,1.4021,429254.0
1772472600000,1.4017,1.4032,1.3839,1.3851,900150.0
1772473500000,1.3853,1.395,1.3829,1.395,598160.0
1772474400000,1.395,1.4032,1.3853,1.4032,641319.0
1772475300000,1.4035,1.4036,1.3964,1.3982,327273.0
1772476200000,1.3985,1.4033,1.3965,1.4021,368737.0
1772477100000,1.4023,1.4065,1.397,1.3999,422368.0
1772478000000,1.4,1.4006,1.3895,1.396,545531.0
1772478900000,1.3962,1.4038,1.3959,1.3974,541213.0
1772479800000,1.3977,1.4042,1.3961,1.3979,272152.0
1772480700000,1.3975,1.4025,1.3969,1.4,408633.0
1772481600000,1.4002,1.4048,1.3872,1.3904,614539.0
1772482500000,1.3904,1.396,1.3885,1.394,256019.0
1772483400000,1.3938,1.4003,1.3923,1.3999,301969.0
1772484300000,1.3997,1.4018,1.3937,1.3937,312754.0
1772485200000,1.394,1.3945,1.3849,1.3894,631687.0
1772486100000,1.3894,1.393,1.3872,1.3924,197358.0
1772487000000,1.3926,1.3956,1.3916,1.3943,134378.0
1772487900000,1.3943,1.3974,1.3935,1.3967,143775.0
1772488800000,1.3971,1.406,1.3969,1.3975,579150.0
1772489700000,1.3981,1.4019,1.3954,1.4002,230371.0
1772490600000,1.3998,1.4034,1.399,1.4008,146029.0
1772491500000,1.401,1.4018,1.3969,1.3991,229888.0
1772492400000,1.3991,1.4003,1.3933,1.3937,197912.0
1772493300000,1.3939,1.3965,1.39,1.39,315197.0
1772494200000,1.39,1.3925,1.387,1.3909,255921.0
1772495100000,1.3907,1.3942,1.3877,1.3892,172123.0
1772496000000,1.3892,1.394,1.3872,1.3885,240653.0
1772496900000,1.3887,1.3913,1.3825,1.3849,252526.0
1772497800000,1.3849,1.3938,1.3817,1.3928,418225.0
1772498700000,1.3926,1.3938,1.3864,1.39,130700.0
1772499600000,1.39,1.3946,1.3869,1.3928,135978.0
1772500500000,1.3923,1.3928,1.3853,1.3853,157383.0
1772501400000,1.3855,1.39,1.381,1.39,421770.0
1772502300000,1.3897,1.3897,1.3827,1.3829,119278.0
1772503200000,1.3829,1.3831,1.3761,1.3818,716117.0
1772504100000,1.3818,1.383,1.3753,1.3785,488704.0
1772505000000,1.3787,1.3817,1.3769,1.3782,220732.0
1772505900000,1.3784,1.3821,1.3767,1.3779,139151.0
1772506800000,1.3779,1.3787,1.3696,1.3742,514500.0
1772507700000,1.3742,1.3744,1.3667,1.3711,791538.0
1772508600000,1.3709,1.376,1.3708,1.3747,229840.0
1772509500000,1.3747,1.3753,1.372,1.3728,78615.0
1772510400000,1.3726,1.374,1.37,1.3709,139282.0
1772511300000,1.3707,1.3736,1.369,1.3694,130076.0
1772512200000,1.3694,1.3711,1.3662,1.3672,175047.0
1772513100000,1.3672,1.3677,1.3638,1.3658,243869.0
1772514000000,1.3656,1.3721,1.3626,1.3719,303830.0
1772514900000,1.3719,1.3769,1.3717,1.3732,440013.0
1772515800000,1.3735,1.3737,1.3669,1.368,227826.0
1772516700000,1.368,1.3686,1.3608,1.3642,429150.0
1772517600000,1.3642,1.3664,1.3631,1.3657,243209.0
1772518500000,1.3657,1.3658,1.3605,1.3616,231920.0
1772519400000,1.3616,1.3632,1.3588,1.3618,413157.0
1772520300000,1.3618,1.3636,1.3577,1.3608,402714.0
1772521200000,1.3606,1.3644,1.3589,1.3642,270583.0
1772522100000,1.3642,1.3663,1.3621,1.3633,329279.0
1772523000000,1.3633,1.3638,1.3569,1.3609,363813.0
1772523900000,1.361,1.3639,1.3591,1.3628,437275.0
1772524800000,1.3628,1.3685,1.3616,1.3623,437781.0
1772525700000,1.3623,1.3655,1.3563,1.3579,336090.0
1772526600000,1.3579,1.359,1.3505,1.3513,653037.0
1772527500000,1.3513,1.352,1.3464,1.3482,832106.0
1772528400000,1.3482,1.3553,1.3469,1.3544,655031.0
1772529300000,1.3544,1.3555,1.3441,1.3444,661918.0
1772530200000,1.3444,1.3491,1.3414,1.347,602681.0
1772531100000,1.3472,1.3478,1.344,1.3472,370911.0
1772532000000,1.3474,1.3474,1.3417,1.3432,1152569.0
1772532900000,1.343,1.3477,1.3421,1.3432,308483.0
1772533800000,1.343,1.3463,1.3418,1.3459,214361.0
1772534700000,1.3459,1.3513,1.3458,1.3495,418295.0
1772535600000,1.3495,1.353,1.3485,1.3514,247644.0
1772536500000,1.3512,1.3518,1.3462,1.3477,284386.0
1772537400000,1.3479,1.3513,1.3463,1.3503,215103.0
1772538300000,1.3503,1.353,1.3501,1.3519,178612.0
1772539200000,1.3517,1.3697,1.3505,1.365,1428852.0
1772540100000,1.365,1.3654,1.3559,1.3588,555102.0
1772541000000,1.3588,1.3592,1.3543,1.3552,268683.0
1772541900000,1.3552,1.359,1.3546,1.357,204086.0
1772542800000,1.3572,1.3577,1.3476,1.3479,943113.0
1772543700000,1.3479,1.3525,1.3476,1.3499,268021.0
1772544600000,1.3497,1.3499,1.3444,1.3474,307265.0
1772545500000,1.347,1.3481,1.3428,1.3475,343157.0
1772546400000,1.3474,1.3526,1.3455,1.3501,429626.0
1772547300000,1.3503,1.3543,1.3474,1.3522,380466.0
1772548200000,1.352,1.3622,1.3389,1.3403,1459517.0
1772549100000,1.3403,1.3523,1.3362,1.3458,1493585.0
1772550000000,1.3458,1.3509,1.3424,1.3473,455503.0
1772550900000,1.3473,1.3497,1.3384,1.3435,461319.0
1772551800000,1.3435,1.3622,1.3433,1.3556,813461.0
1772552700000,1.3558,1.3648,1.3556,1.3638,578657.0
1772553600000,1.3638,1.3813,1.3597,1.3754,1410455.0
1772554500000,1.3752,1.3862,1.3721,1.3818,867753.0
1772555400000,1.3818,1.3818,1.3539,1.3606,1687602.0
1772556300000,1.3606,1.374,1.36,1.3679,836393.0
1772557200000,1.3679,1.3696,1.3526,1.359,653660.0
1772558100000,1.3588,1.365,1.3566,1.3621,436883.0
1772559000000,1.3623,1.3628,1.3532,1.3625,421792.0
1772559900000,1.3625,1.3701,1.36,1.3687,467849.0
1772560800000,1.3687,1.372,1.3596,1.3616,454577.0
1772561700000,1.3618,1.3723,1.3616,1.3682,317713.0
1772562600000,1.3683,1.3753,1.3675,1.3697,502865.0
1772563500000,1.3697,1.3707,1.3647,1.3662,163483.0
1772564400000,1.3662,1.3672,1.3582,1.3621,467258.0
1772565300000,1.3623,1.3676,1.36,1.3636,197412.0
1772566200000,1.3634,1.3661,1.3558,1.3637,938899.0
1772567100000,1.3637,1.3653,1.3601,1.3622,240601.0
1772568000000,1.362,1.3631,1.3584,1.3587,186010.0
1772568900000,1.3584,1.3597,1.3548,1.3569,219015.0
1772569800000,1.3567,1.3614,1.3556,1.3599,169215.0
1772570700000,1.3599,1.3604,1.3521,1.3534,253050.0
1772571600000,1.3532,1.3537,1.3483,1.3508,809024.0
1772572500000,1.351,1.3544,1.3479,1.3494,170773.0
1772573400000,1.3496,1.3532,1.349,1.3526,208622.0
1772574300000,1.3524,1.3567,1.3511,1.3554,152694.0
1772575200000,1.3553,1.363,1.3547,1.3608,413082.0
1772576100000,1.361,1.3619,1.3581,1.3605,165289.0
1772577000000,1.3598,1.3644,1.3589,1.3627,221048.0
1772577900000,1.3627,1.3645,1.3595,1.362,215110.0
1772578800000,1.362,1.3687,1.3598,1.3644,274898.0
1772579700000,1.3646,1.3649,1.3609,1.361,133838.0
1772580600000,1.3612,1.3624,1.3592,1.3615,112287.0
1772581500000,1.3613,1.3622,1.3588,1.36,74173.0
1772582400000,1.36,1.3612,1.3567,1.3575,190256.0
1772583300000,1.3577,1.3628,1.3572,1.361,115061.0
1772584200000,1.361,1.3616,1.3524,1.3543,425570.0
1772585100000,1.3545,1.3621,1.3543,1.3594,118601.0
1772586000000,1.3594,1.3621,1.3551,1.3582,445754.0
1772586900000,1.358,1.3644,1.3564,1.3626,82716.0
1772587800000,1.3622,1.3695,1.3611,1.3661,702401.0
1772588700000,1.3661,1.3661,1.3603,1.3631,221882.0
1772589600000,1.3631,1.3669,1.3588,1.3606,969052.0
1772590500000,1.3604,1.3608,1.3545,1.3553,297124.0
1772591400000,1.3553,1.359,1.3538,1.3581,225036.0
1772592300000,1.3581,1.3621,1.357,1.36,109732.0
1772593200000,1.36,1.3614,1.3565,1.3601,242530.0
1772594100000,1.3595,1.3615,1.354,1.3545,164772.0
1772595000000,1.3544,1.3549,1.3443,1.3463,668702.0
1772595900000,1.3465,1.3523,1.3447,1.3521,182234.0
1772596800000,1.3521,1.3552,1.3479,1.3513,234482.0
1772597700000,1.3511,1.3521,1.3458,1.3464,171706.0
1772598600000,1.3463,1.35,1.3444,1.3497,169148.0
1772599500000,1.3497,1.3524,1.3489,1.3505,104647.0
1772600400000,1.3505,1.3532,1.3485,1.3524,664161.0
1772601300000,1.3532,1.3572,1.3515,1.3529,204058.0
1772602200000,1.3529,1.3606,1.3506,1.3587,212843.0
1772603100000,1.3588,1.3598,1.3559,1.3559,152249.0
1772604000000,1.3559,1.3561,1.3509,1.3526,121273.0
1772604900000,1.3528,1.3528,1.3494,1.3508,162879.0
1772605800000,1.3508,1.3608,1.3508,1.36,388005.0
1772606700000,1.3598,1.3608,1.3578,1.3588,514256.0
1772607600000,1.359,1.3611,1.3573,1.3591,115636.0
1772608500000,1.3589,1.3638,1.3586,1.3638,161273.0
1772609400000,1.3638,1.3688,1.3634,1.3675,325334.0
1772610300000,1.3675,1.3765,1.366,1.3745,508369.0
1772611200000,1.3747,1.3784,1.3727,1.3754,739973.0
1772612100000,1.3756,1.3756,1.3688,1.3695,310120.0
1772613000000,1.3695,1.381,1.3692,1.3809,385931.0
1772613900000,1.3807,1.4058,1.3807,1.4033,1608039.0
1772614800000,1.4031,1.416,1.3976,1.415,1212011.0
1772615700000,1.4148,1.4203,1.4088,1.4109,1429661.0
1772616600000,1.4109,1.4245,1.4107,1.4174,949037.0
1772617500000,1.4174,1.4215,1.411,1.4155,794797.0
1772618400000,1.4153,1.4218,1.4133,1.4174,323331.0
1772619300000,1.4174,1.418,1.4049,1.4068,824129.0
1772620200000,1.407,1.4081,1.4039,1.4066,287910.0
1772621100000,1.4066,1.4077,1.4009,1.4042,251998.0
1772622000000,1.404,1.4094,1.4038,1.4094,298420.0
1772622900000,1.4092,1.4123,1.4054,1.4056,307238.0
1772623800000,1.4056,1.4066,1.3946,1.3983,746408.0
1772624700000,1.3985,1.4003,1.3969,1.3982,236260.0
1772625600000,1.3982,1.4002,1.3932,1.3932,280962.0
1772626500000,1.3932,1.3944,1.3851,1.3857,679450.0
1772627400000,1.3855,1.3903,1.3824,1.3887,449521.0
1772628300000,1.3887,1.3942,1.3877,1.3933,350584.0
1772629200000,1.3933,1.4007,1.3927,1.398,521124.0
1772630100000,1.3982,1.4016,1.3973,1.3995,247968.0
1772631000000,1.3997,1.4016,1.3969,1.3986,309146.0
1772631900000,1.3986,1.4056,1.3976,1.4045,334722.0
1772632800000,1.4047,1.409,1.403,1.4087,385820.0
1772633700000,1.4087,1.4107,1.4041,1.4082,633689.0
1772634600000,1.4082,1.4249,1.4074,1.4086,1650252.0
1772635500000,1.4081,1.4154,1.404,1.4124,728585.0
1772636400000,1.4124,1.4226,1.4124,1.4175,986488.0
1772637300000,1.4175,1.4461,1.4166,1.4457,1618207.0
1772638200000,1.4457,1.4479,1.4399,1.443,1446311.0
1772639100000,1.443,1.4634,1.4428,1.4619,1071951.0
1772640000000,1.4619,1.472,1.4504,1.4504,1739019.0
1772640900000,1.4504,1.453,1.4392,1.4493,1067503.0
1772641800000,1.4493,1.4552,1.4467,1.4509,338331.0
1772642700000,1.4511,1.452,1.4463,1.4493,243572.0
1772643600000,1.4493,1.4549,1.4467,1.4489,321620.0
1772644500000,1.4487,1.4535,1.4351,1.4374,748984.0
1772645400000,1.4376,1.4474,1.4374,1.4439,422127.0
1772646300000,1.4439,1.4453,1.4397,1.4421,281425.0
1772647200000,1.4419,1.4448,1.4358,1.4397,819442.0
1772648100000,1.4397,1.4456,1.439,1.4443,175897.0
1772649000000,1.4441,1.446,1.4392,1.4456,178169.0
1772649900000,1.4454,1.4561,1.4454,1.4536,625480.0
1772650800000,1.4538,1.463,1.4517,1.461,724838.0
1772651700000,1.4612,1.4693,1.4562,1.4585,791362.0
1772652600000,1.4587,1.4697,1.4578,1.4681,358510.0
1772653500000,1.4683,1.4683,1.4559,1.456,369422.0
1772654400000,1.456,1.4569,1.4488,1.4554,512426.0
1772655300000,1.4554,1.4635,1.4548,1.4611,541814.0
1772656200000,1.4615,1.4647,1.4575,1.4627,459498.0
1772657100000,1.4627,1.4643,1.455,1.4594,270052.0
1772658000000,1.4594,1.4598,1.4522,1.4538,455500.0
1772658900000,1.453,1.4532,1.4472,1.4472,402061.0
1772659800000,1.4474,1.4496,1.4442,1.4479,244005.0
1772660700000,1.4477,1.4502,1.4451,1.4471,104650.0
1772661600000,1.4468,1.453,1.4466,1.4482,191914.0
1772662500000,1.4482,1.4512,1.4469,1.4474,115093.0
1772663400000,1.4474,1.4477,1.4371,1.438,438683.0
1772664300000,1.4378,1.438,1.4273,1.4297,535292.0
1772665200000,1.4297,1.4337,1.4272,1.4313,537056.0
1772666100000,1.4313,1.4329,1.4236,1.4247,363611.0
1772667000000,1.4247,1.4307,1.4159,1.4298,1332864.0
1772667900000,1.4298,1.4327,1.4286,1.4301,190769.0
1772668800000,1.4301,1.4333,1.426,1.4294,839305.0
1772669700000,1.4292,1.4337,1.4257,1.4276,212254.0
1772670600000,1.4274,1.4293,1.4229,1.4289,238264.0
1772671500000,1.4289,1.4306,1.4256,1.4263,120514.0
1772672400000,1.4261,1.4355,1.4234,1.4319,252110.0
1772673300000,1.4316,1.4328,1.4236,1.427,194685.0
1772674200000,1.427,1.427,1.419,1.4215,197448.0
1772675100000,1.4215,1.4222,1.415,1.4188,465792.0
1772676000000,1.4188,1.4279,1.4184,1.427,242123.0
1772676900000,1.4264,1.428,1.4237,1.4243,97841.0
1772677800000,1.4245,1.4245,1.4158,1.4174,160099.0
1772678700000,1.4174,1.4215,1.4172,1.4194,128622.0
1772679600000,1.4194,1.4238,1.418,1.421,127114.0
1772680500000,1.4208,1.422,1.4173,1.4177,112184.0
1772681400000,1.4177,1.4196,1.4158,1.4161,404486.0
1772682300000,1.416,1.4221,1.416,1.419,172601.0
1772683200000,1.419,1.4247,1.418,1.4227,181579.0
1772684100000,1.4229,1.4277,1.4221,1.4272,170157.0
1772685000000,1.4274,1.4274,1.4209,1.4268,139921.0
1772685900000,1.4268,1.4304,1.4251,1.4277,277430.0
1772686800000,1.4279,1.4296,1.4258,1.4271,102435.0
1772687700000,1.4269,1.4271,1.4156,1.4168,253259.0
1772688600000,1.417,1.4182,1.4128,1.4152,325256.0
1772689500000,1.4154,1.4163,1.412,1.4141,159770.0
1772690400000,1.4141,1.4154,1.4077,1.4097,425460.0
1772691300000,1.4097,1.4187,1.4097,1.4172,242636.0
1772692200000,1.417,1.4186,1.4151,1.4178,198968.0
1772693100000,1.4176,1.4241,1.4172,1.4234,313153.0
1772694000000,1.4232,1.4287,1.4208,1.4283,388346.0
1772694900000,1.4283,1.4288,1.4239,1.4243,151611.0
1772695800000,1.4243,1.4246,1.4155,1.4155,339668.0
1772696700000,1.4155,1.4165,1.4081,1.4122,386333.0
1772697600000,1.4124,1.4134,1.4102,1.4115,193985.0
1772698500000,1.4117,1.4135,1.4088,1.4099,157368.0
1772699400000,1.4099,1.415,1.4086,1.4149,301455.0
1772700300000,1.4148,1.4182,1.4137,1.4177,556736.0
1772701200000,1.4179,1.4273,1.4166,1.4258,931463.0
1772702100000,1.4258,1.4274,1.4234,1.4254,282335.0
1772703000000,1.4252,1.4308,1.4235,1.4255,486931.0
1772703900000,1.4255,1.4288,1.4253,1.428,189777.0
1772704800000,1.4278,1.4293,1.4238,1.4273,327198.0
1772705700000,1.4273,1.4405,1.4254,1.4398,728060.0
1772706600000,1.4396,1.4472,1.4372,1.4427,745001.0
1772707500000,1.4429,1.4518,1.4426,1.4471,787488.0
1772708400000,1.4473,1.4491,1.4415,1.4439,990081.0
1772709300000,1.4437,1.4462,1.4394,1.445,822187.0
1772710200000,1.445,1.4452,1.4339,1.4348,473834.0
1772711100000,1.4348,1.438,1.4348,1.4354,176418.0
1772712000000,1.4356,1.4394,1.432,1.4362,437138.0
1772712900000,1.4362,1.4416,1.4326,1.4379,356273.0
1772713800000,1.4379,1.4392,1.4341,1.4383,242393.0
1772714700000,1.4385,1.4419,1.438,1.4403,386701.0
1772715600000,1.4403,1.4409,1.4323,1.4328,760526.0
1772716500000,1.4326,1.4348,1.4228,1.4277,900063.0
1772717400000,1.4275,1.428,1.4197,1.426,1082969.0
1772718300000,1.4258,1.4294,1.424,1.427,428312.0
1772719200000,1.427,1.4298,1.4241,1.4286,250977.0
1772720100000,1.4284,1.4286,1.4222,1.4259,304827.0
1772721000000,1.4259,1.4381,1.4187,1.4202,1344780.0
1772721900000,1.4202,1.4394,1.4195,1.4365,711940.0
1772722800000,1.4365,1.4398,1.4168,1.4216,1393303.0
1772723700000,1.4214,1.422,1.4102,1.4109,777062.0
1772724600000,1.4111,1.4199,1.4091,1.4146,995938.0
1772725500000,1.4146,1.4179,1.4114,1.4154,532296.0
1772726400000,1.416,1.4163,1.3952,1.3991,1598184.0
1772727300000,1.3994,1.4064,1.3989,1.4053,648844.0
1772728200000,1.4053,1.4149,1.4043,1.4115,621506.0
1772729100000,1.4117,1.4122,1.4086,1.411,197936.0
1772730000000,1.411,1.4183,1.4055,1.4083,483852.0
1772730900000,1.4083,1.4087,1.4025,1.4039,389881.0
1772731800000,1.4032,1.4065,1.3988,1.4023,331094.0
1772732700000,1.4023,1.4036,1.3981,1.3991,260772.0
1772733600000,1.3993,1.4023,1.3976,1.4019,376968.0
1772734500000,1.4019,1.4055,1.3997,1.4012,365453.0
1772735400000,1.4012,1.408,1.4011,1.4061,155842.0
1772736300000,1.4063,1.411,1.4049,1.4091,207696.0
1772737200000,1.4091,1.4191,1.4091,1.4185,524666.0
1772738100000,1.4187,1.4225,1.4135,1.4151,350350.0
1772739000000,1.4153,1.4186,1.4116,1.4146,277769.0
1772739900000,1.4141,1.4163,1.4104,1.4107,338060.0
1772740800000,1.4107,1.4142,1.4092,1.4125,227481.0
1772741700000,1.4125,1.4177,1.4123,1.415,292147.0
1772742600000,1.415,1.42,1.4145,1.4162,184390.0
1772743500000,1.416,1.418,1.4118,1.4149,151183.0
1772744400000,1.4149,1.4174,1.414,1.4142,263387.0
1772745300000,1.4142,1.4186,1.414,1.4164,123411.0
1772746200000,1.4166,1.4169,1.4049,1.4062,404371.0
1772747100000,1.406,1.4082,1.4026,1.4064,276261.0
1772748000000,1.4062,1.4077,1.4013,1.4032,172803.0
1772748900000,1.4034,1.4053,1.4023,1.4035,115863.0
1772749800000,1.4035,1.4086,1.4033,1.4067,150983.0
1772750700000,1.4067,1.4083,1.4053,1.4055,73491.0
1772751600000,1.4053,1.4056,1.4032,1.4043,122150.0
1772752500000,1.4045,1.4079,1.4043,1.4069,85038.0
1772753400000,1.4064,1.4066,1.4024,1.404,162827.0
1772754300000,1.4038,1.404,1.4014,1.4028,153245.0
1772755200000,1.403,1.4073,1.4019,1.4073,180647.0
1772756100000,1.4073,1.4073,1.4042,1.4042,96432.0
1772757000000,1.4044,1.4046,1.4026,1.404,119295.0
1772757900000,1.4038,1.4056,1.4023,1.4043,106671.0
1772758800000,1.4045,1.4058,1.402,1.4022,133519.0
1772759700000,1.4022,1.4046,1.397,1.3982,295600.0
1772760600000,1.3982,1.4125,1.3982,1.4112,383808.0
1772761500000,1.411,1.4136,1.4092,1.4113,179710.0
1772762400000,1.4113,1.4127,1.408,1.412,140238.0
1772763300000,1.412,1.4135,1.4079,1.4107,146788.0
1772764200000,1.4105,1.4116,1.4085,1.4114,93502.0
1772765100000,1.4114,1.4116,1.408,1.4091,75122.0
1772766000000,1.4089,1.4109,1.4026,1.4034,127272.0
1772766900000,1.4034,1.4085,1.4026,1.4068,175492.0
1772767800000,1.4068,1.4074,1.404,1.4054,88494.0
1772768700000,1.4051,1.4055,1.4032,1.4046,68155.0
1772769600000,1.4044,1.4053,1.4001,1.4004,162368.0
1772770500000,1.4004,1.4023,1.4,1.4014,113364.0
1772771400000,1.4014,1.4033,1.3907,1.395,791117.0
1772772300000,1.3948,1.399,1.394,1.3986,147139.0
1772773200000,1.3984,1.4,1.3967,1.3996,122950.0
1772774100000,1.3996,1.4025,1.3942,1.3956,206079.0
1772775000000,1.3958,1.3972,1.3919,1.3925,156136.0
1772775900000,1.3927,1.3994,1.3919,1.3978,173355.0
1772776800000,1.3976,1.3995,1.3959,1.3967,147247.0
1772777700000,1.397,1.4,1.396,1.3983,76239.0
1772778600000,1.3983,1.4004,1.3973,1.4003,99433.0
1772779500000,1.4003,1.4044,1.3994,1.3995,211596.0
1772780400000,1.3995,1.4022,1.3962,1.3981,183739.0
1772781300000,1.3983,1.4066,1.398,1.4061,294379.0
1772782200000,1.4061,1.4072,1.4046,1.4066,202017.0
1772783100000,1.4066,1.4078,1.4055,1.4069,165558.0
1772784000000,1.4069,1.4069,1.403,1.405,198546.0
1772784900000,1.4048,1.4059,1.4021,1.4026,235971.0
1772785800000,1.4021,1.4039,1.4005,1.4025,173755.0
1772786700000,1.4025,1.4052,1.4022,1.4043,155143.0
1772787600000,1.4041,1.4056,1.3977,1.3996,263391.0
1772788500000,1.3996,1.4006,1.3943,1.3951,427628.0
1772789400000,1.3953,1.3964,1.3916,1.394,254056.0
1772790300000,1.3938,1.3974,1.3918,1.3971,184664.0
1772791200000,1.3971,1.4029,1.3966,1.4029,265859.0
1772792100000,1.4029,1.406,1.4019,1.4055,12891939.0
1772793000000,1.4055,1.4069,1.4034,1.4041,173399.0
1772793900000,1.4041,1.4041,1.4016,1.4022,152056.0
1772794800000,1.4024,1.404,1.3985,1.402,279758.0
1772795700000,1.4022,1.4022,1.3994,1.4004,114658.0
1772796600000,1.4002,1.4004,1.3951,1.3959,495737.0
1772797500000,1.3959,1.3963,1.3928,1.3943,265935.0
1772798400000,1.3943,1.3943,1.3844,1.3888,834812.0
1772799300000,1.3886,1.3954,1.3886,1.3922,484065.0
1772800200000,1.3922,1.3933,1.3852,1.386,443861.0
1772801100000,1.386,1.3913,1.3839,1.3883,411354.0
1772802000000,1.3883,1.39,1.387,1.3887,199682.0
1772802900000,1.3887,1.3948,1.3864,1.3915,302187.0
1772803800000,1.3911,1.3962,1.3814,1.3883,1365129.0
1772804700000,1.3881,1.3883,1.3714,1.3714,1453212.0
1772805600000,1.3714,1.3737,1.3595,1.3639,1669445.0
1772806500000,1.3641,1.3687,1.3625,1.3664,479022.0
1772807400000,1.3664,1.3692,1.3535,1.3582,923795.0
1772808300000,1.3582,1.3616,1.35,1.3548,710439.0
1772809200000,1.3546,1.3596,1.3534,1.3578,487119.0
1772810100000,1.358,1.3652,1.3575,1.3615,559334.0
1772811000000,1.3615,1.3649,1.3578,1.3589,413838.0
1772811900000,1.3589,1.3592,1.3519,1.3553,465184.0
1772812800000,1.3555,1.36,1.353,1.3558,490037.0
1772813700000,1.3558,1.3583,1.3535,1.3577,378974.0
1772814600000,1.3575,1.3613,1.3562,1.3597,219769.0
1772815500000,1.3595,1.362,1.3544,1.3561,296009.0
1772816400000,1.3561,1.3582,1.3547,1.3551,164954.0
1772817300000,1.3553,1.357,1.3513,1.3526,273058.0
1772818200000,1.3528,1.3528,1.3449,1.3476,681710.0
1772819100000,1.3476,1.3503,1.3468,1.3487,309550.0
1772820000000,1.3489,1.3556,1.3484,1.3556,284974.0
1772820900000,1.3554,1.3589,1.3544,1.355,471998.0
1772821800000,1.3552,1.3611,1.355,1.3605,269388.0
1772822700000,1.3609,1.3618,1.357,1.3575,253793.0
1772823600000,1.3575,1.364,1.3575,1.3638,318709.0
1772824500000,1.3638,1.3649,1.3599,1.3604,1847229.0
1772825400000,1.3609,1.3639,1.3605,1.3607,122049.0
1772826300000,1.3607,1.3632,1.3586,1.3627,223805.0
1772827200000,1.3627,1.3634,1.3592,1.3595,131976.0
1772828100000,1.3595,1.3609,1.3551,1.3557,209914.0
1772829000000,1.3557,1.3585,1.3539,1.3565,217197.0
1772829900000,1.3563,1.3593,1.3535,1.357,168333.0
1772830800000,1.3562,1.3588,1.3551,1.3584,231541.0
1772831700000,1.3582,1.3604,1.3575,1.3604,110430.0
1772832600000,1.3604,1.3609,1.3584,1.3609,123126.0
1772833500000,1.3609,1.364,1.3607,1.3628,207532.0
1772834400000,1.3628,1.3642,1.3619,1.364,117053.0
1772835300000,1.3634,1.3655,1.3631,1.3644,132389.0
1772836200000,1.3646,1.3683,1.3634,1.3675,194683.0
1772837100000,1.3673,1.3705,1.3673,1.3681,204668.0
1772838000000,1.3681,1.3681,1.3629,1.3651,183782.0
1772838900000,1.3651,1.3661,1.3642,1.3646,74359.0
1772839800000,1.3648,1.3648,1.3618,1.3625,212383.0
1772840700000,1.3625,1.3636,1.362,1.3625,101755.0
1772841600000,1.3625,1.368,1.3621,1.3649,192334.0
1772842500000,1.3649,1.3679,1.3645,1.3668,160464.0
1772843400000,1.3666,1.3695,1.3654,1.3654,127687.0
1772844300000,1.3656,1.3683,1.3654,1.3672,85423.0
1772845200000,1.367,1.3687,1.3648,1.3648,157351.0
1772846100000,1.365,1.3664,1.3645,1.3652,75955.0
1772847000000,1.3652,1.3665,1.3639,1.3661,114951.0
1772847900000,1.3666,1.3679,1.366,1.3668,83983.0
1772848800000,1.3668,1.3675,1.3657,1.3661,40506.0
1772849700000,1.3654,1.3662,1.3622,1.3626,198890.0
1772850600000,1.3626,1.3644,1.3618,1.364,171027.0
1772851500000,1.3642,1.3675,1.3635,1.367,88055.0
1772852400000,1.367,1.3741,1.367,1.3736,484322.0
1772853300000,1.3738,1.3738,1.3672,1.3672,316202.0
1772854200000,1.3674,1.3688,1.3663,1.3671,90741.0
1772855100000,1.3673,1.3678,1.3645,1.3656,105975.0
1772856000000,1.3656,1.3656,1.3598,1.3627,331799.0
1772856900000,1.3622,1.3638,1.3617,1.3628,67294.0
1772857800000,1.3626,1.364,1.3603,1.363,68315.0
1772858700000,1.3628,1.3636,1.3621,1.3625,42186.0
1772859600000,1.3623,1.3638,1.3614,1.3626,105372.0
1772860500000,1.3628,1.3659,1.3618,1.3647,101385.0
1772861400000,1.3647,1.3665,1.3632,1.3659,185336.0
1772862300000,1.3661,1.3667,1.3655,1.3662,202422.0
1772863200000,1.3662,1.3677,1.3656,1.3658,105936.0
1772864100000,1.3658,1.3661,1.3639,1.3641,81600.0
1772865000000,1.3643,1.3647,1.3619,1.3647,201622.0
1772865900000,1.3645,1.3654,1.3608,1.3627,115808.0
1772866800000,1.3625,1.365,1.3604,1.3645,225900.0
1772867700000,1.3643,1.3647,1.3625,1.3635,240580.0
1772868600000,1.3633,1.364,1.3614,1.364,93614.0
1772869500000,1.3638,1.3668,1.3638,1.3663,152886.0
1772870400000,1.3661,1.3678,1.3657,1.3663,149113.0
1772871300000,1.3665,1.3686,1.3654,1.3664,164207.0
1772872200000,1.3662,1.3676,1.3653,1.3661,104867.0
1772873100000,1.3661,1.367,1.3636,1.3643,183788.0
1772874000000,1.3643,1.3651,1.3618,1.3641,222951.0
1772874900000,1.3641,1.3672,1.3641,1.3649,107984.0
1772875800000,1.3649,1.3658,1.3643,1.3656,95060.0
1772876700000,1.366,1.3664,1.3642,1.3644,131848.0
1772877600000,1.3644,1.3673,1.364,1.3671,79698.0
1772878500000,1.3671,1.3673,1.365,1.365,66922.0
1772879400000,1.3652,1.367,1.3649,1.366,74984.0
1772880300000,1.366,1.3669,1.3649,1.365,51481.0
1772881200000,1.365,1.3724,1.3645,1.3724,135152.0
1772882100000,1.3722,1.3726,1.3702,1.371,284114.0
1772883000000,1.3708,1.371,1.3697,1.3704,77336.0
1772883900000,1.3704,1.3704,1.369,1.369,78151.0
1772884800000,1.3692,1.3692,1.3643,1.365,262331.0
1772885700000,1.365,1.3663,1.3649,1.3658,119992.0
1772886600000,1.366,1.3663,1.3632,1.3636,118355.0
1772887500000,1.3636,1.3642,1.3616,1.3634,231784.0
1772888400000,1.3634,1.3643,1.3616,1.3627,118917.0
1772889300000,1.3627,1.3647,1.3623,1.3639,114125.0
1772890200000,1.3641,1.3662,1.3608,1.3627,298210.0
1772891100000,1.3627,1.3636,1.3615,1.362,80998.0
1772892000000,1.3621,1.3621,1.3557,1.3578,589333.0
1772892900000,1.3576,1.359,1.3569,1.3588,171808.0
1772893800000,1.3588,1.366,1.3584,1.3641,363920.0
1772894700000,1.3641,1.3648,1.3626,1.3626,124480.0
1772895600000,1.3626,1.3628,1.359,1.3605,219552.0
1772896500000,1.3603,1.3609,1.3581,1.3594,164988.0
1772897400000,1.3592,1.3608,1.3539,1.3552,296905.0
1772898300000,1.355,1.3568,1.3539,1.3563,163840.0
1772899200000,1.3563,1.3572,1.355,1.3572,184139.0
1772900100000,1.3572,1.3577,1.3547,1.3575,152658.0
1772901000000,1.3574,1.3591,1.3571,1.3586,117035.0
1772901900000,1.3588,1.3602,1.3574,1.3602,263791.0
1772902800000,1.3602,1.3617,1.3599,1.3615,124927.0
1772903700000,1.3613,1.3637,1.3609,1.3628,120884.0
1772904600000,1.3627,1.363,1.3623,1.3623,92146.0
1772905500000,1.3623,1.3627,1.3596,1.3598,141468.0
1772906400000,1.3598,1.3601,1.3503,1.3552,945811.0
1772907300000,1.3552,1.3567,1.354,1.3559,181049.0
1772908200000,1.3563,1.3563,1.3527,1.3559,194417.0
1772909100000,1.356,1.3567,1.3551,1.3562,68843.0
1772910000000,1.3564,1.3564,1.3525,1.354,178841.0
1772910900000,1.354,1.3545,1.3492,1.3504,425879.0
1772911800000,1.3506,1.3538,1.3496,1.353,176805.0
1772912700000,1.353,1.3533,1.3458,1.3495,454525.0
1772913600000,1.3494,1.3539,1.3494,1.3526,174856.0
1772914500000,1.3526,1.3542,1.3511,1.3536,90529.0
1772915400000,1.3534,1.3553,1.3529,1.3545,152261.0
1772916300000,1.3545,1.355,1.3535,1.3543,69040.0
1772917200000,1.3543,1.3582,1.3536,1.3563,181668.0
1772918100000,1.3563,1.3578,1.3556,1.3575,151354.0
1772919000000,1.3577,1.3577,1.3551,1.3565,168576.0
1772919900000,1.3565,1.3567,1.3543,1.3557,56871.0
1772920800000,1.3559,1.356,1.3521,1.3523,191758.0
1772921700000,1.3523,1.3536,1.351,1.3529,124341.0
1772922600000,1.3532,1.3543,1.3494,1.3535,383326.0
1772923500000,1.3537,1.3553,1.3515,1.3523,93922.0
1772924400000,1.3529,1.3548,1.3519,1.3544,95420.0
1772925300000,1.3544,1.3563,1.3534,1.3553,62338.0
1772926200000,1.3553,1.356,1.3547,1.3555,53251.0
1772927100000,1.3555,1.3562,1.3552,1.3556,59074.0
1772928000000,1.3556,1.3594,1.3556,1.3579,272131.0
1772928900000,1.3579,1.3584,1.3549,1.3556,143037.0
1772929800000,1.3554,1.3559,1.3534,1.3543,84205.0
1772930700000,1.3542,1.3549,1.353,1.3541,88394.0
1772931600000,1.3539,1.3545,1.3517,1.3528,92474.0
1772932500000,1.353,1.3546,1.352,1.352,102264.0
1772933400000,1.352,1.3548,1.3499,1.3546,321020.0
1772934300000,1.3546,1.3568,1.3546,1.3563,81845.0
1772935200000,1.3563,1.3564,1.3544,1.3558,61760.0
1772936100000,1.3558,1.3561,1.3516,1.3519,216781.0
1772937000000,1.3519,1.3551,1.3501,1.3546,202812.0
1772937900000,1.3548,1.3548,1.3438,1.3466,606512.0
1772938800000,1.3466,1.3473,1.3436,1.3468,264355.0
1772939700000,1.3468,1.3503,1.3466,1.3483,114919.0
1772940600000,1.3483,1.3499,1.3478,1.3499,153269.0
1772941500000,1.3499,1.3505,1.3473,1.3475,90467.0
1772942400000,1.3477,1.349,1.3448,1.3459,130757.0
1772943300000,1.3459,1.3466,1.3445,1.3456,102115.0
1772944200000,1.3456,1.3459,1.3431,1.3451,159206.0
1772945100000,1.3449,1.3453,1.3404,1.3427,340159.0
1772946000000,1.3429,1.3504,1.3427,1.3501,214132.0
1772946900000,1.3501,1.3552,1.3497,1.3538,241541.0
1772947800000,1.3536,1.3551,1.3518,1.3526,149389.0
1772948700000,1.3524,1.3546,1.3523,1.3524,164293.0
1772949600000,1.3528,1.3543,1.3498,1.3498,135905.0
1772950500000,1.35,1.3508,1.3491,1.3495,119938.0
1772951400000,1.3497,1.3506,1.3489,1.3504,65597.0
1772952300000,1.3504,1.3529,1.3496,1.3516,116381.0
1772953200000,1.3514,1.3594,1.3509,1.3586,352601.0
1772954100000,1.3586,1.3617,1.3573,1.3585,399152.0
1772955000000,1.3587,1.3616,1.3582,1.3606,146808.0
1772955900000,1.3605,1.3622,1.358,1.3592,204603.0
1772956800000,1.3592,1.3601,1.3557,1.3557,152244.0
1772957700000,1.3558,1.356,1.3536,1.3558,430374.0
1772958600000,1.356,1.3602,1.354,1.3599,214596.0
1772959500000,1.3597,1.3609,1.3583,1.3586,143637.0
1772960400000,1.3584,1.3612,1.3551,1.3605,123437.0
1772961300000,1.3603,1.3653,1.36,1.3636,381255.0
1772962200000,1.3638,1.3638,1.3609,1.3616,117971.0
1772963100000,1.3616,1.362,1.3604,1.3604,99235.0
1772964000000,1.3604,1.3627,1.3603,1.3615,179892.0
1772964900000,1.3617,1.3703,1.3611,1.3681,844251.0
1772965800000,1.3683,1.3689,1.3663,1.3681,328412.0
1772966700000,1.3681,1.3685,1.3657,1.3674,159879.0
1772967600000,1.3674,1.3674,1.3572,1.3589,843605.0
1772968500000,1.3591,1.3623,1.3589,1.3606,262236.0
1772969400000,1.3608,1.3633,1.3566,1.3572,341057.0
1772970300000,1.3571,1.3582,1.3554,1.357,314537.0
1772971200000,1.357,1.3588,1.3458,1.3467,630277.0
1772972100000,1.3467,1.3557,1.3437,1.3546,629089.0
1772973000000,1.3546,1.3546,1.3511,1.3517,362720.0
1772973900000,1.3517,1.3524,1.3498,1.3511,130237.0
1772974800000,1.3511,1.3528,1.3441,1.3442,326880.0
1772975700000,1.3444,1.3488,1.3404,1.3476,656430.0
1772976600000,1.3478,1.3478,1.3418,1.3456,431584.0
1772977500000,1.3456,1.3504,1.3446,1.3492,212029.0
1772978400000,1.3492,1.3522,1.3484,1.3501,944787.0
1772979300000,1.3498,1.3518,1.3461,1.3461,139165.0
1772980200000,1.3463,1.3495,1.3446,1.3453,184215.0
1772981100000,1.3455,1.3493,1.3447,1.3487,111026.0
1772982000000,1.3489,1.3489,1.3455,1.3484,109563.0
1772982900000,1.3482,1.3484,1.3434,1.3439,120221.0
1772983800000,1.3441,1.3447,1.3421,1.3429,213042.0
1772984700000,1.343,1.3465,1.3423,1.3448,124611.0
1772985600000,1.3446,1.3448,1.3415,1.3425,155705.0
1772986500000,1.3425,1.3434,1.3403,1.3421,290476.0
1772987400000,1.342,1.3426,1.3369,1.3416,800913.0
1772988300000,1.3414,1.3416,1.3369,1.3385,189929.0
1772989200000,1.3386,1.345,1.3382,1.3436,262975.0
1772990100000,1.3436,1.345,1.3421,1.3424,128235.0
1772991000000,1.3424,1.3436,1.3402,1.3409,86549.0
1772991900000,1.3409,1.3435,1.3404,1.3425,107952.0
1772992800000,1.343,1.3437,1.3418,1.3422,91046.0
1772993700000,1.3422,1.344,1.339,1.3434,137732.0
1772994600000,1.3436,1.3471,1.341,1.3416,252162.0
1772995500000,1.3418,1.3455,1.3412,1.3448,106261.0
1772996400000,1.3448,1.3503,1.3423,1.3486,233472.0
1772997300000,1.3486,1.3564,1.3486,1.3556,319854.0
1772998200000,1.3556,1.3588,1.355,1.358,242668.0
1772999100000,1.3581,1.3587,1.3523,1.3551,247692.0
1773000000000,1.3553,1.3557,1.3516,1.3518,232614.0
1773000900000,1.352,1.3543,1.3512,1.3523,122936.0
1773001800000,1.3521,1.3612,1.3521,1.3571,363584.0
1773002700000,1.3573,1.3573,1.3523,1.3525,149530.0
1773003600000,1.3525,1.3538,1.344,1.3446,456647.0
1773004500000,1.3446,1.3484,1.3443,1.347,137187.0
1773005400000,1.3472,1.3481,1.3454,1.3469,169006.0
1773006300000,1.3467,1.3482,1.3461,1.3471,63550.0
1773007200000,1.3471,1.3471,1.3208,1.3341,2478722.0
1773008100000,1.3341,1.3419,1.3273,1.3391,694822.0
1773009000000,1.3389,1.3482,1.3351,1.3425,545259.0
1773009900000,1.3423,1.347,1.3416,1.3445,239156.0
1773010800000,1.345,1.3493,1.342,1.3477,479185.0
1773011700000,1.3475,1.3488,1.3447,1.3465,282830.0
1773012600000,1.3465,1.3482,1.3409,1.3413,211624.0
1773013500000,1.3415,1.3449,1.3382,1.3393,271630.0
1773014400000,1.3393,1.35,1.339,1.3488,350621.0
1773015300000,1.3488,1.3504,1.3383,1.3469,399726.0
1773016200000,1.3465,1.3595,1.3465,1.3516,479267.0
1773017100000,1.3516,1.354,1.3471,1.3486,285513.0
1773018000000,1.3484,1.349,1.342,1.3451,261537.0
1773018900000,1.3451,1.3516,1.3451,1.3479,288200.0
1773019800000,1.3477,1.3526,1.3451,1.3503,257904.0
1773020700000,1.3501,1.3508,1.3408,1.3412,196155.0
1773021600000,1.3414,1.3464,1.3387,1.3415,206880.0
1773022500000,1.3415,1.342,1.3384,1.3388,182829.0
1773023400000,1.3388,1.3488,1.3369,1.3474,258371.0
1773024300000,1.3472,1.3493,1.3451,1.3451,179408.0
1773025200000,1.3453,1.3631,1.3444,1.361,716100.0
1773026100000,1.3612,1.3646,1.3529,1.3556,501061.0
1773027000000,1.3556,1.3568,1.3503,1.3508,222244.0
1773027900000,1.351,1.352,1.3476,1.3499,169509.0
1773028800000,1.3497,1.3526,1.3494,1.3507,141910.0
1773029700000,1.3507,1.355,1.3496,1.3543,229737.0
1773030600000,1.3543,1.3545,1.3493,1.3504,276596.0
1773031500000,1.3502,1.3512,1.3431,1.3431,192903.0
1773032400000,1.3431,1.3447,1.3411,1.3435,335573.0
1773033300000,1.3433,1.3485,1.3433,1.3441,154549.0
1773034200000,1.3441,1.3561,1.3429,1.3528,435831.0
1773035100000,1.3535,1.3579,1.3506,1.3543,500700.0
1773036000000,1.3543,1.355,1.3513,1.3536,281693.0
1773036900000,1.3536,1.3579,1.3517,1.3517,148643.0
1773037800000,1.3519,1.3529,1.3435,1.3451,352194.0
1773038700000,1.3451,1.3466,1.3436,1.3441,233576.0
1773039600000,1.3441,1.3445,1.3382,1.3385,634056.0
1773040500000,1.3383,1.34,1.3322,1.3369,553375.0
1773041400000,1.3371,1.3399,1.3364,1.3382,263148.0
1773042300000,1.3382,1.3405,1.3369,1.3395,236706.0
1773043200000,1.3397,1.3436,1.3384,1.3423,257316.0
1773044100000,1.3425,1.3467,1.3402,1.3449,227641.0
1773045000000,1.3449,1.3473,1.341,1.3424,234486.0
1773045900000,1.3422,1.3457,1.3416,1.345,108368.0
1773046800000,1.345,1.3455,1.3401,1.3449,234486.0
1773047700000,1.345,1.3505,1.344,1.3492,381647.0
1773048600000,1.3492,1.3623,1.3464,1.3609,866516.0
1773049500000,1.3608,1.3627,1.3531,1.3543,666340.0
1773050400000,1.3541,1.3555,1.3522,1.3538,199461.0
1773051300000,1.3536,1.3552,1.3517,1.3517,139621.0
1773052200000,1.3517,1.3525,1.346,1.3478,487820.0
1773053100000,1.348,1.348,1.345,1.3464,240241.0
1773054000000,1.3465,1.3479,1.3452,1.3469,161430.0
1773054900000,1.3467,1.3469,1.3406,1.3439,403683.0
1773055800000,1.3439,1.3489,1.3434,1.3485,134625.0
1773056700000,1.3483,1.3507,1.3469,1.3495,176458.0
1773057600000,1.3493,1.3518,1.349,1.3511,328721.0
1773058500000,1.3511,1.3566,1.3508,1.3566,199261.0
1773059400000,1.3563,1.3572,1.3526,1.3542,411902.0
1773060300000,1.354,1.3549,1.3523,1.3541,281687.0
1773061200000,1.3541,1.3613,1.3534,1.3592,365801.0
1773062100000,1.3594,1.3654,1.3552,1.3645,361124.0
1773063000000,1.3645,1.371,1.3609,1.3707,753537.0
1773063900000,1.371,1.372,1.3634,1.3672,815561.0
1773064800000,1.3674,1.3716,1.3584,1.3612,770102.0
1773065700000,1.3611,1.3717,1.3606,1.3652,547780.0
1773066600000,1.3652,1.3687,1.3636,1.3678,274033.0
1773067500000,1.3676,1.3678,1.3628,1.3635,194724.0
1773068400000,1.3639,1.3664,1.361,1.365,236118.0
1773069300000,1.3648,1.3667,1.3618,1.3643,263245.0
1773070200000,1.3643,1.3652,1.3559,1.3592,395115.0
1773071100000,1.3592,1.3625,1.358,1.3595,257505.0
1773072000000,1.3595,1.3643,1.3581,1.3611,249306.0
1773072900000,1.3611,1.3663,1.36,1.3642,226024.0
1773073800000,1.3644,1.3653,1.3589,1.3642,234151.0
1773074700000,1.3644,1.3695,1.3617,1.3639,341520.0
1773075600000,1.3637,1.3694,1.3637,1.3673,148534.0
1773076500000,1.368,1.369,1.3627,1.3633,340615.0
1773077400000,1.3633,1.3656,1.3584,1.3607,292164.0
1773078300000,1.3604,1.3636,1.3596,1.3616,198809.0
1773079200000,1.3617,1.3617,1.3551,1.3587,503282.0
1773080100000,1.3587,1.364,1.358,1.3635,469452.0
1773081000000,1.3632,1.3668,1.3632,1.3635,604371.0
1773081900000,1.3637,1.3639,1.3596,1.3609,261194.0
1773082800000,1.3607,1.3619,1.3554,1.3557,208514.0
1773083700000,1.3557,1.381,1.3557,1.381,1155500.0
1773084600000,1.381,1.3835,1.3668,1.3693,1044319.0
1773085500000,1.3691,1.3732,1.367,1.3726,336411.0
1773086400000,1.3722,1.3783,1.3722,1.3741,498018.0
1773087300000,1.3741,1.3747,1.3705,1.3728,143774.0
1773088200000,1.3728,1.3733,1.3671,1.3679,182019.0
1773089100000,1.3677,1.3738,1.3664,1.3728,169245.0
1773090000000,1.3726,1.3767,1.372,1.3751,280950.0
1773090900000,1.3751,1.3756,1.3722,1.3725,203704.0
1773091800000,1.3727,1.375,1.3688,1.374,140616.0
1773092700000,1.374,1.375,1.3729,1.3732,47816.0
1773093600000,1.3732,1.3748,1.3671,1.3687,169040.0
1773094500000,1.3687,1.3714,1.3678,1.3706,216467.0
1773095400000,1.3708,1.3708,1.3642,1.3666,243764.0
1773096300000,1.3662,1.3668,1.3618,1.3637,266806.0
1773097200000,1.3637,1.3667,1.3623,1.3663,165981.0
1773098100000,1.3663,1.3668,1.3629,1.3631,77327.0
1773099000000,1.3631,1.3645,1.3624,1.3628,73586.0
1773099900000,1.3626,1.3628,1.3596,1.3622,259073.0
1773100800000,1.3621,1.3634,1.36,1.3607,143753.0
1773101700000,1.3607,1.3709,1.3607,1.3704,193440.0
1773102600000,1.3702,1.3733,1.3685,1.3722,177503.0
1773103500000,1.3722,1.373,1.3684,1.369,144114.0
1773104400000,1.369,1.3711,1.3675,1.3696,125204.0
1773105300000,1.3695,1.3707,1.3659,1.3692,126216.0
1773106200000,1.369,1.3707,1.3654,1.3673,142440.0
1773107100000,1.3671,1.3741,1.3665,1.3715,214085.0
1773108000000,1.3715,1.3727,1.3696,1.3716,99591.0
1773108900000,1.3718,1.3726,1.3697,1.3718,248320.0
1773109800000,1.3718,1.3903,1.3716,1.3874,1026864.0
1773110700000,1.3874,1.3915,1.3859,1.3872,457742.0
1773111600000,1.3872,1.3904,1.3852,1.3883,347463.0
1773112500000,1.3885,1.3893,1.3861,1.3865,250375.0
1773113400000,1.3867,1.387,1.3816,1.3816,210758.0
1773114300000,1.3816,1.3818,1.3742,1.3747,471001.0
1773115200000,1.3745,1.3763,1.3725,1.3752,309396.0
1773116100000,1.375,1.3761,1.3736,1.3746,194728.0
1773117000000,1.3743,1.3814,1.3743,1.3801,212954.0
1773117900000,1.3803,1.3826,1.3781,1.3813,114586.0
1773118800000,1.3815,1.3889,1.3802,1.3856,336643.0
1773119700000,1.3858,1.389,1.3844,1.3849,206632.0
1773120600000,1.3847,1.3859,1.3823,1.3847,359766.0
1773121500000,1.3847,1.3851,1.3829,1.3837,86755.0
1773122400000,1.3837,1.3837,1.3808,1.3809,241193.0
1773123300000,1.3809,1.3826,1.3773,1.3822,358241.0
1773124200000,1.3824,1.3827,1.3793,1.3793,146077.0
1773125100000,1.3795,1.3816,1.3784,1.3798,109520.0
1773126000000,1.3798,1.3848,1.3755,1.3804,788115.0
1773126900000,1.3804,1.3863,1.3796,1.385,431829.0
1773127800000,1.3848,1.3861,1.3829,1.3849,117281.0
1773128700000,1.3849,1.3876,1.3834,1.3867,301069.0
1773129600000,1.3865,1.3966,1.3865,1.3941,766987.0
1773130500000,1.3941,1.3977,1.3926,1.3937,415934.0
1773131400000,1.3937,1.4106,1.3937,1.407,1249346.0
1773132300000,1.4066,1.4067,1.4,1.4006,681907.0
1773133200000,1.401,1.407,1.4009,1.4057,384389.0
1773134100000,1.4057,1.4176,1.4044,1.4169,1075628.0
1773135000000,1.4169,1.4184,1.4147,1.417,813211.0
1773135900000,1.417,1.4187,1.4143,1.4156,466676.0
1773136800000,1.4159,1.4167,1.4117,1.4137,576358.0
1773137700000,1.4135,1.4149,1.4093,1.4093,472037.0
1773138600000,1.4095,1.4116,1.4038,1.405,509203.0
1773139500000,1.4048,1.4074,1.4042,1.4048,258417.0
1773140400000,1.4048,1.4051,1.3972,1.3978,801306.0
1773141300000,1.3978,1.3981,1.392,1.3929,911779.0
1773142200000,1.3929,1.3937,1.3887,1.3895,414846.0
1773143100000,1.3895,1.3922,1.3881,1.3902,540286.0
1773144000000,1.39,1.3912,1.3828,1.3856,692729.0
1773144900000,1.3856,1.3875,1.3828,1.3832,273269.0
1773145800000,1.3832,1.3894,1.3819,1.3882,401083.0
1773146700000,1.3882,1.3898,1.3867,1.3881,216811.0
1773147600000,1.3883,1.3958,1.3881,1.3958,729552.0
1773148500000,1.3956,1.4005,1.3949,1.3988,488240.0
1773149400000,1.3991,1.4005,1.3804,1.3892,1486020.0
1773150300000,1.3892,1.3962,1.3863,1.3925,738055.0
1773151200000,1.3925,1.3958,1.3818,1.3844,802395.0
1773152100000,1.3846,1.3985,1.3806,1.3971,972365.0
1773153000000,1.3973,1.4208,1.3971,1.4176,1601563.0
1773153900000,1.4178,1.4371,1.417,1.4334,2122792.0
1773154800000,1.4336,1.4421,1.4257,1.4267,1688715.0
1773155700000,1.4267,1.4294,1.4193,1.4283,843365.0
1773156600000,1.4276,1.4337,1.4227,1.4283,969559.0
1773157500000,1.4281,1.4305,1.4215,1.4303,483698.0
1773158400000,1.4303,1.4329,1.4236,1.4267,680189.0
1773159300000,1.4273,1.4361,1.4271,1.4315,578199.0
1773160200000,1.4313,1.4315,1.4251,1.4282,475860.0
1773161100000,1.4284,1.4296,1.4225,1.4267,326941.0
1773162000000,1.4267,1.43,1.4249,1.426,318173.0
1773162900000,1.4262,1.429,1.4182,1.4192,381543.0
1773163800000,1.4194,1.4224,1.4084,1.4119,952759.0
1773164700000,1.4111,1.4149,1.4085,1.4121,415189.0
1773165600000,1.4121,1.4128,1.3987,1.399,562949.0
1773166500000,1.3987,1.4031,1.3902,1.3951,1013561.0
1773167400000,1.3951,1.3987,1.3906,1.3933,602688.0
1773168300000,1.3933,1.3957,1.39,1.3926,356126.0
1773169200000,1.3928,1.3948,1.3864,1.3892,455848.0
1773170100000,1.3892,1.3918,1.384,1.384,392910.0
1773171000000,1.3843,1.3878,1.3817,1.3846,560920.0
1773171900000,1.3844,1.385,1.3791,1.3835,417138.0
1773172800000,1.3837,1.3893,1.3835,1.3883,314831.0
1773173700000,1.3883,1.3927,1.3857,1.3919,271925.0
1773174600000,1.3917,1.3936,1.3893,1.3914,318786.0
1773175500000,1.3914,1.3917,1.389,1.3892,171872.0
1773176400000,1.389,1.394,1.3862,1.3873,231994.0
1773177300000,1.3875,1.3893,1.3863,1.3876,107000.0
1773178200000,1.3876,1.3891,1.3813,1.3834,421392.0
1773179100000,1.3836,1.3836,1.3775,1.3828,517725.0
1773180000000,1.3828,1.3858,1.3786,1.3802,279796.0
1773180900000,1.3802,1.3876,1.3792,1.3851,248998.0
1773181800000,1.3849,1.3851,1.3816,1.3836,235547.0
1773182700000,1.3838,1.3848,1.382,1.3832,95681.0
1773183600000,1.383,1.386,1.383,1.3839,194488.0
1773184500000,1.3837,1.3861,1.3833,1.3844,114583.0
1773185400000,1.3846,1.3872,1.3841,1.3861,135847.0
1773186300000,1.3861,1.3865,1.3833,1.3858,118406.0
1773187200000,1.3858,1.3868,1.3821,1.3859,291200.0
1773188100000,1.3859,1.3869,1.3846,1.386,159187.0
1773189000000,1.386,1.3862,1.3815,1.3826,199795.0
1773189900000,1.3826,1.3915,1.3824,1.3874,208318.0
1773190800000,1.3874,1.3898,1.3854,1.3879,169584.0
1773191700000,1.3879,1.3884,1.3843,1.3878,104176.0
1773192600000,1.3879,1.3882,1.3835,1.3853,97180.0
1773193500000,1.3853,1.3895,1.3849,1.389,218972.0
1773194400000,1.389,1.3897,1.3866,1.3868,155766.0
1773195300000,1.3866,1.3878,1.3834,1.3843,497321.0
1773196200000,1.3843,1.3847,1.3776,1.3792,335939.0
1773197100000,1.3794,1.382,1.3778,1.3818,118034.0
1773198000000,1.382,1.3847,1.3807,1.3811,189007.0
1773198900000,1.3809,1.3811,1.3771,1.3782,344988.0
1773199800000,1.378,1.3798,1.3776,1.379,74416.0
1773200700000,1.3788,1.3798,1.3776,1.3784,96908.0
1773201600000,1.3784,1.3788,1.3757,1.3786,173067.0
1773202500000,1.3788,1.3851,1.3779,1.3834,225032.0
1773203400000,1.3834,1.3849,1.382,1.3833,171159.0
1773204300000,1.3833,1.3889,1.3833,1.387,239553.0
1773205200000,1.387,1.3901,1.3861,1.387,401129.0
1773206100000,1.387,1.387,1.3831,1.3847,122098.0
1773207000000,1.3845,1.3847,1.3744,1.3768,538718.0
1773207900000,1.3766,1.3771,1.3752,1.3756,208215.0
1773208800000,1.3756,1.3779,1.3753,1.3777,221838.0
1773209700000,1.3777,1.3795,1.3767,1.3785,133035.0
1773210600000,1.3787,1.3816,1.3785,1.3798,142460.0
1773211500000,1.3796,1.3837,1.3778,1.3819,219120.0
1773212400000,1.3819,1.3825,1.3802,1.3802,197802.0
1773213300000,1.3807,1.3808,1.3793,1.3796,137943.0
1773214200000,1.3798,1.3798,1.3726,1.3745,355885.0
1773215100000,1.3747,1.3793,1.3745,1.3775,220776.0
1773216000000,1.3775,1.3788,1.3754,1.3758,213165.0
1773216900000,1.3758,1.376,1.3715,1.3732,273914.0
1773217800000,1.3732,1.3787,1.373,1.3759,524248.0
1773218700000,1.3761,1.3763,1.3724,1.3753,378629.0
1773219600000,1.3753,1.3757,1.3733,1.3739,115672.0
1773220500000,1.3737,1.3777,1.3737,1.3766,97602.0
1773221400000,1.3766,1.3787,1.374,1.376,1276287.0
1773222300000,1.376,1.3799,1.3721,1.3732,297507.0
1773223200000,1.3732,1.3764,1.3721,1.3762,279243.0
1773224100000,1.3762,1.3774,1.3751,1.3757,159324.0
1773225000000,1.3758,1.3809,1.3757,1.3794,252376.0
1773225900000,1.3794,1.3798,1.3769,1.3776,172214.0
1773226800000,1.3778,1.38,1.3764,1.3793,158711.0
1773227700000,1.3791,1.3798,1.3738,1.3744,96507.0
1773228600000,1.3744,1.3761,1.373,1.3743,597477.0
1773229500000,1.3743,1.3761,1.3721,1.3725,252554.0
1773230400000,1.3725,1.3749,1.3697,1.3739,620958.0
1773231300000,1.3739,1.3808,1.3739,1.3808,500039.0
1773232200000,1.3808,1.386,1.3771,1.3791,874040.0
1773233100000,1.3789,1.3848,1.378,1.3842,238657.0
1773234000000,1.3842,1.3956,1.3823,1.3933,570841.0
1773234900000,1.3933,1.3975,1.3915,1.3943,918218.0
1773235800000,1.3943,1.41,1.3943,1.3979,1487318.0
1773236700000,1.398,1.4003,1.384,1.3916,1194638.0
1773237600000,1.3916,1.3997,1.3858,1.3903,939013.0
1773238500000,1.3901,1.3984,1.3875,1.3953,482749.0
1773239400000,1.3951,1.4011,1.3911,1.4003,1598277.0
1773240300000,1.4001,1.4025,1.3901,1.3913,304423.0
1773241200000,1.3913,1.3932,1.379,1.3828,638521.0
1773242100000,1.383,1.3887,1.3807,1.3829,329680.0
1773243000000,1.3829,1.3831,1.3722,1.3786,1211759.0
1773243900000,1.3784,1.383,1.3755,1.3819,329446.0
1773244800000,1.3819,1.3839,1.3799,1.3831,313709.0
1773245700000,1.3831,1.3867,1.3807,1.3834,198843.0
1773246600000,1.3834,1.3897,1.383,1.3883,326919.0
1773247500000,1.3883,1.3898,1.3843,1.3865,244081.0
1773248400000,1.3865,1.3941,1.3863,1.3906,341831.0
1773249300000,1.3906,1.401,1.3906,1.3988,827461.0
1773250200000,1.3988,1.4,1.3875,1.3973,938559.0
1773251100000,1.3975,1.3984,1.3932,1.3968,605495.0
1773252000000,1.3968,1.4011,1.3956,1.3998,710034.0
1773252900000,1.3998,1.4044,1.3983,1.4003,457368.0
1773253800000,1.4003,1.4019,1.3969,1.3992,354511.0
1773254700000,1.399,1.4065,1.3984,1.4033,311195.0
1773255600000,1.4035,1.4039,1.3951,1.3968,331823.0
1773256500000,1.397,1.397,1.3919,1.3922,344759.0
1773257400000,1.392,1.3944,1.3893,1.3914,431905.0
1773258300000,1.3912,1.3914,1.3875,1.3893,256451.0
1773259200000,1.3891,1.3893,1.3864,1.3887,219978.0
1773260100000,1.3887,1.393,1.3864,1.388,339974.0
1773261000000,1.388,1.3916,1.3877,1.3906,207333.0
1773261900000,1.3906,1.3921,1.3882,1.3905,121299.0
1773262800000,1.3905,1.393,1.3878,1.3897,346188.0
1773263700000,1.3895,1.3904,1.3883,1.3885,154905.0
1773264600000,1.3885,1.3917,1.3883,1.3894,134237.0
1773265500000,1.3896,1.393,1.389,1.3915,177631.0
1773266400000,1.3919,1.3966,1.3896,1.3934,260184.0
1773267300000,1.3932,1.3934,1.3887,1.3893,313969.0
1773268200000,1.3891,1.3905,1.3861,1.3877,228582.0
1773269100000,1.3876,1.3915,1.3873,1.3895,533372.0
1773270000000,1.3893,1.3912,1.3886,1.3897,83543.0
1773270900000,1.3894,1.3896,1.3874,1.3889,163283.0
1773271800000,1.3887,1.3889,1.3847,1.3847,108494.0
1773272700000,1.3847,1.3854,1.3815,1.3838,383706.0
1773273600000,1.3838,1.3851,1.382,1.3831,181189.0
1773274500000,1.3831,1.3852,1.3806,1.3824,237123.0
1773275400000,1.3824,1.3842,1.3803,1.3832,95436.0
1773276300000,1.3834,1.384,1.3821,1.3832,58750.0
1773277200000,1.3834,1.3834,1.3762,1.379,298377.0
1773278100000,1.3785,1.3797,1.3777,1.3787,93820.0
1773279000000,1.3787,1.3806,1.3766,1.3794,140082.0
1773279900000,1.3794,1.3807,1.3766,1.3778,151786.0
1773280800000,1.3778,1.3801,1.3768,1.3783,103271.0
1773281700000,1.3783,1.3783,1.3741,1.3756,243149.0
1773282600000,1.3758,1.3761,1.3708,1.3725,319497.0
1773283500000,1.3725,1.3734,1.3697,1.3714,244334.0
1773284400000,1.3712,1.3732,1.3709,1.3728,177365.0
1773285300000,1.3726,1.3738,1.3721,1.3726,98692.0
1773286200000,1.3728,1.3753,1.3721,1.3741,274614.0
1773287100000,1.3741,1.3743,1.3686,1.3727,299212.0
1773288000000,1.3727,1.3773,1.3727,1.3762,284962.0
1773288900000,1.3762,1.3764,1.3715,1.3724,112129.0
1773289800000,1.3724,1.3724,1.3683,1.3699,220920.0
1773290700000,1.3697,1.3702,1.3686,1.3695,153674.0
1773291600000,1.3695,1.3717,1.3683,1.3683,136151.0
1773292500000,1.3683,1.3695,1.3659,1.3663,272550.0
1773293400000,1.3665,1.3685,1.3663,1.3671,163586.0
1773294300000,1.3669,1.3697,1.3653,1.3697,298115.0
1773295200000,1.3696,1.3699,1.3664,1.3684,121891.0
1773296100000,1.3684,1.371,1.3678,1.3708,131742.0
1773297000000,1.371,1.3725,1.3695,1.3715,162824.0
1773297900000,1.3713,1.3723,1.3704,1.3715,240557.0
1773298800000,1.3713,1.3718,1.3687,1.3709,172580.0
1773299700000,1.3709,1.3746,1.3703,1.3742,201050.0
1773300600000,1.374,1.3771,1.3733,1.3757,310952.0
1773301500000,1.3754,1.3767,1.3745,1.3755,156311.0
1773302400000,1.3757,1.3775,1.3731,1.3741,214531.0
1773303300000,1.3739,1.3815,1.3737,1.3779,389594.0
1773304200000,1.3779,1.3795,1.3753,1.378,308523.0
1773305100000,1.378,1.3793,1.377,1.3788,237617.0
1773306000000,1.379,1.3793,1.3762,1.3766,316569.0
1773306900000,1.3768,1.3771,1.3747,1.3761,134709.0
1773307800000,1.3759,1.3859,1.3753,1.3858,537493.0
1773308700000,1.3859,1.3879,1.3787,1.3812,463436.0
1773309600000,1.381,1.3822,1.3779,1.3794,402146.0
1773310500000,1.3792,1.3845,1.3792,1.383,369738.0
1773311400000,1.3832,1.3893,1.383,1.3882,410740.0
1773312300000,1.388,1.3905,1.3872,1.3892,476612.0
1773313200000,1.3892,1.39,1.3864,1.3884,388717.0
1773314100000,1.3884,1.3914,1.3865,1.3885,639046.0
1773315000000,1.3883,1.3922,1.3875,1.3908,331055.0
1773315900000,1.3908,1.3923,1.3864,1.3872,419681.0
1773316800000,1.387,1.3895,1.3847,1.3886,418707.0
1773317700000,1.3884,1.392,1.3872,1.391,317098.0
1773318600000,1.3912,1.392,1.388,1.3892,401502.0
1773319500000,1.3894,1.3917,1.3867,1.3875,592781.0
1773320400000,1.3873,1.3889,1.3856,1.3873,248015.0
1773321300000,1.3873,1.3875,1.3805,1.3835,497589.0
1773322200000,1.3833,1.3916,1.3808,1.3847,904861.0
1773323100000,1.3849,1.3849,1.3764,1.3813,994177.0
1773324000000,1.3813,1.3878,1.3806,1.3869,412622.0
1773324900000,1.3869,1.3913,1.3773,1.3782,1023239.0
1773325800000,1.3784,1.3784,1.3667,1.3689,1101404.0
1773326700000,1.3691,1.3738,1.3638,1.3682,1225487.0
1773327600000,1.3682,1.372,1.365,1.371,1010777.0
1773328500000,1.3712,1.3798,1.3685,1.3773,822151.0
1773329400000,1.3779,1.383,1.3751,1.3798,627268.0
1773330300000,1.38,1.3825,1.3771,1.3787,465098.0
1773331200000,1.3785,1.3801,1.37,1.3731,836516.0
1773332100000,1.3729,1.3838,1.3723,1.3769,761878.0
1773333000000,1.3768,1.385,1.376,1.3834,480466.0
1773333900000,1.3836,1.3853,1.3788,1.3812,365593.0
1773334800000,1.3812,1.3839,1.3797,1.3819,449447.0
1773335700000,1.3819,1.3832,1.3779,1.3782,277368.0
1773336600000,1.3784,1.3825,1.3782,1.3811,126283.0
1773337500000,1.3811,1.3832,1.3765,1.3792,205452.0
1773338400000,1.3792,1.3804,1.3764,1.3783,310447.0
1773339300000,1.3781,1.3794,1.3726,1.3752,890271.0
1773340200000,1.3752,1.3767,1.3734,1.3742,121852.0
1773341100000,1.3742,1.3742,1.3707,1.3712,333145.0
1773342000000,1.371,1.374,1.3688,1.3716,261349.0
1773342900000,1.3716,1.3778,1.3716,1.3774,536693.0
1773343800000,1.3772,1.3812,1.3768,1.3784,316148.0
1773344700000,1.3784,1.3805,1.3774,1.3783,155040.0
1773345600000,1.3785,1.3796,1.3738,1.3744,239819.0
1773346500000,1.3742,1.3753,1.3714,1.3736,100904.0
1773347400000,1.3736,1.3736,1.3716,1.3717,115645.0
1773348300000,1.3716,1.3731,1.3703,1.3711,123517.0
1773349200000,1.3711,1.3748,1.3711,1.3737,111634.0
1773350100000,1.3737,1.3742,1.3719,1.3724,97750.0
1773351000000,1.3724,1.3731,1.3709,1.3729,59834.0
1773351900000,1.3729,1.3753,1.3728,1.3734,83032.0
1773352800000,1.3736,1.3756,1.3728,1.3735,205332.0
1773353700000,1.3737,1.3751,1.3713,1.3735,92492.0
1773354600000,1.3737,1.3747,1.372,1.3722,58582.0
1773355500000,1.3722,1.3785,1.372,1.3784,364129.0
1773356400000,1.3781,1.3883,1.3781,1.3872,715020.0
1773357300000,1.3866,1.3891,1.3836,1.3854,478308.0
1773358200000,1.3852,1.3865,1.384,1.3852,156361.0
1773359100000,1.385,1.386,1.383,1.3842,232293.0
1773360000000,1.3839,1.3955,1.3824,1.3953,502569.0
1773360900000,1.3955,1.4115,1.3953,1.4058,1503862.0
1773361800000,1.4058,1.4239,1.4058,1.4107,1818523.0
1773362700000,1.4107,1.4116,1.4019,1.406,3048463.0
1773363600000,1.4062,1.4161,1.406,1.4132,503831.0
1773364500000,1.4134,1.416,1.4082,1.4094,353788.0
1773365400000,1.4092,1.4129,1.404,1.4114,391134.0
1773366300000,1.4116,1.4143,1.4109,1.4131,191364.0
1773367200000,1.4133,1.4142,1.4096,1.4101,185264.0
1773368100000,1.4101,1.4113,1.4064,1.4067,176662.0
1773369000000,1.4065,1.407,1.4003,1.401,350685.0
1773369900000,1.4008,1.4041,1.3996,1.4013,252232.0
1773370800000,1.4012,1.4061,1.4005,1.4036,183630.0
1773371700000,1.4036,1.4064,1.4016,1.4018,291888.0
1773372600000,1.4018,1.4056,1.3997,1.4044,345294.0
1773373500000,1.4042,1.414,1.4037,1.4119,383477.0
1773374400000,1.4121,1.4136,1.4099,1.4106,207530.0
1773375300000,1.4106,1.4106,1.407,1.4077,257747.0
1773376200000,1.4079,1.4115,1.4072,1.4113,213871.0
1773377100000,1.4113,1.4132,1.4087,1.4108,171221.0
1773378000000,1.4107,1.411,1.4071,1.4079,137332.0
1773378900000,1.4079,1.4148,1.4075,1.414,215207.0
1773379800000,1.414,1.4222,1.4138,1.4218,564340.0
1773380700000,1.4218,1.4265,1.42,1.4227,534212.0
1773381600000,1.4227,1.4258,1.4196,1.4203,587760.0
1773382500000,1.4201,1.4214,1.412,1.4128,370403.0
1773383400000,1.413,1.4162,1.4121,1.4146,409412.0
1773384300000,1.4145,1.4154,1.412,1.4129,142731.0
1773385200000,1.4129,1.417,1.4111,1.4151,327557.0
1773386100000,1.4153,1.4197,1.4145,1.4193,252927.0
1773387000000,1.4191,1.42,1.4125,1.4132,487351.0
1773387900000,1.4134,1.4157,1.4123,1.415,163492.0
1773388800000,1.4148,1.4192,1.4125,1.415,277432.0
1773389700000,1.415,1.4219,1.4144,1.4213,311393.0
1773390600000,1.4215,1.4334,1.4213,1.4302,1047124.0
1773391500000,1.43,1.4309,1.4253,1.4261,781356.0
1773392400000,1.4259,1.434,1.4259,1.4331,562959.0
1773393300000,1.4335,1.4365,1.43,1.4314,434869.0
1773394200000,1.4314,1.4327,1.4265,1.4295,649423.0
1773395100000,1.4293,1.432,1.4278,1.428,477981.0
1773396000000,1.428,1.433,1.428,1.4307,349118.0
1773396900000,1.4309,1.4342,1.4287,1.4301,431141.0
1773397800000,1.4303,1.4346,1.4293,1.4336,308194.0
1773398700000,1.4334,1.4381,1.4316,1.4333,448267.0
1773399600000,1.4335,1.434,1.4259,1.4264,383405.0
1773400500000,1.4264,1.4274,1.4239,1.4244,552851.0
1773401400000,1.4242,1.4265,1.4236,1.4261,197223.0
1773402300000,1.4261,1.4261,1.419,1.4197,488707.0
1773403200000,1.4197,1.4245,1.4195,1.424,318409.0
1773404100000,1.424,1.428,1.4234,1.425,210177.0
1773405000000,1.425,1.4308,1.425,1.4288,495270.0
1773405900000,1.4288,1.4396,1.4286,1.4329,596173.0
1773406800000,1.4329,1.4375,1.4302,1.4346,440598.0
1773407700000,1.4346,1.4452,1.4314,1.437,1271610.0
1773408600000,1.4372,1.4466,1.434,1.4461,1026420.0
1773409500000,1.4463,1.4487,1.4414,1.443,771867.0
1773410400000,1.443,1.45,1.4407,1.4475,608588.0
1773411300000,1.4473,1.4524,1.4453,1.4458,693032.0
1773412200000,1.4452,1.4492,1.4344,1.4344,911525.0
1773413100000,1.4346,1.4346,1.4207,1.4221,2180953.0
1773414000000,1.4221,1.4256,1.4165,1.424,1058985.0
1773414900000,1.4239,1.4284,1.4183,1.4191,466709.0
1773415800000,1.4193,1.422,1.4077,1.4117,1155799.0
1773416700000,1.4119,1.4175,1.4065,1.4083,595897.0
1773417600000,1.4083,1.4118,1.4055,1.409,598669.0
1773418500000,1.4092,1.4099,1.3999,1.4036,1097415.0
1773419400000,1.4034,1.4116,1.4034,1.4097,530399.0
1773420300000,1.4099,1.4146,1.4087,1.4093,497087.0
1773421200000,1.4093,1.4101,1.4061,1.4087,339678.0
1773422100000,1.4092,1.4119,1.401,1.402,474484.0
1773423000000,1.402,1.403,1.3945,1.3965,540120.0
1773423900000,1.3963,1.3972,1.3912,1.3931,561853.0
1773424800000,1.3933,1.3964,1.3906,1.3962,457067.0
1773425700000,1.3964,1.3969,1.3891,1.3957,750686.0
1773426600000,1.3959,1.4006,1.3955,1.3996,377344.0
1773427500000,1.3995,1.3996,1.3955,1.3966,278287.0
1773428400000,1.3964,1.3999,1.3952,1.3989,269506.0
1773429300000,1.3989,1.4002,1.3967,1.3987,193593.0
1773430200000,1.3987,1.4013,1.3986,1.4004,227712.0
1773431100000,1.4002,1.4017,1.3984,1.4,299384.0
1773432000000,1.4002,1.4014,1.3972,1.4006,181586.0
1773432900000,1.401,1.4037,1.4002,1.4027,307677.0
1773433800000,1.4026,1.4038,1.4017,1.4024,118842.0
1773434700000,1.4024,1.4029,1.4009,1.4016,110376.0
1773435600000,1.4018,1.4052,1.4007,1.4036,212605.0
1773436500000,1.4034,1.4036,1.3977,1.3981,182066.0
1773437400000,1.3981,1.402,1.3965,1.3987,289882.0
1773438300000,1.3987,1.401,1.3984,1.3999,117678.0
1773439200000,1.3999,1.4008,1.3924,1.3969,394845.0
1773440100000,1.3967,1.3969,1.3908,1.3912,337325.0
1773441000000,1.3912,1.393,1.3894,1.3922,182871.0
1773441900000,1.392,1.3952,1.3906,1.3939,184024.0
1773442800000,1.3939,1.3948,1.3925,1.3948,212141.0
1773443700000,1.3948,1.3995,1.394,1.3988,218855.0
1773444600000,1.3988,1.3988,1.3968,1.3976,84723.0
1773445500000,1.3974,1.3986,1.3969,1.3983,83922.0
1773446400000,1.3981,1.3983,1.3942,1.3962,172559.0
1773447300000,1.3962,1.3979,1.3952,1.3978,127431.0
1773448200000,1.3978,1.399,1.3931,1.3931,184092.0
1773449100000,1.3933,1.3938,1.3915,1.3933,335711.0
1773450000000,1.3935,1.3956,1.3929,1.3946,97611.0
1773450900000,1.3948,1.3973,1.3944,1.3969,77831.0
1773451800000,1.3969,1.398,1.392,1.3975,157472.0
1773452700000,1.3973,1.4003,1.3973,1.3994,219090.0
1773453600000,1.3994,1.4017,1.3985,1.4007,140941.0
1773454500000,1.4009,1.4013,1.3988,1.3992,70206.0
1773455400000,1.3994,1.4001,1.398,1.3982,87596.0
1773456300000,1.398,1.3992,1.3968,1.3976,89205.0
1773457200000,1.3976,1.4006,1.3963,1.4006,116417.0
1773458100000,1.4004,1.4014,1.3992,1.3998,122476.0
1773459000000,1.3998,1.4025,1.3998,1.4006,90824.0
1773459900000,1.4007,1.4007,1.3992,1.4001,62134.0
1773460800000,1.4001,1.4001,1.3978,1.3997,124349.0
1773461700000,1.3995,1.4004,1.3976,1.3998,79965.0
1773462600000,1.4,1.4022,1.3992,1.4018,142055.0
1773463500000,1.4018,1.4037,1.3954,1.3969,189455.0
1773464400000,1.3969,1.3985,1.3959,1.3974,161175.0
1773465300000,1.3972,1.3981,1.3967,1.3973,60912.0
1773466200000,1.3973,1.3973,1.393,1.3949,191641.0
1773467100000,1.3949,1.3959,1.394,1.3946,62006.0
1773468000000,1.3946,1.3946,1.3928,1.3932,124940.0
1773468900000,1.3934,1.3934,1.3894,1.39,313576.0
1773469800000,1.3902,1.3904,1.3836,1.3867,697916.0
1773470700000,1.3867,1.392,1.3867,1.3916,175627.0
1773471600000,1.3918,1.3948,1.3911,1.3948,216332.0
1773472500000,1.3946,1.3969,1.3936,1.396,158641.0
1773473400000,1.3962,1.3965,1.3924,1.3934,108632.0
1773474300000,1.3936,1.394,1.3921,1.3934,68887.0
1773475200000,1.3932,1.3952,1.3929,1.3947,116345.0
1773476100000,1.395,1.3956,1.394,1.3951,121100.0
1773477000000,1.3951,1.396,1.3916,1.3918,310711.0
1773477900000,1.392,1.3928,1.3915,1.3928,89467.0
1773478800000,1.3928,1.396,1.3923,1.3957,130056.0
1773479700000,1.3957,1.3964,1.3941,1.3948,96504.0
1773480600000,1.395,1.3951,1.3927,1.3931,99430.0
1773481500000,1.3931,1.3931,1.3879,1.3893,313662.0
1773482400000,1.389,1.3902,1.3881,1.3899,207605.0
1773483300000,1.3897,1.3899,1.3879,1.3891,186630.0
1773484200000,1.3889,1.3891,1.3872,1.3876,105916.0
1773485100000,1.3878,1.389,1.3872,1.3885,122643.0
1773486000000,1.3885,1.3915,1.3881,1.3906,209090.0
1773486900000,1.3906,1.3922,1.39,1.3907,147158.0
1773487800000,1.3908,1.3915,1.3899,1.3906,75637.0
1773488700000,1.3906,1.3919,1.3903,1.3914,126603.0
1773489600000,1.3914,1.3931,1.3906,1.3911,137979.0
1773490500000,1.3909,1.3921,1.3895,1.3897,141646.0
1773491400000,1.3895,1.3902,1.3871,1.3875,251687.0
1773492300000,1.3875,1.3887,1.3874,1.3886,131939.0
1773493200000,1.3884,1.3886,1.3875,1.3883,118422.0
1773494100000,1.3883,1.3934,1.3883,1.3931,224885.0
1773495000000,1.3934,1.3938,1.3919,1.3927,174942.0
1773495900000,1.3927,1.3927,1.39,1.3909,142340.0
1773496800000,1.3909,1.3922,1.3892,1.3894,163538.0
1773497700000,1.3894,1.3917,1.3889,1.3917,154629.0
1773498600000,1.392,1.3921,1.3865,1.3871,320664.0
1773499500000,1.3872,1.3892,1.3872,1.388,239152.0
1773500400000,1.3882,1.39,1.3872,1.3891,108197.0
1773501300000,1.389,1.3907,1.3886,1.3907,159753.0
1773502200000,1.3907,1.3907,1.3881,1.389,104832.0
1773503100000,1.389,1.3906,1.3888,1.3898,130453.0
1773504000000,1.3896,1.3898,1.3862,1.388,194591.0
1773504900000,1.3881,1.3895,1.388,1.3893,53222.0
1773505800000,1.3891,1.3914,1.3891,1.3904,125437.0
1773506700000,1.3902,1.3921,1.3895,1.3921,61278.0
1773507600000,1.3919,1.3926,1.3914,1.3921,110486.0
1773508500000,1.3923,1.3923,1.3906,1.3914,50873.0
1773509400000,1.3916,1.3916,1.3894,1.3897,61930.0
1773510300000,1.3897,1.3899,1.3881,1.3889,139936.0
1773511200000,1.3889,1.389,1.3874,1.3884,75316.0
1773512100000,1.3882,1.3897,1.3876,1.3897,142849.0
1773513000000,1.3896,1.3908,1.3892,1.3903,135137.0
1773513900000,1.3905,1.3917,1.39,1.3908,117602.0
1773514800000,1.3906,1.3908,1.389,1.3902,112862.0
1773515700000,1.39,1.3904,1.3892,1.3893,42597.0
1773516600000,1.3895,1.3899,1.3887,1.3897,41617.0
1773517500000,1.3897,1.3902,1.3892,1.3893,43057.0
1773518400000,1.3895,1.3895,1.3879,1.3882,285759.0
1773519300000,1.3884,1.3908,1.3882,1.3906,72027.0
1773520200000,1.3908,1.3931,1.3906,1.3931,89005.0
1773521100000,1.3931,1.3931,1.3912,1.3925,97106.0
1773522000000,1.3925,1.3925,1.3902,1.391,83579.0
1773522900000,1.391,1.392,1.3909,1.3913,57969.0
1773523800000,1.3915,1.3941,1.3913,1.3939,66296.0
1773524700000,1.3939,1.3955,1.3939,1.3944,271516.0
1773525600000,1.3949,1.3957,1.3937,1.394,152313.0
1773526500000,1.3938,1.3957,1.3938,1.3948,81594.0
1773527400000,1.395,1.3972,1.3945,1.3969,232313.0
1773528300000,1.3969,1.3971,1.3955,1.3957,78223.0
1773529200000,1.3959,1.4048,1.3957,1.4024,627926.0
1773530100000,1.4024,1.4037,1.3996,1.4034,195910.0
1773531000000,1.4034,1.4045,1.4015,1.4035,232688.0
1773531900000,1.4035,1.4076,1.4032,1.4055,296591.0
1773532800000,1.4057,1.4084,1.4054,1.4064,374848.0
1773533700000,1.4064,1.4087,1.4034,1.4061,340138.0
1773534600000,1.4061,1.4069,1.4025,1.403,206828.0
1773535500000,1.403,1.4047,1.4015,1.4045,141944.0
1773536400000,1.4047,1.4072,1.4019,1.4027,176845.0
1773537300000,1.4027,1.4045,1.4015,1.4031,126525.0
1773538200000,1.4029,1.4042,1.4018,1.4029,103797.0
1773539100000,1.4027,1.4047,1.4019,1.4042,78149.0
1773540000000,1.4042,1.4157,1.4042,1.4147,1053861.0
1773540900000,1.4147,1.4165,1.413,1.4149,328916.0
1773541800000,1.4147,1.4181,1.4118,1.4169,459874.0
1773542700000,1.4167,1.4187,1.4135,1.4155,359115.0
1773543600000,1.4153,1.4196,1.4153,1.4184,316695.0
1773544500000,1.4186,1.4186,1.4134,1.4142,265877.0
1773545400000,1.4142,1.4166,1.4126,1.4136,193548.0
1773546300000,1.4134,1.4136,1.411,1.4113,373147.0
1773547200000,1.4113,1.4173,1.4113,1.4167,185621.0
1773548100000,1.4167,1.4178,1.4121,1.4136,271085.0
1773549000000,1.4138,1.4158,1.4129,1.4156,129994.0
1773549900000,1.4155,1.4164,1.4139,1.4164,94230.0
1773550800000,1.4164,1.4165,1.4141,1.4141,89697.0
1773551700000,1.4143,1.4204,1.4136,1.4167,331059.0
1773552600000,1.4169,1.419,1.4154,1.4181,163152.0
1773553500000,1.4181,1.4181,1.4134,1.4134,198735.0
1773554400000,1.4137,1.4153,1.4129,1.4137,217602.0
1773555300000,1.4137,1.414,1.409,1.409,273484.0
1773556200000,1.4092,1.4092,1.4049,1.4083,516917.0
1773557100000,1.4081,1.4096,1.4081,1.4093,123296.0
1773558000000,1.4095,1.4113,1.4068,1.4098,209371.0
1773558900000,1.4093,1.4102,1.4082,1.4082,123350.0
1773559800000,1.4084,1.4084,1.4057,1.4062,128260.0
1773560700000,1.4062,1.4073,1.4056,1.4067,406956.0
1773561600000,1.4069,1.4108,1.4067,1.4101,162261.0
1773562500000,1.4098,1.4122,1.4091,1.4091,190134.0
1773563400000,1.4093,1.4099,1.408,1.4097,88394.0
1773564300000,1.4099,1.4127,1.4097,1.4127,307267.0
1773565200000,1.4124,1.4165,1.4124,1.4142,359954.0
1773566100000,1.4142,1.4182,1.4137,1.4161,301127.0
1773567000000,1.4163,1.4167,1.4141,1.4143,180404.0
1773567900000,1.4141,1.4156,1.4136,1.4144,257339.0
1773568800000,1.4144,1.4156,1.4135,1.4152,125425.0
1773569700000,1.4152,1.4177,1.4145,1.4154,231319.0
1773570600000,1.4156,1.4165,1.4144,1.4147,190033.0
1773571500000,1.4147,1.4162,1.4144,1.4158,193365.0
1773572400000,1.4156,1.4158,1.4139,1.4142,134813.0
1773573300000,1.4144,1.4162,1.4142,1.4144,118326.0
1773574200000,1.4144,1.4151,1.4135,1.4148,189213.0
1773575100000,1.4148,1.42,1.4145,1.4191,293785.0
1773576000000,1.4191,1.4191,1.4158,1.4171,307222.0
1773576900000,1.4171,1.4171,1.4146,1.4167,241597.0
1773577800000,1.4167,1.4221,1.4165,1.4188,350936.0
1773578700000,1.4186,1.4246,1.4186,1.4233,401071.0
1773579600000,1.4233,1.4297,1.4173,1.422,1002736.0
1773580500000,1.422,1.4267,1.4154,1.4232,775568.0
1773581400000,1.4234,1.4247,1.4159,1.4188,482968.0
1773582300000,1.4188,1.4227,1.418,1.4227,291772.0
1773583200000,1.4226,1.4245,1.4209,1.4235,407092.0
1773584100000,1.4233,1.4235,1.4168,1.4178,171161.0
1773585000000,1.4178,1.4178,1.4121,1.4142,373682.0
1773585900000,1.4144,1.417,1.4131,1.4166,176641.0
1773586800000,1.4168,1.4218,1.4162,1.421,232068.0
1773587700000,1.421,1.4217,1.415,1.4151,141435.0
1773588600000,1.4155,1.4189,1.4143,1.4183,974177.0
1773589500000,1.4181,1.4183,1.4144,1.4148,111806.0
1773590400000,1.4148,1.4173,1.4139,1.4153,216892.0
1773591300000,1.4153,1.4154,1.4087,1.4135,927887.0
1773592200000,1.4135,1.4156,1.4108,1.4134,403131.0
1773593100000,1.4133,1.4144,1.4108,1.4121,84172.0
1773594000000,1.4119,1.4171,1.4116,1.415,158848.0
1773594900000,1.415,1.4154,1.4132,1.4136,108543.0
1773595800000,1.4136,1.4141,1.4123,1.4137,102927.0
1773596700000,1.4135,1.4234,1.4126,1.4186,372444.0
1773597600000,1.4188,1.4201,1.4176,1.418,138730.0
1773598500000,1.4182,1.4186,1.4169,1.4169,92868.0
1773599400000,1.4169,1.4194,1.4169,1.4175,105072.0
1773600300000,1.4175,1.4177,1.4082,1.41,339233.0
1773601200000,1.4098,1.4129,1.409,1.4127,207900.0
1773602100000,1.4125,1.4142,1.411,1.4134,94809.0
1773603000000,1.4134,1.4142,1.4115,1.4117,89635.0
1773603900000,1.4117,1.4126,1.4106,1.4119,51954.0
1773604800000,1.4119,1.4121,1.4097,1.41,83175.0
1773605700000,1.4102,1.4122,1.4097,1.4122,98022.0
1773606600000,1.4119,1.4225,1.4119,1.4194,625653.0
1773607500000,1.4194,1.4197,1.4171,1.4171,122475.0
1773608400000,1.4171,1.418,1.4142,1.415,129958.0
1773609300000,1.415,1.4197,1.4148,1.4181,96269.0
1773610200000,1.4183,1.4295,1.4181,1.4268,544884.0
1773611100000,1.4263,1.4284,1.4244,1.4267,206856.0
1773612000000,1.4267,1.4355,1.423,1.4241,610292.0
1773612900000,1.4241,1.4294,1.4224,1.429,406611.0
1773613800000,1.4288,1.4571,1.4288,1.4513,1682298.0
1773614700000,1.4513,1.4644,1.4511,1.4541,1226506.0
1773615600000,1.4543,1.4571,1.4483,1.4501,703881.0
1773616500000,1.4501,1.4509,1.4388,1.4418,672641.0
1773617400000,1.442,1.4484,1.4393,1.4468,371910.0
1773618300000,1.4468,1.4489,1.4446,1.4484,178136.0
1773619200000,1.4486,1.4577,1.4484,1.4502,608974.0
1773620100000,1.4499,1.4556,1.447,1.4473,199462.0
1773621000000,1.4473,1.4497,1.4437,1.4448,185285.0
1773621900000,1.4449,1.448,1.4444,1.4463,92960.0
1773622800000,1.4461,1.4492,1.4403,1.4405,323441.0
1773623700000,1.4403,1.4472,1.4393,1.4448,308386.0
1773624600000,1.4446,1.4448,1.4383,1.4421,160375.0
1773625500000,1.4423,1.4496,1.4421,1.4464,197802.0
1773626400000,1.4462,1.4486,1.4421,1.4424,296921.0
1773627300000,1.4424,1.4436,1.4352,1.436,236710.0
1773628200000,1.436,1.4384,1.4357,1.4378,648249.0
1773629100000,1.4378,1.445,1.4378,1.4425,271528.0
1773630000000,1.4421,1.4447,1.4397,1.4441,162601.0
1773630900000,1.4441,1.4537,1.4427,1.4526,412649.0
1773631800000,1.4528,1.4798,1.4526,1.4702,2921208.0
1773632700000,1.47,1.4714,1.4637,1.4672,416427.0
1773633600000,1.4672,1.4753,1.467,1.4737,386918.0
1773634500000,1.4737,1.4775,1.4683,1.4692,418563.0
1773635400000,1.469,1.4768,1.4668,1.4764,394483.0
1773636300000,1.4764,1.4851,1.4744,1.4796,1022657.0
1773637200000,1.4794,1.4844,1.4747,1.48,427235.0
1773638100000,1.4798,1.4811,1.4766,1.4792,298948.0
1773639000000,1.4792,1.4834,1.474,1.4829,301313.0
1773639900000,1.4829,1.4843,1.4784,1.4802,335082.0
1773640800000,1.4805,1.4805,1.473,1.4759,431612.0
1773641700000,1.476,1.4811,1.4756,1.4769,261150.0
1773642600000,1.4767,1.4809,1.4756,1.4787,206815.0
1773643500000,1.4789,1.479,1.4764,1.4764,115525.0
1773644400000,1.4766,1.4871,1.4754,1.4844,3113392.0
1773645300000,1.4844,1.488,1.4806,1.4828,438368.0
1773646200000,1.4826,1.484,1.4779,1.4826,364575.0
1773647100000,1.4826,1.4852,1.4808,1.4824,244391.0
1773648000000,1.4824,1.4888,1.481,1.481,532969.0
1773648900000,1.481,1.4842,1.4773,1.4779,397386.0
1773649800000,1.4777,1.4779,1.4659,1.4659,885450.0
1773650700000,1.4662,1.4706,1.4646,1.468,562292.0
1773651600000,1.4678,1.4707,1.4666,1.4691,387472.0
1773652500000,1.4693,1.4707,1.4674,1.4678,240244.0
1773653400000,1.468,1.4691,1.466,1.4677,202654.0
1773654300000,1.4675,1.4754,1.4675,1.4736,359726.0
1773655200000,1.4738,1.4756,1.4712,1.4723,199983.0
1773656100000,1.4723,1.4737,1.4706,1.471,158150.0
1773657000000,1.471,1.4713,1.4664,1.4676,260018.0
1773657900000,1.4676,1.4751,1.4673,1.4744,223979.0
1773658800000,1.4744,1.475,1.4714,1.4714,179465.0
1773659700000,1.4716,1.4727,1.4663,1.4666,251351.0
1773660600000,1.4666,1.4709,1.4661,1.47,126416.0
1773661500000,1.47,1.4711,1.469,1.469,82863.0
1773662400000,1.469,1.4756,1.469,1.4731,353157.0
1773663300000,1.4727,1.4794,1.4709,1.4787,422739.0
1773664200000,1.4787,1.4801,1.4745,1.4774,301863.0
1773665100000,1.4772,1.4779,1.4744,1.4753,143832.0
1773666000000,1.4753,1.4796,1.4739,1.4788,186850.0
1773666900000,1.4788,1.4795,1.476,1.4785,171245.0
1773667800000,1.4785,1.4922,1.4764,1.4831,1260837.0
1773668700000,1.4838,1.489,1.477,1.4818,796356.0
1773669600000,1.482,1.4885,1.4793,1.4875,614497.0
1773670500000,1.4875,1.4899,1.4788,1.479,377500.0
1773671400000,1.479,1.4825,1.4707,1.4758,1294410.0
1773672300000,1.4756,1.5088,1.4749,1.5088,1207797.0
1773673200000,1.5088,1.5127,1.4954,1.508,3354773.0
1773674100000,1.5081,1.514,1.5024,1.5094,943813.0
1773675000000,1.5099,1.5157,1.4972,1.498,891691.0
1773675900000,1.498,1.5025,1.4916,1.4922,623709.0
1773676800000,1.4922,1.4995,1.491,1.4929,500614.0
1773677700000,1.4932,1.4999,1.4917,1.4997,315543.0
1773678600000,1.4997,1.5056,1.4976,1.5027,423477.0
1773679500000,1.5026,1.5107,1.501,1.508,382632.0
1773680400000,1.5081,1.5117,1.5048,1.5075,368232.0
1773681300000,1.5075,1.5097,1.5056,1.5084,268607.0
1773682200000,1.5079,1.5171,1.5052,1.5137,549607.0
1773683100000,1.5137,1.5184,1.5122,1.5176,397019.0
1773684000000,1.5176,1.5274,1.5157,1.5243,882826.0
1773684900000,1.5241,1.5439,1.5222,1.5407,1467543.0
1773685800000,1.5407,1.5414,1.5314,1.5377,838562.0
1773686700000,1.5379,1.5392,1.532,1.5347,455370.0
1773687600000,1.5349,1.5416,1.5285,1.5385,577725.0
1773688500000,1.5383,1.5411,1.5296,1.5353,485194.0
1773689400000,1.5353,1.5367,1.5289,1.5297,242212.0
1773690300000,1.5295,1.531,1.5202,1.5281,628377.0
1773691200000,1.5289,1.5296,1.5242,1.5261,417460.0
1773692100000,1.5261,1.5292,1.524,1.5278,154619.0
1773693000000,1.5276,1.5302,1.5228,1.5238,146308.0
1773693900000,1.5236,1.528,1.5228,1.5277,134307.0
1773694800000,1.5277,1.5335,1.5255,1.5298,314617.0
1773695700000,1.5298,1.5314,1.5257,1.5277,154770.0
1773696600000,1.5277,1.5398,1.5269,1.5307,362427.0
1773697500000,1.5308,1.5352,1.527,1.527,207751.0
1773698400000,1.527,1.5406,1.527,1.5405,385809.0
1773699300000,1.5406,1.5421,1.5346,1.5379,348587.0
1773700200000,1.538,1.5438,1.5369,1.5438,184984.0
1773701100000,1.5438,1.5518,1.5434,1.5506,619447.0
1773702000000,1.5504,1.5506,1.5365,1.54,695318.0
1773702900000,1.5398,1.5462,1.5398,1.5455,157677.0
1773703800000,1.5458,1.551,1.544,1.5488,383562.0
1773704700000,1.5488,1.5506,1.5401,1.5421,221842.0
1773705600000,1.5421,1.5537,1.5349,1.5508,821635.0
1773706500000,1.5505,1.5536,1.5335,1.5394,599240.0
1773707400000,1.5396,1.5443,1.5352,1.5372,314809.0
1773708300000,1.5372,1.5446,1.5358,1.5444,204592.0
1773709200000,1.5446,1.5719,1.5437,1.5639,1318430.0
1773710100000,1.5639,1.5741,1.5569,1.5729,541930.0
1773711000000,1.5732,1.5769,1.5581,1.5642,693313.0
1773711900000,1.5644,1.5708,1.5608,1.5701,11968399.0
1773712800000,1.5701,1.5776,1.5608,1.5706,477970.0
1773713700000,1.5709,1.5783,1.5654,1.5661,514901.0
1773714600000,1.567,1.5989,1.567,1.5981,1080302.0
1773715500000,1.5981,1.6062,1.5923,1.5935,1120232.0
1773716400000,1.5935,1.5946,1.5761,1.5779,515975.0
1773717300000,1.5773,1.5784,1.5636,1.5643,728729.0
1773718200000,1.5645,1.5651,1.5412,1.5433,1376976.0
1773719100000,1.5433,1.5442,1.5339,1.543,977738.0
1773720000000,1.5431,1.5505,1.5408,1.5497,679255.0
1773720900000,1.5497,1.5516,1.5376,1.5385,965129.0
1773721800000,1.5387,1.5415,1.523,1.5276,963889.0
1773722700000,1.5273,1.5325,1.5273,1.5294,456897.0
1773723600000,1.5297,1.5315,1.523,1.5243,306494.0
1773724500000,1.5243,1.5306,1.5239,1.5291,199048.0
1773725400000,1.5291,1.5293,1.5124,1.5145,640967.0
1773726300000,1.5138,1.5171,1.51,1.5148,574337.0
1773727200000,1.515,1.516,1.5045,1.516,559043.0
1773728100000,1.516,1.5218,1.5136,1.5205,458815.0
1773729000000,1.5205,1.5223,1.5141,1.5145,340642.0
1773729900000,1.5145,1.5171,1.5123,1.5164,189312.0
1773730800000,1.5161,1.5272,1.5157,1.5258,511810.0
1773731700000,1.5258,1.5425,1.5252,1.5374,1202739.0
1773732600000,1.5376,1.5376,1.5312,1.5331,452893.0
1773733500000,1.5331,1.5339,1.5287,1.5293,275164.0
1773734400000,1.5291,1.5318,1.5257,1.5293,434505.0
1773735300000,1.5293,1.5309,1.5251,1.528,177347.0
1773736200000,1.5282,1.5307,1.5252,1.5278,369114.0
1773737100000,1.528,1.5281,1.5187,1.5197,478522.0
1773738000000,1.5199,1.5201,1.5137,1.5145,551760.0
1773738900000,1.5145,1.5229,1.512,1.521,1546395.0
1773739800000,1.5207,1.5208,1.5156,1.5162,302735.0
1773740700000,1.5162,1.5167,1.5084,1.5116,434372.0
1773741600000,1.5114,1.5119,1.5037,1.506,514586.0
1773742500000,1.5062,1.5108,1.502,1.5086,426913.0
1773743400000,1.5084,1.5109,1.5067,1.5101,202205.0
1773744300000,1.5103,1.511,1.507,1.5082,135354.0
1773745200000,1.5084,1.5131,1.5065,1.5123,258900.0
1773746100000,1.5123,1.5167,1.5111,1.5151,355830.0
1773747000000,1.5149,1.5177,1.5129,1.5129,191683.0
1773747900000,1.5131,1.5156,1.5088,1.5088,374458.0
1773748800000,1.509,1.5129,1.5046,1.5085,632343.0
1773749700000,1.5083,1.5141,1.5034,1.507,417499.0
1773750600000,1.5068,1.508,1.5016,1.5059,315179.0
1773751500000,1.5064,1.5064,1.5018,1.5044,299341.0
1773752400000,1.5044,1.5088,1.5037,1.5069,237444.0
1773753300000,1.5074,1.5092,1.505,1.5068,193378.0
1773754200000,1.5068,1.5162,1.5012,1.5044,1952240.0
1773755100000,1.5046,1.511,1.495,1.5034,1543649.0
1773756000000,1.5029,1.5034,1.494,1.5005,1186987.0
1773756900000,1.5001,1.5071,1.4952,1.5056,418137.0
1773757800000,1.5056,1.5106,1.5043,1.5064,575660.0
1773758700000,1.5062,1.5124,1.5054,1.5116,421254.0
1773759600000,1.5116,1.521,1.5068,1.5082,841187.0
1773760500000,1.5083,1.5145,1.5074,1.5096,402995.0
1773761400000,1.5096,1.5134,1.502,1.507,503836.0
1773762300000,1.5072,1.5151,1.5047,1.5129,201113.0
1773763200000,1.5127,1.5151,1.5113,1.5119,168984.0
1773764100000,1.5119,1.5385,1.5112,1.5211,2426944.0
1773765000000,1.5209,1.5239,1.5001,1.5163,3176297.0
1773765900000,1.5163,1.5196,1.5127,1.5175,415279.0
1773766800000,1.5177,1.5228,1.5162,1.5209,419965.0
1773767700000,1.5211,1.5295,1.5195,1.5256,557518.0
1773768600000,1.5256,1.5277,1.5229,1.5275,193487.0
1773769500000,1.5277,1.5308,1.526,1.5298,295183.0
1773770400000,1.53,1.5309,1.5267,1.527,513353.0
1773771300000,1.527,1.5299,1.5245,1.5267,218184.0
1773772200000,1.5267,1.5362,1.5261,1.534,542505.0
1773773100000,1.5346,1.5374,1.5319,1.5354,273384.0
1773774000000,1.5355,1.5374,1.5325,1.5332,299450.0
1773774900000,1.533,1.5356,1.5299,1.5328,303479.0
1773775800000,1.5328,1.5399,1.5307,1.5375,283517.0
1773776700000,1.5375,1.5379,1.5286,1.5325,590461.0
1773777600000,1.5327,1.5343,1.5274,1.5274,251023.0
1773778500000,1.5274,1.5346,1.5274,1.5336,251320.0
1773779400000,1.5336,1.5343,1.5311,1.5326,185683.0
1773780300000,1.5324,1.5339,1.5317,1.5322,66158.0
1773781200000,1.5324,1.5352,1.5262,1.534,415733.0
1773782100000,1.5338,1.535,1.5285,1.5293,200744.0
1773783000000,1.5295,1.5335,1.5261,1.5322,177050.0
1773783900000,1.5322,1.5336,1.5287,1.5296,93450.0
1773784800000,1.5296,1.536,1.5281,1.5317,177652.0
1773785700000,1.5319,1.5336,1.5269,1.5276,211798.0
1773786600000,1.5276,1.5276,1.5201,1.5244,405488.0
1773787500000,1.5244,1.5278,1.5241,1.5272,125484.0
1773788400000,1.5274,1.5299,1.5252,1.5276,189166.0
1773789300000,1.5276,1.528,1.5214,1.5244,173884.0
1773790200000,1.5239,1.5241,1.5171,1.5176,325357.0
1773791100000,1.5176,1.52,1.5171,1.5173,180179.0
1773792000000,1.5171,1.5204,1.5164,1.5166,190591.0
1773792900000,1.5166,1.5172,1.5114,1.5126,356967.0
1773793800000,1.5124,1.5126,1.5085,1.5113,453462.0
1773794700000,1.5113,1.5161,1.5113,1.5147,210907.0
1773795600000,1.5147,1.5211,1.5147,1.5194,227528.0
1773796500000,1.5194,1.5213,1.5176,1.5184,112181.0
1773797400000,1.5184,1.5223,1.5165,1.5176,219157.0
1773798300000,1.5176,1.5197,1.5133,1.5144,216784.0
1773799200000,1.5144,1.5247,1.5139,1.524,165182.0
1773800100000,1.524,1.5246,1.5208,1.5217,185977.0
1773801000000,1.5215,1.5305,1.5215,1.5276,286391.0
1773801900000,1.5274,1.5294,1.5256,1.526,152405.0
1773802800000,1.526,1.5298,1.525,1.5261,252894.0
1773803700000,1.5259,1.535,1.5259,1.5343,247917.0
1773804600000,1.5341,1.539,1.5322,1.5349,331990.0
1773805500000,1.5349,1.5383,1.5324,1.5382,234020.0
1773806400000,1.5382,1.5407,1.5346,1.5372,480126.0
1773807300000,1.5374,1.5393,1.5261,1.5261,526756.0
1773808200000,1.5261,1.5266,1.523,1.5248,317354.0
1773809100000,1.5246,1.5262,1.524,1.5258,186108.0
1773810000000,1.526,1.5349,1.5255,1.5338,281376.0
1773810900000,1.5338,1.5366,1.5285,1.529,265919.0
1773811800000,1.529,1.5315,1.5266,1.5269,134492.0
1773812700000,1.5269,1.5288,1.5208,1.5226,373955.0
1773813600000,1.5226,1.5259,1.5226,1.5256,163064.0
1773814500000,1.5258,1.5295,1.5234,1.5283,164436.0
1773815400000,1.5286,1.5299,1.5236,1.5243,177604.0
1773816300000,1.5241,1.526,1.5235,1.524,134591.0
1773817200000,1.5237,1.5239,1.5183,1.5213,307046.0
1773818100000,1.5211,1.522,1.5164,1.5177,237000.0
1773819000000,1.5177,1.5179,1.5147,1.5152,230363.0
1773819900000,1.5152,1.5195,1.5141,1.5193,185254.0
1773820800000,1.5193,1.5246,1.5186,1.5222,284085.0
1773821700000,1.5222,1.5237,1.5211,1.5231,96336.0
1773822600000,1.5234,1.5234,1.5203,1.5218,133218.0
1773823500000,1.5216,1.5233,1.5203,1.5216,213101.0
1773824400000,1.5218,1.5239,1.5203,1.5228,119110.0
1773825300000,1.5228,1.5245,1.5221,1.5232,94843.0
1773826200000,1.523,1.5267,1.5229,1.5253,143956.0
1773827100000,1.5253,1.5259,1.5213,1.5227,127105.0
1773828000000,1.5227,1.5238,1.517,1.52,328671.0
1773828900000,1.5202,1.5202,1.5173,1.5178,172384.0
1773829800000,1.5178,1.519,1.5093,1.51,855536.0
1773830700000,1.51,1.5116,1.509,1.5106,563662.0
1773831600000,1.5104,1.5109,1.503,1.5097,959847.0
1773832500000,1.5097,1.5113,1.5016,1.5026,815381.0
1773833400000,1.5026,1.5037,1.4829,1.4914,2780280.0
1773834300000,1.4914,1.4914,1.4856,1.4891,519820.0
1773835200000,1.4893,1.49,1.4833,1.487,553187.0
1773836100000,1.4868,1.4884,1.4785,1.4792,953806.0
1773837000000,1.4794,1.4794,1.4569,1.4675,2476405.0
1773837900000,1.4673,1.4675,1.46,1.4635,594281.0
1773838800000,1.4635,1.4677,1.4551,1.465,1020683.0
1773839700000,1.4648,1.4676,1.4598,1.4659,673984.0
1773840600000,1.4657,1.4728,1.4623,1.4683,802846.0
1773841500000,1.4681,1.4708,1.4624,1.4655,347205.0
1773842400000,1.4657,1.4673,1.4577,1.4582,560182.0
1773843300000,1.4584,1.461,1.4509,1.4532,714843.0
1773844200000,1.4534,1.4557,1.4485,1.4494,704449.0
1773845100000,1.4494,1.453,1.4436,1.4452,817575.0
1773846000000,1.4449,1.4517,1.4388,1.441,1412962.0
1773846900000,1.441,1.4469,1.4398,1.4455,822327.0
1773847800000,1.4455,1.4487,1.4417,1.442,354765.0
1773848700000,1.442,1.4437,1.4381,1.4401,737578.0
1773849600000,1.4399,1.4431,1.4392,1.4392,679531.0
1773850500000,1.4392,1.4408,1.437,1.4396,592857.0
1773851400000,1.4396,1.4431,1.4348,1.4431,556247.0
1773852300000,1.4429,1.4461,1.4409,1.4419,317529.0
1773853200000,1.4416,1.4427,1.4396,1.4402,258286.0
1773854100000,1.44,1.4485,1.4391,1.4482,330242.0
1773855000000,1.4485,1.4548,1.4459,1.4541,702108.0
1773855900000,1.4541,1.4583,1.4536,1.4557,381504.0
1773856800000,1.4555,1.4658,1.4555,1.4638,929963.0
1773857700000,1.4638,1.464,1.4544,1.4584,466591.0
1773858600000,1.4584,1.464,1.4571,1.4611,305730.0
1773859500000,1.4613,1.4613,1.4475,1.4519,473515.0
1773860400000,1.4515,1.4595,1.4508,1.4558,372358.0
1773861300000,1.4558,1.4593,1.4517,1.453,178932.0
1773862200000,1.4528,1.4554,1.4515,1.4519,215852.0
1773863100000,1.4524,1.4536,1.4482,1.4482,151585.0
1773864000000,1.4482,1.4505,1.4414,1.4495,598661.0
1773864900000,1.4497,1.4532,1.4488,1.4523,192392.0
1773865800000,1.4523,1.4592,1.4516,1.4577,381073.0
1773866700000,1.4577,1.4615,1.4561,1.4586,195369.0
1773867600000,1.4586,1.462,1.4578,1.4607,129394.0
1773868500000,1.4609,1.471,1.4604,1.4689,378331.0
1773869400000,1.4689,1.4694,1.4631,1.4669,193136.0
1773870300000,1.4667,1.4676,1.4653,1.4664,92012.0
1773871200000,1.4662,1.4668,1.4587,1.4602,275251.0
1773872100000,1.4602,1.463,1.4593,1.462,107544.0
1773873000000,1.462,1.4631,1.4593,1.4608,131068.0
1773873900000,1.4606,1.4618,1.4596,1.4618,60464.0
1773874800000,1.4616,1.4638,1.4593,1.4594,198596.0
1773875700000,1.4593,1.4618,1.457,1.4618,114971.0
1773876600000,1.4618,1.4651,1.4616,1.463,145340.0
1773877500000,1.4628,1.4639,1.4613,1.4639,105848.0
1773878400000,1.4639,1.4642,1.4584,1.4612,150541.0
1773879300000,1.4612,1.4632,1.4587,1.4625,87784.0
1773880200000,1.4627,1.4636,1.459,1.4592,80712.0
1773881100000,1.459,1.4609,1.4584,1.4604,100371.0
1773882000000,1.4604,1.4627,1.4573,1.458,109111.0
1773882900000,1.458,1.4596,1.4558,1.4591,185134.0
1773883800000,1.4593,1.4661,1.4587,1.4653,187479.0
1773884700000,1.4653,1.4664,1.4607,1.461,161763.0
1773885600000,1.461,1.4624,1.4549,1.4612,321827.0
1773886500000,1.461,1.4635,1.4598,1.4613,67564.0
1773887400000,1.4613,1.4618,1.4596,1.4608,55889.0
1773888300000,1.461,1.461,1.456,1.4565,92174.0
1773889200000,1.4565,1.4623,1.4565,1.4618,127166.0
1773890100000,1.462,1.4778,1.4609,1.4764,599805.0
1773891000000,1.4762,1.4776,1.4696,1.4715,237363.0
1773891900000,1.4717,1.4758,1.471,1.4736,210729.0
1773892800000,1.4736,1.4736,1.4635,1.4674,283888.0
1773893700000,1.4675,1.4679,1.4627,1.4645,164114.0
1773894600000,1.4645,1.4684,1.4637,1.4675,206978.0
1773895500000,1.4673,1.4675,1.4644,1.4659,145025.0
1773896400000,1.4657,1.4671,1.4626,1.4638,126079.0
1773897300000,1.4636,1.4666,1.4601,1.4604,129702.0
1773898200000,1.4602,1.465,1.4586,1.4644,232940.0
1773899100000,1.4642,1.4662,1.4632,1.4659,83674.0
1773900000000,1.4659,1.4736,1.464,1.4722,426968.0
1773900900000,1.4724,1.4809,1.4678,1.4681,853527.0
1773901800000,1.4678,1.469,1.4631,1.4676,513588.0
1773902700000,1.4674,1.4712,1.4663,1.4679,130233.0
1773903600000,1.4677,1.4697,1.4621,1.4624,367776.0
1773904500000,1.4622,1.4636,1.4503,1.4572,1190239.0
1773905400000,1.4576,1.4656,1.4567,1.4632,407595.0
1773906300000,1.4632,1.4635,1.4589,1.4609,283233.0
1773907200000,1.4609,1.4634,1.4577,1.4616,372846.0
1773908100000,1.4616,1.462,1.4538,1.4551,316969.0
1773909000000,1.4547,1.46,1.4513,1.4584,317934.0
1773909900000,1.4584,1.4589,1.4536,1.4546,189339.0
1773910800000,1.4546,1.4601,1.4546,1.4578,316206.0
1773911700000,1.4578,1.4692,1.4574,1.4627,689247.0
1773912600000,1.4627,1.4666,1.4608,1.4658,281494.0
1773913500000,1.4658,1.4703,1.4648,1.4689,373311.0
1773914400000,1.4687,1.4697,1.4649,1.4665,219399.0
1773915300000,1.4663,1.4686,1.4658,1.4663,215747.0
1773916200000,1.4663,1.4665,1.4614,1.4633,372119.0
1773917100000,1.4631,1.4641,1.4618,1.4621,227881.0
1773918000000,1.4621,1.4649,1.4621,1.4637,219470.0
1773918900000,1.4635,1.4646,1.4623,1.4637,142143.0
1773919800000,1.4637,1.4644,1.4564,1.4577,642739.0
1773920700000,1.4577,1.4583,1.4569,1.4579,160093.0
1773921600000,1.4579,1.4579,1.4547,1.4549,462159.0
1773922500000,1.4551,1.4552,1.4469,1.4486,617763.0
1773923400000,1.4484,1.45,1.447,1.4479,312041.0
1773924300000,1.4481,1.4481,1.4341,1.4363,1582966.0
1773925200000,1.4365,1.4419,1.4318,1.434,879052.0
1773926100000,1.4338,1.4472,1.4338,1.4405,791528.0
1773927000000,1.4403,1.4514,1.435,1.4482,818805.0
1773927900000,1.4484,1.4536,1.445,1.4512,584683.0
1773928800000,1.4514,1.456,1.4458,1.447,381489.0
1773929700000,1.4467,1.4481,1.4396,1.4397,493068.0
1773930600000,1.4397,1.4434,1.4383,1.4425,329563.0
1773931500000,1.4423,1.4486,1.4414,1.444,337463.0
1773932400000,1.4434,1.449,1.4409,1.4421,389364.0
1773933300000,1.4421,1.4437,1.4278,1.428,1140920.0
1773934200000,1.428,1.4306,1.424,1.4276,1101034.0
1773935100000,1.4278,1.435,1.4252,1.4309,823230.0
1773936000000,1.4309,1.4315,1.4265,1.4282,1266481.0
1773936900000,1.4285,1.4355,1.4274,1.4339,274116.0
1773937800000,1.434,1.4368,1.4295,1.4323,368551.0
1773938700000,1.4325,1.4325,1.424,1.4263,501085.0
1773939600000,1.4265,1.4265,1.4211,1.4239,644760.0
1773940500000,1.4241,1.4355,1.4224,1.4322,345658.0
1773941400000,1.4324,1.4352,1.4291,1.4311,308337.0
1773942300000,1.4309,1.4388,1.43,1.4381,207389.0
1773943200000,1.4383,1.4383,1.4335,1.4351,269407.0
1773944100000,1.4351,1.4369,1.4334,1.4337,461361.0
1773945000000,1.4335,1.4339,1.43,1.4317,464972.0
1773945900000,1.4315,1.4374,1.43,1.4363,134443.0
1773946800000,1.4363,1.4515,1.4356,1.4472,879555.0
1773947700000,1.4472,1.4519,1.4454,1.4467,325577.0
1773948600000,1.4467,1.4494,1.4418,1.4476,467455.0
1773949500000,1.4475,1.448,1.4431,1.4438,166775.0
1773950400000,1.444,1.4447,1.4424,1.4443,156364.0
1773951300000,1.4443,1.4495,1.4443,1.4487,139972.0
1773952200000,1.4487,1.4533,1.4479,1.4505,202938.0
1773953100000,1.4507,1.451,1.4482,1.4488,82940.0
1773954000000,1.4488,1.4545,1.4483,1.4541,144932.0
1773954900000,1.4539,1.4549,1.4514,1.453,235704.0
1773955800000,1.4528,1.4539,1.4511,1.4523,189975.0
1773956700000,1.4525,1.4551,1.4512,1.4537,233172.0
1773957600000,1.4539,1.4547,1.4489,1.4513,406809.0
1773958500000,1.4511,1.4543,1.4489,1.4534,208934.0
1773959400000,1.4534,1.4534,1.4434,1.4454,575042.0
1773960300000,1.4454,1.4486,1.4451,1.4486,74133.0
1773961200000,1.4486,1.453,1.4484,1.4511,197028.0
1773962100000,1.4511,1.4511,1.4455,1.4479,245943.0
1773963000000,1.4481,1.4491,1.4419,1.4437,252066.0
1773963900000,1.4437,1.4474,1.4431,1.4465,120855.0
1773964800000,1.4465,1.4521,1.4461,1.4514,231039.0
1773965700000,1.4514,1.452,1.4447,1.4466,222174.0
1773966600000,1.4464,1.449,1.4448,1.4475,97400.0
1773967500000,1.4475,1.4494,1.4468,1.4492,49430.0
1773968400000,1.4494,1.4549,1.4492,1.453,174245.0
1773969300000,1.453,1.4541,1.451,1.4533,106763.0
1773970200000,1.4535,1.4598,1.4533,1.4587,532492.0
1773971100000,1.4585,1.4595,1.4555,1.4556,212934.0
1773972000000,1.4556,1.4566,1.4532,1.4532,96227.0
1773972900000,1.4532,1.4533,1.4478,1.4487,209025.0
1773973800000,1.4485,1.4502,1.4455,1.4499,325199.0
1773974700000,1.4497,1.4536,1.4483,1.4514,145233.0
1773975600000,1.4514,1.4517,1.4494,1.4495,78544.0
1773976500000,1.4497,1.4539,1.4491,1.4539,109296.0
1773977400000,1.4537,1.456,1.451,1.4512,128632.0
1773978300000,1.4512,1.4539,1.4506,1.452,111927.0
1773979200000,1.4522,1.4561,1.4508,1.4554,175224.0
1773980100000,1.4552,1.456,1.4536,1.4558,153199.0
1773981000000,1.4556,1.4561,1.4467,1.4471,281220.0
1773981900000,1.4473,1.4543,1.4468,1.453,259916.0
1773982800000,1.453,1.4563,1.4504,1.4556,180947.0
1773983700000,1.4554,1.4578,1.4507,1.4509,235698.0
1773984600000,1.4509,1.4562,1.4492,1.4554,141879.0
1773985500000,1.4556,1.457,1.4527,1.4542,133583.0
1773986400000,1.4542,1.456,1.4529,1.4556,178740.0
1773987300000,1.4556,1.4579,1.4527,1.4577,204105.0
1773988200000,1.4577,1.462,1.4509,1.4523,606467.0
1773989100000,1.4521,1.4529,1.4497,1.45,118260.0
1773990000000,1.45,1.45,1.4428,1.4456,434104.0
1773990900000,1.4454,1.4503,1.4445,1.4486,156572.0
1773991800000,1.4486,1.4557,1.4476,1.4551,279279.0
1773992700000,1.4551,1.4558,1.4534,1.4536,108752.0
1773993600000,1.4536,1.4656,1.4529,1.4627,556375.0
1773994500000,1.4627,1.4627,1.4583,1.461,280134.0
1773995400000,1.461,1.4619,1.4584,1.4591,190700.0
1773996300000,1.4593,1.46,1.4581,1.459,104181.0
1773997200000,1.459,1.4592,1.4519,1.4522,603882.0
1773998100000,1.452,1.4522,1.4443,1.447,533077.0
1773999000000,1.447,1.4499,1.4466,1.4497,167219.0
1773999900000,1.4495,1.4497,1.4448,1.4471,186051.0
1774000800000,1.4471,1.4478,1.4437,1.4453,192660.0
1774001700000,1.4451,1.4478,1.4431,1.4444,365002.0
1774002600000,1.4444,1.4528,1.4441,1.4498,245723.0
1774003500000,1.45,1.4519,1.4495,1.4499,132839.0
1774004400000,1.4497,1.4543,1.4493,1.4541,160384.0
1774005300000,1.4541,1.4541,1.4471,1.4476,181479.0
1774006200000,1.4474,1.4485,1.4424,1.4442,226949.0
1774007100000,1.444,1.4487,1.4429,1.4485,215244.0
1774008000000,1.4487,1.4512,1.4468,1.4512,357591.0
1774008900000,1.451,1.4522,1.4476,1.4481,293183.0
1774009800000,1.4481,1.4481,1.4424,1.4438,243533.0
1774010700000,1.444,1.4444,1.4411,1.4416,220131.0
1774011600000,1.4418,1.4439,1.4383,1.4406,545213.0
1774012500000,1.4406,1.4479,1.44,1.4447,322432.0
1774013400000,1.4447,1.4464,1.4359,1.4439,723971.0
1774014300000,1.4437,1.4448,1.4359,1.4373,375545.0
1774015200000,1.4373,1.4428,1.4328,1.4382,501469.0
1774016100000,1.4384,1.4405,1.4347,1.439,315774.0
1774017000000,1.4388,1.4441,1.4388,1.44,797605.0
1774017900000,1.44,1.4411,1.4334,1.4357,281115.0
1774018800000,1.4357,1.4382,1.4277,1.4336,716836.0
1774019700000,1.4336,1.4408,1.4315,1.4372,353337.0
1774020600000,1.4372,1.4404,1.4364,1.4383,148102.0
1774021500000,1.4383,1.4389,1.436,1.437,87783.0
1774022400000,1.437,1.4385,1.4345,1.4361,202782.0
1774023300000,1.4358,1.4425,1.4337,1.4412,384253.0
1774024200000,1.4412,1.4414,1.434,1.4346,459407.0
1774025100000,1.4346,1.4388,1.4319,1.4368,152559.0
1774026000000,1.4368,1.438,1.4327,1.4351,157279.0
1774026900000,1.4349,1.4361,1.4332,1.4332,58729.0
1774027800000,1.4334,1.4339,1.4279,1.4312,282426.0
1774028700000,1.431,1.4398,1.4303,1.4383,146328.0
1774029600000,1.4383,1.439,1.4359,1.4372,227964.0
1774030500000,1.437,1.4375,1.4314,1.4318,204644.0
1774031400000,1.432,1.4325,1.4278,1.4308,223842.0
1774032300000,1.4306,1.4338,1.4296,1.4303,168570.0
1774033200000,1.4305,1.4325,1.4286,1.4301,124324.0
1774034100000,1.4301,1.432,1.4275,1.4297,170961.0
1774035000000,1.4297,1.4323,1.424,1.4322,352525.0
1774035900000,1.4322,1.4368,1.4306,1.4345,146583.0
1774036800000,1.4351,1.4368,1.4327,1.4351,269131.0
1774037700000,1.435,1.4351,1.4298,1.4304,113880.0
1774038600000,1.4302,1.4322,1.4282,1.4312,161748.0
1774039500000,1.4312,1.4358,1.4309,1.4356,136762.0
1774040400000,1.4356,1.4361,1.4331,1.4358,84496.0
1774041300000,1.4358,1.4461,1.4353,1.4434,392075.0
1774042200000,1.4441,1.4483,1.4408,1.4418,469838.0
1774043100000,1.4418,1.443,1.441,1.4424,98066.0
1774044000000,1.4424,1.4515,1.4424,1.4487,544687.0
1774044900000,1.4485,1.4494,1.4469,1.4469,119946.0
1774045800000,1.4471,1.448,1.4456,1.4465,90128.0
1774046700000,1.4467,1.4486,1.4456,1.4471,81773.0
1774047600000,1.4473,1.4473,1.4406,1.4407,262541.0
1774048500000,1.4407,1.4429,1.4392,1.4426,219106.0
1774049400000,1.4424,1.4448,1.4416,1.4444,131657.0
1774050300000,1.4442,1.4456,1.4436,1.4442,69450.0
1774051200000,1.4442,1.4456,1.4436,1.4456,98101.0
1774052100000,1.4455,1.4486,1.445,1.4461,124830.0
1774053000000,1.4461,1.4461,1.442,1.4426,97816.0
1774053900000,1.4424,1.4475,1.4424,1.4472,68402.0
1774054800000,1.4472,1.4493,1.4457,1.4467,87392.0
1774055700000,1.4465,1.4467,1.4448,1.4452,61694.0
1774056600000,1.4454,1.4454,1.4426,1.4428,70837.0
1774057500000,1.4428,1.4433,1.4416,1.4426,103349.0
1774058400000,1.4426,1.4434,1.4416,1.4421,75329.0
1774059300000,1.4423,1.4458,1.4421,1.445,53958.0
1774060200000,1.445,1.4468,1.4436,1.4461,70234.0
1774061100000,1.4461,1.4476,1.4456,1.4461,85393.0
1774062000000,1.4463,1.4468,1.4442,1.4452,68690.0
1774062900000,1.4454,1.446,1.4444,1.445,172962.0
1774063800000,1.445,1.4464,1.4445,1.446,177286.0
1774064700000,1.4458,1.4472,1.4452,1.4454,836615.0
1774065600000,1.4454,1.4473,1.4452,1.4455,57270.0
1774066500000,1.4455,1.447,1.4455,1.447,65496.0
1774067400000,1.4468,1.447,1.4436,1.444,85753.0
1774068300000,1.444,1.4446,1.4435,1.4435,67520.0
1774069200000,1.4437,1.4459,1.4435,1.4451,82445.0
1774070100000,1.4451,1.4468,1.4451,1.4461,51747.0
1774071000000,1.4461,1.4485,1.4461,1.448,119765.0
1774071900000,1.4482,1.4502,1.448,1.4501,144724.0
1774072800000,1.4502,1.4519,1.4471,1.449,478511.0
1774073700000,1.449,1.4499,1.4483,1.4495,73557.0
1774074600000,1.4493,1.4498,1.4484,1.4485,202533.0
1774075500000,1.4484,1.449,1.4474,1.4477,90399.0
1774076400000,1.4477,1.4486,1.4467,1.4467,92627.0
1774077300000,1.4467,1.4492,1.4466,1.4488,129821.0
1774078200000,1.4488,1.449,1.4459,1.4459,113455.0
1774079100000,1.4461,1.4461,1.4429,1.4431,194390.0
1774080000000,1.4431,1.4445,1.4428,1.4438,116142.0
1774080900000,1.4438,1.4438,1.4401,1.4403,332984.0
1774081800000,1.4403,1.4415,1.4394,1.4414,242369.0
1774082700000,1.4415,1.442,1.4399,1.4402,120239.0
1774083600000,1.4404,1.4425,1.4399,1.4407,245267.0
1774084500000,1.4405,1.4407,1.4376,1.4381,388126.0
1774085400000,1.438,1.4388,1.4375,1.4375,219261.0
1774086300000,1.4375,1.44,1.4359,1.4393,450646.0
1774087200000,1.4391,1.4394,1.4372,1.438,305066.0
1774088100000,1.438,1.438,1.4371,1.4375,85942.0
1774089000000,1.4375,1.4401,1.4375,1.4397,87184.0
1774089900000,1.4395,1.4397,1.4385,1.4394,66948.0
1774090800000,1.4394,1.44,1.4387,1.4396,61812.0
1774091700000,1.4396,1.4398,1.4389,1.4394,70426.0
1774092600000,1.4392,1.4415,1.4384,1.4413,91605.0
1774093500000,1.4413,1.4424,1.4413,1.4419,171802.0
1774094400000,1.4419,1.4424,1.4394,1.4414,125328.0
1774095300000,1.4414,1.4462,1.44,1.444,554346.0
1774096200000,1.444,1.4455,1.443,1.4445,110924.0
1774097100000,1.4447,1.445,1.4439,1.4443,62624.0
1774098000000,1.4443,1.4443,1.4425,1.4434,87476.0
1774098900000,1.4432,1.4453,1.4385,1.4386,317054.0
1774099800000,1.4388,1.4411,1.4353,1.4356,1163750.0
1774100700000,1.4356,1.4394,1.4342,1.439,737989.0
1774101600000,1.439,1.4444,1.4381,1.4429,329780.0
1774102500000,1.4427,1.4437,1.4403,1.4403,187425.0
1774103400000,1.4405,1.442,1.4393,1.4397,91915.0
1774104300000,1.4399,1.4403,1.4341,1.436,292105.0
1774105200000,1.436,1.4371,1.4349,1.4363,159894.0
1774106100000,1.4363,1.4382,1.4332,1.4373,269648.0
1774107000000,1.4371,1.4394,1.4365,1.4366,117711.0
1774107900000,1.4367,1.438,1.4366,1.4371,72734.0
1774108800000,1.4371,1.4375,1.4359,1.4365,113448.0
1774109700000,1.4363,1.4376,1.4338,1.4348,150789.0
1774110600000,1.4348,1.4357,1.4332,1.4351,134647.0
1774111500000,1.4354,1.4361,1.4346,1.4359,152842.0
1774112400000,1.4361,1.4368,1.4335,1.4338,140222.0
1774113300000,1.434,1.4371,1.4332,1.4371,91281.0
1774114200000,1.4369,1.4407,1.4369,1.439,229676.0
1774115100000,1.439,1.4398,1.4386,1.4388,210417.0
1774116000000,1.4388,1.4393,1.4369,1.4378,110263.0
1774116900000,1.4378,1.44,1.4378,1.4388,95226.0
1774117800000,1.4384,1.441,1.4384,1.4406,226330.0
1774118700000,1.4404,1.4406,1.4358,1.4365,95922.0
1774119600000,1.4367,1.4371,1.4357,1.4363,77723.0
1774120500000,1.4363,1.4372,1.4359,1.4368,69187.0
1774121400000,1.4368,1.4368,1.435,1.4359,60475.0
1774122300000,1.4359,1.4372,1.4359,1.4362,35215.0
1774123200000,1.4364,1.4392,1.436,1.4382,97227.0
1774124100000,1.4382,1.4404,1.4376,1.4402,79717.0
1774125000000,1.4404,1.4419,1.4402,1.4412,207236.0
1774125900000,1.4412,1.4415,1.4404,1.4407,52427.0
1774126800000,1.4409,1.4411,1.4383,1.4389,116084.0
1774127700000,1.4387,1.4395,1.4384,1.4386,61782.0
1774128600000,1.4386,1.44,1.4386,1.4393,38639.0
1774129500000,1.4393,1.4396,1.4374,1.4391,49853.0
1774130400000,1.4391,1.4394,1.4369,1.4394,91711.0
1774131300000,1.4393,1.4394,1.4381,1.4393,37709.0
1774132200000,1.4393,1.4408,1.4387,1.4393,73840.0
1774133100000,1.4393,1.4397,1.4381,1.4383,57049.0
1774134000000,1.4383,1.4388,1.4359,1.4363,115402.0
1774134900000,1.4363,1.4369,1.4352,1.4354,95632.0
1774135800000,1.4352,1.4368,1.4351,1.4363,83823.0
1774136700000,1.4365,1.4365,1.3982,1.4081,5177982.0
1774137600000,1.4078,1.4099,1.393,1.4032,2773975.0
1774138500000,1.403,1.4122,1.4021,1.4122,536892.0
1774139400000,1.4122,1.417,1.412,1.4138,437058.0
1774140300000,1.4138,1.4163,1.408,1.4099,403761.0
1774141200000,1.4097,1.4155,1.4092,1.4112,422700.0
1774142100000,1.4114,1.413,1.4087,1.4093,136923.0
1774143000000,1.4093,1.4113,1.4047,1.4064,271010.0
1774143900000,1.4064,1.4097,1.406,1.4091,156025.0
1774144800000,1.4091,1.4111,1.4071,1.41,145573.0
1774145700000,1.4102,1.4199,1.4082,1.418,221783.0
1774146600000,1.4182,1.4182,1.4128,1.4134,231239.0
1774147500000,1.4134,1.4178,1.4132,1.4157,136348.0
1774148400000,1.4157,1.4162,1.4125,1.4153,126213.0
1774149300000,1.4153,1.4231,1.4146,1.4216,300198.0
1774150200000,1.4216,1.4257,1.4188,1.4201,441303.0
1774151100000,1.4201,1.4203,1.4165,1.4168,149946.0
1774152000000,1.4165,1.4198,1.4154,1.4166,192616.0
1774152900000,1.4164,1.4192,1.41,1.4105,326445.0
1774153800000,1.4105,1.4171,1.4098,1.4152,292865.0
1774154700000,1.4154,1.4178,1.4152,1.4168,111328.0
1774155600000,1.4168,1.4168,1.4142,1.4148,74993.0
1774156500000,1.4148,1.4157,1.4112,1.4114,123579.0
1774157400000,1.4114,1.4128,1.4112,1.4114,68683.0
1774158300000,1.4112,1.4132,1.411,1.411,153909.0
1774159200000,1.4111,1.4112,1.4093,1.4097,168450.0
1774160100000,1.4097,1.4116,1.4093,1.4112,84209.0
1774161000000,1.4112,1.4122,1.41,1.411,78510.0
1774161900000,1.411,1.4114,1.4095,1.41,131868.0
1774162800000,1.41,1.4123,1.4094,1.4109,99931.0
1774163700000,1.4109,1.412,1.4107,1.411,108626.0
1774164600000,1.411,1.4112,1.4057,1.4065,302340.0
1774165500000,1.4065,1.4079,1.4024,1.4026,521435.0
1774166400000,1.4026,1.4032,1.3973,1.4004,407784.0
1774167300000,1.4004,1.4005,1.3923,1.3946,582429.0
1774168200000,1.3946,1.3987,1.3941,1.3975,210099.0
1774169100000,1.3975,1.399,1.3964,1.3987,178477.0
1774170000000,1.3987,1.4024,1.398,1.4021,244711.0
1774170900000,1.4021,1.4027,1.3947,1.3954,244826.0
1774171800000,1.3956,1.3976,1.3945,1.3958,133235.0
1774172700000,1.3956,1.3965,1.3947,1.3957,106654.0
1774173600000,1.3955,1.3962,1.3923,1.3925,205437.0
1774174500000,1.3923,1.394,1.3905,1.3906,291867.0
1774175400000,1.3908,1.392,1.3865,1.388,698600.0
1774176300000,1.3882,1.3888,1.3866,1.388,217030.0
1774177200000,1.388,1.3893,1.3849,1.3882,392004.0
1774178100000,1.388,1.3908,1.386,1.3873,359350.0
1774179000000,1.3871,1.395,1.3868,1.3917,452401.0
1774179900000,1.3916,1.3927,1.3897,1.3901,208309.0
1774180800000,1.3901,1.3945,1.3899,1.3941,180200.0
1774181700000,1.3941,1.4009,1.3933,1.4,354259.0
1774182600000,1.4003,1.4003,1.3973,1.3978,295541.0
1774183500000,1.3978,1.3998,1.3966,1.3988,99594.0
1774184400000,1.3986,1.4062,1.3986,1.4043,589494.0
1774185300000,1.4044,1.4044,1.3995,1.4008,385895.0
1774186200000,1.4008,1.4013,1.3951,1.3969,366544.0
1774187100000,1.3967,1.3982,1.396,1.3977,106035.0
1774188000000,1.3975,1.4003,1.3942,1.3997,244225.0
1774188900000,1.3997,1.4017,1.3978,1.3995,185888.0
1774189800000,1.3993,1.4022,1.3991,1.3997,121359.0
1774190700000,1.3995,1.3997,1.3959,1.3964,202905.0
1774191600000,1.3966,1.4003,1.3964,1.3975,142216.0
1774192500000,1.3975,1.3985,1.3948,1.3952,187048.0
1774193400000,1.3952,1.3952,1.3906,1.393,241079.0
1774194300000,1.3929,1.3934,1.3913,1.392,152137.0
1774195200000,1.392,1.3931,1.3895,1.3931,409792.0
1774196100000,1.3931,1.3944,1.3906,1.3915,221969.0
1774197000000,1.3917,1.394,1.3904,1.3928,129930.0
1774197900000,1.3926,1.3947,1.3926,1.3938,94497.0
1774198800000,1.3936,1.3948,1.3924,1.3945,95681.0
1774199700000,1.3945,1.3949,1.3921,1.3929,103192.0
1774200600000,1.3933,1.3939,1.3908,1.3913,107600.0
1774201500000,1.3913,1.3934,1.3912,1.3921,92582.0
1774202400000,1.3921,1.3921,1.3886,1.3899,174782.0
1774203300000,1.3899,1.39,1.3884,1.3897,112901.0
1774204200000,1.39,1.3912,1.3805,1.3848,707232.0
1774205100000,1.385,1.3882,1.3842,1.3874,393895.0
1774206000000,1.3876,1.3876,1.3813,1.3819,323943.0
1774206900000,1.3819,1.3832,1.3806,1.3814,224105.0
1774207800000,1.3816,1.387,1.3806,1.386,221954.0
1774208700000,1.3858,1.386,1.3826,1.3841,130953.0
1774209600000,1.3841,1.3879,1.3839,1.387,117312.0
1774210500000,1.3868,1.3898,1.3864,1.3873,204704.0
1774211400000,1.3871,1.3885,1.3859,1.3877,115561.0
1774212300000,1.3875,1.3878,1.385,1.3859,116928.0
1774213200000,1.3859,1.3871,1.3739,1.3771,1408486.0
1774214100000,1.3773,1.3819,1.3707,1.3805,611505.0
1774215000000,1.3803,1.3833,1.3771,1.381,212344.0
1774215900000,1.3808,1.3823,1.3771,1.3785,118616.0
1774216800000,1.3785,1.3842,1.371,1.3778,555197.0
1774217700000,1.3778,1.3913,1.3771,1.3882,521832.0
1774218600000,1.3882,1.3901,1.3851,1.3861,204906.0
1774219500000,1.3863,1.3919,1.3861,1.39,242247.0
1774220400000,1.3898,1.3922,1.3867,1.3899,166854.0
1774221300000,1.3897,1.3899,1.3871,1.3875,154738.0
1774222200000,1.3875,1.3891,1.3861,1.3879,145622.0
1774223100000,1.388,1.3885,1.3831,1.3843,148685.0
1774224000000,1.3843,1.39,1.3825,1.3859,205788.0
1774224900000,1.3859,1.3878,1.3833,1.3845,103907.0
1774225800000,1.3845,1.3849,1.3735,1.3806,371336.0
1774226700000,1.3808,1.3828,1.3772,1.3782,149066.0
1774227600000,1.378,1.3842,1.375,1.3811,166932.0
1774228500000,1.3811,1.3887,1.3809,1.3875,186931.0
1774229400000,1.3873,1.3896,1.3838,1.3849,137270.0
1774230300000,1.3855,1.3868,1.381,1.381,134469.0
1774231200000,1.3812,1.3882,1.3809,1.3825,266799.0
1774232100000,1.3825,1.3922,1.3817,1.3915,226186.0
1774233000000,1.3913,1.392,1.3864,1.3864,272301.0
1774233900000,1.3865,1.3867,1.3822,1.3848,133796.0
1774234800000,1.3848,1.3912,1.3814,1.3818,182573.0
1774235700000,1.3818,1.3849,1.3814,1.3832,108810.0
1774236600000,1.3831,1.3843,1.378,1.3797,224565.0
1774237500000,1.3797,1.3814,1.3783,1.381,94263.0
1774238400000,1.381,1.3832,1.3798,1.3798,121365.0
1774239300000,1.3798,1.385,1.378,1.3847,133867.0
1774240200000,1.3849,1.3884,1.3841,1.3852,136041.0
1774241100000,1.385,1.39,1.3849,1.3898,208953.0
1774242000000,1.39,1.3938,1.3898,1.3926,256542.0
1774242900000,1.3931,1.3944,1.3906,1.3928,278206.0
1774243800000,1.3928,1.3952,1.3888,1.3897,424402.0
1774244700000,1.3899,1.3929,1.3875,1.3903,265515.0
1774245600000,1.3905,1.3905,1.3805,1.3812,240543.0
1774246500000,1.3812,1.3831,1.3788,1.3815,273142.0
1774247400000,1.3815,1.3822,1.368,1.3703,766098.0
1774248300000,1.3703,1.3726,1.3676,1.3706,456949.0
1774249200000,1.3706,1.3711,1.3635,1.3679,546345.0
1774250100000,1.3679,1.3701,1.3617,1.3639,461512.0
1774251000000,1.3641,1.3746,1.3629,1.374,298512.0
1774251900000,1.3743,1.3748,1.3709,1.3718,166619.0
1774252800000,1.3718,1.3795,1.3718,1.377,255327.0
1774253700000,1.3768,1.3782,1.3731,1.3741,238718.0
1774254600000,1.3741,1.3764,1.3723,1.3734,127080.0
1774255500000,1.3734,1.3737,1.3665,1.3675,365287.0
1774256400000,1.3675,1.3686,1.3651,1.3684,329536.0
1774257300000,1.3686,1.3707,1.3662,1.3678,163445.0
1774258200000,1.3676,1.3678,1.361,1.3643,320058.0
1774259100000,1.3641,1.369,1.3641,1.3684,151607.0
1774260000000,1.3682,1.3798,1.3677,1.3774,475716.0
1774260900000,1.3774,1.3784,1.3716,1.3729,220533.0
1774261800000,1.3731,1.3731,1.3696,1.3707,162126.0
1774262700000,1.3705,1.3741,1.3685,1.3714,209803.0
1774263600000,1.3714,1.4442,1.3714,1.4267,6020423.0
1774264500000,1.427,1.4349,1.4128,1.4266,2181293.0
1774265400000,1.4263,1.4342,1.42,1.4213,997308.0
1774266300000,1.4213,1.4224,1.4081,1.4107,1101491.0
1774267200000,1.4104,1.418,1.4012,1.4115,1297459.0
1774268100000,1.4115,1.4213,1.4111,1.4163,491291.0
1774269000000,1.4164,1.4262,1.411,1.4236,728415.0
1774269900000,1.4234,1.4263,1.4213,1.4243,405002.0
1774270800000,1.4243,1.4284,1.4222,1.4226,324263.0
1774271700000,1.4226,1.4277,1.4226,1.4232,278632.0
1774272600000,1.4232,1.4378,1.4205,1.4348,922869.0
1774273500000,1.4346,1.4433,1.4322,1.4411,738028.0
1774274400000,1.4411,1.4525,1.4409,1.4465,1098690.0
1774275300000,1.4465,1.4519,1.4443,1.4452,457384.0
1774276200000,1.4452,1.4507,1.4441,1.4479,463094.0
1774277100000,1.4481,1.4561,1.4447,1.455,590494.0
1774278000000,1.455,1.4632,1.4547,1.461,785604.0
1774278900000,1.4612,1.4656,1.4551,1.4593,859829.0
1774279800000,1.4591,1.4601,1.4437,1.4455,993534.0
1774280700000,1.4457,1.4493,1.4304,1.4309,961034.0
1774281600000,1.4309,1.4407,1.4307,1.4397,680599.0
1774282500000,1.4397,1.4419,1.4286,1.4287,367368.0
1774283400000,1.4291,1.4388,1.4263,1.4309,679316.0
1774284300000,1.4307,1.4363,1.43,1.4336,325231.0
1774285200000,1.4338,1.4382,1.4314,1.4336,404593.0
1774286100000,1.4336,1.4351,1.426,1.4294,370780.0
1774287000000,1.4297,1.4461,1.4286,1.4417,566242.0
1774287900000,1.4419,1.4445,1.4401,1.4438,214018.0
1774288800000,1.4438,1.446,1.4373,1.4389,265504.0
1774289700000,1.4387,1.4401,1.436,1.4376,129925.0
1774290600000,1.4373,1.4418,1.437,1.438,109880.0
1774291500000,1.438,1.443,1.4377,1.4413,147116.0
1774292400000,1.4411,1.445,1.4367,1.4372,216243.0
1774293300000,1.4372,1.4386,1.4348,1.4373,295651.0
1774294200000,1.4371,1.4387,1.4364,1.4374,118973.0
1774295100000,1.4372,1.4392,1.4308,1.4343,205800.0
1774296000000,1.4337,1.437,1.4307,1.4356,317316.0
1774296900000,1.4356,1.438,1.4341,1.4348,129769.0
1774297800000,1.4346,1.4393,1.434,1.439,111448.0
1774298700000,1.4388,1.4393,1.4363,1.4376,100143.0
1774299600000,1.4376,1.4388,1.435,1.4355,75337.0
1774300500000,1.4357,1.4369,1.434,1.4351,98389.0
1774301400000,1.4353,1.4395,1.435,1.4385,119487.0
1774302300000,1.4387,1.4387,1.434,1.435,57882.0
1774303200000,1.4352,1.4365,1.4272,1.4303,360715.0
1774304100000,1.43,1.4315,1.4281,1.4295,125871.0
1774305000000,1.4293,1.4295,1.4249,1.4268,280012.0
1774305900000,1.4266,1.43,1.426,1.429,170076.0
1774306800000,1.429,1.4293,1.4239,1.4254,244440.0
1774307700000,1.4256,1.4311,1.4235,1.4295,125095.0
1774308600000,1.4295,1.431,1.4274,1.4303,70061.0
1774309500000,1.4305,1.4335,1.428,1.4315,103954.0
1774310400000,1.4317,1.4345,1.427,1.427,172760.0
1774311300000,1.427,1.4277,1.4219,1.4227,185108.0
1774312200000,1.4225,1.4228,1.4156,1.4196,342873.0
1774313100000,1.4191,1.4231,1.4191,1.4193,89549.0
1774314000000,1.4193,1.4228,1.4177,1.4189,163351.0
1774314900000,1.4191,1.4221,1.417,1.4214,133177.0
1774315800000,1.4214,1.4214,1.4093,1.4116,359702.0
1774316700000,1.4114,1.4145,1.4093,1.413,259358.0
1774317600000,1.413,1.4162,1.4104,1.4105,311610.0
1774318500000,1.4106,1.4163,1.4105,1.4147,420874.0
1774319400000,1.4149,1.4158,1.4095,1.4131,126963.0
1774320300000,1.4129,1.4139,1.4085,1.4085,96913.0
1774321200000,1.4088,1.4108,1.4082,1.4098,197812.0
1774322100000,1.41,1.4123,1.4098,1.411,75466.0
1774323000000,1.4111,1.4132,1.4093,1.4124,65202.0
1774323900000,1.4122,1.4152,1.412,1.4139,83182.0
1774324800000,1.4139,1.4158,1.4122,1.4128,250171.0
1774325700000,1.4128,1.4134,1.4104,1.4106,70652.0
1774326600000,1.4106,1.4108,1.4064,1.4078,168035.0
1774327500000,1.408,1.4093,1.4062,1.4082,103859.0
1774328400000,1.408,1.4087,1.4044,1.4082,239049.0
1774329300000,1.408,1.4137,1.408,1.4113,202998.0
1774330200000,1.4113,1.4138,1.411,1.4128,165960.0
1774331100000,1.4133,1.4149,1.4126,1.4133,119293.0
1774332000000,1.4132,1.4133,1.4099,1.4105,178727.0
1774332900000,1.4107,1.4143,1.4097,1.4117,162288.0
1774333800000,1.4115,1.4144,1.4115,1.4125,97236.0
1774334700000,1.4127,1.4163,1.4097,1.4153,237363.0
1774335600000,1.4151,1.4249,1.4139,1.4229,451205.0
1774336500000,1.4229,1.4242,1.4201,1.4217,183727.0
1774337400000,1.4217,1.4234,1.4207,1.4226,200775.0
1774338300000,1.4228,1.432,1.422,1.4306,535959.0
1774339200000,1.4304,1.4325,1.4253,1.4277,614053.0
1774340100000,1.4275,1.4277,1.4211,1.4211,314244.0
1774341000000,1.4211,1.4233,1.4189,1.4206,265802.0
1774341900000,1.4204,1.4216,1.4137,1.4166,564225.0
1774342800000,1.4166,1.4168,1.413,1.4138,301790.0
1774343700000,1.414,1.4164,1.4124,1.4152,191767.0
1774344600000,1.415,1.4199,1.4134,1.4197,232175.0
1774345500000,1.4199,1.4234,1.4195,1.4225,276691.0
1774346400000,1.4223,1.4229,1.4181,1.419,221177.0
1774347300000,1.4192,1.42,1.4174,1.4176,138467.0
1774348200000,1.4176,1.419,1.416,1.4179,135021.0
1774349100000,1.4181,1.421,1.4167,1.421,104295.0
1774350000000,1.421,1.421,1.4142,1.4178,203239.0
1774350900000,1.418,1.4196,1.415,1.4181,379894.0
1774351800000,1.4181,1.4246,1.4177,1.421,318799.0
1774352700000,1.4211,1.4229,1.418,1.4226,290109.0
1774353600000,1.4226,1.4226,1.4171,1.4198,189650.0
1774354500000,1.4196,1.4204,1.4188,1.4195,100383.0
1774355400000,1.4193,1.4195,1.4135,1.416,403533.0
1774356300000,1.4162,1.4181,1.415,1.4159,147738.0
1774357200000,1.4157,1.4171,1.4101,1.4132,350636.0
1774358100000,1.4132,1.4135,1.4089,1.4132,200075.0
1774359000000,1.4133,1.416,1.4028,1.4037,1040181.0
1774359900000,1.4037,1.4066,1.3999,1.4018,746471.0
1774360800000,1.4018,1.4072,1.3968,1.3991,775150.0
1774361700000,1.3991,1.4041,1.3967,1.4021,366817.0
1774362600000,1.4021,1.4041,1.397,1.3991,219816.0
1774363500000,1.3991,1.4083,1.395,1.4012,940431.0
1774364400000,1.4014,1.4043,1.4,1.4024,359831.0
1774365300000,1.4024,1.4076,1.4011,1.4036,281107.0
1774366200000,1.4036,1.4075,1.4002,1.4034,294672.0
1774367100000,1.4036,1.4053,1.3996,1.4005,174366.0
1774368000000,1.4,1.4014,1.3987,1.4012,208393.0
1774368900000,1.4012,1.4032,1.3964,1.3972,257754.0
1774369800000,1.3974,1.3981,1.3885,1.393,848865.0
1774370700000,1.3928,1.3936,1.3895,1.3899,226134.0
1774371600000,1.3902,1.3918,1.3862,1.391,410435.0
1774372500000,1.3908,1.3927,1.3883,1.3891,218144.0
1774373400000,1.3889,1.39,1.3828,1.3842,339725.0
1774374300000,1.3842,1.389,1.3838,1.3875,376966.0
1774375200000,1.3873,1.3897,1.3864,1.3887,205594.0
1774376100000,1.3889,1.3896,1.3868,1.3884,169374.0
1774377000000,1.3884,1.3945,1.3878,1.3897,824662.0
1774377900000,1.3895,1.3903,1.387,1.3878,132217.0
1774378800000,1.388,1.3917,1.3878,1.3911,114979.0
1774379700000,1.3912,1.3928,1.391,1.3912,119455.0
1774380600000,1.3912,1.3916,1.3895,1.3898,132959.0
1774381500000,1.39,1.39,1.3868,1.3869,294096.0
1774382400000,1.387,1.3876,1.3853,1.3872,198779.0
1774383300000,1.387,1.4077,1.387,1.4022,1141648.0
1774384200000,1.4019,1.4068,1.4012,1.4061,432062.0
1774385100000,1.4059,1.4118,1.4036,1.4091,436249.0
1774386000000,1.4091,1.4109,1.4045,1.4062,221114.0
1774386900000,1.406,1.4087,1.4044,1.4085,146183.0
1774387800000,1.4085,1.4134,1.4075,1.4117,293535.0
1774388700000,1.4119,1.4135,1.4095,1.4122,136327.0
1774389600000,1.4121,1.4137,1.4088,1.4132,246729.0
1774390500000,1.4132,1.4134,1.4095,1.4095,115645.0
1774391400000,1.4097,1.4108,1.4072,1.4095,227574.0
1774392300000,1.4095,1.4115,1.4089,1.4104,67171.0
1774393200000,1.4102,1.4125,1.4084,1.411,99702.0
1774394100000,1.411,1.4167,1.4109,1.4156,346259.0
1774395000000,1.4156,1.4173,1.4142,1.4142,188619.0
1774395900000,1.4142,1.4158,1.4138,1.4151,86221.0
1774396800000,1.4151,1.42,1.4136,1.4198,250566.0
1774397700000,1.4198,1.42,1.4161,1.4161,140302.0
1774398600000,1.4163,1.424,1.4114,1.4219,407904.0
1774399500000,1.4217,1.4233,1.4194,1.4195,143702.0
1774400400000,1.4195,1.4218,1.4172,1.4181,138894.0
1774401300000,1.4181,1.4185,1.4149,1.4184,144976.0
1774402200000,1.4184,1.4218,1.4168,1.4197,219779.0
1774403100000,1.4199,1.4199,1.4161,1.4161,183312.0
1774404000000,1.4161,1.4165,1.4139,1.4146,368833.0
1774404900000,1.4148,1.415,1.4127,1.4128,107229.0
1774405800000,1.4128,1.414,1.4108,1.4134,335129.0
1774406700000,1.4136,1.415,1.4099,1.41,143798.0
1774407600000,1.41,1.41,1.4066,1.4079,165438.0
1774408500000,1.4081,1.41,1.4064,1.41,92405.0
1774409400000,1.41,1.4134,1.4098,1.4121,90003.0
1774410300000,1.4123,1.4142,1.412,1.4127,113914.0
1774411200000,1.4127,1.4159,1.4121,1.4151,102400.0
1774412100000,1.4151,1.4153,1.4124,1.4131,118896.0
1774413000000,1.413,1.4131,1.4103,1.4111,83306.0
1774413900000,1.4113,1.4169,1.4111,1.4152,99115.0
1774414800000,1.4152,1.4228,1.4144,1.4209,392792.0
1774415700000,1.4207,1.4225,1.4186,1.4206,214517.0
1774416600000,1.4204,1.4214,1.418,1.419,124942.0
1774417500000,1.4192,1.4192,1.4168,1.4171,121630.0
1774418400000,1.4168,1.4187,1.4155,1.4164,324301.0
1774419300000,1.4162,1.4225,1.4162,1.4221,282064.0
1774420200000,1.4221,1.4221,1.4201,1.4205,145260.0
1774421100000,1.4203,1.4211,1.4171,1.4173,130014.0
1774422000000,1.4171,1.4219,1.4164,1.4219,169321.0
1774422900000,1.4219,1.4219,1.4185,1.4192,104943.0
1774423800000,1.419,1.4259,1.419,1.4234,396328.0
1774424700000,1.4234,1.4237,1.418,1.4196,238874.0
1774425600000,1.4194,1.4249,1.4176,1.4178,443445.0
1774426500000,1.4178,1.4214,1.4173,1.4191,226609.0
1774427400000,1.419,1.4247,1.4183,1.423,547847.0
1774428300000,1.4232,1.4233,1.418,1.4189,232633.0
1774429200000,1.4188,1.4202,1.4177,1.4179,163747.0
1774430100000,1.4177,1.4208,1.4167,1.4169,255912.0
1774431000000,1.4167,1.4176,1.412,1.416,450123.0
1774431900000,1.416,1.4184,1.4122,1.417,337436.0
1774432800000,1.4169,1.42,1.416,1.4197,216658.0
1774433700000,1.4195,1.42,1.4183,1.4197,155824.0
1774434600000,1.4199,1.422,1.4191,1.4208,259944.0
1774435500000,1.4208,1.4232,1.4204,1.4222,165734.0
1774436400000,1.4224,1.4304,1.4222,1.4303,543323.0
1774437300000,1.4303,1.4369,1.4289,1.4326,1250142.0
1774438200000,1.4326,1.4366,1.4305,1.4309,625585.0
1774439100000,1.4307,1.4315,1.424,1.428,656011.0
1774440000000,1.428,1.4315,1.4256,1.426,535089.0
1774440900000,1.4262,1.4265,1.4128,1.4175,842419.0
1774441800000,1.4173,1.4194,1.4152,1.4166,484466.0
1774442700000,1.4166,1.4258,1.4153,1.4217,542739.0
1774443600000,1.4217,1.4248,1.419,1.4244,231387.0
1774444500000,1.4244,1.4252,1.4216,1.4217,159856.0
1774445400000,1.4219,1.4288,1.4211,1.4215,371806.0
1774446300000,1.4215,1.4239,1.4175,1.4196,380793.0
1774447200000,1.4198,1.4218,1.4154,1.4175,444602.0
1774448100000,1.4175,1.4212,1.4163,1.4177,297063.0
1774449000000,1.4179,1.42,1.4164,1.4175,258102.0
1774449900000,1.4175,1.4185,1.4143,1.4144,197438.0
1774450800000,1.4146,1.4159,1.407,1.4077,846591.0
1774451700000,1.4077,1.4097,1.4012,1.409,1310996.0
1774452600000,1.4087,1.41,1.4035,1.4046,295897.0
1774453500000,1.4044,1.4085,1.403,1.4063,426190.0
1774454400000,1.4063,1.4103,1.4041,1.408,327397.0
1774455300000,1.408,1.4197,1.4065,1.417,768755.0
1774456200000,1.417,1.4193,1.4146,1.4178,389719.0
1774457100000,1.4178,1.418,1.4144,1.4149,205491.0
1774458000000,1.4149,1.4163,1.413,1.4144,203288.0
1774458900000,1.4144,1.4164,1.412,1.4134,159942.0
1774459800000,1.4136,1.4146,1.4114,1.4131,99811.0
1774460700000,1.413,1.4139,1.4093,1.4105,120988.0
1774461600000,1.4103,1.4136,1.4103,1.4134,136290.0
1774462500000,1.4137,1.4177,1.4135,1.417,136634.0
1774463400000,1.4168,1.4175,1.4128,1.4139,86311.0
1774464300000,1.4137,1.4146,1.4092,1.4118,175371.0
1774465200000,1.4118,1.4144,1.4104,1.4127,134098.0
1774466100000,1.4125,1.415,1.4115,1.4138,200861.0
1774467000000,1.4136,1.4142,1.4109,1.4111,50824.0
1774467900000,1.4111,1.4126,1.4079,1.4112,222274.0
1774468800000,1.411,1.4137,1.4106,1.4123,199502.0
1774469700000,1.4124,1.4139,1.41,1.4107,105495.0
1774470600000,1.4105,1.4128,1.4086,1.4126,108175.0
1774471500000,1.4128,1.4147,1.4121,1.4134,105676.0
1774472400000,1.4134,1.4163,1.4115,1.4161,156116.0
1774473300000,1.4159,1.4166,1.4114,1.4118,209086.0
1774474200000,1.4118,1.4148,1.411,1.414,84446.0
1774475100000,1.4138,1.4144,1.4123,1.4131,34107.0
1774476000000,1.4129,1.4152,1.4119,1.4125,80277.0
1774476900000,1.4123,1.4134,1.4118,1.4129,61215.0
1774477800000,1.4127,1.4219,1.4127,1.4187,555051.0
1774478700000,1.4185,1.4196,1.4169,1.4169,121185.0
1774479600000,1.4169,1.4188,1.4157,1.4159,103037.0
1774480500000,1.4159,1.4176,1.4147,1.4161,291408.0
1774481400000,1.4161,1.4165,1.4125,1.4127,87260.0
1774482300000,1.4127,1.4146,1.412,1.414,92363.0
1774483200000,1.4138,1.4144,1.4111,1.4125,140992.0
1774484100000,1.4121,1.4153,1.4121,1.4124,95163.0
1774485000000,1.4124,1.414,1.4123,1.414,68803.0
1774485900000,1.414,1.4158,1.4105,1.4127,291456.0
1774486800000,1.4129,1.4144,1.4112,1.412,129574.0
1774487700000,1.4118,1.4132,1.4096,1.4132,260256.0
1774488600000,1.4132,1.4143,1.4105,1.4109,304226.0
1774489500000,1.4107,1.4118,1.4096,1.4103,136902.0
1774490400000,1.4103,1.4109,1.4068,1.4073,411866.0
1774491300000,1.4073,1.4073,1.4043,1.4051,185651.0
1774492200000,1.405,1.4051,1.3991,1.4013,642464.0
1774493100000,1.4013,1.403,1.3999,1.4029,92714.0
1774494000000,1.4029,1.403,1.3988,1.4022,203076.0
1774494900000,1.4022,1.4024,1.3954,1.3965,314888.0
1774495800000,1.3967,1.4001,1.3958,1.3985,140602.0
1774496700000,1.3987,1.4014,1.3985,1.4009,232089.0
1774497600000,1.4007,1.4009,1.3972,1.3973,315149.0
1774498500000,1.3973,1.4009,1.3969,1.4007,106749.0
1774499400000,1.4009,1.4027,1.4,1.4024,151941.0
1774500300000,1.4024,1.4048,1.4016,1.4021,181390.0
1774501200000,1.4021,1.4022,1.3947,1.3955,295367.0
1774502100000,1.3955,1.397,1.393,1.3957,504649.0
1774503000000,1.3955,1.397,1.3909,1.3913,381674.0
1774503900000,1.3915,1.3922,1.3872,1.3883,605633.0
1774504800000,1.3881,1.3903,1.3859,1.3903,454051.0
1774505700000,1.3903,1.3923,1.3856,1.3874,367846.0
1774506600000,1.3874,1.3885,1.3857,1.3862,154536.0
1774507500000,1.386,1.3868,1.385,1.3851,207752.0
1774508400000,1.3851,1.3868,1.3815,1.3824,653288.0
1774509300000,1.3824,1.3859,1.3787,1.3823,715654.0
1774510200000,1.3823,1.3857,1.3809,1.3833,302010.0
1774511100000,1.3831,1.386,1.3831,1.3851,179359.0
1774512000000,1.3851,1.3855,1.3811,1.3811,346929.0
1774512900000,1.3811,1.3831,1.3809,1.3809,155061.0
1774513800000,1.3809,1.3833,1.3796,1.3801,265378.0
1774514700000,1.3799,1.3824,1.3797,1.3816,119976.0
1774515600000,1.3816,1.3832,1.3797,1.3806,201740.0
1774516500000,1.3808,1.3808,1.378,1.3796,687513.0
1774517400000,1.3798,1.3798,1.3677,1.3711,1350647.0
1774518300000,1.3709,1.3725,1.3685,1.3724,290826.0
1774519200000,1.3724,1.3724,1.3677,1.3689,250316.0
1774520100000,1.3689,1.375,1.3687,1.3745,262150.0
1774521000000,1.3745,1.3762,1.373,1.3733,198562.0
1774521900000,1.3733,1.3741,1.3722,1.3728,90878.0
1774522800000,1.3728,1.3758,1.3707,1.3738,212062.0
1774523700000,1.3738,1.3739,1.3682,1.3696,207399.0
1774524600000,1.3698,1.373,1.3694,1.3719,280420.0
1774525500000,1.3719,1.3735,1.3703,1.3708,136369.0
1774526400000,1.3706,1.3727,1.3685,1.3718,157185.0
1774527300000,1.3718,1.3748,1.3718,1.3738,253528.0
1774528200000,1.3736,1.3743,1.3712,1.372,227650.0
1774529100000,1.3722,1.3739,1.372,1.3734,87380.0
1774530000000,1.3734,1.3754,1.3732,1.3743,185467.0
1774530900000,1.3744,1.3756,1.373,1.3742,219858.0
1774531800000,1.3744,1.3763,1.3701,1.3759,340666.0
1774532700000,1.3757,1.3821,1.3757,1.3778,705558.0
1774533600000,1.3776,1.3805,1.3729,1.374,366218.0
1774534500000,1.374,1.3755,1.3704,1.3725,217227.0
1774535400000,1.3725,1.3753,1.3691,1.3698,344394.0
1774536300000,1.3698,1.3716,1.3642,1.3676,651435.0
1774537200000,1.3676,1.3677,1.3548,1.3555,1262182.0
1774538100000,1.3555,1.3594,1.3523,1.3583,868635.0
1774539000000,1.3585,1.3585,1.356,1.3582,363680.0
1774539900000,1.358,1.3607,1.3575,1.3594,319035.0
1774540800000,1.3594,1.365,1.3592,1.3648,375998.0
1774541700000,1.365,1.3651,1.3607,1.3618,373276.0
1774542600000,1.3616,1.3649,1.3609,1.3638,184448.0
1774543500000,1.3636,1.3642,1.3597,1.3599,115761.0
1774544400000,1.3601,1.3637,1.3596,1.3608,138885.0
1774545300000,1.361,1.3621,1.36,1.3612,143475.0
1774546200000,1.3612,1.3615,1.3583,1.3587,235953.0
1774547100000,1.3589,1.3594,1.3513,1.3532,521683.0
1774548000000,1.3534,1.355,1.3382,1.3402,2351884.0
1774548900000,1.3402,1.3424,1.3356,1.341,564172.0
1774549800000,1.3404,1.3437,1.3402,1.3437,331567.0
1774550700000,1.3437,1.3474,1.3427,1.3462,275312.0
1774551600000,1.3464,1.3467,1.3435,1.3446,121936.0
1774552500000,1.3446,1.3469,1.3434,1.3444,119424.0
1774553400000,1.3444,1.3507,1.3434,1.3494,361766.0
1774554300000,1.3496,1.3504,1.3433,1.3433,205207.0
1774555200000,1.3433,1.3641,1.3433,1.357,1099039.0
1774556100000,1.357,1.3634,1.3553,1.3596,651669.0
1774557000000,1.3594,1.3629,1.3594,1.362,177412.0
1774557900000,1.362,1.3622,1.3567,1.3584,260195.0
1774558800000,1.3586,1.3633,1.3571,1.3621,285568.0
1774559700000,1.3621,1.3671,1.3619,1.3656,324126.0
1774560600000,1.3655,1.3692,1.3636,1.3683,313191.0
1774561500000,1.3683,1.3689,1.3646,1.3662,230781.0
1774562400000,1.3662,1.368,1.364,1.365,525531.0
1774563300000,1.3652,1.3654,1.3575,1.3605,527019.0
1774564200000,1.3605,1.3617,1.3587,1.3607,172622.0
1774565100000,1.3609,1.3629,1.3601,1.3628,208656.0
1774566000000,1.3629,1.3644,1.3602,1.3604,135546.0
1774566900000,1.3606,1.362,1.3581,1.3597,106244.0
1774567800000,1.3595,1.3603,1.3579,1.3585,109426.0
1774568700000,1.3585,1.361,1.3583,1.3603,154899.0
1774569600000,1.3603,1.3625,1.359,1.3625,154468.0
1774570500000,1.3623,1.3628,1.3587,1.3591,106568.0
1774571400000,1.3593,1.3616,1.3573,1.3593,207426.0
1774572300000,1.3591,1.3621,1.3581,1.3613,95156.0
1774573200000,1.3611,1.3649,1.36,1.3647,186346.0
1774574100000,1.3647,1.3668,1.3642,1.3648,169154.0
1774575000000,1.3646,1.366,1.3626,1.3643,99523.0
1774575900000,1.3641,1.3687,1.3641,1.3678,255167.0
1774576800000,1.3679,1.3696,1.3671,1.3675,218926.0
1774577700000,1.3675,1.3689,1.366,1.3689,97471.0
1774578600000,1.3689,1.372,1.3687,1.369,176936.0
1774579500000,1.3688,1.3714,1.3688,1.3696,90401.0
1774580400000,1.3696,1.3704,1.3641,1.3652,174620.0
1774581300000,1.365,1.3659,1.364,1.3652,79219.0
1774582200000,1.3654,1.3663,1.3646,1.3654,80275.0
1774583100000,1.3652,1.3654,1.363,1.3633,108912.0
1774584000000,1.3633,1.3642,1.3563,1.3568,387203.0
1774584900000,1.357,1.362,1.3553,1.362,132389.0
1774585800000,1.362,1.3626,1.3606,1.3615,111186.0
1774586700000,1.3617,1.3631,1.3607,1.3629,77039.0
1774587600000,1.3629,1.3674,1.3621,1.3667,180316.0
1774588500000,1.3665,1.368,1.3609,1.3621,125734.0
1774589400000,1.3619,1.363,1.3598,1.361,103179.0
1774590300000,1.361,1.3625,1.3606,1.3616,61907.0
1774591200000,1.3614,1.363,1.3603,1.3628,119932.0
1774592100000,1.3628,1.3635,1.3617,1.3625,90934.0
1774593000000,1.3623,1.363,1.3602,1.3602,85258.0
1774593900000,1.3604,1.3604,1.3588,1.3592,114999.0
1774594800000,1.3592,1.363,1.3577,1.3614,227811.0
1774595700000,1.3612,1.3642,1.3605,1.3628,157249.0
1774596600000,1.363,1.363,1.3566,1.358,268187.0
1774597500000,1.358,1.3588,1.3571,1.3583,169117.0
1774598400000,1.3581,1.36,1.3571,1.3583,206671.0
1774599300000,1.3581,1.3591,1.3516,1.3516,457353.0
1774600200000,1.3518,1.3534,1.3432,1.3457,1091936.0
1774601100000,1.3459,1.3513,1.3457,1.3498,423875.0
1774602000000,1.3498,1.3502,1.3393,1.3415,450850.0
1774602900000,1.3413,1.3478,1.3413,1.3468,255678.0
1774603800000,1.3468,1.347,1.3436,1.3443,114701.0
1774604700000,1.3441,1.3468,1.3438,1.3457,145578.0
1774605600000,1.3457,1.3468,1.3436,1.3456,162472.0
1774606500000,1.3454,1.3468,1.3452,1.346,91862.0
1774607400000,1.3462,1.3462,1.3251,1.3347,2486673.0
1774608300000,1.3347,1.338,1.3293,1.3322,740288.0
1774609200000,1.3322,1.3363,1.3289,1.3363,538600.0
1774610100000,1.3363,1.3368,1.3339,1.3363,258132.0
1774611000000,1.3361,1.3391,1.3334,1.3336,280291.0
1774611900000,1.3336,1.3365,1.3334,1.3345,235941.0
1774612800000,1.3343,1.3345,1.3297,1.3313,406611.0
1774613700000,1.3313,1.3322,1.3288,1.3297,436591.0
1774614600000,1.3299,1.3308,1.3273,1.3289,628575.0
1774615500000,1.3291,1.3326,1.3255,1.3317,633237.0
1774616400000,1.3315,1.3345,1.3315,1.3333,293910.0
1774617300000,1.3333,1.3408,1.3331,1.3373,383635.0
1774618200000,1.3371,1.3421,1.3273,1.3393,1102889.0
1774619100000,1.3395,1.3419,1.3323,1.3397,1128236.0
1774620000000,1.3399,1.3436,1.3381,1.341,833976.0
1774620900000,1.341,1.3411,1.3308,1.3308,549137.0
1774621800000,1.3308,1.332,1.328,1.3301,358160.0
1774622700000,1.3301,1.3325,1.3272,1.3316,351593.0
1774623600000,1.3316,1.3387,1.3315,1.3384,680428.0
1774624500000,1.3384,1.3413,1.3328,1.3373,652708.0
1774625400000,1.3377,1.3447,1.3371,1.3412,773384.0
1774626300000,1.341,1.3439,1.3312,1.3346,801234.0
1774627200000,1.3347,1.336,1.3305,1.3322,604897.0
1774628100000,1.332,1.3343,1.33,1.3305,242842.0
1774629000000,1.3305,1.3344,1.3288,1.3342,243326.0
1774629900000,1.3342,1.3358,1.3296,1.3298,346424.0
1774630800000,1.3298,1.336,1.329,1.3339,276572.0
1774631700000,1.3341,1.3351,1.3292,1.3294,237442.0
1774632600000,1.3294,1.3305,1.3242,1.3242,429702.0
1774633500000,1.3242,1.3259,1.3222,1.323,597032.0
1774634400000,1.323,1.3248,1.3211,1.3213,252487.0
1774635300000,1.3213,1.3254,1.3175,1.3183,671886.0
1774636200000,1.3185,1.3218,1.3183,1.3204,212686.0
1774637100000,1.3204,1.3235,1.3202,1.3226,129923.0
1774638000000,1.3224,1.3226,1.3185,1.3212,210376.0
1774638900000,1.3212,1.3266,1.3206,1.3265,323721.0
1774639800000,1.3265,1.3288,1.3242,1.3251,271912.0
1774640700000,1.3249,1.3259,1.3229,1.3245,238333.0
1774641600000,1.3243,1.3273,1.3238,1.3256,215861.0
1774642500000,1.3254,1.3267,1.3224,1.3236,196663.0
1774643400000,1.3236,1.3242,1.3212,1.3223,111051.0
1774644300000,1.3225,1.3264,1.3223,1.3257,77230.0
1774645200000,1.3252,1.3292,1.3252,1.3287,205049.0
1774646100000,1.3287,1.3309,1.328,1.3302,229588.0
1774647000000,1.3302,1.3317,1.3283,1.3296,142504.0
1774647900000,1.3296,1.3301,1.3268,1.3274,127231.0
1774648800000,1.3274,1.328,1.3232,1.3235,234350.0
1774649700000,1.3235,1.3237,1.3224,1.3232,97429.0
1774650600000,1.3232,1.324,1.3216,1.3235,138031.0
1774651500000,1.3235,1.3249,1.3235,1.3241,79999.0
1774652400000,1.3239,1.3241,1.3197,1.3204,184870.0
1774653300000,1.3204,1.3217,1.3199,1.3211,88735.0
1774654200000,1.3211,1.3232,1.3196,1.3232,100884.0
1774655100000,1.3232,1.3254,1.3231,1.325,219057.0
1774656000000,1.3248,1.3265,1.3237,1.3247,136841.0
1774656900000,1.3247,1.3276,1.3247,1.3272,70400.0
1774657800000,1.3272,1.3286,1.3244,1.3264,130343.0
1774658700000,1.3264,1.3264,1.3251,1.326,51301.0
1774659600000,1.326,1.3271,1.3206,1.3216,168119.0
1774660500000,1.3214,1.3249,1.3214,1.3229,94305.0
1774661400000,1.3229,1.3246,1.3182,1.3209,195685.0
1774662300000,1.3211,1.3242,1.3209,1.3229,80234.0
1774663200000,1.3231,1.3266,1.3229,1.3248,101188.0
1774664100000,1.3248,1.3259,1.3213,1.3229,93524.0
1774665000000,1.3227,1.3238,1.321,1.3238,86600.0
1774665900000,1.3238,1.324,1.3222,1.3233,59983.0
1774666800000,1.3231,1.3248,1.3231,1.3245,62693.0
1774667700000,1.3245,1.3262,1.3243,1.3262,97299.0
1774668600000,1.3262,1.3275,1.3257,1.3271,98483.0
1774669500000,1.3273,1.3273,1.3253,1.3264,115617.0
1774670400000,1.3264,1.3272,1.3251,1.3255,117653.0
1774671300000,1.3255,1.3299,1.3253,1.3293,116160.0
1774672200000,1.3293,1.3298,1.3262,1.328,140201.0
1774673100000,1.328,1.3299,1.328,1.3299,87768.0
1774674000000,1.3299,1.3307,1.3277,1.3305,100208.0
1774674900000,1.3305,1.3385,1.3305,1.3385,418525.0
1774675800000,1.3383,1.3412,1.336,1.3412,229883.0
1774676700000,1.341,1.3412,1.3342,1.3367,272971.0
1774677600000,1.3364,1.3367,1.3326,1.3352,114868.0
1774678500000,1.335,1.339,1.3345,1.3357,136057.0
1774679400000,1.3357,1.3366,1.3346,1.3346,76662.0
1774680300000,1.3346,1.3364,1.3344,1.3351,76252.0
1774681200000,1.3351,1.3365,1.3341,1.3358,68264.0
1774682100000,1.3356,1.3385,1.3356,1.3385,114422.0
1774683000000,1.3385,1.3385,1.3366,1.3381,105905.0
1774683900000,1.3379,1.3403,1.3375,1.3403,143556.0
1774684800000,1.3403,1.3422,1.3397,1.3404,249941.0
1774685700000,1.3404,1.3415,1.3395,1.3411,122607.0
1774686600000,1.3412,1.3412,1.3382,1.3384,182029.0
1774687500000,1.3384,1.3391,1.3362,1.3371,309941.0
1774688400000,1.3369,1.3374,1.3358,1.336,155720.0
1774689300000,1.3362,1.3378,1.3353,1.3375,86523.0
1774690200000,1.3373,1.3375,1.336,1.3363,60016.0
1774691100000,1.3361,1.3372,1.3355,1.3363,84378.0
1774692000000,1.3361,1.3426,1.3361,1.3404,465533.0
1774692900000,1.3402,1.3404,1.3358,1.3359,360852.0
1774693800000,1.3359,1.3371,1.334,1.3363,223633.0
1774694700000,1.3363,1.3371,1.335,1.3369,85099.0
1774695600000,1.3369,1.3384,1.3366,1.3383,219416.0
1774696500000,1.3383,1.3384,1.3372,1.338,58198.0
1774697400000,1.3379,1.3392,1.3379,1.3387,255109.0
1774698300000,1.3387,1.341,1.3387,1.3394,98385.0
1774699200000,1.3394,1.3396,1.336,1.3382,313564.0
1774700100000,1.3384,1.3409,1.3382,1.3393,100344.0
1774701000000,1.3391,1.3393,1.3353,1.3367,151877.0
1774701900000,1.3365,1.3388,1.3365,1.3376,70888.0
1774702800000,1.3376,1.3397,1.3372,1.3389,96853.0
1774703700000,1.3389,1.3398,1.3379,1.3393,59117.0
1774704600000,1.3395,1.3565,1.3393,1.3507,1685912.0
1774705500000,1.3507,1.3517,1.3471,1.3497,283065.0
1774706400000,1.3499,1.35,1.3465,1.347,458251.0
1774707300000,1.3472,1.3489,1.3455,1.3483,180000.0
1774708200000,1.3478,1.3514,1.3467,1.35,207383.0
1774709100000,1.3498,1.3514,1.3461,1.3468,225634.0
1774710000000,1.3468,1.3494,1.3456,1.3487,126409.0
1774710900000,1.3487,1.3575,1.3485,1.3521,644026.0
1774711800000,1.3519,1.3548,1.3515,1.3536,226278.0
1774712700000,1.3536,1.3537,1.3509,1.3526,80368.0
1774713600000,1.3524,1.3537,1.3514,1.3534,126490.0
1774714500000,1.3532,1.3536,1.3503,1.3512,120565.0
1774715400000,1.3512,1.352,1.3498,1.3502,167364.0
1774716300000,1.3502,1.3509,1.3489,1.3493,186446.0
1774717200000,1.3495,1.3514,1.3493,1.3508,104140.0
1774718100000,1.3508,1.351,1.3475,1.3478,117757.0
1774719000000,1.348,1.3487,1.3458,1.3469,206745.0
1774719900000,1.3469,1.3469,1.3435,1.3449,194253.0
1774720800000,1.3449,1.3466,1.3442,1.3464,100538.0
1774721700000,1.3464,1.3465,1.3442,1.3449,111016.0
1774722600000,1.3449,1.3465,1.3444,1.3464,54685.0
1774723500000,1.3465,1.3466,1.3449,1.3453,38556.0
1774724400000,1.3453,1.3456,1.3416,1.3429,147416.0
1774725300000,1.3427,1.3443,1.3425,1.3441,155666.0
1774726200000,1.3441,1.3441,1.343,1.3434,61687.0
1774727100000,1.3434,1.3443,1.3428,1.3441,65087.0
1774728000000,1.3441,1.3473,1.3438,1.346,267652.0
1774728900000,1.3462,1.3467,1.3442,1.3444,220224.0
1774729800000,1.3444,1.3452,1.3436,1.344,49218.0
1774730700000,1.3442,1.3468,1.344,1.346,163224.0
1774731600000,1.346,1.346,1.3437,1.3452,176316.0
1774732500000,1.345,1.3458,1.3443,1.3452,40936.0
1774733400000,1.3454,1.3456,1.3438,1.3453,82309.0
1774734300000,1.3453,1.3453,1.3391,1.3409,424406.0
1774735200000,1.3406,1.3425,1.3394,1.3396,207946.0
1774736100000,1.3398,1.3429,1.3391,1.3423,139172.0
1774737000000,1.3423,1.3425,1.3379,1.3382,108119.0
1774737900000,1.3382,1.3409,1.3382,1.3405,110423.0
1774738800000,1.3407,1.3407,1.3307,1.3336,746962.0
1774739700000,1.3336,1.3339,1.3304,1.3326,263346.0
1774740600000,1.3326,1.3348,1.331,1.3313,103668.0
1774741500000,1.3315,1.3332,1.3302,1.3329,84765.0
1774742400000,1.3329,1.335,1.3317,1.3324,162555.0
1774743300000,1.3324,1.3335,1.3289,1.3307,323250.0
1774744200000,1.331,1.333,1.3295,1.3295,239124.0
1774745100000,1.3295,1.3324,1.3295,1.332,65021.0
1774746000000,1.332,1.3362,1.3316,1.3354,192107.0
1774746900000,1.3354,1.3362,1.3342,1.3354,90596.0
1774747800000,1.3354,1.336,1.3321,1.3341,75096.0
1774748700000,1.3341,1.3357,1.3326,1.3349,78864.0
1774749600000,1.3351,1.336,1.3338,1.336,121075.0
1774750500000,1.336,1.3364,1.3352,1.3356,59580.0
1774751400000,1.3356,1.3362,1.3336,1.3362,161370.0
1774752300000,1.3362,1.338,1.3352,1.336,104995.0
1774753200000,1.336,1.3361,1.3349,1.3352,100781.0
1774754100000,1.335,1.3407,1.3347,1.3383,145822.0
1774755000000,1.3383,1.3393,1.337,1.338,59923.0
1774755900000,1.338,1.3385,1.3371,1.3379,61223.0
1774756800000,1.3377,1.3379,1.3357,1.3364,64116.0
1774757700000,1.3364,1.3366,1.3341,1.335,101184.0
1774758600000,1.335,1.3362,1.3347,1.336,37486.0
1774759500000,1.3358,1.3368,1.3353,1.3355,58565.0
1774760400000,1.3353,1.3355,1.3315,1.3322,154821.0
1774761300000,1.3317,1.3327,1.3306,1.331,162112.0
1774762200000,1.331,1.3312,1.33,1.3302,118658.0
1774763100000,1.33,1.3334,1.3283,1.3328,450476.0
1774764000000,1.333,1.3362,1.3328,1.3359,127297.0
1774764900000,1.3357,1.3374,1.3349,1.337,184203.0
1774765800000,1.337,1.34,1.3366,1.34,162682.0
1774766700000,1.3398,1.3422,1.334,1.3341,480149.0
1774767600000,1.3341,1.3361,1.3323,1.3335,295911.0
1774768500000,1.3335,1.3338,1.332,1.3325,77448.0
1774769400000,1.3323,1.3335,1.3319,1.3325,72140.0
1774770300000,1.3325,1.3344,1.3317,1.3333,83423.0
1774771200000,1.3331,1.3345,1.3315,1.3324,78721.0
1774772100000,1.3322,1.3357,1.3321,1.3357,144414.0
